code_family,noise_family,noise_strength,noise_depth,cases,backend,code_count,noise_family_count,true_syndrome_mean_no_error_mean,observed_syndrome_mean_no_error_mean,syndrome_corruption_rate,syndrome_information_loss_mean,observed_syndrome_consistent_rate,true_syndrome_consistent_rate,partial_syndrome_case_rate,ambiguous_syndrome_case_rate,fid_gain_A_mean,fid_gain_A_std,fid_gain_A_median,fid_gain_A_p25,fid_gain_A_p75,fid_gain_q05_A,fid_gain_cvar05_A,nonworsen_rate_A,admissible_rate_A,logical_success_rate_A,false_safe_rate_A,false_safe_fidelity_rate_A,failure_boundary_rate_A,observed_failure_boundary_rate_A,true_failure_boundary_rate_A,fid_gain_B_mean,fid_gain_B_std,fid_gain_B_median,fid_gain_B_p25,fid_gain_B_p75,fid_gain_q05_B,fid_gain_cvar05_B,nonworsen_rate_B,admissible_rate_B,logical_success_rate_B,false_safe_rate_B,false_safe_fidelity_rate_B,failure_boundary_rate_B,observed_failure_boundary_rate_B,true_failure_boundary_rate_B,fid_gain_C1_mean,fid_gain_C1_std,fid_gain_C1_median,fid_gain_C1_p25,fid_gain_C1_p75,fid_gain_q05_C1,fid_gain_cvar05_C1,nonworsen_rate_C1,admissible_rate_C1,logical_success_rate_C1,false_safe_rate_C1,false_safe_fidelity_rate_C1,failure_boundary_rate_C1,observed_failure_boundary_rate_C1,true_failure_boundary_rate_C1,chosen_candidate_violation_mean_C1,oracle_regret_mean_C1,oracle_regret_sum_C1,oracle_regret_q95_C1,oracle_regret_cvar95_C1,fid_gain_C2_mean,fid_gain_C2_std,fid_gain_C2_median,fid_gain_C2_p25,fid_gain_C2_p75,fid_gain_q05_C2,fid_gain_cvar05_C2,nonworsen_rate_C2,admissible_rate_C2,logical_success_rate_C2,false_safe_rate_C2,false_safe_fidelity_rate_C2,failure_boundary_rate_C2,observed_failure_boundary_rate_C2,true_failure_boundary_rate_C2,chosen_candidate_violation_mean_C2,oracle_regret_mean_C2,oracle_regret_sum_C2,oracle_regret_q95_C2,oracle_regret_cvar95_C2,fid_gain_C3_mean,fid_gain_C3_std,fid_gain_C3_median,fid_gain_C3_p25,fid_gain_C3_p75,fid_gain_q05_C3,fid_gain_cvar05_C3,nonworsen_rate_C3,admissible_rate_C3,logical_success_rate_C3,false_safe_rate_C3,false_safe_fidelity_rate_C3,failure_boundary_rate_C3,observed_failure_boundary_rate_C3,true_failure_boundary_rate_C3,chosen_candidate_violation_mean_C3,oracle_regret_mean_C3,oracle_regret_sum_C3,oracle_regret_q95_C3,oracle_regret_cvar95_C3,fid_gain_C3R_mean,fid_gain_C3R_std,fid_gain_C3R_median,fid_gain_C3R_p25,fid_gain_C3R_p75,fid_gain_q05_C3R,fid_gain_cvar05_C3R,nonworsen_rate_C3R,admissible_rate_C3R,logical_success_rate_C3R,false_safe_rate_C3R,false_safe_fidelity_rate_C3R,failure_boundary_rate_C3R,observed_failure_boundary_rate_C3R,true_failure_boundary_rate_C3R,chosen_candidate_violation_mean_C3R,oracle_regret_mean_C3R,oracle_regret_sum_C3R,oracle_regret_q95_C3R,oracle_regret_cvar95_C3R,decision_disagreement_rate_AB,decision_disagreement_rate_C1A,decision_disagreement_rate_C2A,decision_disagreement_rate_C3A,decision_disagreement_rate_C3RA,decision_disagreement_rate_C3R_vs_C2,chosen_B_rate_C1,safe_case_retention_rate_C1,risky_case_capture_rate_C1,chosen_B_rate_C2,safe_case_retention_rate_C2,risky_case_capture_rate_C2,chosen_B_rate_C3,safe_case_retention_rate_C3,risky_case_capture_rate_C3,chosen_B_rate_C3R,safe_case_retention_rate_C3R,risky_case_capture_rate_C3R,veto_rate_C1,tie_break_rate_C1,weighted_score_switch_rate_C2,weighted_score_switch_rate_C3,weighted_score_switch_rate_C3R,veto_rate_C2,veto_rate_C3,veto_rate_C3R,tie_break_rate_C2,tie_break_rate_C3,tie_break_rate_C3R,c3r_gate_c2_switch_rate,c3r_gate_score_margin_rate,c3r_gate_leave_A_rate,c3r_gate_B_safe_rate,c3r_gate_uncertainty_rate,c3r_allow_B_rate,c3r_gate_c2_switch_rate_given_c2_B,c3r_gate_score_margin_rate_given_c2_B,c3r_gate_leave_A_rate_given_c2_B,c3r_gate_B_safe_rate_given_c2_B,c3r_gate_uncertainty_rate_given_c2_B,c3r_allow_B_rate_given_c2_B,c2_B_count,c3r_block_count,c3r_blocks_c2_switch_rate,c3r_block_rate_given_c2_B,c3r_harmful_c2_switch_rate,c3r_beneficial_c2_switch_rate,c3r_prevented_harmful_switch_rate,c3r_missed_beneficial_switch_rate,c3r_prevented_harmful_switch_rate_given_block,c3r_missed_beneficial_switch_rate_given_block,c3r_harmful_block_precision,c3r_harmful_switch_recall,c3r_beneficial_switch_block_rate,c3r_beneficial_switch_retention,c3r_prevented_loss_sum,c3r_missed_gain_sum,c3r_net_intervention_gain,c3r_intervention_gain_mean,c3r_intervention_gain_sum,c3r_score_margin_mean,c3r_structural_margin_mean,c3r_violation_A_mean,c3r_violation_B_mean,c3r_syndrome_uncertainty_mean,c3r_raw_syndrome_uncertainty_mean,c3r_blocked_by_score_margin_count,c3r_blocked_by_leave_A_count,c3r_blocked_by_B_safe_count,c3r_blocked_by_uncertainty_count,preferred_policy,preferred_false_safe_fidelity_rate,preferred_false_safe_rate,preferred_fid_gain_mean,preferred_logical_success_rate,preferred_nonworsen_rate,preferred_chosen_B_rate,min_false_safe_fidelity_rate,min_false_safe_rate,max_fid_gain_mean_within_safety_band
bitflip,bitflip,0.01,1,10,qiskit_aer,1,1,0.99,0.99,0.0,0.0,1.0,1.0,0.0,0.0,0.009999999999999787,0.0,0.009999999999999787,0.009999999999999787,0.009999999999999787,0.009999999999999787,0.009999999999999787,1.0,0.0,1.0,1.0,0.0,0.0,0.0,0.0,0.009999999999999787,0.0,0.009999999999999787,0.009999999999999787,0.009999999999999787,0.009999999999999787,0.009999999999999787,1.0,1.0,1.0,0.0,0.0,0.0,0.0,0.0,0.009999999999999787,0.0,0.009999999999999787,0.009999999999999787,0.009999999999999787,0.009999999999999787,0.009999999999999787,1.0,1.0,1.0,0.0,0.0,0.0,0.0,0.0,0.0,0.0,0.0,0.0,0.0,0.009999999999999787,0.0,0.009999999999999787,0.009999999999999787,0.009999999999999787,0.009999999999999787,0.009999999999999787,1.0,1.0,1.0,0.0,0.0,0.0,0.0,0.0,0.0,0.0,0.0,0.0,0.0,0.009999999999999787,0.0,0.009999999999999787,0.009999999999999787,0.009999999999999787,0.009999999999999787,0.009999999999999787,1.0,1.0,1.0,0.0,0.0,0.0,0.0,0.0,0.0,0.0,0.0,0.0,0.0,0.009999999999999787,0.0,0.009999999999999787,0.009999999999999787,0.009999999999999787,0.009999999999999787,0.009999999999999787,1.0,1.0,1.0,0.0,0.0,0.0,0.0,0.0,0.0,0.0,0.0,0.0,0.0,1.0,1.0,1.0,1.0,1.0,0.0,1.0,0.0,1.0,1.0,0.0,1.0,1.0,0.0,1.0,1.0,0.0,1.0,1.0,0.0,1.0,1.0,1.0,1.0,1.0,0.0,0.0,0.0,0.0,1.0,1.0,1.0,1.0,1.0,1.0,1.0,1.0,1.0,1.0,1.0,1.0,10,0,0.0,0.0,0.0,0.0,0.0,0.0,0.0,0.0,0.0,0.0,0.0,1.0,0.0,0.0,0.0,0.0,0.0,1.0100000012933104,0.9,0.9,0.0,0.0,0.0,0,0,0,0,C1,0.0,0.0,0.009999999999999787,1.0,1.0,1.0,0.0,0.0,0.009999999999999787
bitflip,bitflip,0.01,2,10,qiskit_aer,1,1,0.9801599999999999,0.9801599999999999,0.0,0.0,1.0,1.0,0.0,0.0,0.019840000000000035,4.898979485565817e-05,0.01980000000000004,0.01980000000000004,0.01990000000000003,0.01980000000000004,0.01980000000000004,1.0,0.0,1.0,1.0,0.0,0.0,0.0,0.0,0.019840000000000035,4.898979485565817e-05,0.01980000000000004,0.01980000000000004,0.01990000000000003,0.01980000000000004,0.01980000000000004,1.0,1.0,1.0,0.0,0.0,0.0,0.0,0.0,0.019840000000000035,4.898979485565817e-05,0.01980000000000004,0.01980000000000004,0.01990000000000003,0.01980000000000004,0.01980000000000004,1.0,1.0,1.0,0.0,0.0,0.0,0.0,0.0,0.0,0.0,0.0,0.0,0.0,0.019840000000000035,4.898979485565817e-05,0.01980000000000004,0.01980000000000004,0.01990000000000003,0.01980000000000004,0.01980000000000004,1.0,1.0,1.0,0.0,0.0,0.0,0.0,0.0,0.0,0.0,0.0,0.0,0.0,0.019840000000000035,4.898979485565817e-05,0.01980000000000004,0.01980000000000004,0.01990000000000003,0.01980000000000004,0.01980000000000004,1.0,1.0,1.0,0.0,0.0,0.0,0.0,0.0,0.0,0.0,0.0,0.0,0.0,0.019840000000000035,4.898979485565817e-05,0.01980000000000004,0.01980000000000004,0.01990000000000003,0.01980000000000004,0.01980000000000004,1.0,1.0,1.0,0.0,0.0,0.0,0.0,0.0,0.0,0.0,0.0,0.0,0.0,1.0,1.0,1.0,1.0,1.0,0.0,1.0,0.0,1.0,1.0,0.0,1.0,1.0,0.0,1.0,1.0,0.0,1.0,1.0,0.0,1.0,1.0,1.0,1.0,1.0,0.0,0.0,0.0,0.0,1.0,1.0,1.0,1.0,1.0,1.0,1.0,1.0,1.0,1.0,1.0,1.0,10,0,0.0,0.0,0.0,0.0,0.0,0.0,0.0,0.0,0.0,0.0,0.0,1.0,0.0,0.0,0.0,0.0,0.0,1.0198400001706476,0.75,0.75,0.0,0.0,0.0,0,0,0,0,C1,0.0,0.0,0.019840000000000035,1.0,1.0,1.0,0.0,0.0,0.019840000000000035
bitflip,bitflip,0.01,3,10,qiskit_aer,1,1,0.970428,0.970428,0.0,0.0,1.0,1.0,0.0,0.0,0.02957199999999983,0.00011722798300750736,0.029601999999999906,0.02945349999999977,0.029675499999999855,0.029403999999999764,0.029403999999999764,1.0,0.1,1.0,0.9,0.0,0.0,0.0,0.0,0.02957199999999983,0.00011722798300750736,0.029601999999999906,0.02945349999999977,0.029675499999999855,0.029403999999999764,0.029403999999999764,1.0,1.0,1.0,0.0,0.0,0.0,0.0,0.0,0.02957199999999983,0.00011722798300750736,0.029601999999999906,0.02945349999999977,0.029675499999999855,0.029403999999999764,0.029403999999999764,1.0,1.0,1.0,0.0,0.0,0.0,0.0,0.0,0.0,0.0,0.0,0.0,0.0,0.02957199999999983,0.00011722798300750736,0.029601999999999906,0.02945349999999977,0.029675499999999855,0.029403999999999764,0.029403999999999764,1.0,1.0,1.0,0.0,0.0,0.0,0.0,0.0,0.0,0.0,0.0,0.0,0.0,0.02957199999999983,0.00011722798300750736,0.029601999999999906,0.02945349999999977,0.029675499999999855,0.029403999999999764,0.029403999999999764,1.0,1.0,1.0,0.0,0.0,0.0,0.0,0.0,0.0,0.0,0.0,0.0,0.0,0.02957199999999983,0.00011722798300750736,0.029601999999999906,0.02945349999999977,0.029675499999999855,0.029403999999999764,0.029403999999999764,1.0,1.0,1.0,0.0,0.0,0.0,0.0,0.0,0.0,0.0,0.0,0.0,0.0,0.9,0.9,0.9,0.9,0.9,0.0,0.9,1.0,1.0,0.9,1.0,1.0,0.9,1.0,1.0,0.9,1.0,1.0,0.9,0.0,0.9,0.9,0.9,0.9,0.9,0.0,0.0,0.0,0.0,0.9,0.9,1.0,1.0,1.0,0.9,1.0,1.0,1.0,1.0,1.0,1.0,9,0,0.0,0.0,0.0,0.0,0.0,0.0,0.0,0.0,0.0,0.0,0.0,1.0,0.0,0.0,0.0,0.0,0.0,0.82957200002592,0.3,0.3,0.0,0.0,0.0,0,0,0,0,C1,0.0,0.0,0.02957199999999983,1.0,1.0,0.9,0.0,0.0,0.02957199999999983
bitflip,bitflip,0.01,4,10,qiskit_aer,1,1,0.9608420280000001,0.9608420280000001,0.0,0.0,1.0,1.0,0.0,0.0,0.039157971999999784,0.00018647496608399986,0.03925597999999986,0.039109959999999666,0.03930399999999987,0.03881591999999967,0.03881591999999967,1.0,0.0,1.0,1.0,0.0,0.0,0.0,0.0,0.039157971999999784,0.00018647496608399986,0.03925597999999986,0.039109959999999666,0.03930399999999987,0.03881591999999967,0.03881591999999967,1.0,1.0,1.0,0.0,0.0,0.0,0.0,0.0,0.039157971999999784,0.00018647496608399986,0.03925597999999986,0.039109959999999666,0.03930399999999987,0.03881591999999967,0.03881591999999967,1.0,1.0,1.0,0.0,0.0,0.0,0.0,0.0,0.0,0.0,0.0,0.0,0.0,0.039157971999999784,0.00018647496608399986,0.03925597999999986,0.039109959999999666,0.03930399999999987,0.03881591999999967,0.03881591999999967,1.0,1.0,1.0,0.0,0.0,0.0,0.0,0.0,0.0,0.0,0.0,0.0,0.0,0.039157971999999784,0.00018647496608399986,0.03925597999999986,0.039109959999999666,0.03930399999999987,0.03881591999999967,0.03881591999999967,1.0,1.0,1.0,0.0,0.0,0.0,0.0,0.0,0.0,0.0,0.0,0.0,0.0,0.039157971999999784,0.00018647496608399986,0.03925597999999986,0.039109959999999666,0.03930399999999987,0.03881591999999967,0.03881591999999967,1.0,1.0,1.0,0.0,0.0,0.0,0.0,0.0,0.0,0.0,0.0,0.0,0.0,1.0,1.0,1.0,1.0,1.0,0.0,1.0,0.0,1.0,1.0,0.0,1.0,1.0,0.0,1.0,1.0,0.0,1.0,1.0,0.0,1.0,1.0,1.0,1.0,1.0,0.0,0.0,0.0,0.0,1.0,1.0,1.0,1.0,1.0,1.0,1.0,1.0,1.0,1.0,1.0,1.0,10,0,0.0,0.0,0.0,0.0,0.0,0.0,0.0,0.0,0.0,0.0,0.0,1.0,0.0,0.0,0.0,0.0,0.0,1.0391579719999884,0.12500000000000003,0.12500000000000003,0.0,0.0,0.0,0,0,0,0,C1,0.0,0.0,0.039157971999999784,1.0,1.0,1.0,0.0,0.0,0.039157971999999784
bitflip,bitflip,0.03,1,10,qiskit_aer,1,1,0.9700000000000001,0.9700000000000001,0.0,0.0,1.0,1.0,0.0,0.0,0.029999999999999694,0.0,0.029999999999999694,0.029999999999999694,0.029999999999999694,0.029999999999999694,0.029999999999999694,1.0,0.1,1.0,0.9,0.0,0.0,0.0,0.0,0.029999999999999694,0.0,0.029999999999999694,0.029999999999999694,0.029999999999999694,0.029999999999999694,0.029999999999999694,1.0,1.0,1.0,0.0,0.0,0.0,0.0,0.0,0.029999999999999694,0.0,0.029999999999999694,0.029999999999999694,0.029999999999999694,0.029999999999999694,0.029999999999999694,1.0,1.0,1.0,0.0,0.0,0.0,0.0,0.0,0.0,0.0,0.0,0.0,0.0,0.029999999999999694,0.0,0.029999999999999694,0.029999999999999694,0.029999999999999694,0.029999999999999694,0.029999999999999694,1.0,1.0,1.0,0.0,0.0,0.0,0.0,0.0,0.0,0.0,0.0,0.0,0.0,0.029999999999999694,0.0,0.029999999999999694,0.029999999999999694,0.029999999999999694,0.029999999999999694,0.029999999999999694,1.0,1.0,1.0,0.0,0.0,0.0,0.0,0.0,0.0,0.0,0.0,0.0,0.0,0.029999999999999694,0.0,0.029999999999999694,0.029999999999999694,0.029999999999999694,0.029999999999999694,0.029999999999999694,1.0,1.0,1.0,0.0,0.0,0.0,0.0,0.0,0.0,0.0,0.0,0.0,0.0,0.9,0.9,0.9,0.9,0.9,0.0,0.9,1.0,1.0,0.9,1.0,1.0,0.9,1.0,1.0,0.9,1.0,1.0,0.9,0.0,0.9,0.9,0.9,0.9,0.9,0.0,0.0,0.0,0.0,0.9,0.9,1.0,1.0,1.0,0.9,1.0,1.0,1.0,1.0,1.0,1.0,9,0,0.0,0.0,0.0,0.0,0.0,0.0,0.0,0.0,0.0,0.0,0.0,1.0,0.0,0.0,0.0,0.0,0.0,0.8300000000367196,0.55,0.55,0.0,0.0,0.0,0,0,0,0,C1,0.0,0.0,0.029999999999999694,1.0,1.0,0.9,0.0,0.0,0.029999999999999694
bitflip,bitflip,0.03,2,10,qiskit_aer,1,1,0.94144,0.94144,0.0,0.0,1.0,1.0,0.0,0.0,0.058559999999999834,0.00044090815370114106,0.058199999999999696,0.058199999999999696,0.05910000000000004,0.058199999999999696,0.058199999999999696,1.0,0.0,1.0,1.0,0.0,0.0,0.0,0.0,0.058559999999999834,0.00044090815370114106,0.058199999999999696,0.058199999999999696,0.05910000000000004,0.058199999999999696,0.058199999999999696,1.0,1.0,1.0,0.0,0.0,0.0,0.0,0.0,0.058559999999999834,0.00044090815370114106,0.058199999999999696,0.058199999999999696,0.05910000000000004,0.058199999999999696,0.058199999999999696,1.0,1.0,1.0,0.0,0.0,0.0,0.0,0.0,0.0,0.0,0.0,0.0,0.0,0.058559999999999834,0.00044090815370114106,0.058199999999999696,0.058199999999999696,0.05910000000000004,0.058199999999999696,0.058199999999999696,1.0,1.0,1.0,0.0,0.0,0.0,0.0,0.0,0.0,0.0,0.0,0.0,0.0,0.058559999999999834,0.00044090815370114106,0.058199999999999696,0.058199999999999696,0.05910000000000004,0.058199999999999696,0.058199999999999696,1.0,1.0,1.0,0.0,0.0,0.0,0.0,0.0,0.0,0.0,0.0,0.0,0.0,0.058559999999999834,0.00044090815370114106,0.058199999999999696,0.058199999999999696,0.05910000000000004,0.058199999999999696,0.058199999999999696,1.0,1.0,1.0,0.0,0.0,0.0,0.0,0.0,0.0,0.0,0.0,0.0,0.0,1.0,1.0,1.0,1.0,1.0,0.0,1.0,0.0,1.0,1.0,0.0,1.0,1.0,0.0,1.0,1.0,0.0,1.0,1.0,0.0,1.0,1.0,1.0,1.0,1.0,0.0,0.0,0.0,0.0,1.0,1.0,1.0,1.0,1.0,1.0,1.0,1.0,1.0,1.0,1.0,1.0,10,0,0.0,0.0,0.0,0.0,0.0,0.0,0.0,0.0,0.0,0.0,0.0,1.0,0.0,0.0,0.0,0.0,0.0,1.0585600000000526,0.2,0.2,0.0,0.0,0.0,0,0,0,0,C1,0.0,0.0,0.058559999999999834,1.0,1.0,1.0,0.0,0.0,0.058559999999999834
bitflip,bitflip,0.03,3,10,qiskit_aer,1,1,0.913816,0.913816,0.0,0.0,1.0,1.0,0.0,0.0,0.0861839999999999,0.0010277984238166948,0.08645399999999981,0.08514449999999987,0.08708849999999999,0.0847079999999999,0.0847079999999999,1.0,0.0,1.0,1.0,0.0,0.0,0.0,0.0,0.0861839999999999,0.0010277984238166948,0.08645399999999981,0.08514449999999987,0.08708849999999999,0.0847079999999999,0.0847079999999999,1.0,1.0,1.0,0.0,0.0,0.0,0.0,0.0,0.0861839999999999,0.0010277984238166948,0.08645399999999981,0.08514449999999987,0.08708849999999999,0.0847079999999999,0.0847079999999999,1.0,1.0,1.0,0.0,0.0,0.0,0.0,0.0,0.0,0.0,0.0,0.0,0.0,0.0861839999999999,0.0010277984238166948,0.08645399999999981,0.08514449999999987,0.08708849999999999,0.0847079999999999,0.0847079999999999,1.0,1.0,1.0,0.0,0.0,0.0,0.0,0.0,0.0,0.0,0.0,0.0,0.0,0.0861839999999999,0.0010277984238166948,0.08645399999999981,0.08514449999999987,0.08708849999999999,0.0847079999999999,0.0847079999999999,1.0,1.0,1.0,0.0,0.0,0.0,0.0,0.0,0.0,0.0,0.0,0.0,0.0,0.0861839999999999,0.0010277984238166948,0.08645399999999981,0.08514449999999987,0.08708849999999999,0.0847079999999999,0.0847079999999999,1.0,1.0,1.0,0.0,0.0,0.0,0.0,0.0,0.0,0.0,0.0,0.0,0.0,1.0,1.0,1.0,1.0,1.0,0.0,1.0,0.0,1.0,1.0,0.0,1.0,1.0,0.0,1.0,1.0,0.0,1.0,1.0,0.0,1.0,1.0,1.0,1.0,1.0,0.0,0.0,0.0,0.0,1.0,1.0,1.0,1.0,1.0,1.0,1.0,1.0,1.0,1.0,1.0,1.0,10,0,0.0,0.0,0.0,0.0,0.0,0.0,0.0,0.0,0.0,0.0,0.0,1.0,0.0,0.0,0.0,0.0,0.0,1.0861839999977918,0.1,0.1,0.0,0.0,0.0,0,0,0,0,C1,0.0,0.0,0.0861839999999999,1.0,1.0,1.0,0.0,0.0,0.0861839999999999
bitflip,bitflip,0.03,4,10,qiskit_aer,1,1,0.887436268,0.887436268,0.0,0.0,0.0,0.0,0.0,0.0,0.11256373199999992,0.0015976230304850306,0.11341037999999981,0.11216675999999987,0.11380800000000002,0.10962551999999981,0.10962551999999981,1.0,0.0,1.0,0.0,0.0,0.0,0.0,0.0,0.11256373199999992,0.0015976230304850306,0.11341037999999981,0.11216675999999987,0.11380800000000002,0.10962551999999981,0.10962551999999981,1.0,1.0,1.0,0.0,0.0,0.0,0.0,0.0,0.11256373199999992,0.0015976230304850306,0.11341037999999981,0.11216675999999987,0.11380800000000002,0.10962551999999981,0.10962551999999981,1.0,1.0,1.0,0.0,0.0,0.0,0.0,0.0,0.0,0.0,0.0,0.0,0.0,0.11256373199999992,0.0015976230304850306,0.11341037999999981,0.11216675999999987,0.11380800000000002,0.10962551999999981,0.10962551999999981,1.0,1.0,1.0,0.0,0.0,0.0,0.0,0.0,0.0,0.0,0.0,0.0,0.0,0.11256373199999992,0.0015976230304850306,0.11341037999999981,0.11216675999999987,0.11380800000000002,0.10962551999999981,0.10962551999999981,1.0,1.0,1.0,0.0,0.0,0.0,0.0,0.0,0.0,0.0,0.0,0.0,0.0,0.11256373199999992,0.0015976230304850306,0.11341037999999981,0.11216675999999987,0.11380800000000002,0.10962551999999981,0.10962551999999981,1.0,1.0,1.0,0.0,0.0,0.0,0.0,0.0,0.0,0.0,0.0,0.0,0.0,1.0,1.0,1.0,1.0,1.0,0.0,1.0,0.0,0.0,1.0,0.0,0.0,1.0,0.0,0.0,1.0,0.0,0.0,1.0,0.0,1.0,1.0,1.0,1.0,1.0,0.0,0.0,0.0,0.0,1.0,1.0,1.0,1.0,1.0,1.0,1.0,1.0,1.0,1.0,1.0,1.0,10,0,0.0,0.0,0.0,0.0,0.0,0.0,0.0,0.0,0.0,0.0,0.0,1.0,0.0,0.0,0.0,0.0,0.0,1.1125637319995418,0.05000000000000001,0.05000000000000001,0.0,0.0,0.0,0,0,0,0,C1,0.0,0.0,0.11256373199999992,1.0,1.0,1.0,0.0,0.0,0.11256373199999992
bitflip,bitflip,0.05,1,10,qiskit_aer,1,1,0.9499999999999998,0.9499999999999998,0.0,0.0,1.0,1.0,0.0,0.0,0.04999999999999993,0.0,0.04999999999999993,0.04999999999999993,0.04999999999999993,0.04999999999999993,0.04999999999999993,1.0,0.0,1.0,1.0,0.0,0.0,0.0,0.0,0.04999999999999993,0.0,0.04999999999999993,0.04999999999999993,0.04999999999999993,0.04999999999999993,0.04999999999999993,1.0,1.0,1.0,0.0,0.0,0.0,0.0,0.0,0.04999999999999993,0.0,0.04999999999999993,0.04999999999999993,0.04999999999999993,0.04999999999999993,0.04999999999999993,1.0,1.0,1.0,0.0,0.0,0.0,0.0,0.0,0.0,0.0,0.0,0.0,0.0,0.04999999999999993,0.0,0.04999999999999993,0.04999999999999993,0.04999999999999993,0.04999999999999993,0.04999999999999993,1.0,1.0,1.0,0.0,0.0,0.0,0.0,0.0,0.0,0.0,0.0,0.0,0.0,0.04999999999999993,0.0,0.04999999999999993,0.04999999999999993,0.04999999999999993,0.04999999999999993,0.04999999999999993,1.0,1.0,1.0,0.0,0.0,0.0,0.0,0.0,0.0,0.0,0.0,0.0,0.0,0.04999999999999993,0.0,0.04999999999999993,0.04999999999999993,0.04999999999999993,0.04999999999999993,0.04999999999999993,1.0,1.0,1.0,0.0,0.0,0.0,0.0,0.0,0.0,0.0,0.0,0.0,0.0,1.0,1.0,1.0,1.0,1.0,0.0,1.0,0.0,1.0,1.0,0.0,1.0,1.0,0.0,1.0,1.0,0.0,1.0,1.0,0.0,1.0,1.0,1.0,1.0,1.0,0.0,0.0,0.0,0.0,1.0,1.0,1.0,1.0,1.0,1.0,1.0,1.0,1.0,1.0,1.0,1.0,10,0,0.0,0.0,0.0,0.0,0.0,0.0,0.0,0.0,0.0,0.0,0.0,1.0,0.0,0.0,0.0,0.0,0.0,1.05000000000756,0.4,0.4,0.0,0.0,0.0,0,0,0,0,C1,0.0,0.0,0.04999999999999993,1.0,1.0,1.0,0.0,0.0,0.04999999999999993
bitflip,bitflip,0.05,2,10,qiskit_aer,1,1,0.904,0.904,0.0,0.0,1.0,1.0,0.0,0.0,0.0959999999999998,0.0012247448713915085,0.09499999999999986,0.09499999999999986,0.0974999999999997,0.09499999999999986,0.09499999999999986,1.0,0.0,1.0,1.0,0.0,0.0,0.0,0.0,0.0959999999999998,0.0012247448713915085,0.09499999999999986,0.09499999999999986,0.0974999999999997,0.09499999999999986,0.09499999999999986,1.0,1.0,1.0,0.0,0.0,0.0,0.0,0.0,0.0959999999999998,0.0012247448713915085,0.09499999999999986,0.09499999999999986,0.0974999999999997,0.09499999999999986,0.09499999999999986,1.0,1.0,1.0,0.0,0.0,0.0,0.0,0.0,0.0,0.0,0.0,0.0,0.0,0.0959999999999998,0.0012247448713915085,0.09499999999999986,0.09499999999999986,0.0974999999999997,0.09499999999999986,0.09499999999999986,1.0,1.0,1.0,0.0,0.0,0.0,0.0,0.0,0.0,0.0,0.0,0.0,0.0,0.0959999999999998,0.0012247448713915085,0.09499999999999986,0.09499999999999986,0.0974999999999997,0.09499999999999986,0.09499999999999986,1.0,1.0,1.0,0.0,0.0,0.0,0.0,0.0,0.0,0.0,0.0,0.0,0.0,0.0959999999999998,0.0012247448713915085,0.09499999999999986,0.09499999999999986,0.0974999999999997,0.09499999999999986,0.09499999999999986,1.0,1.0,1.0,0.0,0.0,0.0,0.0,0.0,0.0,0.0,0.0,0.0,0.0,1.0,1.0,1.0,1.0,1.0,0.0,1.0,0.0,1.0,1.0,0.0,1.0,1.0,0.0,1.0,1.0,0.0,1.0,1.0,0.0,1.0,1.0,1.0,1.0,1.0,0.0,0.0,0.0,0.0,1.0,1.0,1.0,1.0,1.0,1.0,1.0,1.0,1.0,1.0,1.0,1.0,10,0,0.0,0.0,0.0,0.0,0.0,0.0,0.0,0.0,0.0,0.0,0.0,1.0,0.0,0.0,0.0,0.0,0.0,1.0960000000007453,0.25000000000000006,0.25000000000000006,0.0,0.0,0.0,0,0,0,0,C1,0.0,0.0,0.0959999999999998,1.0,1.0,1.0,0.0,0.0,0.0959999999999998
bitflip,bitflip,0.05,3,10,qiskit_aer,1,1,0.8605,0.8605,0.0,0.0,0.0,0.0,0.0,0.0,0.13949999999999987,0.0027793884219374106,0.14024999999999982,0.1366874999999999,0.14193749999999986,0.13549999999999995,0.13549999999999995,1.0,0.0,1.0,0.0,0.0,0.0,0.0,0.0,0.13949999999999987,0.0027793884219374106,0.14024999999999982,0.1366874999999999,0.14193749999999986,0.13549999999999995,0.13549999999999995,1.0,1.0,1.0,0.0,0.0,0.0,0.0,0.0,0.13949999999999987,0.0027793884219374106,0.14024999999999982,0.1366874999999999,0.14193749999999986,0.13549999999999995,0.13549999999999995,1.0,1.0,1.0,0.0,0.0,0.0,0.0,0.0,0.0,0.0,0.0,0.0,0.0,0.13949999999999987,0.0027793884219374106,0.14024999999999982,0.1366874999999999,0.14193749999999986,0.13549999999999995,0.13549999999999995,1.0,1.0,1.0,0.0,0.0,0.0,0.0,0.0,0.0,0.0,0.0,0.0,0.0,0.13949999999999987,0.0027793884219374106,0.14024999999999982,0.1366874999999999,0.14193749999999986,0.13549999999999995,0.13549999999999995,1.0,1.0,1.0,0.0,0.0,0.0,0.0,0.0,0.0,0.0,0.0,0.0,0.0,0.13949999999999987,0.0027793884219374106,0.14024999999999982,0.1366874999999999,0.14193749999999986,0.13549999999999995,0.13549999999999995,1.0,1.0,1.0,0.0,0.0,0.0,0.0,0.0,0.0,0.0,0.0,0.0,0.0,1.0,1.0,1.0,1.0,1.0,0.0,1.0,0.0,0.0,1.0,0.0,0.0,1.0,0.0,0.0,1.0,0.0,0.0,1.0,0.0,1.0,1.0,1.0,1.0,1.0,0.0,0.0,0.0,0.0,1.0,1.0,1.0,1.0,1.0,1.0,1.0,1.0,1.0,1.0,1.0,1.0,10,0,0.0,0.0,0.0,0.0,0.0,0.0,0.0,0.0,0.0,0.0,0.0,1.0,0.0,0.0,0.0,0.0,0.0,1.1394999999995534,0.05000000000000001,0.05000000000000001,0.0,0.0,0.0,0,0,0,0,C1,0.0,0.0,0.13949999999999987,1.0,1.0,1.0,0.0,0.0,0.13949999999999987
bitflip,bitflip,0.05,4,10,qiskit_aer,1,1,0.8202674999999999,0.8202674999999999,0.0,0.0,0.0,0.0,0.0,0.0,0.17973249999999985,0.004220086640105827,0.18198749999999986,0.1787249999999998,0.18299999999999983,0.17194999999999994,0.17194999999999994,1.0,0.0,1.0,0.0,0.0,0.0,0.0,0.0,0.17973249999999985,0.004220086640105827,0.18198749999999986,0.1787249999999998,0.18299999999999983,0.17194999999999994,0.17194999999999994,1.0,1.0,1.0,0.0,0.0,0.0,0.0,0.0,0.17973249999999985,0.004220086640105827,0.18198749999999986,0.1787249999999998,0.18299999999999983,0.17194999999999994,0.17194999999999994,1.0,1.0,1.0,0.0,0.0,0.0,0.0,0.0,0.0,0.0,0.0,0.0,0.0,0.17973249999999985,0.004220086640105827,0.18198749999999986,0.1787249999999998,0.18299999999999983,0.17194999999999994,0.17194999999999994,1.0,1.0,1.0,0.0,0.0,0.0,0.0,0.0,0.0,0.0,0.0,0.0,0.0,0.17973249999999985,0.004220086640105827,0.18198749999999986,0.1787249999999998,0.18299999999999983,0.17194999999999994,0.17194999999999994,1.0,1.0,1.0,0.0,0.0,0.0,0.0,0.0,0.0,0.0,0.0,0.0,0.0,0.17973249999999985,0.004220086640105827,0.18198749999999986,0.1787249999999998,0.18299999999999983,0.17194999999999994,0.17194999999999994,1.0,1.0,1.0,0.0,0.0,0.0,0.0,0.0,0.0,0.0,0.0,0.0,0.0,1.0,1.0,1.0,1.0,1.0,0.0,1.0,0.0,0.0,1.0,0.0,0.0,1.0,0.0,0.0,1.0,0.0,0.0,1.0,0.0,1.0,1.0,1.0,1.0,1.0,0.0,0.0,0.0,0.0,1.0,1.0,1.0,1.0,1.0,1.0,1.0,1.0,1.0,1.0,1.0,1.0,10,0,0.0,0.0,0.0,0.0,0.0,0.0,0.0,0.0,0.0,0.0,0.0,1.0,0.0,0.0,0.0,0.0,0.0,1.179732499999818,0.05000000000000001,0.05000000000000001,0.0,0.0,0.0,0,0,0,0,C1,0.0,0.0,0.17973249999999985,1.0,1.0,1.0,0.0,0.0,0.17973249999999985
bitflip,bitflip,0.1,1,10,qiskit_aer,1,1,0.8999999999999999,0.8999999999999999,0.0,0.0,0.0,0.0,0.0,0.0,0.09999999999999998,0.0,0.09999999999999998,0.09999999999999998,0.09999999999999998,0.09999999999999998,0.09999999999999998,1.0,0.0,1.0,0.0,0.0,0.0,0.0,0.0,0.09999999999999998,0.0,0.09999999999999998,0.09999999999999998,0.09999999999999998,0.09999999999999998,0.09999999999999998,1.0,1.0,1.0,0.0,0.0,0.0,0.0,0.0,0.09999999999999998,0.0,0.09999999999999998,0.09999999999999998,0.09999999999999998,0.09999999999999998,0.09999999999999998,1.0,1.0,1.0,0.0,0.0,0.0,0.0,0.0,0.0,0.0,0.0,0.0,0.0,0.09999999999999998,0.0,0.09999999999999998,0.09999999999999998,0.09999999999999998,0.09999999999999998,0.09999999999999998,1.0,1.0,1.0,0.0,0.0,0.0,0.0,0.0,0.0,0.0,0.0,0.0,0.0,0.09999999999999998,0.0,0.09999999999999998,0.09999999999999998,0.09999999999999998,0.09999999999999998,0.09999999999999998,1.0,1.0,1.0,0.0,0.0,0.0,0.0,0.0,0.0,0.0,0.0,0.0,0.0,0.09999999999999998,0.0,0.09999999999999998,0.09999999999999998,0.09999999999999998,0.09999999999999998,0.09999999999999998,1.0,1.0,1.0,0.0,0.0,0.0,0.0,0.0,0.0,0.0,0.0,0.0,0.0,1.0,1.0,1.0,1.0,1.0,0.0,1.0,0.0,0.0,1.0,0.0,0.0,1.0,0.0,0.0,1.0,0.0,0.0,1.0,0.0,1.0,1.0,1.0,1.0,1.0,0.0,0.0,0.0,0.0,1.0,1.0,1.0,1.0,1.0,1.0,1.0,1.0,1.0,1.0,1.0,1.0,10,0,0.0,0.0,0.0,0.0,0.0,0.0,0.0,0.0,0.0,0.0,0.0,1.0,0.0,0.0,0.0,0.0,0.0,1.1000000000013792,0.5,0.5,0.0,0.0,0.0,0,0,0,0,C1,0.0,0.0,0.09999999999999998,1.0,1.0,1.0,0.0,0.0,0.09999999999999998
bitflip,bitflip,0.1,2,10,qiskit_aer,1,1,0.8160000000000001,0.8160000000000001,0.0,0.0,0.0,0.0,0.0,0.0,0.1839999999999999,0.004898979485566333,0.17999999999999994,0.17999999999999994,0.18999999999999984,0.17999999999999994,0.17999999999999994,1.0,0.0,1.0,0.0,0.0,0.0,0.0,0.0,0.1839999999999999,0.004898979485566333,0.17999999999999994,0.17999999999999994,0.18999999999999984,0.17999999999999994,0.17999999999999994,1.0,1.0,1.0,0.0,0.0,0.0,0.0,0.0,0.1839999999999999,0.004898979485566333,0.17999999999999994,0.17999999999999994,0.18999999999999984,0.17999999999999994,0.17999999999999994,1.0,1.0,1.0,0.0,0.0,0.0,0.0,0.0,0.0,0.0,0.0,0.0,0.0,0.1839999999999999,0.004898979485566333,0.17999999999999994,0.17999999999999994,0.18999999999999984,0.17999999999999994,0.17999999999999994,1.0,1.0,1.0,0.0,0.0,0.0,0.0,0.0,0.0,0.0,0.0,0.0,0.0,0.1839999999999999,0.004898979485566333,0.17999999999999994,0.17999999999999994,0.18999999999999984,0.17999999999999994,0.17999999999999994,1.0,1.0,1.0,0.0,0.0,0.0,0.0,0.0,0.0,0.0,0.0,0.0,0.0,0.1839999999999999,0.004898979485566333,0.17999999999999994,0.17999999999999994,0.18999999999999984,0.17999999999999994,0.17999999999999994,1.0,1.0,1.0,0.0,0.0,0.0,0.0,0.0,0.0,0.0,0.0,0.0,0.0,1.0,1.0,1.0,1.0,1.0,0.0,1.0,0.0,0.0,1.0,0.0,0.0,1.0,0.0,0.0,1.0,0.0,0.0,1.0,0.0,1.0,1.0,1.0,1.0,1.0,0.0,0.0,0.0,0.0,1.0,1.0,1.0,1.0,1.0,1.0,1.0,1.0,1.0,1.0,1.0,1.0,10,0,0.0,0.0,0.0,0.0,0.0,0.0,0.0,0.0,0.0,0.0,0.0,1.0,0.0,0.0,0.0,0.0,0.0,1.1839999999999986,0.3,0.3,0.0,0.0,0.0,0,0,0,0,C1,0.0,0.0,0.1839999999999999,1.0,1.0,1.0,0.0,0.0,0.1839999999999999
bitflip,bitflip,0.1,3,10,qiskit_aer,1,1,0.741,0.741,0.0,0.0,0.0,0.0,0.0,0.0,0.25899999999999984,0.010363397126425289,0.2619999999999998,0.24849999999999986,0.2679999999999999,0.24399999999999988,0.24399999999999988,1.0,0.0,1.0,0.0,0.0,0.0,0.0,0.0,0.25899999999999984,0.010363397126425289,0.2619999999999998,0.24849999999999986,0.2679999999999999,0.24399999999999988,0.24399999999999988,1.0,1.0,1.0,0.0,0.0,0.0,0.0,0.0,0.25899999999999984,0.010363397126425289,0.2619999999999998,0.24849999999999986,0.2679999999999999,0.24399999999999988,0.24399999999999988,1.0,1.0,1.0,0.0,0.0,0.0,0.0,0.0,0.0,0.0,0.0,0.0,0.0,0.25899999999999984,0.010363397126425289,0.2619999999999998,0.24849999999999986,0.2679999999999999,0.24399999999999988,0.24399999999999988,1.0,1.0,1.0,0.0,0.0,0.0,0.0,0.0,0.0,0.0,0.0,0.0,0.0,0.25899999999999984,0.010363397126425289,0.2619999999999998,0.24849999999999986,0.2679999999999999,0.24399999999999988,0.24399999999999988,1.0,1.0,1.0,0.0,0.0,0.0,0.0,0.0,0.0,0.0,0.0,0.0,0.0,0.25899999999999984,0.010363397126425289,0.2619999999999998,0.24849999999999986,0.2679999999999999,0.24399999999999988,0.24399999999999988,1.0,1.0,1.0,0.0,0.0,0.0,0.0,0.0,0.0,0.0,0.0,0.0,0.0,1.0,1.0,1.0,1.0,1.0,0.0,1.0,0.0,0.0,1.0,0.0,0.0,1.0,0.0,0.0,1.0,0.0,0.0,1.0,0.0,1.0,1.0,1.0,1.0,1.0,0.0,0.0,0.0,0.0,1.0,1.0,1.0,1.0,1.0,1.0,1.0,1.0,1.0,1.0,1.0,1.0,10,0,0.0,0.0,0.0,0.0,0.0,0.0,0.0,0.0,0.0,0.0,0.0,1.0,0.0,0.0,0.0,0.0,0.0,1.2590000000000088,0.3,0.3,0.0,0.0,0.0,0,0,0,0,C1,0.0,0.0,0.25899999999999984,1.0,1.0,1.0,0.0,0.0,0.25899999999999984
bitflip,bitflip,0.1,4,10,qiskit_aer,1,1,0.67728,0.67728,0.0,0.0,0.0,0.0,0.0,0.0,0.3227199999999999,0.014812751263691679,0.33079999999999987,0.3195999999999999,0.33399999999999985,0.2951999999999999,0.2951999999999999,1.0,0.0,1.0,0.0,0.0,0.0,0.0,0.0,0.3227199999999999,0.014812751263691679,0.33079999999999987,0.3195999999999999,0.33399999999999985,0.2951999999999999,0.2951999999999999,1.0,1.0,1.0,0.0,0.0,0.0,0.0,0.0,0.3227199999999999,0.014812751263691679,0.33079999999999987,0.3195999999999999,0.33399999999999985,0.2951999999999999,0.2951999999999999,1.0,1.0,1.0,0.0,0.0,0.0,0.0,0.0,0.0,0.0,0.0,0.0,0.0,0.3227199999999999,0.014812751263691679,0.33079999999999987,0.3195999999999999,0.33399999999999985,0.2951999999999999,0.2951999999999999,1.0,1.0,1.0,0.0,0.0,0.0,0.0,0.0,0.0,0.0,0.0,0.0,0.0,0.3227199999999999,0.014812751263691679,0.33079999999999987,0.3195999999999999,0.33399999999999985,0.2951999999999999,0.2951999999999999,1.0,1.0,1.0,0.0,0.0,0.0,0.0,0.0,0.0,0.0,0.0,0.0,0.0,0.3227199999999999,0.014812751263691679,0.33079999999999987,0.3195999999999999,0.33399999999999985,0.2951999999999999,0.2951999999999999,1.0,1.0,1.0,0.0,0.0,0.0,0.0,0.0,0.0,0.0,0.0,0.0,0.0,1.0,1.0,1.0,1.0,1.0,0.0,1.0,0.0,0.0,1.0,0.0,0.0,1.0,0.0,0.0,1.0,0.0,0.0,1.0,0.0,1.0,1.0,1.0,1.0,1.0,0.0,0.0,0.0,0.0,1.0,1.0,1.0,1.0,1.0,1.0,1.0,1.0,1.0,1.0,1.0,1.0,10,0,0.0,0.0,0.0,0.0,0.0,0.0,0.0,0.0,0.0,0.0,0.0,1.0,0.0,0.0,0.0,0.0,0.0,1.3227199999999382,1.4541199064555717e-19,1.4541199064555717e-19,0.0,0.0,0.0,0,0,0,0,C1,0.0,0.0,0.3227199999999999,1.0,1.0,1.0,0.0,0.0,0.3227199999999999
bitflip,bitflip,0.15,1,10,qiskit_aer,1,1,0.85,0.85,0.0,0.0,0.0,0.0,0.0,0.0,0.14999999999999983,5.1178752665209035e-17,0.1499999999999998,0.1499999999999998,0.14999999999999988,0.1499999999999998,0.14999999999999983,1.0,0.0,1.0,0.0,0.0,0.0,0.0,0.0,0.14999999999999983,5.1178752665209035e-17,0.1499999999999998,0.1499999999999998,0.14999999999999988,0.1499999999999998,0.14999999999999983,1.0,1.0,1.0,0.0,0.0,0.0,0.0,0.0,0.14999999999999983,5.1178752665209035e-17,0.1499999999999998,0.1499999999999998,0.14999999999999988,0.1499999999999998,0.14999999999999983,1.0,1.0,1.0,0.0,0.0,0.0,0.0,0.0,0.0,0.0,0.0,0.0,0.0,0.14999999999999983,5.1178752665209035e-17,0.1499999999999998,0.1499999999999998,0.14999999999999988,0.1499999999999998,0.14999999999999983,1.0,1.0,1.0,0.0,0.0,0.0,0.0,0.0,0.0,0.0,0.0,0.0,0.0,0.14999999999999983,5.1178752665209035e-17,0.1499999999999998,0.1499999999999998,0.14999999999999988,0.1499999999999998,0.14999999999999983,1.0,1.0,1.0,0.0,0.0,0.0,0.0,0.0,0.0,0.0,0.0,0.0,0.0,0.14999999999999983,5.1178752665209035e-17,0.1499999999999998,0.1499999999999998,0.14999999999999988,0.1499999999999998,0.14999999999999983,1.0,1.0,1.0,0.0,0.0,0.0,0.0,0.0,0.0,0.0,0.0,0.0,0.0,1.0,1.0,1.0,1.0,1.0,0.0,1.0,0.0,0.0,1.0,0.0,0.0,1.0,0.0,0.0,1.0,0.0,0.0,1.0,0.0,1.0,1.0,1.0,1.0,1.0,0.0,0.0,0.0,0.0,1.0,1.0,1.0,1.0,1.0,1.0,1.0,1.0,1.0,1.0,1.0,1.0,10,0,0.0,0.0,0.0,0.0,0.0,0.0,0.0,0.0,0.0,0.0,0.0,1.0,0.0,0.0,0.0,0.0,0.0,1.1499999999995119,1.4072128126989405e-19,1.4072128126989405e-19,0.0,0.0,0.0,0,0,0,0,C1,0.0,0.0,0.14999999999999983,1.0,1.0,1.0,0.0,0.0,0.14999999999999983
bitflip,bitflip,0.15,2,10,qiskit_aer,1,1,0.7360000000000001,0.7360000000000001,0.0,0.0,0.0,0.0,0.0,0.0,0.2639999999999999,0.011022703842524283,0.2549999999999999,0.2549999999999999,0.27749999999999986,0.2549999999999999,0.2549999999999999,1.0,0.0,1.0,0.0,0.0,0.0,0.0,0.0,0.2639999999999999,0.011022703842524283,0.2549999999999999,0.2549999999999999,0.27749999999999986,0.2549999999999999,0.2549999999999999,1.0,1.0,1.0,0.0,0.0,0.0,0.0,0.0,0.2639999999999999,0.011022703842524283,0.2549999999999999,0.2549999999999999,0.27749999999999986,0.2549999999999999,0.2549999999999999,1.0,1.0,1.0,0.0,0.0,0.0,0.0,0.0,0.0,0.0,0.0,0.0,0.0,0.2639999999999999,0.011022703842524283,0.2549999999999999,0.2549999999999999,0.27749999999999986,0.2549999999999999,0.2549999999999999,1.0,1.0,1.0,0.0,0.0,0.0,0.0,0.0,0.0,0.0,0.0,0.0,0.0,0.2639999999999999,0.011022703842524283,0.2549999999999999,0.2549999999999999,0.27749999999999986,0.2549999999999999,0.2549999999999999,1.0,1.0,1.0,0.0,0.0,0.0,0.0,0.0,0.0,0.0,0.0,0.0,0.0,0.2639999999999999,0.011022703842524283,0.2549999999999999,0.2549999999999999,0.27749999999999986,0.2549999999999999,0.2549999999999999,1.0,1.0,1.0,0.0,0.0,0.0,0.0,0.0,0.0,0.0,0.0,0.0,0.0,1.0,1.0,1.0,1.0,1.0,0.0,1.0,0.0,0.0,1.0,0.0,0.0,1.0,0.0,0.0,1.0,0.0,0.0,1.0,0.0,1.0,1.0,1.0,1.0,1.0,0.0,0.0,0.0,0.0,1.0,1.0,1.0,1.0,1.0,1.0,1.0,1.0,1.0,1.0,1.0,1.0,10,0,0.0,0.0,0.0,0.0,0.0,0.0,0.0,0.0,0.0,0.0,0.0,1.0,0.0,0.0,0.0,0.0,0.0,1.2640000000001717,0.6,0.6,0.0,0.0,0.0,0,0,0,0,C1,0.0,0.0,0.2639999999999999,1.0,1.0,1.0,0.0,0.0,0.2639999999999999
bitflip,bitflip,0.15,3,10,qiskit_aer,1,1,0.64,0.64,0.0,0.0,0.0,0.0,0.0,0.0,0.3599999999999999,0.021628106713256278,0.3667499999999999,0.3380624999999998,0.37856249999999986,0.3284999999999998,0.3284999999999998,1.0,0.0,1.0,0.0,0.0,0.0,0.0,0.0,0.3599999999999999,0.021628106713256278,0.3667499999999999,0.3380624999999998,0.37856249999999986,0.3284999999999998,0.3284999999999998,1.0,1.0,1.0,0.0,0.0,0.0,0.0,0.0,0.3599999999999999,0.021628106713256278,0.3667499999999999,0.3380624999999998,0.37856249999999986,0.3284999999999998,0.3284999999999998,1.0,1.0,1.0,0.0,0.0,0.0,0.0,0.0,0.0,0.0,0.0,0.0,0.0,0.3599999999999999,0.021628106713256278,0.3667499999999999,0.3380624999999998,0.37856249999999986,0.3284999999999998,0.3284999999999998,1.0,1.0,1.0,0.0,0.0,0.0,0.0,0.0,0.0,0.0,0.0,0.0,0.0,0.3599999999999999,0.021628106713256278,0.3667499999999999,0.3380624999999998,0.37856249999999986,0.3284999999999998,0.3284999999999998,1.0,1.0,1.0,0.0,0.0,0.0,0.0,0.0,0.0,0.0,0.0,0.0,0.0,0.3599999999999999,0.021628106713256278,0.3667499999999999,0.3380624999999998,0.37856249999999986,0.3284999999999998,0.3284999999999998,1.0,1.0,1.0,0.0,0.0,0.0,0.0,0.0,0.0,0.0,0.0,0.0,0.0,1.0,1.0,1.0,1.0,1.0,0.0,1.0,0.0,0.0,1.0,0.0,0.0,1.0,0.0,0.0,1.0,0.0,0.0,1.0,0.0,1.0,1.0,1.0,1.0,1.0,0.0,0.0,0.0,0.0,1.0,1.0,1.0,1.0,1.0,1.0,1.0,1.0,1.0,1.0,1.0,1.0,10,0,0.0,0.0,0.0,0.0,0.0,0.0,0.0,0.0,0.0,0.0,0.0,1.0,0.0,0.0,0.0,0.0,0.0,1.3599999999999686,0.1,0.1,0.0,0.0,0.0,0,0,0,0,C1,0.0,0.0,0.3599999999999999,1.0,1.0,1.0,0.0,0.0,0.3599999999999999
bitflip,bitflip,0.15,4,10,qiskit_aer,1,1,0.5656675,0.5656675,0.0,0.0,0.0,0.0,0.0,0.0,0.4343324999999999,0.02903058957806403,0.4504874999999998,0.4292249999999998,0.45599999999999985,0.3799499999999999,0.3799499999999999,1.0,0.1,1.0,0.0,0.0,0.0,0.0,0.0,0.4343324999999999,0.02903058957806403,0.4504874999999998,0.4292249999999998,0.45599999999999985,0.3799499999999999,0.3799499999999999,1.0,1.0,1.0,0.0,0.0,0.0,0.0,0.0,0.4343324999999999,0.02903058957806403,0.4504874999999998,0.4292249999999998,0.45599999999999985,0.3799499999999999,0.3799499999999999,1.0,1.0,1.0,0.0,0.0,0.0,0.0,0.0,0.0,0.0,0.0,0.0,0.0,0.4343324999999999,0.02903058957806403,0.4504874999999998,0.4292249999999998,0.45599999999999985,0.3799499999999999,0.3799499999999999,1.0,1.0,1.0,0.0,0.0,0.0,0.0,0.0,0.0,0.0,0.0,0.0,0.0,0.4343324999999999,0.02903058957806403,0.4504874999999998,0.4292249999999998,0.45599999999999985,0.3799499999999999,0.3799499999999999,1.0,1.0,1.0,0.0,0.0,0.0,0.0,0.0,0.0,0.0,0.0,0.0,0.0,0.4343324999999999,0.02903058957806403,0.4504874999999998,0.4292249999999998,0.45599999999999985,0.3799499999999999,0.3799499999999999,1.0,1.0,1.0,0.0,0.0,0.0,0.0,0.0,0.0,0.0,0.0,0.0,0.0,0.9,0.9,0.9,0.9,0.9,0.0,0.9,0.1,0.0,0.9,0.1,0.0,0.9,0.1,0.0,0.9,0.1,0.0,0.9,0.0,0.9,0.9,0.9,0.9,0.9,0.0,0.0,0.0,0.0,0.9,0.9,1.0,1.0,1.0,0.9,1.0,1.0,1.0,1.0,1.0,1.0,9,0,0.0,0.0,0.0,0.0,0.0,0.0,0.0,0.0,0.0,0.0,0.0,1.0,0.0,0.0,0.0,0.0,0.0,1.2343324999999585,1.1726773439157836e-19,1.1726773439157836e-19,0.0,0.0,0.0,0,0,0,0,C1,0.0,0.0,0.4343324999999999,1.0,1.0,0.9,0.0,0.0,0.4343324999999999
bitflip,bitflip,0.2,1,10,qiskit_aer,1,1,0.8,0.8,0.0,0.0,0.0,0.0,0.0,0.0,0.19999999999999993,5.1178752665209035e-17,0.19999999999999996,0.19999999999999987,0.19999999999999996,0.19999999999999984,0.19999999999999993,1.0,0.0,1.0,0.0,0.0,0.0,0.0,0.0,0.19999999999999993,5.1178752665209035e-17,0.19999999999999996,0.19999999999999987,0.19999999999999996,0.19999999999999984,0.19999999999999993,1.0,1.0,1.0,0.0,0.0,0.0,0.0,0.0,0.19999999999999993,5.1178752665209035e-17,0.19999999999999996,0.19999999999999987,0.19999999999999996,0.19999999999999984,0.19999999999999993,1.0,1.0,1.0,0.0,0.0,0.0,0.0,0.0,0.0,0.0,0.0,0.0,0.0,0.19999999999999993,5.1178752665209035e-17,0.19999999999999996,0.19999999999999987,0.19999999999999996,0.19999999999999984,0.19999999999999993,1.0,1.0,1.0,0.0,0.0,0.0,0.0,0.0,0.0,0.0,0.0,0.0,0.0,0.19999999999999993,5.1178752665209035e-17,0.19999999999999996,0.19999999999999987,0.19999999999999996,0.19999999999999984,0.19999999999999993,1.0,1.0,1.0,0.0,0.0,0.0,0.0,0.0,0.0,0.0,0.0,0.0,0.0,0.19999999999999993,5.1178752665209035e-17,0.19999999999999996,0.19999999999999987,0.19999999999999996,0.19999999999999984,0.19999999999999993,1.0,1.0,1.0,0.0,0.0,0.0,0.0,0.0,0.0,0.0,0.0,0.0,0.0,1.0,1.0,1.0,1.0,1.0,0.0,1.0,0.0,0.0,1.0,0.0,0.0,1.0,0.0,0.0,1.0,0.0,0.0,1.0,0.0,1.0,1.0,1.0,1.0,1.0,0.0,0.0,0.0,0.0,1.0,1.0,1.0,1.0,1.0,1.0,1.0,1.0,1.0,1.0,1.0,1.0,10,0,0.0,0.0,0.0,0.0,0.0,0.0,0.0,0.0,0.0,0.0,0.0,1.0,0.0,0.0,0.0,0.0,0.0,1.2000000000004996,1.0,1.0,0.0,0.0,0.0,0,0,0,0,C1,0.0,0.0,0.19999999999999993,1.0,1.0,1.0,0.0,0.0,0.19999999999999993
bitflip,bitflip,0.2,2,10,qiskit_aer,1,1,0.664,0.664,0.0,0.0,0.0,0.0,0.0,0.0,0.3359999999999998,0.019595917942265496,0.31999999999999973,0.31999999999999973,0.3599999999999999,0.31999999999999973,0.3199999999999998,1.0,0.0,1.0,0.0,0.0,0.0,0.0,0.0,0.3359999999999998,0.019595917942265496,0.31999999999999973,0.31999999999999973,0.3599999999999999,0.31999999999999973,0.3199999999999998,1.0,1.0,1.0,0.0,0.0,0.0,0.0,0.0,0.3359999999999998,0.019595917942265496,0.31999999999999973,0.31999999999999973,0.3599999999999999,0.31999999999999973,0.3199999999999998,1.0,1.0,1.0,0.0,0.0,0.0,0.0,0.0,0.0,0.0,0.0,0.0,0.0,0.3359999999999998,0.019595917942265496,0.31999999999999973,0.31999999999999973,0.3599999999999999,0.31999999999999973,0.3199999999999998,1.0,1.0,1.0,0.0,0.0,0.0,0.0,0.0,0.0,0.0,0.0,0.0,0.0,0.3359999999999998,0.019595917942265496,0.31999999999999973,0.31999999999999973,0.3599999999999999,0.31999999999999973,0.3199999999999998,1.0,1.0,1.0,0.0,0.0,0.0,0.0,0.0,0.0,0.0,0.0,0.0,0.0,0.3359999999999998,0.019595917942265496,0.31999999999999973,0.31999999999999973,0.3599999999999999,0.31999999999999973,0.3199999999999998,1.0,1.0,1.0,0.0,0.0,0.0,0.0,0.0,0.0,0.0,0.0,0.0,0.0,1.0,1.0,1.0,1.0,1.0,0.0,1.0,0.0,0.0,1.0,0.0,0.0,1.0,0.0,0.0,1.0,0.0,0.0,1.0,0.0,1.0,1.0,1.0,1.0,1.0,0.0,0.0,0.0,0.0,1.0,1.0,1.0,1.0,1.0,1.0,1.0,1.0,1.0,1.0,1.0,1.0,10,0,0.0,0.0,0.0,0.0,0.0,0.0,0.0,0.0,0.0,0.0,0.0,1.0,0.0,0.0,0.0,0.0,0.0,1.3359999999999668,1.5948411877254657e-19,1.5948411877254657e-19,0.0,0.0,0.0,0,0,0,0,C1,0.0,0.0,0.3359999999999998,1.0,1.0,1.0,0.0,0.0,0.3359999999999998
bitflip,bitflip,0.2,3,10,qiskit_aer,1,1,0.556,0.556,0.0,0.0,0.0,0.0,0.0,0.0,0.4439999999999998,0.03546265641488233,0.45599999999999974,0.40799999999999986,0.47399999999999975,0.3919999999999999,0.3919999999999999,1.0,0.1,1.0,0.0,0.0,0.0,0.0,0.0,0.4439999999999998,0.03546265641488233,0.45599999999999974,0.40799999999999986,0.47399999999999975,0.3919999999999999,0.3919999999999999,1.0,1.0,1.0,0.0,0.0,0.0,0.0,0.0,0.4439999999999998,0.03546265641488233,0.45599999999999974,0.40799999999999986,0.47399999999999975,0.3919999999999999,0.3919999999999999,1.0,1.0,1.0,0.0,0.0,0.0,0.0,0.0,0.0,0.0,0.0,0.0,0.0,0.4439999999999998,0.03546265641488233,0.45599999999999974,0.40799999999999986,0.47399999999999975,0.3919999999999999,0.3919999999999999,1.0,1.0,1.0,0.0,0.0,0.0,0.0,0.0,0.0,0.0,0.0,0.0,0.0,0.4439999999999998,0.03546265641488233,0.45599999999999974,0.40799999999999986,0.47399999999999975,0.3919999999999999,0.3919999999999999,1.0,1.0,1.0,0.0,0.0,0.0,0.0,0.0,0.0,0.0,0.0,0.0,0.0,0.4439999999999998,0.03546265641488233,0.45599999999999974,0.40799999999999986,0.47399999999999975,0.3919999999999999,0.3919999999999999,1.0,1.0,1.0,0.0,0.0,0.0,0.0,0.0,0.0,0.0,0.0,0.0,0.0,0.9,0.9,0.9,0.9,0.9,0.0,0.9,0.1,0.0,0.9,0.1,0.0,0.9,0.1,0.0,0.9,0.1,0.0,0.9,0.0,0.9,0.9,0.9,0.9,0.9,0.0,0.0,0.0,0.0,0.9,0.9,1.0,1.0,1.0,0.9,1.0,1.0,1.0,1.0,1.0,1.0,9,0,0.0,0.0,0.0,0.0,0.0,0.0,0.0,0.0,0.0,0.0,0.0,1.0,0.0,0.0,0.0,0.0,0.0,1.2440000000000153,0.2,0.2,0.0,0.0,0.0,0,0,0,0,C1,0.0,0.0,0.4439999999999998,1.0,1.0,0.9,0.0,0.0,0.4439999999999998
bitflip,bitflip,0.2,4,10,qiskit_aer,1,1,0.48048,0.48048,0.0,0.0,0.0,0.0,0.0,0.0,0.5195199999999999,0.04459983856473026,0.5447999999999998,0.5135999999999998,0.5519999999999998,0.4351999999999998,0.4351999999999998,1.0,0.1,1.0,0.0,0.0,0.0,0.0,0.0,0.5195199999999999,0.04459983856473026,0.5447999999999998,0.5135999999999998,0.5519999999999998,0.4351999999999998,0.4351999999999998,1.0,1.0,1.0,0.0,0.0,0.0,0.0,0.0,0.5195199999999999,0.04459983856473026,0.5447999999999998,0.5135999999999998,0.5519999999999998,0.4351999999999998,0.4351999999999998,1.0,1.0,1.0,0.0,0.0,0.0,0.0,0.0,0.0,0.0,0.0,0.0,0.0,0.5195199999999999,0.04459983856473026,0.5447999999999998,0.5135999999999998,0.5519999999999998,0.4351999999999998,0.4351999999999998,1.0,1.0,1.0,0.0,0.0,0.0,0.0,0.0,0.0,0.0,0.0,0.0,0.0,0.5195199999999999,0.04459983856473026,0.5447999999999998,0.5135999999999998,0.5519999999999998,0.4351999999999998,0.4351999999999998,1.0,1.0,1.0,0.0,0.0,0.0,0.0,0.0,0.0,0.0,0.0,0.0,0.0,0.5195199999999999,0.04459983856473026,0.5447999999999998,0.5135999999999998,0.5519999999999998,0.4351999999999998,0.4351999999999998,1.0,1.0,1.0,0.0,0.0,0.0,0.0,0.0,0.0,0.0,0.0,0.0,0.0,0.9,0.9,0.9,0.9,0.9,0.0,0.9,0.1,0.0,0.9,0.1,0.0,0.9,0.1,0.0,0.9,0.1,0.0,0.9,0.0,0.9,0.9,0.9,0.9,0.9,0.0,0.0,0.0,0.0,0.9,0.9,1.0,1.0,1.0,0.9,1.0,1.0,1.0,1.0,1.0,1.0,9,0,0.0,0.0,0.0,0.0,0.0,0.0,0.0,0.0,0.0,0.0,0.0,1.0,0.0,0.0,0.0,0.0,0.0,1.3195199999999665,0.25,0.25,0.0,0.0,0.0,0,0,0,0,C1,0.0,0.0,0.5195199999999999,1.0,1.0,0.9,0.0,0.0,0.5195199999999999
bitflip,dephasing,0.01,1,10,qiskit_aer,1,1,1.0,1.0,0.0,0.0,1.0,1.0,0.0,0.0,2.220446049250313e-16,0.0,2.220446049250313e-16,2.220446049250313e-16,2.220446049250313e-16,2.220446049250313e-16,2.220446049250313e-16,1.0,0.0,1.0,1.0,0.0,0.0,0.0,0.0,0.004999999999999782,0.0,0.004999999999999782,0.004999999999999782,0.004999999999999782,0.004999999999999782,0.004999999999999782,1.0,1.0,1.0,0.0,0.0,0.0,0.0,0.0,0.004999999999999782,0.0,0.004999999999999782,0.004999999999999782,0.004999999999999782,0.004999999999999782,0.004999999999999782,1.0,1.0,1.0,0.0,0.0,0.0,0.0,0.0,0.0,0.0,0.0,0.0,0.0,0.004999999999999782,0.0,0.004999999999999782,0.004999999999999782,0.004999999999999782,0.004999999999999782,0.004999999999999782,1.0,1.0,1.0,0.0,0.0,0.0,0.0,0.0,0.0,0.0,0.0,0.0,0.0,0.004999999999999782,0.0,0.004999999999999782,0.004999999999999782,0.004999999999999782,0.004999999999999782,0.004999999999999782,1.0,1.0,1.0,0.0,0.0,0.0,0.0,0.0,0.0,0.0,0.0,0.0,0.0,0.004999999999999782,0.0,0.004999999999999782,0.004999999999999782,0.004999999999999782,0.004999999999999782,0.004999999999999782,1.0,1.0,1.0,0.0,0.0,0.0,0.0,0.0,0.0,0.0,0.0,0.0,0.0,1.0,1.0,1.0,1.0,1.0,0.0,1.0,0.0,1.0,1.0,0.0,1.0,1.0,0.0,1.0,1.0,0.0,1.0,1.0,0.0,1.0,1.0,1.0,1.0,1.0,0.0,0.0,0.0,0.0,1.0,1.0,1.0,1.0,1.0,1.0,1.0,1.0,1.0,1.0,1.0,1.0,10,0,0.0,0.0,0.0,0.0,0.0,0.0,0.0,0.0,0.0,0.0,0.0,1.0,0.0,0.0,0.0,0.0,0.0,1.0000000129948268,1.0,1.0,0.0,0.0,0.0,0,0,0,0,C1,0.0,0.0,0.004999999999999782,1.0,1.0,1.0,0.0,0.0,0.004999999999999782
bitflip,dephasing,0.01,2,10,qiskit_aer,1,1,1.0,1.0,0.0,0.0,1.0,1.0,0.0,0.0,0.0,0.0,0.0,0.0,0.0,0.0,0.0,1.0,0.0,1.0,1.0,0.0,0.0,0.0,0.0,0.009949999999999903,0.0,0.009949999999999903,0.009949999999999903,0.009949999999999903,0.009949999999999903,0.009949999999999903,1.0,1.0,1.0,0.0,0.0,0.0,0.0,0.0,0.009949999999999903,0.0,0.009949999999999903,0.009949999999999903,0.009949999999999903,0.009949999999999903,0.009949999999999903,1.0,1.0,1.0,0.0,0.0,0.0,0.0,0.0,0.0,0.0,0.0,0.0,0.0,0.009949999999999903,0.0,0.009949999999999903,0.009949999999999903,0.009949999999999903,0.009949999999999903,0.009949999999999903,1.0,1.0,1.0,0.0,0.0,0.0,0.0,0.0,0.0,0.0,0.0,0.0,0.0,0.009949999999999903,0.0,0.009949999999999903,0.009949999999999903,0.009949999999999903,0.009949999999999903,0.009949999999999903,1.0,1.0,1.0,0.0,0.0,0.0,0.0,0.0,0.0,0.0,0.0,0.0,0.0,0.009949999999999903,0.0,0.009949999999999903,0.009949999999999903,0.009949999999999903,0.009949999999999903,0.009949999999999903,1.0,1.0,1.0,0.0,0.0,0.0,0.0,0.0,0.0,0.0,0.0,0.0,0.0,1.0,1.0,1.0,1.0,1.0,0.0,1.0,0.0,1.0,1.0,0.0,1.0,1.0,0.0,1.0,1.0,0.0,1.0,1.0,0.0,1.0,1.0,1.0,1.0,1.0,0.0,0.0,0.0,0.0,1.0,1.0,1.0,1.0,1.0,1.0,1.0,1.0,1.0,1.0,1.0,1.0,10,0,0.0,0.0,0.0,0.0,0.0,0.0,0.0,0.0,0.0,0.0,0.0,1.0,0.0,0.0,0.0,0.0,0.0,1.0000000129948268,1.0,1.0,0.0,0.0,0.0,0,0,0,0,C1,0.0,0.0,0.009949999999999903,1.0,1.0,1.0,0.0,0.0,0.009949999999999903
bitflip,dephasing,0.01,3,10,qiskit_aer,1,1,1.0,1.0,0.0,0.0,1.0,1.0,0.0,0.0,-5.551115123125783e-16,0.0,-5.551115123125783e-16,-5.551115123125783e-16,-5.551115123125783e-16,-5.551115123125783e-16,-5.551115123125783e-16,1.0,0.0,0.0,1.0,0.0,1.0,1.0,1.0,0.014850499999999878,0.0,0.014850499999999878,0.014850499999999878,0.014850499999999878,0.014850499999999878,0.014850499999999878,1.0,1.0,1.0,0.0,0.0,0.0,0.0,0.0,0.014850499999999878,0.0,0.014850499999999878,0.014850499999999878,0.014850499999999878,0.014850499999999878,0.014850499999999878,1.0,1.0,1.0,0.0,0.0,0.0,0.0,0.0,0.0,0.0,0.0,0.0,0.0,0.014850499999999878,0.0,0.014850499999999878,0.014850499999999878,0.014850499999999878,0.014850499999999878,0.014850499999999878,1.0,1.0,1.0,0.0,0.0,0.0,0.0,0.0,0.0,0.0,0.0,0.0,0.0,0.014850499999999878,0.0,0.014850499999999878,0.014850499999999878,0.014850499999999878,0.014850499999999878,0.014850499999999878,1.0,1.0,1.0,0.0,0.0,0.0,0.0,0.0,0.0,0.0,0.0,0.0,0.0,0.014850499999999878,0.0,0.014850499999999878,0.014850499999999878,0.014850499999999878,0.014850499999999878,0.014850499999999878,1.0,1.0,1.0,0.0,0.0,0.0,0.0,0.0,0.0,0.0,0.0,0.0,0.0,1.0,1.0,1.0,1.0,1.0,0.0,1.0,0.0,1.0,1.0,0.0,1.0,1.0,0.0,1.0,1.0,0.0,1.0,1.0,0.0,1.0,1.0,1.0,1.0,1.0,0.0,0.0,0.0,0.0,1.0,1.0,1.0,1.0,1.0,1.0,1.0,1.0,1.0,1.0,1.0,1.0,10,0,0.0,0.0,0.0,1.0,0.0,0.0,0.0,0.0,0.0,0.0,0.0,1.0,0.0,0.0,0.0,0.0,0.0,1.0000000129948268,1.0,1.0,0.0,0.0,0.0,0,0,0,0,C1,0.0,0.0,0.014850499999999878,1.0,1.0,1.0,0.0,0.0,0.014850499999999878
bitflip,dephasing,0.01,4,10,qiskit_aer,1,1,1.0,1.0,0.0,0.0,1.0,1.0,0.0,0.0,3.3306690738754696e-16,0.0,3.3306690738754696e-16,3.3306690738754696e-16,3.3306690738754696e-16,3.3306690738754696e-16,3.3306690738754696e-16,1.0,0.0,0.0,1.0,0.0,1.0,1.0,1.0,0.019701994999999695,0.0,0.019701994999999695,0.019701994999999695,0.019701994999999695,0.019701994999999695,0.019701994999999695,1.0,1.0,1.0,0.0,0.0,0.0,0.0,0.0,0.019701994999999695,0.0,0.019701994999999695,0.019701994999999695,0.019701994999999695,0.019701994999999695,0.019701994999999695,1.0,1.0,1.0,0.0,0.0,0.0,0.0,0.0,0.0,0.0,0.0,0.0,0.0,0.019701994999999695,0.0,0.019701994999999695,0.019701994999999695,0.019701994999999695,0.019701994999999695,0.019701994999999695,1.0,1.0,1.0,0.0,0.0,0.0,0.0,0.0,0.0,0.0,0.0,0.0,0.0,0.019701994999999695,0.0,0.019701994999999695,0.019701994999999695,0.019701994999999695,0.019701994999999695,0.019701994999999695,1.0,1.0,1.0,0.0,0.0,0.0,0.0,0.0,0.0,0.0,0.0,0.0,0.0,0.019701994999999695,0.0,0.019701994999999695,0.019701994999999695,0.019701994999999695,0.019701994999999695,0.019701994999999695,1.0,1.0,1.0,0.0,0.0,0.0,0.0,0.0,0.0,0.0,0.0,0.0,0.0,1.0,1.0,1.0,1.0,1.0,0.0,1.0,0.0,1.0,1.0,0.0,1.0,1.0,0.0,1.0,1.0,0.0,1.0,1.0,0.0,1.0,1.0,1.0,1.0,1.0,0.0,0.0,0.0,0.0,1.0,1.0,1.0,1.0,1.0,1.0,1.0,1.0,1.0,1.0,1.0,1.0,10,0,0.0,0.0,0.0,1.0,0.0,0.0,0.0,0.0,0.0,0.0,0.0,1.0,0.0,0.0,0.0,0.0,0.0,1.0000000129948268,1.0,1.0,0.0,0.0,0.0,0,0,0,0,C1,0.0,0.0,0.019701994999999695,1.0,1.0,1.0,0.0,0.0,0.019701994999999695
bitflip,dephasing,0.03,1,10,qiskit_aer,1,1,1.0,1.0,0.0,0.0,1.0,1.0,0.0,0.0,-1.1102230246251565e-16,0.0,-1.1102230246251565e-16,-1.1102230246251565e-16,-1.1102230246251565e-16,-1.1102230246251565e-16,-1.1102230246251565e-16,1.0,0.0,0.0,1.0,0.0,1.0,1.0,1.0,0.014999999999999791,0.0,0.014999999999999791,0.014999999999999791,0.014999999999999791,0.014999999999999791,0.014999999999999791,1.0,1.0,1.0,0.0,0.0,0.0,0.0,0.0,0.014999999999999791,0.0,0.014999999999999791,0.014999999999999791,0.014999999999999791,0.014999999999999791,0.014999999999999791,1.0,1.0,1.0,0.0,0.0,0.0,0.0,0.0,0.0,0.0,0.0,0.0,0.0,0.014999999999999791,0.0,0.014999999999999791,0.014999999999999791,0.014999999999999791,0.014999999999999791,0.014999999999999791,1.0,1.0,1.0,0.0,0.0,0.0,0.0,0.0,0.0,0.0,0.0,0.0,0.0,0.014999999999999791,0.0,0.014999999999999791,0.014999999999999791,0.014999999999999791,0.014999999999999791,0.014999999999999791,1.0,1.0,1.0,0.0,0.0,0.0,0.0,0.0,0.0,0.0,0.0,0.0,0.0,0.014999999999999791,0.0,0.014999999999999791,0.014999999999999791,0.014999999999999791,0.014999999999999791,0.014999999999999791,1.0,1.0,1.0,0.0,0.0,0.0,0.0,0.0,0.0,0.0,0.0,0.0,0.0,1.0,1.0,1.0,1.0,1.0,0.0,1.0,0.0,1.0,1.0,0.0,1.0,1.0,0.0,1.0,1.0,0.0,1.0,1.0,0.0,1.0,1.0,1.0,1.0,1.0,0.0,0.0,0.0,0.0,1.0,1.0,1.0,1.0,1.0,1.0,1.0,1.0,1.0,1.0,1.0,1.0,10,0,0.0,0.0,0.0,1.0,0.0,0.0,0.0,0.0,0.0,0.0,0.0,1.0,0.0,0.0,0.0,0.0,0.0,1.0000000129948268,1.0,1.0,0.0,0.0,0.0,0,0,0,0,C1,0.0,0.0,0.014999999999999791,1.0,1.0,1.0,0.0,0.0,0.014999999999999791
bitflip,dephasing,0.03,2,10,qiskit_aer,1,1,1.0,1.0,0.0,0.0,1.0,1.0,0.0,0.0,0.0,0.0,0.0,0.0,0.0,0.0,0.0,1.0,0.0,0.0,1.0,0.0,1.0,1.0,1.0,0.029549999999999743,0.0,0.029549999999999743,0.029549999999999743,0.029549999999999743,0.029549999999999743,0.029549999999999743,1.0,1.0,1.0,0.0,0.0,0.0,0.0,0.0,0.029549999999999743,0.0,0.029549999999999743,0.029549999999999743,0.029549999999999743,0.029549999999999743,0.029549999999999743,1.0,1.0,1.0,0.0,0.0,0.0,0.0,0.0,0.0,0.0,0.0,0.0,0.0,0.029549999999999743,0.0,0.029549999999999743,0.029549999999999743,0.029549999999999743,0.029549999999999743,0.029549999999999743,1.0,1.0,1.0,0.0,0.0,0.0,0.0,0.0,0.0,0.0,0.0,0.0,0.0,0.029549999999999743,0.0,0.029549999999999743,0.029549999999999743,0.029549999999999743,0.029549999999999743,0.029549999999999743,1.0,1.0,1.0,0.0,0.0,0.0,0.0,0.0,0.0,0.0,0.0,0.0,0.0,0.029549999999999743,0.0,0.029549999999999743,0.029549999999999743,0.029549999999999743,0.029549999999999743,0.029549999999999743,1.0,1.0,1.0,0.0,0.0,0.0,0.0,0.0,0.0,0.0,0.0,0.0,0.0,1.0,1.0,1.0,1.0,1.0,0.0,1.0,0.0,1.0,1.0,0.0,1.0,1.0,0.0,1.0,1.0,0.0,1.0,1.0,0.0,1.0,1.0,1.0,1.0,1.0,0.0,0.0,0.0,0.0,1.0,1.0,1.0,1.0,1.0,1.0,1.0,1.0,1.0,1.0,1.0,1.0,10,0,0.0,0.0,0.0,1.0,0.0,0.0,0.0,0.0,0.0,0.0,0.0,1.0,0.0,0.0,0.0,0.0,0.0,1.0000000129948268,1.0,1.0,0.0,0.0,0.0,0,0,0,0,C1,0.0,0.0,0.029549999999999743,1.0,1.0,1.0,0.0,0.0,0.029549999999999743
bitflip,dephasing,0.03,3,10,qiskit_aer,1,1,1.0,1.0,0.0,0.0,1.0,1.0,0.0,0.0,0.0,0.0,0.0,0.0,0.0,0.0,0.0,1.0,0.0,0.0,1.0,0.0,1.0,1.0,1.0,0.04366349999999952,0.0,0.04366349999999952,0.04366349999999952,0.04366349999999952,0.04366349999999952,0.04366349999999952,1.0,1.0,1.0,0.0,0.0,0.0,0.0,0.0,0.04366349999999952,0.0,0.04366349999999952,0.04366349999999952,0.04366349999999952,0.04366349999999952,0.04366349999999952,1.0,1.0,1.0,0.0,0.0,0.0,0.0,0.0,0.0,0.0,0.0,0.0,0.0,0.04366349999999952,0.0,0.04366349999999952,0.04366349999999952,0.04366349999999952,0.04366349999999952,0.04366349999999952,1.0,1.0,1.0,0.0,0.0,0.0,0.0,0.0,0.0,0.0,0.0,0.0,0.0,0.04366349999999952,0.0,0.04366349999999952,0.04366349999999952,0.04366349999999952,0.04366349999999952,0.04366349999999952,1.0,1.0,1.0,0.0,0.0,0.0,0.0,0.0,0.0,0.0,0.0,0.0,0.0,0.04366349999999952,0.0,0.04366349999999952,0.04366349999999952,0.04366349999999952,0.04366349999999952,0.04366349999999952,1.0,1.0,1.0,0.0,0.0,0.0,0.0,0.0,0.0,0.0,0.0,0.0,0.0,1.0,1.0,1.0,1.0,1.0,0.0,1.0,0.0,1.0,1.0,0.0,1.0,1.0,0.0,1.0,1.0,0.0,1.0,1.0,0.0,1.0,1.0,1.0,1.0,1.0,0.0,0.0,0.0,0.0,1.0,1.0,1.0,1.0,1.0,1.0,1.0,1.0,1.0,1.0,1.0,1.0,10,0,0.0,0.0,0.0,1.0,0.0,0.0,0.0,0.0,0.0,0.0,0.0,1.0,0.0,0.0,0.0,0.0,0.0,1.0000000129948268,1.0,1.0,0.0,0.0,0.0,0,0,0,0,C1,0.0,0.0,0.04366349999999952,1.0,1.0,1.0,0.0,0.0,0.04366349999999952
bitflip,dephasing,0.03,4,10,qiskit_aer,1,1,1.0,1.0,0.0,0.0,1.0,1.0,0.0,0.0,1.1102230246251565e-16,0.0,1.1102230246251565e-16,1.1102230246251565e-16,1.1102230246251565e-16,1.1102230246251565e-16,1.1102230246251565e-16,1.0,0.0,0.0,1.0,0.0,1.0,1.0,1.0,0.0573535949999997,0.0,0.0573535949999997,0.0573535949999997,0.0573535949999997,0.0573535949999997,0.0573535949999997,1.0,1.0,1.0,0.0,0.0,0.0,0.0,0.0,0.0573535949999997,0.0,0.0573535949999997,0.0573535949999997,0.0573535949999997,0.0573535949999997,0.0573535949999997,1.0,1.0,1.0,0.0,0.0,0.0,0.0,0.0,0.0,0.0,0.0,0.0,0.0,0.0573535949999997,0.0,0.0573535949999997,0.0573535949999997,0.0573535949999997,0.0573535949999997,0.0573535949999997,1.0,1.0,1.0,0.0,0.0,0.0,0.0,0.0,0.0,0.0,0.0,0.0,0.0,0.0573535949999997,0.0,0.0573535949999997,0.0573535949999997,0.0573535949999997,0.0573535949999997,0.0573535949999997,1.0,1.0,1.0,0.0,0.0,0.0,0.0,0.0,0.0,0.0,0.0,0.0,0.0,0.0573535949999997,0.0,0.0573535949999997,0.0573535949999997,0.0573535949999997,0.0573535949999997,0.0573535949999997,1.0,1.0,1.0,0.0,0.0,0.0,0.0,0.0,0.0,0.0,0.0,0.0,0.0,1.0,1.0,1.0,1.0,1.0,0.0,1.0,0.0,1.0,1.0,0.0,1.0,1.0,0.0,1.0,1.0,0.0,1.0,1.0,0.0,1.0,1.0,1.0,1.0,1.0,0.0,0.0,0.0,0.0,1.0,1.0,1.0,1.0,1.0,1.0,1.0,1.0,1.0,1.0,1.0,1.0,10,0,0.0,0.0,0.0,1.0,0.0,0.0,0.0,0.0,0.0,0.0,0.0,1.0,0.0,0.0,0.0,0.0,0.0,1.0000000129948268,1.0,1.0,0.0,0.0,0.0,0,0,0,0,C1,0.0,0.0,0.0573535949999997,1.0,1.0,1.0,0.0,0.0,0.0573535949999997
bitflip,dephasing,0.05,1,10,qiskit_aer,1,1,1.0,1.0,0.0,0.0,1.0,1.0,0.0,0.0,3.3306690738754696e-16,0.0,3.3306690738754696e-16,3.3306690738754696e-16,3.3306690738754696e-16,3.3306690738754696e-16,3.3306690738754696e-16,1.0,0.0,0.0,1.0,0.0,1.0,1.0,1.0,0.02499999999999991,0.0,0.02499999999999991,0.02499999999999991,0.02499999999999991,0.02499999999999991,0.02499999999999991,1.0,1.0,1.0,0.0,0.0,0.0,0.0,0.0,0.02499999999999991,0.0,0.02499999999999991,0.02499999999999991,0.02499999999999991,0.02499999999999991,0.02499999999999991,1.0,1.0,1.0,0.0,0.0,0.0,0.0,0.0,0.0,0.0,0.0,0.0,0.0,0.02499999999999991,0.0,0.02499999999999991,0.02499999999999991,0.02499999999999991,0.02499999999999991,0.02499999999999991,1.0,1.0,1.0,0.0,0.0,0.0,0.0,0.0,0.0,0.0,0.0,0.0,0.0,0.02499999999999991,0.0,0.02499999999999991,0.02499999999999991,0.02499999999999991,0.02499999999999991,0.02499999999999991,1.0,1.0,1.0,0.0,0.0,0.0,0.0,0.0,0.0,0.0,0.0,0.0,0.0,0.02499999999999991,0.0,0.02499999999999991,0.02499999999999991,0.02499999999999991,0.02499999999999991,0.02499999999999991,1.0,1.0,1.0,0.0,0.0,0.0,0.0,0.0,0.0,0.0,0.0,0.0,0.0,1.0,1.0,1.0,1.0,1.0,0.0,1.0,0.0,1.0,1.0,0.0,1.0,1.0,0.0,1.0,1.0,0.0,1.0,1.0,0.0,1.0,1.0,1.0,1.0,1.0,0.0,0.0,0.0,0.0,1.0,1.0,1.0,1.0,1.0,1.0,1.0,1.0,1.0,1.0,1.0,1.0,10,0,0.0,0.0,0.0,1.0,0.0,0.0,0.0,0.0,0.0,0.0,0.0,1.0,0.0,0.0,0.0,0.0,0.0,1.0000000129948268,1.0,1.0,0.0,0.0,0.0,0,0,0,0,C1,0.0,0.0,0.02499999999999991,1.0,1.0,1.0,0.0,0.0,0.02499999999999991
bitflip,dephasing,0.05,2,10,qiskit_aer,1,1,1.0,1.0,0.0,0.0,1.0,1.0,0.0,0.0,4.440892098500626e-16,0.0,4.440892098500626e-16,4.440892098500626e-16,4.440892098500626e-16,4.440892098500626e-16,4.440892098500626e-16,1.0,0.0,0.0,1.0,0.0,1.0,1.0,1.0,0.04874999999999985,0.0,0.04874999999999985,0.04874999999999985,0.04874999999999985,0.04874999999999985,0.04874999999999985,1.0,1.0,1.0,0.0,0.0,0.0,0.0,0.0,0.04874999999999985,0.0,0.04874999999999985,0.04874999999999985,0.04874999999999985,0.04874999999999985,0.04874999999999985,1.0,1.0,1.0,0.0,0.0,0.0,0.0,0.0,0.0,0.0,0.0,0.0,0.0,0.04874999999999985,0.0,0.04874999999999985,0.04874999999999985,0.04874999999999985,0.04874999999999985,0.04874999999999985,1.0,1.0,1.0,0.0,0.0,0.0,0.0,0.0,0.0,0.0,0.0,0.0,0.0,0.04874999999999985,0.0,0.04874999999999985,0.04874999999999985,0.04874999999999985,0.04874999999999985,0.04874999999999985,1.0,1.0,1.0,0.0,0.0,0.0,0.0,0.0,0.0,0.0,0.0,0.0,0.0,0.04874999999999985,0.0,0.04874999999999985,0.04874999999999985,0.04874999999999985,0.04874999999999985,0.04874999999999985,1.0,1.0,1.0,0.0,0.0,0.0,0.0,0.0,0.0,0.0,0.0,0.0,0.0,1.0,1.0,1.0,1.0,1.0,0.0,1.0,0.0,1.0,1.0,0.0,1.0,1.0,0.0,1.0,1.0,0.0,1.0,1.0,0.0,1.0,1.0,1.0,1.0,1.0,0.0,0.0,0.0,0.0,1.0,1.0,1.0,1.0,1.0,1.0,1.0,1.0,1.0,1.0,1.0,1.0,10,0,0.0,0.0,0.0,1.0,0.0,0.0,0.0,0.0,0.0,0.0,0.0,1.0,0.0,0.0,0.0,0.0,0.0,1.0000000129948268,1.0,1.0,0.0,0.0,0.0,0,0,0,0,C1,0.0,0.0,0.04874999999999985,1.0,1.0,1.0,0.0,0.0,0.04874999999999985
bitflip,dephasing,0.05,3,10,qiskit_aer,1,1,1.0,1.0,0.0,0.0,1.0,1.0,0.0,0.0,-2.220446049250313e-16,0.0,-2.220446049250313e-16,-2.220446049250313e-16,-2.220446049250313e-16,-2.220446049250313e-16,-2.220446049250313e-16,1.0,0.0,0.0,1.0,0.0,1.0,1.0,1.0,0.07131249999999978,0.0,0.07131249999999978,0.07131249999999978,0.07131249999999978,0.07131249999999978,0.07131249999999978,1.0,1.0,1.0,0.0,0.0,0.0,0.0,0.0,0.07131249999999978,0.0,0.07131249999999978,0.07131249999999978,0.07131249999999978,0.07131249999999978,0.07131249999999978,1.0,1.0,1.0,0.0,0.0,0.0,0.0,0.0,0.0,0.0,0.0,0.0,0.0,0.07131249999999978,0.0,0.07131249999999978,0.07131249999999978,0.07131249999999978,0.07131249999999978,0.07131249999999978,1.0,1.0,1.0,0.0,0.0,0.0,0.0,0.0,0.0,0.0,0.0,0.0,0.0,0.07131249999999978,0.0,0.07131249999999978,0.07131249999999978,0.07131249999999978,0.07131249999999978,0.07131249999999978,1.0,1.0,1.0,0.0,0.0,0.0,0.0,0.0,0.0,0.0,0.0,0.0,0.0,0.07131249999999978,0.0,0.07131249999999978,0.07131249999999978,0.07131249999999978,0.07131249999999978,0.07131249999999978,1.0,1.0,1.0,0.0,0.0,0.0,0.0,0.0,0.0,0.0,0.0,0.0,0.0,1.0,1.0,1.0,1.0,1.0,0.0,1.0,0.0,1.0,1.0,0.0,1.0,1.0,0.0,1.0,1.0,0.0,1.0,1.0,0.0,1.0,1.0,1.0,1.0,1.0,0.0,0.0,0.0,0.0,1.0,1.0,1.0,1.0,1.0,1.0,1.0,1.0,1.0,1.0,1.0,1.0,10,0,0.0,0.0,0.0,1.0,0.0,0.0,0.0,0.0,0.0,0.0,0.0,1.0,0.0,0.0,0.0,0.0,0.0,1.0000000129948268,1.0,1.0,0.0,0.0,0.0,0,0,0,0,C1,0.0,0.0,0.07131249999999978,1.0,1.0,1.0,0.0,0.0,0.07131249999999978
bitflip,dephasing,0.05,4,10,qiskit_aer,1,1,1.0,1.0,0.0,0.0,1.0,1.0,0.0,0.0,1.1102230246251565e-16,0.0,1.1102230246251565e-16,1.1102230246251565e-16,1.1102230246251565e-16,1.1102230246251565e-16,1.1102230246251565e-16,1.0,0.0,0.0,1.0,0.0,1.0,1.0,1.0,0.0927468749999999,0.0,0.0927468749999999,0.0927468749999999,0.0927468749999999,0.0927468749999999,0.0927468749999999,1.0,1.0,1.0,0.0,0.0,0.0,0.0,0.0,0.0927468749999999,0.0,0.0927468749999999,0.0927468749999999,0.0927468749999999,0.0927468749999999,0.0927468749999999,1.0,1.0,1.0,0.0,0.0,0.0,0.0,0.0,0.0,0.0,0.0,0.0,0.0,0.0927468749999999,0.0,0.0927468749999999,0.0927468749999999,0.0927468749999999,0.0927468749999999,0.0927468749999999,1.0,1.0,1.0,0.0,0.0,0.0,0.0,0.0,0.0,0.0,0.0,0.0,0.0,0.0927468749999999,0.0,0.0927468749999999,0.0927468749999999,0.0927468749999999,0.0927468749999999,0.0927468749999999,1.0,1.0,1.0,0.0,0.0,0.0,0.0,0.0,0.0,0.0,0.0,0.0,0.0,0.0927468749999999,0.0,0.0927468749999999,0.0927468749999999,0.0927468749999999,0.0927468749999999,0.0927468749999999,1.0,1.0,1.0,0.0,0.0,0.0,0.0,0.0,0.0,0.0,0.0,0.0,0.0,1.0,1.0,1.0,1.0,1.0,0.0,1.0,0.0,1.0,1.0,0.0,1.0,1.0,0.0,1.0,1.0,0.0,1.0,1.0,0.0,1.0,1.0,1.0,1.0,1.0,0.0,0.0,0.0,0.0,1.0,1.0,1.0,1.0,1.0,1.0,1.0,1.0,1.0,1.0,1.0,1.0,10,0,0.0,0.0,0.0,1.0,0.0,0.0,0.0,0.0,0.0,0.0,0.0,1.0,0.0,0.0,0.0,0.0,0.0,1.0000000129948268,1.0,1.0,0.0,0.0,0.0,0,0,0,0,C1,0.0,0.0,0.0927468749999999,1.0,1.0,1.0,0.0,0.0,0.0927468749999999
bitflip,dephasing,0.1,1,10,qiskit_aer,1,1,1.0,1.0,0.0,0.0,1.0,1.0,0.0,0.0,-1.1102230246251565e-16,0.0,-1.1102230246251565e-16,-1.1102230246251565e-16,-1.1102230246251565e-16,-1.1102230246251565e-16,-1.1102230246251565e-16,1.0,0.0,0.0,1.0,0.0,1.0,1.0,1.0,0.04999999999999993,0.0,0.04999999999999993,0.04999999999999993,0.04999999999999993,0.04999999999999993,0.04999999999999993,1.0,1.0,1.0,0.0,0.0,0.0,0.0,0.0,0.04999999999999993,0.0,0.04999999999999993,0.04999999999999993,0.04999999999999993,0.04999999999999993,0.04999999999999993,1.0,1.0,1.0,0.0,0.0,0.0,0.0,0.0,0.0,0.0,0.0,0.0,0.0,0.04999999999999993,0.0,0.04999999999999993,0.04999999999999993,0.04999999999999993,0.04999999999999993,0.04999999999999993,1.0,1.0,1.0,0.0,0.0,0.0,0.0,0.0,0.0,0.0,0.0,0.0,0.0,0.04999999999999993,0.0,0.04999999999999993,0.04999999999999993,0.04999999999999993,0.04999999999999993,0.04999999999999993,1.0,1.0,1.0,0.0,0.0,0.0,0.0,0.0,0.0,0.0,0.0,0.0,0.0,0.04999999999999993,0.0,0.04999999999999993,0.04999999999999993,0.04999999999999993,0.04999999999999993,0.04999999999999993,1.0,1.0,1.0,0.0,0.0,0.0,0.0,0.0,0.0,0.0,0.0,0.0,0.0,1.0,1.0,1.0,1.0,1.0,0.0,1.0,0.0,1.0,1.0,0.0,1.0,1.0,0.0,1.0,1.0,0.0,1.0,1.0,0.0,1.0,1.0,1.0,1.0,1.0,0.0,0.0,0.0,0.0,1.0,1.0,1.0,1.0,1.0,1.0,1.0,1.0,1.0,1.0,1.0,1.0,10,0,0.0,0.0,0.0,1.0,0.0,0.0,0.0,0.0,0.0,0.0,0.0,1.0,0.0,0.0,0.0,0.0,0.0,1.0000000129948268,1.0,1.0,0.0,0.0,0.0,0,0,0,0,C1,0.0,0.0,0.04999999999999993,1.0,1.0,1.0,0.0,0.0,0.04999999999999993
bitflip,dephasing,0.1,2,10,qiskit_aer,1,1,1.0,1.0,0.0,0.0,1.0,1.0,0.0,0.0,1.1102230246251565e-16,0.0,1.1102230246251565e-16,1.1102230246251565e-16,1.1102230246251565e-16,1.1102230246251565e-16,1.1102230246251565e-16,1.0,0.0,0.0,1.0,0.0,1.0,1.0,1.0,0.09499999999999997,0.0,0.09499999999999997,0.09499999999999997,0.09499999999999997,0.09499999999999997,0.09499999999999997,1.0,1.0,1.0,0.0,0.0,0.0,0.0,0.0,0.09499999999999997,0.0,0.09499999999999997,0.09499999999999997,0.09499999999999997,0.09499999999999997,0.09499999999999997,1.0,1.0,1.0,0.0,0.0,0.0,0.0,0.0,0.0,0.0,0.0,0.0,0.0,0.09499999999999997,0.0,0.09499999999999997,0.09499999999999997,0.09499999999999997,0.09499999999999997,0.09499999999999997,1.0,1.0,1.0,0.0,0.0,0.0,0.0,0.0,0.0,0.0,0.0,0.0,0.0,0.09499999999999997,0.0,0.09499999999999997,0.09499999999999997,0.09499999999999997,0.09499999999999997,0.09499999999999997,1.0,1.0,1.0,0.0,0.0,0.0,0.0,0.0,0.0,0.0,0.0,0.0,0.0,0.09499999999999997,0.0,0.09499999999999997,0.09499999999999997,0.09499999999999997,0.09499999999999997,0.09499999999999997,1.0,1.0,1.0,0.0,0.0,0.0,0.0,0.0,0.0,0.0,0.0,0.0,0.0,1.0,1.0,1.0,1.0,1.0,0.0,1.0,0.0,1.0,1.0,0.0,1.0,1.0,0.0,1.0,1.0,0.0,1.0,1.0,0.0,1.0,1.0,1.0,1.0,1.0,0.0,0.0,0.0,0.0,1.0,1.0,1.0,1.0,1.0,1.0,1.0,1.0,1.0,1.0,1.0,1.0,10,0,0.0,0.0,0.0,1.0,0.0,0.0,0.0,0.0,0.0,0.0,0.0,1.0,0.0,0.0,0.0,0.0,0.0,1.0000000129948268,1.0,1.0,0.0,0.0,0.0,0,0,0,0,C1,0.0,0.0,0.09499999999999997,1.0,1.0,1.0,0.0,0.0,0.09499999999999997
bitflip,dephasing,0.1,3,10,qiskit_aer,1,1,1.0,1.0,0.0,0.0,1.0,1.0,0.0,0.0,-2.220446049250313e-16,0.0,-2.220446049250313e-16,-2.220446049250313e-16,-2.220446049250313e-16,-2.220446049250313e-16,-2.220446049250313e-16,1.0,0.0,0.0,1.0,0.0,1.0,1.0,1.0,0.13549999999999995,0.0,0.13549999999999995,0.13549999999999995,0.13549999999999995,0.13549999999999995,0.13549999999999995,1.0,1.0,1.0,0.0,0.0,0.0,0.0,0.0,0.13549999999999995,0.0,0.13549999999999995,0.13549999999999995,0.13549999999999995,0.13549999999999995,0.13549999999999995,1.0,1.0,1.0,0.0,0.0,0.0,0.0,0.0,0.0,0.0,0.0,0.0,0.0,0.13549999999999995,0.0,0.13549999999999995,0.13549999999999995,0.13549999999999995,0.13549999999999995,0.13549999999999995,1.0,1.0,1.0,0.0,0.0,0.0,0.0,0.0,0.0,0.0,0.0,0.0,0.0,0.13549999999999995,0.0,0.13549999999999995,0.13549999999999995,0.13549999999999995,0.13549999999999995,0.13549999999999995,1.0,1.0,1.0,0.0,0.0,0.0,0.0,0.0,0.0,0.0,0.0,0.0,0.0,0.13549999999999995,0.0,0.13549999999999995,0.13549999999999995,0.13549999999999995,0.13549999999999995,0.13549999999999995,1.0,1.0,1.0,0.0,0.0,0.0,0.0,0.0,0.0,0.0,0.0,0.0,0.0,1.0,1.0,1.0,1.0,1.0,0.0,1.0,0.0,1.0,1.0,0.0,1.0,1.0,0.0,1.0,1.0,0.0,1.0,1.0,0.0,1.0,1.0,1.0,1.0,1.0,0.0,0.0,0.0,0.0,1.0,1.0,1.0,1.0,1.0,1.0,1.0,1.0,1.0,1.0,1.0,1.0,10,0,0.0,0.0,0.0,1.0,0.0,0.0,0.0,0.0,0.0,0.0,0.0,1.0,0.0,0.0,0.0,0.0,0.0,1.0000000129948268,1.0,1.0,0.0,0.0,0.0,0,0,0,0,C1,0.0,0.0,0.13549999999999995,1.0,1.0,1.0,0.0,0.0,0.13549999999999995
bitflip,dephasing,0.1,4,10,qiskit_aer,1,1,1.0,1.0,0.0,0.0,1.0,1.0,0.0,0.0,0.0,0.0,0.0,0.0,0.0,0.0,0.0,1.0,0.0,0.0,1.0,0.0,1.0,1.0,1.0,0.17195000000000005,0.0,0.17195000000000005,0.17195000000000005,0.17195000000000005,0.17195000000000005,0.17195000000000005,1.0,1.0,1.0,0.0,0.0,0.0,0.0,0.0,0.17195000000000005,0.0,0.17195000000000005,0.17195000000000005,0.17195000000000005,0.17195000000000005,0.17195000000000005,1.0,1.0,1.0,0.0,0.0,0.0,0.0,0.0,0.0,0.0,0.0,0.0,0.0,0.17195000000000005,0.0,0.17195000000000005,0.17195000000000005,0.17195000000000005,0.17195000000000005,0.17195000000000005,1.0,1.0,1.0,0.0,0.0,0.0,0.0,0.0,0.0,0.0,0.0,0.0,0.0,0.17195000000000005,0.0,0.17195000000000005,0.17195000000000005,0.17195000000000005,0.17195000000000005,0.17195000000000005,1.0,1.0,1.0,0.0,0.0,0.0,0.0,0.0,0.0,0.0,0.0,0.0,0.0,0.17195000000000005,0.0,0.17195000000000005,0.17195000000000005,0.17195000000000005,0.17195000000000005,0.17195000000000005,1.0,1.0,1.0,0.0,0.0,0.0,0.0,0.0,0.0,0.0,0.0,0.0,0.0,1.0,1.0,1.0,1.0,1.0,0.0,1.0,0.0,1.0,1.0,0.0,1.0,1.0,0.0,1.0,1.0,0.0,1.0,1.0,0.0,1.0,1.0,1.0,1.0,1.0,0.0,0.0,0.0,0.0,1.0,1.0,1.0,1.0,1.0,1.0,1.0,1.0,1.0,1.0,1.0,1.0,10,0,0.0,0.0,0.0,1.0,0.0,0.0,0.0,0.0,0.0,0.0,0.0,1.0,0.0,0.0,0.0,0.0,0.0,1.0000000129948268,1.0,1.0,0.0,0.0,0.0,0,0,0,0,C1,0.0,0.0,0.17195000000000005,1.0,1.0,1.0,0.0,0.0,0.17195000000000005
bitflip,dephasing,0.15,1,10,qiskit_aer,1,1,1.0,1.0,0.0,0.0,1.0,1.0,0.0,0.0,1.1102230246251565e-16,0.0,1.1102230246251565e-16,1.1102230246251565e-16,1.1102230246251565e-16,1.1102230246251565e-16,1.1102230246251565e-16,1.0,0.0,0.0,1.0,0.0,1.0,1.0,1.0,0.07499999999999962,0.0,0.07499999999999962,0.07499999999999962,0.07499999999999962,0.07499999999999962,0.07499999999999962,1.0,1.0,1.0,0.0,0.0,0.0,0.0,0.0,0.07499999999999962,0.0,0.07499999999999962,0.07499999999999962,0.07499999999999962,0.07499999999999962,0.07499999999999962,1.0,1.0,1.0,0.0,0.0,0.0,0.0,0.0,0.0,0.0,0.0,0.0,0.0,0.07499999999999962,0.0,0.07499999999999962,0.07499999999999962,0.07499999999999962,0.07499999999999962,0.07499999999999962,1.0,1.0,1.0,0.0,0.0,0.0,0.0,0.0,0.0,0.0,0.0,0.0,0.0,0.07499999999999962,0.0,0.07499999999999962,0.07499999999999962,0.07499999999999962,0.07499999999999962,0.07499999999999962,1.0,1.0,1.0,0.0,0.0,0.0,0.0,0.0,0.0,0.0,0.0,0.0,0.0,0.07499999999999962,0.0,0.07499999999999962,0.07499999999999962,0.07499999999999962,0.07499999999999962,0.07499999999999962,1.0,1.0,1.0,0.0,0.0,0.0,0.0,0.0,0.0,0.0,0.0,0.0,0.0,1.0,1.0,1.0,1.0,1.0,0.0,1.0,0.0,1.0,1.0,0.0,1.0,1.0,0.0,1.0,1.0,0.0,1.0,1.0,0.0,1.0,1.0,1.0,1.0,1.0,0.0,0.0,0.0,0.0,1.0,1.0,1.0,1.0,1.0,1.0,1.0,1.0,1.0,1.0,1.0,1.0,10,0,0.0,0.0,0.0,1.0,0.0,0.0,0.0,0.0,0.0,0.0,0.0,1.0,0.0,0.0,0.0,0.0,0.0,1.0000000129948268,1.0,1.0,0.0,0.0,0.0,0,0,0,0,C1,0.0,0.0,0.07499999999999962,1.0,1.0,1.0,0.0,0.0,0.07499999999999962
bitflip,dephasing,0.15,2,10,qiskit_aer,1,1,1.0,1.0,0.0,0.0,1.0,1.0,0.0,0.0,-2.220446049250313e-16,0.0,-2.220446049250313e-16,-2.220446049250313e-16,-2.220446049250313e-16,-2.220446049250313e-16,-2.220446049250313e-16,1.0,0.0,0.0,1.0,0.0,1.0,1.0,1.0,0.13874999999999993,0.0,0.13874999999999993,0.13874999999999993,0.13874999999999993,0.13874999999999993,0.13874999999999993,1.0,1.0,1.0,0.0,0.0,0.0,0.0,0.0,0.13874999999999993,0.0,0.13874999999999993,0.13874999999999993,0.13874999999999993,0.13874999999999993,0.13874999999999993,1.0,1.0,1.0,0.0,0.0,0.0,0.0,0.0,0.0,0.0,0.0,0.0,0.0,0.13874999999999993,0.0,0.13874999999999993,0.13874999999999993,0.13874999999999993,0.13874999999999993,0.13874999999999993,1.0,1.0,1.0,0.0,0.0,0.0,0.0,0.0,0.0,0.0,0.0,0.0,0.0,0.13874999999999993,0.0,0.13874999999999993,0.13874999999999993,0.13874999999999993,0.13874999999999993,0.13874999999999993,1.0,1.0,1.0,0.0,0.0,0.0,0.0,0.0,0.0,0.0,0.0,0.0,0.0,0.13874999999999993,0.0,0.13874999999999993,0.13874999999999993,0.13874999999999993,0.13874999999999993,0.13874999999999993,1.0,1.0,1.0,0.0,0.0,0.0,0.0,0.0,0.0,0.0,0.0,0.0,0.0,1.0,1.0,1.0,1.0,1.0,0.0,1.0,0.0,1.0,1.0,0.0,1.0,1.0,0.0,1.0,1.0,0.0,1.0,1.0,0.0,1.0,1.0,1.0,1.0,1.0,0.0,0.0,0.0,0.0,1.0,1.0,1.0,1.0,1.0,1.0,1.0,1.0,1.0,1.0,1.0,1.0,10,0,0.0,0.0,0.0,1.0,0.0,0.0,0.0,0.0,0.0,0.0,0.0,1.0,0.0,0.0,0.0,0.0,0.0,1.0000000129948268,1.0,1.0,0.0,0.0,0.0,0,0,0,0,C1,0.0,0.0,0.13874999999999993,1.0,1.0,1.0,0.0,0.0,0.13874999999999993
bitflip,dephasing,0.15,3,10,qiskit_aer,1,1,1.0,1.0,0.0,0.0,1.0,1.0,0.0,0.0,2.220446049250313e-16,0.0,2.220446049250313e-16,2.220446049250313e-16,2.220446049250313e-16,2.220446049250313e-16,2.220446049250313e-16,1.0,0.0,0.0,1.0,0.0,1.0,1.0,1.0,0.19293749999999976,0.0,0.19293749999999976,0.19293749999999976,0.19293749999999976,0.19293749999999976,0.19293749999999976,1.0,1.0,1.0,0.0,0.0,0.0,0.0,0.0,0.19293749999999976,0.0,0.19293749999999976,0.19293749999999976,0.19293749999999976,0.19293749999999976,0.19293749999999976,1.0,1.0,1.0,0.0,0.0,0.0,0.0,0.0,0.0,0.0,0.0,0.0,0.0,0.19293749999999976,0.0,0.19293749999999976,0.19293749999999976,0.19293749999999976,0.19293749999999976,0.19293749999999976,1.0,1.0,1.0,0.0,0.0,0.0,0.0,0.0,0.0,0.0,0.0,0.0,0.0,0.19293749999999976,0.0,0.19293749999999976,0.19293749999999976,0.19293749999999976,0.19293749999999976,0.19293749999999976,1.0,1.0,1.0,0.0,0.0,0.0,0.0,0.0,0.0,0.0,0.0,0.0,0.0,0.19293749999999976,0.0,0.19293749999999976,0.19293749999999976,0.19293749999999976,0.19293749999999976,0.19293749999999976,1.0,1.0,1.0,0.0,0.0,0.0,0.0,0.0,0.0,0.0,0.0,0.0,0.0,1.0,1.0,1.0,1.0,1.0,0.0,1.0,0.0,1.0,1.0,0.0,1.0,1.0,0.0,1.0,1.0,0.0,1.0,1.0,0.0,1.0,1.0,1.0,1.0,1.0,0.0,0.0,0.0,0.0,1.0,1.0,1.0,1.0,1.0,1.0,1.0,1.0,1.0,1.0,1.0,1.0,10,0,0.0,0.0,0.0,1.0,0.0,0.0,0.0,0.0,0.0,0.0,0.0,1.0,0.0,0.0,0.0,0.0,0.0,1.0000000129948268,1.0,1.0,0.0,0.0,0.0,0,0,0,0,C1,0.0,0.0,0.19293749999999976,1.0,1.0,1.0,0.0,0.0,0.19293749999999976
bitflip,dephasing,0.15,4,10,qiskit_aer,1,1,1.0,1.0,0.0,0.0,1.0,1.0,0.0,0.0,2.220446049250313e-16,0.0,2.220446049250313e-16,2.220446049250313e-16,2.220446049250313e-16,2.220446049250313e-16,2.220446049250313e-16,1.0,0.0,0.0,1.0,0.0,1.0,1.0,1.0,0.23899687499999978,0.0,0.23899687499999978,0.23899687499999978,0.23899687499999978,0.23899687499999978,0.23899687499999978,1.0,1.0,1.0,0.0,0.0,0.0,0.0,0.0,0.23899687499999978,0.0,0.23899687499999978,0.23899687499999978,0.23899687499999978,0.23899687499999978,0.23899687499999978,1.0,1.0,1.0,0.0,0.0,0.0,0.0,0.0,0.0,0.0,0.0,0.0,0.0,0.23899687499999978,0.0,0.23899687499999978,0.23899687499999978,0.23899687499999978,0.23899687499999978,0.23899687499999978,1.0,1.0,1.0,0.0,0.0,0.0,0.0,0.0,0.0,0.0,0.0,0.0,0.0,0.23899687499999978,0.0,0.23899687499999978,0.23899687499999978,0.23899687499999978,0.23899687499999978,0.23899687499999978,1.0,1.0,1.0,0.0,0.0,0.0,0.0,0.0,0.0,0.0,0.0,0.0,0.0,0.23899687499999978,0.0,0.23899687499999978,0.23899687499999978,0.23899687499999978,0.23899687499999978,0.23899687499999978,1.0,1.0,1.0,0.0,0.0,0.0,0.0,0.0,0.0,0.0,0.0,0.0,0.0,1.0,1.0,1.0,1.0,1.0,0.0,1.0,0.0,1.0,1.0,0.0,1.0,1.0,0.0,1.0,1.0,0.0,1.0,1.0,0.0,1.0,1.0,1.0,1.0,1.0,0.0,0.0,0.0,0.0,1.0,1.0,1.0,1.0,1.0,1.0,1.0,1.0,1.0,1.0,1.0,1.0,10,0,0.0,0.0,0.0,1.0,0.0,0.0,0.0,0.0,0.0,0.0,0.0,1.0,0.0,0.0,0.0,0.0,0.0,1.0000000129948268,1.0,1.0,0.0,0.0,0.0,0,0,0,0,C1,0.0,0.0,0.23899687499999978,1.0,1.0,1.0,0.0,0.0,0.23899687499999978
bitflip,dephasing,0.2,1,10,qiskit_aer,1,1,1.0,1.0,0.0,0.0,1.0,1.0,0.0,0.0,-1.1102230246251565e-16,0.0,-1.1102230246251565e-16,-1.1102230246251565e-16,-1.1102230246251565e-16,-1.1102230246251565e-16,-1.1102230246251565e-16,1.0,0.0,0.0,1.0,0.0,1.0,1.0,1.0,0.09999999999999987,0.0,0.09999999999999987,0.09999999999999987,0.09999999999999987,0.09999999999999987,0.09999999999999987,1.0,1.0,1.0,0.0,0.0,0.0,0.0,0.0,0.09999999999999987,0.0,0.09999999999999987,0.09999999999999987,0.09999999999999987,0.09999999999999987,0.09999999999999987,1.0,1.0,1.0,0.0,0.0,0.0,0.0,0.0,0.0,0.0,0.0,0.0,0.0,0.09999999999999987,0.0,0.09999999999999987,0.09999999999999987,0.09999999999999987,0.09999999999999987,0.09999999999999987,1.0,1.0,1.0,0.0,0.0,0.0,0.0,0.0,0.0,0.0,0.0,0.0,0.0,0.09999999999999987,0.0,0.09999999999999987,0.09999999999999987,0.09999999999999987,0.09999999999999987,0.09999999999999987,1.0,1.0,1.0,0.0,0.0,0.0,0.0,0.0,0.0,0.0,0.0,0.0,0.0,0.09999999999999987,0.0,0.09999999999999987,0.09999999999999987,0.09999999999999987,0.09999999999999987,0.09999999999999987,1.0,1.0,1.0,0.0,0.0,0.0,0.0,0.0,0.0,0.0,0.0,0.0,0.0,1.0,1.0,1.0,1.0,1.0,0.0,1.0,0.0,1.0,1.0,0.0,1.0,1.0,0.0,1.0,1.0,0.0,1.0,1.0,0.0,1.0,1.0,1.0,1.0,1.0,0.0,0.0,0.0,0.0,1.0,1.0,1.0,1.0,1.0,1.0,1.0,1.0,1.0,1.0,1.0,1.0,10,0,0.0,0.0,0.0,1.0,0.0,0.0,0.0,0.0,0.0,0.0,0.0,1.0,0.0,0.0,0.0,0.0,0.0,1.0000000129948268,1.0,1.0,0.0,0.0,0.0,0,0,0,0,C1,0.0,0.0,0.09999999999999987,1.0,1.0,1.0,0.0,0.0,0.09999999999999987
bitflip,dephasing,0.2,2,10,qiskit_aer,1,1,1.0,1.0,0.0,0.0,1.0,1.0,0.0,0.0,2.220446049250313e-16,0.0,2.220446049250313e-16,2.220446049250313e-16,2.220446049250313e-16,2.220446049250313e-16,2.220446049250313e-16,1.0,0.0,0.0,1.0,0.0,1.0,1.0,1.0,0.17999999999999994,0.0,0.17999999999999994,0.17999999999999994,0.17999999999999994,0.17999999999999994,0.17999999999999994,1.0,1.0,1.0,0.0,0.0,0.0,0.0,0.0,0.17999999999999994,0.0,0.17999999999999994,0.17999999999999994,0.17999999999999994,0.17999999999999994,0.17999999999999994,1.0,1.0,1.0,0.0,0.0,0.0,0.0,0.0,0.0,0.0,0.0,0.0,0.0,0.17999999999999994,0.0,0.17999999999999994,0.17999999999999994,0.17999999999999994,0.17999999999999994,0.17999999999999994,1.0,1.0,1.0,0.0,0.0,0.0,0.0,0.0,0.0,0.0,0.0,0.0,0.0,0.17999999999999994,0.0,0.17999999999999994,0.17999999999999994,0.17999999999999994,0.17999999999999994,0.17999999999999994,1.0,1.0,1.0,0.0,0.0,0.0,0.0,0.0,0.0,0.0,0.0,0.0,0.0,0.17999999999999994,0.0,0.17999999999999994,0.17999999999999994,0.17999999999999994,0.17999999999999994,0.17999999999999994,1.0,1.0,1.0,0.0,0.0,0.0,0.0,0.0,0.0,0.0,0.0,0.0,0.0,1.0,1.0,1.0,1.0,1.0,0.0,1.0,0.0,1.0,1.0,0.0,1.0,1.0,0.0,1.0,1.0,0.0,1.0,1.0,0.0,1.0,1.0,1.0,1.0,1.0,0.0,0.0,0.0,0.0,1.0,1.0,1.0,1.0,1.0,1.0,1.0,1.0,1.0,1.0,1.0,1.0,10,0,0.0,0.0,0.0,1.0,0.0,0.0,0.0,0.0,0.0,0.0,0.0,1.0,0.0,0.0,0.0,0.0,0.0,1.0000000129948268,1.0,1.0,0.0,0.0,0.0,0,0,0,0,C1,0.0,0.0,0.17999999999999994,1.0,1.0,1.0,0.0,0.0,0.17999999999999994
bitflip,dephasing,0.2,3,10,qiskit_aer,1,1,1.0,1.0,0.0,0.0,1.0,1.0,0.0,0.0,2.220446049250313e-16,0.0,2.220446049250313e-16,2.220446049250313e-16,2.220446049250313e-16,2.220446049250313e-16,2.220446049250313e-16,1.0,0.0,0.0,1.0,0.0,1.0,1.0,1.0,0.24399999999999977,0.0,0.24399999999999977,0.24399999999999977,0.24399999999999977,0.24399999999999977,0.24399999999999977,1.0,1.0,1.0,0.0,0.0,0.0,0.0,0.0,0.24399999999999977,0.0,0.24399999999999977,0.24399999999999977,0.24399999999999977,0.24399999999999977,0.24399999999999977,1.0,1.0,1.0,0.0,0.0,0.0,0.0,0.0,0.0,0.0,0.0,0.0,0.0,0.24399999999999977,0.0,0.24399999999999977,0.24399999999999977,0.24399999999999977,0.24399999999999977,0.24399999999999977,1.0,1.0,1.0,0.0,0.0,0.0,0.0,0.0,0.0,0.0,0.0,0.0,0.0,0.24399999999999977,0.0,0.24399999999999977,0.24399999999999977,0.24399999999999977,0.24399999999999977,0.24399999999999977,1.0,1.0,1.0,0.0,0.0,0.0,0.0,0.0,0.0,0.0,0.0,0.0,0.0,0.24399999999999977,0.0,0.24399999999999977,0.24399999999999977,0.24399999999999977,0.24399999999999977,0.24399999999999977,1.0,1.0,1.0,0.0,0.0,0.0,0.0,0.0,0.0,0.0,0.0,0.0,0.0,1.0,1.0,1.0,1.0,1.0,0.0,1.0,0.0,1.0,1.0,0.0,1.0,1.0,0.0,1.0,1.0,0.0,1.0,1.0,0.0,1.0,1.0,1.0,1.0,1.0,0.0,0.0,0.0,0.0,1.0,1.0,1.0,1.0,1.0,1.0,1.0,1.0,1.0,1.0,1.0,1.0,10,0,0.0,0.0,0.0,1.0,0.0,0.0,0.0,0.0,0.0,0.0,0.0,1.0,0.0,0.0,0.0,0.0,0.0,1.0000000129948268,1.0,1.0,0.0,0.0,0.0,0,0,0,0,C1,0.0,0.0,0.24399999999999977,1.0,1.0,1.0,0.0,0.0,0.24399999999999977
bitflip,dephasing,0.2,4,10,qiskit_aer,1,1,1.0,1.0,0.0,0.0,1.0,1.0,0.0,0.0,0.0,0.0,0.0,0.0,0.0,0.0,0.0,1.0,0.0,0.0,1.0,0.0,1.0,1.0,1.0,0.2951999999999999,0.0,0.2951999999999999,0.2951999999999999,0.2951999999999999,0.2951999999999999,0.2951999999999999,1.0,1.0,1.0,0.0,0.0,0.0,0.0,0.0,0.2951999999999999,0.0,0.2951999999999999,0.2951999999999999,0.2951999999999999,0.2951999999999999,0.2951999999999999,1.0,1.0,1.0,0.0,0.0,0.0,0.0,0.0,0.0,0.0,0.0,0.0,0.0,0.2951999999999999,0.0,0.2951999999999999,0.2951999999999999,0.2951999999999999,0.2951999999999999,0.2951999999999999,1.0,1.0,1.0,0.0,0.0,0.0,0.0,0.0,0.0,0.0,0.0,0.0,0.0,0.2951999999999999,0.0,0.2951999999999999,0.2951999999999999,0.2951999999999999,0.2951999999999999,0.2951999999999999,1.0,1.0,1.0,0.0,0.0,0.0,0.0,0.0,0.0,0.0,0.0,0.0,0.0,0.2951999999999999,0.0,0.2951999999999999,0.2951999999999999,0.2951999999999999,0.2951999999999999,0.2951999999999999,1.0,1.0,1.0,0.0,0.0,0.0,0.0,0.0,0.0,0.0,0.0,0.0,0.0,1.0,1.0,1.0,1.0,1.0,0.0,1.0,0.0,1.0,1.0,0.0,1.0,1.0,0.0,1.0,1.0,0.0,1.0,1.0,0.0,1.0,1.0,1.0,1.0,1.0,0.0,0.0,0.0,0.0,1.0,1.0,1.0,1.0,1.0,1.0,1.0,1.0,1.0,1.0,1.0,1.0,10,0,0.0,0.0,0.0,1.0,0.0,0.0,0.0,0.0,0.0,0.0,0.0,1.0,0.0,0.0,0.0,0.0,0.0,1.0000000129948268,1.0,1.0,0.0,0.0,0.0,0,0,0,0,C1,0.0,0.0,0.2951999999999999,1.0,1.0,1.0,0.0,0.0,0.2951999999999999
bitflip,depolarizing,0.01,1,10,qiskit_aer,1,1,0.9933333333333335,0.9933333333333335,0.0,0.0,1.0,1.0,0.0,0.0,0.0033893782624903946,0.00048452494135708073,0.003518712714391914,0.003047180858500781,0.0037207977954882288,0.0026295383575687336,0.0023870362602532724,1.0,0.0,1.0,1.0,0.0,0.0,0.0,0.0,0.009999999999999787,0.0,0.009999999999999787,0.009999999999999787,0.009999999999999787,0.009999999999999787,0.009999999999999787,1.0,1.0,1.0,0.0,0.0,0.0,0.0,0.0,0.009999999999999787,0.0,0.009999999999999787,0.009999999999999787,0.009999999999999787,0.009999999999999787,0.009999999999999787,1.0,1.0,1.0,0.0,0.0,0.0,0.0,0.0,0.0,0.0,0.0,0.0,0.0,0.009999999999999787,0.0,0.009999999999999787,0.009999999999999787,0.009999999999999787,0.009999999999999787,0.009999999999999787,1.0,1.0,1.0,0.0,0.0,0.0,0.0,0.0,0.0,0.0,0.0,0.0,0.0,0.009999999999999787,0.0,0.009999999999999787,0.009999999999999787,0.009999999999999787,0.009999999999999787,0.009999999999999787,1.0,1.0,1.0,0.0,0.0,0.0,0.0,0.0,0.0,0.0,0.0,0.0,0.0,0.009999999999999787,0.0,0.009999999999999787,0.009999999999999787,0.009999999999999787,0.009999999999999787,0.009999999999999787,1.0,1.0,1.0,0.0,0.0,0.0,0.0,0.0,0.0,0.0,0.0,0.0,0.0,1.0,1.0,1.0,1.0,1.0,0.0,1.0,0.0,1.0,1.0,0.0,1.0,1.0,0.0,1.0,1.0,0.0,1.0,1.0,0.0,1.0,1.0,1.0,1.0,1.0,0.0,0.0,0.0,0.0,1.0,1.0,1.0,1.0,1.0,1.0,1.0,1.0,1.0,1.0,1.0,1.0,10,0,0.0,0.0,0.0,0.0,0.0,0.0,0.0,0.0,0.0,0.0,0.0,1.0,0.0,0.0,0.0,0.0,0.0,1.0066666650845044,1.4072128126989405e-19,1.4072128126989405e-19,0.0,0.0,0.0,0,0,0,0,C1,0.0,0.0,0.009999999999999787,1.0,1.0,1.0,0.0,0.0,0.009999999999999787
bitflip,depolarizing,0.01,2,10,qiskit_aer,1,1,0.9867377777777778,0.9867377777777778,0.0,0.0,1.0,1.0,0.0,0.0,0.006846529580651772,0.0005397814930355829,0.006915181386590363,0.006350800459815925,0.007238678103145407,0.00605561116287785,0.006027291688562864,1.0,0.0,0.0,1.0,0.0,1.0,1.0,1.0,0.01987555555555538,1.0886621079053278e-05,0.019866666666666477,0.019866666666666477,0.019888888888888734,0.019866666666666477,0.019866666666666477,1.0,1.0,1.0,0.0,0.0,0.0,0.0,0.0,0.01987555555555538,1.0886621079053278e-05,0.019866666666666477,0.019866666666666477,0.019888888888888734,0.019866666666666477,0.019866666666666477,1.0,1.0,1.0,0.0,0.0,0.0,0.0,0.0,0.0,0.0,0.0,0.0,0.0,0.01987555555555538,1.0886621079053278e-05,0.019866666666666477,0.019866666666666477,0.019888888888888734,0.019866666666666477,0.019866666666666477,1.0,1.0,1.0,0.0,0.0,0.0,0.0,0.0,0.0,0.0,0.0,0.0,0.0,0.01987555555555538,1.0886621079053278e-05,0.019866666666666477,0.019866666666666477,0.019888888888888734,0.019866666666666477,0.019866666666666477,1.0,1.0,1.0,0.0,0.0,0.0,0.0,0.0,0.0,0.0,0.0,0.0,0.0,0.01987555555555538,1.0886621079053278e-05,0.019866666666666477,0.019866666666666477,0.019888888888888734,0.019866666666666477,0.019866666666666477,1.0,1.0,1.0,0.0,0.0,0.0,0.0,0.0,0.0,0.0,0.0,0.0,0.0,1.0,1.0,1.0,1.0,1.0,0.0,1.0,0.0,1.0,1.0,0.0,1.0,1.0,0.0,1.0,1.0,0.0,1.0,1.0,0.0,1.0,1.0,1.0,1.0,1.0,0.0,0.0,0.0,0.0,1.0,1.0,1.0,1.0,1.0,1.0,1.0,1.0,1.0,1.0,1.0,1.0,10,0,0.0,0.0,0.0,1.0,0.0,0.0,0.0,0.0,0.0,0.0,0.0,1.0,0.0,0.0,0.0,0.0,0.0,1.0132622222790735,0.4,0.4,0.0,0.0,0.0,0,0,0,0,C1,0.0,0.0,0.01987555555555538,1.0,1.0,1.0,0.0,0.0,0.01987555555555538
bitflip,depolarizing,0.01,3,10,qiskit_aer,1,1,0.9801905185185186,0.9801905185185186,0.0,0.0,1.0,1.0,0.0,0.0,0.009753983240490548,0.0007346004652832457,0.009570888406769007,0.009364044656493431,0.010152036314633156,0.008776127277408213,0.008715308652052167,1.0,0.0,0.0,1.0,0.0,1.0,1.0,1.0,0.029639259259258876,2.6162895851522557e-05,0.02964592592592552,0.02961281481481451,0.029662370370369923,0.029601777777777505,0.029601777777777505,1.0,1.0,1.0,0.0,0.0,0.0,0.0,0.0,0.029639259259258876,2.6162895851522557e-05,0.02964592592592552,0.02961281481481451,0.029662370370369923,0.029601777777777505,0.029601777777777505,1.0,1.0,1.0,0.0,0.0,0.0,0.0,0.0,0.0,0.0,0.0,0.0,0.0,0.029639259259258876,2.6162895851522557e-05,0.02964592592592552,0.02961281481481451,0.029662370370369923,0.029601777777777505,0.029601777777777505,1.0,1.0,1.0,0.0,0.0,0.0,0.0,0.0,0.0,0.0,0.0,0.0,0.0,0.029639259259258876,2.6162895851522557e-05,0.02964592592592552,0.02961281481481451,0.029662370370369923,0.029601777777777505,0.029601777777777505,1.0,1.0,1.0,0.0,0.0,0.0,0.0,0.0,0.0,0.0,0.0,0.0,0.0,0.029639259259258876,2.6162895851522557e-05,0.02964592592592552,0.02961281481481451,0.029662370370369923,0.029601777777777505,0.029601777777777505,1.0,1.0,1.0,0.0,0.0,0.0,0.0,0.0,0.0,0.0,0.0,0.0,0.0,1.0,1.0,1.0,1.0,1.0,0.0,1.0,0.0,1.0,1.0,0.0,1.0,1.0,0.0,1.0,1.0,0.0,1.0,1.0,0.0,1.0,1.0,1.0,1.0,1.0,0.0,0.0,0.0,0.0,1.0,1.0,1.0,1.0,1.0,1.0,1.0,1.0,1.0,1.0,1.0,1.0,10,0,0.0,0.0,0.0,1.0,0.0,0.0,0.0,0.0,0.0,0.0,0.0,1.0,0.0,0.0,0.0,0.0,0.0,1.0198094815639194,0.5,0.5,0.0,0.0,0.0,0,0,0,0,C1,0.0,0.0,0.029639259259258876,1.0,1.0,1.0,0.0,0.0,0.029639259259258876
bitflip,depolarizing,0.01,4,10,qiskit_aer,1,1,0.9737087462716049,0.9737087462716049,0.0,0.0,1.0,1.0,0.0,0.0,0.0125489561189704,0.0009450081887269083,0.012623864355208736,0.012156709144518718,0.013156656854666215,0.011001627863465924,0.010634456820729943,1.0,0.1,0.0,0.9,0.0,1.0,1.0,1.0,0.039283685135802035,4.1776203919413535e-05,0.03930561185185144,0.03927286913580197,0.03931642864197493,0.03920708740740686,0.03920708740740686,1.0,1.0,1.0,0.0,0.0,0.0,0.0,0.0,0.03674433800696111,0.007621760359331655,0.03930561185185144,0.03922353283950564,0.03931642864197493,0.025276858149399055,0.013879397847392672,1.0,1.0,0.9,0.0,0.0,0.1,0.1,0.1,0.0,0.0025393471288409296,0.025393471288409297,0.013966409208625087,0.025393471288409297,0.03674433800696111,0.007621760359331655,0.03930561185185144,0.03922353283950564,0.03931642864197493,0.025276858149399055,0.013879397847392672,1.0,1.0,0.9,0.0,0.0,0.1,0.1,0.1,0.0,0.0025393471288409296,0.025393471288409297,0.013966409208625087,0.025393471288409297,0.03674433800696111,0.007621760359331655,0.03930561185185144,0.03922353283950564,0.03931642864197493,0.025276858149399055,0.013879397847392672,1.0,1.0,0.9,0.0,0.0,0.1,0.1,0.1,0.0,0.0025393471288409296,0.025393471288409297,0.013966409208625087,0.025393471288409297,0.03674433800696111,0.007621760359331655,0.03930561185185144,0.03922353283950564,0.03931642864197493,0.025276858149399055,0.013879397847392672,1.0,1.0,0.9,0.0,0.0,0.1,0.1,0.1,0.0,0.0025393471288409296,0.025393471288409297,0.013966409208625087,0.025393471288409297,1.0,0.9,0.9,0.9,0.9,0.0,0.9,0.0,0.9,0.9,0.0,0.9,0.9,0.0,0.9,0.9,0.0,0.9,0.9,0.0,0.9,0.9,0.9,0.9,0.9,0.0,0.0,0.0,0.0,0.9,0.9,1.0,1.0,1.0,0.9,1.0,1.0,1.0,1.0,1.0,1.0,9,0,0.0,0.0,0.0,0.9,0.0,0.0,0.0,0.0,0.0,0.0,0.0,1.0,0.0,0.0,0.0,0.0,0.0,0.8262912537270515,0.3,0.3,0.0,0.0,0.0,0,0,0,0,C1,0.0,0.0,0.03674433800696111,0.9,1.0,0.9,0.0,0.0,0.03674433800696111
bitflip,depolarizing,0.03,1,10,qiskit_aer,1,1,0.98,0.98,0.0,0.0,1.0,1.0,0.0,0.0,0.010086096938775158,0.0007620699066819691,0.0098841411564623,0.009777848639455411,0.010402317176870346,0.009065688775509872,0.00863520408163232,1.0,0.0,0.0,1.0,0.0,1.0,1.0,1.0,0.029999999999999694,0.0,0.029999999999999694,0.029999999999999694,0.029999999999999694,0.029999999999999694,0.029999999999999694,1.0,1.0,1.0,0.0,0.0,0.0,0.0,0.0,0.029999999999999694,0.0,0.029999999999999694,0.029999999999999694,0.029999999999999694,0.029999999999999694,0.029999999999999694,1.0,1.0,1.0,0.0,0.0,0.0,0.0,0.0,0.0,0.0,0.0,0.0,0.0,0.029999999999999694,0.0,0.029999999999999694,0.029999999999999694,0.029999999999999694,0.029999999999999694,0.029999999999999694,1.0,1.0,1.0,0.0,0.0,0.0,0.0,0.0,0.0,0.0,0.0,0.0,0.0,0.029999999999999694,0.0,0.029999999999999694,0.029999999999999694,0.029999999999999694,0.029999999999999694,0.029999999999999694,1.0,1.0,1.0,0.0,0.0,0.0,0.0,0.0,0.0,0.0,0.0,0.0,0.0,0.029999999999999694,0.0,0.029999999999999694,0.029999999999999694,0.029999999999999694,0.029999999999999694,0.029999999999999694,1.0,1.0,1.0,0.0,0.0,0.0,0.0,0.0,0.0,0.0,0.0,0.0,0.0,1.0,1.0,1.0,1.0,1.0,0.0,1.0,0.0,1.0,1.0,0.0,1.0,1.0,0.0,1.0,1.0,0.0,1.0,1.0,0.0,1.0,1.0,1.0,1.0,1.0,0.0,0.0,0.0,0.0,1.0,1.0,1.0,1.0,1.0,1.0,1.0,1.0,1.0,1.0,1.0,1.0,10,0,0.0,0.0,0.0,1.0,0.0,0.0,0.0,0.0,0.0,0.0,0.0,1.0,0.0,0.0,0.0,0.0,0.0,1.0199999998729572,1.4072128126989405e-19,1.4072128126989405e-19,0.0,0.0,0.0,0,0,0,0,C1,0.0,0.0,0.029999999999999694,1.0,1.0,1.0,0.0,0.0,0.029999999999999694
bitflip,depolarizing,0.03,2,10,qiskit_aer,1,1,0.9606400000000002,0.9606400000000002,0.0,0.0,1.0,1.0,0.0,0.0,0.0199944581029066,0.0006062793203053176,0.019952164862613808,0.019673555807478565,0.020128217105972734,0.019207395946942662,0.01917284464806379,1.0,0.0,0.0,1.0,0.0,1.0,1.0,1.0,0.05887999999999986,9.797958971147951e-05,0.05879999999999974,0.05879999999999974,0.05900000000000005,0.05879999999999974,0.05879999999999974,1.0,1.0,1.0,0.0,0.0,0.0,0.0,0.0,0.05887999999999986,9.797958971147951e-05,0.05879999999999974,0.05879999999999974,0.05900000000000005,0.05879999999999974,0.05879999999999974,1.0,1.0,1.0,0.0,0.0,0.0,0.0,0.0,0.0,0.0,0.0,0.0,0.0,0.05887999999999986,9.797958971147951e-05,0.05879999999999974,0.05879999999999974,0.05900000000000005,0.05879999999999974,0.05879999999999974,1.0,1.0,1.0,0.0,0.0,0.0,0.0,0.0,0.0,0.0,0.0,0.0,0.0,0.05887999999999986,9.797958971147951e-05,0.05879999999999974,0.05879999999999974,0.05900000000000005,0.05879999999999974,0.05879999999999974,1.0,1.0,1.0,0.0,0.0,0.0,0.0,0.0,0.0,0.0,0.0,0.0,0.0,0.05887999999999986,9.797958971147951e-05,0.05879999999999974,0.05879999999999974,0.05900000000000005,0.05879999999999974,0.05879999999999974,1.0,1.0,1.0,0.0,0.0,0.0,0.0,0.0,0.0,0.0,0.0,0.0,0.0,1.0,1.0,1.0,1.0,1.0,0.0,1.0,0.0,1.0,1.0,0.0,1.0,1.0,0.0,1.0,1.0,0.0,1.0,1.0,0.0,1.0,1.0,1.0,1.0,1.0,0.0,0.0,0.0,0.0,1.0,1.0,1.0,1.0,1.0,1.0,1.0,1.0,1.0,1.0,1.0,1.0,10,0,0.0,0.0,0.0,1.0,0.0,0.0,0.0,0.0,0.0,0.0,0.0,1.0,0.0,0.0,0.0,0.0,0.0,1.0393599999999998,0.3,0.3,0.0,0.0,0.0,0,0,0,0,C1,0.0,0.0,0.05887999999999986,1.0,1.0,1.0,0.0,0.0,0.05887999999999986
bitflip,depolarizing,0.03,3,10,qiskit_aer,1,1,0.9417040000000001,0.9417040000000001,0.0,0.0,1.0,1.0,0.0,0.0,0.029202044226599187,0.001206507200903267,0.029241944751381255,0.028589222586619722,0.029866218510111092,0.02733054270094108,0.02719301680872066,1.0,0.0,0.0,1.0,0.0,1.0,1.0,1.0,0.08677999999999989,0.00023142687830066876,0.0868399999999997,0.0865459999999999,0.08698399999999995,0.08644799999999997,0.08644799999999997,1.0,1.0,1.0,0.0,0.0,0.0,0.0,0.0,0.08677999999999989,0.00023142687830066876,0.0868399999999997,0.0865459999999999,0.08698399999999995,0.08644799999999997,0.08644799999999997,1.0,1.0,1.0,0.0,0.0,0.0,0.0,0.0,0.0,0.0,0.0,0.0,0.0,0.08677999999999989,0.00023142687830066876,0.0868399999999997,0.0865459999999999,0.08698399999999995,0.08644799999999997,0.08644799999999997,1.0,1.0,1.0,0.0,0.0,0.0,0.0,0.0,0.0,0.0,0.0,0.0,0.0,0.08677999999999989,0.00023142687830066876,0.0868399999999997,0.0865459999999999,0.08698399999999995,0.08644799999999997,0.08644799999999997,1.0,1.0,1.0,0.0,0.0,0.0,0.0,0.0,0.0,0.0,0.0,0.0,0.0,0.08677999999999989,0.00023142687830066876,0.0868399999999997,0.0865459999999999,0.08698399999999995,0.08644799999999997,0.08644799999999997,1.0,1.0,1.0,0.0,0.0,0.0,0.0,0.0,0.0,0.0,0.0,0.0,0.0,1.0,1.0,1.0,1.0,1.0,0.0,1.0,0.0,1.0,1.0,0.0,1.0,1.0,0.0,1.0,1.0,0.0,1.0,1.0,0.0,1.0,1.0,1.0,1.0,1.0,0.0,0.0,0.0,0.0,1.0,1.0,1.0,1.0,1.0,1.0,1.0,1.0,1.0,1.0,1.0,1.0,10,0,0.0,0.0,0.0,1.0,0.0,0.0,0.0,0.0,0.0,0.0,0.0,1.0,0.0,0.0,0.0,0.0,0.0,1.0582960000004031,0.325,0.325,0.0,0.0,0.0,0,0,0,0,C1,0.0,0.0,0.08677999999999989,1.0,1.0,1.0,0.0,0.0,0.08677999999999989
bitflip,depolarizing,0.03,4,10,qiskit_aer,1,1,0.9233364479999999,0.9233364479999999,0.0,0.0,1.0,1.0,0.0,0.0,0.03797874860614355,0.0011164200758756162,0.03783221824960614,0.036956608648067685,0.038478577167504247,0.03684021727851365,0.03682670259603793,1.0,0.2,0.0,0.8,0.0,1.0,1.0,1.0,0.1136584959999998,0.0003639258804536531,0.11385055999999977,0.11356639999999985,0.11394271999999972,0.11299007999999988,0.11299007999999988,1.0,1.0,1.0,0.0,0.0,0.0,0.0,0.0,0.09864508931866921,0.03036532165604795,0.11385055999999977,0.11356639999999985,0.11394271999999972,0.03781341219361599,0.03682670259603793,1.0,1.0,0.8,0.0,0.0,0.2,0.2,0.2,0.0,0.0150134066813306,0.150134066813306,0.07517666780638389,0.07616337740396195,0.09864508931866921,0.03036532165604795,0.11385055999999977,0.11356639999999985,0.11394271999999972,0.03781341219361599,0.03682670259603793,1.0,1.0,0.8,0.0,0.0,0.2,0.2,0.2,0.0,0.0150134066813306,0.150134066813306,0.07517666780638389,0.07616337740396195,0.09864508931866921,0.03036532165604795,0.11385055999999977,0.11356639999999985,0.11394271999999972,0.03781341219361599,0.03682670259603793,1.0,1.0,0.8,0.0,0.0,0.2,0.2,0.2,0.0,0.0150134066813306,0.150134066813306,0.07517666780638389,0.07616337740396195,0.09864508931866921,0.03036532165604795,0.11385055999999977,0.11356639999999985,0.11394271999999972,0.03781341219361599,0.03682670259603793,1.0,1.0,0.8,0.0,0.0,0.2,0.2,0.2,0.0,0.0150134066813306,0.150134066813306,0.07517666780638389,0.07616337740396195,1.0,0.8,0.8,0.8,0.8,0.0,0.8,0.0,0.8,0.8,0.0,0.8,0.8,0.0,0.8,0.8,0.0,0.8,0.8,0.0,0.8,0.8,0.8,0.8,0.8,0.0,0.0,0.0,0.0,0.8,0.8,1.0,1.0,1.0,0.8,1.0,1.0,1.0,1.0,1.0,1.0,8,0,0.0,0.0,0.0,0.8,0.0,0.0,0.0,0.0,0.0,0.0,0.0,1.0,0.0,0.0,0.0,0.0,0.0,0.6766635519986072,1.219584437672415e-19,1.219584437672415e-19,0.0,0.0,0.0,0,0,0,0,C1,0.0,0.0,0.09864508931866921,0.8,1.0,0.8,0.0,0.0,0.09864508931866921
bitflip,depolarizing,0.05,1,10,qiskit_aer,1,1,0.9666666666666667,0.9666666666666667,0.0,0.0,1.0,1.0,0.0,0.0,0.0166299988026818,0.0009554488569978821,0.0166509518678159,0.016415229885057336,0.017122395833333193,0.015084710249041905,0.01489613266283496,1.0,0.0,0.0,1.0,0.0,1.0,1.0,1.0,0.050000000000000044,0.0,0.050000000000000044,0.050000000000000044,0.050000000000000044,0.050000000000000044,0.050000000000000044,1.0,1.0,1.0,0.0,0.0,0.0,0.0,0.0,0.050000000000000044,0.0,0.050000000000000044,0.050000000000000044,0.050000000000000044,0.050000000000000044,0.050000000000000044,1.0,1.0,1.0,0.0,0.0,0.0,0.0,0.0,0.0,0.0,0.0,0.0,0.0,0.050000000000000044,0.0,0.050000000000000044,0.050000000000000044,0.050000000000000044,0.050000000000000044,0.050000000000000044,1.0,1.0,1.0,0.0,0.0,0.0,0.0,0.0,0.0,0.0,0.0,0.0,0.0,0.050000000000000044,0.0,0.050000000000000044,0.050000000000000044,0.050000000000000044,0.050000000000000044,0.050000000000000044,1.0,1.0,1.0,0.0,0.0,0.0,0.0,0.0,0.0,0.0,0.0,0.0,0.0,0.050000000000000044,0.0,0.050000000000000044,0.050000000000000044,0.050000000000000044,0.050000000000000044,0.050000000000000044,1.0,1.0,1.0,0.0,0.0,0.0,0.0,0.0,0.0,0.0,0.0,0.0,0.0,1.0,1.0,1.0,1.0,1.0,0.0,1.0,0.0,1.0,1.0,0.0,1.0,1.0,0.0,1.0,1.0,0.0,1.0,1.0,0.0,1.0,1.0,1.0,1.0,1.0,0.0,0.0,0.0,0.0,1.0,1.0,1.0,1.0,1.0,1.0,1.0,1.0,1.0,1.0,1.0,1.0,10,0,0.0,0.0,0.0,1.0,0.0,0.0,0.0,0.0,0.0,0.0,0.0,1.0,0.0,0.0,0.0,0.0,0.0,1.0333333333212558,0.05000000000000001,0.05000000000000001,0.0,0.0,0.0,0,0,0,0,C1,0.0,0.0,0.050000000000000044,1.0,1.0,1.0,0.0,0.0,0.050000000000000044
bitflip,depolarizing,0.05,2,10,qiskit_aer,1,1,0.9351111111111111,0.9351111111111111,0.0,0.0,1.0,1.0,0.0,0.0,0.032607413262749005,0.001366966991409832,0.032698085741620475,0.03168775979809968,0.03330427772823355,0.03058397870480329,0.03019752903140649,1.0,0.0,0.0,1.0,0.0,1.0,1.0,1.0,0.09688888888888902,0.000272165526975924,0.09666666666666679,0.09666666666666679,0.09722222222222238,0.09666666666666679,0.09666666666666679,1.0,1.0,1.0,0.0,0.0,0.0,0.0,0.0,0.09688888888888902,0.000272165526975924,0.09666666666666679,0.09666666666666679,0.09722222222222238,0.09666666666666679,0.09666666666666679,1.0,1.0,1.0,0.0,0.0,0.0,0.0,0.0,0.0,0.0,0.0,0.0,0.0,0.09688888888888902,0.000272165526975924,0.09666666666666679,0.09666666666666679,0.09722222222222238,0.09666666666666679,0.09666666666666679,1.0,1.0,1.0,0.0,0.0,0.0,0.0,0.0,0.0,0.0,0.0,0.0,0.0,0.09688888888888902,0.000272165526975924,0.09666666666666679,0.09666666666666679,0.09722222222222238,0.09666666666666679,0.09666666666666679,1.0,1.0,1.0,0.0,0.0,0.0,0.0,0.0,0.0,0.0,0.0,0.0,0.0,0.09688888888888902,0.000272165526975924,0.09666666666666679,0.09666666666666679,0.09722222222222238,0.09666666666666679,0.09666666666666679,1.0,1.0,1.0,0.0,0.0,0.0,0.0,0.0,0.0,0.0,0.0,0.0,0.0,1.0,1.0,1.0,1.0,1.0,0.0,1.0,0.0,1.0,1.0,0.0,1.0,1.0,0.0,1.0,1.0,0.0,1.0,1.0,0.0,1.0,1.0,1.0,1.0,1.0,0.0,0.0,0.0,0.0,1.0,1.0,1.0,1.0,1.0,1.0,1.0,1.0,1.0,1.0,1.0,1.0,10,0,0.0,0.0,0.0,1.0,0.0,0.0,0.0,0.0,0.0,0.0,0.0,1.0,0.0,0.0,0.0,0.0,0.0,1.0648888888847932,0.05000000000000001,0.05000000000000001,0.0,0.0,0.0,0,0,0,0,C1,0.0,0.0,0.09688888888888902,1.0,1.0,1.0,0.0,0.0,0.09688888888888902
bitflip,depolarizing,0.05,3,10,qiskit_aer,1,1,0.9047037037037037,0.9047037037037037,0.0,0.0,1.0,1.0,0.0,0.0,0.046558817985459064,0.0018018780044355813,0.046886978383672784,0.045282092578183164,0.047781778317755985,0.0437932515525415,0.04287360067004442,1.0,0.0,0.0,1.0,0.0,1.0,1.0,1.0,0.14112962962962963,0.000631641665357525,0.14129629629629625,0.14049074074074075,0.1416851851851852,0.14022222222222225,0.14022222222222225,1.0,1.0,1.0,0.0,0.0,0.0,0.0,0.0,0.14112962962962963,0.000631641665357525,0.14129629629629625,0.14049074074074075,0.1416851851851852,0.14022222222222225,0.14022222222222225,1.0,1.0,1.0,0.0,0.0,0.0,0.0,0.0,0.0,0.0,0.0,0.0,0.0,0.14112962962962963,0.000631641665357525,0.14129629629629625,0.14049074074074075,0.1416851851851852,0.14022222222222225,0.14022222222222225,1.0,1.0,1.0,0.0,0.0,0.0,0.0,0.0,0.0,0.0,0.0,0.0,0.0,0.14112962962962963,0.000631641665357525,0.14129629629629625,0.14049074074074075,0.1416851851851852,0.14022222222222225,0.14022222222222225,1.0,1.0,1.0,0.0,0.0,0.0,0.0,0.0,0.0,0.0,0.0,0.0,0.0,0.14112962962962963,0.000631641665357525,0.14129629629629625,0.14049074074074075,0.1416851851851852,0.14022222222222225,0.14022222222222225,1.0,1.0,1.0,0.0,0.0,0.0,0.0,0.0,0.0,0.0,0.0,0.0,0.0,1.0,1.0,1.0,1.0,1.0,0.0,1.0,0.0,1.0,1.0,0.0,1.0,1.0,0.0,1.0,1.0,0.0,1.0,1.0,0.0,1.0,1.0,1.0,1.0,1.0,0.0,0.0,0.0,0.0,1.0,1.0,1.0,1.0,1.0,1.0,1.0,1.0,1.0,1.0,1.0,1.0,10,0,0.0,0.0,0.0,1.0,0.0,0.0,0.0,0.0,0.0,0.0,0.0,1.0,0.0,0.0,0.0,0.0,0.0,1.0952962962953143,0.15000000000000002,0.15000000000000002,0.0,0.0,0.0,0,0,0,0,C1,0.0,0.0,0.14112962962962963,1.0,1.0,1.0,0.0,0.0,0.14112962962962963
bitflip,depolarizing,0.05,4,10,qiskit_aer,1,1,0.8758182716049383,0.8758182716049383,0.0,0.0,0.0,0.0,0.0,0.0,0.06281075501245383,0.0012860005033634675,0.06247337363504046,0.06206242675538637,0.06338271574148954,0.06129031497550595,0.06075571742065955,1.0,0.0,0.0,0.0,0.0,0.0,0.0,0.0,0.18267358024691357,0.0009780251588792923,0.18319259259259257,0.18243209876543198,0.1834345679012347,0.18087407407407396,0.18087407407407396,1.0,1.0,1.0,0.0,0.0,0.0,0.0,0.0,0.18267358024691357,0.0009780251588792923,0.18319259259259257,0.18243209876543198,0.1834345679012347,0.18087407407407396,0.18087407407407396,1.0,1.0,1.0,0.0,0.0,0.0,0.0,0.0,0.0,0.0,0.0,0.0,0.0,0.18267358024691357,0.0009780251588792923,0.18319259259259257,0.18243209876543198,0.1834345679012347,0.18087407407407396,0.18087407407407396,1.0,1.0,1.0,0.0,0.0,0.0,0.0,0.0,0.0,0.0,0.0,0.0,0.0,0.18267358024691357,0.0009780251588792923,0.18319259259259257,0.18243209876543198,0.1834345679012347,0.18087407407407396,0.18087407407407396,1.0,1.0,1.0,0.0,0.0,0.0,0.0,0.0,0.0,0.0,0.0,0.0,0.0,0.18267358024691357,0.0009780251588792923,0.18319259259259257,0.18243209876543198,0.1834345679012347,0.18087407407407396,0.18087407407407396,1.0,1.0,1.0,0.0,0.0,0.0,0.0,0.0,0.0,0.0,0.0,0.0,0.0,1.0,1.0,1.0,1.0,1.0,0.0,1.0,0.0,1.0,1.0,0.0,1.0,1.0,0.0,1.0,1.0,0.0,1.0,1.0,0.0,1.0,1.0,1.0,1.0,1.0,0.0,0.0,0.0,0.0,1.0,1.0,1.0,1.0,1.0,1.0,1.0,1.0,1.0,1.0,1.0,1.0,10,0,0.0,0.0,0.0,1.0,0.0,0.0,0.0,0.0,0.0,0.0,0.0,1.0,0.0,0.0,0.0,0.0,0.0,1.1241817283944786,0.07500000000000002,0.07500000000000002,0.0,0.0,0.0,0,0,0,0,C1,0.0,0.0,0.18267358024691357,1.0,1.0,1.0,0.0,0.0,0.18267358024691357
bitflip,depolarizing,0.1,1,10,qiskit_aer,1,1,0.9333333333333333,0.9333333333333333,0.0,0.0,1.0,1.0,0.0,0.0,0.03319731212797674,0.0013537501576193368,0.03322753906250048,0.032396298363095655,0.0338320777529767,0.031471857948909374,0.031086464533730762,1.0,0.0,0.0,1.0,0.0,1.0,1.0,1.0,0.09999999999999998,0.0,0.09999999999999998,0.09999999999999998,0.09999999999999998,0.09999999999999998,0.09999999999999998,1.0,1.0,1.0,0.0,0.0,0.0,0.0,0.0,0.09999999999999998,0.0,0.09999999999999998,0.09999999999999998,0.09999999999999998,0.09999999999999998,0.09999999999999998,1.0,1.0,1.0,0.0,0.0,0.0,0.0,0.0,0.0,0.0,0.0,0.0,0.0,0.09999999999999998,0.0,0.09999999999999998,0.09999999999999998,0.09999999999999998,0.09999999999999998,0.09999999999999998,1.0,1.0,1.0,0.0,0.0,0.0,0.0,0.0,0.0,0.0,0.0,0.0,0.0,0.09999999999999998,0.0,0.09999999999999998,0.09999999999999998,0.09999999999999998,0.09999999999999998,0.09999999999999998,1.0,1.0,1.0,0.0,0.0,0.0,0.0,0.0,0.0,0.0,0.0,0.0,0.0,0.09999999999999998,0.0,0.09999999999999998,0.09999999999999998,0.09999999999999998,0.09999999999999998,0.09999999999999998,1.0,1.0,1.0,0.0,0.0,0.0,0.0,0.0,0.0,0.0,0.0,0.0,0.0,1.0,1.0,1.0,1.0,1.0,0.0,1.0,0.0,1.0,1.0,0.0,1.0,1.0,0.0,1.0,1.0,0.0,1.0,1.0,0.0,1.0,1.0,1.0,1.0,1.0,0.0,0.0,0.0,0.0,1.0,1.0,1.0,1.0,1.0,1.0,1.0,1.0,1.0,1.0,1.0,1.0,10,0,0.0,0.0,0.0,1.0,0.0,0.0,0.0,0.0,0.0,0.0,0.0,1.0,0.0,0.0,0.0,0.0,0.0,1.0666666666721094,0.65,0.65,0.0,0.0,0.0,0,0,0,0,C1,0.0,0.0,0.09999999999999998,1.0,1.0,1.0,0.0,0.0,0.09999999999999998
bitflip,depolarizing,0.1,2,10,qiskit_aer,1,1,0.8737777777777779,0.8737777777777779,0.0,0.0,0.0,0.0,0.0,0.0,0.06244334281737757,0.0018451590083786407,0.062426077578609684,0.061960654390510295,0.06339610958315617,0.05941711666754786,0.05914484410250964,1.0,0.1,0.0,0.0,0.0,0.0,0.0,0.0,0.18755555555555542,0.0010886621079036418,0.18666666666666654,0.18666666666666654,0.18888888888888877,0.18666666666666654,0.18666666666666654,1.0,1.0,1.0,0.0,0.0,0.0,0.0,0.0,0.17515246443629523,0.03677825851434327,0.18666666666666654,0.18666666666666654,0.1883333333333332,0.11967188773295773,0.06485797769628687,1.0,1.0,0.9,0.0,0.0,0.0,0.0,0.0,0.0,0.01240309111926019,0.1240309111926019,0.0682170011559309,0.1240309111926019,0.17515246443629523,0.03677825851434327,0.18666666666666654,0.18666666666666654,0.1883333333333332,0.11967188773295773,0.06485797769628687,1.0,1.0,0.9,0.0,0.0,0.0,0.0,0.0,0.0,0.01240309111926019,0.1240309111926019,0.0682170011559309,0.1240309111926019,0.17515246443629523,0.03677825851434327,0.18666666666666654,0.18666666666666654,0.1883333333333332,0.11967188773295773,0.06485797769628687,1.0,1.0,0.9,0.0,0.0,0.0,0.0,0.0,0.0,0.01240309111926019,0.1240309111926019,0.0682170011559309,0.1240309111926019,0.17515246443629523,0.03677825851434327,0.18666666666666654,0.18666666666666654,0.1883333333333332,0.11967188773295773,0.06485797769628687,1.0,1.0,0.9,0.0,0.0,0.0,0.0,0.0,0.0,0.01240309111926019,0.1240309111926019,0.0682170011559309,0.1240309111926019,1.0,0.9,0.9,0.9,0.9,0.0,0.9,0.0,0.9,0.9,0.0,0.9,0.9,0.0,0.9,0.9,0.0,0.9,0.9,0.0,0.9,0.9,0.9,0.9,0.9,0.0,0.0,0.0,0.0,0.9,0.9,1.0,1.0,1.0,0.9,1.0,1.0,1.0,1.0,1.0,1.0,9,0,0.0,0.0,0.0,0.9,0.0,0.0,0.0,0.0,0.0,0.0,0.0,1.0,0.0,0.0,0.0,0.0,0.0,0.9262222222226235,0.3,0.3,0.0,0.0,0.0,0,0,0,0,C1,0.0,0.0,0.17515246443629523,0.9,1.0,0.9,0.0,0.0,0.17515246443629523
bitflip,depolarizing,0.1,3,10,qiskit_aer,1,1,0.8185185185185185,0.8185185185185185,0.0,0.0,0.0,0.0,0.0,0.0,0.09117765533352591,0.0033277808509195746,0.09224243423068079,0.08826311091020467,0.09330380600460447,0.08608753281692456,0.0852211665968734,1.0,0.0,0.0,0.0,0.0,0.0,0.0,0.0,0.2652592592592592,0.0024146330311037374,0.2659259259259259,0.2628148148148147,0.2673703703703703,0.26177777777777766,0.26177777777777766,1.0,1.0,1.0,0.0,0.0,0.0,0.0,0.0,0.2652592592592592,0.0024146330311037374,0.2659259259259259,0.2628148148148147,0.2673703703703703,0.26177777777777766,0.26177777777777766,1.0,1.0,1.0,0.0,0.0,0.0,0.0,0.0,0.0,0.0,0.0,0.0,0.0,0.2652592592592592,0.0024146330311037374,0.2659259259259259,0.2628148148148147,0.2673703703703703,0.26177777777777766,0.26177777777777766,1.0,1.0,1.0,0.0,0.0,0.0,0.0,0.0,0.0,0.0,0.0,0.0,0.0,0.2652592592592592,0.0024146330311037374,0.2659259259259259,0.2628148148148147,0.2673703703703703,0.26177777777777766,0.26177777777777766,1.0,1.0,1.0,0.0,0.0,0.0,0.0,0.0,0.0,0.0,0.0,0.0,0.0,0.2652592592592592,0.0024146330311037374,0.2659259259259259,0.2628148148148147,0.2673703703703703,0.26177777777777766,0.26177777777777766,1.0,1.0,1.0,0.0,0.0,0.0,0.0,0.0,0.0,0.0,0.0,0.0,0.0,1.0,1.0,1.0,1.0,1.0,0.0,1.0,0.0,1.0,1.0,0.0,1.0,1.0,0.0,1.0,1.0,0.0,1.0,1.0,0.0,1.0,1.0,1.0,1.0,1.0,0.0,0.0,0.0,0.0,1.0,1.0,1.0,1.0,1.0,1.0,1.0,1.0,1.0,1.0,1.0,1.0,10,0,0.0,0.0,0.0,1.0,0.0,0.0,0.0,0.0,0.0,0.0,0.0,1.0,0.0,0.0,0.0,0.0,0.0,1.181481481481608,0.3,0.3,0.0,0.0,0.0,0,0,0,0,C1,0.0,0.0,0.2652592592592592,1.0,1.0,1.0,0.0,0.0,0.2652592592592592
bitflip,depolarizing,0.1,4,10,qiskit_aer,1,1,0.7687960493827161,0.7687960493827161,0.0,0.0,0.0,0.0,0.0,0.0,0.1157717660781486,0.0043024932348615375,0.11690977850516704,0.11515571693205062,0.1186231186269952,0.10770817200960878,0.10638731345052799,1.0,0.1,0.0,0.0,0.0,0.0,0.0,0.0,0.3335180246913579,0.0035941527815808107,0.3354518518518517,0.3326913580246913,0.33628641975308626,0.3268740740740739,0.3268740740740739,1.0,1.0,1.0,0.0,0.0,0.0,0.0,0.0,0.31156522122461716,0.0650284559961606,0.33365432098765424,0.32832839506172823,0.33628641975308626,0.21131044513045677,0.11675838508567915,1.0,1.0,0.9,0.0,0.0,0.0,0.0,0.0,0.0,0.021952803466740712,0.2195280346674071,0.12074041906707368,0.2195280346674071,0.31156522122461716,0.0650284559961606,0.33365432098765424,0.32832839506172823,0.33628641975308626,0.21131044513045677,0.11675838508567915,1.0,1.0,0.9,0.0,0.0,0.0,0.0,0.0,0.0,0.021952803466740712,0.2195280346674071,0.12074041906707368,0.2195280346674071,0.31156522122461716,0.0650284559961606,0.33365432098765424,0.32832839506172823,0.33628641975308626,0.21131044513045677,0.11675838508567915,1.0,1.0,0.9,0.0,0.0,0.0,0.0,0.0,0.0,0.021952803466740712,0.2195280346674071,0.12074041906707368,0.2195280346674071,0.31156522122461716,0.0650284559961606,0.33365432098765424,0.32832839506172823,0.33628641975308626,0.21131044513045677,0.11675838508567915,1.0,1.0,0.9,0.0,0.0,0.0,0.0,0.0,0.0,0.021952803466740712,0.2195280346674071,0.12074041906707368,0.2195280346674071,1.0,0.9,0.9,0.9,0.9,0.0,0.9,0.0,0.9,0.9,0.0,0.9,0.9,0.0,0.9,0.9,0.0,0.9,0.9,0.0,0.9,0.9,0.9,0.9,0.9,0.0,0.0,0.0,0.0,0.9,0.9,1.0,1.0,1.0,0.9,1.0,1.0,1.0,1.0,1.0,1.0,9,0,0.0,0.0,0.0,0.9,0.0,0.0,0.0,0.0,0.0,0.0,0.0,1.0,0.0,0.0,0.0,0.0,0.0,1.031203950617185,1.360305718942309e-19,1.360305718942309e-19,0.0,0.0,0.0,0,0,0,0,C1,0.0,0.0,0.31156522122461716,0.9,1.0,0.9,0.0,0.0,0.31156522122461716
bitflip,depolarizing,0.15,1,10,qiskit_aer,1,1,0.9,0.9,0.0,0.0,0.3,0.3,0.0,0.0,0.04984567901234547,0.0013958373854263857,0.049956597222222066,0.04899209104938254,0.050595582561728164,0.047750289351851556,0.04699074074074039,1.0,0.0,0.0,0.3,0.0,0.3,0.3,0.3,0.1499999999999999,0.0,0.1499999999999999,0.1499999999999999,0.1499999999999999,0.1499999999999999,0.1499999999999999,1.0,1.0,1.0,0.0,0.0,0.0,0.0,0.0,0.1499999999999999,0.0,0.1499999999999999,0.1499999999999999,0.1499999999999999,0.1499999999999999,0.1499999999999999,1.0,1.0,1.0,0.0,0.0,0.0,0.0,0.0,0.0,0.0,0.0,0.0,0.0,0.1499999999999999,0.0,0.1499999999999999,0.1499999999999999,0.1499999999999999,0.1499999999999999,0.1499999999999999,1.0,1.0,1.0,0.0,0.0,0.0,0.0,0.0,0.0,0.0,0.0,0.0,0.0,0.1499999999999999,0.0,0.1499999999999999,0.1499999999999999,0.1499999999999999,0.1499999999999999,0.1499999999999999,1.0,1.0,1.0,0.0,0.0,0.0,0.0,0.0,0.0,0.0,0.0,0.0,0.0,0.1499999999999999,0.0,0.1499999999999999,0.1499999999999999,0.1499999999999999,0.1499999999999999,0.1499999999999999,1.0,1.0,1.0,0.0,0.0,0.0,0.0,0.0,0.0,0.0,0.0,0.0,0.0,1.0,1.0,1.0,1.0,1.0,0.0,1.0,0.0,1.0,1.0,0.0,1.0,1.0,0.0,1.0,1.0,0.0,1.0,1.0,0.0,1.0,1.0,1.0,1.0,1.0,0.0,0.0,0.0,0.0,1.0,1.0,1.0,1.0,1.0,1.0,1.0,1.0,1.0,1.0,1.0,1.0,10,0,0.0,0.0,0.0,1.0,0.0,0.0,0.0,0.0,0.0,0.0,0.0,1.0,0.0,0.0,0.0,0.0,0.0,1.100000000001379,0.5,0.5,0.0,0.0,0.0,0,0,0,0,C1,0.0,0.0,0.1499999999999999,1.0,1.0,1.0,0.0,0.0,0.1499999999999999
bitflip,depolarizing,0.15,2,10,qiskit_aer,1,1,0.8160000000000001,0.8160000000000001,0.0,0.0,0.0,0.0,0.0,0.0,0.09184509351266361,0.0030137416626069787,0.09147696476964784,0.0892644817073173,0.09366212277091904,0.08796451558265604,0.08779302168021708,1.0,0.0,0.0,0.0,0.0,0.0,0.0,0.0,0.2719999999999999,0.0024494897427831666,0.2699999999999999,0.2699999999999999,0.2749999999999999,0.2699999999999999,0.26999999999999996,1.0,1.0,1.0,0.0,0.0,0.0,0.0,0.0,0.2719999999999999,0.0024494897427831666,0.2699999999999999,0.2699999999999999,0.2749999999999999,0.2699999999999999,0.26999999999999996,1.0,1.0,1.0,0.0,0.0,0.0,0.0,0.0,0.0,0.0,0.0,0.0,0.0,0.2719999999999999,0.0024494897427831666,0.2699999999999999,0.2699999999999999,0.2749999999999999,0.2699999999999999,0.26999999999999996,1.0,1.0,1.0,0.0,0.0,0.0,0.0,0.0,0.0,0.0,0.0,0.0,0.0,0.2719999999999999,0.0024494897427831666,0.2699999999999999,0.2699999999999999,0.2749999999999999,0.2699999999999999,0.26999999999999996,1.0,1.0,1.0,0.0,0.0,0.0,0.0,0.0,0.0,0.0,0.0,0.0,0.0,0.2719999999999999,0.0024494897427831666,0.2699999999999999,0.2699999999999999,0.2749999999999999,0.2699999999999999,0.26999999999999996,1.0,1.0,1.0,0.0,0.0,0.0,0.0,0.0,0.0,0.0,0.0,0.0,0.0,1.0,1.0,1.0,1.0,1.0,0.0,1.0,0.0,1.0,1.0,0.0,1.0,1.0,0.0,1.0,1.0,0.0,1.0,1.0,0.0,1.0,1.0,1.0,1.0,1.0,0.0,0.0,0.0,0.0,1.0,1.0,1.0,1.0,1.0,1.0,1.0,1.0,1.0,1.0,1.0,1.0,10,0,0.0,0.0,0.0,1.0,0.0,0.0,0.0,0.0,0.0,0.0,0.0,1.0,0.0,0.0,0.0,0.0,0.0,1.1839999999999042,1.6886553752387284e-19,1.6886553752387284e-19,0.0,0.0,0.0,0,0,0,0,C1,0.0,0.0,0.2719999999999999,1.0,1.0,1.0,0.0,0.0,0.2719999999999999
bitflip,depolarizing,0.15,3,10,qiskit_aer,1,1,0.7410000000000001,0.7410000000000001,0.0,0.0,0.0,0.0,0.0,0.0,0.12954483113940365,0.005553504035789564,0.13062707015959046,0.12399939777175545,0.1334420705926999,0.12193400940623159,0.1217686654908876,1.0,0.0,0.0,0.0,0.0,0.0,0.0,0.0,0.3734999999999999,0.00518169856321265,0.3749999999999999,0.36824999999999986,0.3779999999999999,0.3659999999999999,0.3659999999999999,1.0,1.0,1.0,0.0,0.0,0.0,0.0,0.0,0.3734999999999999,0.00518169856321265,0.3749999999999999,0.36824999999999986,0.3779999999999999,0.3659999999999999,0.3659999999999999,1.0,1.0,1.0,0.0,0.0,0.0,0.0,0.0,0.0,0.0,0.0,0.0,0.0,0.3734999999999999,0.00518169856321265,0.3749999999999999,0.36824999999999986,0.3779999999999999,0.3659999999999999,0.3659999999999999,1.0,1.0,1.0,0.0,0.0,0.0,0.0,0.0,0.0,0.0,0.0,0.0,0.0,0.3734999999999999,0.00518169856321265,0.3749999999999999,0.36824999999999986,0.3779999999999999,0.3659999999999999,0.3659999999999999,1.0,1.0,1.0,0.0,0.0,0.0,0.0,0.0,0.0,0.0,0.0,0.0,0.0,0.3734999999999999,0.00518169856321265,0.3749999999999999,0.36824999999999986,0.3779999999999999,0.3659999999999999,0.3659999999999999,1.0,1.0,1.0,0.0,0.0,0.0,0.0,0.0,0.0,0.0,0.0,0.0,0.0,1.0,1.0,1.0,1.0,1.0,0.0,1.0,0.0,1.0,1.0,0.0,1.0,1.0,0.0,1.0,1.0,0.0,1.0,1.0,0.0,1.0,1.0,1.0,1.0,1.0,0.0,0.0,0.0,0.0,1.0,1.0,1.0,1.0,1.0,1.0,1.0,1.0,1.0,1.0,1.0,1.0,10,0,0.0,0.0,0.0,1.0,0.0,0.0,0.0,0.0,0.0,0.0,0.0,1.0,0.0,0.0,0.0,0.0,0.0,1.258999999999928,0.2,0.2,0.0,0.0,0.0,0,0,0,0,C1,0.0,0.0,0.3734999999999999,1.0,1.0,1.0,0.0,0.0,0.3734999999999999
bitflip,depolarizing,0.15,4,10,qiskit_aer,1,1,0.6772800000000001,0.6772800000000001,0.0,0.0,0.0,0.0,0.0,0.0,0.16186724335802763,0.007533916209473287,0.1642053007201132,0.16014893200078356,0.16713827160493813,0.14810962290326649,0.1468610417454912,1.0,0.0,0.0,0.0,0.0,0.0,0.0,0.0,0.45655999999999985,0.0074063756318458384,0.46059999999999984,0.45499999999999985,0.46219999999999983,0.44279999999999986,0.44279999999999986,1.0,1.0,1.0,0.0,0.0,0.0,0.0,0.0,0.45655999999999985,0.0074063756318458384,0.46059999999999984,0.45499999999999985,0.46219999999999983,0.44279999999999986,0.44279999999999986,1.0,1.0,1.0,0.0,0.0,0.0,0.0,0.0,0.0,0.0,0.0,0.0,0.0,0.45655999999999985,0.0074063756318458384,0.46059999999999984,0.45499999999999985,0.46219999999999983,0.44279999999999986,0.44279999999999986,1.0,1.0,1.0,0.0,0.0,0.0,0.0,0.0,0.0,0.0,0.0,0.0,0.0,0.45655999999999985,0.0074063756318458384,0.46059999999999984,0.45499999999999985,0.46219999999999983,0.44279999999999986,0.44279999999999986,1.0,1.0,1.0,0.0,0.0,0.0,0.0,0.0,0.0,0.0,0.0,0.0,0.0,0.45655999999999985,0.0074063756318458384,0.46059999999999984,0.45499999999999985,0.46219999999999983,0.44279999999999986,0.44279999999999986,1.0,1.0,1.0,0.0,0.0,0.0,0.0,0.0,0.0,0.0,0.0,0.0,0.0,1.0,1.0,1.0,1.0,1.0,0.0,1.0,0.0,1.0,1.0,0.0,1.0,1.0,0.0,1.0,1.0,0.0,1.0,1.0,0.0,1.0,1.0,1.0,1.0,1.0,0.0,0.0,0.0,0.0,1.0,1.0,1.0,1.0,1.0,1.0,1.0,1.0,1.0,1.0,1.0,1.0,10,0,0.0,0.0,0.0,1.0,0.0,0.0,0.0,0.0,0.0,0.0,0.0,1.0,0.0,0.0,0.0,0.0,0.0,1.322719999999938,1.9231908440218853e-19,1.9231908440218853e-19,0.0,0.0,0.0,0,0,0,0,C1,0.0,0.0,0.45655999999999985,1.0,1.0,1.0,0.0,0.0,0.45655999999999985
bitflip,depolarizing,0.2,1,10,qiskit_aer,1,1,0.8666666666666667,0.8666666666666667,0.0,0.0,0.0,0.0,0.0,0.0,0.06666207598824792,0.001954728983230074,0.06590002337072653,0.06565901275373942,0.06713950654380349,0.06502549913194446,0.0650048410790598,1.0,0.0,0.0,0.0,0.0,0.0,0.0,0.0,0.19999999999999973,0.0,0.19999999999999973,0.19999999999999973,0.19999999999999973,0.19999999999999973,0.19999999999999973,1.0,1.0,1.0,0.0,0.0,0.0,0.0,0.0,0.19999999999999973,0.0,0.19999999999999973,0.19999999999999973,0.19999999999999973,0.19999999999999973,0.19999999999999973,1.0,1.0,1.0,0.0,0.0,0.0,0.0,0.0,0.0,0.0,0.0,0.0,0.0,0.19999999999999973,0.0,0.19999999999999973,0.19999999999999973,0.19999999999999973,0.19999999999999973,0.19999999999999973,1.0,1.0,1.0,0.0,0.0,0.0,0.0,0.0,0.0,0.0,0.0,0.0,0.0,0.19999999999999973,0.0,0.19999999999999973,0.19999999999999973,0.19999999999999973,0.19999999999999973,0.19999999999999973,1.0,1.0,1.0,0.0,0.0,0.0,0.0,0.0,0.0,0.0,0.0,0.0,0.0,0.19999999999999973,0.0,0.19999999999999973,0.19999999999999973,0.19999999999999973,0.19999999999999973,0.19999999999999973,1.0,1.0,1.0,0.0,0.0,0.0,0.0,0.0,0.0,0.0,0.0,0.0,0.0,1.0,1.0,1.0,1.0,1.0,0.0,1.0,0.0,1.0,1.0,0.0,1.0,1.0,0.0,1.0,1.0,0.0,1.0,1.0,0.0,1.0,1.0,1.0,1.0,1.0,0.0,0.0,0.0,0.0,1.0,1.0,1.0,1.0,1.0,1.0,1.0,1.0,1.0,1.0,1.0,1.0,10,0,0.0,0.0,0.0,1.0,0.0,0.0,0.0,0.0,0.0,0.0,0.0,1.0,0.0,0.0,0.0,0.0,0.0,1.1333333333339874,0.5,0.5,0.0,0.0,0.0,0,0,0,0,C1,0.0,0.0,0.19999999999999973,1.0,1.0,1.0,0.0,0.0,0.19999999999999973
bitflip,depolarizing,0.2,2,10,qiskit_aer,1,1,0.7617777777777779,0.7617777777777779,0.0,0.0,0.0,0.0,0.0,0.0,0.11921910697400416,0.004938487215064181,0.11763955372912677,0.11578019629094438,0.12410494611891823,0.11281281360388593,0.11240299604608239,1.0,0.0,0.0,0.0,0.0,0.0,0.0,0.0,0.350222222222222,0.004354648431614539,0.34666666666666646,0.34666666666666646,0.3555555555555553,0.34666666666666646,0.34666666666666646,1.0,1.0,1.0,0.0,0.0,0.0,0.0,0.0,0.350222222222222,0.004354648431614539,0.34666666666666646,0.34666666666666646,0.3555555555555553,0.34666666666666646,0.34666666666666646,1.0,1.0,1.0,0.0,0.0,0.0,0.0,0.0,0.0,0.0,0.0,0.0,0.0,0.350222222222222,0.004354648431614539,0.34666666666666646,0.34666666666666646,0.3555555555555553,0.34666666666666646,0.34666666666666646,1.0,1.0,1.0,0.0,0.0,0.0,0.0,0.0,0.0,0.0,0.0,0.0,0.0,0.350222222222222,0.004354648431614539,0.34666666666666646,0.34666666666666646,0.3555555555555553,0.34666666666666646,0.34666666666666646,1.0,1.0,1.0,0.0,0.0,0.0,0.0,0.0,0.0,0.0,0.0,0.0,0.0,0.350222222222222,0.004354648431614539,0.34666666666666646,0.34666666666666646,0.3555555555555553,0.34666666666666646,0.34666666666666646,1.0,1.0,1.0,0.0,0.0,0.0,0.0,0.0,0.0,0.0,0.0,0.0,0.0,1.0,1.0,1.0,1.0,1.0,0.0,1.0,0.0,1.0,1.0,0.0,1.0,1.0,0.0,1.0,1.0,0.0,1.0,1.0,0.0,1.0,1.0,1.0,1.0,1.0,0.0,0.0,0.0,0.0,1.0,1.0,1.0,1.0,1.0,1.0,1.0,1.0,1.0,1.0,1.0,1.0,10,0,0.0,0.0,0.0,1.0,0.0,0.0,0.0,0.0,0.0,0.0,0.0,1.0,0.0,0.0,0.0,0.0,0.0,1.2382222222222579,0.3,0.3,0.0,0.0,0.0,0,0,0,0,C1,0.0,0.0,0.350222222222222,1.0,1.0,1.0,0.0,0.0,0.350222222222222
bitflip,depolarizing,0.2,3,10,qiskit_aer,1,1,0.6717037037037037,0.6717037037037037,0.0,0.0,0.0,0.0,0.0,0.0,0.16435319639406012,0.008420209068614152,0.1665974636168031,0.15614888749514225,0.1707811622214354,0.15185366734104197,0.15179842702283108,1.0,0.0,0.0,0.0,0.0,0.0,0.0,0.0,0.4669629629629627,0.008766565741333382,0.4696296296296294,0.45807407407407374,0.47451851851851823,0.45422222222222186,0.45422222222222186,1.0,1.0,1.0,0.0,0.0,0.0,0.0,0.0,0.4669629629629627,0.008766565741333382,0.4696296296296294,0.45807407407407374,0.47451851851851823,0.45422222222222186,0.45422222222222186,1.0,1.0,1.0,0.0,0.0,0.0,0.0,0.0,0.0,0.0,0.0,0.0,0.0,0.4669629629629627,0.008766565741333382,0.4696296296296294,0.45807407407407374,0.47451851851851823,0.45422222222222186,0.45422222222222186,1.0,1.0,1.0,0.0,0.0,0.0,0.0,0.0,0.0,0.0,0.0,0.0,0.0,0.4669629629629627,0.008766565741333382,0.4696296296296294,0.45807407407407374,0.47451851851851823,0.45422222222222186,0.45422222222222186,1.0,1.0,1.0,0.0,0.0,0.0,0.0,0.0,0.0,0.0,0.0,0.0,0.0,0.4669629629629627,0.008766565741333382,0.4696296296296294,0.45807407407407374,0.47451851851851823,0.45422222222222186,0.45422222222222186,1.0,1.0,1.0,0.0,0.0,0.0,0.0,0.0,0.0,0.0,0.0,0.0,0.0,1.0,1.0,1.0,1.0,1.0,0.0,1.0,0.0,1.0,1.0,0.0,1.0,1.0,0.0,1.0,1.0,0.0,1.0,1.0,0.0,1.0,1.0,1.0,1.0,1.0,0.0,0.0,0.0,0.0,1.0,1.0,1.0,1.0,1.0,1.0,1.0,1.0,1.0,1.0,1.0,1.0,10,0,0.0,0.0,0.0,1.0,0.0,0.0,0.0,0.0,0.0,0.0,0.0,1.0,0.0,0.0,0.0,0.0,0.0,1.3282962962962406,0.1,0.1,0.0,0.0,0.0,0,0,0,0,C1,0.0,0.0,0.4669629629629627,1.0,1.0,1.0,0.0,0.0,0.4669629629629627
bitflip,depolarizing,0.2,4,10,qiskit_aer,1,1,0.5996997530864198,0.5996997530864198,0.0,0.0,0.0,0.0,0.0,0.0,0.2003410945327221,0.011913977247962244,0.2062588835550277,0.19815109495075325,0.20894108320062157,0.17788847178149572,0.17722030692895951,1.0,0.0,0.0,0.0,0.0,0.0,0.0,0.0,0.5555476543209874,0.012019321172636927,0.5621925925925924,0.5532839506172836,0.5645827160493825,0.5330962962962961,0.5330962962962961,1.0,1.0,1.0,0.0,0.0,0.0,0.0,0.0,0.5555476543209874,0.012019321172636927,0.5621925925925924,0.5532839506172836,0.5645827160493825,0.5330962962962961,0.5330962962962961,1.0,1.0,1.0,0.0,0.0,0.0,0.0,0.0,0.0,0.0,0.0,0.0,0.0,0.5555476543209874,0.012019321172636927,0.5621925925925924,0.5532839506172836,0.5645827160493825,0.5330962962962961,0.5330962962962961,1.0,1.0,1.0,0.0,0.0,0.0,0.0,0.0,0.0,0.0,0.0,0.0,0.0,0.5555476543209874,0.012019321172636927,0.5621925925925924,0.5532839506172836,0.5645827160493825,0.5330962962962961,0.5330962962962961,1.0,1.0,1.0,0.0,0.0,0.0,0.0,0.0,0.0,0.0,0.0,0.0,0.0,0.5555476543209874,0.012019321172636927,0.5621925925925924,0.5532839506172836,0.5645827160493825,0.5330962962962961,0.5330962962962961,1.0,1.0,1.0,0.0,0.0,0.0,0.0,0.0,0.0,0.0,0.0,0.0,0.0,1.0,1.0,1.0,1.0,1.0,0.0,1.0,0.0,1.0,1.0,0.0,1.0,1.0,0.0,1.0,1.0,0.0,1.0,1.0,0.0,1.0,1.0,1.0,1.0,1.0,0.0,0.0,0.0,0.0,1.0,1.0,1.0,1.0,1.0,1.0,1.0,1.0,1.0,1.0,1.0,1.0,10,0,0.0,0.0,0.0,1.0,0.0,0.0,0.0,0.0,0.0,0.0,0.0,1.0,0.0,0.0,0.0,0.0,0.0,1.4003002469135868,0.4,0.4,0.0,0.0,0.0,0,0,0,0,C1,0.0,0.0,0.5555476543209874,1.0,1.0,1.0,0.0,0.0,0.5555476543209874
bitflip,mixed_pauli,0.01,1,10,qiskit_aer,1,1,0.996,0.996,0.0,0.0,1.0,1.0,0.0,0.0,0.002985557652870452,0.00379242226651474,0.0013821308724826786,-7.771561172376096e-16,0.0036938531180085443,-7.771561172376096e-16,-7.771561172376096e-16,1.0,0.0,0.5,1.0,0.0,0.5,0.5,0.5,0.009999999999999787,0.0,0.009999999999999787,0.009999999999999787,0.009999999999999787,0.009999999999999787,0.009999999999999787,1.0,1.0,1.0,0.0,0.0,0.0,0.0,0.0,0.009999999999999787,0.0,0.009999999999999787,0.009999999999999787,0.009999999999999787,0.009999999999999787,0.009999999999999787,1.0,1.0,1.0,0.0,0.0,0.0,0.0,0.0,0.0,0.0,0.0,0.0,0.0,0.009999999999999787,0.0,0.009999999999999787,0.009999999999999787,0.009999999999999787,0.009999999999999787,0.009999999999999787,1.0,1.0,1.0,0.0,0.0,0.0,0.0,0.0,0.0,0.0,0.0,0.0,0.0,0.009999999999999787,0.0,0.009999999999999787,0.009999999999999787,0.009999999999999787,0.009999999999999787,0.009999999999999787,1.0,1.0,1.0,0.0,0.0,0.0,0.0,0.0,0.0,0.0,0.0,0.0,0.0,0.009999999999999787,0.0,0.009999999999999787,0.009999999999999787,0.009999999999999787,0.009999999999999787,0.009999999999999787,1.0,1.0,1.0,0.0,0.0,0.0,0.0,0.0,0.0,0.0,0.0,0.0,0.0,1.0,1.0,1.0,1.0,1.0,0.0,1.0,0.0,1.0,1.0,0.0,1.0,1.0,0.0,1.0,1.0,0.0,1.0,1.0,0.0,1.0,1.0,1.0,1.0,1.0,0.0,0.0,0.0,0.0,1.0,1.0,1.0,1.0,1.0,1.0,1.0,1.0,1.0,1.0,1.0,1.0,10,0,0.0,0.0,0.0,0.5,0.0,0.0,0.0,0.0,0.0,0.0,0.0,1.0,0.0,0.0,0.0,0.0,0.0,1.004000006712965,0.65,0.65,0.0,0.0,0.0,0,0,0,0,C1,0.0,0.0,0.009999999999999787,1.0,1.0,1.0,0.0,0.0,0.009999999999999787
bitflip,mixed_pauli,0.01,2,10,qiskit_aer,1,1,0.9916777777777778,0.9916777777777778,0.0,0.0,1.0,1.0,0.0,0.0,0.006747168384869784,0.0044758558287672084,0.008686269543663916,0.0033565704231914295,0.009899999999999465,0.0,0.0,1.0,0.1,0.1,0.9,0.0,0.9,0.9,0.9,0.019872222222222145,3.8248698840208043e-05,0.01989444444444438,0.019866666666666477,0.01990000000000003,0.019799999999999818,0.019799999999999818,1.0,1.0,1.0,0.0,0.0,0.0,0.0,0.0,0.01924026030014906,0.0018869914694679764,0.019877777777777605,0.019816666666666483,0.01990000000000003,0.01637920942859795,0.013580380779269152,1.0,1.0,1.0,0.0,0.0,0.0,0.0,0.0,0.0,0.0006319619220730877,0.0063196192207308766,0.0034757905714019755,0.0063196192207308766,0.01924026030014906,0.0018869914694679764,0.019877777777777605,0.019816666666666483,0.01990000000000003,0.01637920942859795,0.013580380779269152,1.0,1.0,1.0,0.0,0.0,0.0,0.0,0.0,0.0,0.0006319619220730877,0.0063196192207308766,0.0034757905714019755,0.0063196192207308766,0.01924026030014906,0.0018869914694679764,0.019877777777777605,0.019816666666666483,0.01990000000000003,0.01637920942859795,0.013580380779269152,1.0,1.0,1.0,0.0,0.0,0.0,0.0,0.0,0.0,0.0006319619220730877,0.0063196192207308766,0.0034757905714019755,0.0063196192207308766,0.01924026030014906,0.0018869914694679764,0.019877777777777605,0.019816666666666483,0.01990000000000003,0.01637920942859795,0.013580380779269152,1.0,1.0,1.0,0.0,0.0,0.0,0.0,0.0,0.0,0.0006319619220730877,0.0063196192207308766,0.0034757905714019755,0.0063196192207308766,0.9,0.9,0.9,0.9,0.9,0.0,0.9,1.0,1.0,0.9,1.0,1.0,0.9,1.0,1.0,0.9,1.0,1.0,0.9,0.0,0.9,0.9,0.9,0.9,0.9,0.0,0.0,0.0,0.0,0.9,0.9,1.0,1.0,1.0,0.9,1.0,1.0,1.0,1.0,1.0,1.0,9,0,0.0,0.0,0.0,0.9,0.0,0.0,0.0,0.0,0.0,0.0,0.0,1.0,0.0,0.0,0.0,0.0,0.0,0.8083222252436629,0.55,0.55,0.0,0.0,0.0,0,0,0,0,C1,0.0,0.0,0.01924026030014906,1.0,1.0,0.9,0.0,0.0,0.01924026030014906
bitflip,mixed_pauli,0.01,3,10,qiskit_aer,1,1,0.9857398666666667,0.9857398666666667,0.0,0.0,1.0,1.0,0.0,0.0,0.01160020064278342,0.004721088575988178,0.010162517452064257,0.009802000000000088,0.013383542424177747,0.006114430949384797,0.003097328998881377,1.0,0.0,0.1,1.0,0.0,0.9,0.9,0.9,0.029618451851851725,3.970509187726751e-05,0.029601999999999906,0.029601999999999906,0.02965955555555516,0.029565699999999962,0.029536000000000007,1.0,1.0,1.0,0.0,0.0,0.0,0.0,0.0,0.029618451851851725,3.970509187726751e-05,0.029601999999999906,0.029601999999999906,0.02965955555555516,0.029565699999999962,0.029536000000000007,1.0,1.0,1.0,0.0,0.0,0.0,0.0,0.0,0.0,0.0,0.0,0.0,0.0,0.029618451851851725,3.970509187726751e-05,0.029601999999999906,0.029601999999999906,0.02965955555555516,0.029565699999999962,0.029536000000000007,1.0,1.0,1.0,0.0,0.0,0.0,0.0,0.0,0.0,0.0,0.0,0.0,0.0,0.029618451851851725,3.970509187726751e-05,0.029601999999999906,0.029601999999999906,0.02965955555555516,0.029565699999999962,0.029536000000000007,1.0,1.0,1.0,0.0,0.0,0.0,0.0,0.0,0.0,0.0,0.0,0.0,0.0,0.029618451851851725,3.970509187726751e-05,0.029601999999999906,0.029601999999999906,0.02965955555555516,0.029565699999999962,0.029536000000000007,1.0,1.0,1.0,0.0,0.0,0.0,0.0,0.0,0.0,0.0,0.0,0.0,0.0,1.0,1.0,1.0,1.0,1.0,0.0,1.0,0.0,1.0,1.0,0.0,1.0,1.0,0.0,1.0,1.0,0.0,1.0,1.0,0.0,1.0,1.0,1.0,1.0,1.0,0.0,0.0,0.0,0.0,1.0,1.0,1.0,1.0,1.0,1.0,1.0,1.0,1.0,1.0,1.0,1.0,10,0,0.0,0.0,0.0,0.9,0.0,0.0,0.0,0.0,0.0,0.0,0.0,1.0,0.0,0.0,0.0,0.0,0.0,1.0142601340247461,0.7000000000000001,0.7000000000000001,0.0,0.0,0.0,0,0,0,0,C1,0.0,0.0,0.029618451851851725,1.0,1.0,1.0,0.0,0.0,0.029618451851851725
bitflip,mixed_pauli,0.01,4,10,qiskit_aer,1,1,0.9808491573333333,0.9808491573333333,0.0,0.0,1.0,1.0,0.0,0.0,0.015256972294930149,0.005966921040565038,0.012776091330629846,0.010954534562998164,0.019481475000000137,0.008096442582963975,0.006779564696298035,1.0,0.0,0.0,1.0,0.0,1.0,1.0,1.0,0.03921980037037023,5.482420293308458e-05,0.0392350844444444,0.039207469999999855,0.03924063999999994,0.03912446199999973,0.039109959999999666,1.0,1.0,1.0,0.0,0.0,0.0,0.0,0.0,0.03921980037037023,5.482420293308458e-05,0.0392350844444444,0.039207469999999855,0.03924063999999994,0.03912446199999973,0.039109959999999666,1.0,1.0,1.0,0.0,0.0,0.0,0.0,0.0,0.0,0.0,0.0,0.0,0.0,0.03921980037037023,5.482420293308458e-05,0.0392350844444444,0.039207469999999855,0.03924063999999994,0.03912446199999973,0.039109959999999666,1.0,1.0,1.0,0.0,0.0,0.0,0.0,0.0,0.0,0.0,0.0,0.0,0.0,0.03921980037037023,5.482420293308458e-05,0.0392350844444444,0.039207469999999855,0.03924063999999994,0.03912446199999973,0.039109959999999666,1.0,1.0,1.0,0.0,0.0,0.0,0.0,0.0,0.0,0.0,0.0,0.0,0.0,0.03921980037037023,5.482420293308458e-05,0.0392350844444444,0.039207469999999855,0.03924063999999994,0.03912446199999973,0.039109959999999666,1.0,1.0,1.0,0.0,0.0,0.0,0.0,0.0,0.0,0.0,0.0,0.0,0.0,1.0,1.0,1.0,1.0,1.0,0.0,1.0,0.0,1.0,1.0,0.0,1.0,1.0,0.0,1.0,1.0,0.0,1.0,1.0,0.0,1.0,1.0,1.0,1.0,1.0,0.0,0.0,0.0,0.0,1.0,1.0,1.0,1.0,1.0,1.0,1.0,1.0,1.0,1.0,1.0,1.0,10,0,0.0,0.0,0.0,1.0,0.0,0.0,0.0,0.0,0.0,0.0,0.0,1.0,0.0,0.0,0.0,0.0,0.0,1.019150842917808,0.55,0.55,0.0,0.0,0.0,0,0,0,0,C1,0.0,0.0,0.03921980037037023,1.0,1.0,1.0,0.0,0.0,0.03921980037037023
bitflip,mixed_pauli,0.03,1,10,qiskit_aer,1,1,0.988,0.988,0.0,0.0,1.0,1.0,0.0,0.0,0.009036989795917993,0.011365265138647598,0.004689625850339774,-4.440892098500626e-16,0.010601615646258111,-4.440892098500626e-16,-4.440892098500626e-16,1.0,0.0,0.2,1.0,0.0,0.8,0.8,0.8,0.029999999999999694,0.0,0.029999999999999694,0.029999999999999694,0.029999999999999694,0.029999999999999694,0.029999999999999694,1.0,1.0,1.0,0.0,0.0,0.0,0.0,0.0,0.029999999999999694,0.0,0.029999999999999694,0.029999999999999694,0.029999999999999694,0.029999999999999694,0.029999999999999694,1.0,1.0,1.0,0.0,0.0,0.0,0.0,0.0,0.0,0.0,0.0,0.0,0.0,0.029999999999999694,0.0,0.029999999999999694,0.029999999999999694,0.029999999999999694,0.029999999999999694,0.029999999999999694,1.0,1.0,1.0,0.0,0.0,0.0,0.0,0.0,0.0,0.0,0.0,0.0,0.0,0.029999999999999694,0.0,0.029999999999999694,0.029999999999999694,0.029999999999999694,0.029999999999999694,0.029999999999999694,1.0,1.0,1.0,0.0,0.0,0.0,0.0,0.0,0.0,0.0,0.0,0.0,0.0,0.029999999999999694,0.0,0.029999999999999694,0.029999999999999694,0.029999999999999694,0.029999999999999694,0.029999999999999694,1.0,1.0,1.0,0.0,0.0,0.0,0.0,0.0,0.0,0.0,0.0,0.0,0.0,1.0,1.0,1.0,1.0,1.0,0.0,1.0,0.0,1.0,1.0,0.0,1.0,1.0,0.0,1.0,1.0,0.0,1.0,1.0,0.0,1.0,1.0,1.0,1.0,1.0,0.0,0.0,0.0,0.0,1.0,1.0,1.0,1.0,1.0,1.0,1.0,1.0,1.0,1.0,1.0,1.0,10,0,0.0,0.0,0.0,0.8,0.0,0.0,0.0,0.0,0.0,0.0,0.0,1.0,0.0,0.0,0.0,0.0,0.0,1.0120000065096533,0.65,0.65,0.0,0.0,0.0,0,0,0,0,C1,0.0,0.0,0.029999999999999694,1.0,1.0,1.0,0.0,0.0,0.029999999999999694
bitflip,mixed_pauli,0.03,2,10,qiskit_aer,1,1,0.9751000000000001,0.9751000000000001,0.0,0.0,1.0,1.0,0.0,0.0,0.019577685339441975,0.012878762056255384,0.024683069554352677,0.01024079506802722,0.029099999999999904,1.1102230246251565e-16,1.1102230246251565e-16,1.0,0.0,0.0,1.0,0.0,1.0,1.0,1.0,0.05884999999999996,0.0003442382895613031,0.05905000000000005,0.05879999999999996,0.05910000000000004,0.058199999999999696,0.058199999999999696,1.0,1.0,1.0,0.0,0.0,0.0,0.0,0.0,0.05884999999999996,0.0003442382895613031,0.05905000000000005,0.05879999999999996,0.05910000000000004,0.058199999999999696,0.058199999999999696,1.0,1.0,1.0,0.0,0.0,0.0,0.0,0.0,0.0,0.0,0.0,0.0,0.0,0.05884999999999996,0.0003442382895613031,0.05905000000000005,0.05879999999999996,0.05910000000000004,0.058199999999999696,0.058199999999999696,1.0,1.0,1.0,0.0,0.0,0.0,0.0,0.0,0.0,0.0,0.0,0.0,0.0,0.05884999999999996,0.0003442382895613031,0.05905000000000005,0.05879999999999996,0.05910000000000004,0.058199999999999696,0.058199999999999696,1.0,1.0,1.0,0.0,0.0,0.0,0.0,0.0,0.0,0.0,0.0,0.0,0.0,0.05884999999999996,0.0003442382895613031,0.05905000000000005,0.05879999999999996,0.05910000000000004,0.058199999999999696,0.058199999999999696,1.0,1.0,1.0,0.0,0.0,0.0,0.0,0.0,0.0,0.0,0.0,0.0,0.0,1.0,1.0,1.0,1.0,1.0,0.0,1.0,0.0,1.0,1.0,0.0,1.0,1.0,0.0,1.0,1.0,0.0,1.0,1.0,0.0,1.0,1.0,1.0,1.0,1.0,0.0,0.0,0.0,0.0,1.0,1.0,1.0,1.0,1.0,1.0,1.0,1.0,1.0,1.0,1.0,1.0,10,0,0.0,0.0,0.0,1.0,0.0,0.0,0.0,0.0,0.0,0.0,0.0,1.0,0.0,0.0,0.0,0.0,0.0,1.024900002624457,0.55,0.55,0.0,0.0,0.0,0,0,0,0,C1,0.0,0.0,0.05884999999999996,1.0,1.0,1.0,0.0,0.0,0.05884999999999996
bitflip,mixed_pauli,0.03,3,10,qiskit_aer,1,1,0.9576564,0.9576564,0.0,0.0,1.0,1.0,0.0,0.0,0.033347778857985746,0.013429684884957533,0.028875469188270553,0.028254000000000445,0.03837726378382195,0.018196736947279094,0.00996806717687071,1.0,0.2,0.0,0.8,0.0,1.0,1.0,1.0,0.08659819999999982,0.0003495487948770361,0.08645399999999981,0.08645399999999981,0.08695799999999992,0.08613389999999989,0.08587199999999995,1.0,1.0,1.0,0.0,0.0,0.0,0.0,0.0,0.07502469383765395,0.023078457858470697,0.08645399999999981,0.08601749999999991,0.08666549999999973,0.028813322269443543,0.028254000000000445,1.0,1.0,0.8,0.0,0.0,0.2,0.2,0.2,0.0,0.01157350616234587,0.1157350616234587,0.05790077773055635,0.05819999999999936,0.07502469383765395,0.023078457858470697,0.08645399999999981,0.08601749999999991,0.08666549999999973,0.028813322269443543,0.028254000000000445,1.0,1.0,0.8,0.0,0.0,0.2,0.2,0.2,0.0,0.01157350616234587,0.1157350616234587,0.05790077773055635,0.05819999999999936,0.07502469383765395,0.023078457858470697,0.08645399999999981,0.08601749999999991,0.08666549999999973,0.028813322269443543,0.028254000000000445,1.0,1.0,0.8,0.0,0.0,0.2,0.2,0.2,0.0,0.01157350616234587,0.1157350616234587,0.05790077773055635,0.05819999999999936,0.07502469383765395,0.023078457858470697,0.08645399999999981,0.08601749999999991,0.08666549999999973,0.028813322269443543,0.028254000000000445,1.0,1.0,0.8,0.0,0.0,0.2,0.2,0.2,0.0,0.01157350616234587,0.1157350616234587,0.05790077773055635,0.05819999999999936,1.0,0.8,0.8,0.8,0.8,0.0,0.8,0.0,0.8,0.8,0.0,0.8,0.8,0.0,0.8,0.8,0.0,0.8,0.8,0.0,0.8,0.8,0.8,0.8,0.8,0.0,0.0,0.0,0.0,0.8,0.8,1.0,1.0,1.0,0.8,1.0,1.0,1.0,1.0,1.0,1.0,8,0,0.0,0.0,0.0,0.8,0.0,0.0,0.0,0.0,0.0,0.0,0.0,1.0,0.0,0.0,0.0,0.0,0.0,0.6423436000257698,0.4,0.4,0.0,0.0,0.0,0,0,0,0,C1,0.0,0.0,0.07502469383765395,0.8,1.0,0.8,0.0,0.0,0.07502469383765395
bitflip,mixed_pauli,0.03,4,10,qiskit_aer,1,1,0.943627344,0.943627344,0.0,0.0,1.0,1.0,0.0,0.0,0.04377731258799825,0.016802624500602718,0.03783802749999993,0.030389163466529034,0.055448475000000524,0.02339610342048315,0.020072111673605342,1.0,0.0,0.0,1.0,0.0,1.0,1.0,1.0,0.11311302999999988,0.00047479299904277145,0.11324583999999993,0.11300006999999979,0.11329583999999993,0.11228842199999982,0.11216675999999981,1.0,1.0,1.0,0.0,0.0,0.0,0.0,0.0,0.11311302999999988,0.00047479299904277145,0.11324583999999993,0.11300006999999979,0.11329583999999993,0.11228842199999982,0.11216675999999981,1.0,1.0,1.0,0.0,0.0,0.0,0.0,0.0,0.0,0.0,0.0,0.0,0.0,0.11311302999999988,0.00047479299904277145,0.11324583999999993,0.11300006999999979,0.11329583999999993,0.11228842199999982,0.11216675999999981,1.0,1.0,1.0,0.0,0.0,0.0,0.0,0.0,0.0,0.0,0.0,0.0,0.0,0.11311302999999988,0.00047479299904277145,0.11324583999999993,0.11300006999999979,0.11329583999999993,0.11228842199999982,0.11216675999999981,1.0,1.0,1.0,0.0,0.0,0.0,0.0,0.0,0.0,0.0,0.0,0.0,0.0,0.11311302999999988,0.00047479299904277145,0.11324583999999993,0.11300006999999979,0.11329583999999993,0.11228842199999982,0.11216675999999981,1.0,1.0,1.0,0.0,0.0,0.0,0.0,0.0,0.0,0.0,0.0,0.0,0.0,1.0,1.0,1.0,1.0,1.0,0.0,1.0,0.0,1.0,1.0,0.0,1.0,1.0,0.0,1.0,1.0,0.0,1.0,1.0,0.0,1.0,1.0,1.0,1.0,1.0,0.0,0.0,0.0,0.0,1.0,1.0,1.0,1.0,1.0,1.0,1.0,1.0,1.0,1.0,1.0,1.0,10,0,0.0,0.0,0.0,1.0,0.0,0.0,0.0,0.0,0.0,0.0,0.0,1.0,0.0,0.0,0.0,0.0,0.0,1.0563726559960573,0.25,0.25,0.0,0.0,0.0,0,0,0,0,C1,0.0,0.0,0.11311302999999988,1.0,1.0,1.0,0.0,0.0,0.11311302999999988
bitflip,mixed_pauli,0.05,1,10,qiskit_aer,1,1,0.98,0.98,0.0,0.0,1.0,1.0,0.0,0.0,0.014903615900382982,0.01892216110430328,0.00802427562260516,-1.1102230246251565e-16,0.01653309087643648,-1.1102230246251565e-16,-1.1102230246251565e-16,1.0,0.0,0.2,1.0,0.0,0.8,0.8,0.8,0.04999999999999997,5.089573435171981e-17,0.04999999999999993,0.04999999999999993,0.05000000000000002,0.04999999999999993,0.04999999999999997,1.0,1.0,1.0,0.0,0.0,0.0,0.0,0.0,0.04999999999999997,5.089573435171981e-17,0.04999999999999993,0.04999999999999993,0.05000000000000002,0.04999999999999993,0.04999999999999997,1.0,1.0,1.0,0.0,0.0,0.0,0.0,0.0,0.0,0.0,0.0,0.0,0.0,0.04999999999999997,5.089573435171981e-17,0.04999999999999993,0.04999999999999993,0.05000000000000002,0.04999999999999993,0.04999999999999997,1.0,1.0,1.0,0.0,0.0,0.0,0.0,0.0,0.0,0.0,0.0,0.0,0.0,0.04999999999999997,5.089573435171981e-17,0.04999999999999993,0.04999999999999993,0.05000000000000002,0.04999999999999993,0.04999999999999997,1.0,1.0,1.0,0.0,0.0,0.0,0.0,0.0,0.0,0.0,0.0,0.0,0.0,0.04999999999999997,5.089573435171981e-17,0.04999999999999993,0.04999999999999993,0.05000000000000002,0.04999999999999993,0.04999999999999997,1.0,1.0,1.0,0.0,0.0,0.0,0.0,0.0,0.0,0.0,0.0,0.0,0.0,1.0,1.0,1.0,1.0,1.0,0.0,1.0,0.0,1.0,1.0,0.0,1.0,1.0,0.0,1.0,1.0,0.0,1.0,1.0,0.0,1.0,1.0,1.0,1.0,1.0,0.0,0.0,0.0,0.0,1.0,1.0,1.0,1.0,1.0,1.0,1.0,1.0,1.0,1.0,1.0,1.0,10,0,0.0,0.0,0.0,0.8,0.0,0.0,0.0,0.0,0.0,0.0,0.0,1.0,0.0,0.0,0.0,0.0,0.0,1.0200000064993033,0.6,0.6,0.0,0.0,0.0,0,0,0,0,C1,0.0,0.0,0.04999999999999997,1.0,1.0,1.0,0.0,0.0,0.04999999999999997
bitflip,mixed_pauli,0.05,2,10,qiskit_aer,1,1,0.9586111111111111,0.9586111111111111,0.0,0.0,1.0,1.0,0.0,0.0,0.03200838174213898,0.021121336165163204,0.03978890044920069,0.01678217043821828,0.0475000000000001,1.1102230246251565e-16,1.1102230246251565e-16,1.0,0.0,0.0,1.0,0.0,1.0,1.0,1.0,0.09680555555555562,0.0009562174710032917,0.09736111111111106,0.09666666666666679,0.09750000000000014,0.09499999999999997,0.09499999999999997,1.0,1.0,1.0,0.0,0.0,0.0,0.0,0.0,0.09680555555555562,0.0009562174710032917,0.09736111111111106,0.09666666666666679,0.09750000000000014,0.09499999999999997,0.09499999999999997,1.0,1.0,1.0,0.0,0.0,0.0,0.0,0.0,0.0,0.0,0.0,0.0,0.0,0.09680555555555562,0.0009562174710032917,0.09736111111111106,0.09666666666666679,0.09750000000000014,0.09499999999999997,0.09499999999999997,1.0,1.0,1.0,0.0,0.0,0.0,0.0,0.0,0.0,0.0,0.0,0.0,0.0,0.09680555555555562,0.0009562174710032917,0.09736111111111106,0.09666666666666679,0.09750000000000014,0.09499999999999997,0.09499999999999997,1.0,1.0,1.0,0.0,0.0,0.0,0.0,0.0,0.0,0.0,0.0,0.0,0.0,0.09680555555555562,0.0009562174710032917,0.09736111111111106,0.09666666666666679,0.09750000000000014,0.09499999999999997,0.09499999999999997,1.0,1.0,1.0,0.0,0.0,0.0,0.0,0.0,0.0,0.0,0.0,0.0,0.0,1.0,1.0,1.0,1.0,1.0,0.0,1.0,0.0,1.0,1.0,0.0,1.0,1.0,0.0,1.0,1.0,0.0,1.0,1.0,0.0,1.0,1.0,1.0,1.0,1.0,0.0,0.0,0.0,0.0,1.0,1.0,1.0,1.0,1.0,1.0,1.0,1.0,1.0,1.0,1.0,1.0,10,0,0.0,0.0,0.0,1.0,0.0,0.0,0.0,0.0,0.0,0.0,0.0,1.0,0.0,0.0,0.0,0.0,0.0,1.041388891501822,0.5,0.5,0.0,0.0,0.0,0,0,0,0,C1,0.0,0.0,0.09680555555555562,1.0,1.0,1.0,0.0,0.0,0.09680555555555562
bitflip,mixed_pauli,0.05,3,10,qiskit_aer,1,1,0.9301499999999999,0.9301499999999999,0.0,0.0,0.9,0.9,0.0,0.0,0.05392728450022566,0.021837094211659948,0.04742353138809169,0.0452499999999999,0.06176625383597259,0.02897375853089062,0.01565683369252857,1.0,0.0,0.0,0.9,0.0,0.9,0.9,0.9,0.14063981481481472,0.0009493378133997949,0.14024999999999982,0.14024999999999976,0.14161111111111113,0.13937916666666658,0.13866666666666672,1.0,1.0,1.0,0.0,0.0,0.0,0.0,0.0,0.14063981481481472,0.0009493378133997949,0.14024999999999982,0.14024999999999976,0.14161111111111113,0.13937916666666658,0.13866666666666672,1.0,1.0,1.0,0.0,0.0,0.0,0.0,0.0,0.0,0.0,0.0,0.0,0.0,0.14063981481481472,0.0009493378133997949,0.14024999999999982,0.14024999999999976,0.14161111111111113,0.13937916666666658,0.13866666666666672,1.0,1.0,1.0,0.0,0.0,0.0,0.0,0.0,0.0,0.0,0.0,0.0,0.0,0.14063981481481472,0.0009493378133997949,0.14024999999999982,0.14024999999999976,0.14161111111111113,0.13937916666666658,0.13866666666666672,1.0,1.0,1.0,0.0,0.0,0.0,0.0,0.0,0.0,0.0,0.0,0.0,0.0,0.14063981481481472,0.0009493378133997949,0.14024999999999982,0.14024999999999976,0.14161111111111113,0.13937916666666658,0.13866666666666672,1.0,1.0,1.0,0.0,0.0,0.0,0.0,0.0,0.0,0.0,0.0,0.0,0.0,1.0,1.0,1.0,1.0,1.0,0.0,1.0,0.0,1.0,1.0,0.0,1.0,1.0,0.0,1.0,1.0,0.0,1.0,1.0,0.0,1.0,1.0,1.0,1.0,1.0,0.0,0.0,0.0,0.0,1.0,1.0,1.0,1.0,1.0,1.0,1.0,1.0,1.0,1.0,1.0,1.0,10,0,0.0,0.0,0.0,1.0,0.0,0.0,0.0,0.0,0.0,0.0,0.0,1.0,0.0,0.0,0.0,0.0,0.0,1.069850000003521,0.35000000000000003,0.35000000000000003,0.0,0.0,0.0,0,0,0,0,C1,0.0,0.0,0.14063981481481472,1.0,1.0,1.0,0.0,0.0,0.14063981481481472
bitflip,mixed_pauli,0.05,4,10,qiskit_aer,1,1,0.9078122222222222,0.9078122222222222,0.0,0.0,0.8,0.8,0.0,0.0,0.06950023062410253,0.025548787264441167,0.060187333872126214,0.05160884787080636,0.08767187500000007,0.037059146769431076,0.032014357762602086,1.0,0.0,0.0,0.8,0.0,0.8,0.8,0.8,0.18123819444444444,0.00126833151585261,0.18159444444444445,0.18091875000000002,0.1817333333333334,0.17903874999999997,0.17872500000000002,1.0,1.0,1.0,0.0,0.0,0.0,0.0,0.0,0.18123819444444444,0.00126833151585261,0.18159444444444445,0.18091875000000002,0.1817333333333334,0.17903874999999997,0.17872500000000002,1.0,1.0,1.0,0.0,0.0,0.0,0.0,0.0,0.0,0.0,0.0,0.0,0.0,0.18123819444444444,0.00126833151585261,0.18159444444444445,0.18091875000000002,0.1817333333333334,0.17903874999999997,0.17872500000000002,1.0,1.0,1.0,0.0,0.0,0.0,0.0,0.0,0.0,0.0,0.0,0.0,0.0,0.18123819444444444,0.00126833151585261,0.18159444444444445,0.18091875000000002,0.1817333333333334,0.17903874999999997,0.17872500000000002,1.0,1.0,1.0,0.0,0.0,0.0,0.0,0.0,0.0,0.0,0.0,0.0,0.0,0.18123819444444444,0.00126833151585261,0.18159444444444445,0.18091875000000002,0.1817333333333334,0.17903874999999997,0.17872500000000002,1.0,1.0,1.0,0.0,0.0,0.0,0.0,0.0,0.0,0.0,0.0,0.0,0.0,1.0,1.0,1.0,1.0,1.0,0.0,1.0,0.0,1.0,1.0,0.0,1.0,1.0,0.0,1.0,1.0,0.0,1.0,1.0,0.0,1.0,1.0,1.0,1.0,1.0,0.0,0.0,0.0,0.0,1.0,1.0,1.0,1.0,1.0,1.0,1.0,1.0,1.0,1.0,1.0,1.0,10,0,0.0,0.0,0.0,1.0,0.0,0.0,0.0,0.0,0.0,0.0,0.0,1.0,0.0,0.0,0.0,0.0,0.0,1.092187777780699,0.4,0.4,0.0,0.0,0.0,0,0,0,0,C1,0.0,0.0,0.18123819444444444,1.0,1.0,1.0,0.0,0.0,0.18123819444444444
bitflip,mixed_pauli,0.1,1,10,qiskit_aer,1,1,0.96,0.96,0.0,0.0,0.8,0.8,0.0,0.0,0.029809570312500144,0.03784556763680459,0.01587069072420666,-1.1102230246251565e-16,0.033214944506449046,-1.1102230246251565e-16,-1.1102230246251565e-16,1.0,0.0,0.2,0.8,0.0,0.8,0.8,0.8,0.09999999999999992,5.551115123125783e-17,0.09999999999999992,0.09999999999999987,0.09999999999999998,0.09999999999999987,0.09999999999999992,1.0,1.0,1.0,0.0,0.0,0.0,0.0,0.0,0.09999999999999992,5.551115123125783e-17,0.09999999999999992,0.09999999999999987,0.09999999999999998,0.09999999999999987,0.09999999999999992,1.0,1.0,1.0,0.0,0.0,0.0,0.0,0.0,0.0,0.0,0.0,0.0,0.0,0.09999999999999992,5.551115123125783e-17,0.09999999999999992,0.09999999999999987,0.09999999999999998,0.09999999999999987,0.09999999999999992,1.0,1.0,1.0,0.0,0.0,0.0,0.0,0.0,0.0,0.0,0.0,0.0,0.0,0.09999999999999992,5.551115123125783e-17,0.09999999999999992,0.09999999999999987,0.09999999999999998,0.09999999999999987,0.09999999999999992,1.0,1.0,1.0,0.0,0.0,0.0,0.0,0.0,0.0,0.0,0.0,0.0,0.0,0.09999999999999992,5.551115123125783e-17,0.09999999999999992,0.09999999999999987,0.09999999999999998,0.09999999999999987,0.09999999999999992,1.0,1.0,1.0,0.0,0.0,0.0,0.0,0.0,0.0,0.0,0.0,0.0,0.0,1.0,1.0,1.0,1.0,1.0,0.0,1.0,0.0,1.0,1.0,0.0,1.0,1.0,0.0,1.0,1.0,0.0,1.0,1.0,0.0,1.0,1.0,1.0,1.0,1.0,0.0,0.0,0.0,0.0,1.0,1.0,1.0,1.0,1.0,1.0,1.0,1.0,1.0,1.0,1.0,1.0,10,0,0.0,0.0,0.0,0.8,0.0,0.0,0.0,0.0,0.0,0.0,0.0,1.0,0.0,0.0,0.0,0.0,0.0,1.0400000065002013,0.9,0.9,0.0,0.0,0.0,0,0,0,0,C1,0.0,0.0,0.09999999999999992,1.0,1.0,1.0,0.0,0.0,0.09999999999999992
bitflip,mixed_pauli,0.1,2,10,qiskit_aer,1,1,0.9177777777777777,0.9177777777777777,0.0,0.0,0.4,0.4,0.0,0.0,0.06142367422229311,0.04059237016347771,0.0782710248813066,0.03188848586309534,0.08999999999999986,2.220446049250313e-16,2.220446049250313e-16,1.0,0.0,0.0,0.4,0.0,0.4,0.4,0.4,0.1872222222222221,0.003824869884012964,0.1894444444444443,0.18666666666666654,0.18999999999999984,0.17999999999999994,0.17999999999999994,1.0,1.0,1.0,0.0,0.0,0.0,0.0,0.0,0.1872222222222221,0.003824869884012964,0.1894444444444443,0.18666666666666654,0.18999999999999984,0.17999999999999994,0.17999999999999994,1.0,1.0,1.0,0.0,0.0,0.0,0.0,0.0,0.0,0.0,0.0,0.0,0.0,0.1872222222222221,0.003824869884012964,0.1894444444444443,0.18666666666666654,0.18999999999999984,0.17999999999999994,0.17999999999999994,1.0,1.0,1.0,0.0,0.0,0.0,0.0,0.0,0.0,0.0,0.0,0.0,0.0,0.1872222222222221,0.003824869884012964,0.1894444444444443,0.18666666666666654,0.18999999999999984,0.17999999999999994,0.17999999999999994,1.0,1.0,1.0,0.0,0.0,0.0,0.0,0.0,0.0,0.0,0.0,0.0,0.0,0.1872222222222221,0.003824869884012964,0.1894444444444443,0.18666666666666654,0.18999999999999984,0.17999999999999994,0.17999999999999994,1.0,1.0,1.0,0.0,0.0,0.0,0.0,0.0,0.0,0.0,0.0,0.0,0.0,1.0,1.0,1.0,1.0,1.0,0.0,1.0,0.0,1.0,1.0,0.0,1.0,1.0,0.0,1.0,1.0,0.0,1.0,1.0,0.0,1.0,1.0,1.0,1.0,1.0,0.0,0.0,0.0,0.0,1.0,1.0,1.0,1.0,1.0,1.0,1.0,1.0,1.0,1.0,1.0,1.0,10,0,0.0,0.0,0.0,1.0,0.0,0.0,0.0,0.0,0.0,0.0,0.0,1.0,0.0,0.0,0.0,0.0,0.0,1.082222224821874,0.5,0.5,0.0,0.0,0.0,0,0,0,0,C1,0.0,0.0,0.1872222222222221,1.0,1.0,1.0,0.0,0.0,0.1872222222222221
bitflip,mixed_pauli,0.1,3,10,qiskit_aer,1,1,0.8638666666666667,0.8638666666666667,0.0,0.0,0.1,0.1,0.0,0.0,0.09917088402734592,0.03929665249565767,0.0870222761396986,0.08200000000000007,0.1144763243546662,0.05536455853174613,0.03357192460317471,1.0,0.0,0.0,0.1,0.0,0.1,0.1,0.1,0.26345185185185166,0.0035815714876276696,0.2619999999999998,0.2619999999999998,0.2670555555555555,0.25869999999999993,0.256,1.0,1.0,1.0,0.0,0.0,0.0,0.0,0.0,0.26345185185185166,0.0035815714876276696,0.2619999999999998,0.2619999999999998,0.2670555555555555,0.25869999999999993,0.256,1.0,1.0,1.0,0.0,0.0,0.0,0.0,0.0,0.0,0.0,0.0,0.0,0.0,0.26345185185185166,0.0035815714876276696,0.2619999999999998,0.2619999999999998,0.2670555555555555,0.25869999999999993,0.256,1.0,1.0,1.0,0.0,0.0,0.0,0.0,0.0,0.0,0.0,0.0,0.0,0.0,0.26345185185185166,0.0035815714876276696,0.2619999999999998,0.2619999999999998,0.2670555555555555,0.25869999999999993,0.256,1.0,1.0,1.0,0.0,0.0,0.0,0.0,0.0,0.0,0.0,0.0,0.0,0.0,0.26345185185185166,0.0035815714876276696,0.2619999999999998,0.2619999999999998,0.2670555555555555,0.25869999999999993,0.256,1.0,1.0,1.0,0.0,0.0,0.0,0.0,0.0,0.0,0.0,0.0,0.0,0.0,1.0,1.0,1.0,1.0,1.0,0.0,1.0,0.0,1.0,1.0,0.0,1.0,1.0,0.0,1.0,1.0,0.0,1.0,1.0,0.0,1.0,1.0,1.0,1.0,1.0,0.0,0.0,0.0,0.0,1.0,1.0,1.0,1.0,1.0,1.0,1.0,1.0,1.0,1.0,1.0,1.0,10,0,0.0,0.0,0.0,1.0,0.0,0.0,0.0,0.0,0.0,0.0,0.0,1.0,0.0,0.0,0.0,0.0,0.0,1.1361333333346262,0.4,0.4,0.0,0.0,0.0,0,0,0,0,C1,0.0,0.0,0.26345185185185166,1.0,1.0,1.0,0.0,0.0,0.26345185185185166
bitflip,mixed_pauli,0.1,4,10,qiskit_aer,1,1,0.8241733333333333,0.8241733333333333,0.0,0.0,0.0,0.0,0.0,0.0,0.12434247706581916,0.04254973869594369,0.10845555555555553,0.0983034219414087,0.15375000000000014,0.06986216300056422,0.06516756909193477,1.0,0.1,0.0,0.0,0.0,0.0,0.0,0.0,0.32853703703703685,0.004589010849424046,0.3298444444444442,0.3271999999999998,0.3303999999999998,0.32061999999999985,0.3195999999999999,1.0,1.0,1.0,0.0,0.0,0.0,0.0,0.0,0.3041370370370369,0.07625894326558375,0.3298444444444442,0.3271999999999998,0.3303999999999998,0.18642000000000006,0.07560000000000022,1.0,1.0,0.9,0.0,0.0,0.0,0.0,0.0,0.0,0.024399999999999967,0.24399999999999966,0.13419999999999954,0.24399999999999966,0.3041370370370369,0.07625894326558375,0.3298444444444442,0.3271999999999998,0.3303999999999998,0.18642000000000006,0.07560000000000022,1.0,1.0,0.9,0.0,0.0,0.0,0.0,0.0,0.0,0.024399999999999967,0.24399999999999966,0.13419999999999954,0.24399999999999966,0.3041370370370369,0.07625894326558375,0.3298444444444442,0.3271999999999998,0.3303999999999998,0.18642000000000006,0.07560000000000022,1.0,1.0,0.9,0.0,0.0,0.0,0.0,0.0,0.0,0.024399999999999967,0.24399999999999966,0.13419999999999954,0.24399999999999966,0.3041370370370369,0.07625894326558375,0.3298444444444442,0.3271999999999998,0.3303999999999998,0.18642000000000006,0.07560000000000022,1.0,1.0,0.9,0.0,0.0,0.0,0.0,0.0,0.0,0.024399999999999967,0.24399999999999966,0.13419999999999954,0.24399999999999966,1.0,0.9,0.9,0.9,0.9,0.0,0.9,0.0,0.9,0.9,0.0,0.9,0.9,0.0,0.9,0.9,0.0,0.9,0.9,0.0,0.9,0.9,0.9,0.9,0.9,0.0,0.0,0.0,0.0,0.9,0.9,1.0,1.0,1.0,0.9,1.0,1.0,1.0,1.0,1.0,1.0,9,0,0.0,0.0,0.0,0.9,0.0,0.0,0.0,0.0,0.0,0.0,0.0,1.0,0.0,0.0,0.0,0.0,0.0,0.975826666666395,0.2,0.2,0.0,0.0,0.0,0,0,0,0,C1,0.0,0.0,0.3041370370370369,0.9,1.0,0.9,0.0,0.0,0.3041370370370369
bitflip,mixed_pauli,0.15,1,10,qiskit_aer,1,1,0.9400000000000001,0.9400000000000001,0.0,0.0,0.7,0.7,0.0,0.0,0.04514853395061717,0.056803416622624205,0.024918016975308488,0.0,0.051005497685184975,0.0,0.0,1.0,0.0,0.2,0.7,0.0,0.7,0.7,0.7,0.14999999999999983,5.1178752665209035e-17,0.1499999999999998,0.1499999999999998,0.14999999999999988,0.1499999999999998,0.14999999999999983,1.0,1.0,1.0,0.0,0.0,0.0,0.0,0.0,0.14999999999999983,5.1178752665209035e-17,0.1499999999999998,0.1499999999999998,0.14999999999999988,0.1499999999999998,0.14999999999999983,1.0,1.0,1.0,0.0,0.0,0.0,0.0,0.0,0.0,0.0,0.0,0.0,0.0,0.14999999999999983,5.1178752665209035e-17,0.1499999999999998,0.1499999999999998,0.14999999999999988,0.1499999999999998,0.14999999999999983,1.0,1.0,1.0,0.0,0.0,0.0,0.0,0.0,0.0,0.0,0.0,0.0,0.0,0.14999999999999983,5.1178752665209035e-17,0.1499999999999998,0.1499999999999998,0.14999999999999988,0.1499999999999998,0.14999999999999983,1.0,1.0,1.0,0.0,0.0,0.0,0.0,0.0,0.0,0.0,0.0,0.0,0.0,0.14999999999999983,5.1178752665209035e-17,0.1499999999999998,0.1499999999999998,0.14999999999999988,0.1499999999999998,0.14999999999999983,1.0,1.0,1.0,0.0,0.0,0.0,0.0,0.0,0.0,0.0,0.0,0.0,0.0,1.0,1.0,1.0,1.0,1.0,0.0,1.0,0.0,1.0,1.0,0.0,1.0,1.0,0.0,1.0,1.0,0.0,1.0,1.0,0.0,1.0,1.0,1.0,1.0,1.0,0.0,0.0,0.0,0.0,1.0,1.0,1.0,1.0,1.0,1.0,1.0,1.0,1.0,1.0,1.0,1.0,10,0,0.0,0.0,0.0,0.8,0.0,0.0,0.0,0.0,0.0,0.0,0.0,1.0,0.0,0.0,0.0,0.0,0.0,1.0600000064981432,0.8,0.8,0.0,0.0,0.0,0,0,0,0,C1,0.0,0.0,0.14999999999999983,1.0,1.0,1.0,0.0,0.0,0.14999999999999983
bitflip,mixed_pauli,0.15,2,10,qiskit_aer,1,1,0.8775,0.8775,0.0,0.0,0.3,0.3,0.0,0.0,0.08853114283264749,0.05728401351477043,0.11082218792866932,0.05067853009259296,0.12750000000000017,-2.220446049250313e-16,-2.220446049250313e-16,1.0,0.0,0.0,0.3,0.0,0.3,0.3,0.3,0.2712499999999999,0.008605957239029282,0.2762499999999999,0.26999999999999985,0.27749999999999986,0.2549999999999998,0.2549999999999998,1.0,1.0,1.0,0.0,0.0,0.0,0.0,0.0,0.2712499999999999,0.008605957239029282,0.2762499999999999,0.26999999999999985,0.27749999999999986,0.2549999999999998,0.2549999999999998,1.0,1.0,1.0,0.0,0.0,0.0,0.0,0.0,0.0,0.0,0.0,0.0,0.0,0.2712499999999999,0.008605957239029282,0.2762499999999999,0.26999999999999985,0.27749999999999986,0.2549999999999998,0.2549999999999998,1.0,1.0,1.0,0.0,0.0,0.0,0.0,0.0,0.0,0.0,0.0,0.0,0.0,0.2712499999999999,0.008605957239029282,0.2762499999999999,0.26999999999999985,0.27749999999999986,0.2549999999999998,0.2549999999999998,1.0,1.0,1.0,0.0,0.0,0.0,0.0,0.0,0.0,0.0,0.0,0.0,0.0,0.2712499999999999,0.008605957239029282,0.2762499999999999,0.26999999999999985,0.27749999999999986,0.2549999999999998,0.2549999999999998,1.0,1.0,1.0,0.0,0.0,0.0,0.0,0.0,0.0,0.0,0.0,0.0,0.0,1.0,1.0,1.0,1.0,1.0,0.0,1.0,0.0,1.0,1.0,0.0,1.0,1.0,0.0,1.0,1.0,0.0,1.0,1.0,0.0,1.0,1.0,1.0,1.0,1.0,0.0,0.0,0.0,0.0,1.0,1.0,1.0,1.0,1.0,1.0,1.0,1.0,1.0,1.0,1.0,1.0,10,0,0.0,0.0,0.0,1.0,0.0,0.0,0.0,0.0,0.0,0.0,0.0,1.0,0.0,0.0,0.0,0.0,0.0,1.1225000025994192,0.4,0.4,0.0,0.0,0.0,0,0,0,0,C1,0.0,0.0,0.2712499999999999,1.0,1.0,1.0,0.0,0.0,0.2712499999999999
bitflip,mixed_pauli,0.15,3,10,qiskit_aer,1,1,0.80105,0.80105,0.0,0.0,0.1,0.1,0.0,0.0,0.13723412684038763,0.053064518968811446,0.12400894216133956,0.11174999999999993,0.15774360643696597,0.07801624228395064,0.05041589506172861,1.0,0.0,0.0,0.1,0.0,0.1,0.1,0.1,0.36977499999999985,0.0075749999999999585,0.3667499999999999,0.3667499999999999,0.37724999999999986,0.3597374999999999,0.35399999999999987,1.0,1.0,1.0,0.0,0.0,0.0,0.0,0.0,0.36977499999999985,0.0075749999999999585,0.3667499999999999,0.3667499999999999,0.37724999999999986,0.3597374999999999,0.35399999999999987,1.0,1.0,1.0,0.0,0.0,0.0,0.0,0.0,0.0,0.0,0.0,0.0,0.0,0.36977499999999985,0.0075749999999999585,0.3667499999999999,0.3667499999999999,0.37724999999999986,0.3597374999999999,0.35399999999999987,1.0,1.0,1.0,0.0,0.0,0.0,0.0,0.0,0.0,0.0,0.0,0.0,0.0,0.36977499999999985,0.0075749999999999585,0.3667499999999999,0.3667499999999999,0.37724999999999986,0.3597374999999999,0.35399999999999987,1.0,1.0,1.0,0.0,0.0,0.0,0.0,0.0,0.0,0.0,0.0,0.0,0.0,0.36977499999999985,0.0075749999999999585,0.3667499999999999,0.3667499999999999,0.37724999999999986,0.3597374999999999,0.35399999999999987,1.0,1.0,1.0,0.0,0.0,0.0,0.0,0.0,0.0,0.0,0.0,0.0,0.0,1.0,1.0,1.0,1.0,1.0,0.0,1.0,0.0,1.0,1.0,0.0,1.0,1.0,0.0,1.0,1.0,0.0,1.0,1.0,0.0,1.0,1.0,1.0,1.0,1.0,0.0,0.0,0.0,0.0,1.0,1.0,1.0,1.0,1.0,1.0,1.0,1.0,1.0,1.0,1.0,1.0,10,0,0.0,0.0,0.0,1.0,0.0,0.0,0.0,0.0,0.0,0.0,0.0,1.0,0.0,0.0,0.0,0.0,0.0,1.19895000000003,0.2,0.2,0.0,0.0,0.0,0,0,0,0,C1,0.0,0.0,0.36977499999999985,1.0,1.0,1.0,0.0,0.0,0.36977499999999985
bitflip,mixed_pauli,0.15,4,10,qiskit_aer,1,1,0.74849,0.74849,0.0,0.0,0.0,0.0,0.0,0.0,0.16514705085316392,0.05332536247932343,0.14674876543209875,0.1368193480598891,0.20254687500000002,0.09452817496612469,0.0894580453929541,1.0,0.0,0.0,0.0,0.0,0.0,0.0,0.0,0.44694374999999975,0.009303996537107024,0.44964999999999966,0.4437937499999999,0.45089999999999975,0.43101374999999975,0.42922499999999975,1.0,1.0,1.0,0.0,0.0,0.0,0.0,0.0,0.44694374999999975,0.009303996537107024,0.44964999999999966,0.4437937499999999,0.45089999999999975,0.43101374999999975,0.42922499999999975,1.0,1.0,1.0,0.0,0.0,0.0,0.0,0.0,0.0,0.0,0.0,0.0,0.0,0.44694374999999975,0.009303996537107024,0.44964999999999966,0.4437937499999999,0.45089999999999975,0.43101374999999975,0.42922499999999975,1.0,1.0,1.0,0.0,0.0,0.0,0.0,0.0,0.0,0.0,0.0,0.0,0.0,0.44694374999999975,0.009303996537107024,0.44964999999999966,0.4437937499999999,0.45089999999999975,0.43101374999999975,0.42922499999999975,1.0,1.0,1.0,0.0,0.0,0.0,0.0,0.0,0.0,0.0,0.0,0.0,0.0,0.44694374999999975,0.009303996537107024,0.44964999999999966,0.4437937499999999,0.45089999999999975,0.43101374999999975,0.42922499999999975,1.0,1.0,1.0,0.0,0.0,0.0,0.0,0.0,0.0,0.0,0.0,0.0,0.0,1.0,1.0,1.0,1.0,1.0,0.0,1.0,0.0,1.0,1.0,0.0,1.0,1.0,0.0,1.0,1.0,0.0,1.0,1.0,0.0,1.0,1.0,1.0,1.0,1.0,0.0,0.0,0.0,0.0,1.0,1.0,1.0,1.0,1.0,1.0,1.0,1.0,1.0,1.0,1.0,1.0,10,0,0.0,0.0,0.0,1.0,0.0,0.0,0.0,0.0,0.0,0.0,0.0,1.0,0.0,0.0,0.0,0.0,0.0,1.251509999999864,0.15000000000000002,0.15000000000000002,0.0,0.0,0.0,0,0,0,0,C1,0.0,0.0,0.44694374999999975,1.0,1.0,1.0,0.0,0.0,0.44694374999999975
bitflip,mixed_pauli,0.2,1,10,qiskit_aer,1,1,0.92,0.92,0.0,0.0,0.5,0.5,0.0,0.0,0.06025891426282063,0.0757443087861562,0.0333287426549147,2.220446049250313e-16,0.06839046641292737,2.220446049250313e-16,2.220446049250313e-16,1.0,0.0,0.2,0.5,0.0,0.5,0.5,0.5,0.1999999999999998,8.95090418262362e-17,0.19999999999999973,0.19999999999999973,0.19999999999999973,0.19999999999999973,0.1999999999999998,1.0,1.0,1.0,0.0,0.0,0.0,0.0,0.0,0.1999999999999998,8.95090418262362e-17,0.19999999999999973,0.19999999999999973,0.19999999999999973,0.19999999999999973,0.1999999999999998,1.0,1.0,1.0,0.0,0.0,0.0,0.0,0.0,0.0,0.0,0.0,0.0,0.0,0.1999999999999998,8.95090418262362e-17,0.19999999999999973,0.19999999999999973,0.19999999999999973,0.19999999999999973,0.1999999999999998,1.0,1.0,1.0,0.0,0.0,0.0,0.0,0.0,0.0,0.0,0.0,0.0,0.0,0.1999999999999998,8.95090418262362e-17,0.19999999999999973,0.19999999999999973,0.19999999999999973,0.19999999999999973,0.1999999999999998,1.0,1.0,1.0,0.0,0.0,0.0,0.0,0.0,0.0,0.0,0.0,0.0,0.0,0.1999999999999998,8.95090418262362e-17,0.19999999999999973,0.19999999999999973,0.19999999999999973,0.19999999999999973,0.1999999999999998,1.0,1.0,1.0,0.0,0.0,0.0,0.0,0.0,0.0,0.0,0.0,0.0,0.0,1.0,1.0,1.0,1.0,1.0,0.0,1.0,0.0,1.0,1.0,0.0,1.0,1.0,0.0,1.0,1.0,0.0,1.0,1.0,0.0,1.0,1.0,1.0,1.0,1.0,0.0,0.0,0.0,0.0,1.0,1.0,1.0,1.0,1.0,1.0,1.0,1.0,1.0,1.0,1.0,1.0,10,0,0.0,0.0,0.0,0.8,0.0,0.0,0.0,0.0,0.0,0.0,0.0,1.0,0.0,0.0,0.0,0.0,0.0,1.0800000064979056,1.0,1.0,0.0,0.0,0.0,0,0,0,0,C1,0.0,0.0,0.1999999999999998,1.0,1.0,1.0,0.0,0.0,0.1999999999999998
bitflip,mixed_pauli,0.2,2,10,qiskit_aer,1,1,0.8377777777777778,0.8377777777777778,0.0,0.0,0.2,0.2,0.0,0.0,0.11256056742069377,0.07202208443793359,0.1432857764731263,0.06604141626602578,0.16000000000000036,0.0,0.0,1.0,0.0,0.0,0.2,0.0,0.2,0.2,0.2,0.3488888888888887,0.015299479536052004,0.35777777777777753,0.34666666666666646,0.3599999999999999,0.31999999999999984,0.31999999999999984,1.0,1.0,1.0,0.0,0.0,0.0,0.0,0.0,0.3488888888888887,0.015299479536052004,0.35777777777777753,0.34666666666666646,0.3599999999999999,0.31999999999999984,0.31999999999999984,1.0,1.0,1.0,0.0,0.0,0.0,0.0,0.0,0.0,0.0,0.0,0.0,0.0,0.3488888888888887,0.015299479536052004,0.35777777777777753,0.34666666666666646,0.3599999999999999,0.31999999999999984,0.31999999999999984,1.0,1.0,1.0,0.0,0.0,0.0,0.0,0.0,0.0,0.0,0.0,0.0,0.0,0.3488888888888887,0.015299479536052004,0.35777777777777753,0.34666666666666646,0.3599999999999999,0.31999999999999984,0.31999999999999984,1.0,1.0,1.0,0.0,0.0,0.0,0.0,0.0,0.0,0.0,0.0,0.0,0.0,0.3488888888888887,0.015299479536052004,0.35777777777777753,0.34666666666666646,0.3599999999999999,0.31999999999999984,0.31999999999999984,1.0,1.0,1.0,0.0,0.0,0.0,0.0,0.0,0.0,0.0,0.0,0.0,0.0,1.0,1.0,1.0,1.0,1.0,0.0,1.0,0.0,1.0,1.0,0.0,1.0,1.0,0.0,1.0,1.0,0.0,1.0,1.0,0.0,1.0,1.0,1.0,1.0,1.0,0.0,0.0,0.0,0.0,1.0,1.0,1.0,1.0,1.0,1.0,1.0,1.0,1.0,1.0,1.0,1.0,10,0,0.0,0.0,0.0,1.0,0.0,0.0,0.0,0.0,0.0,0.0,0.0,1.0,0.0,0.0,0.0,0.0,0.0,1.1622222248213547,0.6,0.6,0.0,0.0,0.0,0,0,0,0,C1,0.0,0.0,0.3488888888888887,1.0,1.0,1.0,0.0,0.0,0.3488888888888887
bitflip,mixed_pauli,0.2,3,10,qiskit_aer,1,1,0.7416,0.7416,0.0,0.0,0.0,0.0,0.0,0.0,0.16818841220026118,0.06328888806935731,0.15396059992283945,0.1359999999999999,0.19260096524810089,0.09766487880608966,0.06629977964743583,1.0,0.0,0.0,0.0,0.0,0.0,0.0,0.0,0.4609481481481479,0.012611262847839009,0.45599999999999974,0.45599999999999974,0.4731111111111108,0.4442666666666664,0.4346666666666664,1.0,1.0,1.0,0.0,0.0,0.0,0.0,0.0,0.4609481481481479,0.012611262847839009,0.45599999999999974,0.45599999999999974,0.4731111111111108,0.4442666666666664,0.4346666666666664,1.0,1.0,1.0,0.0,0.0,0.0,0.0,0.0,0.0,0.0,0.0,0.0,0.0,0.4609481481481479,0.012611262847839009,0.45599999999999974,0.45599999999999974,0.4731111111111108,0.4442666666666664,0.4346666666666664,1.0,1.0,1.0,0.0,0.0,0.0,0.0,0.0,0.0,0.0,0.0,0.0,0.0,0.4609481481481479,0.012611262847839009,0.45599999999999974,0.45599999999999974,0.4731111111111108,0.4442666666666664,0.4346666666666664,1.0,1.0,1.0,0.0,0.0,0.0,0.0,0.0,0.0,0.0,0.0,0.0,0.0,0.4609481481481479,0.012611262847839009,0.45599999999999974,0.45599999999999974,0.4731111111111108,0.4442666666666664,0.4346666666666664,1.0,1.0,1.0,0.0,0.0,0.0,0.0,0.0,0.0,0.0,0.0,0.0,0.0,1.0,1.0,1.0,1.0,1.0,0.0,1.0,0.0,1.0,1.0,0.0,1.0,1.0,0.0,1.0,1.0,0.0,1.0,1.0,0.0,1.0,1.0,1.0,1.0,1.0,0.0,0.0,0.0,0.0,1.0,1.0,1.0,1.0,1.0,1.0,1.0,1.0,1.0,1.0,1.0,1.0,10,0,0.0,0.0,0.0,1.0,0.0,0.0,0.0,0.0,0.0,0.0,0.0,1.0,0.0,0.0,0.0,0.0,0.0,1.2584000000003295,0.65,0.65,0.0,0.0,0.0,0,0,0,0,C1,0.0,0.0,0.4609481481481479,1.0,1.0,1.0,0.0,0.0,0.4609481481481479
bitflip,mixed_pauli,0.2,4,10,qiskit_aer,1,1,0.6801955555555556,0.6801955555555556,0.0,0.0,0.0,0.0,0.0,0.0,0.19798643577524083,0.05749090454104482,0.18057287660256416,0.17544461349042825,0.23799999999999996,0.1178992883951509,0.11487143344572898,1.0,0.0,0.0,0.0,0.0,0.0,0.0,0.0,0.5410666666666665,0.014849127671098783,0.5455111111111108,0.5351999999999998,0.5477333333333331,0.5159199999999998,0.5135999999999998,1.0,1.0,1.0,0.0,0.0,0.0,0.0,0.0,0.5410666666666665,0.014849127671098783,0.5455111111111108,0.5351999999999998,0.5477333333333331,0.5159199999999998,0.5135999999999998,1.0,1.0,1.0,0.0,0.0,0.0,0.0,0.0,0.0,0.0,0.0,0.0,0.0,0.5410666666666665,0.014849127671098783,0.5455111111111108,0.5351999999999998,0.5477333333333331,0.5159199999999998,0.5135999999999998,1.0,1.0,1.0,0.0,0.0,0.0,0.0,0.0,0.0,0.0,0.0,0.0,0.0,0.5410666666666665,0.014849127671098783,0.5455111111111108,0.5351999999999998,0.5477333333333331,0.5159199999999998,0.5135999999999998,1.0,1.0,1.0,0.0,0.0,0.0,0.0,0.0,0.0,0.0,0.0,0.0,0.0,0.5410666666666665,0.014849127671098783,0.5455111111111108,0.5351999999999998,0.5477333333333331,0.5159199999999998,0.5135999999999998,1.0,1.0,1.0,0.0,0.0,0.0,0.0,0.0,0.0,0.0,0.0,0.0,0.0,1.0,1.0,1.0,1.0,1.0,0.0,1.0,0.0,1.0,1.0,0.0,1.0,1.0,0.0,1.0,1.0,0.0,1.0,1.0,0.0,1.0,1.0,1.0,1.0,1.0,0.0,0.0,0.0,0.0,1.0,1.0,1.0,1.0,1.0,1.0,1.0,1.0,1.0,1.0,1.0,1.0,10,0,0.0,0.0,0.0,1.0,0.0,0.0,0.0,0.0,0.0,0.0,0.0,1.0,0.0,0.0,0.0,0.0,0.0,1.3198044444444603,0.2,0.2,0.0,0.0,0.0,0,0,0,0,C1,0.0,0.0,0.5410666666666665,1.0,1.0,1.0,0.0,0.0,0.5410666666666665
bitflip,phaseflip,0.01,1,10,qiskit_aer,1,1,1.0,1.0,0.0,0.0,1.0,1.0,0.0,0.0,-7.771561172376096e-16,0.0,-7.771561172376096e-16,-7.771561172376096e-16,-7.771561172376096e-16,-7.771561172376096e-16,-7.771561172376096e-16,1.0,0.0,0.0,1.0,0.0,1.0,1.0,1.0,0.009999999999999787,0.0,0.009999999999999787,0.009999999999999787,0.009999999999999787,0.009999999999999787,0.009999999999999787,1.0,1.0,1.0,0.0,0.0,0.0,0.0,0.0,0.009999999999999787,0.0,0.009999999999999787,0.009999999999999787,0.009999999999999787,0.009999999999999787,0.009999999999999787,1.0,1.0,1.0,0.0,0.0,0.0,0.0,0.0,0.0,0.0,0.0,0.0,0.0,0.009999999999999787,0.0,0.009999999999999787,0.009999999999999787,0.009999999999999787,0.009999999999999787,0.009999999999999787,1.0,1.0,1.0,0.0,0.0,0.0,0.0,0.0,0.0,0.0,0.0,0.0,0.0,0.009999999999999787,0.0,0.009999999999999787,0.009999999999999787,0.009999999999999787,0.009999999999999787,0.009999999999999787,1.0,1.0,1.0,0.0,0.0,0.0,0.0,0.0,0.0,0.0,0.0,0.0,0.0,0.009999999999999787,0.0,0.009999999999999787,0.009999999999999787,0.009999999999999787,0.009999999999999787,0.009999999999999787,1.0,1.0,1.0,0.0,0.0,0.0,0.0,0.0,0.0,0.0,0.0,0.0,0.0,1.0,1.0,1.0,1.0,1.0,0.0,1.0,0.0,1.0,1.0,0.0,1.0,1.0,0.0,1.0,1.0,0.0,1.0,1.0,0.0,1.0,1.0,1.0,1.0,1.0,0.0,0.0,0.0,0.0,1.0,1.0,1.0,1.0,1.0,1.0,1.0,1.0,1.0,1.0,1.0,1.0,10,0,0.0,0.0,0.0,1.0,0.0,0.0,0.0,0.0,0.0,0.0,0.0,1.0,0.0,0.0,0.0,0.0,0.0,1.0000000129948268,1.0,1.0,0.0,0.0,0.0,0,0,0,0,C1,0.0,0.0,0.009999999999999787,1.0,1.0,1.0,0.0,0.0,0.009999999999999787
bitflip,phaseflip,0.01,2,10,qiskit_aer,1,1,1.0,1.0,0.0,0.0,1.0,1.0,0.0,0.0,0.0,0.0,0.0,0.0,0.0,0.0,0.0,1.0,0.0,0.0,1.0,0.0,1.0,1.0,1.0,0.019799999999999818,0.0,0.019799999999999818,0.019799999999999818,0.019799999999999818,0.019799999999999818,0.019799999999999818,1.0,1.0,1.0,0.0,0.0,0.0,0.0,0.0,0.019799999999999818,0.0,0.019799999999999818,0.019799999999999818,0.019799999999999818,0.019799999999999818,0.019799999999999818,1.0,1.0,1.0,0.0,0.0,0.0,0.0,0.0,0.0,0.0,0.0,0.0,0.0,0.019799999999999818,0.0,0.019799999999999818,0.019799999999999818,0.019799999999999818,0.019799999999999818,0.019799999999999818,1.0,1.0,1.0,0.0,0.0,0.0,0.0,0.0,0.0,0.0,0.0,0.0,0.0,0.019799999999999818,0.0,0.019799999999999818,0.019799999999999818,0.019799999999999818,0.019799999999999818,0.019799999999999818,1.0,1.0,1.0,0.0,0.0,0.0,0.0,0.0,0.0,0.0,0.0,0.0,0.0,0.019799999999999818,0.0,0.019799999999999818,0.019799999999999818,0.019799999999999818,0.019799999999999818,0.019799999999999818,1.0,1.0,1.0,0.0,0.0,0.0,0.0,0.0,0.0,0.0,0.0,0.0,0.0,1.0,1.0,1.0,1.0,1.0,0.0,1.0,0.0,1.0,1.0,0.0,1.0,1.0,0.0,1.0,1.0,0.0,1.0,1.0,0.0,1.0,1.0,1.0,1.0,1.0,0.0,0.0,0.0,0.0,1.0,1.0,1.0,1.0,1.0,1.0,1.0,1.0,1.0,1.0,1.0,1.0,10,0,0.0,0.0,0.0,1.0,0.0,0.0,0.0,0.0,0.0,0.0,0.0,1.0,0.0,0.0,0.0,0.0,0.0,1.0000000129948268,1.0,1.0,0.0,0.0,0.0,0,0,0,0,C1,0.0,0.0,0.019799999999999818,1.0,1.0,1.0,0.0,0.0,0.019799999999999818
bitflip,phaseflip,0.01,3,10,qiskit_aer,1,1,1.0,1.0,0.0,0.0,1.0,1.0,0.0,0.0,3.3306690738754696e-16,0.0,3.3306690738754696e-16,3.3306690738754696e-16,3.3306690738754696e-16,3.3306690738754696e-16,3.3306690738754696e-16,1.0,0.0,0.0,1.0,0.0,1.0,1.0,1.0,0.029403999999999875,0.0,0.029403999999999875,0.029403999999999875,0.029403999999999875,0.029403999999999875,0.029403999999999875,1.0,1.0,1.0,0.0,0.0,0.0,0.0,0.0,0.029403999999999875,0.0,0.029403999999999875,0.029403999999999875,0.029403999999999875,0.029403999999999875,0.029403999999999875,1.0,1.0,1.0,0.0,0.0,0.0,0.0,0.0,0.0,0.0,0.0,0.0,0.0,0.029403999999999875,0.0,0.029403999999999875,0.029403999999999875,0.029403999999999875,0.029403999999999875,0.029403999999999875,1.0,1.0,1.0,0.0,0.0,0.0,0.0,0.0,0.0,0.0,0.0,0.0,0.0,0.029403999999999875,0.0,0.029403999999999875,0.029403999999999875,0.029403999999999875,0.029403999999999875,0.029403999999999875,1.0,1.0,1.0,0.0,0.0,0.0,0.0,0.0,0.0,0.0,0.0,0.0,0.0,0.029403999999999875,0.0,0.029403999999999875,0.029403999999999875,0.029403999999999875,0.029403999999999875,0.029403999999999875,1.0,1.0,1.0,0.0,0.0,0.0,0.0,0.0,0.0,0.0,0.0,0.0,0.0,1.0,1.0,1.0,1.0,1.0,0.0,1.0,0.0,1.0,1.0,0.0,1.0,1.0,0.0,1.0,1.0,0.0,1.0,1.0,0.0,1.0,1.0,1.0,1.0,1.0,0.0,0.0,0.0,0.0,1.0,1.0,1.0,1.0,1.0,1.0,1.0,1.0,1.0,1.0,1.0,1.0,10,0,0.0,0.0,0.0,1.0,0.0,0.0,0.0,0.0,0.0,0.0,0.0,1.0,0.0,0.0,0.0,0.0,0.0,1.0000000129948268,1.0,1.0,0.0,0.0,0.0,0,0,0,0,C1,0.0,0.0,0.029403999999999875,1.0,1.0,1.0,0.0,0.0,0.029403999999999875
bitflip,phaseflip,0.01,4,10,qiskit_aer,1,1,1.0,1.0,0.0,0.0,1.0,1.0,0.0,0.0,-2.220446049250313e-16,0.0,-2.220446049250313e-16,-2.220446049250313e-16,-2.220446049250313e-16,-2.220446049250313e-16,-2.220446049250313e-16,1.0,0.0,0.0,1.0,0.0,1.0,1.0,1.0,0.038815920000000115,0.0,0.038815920000000115,0.038815920000000115,0.038815920000000115,0.038815920000000115,0.038815920000000115,1.0,1.0,1.0,0.0,0.0,0.0,0.0,0.0,0.038815920000000115,0.0,0.038815920000000115,0.038815920000000115,0.038815920000000115,0.038815920000000115,0.038815920000000115,1.0,1.0,1.0,0.0,0.0,0.0,0.0,0.0,0.0,0.0,0.0,0.0,0.0,0.038815920000000115,0.0,0.038815920000000115,0.038815920000000115,0.038815920000000115,0.038815920000000115,0.038815920000000115,1.0,1.0,1.0,0.0,0.0,0.0,0.0,0.0,0.0,0.0,0.0,0.0,0.0,0.038815920000000115,0.0,0.038815920000000115,0.038815920000000115,0.038815920000000115,0.038815920000000115,0.038815920000000115,1.0,1.0,1.0,0.0,0.0,0.0,0.0,0.0,0.0,0.0,0.0,0.0,0.0,0.038815920000000115,0.0,0.038815920000000115,0.038815920000000115,0.038815920000000115,0.038815920000000115,0.038815920000000115,1.0,1.0,1.0,0.0,0.0,0.0,0.0,0.0,0.0,0.0,0.0,0.0,0.0,1.0,1.0,1.0,1.0,1.0,0.0,1.0,0.0,1.0,1.0,0.0,1.0,1.0,0.0,1.0,1.0,0.0,1.0,1.0,0.0,1.0,1.0,1.0,1.0,1.0,0.0,0.0,0.0,0.0,1.0,1.0,1.0,1.0,1.0,1.0,1.0,1.0,1.0,1.0,1.0,1.0,10,0,0.0,0.0,0.0,1.0,0.0,0.0,0.0,0.0,0.0,0.0,0.0,1.0,0.0,0.0,0.0,0.0,0.0,1.0000000129948268,1.0,1.0,0.0,0.0,0.0,0,0,0,0,C1,0.0,0.0,0.038815920000000115,1.0,1.0,1.0,0.0,0.0,0.038815920000000115
bitflip,phaseflip,0.03,1,10,qiskit_aer,1,1,1.0,1.0,0.0,0.0,1.0,1.0,0.0,0.0,-4.440892098500626e-16,0.0,-4.440892098500626e-16,-4.440892098500626e-16,-4.440892098500626e-16,-4.440892098500626e-16,-4.440892098500626e-16,1.0,0.0,0.0,1.0,0.0,1.0,1.0,1.0,0.029999999999999694,0.0,0.029999999999999694,0.029999999999999694,0.029999999999999694,0.029999999999999694,0.029999999999999694,1.0,1.0,1.0,0.0,0.0,0.0,0.0,0.0,0.029999999999999694,0.0,0.029999999999999694,0.029999999999999694,0.029999999999999694,0.029999999999999694,0.029999999999999694,1.0,1.0,1.0,0.0,0.0,0.0,0.0,0.0,0.0,0.0,0.0,0.0,0.0,0.029999999999999694,0.0,0.029999999999999694,0.029999999999999694,0.029999999999999694,0.029999999999999694,0.029999999999999694,1.0,1.0,1.0,0.0,0.0,0.0,0.0,0.0,0.0,0.0,0.0,0.0,0.0,0.029999999999999694,0.0,0.029999999999999694,0.029999999999999694,0.029999999999999694,0.029999999999999694,0.029999999999999694,1.0,1.0,1.0,0.0,0.0,0.0,0.0,0.0,0.0,0.0,0.0,0.0,0.0,0.029999999999999694,0.0,0.029999999999999694,0.029999999999999694,0.029999999999999694,0.029999999999999694,0.029999999999999694,1.0,1.0,1.0,0.0,0.0,0.0,0.0,0.0,0.0,0.0,0.0,0.0,0.0,1.0,1.0,1.0,1.0,1.0,0.0,1.0,0.0,1.0,1.0,0.0,1.0,1.0,0.0,1.0,1.0,0.0,1.0,1.0,0.0,1.0,1.0,1.0,1.0,1.0,0.0,0.0,0.0,0.0,1.0,1.0,1.0,1.0,1.0,1.0,1.0,1.0,1.0,1.0,1.0,1.0,10,0,0.0,0.0,0.0,1.0,0.0,0.0,0.0,0.0,0.0,0.0,0.0,1.0,0.0,0.0,0.0,0.0,0.0,1.0000000129948268,1.0,1.0,0.0,0.0,0.0,0,0,0,0,C1,0.0,0.0,0.029999999999999694,1.0,1.0,1.0,0.0,0.0,0.029999999999999694
bitflip,phaseflip,0.03,2,10,qiskit_aer,1,1,1.0,1.0,0.0,0.0,1.0,1.0,0.0,0.0,1.1102230246251565e-16,0.0,1.1102230246251565e-16,1.1102230246251565e-16,1.1102230246251565e-16,1.1102230246251565e-16,1.1102230246251565e-16,1.0,0.0,0.0,1.0,0.0,1.0,1.0,1.0,0.058199999999999696,0.0,0.058199999999999696,0.058199999999999696,0.058199999999999696,0.058199999999999696,0.058199999999999696,1.0,1.0,1.0,0.0,0.0,0.0,0.0,0.0,0.058199999999999696,0.0,0.058199999999999696,0.058199999999999696,0.058199999999999696,0.058199999999999696,0.058199999999999696,1.0,1.0,1.0,0.0,0.0,0.0,0.0,0.0,0.0,0.0,0.0,0.0,0.0,0.058199999999999696,0.0,0.058199999999999696,0.058199999999999696,0.058199999999999696,0.058199999999999696,0.058199999999999696,1.0,1.0,1.0,0.0,0.0,0.0,0.0,0.0,0.0,0.0,0.0,0.0,0.0,0.058199999999999696,0.0,0.058199999999999696,0.058199999999999696,0.058199999999999696,0.058199999999999696,0.058199999999999696,1.0,1.0,1.0,0.0,0.0,0.0,0.0,0.0,0.0,0.0,0.0,0.0,0.0,0.058199999999999696,0.0,0.058199999999999696,0.058199999999999696,0.058199999999999696,0.058199999999999696,0.058199999999999696,1.0,1.0,1.0,0.0,0.0,0.0,0.0,0.0,0.0,0.0,0.0,0.0,0.0,1.0,1.0,1.0,1.0,1.0,0.0,1.0,0.0,1.0,1.0,0.0,1.0,1.0,0.0,1.0,1.0,0.0,1.0,1.0,0.0,1.0,1.0,1.0,1.0,1.0,0.0,0.0,0.0,0.0,1.0,1.0,1.0,1.0,1.0,1.0,1.0,1.0,1.0,1.0,1.0,1.0,10,0,0.0,0.0,0.0,1.0,0.0,0.0,0.0,0.0,0.0,0.0,0.0,1.0,0.0,0.0,0.0,0.0,0.0,1.0000000129948268,1.0,1.0,0.0,0.0,0.0,0,0,0,0,C1,0.0,0.0,0.058199999999999696,1.0,1.0,1.0,0.0,0.0,0.058199999999999696
bitflip,phaseflip,0.03,3,10,qiskit_aer,1,1,1.0,1.0,0.0,0.0,1.0,1.0,0.0,0.0,2.220446049250313e-16,0.0,2.220446049250313e-16,2.220446049250313e-16,2.220446049250313e-16,2.220446049250313e-16,2.220446049250313e-16,1.0,0.0,0.0,1.0,0.0,1.0,1.0,1.0,0.08470800000000012,0.0,0.08470800000000012,0.08470800000000012,0.08470800000000012,0.08470800000000012,0.08470800000000012,1.0,1.0,1.0,0.0,0.0,0.0,0.0,0.0,0.08470800000000012,0.0,0.08470800000000012,0.08470800000000012,0.08470800000000012,0.08470800000000012,0.08470800000000012,1.0,1.0,1.0,0.0,0.0,0.0,0.0,0.0,0.0,0.0,0.0,0.0,0.0,0.08470800000000012,0.0,0.08470800000000012,0.08470800000000012,0.08470800000000012,0.08470800000000012,0.08470800000000012,1.0,1.0,1.0,0.0,0.0,0.0,0.0,0.0,0.0,0.0,0.0,0.0,0.0,0.08470800000000012,0.0,0.08470800000000012,0.08470800000000012,0.08470800000000012,0.08470800000000012,0.08470800000000012,1.0,1.0,1.0,0.0,0.0,0.0,0.0,0.0,0.0,0.0,0.0,0.0,0.0,0.08470800000000012,0.0,0.08470800000000012,0.08470800000000012,0.08470800000000012,0.08470800000000012,0.08470800000000012,1.0,1.0,1.0,0.0,0.0,0.0,0.0,0.0,0.0,0.0,0.0,0.0,0.0,1.0,1.0,1.0,1.0,1.0,0.0,1.0,0.0,1.0,1.0,0.0,1.0,1.0,0.0,1.0,1.0,0.0,1.0,1.0,0.0,1.0,1.0,1.0,1.0,1.0,0.0,0.0,0.0,0.0,1.0,1.0,1.0,1.0,1.0,1.0,1.0,1.0,1.0,1.0,1.0,1.0,10,0,0.0,0.0,0.0,1.0,0.0,0.0,0.0,0.0,0.0,0.0,0.0,1.0,0.0,0.0,0.0,0.0,0.0,1.0000000129948268,1.0,1.0,0.0,0.0,0.0,0,0,0,0,C1,0.0,0.0,0.08470800000000012,1.0,1.0,1.0,0.0,0.0,0.08470800000000012
bitflip,phaseflip,0.03,4,10,qiskit_aer,1,1,1.0,1.0,0.0,0.0,1.0,1.0,0.0,0.0,-2.220446049250313e-16,0.0,-2.220446049250313e-16,-2.220446049250313e-16,-2.220446049250313e-16,-2.220446049250313e-16,-2.220446049250313e-16,1.0,0.0,0.0,1.0,0.0,1.0,1.0,1.0,0.10962551999999981,0.0,0.10962551999999981,0.10962551999999981,0.10962551999999981,0.10962551999999981,0.10962551999999981,1.0,1.0,1.0,0.0,0.0,0.0,0.0,0.0,0.10962551999999981,0.0,0.10962551999999981,0.10962551999999981,0.10962551999999981,0.10962551999999981,0.10962551999999981,1.0,1.0,1.0,0.0,0.0,0.0,0.0,0.0,0.0,0.0,0.0,0.0,0.0,0.10962551999999981,0.0,0.10962551999999981,0.10962551999999981,0.10962551999999981,0.10962551999999981,0.10962551999999981,1.0,1.0,1.0,0.0,0.0,0.0,0.0,0.0,0.0,0.0,0.0,0.0,0.0,0.10962551999999981,0.0,0.10962551999999981,0.10962551999999981,0.10962551999999981,0.10962551999999981,0.10962551999999981,1.0,1.0,1.0,0.0,0.0,0.0,0.0,0.0,0.0,0.0,0.0,0.0,0.0,0.10962551999999981,0.0,0.10962551999999981,0.10962551999999981,0.10962551999999981,0.10962551999999981,0.10962551999999981,1.0,1.0,1.0,0.0,0.0,0.0,0.0,0.0,0.0,0.0,0.0,0.0,0.0,1.0,1.0,1.0,1.0,1.0,0.0,1.0,0.0,1.0,1.0,0.0,1.0,1.0,0.0,1.0,1.0,0.0,1.0,1.0,0.0,1.0,1.0,1.0,1.0,1.0,0.0,0.0,0.0,0.0,1.0,1.0,1.0,1.0,1.0,1.0,1.0,1.0,1.0,1.0,1.0,1.0,10,0,0.0,0.0,0.0,1.0,0.0,0.0,0.0,0.0,0.0,0.0,0.0,1.0,0.0,0.0,0.0,0.0,0.0,1.0000000129948268,1.0,1.0,0.0,0.0,0.0,0,0,0,0,C1,0.0,0.0,0.10962551999999981,1.0,1.0,1.0,0.0,0.0,0.10962551999999981
bitflip,phaseflip,0.05,1,10,qiskit_aer,1,1,1.0,1.0,0.0,0.0,1.0,1.0,0.0,0.0,-1.1102230246251565e-16,0.0,-1.1102230246251565e-16,-1.1102230246251565e-16,-1.1102230246251565e-16,-1.1102230246251565e-16,-1.1102230246251565e-16,1.0,0.0,0.0,1.0,0.0,1.0,1.0,1.0,0.04999999999999993,0.0,0.04999999999999993,0.04999999999999993,0.04999999999999993,0.04999999999999993,0.04999999999999993,1.0,1.0,1.0,0.0,0.0,0.0,0.0,0.0,0.04999999999999993,0.0,0.04999999999999993,0.04999999999999993,0.04999999999999993,0.04999999999999993,0.04999999999999993,1.0,1.0,1.0,0.0,0.0,0.0,0.0,0.0,0.0,0.0,0.0,0.0,0.0,0.04999999999999993,0.0,0.04999999999999993,0.04999999999999993,0.04999999999999993,0.04999999999999993,0.04999999999999993,1.0,1.0,1.0,0.0,0.0,0.0,0.0,0.0,0.0,0.0,0.0,0.0,0.0,0.04999999999999993,0.0,0.04999999999999993,0.04999999999999993,0.04999999999999993,0.04999999999999993,0.04999999999999993,1.0,1.0,1.0,0.0,0.0,0.0,0.0,0.0,0.0,0.0,0.0,0.0,0.0,0.04999999999999993,0.0,0.04999999999999993,0.04999999999999993,0.04999999999999993,0.04999999999999993,0.04999999999999993,1.0,1.0,1.0,0.0,0.0,0.0,0.0,0.0,0.0,0.0,0.0,0.0,0.0,1.0,1.0,1.0,1.0,1.0,0.0,1.0,0.0,1.0,1.0,0.0,1.0,1.0,0.0,1.0,1.0,0.0,1.0,1.0,0.0,1.0,1.0,1.0,1.0,1.0,0.0,0.0,0.0,0.0,1.0,1.0,1.0,1.0,1.0,1.0,1.0,1.0,1.0,1.0,1.0,1.0,10,0,0.0,0.0,0.0,1.0,0.0,0.0,0.0,0.0,0.0,0.0,0.0,1.0,0.0,0.0,0.0,0.0,0.0,1.0000000129948268,1.0,1.0,0.0,0.0,0.0,0,0,0,0,C1,0.0,0.0,0.04999999999999993,1.0,1.0,1.0,0.0,0.0,0.04999999999999993
bitflip,phaseflip,0.05,2,10,qiskit_aer,1,1,1.0,1.0,0.0,0.0,1.0,1.0,0.0,0.0,1.1102230246251565e-16,0.0,1.1102230246251565e-16,1.1102230246251565e-16,1.1102230246251565e-16,1.1102230246251565e-16,1.1102230246251565e-16,1.0,0.0,0.0,1.0,0.0,1.0,1.0,1.0,0.09499999999999997,0.0,0.09499999999999997,0.09499999999999997,0.09499999999999997,0.09499999999999997,0.09499999999999997,1.0,1.0,1.0,0.0,0.0,0.0,0.0,0.0,0.09499999999999997,0.0,0.09499999999999997,0.09499999999999997,0.09499999999999997,0.09499999999999997,0.09499999999999997,1.0,1.0,1.0,0.0,0.0,0.0,0.0,0.0,0.0,0.0,0.0,0.0,0.0,0.09499999999999997,0.0,0.09499999999999997,0.09499999999999997,0.09499999999999997,0.09499999999999997,0.09499999999999997,1.0,1.0,1.0,0.0,0.0,0.0,0.0,0.0,0.0,0.0,0.0,0.0,0.0,0.09499999999999997,0.0,0.09499999999999997,0.09499999999999997,0.09499999999999997,0.09499999999999997,0.09499999999999997,1.0,1.0,1.0,0.0,0.0,0.0,0.0,0.0,0.0,0.0,0.0,0.0,0.0,0.09499999999999997,0.0,0.09499999999999997,0.09499999999999997,0.09499999999999997,0.09499999999999997,0.09499999999999997,1.0,1.0,1.0,0.0,0.0,0.0,0.0,0.0,0.0,0.0,0.0,0.0,0.0,1.0,1.0,1.0,1.0,1.0,0.0,1.0,0.0,1.0,1.0,0.0,1.0,1.0,0.0,1.0,1.0,0.0,1.0,1.0,0.0,1.0,1.0,1.0,1.0,1.0,0.0,0.0,0.0,0.0,1.0,1.0,1.0,1.0,1.0,1.0,1.0,1.0,1.0,1.0,1.0,1.0,10,0,0.0,0.0,0.0,1.0,0.0,0.0,0.0,0.0,0.0,0.0,0.0,1.0,0.0,0.0,0.0,0.0,0.0,1.0000000129948268,1.0,1.0,0.0,0.0,0.0,0,0,0,0,C1,0.0,0.0,0.09499999999999997,1.0,1.0,1.0,0.0,0.0,0.09499999999999997
bitflip,phaseflip,0.05,3,10,qiskit_aer,1,1,1.0,1.0,0.0,0.0,1.0,1.0,0.0,0.0,-2.220446049250313e-16,0.0,-2.220446049250313e-16,-2.220446049250313e-16,-2.220446049250313e-16,-2.220446049250313e-16,-2.220446049250313e-16,1.0,0.0,0.0,1.0,0.0,1.0,1.0,1.0,0.13549999999999995,0.0,0.13549999999999995,0.13549999999999995,0.13549999999999995,0.13549999999999995,0.13549999999999995,1.0,1.0,1.0,0.0,0.0,0.0,0.0,0.0,0.13549999999999995,0.0,0.13549999999999995,0.13549999999999995,0.13549999999999995,0.13549999999999995,0.13549999999999995,1.0,1.0,1.0,0.0,0.0,0.0,0.0,0.0,0.0,0.0,0.0,0.0,0.0,0.13549999999999995,0.0,0.13549999999999995,0.13549999999999995,0.13549999999999995,0.13549999999999995,0.13549999999999995,1.0,1.0,1.0,0.0,0.0,0.0,0.0,0.0,0.0,0.0,0.0,0.0,0.0,0.13549999999999995,0.0,0.13549999999999995,0.13549999999999995,0.13549999999999995,0.13549999999999995,0.13549999999999995,1.0,1.0,1.0,0.0,0.0,0.0,0.0,0.0,0.0,0.0,0.0,0.0,0.0,0.13549999999999995,0.0,0.13549999999999995,0.13549999999999995,0.13549999999999995,0.13549999999999995,0.13549999999999995,1.0,1.0,1.0,0.0,0.0,0.0,0.0,0.0,0.0,0.0,0.0,0.0,0.0,1.0,1.0,1.0,1.0,1.0,0.0,1.0,0.0,1.0,1.0,0.0,1.0,1.0,0.0,1.0,1.0,0.0,1.0,1.0,0.0,1.0,1.0,1.0,1.0,1.0,0.0,0.0,0.0,0.0,1.0,1.0,1.0,1.0,1.0,1.0,1.0,1.0,1.0,1.0,1.0,1.0,10,0,0.0,0.0,0.0,1.0,0.0,0.0,0.0,0.0,0.0,0.0,0.0,1.0,0.0,0.0,0.0,0.0,0.0,1.0000000129948268,1.0,1.0,0.0,0.0,0.0,0,0,0,0,C1,0.0,0.0,0.13549999999999995,1.0,1.0,1.0,0.0,0.0,0.13549999999999995
bitflip,phaseflip,0.05,4,10,qiskit_aer,1,1,1.0,1.0,0.0,0.0,1.0,1.0,0.0,0.0,0.0,0.0,0.0,0.0,0.0,0.0,0.0,1.0,0.0,0.0,1.0,0.0,1.0,1.0,1.0,0.17195000000000005,0.0,0.17195000000000005,0.17195000000000005,0.17195000000000005,0.17195000000000005,0.17195000000000005,1.0,1.0,1.0,0.0,0.0,0.0,0.0,0.0,0.17195000000000005,0.0,0.17195000000000005,0.17195000000000005,0.17195000000000005,0.17195000000000005,0.17195000000000005,1.0,1.0,1.0,0.0,0.0,0.0,0.0,0.0,0.0,0.0,0.0,0.0,0.0,0.17195000000000005,0.0,0.17195000000000005,0.17195000000000005,0.17195000000000005,0.17195000000000005,0.17195000000000005,1.0,1.0,1.0,0.0,0.0,0.0,0.0,0.0,0.0,0.0,0.0,0.0,0.0,0.17195000000000005,0.0,0.17195000000000005,0.17195000000000005,0.17195000000000005,0.17195000000000005,0.17195000000000005,1.0,1.0,1.0,0.0,0.0,0.0,0.0,0.0,0.0,0.0,0.0,0.0,0.0,0.17195000000000005,0.0,0.17195000000000005,0.17195000000000005,0.17195000000000005,0.17195000000000005,0.17195000000000005,1.0,1.0,1.0,0.0,0.0,0.0,0.0,0.0,0.0,0.0,0.0,0.0,0.0,1.0,1.0,1.0,1.0,1.0,0.0,1.0,0.0,1.0,1.0,0.0,1.0,1.0,0.0,1.0,1.0,0.0,1.0,1.0,0.0,1.0,1.0,1.0,1.0,1.0,0.0,0.0,0.0,0.0,1.0,1.0,1.0,1.0,1.0,1.0,1.0,1.0,1.0,1.0,1.0,1.0,10,0,0.0,0.0,0.0,1.0,0.0,0.0,0.0,0.0,0.0,0.0,0.0,1.0,0.0,0.0,0.0,0.0,0.0,1.0000000129948268,1.0,1.0,0.0,0.0,0.0,0,0,0,0,C1,0.0,0.0,0.17195000000000005,1.0,1.0,1.0,0.0,0.0,0.17195000000000005
bitflip,phaseflip,0.1,1,10,qiskit_aer,1,1,1.0,1.0,0.0,0.0,1.0,1.0,0.0,0.0,-1.1102230246251565e-16,0.0,-1.1102230246251565e-16,-1.1102230246251565e-16,-1.1102230246251565e-16,-1.1102230246251565e-16,-1.1102230246251565e-16,1.0,0.0,0.0,1.0,0.0,1.0,1.0,1.0,0.09999999999999987,0.0,0.09999999999999987,0.09999999999999987,0.09999999999999987,0.09999999999999987,0.09999999999999987,1.0,1.0,1.0,0.0,0.0,0.0,0.0,0.0,0.09999999999999987,0.0,0.09999999999999987,0.09999999999999987,0.09999999999999987,0.09999999999999987,0.09999999999999987,1.0,1.0,1.0,0.0,0.0,0.0,0.0,0.0,0.0,0.0,0.0,0.0,0.0,0.09999999999999987,0.0,0.09999999999999987,0.09999999999999987,0.09999999999999987,0.09999999999999987,0.09999999999999987,1.0,1.0,1.0,0.0,0.0,0.0,0.0,0.0,0.0,0.0,0.0,0.0,0.0,0.09999999999999987,0.0,0.09999999999999987,0.09999999999999987,0.09999999999999987,0.09999999999999987,0.09999999999999987,1.0,1.0,1.0,0.0,0.0,0.0,0.0,0.0,0.0,0.0,0.0,0.0,0.0,0.09999999999999987,0.0,0.09999999999999987,0.09999999999999987,0.09999999999999987,0.09999999999999987,0.09999999999999987,1.0,1.0,1.0,0.0,0.0,0.0,0.0,0.0,0.0,0.0,0.0,0.0,0.0,1.0,1.0,1.0,1.0,1.0,0.0,1.0,0.0,1.0,1.0,0.0,1.0,1.0,0.0,1.0,1.0,0.0,1.0,1.0,0.0,1.0,1.0,1.0,1.0,1.0,0.0,0.0,0.0,0.0,1.0,1.0,1.0,1.0,1.0,1.0,1.0,1.0,1.0,1.0,1.0,1.0,10,0,0.0,0.0,0.0,1.0,0.0,0.0,0.0,0.0,0.0,0.0,0.0,1.0,0.0,0.0,0.0,0.0,0.0,1.0000000129948268,1.0,1.0,0.0,0.0,0.0,0,0,0,0,C1,0.0,0.0,0.09999999999999987,1.0,1.0,1.0,0.0,0.0,0.09999999999999987
bitflip,phaseflip,0.1,2,10,qiskit_aer,1,1,1.0,1.0,0.0,0.0,1.0,1.0,0.0,0.0,2.220446049250313e-16,0.0,2.220446049250313e-16,2.220446049250313e-16,2.220446049250313e-16,2.220446049250313e-16,2.220446049250313e-16,1.0,0.0,0.0,1.0,0.0,1.0,1.0,1.0,0.17999999999999994,0.0,0.17999999999999994,0.17999999999999994,0.17999999999999994,0.17999999999999994,0.17999999999999994,1.0,1.0,1.0,0.0,0.0,0.0,0.0,0.0,0.17999999999999994,0.0,0.17999999999999994,0.17999999999999994,0.17999999999999994,0.17999999999999994,0.17999999999999994,1.0,1.0,1.0,0.0,0.0,0.0,0.0,0.0,0.0,0.0,0.0,0.0,0.0,0.17999999999999994,0.0,0.17999999999999994,0.17999999999999994,0.17999999999999994,0.17999999999999994,0.17999999999999994,1.0,1.0,1.0,0.0,0.0,0.0,0.0,0.0,0.0,0.0,0.0,0.0,0.0,0.17999999999999994,0.0,0.17999999999999994,0.17999999999999994,0.17999999999999994,0.17999999999999994,0.17999999999999994,1.0,1.0,1.0,0.0,0.0,0.0,0.0,0.0,0.0,0.0,0.0,0.0,0.0,0.17999999999999994,0.0,0.17999999999999994,0.17999999999999994,0.17999999999999994,0.17999999999999994,0.17999999999999994,1.0,1.0,1.0,0.0,0.0,0.0,0.0,0.0,0.0,0.0,0.0,0.0,0.0,1.0,1.0,1.0,1.0,1.0,0.0,1.0,0.0,1.0,1.0,0.0,1.0,1.0,0.0,1.0,1.0,0.0,1.0,1.0,0.0,1.0,1.0,1.0,1.0,1.0,0.0,0.0,0.0,0.0,1.0,1.0,1.0,1.0,1.0,1.0,1.0,1.0,1.0,1.0,1.0,1.0,10,0,0.0,0.0,0.0,1.0,0.0,0.0,0.0,0.0,0.0,0.0,0.0,1.0,0.0,0.0,0.0,0.0,0.0,1.0000000129948268,1.0,1.0,0.0,0.0,0.0,0,0,0,0,C1,0.0,0.0,0.17999999999999994,1.0,1.0,1.0,0.0,0.0,0.17999999999999994
bitflip,phaseflip,0.1,3,10,qiskit_aer,1,1,1.0,1.0,0.0,0.0,1.0,1.0,0.0,0.0,2.220446049250313e-16,0.0,2.220446049250313e-16,2.220446049250313e-16,2.220446049250313e-16,2.220446049250313e-16,2.220446049250313e-16,1.0,0.0,0.0,1.0,0.0,1.0,1.0,1.0,0.24399999999999977,0.0,0.24399999999999977,0.24399999999999977,0.24399999999999977,0.24399999999999977,0.24399999999999977,1.0,1.0,1.0,0.0,0.0,0.0,0.0,0.0,0.24399999999999977,0.0,0.24399999999999977,0.24399999999999977,0.24399999999999977,0.24399999999999977,0.24399999999999977,1.0,1.0,1.0,0.0,0.0,0.0,0.0,0.0,0.0,0.0,0.0,0.0,0.0,0.24399999999999977,0.0,0.24399999999999977,0.24399999999999977,0.24399999999999977,0.24399999999999977,0.24399999999999977,1.0,1.0,1.0,0.0,0.0,0.0,0.0,0.0,0.0,0.0,0.0,0.0,0.0,0.24399999999999977,0.0,0.24399999999999977,0.24399999999999977,0.24399999999999977,0.24399999999999977,0.24399999999999977,1.0,1.0,1.0,0.0,0.0,0.0,0.0,0.0,0.0,0.0,0.0,0.0,0.0,0.24399999999999977,0.0,0.24399999999999977,0.24399999999999977,0.24399999999999977,0.24399999999999977,0.24399999999999977,1.0,1.0,1.0,0.0,0.0,0.0,0.0,0.0,0.0,0.0,0.0,0.0,0.0,1.0,1.0,1.0,1.0,1.0,0.0,1.0,0.0,1.0,1.0,0.0,1.0,1.0,0.0,1.0,1.0,0.0,1.0,1.0,0.0,1.0,1.0,1.0,1.0,1.0,0.0,0.0,0.0,0.0,1.0,1.0,1.0,1.0,1.0,1.0,1.0,1.0,1.0,1.0,1.0,1.0,10,0,0.0,0.0,0.0,1.0,0.0,0.0,0.0,0.0,0.0,0.0,0.0,1.0,0.0,0.0,0.0,0.0,0.0,1.0000000129948268,1.0,1.0,0.0,0.0,0.0,0,0,0,0,C1,0.0,0.0,0.24399999999999977,1.0,1.0,1.0,0.0,0.0,0.24399999999999977
bitflip,phaseflip,0.1,4,10,qiskit_aer,1,1,1.0,1.0,0.0,0.0,1.0,1.0,0.0,0.0,0.0,0.0,0.0,0.0,0.0,0.0,0.0,1.0,0.0,0.0,1.0,0.0,1.0,1.0,1.0,0.2951999999999999,0.0,0.2951999999999999,0.2951999999999999,0.2951999999999999,0.2951999999999999,0.2951999999999999,1.0,1.0,1.0,0.0,0.0,0.0,0.0,0.0,0.2951999999999999,0.0,0.2951999999999999,0.2951999999999999,0.2951999999999999,0.2951999999999999,0.2951999999999999,1.0,1.0,1.0,0.0,0.0,0.0,0.0,0.0,0.0,0.0,0.0,0.0,0.0,0.2951999999999999,0.0,0.2951999999999999,0.2951999999999999,0.2951999999999999,0.2951999999999999,0.2951999999999999,1.0,1.0,1.0,0.0,0.0,0.0,0.0,0.0,0.0,0.0,0.0,0.0,0.0,0.2951999999999999,0.0,0.2951999999999999,0.2951999999999999,0.2951999999999999,0.2951999999999999,0.2951999999999999,1.0,1.0,1.0,0.0,0.0,0.0,0.0,0.0,0.0,0.0,0.0,0.0,0.0,0.2951999999999999,0.0,0.2951999999999999,0.2951999999999999,0.2951999999999999,0.2951999999999999,0.2951999999999999,1.0,1.0,1.0,0.0,0.0,0.0,0.0,0.0,0.0,0.0,0.0,0.0,0.0,1.0,1.0,1.0,1.0,1.0,0.0,1.0,0.0,1.0,1.0,0.0,1.0,1.0,0.0,1.0,1.0,0.0,1.0,1.0,0.0,1.0,1.0,1.0,1.0,1.0,0.0,0.0,0.0,0.0,1.0,1.0,1.0,1.0,1.0,1.0,1.0,1.0,1.0,1.0,1.0,1.0,10,0,0.0,0.0,0.0,1.0,0.0,0.0,0.0,0.0,0.0,0.0,0.0,1.0,0.0,0.0,0.0,0.0,0.0,1.0000000129948268,1.0,1.0,0.0,0.0,0.0,0,0,0,0,C1,0.0,0.0,0.2951999999999999,1.0,1.0,1.0,0.0,0.0,0.2951999999999999
bitflip,phaseflip,0.15,1,10,qiskit_aer,1,1,1.0,1.0,0.0,0.0,1.0,1.0,0.0,0.0,0.0,0.0,0.0,0.0,0.0,0.0,0.0,1.0,0.0,0.0,1.0,0.0,1.0,1.0,1.0,0.1499999999999998,2.7755575615628914e-17,0.1499999999999998,0.1499999999999998,0.1499999999999998,0.1499999999999998,0.14999999999999983,1.0,1.0,1.0,0.0,0.0,0.0,0.0,0.0,0.1499999999999998,2.7755575615628914e-17,0.1499999999999998,0.1499999999999998,0.1499999999999998,0.1499999999999998,0.14999999999999983,1.0,1.0,1.0,0.0,0.0,0.0,0.0,0.0,0.0,0.0,0.0,0.0,0.0,0.1499999999999998,2.7755575615628914e-17,0.1499999999999998,0.1499999999999998,0.1499999999999998,0.1499999999999998,0.14999999999999983,1.0,1.0,1.0,0.0,0.0,0.0,0.0,0.0,0.0,0.0,0.0,0.0,0.0,0.1499999999999998,2.7755575615628914e-17,0.1499999999999998,0.1499999999999998,0.1499999999999998,0.1499999999999998,0.14999999999999983,1.0,1.0,1.0,0.0,0.0,0.0,0.0,0.0,0.0,0.0,0.0,0.0,0.0,0.1499999999999998,2.7755575615628914e-17,0.1499999999999998,0.1499999999999998,0.1499999999999998,0.1499999999999998,0.14999999999999983,1.0,1.0,1.0,0.0,0.0,0.0,0.0,0.0,0.0,0.0,0.0,0.0,0.0,1.0,1.0,1.0,1.0,1.0,0.0,1.0,0.0,1.0,1.0,0.0,1.0,1.0,0.0,1.0,1.0,0.0,1.0,1.0,0.0,1.0,1.0,1.0,1.0,1.0,0.0,0.0,0.0,0.0,1.0,1.0,1.0,1.0,1.0,1.0,1.0,1.0,1.0,1.0,1.0,1.0,10,0,0.0,0.0,0.0,1.0,0.0,0.0,0.0,0.0,0.0,0.0,0.0,1.0,0.0,0.0,0.0,0.0,0.0,1.0000000129948268,1.0,1.0,0.0,0.0,0.0,0,0,0,0,C1,0.0,0.0,0.1499999999999998,1.0,1.0,1.0,0.0,0.0,0.1499999999999998
bitflip,phaseflip,0.15,2,10,qiskit_aer,1,1,1.0,1.0,0.0,0.0,1.0,1.0,0.0,0.0,-2.220446049250313e-16,0.0,-2.220446049250313e-16,-2.220446049250313e-16,-2.220446049250313e-16,-2.220446049250313e-16,-2.220446049250313e-16,1.0,0.0,0.0,1.0,0.0,1.0,1.0,1.0,0.2549999999999998,0.0,0.2549999999999998,0.2549999999999998,0.2549999999999998,0.2549999999999998,0.2549999999999998,1.0,1.0,1.0,0.0,0.0,0.0,0.0,0.0,0.2549999999999998,0.0,0.2549999999999998,0.2549999999999998,0.2549999999999998,0.2549999999999998,0.2549999999999998,1.0,1.0,1.0,0.0,0.0,0.0,0.0,0.0,0.0,0.0,0.0,0.0,0.0,0.2549999999999998,0.0,0.2549999999999998,0.2549999999999998,0.2549999999999998,0.2549999999999998,0.2549999999999998,1.0,1.0,1.0,0.0,0.0,0.0,0.0,0.0,0.0,0.0,0.0,0.0,0.0,0.2549999999999998,0.0,0.2549999999999998,0.2549999999999998,0.2549999999999998,0.2549999999999998,0.2549999999999998,1.0,1.0,1.0,0.0,0.0,0.0,0.0,0.0,0.0,0.0,0.0,0.0,0.0,0.2549999999999998,0.0,0.2549999999999998,0.2549999999999998,0.2549999999999998,0.2549999999999998,0.2549999999999998,1.0,1.0,1.0,0.0,0.0,0.0,0.0,0.0,0.0,0.0,0.0,0.0,0.0,1.0,1.0,1.0,1.0,1.0,0.0,1.0,0.0,1.0,1.0,0.0,1.0,1.0,0.0,1.0,1.0,0.0,1.0,1.0,0.0,1.0,1.0,1.0,1.0,1.0,0.0,0.0,0.0,0.0,1.0,1.0,1.0,1.0,1.0,1.0,1.0,1.0,1.0,1.0,1.0,1.0,10,0,0.0,0.0,0.0,1.0,0.0,0.0,0.0,0.0,0.0,0.0,0.0,1.0,0.0,0.0,0.0,0.0,0.0,1.0000000129948268,1.0,1.0,0.0,0.0,0.0,0,0,0,0,C1,0.0,0.0,0.2549999999999998,1.0,1.0,1.0,0.0,0.0,0.2549999999999998
bitflip,phaseflip,0.15,3,10,qiskit_aer,1,1,1.0,1.0,0.0,0.0,1.0,1.0,0.0,0.0,0.0,0.0,0.0,0.0,0.0,0.0,0.0,1.0,0.0,0.0,1.0,0.0,1.0,1.0,1.0,0.3284999999999998,5.551115123125783e-17,0.3284999999999998,0.3284999999999998,0.3284999999999998,0.3284999999999998,0.32849999999999985,1.0,1.0,1.0,0.0,0.0,0.0,0.0,0.0,0.3284999999999998,5.551115123125783e-17,0.3284999999999998,0.3284999999999998,0.3284999999999998,0.3284999999999998,0.32849999999999985,1.0,1.0,1.0,0.0,0.0,0.0,0.0,0.0,0.0,0.0,0.0,0.0,0.0,0.3284999999999998,5.551115123125783e-17,0.3284999999999998,0.3284999999999998,0.3284999999999998,0.3284999999999998,0.32849999999999985,1.0,1.0,1.0,0.0,0.0,0.0,0.0,0.0,0.0,0.0,0.0,0.0,0.0,0.3284999999999998,5.551115123125783e-17,0.3284999999999998,0.3284999999999998,0.3284999999999998,0.3284999999999998,0.32849999999999985,1.0,1.0,1.0,0.0,0.0,0.0,0.0,0.0,0.0,0.0,0.0,0.0,0.0,0.3284999999999998,5.551115123125783e-17,0.3284999999999998,0.3284999999999998,0.3284999999999998,0.3284999999999998,0.32849999999999985,1.0,1.0,1.0,0.0,0.0,0.0,0.0,0.0,0.0,0.0,0.0,0.0,0.0,1.0,1.0,1.0,1.0,1.0,0.0,1.0,0.0,1.0,1.0,0.0,1.0,1.0,0.0,1.0,1.0,0.0,1.0,1.0,0.0,1.0,1.0,1.0,1.0,1.0,0.0,0.0,0.0,0.0,1.0,1.0,1.0,1.0,1.0,1.0,1.0,1.0,1.0,1.0,1.0,1.0,10,0,0.0,0.0,0.0,1.0,0.0,0.0,0.0,0.0,0.0,0.0,0.0,1.0,0.0,0.0,0.0,0.0,0.0,1.0000000129948268,1.0,1.0,0.0,0.0,0.0,0,0,0,0,C1,0.0,0.0,0.3284999999999998,1.0,1.0,1.0,0.0,0.0,0.3284999999999998
bitflip,phaseflip,0.15,4,10,qiskit_aer,1,1,1.0,1.0,0.0,0.0,1.0,1.0,0.0,0.0,0.0,0.0,0.0,0.0,0.0,0.0,0.0,1.0,0.0,0.0,1.0,0.0,1.0,1.0,1.0,0.3799499999999998,5.551115123125783e-17,0.3799499999999998,0.3799499999999998,0.3799499999999998,0.3799499999999998,0.37994999999999984,1.0,1.0,1.0,0.0,0.0,0.0,0.0,0.0,0.3799499999999998,5.551115123125783e-17,0.3799499999999998,0.3799499999999998,0.3799499999999998,0.3799499999999998,0.37994999999999984,1.0,1.0,1.0,0.0,0.0,0.0,0.0,0.0,0.0,0.0,0.0,0.0,0.0,0.3799499999999998,5.551115123125783e-17,0.3799499999999998,0.3799499999999998,0.3799499999999998,0.3799499999999998,0.37994999999999984,1.0,1.0,1.0,0.0,0.0,0.0,0.0,0.0,0.0,0.0,0.0,0.0,0.0,0.3799499999999998,5.551115123125783e-17,0.3799499999999998,0.3799499999999998,0.3799499999999998,0.3799499999999998,0.37994999999999984,1.0,1.0,1.0,0.0,0.0,0.0,0.0,0.0,0.0,0.0,0.0,0.0,0.0,0.3799499999999998,5.551115123125783e-17,0.3799499999999998,0.3799499999999998,0.3799499999999998,0.3799499999999998,0.37994999999999984,1.0,1.0,1.0,0.0,0.0,0.0,0.0,0.0,0.0,0.0,0.0,0.0,0.0,1.0,1.0,1.0,1.0,1.0,0.0,1.0,0.0,1.0,1.0,0.0,1.0,1.0,0.0,1.0,1.0,0.0,1.0,1.0,0.0,1.0,1.0,1.0,1.0,1.0,0.0,0.0,0.0,0.0,1.0,1.0,1.0,1.0,1.0,1.0,1.0,1.0,1.0,1.0,1.0,1.0,10,0,0.0,0.0,0.0,1.0,0.0,0.0,0.0,0.0,0.0,0.0,0.0,1.0,0.0,0.0,0.0,0.0,0.0,1.0000000129948268,1.0,1.0,0.0,0.0,0.0,0,0,0,0,C1,0.0,0.0,0.3799499999999998,1.0,1.0,1.0,0.0,0.0,0.3799499999999998
bitflip,phaseflip,0.2,1,10,qiskit_aer,1,1,1.0,1.0,0.0,0.0,1.0,1.0,0.0,0.0,2.220446049250313e-16,0.0,2.220446049250313e-16,2.220446049250313e-16,2.220446049250313e-16,2.220446049250313e-16,2.220446049250313e-16,1.0,0.0,0.0,1.0,0.0,1.0,1.0,1.0,0.19999999999999973,0.0,0.19999999999999973,0.19999999999999973,0.19999999999999973,0.19999999999999973,0.19999999999999973,1.0,1.0,1.0,0.0,0.0,0.0,0.0,0.0,0.19999999999999973,0.0,0.19999999999999973,0.19999999999999973,0.19999999999999973,0.19999999999999973,0.19999999999999973,1.0,1.0,1.0,0.0,0.0,0.0,0.0,0.0,0.0,0.0,0.0,0.0,0.0,0.19999999999999973,0.0,0.19999999999999973,0.19999999999999973,0.19999999999999973,0.19999999999999973,0.19999999999999973,1.0,1.0,1.0,0.0,0.0,0.0,0.0,0.0,0.0,0.0,0.0,0.0,0.0,0.19999999999999973,0.0,0.19999999999999973,0.19999999999999973,0.19999999999999973,0.19999999999999973,0.19999999999999973,1.0,1.0,1.0,0.0,0.0,0.0,0.0,0.0,0.0,0.0,0.0,0.0,0.0,0.19999999999999973,0.0,0.19999999999999973,0.19999999999999973,0.19999999999999973,0.19999999999999973,0.19999999999999973,1.0,1.0,1.0,0.0,0.0,0.0,0.0,0.0,0.0,0.0,0.0,0.0,0.0,1.0,1.0,1.0,1.0,1.0,0.0,1.0,0.0,1.0,1.0,0.0,1.0,1.0,0.0,1.0,1.0,0.0,1.0,1.0,0.0,1.0,1.0,1.0,1.0,1.0,0.0,0.0,0.0,0.0,1.0,1.0,1.0,1.0,1.0,1.0,1.0,1.0,1.0,1.0,1.0,1.0,10,0,0.0,0.0,0.0,1.0,0.0,0.0,0.0,0.0,0.0,0.0,0.0,1.0,0.0,0.0,0.0,0.0,0.0,1.0000000129948268,1.0,1.0,0.0,0.0,0.0,0,0,0,0,C1,0.0,0.0,0.19999999999999973,1.0,1.0,1.0,0.0,0.0,0.19999999999999973
bitflip,phaseflip,0.2,2,10,qiskit_aer,1,1,1.0,1.0,0.0,0.0,1.0,1.0,0.0,0.0,0.0,0.0,0.0,0.0,0.0,0.0,0.0,1.0,0.0,0.0,1.0,0.0,1.0,1.0,1.0,0.31999999999999984,0.0,0.31999999999999984,0.31999999999999984,0.31999999999999984,0.31999999999999984,0.31999999999999984,1.0,1.0,1.0,0.0,0.0,0.0,0.0,0.0,0.31999999999999984,0.0,0.31999999999999984,0.31999999999999984,0.31999999999999984,0.31999999999999984,0.31999999999999984,1.0,1.0,1.0,0.0,0.0,0.0,0.0,0.0,0.0,0.0,0.0,0.0,0.0,0.31999999999999984,0.0,0.31999999999999984,0.31999999999999984,0.31999999999999984,0.31999999999999984,0.31999999999999984,1.0,1.0,1.0,0.0,0.0,0.0,0.0,0.0,0.0,0.0,0.0,0.0,0.0,0.31999999999999984,0.0,0.31999999999999984,0.31999999999999984,0.31999999999999984,0.31999999999999984,0.31999999999999984,1.0,1.0,1.0,0.0,0.0,0.0,0.0,0.0,0.0,0.0,0.0,0.0,0.0,0.31999999999999984,0.0,0.31999999999999984,0.31999999999999984,0.31999999999999984,0.31999999999999984,0.31999999999999984,1.0,1.0,1.0,0.0,0.0,0.0,0.0,0.0,0.0,0.0,0.0,0.0,0.0,1.0,1.0,1.0,1.0,1.0,0.0,1.0,0.0,1.0,1.0,0.0,1.0,1.0,0.0,1.0,1.0,0.0,1.0,1.0,0.0,1.0,1.0,1.0,1.0,1.0,0.0,0.0,0.0,0.0,1.0,1.0,1.0,1.0,1.0,1.0,1.0,1.0,1.0,1.0,1.0,1.0,10,0,0.0,0.0,0.0,1.0,0.0,0.0,0.0,0.0,0.0,0.0,0.0,1.0,0.0,0.0,0.0,0.0,0.0,1.0000000129948268,1.0,1.0,0.0,0.0,0.0,0,0,0,0,C1,0.0,0.0,0.31999999999999984,1.0,1.0,1.0,0.0,0.0,0.31999999999999984
bitflip,phaseflip,0.2,3,10,qiskit_aer,1,1,1.0,1.0,0.0,0.0,1.0,1.0,0.0,0.0,-1.1102230246251565e-16,0.0,-1.1102230246251565e-16,-1.1102230246251565e-16,-1.1102230246251565e-16,-1.1102230246251565e-16,-1.1102230246251565e-16,1.0,0.0,0.0,1.0,0.0,1.0,1.0,1.0,0.3919999999999998,0.0,0.3919999999999998,0.3919999999999998,0.3919999999999998,0.3919999999999998,0.3919999999999998,1.0,1.0,1.0,0.0,0.0,0.0,0.0,0.0,0.3919999999999998,0.0,0.3919999999999998,0.3919999999999998,0.3919999999999998,0.3919999999999998,0.3919999999999998,1.0,1.0,1.0,0.0,0.0,0.0,0.0,0.0,0.0,0.0,0.0,0.0,0.0,0.3919999999999998,0.0,0.3919999999999998,0.3919999999999998,0.3919999999999998,0.3919999999999998,0.3919999999999998,1.0,1.0,1.0,0.0,0.0,0.0,0.0,0.0,0.0,0.0,0.0,0.0,0.0,0.3919999999999998,0.0,0.3919999999999998,0.3919999999999998,0.3919999999999998,0.3919999999999998,0.3919999999999998,1.0,1.0,1.0,0.0,0.0,0.0,0.0,0.0,0.0,0.0,0.0,0.0,0.0,0.3919999999999998,0.0,0.3919999999999998,0.3919999999999998,0.3919999999999998,0.3919999999999998,0.3919999999999998,1.0,1.0,1.0,0.0,0.0,0.0,0.0,0.0,0.0,0.0,0.0,0.0,0.0,1.0,1.0,1.0,1.0,1.0,0.0,1.0,0.0,1.0,1.0,0.0,1.0,1.0,0.0,1.0,1.0,0.0,1.0,1.0,0.0,1.0,1.0,1.0,1.0,1.0,0.0,0.0,0.0,0.0,1.0,1.0,1.0,1.0,1.0,1.0,1.0,1.0,1.0,1.0,1.0,1.0,10,0,0.0,0.0,0.0,1.0,0.0,0.0,0.0,0.0,0.0,0.0,0.0,1.0,0.0,0.0,0.0,0.0,0.0,1.0000000129948268,1.0,1.0,0.0,0.0,0.0,0,0,0,0,C1,0.0,0.0,0.3919999999999998,1.0,1.0,1.0,0.0,0.0,0.3919999999999998
bitflip,phaseflip,0.2,4,10,qiskit_aer,1,1,1.0,1.0,0.0,0.0,1.0,1.0,0.0,0.0,0.0,0.0,0.0,0.0,0.0,0.0,0.0,1.0,0.0,0.0,1.0,0.0,1.0,1.0,1.0,0.4351999999999998,5.551115123125783e-17,0.4351999999999998,0.4351999999999998,0.4351999999999998,0.4351999999999998,0.43519999999999986,1.0,1.0,1.0,0.0,0.0,0.0,0.0,0.0,0.4351999999999998,5.551115123125783e-17,0.4351999999999998,0.4351999999999998,0.4351999999999998,0.4351999999999998,0.43519999999999986,1.0,1.0,1.0,0.0,0.0,0.0,0.0,0.0,0.0,0.0,0.0,0.0,0.0,0.4351999999999998,5.551115123125783e-17,0.4351999999999998,0.4351999999999998,0.4351999999999998,0.4351999999999998,0.43519999999999986,1.0,1.0,1.0,0.0,0.0,0.0,0.0,0.0,0.0,0.0,0.0,0.0,0.0,0.4351999999999998,5.551115123125783e-17,0.4351999999999998,0.4351999999999998,0.4351999999999998,0.4351999999999998,0.43519999999999986,1.0,1.0,1.0,0.0,0.0,0.0,0.0,0.0,0.0,0.0,0.0,0.0,0.0,0.4351999999999998,5.551115123125783e-17,0.4351999999999998,0.4351999999999998,0.4351999999999998,0.4351999999999998,0.43519999999999986,1.0,1.0,1.0,0.0,0.0,0.0,0.0,0.0,0.0,0.0,0.0,0.0,0.0,1.0,1.0,1.0,1.0,1.0,0.0,1.0,0.0,1.0,1.0,0.0,1.0,1.0,0.0,1.0,1.0,0.0,1.0,1.0,0.0,1.0,1.0,1.0,1.0,1.0,0.0,0.0,0.0,0.0,1.0,1.0,1.0,1.0,1.0,1.0,1.0,1.0,1.0,1.0,1.0,1.0,10,0,0.0,0.0,0.0,1.0,0.0,0.0,0.0,0.0,0.0,0.0,0.0,1.0,0.0,0.0,0.0,0.0,0.0,1.0000000129948268,1.0,1.0,0.0,0.0,0.0,0,0,0,0,C1,0.0,0.0,0.4351999999999998,1.0,1.0,1.0,0.0,0.0,0.4351999999999998
phaseflip,bitflip,0.01,1,10,qiskit_aer,1,1,1.0,1.0,0.0,0.0,1.0,1.0,0.0,0.0,0.0,0.0,0.0,0.0,0.0,0.0,0.0,1.0,0.0,1.0,1.0,0.0,0.0,0.0,0.0,-0.020153689607045777,0.0,-0.020153689607045777,-0.020153689607045777,-0.020153689607045777,-0.020153689607045777,-0.020153689607045777,0.0,1.0,0.0,0.0,1.0,1.0,1.0,1.0,-0.020153689607045777,0.0,-0.020153689607045777,-0.020153689607045777,-0.020153689607045777,-0.020153689607045777,-0.020153689607045777,0.0,1.0,0.0,0.0,1.0,1.0,1.0,1.0,0.0,0.020153689607045777,0.20153689607045777,0.020153689607045777,0.020153689607045777,-0.020153689607045777,0.0,-0.020153689607045777,-0.020153689607045777,-0.020153689607045777,-0.020153689607045777,-0.020153689607045777,0.0,1.0,0.0,0.0,1.0,1.0,1.0,1.0,0.0,0.020153689607045777,0.20153689607045777,0.020153689607045777,0.020153689607045777,-0.020153689607045777,0.0,-0.020153689607045777,-0.020153689607045777,-0.020153689607045777,-0.020153689607045777,-0.020153689607045777,0.0,1.0,0.0,0.0,1.0,1.0,1.0,1.0,0.0,0.020153689607045777,0.20153689607045777,0.020153689607045777,0.020153689607045777,-0.020153689607045777,0.0,-0.020153689607045777,-0.020153689607045777,-0.020153689607045777,-0.020153689607045777,-0.020153689607045777,0.0,1.0,0.0,0.0,1.0,1.0,1.0,1.0,0.0,0.020153689607045777,0.20153689607045777,0.020153689607045777,0.020153689607045777,1.0,1.0,1.0,1.0,1.0,0.0,1.0,0.0,1.0,1.0,0.0,1.0,1.0,0.0,1.0,1.0,0.0,1.0,1.0,0.0,1.0,1.0,1.0,1.0,1.0,0.0,0.0,0.0,0.0,1.0,1.0,1.0,1.0,1.0,1.0,1.0,1.0,1.0,1.0,1.0,1.0,10,0,0.0,0.0,1.0,0.0,0.0,0.0,0.0,0.0,0.0,0.0,0.0,1.0,0.0,0.0,0.0,0.0,0.0,1.0000000356145726,2.166112591183837e-20,2.166112591183837e-20,0.0,0.0,0.0,0,0,0,0,C1,1.0,0.0,-0.020153689607045777,0.0,0.0,1.0,1.0,0.0,-0.020153689607045777
phaseflip,bitflip,0.01,2,10,qiskit_aer,1,1,1.0,1.0,0.0,0.0,1.0,1.0,0.0,0.0,0.0,0.0,0.0,0.0,0.0,0.0,0.0,1.0,1.0,0.0,0.0,0.0,1.0,1.0,1.0,-0.010353689607045524,0.0,-0.010353689607045524,-0.010353689607045524,-0.010353689607045524,-0.010353689607045524,-0.010353689607045524,0.0,1.0,0.0,0.0,1.0,1.0,1.0,1.0,-0.010353689607045524,0.0,-0.010353689607045524,-0.010353689607045524,-0.010353689607045524,-0.010353689607045524,-0.010353689607045524,0.0,1.0,0.0,0.0,1.0,1.0,1.0,1.0,0.0,0.010353689607045524,0.10353689607045524,0.010353689607045524,0.010353689607045524,0.0,0.0,0.0,0.0,0.0,0.0,0.0,1.0,1.0,0.0,0.0,0.0,1.0,1.0,1.0,0.0,0.0,0.0,0.0,0.0,0.0,0.0,0.0,0.0,0.0,0.0,0.0,1.0,1.0,0.0,0.0,0.0,1.0,1.0,1.0,0.0,0.0,0.0,0.0,0.0,0.0,0.0,0.0,0.0,0.0,0.0,0.0,1.0,1.0,0.0,0.0,0.0,1.0,1.0,1.0,0.0,0.0,0.0,0.0,0.0,1.0,1.0,0.0,0.0,0.0,0.0,1.0,0.0,0.0,0.0,1.0,0.0,0.0,1.0,0.0,0.0,1.0,0.0,0.0,1.0,0.0,0.0,0.0,0.0,0.0,0.0,0.0,0.0,0.0,0.0,0.0,1.0,1.0,1.0,0.0,0.0,0.0,0.0,0.0,0.0,0.0,0,0,0.0,0.0,0.0,0.0,0.0,0.0,0.0,0.0,0.0,0.0,0.0,1.0,0.0,0.0,0.0,0.0,0.0,-0.9999999707356284,0.0,0.0,0.0,0.0,0.0,0,0,0,0,C2,0.0,0.0,0.0,0.0,1.0,0.0,0.0,0.0,0.0
phaseflip,bitflip,0.01,3,10,qiskit_aer,1,1,1.0,1.0,0.0,0.0,1.0,1.0,0.0,0.0,0.0,0.0,0.0,0.0,0.0,0.0,0.0,1.0,1.0,0.0,0.0,0.0,1.0,1.0,1.0,-0.0007496896070455783,0.0,-0.0007496896070455783,-0.0007496896070455783,-0.0007496896070455783,-0.0007496896070455783,-0.0007496896070455783,0.0,1.0,0.0,0.0,0.0,1.0,1.0,1.0,-0.0007496896070455783,0.0,-0.0007496896070455783,-0.0007496896070455783,-0.0007496896070455783,-0.0007496896070455783,-0.0007496896070455783,0.0,1.0,0.0,0.0,0.0,1.0,1.0,1.0,0.0,0.0007496896070455783,0.007496896070455783,0.0007496896070455783,0.0007496896070455783,0.0,0.0,0.0,0.0,0.0,0.0,0.0,1.0,1.0,0.0,0.0,0.0,1.0,1.0,1.0,0.0,0.0,0.0,0.0,0.0,0.0,0.0,0.0,0.0,0.0,0.0,0.0,1.0,1.0,0.0,0.0,0.0,1.0,1.0,1.0,0.0,0.0,0.0,0.0,0.0,0.0,0.0,0.0,0.0,0.0,0.0,0.0,1.0,1.0,0.0,0.0,0.0,1.0,1.0,1.0,0.0,0.0,0.0,0.0,0.0,0.0,1.0,0.0,0.0,0.0,0.0,1.0,0.0,0.0,0.0,1.0,0.0,0.0,1.0,0.0,0.0,1.0,0.0,0.0,1.0,0.0,0.0,0.0,0.0,0.0,0.0,0.0,0.0,0.0,0.0,0.0,1.0,1.0,1.0,0.0,0.0,0.0,0.0,0.0,0.0,0.0,0,0,0.0,0.0,0.0,0.0,0.0,0.0,0.0,0.0,0.0,0.0,0.0,1.0,0.0,0.0,0.0,0.0,0.0,-0.9999999739596394,0.0,0.0,0.0,0.0,0.0,0,0,0,0,C2,0.0,0.0,0.0,0.0,1.0,0.0,0.0,0.0,0.0
phaseflip,bitflip,0.01,4,10,qiskit_aer,1,1,1.0,1.0,0.0,0.0,1.0,1.0,0.0,0.0,2.220446049250313e-16,0.0,2.220446049250313e-16,2.220446049250313e-16,2.220446049250313e-16,2.220446049250313e-16,2.220446049250313e-16,1.0,1.0,0.0,0.0,0.0,1.0,1.0,1.0,0.00866223039295444,0.0,0.00866223039295444,0.00866223039295444,0.00866223039295444,0.00866223039295444,0.00866223039295444,1.0,1.0,0.0,0.0,0.0,1.0,1.0,1.0,0.00866223039295444,0.0,0.00866223039295444,0.00866223039295444,0.00866223039295444,0.00866223039295444,0.00866223039295444,1.0,1.0,0.0,0.0,0.0,1.0,1.0,1.0,0.0,0.0,0.0,0.0,0.0,2.220446049250313e-16,0.0,2.220446049250313e-16,2.220446049250313e-16,2.220446049250313e-16,2.220446049250313e-16,2.220446049250313e-16,1.0,1.0,0.0,0.0,0.0,1.0,1.0,1.0,0.0,0.008662230392954218,0.08662230392954218,0.008662230392954218,0.008662230392954218,2.220446049250313e-16,0.0,2.220446049250313e-16,2.220446049250313e-16,2.220446049250313e-16,2.220446049250313e-16,2.220446049250313e-16,1.0,1.0,0.0,0.0,0.0,1.0,1.0,1.0,0.0,0.008662230392954218,0.08662230392954218,0.008662230392954218,0.008662230392954218,2.220446049250313e-16,0.0,2.220446049250313e-16,2.220446049250313e-16,2.220446049250313e-16,2.220446049250313e-16,2.220446049250313e-16,1.0,1.0,0.0,0.0,0.0,1.0,1.0,1.0,0.0,0.008662230392954218,0.08662230392954218,0.008662230392954218,0.008662230392954218,0.0,1.0,0.0,0.0,0.0,0.0,1.0,0.0,0.0,0.0,1.0,0.0,0.0,1.0,0.0,0.0,1.0,0.0,0.0,1.0,0.0,0.0,0.0,0.0,0.0,0.0,0.0,0.0,0.0,0.0,0.0,1.0,1.0,1.0,0.0,0.0,0.0,0.0,0.0,0.0,0.0,0,0,0.0,0.0,0.0,0.0,0.0,0.0,0.0,0.0,0.0,0.0,0.0,1.0,0.0,0.0,0.0,0.0,0.0,-0.9999999602174491,0.0,0.0,0.0,0.0,0.0,0,0,0,0,C1,0.0,0.0,0.00866223039295444,0.0,1.0,1.0,0.0,0.0,0.00866223039295444
phaseflip,bitflip,0.03,1,10,qiskit_aer,1,1,1.0,1.0,0.0,0.0,1.0,1.0,0.0,0.0,0.0,0.0,0.0,0.0,0.0,0.0,0.0,1.0,0.0,0.0,1.0,0.0,1.0,1.0,1.0,-0.00015368960704553736,0.0,-0.00015368960704553736,-0.00015368960704553736,-0.00015368960704553736,-0.00015368960704553736,-0.00015368960704553736,0.0,1.0,0.0,0.0,0.0,1.0,1.0,1.0,-0.00015368960704553736,0.0,-0.00015368960704553736,-0.00015368960704553736,-0.00015368960704553736,-0.00015368960704553736,-0.00015368960704553736,0.0,1.0,0.0,0.0,0.0,1.0,1.0,1.0,0.0,0.00015368960704553736,0.0015368960704553736,0.00015368960704553736,0.00015368960704553736,-0.00015368960704553736,0.0,-0.00015368960704553736,-0.00015368960704553736,-0.00015368960704553736,-0.00015368960704553736,-0.00015368960704553736,0.0,1.0,0.0,0.0,0.0,1.0,1.0,1.0,0.0,0.00015368960704553736,0.0015368960704553736,0.00015368960704553736,0.00015368960704553736,-0.00015368960704553736,0.0,-0.00015368960704553736,-0.00015368960704553736,-0.00015368960704553736,-0.00015368960704553736,-0.00015368960704553736,0.0,1.0,0.0,0.0,0.0,1.0,1.0,1.0,0.0,0.00015368960704553736,0.0015368960704553736,0.00015368960704553736,0.00015368960704553736,-0.00015368960704553736,0.0,-0.00015368960704553736,-0.00015368960704553736,-0.00015368960704553736,-0.00015368960704553736,-0.00015368960704553736,0.0,1.0,0.0,0.0,0.0,1.0,1.0,1.0,0.0,0.00015368960704553736,0.0015368960704553736,0.00015368960704553736,0.00015368960704553736,1.0,1.0,1.0,1.0,1.0,0.0,1.0,0.0,1.0,1.0,0.0,1.0,1.0,0.0,1.0,1.0,0.0,1.0,1.0,0.0,1.0,1.0,1.0,1.0,1.0,0.0,0.0,0.0,0.0,1.0,1.0,1.0,1.0,1.0,1.0,1.0,1.0,1.0,1.0,1.0,1.0,10,0,0.0,0.0,0.0,0.0,0.0,0.0,0.0,0.0,0.0,0.0,0.0,1.0,0.0,0.0,0.0,0.0,0.0,1.0000000356145726,2.166112591183837e-20,2.166112591183837e-20,0.0,0.0,0.0,0,0,0,0,C1,0.0,0.0,-0.00015368960704553736,0.0,0.0,1.0,0.0,0.0,-0.00015368960704553736
phaseflip,bitflip,0.03,2,10,qiskit_aer,1,1,1.0,1.0,0.0,0.0,1.0,1.0,0.0,0.0,2.220446049250313e-16,0.0,2.220446049250313e-16,2.220446049250313e-16,2.220446049250313e-16,2.220446049250313e-16,2.220446049250313e-16,1.0,0.0,0.0,1.0,0.0,1.0,1.0,1.0,0.028046310392954465,0.0,0.028046310392954465,0.028046310392954465,0.028046310392954465,0.028046310392954465,0.028046310392954465,1.0,1.0,0.0,0.0,0.0,1.0,1.0,1.0,0.028046310392954465,0.0,0.028046310392954465,0.028046310392954465,0.028046310392954465,0.028046310392954465,0.028046310392954465,1.0,1.0,0.0,0.0,0.0,1.0,1.0,1.0,0.0,0.0,0.0,0.0,0.0,0.028046310392954465,0.0,0.028046310392954465,0.028046310392954465,0.028046310392954465,0.028046310392954465,0.028046310392954465,1.0,1.0,0.0,0.0,0.0,1.0,1.0,1.0,0.0,0.0,0.0,0.0,0.0,0.028046310392954465,0.0,0.028046310392954465,0.028046310392954465,0.028046310392954465,0.028046310392954465,0.028046310392954465,1.0,1.0,0.0,0.0,0.0,1.0,1.0,1.0,0.0,0.0,0.0,0.0,0.0,0.028046310392954465,0.0,0.028046310392954465,0.028046310392954465,0.028046310392954465,0.028046310392954465,0.028046310392954465,1.0,1.0,0.0,0.0,0.0,1.0,1.0,1.0,0.0,0.0,0.0,0.0,0.0,1.0,1.0,1.0,1.0,1.0,0.0,1.0,0.0,1.0,1.0,0.0,1.0,1.0,0.0,1.0,1.0,0.0,1.0,1.0,0.0,1.0,1.0,1.0,1.0,1.0,0.0,0.0,0.0,0.0,1.0,1.0,1.0,1.0,1.0,1.0,1.0,1.0,1.0,1.0,1.0,1.0,10,0,0.0,0.0,0.0,1.0,0.0,0.0,0.0,0.0,0.0,0.0,0.0,1.0,0.0,0.0,0.0,0.0,0.0,1.0000000592900582,3.1887545362821103e-19,3.1887545362821103e-19,0.0,0.0,0.0,0,0,0,0,C1,0.0,0.0,0.028046310392954465,0.0,1.0,1.0,0.0,0.0,0.028046310392954465
phaseflip,bitflip,0.03,3,10,qiskit_aer,1,1,1.0,1.0,0.0,0.0,1.0,1.0,0.0,0.0,0.0,0.0,0.0,0.0,0.0,0.0,0.0,1.0,1.0,0.0,0.0,0.0,1.0,1.0,1.0,0.05455431039295433,0.0,0.05455431039295433,0.05455431039295433,0.05455431039295433,0.05455431039295433,0.05455431039295433,1.0,1.0,0.0,0.0,0.0,1.0,1.0,1.0,0.05455431039295433,0.0,0.05455431039295433,0.05455431039295433,0.05455431039295433,0.05455431039295433,0.05455431039295433,1.0,1.0,0.0,0.0,0.0,1.0,1.0,1.0,0.0,0.0,0.0,0.0,0.0,0.0,0.0,0.0,0.0,0.0,0.0,0.0,1.0,1.0,0.0,0.0,0.0,1.0,1.0,1.0,0.0,0.05455431039295433,0.5455431039295433,0.05455431039295433,0.05455431039295433,0.0,0.0,0.0,0.0,0.0,0.0,0.0,1.0,1.0,0.0,0.0,0.0,1.0,1.0,1.0,0.0,0.05455431039295433,0.5455431039295433,0.05455431039295433,0.05455431039295433,0.0,0.0,0.0,0.0,0.0,0.0,0.0,1.0,1.0,0.0,0.0,0.0,1.0,1.0,1.0,0.0,0.05455431039295433,0.5455431039295433,0.05455431039295433,0.05455431039295433,1.0,1.0,0.0,0.0,0.0,0.0,1.0,0.0,1.0,0.0,0.0,0.0,0.0,0.0,0.0,0.0,0.0,0.0,0.0,1.0,0.0,0.0,0.0,0.0,0.0,0.0,0.0,0.0,0.0,0.0,0.0,1.0,1.0,1.0,0.0,0.0,0.0,0.0,0.0,0.0,0.0,0,0,0.0,0.0,0.0,0.0,0.0,0.0,0.0,0.0,0.0,0.0,0.0,1.0,0.0,0.0,0.0,0.0,0.0,-0.999999949533079,0.0,0.0,0.0,0.0,0.0,0,0,0,0,C1,0.0,0.0,0.05455431039295433,0.0,1.0,1.0,0.0,0.0,0.05455431039295433
phaseflip,bitflip,0.03,4,10,qiskit_aer,1,1,1.0,1.0,0.0,0.0,1.0,1.0,0.0,0.0,-2.220446049250313e-16,0.0,-2.220446049250313e-16,-2.220446049250313e-16,-2.220446049250313e-16,-2.220446049250313e-16,-2.220446049250313e-16,1.0,1.0,0.0,0.0,0.0,1.0,1.0,1.0,0.07947183039295425,0.0,0.07947183039295425,0.07947183039295425,0.07947183039295425,0.07947183039295425,0.07947183039295425,1.0,1.0,0.0,0.0,0.0,1.0,1.0,1.0,0.07947183039295425,0.0,0.07947183039295425,0.07947183039295425,0.07947183039295425,0.07947183039295425,0.07947183039295425,1.0,1.0,0.0,0.0,0.0,1.0,1.0,1.0,0.0,0.0,0.0,0.0,0.0,-2.220446049250313e-16,0.0,-2.220446049250313e-16,-2.220446049250313e-16,-2.220446049250313e-16,-2.220446049250313e-16,-2.220446049250313e-16,1.0,1.0,0.0,0.0,0.0,1.0,1.0,1.0,0.0,0.07947183039295447,0.7947183039295447,0.07947183039295447,0.07947183039295447,-2.220446049250313e-16,0.0,-2.220446049250313e-16,-2.220446049250313e-16,-2.220446049250313e-16,-2.220446049250313e-16,-2.220446049250313e-16,1.0,1.0,0.0,0.0,0.0,1.0,1.0,1.0,0.0,0.07947183039295447,0.7947183039295447,0.07947183039295447,0.07947183039295447,-2.220446049250313e-16,0.0,-2.220446049250313e-16,-2.220446049250313e-16,-2.220446049250313e-16,-2.220446049250313e-16,-2.220446049250313e-16,1.0,1.0,0.0,0.0,0.0,1.0,1.0,1.0,0.0,0.07947183039295447,0.7947183039295447,0.07947183039295447,0.07947183039295447,1.0,1.0,0.0,0.0,0.0,0.0,1.0,0.0,1.0,0.0,0.0,0.0,0.0,0.0,0.0,0.0,0.0,0.0,0.0,1.0,0.0,0.0,0.0,0.0,0.0,0.0,0.0,0.0,0.0,0.0,0.0,1.0,1.0,1.0,0.0,0.0,0.0,0.0,0.0,0.0,0.0,0,0,0.0,0.0,0.0,0.0,0.0,0.0,0.0,0.0,0.0,0.0,0.0,1.0,0.0,0.0,0.0,0.0,0.0,-0.9999999879788849,0.0,0.0,0.0,0.0,0.0,0,0,0,0,C1,0.0,0.0,0.07947183039295425,0.0,1.0,1.0,0.0,0.0,0.07947183039295425
phaseflip,bitflip,0.05,1,10,qiskit_aer,1,1,1.0,1.0,0.0,0.0,1.0,1.0,0.0,0.0,0.0,0.0,0.0,0.0,0.0,0.0,0.0,1.0,1.0,0.0,0.0,0.0,1.0,1.0,1.0,0.01984631039295437,0.0,0.01984631039295437,0.01984631039295437,0.01984631039295437,0.01984631039295437,0.01984631039295437,1.0,1.0,0.0,0.0,0.0,1.0,1.0,1.0,0.0,0.0,0.0,0.0,0.0,0.0,0.0,1.0,1.0,0.0,0.0,0.0,1.0,1.0,1.0,0.0,0.01984631039295437,0.1984631039295437,0.01984631039295437,0.01984631039295437,0.0,0.0,0.0,0.0,0.0,0.0,0.0,1.0,1.0,0.0,0.0,0.0,1.0,1.0,1.0,0.0,0.01984631039295437,0.1984631039295437,0.01984631039295437,0.01984631039295437,0.0,0.0,0.0,0.0,0.0,0.0,0.0,1.0,1.0,0.0,0.0,0.0,1.0,1.0,1.0,0.0,0.01984631039295437,0.1984631039295437,0.01984631039295437,0.01984631039295437,0.0,0.0,0.0,0.0,0.0,0.0,0.0,1.0,1.0,0.0,0.0,0.0,1.0,1.0,1.0,0.0,0.01984631039295437,0.1984631039295437,0.01984631039295437,0.01984631039295437,1.0,0.0,0.0,0.0,0.0,0.0,0.0,0.0,0.0,0.0,0.0,0.0,0.0,0.0,0.0,0.0,0.0,0.0,0.0,0.0,0.0,0.0,0.0,0.0,0.0,0.0,0.0,0.0,0.0,0.0,0.0,1.0,1.0,1.0,0.0,0.0,0.0,0.0,0.0,0.0,0.0,0,0,0.0,0.0,0.0,0.0,0.0,0.0,0.0,0.0,0.0,0.0,0.0,1.0,0.0,0.0,0.0,0.0,0.0,-1.0,0.0,0.0,0.0,0.0,0.0,0,0,0,0,C1,0.0,0.0,0.0,0.0,1.0,0.0,0.0,0.0,0.0
phaseflip,bitflip,0.05,2,10,qiskit_aer,1,1,1.0,1.0,0.0,0.0,1.0,1.0,0.0,0.0,2.220446049250313e-16,0.0,2.220446049250313e-16,2.220446049250313e-16,2.220446049250313e-16,2.220446049250313e-16,2.220446049250313e-16,1.0,1.0,0.0,0.0,0.0,1.0,1.0,1.0,0.06484631039295452,0.0,0.06484631039295452,0.06484631039295452,0.06484631039295452,0.06484631039295452,0.06484631039295452,1.0,1.0,0.0,0.0,0.0,1.0,1.0,1.0,2.220446049250313e-16,0.0,2.220446049250313e-16,2.220446049250313e-16,2.220446049250313e-16,2.220446049250313e-16,2.220446049250313e-16,1.0,1.0,0.0,0.0,0.0,1.0,1.0,1.0,0.0,0.0648463103929543,0.648463103929543,0.0648463103929543,0.0648463103929543,2.220446049250313e-16,0.0,2.220446049250313e-16,2.220446049250313e-16,2.220446049250313e-16,2.220446049250313e-16,2.220446049250313e-16,1.0,1.0,0.0,0.0,0.0,1.0,1.0,1.0,0.0,0.0648463103929543,0.648463103929543,0.0648463103929543,0.0648463103929543,2.220446049250313e-16,0.0,2.220446049250313e-16,2.220446049250313e-16,2.220446049250313e-16,2.220446049250313e-16,2.220446049250313e-16,1.0,1.0,0.0,0.0,0.0,1.0,1.0,1.0,0.0,0.0648463103929543,0.648463103929543,0.0648463103929543,0.0648463103929543,2.220446049250313e-16,0.0,2.220446049250313e-16,2.220446049250313e-16,2.220446049250313e-16,2.220446049250313e-16,2.220446049250313e-16,1.0,1.0,0.0,0.0,0.0,1.0,1.0,1.0,0.0,0.0648463103929543,0.648463103929543,0.0648463103929543,0.0648463103929543,1.0,0.0,0.0,0.0,0.0,0.0,0.0,0.0,0.0,0.0,0.0,0.0,0.0,0.0,0.0,0.0,0.0,0.0,0.0,0.0,0.0,0.0,0.0,0.0,0.0,0.0,0.0,0.0,0.0,0.0,0.0,1.0,1.0,1.0,0.0,0.0,0.0,0.0,0.0,0.0,0.0,0,0,0.0,0.0,0.0,0.0,0.0,0.0,0.0,0.0,0.0,0.0,0.0,1.0,0.0,0.0,0.0,0.0,0.0,-1.0,0.0,0.0,0.0,0.0,0.0,0,0,0,0,C1,0.0,0.0,2.220446049250313e-16,0.0,1.0,0.0,0.0,0.0,2.220446049250313e-16
phaseflip,bitflip,0.05,3,10,qiskit_aer,1,1,1.0,1.0,0.0,0.0,1.0,1.0,0.0,0.0,-1.887379141862766e-16,5.087681048627601e-17,-2.220446049250313e-16,-2.220446049250313e-16,-1.3877787807814457e-16,-2.220446049250313e-16,-1.887379141862766e-16,1.0,1.0,0.0,0.0,0.0,1.0,1.0,1.0,0.10534631039295442,5.155369359468229e-17,0.10534631039295439,0.10534631039295439,0.10534631039295447,0.10534631039295439,0.10534631039295443,1.0,1.0,0.0,0.0,0.0,1.0,1.0,1.0,-1.887379141862766e-16,5.087681048627601e-17,-2.220446049250313e-16,-2.220446049250313e-16,-1.3877787807814457e-16,-2.220446049250313e-16,-1.887379141862766e-16,1.0,1.0,0.0,0.0,0.0,1.0,1.0,1.0,0.0,0.10534631039295461,1.0534631039295461,0.10534631039295461,0.10534631039295461,-1.887379141862766e-16,5.087681048627601e-17,-2.220446049250313e-16,-2.220446049250313e-16,-1.3877787807814457e-16,-2.220446049250313e-16,-1.887379141862766e-16,1.0,1.0,0.0,0.0,0.0,1.0,1.0,1.0,0.0,0.10534631039295461,1.0534631039295461,0.10534631039295461,0.10534631039295461,-1.887379141862766e-16,5.087681048627601e-17,-2.220446049250313e-16,-2.220446049250313e-16,-1.3877787807814457e-16,-2.220446049250313e-16,-1.887379141862766e-16,1.0,1.0,0.0,0.0,0.0,1.0,1.0,1.0,0.0,0.10534631039295461,1.0534631039295461,0.10534631039295461,0.10534631039295461,-1.887379141862766e-16,5.087681048627601e-17,-2.220446049250313e-16,-2.220446049250313e-16,-1.3877787807814457e-16,-2.220446049250313e-16,-1.887379141862766e-16,1.0,1.0,0.0,0.0,0.0,1.0,1.0,1.0,0.0,0.10534631039295461,1.0534631039295461,0.10534631039295461,0.10534631039295461,1.0,0.0,0.0,0.0,0.0,0.0,0.0,0.0,0.0,0.0,0.0,0.0,0.0,0.0,0.0,0.0,0.0,0.0,0.0,0.0,0.0,0.0,0.0,0.0,0.0,0.0,0.0,0.0,0.0,0.0,0.0,1.0,1.0,1.0,0.0,0.0,0.0,0.0,0.0,0.0,0.0,0,0,0.0,0.0,0.0,0.0,0.0,0.0,0.0,0.0,0.0,0.0,0.0,1.0,0.0,0.0,0.0,0.0,0.0,-1.0,0.0,0.0,0.0,0.0,0.0,0,0,0,0,C1,0.0,0.0,-1.887379141862766e-16,0.0,1.0,0.0,0.0,0.0,-1.887379141862766e-16
phaseflip,bitflip,0.05,4,10,qiskit_aer,1,1,1.0,1.0,0.0,0.0,1.0,1.0,0.0,0.0,-9.992007221626409e-17,1.0473823066688542e-16,-5.551115123125783e-17,-2.220446049250313e-16,0.0,-2.220446049250313e-16,-9.992007221626409e-17,1.0,1.0,0.0,0.0,0.0,1.0,1.0,1.0,0.14179631039295448,0.0,0.14179631039295448,0.14179631039295448,0.14179631039295448,0.14179631039295448,0.14179631039295448,1.0,1.0,0.0,0.0,0.0,1.0,1.0,1.0,0.14179631039295448,0.0,0.14179631039295448,0.14179631039295448,0.14179631039295448,0.14179631039295448,0.14179631039295448,1.0,1.0,0.0,0.0,0.0,1.0,1.0,1.0,0.0,0.0,0.0,0.0,0.0,-9.992007221626409e-17,1.0473823066688542e-16,-5.551115123125783e-17,-2.220446049250313e-16,0.0,-2.220446049250313e-16,-9.992007221626409e-17,1.0,1.0,0.0,0.0,0.0,1.0,1.0,1.0,0.0,0.1417963103929546,1.417963103929546,0.1417963103929547,0.1417963103929546,-9.992007221626409e-17,1.0473823066688542e-16,-5.551115123125783e-17,-2.220446049250313e-16,0.0,-2.220446049250313e-16,-9.992007221626409e-17,1.0,1.0,0.0,0.0,0.0,1.0,1.0,1.0,0.0,0.1417963103929546,1.417963103929546,0.1417963103929547,0.1417963103929546,-9.992007221626409e-17,1.0473823066688542e-16,-5.551115123125783e-17,-2.220446049250313e-16,0.0,-2.220446049250313e-16,-9.992007221626409e-17,1.0,1.0,0.0,0.0,0.0,1.0,1.0,1.0,0.0,0.1417963103929546,1.417963103929546,0.1417963103929547,0.1417963103929546,1.0,1.0,0.0,0.0,0.0,0.0,1.0,0.0,1.0,0.0,0.0,0.0,0.0,0.0,0.0,0.0,0.0,0.0,0.0,1.0,0.0,0.0,0.0,0.0,0.0,0.0,0.0,0.0,0.0,0.0,0.0,1.0,1.0,1.0,0.0,0.0,0.0,0.0,0.0,0.0,0.0,0,0,0.0,0.0,0.0,0.0,0.0,0.0,0.0,0.0,0.0,0.0,0.0,1.0,0.0,0.0,0.0,0.0,0.0,-0.9999999281643386,0.0,0.0,0.0,0.0,0.0,0,0,0,0,C1,0.0,0.0,0.14179631039295448,0.0,1.0,1.0,0.0,0.0,0.14179631039295448
phaseflip,bitflip,0.1,1,10,qiskit_aer,1,1,1.0,1.0,0.0,0.0,1.0,1.0,0.0,0.0,0.0,0.0,0.0,0.0,0.0,0.0,0.0,1.0,1.0,0.0,0.0,0.0,1.0,1.0,1.0,0.06984631039295408,0.0,0.06984631039295408,0.06984631039295408,0.06984631039295408,0.06984631039295408,0.06984631039295408,1.0,1.0,0.0,0.0,0.0,1.0,1.0,1.0,0.06984631039295408,0.0,0.06984631039295408,0.06984631039295408,0.06984631039295408,0.06984631039295408,0.06984631039295408,1.0,1.0,0.0,0.0,0.0,1.0,1.0,1.0,0.0,0.0,0.0,0.0,0.0,0.0,0.0,0.0,0.0,0.0,0.0,0.0,1.0,1.0,0.0,0.0,0.0,1.0,1.0,1.0,0.0,0.06984631039295408,0.6984631039295408,0.06984631039295408,0.06984631039295408,0.0,0.0,0.0,0.0,0.0,0.0,0.0,1.0,1.0,0.0,0.0,0.0,1.0,1.0,1.0,0.0,0.06984631039295408,0.6984631039295408,0.06984631039295408,0.06984631039295408,0.0,0.0,0.0,0.0,0.0,0.0,0.0,1.0,1.0,0.0,0.0,0.0,1.0,1.0,1.0,0.0,0.06984631039295408,0.6984631039295408,0.06984631039295408,0.06984631039295408,1.0,1.0,0.0,0.0,0.0,0.0,1.0,0.0,1.0,0.0,0.0,0.0,0.0,0.0,0.0,0.0,0.0,0.0,0.0,1.0,0.0,0.0,0.0,0.0,0.0,0.0,0.0,0.0,0.0,0.0,0.0,1.0,1.0,1.0,0.0,0.0,0.0,0.0,0.0,0.0,0.0,0,0,0.0,0.0,0.0,0.0,0.0,0.0,0.0,0.0,0.0,0.0,0.0,1.0,0.0,0.0,0.0,0.0,0.0,-0.9999999246028822,0.0,0.0,0.0,0.0,0.0,0,0,0,0,C1,0.0,0.0,0.06984631039295408,0.0,1.0,1.0,0.0,0.0,0.06984631039295408
phaseflip,bitflip,0.1,2,10,qiskit_aer,1,1,1.0,1.0,0.0,0.0,1.0,1.0,0.0,0.0,-2.220446049250313e-16,0.0,-2.220446049250313e-16,-2.220446049250313e-16,-2.220446049250313e-16,-2.220446049250313e-16,-2.220446049250313e-16,1.0,1.0,0.0,0.0,0.0,1.0,1.0,1.0,0.14984631039295437,0.0,0.14984631039295437,0.14984631039295437,0.14984631039295437,0.14984631039295437,0.14984631039295437,1.0,1.0,0.0,0.0,0.0,1.0,1.0,1.0,-2.220446049250313e-16,0.0,-2.220446049250313e-16,-2.220446049250313e-16,-2.220446049250313e-16,-2.220446049250313e-16,-2.220446049250313e-16,1.0,1.0,0.0,0.0,0.0,1.0,1.0,1.0,0.0,0.1498463103929546,1.498463103929546,0.1498463103929546,0.1498463103929546,-2.220446049250313e-16,0.0,-2.220446049250313e-16,-2.220446049250313e-16,-2.220446049250313e-16,-2.220446049250313e-16,-2.220446049250313e-16,1.0,1.0,0.0,0.0,0.0,1.0,1.0,1.0,0.0,0.1498463103929546,1.498463103929546,0.1498463103929546,0.1498463103929546,-2.220446049250313e-16,0.0,-2.220446049250313e-16,-2.220446049250313e-16,-2.220446049250313e-16,-2.220446049250313e-16,-2.220446049250313e-16,1.0,1.0,0.0,0.0,0.0,1.0,1.0,1.0,0.0,0.1498463103929546,1.498463103929546,0.1498463103929546,0.1498463103929546,-2.220446049250313e-16,0.0,-2.220446049250313e-16,-2.220446049250313e-16,-2.220446049250313e-16,-2.220446049250313e-16,-2.220446049250313e-16,1.0,1.0,0.0,0.0,0.0,1.0,1.0,1.0,0.0,0.1498463103929546,1.498463103929546,0.1498463103929546,0.1498463103929546,1.0,0.0,0.0,0.0,0.0,0.0,0.0,0.0,0.0,0.0,0.0,0.0,0.0,0.0,0.0,0.0,0.0,0.0,0.0,0.0,0.0,0.0,0.0,0.0,0.0,0.0,0.0,0.0,0.0,0.0,0.0,1.0,1.0,1.0,0.0,0.0,0.0,0.0,0.0,0.0,0.0,0,0,0.0,0.0,0.0,0.0,0.0,0.0,0.0,0.0,0.0,0.0,0.0,1.0,0.0,0.0,0.0,0.0,0.0,-1.0,0.0,0.0,0.0,0.0,0.0,0,0,0,0,C1,0.0,0.0,-2.220446049250313e-16,0.0,1.0,0.0,0.0,0.0,-2.220446049250313e-16
phaseflip,bitflip,0.1,3,10,qiskit_aer,1,1,1.0,1.0,0.0,0.0,1.0,1.0,0.0,0.0,2.220446049250313e-16,0.0,2.220446049250313e-16,2.220446049250313e-16,2.220446049250313e-16,2.220446049250313e-16,2.220446049250313e-16,1.0,1.0,0.0,0.0,0.0,1.0,1.0,1.0,0.21384631039295443,0.0,0.21384631039295443,0.21384631039295443,0.21384631039295443,0.21384631039295443,0.21384631039295443,1.0,1.0,0.0,0.0,0.0,1.0,1.0,1.0,2.220446049250313e-16,0.0,2.220446049250313e-16,2.220446049250313e-16,2.220446049250313e-16,2.220446049250313e-16,2.220446049250313e-16,1.0,1.0,0.0,0.0,0.0,1.0,1.0,1.0,0.0,0.2138463103929542,2.138463103929542,0.2138463103929542,0.2138463103929542,2.220446049250313e-16,0.0,2.220446049250313e-16,2.220446049250313e-16,2.220446049250313e-16,2.220446049250313e-16,2.220446049250313e-16,1.0,1.0,0.0,0.0,0.0,1.0,1.0,1.0,0.0,0.2138463103929542,2.138463103929542,0.2138463103929542,0.2138463103929542,2.220446049250313e-16,0.0,2.220446049250313e-16,2.220446049250313e-16,2.220446049250313e-16,2.220446049250313e-16,2.220446049250313e-16,1.0,1.0,0.0,0.0,0.0,1.0,1.0,1.0,0.0,0.2138463103929542,2.138463103929542,0.2138463103929542,0.2138463103929542,2.220446049250313e-16,0.0,2.220446049250313e-16,2.220446049250313e-16,2.220446049250313e-16,2.220446049250313e-16,2.220446049250313e-16,1.0,1.0,0.0,0.0,0.0,1.0,1.0,1.0,0.0,0.2138463103929542,2.138463103929542,0.2138463103929542,0.2138463103929542,1.0,0.0,0.0,0.0,0.0,0.0,0.0,0.0,0.0,0.0,0.0,0.0,0.0,0.0,0.0,0.0,0.0,0.0,0.0,0.0,0.0,0.0,0.0,0.0,0.0,0.0,0.0,0.0,0.0,0.0,0.0,1.0,1.0,1.0,0.0,0.0,0.0,0.0,0.0,0.0,0.0,0,0,0.0,0.0,0.0,0.0,0.0,0.0,0.0,0.0,0.0,0.0,0.0,1.0,0.0,0.0,0.0,0.0,0.0,-1.0,0.0,0.0,0.0,0.0,0.0,0,0,0,0,C1,0.0,0.0,2.220446049250313e-16,0.0,1.0,0.0,0.0,0.0,2.220446049250313e-16
phaseflip,bitflip,0.1,4,10,qiskit_aer,1,1,1.0,1.0,0.0,0.0,1.0,1.0,0.0,0.0,5.551115123125783e-16,0.0,5.551115123125783e-16,5.551115123125783e-16,5.551115123125783e-16,5.551115123125783e-16,5.551115123125783e-16,1.0,1.0,0.0,0.0,0.0,1.0,1.0,1.0,0.26504631039295456,5.551115123125783e-17,0.26504631039295456,0.26504631039295456,0.26504631039295456,0.26504631039295456,0.2650463103929546,1.0,1.0,0.0,0.0,0.0,1.0,1.0,1.0,5.551115123125783e-16,0.0,5.551115123125783e-16,5.551115123125783e-16,5.551115123125783e-16,5.551115123125783e-16,5.551115123125783e-16,1.0,1.0,0.0,0.0,0.0,1.0,1.0,1.0,0.0,0.265046310392954,2.6504631039295394,0.265046310392954,0.265046310392954,5.551115123125783e-16,0.0,5.551115123125783e-16,5.551115123125783e-16,5.551115123125783e-16,5.551115123125783e-16,5.551115123125783e-16,1.0,1.0,0.0,0.0,0.0,1.0,1.0,1.0,0.0,0.265046310392954,2.6504631039295394,0.265046310392954,0.265046310392954,5.551115123125783e-16,0.0,5.551115123125783e-16,5.551115123125783e-16,5.551115123125783e-16,5.551115123125783e-16,5.551115123125783e-16,1.0,1.0,0.0,0.0,0.0,1.0,1.0,1.0,0.0,0.265046310392954,2.6504631039295394,0.265046310392954,0.265046310392954,5.551115123125783e-16,0.0,5.551115123125783e-16,5.551115123125783e-16,5.551115123125783e-16,5.551115123125783e-16,5.551115123125783e-16,1.0,1.0,0.0,0.0,0.0,1.0,1.0,1.0,0.0,0.265046310392954,2.6504631039295394,0.265046310392954,0.265046310392954,1.0,0.0,0.0,0.0,0.0,0.0,0.0,0.0,0.0,0.0,0.0,0.0,0.0,0.0,0.0,0.0,0.0,0.0,0.0,0.0,0.0,0.0,0.0,0.0,0.0,0.0,0.0,0.0,0.0,0.0,0.0,1.0,1.0,1.0,0.0,0.0,0.0,0.0,0.0,0.0,0.0,0,0,0.0,0.0,0.0,0.0,0.0,0.0,0.0,0.0,0.0,0.0,0.0,1.0,0.0,0.0,0.0,0.0,0.0,-1.0,0.0,0.0,0.0,0.0,0.0,0,0,0,0,C1,0.0,0.0,5.551115123125783e-16,0.0,1.0,0.0,0.0,0.0,5.551115123125783e-16
phaseflip,bitflip,0.15,1,10,qiskit_aer,1,1,1.0,1.0,0.0,0.0,1.0,1.0,0.0,0.0,-1.1102230246251565e-16,0.0,-1.1102230246251565e-16,-1.1102230246251565e-16,-1.1102230246251565e-16,-1.1102230246251565e-16,-1.1102230246251565e-16,1.0,1.0,0.0,0.0,0.0,1.0,1.0,1.0,0.11984631039295435,0.0,0.11984631039295435,0.11984631039295435,0.11984631039295435,0.11984631039295435,0.11984631039295435,1.0,1.0,0.0,0.0,0.0,1.0,1.0,1.0,-1.1102230246251565e-16,0.0,-1.1102230246251565e-16,-1.1102230246251565e-16,-1.1102230246251565e-16,-1.1102230246251565e-16,-1.1102230246251565e-16,1.0,1.0,0.0,0.0,0.0,1.0,1.0,1.0,0.0,0.11984631039295446,1.1984631039295444,0.11984631039295446,0.11984631039295443,-1.1102230246251565e-16,0.0,-1.1102230246251565e-16,-1.1102230246251565e-16,-1.1102230246251565e-16,-1.1102230246251565e-16,-1.1102230246251565e-16,1.0,1.0,0.0,0.0,0.0,1.0,1.0,1.0,0.0,0.11984631039295446,1.1984631039295444,0.11984631039295446,0.11984631039295443,-1.1102230246251565e-16,0.0,-1.1102230246251565e-16,-1.1102230246251565e-16,-1.1102230246251565e-16,-1.1102230246251565e-16,-1.1102230246251565e-16,1.0,1.0,0.0,0.0,0.0,1.0,1.0,1.0,0.0,0.11984631039295446,1.1984631039295444,0.11984631039295446,0.11984631039295443,-1.1102230246251565e-16,0.0,-1.1102230246251565e-16,-1.1102230246251565e-16,-1.1102230246251565e-16,-1.1102230246251565e-16,-1.1102230246251565e-16,1.0,1.0,0.0,0.0,0.0,1.0,1.0,1.0,0.0,0.11984631039295446,1.1984631039295444,0.11984631039295446,0.11984631039295443,1.0,0.0,0.0,0.0,0.0,0.0,0.0,0.0,0.0,0.0,0.0,0.0,0.0,0.0,0.0,0.0,0.0,0.0,0.0,0.0,0.0,0.0,0.0,0.0,0.0,0.0,0.0,0.0,0.0,0.0,0.0,1.0,1.0,1.0,0.0,0.0,0.0,0.0,0.0,0.0,0.0,0,0,0.0,0.0,0.0,0.0,0.0,0.0,0.0,0.0,0.0,0.0,0.0,1.0,0.0,0.0,0.0,0.0,0.0,-1.0,0.0,0.0,0.0,0.0,0.0,0,0,0,0,C1,0.0,0.0,-1.1102230246251565e-16,0.0,1.0,0.0,0.0,0.0,-1.1102230246251565e-16
phaseflip,bitflip,0.15,2,10,qiskit_aer,1,1,1.0,1.0,0.0,0.0,1.0,1.0,0.0,0.0,-2.220446049250313e-16,0.0,-2.220446049250313e-16,-2.220446049250313e-16,-2.220446049250313e-16,-2.220446049250313e-16,-2.220446049250313e-16,1.0,1.0,0.0,0.0,0.0,1.0,1.0,1.0,0.22484631039295433,0.0,0.22484631039295433,0.22484631039295433,0.22484631039295433,0.22484631039295433,0.22484631039295433,1.0,1.0,0.0,0.0,0.0,1.0,1.0,1.0,-2.220446049250313e-16,0.0,-2.220446049250313e-16,-2.220446049250313e-16,-2.220446049250313e-16,-2.220446049250313e-16,-2.220446049250313e-16,1.0,1.0,0.0,0.0,0.0,1.0,1.0,1.0,0.0,0.22484631039295455,2.248463103929545,0.22484631039295455,0.2248463103929545,-2.220446049250313e-16,0.0,-2.220446049250313e-16,-2.220446049250313e-16,-2.220446049250313e-16,-2.220446049250313e-16,-2.220446049250313e-16,1.0,1.0,0.0,0.0,0.0,1.0,1.0,1.0,0.0,0.22484631039295455,2.248463103929545,0.22484631039295455,0.2248463103929545,-2.220446049250313e-16,0.0,-2.220446049250313e-16,-2.220446049250313e-16,-2.220446049250313e-16,-2.220446049250313e-16,-2.220446049250313e-16,1.0,1.0,0.0,0.0,0.0,1.0,1.0,1.0,0.0,0.22484631039295455,2.248463103929545,0.22484631039295455,0.2248463103929545,-2.220446049250313e-16,0.0,-2.220446049250313e-16,-2.220446049250313e-16,-2.220446049250313e-16,-2.220446049250313e-16,-2.220446049250313e-16,1.0,1.0,0.0,0.0,0.0,1.0,1.0,1.0,0.0,0.22484631039295455,2.248463103929545,0.22484631039295455,0.2248463103929545,1.0,0.0,0.0,0.0,0.0,0.0,0.0,0.0,0.0,0.0,0.0,0.0,0.0,0.0,0.0,0.0,0.0,0.0,0.0,0.0,0.0,0.0,0.0,0.0,0.0,0.0,0.0,0.0,0.0,0.0,0.0,1.0,1.0,1.0,0.0,0.0,0.0,0.0,0.0,0.0,0.0,0,0,0.0,0.0,0.0,0.0,0.0,0.0,0.0,0.0,0.0,0.0,0.0,1.0,0.0,0.0,0.0,0.0,0.0,-1.0,0.0,0.0,0.0,0.0,0.0,0,0,0,0,C1,0.0,0.0,-2.220446049250313e-16,0.0,1.0,0.0,0.0,0.0,-2.220446049250313e-16
phaseflip,bitflip,0.15,3,10,qiskit_aer,1,1,1.0,1.0,0.0,0.0,1.0,1.0,0.0,0.0,1.1102230246251565e-16,0.0,1.1102230246251565e-16,1.1102230246251565e-16,1.1102230246251565e-16,1.1102230246251565e-16,1.1102230246251565e-16,1.0,1.0,0.0,0.0,0.0,1.0,1.0,1.0,0.29834631039295423,5.551115123125783e-17,0.29834631039295423,0.29834631039295423,0.29834631039295423,0.29834631039295423,0.2983463103929543,1.0,1.0,0.0,0.0,0.0,1.0,1.0,1.0,1.1102230246251565e-16,0.0,1.1102230246251565e-16,1.1102230246251565e-16,1.1102230246251565e-16,1.1102230246251565e-16,1.1102230246251565e-16,1.0,1.0,0.0,0.0,0.0,1.0,1.0,1.0,0.0,0.2983463103929541,2.9834631039295405,0.2983463103929541,0.2983463103929541,1.1102230246251565e-16,0.0,1.1102230246251565e-16,1.1102230246251565e-16,1.1102230246251565e-16,1.1102230246251565e-16,1.1102230246251565e-16,1.0,1.0,0.0,0.0,0.0,1.0,1.0,1.0,0.0,0.2983463103929541,2.9834631039295405,0.2983463103929541,0.2983463103929541,1.1102230246251565e-16,0.0,1.1102230246251565e-16,1.1102230246251565e-16,1.1102230246251565e-16,1.1102230246251565e-16,1.1102230246251565e-16,1.0,1.0,0.0,0.0,0.0,1.0,1.0,1.0,0.0,0.2983463103929541,2.9834631039295405,0.2983463103929541,0.2983463103929541,1.1102230246251565e-16,0.0,1.1102230246251565e-16,1.1102230246251565e-16,1.1102230246251565e-16,1.1102230246251565e-16,1.1102230246251565e-16,1.0,1.0,0.0,0.0,0.0,1.0,1.0,1.0,0.0,0.2983463103929541,2.9834631039295405,0.2983463103929541,0.2983463103929541,1.0,0.0,0.0,0.0,0.0,0.0,0.0,0.0,0.0,0.0,0.0,0.0,0.0,0.0,0.0,0.0,0.0,0.0,0.0,0.0,0.0,0.0,0.0,0.0,0.0,0.0,0.0,0.0,0.0,0.0,0.0,1.0,1.0,1.0,0.0,0.0,0.0,0.0,0.0,0.0,0.0,0,0,0.0,0.0,0.0,0.0,0.0,0.0,0.0,0.0,0.0,0.0,0.0,1.0,0.0,0.0,0.0,0.0,0.0,-1.0,0.0,0.0,0.0,0.0,0.0,0,0,0,0,C1,0.0,0.0,1.1102230246251565e-16,0.0,1.0,0.0,0.0,0.0,1.1102230246251565e-16
phaseflip,bitflip,0.15,4,10,qiskit_aer,1,1,1.0,1.0,0.0,0.0,1.0,1.0,0.0,0.0,-3.3306690738754696e-16,0.0,-3.3306690738754696e-16,-3.3306690738754696e-16,-3.3306690738754696e-16,-3.3306690738754696e-16,-3.3306690738754696e-16,1.0,0.0,0.0,1.0,0.0,1.0,1.0,1.0,0.34979631039295433,0.0,0.34979631039295433,0.34979631039295433,0.34979631039295433,0.34979631039295433,0.34979631039295433,1.0,1.0,0.0,0.0,0.0,1.0,1.0,1.0,0.34979631039295433,0.0,0.34979631039295433,0.34979631039295433,0.34979631039295433,0.34979631039295433,0.34979631039295433,1.0,1.0,0.0,0.0,0.0,1.0,1.0,1.0,0.0,0.0,0.0,0.0,0.0,0.34979631039295433,0.0,0.34979631039295433,0.34979631039295433,0.34979631039295433,0.34979631039295433,0.34979631039295433,1.0,1.0,0.0,0.0,0.0,1.0,1.0,1.0,0.0,0.0,0.0,0.0,0.0,0.34979631039295433,0.0,0.34979631039295433,0.34979631039295433,0.34979631039295433,0.34979631039295433,0.34979631039295433,1.0,1.0,0.0,0.0,0.0,1.0,1.0,1.0,0.0,0.0,0.0,0.0,0.0,0.34979631039295433,0.0,0.34979631039295433,0.34979631039295433,0.34979631039295433,0.34979631039295433,0.34979631039295433,1.0,1.0,0.0,0.0,0.0,1.0,1.0,1.0,0.0,0.0,0.0,0.0,0.0,1.0,1.0,1.0,1.0,1.0,0.0,1.0,0.0,1.0,1.0,0.0,1.0,1.0,0.0,1.0,1.0,0.0,1.0,1.0,0.0,1.0,1.0,1.0,1.0,1.0,0.0,0.0,0.0,0.0,1.0,1.0,1.0,1.0,1.0,1.0,1.0,1.0,1.0,1.0,1.0,1.0,10,0,0.0,0.0,0.0,1.0,0.0,0.0,0.0,0.0,0.0,0.0,0.0,1.0,0.0,0.0,0.0,0.0,0.0,1.0000000356145726,2.166112591183837e-20,2.166112591183837e-20,0.0,0.0,0.0,0,0,0,0,C1,0.0,0.0,0.34979631039295433,0.0,1.0,1.0,0.0,0.0,0.34979631039295433
phaseflip,bitflip,0.2,1,10,qiskit_aer,1,1,1.0,1.0,0.0,0.0,1.0,1.0,0.0,0.0,2.220446049250313e-16,0.0,2.220446049250313e-16,2.220446049250313e-16,2.220446049250313e-16,2.220446049250313e-16,2.220446049250313e-16,1.0,1.0,0.0,0.0,0.0,1.0,1.0,1.0,0.1698463103929544,0.0,0.1698463103929544,0.1698463103929544,0.1698463103929544,0.1698463103929544,0.1698463103929544,1.0,1.0,0.0,0.0,0.0,1.0,1.0,1.0,0.1698463103929544,0.0,0.1698463103929544,0.1698463103929544,0.1698463103929544,0.1698463103929544,0.1698463103929544,1.0,1.0,0.0,0.0,0.0,1.0,1.0,1.0,0.0,0.0,0.0,0.0,0.0,2.220446049250313e-16,0.0,2.220446049250313e-16,2.220446049250313e-16,2.220446049250313e-16,2.220446049250313e-16,2.220446049250313e-16,1.0,1.0,0.0,0.0,0.0,1.0,1.0,1.0,0.0,0.16984631039295417,1.6984631039295417,0.16984631039295417,0.16984631039295417,2.220446049250313e-16,0.0,2.220446049250313e-16,2.220446049250313e-16,2.220446049250313e-16,2.220446049250313e-16,2.220446049250313e-16,1.0,1.0,0.0,0.0,0.0,1.0,1.0,1.0,0.0,0.16984631039295417,1.6984631039295417,0.16984631039295417,0.16984631039295417,2.220446049250313e-16,0.0,2.220446049250313e-16,2.220446049250313e-16,2.220446049250313e-16,2.220446049250313e-16,2.220446049250313e-16,1.0,1.0,0.0,0.0,0.0,1.0,1.0,1.0,0.0,0.16984631039295417,1.6984631039295417,0.16984631039295417,0.16984631039295417,1.0,1.0,0.0,0.0,0.0,0.0,1.0,0.0,1.0,0.0,0.0,0.0,0.0,0.0,0.0,0.0,0.0,0.0,0.0,1.0,0.0,0.0,0.0,0.0,0.0,0.0,0.0,0.0,0.0,0.0,0.0,1.0,1.0,1.0,0.0,0.0,0.0,0.0,0.0,0.0,0.0,0,0,0.0,0.0,0.0,0.0,0.0,0.0,0.0,0.0,0.0,0.0,0.0,1.0,0.0,0.0,0.0,0.0,0.0,-0.9999999246028822,0.0,0.0,0.0,0.0,0.0,0,0,0,0,C1,0.0,0.0,0.1698463103929544,0.0,1.0,1.0,0.0,0.0,0.1698463103929544
phaseflip,bitflip,0.2,2,10,qiskit_aer,1,1,1.0,1.0,0.0,0.0,1.0,1.0,0.0,0.0,-1.1102230246251565e-16,0.0,-1.1102230246251565e-16,-1.1102230246251565e-16,-1.1102230246251565e-16,-1.1102230246251565e-16,-1.1102230246251565e-16,1.0,1.0,0.0,0.0,0.0,1.0,1.0,1.0,0.2898463103929544,0.0,0.2898463103929544,0.2898463103929544,0.2898463103929544,0.2898463103929544,0.2898463103929544,1.0,1.0,0.0,0.0,0.0,1.0,1.0,1.0,-1.1102230246251565e-16,0.0,-1.1102230246251565e-16,-1.1102230246251565e-16,-1.1102230246251565e-16,-1.1102230246251565e-16,-1.1102230246251565e-16,1.0,1.0,0.0,0.0,0.0,1.0,1.0,1.0,0.0,0.2898463103929545,2.8984631039295454,0.2898463103929545,0.28984631039295455,-1.1102230246251565e-16,0.0,-1.1102230246251565e-16,-1.1102230246251565e-16,-1.1102230246251565e-16,-1.1102230246251565e-16,-1.1102230246251565e-16,1.0,1.0,0.0,0.0,0.0,1.0,1.0,1.0,0.0,0.2898463103929545,2.8984631039295454,0.2898463103929545,0.28984631039295455,-1.1102230246251565e-16,0.0,-1.1102230246251565e-16,-1.1102230246251565e-16,-1.1102230246251565e-16,-1.1102230246251565e-16,-1.1102230246251565e-16,1.0,1.0,0.0,0.0,0.0,1.0,1.0,1.0,0.0,0.2898463103929545,2.8984631039295454,0.2898463103929545,0.28984631039295455,-1.1102230246251565e-16,0.0,-1.1102230246251565e-16,-1.1102230246251565e-16,-1.1102230246251565e-16,-1.1102230246251565e-16,-1.1102230246251565e-16,1.0,1.0,0.0,0.0,0.0,1.0,1.0,1.0,0.0,0.2898463103929545,2.8984631039295454,0.2898463103929545,0.28984631039295455,1.0,0.0,0.0,0.0,0.0,0.0,0.0,0.0,0.0,0.0,0.0,0.0,0.0,0.0,0.0,0.0,0.0,0.0,0.0,0.0,0.0,0.0,0.0,0.0,0.0,0.0,0.0,0.0,0.0,0.0,0.0,1.0,1.0,1.0,0.0,0.0,0.0,0.0,0.0,0.0,0.0,0,0,0.0,0.0,0.0,0.0,0.0,0.0,0.0,0.0,0.0,0.0,0.0,1.0,0.0,0.0,0.0,0.0,0.0,-1.0,0.0,0.0,0.0,0.0,0.0,0,0,0,0,C1,0.0,0.0,-1.1102230246251565e-16,0.0,1.0,0.0,0.0,0.0,-1.1102230246251565e-16
phaseflip,bitflip,0.2,3,10,qiskit_aer,1,1,1.0,1.0,0.0,0.0,1.0,1.0,0.0,0.0,3.774758283725532e-16,1.0175362097255204e-16,4.440892098500626e-16,2.7755575615628914e-16,4.440892098500626e-16,2.220446049250313e-16,3.774758283725532e-16,1.0,1.0,0.0,0.0,0.0,1.0,1.0,1.0,0.3618463103929545,1.1102230246251565e-16,0.36184631039295456,0.3618463103929544,0.36184631039295456,0.36184631039295434,0.36184631039295445,1.0,1.0,0.0,0.0,0.0,1.0,1.0,1.0,3.774758283725532e-16,1.0175362097255204e-16,4.440892098500626e-16,2.7755575615628914e-16,4.440892098500626e-16,2.220446049250313e-16,3.774758283725532e-16,1.0,1.0,0.0,0.0,0.0,1.0,1.0,1.0,0.0,0.3618463103929541,3.6184631039295407,0.3618463103929541,0.36184631039295406,3.774758283725532e-16,1.0175362097255204e-16,4.440892098500626e-16,2.7755575615628914e-16,4.440892098500626e-16,2.220446049250313e-16,3.774758283725532e-16,1.0,1.0,0.0,0.0,0.0,1.0,1.0,1.0,0.0,0.3618463103929541,3.6184631039295407,0.3618463103929541,0.36184631039295406,3.774758283725532e-16,1.0175362097255204e-16,4.440892098500626e-16,2.7755575615628914e-16,4.440892098500626e-16,2.220446049250313e-16,3.774758283725532e-16,1.0,1.0,0.0,0.0,0.0,1.0,1.0,1.0,0.0,0.3618463103929541,3.6184631039295407,0.3618463103929541,0.36184631039295406,3.774758283725532e-16,1.0175362097255204e-16,4.440892098500626e-16,2.7755575615628914e-16,4.440892098500626e-16,2.220446049250313e-16,3.774758283725532e-16,1.0,1.0,0.0,0.0,0.0,1.0,1.0,1.0,0.0,0.3618463103929541,3.6184631039295407,0.3618463103929541,0.36184631039295406,1.0,0.0,0.0,0.0,0.0,0.0,0.0,0.0,0.0,0.0,0.0,0.0,0.0,0.0,0.0,0.0,0.0,0.0,0.0,0.0,0.0,0.0,0.0,0.0,0.0,0.0,0.0,0.0,0.0,0.0,0.0,1.0,1.0,1.0,0.0,0.0,0.0,0.0,0.0,0.0,0.0,0,0,0.0,0.0,0.0,0.0,0.0,0.0,0.0,0.0,0.0,0.0,0.0,1.0,0.0,0.0,0.0,0.0,0.0,-1.0,0.0,0.0,0.0,0.0,0.0,0,0,0,0,C1,0.0,0.0,3.774758283725532e-16,0.0,1.0,0.0,0.0,0.0,3.774758283725532e-16
phaseflip,bitflip,0.2,4,10,qiskit_aer,1,1,1.0,1.0,0.0,0.0,1.0,1.0,0.0,0.0,-1.887379141862766e-16,1.1157603309187458e-16,-2.220446049250313e-16,-2.220446049250313e-16,-1.3877787807814457e-16,-3.3306690738754696e-16,-1.887379141862766e-16,1.0,1.0,0.0,0.0,0.0,1.0,1.0,1.0,0.4050463103929543,9.288792252416251e-17,0.4050463103929543,0.40504631039295425,0.40504631039295436,0.40504631039295425,0.40504631039295436,1.0,1.0,0.0,0.0,0.0,1.0,1.0,1.0,0.2430277862357725,0.19843135653194274,0.40504631039295425,-1.942890293094024e-16,0.40504631039295436,-3.3306690738754696e-16,-2.498001805406602e-16,1.0,1.0,0.0,0.0,0.0,1.0,1.0,1.0,0.0,0.16201852415718182,1.6201852415718179,0.4050463103929546,0.40504631039295447,-1.887379141862766e-16,1.1157603309187458e-16,-2.220446049250313e-16,-2.220446049250313e-16,-1.3877787807814457e-16,-3.3306690738754696e-16,-1.887379141862766e-16,1.0,1.0,0.0,0.0,0.0,1.0,1.0,1.0,0.0,0.4050463103929545,4.050463103929545,0.4050463103929546,0.40504631039295447,-1.887379141862766e-16,1.1157603309187458e-16,-2.220446049250313e-16,-2.220446049250313e-16,-1.3877787807814457e-16,-3.3306690738754696e-16,-1.887379141862766e-16,1.0,1.0,0.0,0.0,0.0,1.0,1.0,1.0,0.0,0.4050463103929545,4.050463103929545,0.4050463103929546,0.40504631039295447,-1.887379141862766e-16,1.1157603309187458e-16,-2.220446049250313e-16,-2.220446049250313e-16,-1.3877787807814457e-16,-3.3306690738754696e-16,-1.887379141862766e-16,1.0,1.0,0.0,0.0,0.0,1.0,1.0,1.0,0.0,0.4050463103929545,4.050463103929545,0.4050463103929546,0.40504631039295447,1.0,0.6,0.0,0.0,0.0,0.0,0.6,0.0,0.6,0.0,0.0,0.0,0.0,0.0,0.0,0.0,0.0,0.0,0.0,0.6,0.0,0.0,0.0,0.0,0.0,0.0,0.0,0.0,0.0,0.0,0.0,1.0,1.0,1.0,0.0,0.0,0.0,0.0,0.0,0.0,0.0,0,0,0.0,0.0,0.0,0.0,0.0,0.0,0.0,0.0,0.0,0.0,0.0,1.0,0.0,0.0,0.0,0.0,0.0,-0.9999999941836912,0.0,0.0,0.0,0.0,0.0,0,0,0,0,C1,0.0,0.0,0.2430277862357725,0.0,1.0,0.6,0.0,0.0,0.2430277862357725
phaseflip,dephasing,0.01,1,10,qiskit_aer,1,1,0.9950000000000002,0.9950000000000002,0.0,0.0,1.0,1.0,0.0,0.0,0.004999999999999738,8.881801137644041e-17,0.004999999999999782,0.004999999999999782,0.004999999999999782,0.00499999999999956,0.004999999999999738,1.0,0.2,1.0,0.8,0.0,0.0,0.0,0.0,-0.025153689607045605,8.882055243408597e-17,-0.02515368960704556,-0.02515368960704556,-0.02515368960704556,-0.02515368960704578,-0.025153689607045605,0.0,1.0,0.0,0.0,1.0,1.0,1.0,1.0,-0.025153689607045605,8.882055243408597e-17,-0.02515368960704556,-0.02515368960704556,-0.02515368960704556,-0.02515368960704578,-0.025153689607045605,0.0,1.0,0.0,0.0,1.0,1.0,1.0,1.0,0.0,0.030153689607045342,0.3015368960704534,0.030153689607045342,0.030153689607045342,-0.019122951685636536,0.012061475842818048,-0.02515368960704556,-0.02515368960704556,-0.02515368960704556,-0.02515368960704556,-0.02515368960704556,0.2,1.0,0.2,0.0,0.8,0.8,0.8,0.8,0.0,0.024122951685636274,0.24122951685636274,0.030153689607045342,0.030153689607045342,-0.019122951685636536,0.012061475842818048,-0.02515368960704556,-0.02515368960704556,-0.02515368960704556,-0.02515368960704556,-0.02515368960704556,0.2,1.0,0.2,0.0,0.8,0.8,0.8,0.8,0.0,0.024122951685636274,0.24122951685636274,0.030153689607045342,0.030153689607045342,-0.019122951685636536,0.012061475842818048,-0.02515368960704556,-0.02515368960704556,-0.02515368960704556,-0.02515368960704556,-0.02515368960704556,0.2,1.0,0.2,0.0,0.8,0.8,0.8,0.8,0.0,0.024122951685636274,0.24122951685636274,0.030153689607045342,0.030153689607045342,1.0,1.0,0.8,0.8,0.8,0.0,1.0,0.0,1.0,0.8,1.0,1.0,0.8,1.0,1.0,0.8,1.0,1.0,0.8,0.2,0.8,0.8,0.8,0.8,0.8,0.0,0.0,0.0,0.0,0.8,0.8,1.0,1.0,1.0,0.8,1.0,1.0,1.0,1.0,1.0,1.0,8,0,0.0,0.0,0.8,0.0,0.0,0.0,0.0,0.0,0.0,0.0,0.0,1.0,0.0,0.0,0.0,0.0,0.0,0.6050000681222244,0.0599051971909584,0.0599051971909584,0.0,0.0,0.0,0,0,0,0,C2,0.8,0.0,-0.019122951685636536,0.2,0.2,0.8,0.8,0.0,-0.019122951685636536
phaseflip,dephasing,0.01,2,10,qiskit_aer,1,1,0.99004,0.99004,0.0,0.0,1.0,1.0,0.0,0.0,0.009959999999999835,1.2247448713832956e-05,0.009949999999999903,0.009949999999999903,0.009974999999999734,0.009949999999999903,0.009949999999999903,1.0,0.5,1.0,0.5,0.0,0.0,0.0,0.0,-0.020193689607045505,1.2247448713832958e-05,-0.02020368960704544,-0.02020368960704544,-0.020178689607045608,-0.02020368960704544,-0.02020368960704544,0.0,1.0,0.0,0.0,1.0,1.0,1.0,1.0,-0.020193689607045505,1.2247448713832958e-05,-0.02020368960704544,-0.02020368960704544,-0.020178689607045608,-0.02020368960704544,-0.02020368960704544,0.0,1.0,0.0,0.0,1.0,1.0,1.0,1.0,0.0,0.030153689607045342,0.3015368960704534,0.030153689607045342,0.030153689607045342,-0.005116844803522836,0.015076849778037471,-0.005114344803522852,-0.02019743960704548,0.009949999999999903,-0.02020368960704544,-0.02020368960704544,0.5,1.0,0.5,0.0,0.5,0.5,0.5,0.5,0.0,0.015076844803522671,0.1507684480352267,0.030153689607045342,0.030153689607045342,-0.005116844803522836,0.015076849778037471,-0.005114344803522852,-0.02019743960704548,0.009949999999999903,-0.02020368960704544,-0.02020368960704544,0.5,1.0,0.5,0.0,0.5,0.5,0.5,0.5,0.0,0.015076844803522671,0.1507684480352267,0.030153689607045342,0.030153689607045342,-0.005116844803522836,0.015076849778037471,-0.005114344803522852,-0.02019743960704548,0.009949999999999903,-0.02020368960704544,-0.02020368960704544,0.5,1.0,0.5,0.0,0.5,0.5,0.5,0.5,0.0,0.015076844803522671,0.1507684480352267,0.030153689607045342,0.030153689607045342,1.0,1.0,0.5,0.5,0.5,0.0,1.0,0.0,1.0,0.5,1.0,1.0,0.5,1.0,1.0,0.5,1.0,1.0,0.5,0.5,0.5,0.5,0.5,0.5,0.5,0.0,0.0,0.0,0.0,0.5,0.5,1.0,1.0,1.0,0.5,1.0,1.0,1.0,1.0,1.0,1.0,5,0,0.0,0.0,0.5,0.0,0.0,0.0,0.0,0.0,0.0,0.0,0.0,1.0,0.0,0.0,0.0,0.0,0.0,0.00996003857845441,0.040786788586268136,0.040786788586268136,0.0,0.0,0.0,0,0,0,0,C2,0.5,0.0,-0.005116844803522836,0.5,0.5,0.5,0.5,0.0,-0.005116844803522836
phaseflip,dephasing,0.01,3,10,qiskit_aer,1,1,0.9851072500000002,0.9851072500000002,0.0,0.0,1.0,1.0,0.0,0.0,0.014892749999999632,2.9496398085178455e-05,0.014900249999999615,0.014862937499999646,0.014918812499999629,0.014850499999999656,0.014850499999999656,1.0,0.6,1.0,0.4,0.0,0.0,0.0,0.0,-0.01526093960704571,2.9496398085178455e-05,-0.015253439607045727,-0.015290752107045696,-0.015234877107045713,-0.015303189607045686,-0.015303189607045686,0.0,1.0,0.0,0.0,1.0,1.0,1.0,1.0,-0.012245570646341176,0.009056898534161048,-0.015253439607045727,-0.015290752107045696,-0.015234877107045713,-0.015303189607045686,-0.015303189607045686,0.1,1.0,0.1,0.0,0.9,0.9,0.9,0.9,0.0,0.027138320646340808,0.2713832064634081,0.030153689607045342,0.030153689607045342,0.002831274157181496,0.014766135146347075,0.014850499999999656,-0.015253439607045727,0.014906374999999639,-0.015253439607045727,-0.015253439607045727,0.6,1.0,0.6,0.0,0.4,0.4,0.4,0.4,0.0,0.012061475842818137,0.12061475842818137,0.030153689607045342,0.030153689607045342,0.002831274157181496,0.014766135146347075,0.014850499999999656,-0.015253439607045727,0.014906374999999639,-0.015253439607045727,-0.015253439607045727,0.6,1.0,0.6,0.0,0.4,0.4,0.4,0.4,0.0,0.012061475842818137,0.12061475842818137,0.030153689607045342,0.030153689607045342,0.002831274157181496,0.014766135146347075,0.014850499999999656,-0.015253439607045727,0.014906374999999639,-0.015253439607045727,-0.015253439607045727,0.6,1.0,0.6,0.0,0.4,0.4,0.4,0.4,0.0,0.012061475842818137,0.12061475842818137,0.030153689607045342,0.030153689607045342,1.0,0.9,0.4,0.4,0.4,0.0,0.9,0.16666666666666666,1.0,0.4,1.0,1.0,0.4,1.0,1.0,0.4,1.0,1.0,0.4,0.5,0.4,0.4,0.4,0.4,0.4,0.0,0.0,0.0,0.0,0.4,0.4,1.0,1.0,1.0,0.4,1.0,1.0,1.0,1.0,1.0,1.0,4,0,0.0,0.0,0.4,0.0,0.0,0.0,0.0,0.0,0.0,0.0,0.0,1.0,0.0,0.0,0.0,0.0,0.0,-0.1851072251426268,0.02391585934459983,0.02391585934459983,0.0,0.0,0.0,0,0,0,0,C2,0.4,0.0,0.002831274157181496,0.6,0.6,0.4,0.4,0.0,0.002831274157181496
phaseflip,dephasing,0.01,4,10,qiskit_aer,1,1,0.9802115017500002,0.9802115017500002,0.0,0.0,1.0,1.0,0.0,0.0,0.019788498249999655,4.718862684810869e-05,0.019813248749999735,0.019776247499999622,0.019825499999999607,0.019701994999999695,0.019701994999999695,1.0,0.8,1.0,0.2,0.0,0.0,0.0,0.0,-0.01036519135704569,4.718862684810869e-05,-0.010340440857045607,-0.01037744210704572,-0.010328189607045735,-0.010451694607045647,-0.010451694607045647,0.0,1.0,0.0,0.0,1.0,1.0,1.0,1.0,-0.0013190844749320862,0.013842439080232236,-0.010340440857045607,-0.01037744210704572,0.012287077598238272,-0.010451694607045647,-0.010451694607045647,0.3,1.0,0.3,0.0,0.7,0.7,0.7,0.7,0.0,0.02110758272493174,0.2110758272493174,0.030153689607045342,0.030153689607045342,0.013757760328590584,0.012043053207539308,0.019776247499999622,0.019701994999999695,0.01981937437499967,-0.010328189607045735,-0.010328189607045735,0.8,1.0,0.8,0.0,0.2,0.2,0.2,0.2,0.0,0.006030737921409068,0.060307379214090684,0.030153689607045342,0.030153689607045342,0.013757760328590584,0.012043053207539308,0.019776247499999622,0.019701994999999695,0.01981937437499967,-0.010328189607045735,-0.010328189607045735,0.8,1.0,0.8,0.0,0.2,0.2,0.2,0.2,0.0,0.006030737921409068,0.060307379214090684,0.030153689607045342,0.030153689607045342,0.013757760328590584,0.012043053207539308,0.019776247499999622,0.019701994999999695,0.01981937437499967,-0.010328189607045735,-0.010328189607045735,0.8,1.0,0.8,0.0,0.2,0.2,0.2,0.2,0.0,0.006030737921409068,0.060307379214090684,0.030153689607045342,0.030153689607045342,1.0,0.7,0.2,0.2,0.2,0.0,0.7,0.375,1.0,0.2,1.0,1.0,0.2,1.0,1.0,0.2,1.0,1.0,0.2,0.5,0.2,0.2,0.2,0.2,0.2,0.0,0.0,0.0,0.0,0.2,0.2,1.0,1.0,1.0,0.2,1.0,1.0,1.0,1.0,1.0,1.0,2,0,0.0,0.0,0.2,0.0,0.0,0.0,0.0,0.0,0.0,0.0,0.0,1.0,0.0,0.0,0.0,0.0,0.0,-0.5802114912189206,4.332225182367674e-21,4.332225182367674e-21,0.0,0.0,0.0,0,0,0,0,C2,0.2,0.0,0.013757760328590584,0.8,0.8,0.2,0.2,0.0,0.013757760328590584
phaseflip,dephasing,0.03,1,10,qiskit_aer,1,1,0.985,0.985,0.0,0.0,1.0,1.0,0.0,0.0,0.014999999999999791,0.0,0.014999999999999791,0.014999999999999791,0.014999999999999791,0.014999999999999791,0.014999999999999791,1.0,0.9,1.0,0.1,0.0,0.0,0.0,0.0,-0.01515368960704555,0.0,-0.01515368960704555,-0.01515368960704555,-0.01515368960704555,-0.01515368960704555,-0.01515368960704555,0.0,1.0,0.0,0.0,1.0,1.0,1.0,1.0,-0.01515368960704555,0.0,-0.01515368960704555,-0.01515368960704555,-0.01515368960704555,-0.01515368960704555,-0.01515368960704555,0.0,1.0,0.0,0.0,1.0,1.0,1.0,1.0,0.0,0.030153689607045342,0.3015368960704534,0.030153689607045342,0.030153689607045342,0.011984631039295257,0.009046106882113603,0.014999999999999791,0.014999999999999791,0.014999999999999791,-0.0015845292838751468,-0.01515368960704555,0.9,1.0,0.9,0.0,0.1,0.1,0.1,0.1,0.0,0.003015368960704534,0.030153689607045342,0.016584529283874903,0.030153689607045342,0.011984631039295257,0.009046106882113603,0.014999999999999791,0.014999999999999791,0.014999999999999791,-0.0015845292838751468,-0.01515368960704555,0.9,1.0,0.9,0.0,0.1,0.1,0.1,0.1,0.0,0.003015368960704534,0.030153689607045342,0.016584529283874903,0.030153689607045342,0.011984631039295257,0.009046106882113603,0.014999999999999791,0.014999999999999791,0.014999999999999791,-0.0015845292838751468,-0.01515368960704555,0.9,1.0,0.9,0.0,0.1,0.1,0.1,0.1,0.0,0.003015368960704534,0.030153689607045342,0.016584529283874903,0.030153689607045342,1.0,1.0,0.1,0.1,0.1,0.0,1.0,0.0,1.0,0.1,1.0,1.0,0.1,1.0,1.0,0.1,1.0,1.0,0.1,0.9,0.1,0.1,0.1,0.1,0.1,0.0,0.0,0.0,0.0,0.1,0.1,1.0,1.0,1.0,0.1,1.0,1.0,1.0,1.0,1.0,1.0,1,0,0.0,0.0,0.1,0.0,0.0,0.0,0.0,0.0,0.0,0.0,0.0,1.0,0.0,0.0,0.0,0.0,0.0,-0.7849999725469794,1.058794410427286e-17,1.058794410427286e-17,0.0,0.0,0.0,0,0,0,0,C2,0.1,0.0,0.011984631039295257,0.9,0.9,0.1,0.1,0.0,0.011984631039295257
phaseflip,dephasing,0.03,2,10,qiskit_aer,1,1,0.97036,0.97036,0.0,0.0,1.0,1.0,0.0,0.0,0.0296399999999996,0.00011022703842520368,0.029549999999999632,0.029549999999999632,0.029774999999999552,0.029549999999999632,0.029549999999999632,1.0,0.7,1.0,0.3,0.0,0.0,0.0,0.0,-0.0005136896070457419,0.00011022703842520368,-0.0006036896070457098,-0.0006036896070457098,-0.00037868960704579013,-0.0006036896070457098,-0.0006036896070457098,0.0,1.0,0.0,0.0,0.0,1.0,1.0,1.0,-0.0005136896070457419,0.00011022703842520368,-0.0006036896070457098,-0.0006036896070457098,-0.00037868960704579013,-0.0006036896070457098,-0.0006036896070457098,0.0,1.0,0.0,0.0,0.0,1.0,1.0,1.0,0.0,0.030153689607045342,0.3015368960704534,0.030153689607045342,0.030153689607045342,0.020593893117885998,0.013828412148878502,0.029549999999999632,0.007103482794715565,0.029718749999999572,-0.0006036896070457098,-0.0006036896070457098,0.7,1.0,0.7,0.0,0.0,0.3,0.3,0.3,0.0,0.009046106882113603,0.09046106882113603,0.030153689607045342,0.030153689607045342,0.020593893117885998,0.013828412148878502,0.029549999999999632,0.007103482794715565,0.029718749999999572,-0.0006036896070457098,-0.0006036896070457098,0.7,1.0,0.7,0.0,0.0,0.3,0.3,0.3,0.0,0.009046106882113603,0.09046106882113603,0.030153689607045342,0.030153689607045342,0.020593893117885998,0.013828412148878502,0.029549999999999632,0.007103482794715565,0.029718749999999572,-0.0006036896070457098,-0.0006036896070457098,0.7,1.0,0.7,0.0,0.0,0.3,0.3,0.3,0.0,0.009046106882113603,0.09046106882113603,0.030153689607045342,0.030153689607045342,1.0,1.0,0.3,0.3,0.3,0.0,1.0,0.0,1.0,0.3,1.0,1.0,0.3,1.0,1.0,0.3,1.0,1.0,0.3,0.7,0.3,0.3,0.3,0.3,0.3,0.0,0.0,0.0,0.0,0.3,0.3,1.0,1.0,1.0,0.3,1.0,1.0,1.0,1.0,1.0,1.0,3,0,0.0,0.0,0.3,0.0,0.0,0.0,0.0,0.0,0.0,0.0,0.0,1.0,0.0,0.0,0.0,0.0,0.0,-0.3703599928661049,0.04915630686845529,0.04915630686845529,0.0,0.0,0.0,0,0,0,0,C2,0.0,0.0,0.020593893117885998,0.7,0.7,0.3,0.0,0.0,0.020593893117885998
phaseflip,dephasing,0.03,3,10,qiskit_aer,1,1,0.9559607500000001,0.9559607500000001,0.0,0.0,1.0,1.0,0.0,0.0,0.04403924999999963,0.0002620588435828815,0.04410674999999964,0.043774312499999635,0.04427043749999962,0.04366349999999963,0.04366349999999963,1.0,0.7,1.0,0.3,0.0,0.0,0.0,0.0,0.013885560392954289,0.0002620588435828815,0.013953060392954297,0.013620622892954293,0.014116747892954279,0.013509810392954291,0.013509810392954291,1.0,1.0,0.0,0.0,0.0,1.0,1.0,1.0,0.013885560392954289,0.0002620588435828815,0.013953060392954297,0.013620622892954293,0.014116747892954279,0.013509810392954291,0.013509810392954291,1.0,1.0,0.0,0.0,0.0,1.0,1.0,1.0,0.0,0.030153689607045342,0.3015368960704534,0.030153689607045342,0.030153689607045342,0.034993143117886025,0.01387306831039429,0.043885124999999636,0.02138067029471563,0.04427043749999962,0.013709272892954294,0.013509810392954291,1.0,1.0,0.7,0.0,0.0,0.3,0.3,0.3,0.0,0.009046106882113603,0.09046106882113603,0.030153689607045342,0.030153689607045342,0.034993143117886025,0.01387306831039429,0.043885124999999636,0.02138067029471563,0.04427043749999962,0.013709272892954294,0.013509810392954291,1.0,1.0,0.7,0.0,0.0,0.3,0.3,0.3,0.0,0.009046106882113603,0.09046106882113603,0.030153689607045342,0.030153689607045342,0.034993143117886025,0.01387306831039429,0.043885124999999636,0.02138067029471563,0.04427043749999962,0.013709272892954294,0.013509810392954291,1.0,1.0,0.7,0.0,0.0,0.3,0.3,0.3,0.0,0.009046106882113603,0.09046106882113603,0.030153689607045342,0.030153689607045342,1.0,1.0,0.3,0.3,0.3,0.0,1.0,0.0,1.0,0.3,1.0,1.0,0.3,1.0,1.0,0.3,1.0,1.0,0.3,0.7,0.3,0.3,0.3,0.3,0.3,0.0,0.0,0.0,0.0,0.3,0.3,1.0,1.0,1.0,0.3,1.0,1.0,1.0,1.0,1.0,1.0,3,0,0.0,0.0,0.3,0.0,0.0,0.0,0.0,0.0,0.0,0.0,0.0,1.0,0.0,0.0,0.0,0.0,0.0,-0.355960747933061,0.004647966849674839,0.004647966849674839,0.0,0.0,0.0,0,0,0,0,C2,0.0,0.0,0.034993143117886025,0.7,1.0,0.3,0.0,0.0,0.034993143117886025
phaseflip,dephasing,0.03,4,10,qiskit_aer,1,1,0.9418856417500002,0.9418856417500002,0.0,0.0,1.0,1.0,0.0,0.0,0.058114358249999575,0.0004144749968500171,0.05833264874999955,0.05800854749999951,0.058438499999999616,0.05735359499999959,0.05735359499999959,1.0,0.7,1.0,0.3,0.0,0.0,0.0,0.0,0.027960668642954233,0.0004144749968500171,0.028178959142954207,0.027854857892954166,0.028284810392954274,0.02719990539295425,0.02719990539295425,1.0,1.0,0.0,0.0,0.0,1.0,1.0,1.0,0.030976037603658767,0.009162895458820538,0.028178959142954207,0.027854857892954166,0.028284810392954274,0.02719990539295425,0.02719990539295425,1.0,1.0,0.1,0.0,0.0,0.9,0.9,0.9,0.0,0.027138320646340808,0.2713832064634081,0.030153689607045342,0.030153689607045342,0.04906825136788597,0.0136574345811978,0.05768107124999955,0.0355520065447156,0.05833101187499959,0.0281683740179542,0.02807310789295414,1.0,1.0,0.7,0.0,0.0,0.3,0.3,0.3,0.0,0.009046106882113603,0.09046106882113603,0.030153689607045342,0.030153689607045342,0.04906825136788597,0.0136574345811978,0.05768107124999955,0.0355520065447156,0.05833101187499959,0.0281683740179542,0.02807310789295414,1.0,1.0,0.7,0.0,0.0,0.3,0.3,0.3,0.0,0.009046106882113603,0.09046106882113603,0.030153689607045342,0.030153689607045342,0.04906825136788597,0.0136574345811978,0.05768107124999955,0.0355520065447156,0.05833101187499959,0.0281683740179542,0.02807310789295414,1.0,1.0,0.7,0.0,0.0,0.3,0.3,0.3,0.0,0.009046106882113603,0.09046106882113603,0.030153689607045342,0.030153689607045342,1.0,0.9,0.3,0.3,0.3,0.0,0.9,0.14285714285714285,1.0,0.3,1.0,1.0,0.3,1.0,1.0,0.3,1.0,1.0,0.3,0.6,0.3,0.3,0.3,0.3,0.3,0.0,0.0,0.0,0.0,0.3,0.3,1.0,1.0,1.0,0.3,1.0,1.0,1.0,1.0,1.0,1.0,3,0,0.0,0.0,0.3,0.0,0.0,0.0,0.0,0.0,0.0,0.0,0.0,1.0,0.0,0.0,0.0,0.0,0.0,-0.3418856411292769,5.26574260914368e-21,5.26574260914368e-21,0.0,0.0,0.0,0,0,0,0,C2,0.0,0.0,0.04906825136788597,0.7,1.0,0.3,0.0,0.0,0.04906825136788597
phaseflip,dephasing,0.05,1,10,qiskit_aer,1,1,0.9750000000000001,0.9750000000000001,0.0,0.0,1.0,1.0,0.0,0.0,0.0249999999999998,0.0,0.0249999999999998,0.0249999999999998,0.0249999999999998,0.0249999999999998,0.0249999999999998,1.0,0.2,1.0,0.8,0.0,0.0,0.0,0.0,-0.005153689607045542,0.0,-0.005153689607045542,-0.005153689607045542,-0.005153689607045542,-0.005153689607045542,-0.005153689607045542,0.0,1.0,0.0,0.0,0.0,1.0,1.0,1.0,-0.005153689607045542,0.0,-0.005153689607045542,-0.005153689607045542,-0.005153689607045542,-0.005153689607045542,-0.005153689607045542,0.0,1.0,0.0,0.0,0.0,1.0,1.0,1.0,0.0,0.030153689607045342,0.3015368960704534,0.030153689607045342,0.030153689607045342,0.0008770483143635266,0.012061475842818137,-0.005153689607045542,-0.005153689607045542,-0.005153689607045542,-0.005153689607045542,-0.005153689607045542,0.2,1.0,0.2,0.0,0.0,0.8,0.8,0.8,0.0,0.024122951685636274,0.24122951685636274,0.030153689607045342,0.030153689607045342,0.0008770483143635266,0.012061475842818137,-0.005153689607045542,-0.005153689607045542,-0.005153689607045542,-0.005153689607045542,-0.005153689607045542,0.2,1.0,0.2,0.0,0.0,0.8,0.8,0.8,0.0,0.024122951685636274,0.24122951685636274,0.030153689607045342,0.030153689607045342,0.0008770483143635266,0.012061475842818137,-0.005153689607045542,-0.005153689607045542,-0.005153689607045542,-0.005153689607045542,-0.005153689607045542,0.2,1.0,0.2,0.0,0.0,0.8,0.8,0.8,0.0,0.024122951685636274,0.24122951685636274,0.030153689607045342,0.030153689607045342,1.0,1.0,0.8,0.8,0.8,0.0,1.0,0.0,1.0,0.8,1.0,1.0,0.8,1.0,1.0,0.8,1.0,1.0,0.8,0.2,0.8,0.8,0.8,0.8,0.8,0.0,0.0,0.0,0.0,0.8,0.8,1.0,1.0,1.0,0.8,1.0,1.0,1.0,1.0,1.0,1.0,8,0,0.0,0.0,0.8,0.0,0.0,0.0,0.0,0.0,0.0,0.0,0.0,1.0,0.0,0.0,0.0,0.0,0.0,0.6250000077801366,1.1711460664961002e-17,1.1711460664961002e-17,0.0,0.0,0.0,0,0,0,0,C2,0.0,0.0,0.0008770483143635266,0.2,0.2,0.8,0.0,0.0,0.0008770483143635266
phaseflip,dephasing,0.05,2,10,qiskit_aer,1,1,0.951,0.951,0.0,0.0,1.0,1.0,0.0,0.0,0.04899999999999967,0.0003061862178479451,0.04874999999999963,0.04874999999999963,0.049374999999999725,0.04874999999999963,0.04874999999999963,1.0,0.5,1.0,0.5,0.0,0.0,0.0,0.0,0.018846310392954323,0.0003061862178479451,0.018596310392954285,0.018596310392954285,0.019221310392954383,0.018596310392954285,0.018596310392954285,1.0,1.0,0.0,0.0,0.0,1.0,1.0,1.0,0.018846310392954323,0.0003061862178479451,0.018596310392954285,0.018596310392954285,0.019221310392954383,0.018596310392954285,0.018596310392954285,1.0,1.0,0.0,0.0,0.0,1.0,1.0,1.0,0.0,0.030153689607045342,0.3015368960704534,0.030153689607045342,0.030153689607045342,0.033923155196477,0.015204414175836893,0.033985655196477005,0.018596310392954285,0.0492187499999997,0.018596310392954285,0.018596310392954285,1.0,1.0,0.5,0.0,0.0,0.5,0.5,0.5,0.0,0.015076844803522671,0.1507684480352267,0.030153689607045342,0.030153689607045342,0.033923155196477,0.015204414175836893,0.033985655196477005,0.018596310392954285,0.0492187499999997,0.018596310392954285,0.018596310392954285,1.0,1.0,0.5,0.0,0.0,0.5,0.5,0.5,0.0,0.015076844803522671,0.1507684480352267,0.030153689607045342,0.030153689607045342,0.033923155196477,0.015204414175836893,0.033985655196477005,0.018596310392954285,0.0492187499999997,0.018596310392954285,0.018596310392954285,1.0,1.0,0.5,0.0,0.0,0.5,0.5,0.5,0.0,0.015076844803522671,0.1507684480352267,0.030153689607045342,0.030153689607045342,1.0,1.0,0.5,0.5,0.5,0.0,1.0,0.0,1.0,0.5,1.0,1.0,0.5,1.0,1.0,0.5,1.0,1.0,0.5,0.5,0.5,0.5,0.5,0.5,0.5,0.0,0.0,0.0,0.0,0.5,0.5,1.0,1.0,1.0,0.5,1.0,1.0,1.0,1.0,1.0,1.0,5,0,0.0,0.0,0.5,0.0,0.0,0.0,0.0,0.0,0.0,0.0,0.0,1.0,0.0,0.0,0.0,0.0,0.0,0.049000001374917966,0.007342823734933806,0.007342823734933806,0.0,0.0,0.0,0,0,0,0,C2,0.0,0.0,0.033923155196477,0.5,1.0,0.5,0.0,0.0,0.033923155196477
phaseflip,dephasing,0.05,3,10,qiskit_aer,1,1,0.9276562499999998,0.9276562499999998,0.0,0.0,1.0,1.0,0.0,0.0,0.07234374999999979,0.0007184782094816984,0.07253124999999983,0.07161718749999987,0.07297656249999979,0.07131249999999967,0.07131249999999974,1.0,0.5,1.0,0.5,0.0,0.0,0.0,0.0,0.04219006039295444,0.0007184782094816984,0.04237756039295448,0.04146349789295453,0.042822872892954444,0.041158810392954326,0.0411588103929544,1.0,1.0,0.0,0.0,0.0,1.0,1.0,1.0,0.04219006039295444,0.0007184782094816984,0.04237756039295448,0.04146349789295453,0.042822872892954444,0.041158810392954326,0.0411588103929544,1.0,1.0,0.0,0.0,0.0,1.0,1.0,1.0,0.0,0.030153689607045342,0.3015368960704534,0.030153689607045342,0.030153689607045342,0.05726690519647711,0.015031395629367453,0.05714190519647705,0.04237756039295448,0.07222656249999979,0.04170724789295452,0.04115881039295455,1.0,1.0,0.5,0.0,0.0,0.5,0.5,0.5,0.0,0.015076844803522671,0.1507684480352267,0.030153689607045342,0.030153689607045342,0.05726690519647711,0.015031395629367453,0.05714190519647705,0.04237756039295448,0.07222656249999979,0.04170724789295452,0.04115881039295455,1.0,1.0,0.5,0.0,0.0,0.5,0.5,0.5,0.0,0.015076844803522671,0.1507684480352267,0.030153689607045342,0.030153689607045342,0.05726690519647711,0.015031395629367453,0.05714190519647705,0.04237756039295448,0.07222656249999979,0.04170724789295452,0.04115881039295455,1.0,1.0,0.5,0.0,0.0,0.5,0.5,0.5,0.0,0.015076844803522671,0.1507684480352267,0.030153689607045342,0.030153689607045342,1.0,1.0,0.5,0.5,0.5,0.0,1.0,0.0,1.0,0.5,1.0,1.0,0.5,1.0,1.0,0.5,1.0,1.0,0.5,0.5,0.5,0.5,0.5,0.5,0.5,0.0,0.0,0.0,0.0,0.5,0.5,1.0,1.0,1.0,0.5,1.0,1.0,1.0,1.0,1.0,1.0,5,0,0.0,0.0,0.5,0.0,0.0,0.0,0.0,0.0,0.0,0.0,0.0,1.0,0.0,0.0,0.0,0.0,0.0,0.07234375029615664,9.597967791511354e-21,9.597967791511354e-21,0.0,0.0,0.0,0,0,0,0,C2,0.0,0.0,0.05726690519647711,0.5,1.0,0.5,0.0,0.0,0.05726690519647711
phaseflip,dephasing,0.05,4,10,qiskit_aer,1,1,0.9051885937499999,0.9051885937499999,0.0,0.0,1.0,1.0,0.0,0.0,0.09481140624999983,0.0011233153727951157,0.09540546874999983,0.0945296874999999,0.09568749999999981,0.09274687499999978,0.09274687499999978,1.0,0.6,1.0,0.4,0.0,0.0,0.0,0.0,0.06465771664295449,0.0011233153727951157,0.06525177914295449,0.06437599789295456,0.06553381039295447,0.06259318539295444,0.06259318539295444,1.0,1.0,0.0,0.0,0.0,1.0,1.0,1.0,0.06465771664295449,0.0011233153727951157,0.06525177914295449,0.06437599789295456,0.06553381039295447,0.06259318539295444,0.06259318539295444,1.0,1.0,0.0,0.0,0.0,1.0,1.0,1.0,0.0,0.030153689607045342,0.3015368960704534,0.030153689607045342,0.030153689607045342,0.08274993040718169,0.014687181829466293,0.09274687499999978,0.0651107635179545,0.09568749999999981,0.06437599789295456,0.06437599789295456,1.0,1.0,0.6,0.0,0.0,0.4,0.4,0.4,0.0,0.012061475842818137,0.12061475842818137,0.030153689607045342,0.030153689607045342,0.08274993040718169,0.014687181829466293,0.09274687499999978,0.0651107635179545,0.09568749999999981,0.06437599789295456,0.06437599789295456,1.0,1.0,0.6,0.0,0.0,0.4,0.4,0.4,0.0,0.012061475842818137,0.12061475842818137,0.030153689607045342,0.030153689607045342,0.08274993040718169,0.014687181829466293,0.09274687499999978,0.0651107635179545,0.09568749999999981,0.06437599789295456,0.06437599789295456,1.0,1.0,0.6,0.0,0.0,0.4,0.4,0.4,0.0,0.012061475842818137,0.12061475842818137,0.030153689607045342,0.030153689607045342,1.0,1.0,0.4,0.4,0.4,0.0,1.0,0.0,1.0,0.4,1.0,1.0,0.4,1.0,1.0,0.4,1.0,1.0,0.4,0.6,0.4,0.4,0.4,0.4,0.4,0.0,0.0,0.0,0.0,0.4,0.4,1.0,1.0,1.0,0.4,1.0,1.0,1.0,1.0,1.0,1.0,4,0,0.0,0.0,0.4,0.0,0.0,0.0,0.0,0.0,0.0,0.0,0.0,1.0,0.0,0.0,0.0,0.0,0.0,-0.10518859363867969,1.594292358015921e-17,1.594292358015921e-17,0.0,0.0,0.0,0,0,0,0,C2,0.0,0.0,0.08274993040718169,0.6,1.0,0.4,0.0,0.0,0.08274993040718169
phaseflip,dephasing,0.1,1,10,qiskit_aer,1,1,0.9499999999999998,0.9499999999999998,0.0,0.0,1.0,1.0,0.0,0.0,0.04999999999999971,0.0,0.04999999999999971,0.04999999999999971,0.04999999999999971,0.04999999999999971,0.04999999999999971,1.0,0.2,1.0,0.8,0.0,0.0,0.0,0.0,0.01984631039295437,0.0,0.01984631039295437,0.01984631039295437,0.01984631039295437,0.01984631039295437,0.01984631039295437,1.0,1.0,0.0,0.0,0.0,1.0,1.0,1.0,0.01984631039295437,0.0,0.01984631039295437,0.01984631039295437,0.01984631039295437,0.01984631039295437,0.01984631039295437,1.0,1.0,0.0,0.0,0.0,1.0,1.0,1.0,0.0,0.030153689607045342,0.3015368960704534,0.030153689607045342,0.030153689607045342,0.025877048314363438,0.012061475842818137,0.01984631039295437,0.01984631039295437,0.01984631039295437,0.01984631039295437,0.01984631039295437,1.0,1.0,0.2,0.0,0.0,0.8,0.8,0.8,0.0,0.024122951685636274,0.24122951685636274,0.030153689607045342,0.030153689607045342,0.025877048314363438,0.012061475842818137,0.01984631039295437,0.01984631039295437,0.01984631039295437,0.01984631039295437,0.01984631039295437,1.0,1.0,0.2,0.0,0.0,0.8,0.8,0.8,0.0,0.024122951685636274,0.24122951685636274,0.030153689607045342,0.030153689607045342,0.025877048314363438,0.012061475842818137,0.01984631039295437,0.01984631039295437,0.01984631039295437,0.01984631039295437,0.01984631039295437,1.0,1.0,0.2,0.0,0.0,0.8,0.8,0.8,0.0,0.024122951685636274,0.24122951685636274,0.030153689607045342,0.030153689607045342,1.0,1.0,0.8,0.8,0.8,0.0,1.0,0.0,1.0,0.8,1.0,1.0,0.8,1.0,1.0,0.8,1.0,1.0,0.8,0.2,0.8,0.8,0.8,0.8,0.8,0.0,0.0,0.0,0.0,0.8,0.8,1.0,1.0,1.0,0.8,1.0,1.0,1.0,1.0,1.0,1.0,8,0,0.0,0.0,0.8,0.0,0.0,0.0,0.0,0.0,0.0,0.0,0.0,1.0,0.0,0.0,0.0,0.0,0.0,0.6500000013871522,0.14133233712661944,0.14133233712661944,0.0,0.0,0.0,0,0,0,0,C2,0.0,0.0,0.025877048314363438,0.2,1.0,0.8,0.0,0.0,0.025877048314363438
phaseflip,dephasing,0.1,2,10,qiskit_aer,1,1,0.9039999999999999,0.9039999999999999,0.0,0.0,1.0,1.0,0.0,0.0,0.0959999999999998,0.0012247448713915085,0.09499999999999986,0.09499999999999986,0.0974999999999997,0.09499999999999986,0.09499999999999986,1.0,0.8,1.0,0.2,0.0,0.0,0.0,0.0,0.06584631039295445,0.0012247448713915085,0.06484631039295452,0.06484631039295452,0.06734631039295436,0.06484631039295452,0.06484631039295452,1.0,1.0,0.0,0.0,0.0,1.0,1.0,1.0,0.06584631039295445,0.0012247448713915085,0.06484631039295452,0.06484631039295452,0.06734631039295436,0.06484631039295452,0.06484631039295452,1.0,1.0,0.0,0.0,0.0,1.0,1.0,1.0,0.0,0.030153689607045342,0.3015368960704534,0.030153689607045342,0.030153689607045342,0.08996926207859073,0.01135284042619552,0.09499999999999986,0.09499999999999986,0.09499999999999986,0.06734631039295436,0.06734631039295436,1.0,1.0,0.8,0.0,0.0,0.2,0.2,0.2,0.0,0.006030737921409068,0.060307379214090684,0.030153689607045342,0.030153689607045342,0.08996926207859073,0.01135284042619552,0.09499999999999986,0.09499999999999986,0.09499999999999986,0.06734631039295436,0.06734631039295436,1.0,1.0,0.8,0.0,0.0,0.2,0.2,0.2,0.0,0.006030737921409068,0.060307379214090684,0.030153689607045342,0.030153689607045342,0.08996926207859073,0.01135284042619552,0.09499999999999986,0.09499999999999986,0.09499999999999986,0.06734631039295436,0.06734631039295436,1.0,1.0,0.8,0.0,0.0,0.2,0.2,0.2,0.0,0.006030737921409068,0.060307379214090684,0.030153689607045342,0.030153689607045342,1.0,1.0,0.2,0.2,0.2,0.0,1.0,0.0,1.0,0.2,1.0,1.0,0.2,1.0,1.0,0.2,1.0,1.0,0.2,0.8,0.2,0.2,0.2,0.2,0.2,0.0,0.0,0.0,0.0,0.2,0.2,1.0,1.0,1.0,0.2,1.0,1.0,1.0,1.0,1.0,1.0,2,0,0.0,0.0,0.2,0.0,0.0,0.0,0.0,0.0,0.0,0.0,0.0,1.0,0.0,0.0,0.0,0.0,0.0,-0.5039999998705424,0.0137049139522555,0.0137049139522555,0.0,0.0,0.0,0,0,0,0,C2,0.0,0.0,0.08996926207859073,0.8,1.0,0.2,0.0,0.0,0.08996926207859073
phaseflip,dephasing,0.1,3,10,qiskit_aer,1,1,0.8604999999999999,0.8604999999999999,0.0,0.0,0.0,0.0,0.0,0.0,0.13949999999999982,0.002779388421937513,0.14024999999999987,0.13668749999999977,0.14193749999999986,0.13549999999999973,0.13549999999999973,1.0,0.6,1.0,0.0,0.0,0.0,0.0,0.0,0.10934631039295448,0.002779388421937513,0.11009631039295453,0.10653381039295443,0.11178381039295451,0.10534631039295439,0.10534631039295439,1.0,1.0,0.0,0.0,0.0,0.0,0.0,0.0,0.12743852415718168,0.0129284223525761,0.13549999999999973,0.11234631039295451,0.13906249999999984,0.11110881039295452,0.11009631039295453,1.0,1.0,0.6,0.0,0.0,0.0,0.0,0.0,0.0,0.012061475842818137,0.12061475842818137,0.030153689607045342,0.030153689607045342,0.12743852415718168,0.0129284223525761,0.13549999999999973,0.11234631039295451,0.13906249999999984,0.11110881039295452,0.11009631039295453,1.0,1.0,0.6,0.0,0.0,0.0,0.0,0.0,0.0,0.012061475842818137,0.12061475842818137,0.030153689607045342,0.030153689607045342,0.12743852415718168,0.0129284223525761,0.13549999999999973,0.11234631039295451,0.13906249999999984,0.11110881039295452,0.11009631039295453,1.0,1.0,0.6,0.0,0.0,0.0,0.0,0.0,0.0,0.012061475842818137,0.12061475842818137,0.030153689607045342,0.030153689607045342,0.12743852415718168,0.0129284223525761,0.13549999999999973,0.11234631039295451,0.13906249999999984,0.11110881039295452,0.11009631039295453,1.0,1.0,0.6,0.0,0.0,0.0,0.0,0.0,0.0,0.012061475842818137,0.12061475842818137,0.030153689607045342,0.030153689607045342,1.0,0.4,0.4,0.4,0.4,0.0,0.4,0.6,0.0,0.4,0.6,0.0,0.4,0.6,0.0,0.4,0.6,0.0,0.4,0.0,0.4,0.4,0.4,0.4,0.4,0.0,0.0,0.0,0.0,0.4,0.4,1.0,1.0,1.0,0.4,1.0,1.0,1.0,1.0,1.0,1.0,4,0,0.0,0.0,0.4,0.0,0.0,0.0,0.0,0.0,0.0,0.0,0.0,1.0,0.0,0.0,0.0,0.0,0.0,-0.06049999996991049,0.027544488809430962,0.027544488809430962,0.0,0.0,0.0,0,0,0,0,C1,0.0,0.0,0.12743852415718168,0.6,1.0,0.4,0.0,0.0,0.12743852415718168
phaseflip,dephasing,0.1,4,10,qiskit_aer,1,1,0.8202674999999998,0.8202674999999998,0.0,0.0,0.0,0.0,0.0,0.0,0.17973249999999985,0.004220086640105866,0.1819874999999999,0.1787249999999999,0.18299999999999983,0.17194999999999983,0.17194999999999983,1.0,0.8,1.0,0.0,0.0,0.0,0.0,0.0,0.1495788103929545,0.004220086640105866,0.15183381039295457,0.14857131039295457,0.1528463103929545,0.14179631039295448,0.14179631039295448,1.0,1.0,0.0,0.0,0.0,0.0,0.0,0.0,0.17370176207859078,0.013245386656059694,0.1819874999999999,0.17194999999999983,0.18299999999999983,0.14857131039295457,0.14857131039295457,1.0,1.0,0.8,0.0,0.0,0.0,0.0,0.0,0.0,0.006030737921409068,0.060307379214090684,0.030153689607045342,0.030153689607045342,0.17370176207859078,0.013245386656059694,0.1819874999999999,0.17194999999999983,0.18299999999999983,0.14857131039295457,0.14857131039295457,1.0,1.0,0.8,0.0,0.0,0.0,0.0,0.0,0.0,0.006030737921409068,0.060307379214090684,0.030153689607045342,0.030153689607045342,0.17370176207859078,0.013245386656059694,0.1819874999999999,0.17194999999999983,0.18299999999999983,0.14857131039295457,0.14857131039295457,1.0,1.0,0.8,0.0,0.0,0.0,0.0,0.0,0.0,0.006030737921409068,0.060307379214090684,0.030153689607045342,0.030153689607045342,0.17370176207859078,0.013245386656059694,0.1819874999999999,0.17194999999999983,0.18299999999999983,0.14857131039295457,0.14857131039295457,1.0,1.0,0.8,0.0,0.0,0.0,0.0,0.0,0.0,0.006030737921409068,0.060307379214090684,0.030153689607045342,0.030153689607045342,1.0,0.2,0.2,0.2,0.2,0.0,0.2,0.8,0.0,0.2,0.8,0.0,0.2,0.8,0.0,0.2,0.8,0.0,0.2,0.0,0.2,0.2,0.2,0.2,0.2,0.0,0.0,0.0,0.0,0.2,0.2,1.0,1.0,1.0,0.2,1.0,1.0,1.0,1.0,1.0,1.0,2,0,0.0,0.0,0.2,0.0,0.0,0.0,0.0,0.0,0.0,0.0,0.0,1.0,0.0,0.0,0.0,0.0,0.0,-0.4202674999882171,1.867034853552012e-21,1.867034853552012e-21,0.0,0.0,0.0,0,0,0,0,C1,0.0,0.0,0.17370176207859078,0.8,1.0,0.2,0.0,0.0,0.17370176207859078
phaseflip,dephasing,0.15,1,10,qiskit_aer,1,1,0.9250000000000002,0.9250000000000002,0.0,0.0,1.0,1.0,0.0,0.0,0.07499999999999973,0.0,0.07499999999999973,0.07499999999999973,0.07499999999999973,0.07499999999999973,0.07499999999999973,1.0,0.5,1.0,0.5,0.0,0.0,0.0,0.0,0.04484631039295439,0.0,0.04484631039295439,0.04484631039295439,0.04484631039295439,0.04484631039295439,0.04484631039295439,1.0,1.0,0.0,0.0,0.0,1.0,1.0,1.0,0.04484631039295439,0.0,0.04484631039295439,0.04484631039295439,0.04484631039295439,0.04484631039295439,0.04484631039295439,1.0,1.0,0.0,0.0,0.0,1.0,1.0,1.0,0.0,0.030153689607045342,0.3015368960704534,0.030153689607045342,0.030153689607045342,0.05992315519647706,0.015076844803522671,0.05992315519647706,0.04484631039295439,0.07499999999999973,0.04484631039295439,0.04484631039295439,1.0,1.0,0.5,0.0,0.0,0.5,0.5,0.5,0.0,0.015076844803522671,0.1507684480352267,0.030153689607045342,0.030153689607045342,0.05992315519647706,0.015076844803522671,0.05992315519647706,0.04484631039295439,0.07499999999999973,0.04484631039295439,0.04484631039295439,1.0,1.0,0.5,0.0,0.0,0.5,0.5,0.5,0.0,0.015076844803522671,0.1507684480352267,0.030153689607045342,0.030153689607045342,0.05992315519647706,0.015076844803522671,0.05992315519647706,0.04484631039295439,0.07499999999999973,0.04484631039295439,0.04484631039295439,1.0,1.0,0.5,0.0,0.0,0.5,0.5,0.5,0.0,0.015076844803522671,0.1507684480352267,0.030153689607045342,0.030153689607045342,1.0,1.0,0.5,0.5,0.5,0.0,1.0,0.0,1.0,0.5,1.0,1.0,0.5,1.0,1.0,0.5,1.0,1.0,0.5,0.5,0.5,0.5,0.5,0.5,0.5,0.0,0.0,0.0,0.0,0.5,0.5,1.0,1.0,1.0,0.5,1.0,1.0,1.0,1.0,1.0,1.0,5,0,0.0,0.0,0.5,0.0,0.0,0.0,0.0,0.0,0.0,0.0,0.0,1.0,0.0,0.0,0.0,0.0,0.0,0.07500000025964274,1.268241029256286e-17,1.268241029256286e-17,0.0,0.0,0.0,0,0,0,0,C2,0.0,0.0,0.05992315519647706,0.5,1.0,0.5,0.0,0.0,0.05992315519647706
phaseflip,dephasing,0.15,2,10,qiskit_aer,1,1,0.8590000000000001,0.8590000000000001,0.0,0.0,0.0,0.0,0.0,0.0,0.14099999999999968,0.00275567596063103,0.1387499999999997,0.1387499999999997,0.1443749999999996,0.1387499999999997,0.1387499999999997,1.0,0.4,1.0,0.0,0.0,0.0,0.0,0.0,0.11084631039295433,0.00275567596063103,0.10859631039295436,0.10859631039295436,0.11422131039295425,0.10859631039295436,0.10859631039295436,1.0,1.0,0.0,0.0,0.0,0.0,0.0,0.0,0.12290778623577246,0.015471965278641836,0.11422131039295425,0.10859631039295436,0.1387499999999997,0.10859631039295436,0.10859631039295436,1.0,1.0,0.4,0.0,0.0,0.0,0.0,0.0,0.0,0.018092213764227205,0.18092213764227205,0.030153689607045342,0.030153689607045342,0.12290778623577246,0.015471965278641836,0.11422131039295425,0.10859631039295436,0.1387499999999997,0.10859631039295436,0.10859631039295436,1.0,1.0,0.4,0.0,0.0,0.0,0.0,0.0,0.0,0.018092213764227205,0.18092213764227205,0.030153689607045342,0.030153689607045342,0.12290778623577246,0.015471965278641836,0.11422131039295425,0.10859631039295436,0.1387499999999997,0.10859631039295436,0.10859631039295436,1.0,1.0,0.4,0.0,0.0,0.0,0.0,0.0,0.0,0.018092213764227205,0.18092213764227205,0.030153689607045342,0.030153689607045342,0.12290778623577246,0.015471965278641836,0.11422131039295425,0.10859631039295436,0.1387499999999997,0.10859631039295436,0.10859631039295436,1.0,1.0,0.4,0.0,0.0,0.0,0.0,0.0,0.0,0.018092213764227205,0.18092213764227205,0.030153689607045342,0.030153689607045342,1.0,0.6,0.6,0.6,0.6,0.0,0.6,0.4,0.0,0.6,0.4,0.0,0.6,0.4,0.0,0.6,0.4,0.0,0.6,0.0,0.6,0.6,0.6,0.6,0.6,0.0,0.0,0.0,0.0,0.6,0.6,1.0,1.0,1.0,0.6,1.0,1.0,1.0,1.0,1.0,1.0,6,0,0.0,0.0,0.6,0.0,0.0,0.0,0.0,0.0,0.0,0.0,0.0,1.0,0.0,0.0,0.0,0.0,0.0,0.34100000001618674,1.176408038269519e-20,1.176408038269519e-20,0.0,0.0,0.0,0,0,0,0,C1,0.0,0.0,0.12290778623577246,0.4,1.0,0.6,0.0,0.0,0.12290778623577246
phaseflip,dephasing,0.15,3,10,qiskit_aer,1,1,0.79834375,0.79834375,0.0,0.0,0.0,0.0,0.0,0.0,0.20165624999999965,0.00604131284883512,0.2033437499999997,0.19553906249999972,0.20692968749999968,0.19293749999999954,0.19293749999999962,1.0,0.8,1.0,0.0,0.0,0.0,0.0,0.0,0.1715025603929543,0.00604131284883512,0.17319006039295437,0.16538537289295438,0.17677599789295434,0.1627838103929542,0.16278381039295428,1.0,1.0,0.0,0.0,0.0,0.0,0.0,0.0,0.19562551207859058,0.014979328638303289,0.2033437499999997,0.19293749999999954,0.20692968749999968,0.16746662289295436,0.16278381039295442,1.0,1.0,0.8,0.0,0.0,0.0,0.0,0.0,0.0,0.006030737921409068,0.060307379214090684,0.030153689607045342,0.030153689607045342,0.19562551207859058,0.014979328638303289,0.2033437499999997,0.19293749999999954,0.20692968749999968,0.16746662289295436,0.16278381039295442,1.0,1.0,0.8,0.0,0.0,0.0,0.0,0.0,0.0,0.006030737921409068,0.060307379214090684,0.030153689607045342,0.030153689607045342,0.19562551207859058,0.014979328638303289,0.2033437499999997,0.19293749999999954,0.20692968749999968,0.16746662289295436,0.16278381039295442,1.0,1.0,0.8,0.0,0.0,0.0,0.0,0.0,0.0,0.006030737921409068,0.060307379214090684,0.030153689607045342,0.030153689607045342,0.19562551207859058,0.014979328638303289,0.2033437499999997,0.19293749999999954,0.20692968749999968,0.16746662289295436,0.16278381039295442,1.0,1.0,0.8,0.0,0.0,0.0,0.0,0.0,0.0,0.006030737921409068,0.060307379214090684,0.030153689607045342,0.030153689607045342,1.0,0.2,0.2,0.2,0.2,0.0,0.2,0.8,0.0,0.2,0.8,0.0,0.2,0.8,0.0,0.2,0.8,0.0,0.2,0.0,0.2,0.2,0.2,0.2,0.2,0.0,0.0,0.0,0.0,0.2,0.2,1.0,1.0,1.0,0.2,1.0,1.0,1.0,1.0,1.0,1.0,2,0,0.0,0.0,0.2,0.0,0.0,0.0,0.0,0.0,0.0,0.0,0.0,1.0,0.0,0.0,0.0,0.0,0.0,-0.3983437499941582,4.332225182367674e-21,4.332225182367674e-21,0.0,0.0,0.0,0,0,0,0,C1,0.0,0.0,0.19562551207859058,0.8,1.0,0.2,0.0,0.0,0.19562551207859058
phaseflip,dephasing,0.15,4,10,qiskit_aer,1,1,0.7445260937500001,0.7445260937500001,0.0,0.0,0.0,0.0,0.0,0.0,0.25547390624999966,0.00890263334050704,0.26028046874999966,0.25346718749999964,0.2623124999999996,0.23899687499999966,0.23899687499999966,1.0,1.0,1.0,0.0,0.0,0.0,0.0,0.0,0.2253202166429543,0.00890263334050704,0.23012677914295432,0.2233134978929543,0.23215881039295427,0.20884318539295432,0.20884318539295432,1.0,1.0,0.0,0.0,0.0,0.0,0.0,0.0,0.25547390624999966,0.00890263334050704,0.26028046874999966,0.25346718749999964,0.2623124999999996,0.23899687499999966,0.23899687499999966,1.0,1.0,1.0,0.0,0.0,0.0,0.0,0.0,0.0,0.0,0.0,0.0,0.0,0.25547390624999966,0.00890263334050704,0.26028046874999966,0.25346718749999964,0.2623124999999996,0.23899687499999966,0.23899687499999966,1.0,1.0,1.0,0.0,0.0,0.0,0.0,0.0,0.0,0.0,0.0,0.0,0.0,0.25547390624999966,0.00890263334050704,0.26028046874999966,0.25346718749999964,0.2623124999999996,0.23899687499999966,0.23899687499999966,1.0,1.0,1.0,0.0,0.0,0.0,0.0,0.0,0.0,0.0,0.0,0.0,0.0,0.25547390624999966,0.00890263334050704,0.26028046874999966,0.25346718749999964,0.2623124999999996,0.23899687499999966,0.23899687499999966,1.0,1.0,1.0,0.0,0.0,0.0,0.0,0.0,0.0,0.0,0.0,0.0,0.0,1.0,0.0,0.0,0.0,0.0,0.0,0.0,1.0,0.0,0.0,1.0,0.0,0.0,1.0,0.0,0.0,1.0,0.0,0.0,0.0,0.0,0.0,0.0,0.0,0.0,0.0,0.0,0.0,0.0,0.0,0.0,1.0,1.0,1.0,0.0,0.0,0.0,0.0,0.0,0.0,0.0,0,0,0.0,0.0,0.0,0.0,0.0,0.0,0.0,0.0,0.0,0.0,0.0,1.0,0.0,0.0,0.0,0.0,0.0,-0.7445260937488213,0.0,0.0,0.0,0.0,0.0,0,0,0,0,C1,0.0,0.0,0.25547390624999966,1.0,1.0,0.0,0.0,0.0,0.25547390624999966
phaseflip,dephasing,0.2,1,10,qiskit_aer,1,1,0.9000000000000001,0.9000000000000001,0.0,0.0,1.0,1.0,0.0,0.0,0.09999999999999964,0.0,0.09999999999999964,0.09999999999999964,0.09999999999999964,0.09999999999999964,0.09999999999999964,1.0,0.8,1.0,0.2,0.0,0.0,0.0,0.0,0.0698463103929543,0.0,0.0698463103929543,0.0698463103929543,0.0698463103929543,0.0698463103929543,0.0698463103929543,1.0,1.0,0.0,0.0,0.0,1.0,1.0,1.0,0.0698463103929543,0.0,0.0698463103929543,0.0698463103929543,0.0698463103929543,0.0698463103929543,0.0698463103929543,1.0,1.0,0.0,0.0,0.0,1.0,1.0,1.0,0.0,0.030153689607045342,0.3015368960704534,0.030153689607045342,0.030153689607045342,0.09396926207859058,0.012061475842818137,0.09999999999999964,0.09999999999999964,0.09999999999999964,0.0698463103929543,0.0698463103929543,1.0,1.0,0.8,0.0,0.0,0.2,0.2,0.2,0.0,0.006030737921409068,0.060307379214090684,0.030153689607045342,0.030153689607045342,0.09396926207859058,0.012061475842818137,0.09999999999999964,0.09999999999999964,0.09999999999999964,0.0698463103929543,0.0698463103929543,1.0,1.0,0.8,0.0,0.0,0.2,0.2,0.2,0.0,0.006030737921409068,0.060307379214090684,0.030153689607045342,0.030153689607045342,0.09396926207859058,0.012061475842818137,0.09999999999999964,0.09999999999999964,0.09999999999999964,0.0698463103929543,0.0698463103929543,1.0,1.0,0.8,0.0,0.0,0.2,0.2,0.2,0.0,0.006030737921409068,0.060307379214090684,0.030153689607045342,0.030153689607045342,1.0,1.0,0.2,0.2,0.2,0.0,1.0,0.0,1.0,0.2,1.0,1.0,0.2,1.0,1.0,0.2,1.0,1.0,0.2,0.8,0.2,0.2,0.2,0.2,0.2,0.0,0.0,0.0,0.0,0.2,0.2,1.0,1.0,1.0,0.2,1.0,1.0,1.0,1.0,1.0,1.0,2,0,0.0,0.0,0.2,0.0,0.0,0.0,0.0,0.0,0.0,0.0,0.0,1.0,0.0,0.0,0.0,0.0,0.0,-0.4999999998994231,4.629530721534989e-18,4.629530721534989e-18,0.0,0.0,0.0,0,0,0,0,C2,0.0,0.0,0.09396926207859058,0.8,1.0,0.2,0.0,0.0,0.09396926207859058
phaseflip,dephasing,0.2,2,10,qiskit_aer,1,1,0.8160000000000001,0.8160000000000001,0.0,0.0,0.0,0.0,0.0,0.0,0.1839999999999997,0.00489897948556632,0.17999999999999972,0.17999999999999972,0.1899999999999996,0.17999999999999972,0.17999999999999972,1.0,0.7,1.0,0.0,0.0,0.0,0.0,0.0,0.15384631039295435,0.00489897948556632,0.14984631039295437,0.14984631039295437,0.15984631039295427,0.14984631039295437,0.14984631039295437,1.0,1.0,0.0,0.0,0.0,0.0,0.0,0.0,0.1749538931178861,0.01695023021701166,0.17999999999999972,0.1573847327947157,0.1899999999999996,0.14984631039295437,0.14984631039295437,1.0,1.0,0.7,0.0,0.0,0.0,0.0,0.0,0.0,0.009046106882113603,0.09046106882113603,0.030153689607045342,0.030153689607045342,0.1749538931178861,0.01695023021701166,0.17999999999999972,0.1573847327947157,0.1899999999999996,0.14984631039295437,0.14984631039295437,1.0,1.0,0.7,0.0,0.0,0.0,0.0,0.0,0.0,0.009046106882113603,0.09046106882113603,0.030153689607045342,0.030153689607045342,0.1749538931178861,0.01695023021701166,0.17999999999999972,0.1573847327947157,0.1899999999999996,0.14984631039295437,0.14984631039295437,1.0,1.0,0.7,0.0,0.0,0.0,0.0,0.0,0.0,0.009046106882113603,0.09046106882113603,0.030153689607045342,0.030153689607045342,0.1749538931178861,0.01695023021701166,0.17999999999999972,0.1573847327947157,0.1899999999999996,0.14984631039295437,0.14984631039295437,1.0,1.0,0.7,0.0,0.0,0.0,0.0,0.0,0.0,0.009046106882113603,0.09046106882113603,0.030153689607045342,0.030153689607045342,1.0,0.3,0.3,0.3,0.3,0.0,0.3,0.7,0.0,0.3,0.7,0.0,0.3,0.7,0.0,0.3,0.7,0.0,0.3,0.0,0.3,0.3,0.3,0.3,0.3,0.0,0.0,0.0,0.0,0.3,0.3,1.0,1.0,1.0,0.3,1.0,1.0,1.0,1.0,1.0,1.0,3,0,0.0,0.0,0.3,0.0,0.0,0.0,0.0,0.0,0.0,0.0,0.0,1.0,0.0,0.0,0.0,0.0,0.0,-0.21599999999208955,6.498337773551511e-21,6.498337773551511e-21,0.0,0.0,0.0,0,0,0,0,C1,0.0,0.0,0.1749538931178861,0.7,1.0,0.3,0.0,0.0,0.1749538931178861
phaseflip,dephasing,0.2,3,10,qiskit_aer,1,1,0.7410000000000001,0.7410000000000001,0.0,0.0,0.0,0.0,0.0,0.0,0.2589999999999997,0.010363397126425285,0.2619999999999997,0.24849999999999975,0.2679999999999997,0.24399999999999966,0.2439999999999997,1.0,0.7,1.0,0.0,0.0,0.0,0.0,0.0,0.22884631039295433,0.010363397126425285,0.23184631039295434,0.2183463103929544,0.23784631039295434,0.21384631039295432,0.21384631039295435,1.0,1.0,0.0,0.0,0.0,0.0,0.0,0.0,0.24995389311788607,0.01877812798565044,0.25299999999999967,0.23488473279471567,0.2679999999999997,0.2219463103929544,0.21384631039295443,1.0,1.0,0.7,0.0,0.0,0.0,0.0,0.0,0.0,0.009046106882113603,0.09046106882113603,0.030153689607045342,0.030153689607045342,0.24995389311788607,0.01877812798565044,0.25299999999999967,0.23488473279471567,0.2679999999999997,0.2219463103929544,0.21384631039295443,1.0,1.0,0.7,0.0,0.0,0.0,0.0,0.0,0.0,0.009046106882113603,0.09046106882113603,0.030153689607045342,0.030153689607045342,0.24995389311788607,0.01877812798565044,0.25299999999999967,0.23488473279471567,0.2679999999999997,0.2219463103929544,0.21384631039295443,1.0,1.0,0.7,0.0,0.0,0.0,0.0,0.0,0.0,0.009046106882113603,0.09046106882113603,0.030153689607045342,0.030153689607045342,0.24995389311788607,0.01877812798565044,0.25299999999999967,0.23488473279471567,0.2679999999999997,0.2219463103929544,0.21384631039295443,1.0,1.0,0.7,0.0,0.0,0.0,0.0,0.0,0.0,0.009046106882113603,0.09046106882113603,0.030153689607045342,0.030153689607045342,1.0,0.3,0.3,0.3,0.3,0.0,0.3,0.7,0.0,0.3,0.7,0.0,0.3,0.7,0.0,0.3,0.7,0.0,0.3,0.0,0.3,0.3,0.3,0.3,0.3,0.0,0.0,0.0,0.0,0.3,0.3,1.0,1.0,1.0,0.3,1.0,1.0,1.0,1.0,1.0,1.0,3,0,0.0,0.0,0.3,0.0,0.0,0.0,0.0,0.0,0.0,0.0,0.0,1.0,0.0,0.0,0.0,0.0,0.0,-0.140999999997846,4.033147444735849e-21,4.033147444735849e-21,0.0,0.0,0.0,0,0,0,0,C1,0.0,0.0,0.24995389311788607,0.7,1.0,0.3,0.0,0.0,0.24995389311788607
phaseflip,dephasing,0.2,4,10,qiskit_aer,1,1,0.6772800000000001,0.6772800000000001,0.0,0.0,0.0,0.0,0.0,0.0,0.3227199999999998,0.01481275126369163,0.33079999999999976,0.3195999999999999,0.33399999999999974,0.2951999999999999,0.2951999999999999,1.0,0.7,1.0,0.0,0.0,0.0,0.0,0.0,0.29256631039295444,0.01481275126369163,0.3006463103929544,0.28944631039295454,0.3038463103929544,0.26504631039295456,0.26504631039295456,1.0,1.0,0.0,0.0,0.0,0.0,0.0,0.0,0.3136738931178862,0.02669945436690913,0.3267999999999998,0.3029847327947158,0.33399999999999974,0.26504631039295456,0.26504631039295456,1.0,1.0,0.7,0.0,0.0,0.0,0.0,0.0,0.0,0.009046106882113603,0.09046106882113603,0.030153689607045342,0.030153689607045342,0.3136738931178862,0.02669945436690913,0.3267999999999998,0.3029847327947158,0.33399999999999974,0.26504631039295456,0.26504631039295456,1.0,1.0,0.7,0.0,0.0,0.0,0.0,0.0,0.0,0.009046106882113603,0.09046106882113603,0.030153689607045342,0.030153689607045342,0.3136738931178862,0.02669945436690913,0.3267999999999998,0.3029847327947158,0.33399999999999974,0.26504631039295456,0.26504631039295456,1.0,1.0,0.7,0.0,0.0,0.0,0.0,0.0,0.0,0.009046106882113603,0.09046106882113603,0.030153689607045342,0.030153689607045342,0.3136738931178862,0.02669945436690913,0.3267999999999998,0.3029847327947158,0.33399999999999974,0.26504631039295456,0.26504631039295456,1.0,1.0,0.7,0.0,0.0,0.0,0.0,0.0,0.0,0.009046106882113603,0.09046106882113603,0.030153689607045342,0.030153689607045342,1.0,0.3,0.3,0.3,0.3,0.0,0.3,0.7,0.0,0.3,0.7,0.0,0.3,0.7,0.0,0.3,0.7,0.0,0.3,0.0,0.3,0.3,0.3,0.3,0.3,0.0,0.0,0.0,0.0,0.3,0.3,1.0,1.0,1.0,0.3,1.0,1.0,1.0,1.0,1.0,1.0,3,0,0.0,0.0,0.3,0.0,0.0,0.0,0.0,0.0,0.0,0.0,0.0,1.0,0.0,0.0,0.0,0.0,0.0,-0.07727999999930169,5.26574260914368e-21,5.26574260914368e-21,0.0,0.0,0.0,0,0,0,0,C1,0.0,0.0,0.3136738931178862,0.7,1.0,0.3,0.0,0.0,0.3136738931178862
phaseflip,depolarizing,0.01,1,10,qiskit_aer,1,1,0.9933333333333335,0.9933333333333335,0.0,0.0,1.0,1.0,0.0,0.0,0.003410934004474031,0.0003067435859537975,0.003410934004474009,0.003222321262117689,0.003464823359432989,0.0030229306487693395,0.0029259298098430753,1.0,1.0,1.0,0.0,0.0,0.0,0.0,0.0,-0.020153689607045777,0.0,-0.020153689607045777,-0.020153689607045777,-0.020153689607045777,-0.020153689607045777,-0.020153689607045777,0.0,1.0,0.0,0.0,1.0,1.0,1.0,1.0,-0.0154623206267254,0.009383016516594714,-0.020153689607045777,-0.020153689607045777,-0.020153689607045777,-0.020153689607045777,-0.020153689607045777,0.2,1.0,0.2,0.0,0.8,0.8,0.8,0.8,0.0,0.018873254631199432,0.18873254631199432,0.0240711835481342,0.02426518522598653,0.003410934004474031,0.0003067435859537975,0.003410934004474009,0.003222321262117689,0.003464823359432989,0.0030229306487693395,0.0029259298098430753,1.0,1.0,1.0,0.0,0.0,0.0,0.0,0.0,0.0,0.0,0.0,0.0,0.0,0.003410934004474031,0.0003067435859537975,0.003410934004474009,0.003222321262117689,0.003464823359432989,0.0030229306487693395,0.0029259298098430753,1.0,1.0,1.0,0.0,0.0,0.0,0.0,0.0,0.0,0.0,0.0,0.0,0.0,0.003410934004474031,0.0003067435859537975,0.003410934004474009,0.003222321262117689,0.003464823359432989,0.0030229306487693395,0.0029259298098430753,1.0,1.0,1.0,0.0,0.0,0.0,0.0,0.0,0.0,0.0,0.0,0.0,0.0,1.0,0.8,0.0,0.0,0.0,0.0,0.8,0.2,0.0,0.0,1.0,0.0,0.0,1.0,0.0,0.0,1.0,0.0,0.0,0.8,0.0,0.0,0.0,0.0,0.0,0.0,0.0,0.0,0.0,0.0,0.0,1.0,1.0,1.0,0.0,0.0,0.0,0.0,0.0,0.0,0.0,0,0,0.0,0.0,0.0,0.0,0.0,0.0,0.0,0.0,0.0,0.0,0.0,1.0,0.0,0.0,0.0,0.0,0.0,-0.993333319332175,0.0,0.0,0.0,0.0,0.0,0,0,0,0,C2,0.0,0.0,0.003410934004474031,1.0,1.0,0.0,0.0,0.0,0.003410934004474031
phaseflip,depolarizing,0.01,2,10,qiskit_aer,1,1,0.9867377777777778,0.9867377777777778,0.0,0.0,1.0,1.0,0.0,0.0,0.006568194316568077,0.0005648728044036847,0.006616096184356324,0.006317706253315347,0.006890760831245568,0.005715707130991898,0.005277904148461965,1.0,1.0,0.0,0.0,0.0,1.0,1.0,1.0,-0.010278134051490029,1.0886621079107667e-05,-0.010287022940378976,-0.010287022940378976,-0.010264800718156608,-0.010287022940378976,-0.010287022940378976,0.0,1.0,0.0,0.0,1.0,1.0,1.0,1.0,-0.008495891141741829,0.005343776034252591,-0.010275911829267792,-0.010287022940378976,-0.010264800718156608,-0.010287022940378976,-0.010287022940378976,0.1,1.0,0.0,0.0,0.9,1.0,1.0,1.0,0.0,0.015064085458309905,0.15064085458309906,0.017209564750300898,0.01723365112202413,0.006568194316568077,0.0005648728044036847,0.006616096184356324,0.006317706253315347,0.006890760831245568,0.005715707130991898,0.005277904148461965,1.0,1.0,0.0,0.0,0.0,1.0,1.0,1.0,0.0,0.0,0.0,0.0,0.0,0.006568194316568077,0.0005648728044036847,0.006616096184356324,0.006317706253315347,0.006890760831245568,0.005715707130991898,0.005277904148461965,1.0,1.0,0.0,0.0,0.0,1.0,1.0,1.0,0.0,0.0,0.0,0.0,0.0,0.006568194316568077,0.0005648728044036847,0.006616096184356324,0.006317706253315347,0.006890760831245568,0.005715707130991898,0.005277904148461965,1.0,1.0,0.0,0.0,0.0,1.0,1.0,1.0,0.0,0.0,0.0,0.0,0.0,1.0,0.9,0.0,0.0,0.0,0.0,0.9,0.1,0.0,0.0,1.0,0.0,0.0,1.0,0.0,0.0,1.0,0.0,0.0,0.9,0.0,0.0,0.0,0.0,0.0,0.0,0.0,0.0,0.0,0.0,0.0,1.0,1.0,1.0,0.0,0.0,0.0,0.0,0.0,0.0,0.0,0,0,0.0,0.0,0.0,0.0,0.0,0.0,0.0,0.0,0.0,0.0,0.0,1.0,0.0,0.0,0.0,0.0,0.0,-0.9867377605659077,0.0,0.0,0.0,0.0,0.0,0,0,0,0,C2,0.0,0.0,0.006568194316568077,0.0,1.0,0.0,0.0,0.0,0.006568194316568077
phaseflip,depolarizing,0.01,3,10,qiskit_aer,1,1,0.9801905185185186,0.9801905185185186,0.0,0.0,1.0,1.0,0.0,0.0,0.010057002618905953,0.0005579531485919745,0.010285814946645433,0.009555150804688106,0.010493744000602129,0.009193891601603799,0.009150445130684082,1.0,1.0,0.0,0.0,0.0,1.0,1.0,1.0,-0.0005144303477863099,2.6162895851617987e-05,-0.0005077636811195996,-0.0005408747922307777,-0.0004913192366751973,-0.0005519118292678371,-0.0005519118292678371,0.0,1.0,0.0,0.0,0.0,1.0,1.0,1.0,-0.0005144303477863099,2.6162895851617987e-05,-0.0005077636811195996,-0.0005408747922307777,-0.0004913192366751973,-0.0005519118292678371,-0.0005519118292678371,0.0,1.0,0.0,0.0,0.0,1.0,1.0,1.0,0.0,0.010571432966692263,0.10571432966692262,0.011161857466308244,0.011200023986095653,0.010057002618905953,0.0005579531485919745,0.010285814946645433,0.009555150804688106,0.010493744000602129,0.009193891601603799,0.009150445130684082,1.0,1.0,0.0,0.0,0.0,1.0,1.0,1.0,0.0,0.0,0.0,0.0,0.0,0.010057002618905953,0.0005579531485919745,0.010285814946645433,0.009555150804688106,0.010493744000602129,0.009193891601603799,0.009150445130684082,1.0,1.0,0.0,0.0,0.0,1.0,1.0,1.0,0.0,0.0,0.0,0.0,0.0,0.010057002618905953,0.0005579531485919745,0.010285814946645433,0.009555150804688106,0.010493744000602129,0.009193891601603799,0.009150445130684082,1.0,1.0,0.0,0.0,0.0,1.0,1.0,1.0,0.0,0.0,0.0,0.0,0.0,0.7,1.0,0.0,0.0,0.0,0.0,1.0,0.0,0.0,0.0,1.0,0.0,0.0,1.0,0.0,0.0,1.0,0.0,0.0,1.0,0.0,0.0,0.0,0.0,0.0,0.0,0.0,0.0,0.0,0.0,0.0,1.0,1.0,1.0,0.0,0.0,0.0,0.0,0.0,0.0,0.0,0,0,0.0,0.0,0.0,0.0,0.0,0.0,0.0,0.0,0.0,0.0,0.0,1.0,0.0,0.0,0.0,0.0,0.0,-0.9801905072090741,0.0,0.0,0.0,0.0,0.0,0,0,0,0,C2,0.0,0.0,0.010057002618905953,0.0,1.0,0.0,0.0,0.0,0.010057002618905953
phaseflip,depolarizing,0.01,4,10,qiskit_aer,1,1,0.9737087462716051,0.9737087462716051,0.0,0.0,1.0,1.0,0.0,0.0,0.013055859122691171,0.0005998353732472839,0.013077499270169268,0.012905875461129673,0.013513065521006479,0.012040852232665943,0.011546390666056672,1.0,0.9,0.0,0.1,0.0,1.0,1.0,1.0,0.009129995528756773,4.1776203919311905e-05,0.009151922244806099,0.009119179528756849,0.00916273903492959,0.00905339780036174,0.00905339780036174,1.0,1.0,0.0,0.0,0.0,1.0,1.0,1.0,0.009129995528756773,4.1776203919311905e-05,0.009151922244806099,0.009119179528756849,0.00916273903492959,0.00905339780036174,0.00905339780036174,1.0,1.0,0.0,0.0,0.0,1.0,1.0,1.0,0.0,0.003925863593934398,0.03925863593934398,0.0045195395941995285,0.004538638902518821,0.012815330601553765,0.0012675285525302212,0.013077499270169268,0.012905875461129673,0.013513065521006479,0.010717945366410209,0.009141105454682608,1.0,1.0,0.0,0.0,0.0,1.0,1.0,1.0,0.0,0.00024052852113740642,0.002405285211374064,0.0013229068662557327,0.002405285211374064,0.012815330601553765,0.0012675285525302212,0.013077499270169268,0.012905875461129673,0.013513065521006479,0.010717945366410209,0.009141105454682608,1.0,1.0,0.0,0.0,0.0,1.0,1.0,1.0,0.0,0.00024052852113740642,0.002405285211374064,0.0013229068662557327,0.002405285211374064,0.012815330601553765,0.0012675285525302212,0.013077499270169268,0.012905875461129673,0.013513065521006479,0.010717945366410209,0.009141105454682608,1.0,1.0,0.0,0.0,0.0,1.0,1.0,1.0,0.0,0.00024052852113740642,0.002405285211374064,0.0013229068662557327,0.002405285211374064,0.1,1.0,0.1,0.1,0.1,0.0,1.0,0.0,1.0,0.1,1.0,1.0,0.1,1.0,1.0,0.1,1.0,1.0,0.1,0.9,0.1,0.1,0.1,0.1,0.1,0.0,0.0,0.0,0.0,0.1,0.1,1.0,1.0,1.0,0.1,1.0,1.0,1.0,1.0,1.0,1.0,1,0,0.0,0.0,0.0,0.0,0.0,0.0,0.0,0.0,0.0,0.0,0.0,1.0,0.0,0.0,0.0,0.0,0.0,-0.7737087392255261,0.013157411784587125,0.013157411784587125,0.0,0.0,0.0,0,0,0,0,C2,0.0,0.0,0.012815330601553765,0.0,1.0,0.1,0.0,0.0,0.012815330601553765
phaseflip,depolarizing,0.03,1,10,qiskit_aer,1,1,0.98,0.98,0.0,0.0,1.0,1.0,0.0,0.0,0.009942602040816439,0.0005493379914720596,0.009884141156462634,0.00945897108843552,0.010176445578231497,0.009296875000000083,0.009272959183673657,1.0,0.8,0.0,0.2,0.0,1.0,1.0,1.0,-0.00015368960704553736,0.0,-0.00015368960704553736,-0.00015368960704553736,-0.00015368960704553736,-0.00015368960704553736,-0.00015368960704553736,0.0,1.0,0.0,0.0,0.0,1.0,1.0,1.0,0.0038827012017591312,0.00494791788244669,-0.00015368960704553736,-0.00015368960704553736,0.009857568027210939,-0.00015368960704553736,-0.00015368960704553736,0.4,1.0,0.0,0.0,0.0,1.0,1.0,1.0,0.0,0.006059900839057308,0.060599008390573084,0.01099446341656946,0.011233621579834763,0.007881889629611394,0.004049924627271138,0.009538690476190603,0.009286245748299449,0.0101365858843539,-0.00015368960704553736,-0.00015368960704553736,0.8,1.0,0.0,0.0,0.0,1.0,1.0,1.0,0.0,0.002060712411205046,0.020607124112050457,0.01034342174990278,0.010702158994800759,0.007881889629611394,0.004049924627271138,0.009538690476190603,0.009286245748299449,0.0101365858843539,-0.00015368960704553736,-0.00015368960704553736,0.8,1.0,0.0,0.0,0.0,1.0,1.0,1.0,0.0,0.002060712411205046,0.020607124112050457,0.01034342174990278,0.010702158994800759,0.007881889629611394,0.004049924627271138,0.009538690476190603,0.009286245748299449,0.0101365858843539,-0.00015368960704553736,-0.00015368960704553736,0.8,1.0,0.0,0.0,0.0,1.0,1.0,1.0,0.0,0.002060712411205046,0.020607124112050457,0.01034342174990278,0.010702158994800759,0.6,0.6,0.2,0.2,0.2,0.0,0.6,0.5,1.0,0.2,1.0,1.0,0.2,1.0,1.0,0.2,1.0,1.0,0.2,0.4,0.2,0.2,0.2,0.2,0.2,0.0,0.0,0.0,0.0,0.2,0.2,1.0,1.0,1.0,0.2,1.0,1.0,1.0,1.0,1.0,1.0,2,0,0.0,0.0,0.1,0.0,0.0,0.0,0.0,0.0,0.0,0.0,0.0,1.0,0.0,0.0,0.0,0.0,0.0,-0.5799999946422019,3.099630017959843e-21,3.099630017959843e-21,0.0,0.0,0.0,0,0,0,0,C2,0.0,0.0,0.007881889629611394,0.0,0.8,0.2,0.0,0.0,0.007881889629611394
phaseflip,depolarizing,0.03,2,10,qiskit_aer,1,1,0.9606399999999999,0.9606399999999999,0.0,0.0,1.0,1.0,0.0,0.0,0.01972377224865717,0.0009521181650847022,0.02007003531348467,0.018736088392603545,0.02056363447127396,0.018317297941012035,0.01823573511037091,1.0,1.0,0.0,0.0,0.0,1.0,1.0,1.0,0.02872631039295439,9.797958971131634e-05,0.0286463103929544,0.0286463103929544,0.028846310392954377,0.0286463103929544,0.0286463103929544,1.0,1.0,0.0,0.0,0.0,1.0,1.0,1.0,0.02872631039295439,9.797958971131634e-05,0.0286463103929544,0.0286463103929544,0.028846310392954377,0.0286463103929544,0.0286463103929544,1.0,1.0,0.0,0.0,0.0,1.0,1.0,1.0,0.0,0.0,0.0,0.0,0.0,0.01972377224865717,0.0009521181650847022,0.02007003531348467,0.018736088392603545,0.02056363447127396,0.018317297941012035,0.01823573511037091,1.0,1.0,0.0,0.0,0.0,1.0,1.0,1.0,0.0,0.009002538144297223,0.09002538144297223,0.010439012451942353,0.010610575282583468,0.01972377224865717,0.0009521181650847022,0.02007003531348467,0.018736088392603545,0.02056363447127396,0.018317297941012035,0.01823573511037091,1.0,1.0,0.0,0.0,0.0,1.0,1.0,1.0,0.0,0.009002538144297223,0.09002538144297223,0.010439012451942353,0.010610575282583468,0.01972377224865717,0.0009521181650847022,0.02007003531348467,0.018736088392603545,0.02056363447127396,0.018317297941012035,0.01823573511037091,1.0,1.0,0.0,0.0,0.0,1.0,1.0,1.0,0.0,0.009002538144297223,0.09002538144297223,0.010439012451942353,0.010610575282583468,0.3,1.0,0.0,0.0,0.0,0.0,1.0,0.0,1.0,0.0,1.0,0.0,0.0,1.0,0.0,0.0,1.0,0.0,0.0,1.0,0.0,0.0,0.0,0.0,0.0,0.0,0.0,0.0,0.0,0.0,0.0,1.0,1.0,1.0,0.0,0.0,0.0,0.0,0.0,0.0,0.0,0,0,0.0,0.0,0.0,0.0,0.0,0.0,0.0,0.0,0.0,0.0,0.0,1.0,0.0,0.0,0.0,0.0,0.0,-0.9606399979633526,0.0,0.0,0.0,0.0,0.0,0,0,0,0,C1,0.0,0.0,0.02872631039295439,0.0,1.0,1.0,0.0,0.0,0.02872631039295439
phaseflip,depolarizing,0.03,3,10,qiskit_aer,1,1,0.9417040000000001,0.9417040000000001,0.0,0.0,1.0,1.0,0.0,0.0,0.029089327167945035,0.001011341455297518,0.028922659313894816,0.028638892407363337,0.029329410815842144,0.0278797135135913,0.027850042651531903,1.0,0.9,0.0,0.1,0.0,1.0,1.0,1.0,0.056626310392954425,0.0002314268783007252,0.05668631039295435,0.05639231039295439,0.0568303103929545,0.056294310392954405,0.056294310392954405,1.0,1.0,0.0,0.0,0.0,1.0,1.0,1.0,0.056626310392954425,0.0002314268783007252,0.05668631039295435,0.05639231039295439,0.0568303103929545,0.056294310392954405,0.056294310392954405,1.0,1.0,0.0,0.0,0.0,1.0,1.0,1.0,0.0,0.0,0.0,0.0,0.0,0.031561411091888515,0.008264721816575619,0.028922659313894816,0.028638892407363337,0.029329410815842144,0.0278797135135913,0.027850042651531903,1.0,1.0,0.0,0.0,0.0,1.0,1.0,1.0,0.0,0.025064899301065913,0.2506489930106591,0.028905603354461074,0.028962332492401766,0.031561411091888515,0.008264721816575619,0.028922659313894816,0.028638892407363337,0.029329410815842144,0.0278797135135913,0.027850042651531903,1.0,1.0,0.0,0.0,0.0,1.0,1.0,1.0,0.0,0.025064899301065913,0.2506489930106591,0.028905603354461074,0.028962332492401766,0.031561411091888515,0.008264721816575619,0.028922659313894816,0.028638892407363337,0.029329410815842144,0.0278797135135913,0.027850042651531903,1.0,1.0,0.0,0.0,0.0,1.0,1.0,1.0,0.0,0.025064899301065913,0.2506489930106591,0.028905603354461074,0.028962332492401766,1.0,1.0,0.1,0.1,0.1,0.0,1.0,0.0,1.0,0.1,0.0,0.1,0.1,0.0,0.1,0.1,0.0,0.1,0.1,0.9,0.1,0.1,0.1,0.1,0.1,0.0,0.0,0.0,0.0,0.1,0.1,1.0,1.0,1.0,0.1,1.0,1.0,1.0,1.0,1.0,1.0,1,0,0.0,0.0,0.0,0.1,0.0,0.0,0.0,0.0,0.0,0.0,0.0,1.0,0.0,0.0,0.0,0.0,0.0,-0.7417039993989795,8.329088413222993e-21,8.329088413222993e-21,0.0,0.0,0.0,0,0,0,0,C1,0.0,0.0,0.056626310392954425,0.0,1.0,1.0,0.0,0.0,0.056626310392954425
phaseflip,depolarizing,0.03,4,10,qiskit_aer,1,1,0.923336448,0.923336448,0.0,0.0,1.0,1.0,0.0,0.0,0.03802937722631196,0.0011994997973470995,0.03800314699584423,0.037306240209503516,0.03871687775146074,0.036334441945186806,0.03568052478066874,1.0,0.8,0.0,0.2,0.0,1.0,1.0,1.0,0.08350480639295439,0.00036392588045372015,0.08369687039295443,0.08341271039295442,0.08378903039295438,0.08283639039295432,0.08283639039295432,1.0,1.0,0.0,0.0,0.0,1.0,1.0,1.0,0.08350480639295439,0.00036392588045372015,0.08369687039295443,0.08341271039295442,0.08378903039295438,0.08283639039295432,0.08283639039295432,1.0,1.0,0.0,0.0,0.0,1.0,1.0,1.0,0.0,0.0,0.0,0.0,0.0,0.04684156407039103,0.01849192240752044,0.03800314699584423,0.037306240209503516,0.03871687775146074,0.036334441945186806,0.03568052478066874,1.0,1.0,0.0,0.0,0.0,1.0,1.0,1.0,0.0,0.036663242322563364,0.3666324232256336,0.04676129244776759,0.047155865612285575,0.04684156407039103,0.01849192240752044,0.03800314699584423,0.037306240209503516,0.03871687775146074,0.036334441945186806,0.03568052478066874,1.0,1.0,0.0,0.0,0.0,1.0,1.0,1.0,0.0,0.036663242322563364,0.3666324232256336,0.04676129244776759,0.047155865612285575,0.04684156407039103,0.01849192240752044,0.03800314699584423,0.037306240209503516,0.03871687775146074,0.036334441945186806,0.03568052478066874,1.0,1.0,0.0,0.0,0.0,1.0,1.0,1.0,0.0,0.036663242322563364,0.3666324232256336,0.04676129244776759,0.047155865612285575,1.0,1.0,0.2,0.2,0.2,0.0,1.0,0.0,1.0,0.2,0.0,0.2,0.2,0.0,0.2,0.2,0.0,0.2,0.2,0.8,0.2,0.2,0.2,0.2,0.2,0.0,0.0,0.0,0.0,0.2,0.2,1.0,1.0,1.0,0.2,1.0,1.0,1.0,1.0,1.0,1.0,2,0,0.0,0.0,0.0,0.2,0.0,0.0,0.0,0.0,0.0,0.0,0.0,1.0,0.0,0.0,0.0,0.0,0.0,-0.5233364478098129,1.867034853552012e-21,1.867034853552012e-21,0.0,0.0,0.0,0,0,0,0,C1,0.0,0.0,0.08350480639295439,0.0,1.0,1.0,0.0,0.0,0.08350480639295439
phaseflip,depolarizing,0.05,1,10,qiskit_aer,1,1,0.9666666666666666,0.9666666666666666,0.0,0.0,1.0,1.0,0.0,0.0,0.016703334530651315,0.0011092886920695316,0.016362847222222143,0.016166412236589878,0.017279543821839216,0.015236619971264336,0.015000897988505568,1.0,1.0,0.0,0.0,0.0,1.0,1.0,1.0,0.01984631039295426,1.1102230246251565e-16,0.01984631039295426,0.019846310392954147,0.01984631039295437,0.019846310392954147,0.01984631039295426,1.0,1.0,0.0,0.0,0.0,1.0,1.0,1.0,0.01984631039295426,1.1102230246251565e-16,0.01984631039295426,0.019846310392954147,0.01984631039295437,0.019846310392954147,0.01984631039295426,1.0,1.0,0.0,0.0,0.0,1.0,1.0,1.0,0.0,0.0,0.0,0.0,0.0,0.016703334530651315,0.0011092886920695316,0.016362847222222143,0.016166412236589878,0.017279543821839216,0.015236619971264336,0.015000897988505568,1.0,1.0,0.0,0.0,0.0,1.0,1.0,1.0,0.0,0.0031429758623029436,0.031429758623029436,0.00460969042168991,0.004845412404448579,0.016703334530651315,0.0011092886920695316,0.016362847222222143,0.016166412236589878,0.017279543821839216,0.015236619971264336,0.015000897988505568,1.0,1.0,0.0,0.0,0.0,1.0,1.0,1.0,0.0,0.0031429758623029436,0.031429758623029436,0.00460969042168991,0.004845412404448579,0.016703334530651315,0.0011092886920695316,0.016362847222222143,0.016166412236589878,0.017279543821839216,0.015236619971264336,0.015000897988505568,1.0,1.0,0.0,0.0,0.0,1.0,1.0,1.0,0.0,0.0031429758623029436,0.031429758623029436,0.00460969042168991,0.004845412404448579,0.0,1.0,0.0,0.0,0.0,0.0,1.0,0.0,0.0,0.0,1.0,0.0,0.0,1.0,0.0,0.0,1.0,0.0,0.0,1.0,0.0,0.0,0.0,0.0,0.0,0.0,0.0,0.0,0.0,0.0,0.0,1.0,1.0,1.0,0.0,0.0,0.0,0.0,0.0,0.0,0.0,0,0,0.0,0.0,0.0,0.0,0.0,0.0,0.0,0.0,0.0,0.0,0.0,1.0,0.0,0.0,0.0,0.0,0.0,-0.9666666629042296,0.0,0.0,0.0,0.0,0.0,0,0,0,0,C2,0.0,0.0,0.016703334530651315,0.0,1.0,0.0,0.0,0.0,0.01984631039295426
phaseflip,depolarizing,0.05,2,10,qiskit_aer,1,1,0.9351111111111111,0.9351111111111111,0.0,0.0,1.0,1.0,0.0,0.0,0.032061044369629955,0.0008951373845042543,0.031976648170167765,0.03139236291557118,0.03250864962721031,0.03095274767418843,0.030702692003166998,1.0,0.8,0.0,0.2,0.0,1.0,1.0,1.0,0.06673519928184327,0.0002721655269759512,0.066512977059621,0.066512977059621,0.06706853261517665,0.066512977059621,0.066512977059621,1.0,1.0,0.0,0.0,0.0,1.0,1.0,1.0,0.06673519928184327,0.0002721655269759512,0.066512977059621,0.066512977059621,0.06706853261517665,0.066512977059621,0.066512977059621,1.0,1.0,0.0,0.0,0.0,1.0,1.0,1.0,0.0,0.0,0.0,0.0,0.0,0.03921701059312806,0.013805790678010165,0.03234447166138815,0.031976648170167765,0.03358531861192146,0.031417497608208035,0.03125837127210351,1.0,1.0,0.0,0.0,0.0,1.0,1.0,1.0,0.0,0.027518188688715205,0.27518188688715206,0.035181381183388614,0.03525460578751749,0.03921701059312806,0.013805790678010165,0.03234447166138815,0.031976648170167765,0.03358531861192146,0.031417497608208035,0.03125837127210351,1.0,1.0,0.0,0.0,0.0,1.0,1.0,1.0,0.0,0.027518188688715205,0.27518188688715206,0.035181381183388614,0.03525460578751749,0.03921701059312806,0.013805790678010165,0.03234447166138815,0.031976648170167765,0.03358531861192146,0.031417497608208035,0.03125837127210351,1.0,1.0,0.0,0.0,0.0,1.0,1.0,1.0,0.0,0.027518188688715205,0.27518188688715206,0.035181381183388614,0.03525460578751749,1.0,1.0,0.2,0.2,0.2,0.0,1.0,0.0,1.0,0.2,0.0,0.2,0.2,0.0,0.2,0.2,0.0,0.2,0.2,0.8,0.2,0.2,0.2,0.2,0.2,0.0,0.0,0.0,0.0,0.2,0.2,1.0,1.0,1.0,0.2,1.0,1.0,1.0,1.0,1.0,1.0,2,0,0.0,0.0,0.0,0.2,0.0,0.0,0.0,0.0,0.0,0.0,0.0,1.0,0.0,0.0,0.0,0.0,0.0,-0.5351111107933955,0.02041703771650597,0.02041703771650597,0.0,0.0,0.0,0,0,0,0,C1,0.0,0.0,0.06673519928184327,0.0,1.0,1.0,0.0,0.0,0.06673519928184327
phaseflip,depolarizing,0.05,3,10,qiskit_aer,1,1,0.9047037037037037,0.9047037037037037,0.0,0.0,1.0,1.0,0.0,0.0,0.04753832264791487,0.001552394226506824,0.04754218730332904,0.04691227914873575,0.04816134038475234,0.04519186001977906,0.04427002469338037,1.0,0.8,0.0,0.2,0.0,1.0,1.0,1.0,0.11097594002258405,0.000631641665357513,0.11114260668925069,0.11033705113369516,0.11153149557813949,0.11006853261517668,0.11006853261517668,1.0,1.0,0.0,0.0,0.0,1.0,1.0,1.0,0.1046886315413287,0.01881689222868253,0.11114260668925058,0.11006853261517668,0.11153149557813949,0.07607907670901297,0.0482695218766972,1.0,1.0,0.0,0.0,0.0,1.0,1.0,1.0,0.0,0.00628730848125536,0.0628730848125536,0.03458019664690441,0.0628730848125536,0.060148574854533385,0.025407721343959567,0.047781778317756096,0.04691227914873575,0.0500121207462077,0.04519186001977906,0.04427002469338037,1.0,1.0,0.0,0.0,0.0,1.0,1.0,1.0,0.0,0.05082736516805066,0.5082736516805066,0.06595074666947161,0.0668725819958702,0.060148574854533385,0.025407721343959567,0.047781778317756096,0.04691227914873575,0.0500121207462077,0.04519186001977906,0.04427002469338037,1.0,1.0,0.0,0.0,0.0,1.0,1.0,1.0,0.0,0.05082736516805066,0.5082736516805066,0.06595074666947161,0.0668725819958702,0.060148574854533385,0.025407721343959567,0.047781778317756096,0.04691227914873575,0.0500121207462077,0.04519186001977906,0.04427002469338037,1.0,1.0,0.0,0.0,0.0,1.0,1.0,1.0,0.0,0.05082736516805066,0.5082736516805066,0.06595074666947161,0.0668725819958702,1.0,0.9,0.2,0.2,0.2,0.0,0.9,0.0,0.9,0.2,0.0,0.2,0.2,0.0,0.2,0.2,0.0,0.2,0.2,0.7,0.2,0.2,0.2,0.2,0.2,0.0,0.0,0.0,0.0,0.2,0.2,1.0,1.0,1.0,0.2,1.0,1.0,1.0,1.0,1.0,1.0,2,0,0.0,0.0,0.0,0.2,0.0,0.0,0.0,0.0,0.0,0.0,0.0,1.0,0.0,0.0,0.0,0.0,0.0,-0.5047037036446169,3.099630017959843e-21,3.099630017959843e-21,0.0,0.0,0.0,0,0,0,0,C1,0.0,0.0,0.1046886315413287,0.0,1.0,0.9,0.0,0.0,0.1046886315413287
phaseflip,depolarizing,0.05,4,10,qiskit_aer,1,1,0.8758182716049381,0.8758182716049381,0.0,0.0,0.0,0.0,0.0,0.0,0.06130330760103001,0.001527861488099502,0.061556224040132446,0.060066327129411484,0.06226083298094981,0.05907847041791777,0.058900516168789996,1.0,0.8,0.0,0.0,0.0,0.0,0.0,0.0,0.15251989063986815,0.0009780251588791563,0.15303890298554712,0.15227840915838664,0.1532808782941891,0.15072038446702873,0.15072038446702873,1.0,1.0,0.0,0.0,0.0,0.0,0.0,0.0,0.0796859093515812,0.036827634384340516,0.062249087758951105,0.06016050437876111,0.06337831411388281,0.05907847041791777,0.058900516168789996,1.0,1.0,0.0,0.0,0.0,0.0,0.0,0.0,0.0,0.07283398128828694,0.7283398128828694,0.09322207251871625,0.09398490823844852,0.0796859093515812,0.036827634384340516,0.062249087758951105,0.06016050437876111,0.06337831411388281,0.05907847041791777,0.058900516168789996,1.0,1.0,0.0,0.0,0.0,0.0,0.0,0.0,0.0,0.07283398128828694,0.7283398128828694,0.09322207251871625,0.09398490823844852,0.0796859093515812,0.036827634384340516,0.062249087758951105,0.06016050437876111,0.06337831411388281,0.05907847041791777,0.058900516168789996,1.0,1.0,0.0,0.0,0.0,0.0,0.0,0.0,0.0,0.07283398128828694,0.7283398128828694,0.09322207251871625,0.09398490823844852,0.0796859093515812,0.036827634384340516,0.062249087758951105,0.06016050437876111,0.06337831411388281,0.05907847041791777,0.058900516168789996,1.0,1.0,0.0,0.0,0.0,0.0,0.0,0.0,0.0,0.07283398128828694,0.7283398128828694,0.09322207251871625,0.09398490823844852,1.0,0.2,0.2,0.2,0.2,0.0,0.2,0.0,0.2,0.2,0.0,0.2,0.2,0.0,0.2,0.2,0.0,0.2,0.2,0.0,0.2,0.2,0.2,0.2,0.2,0.0,0.0,0.0,0.0,0.2,0.2,1.0,1.0,1.0,0.2,1.0,1.0,1.0,1.0,1.0,1.0,2,0,0.0,0.0,0.0,0.2,0.0,0.0,0.0,0.0,0.0,0.0,0.0,1.0,0.0,0.0,0.0,0.0,0.0,-0.47581827155778283,0.04962956069115777,0.04962956069115777,0.0,0.0,0.0,0,0,0,0,C1,0.0,0.0,0.0796859093515812,0.0,1.0,0.2,0.0,0.0,0.0796859093515812
phaseflip,depolarizing,0.1,1,10,qiskit_aer,1,1,0.9333333333333333,0.9333333333333333,0.0,0.0,1.0,1.0,0.0,0.0,0.033630564856150805,0.001003589357471686,0.03375651041666661,0.032711162264384946,0.03452477833581352,0.03233080667162696,0.03219478546626975,1.0,0.9,0.0,0.1,0.0,1.0,1.0,1.0,0.0698463103929543,0.0,0.0698463103929543,0.0698463103929543,0.0698463103929543,0.0698463103929543,0.0698463103929543,1.0,1.0,0.0,0.0,0.0,1.0,1.0,1.0,0.06608115790028585,0.011295457478005368,0.0698463103929543,0.0698463103929543,0.0698463103929543,0.0491379716832778,0.03219478546626975,1.0,1.0,0.0,0.0,0.0,1.0,1.0,1.0,0.0,0.0037651524926684554,0.037651524926684554,0.020708338709676463,0.037651524926684554,0.03734030130219226,0.010877745372334538,0.03423510354662701,0.03284970238095236,0.03465072389632942,0.03233080667162696,0.03219478546626975,1.0,1.0,0.0,0.0,0.0,1.0,1.0,1.0,0.0,0.032506009090762046,0.32506009090762045,0.037515503721327344,0.037651524926684554,0.03734030130219226,0.010877745372334538,0.03423510354662701,0.03284970238095236,0.03465072389632942,0.03233080667162696,0.03219478546626975,1.0,1.0,0.0,0.0,0.0,1.0,1.0,1.0,0.0,0.032506009090762046,0.32506009090762045,0.037515503721327344,0.037651524926684554,0.03734030130219226,0.010877745372334538,0.03423510354662701,0.03284970238095236,0.03465072389632942,0.03233080667162696,0.03219478546626975,1.0,1.0,0.0,0.0,0.0,1.0,1.0,1.0,0.0,0.032506009090762046,0.32506009090762045,0.037515503721327344,0.037651524926684554,1.0,0.9,0.1,0.1,0.1,0.0,0.9,0.0,0.9,0.1,0.0,0.1,0.1,0.0,0.1,0.1,0.0,0.1,0.1,0.8,0.1,0.1,0.1,0.1,0.1,0.0,0.0,0.0,0.0,0.1,0.1,1.0,1.0,1.0,0.1,1.0,1.0,1.0,1.0,1.0,1.0,1,0,0.0,0.0,0.0,0.1,0.0,0.0,0.0,0.0,0.0,0.0,0.0,1.0,0.0,0.0,0.0,0.0,0.0,-0.733333333106236,9.33517426776006e-22,9.33517426776006e-22,0.0,0.0,0.0,0,0,0,0,C1,0.0,0.0,0.06608115790028585,0.0,1.0,0.9,0.0,0.0,0.06608115790028585
phaseflip,depolarizing,0.1,2,10,qiskit_aer,1,1,0.8737777777777779,0.8737777777777779,0.0,0.0,0.0,0.0,0.0,0.0,0.06237139219187042,0.0019501567748805913,0.06206433801411593,0.06129830543019865,0.06368158085232034,0.0595497622761563,0.0590052171460802,1.0,1.0,0.0,0.0,0.0,0.0,0.0,0.0,0.15740186594850986,0.0010886621079035691,0.15651297705962108,0.15651297705962097,0.1587351992818431,0.15651297705962097,0.156512977059621,1.0,1.0,0.0,0.0,0.0,0.0,0.0,0.0,0.06237139219187042,0.0019501567748805913,0.06206433801411593,0.06129830543019865,0.06368158085232034,0.0595497622761563,0.0590052171460802,1.0,1.0,0.0,0.0,0.0,0.0,0.0,0.0,0.0,0.09503047375663942,0.9503047375663942,0.09749493702978712,0.09750775991354088,0.06237139219187042,0.0019501567748805913,0.06206433801411593,0.06129830543019865,0.06368158085232034,0.0595497622761563,0.0590052171460802,1.0,1.0,0.0,0.0,0.0,0.0,0.0,0.0,0.0,0.09503047375663942,0.9503047375663942,0.09749493702978712,0.09750775991354088,0.06237139219187042,0.0019501567748805913,0.06206433801411593,0.06129830543019865,0.06368158085232034,0.0595497622761563,0.0590052171460802,1.0,1.0,0.0,0.0,0.0,0.0,0.0,0.0,0.0,0.09503047375663942,0.9503047375663942,0.09749493702978712,0.09750775991354088,0.06237139219187042,0.0019501567748805913,0.06206433801411593,0.06129830543019865,0.06368158085232034,0.0595497622761563,0.0590052171460802,1.0,1.0,0.0,0.0,0.0,0.0,0.0,0.0,0.0,0.09503047375663942,0.9503047375663942,0.09749493702978712,0.09750775991354088,1.0,0.0,0.0,0.0,0.0,0.0,0.0,0.0,0.0,0.0,0.0,0.0,0.0,0.0,0.0,0.0,0.0,0.0,0.0,0.0,0.0,0.0,0.0,0.0,0.0,0.0,0.0,0.0,0.0,0.0,0.0,1.0,1.0,1.0,0.0,0.0,0.0,0.0,0.0,0.0,0.0,0,0,0.0,0.0,0.0,0.0,0.0,0.0,0.0,0.0,0.0,0.0,0.0,1.0,0.0,0.0,0.0,0.0,0.0,-0.8737777777494087,0.0,0.0,0.0,0.0,0.0,0,0,0,0,C1,0.0,0.0,0.06237139219187042,0.0,1.0,0.0,0.0,0.0,0.06237139219187042
phaseflip,depolarizing,0.1,3,10,qiskit_aer,1,1,0.8185185185185185,0.8185185185185185,0.0,0.0,0.0,0.0,0.0,0.0,0.09041157135059477,0.002445531328648555,0.09063849990145917,0.08821514366846589,0.0924153057005464,0.0869410639818639,0.08663302265917905,1.0,1.0,0.0,0.0,0.0,0.0,0.0,0.0,0.2351055696522136,0.002414633031103689,0.23577223631888033,0.23266112520776924,0.23721668076332467,0.2316240881707321,0.23162408817073213,1.0,1.0,0.0,0.0,0.0,0.0,0.0,0.0,0.09041157135059477,0.002445531328648555,0.09063849990145917,0.08821514366846589,0.0924153057005464,0.0869410639818639,0.08663302265917905,1.0,1.0,0.0,0.0,0.0,0.0,0.0,0.0,0.0,0.14469399830161883,1.4469399830161884,0.1471668855627707,0.14730366657085348,0.09041157135059477,0.002445531328648555,0.09063849990145917,0.08821514366846589,0.0924153057005464,0.0869410639818639,0.08663302265917905,1.0,1.0,0.0,0.0,0.0,0.0,0.0,0.0,0.0,0.14469399830161883,1.4469399830161884,0.1471668855627707,0.14730366657085348,0.09041157135059477,0.002445531328648555,0.09063849990145917,0.08821514366846589,0.0924153057005464,0.0869410639818639,0.08663302265917905,1.0,1.0,0.0,0.0,0.0,0.0,0.0,0.0,0.0,0.14469399830161883,1.4469399830161884,0.1471668855627707,0.14730366657085348,0.09041157135059477,0.002445531328648555,0.09063849990145917,0.08821514366846589,0.0924153057005464,0.0869410639818639,0.08663302265917905,1.0,1.0,0.0,0.0,0.0,0.0,0.0,0.0,0.0,0.14469399830161883,1.4469399830161884,0.1471668855627707,0.14730366657085348,1.0,0.0,0.0,0.0,0.0,0.0,0.0,0.0,0.0,0.0,0.0,0.0,0.0,0.0,0.0,0.0,0.0,0.0,0.0,0.0,0.0,0.0,0.0,0.0,0.0,0.0,0.0,0.0,0.0,0.0,0.0,1.0,1.0,1.0,0.0,0.0,0.0,0.0,0.0,0.0,0.0,0,0,0.0,0.0,0.0,0.0,0.0,0.0,0.0,0.0,0.0,0.0,0.0,1.0,0.0,0.0,0.0,0.0,0.0,-0.8185185185117183,0.0,0.0,0.0,0.0,0.0,0,0,0,0,C1,0.0,0.0,0.09041157135059477,0.0,1.0,0.0,0.0,0.0,0.09041157135059477
phaseflip,depolarizing,0.1,4,10,qiskit_aer,1,1,0.7687960493827161,0.7687960493827161,0.0,0.0,0.0,0.0,0.0,0.0,0.11522806270973826,0.002983505101128119,0.11581670947033063,0.11486380246406394,0.1170591485600852,0.10985481177155229,0.10971392019191695,1.0,0.8,0.0,0.0,0.0,0.0,0.0,0.0,0.30336433508431254,0.003594152781580763,0.3052981622448063,0.30253766841764584,0.3061327301460409,0.29672038446702864,0.29672038446702864,1.0,1.0,0.0,0.0,0.0,0.0,0.0,0.0,0.15285029040330966,0.07668566860687762,0.11581670947033063,0.11486380246406394,0.11799151533074342,0.10985481177155229,0.10971392019191695,1.0,1.0,0.0,0.0,0.0,0.0,0.0,0.0,0.0,0.15051404468100285,1.5051404468100285,0.18950731208426544,0.1895176716031084,0.15285029040330966,0.07668566860687762,0.11581670947033063,0.11486380246406394,0.11799151533074342,0.10985481177155229,0.10971392019191695,1.0,1.0,0.0,0.0,0.0,0.0,0.0,0.0,0.0,0.15051404468100285,1.5051404468100285,0.18950731208426544,0.1895176716031084,0.15285029040330966,0.07668566860687762,0.11581670947033063,0.11486380246406394,0.11799151533074342,0.10985481177155229,0.10971392019191695,1.0,1.0,0.0,0.0,0.0,0.0,0.0,0.0,0.0,0.15051404468100285,1.5051404468100285,0.18950731208426544,0.1895176716031084,0.15285029040330966,0.07668566860687762,0.11581670947033063,0.11486380246406394,0.11799151533074342,0.10985481177155229,0.10971392019191695,1.0,1.0,0.0,0.0,0.0,0.0,0.0,0.0,0.0,0.15051404468100285,1.5051404468100285,0.18950731208426544,0.1895176716031084,1.0,0.2,0.2,0.2,0.2,0.0,0.2,0.0,0.2,0.2,0.0,0.2,0.2,0.0,0.2,0.2,0.0,0.2,0.2,0.0,0.2,0.2,0.2,0.2,0.2,0.0,0.0,0.0,0.0,0.2,0.2,1.0,1.0,1.0,0.2,1.0,1.0,1.0,1.0,1.0,1.0,2,0,0.0,0.0,0.0,0.2,0.0,0.0,0.0,0.0,0.0,0.0,0.0,1.0,0.0,0.0,0.0,0.0,0.0,-0.3687960493792563,0.047974693099702176,0.047974693099702176,0.0,0.0,0.0,0,0,0,0,C1,0.0,0.0,0.15285029040330966,0.0,1.0,0.2,0.0,0.0,0.15285029040330966
phaseflip,depolarizing,0.15,1,10,qiskit_aer,1,1,0.8999999999999999,0.8999999999999999,0.0,0.0,0.0,0.0,0.0,0.0,0.04980227623456809,0.002147629533559955,0.04937789351851868,0.04864245756172858,0.0515962577160497,0.046689332561728504,0.04636381172839521,1.0,0.9,0.0,0.0,0.0,0.0,0.0,0.0,0.11984631039295446,2.7755575615628914e-17,0.11984631039295446,0.11984631039295446,0.11984631039295446,0.11984631039295446,0.11984631039295443,1.0,1.0,0.0,0.0,0.0,0.0,0.0,0.0,0.056827416533122774,0.021115683468316,0.050125385802469336,0.04864245756172858,0.052452256944444664,0.046689332561728504,0.04636381172839521,1.0,1.0,0.0,0.0,0.0,0.0,0.0,0.0,0.0,0.06301889385983168,0.6301889385983168,0.07315697783122596,0.07348249866455925,0.056827416533122774,0.021115683468316,0.050125385802469336,0.04864245756172858,0.052452256944444664,0.046689332561728504,0.04636381172839521,1.0,1.0,0.0,0.0,0.0,0.0,0.0,0.0,0.0,0.06301889385983168,0.6301889385983168,0.07315697783122596,0.07348249866455925,0.056827416533122774,0.021115683468316,0.050125385802469336,0.04864245756172858,0.052452256944444664,0.046689332561728504,0.04636381172839521,1.0,1.0,0.0,0.0,0.0,0.0,0.0,0.0,0.0,0.06301889385983168,0.6301889385983168,0.07315697783122596,0.07348249866455925,0.056827416533122774,0.021115683468316,0.050125385802469336,0.04864245756172858,0.052452256944444664,0.046689332561728504,0.04636381172839521,1.0,1.0,0.0,0.0,0.0,0.0,0.0,0.0,0.0,0.06301889385983168,0.6301889385983168,0.07315697783122596,0.07348249866455925,1.0,0.1,0.1,0.1,0.1,0.0,0.1,0.0,0.1,0.1,0.0,0.1,0.1,0.0,0.1,0.1,0.0,0.1,0.1,0.0,0.1,0.1,0.1,0.1,0.1,0.0,0.0,0.0,0.0,0.1,0.1,1.0,1.0,1.0,0.1,1.0,1.0,1.0,1.0,1.0,1.0,1,0,0.0,0.0,0.0,0.1,0.0,0.0,0.0,0.0,0.0,0.0,0.0,1.0,0.0,0.0,0.0,0.0,0.0,-0.6999999999669857,2.166112591183837e-21,2.166112591183837e-21,0.0,0.0,0.0,0,0,0,0,C1,0.0,0.0,0.056827416533122774,0.0,1.0,0.1,0.0,0.0,0.056827416533122774
phaseflip,depolarizing,0.15,2,10,qiskit_aer,1,1,0.8159999999999998,0.8159999999999998,0.0,0.0,0.0,0.0,0.0,0.0,0.09125948927699178,0.0024642532842236264,0.09107469512195149,0.08888338414634173,0.09310485253772319,0.08816988482384845,0.08813177506775094,1.0,0.9,0.0,0.0,0.0,0.0,0.0,0.0,0.24184631039295462,0.002449489742783126,0.23984631039295468,0.23984631039295468,0.24484631039295457,0.23984631039295468,0.23984631039295468,1.0,1.0,0.0,0.0,0.0,0.0,0.0,0.0,0.1061710750487975,0.04626671983941614,0.09107469512195149,0.08888338414634173,0.09310485253772319,0.08816988482384845,0.08813177506775094,1.0,1.0,0.0,0.0,0.0,0.0,0.0,0.0,0.0,0.13567523534415712,1.3567523534415713,0.1520299471405873,0.15228801135317382,0.1061710750487975,0.04626671983941614,0.09107469512195149,0.08888338414634173,0.09310485253772319,0.08816988482384845,0.08813177506775094,1.0,1.0,0.0,0.0,0.0,0.0,0.0,0.0,0.0,0.13567523534415712,1.3567523534415713,0.1520299471405873,0.15228801135317382,0.1061710750487975,0.04626671983941614,0.09107469512195149,0.08888338414634173,0.09310485253772319,0.08816988482384845,0.08813177506775094,1.0,1.0,0.0,0.0,0.0,0.0,0.0,0.0,0.0,0.13567523534415712,1.3567523534415713,0.1520299471405873,0.15228801135317382,0.1061710750487975,0.04626671983941614,0.09107469512195149,0.08888338414634173,0.09310485253772319,0.08816988482384845,0.08813177506775094,1.0,1.0,0.0,0.0,0.0,0.0,0.0,0.0,0.0,0.13567523534415712,1.3567523534415713,0.1520299471405873,0.15228801135317382,1.0,0.1,0.1,0.1,0.1,0.0,0.1,0.0,0.1,0.1,0.0,0.1,0.1,0.0,0.1,0.1,0.0,0.1,0.1,0.0,0.1,0.1,0.1,0.1,0.1,0.0,0.0,0.0,0.0,0.1,0.1,1.0,1.0,1.0,0.1,1.0,1.0,1.0,1.0,1.0,1.0,1,0,0.0,0.0,0.0,0.1,0.0,0.0,0.0,0.0,0.0,0.0,0.0,1.0,0.0,0.0,0.0,0.0,0.0,-0.6159999999968879,2.166112591183837e-21,2.166112591183837e-21,0.0,0.0,0.0,0,0,0,0,C1,0.0,0.0,0.1061710750487975,0.0,1.0,0.1,0.0,0.0,0.1061710750487975
phaseflip,depolarizing,0.15,3,10,qiskit_aer,1,1,0.7409999999999999,0.7409999999999999,0.0,0.0,0.0,0.0,0.0,0.0,0.12999334435650697,0.005337818391831709,0.1312857573020179,0.12480393706714898,0.13488628404548925,0.12218569958847775,0.12147472075249888,1.0,1.0,0.0,0.0,0.0,0.0,0.0,0.0,0.34334631039295466,0.005181698563212599,0.34484631039295466,0.33809631039295474,0.34784631039295466,0.33584631039295476,0.33584631039295476,1.0,1.0,0.0,0.0,0.0,0.0,0.0,0.0,0.12999334435650697,0.005337818391831709,0.1312857573020179,0.12480393706714898,0.13488628404548925,0.12218569958847775,0.12147472075249888,1.0,1.0,0.0,0.0,0.0,0.0,0.0,0.0,0.0,0.2133529660364477,2.133529660364477,0.21527112327203546,0.21600710533423695,0.12999334435650697,0.005337818391831709,0.1312857573020179,0.12480393706714898,0.13488628404548925,0.12218569958847775,0.12147472075249888,1.0,1.0,0.0,0.0,0.0,0.0,0.0,0.0,0.0,0.2133529660364477,2.133529660364477,0.21527112327203546,0.21600710533423695,0.12999334435650697,0.005337818391831709,0.1312857573020179,0.12480393706714898,0.13488628404548925,0.12218569958847775,0.12147472075249888,1.0,1.0,0.0,0.0,0.0,0.0,0.0,0.0,0.0,0.2133529660364477,2.133529660364477,0.21527112327203546,0.21600710533423695,0.12999334435650697,0.005337818391831709,0.1312857573020179,0.12480393706714898,0.13488628404548925,0.12218569958847775,0.12147472075249888,1.0,1.0,0.0,0.0,0.0,0.0,0.0,0.0,0.0,0.2133529660364477,2.133529660364477,0.21527112327203546,0.21600710533423695,1.0,0.0,0.0,0.0,0.0,0.0,0.0,0.0,0.0,0.0,0.0,0.0,0.0,0.0,0.0,0.0,0.0,0.0,0.0,0.0,0.0,0.0,0.0,0.0,0.0,0.0,0.0,0.0,0.0,0.0,0.0,1.0,1.0,1.0,0.0,0.0,0.0,0.0,0.0,0.0,0.0,0,0,0.0,0.0,0.0,0.0,0.0,0.0,0.0,0.0,0.0,0.0,0.0,1.0,0.0,0.0,0.0,0.0,0.0,-0.7409999999980503,0.0,0.0,0.0,0.0,0.0,0,0,0,0,C1,0.0,0.0,0.12999334435650697,0.0,1.0,0.0,0.0,0.0,0.12999334435650697
phaseflip,depolarizing,0.15,4,10,qiskit_aer,1,1,0.6772799999999999,0.6772799999999999,0.0,0.0,0.0,0.0,0.0,0.0,0.1605209562471118,0.007191733578142941,0.16400180180180196,0.16041838134430728,0.16460238441892233,0.14660722663639805,0.14503231176693154,1.0,0.9,0.0,0.0,0.0,0.0,0.0,0.0,0.42640631039295457,0.007406375631845874,0.43044631039295456,0.4248463103929546,0.4320463103929546,0.4126463103929545,0.4126463103929545,1.0,1.0,0.0,0.0,0.0,0.0,0.0,0.0,0.18690006112532553,0.07964059639338184,0.16410186593494147,0.16115501639205346,0.16576189522856208,0.14660722663639805,0.14503231176693154,1.0,1.0,0.0,0.0,0.0,0.0,0.0,0.0,0.0,0.23950624926762903,2.3950624926762902,0.26804450859115264,0.26804450859115264,0.18690006112532553,0.07964059639338184,0.16410186593494147,0.16115501639205346,0.16576189522856208,0.14660722663639805,0.14503231176693154,1.0,1.0,0.0,0.0,0.0,0.0,0.0,0.0,0.0,0.23950624926762903,2.3950624926762902,0.26804450859115264,0.26804450859115264,0.18690006112532553,0.07964059639338184,0.16410186593494147,0.16115501639205346,0.16576189522856208,0.14660722663639805,0.14503231176693154,1.0,1.0,0.0,0.0,0.0,0.0,0.0,0.0,0.0,0.23950624926762903,2.3950624926762902,0.26804450859115264,0.26804450859115264,0.18690006112532553,0.07964059639338184,0.16410186593494147,0.16115501639205346,0.16576189522856208,0.14660722663639805,0.14503231176693154,1.0,1.0,0.0,0.0,0.0,0.0,0.0,0.0,0.0,0.23950624926762903,2.3950624926762902,0.26804450859115264,0.26804450859115264,1.0,0.1,0.1,0.1,0.1,0.0,0.1,0.0,0.1,0.1,0.0,0.1,0.1,0.0,0.1,0.1,0.0,0.1,0.1,0.0,0.1,0.1,0.1,0.1,0.1,0.0,0.0,0.0,0.0,0.1,0.1,1.0,1.0,1.0,0.1,1.0,1.0,1.0,1.0,1.0,1.0,1,0,0.0,0.0,0.0,0.1,0.0,0.0,0.0,0.0,0.0,0.0,0.0,1.0,0.0,0.0,0.0,0.0,0.0,-0.477279999999226,1.2892461839801788e-18,1.2892461839801788e-18,0.0,0.0,0.0,0,0,0,0,C1,0.0,0.0,0.18690006112532553,0.0,1.0,0.1,0.0,0.0,0.18690006112532553
phaseflip,depolarizing,0.2,1,10,qiskit_aer,1,1,0.8666666666666667,0.8666666666666667,0.0,0.0,0.0,0.0,0.0,0.0,0.06618005475427366,0.0024904335223426017,0.06583116319444465,0.06445395966880363,0.06752971420940179,0.06317316038995742,0.06280131543803436,1.0,1.0,0.0,0.0,0.0,0.0,0.0,0.0,0.1698463103929544,0.0,0.1698463103929544,0.1698463103929544,0.1698463103929544,0.1698463103929544,0.1698463103929544,1.0,1.0,0.0,0.0,0.0,0.0,0.0,0.0,0.06618005475427366,0.0024904335223426017,0.06583116319444465,0.06445395966880363,0.06752971420940179,0.06317316038995742,0.06280131543803436,1.0,1.0,0.0,0.0,0.0,0.0,0.0,0.0,0.0,0.10366625563868073,1.0366625563868073,0.10667315000299697,0.10704499495492004,0.06618005475427366,0.0024904335223426017,0.06583116319444465,0.06445395966880363,0.06752971420940179,0.06317316038995742,0.06280131543803436,1.0,1.0,0.0,0.0,0.0,0.0,0.0,0.0,0.0,0.10366625563868073,1.0366625563868073,0.10667315000299697,0.10704499495492004,0.06618005475427366,0.0024904335223426017,0.06583116319444465,0.06445395966880363,0.06752971420940179,0.06317316038995742,0.06280131543803436,1.0,1.0,0.0,0.0,0.0,0.0,0.0,0.0,0.0,0.10366625563868073,1.0366625563868073,0.10667315000299697,0.10704499495492004,0.06618005475427366,0.0024904335223426017,0.06583116319444465,0.06445395966880363,0.06752971420940179,0.06317316038995742,0.06280131543803436,1.0,1.0,0.0,0.0,0.0,0.0,0.0,0.0,0.0,0.10366625563868073,1.0366625563868073,0.10667315000299697,0.10704499495492004,1.0,0.0,0.0,0.0,0.0,0.0,0.0,0.0,0.0,0.0,0.0,0.0,0.0,0.0,0.0,0.0,0.0,0.0,0.0,0.0,0.0,0.0,0.0,0.0,0.0,0.0,0.0,0.0,0.0,0.0,0.0,1.0,1.0,1.0,0.0,0.0,0.0,0.0,0.0,0.0,0.0,0,0,0.0,0.0,0.0,0.0,0.0,0.0,0.0,0.0,0.0,0.0,0.0,1.0,0.0,0.0,0.0,0.0,0.0,-0.8666666666338021,0.0,0.0,0.0,0.0,0.0,0,0,0,0,C1,0.0,0.0,0.06618005475427366,0.0,1.0,0.0,0.0,0.0,0.06618005475427366
phaseflip,depolarizing,0.2,2,10,qiskit_aer,1,1,0.7617777777777778,0.7617777777777778,0.0,0.0,0.0,0.0,0.0,0.0,0.11977451170279138,0.004960800086686855,0.11633041430836533,0.1156948176330683,0.12519258377506562,0.11516926456125562,0.11479359846660253,1.0,1.0,0.0,0.0,0.0,0.0,0.0,0.0,0.3200685326151767,0.0043546484316144855,0.3165129770596212,0.3165129770596211,0.32540186594850995,0.3165129770596211,0.31651297705962117,1.0,1.0,0.0,0.0,0.0,0.0,0.0,0.0,0.11977451170279138,0.004960800086686855,0.11633041430836533,0.1156948176330683,0.12519258377506562,0.11516926456125562,0.11479359846660253,1.0,1.0,0.0,0.0,0.0,0.0,0.0,0.0,0.0,0.2002940209123853,2.002940209123853,0.20138069307680634,0.2017193785930187,0.11977451170279138,0.004960800086686855,0.11633041430836533,0.1156948176330683,0.12519258377506562,0.11516926456125562,0.11479359846660253,1.0,1.0,0.0,0.0,0.0,0.0,0.0,0.0,0.0,0.2002940209123853,2.002940209123853,0.20138069307680634,0.2017193785930187,0.11977451170279138,0.004960800086686855,0.11633041430836533,0.1156948176330683,0.12519258377506562,0.11516926456125562,0.11479359846660253,1.0,1.0,0.0,0.0,0.0,0.0,0.0,0.0,0.0,0.2002940209123853,2.002940209123853,0.20138069307680634,0.2017193785930187,0.11977451170279138,0.004960800086686855,0.11633041430836533,0.1156948176330683,0.12519258377506562,0.11516926456125562,0.11479359846660253,1.0,1.0,0.0,0.0,0.0,0.0,0.0,0.0,0.0,0.2002940209123853,2.002940209123853,0.20138069307680634,0.2017193785930187,1.0,0.0,0.0,0.0,0.0,0.0,0.0,0.0,0.0,0.0,0.0,0.0,0.0,0.0,0.0,0.0,0.0,0.0,0.0,0.0,0.0,0.0,0.0,0.0,0.0,0.0,0.0,0.0,0.0,0.0,0.0,1.0,1.0,1.0,0.0,0.0,0.0,0.0,0.0,0.0,0.0,0,0,0.0,0.0,0.0,0.0,0.0,0.0,0.0,0.0,0.0,0.0,0.0,1.0,0.0,0.0,0.0,0.0,0.0,-0.7617777777754419,0.0,0.0,0.0,0.0,0.0,0,0,0,0,C1,0.0,0.0,0.11977451170279138,0.0,1.0,0.0,0.0,0.0,0.11977451170279138
phaseflip,depolarizing,0.2,3,10,qiskit_aer,1,1,0.6717037037037038,0.6717037037037038,0.0,0.0,0.0,0.0,0.0,0.0,0.1641259000835809,0.009135558089283312,0.16744833126708591,0.15577946564968967,0.17019408429294625,0.15003840910650398,0.14952743616305408,1.0,0.6,0.0,0.0,0.0,0.0,0.0,0.0,0.43680927335591735,0.008766565741333334,0.43947594002258406,0.4279203844670285,0.44436482891147283,0.42406853261517663,0.4240685326151767,1.0,1.0,0.0,0.0,0.0,0.0,0.0,0.0,0.2730780778091858,0.12982961797365158,0.1741808754172965,0.16848131239083944,0.42406853261517663,0.15749069808823105,0.14952743616305408,1.0,1.0,0.0,0.0,0.0,0.0,0.0,0.0,0.0,0.1637311955467316,1.637311955467316,0.27484215479457696,0.2750884752565851,0.2730780778091858,0.12982961797365158,0.1741808754172965,0.16848131239083944,0.42406853261517663,0.15749069808823105,0.14952743616305408,1.0,1.0,0.0,0.0,0.0,0.0,0.0,0.0,0.0,0.1637311955467316,1.637311955467316,0.27484215479457696,0.2750884752565851,0.2730780778091858,0.12982961797365158,0.1741808754172965,0.16848131239083944,0.42406853261517663,0.15749069808823105,0.14952743616305408,1.0,1.0,0.0,0.0,0.0,0.0,0.0,0.0,0.0,0.1637311955467316,1.637311955467316,0.27484215479457696,0.2750884752565851,0.2730780778091858,0.12982961797365158,0.1741808754172965,0.16848131239083944,0.42406853261517663,0.15749069808823105,0.14952743616305408,1.0,1.0,0.0,0.0,0.0,0.0,0.0,0.0,0.0,0.1637311955467316,1.637311955467316,0.27484215479457696,0.2750884752565851,1.0,0.4,0.4,0.4,0.4,0.0,0.4,0.0,0.4,0.4,0.0,0.4,0.4,0.0,0.4,0.4,0.0,0.4,0.4,0.0,0.4,0.4,0.4,0.4,0.4,0.0,0.0,0.0,0.0,0.4,0.4,1.0,1.0,1.0,0.4,1.0,1.0,1.0,1.0,1.0,1.0,4,0,0.0,0.0,0.0,0.4,0.0,0.0,0.0,0.0,0.0,0.0,0.0,1.0,0.0,0.0,0.0,0.0,0.0,0.1282962962967631,8.664450364735348e-21,8.664450364735348e-21,0.0,0.0,0.0,0,0,0,0,C1,0.0,0.0,0.2730780778091858,0.0,1.0,0.4,0.0,0.0,0.2730780778091858
phaseflip,depolarizing,0.2,4,10,qiskit_aer,1,1,0.5996997530864199,0.5996997530864199,0.0,0.0,0.0,0.0,0.0,0.0,0.20026480106984432,0.012252305376156819,0.20619518589774197,0.19762524961393874,0.2096492181481049,0.17736270271720492,0.17634402515514153,1.0,0.8,0.0,0.0,0.0,0.0,0.0,0.0,0.5253939647139422,0.012019321172636925,0.532038902985547,0.5231302610102384,0.5344290264423373,0.5029426066892508,0.5029426066892508,1.0,1.0,0.0,0.0,0.0,0.0,0.0,0.0,0.2653661030638355,0.13386103440003,0.20910968675954617,0.19762524961393874,0.21029665581437523,0.17736270271720492,0.17634402515514153,1.0,1.0,0.0,0.0,0.0,0.0,0.0,0.0,0.0,0.26002786165010666,2.6002786165010665,0.3263567577476868,0.3265985815341093,0.2653661030638355,0.13386103440003,0.20910968675954617,0.19762524961393874,0.21029665581437523,0.17736270271720492,0.17634402515514153,1.0,1.0,0.0,0.0,0.0,0.0,0.0,0.0,0.0,0.26002786165010666,2.6002786165010665,0.3263567577476868,0.3265985815341093,0.2653661030638355,0.13386103440003,0.20910968675954617,0.19762524961393874,0.21029665581437523,0.17736270271720492,0.17634402515514153,1.0,1.0,0.0,0.0,0.0,0.0,0.0,0.0,0.0,0.26002786165010666,2.6002786165010665,0.3263567577476868,0.3265985815341093,0.2653661030638355,0.13386103440003,0.20910968675954617,0.19762524961393874,0.21029665581437523,0.17736270271720492,0.17634402515514153,1.0,1.0,0.0,0.0,0.0,0.0,0.0,0.0,0.0,0.26002786165010666,2.6002786165010665,0.3263567577476868,0.3265985815341093,1.0,0.2,0.2,0.2,0.2,0.0,0.2,0.0,0.2,0.2,0.0,0.2,0.2,0.0,0.2,0.2,0.0,0.2,0.2,0.0,0.2,0.2,0.2,0.2,0.2,0.0,0.0,0.0,0.0,0.2,0.2,1.0,1.0,1.0,0.2,1.0,1.0,1.0,1.0,1.0,1.0,2,0,0.0,0.0,0.0,0.2,0.0,0.0,0.0,0.0,0.0,0.0,0.0,1.0,0.0,0.0,0.0,0.0,0.0,-0.19969975308610355,3.099630017959843e-21,3.099630017959843e-21,0.0,0.0,0.0,0,0,0,0,C1,0.0,0.0,0.2653661030638355,0.0,1.0,0.2,0.0,0.0,0.2653661030638355
phaseflip,mixed_pauli,0.01,1,10,qiskit_aer,1,1,0.9965,0.9965,0.0,0.0,1.0,1.0,0.0,0.0,0.0034999999999998253,0.0039051248379531485,0.00249999999999978,0.0,0.004999999999999782,0.0,0.0,1.0,0.1,1.0,0.9,0.0,0.0,0.0,0.0,-0.021653689607045733,0.0022912878474778543,-0.020153689607045777,-0.023903689607045614,-0.020153689607045777,-0.02515368960704568,-0.025153689607045632,0.0,1.0,0.0,0.0,1.0,1.0,1.0,1.0,-0.021653689607045733,0.0022912878474778543,-0.020153689607045777,-0.023903689607045614,-0.020153689607045777,-0.02515368960704568,-0.025153689607045632,0.0,1.0,0.0,0.0,1.0,1.0,1.0,1.0,0.0,0.02515368960704556,0.2515368960704556,0.030153689607045342,0.030153689607045342,-0.0186383206463412,0.00812246680496084,-0.020153689607045777,-0.020153689607045777,-0.020153689607045777,-0.02515368960704556,-0.02515368960704556,0.1,1.0,0.1,0.0,0.9,0.9,0.9,0.9,0.0,0.022138320646341025,0.22138320646341025,0.030153689607045342,0.030153689607045342,-0.0186383206463412,0.00812246680496084,-0.020153689607045777,-0.020153689607045777,-0.020153689607045777,-0.02515368960704556,-0.02515368960704556,0.1,1.0,0.1,0.0,0.9,0.9,0.9,0.9,0.0,0.022138320646341025,0.22138320646341025,0.030153689607045342,0.030153689607045342,-0.0186383206463412,0.00812246680496084,-0.020153689607045777,-0.020153689607045777,-0.020153689607045777,-0.02515368960704556,-0.02515368960704556,0.1,1.0,0.1,0.0,0.9,0.9,0.9,0.9,0.0,0.022138320646341025,0.22138320646341025,0.030153689607045342,0.030153689607045342,1.0,1.0,0.9,0.9,0.9,0.0,1.0,0.0,1.0,0.9,1.0,1.0,0.9,1.0,1.0,0.9,1.0,1.0,0.9,0.1,0.9,0.9,0.9,0.9,0.9,0.0,0.0,0.0,0.0,0.9,0.9,1.0,1.0,1.0,0.9,1.0,1.0,1.0,1.0,1.0,1.0,9,0,0.0,0.0,0.9,0.0,0.0,0.0,0.0,0.0,0.0,0.0,0.0,1.0,0.0,0.0,0.0,0.0,0.0,0.8035000412959805,0.0013474284426295035,0.0013474284426295035,0.0,0.0,0.0,0,0,0,0,C2,0.9,0.0,-0.0186383206463412,0.1,0.1,0.9,0.9,0.0,-0.0186383206463412
phaseflip,mixed_pauli,0.01,2,10,qiskit_aer,1,1,0.9925075000000001,0.9925075000000001,0.0,0.0,1.0,1.0,0.0,0.0,0.007442500000000063,0.004584103647388413,0.009900000000000242,0.004950000000000121,0.009900000000000242,0.0,0.0,1.0,0.7,0.8,0.3,0.0,0.2,0.2,0.2,-0.012751189607045577,0.003311465876315245,-0.010353689607045524,-0.015203689607045656,-0.010253689607045535,-0.01793993960704563,-0.020178689607045608,0.0,1.0,0.0,0.0,1.0,1.0,1.0,1.0,-0.010735820646340998,0.007588674629911529,-0.010353689607045524,-0.015203689607045656,-0.010253689607045535,-0.01793993960704563,-0.020178689607045608,0.1,1.0,0.1,0.0,0.9,0.9,0.9,0.9,0.0,0.018178320646341062,0.18178320646341062,0.030153689607045342,0.030153689607045342,0.00039639311788637334,0.008856538989603022,0.0024750000000000605,-0.007690267205284151,0.008662500000000212,-0.012976189607045602,-0.015203689607045656,0.7,1.0,0.5,0.0,0.3,0.5,0.5,0.5,0.0,0.007046106882113689,0.0704610688211369,0.025653689607045525,0.030153689607045342,0.00039639311788637334,0.008856538989603022,0.0024750000000000605,-0.007690267205284151,0.008662500000000212,-0.012976189607045602,-0.015203689607045656,0.7,1.0,0.5,0.0,0.3,0.5,0.5,0.5,0.0,0.007046106882113689,0.0704610688211369,0.025653689607045525,0.030153689607045342,0.00039639311788637334,0.008856538989603022,0.0024750000000000605,-0.007690267205284151,0.008662500000000212,-0.012976189607045602,-0.015203689607045656,0.7,1.0,0.5,0.0,0.3,0.5,0.5,0.5,0.0,0.007046106882113689,0.0704610688211369,0.025653689607045525,0.030153689607045342,1.0,0.9,0.3,0.3,0.3,0.0,0.9,0.14285714285714285,1.0,0.3,1.0,1.0,0.3,1.0,1.0,0.3,1.0,1.0,0.3,0.6,0.3,0.3,0.3,0.3,0.3,0.0,0.0,0.0,0.0,0.3,0.3,1.0,1.0,1.0,0.3,1.0,1.0,1.0,1.0,1.0,1.0,3,0,0.0,0.0,0.3,0.0,0.0,0.0,0.0,0.0,0.0,0.0,0.0,1.0,0.0,0.0,0.0,0.0,0.0,-0.39250746901212447,6.498337773551511e-21,6.498337773551511e-21,0.0,0.0,0.0,0,0,0,0,C2,0.3,0.0,0.00039639311788637334,0.5,0.7,0.3,0.3,0.0,0.00039639311788637334
phaseflip,mixed_pauli,0.01,3,10,qiskit_aer,1,1,0.9870574,0.9870574,0.0,0.0,1.0,1.0,0.0,0.0,0.01280869999999995,0.005062660245365031,0.012276500000000135,0.009802000000000033,0.014800499999999994,0.007106449999999831,0.004900999999999711,1.0,0.6,0.5,0.4,0.0,0.5,0.5,0.5,-0.0044449896070456575,0.004260482221533207,-0.005353189607045783,-0.00544018960704562,-0.0005516896070455468,-0.010829489607045755,-0.015228689607045709,0.0,1.0,0.0,0.0,0.1,1.0,1.0,1.0,-0.0014296206463411231,0.005911860109942076,-0.002952439607045665,-0.005390314607045726,-0.0005516896070455468,-0.005452689607045713,-0.005452689607045702,0.1,1.0,0.1,0.0,0.0,0.9,0.9,0.9,0.0,0.014238320646341073,0.14238320646341074,0.025653689607045525,0.030153689607045342,0.00570722415718169,0.007815682698796756,0.007351499999999844,-0.0005516896070455468,0.01355087499999999,-0.005430189607045643,-0.005452689607045591,0.6,1.0,0.3,0.0,0.0,0.7,0.7,0.7,0.0,0.007101475842818261,0.07101475842818261,0.025653689607045525,0.030153689607045342,0.00570722415718169,0.007815682698796756,0.007351499999999844,-0.0005516896070455468,0.01355087499999999,-0.005430189607045643,-0.005452689607045591,0.6,1.0,0.3,0.0,0.0,0.7,0.7,0.7,0.0,0.007101475842818261,0.07101475842818261,0.025653689607045525,0.030153689607045342,0.00570722415718169,0.007815682698796756,0.007351499999999844,-0.0005516896070455468,0.01355087499999999,-0.005430189607045643,-0.005452689607045591,0.6,1.0,0.3,0.0,0.0,0.7,0.7,0.7,0.0,0.007101475842818261,0.07101475842818261,0.025653689607045525,0.030153689607045342,1.0,0.9,0.4,0.4,0.4,0.0,0.9,0.16666666666666666,1.0,0.4,1.0,1.0,0.4,1.0,1.0,0.4,1.0,1.0,0.4,0.5,0.4,0.4,0.4,0.4,0.4,0.0,0.0,0.0,0.0,0.4,0.4,1.0,1.0,1.0,0.4,1.0,1.0,1.0,1.0,1.0,1.0,4,0,0.0,0.0,0.4,0.0,0.0,0.0,0.0,0.0,0.0,0.0,0.0,1.0,0.0,0.0,0.0,0.0,0.0,-0.18705737673496828,7.431855200327517e-21,7.431855200327517e-21,0.0,0.0,0.0,0,0,0,0,C2,0.0,0.0,0.00570722415718169,0.3,0.6,0.4,0.0,0.0,0.00570722415718169
phaseflip,mixed_pauli,0.01,4,10,qiskit_aer,1,1,0.982649401,0.982649401,0.0,0.0,1.0,1.0,0.0,0.0,0.01709455799999996,0.0059076660233408195,0.014714870000000047,0.014653989999999839,0.019481474999999998,0.00972712349999994,0.009705960000000013,1.0,0.8,0.3,0.2,0.0,0.7,0.7,0.7,0.0037612683929543313,0.004553711682236412,0.004300300392954259,0.000600047892954314,0.007792277892954391,-0.0032614816070456907,-0.00537793960704569,0.7,1.0,0.0,0.0,0.0,1.0,1.0,1.0,0.007847375275068014,0.007743272199765281,0.009005270392954456,0.004300300392954259,0.009602815098238487,-0.0032614816070456907,-0.00537793960704569,0.8,1.0,0.1,0.0,0.0,0.9,0.9,0.9,0.0,0.009247182724931946,0.09247182724931946,0.025653689607045525,0.030153689607045342,0.015023820078590811,0.007232957034193992,0.014653989999999895,0.009717717499999973,0.018323422499999964,0.006439586892954358,0.004300300392954259,1.0,1.0,0.3,0.0,0.0,0.7,0.7,0.7,0.0,0.002070737921409149,0.020707379214091493,0.010353689607045746,0.010353689607045746,0.015023820078590811,0.007232957034193992,0.014653989999999895,0.009717717499999973,0.018323422499999964,0.006439586892954358,0.004300300392954259,1.0,1.0,0.3,0.0,0.0,0.7,0.7,0.7,0.0,0.002070737921409149,0.020707379214091493,0.010353689607045746,0.010353689607045746,0.015023820078590811,0.007232957034193992,0.014653989999999895,0.009717717499999973,0.018323422499999964,0.006439586892954358,0.004300300392954259,1.0,1.0,0.3,0.0,0.0,0.7,0.7,0.7,0.0,0.002070737921409149,0.020707379214091493,0.010353689607045746,0.010353689607045746,0.9,0.7,0.2,0.2,0.2,0.0,0.7,0.375,1.0,0.2,1.0,1.0,0.2,1.0,1.0,0.2,1.0,1.0,0.2,0.5,0.2,0.2,0.2,0.2,0.2,0.0,0.0,0.0,0.0,0.2,0.2,1.0,1.0,1.0,0.2,1.0,1.0,1.0,1.0,1.0,1.0,2,0,0.0,0.0,0.2,0.0,0.0,0.0,0.0,0.0,0.0,0.0,0.0,1.0,0.0,0.0,0.0,0.0,0.0,-0.582649386109043,3.099630017959843e-21,3.099630017959843e-21,0.0,0.0,0.0,0,0,0,0,C2,0.0,0.0,0.015023820078590811,0.3,1.0,0.2,0.0,0.0,0.015023820078590811
phaseflip,mixed_pauli,0.03,1,10,qiskit_aer,1,1,0.9895,0.9895,0.0,0.0,1.0,1.0,0.0,0.0,0.010499999999999898,0.011715374513859893,0.007499999999999896,0.0,0.014999999999999791,0.0,0.0,1.0,0.4,0.5,0.6,0.0,0.5,0.5,0.5,-0.004653689607045541,0.006873863542433766,-0.00015368960704553736,-0.011403689607045547,-0.00015368960704553736,-0.01515368960704555,-0.01515368960704555,0.0,1.0,0.0,0.0,0.3,1.0,1.0,1.0,-0.004653689607045541,0.006873863542433766,-0.00015368960704553736,-0.011403689607045547,-0.00015368960704553736,-0.01515368960704555,-0.01515368960704555,0.0,1.0,0.0,0.0,0.3,1.0,1.0,1.0,0.0,0.01515368960704544,0.1515368960704544,0.030153689607045342,0.030153689607045342,0.007407786235772595,0.010131084610360499,-0.00015368960704553736,-0.00015368960704553736,0.014999999999999791,-0.00015368960704553736,-0.00015368960704553736,0.4,1.0,0.4,0.0,0.0,0.6,0.6,0.6,0.0,0.003092213764227303,0.03092213764227303,0.0166536896070454,0.030153689607045342,0.007407786235772595,0.010131084610360499,-0.00015368960704553736,-0.00015368960704553736,0.014999999999999791,-0.00015368960704553736,-0.00015368960704553736,0.4,1.0,0.4,0.0,0.0,0.6,0.6,0.6,0.0,0.003092213764227303,0.03092213764227303,0.0166536896070454,0.030153689607045342,0.007407786235772595,0.010131084610360499,-0.00015368960704553736,-0.00015368960704553736,0.014999999999999791,-0.00015368960704553736,-0.00015368960704553736,0.4,1.0,0.4,0.0,0.0,0.6,0.6,0.6,0.0,0.003092213764227303,0.03092213764227303,0.0166536896070454,0.030153689607045342,1.0,1.0,0.6,0.6,0.6,0.0,1.0,0.0,1.0,0.6,1.0,1.0,0.6,1.0,1.0,0.6,1.0,1.0,0.6,0.4,0.6,0.6,0.6,0.6,0.6,0.0,0.0,0.0,0.0,0.6,0.6,1.0,1.0,1.0,0.6,1.0,1.0,1.0,1.0,1.0,1.0,6,0,0.0,0.0,0.1,0.0,0.0,0.0,0.0,0.0,0.0,0.0,0.0,1.0,0.0,0.0,0.0,0.0,0.0,0.21050002629310566,0.03499622717099749,0.03499622717099749,0.0,0.0,0.0,0,0,0,0,C2,0.0,0.0,0.007407786235772595,0.4,0.4,0.6,0.0,0.0,0.007407786235772595
phaseflip,mixed_pauli,0.03,2,10,qiskit_aer,1,1,0.9775675,0.9775675,0.0,0.0,1.0,1.0,0.0,0.0,0.02198249999999994,0.013599981847414221,0.029100000000000015,0.01454999999999984,0.029100000000000015,2.220446049250313e-16,2.220446049250313e-16,1.0,0.4,0.2,0.6,0.0,0.8,0.8,0.8,0.021468810392954396,0.009682732375213202,0.028046310392954465,0.014396310392954303,0.028946310392954477,0.0062700603929542525,-0.00037868960704579013,0.9,1.0,0.0,0.0,0.0,1.0,1.0,1.0,0.021468810392954396,0.009682732375213202,0.028046310392954465,0.014396310392954303,0.028946310392954477,0.0062700603929542525,-0.00037868960704579013,0.9,1.0,0.0,0.0,0.0,1.0,1.0,1.0,0.0,0.006122951685636391,0.06122951685636391,0.030153689607045342,0.030153689607045342,0.02453028623577259,0.006618157045716097,0.02849631039295447,0.017924077598238497,0.02906157759823863,0.014396310392954303,0.014396310392954303,1.0,1.0,0.1,0.0,0.0,0.9,0.9,0.9,0.0,0.0030614758428181956,0.030614758428181954,0.0166536896070454,0.030153689607045342,0.02453028623577259,0.006618157045716097,0.02849631039295447,0.017924077598238497,0.02906157759823863,0.014396310392954303,0.014396310392954303,1.0,1.0,0.1,0.0,0.0,0.9,0.9,0.9,0.0,0.0030614758428181956,0.030614758428181954,0.0166536896070454,0.030153689607045342,0.02453028623577259,0.006618157045716097,0.02849631039295447,0.017924077598238497,0.02906157759823863,0.014396310392954303,0.014396310392954303,1.0,1.0,0.1,0.0,0.0,0.9,0.9,0.9,0.0,0.0030614758428181956,0.030614758428181954,0.0166536896070454,0.030153689607045342,0.7,1.0,0.6,0.6,0.6,0.0,1.0,0.0,1.0,0.6,1.0,1.0,0.6,1.0,1.0,0.6,1.0,1.0,0.6,0.4,0.6,0.6,0.6,0.6,0.6,0.0,0.0,0.0,0.0,0.6,0.6,1.0,1.0,1.0,0.6,1.0,1.0,1.0,1.0,1.0,1.0,6,0,0.0,0.0,0.1,0.2,0.0,0.0,0.0,0.0,0.0,0.0,0.0,1.0,0.0,0.0,0.0,0.0,0.0,0.2224325187441804,7.243954109037755e-20,7.243954109037755e-20,0.0,0.0,0.0,0,0,0,0,C2,0.0,0.0,0.02453028623577259,0.1,1.0,0.6,0.0,0.0,0.02453028623577259
phaseflip,mixed_pauli,0.03,3,10,qiskit_aer,1,1,0.9615148000000001,0.9615148000000001,0.0,0.0,1.0,1.0,0.0,0.0,0.03729990000000012,0.014968253874116252,0.0355155000000002,0.028254000000000223,0.04321350000000024,0.02048415000000022,0.014127000000000223,1.0,0.6,0.2,0.4,0.0,0.8,0.8,0.8,0.04524621039295444,0.012205521866761831,0.04305981039295448,0.042285810392954454,0.05630031039295447,0.02677221039295436,0.014171310392954273,1.0,1.0,0.0,0.0,0.0,1.0,1.0,1.0,0.039636948314363596,0.012280853407616593,0.04239831039295444,0.031733827598238784,0.04305981039295448,0.02050852071612495,0.014171310392954273,1.0,1.0,0.0,0.0,0.0,1.0,1.0,1.0,0.0,0.011686106882113644,0.11686106882113645,0.030153689607045342,0.030153689607045342,0.04005842415718182,0.015615155627737558,0.04284156039295445,0.028254000000000223,0.04400870259823833,0.02048415000000022,0.014127000000000223,1.0,1.0,0.2,0.0,0.0,0.8,0.8,0.8,0.0,0.011264631039295425,0.11264631039295425,0.028046310392954243,0.028046310392954243,0.04005842415718182,0.015615155627737558,0.04284156039295445,0.028254000000000223,0.04400870259823833,0.02048415000000022,0.014127000000000223,1.0,1.0,0.2,0.0,0.0,0.8,0.8,0.8,0.0,0.011264631039295425,0.11264631039295425,0.028046310392954243,0.028046310392954243,0.04005842415718182,0.015615155627737558,0.04284156039295445,0.028254000000000223,0.04400870259823833,0.02048415000000022,0.014127000000000223,1.0,1.0,0.2,0.0,0.0,0.8,0.8,0.8,0.0,0.011264631039295425,0.11264631039295425,0.028046310392954243,0.028046310392954243,1.0,0.8,0.4,0.4,0.4,0.0,0.8,0.0,0.75,0.4,1.0,0.5,0.4,1.0,0.5,0.4,1.0,0.5,0.4,0.4,0.4,0.4,0.4,0.4,0.4,0.0,0.0,0.0,0.0,0.4,0.4,1.0,1.0,1.0,0.4,1.0,1.0,1.0,1.0,1.0,1.0,4,0,0.0,0.0,0.0,0.1,0.0,0.0,0.0,0.0,0.0,0.0,0.0,1.0,0.0,0.0,0.0,0.0,0.0,-0.16151479545619604,0.028158761385438224,0.028158761385438224,0.0,0.0,0.0,0,0,0,0,C2,0.0,0.0,0.04005842415718182,0.2,1.0,0.4,0.0,0.0,0.04005842415718182
phaseflip,mixed_pauli,0.03,4,10,qiskit_aer,1,1,0.9488338810000001,0.9488338810000001,0.0,0.0,1.0,1.0,0.0,0.0,0.048932147999999995,0.017062603855765825,0.04247622000000001,0.04195718999999987,0.05544847500000019,0.027625903500000056,0.027458760000000026,1.0,0.8,0.1,0.2,0.0,0.9,0.9,0.9,0.06816925839295436,0.012727879856362473,0.07000350039295433,0.059196547892954365,0.07901067789295435,0.048415683392954253,0.04284156039295417,1.0,1.0,0.0,0.0,0.0,1.0,1.0,1.0,0.0711846273536589,0.01287589435178166,0.07000350039295433,0.06936839289295443,0.08264757039295437,0.04870728339295424,0.04284156039295417,1.0,1.0,0.1,0.0,0.0,0.9,0.9,0.9,0.0,3.073792140915188e-05,0.0003073792140915188,0.0001536896070457594,0.0001536896070457594,0.051721410078590865,0.0198792043076603,0.04239937519647713,0.04195718999999987,0.06589788000000024,0.027625903500000056,0.027458760000000026,1.0,1.0,0.1,0.0,0.0,0.9,0.9,0.9,0.0,0.019493955196477175,0.19493955196477175,0.04262571039295436,0.05455431039295433,0.051721410078590865,0.0198792043076603,0.04239937519647713,0.04195718999999987,0.06589788000000024,0.027625903500000056,0.027458760000000026,1.0,1.0,0.1,0.0,0.0,0.9,0.9,0.9,0.0,0.019493955196477175,0.19493955196477175,0.04262571039295436,0.05455431039295433,0.051721410078590865,0.0198792043076603,0.04239937519647713,0.04195718999999987,0.06589788000000024,0.027625903500000056,0.027458760000000026,1.0,1.0,0.1,0.0,0.0,0.9,0.9,0.9,0.0,0.019493955196477175,0.19493955196477175,0.04262571039295436,0.05455431039295433,0.9,0.9,0.2,0.2,0.2,0.0,0.9,0.5,1.0,0.2,1.0,0.25,0.2,1.0,0.25,0.2,1.0,0.25,0.2,0.7,0.2,0.2,0.2,0.2,0.2,0.0,0.0,0.0,0.0,0.2,0.2,1.0,1.0,1.0,0.2,1.0,1.0,1.0,1.0,1.0,1.0,2,0,0.0,0.0,0.0,0.1,0.0,0.0,0.0,0.0,0.0,0.0,0.0,1.0,0.0,0.0,0.0,0.0,0.0,-0.548833879475682,5.847084024222706e-18,5.847084024222706e-18,0.0,0.0,0.0,0,0,0,0,C1,0.0,0.0,0.0711846273536589,0.1,1.0,0.9,0.0,0.0,0.0711846273536589
phaseflip,mixed_pauli,0.05,1,10,qiskit_aer,1,1,0.9825,0.9825,0.0,0.0,1.0,1.0,0.0,0.0,0.017499999999999884,0.019525624189766517,0.0124999999999999,0.0,0.0249999999999998,0.0,0.0,1.0,0.7,0.5,0.3,0.0,0.5,0.5,0.5,0.012346310392954396,0.01145643923738956,0.01984631039295437,0.001096310392954436,0.01984631039295437,-0.005153689607045542,-0.005153689607045542,0.7,1.0,0.0,0.0,0.0,1.0,1.0,1.0,0.0024231551964772114,0.008992868346985513,0.0,-0.0038652672052841563,0.0,-0.005153689607045542,-0.005153689607045542,0.7,1.0,0.0,0.0,0.0,1.0,1.0,1.0,0.0,0.024999999999999856,0.24999999999999856,0.030153689607045342,0.030153689607045342,0.00845389311788628,0.016903591277768575,0.0,0.0,0.014884732794715777,-0.005153689607045542,-0.005153689607045542,0.8,1.0,0.2,0.0,0.0,0.8,0.8,0.8,0.0,0.018969262078590787,0.18969262078590787,0.030153689607045342,0.030153689607045342,0.00845389311788628,0.016903591277768575,0.0,0.0,0.014884732794715777,-0.005153689607045542,-0.005153689607045542,0.8,1.0,0.2,0.0,0.0,0.8,0.8,0.8,0.0,0.018969262078590787,0.18969262078590787,0.030153689607045342,0.030153689607045342,0.00845389311788628,0.016903591277768575,0.0,0.0,0.014884732794715777,-0.005153689607045542,-0.005153689607045542,0.8,1.0,0.2,0.0,0.0,0.8,0.8,0.8,0.0,0.018969262078590787,0.18969262078590787,0.030153689607045342,0.030153689607045342,1.0,0.5,0.3,0.3,0.3,0.0,0.5,0.0,0.375,0.3,1.0,0.375,0.3,1.0,0.375,0.3,1.0,0.375,0.3,0.2,0.3,0.3,0.3,0.3,0.3,0.0,0.0,0.0,0.0,0.3,0.3,1.0,1.0,1.0,0.3,1.0,1.0,1.0,1.0,1.0,1.0,3,0,0.0,0.0,0.3,0.0,0.0,0.0,0.0,0.0,0.0,0.0,0.0,1.0,0.0,0.0,0.0,0.0,0.0,-0.38249999738151985,0.0349962271709975,0.0349962271709975,0.0,0.0,0.0,0,0,0,0,C2,0.0,0.0,0.00845389311788628,0.2,0.8,0.3,0.0,0.0,0.00845389311788628
phaseflip,mixed_pauli,0.05,2,10,qiskit_aer,1,1,0.9626874999999999,0.9626874999999999,0.0,0.0,1.0,1.0,0.0,0.0,0.03606250000000005,0.02241659890014528,0.0475000000000001,0.023749999999999993,0.04750000000000021,2.220446049250313e-16,2.220446049250313e-16,1.0,0.5,0.2,0.5,0.0,0.8,0.8,0.8,0.05490881039295442,0.01572828363967289,0.06484631039295452,0.04359631039295431,0.06734631039295436,0.030190060392954347,0.019221310392954383,1.0,1.0,0.0,0.0,0.0,1.0,1.0,1.0,0.03995491727506815,0.024434086925678007,0.04359631039295431,0.025315060392954364,0.06238473279471582,2.220446049250313e-16,2.220446049250313e-16,1.0,1.0,0.0,0.0,0.0,1.0,1.0,1.0,0.0,0.02098463103929534,0.20984631039295343,0.0648463103929543,0.0648463103929543,0.04098565519647725,0.02422357722662967,0.04554815519647726,0.02871157759823853,0.0628534827947157,2.220446049250313e-16,2.220446049250313e-16,1.0,1.0,0.1,0.0,0.0,0.9,0.9,0.9,0.0,0.019953893117886246,0.19953893117886246,0.0648463103929543,0.0648463103929543,0.04098565519647725,0.02422357722662967,0.04554815519647726,0.02871157759823853,0.0628534827947157,2.220446049250313e-16,2.220446049250313e-16,1.0,1.0,0.1,0.0,0.0,0.9,0.9,0.9,0.0,0.019953893117886246,0.19953893117886246,0.0648463103929543,0.0648463103929543,0.04098565519647725,0.02422357722662967,0.04554815519647726,0.02871157759823853,0.0628534827947157,2.220446049250313e-16,2.220446049250313e-16,1.0,1.0,0.1,0.0,0.0,0.9,0.9,0.9,0.0,0.019953893117886246,0.19953893117886246,0.0648463103929543,0.0648463103929543,1.0,0.7,0.5,0.5,0.5,0.0,0.7,0.0,0.6666666666666666,0.5,1.0,0.5555555555555556,0.5,1.0,0.5555555555555556,0.5,1.0,0.5555555555555556,0.5,0.2,0.5,0.5,0.5,0.5,0.5,0.0,0.0,0.0,0.0,0.5,0.5,1.0,1.0,1.0,0.5,1.0,1.0,1.0,1.0,1.0,1.0,5,0,0.0,0.0,0.1,0.4,0.0,0.0,0.0,0.0,0.0,0.0,0.0,1.0,0.0,0.0,0.0,0.0,0.0,0.037312502051042654,1.395218995487814e-19,1.395218995487814e-19,0.0,0.0,0.0,0,0,0,0,C2,0.0,0.0,0.04098565519647725,0.1,1.0,0.5,0.0,0.0,0.04098565519647725
phaseflip,mixed_pauli,0.05,3,10,qiskit_aer,1,1,0.936425,0.936425,0.0,0.0,0.9,0.9,0.0,0.0,0.0603375000000001,0.02457678020001792,0.05706250000000018,0.045250000000000234,0.07006250000000011,0.03280625000000023,0.022625000000000228,1.0,0.8,0.2,0.2,0.0,0.8,0.8,0.8,0.0926838103929545,0.019415345090932616,0.08990881039295445,0.08778381039295452,0.11009631039295453,0.06299631039295442,0.04297131039295443,1.0,1.0,0.0,0.0,0.0,0.9,0.9,0.9,0.09569917935365903,0.020672504766168977,0.10000256039295452,0.08901818539295447,0.11009631039295453,0.06299631039295447,0.04297131039295443,1.0,1.0,0.1,0.0,0.0,0.9,0.9,0.9,0.0,0.003015368960704534,0.030153689607045342,0.016584529283874903,0.030153689607045342,0.06880676207859096,0.023274009177596824,0.06946875000000013,0.045250000000000234,0.08388473279471584,0.045250000000000234,0.045250000000000234,1.0,1.0,0.2,0.0,0.0,0.8,0.8,0.8,0.0,0.029907786235772595,0.29907786235772593,0.0648463103929543,0.0648463103929543,0.06880676207859096,0.023274009177596824,0.06946875000000013,0.045250000000000234,0.08388473279471584,0.045250000000000234,0.045250000000000234,1.0,1.0,0.2,0.0,0.0,0.8,0.8,0.8,0.0,0.029907786235772595,0.29907786235772593,0.0648463103929543,0.0648463103929543,0.06880676207859096,0.023274009177596824,0.06946875000000013,0.045250000000000234,0.08388473279471584,0.045250000000000234,0.045250000000000234,1.0,1.0,0.2,0.0,0.0,0.8,0.8,0.8,0.0,0.029907786235772595,0.29907786235772593,0.0648463103929543,0.0648463103929543,1.0,0.9,0.2,0.2,0.2,0.0,0.9,0.5,1.0,0.2,1.0,0.25,0.2,1.0,0.25,0.2,1.0,0.25,0.2,0.7,0.2,0.2,0.2,0.2,0.2,0.0,0.0,0.0,0.0,0.2,0.2,1.0,1.0,1.0,0.2,1.0,1.0,1.0,1.0,1.0,1.0,2,0,0.0,0.0,0.0,0.2,0.0,0.0,0.0,0.0,0.0,0.0,0.0,1.0,0.0,0.0,0.0,0.0,0.0,-0.5364249988797252,6.744529831439096e-20,6.744529831439096e-20,0.0,0.0,0.0,0,0,0,0,C1,0.0,0.0,0.09569917935365903,0.1,1.0,0.9,0.0,0.0,0.09569917935365903
phaseflip,mixed_pauli,0.05,4,10,qiskit_aer,1,1,0.9161756249999999,0.9161756249999999,0.0,0.0,0.8,0.8,0.0,0.0,0.07781125000000012,0.027375707011417918,0.06810625000000037,0.06674375000000021,0.08767187499999998,0.04362718750000001,0.04322499999999985,1.0,0.8,0.1,0.1,0.0,0.8,0.8,0.8,0.12820756039295444,0.01975871856611656,0.1315900603929544,0.11405724789295452,0.14432599789295447,0.09737006039295446,0.08931506039295445,1.0,1.0,0.0,0.0,0.0,0.8,0.8,0.8,0.10920366727506813,0.029531886164965153,0.10922628019647734,0.09379006039295446,0.13159006039295446,0.06246249999999993,0.04322499999999985,1.0,1.0,0.0,0.0,0.0,0.8,0.8,0.8,0.0,0.02201926207859086,0.22019262078590862,0.08712131039295443,0.10534631039295461,0.08128051207859102,0.027315004485550905,0.07772187500000016,0.06674375000000027,0.10247067029471585,0.04362718750000001,0.04322499999999985,1.0,1.0,0.0,0.0,0.0,0.8,0.8,0.8,0.0,0.04994241727506797,0.49942417275067974,0.08712131039295452,0.10534631039295461,0.08128051207859102,0.027315004485550905,0.07772187500000016,0.06674375000000027,0.10247067029471585,0.04362718750000001,0.04322499999999985,1.0,1.0,0.0,0.0,0.0,0.8,0.8,0.8,0.0,0.04994241727506797,0.49942417275067974,0.08712131039295452,0.10534631039295461,0.08128051207859102,0.027315004485550905,0.07772187500000016,0.06674375000000027,0.10247067029471585,0.04362718750000001,0.04322499999999985,1.0,1.0,0.0,0.0,0.0,0.8,0.8,0.8,0.0,0.04994241727506797,0.49942417275067974,0.08712131039295452,0.10534631039295461,1.0,0.7,0.2,0.2,0.2,0.0,0.7,0.0,0.6666666666666666,0.2,0.0,0.1111111111111111,0.2,0.0,0.1111111111111111,0.2,0.0,0.1111111111111111,0.2,0.5,0.2,0.2,0.2,0.2,0.2,0.0,0.0,0.0,0.0,0.2,0.2,1.0,1.0,1.0,0.2,1.0,1.0,1.0,1.0,1.0,1.0,2,0,0.0,0.0,0.1,0.1,0.0,0.0,0.0,0.0,0.0,0.0,0.0,1.0,0.0,0.0,0.0,0.0,0.0,-0.5161756247643452,0.005082441128863887,0.005082441128863887,0.0,0.0,0.0,0,0,0,0,C1,0.0,0.0,0.10920366727506813,0.0,1.0,0.7,0.0,0.0,0.10920366727506813
phaseflip,mixed_pauli,0.1,1,10,qiskit_aer,1,1,0.965,0.965,0.0,0.0,1.0,1.0,0.0,0.0,0.034999999999999844,0.039051248379533124,0.024999999999999856,0.0,0.04999999999999971,0.0,0.0,1.0,0.7,0.5,0.3,0.0,0.5,0.5,0.5,0.05484631039295421,0.0229128784747791,0.06984631039295408,0.0323463103929543,0.06984631039295408,0.01984631039295437,0.01984631039295437,1.0,1.0,0.0,0.0,0.0,1.0,1.0,1.0,0.05484631039295421,0.0229128784747791,0.06984631039295408,0.0323463103929543,0.06984631039295408,0.01984631039295437,0.01984631039295437,1.0,1.0,0.0,0.0,0.0,1.0,1.0,1.0,0.0,0.015076844803522671,0.1507684480352267,0.030153689607045342,0.030153689607045342,0.02595389311788624,0.0338085987112586,0.009923155196477185,0.0,0.042461577598238376,0.0,0.0,1.0,1.0,0.2,0.0,0.0,0.8,0.8,0.8,0.0,0.04396926207859064,0.43969262078590643,0.06984631039295408,0.06984631039295408,0.02595389311788624,0.0338085987112586,0.009923155196477185,0.0,0.042461577598238376,0.0,0.0,1.0,1.0,0.2,0.0,0.0,0.8,0.8,0.8,0.0,0.04396926207859064,0.43969262078590643,0.06984631039295408,0.06984631039295408,0.02595389311788624,0.0338085987112586,0.009923155196477185,0.0,0.042461577598238376,0.0,0.0,1.0,1.0,0.2,0.0,0.0,0.8,0.8,0.8,0.0,0.04396926207859064,0.43969262078590643,0.06984631039295408,0.06984631039295408,1.0,1.0,0.3,0.3,0.3,0.0,1.0,0.0,1.0,0.3,1.0,0.375,0.3,1.0,0.375,0.3,1.0,0.375,0.3,0.7,0.3,0.3,0.3,0.3,0.3,0.0,0.0,0.0,0.0,0.3,0.3,1.0,1.0,1.0,0.3,1.0,1.0,1.0,1.0,1.0,1.0,3,0,0.0,0.0,0.3,0.0,0.0,0.0,0.0,0.0,0.0,0.0,0.0,1.0,0.0,0.0,0.0,0.0,0.0,-0.3649999620637617,0.0032868402154856554,0.0032868402154856554,0.0,0.0,0.0,0,0,0,0,C1,0.0,0.0,0.05484631039295421,0.0,1.0,1.0,0.0,0.0,0.05484631039295421
phaseflip,mixed_pauli,0.1,2,10,qiskit_aer,1,1,0.92575,0.92575,0.0,0.0,0.5,0.5,0.0,0.0,0.06925,0.04361837342221746,0.09000000000000025,0.0449999999999999,0.0900000000000003,-2.220446049250313e-16,-2.220446049250313e-16,1.0,0.8,0.2,0.2,0.0,0.4,0.4,0.4,0.1350963103929544,0.029505296134761966,0.14984631039295437,0.11484631039295445,0.15984631039295435,0.08872131039295435,0.06734631039295436,1.0,1.0,0.0,0.0,0.0,0.5,0.5,0.5,0.08020389311788637,0.04473614962492923,0.0900000000000003,0.07300973279471581,0.10863473279471583,-2.220446049250313e-16,-2.220446049250313e-16,1.0,1.0,0.1,0.0,0.0,0.5,0.5,0.5,0.0,0.060923155196477084,0.6092315519647709,0.1498463103929546,0.1498463103929546,0.0732192620785909,0.04423188571730275,0.09000000000000025,0.05058657759823845,0.0900000000000003,-2.220446049250313e-16,-2.220446049250313e-16,1.0,1.0,0.1,0.0,0.0,0.5,0.5,0.5,0.0,0.06790778623577254,0.6790778623577254,0.1498463103929546,0.1498463103929546,0.0732192620785909,0.04423188571730275,0.09000000000000025,0.05058657759823845,0.0900000000000003,-2.220446049250313e-16,-2.220446049250313e-16,1.0,1.0,0.1,0.0,0.0,0.5,0.5,0.5,0.0,0.06790778623577254,0.6790778623577254,0.1498463103929546,0.1498463103929546,0.0732192620785909,0.04423188571730275,0.09000000000000025,0.05058657759823845,0.0900000000000003,-2.220446049250313e-16,-2.220446049250313e-16,1.0,1.0,0.1,0.0,0.0,0.5,0.5,0.5,0.0,0.06790778623577254,0.6790778623577254,0.1498463103929546,0.1498463103929546,1.0,0.3,0.2,0.2,0.2,0.0,0.3,1.0,0.3333333333333333,0.2,1.0,0.2222222222222222,0.2,1.0,0.2222222222222222,0.2,1.0,0.2222222222222222,0.2,0.1,0.2,0.2,0.2,0.2,0.2,0.0,0.0,0.0,0.0,0.2,0.2,1.0,1.0,1.0,0.2,1.0,1.0,1.0,1.0,1.0,1.0,2,0,0.0,0.0,0.1,0.1,0.0,0.0,0.0,0.0,0.0,0.0,0.0,1.0,0.0,0.0,0.0,0.0,0.0,-0.5257499998267325,0.008495877083870586,0.008495877083870586,0.0,0.0,0.0,0,0,0,0,C1,0.0,0.0,0.08020389311788637,0.1,1.0,0.3,0.0,0.0,0.08020389311788637
phaseflip,mixed_pauli,0.1,3,10,qiskit_aer,1,1,0.87565,0.87565,0.0,0.0,0.5,0.5,0.0,0.0,0.11195000000000009,0.04725751263026848,0.10400000000000026,0.08200000000000018,0.13050000000000006,0.059450000000000225,0.04100000000000026,1.0,0.7,0.2,0.2,0.0,0.5,0.5,0.5,0.20179631039295437,0.03448583042352318,0.20034631039295436,0.1920963103929544,0.23184631039295434,0.14767131039295442,0.11234631039295451,1.0,1.0,0.0,0.0,0.0,0.5,0.5,0.5,0.18385778623577265,0.04979507869822858,0.20592315519647703,0.13050000000000006,0.23184631039295434,0.11849047071612513,0.11234631039295451,1.0,1.0,0.1,0.0,0.0,0.5,0.5,0.5,0.0,0.023969262078590802,0.23969262078590803,0.0698463103929543,0.06984631039295423,0.1389038931178864,0.06410202922802857,0.1282500000000002,0.08958657759823876,0.19837499999999975,0.059450000000000225,0.04100000000000026,1.0,1.0,0.1,0.0,0.0,0.5,0.5,0.5,0.0,0.06892315519647704,0.6892315519647705,0.14984631039295415,0.14984631039295415,0.1389038931178864,0.06410202922802857,0.1282500000000002,0.08958657759823876,0.19837499999999975,0.059450000000000225,0.04100000000000026,1.0,1.0,0.1,0.0,0.0,0.5,0.5,0.5,0.0,0.06892315519647704,0.6892315519647705,0.14984631039295415,0.14984631039295415,0.1389038931178864,0.06410202922802857,0.1282500000000002,0.08958657759823876,0.19837499999999975,0.059450000000000225,0.04100000000000026,1.0,1.0,0.1,0.0,0.0,0.5,0.5,0.5,0.0,0.06892315519647704,0.6892315519647705,0.14984631039295415,0.14984631039295415,1.0,0.6,0.3,0.3,0.3,0.0,0.6,0.5,0.625,0.3,0.5,0.25,0.3,0.5,0.25,0.3,0.5,0.25,0.3,0.3,0.3,0.3,0.3,0.3,0.3,0.0,0.0,0.0,0.0,0.3,0.3,1.0,1.0,1.0,0.3,1.0,1.0,1.0,1.0,1.0,1.0,3,0,0.0,0.0,0.1,0.2,0.0,0.0,0.0,0.0,0.0,0.0,0.0,1.0,0.0,0.0,0.0,0.0,0.0,-0.27564999983054367,4.8406573363417764e-20,4.8406573363417764e-20,0.0,0.0,0.0,0,0,0,0,C1,0.0,0.0,0.18385778623577265,0.1,1.0,0.6,0.0,0.0,0.18385778623577265
phaseflip,mixed_pauli,0.1,4,10,qiskit_aer,1,1,0.83941,0.83941,0.0,0.0,0.1,0.1,0.0,0.0,0.13840500000000017,0.04974939421741725,0.12357500000000032,0.11890000000000012,0.15375000000000014,0.07663500000000031,0.07560000000000033,1.0,0.7,0.1,0.1,0.0,0.1,0.1,0.1,0.26065131039295447,0.03309498791357987,0.26874631039295444,0.23597131039295446,0.2842713103929545,0.20851381039295455,0.1980963103929546,1.0,1.0,0.0,0.0,0.0,0.1,0.1,0.1,0.18335889311788645,0.0728958119167978,0.16920000000000013,0.12123750000000022,0.2454865775982385,0.09508500000000024,0.07560000000000033,1.0,1.0,0.1,0.0,0.0,0.1,0.1,0.1,0.0,0.08030778623577256,0.8030778623577256,0.18504631039295422,0.2138463103929542,0.18335889311788645,0.0728958119167978,0.16920000000000013,0.12123750000000022,0.2454865775982385,0.09508500000000024,0.07560000000000033,1.0,1.0,0.1,0.0,0.0,0.1,0.1,0.1,0.0,0.08030778623577256,0.8030778623577256,0.18504631039295422,0.2138463103929542,0.18335889311788645,0.0728958119167978,0.16920000000000013,0.12123750000000022,0.2454865775982385,0.09508500000000024,0.07560000000000033,1.0,1.0,0.1,0.0,0.0,0.1,0.1,0.1,0.0,0.08030778623577256,0.8030778623577256,0.18504631039295422,0.2138463103929542,0.18335889311788645,0.0728958119167978,0.16920000000000013,0.12123750000000022,0.2454865775982385,0.09508500000000024,0.07560000000000033,1.0,1.0,0.1,0.0,0.0,0.1,0.1,0.1,0.0,0.08030778623577256,0.8030778623577256,0.18504631039295422,0.2138463103929542,1.0,0.3,0.3,0.3,0.3,0.0,0.3,1.0,0.3333333333333333,0.3,1.0,0.3333333333333333,0.3,1.0,0.3333333333333333,0.3,1.0,0.3333333333333333,0.3,0.0,0.3,0.3,0.3,0.3,0.3,0.0,0.0,0.0,0.0,0.3,0.3,1.0,1.0,1.0,0.3,1.0,1.0,1.0,1.0,1.0,1.0,3,0,0.0,0.0,0.0,0.3,0.0,0.0,0.0,0.0,0.0,0.0,0.0,1.0,0.0,0.0,0.0,0.0,0.0,-0.2394099999772346,0.012182026854269858,0.012182026854269858,0.0,0.0,0.0,0,0,0,0,C1,0.0,0.0,0.18335889311788645,0.1,1.0,0.3,0.0,0.0,0.18335889311788645
phaseflip,mixed_pauli,0.15,1,10,qiskit_aer,1,1,0.9475,0.9475,0.0,0.0,0.8,0.8,0.0,0.0,0.052499999999999804,0.058576872569299825,0.03749999999999981,-1.1102230246251565e-16,0.07499999999999973,-1.1102230246251565e-16,-1.1102230246251565e-16,1.0,0.6,0.5,0.3,0.0,0.5,0.5,0.5,0.09734631039295435,0.03436931771216878,0.11984631039295435,0.06359631039295438,0.11984631039295435,0.04484631039295439,0.04484631039295439,1.0,1.0,0.0,0.0,0.0,0.8,0.8,0.8,0.04043852415718167,0.05152084085326854,0.02242315519647714,-1.1102230246251565e-16,0.04484631039295439,-1.1102230246251565e-16,-1.1102230246251565e-16,1.0,1.0,0.1,0.0,0.0,0.8,0.8,0.8,0.0,0.07198463103929537,0.7198463103929537,0.11984631039295446,0.11984631039295446,0.04043852415718167,0.05152084085326854,0.02242315519647714,-1.1102230246251565e-16,0.04484631039295439,-1.1102230246251565e-16,-1.1102230246251565e-16,1.0,1.0,0.1,0.0,0.0,0.8,0.8,0.8,0.0,0.07198463103929537,0.7198463103929537,0.11984631039295446,0.11984631039295446,0.04043852415718167,0.05152084085326854,0.02242315519647714,-1.1102230246251565e-16,0.04484631039295439,-1.1102230246251565e-16,-1.1102230246251565e-16,1.0,1.0,0.1,0.0,0.0,0.8,0.8,0.8,0.0,0.07198463103929537,0.7198463103929537,0.11984631039295446,0.11984631039295446,0.04043852415718167,0.05152084085326854,0.02242315519647714,-1.1102230246251565e-16,0.04484631039295439,-1.1102230246251565e-16,-1.1102230246251565e-16,1.0,1.0,0.1,0.0,0.0,0.8,0.8,0.8,0.0,0.07198463103929537,0.7198463103929537,0.11984631039295446,0.11984631039295446,1.0,0.4,0.4,0.4,0.4,0.0,0.4,0.5,0.375,0.4,0.5,0.375,0.4,0.5,0.375,0.4,0.5,0.375,0.4,0.0,0.4,0.4,0.4,0.4,0.4,0.0,0.0,0.0,0.0,0.4,0.4,1.0,1.0,1.0,0.4,1.0,1.0,1.0,1.0,1.0,1.0,4,0,0.0,0.0,0.4,0.0,0.0,0.0,0.0,0.0,0.0,0.0,0.0,1.0,0.0,0.0,0.0,0.0,0.0,-0.14749999993891655,6.344454315168206e-18,6.344454315168206e-18,0.0,0.0,0.0,0,0,0,0,C1,0.0,0.0,0.04043852415718167,0.1,1.0,0.4,0.0,0.0,0.04043852415718167
phaseflip,mixed_pauli,0.15,2,10,qiskit_aer,1,1,0.8891875000000001,0.8891875000000001,0.0,0.0,0.4,0.4,0.0,0.0,0.0995624999999998,0.0636862732953499,0.12749999999999984,0.06374999999999978,0.12749999999999992,-2.220446049250313e-16,-2.220446049250313e-16,1.0,0.9,0.2,0.1,0.0,0.4,0.4,0.4,0.21040881039295437,0.04157302498315466,0.22484631039295433,0.18359631039295432,0.2473463103929544,0.14544006039295435,0.11422131039295436,1.0,1.0,0.0,0.0,0.0,0.4,0.4,0.4,0.1235317620785907,0.06809732085948483,0.1274999999999999,0.12749999999999984,0.17379098279471566,-2.220446049250313e-16,-2.220446049250313e-16,1.0,1.0,0.2,0.0,0.0,0.4,0.4,0.4,0.0,0.09290778623577273,0.9290778623577273,0.22484631039295455,0.22484631039295455,0.11154713103929524,0.06700913846926297,0.12749999999999984,0.07968749999999977,0.14015624999999976,-2.220446049250313e-16,-2.220446049250313e-16,1.0,1.0,0.2,0.0,0.0,0.4,0.4,0.4,0.0,0.10489241727506818,1.0489241727506817,0.22484631039295455,0.22484631039295455,0.11154713103929524,0.06700913846926297,0.12749999999999984,0.07968749999999977,0.14015624999999976,-2.220446049250313e-16,-2.220446049250313e-16,1.0,1.0,0.2,0.0,0.0,0.4,0.4,0.4,0.0,0.10489241727506818,1.0489241727506817,0.22484631039295455,0.22484631039295455,0.11154713103929524,0.06700913846926297,0.12749999999999984,0.07968749999999977,0.14015624999999976,-2.220446049250313e-16,-2.220446049250313e-16,1.0,1.0,0.2,0.0,0.0,0.4,0.4,0.4,0.0,0.10489241727506818,1.0489241727506817,0.22484631039295455,0.22484631039295455,1.0,0.2,0.1,0.1,0.1,0.0,0.2,1.0,0.25,0.1,1.0,0.125,0.1,1.0,0.125,0.1,1.0,0.125,0.1,0.1,0.1,0.1,0.1,0.1,0.1,0.0,0.0,0.0,0.0,0.1,0.1,1.0,1.0,1.0,0.1,1.0,1.0,1.0,1.0,1.0,1.0,1,0,0.0,0.0,0.0,0.1,0.0,0.0,0.0,0.0,0.0,0.0,0.0,1.0,0.0,0.0,0.0,0.0,0.0,-0.6891874999663379,2.166112591183837e-21,2.166112591183837e-21,0.0,0.0,0.0,0,0,0,0,C1,0.0,0.0,0.1235317620785907,0.2,1.0,0.2,0.0,0.0,0.1235317620785907
phaseflip,mixed_pauli,0.15,3,10,qiskit_aer,1,1,0.8176000000000001,0.8176000000000001,0.0,0.0,0.1,0.1,0.0,0.0,0.1557374999999998,0.0679261133511995,0.14193749999999983,0.1117499999999998,0.1816874999999999,0.08101874999999972,0.055874999999999675,1.0,1.0,0.2,0.0,0.0,0.1,0.1,0.1,0.29808381039295434,0.045851874280120775,0.30153381039295435,0.28353381039295444,0.33659631039295435,0.2242088103929543,0.17797131039295433,1.0,1.0,0.0,0.0,0.0,0.1,0.1,0.1,0.17822213103929524,0.06836111202603386,0.17690624999999988,0.1117499999999998,0.20151562499999973,0.1117499999999998,0.1117499999999998,1.0,1.0,0.2,0.0,0.0,0.1,0.1,0.1,0.0,0.12589241727506817,1.2589241727506815,0.22484631039295455,0.22484631039295455,0.1557374999999998,0.0679261133511995,0.14193749999999983,0.1117499999999998,0.1816874999999999,0.08101874999999972,0.055874999999999675,1.0,1.0,0.2,0.0,0.0,0.1,0.1,0.1,0.0,0.1483770483143636,1.483770483143636,0.22484631039295455,0.22484631039295455,0.1557374999999998,0.0679261133511995,0.14193749999999983,0.1117499999999998,0.1816874999999999,0.08101874999999972,0.055874999999999675,1.0,1.0,0.2,0.0,0.0,0.1,0.1,0.1,0.0,0.1483770483143636,1.483770483143636,0.22484631039295455,0.22484631039295455,0.1557374999999998,0.0679261133511995,0.14193749999999983,0.1117499999999998,0.1816874999999999,0.08101874999999972,0.055874999999999675,1.0,1.0,0.2,0.0,0.0,0.1,0.1,0.1,0.0,0.1483770483143636,1.483770483143636,0.22484631039295455,0.22484631039295455,1.0,0.1,0.0,0.0,0.0,0.0,0.1,1.0,0.125,0.0,1.0,0.0,0.0,1.0,0.0,0.0,1.0,0.0,0.0,0.1,0.0,0.0,0.0,0.0,0.0,0.0,0.0,0.0,0.0,0.0,0.0,1.0,1.0,1.0,0.0,0.0,0.0,0.0,0.0,0.0,0.0,0,0,0.0,0.0,0.0,0.0,0.0,0.0,0.0,0.0,0.0,0.0,0.0,1.0,0.0,0.0,0.0,0.0,0.0,-0.8175999999603546,0.0,0.0,0.0,0.0,0.0,0,0,0,0,C1,0.0,0.0,0.17822213103929524,0.2,1.0,0.1,0.0,0.0,0.17822213103929524
phaseflip,mixed_pauli,0.15,4,10,qiskit_aer,1,1,0.7692756250000001,0.7692756250000001,0.0,0.0,0.0,0.0,0.0,0.0,0.18482999999999983,0.06770821334732956,0.1680749999999998,0.1592437499999998,0.20254687499999985,0.1019146874999999,0.10072500000000018,1.0,0.9,0.1,0.0,0.0,0.0,0.0,0.0,0.37052631039295436,0.041727402922869576,0.38409006039295435,0.3381197478929542,0.3953259978929544,0.3048356853929543,0.2967525603929543,1.0,1.0,0.0,0.0,0.0,0.0,0.0,0.0,0.2073146310392953,0.10059619257423942,0.1680749999999998,0.1592437499999998,0.23348437499999994,0.1019146874999999,0.10072500000000018,1.0,1.0,0.1,0.0,0.0,0.0,0.0,0.0,0.0,0.16622704831436358,1.662270483143636,0.2652713103929543,0.29834631039295423,0.2073146310392953,0.10059619257423942,0.1680749999999998,0.1592437499999998,0.23348437499999994,0.1019146874999999,0.10072500000000018,1.0,1.0,0.1,0.0,0.0,0.0,0.0,0.0,0.0,0.16622704831436358,1.662270483143636,0.2652713103929543,0.29834631039295423,0.2073146310392953,0.10059619257423942,0.1680749999999998,0.1592437499999998,0.23348437499999994,0.1019146874999999,0.10072500000000018,1.0,1.0,0.1,0.0,0.0,0.0,0.0,0.0,0.0,0.16622704831436358,1.662270483143636,0.2652713103929543,0.29834631039295423,0.2073146310392953,0.10059619257423942,0.1680749999999998,0.1592437499999998,0.23348437499999994,0.1019146874999999,0.10072500000000018,1.0,1.0,0.1,0.0,0.0,0.0,0.0,0.0,0.0,0.16622704831436358,1.662270483143636,0.2652713103929543,0.29834631039295423,1.0,0.1,0.1,0.1,0.1,0.0,0.1,1.0,0.1111111111111111,0.1,1.0,0.1111111111111111,0.1,1.0,0.1111111111111111,0.1,1.0,0.1111111111111111,0.1,0.0,0.1,0.1,0.1,0.1,0.1,0.0,0.0,0.0,0.0,0.1,0.1,1.0,1.0,1.0,0.1,1.0,1.0,1.0,1.0,1.0,1.0,1,0,0.0,0.0,0.0,0.1,0.0,0.0,0.0,0.0,0.0,0.0,0.0,1.0,0.0,0.0,0.0,0.0,0.0,-0.5692756249955275,2.166112591183837e-21,2.166112591183837e-21,0.0,0.0,0.0,0,0,0,0,C1,0.0,0.0,0.2073146310392953,0.1,1.0,0.1,0.0,0.0,0.2073146310392953
phaseflip,mixed_pauli,0.2,1,10,qiskit_aer,1,1,0.93,0.93,0.0,0.0,0.8,0.8,0.0,0.0,0.06999999999999995,0.07810249675906632,0.04999999999999993,2.220446049250313e-16,0.09999999999999964,2.220446049250313e-16,2.220446049250313e-16,1.0,0.7,0.5,0.1,0.0,0.5,0.5,0.5,0.13984631039295436,0.04582575694955844,0.1698463103929544,0.09484631039295432,0.1698463103929544,0.0698463103929543,0.0698463103929543,1.0,1.0,0.0,0.0,0.0,0.8,0.8,0.8,0.13984631039295436,0.04582575694955844,0.1698463103929544,0.09484631039295432,0.1698463103929544,0.0698463103929543,0.0698463103929543,1.0,1.0,0.0,0.0,0.0,0.8,0.8,0.8,0.0,0.015076844803522671,0.1507684480352267,0.030153689607045342,0.030153689607045342,0.06095389311788635,0.06739456544962752,0.03492315519647726,2.220446049250313e-16,0.09999999999999964,2.220446049250313e-16,2.220446049250313e-16,1.0,1.0,0.2,0.0,0.0,0.6,0.6,0.6,0.0,0.09396926207859069,0.9396926207859069,0.16984631039295417,0.16984631039295417,0.06095389311788635,0.06739456544962752,0.03492315519647726,2.220446049250313e-16,0.09999999999999964,2.220446049250313e-16,2.220446049250313e-16,1.0,1.0,0.2,0.0,0.0,0.6,0.6,0.6,0.0,0.09396926207859069,0.9396926207859069,0.16984631039295417,0.16984631039295417,0.06095389311788635,0.06739456544962752,0.03492315519647726,2.220446049250313e-16,0.09999999999999964,2.220446049250313e-16,2.220446049250313e-16,1.0,1.0,0.2,0.0,0.0,0.6,0.6,0.6,0.0,0.09396926207859069,0.9396926207859069,0.16984631039295417,0.16984631039295417,1.0,1.0,0.3,0.3,0.3,0.0,1.0,0.0,1.0,0.3,0.5,0.16666666666666666,0.3,0.5,0.16666666666666666,0.3,0.5,0.16666666666666666,0.3,0.7,0.3,0.3,0.3,0.3,0.3,0.0,0.0,0.0,0.0,0.3,0.3,1.0,1.0,1.0,0.3,1.0,1.0,1.0,1.0,1.0,1.0,3,0,0.0,0.0,0.3,0.0,0.0,0.0,0.0,0.0,0.0,0.0,0.0,1.0,0.0,0.0,0.0,0.0,0.0,-0.3299999622707763,0.015161730781751875,0.015161730781751875,0.0,0.0,0.0,0,0,0,0,C1,0.0,0.0,0.13984631039295436,0.0,1.0,1.0,0.0,0.0,0.13984631039295436
phaseflip,mixed_pauli,0.2,2,10,qiskit_aer,1,1,0.8530000000000001,0.8530000000000001,0.0,0.0,0.4,0.4,0.0,0.0,0.12699999999999992,0.08271033792700883,0.15999999999999992,0.08000000000000007,0.15999999999999992,-1.1102230246251565e-16,-1.1102230246251565e-16,1.0,0.9,0.2,0.0,0.0,0.4,0.4,0.4,0.2808463103929545,0.052239831546435946,0.2898463103929544,0.24984631039295446,0.32984631039295453,0.20034631039295442,0.15984631039295438,1.0,1.0,0.0,0.0,0.0,0.4,0.4,0.4,0.17795389311788626,0.10405242205526465,0.17499999999999982,0.15999999999999992,0.24984631039295446,-1.1102230246251565e-16,-1.1102230246251565e-16,1.0,1.0,0.2,0.0,0.0,0.4,0.4,0.4,0.0,0.10892315519647729,1.0892315519647728,0.2898463103929545,0.2898463103929545,0.14398463103929537,0.10275351513433728,0.15999999999999992,0.08000000000000007,0.18249999999999977,-1.1102230246251565e-16,-1.1102230246251565e-16,1.0,1.0,0.2,0.0,0.0,0.4,0.4,0.4,0.0,0.14289241727506816,1.4289241727506816,0.2898463103929545,0.2898463103929545,0.14398463103929537,0.10275351513433728,0.15999999999999992,0.08000000000000007,0.18249999999999977,-1.1102230246251565e-16,-1.1102230246251565e-16,1.0,1.0,0.2,0.0,0.0,0.4,0.4,0.4,0.0,0.14289241727506816,1.4289241727506816,0.2898463103929545,0.2898463103929545,0.14398463103929537,0.10275351513433728,0.15999999999999992,0.08000000000000007,0.18249999999999977,-1.1102230246251565e-16,-1.1102230246251565e-16,1.0,1.0,0.2,0.0,0.0,0.4,0.4,0.4,0.0,0.14289241727506816,1.4289241727506816,0.2898463103929545,0.2898463103929545,1.0,0.3,0.1,0.1,0.1,0.0,0.3,1.0,0.375,0.1,1.0,0.125,0.1,1.0,0.125,0.1,1.0,0.125,0.1,0.2,0.1,0.1,0.1,0.1,0.1,0.0,0.0,0.0,0.0,0.1,0.1,1.0,1.0,1.0,0.1,1.0,1.0,1.0,1.0,1.0,1.0,1,0,0.0,0.0,0.0,0.1,0.0,0.0,0.0,0.0,0.0,0.0,0.0,1.0,0.0,0.0,0.0,0.0,0.0,-0.6529999999773708,0.02001682597585222,0.02001682597585222,0.0,0.0,0.0,0,0,0,0,C1,0.0,0.0,0.17795389311788626,0.2,1.0,0.3,0.0,0.0,0.17795389311788626
phaseflip,mixed_pauli,0.2,3,10,qiskit_aer,1,1,0.7622000000000001,0.7622000000000001,0.0,0.0,0.0,0.0,0.0,0.0,0.19260000000000005,0.08644096251199417,0.17200000000000004,0.13600000000000012,0.2240000000000002,0.09860000000000009,0.06800000000000006,1.0,0.5,0.2,0.0,0.0,0.0,0.0,0.0,0.38244631039295457,0.054185237842054444,0.3938463103929546,0.36284631039295456,0.4258463103929546,0.2929463103929544,0.23984631039295434,1.0,1.0,0.0,0.0,0.0,0.0,0.0,0.0,0.3135231551964773,0.10782912596168281,0.36784631039295457,0.23550000000000007,0.39238473279471586,0.13600000000000012,0.13600000000000012,1.0,1.0,0.2,0.0,0.0,0.0,0.0,0.0,0.0,0.07495389311788633,0.7495389311788634,0.2898463103929545,0.2898463103929545,0.3135231551964773,0.10782912596168281,0.36784631039295457,0.23550000000000007,0.39238473279471586,0.13600000000000012,0.13600000000000012,1.0,1.0,0.2,0.0,0.0,0.0,0.0,0.0,0.0,0.07495389311788633,0.7495389311788634,0.2898463103929545,0.2898463103929545,0.3135231551964773,0.10782912596168281,0.36784631039295457,0.23550000000000007,0.39238473279471586,0.13600000000000012,0.13600000000000012,1.0,1.0,0.2,0.0,0.0,0.0,0.0,0.0,0.0,0.07495389311788633,0.7495389311788634,0.2898463103929545,0.2898463103929545,0.3135231551964773,0.10782912596168281,0.36784631039295457,0.23550000000000007,0.39238473279471586,0.13600000000000012,0.13600000000000012,1.0,1.0,0.2,0.0,0.0,0.0,0.0,0.0,0.0,0.07495389311788633,0.7495389311788634,0.2898463103929545,0.2898463103929545,1.0,0.5,0.5,0.5,0.5,0.0,0.5,1.0,0.625,0.5,1.0,0.625,0.5,1.0,0.625,0.5,1.0,0.625,0.5,0.0,0.5,0.5,0.5,0.5,0.5,0.0,0.0,0.0,0.0,0.5,0.5,1.0,1.0,1.0,0.5,1.0,1.0,1.0,1.0,1.0,1.0,5,0,0.0,0.0,0.0,0.5,0.0,0.0,0.0,0.0,0.0,0.0,0.0,1.0,0.0,0.0,0.0,0.0,0.0,0.23780000000656817,6.460269902632134e-18,6.460269902632134e-18,0.0,0.0,0.0,0,0,0,0,C1,0.0,0.0,0.3135231551964773,0.2,1.0,0.5,0.0,0.0,0.3135231551964773
phaseflip,mixed_pauli,0.2,4,10,qiskit_aer,1,1,0.70536,0.70536,0.0,0.0,0.0,0.0,0.0,0.0,0.21988000000000002,0.08175124219239724,0.20320000000000005,0.1904,0.23800000000000004,0.12196000000000015,0.12160000000000032,1.0,0.4,0.1,0.0,0.0,0.0,0.0,0.0,0.4609263103929545,0.047188490122062623,0.4802463103929545,0.4228463103929545,0.48264631039295447,0.3878263103929545,0.3858463103929545,1.0,1.0,0.0,0.0,0.0,0.0,0.0,0.0,0.36978778623577274,0.14003913329249074,0.41632315519647717,0.23926157759823863,0.47384631039295455,0.1525600000000002,0.12160000000000032,1.0,1.0,0.1,0.0,0.0,0.0,0.0,0.0,0.0,0.09415389311788631,0.9415389311788631,0.3294463103929542,0.3618463103929541,0.36978778623577274,0.14003913329249074,0.41632315519647717,0.23926157759823863,0.47384631039295455,0.1525600000000002,0.12160000000000032,1.0,1.0,0.1,0.0,0.0,0.0,0.0,0.0,0.0,0.09415389311788631,0.9415389311788631,0.3294463103929542,0.3618463103929541,0.36978778623577274,0.14003913329249074,0.41632315519647717,0.23926157759823863,0.47384631039295455,0.1525600000000002,0.12160000000000032,1.0,1.0,0.1,0.0,0.0,0.0,0.0,0.0,0.0,0.09415389311788631,0.9415389311788631,0.3294463103929542,0.3618463103929541,0.36978778623577274,0.14003913329249074,0.41632315519647717,0.23926157759823863,0.47384631039295455,0.1525600000000002,0.12160000000000032,1.0,1.0,0.1,0.0,0.0,0.0,0.0,0.0,0.0,0.09415389311788631,0.9415389311788631,0.3294463103929542,0.3618463103929541,1.0,0.6,0.6,0.6,0.6,0.0,0.6,1.0,0.6666666666666666,0.6,1.0,0.6666666666666666,0.6,1.0,0.6666666666666666,0.6,1.0,0.6666666666666666,0.6,0.0,0.6,0.6,0.6,0.6,0.6,0.0,0.0,0.0,0.0,0.6,0.6,1.0,1.0,1.0,0.6,1.0,1.0,1.0,1.0,1.0,1.0,6,0,0.0,0.0,0.0,0.6,0.0,0.0,0.0,0.0,0.0,0.0,0.0,1.0,0.0,0.0,0.0,0.0,0.0,0.494640000001694,0.00556297854266948,0.00556297854266948,0.0,0.0,0.0,0,0,0,0,C1,0.0,0.0,0.36978778623577274,0.1,1.0,0.6,0.0,0.0,0.36978778623577274
phaseflip,phaseflip,0.01,1,10,qiskit_aer,1,1,0.99,0.99,0.0,0.0,1.0,1.0,0.0,0.0,0.009999999999999565,0.0,0.009999999999999565,0.009999999999999565,0.009999999999999565,0.009999999999999565,0.009999999999999565,1.0,0.3,1.0,0.7,0.0,0.0,0.0,0.0,-0.020153689607045777,0.0,-0.020153689607045777,-0.020153689607045777,-0.020153689607045777,-0.020153689607045777,-0.020153689607045777,0.0,1.0,0.0,0.0,1.0,1.0,1.0,1.0,-0.020153689607045777,0.0,-0.020153689607045777,-0.020153689607045777,-0.020153689607045777,-0.020153689607045777,-0.020153689607045777,0.0,1.0,0.0,0.0,1.0,1.0,1.0,1.0,0.0,0.030153689607045342,0.3015368960704534,0.030153689607045342,0.030153689607045342,-0.011107582724932175,0.013818156510648851,-0.020153689607045777,-0.020153689607045777,0.0024615775982382293,-0.020153689607045777,-0.020153689607045777,0.3,1.0,0.3,0.0,0.7,0.7,0.7,0.7,0.0,0.02110758272493174,0.2110758272493174,0.030153689607045342,0.030153689607045342,-0.011107582724932175,0.013818156510648851,-0.020153689607045777,-0.020153689607045777,0.0024615775982382293,-0.020153689607045777,-0.020153689607045777,0.3,1.0,0.3,0.0,0.7,0.7,0.7,0.7,0.0,0.02110758272493174,0.2110758272493174,0.030153689607045342,0.030153689607045342,-0.011107582724932175,0.013818156510648851,-0.020153689607045777,-0.020153689607045777,0.0024615775982382293,-0.020153689607045777,-0.020153689607045777,0.3,1.0,0.3,0.0,0.7,0.7,0.7,0.7,0.0,0.02110758272493174,0.2110758272493174,0.030153689607045342,0.030153689607045342,1.0,1.0,0.7,0.7,0.7,0.0,1.0,0.0,1.0,0.7,1.0,1.0,0.7,1.0,1.0,0.7,1.0,1.0,0.7,0.3,0.7,0.7,0.7,0.7,0.7,0.0,0.0,0.0,0.0,0.7,0.7,1.0,1.0,1.0,0.7,1.0,1.0,1.0,1.0,1.0,1.0,7,0,0.0,0.0,0.7,0.0,0.0,0.0,0.0,0.0,0.0,0.0,0.0,1.0,0.0,0.0,0.0,0.0,0.0,0.4100000342185127,2.0199410044810968e-17,2.0199410044810968e-17,0.0,0.0,0.0,0,0,0,0,C2,0.7,0.0,-0.011107582724932175,0.3,0.3,0.7,0.7,0.0,-0.011107582724932175
phaseflip,phaseflip,0.01,2,10,qiskit_aer,1,1,0.9801599999999999,0.9801599999999999,0.0,0.0,1.0,1.0,0.0,0.0,0.01983999999999968,4.898979485576694e-05,0.019799999999999596,0.019799999999999596,0.019899999999999807,0.019799999999999596,0.019799999999999596,1.0,0.2,1.0,0.8,0.0,0.0,0.0,0.0,-0.010313689607045661,4.898979485576694e-05,-0.010353689607045746,-0.010353689607045746,-0.010253689607045535,-0.010353689607045746,-0.010353689607045746,0.0,1.0,0.0,0.0,1.0,1.0,1.0,1.0,-0.010313689607045661,4.898979485576694e-05,-0.010353689607045746,-0.010353689607045746,-0.010253689607045535,-0.010353689607045746,-0.010353689607045746,0.0,1.0,0.0,0.0,1.0,1.0,1.0,1.0,0.0,0.030153689607045342,0.3015368960704534,0.030153689607045342,0.030153689607045342,-0.004282951685636594,0.01209153786982682,-0.010353689607045746,-0.010353689607045746,-0.010253689607045535,-0.010353689607045746,-0.010353689607045746,0.2,1.0,0.2,0.0,0.8,0.8,0.8,0.8,0.0,0.024122951685636274,0.24122951685636274,0.030153689607045342,0.030153689607045342,-0.004282951685636594,0.01209153786982682,-0.010353689607045746,-0.010353689607045746,-0.010253689607045535,-0.010353689607045746,-0.010353689607045746,0.2,1.0,0.2,0.0,0.8,0.8,0.8,0.8,0.0,0.024122951685636274,0.24122951685636274,0.030153689607045342,0.030153689607045342,-0.004282951685636594,0.01209153786982682,-0.010353689607045746,-0.010353689607045746,-0.010253689607045535,-0.010353689607045746,-0.010353689607045746,0.2,1.0,0.2,0.0,0.8,0.8,0.8,0.8,0.0,0.024122951685636274,0.24122951685636274,0.030153689607045342,0.030153689607045342,1.0,1.0,0.8,0.8,0.8,0.0,1.0,0.0,1.0,0.8,1.0,1.0,0.8,1.0,1.0,0.8,1.0,1.0,0.8,0.2,0.8,0.8,0.8,0.8,0.8,0.0,0.0,0.0,0.0,0.8,0.8,1.0,1.0,1.0,0.8,1.0,1.0,1.0,1.0,1.0,1.0,8,0,0.0,0.0,0.8,0.0,0.0,0.0,0.0,0.0,0.0,0.0,0.0,1.0,0.0,0.0,0.0,0.0,0.0,0.6198400190966851,0.0881642821488085,0.0881642821488085,0.0,0.0,0.0,0,0,0,0,C2,0.8,0.0,-0.004282951685636594,0.2,0.2,0.8,0.8,0.0,-0.004282951685636594
phaseflip,phaseflip,0.01,3,10,qiskit_aer,1,1,0.970428,0.970428,0.0,0.0,1.0,1.0,0.0,0.0,0.02957199999999973,0.0001172279830074261,0.029601999999999795,0.02945349999999977,0.02967549999999966,0.029403999999999764,0.029403999999999764,1.0,0.3,1.0,0.7,0.0,0.0,0.0,0.0,-0.0005816896070456101,0.0001172279830074261,-0.0005516896070455468,-0.0007001896070455704,-0.0004781896070456815,-0.0007496896070455783,-0.0007496896070455783,0.0,1.0,0.0,0.0,0.0,1.0,1.0,1.0,-0.0005816896070456101,0.0001172279830074261,-0.0005516896070455468,-0.0007001896070455704,-0.0004781896070456815,-0.0007496896070455783,-0.0007496896070455783,0.0,1.0,0.0,0.0,0.0,1.0,1.0,1.0,0.0,0.030153689607045342,0.3015368960704534,0.030153689607045342,0.030153689607045342,0.008464417275067993,0.013816471487813847,-0.0005026896070456366,-0.0005516896070455468,0.02193957759823839,-0.0007496896070455783,-0.0007496896070455783,0.3,1.0,0.3,0.0,0.0,0.7,0.7,0.7,0.0,0.02110758272493174,0.2110758272493174,0.030153689607045342,0.030153689607045342,0.008464417275067993,0.013816471487813847,-0.0005026896070456366,-0.0005516896070455468,0.02193957759823839,-0.0007496896070455783,-0.0007496896070455783,0.3,1.0,0.3,0.0,0.0,0.7,0.7,0.7,0.0,0.02110758272493174,0.2110758272493174,0.030153689607045342,0.030153689607045342,0.008464417275067993,0.013816471487813847,-0.0005026896070456366,-0.0005516896070455468,0.02193957759823839,-0.0007496896070455783,-0.0007496896070455783,0.3,1.0,0.3,0.0,0.0,0.7,0.7,0.7,0.0,0.02110758272493174,0.2110758272493174,0.030153689607045342,0.030153689607045342,1.0,1.0,0.7,0.7,0.7,0.0,1.0,0.0,1.0,0.7,1.0,1.0,0.7,1.0,1.0,0.7,1.0,1.0,0.7,0.3,0.7,0.7,0.7,0.7,0.7,0.0,0.0,0.0,0.0,0.7,0.7,1.0,1.0,1.0,0.7,1.0,1.0,1.0,1.0,1.0,1.0,7,0,0.0,0.0,0.7,0.0,0.0,0.0,0.0,0.0,0.0,0.0,0.0,1.0,0.0,0.0,0.0,0.0,0.0,0.42957200520914424,8.999812316247703e-21,8.999812316247703e-21,0.0,0.0,0.0,0,0,0,0,C2,0.0,0.0,0.008464417275067993,0.3,0.3,0.7,0.0,0.0,0.008464417275067993
phaseflip,phaseflip,0.01,4,10,qiskit_aer,1,1,0.9608420280000001,0.9608420280000001,0.0,0.0,1.0,1.0,0.0,0.0,0.039157971999999784,0.00018647496608392434,0.0392559799999998,0.03910995999999978,0.039303999999999784,0.03881591999999978,0.03881591999999978,1.0,0.5,1.0,0.5,0.0,0.0,0.0,0.0,0.009004282392954444,0.00018647496608392437,0.00910229039295446,0.008956270392954435,0.009150310392954442,0.00866223039295444,0.00866223039295444,1.0,1.0,0.0,0.0,0.0,1.0,1.0,1.0,0.009004282392954444,0.00018647496608392437,0.00910229039295446,0.008956270392954435,0.009150310392954442,0.00866223039295444,0.00866223039295444,1.0,1.0,0.0,0.0,0.0,1.0,1.0,1.0,0.0,0.030153689607045342,0.3015368960704534,0.030153689607045342,0.030153689607045342,0.024081127196477113,0.015009435296808721,0.02398311519647711,0.009150310392954442,0.03910994999999981,0.008956270392954435,0.008956270392954435,1.0,1.0,0.5,0.0,0.0,0.5,0.5,0.5,0.0,0.015076844803522671,0.1507684480352267,0.030153689607045342,0.030153689607045342,0.024081127196477113,0.015009435296808721,0.02398311519647711,0.009150310392954442,0.03910994999999981,0.008956270392954435,0.008956270392954435,1.0,1.0,0.5,0.0,0.0,0.5,0.5,0.5,0.0,0.015076844803522671,0.1507684480352267,0.030153689607045342,0.030153689607045342,0.024081127196477113,0.015009435296808721,0.02398311519647711,0.009150310392954442,0.03910994999999981,0.008956270392954435,0.008956270392954435,1.0,1.0,0.5,0.0,0.0,0.5,0.5,0.5,0.0,0.015076844803522671,0.1507684480352267,0.030153689607045342,0.030153689607045342,1.0,1.0,0.5,0.5,0.5,0.0,1.0,0.0,1.0,0.5,1.0,1.0,0.5,1.0,1.0,0.5,1.0,1.0,0.5,0.5,0.5,0.5,0.5,0.5,0.5,0.0,0.0,0.0,0.0,0.5,0.5,1.0,1.0,1.0,0.5,1.0,1.0,1.0,1.0,1.0,1.0,5,0,0.0,0.0,0.5,0.0,0.0,0.0,0.0,0.0,0.0,0.0,0.0,1.0,0.0,0.0,0.0,0.0,0.0,0.03915797491172022,8.365372627103523e-21,8.365372627103523e-21,0.0,0.0,0.0,0,0,0,0,C2,0.0,0.0,0.024081127196477113,0.5,1.0,0.5,0.0,0.0,0.024081127196477113
phaseflip,phaseflip,0.03,1,10,qiskit_aer,1,1,0.9700000000000001,0.9700000000000001,0.0,0.0,1.0,1.0,0.0,0.0,0.029999999999999805,0.0,0.029999999999999805,0.029999999999999805,0.029999999999999805,0.029999999999999805,0.029999999999999805,1.0,0.2,1.0,0.8,0.0,0.0,0.0,0.0,-0.00015368960704553736,0.0,-0.00015368960704553736,-0.00015368960704553736,-0.00015368960704553736,-0.00015368960704553736,-0.00015368960704553736,0.0,1.0,0.0,0.0,0.0,1.0,1.0,1.0,-0.00015368960704553736,0.0,-0.00015368960704553736,-0.00015368960704553736,-0.00015368960704553736,-0.00015368960704553736,-0.00015368960704553736,0.0,1.0,0.0,0.0,0.0,1.0,1.0,1.0,0.0,0.030153689607045342,0.3015368960704534,0.030153689607045342,0.030153689607045342,0.005877048314363531,0.012061475842818137,-0.00015368960704553736,-0.00015368960704553736,-0.00015368960704553736,-0.00015368960704553736,-0.00015368960704553736,0.2,1.0,0.2,0.0,0.0,0.8,0.8,0.8,0.0,0.024122951685636274,0.24122951685636274,0.030153689607045342,0.030153689607045342,0.005877048314363531,0.012061475842818137,-0.00015368960704553736,-0.00015368960704553736,-0.00015368960704553736,-0.00015368960704553736,-0.00015368960704553736,0.2,1.0,0.2,0.0,0.0,0.8,0.8,0.8,0.0,0.024122951685636274,0.24122951685636274,0.030153689607045342,0.030153689607045342,0.005877048314363531,0.012061475842818137,-0.00015368960704553736,-0.00015368960704553736,-0.00015368960704553736,-0.00015368960704553736,-0.00015368960704553736,0.2,1.0,0.2,0.0,0.0,0.8,0.8,0.8,0.0,0.024122951685636274,0.24122951685636274,0.030153689607045342,0.030153689607045342,1.0,1.0,0.8,0.8,0.8,0.0,1.0,0.0,1.0,0.8,1.0,1.0,0.8,1.0,1.0,0.8,1.0,1.0,0.8,0.2,0.8,0.8,0.8,0.8,0.8,0.0,0.0,0.0,0.0,0.8,0.8,1.0,1.0,1.0,0.8,1.0,1.0,1.0,1.0,1.0,1.0,8,0,0.0,0.0,0.8,0.0,0.0,0.0,0.0,0.0,0.0,0.0,0.0,1.0,0.0,0.0,0.0,0.0,0.0,0.6300000073110849,0.14133233712661944,0.14133233712661944,0.0,0.0,0.0,0,0,0,0,C2,0.0,0.0,0.005877048314363531,0.2,0.2,0.8,0.0,0.0,0.005877048314363531
phaseflip,phaseflip,0.03,2,10,qiskit_aer,1,1,0.94144,0.94144,0.0,0.0,1.0,1.0,0.0,0.0,0.05855999999999972,0.00044090815370086914,0.05819999999999981,0.05819999999999981,0.0590999999999996,0.05819999999999981,0.05819999999999981,1.0,0.5,1.0,0.5,0.0,0.0,0.0,0.0,0.02840631039295438,0.00044090815370086914,0.028046310392954465,0.028046310392954465,0.028946310392954255,0.028046310392954465,0.028046310392954465,1.0,1.0,0.0,0.0,0.0,1.0,1.0,1.0,0.031421679353658916,0.009234882143275199,0.028046310392954465,0.028046310392954465,0.028946310392954255,0.028046310392954465,0.028046310392954465,1.0,1.0,0.1,0.0,0.0,0.9,0.9,0.9,0.0,0.027138320646340808,0.2713832064634081,0.030153689607045342,0.030153689607045342,0.04348315519647705,0.015083290397970479,0.04357315519647703,0.028271310392954413,0.05819999999999981,0.028046310392954465,0.028046310392954465,1.0,1.0,0.5,0.0,0.0,0.5,0.5,0.5,0.0,0.015076844803522671,0.1507684480352267,0.030153689607045342,0.030153689607045342,0.04348315519647705,0.015083290397970479,0.04357315519647703,0.028271310392954413,0.05819999999999981,0.028046310392954465,0.028046310392954465,1.0,1.0,0.5,0.0,0.0,0.5,0.5,0.5,0.0,0.015076844803522671,0.1507684480352267,0.030153689607045342,0.030153689607045342,0.04348315519647705,0.015083290397970479,0.04357315519647703,0.028271310392954413,0.05819999999999981,0.028046310392954465,0.028046310392954465,1.0,1.0,0.5,0.0,0.0,0.5,0.5,0.5,0.0,0.015076844803522671,0.1507684480352267,0.030153689607045342,0.030153689607045342,1.0,0.9,0.5,0.5,0.5,0.0,0.9,0.2,1.0,0.5,1.0,1.0,0.5,1.0,1.0,0.5,1.0,1.0,0.5,0.4,0.5,0.5,0.5,0.5,0.5,0.0,0.0,0.0,0.0,0.5,0.5,1.0,1.0,1.0,0.5,1.0,1.0,1.0,1.0,1.0,1.0,5,0,0.0,0.0,0.5,0.0,0.0,0.0,0.0,0.0,0.0,0.0,0.0,1.0,0.0,0.0,0.0,0.0,0.0,0.05856000055614334,1.0830562955919185e-20,1.0830562955919185e-20,0.0,0.0,0.0,0,0,0,0,C2,0.0,0.0,0.04348315519647705,0.5,1.0,0.5,0.0,0.0,0.04348315519647705
phaseflip,phaseflip,0.03,3,10,qiskit_aer,1,1,0.913816,0.913816,0.0,0.0,1.0,1.0,0.0,0.0,0.08618399999999984,0.0010277984238166223,0.08645399999999981,0.08514449999999987,0.08708849999999982,0.0847079999999999,0.0847079999999999,1.0,0.3,1.0,0.7,0.0,0.0,0.0,0.0,0.056030310392954495,0.0010277984238166223,0.05630031039295447,0.05499081039295453,0.05693481039295448,0.05455431039295455,0.05455431039295455,1.0,1.0,0.0,0.0,0.0,1.0,1.0,1.0,0.056030310392954495,0.0010277984238166223,0.05630031039295447,0.05499081039295453,0.05693481039295448,0.05455431039295455,0.05455431039295455,1.0,1.0,0.0,0.0,0.0,1.0,1.0,1.0,0.0,0.030153689607045342,0.3015368960704534,0.030153689607045342,0.030153689607045342,0.0650764172750681,0.012856660197609206,0.05714631039295448,0.05630031039295447,0.07781757759823854,0.05630031039295447,0.05630031039295447,1.0,1.0,0.3,0.0,0.0,0.7,0.7,0.7,0.0,0.02110758272493174,0.2110758272493174,0.030153689607045342,0.030153689607045342,0.0650764172750681,0.012856660197609206,0.05714631039295448,0.05630031039295447,0.07781757759823854,0.05630031039295447,0.05630031039295447,1.0,1.0,0.3,0.0,0.0,0.7,0.7,0.7,0.0,0.02110758272493174,0.2110758272493174,0.030153689607045342,0.030153689607045342,0.0650764172750681,0.012856660197609206,0.05714631039295448,0.05630031039295447,0.07781757759823854,0.05630031039295447,0.05630031039295447,1.0,1.0,0.3,0.0,0.0,0.7,0.7,0.7,0.0,0.02110758272493174,0.2110758272493174,0.030153689607045342,0.030153689607045342,1.0,1.0,0.7,0.7,0.7,0.0,1.0,0.0,1.0,0.7,1.0,1.0,0.7,1.0,1.0,0.7,1.0,1.0,0.7,0.3,0.7,0.7,0.7,0.7,0.7,0.0,0.0,0.0,0.0,0.7,0.7,1.0,1.0,1.0,0.7,1.0,1.0,1.0,1.0,1.0,1.0,7,0,0.0,0.0,0.7,0.0,0.0,0.0,0.0,0.0,0.0,0.0,0.0,1.0,0.0,0.0,0.0,0.0,0.0,0.4861840001454164,1.0107902714056831e-17,1.0107902714056831e-17,0.0,0.0,0.0,0,0,0,0,C2,0.0,0.0,0.0650764172750681,0.3,1.0,0.7,0.0,0.0,0.0650764172750681
phaseflip,phaseflip,0.03,4,10,qiskit_aer,1,1,0.8874362680000001,0.8874362680000001,0.0,0.0,0.0,0.0,0.0,0.0,0.11256373199999978,0.0015976230304849519,0.1134103799999997,0.11216675999999981,0.11380799999999977,0.10962551999999981,0.10962551999999981,1.0,0.6,1.0,0.0,0.0,0.0,0.0,0.0,0.08241004239295444,0.0015976230304849519,0.08325669039295436,0.08201307039295447,0.08365431039295443,0.07947183039295447,0.07947183039295447,1.0,1.0,0.0,0.0,0.0,0.0,0.0,0.0,0.10050225615718164,0.01469623157484314,0.11089613999999981,0.08365431039295437,0.11280125999999974,0.08135394639295442,0.07947183039295447,1.0,1.0,0.6,0.0,0.0,0.0,0.0,0.0,0.0,0.012061475842818137,0.12061475842818137,0.030153689607045342,0.030153689607045342,0.10050225615718164,0.01469623157484314,0.11089613999999981,0.08365431039295437,0.11280125999999974,0.08135394639295442,0.07947183039295447,1.0,1.0,0.6,0.0,0.0,0.0,0.0,0.0,0.0,0.012061475842818137,0.12061475842818137,0.030153689607045342,0.030153689607045342,0.10050225615718164,0.01469623157484314,0.11089613999999981,0.08365431039295437,0.11280125999999974,0.08135394639295442,0.07947183039295447,1.0,1.0,0.6,0.0,0.0,0.0,0.0,0.0,0.0,0.012061475842818137,0.12061475842818137,0.030153689607045342,0.030153689607045342,0.10050225615718164,0.01469623157484314,0.11089613999999981,0.08365431039295437,0.11280125999999974,0.08135394639295442,0.07947183039295447,1.0,1.0,0.6,0.0,0.0,0.0,0.0,0.0,0.0,0.012061475842818137,0.12061475842818137,0.030153689607045342,0.030153689607045342,1.0,0.4,0.4,0.4,0.4,0.0,0.4,0.6,0.0,0.4,0.6,0.0,0.4,0.6,0.0,0.4,0.6,0.0,0.4,0.0,0.4,0.4,0.4,0.4,0.4,0.0,0.0,0.0,0.0,0.4,0.4,1.0,1.0,1.0,0.4,1.0,1.0,1.0,1.0,1.0,1.0,4,0,0.0,0.0,0.4,0.0,0.0,0.0,0.0,0.0,0.0,0.0,0.0,1.0,0.0,0.0,0.0,0.0,0.0,-0.08743626794797951,7.431855200327517e-21,7.431855200327517e-21,0.0,0.0,0.0,0,0,0,0,C1,0.0,0.0,0.10050225615718164,0.6,1.0,0.4,0.0,0.0,0.10050225615718164
phaseflip,phaseflip,0.05,1,10,qiskit_aer,1,1,0.9499999999999998,0.9499999999999998,0.0,0.0,1.0,1.0,0.0,0.0,0.04999999999999971,0.0,0.04999999999999971,0.04999999999999971,0.04999999999999971,0.04999999999999971,0.04999999999999971,1.0,0.2,1.0,0.8,0.0,0.0,0.0,0.0,0.01984631039295437,0.0,0.01984631039295437,0.01984631039295437,0.01984631039295437,0.01984631039295437,0.01984631039295437,1.0,1.0,0.0,0.0,0.0,1.0,1.0,1.0,0.01984631039295437,0.0,0.01984631039295437,0.01984631039295437,0.01984631039295437,0.01984631039295437,0.01984631039295437,1.0,1.0,0.0,0.0,0.0,1.0,1.0,1.0,0.0,0.030153689607045342,0.3015368960704534,0.030153689607045342,0.030153689607045342,0.025877048314363438,0.012061475842818137,0.01984631039295437,0.01984631039295437,0.01984631039295437,0.01984631039295437,0.01984631039295437,1.0,1.0,0.2,0.0,0.0,0.8,0.8,0.8,0.0,0.024122951685636274,0.24122951685636274,0.030153689607045342,0.030153689607045342,0.025877048314363438,0.012061475842818137,0.01984631039295437,0.01984631039295437,0.01984631039295437,0.01984631039295437,0.01984631039295437,1.0,1.0,0.2,0.0,0.0,0.8,0.8,0.8,0.0,0.024122951685636274,0.24122951685636274,0.030153689607045342,0.030153689607045342,0.025877048314363438,0.012061475842818137,0.01984631039295437,0.01984631039295437,0.01984631039295437,0.01984631039295437,0.01984631039295437,1.0,1.0,0.2,0.0,0.0,0.8,0.8,0.8,0.0,0.024122951685636274,0.24122951685636274,0.030153689607045342,0.030153689607045342,1.0,1.0,0.8,0.8,0.8,0.0,1.0,0.0,1.0,0.8,1.0,1.0,0.8,1.0,1.0,0.8,1.0,1.0,0.8,0.2,0.8,0.8,0.8,0.8,0.8,0.0,0.0,0.0,0.0,0.8,0.8,1.0,1.0,1.0,0.8,1.0,1.0,1.0,1.0,1.0,1.0,8,0,0.0,0.0,0.8,0.0,0.0,0.0,0.0,0.0,0.0,0.0,0.0,1.0,0.0,0.0,0.0,0.0,0.0,0.6500000014598011,0.17498113585498745,0.17498113585498745,0.0,0.0,0.0,0,0,0,0,C2,0.0,0.0,0.025877048314363438,0.2,1.0,0.8,0.0,0.0,0.025877048314363438
phaseflip,phaseflip,0.05,2,10,qiskit_aer,1,1,0.9039999999999999,0.9039999999999999,0.0,0.0,1.0,1.0,0.0,0.0,0.0959999999999998,0.0012247448713915085,0.09499999999999986,0.09499999999999986,0.0974999999999997,0.09499999999999986,0.09499999999999986,1.0,0.8,1.0,0.2,0.0,0.0,0.0,0.0,0.06584631039295445,0.0012247448713915085,0.06484631039295452,0.06484631039295452,0.06734631039295436,0.06484631039295452,0.06484631039295452,1.0,1.0,0.0,0.0,0.0,1.0,1.0,1.0,0.06584631039295445,0.0012247448713915085,0.06484631039295452,0.06484631039295452,0.06734631039295436,0.06484631039295452,0.06484631039295452,1.0,1.0,0.0,0.0,0.0,1.0,1.0,1.0,0.0,0.030153689607045342,0.3015368960704534,0.030153689607045342,0.030153689607045342,0.08996926207859073,0.01135284042619552,0.09499999999999986,0.09499999999999986,0.09499999999999986,0.06734631039295436,0.06734631039295436,1.0,1.0,0.8,0.0,0.0,0.2,0.2,0.2,0.0,0.006030737921409068,0.060307379214090684,0.030153689607045342,0.030153689607045342,0.08996926207859073,0.01135284042619552,0.09499999999999986,0.09499999999999986,0.09499999999999986,0.06734631039295436,0.06734631039295436,1.0,1.0,0.8,0.0,0.0,0.2,0.2,0.2,0.0,0.006030737921409068,0.060307379214090684,0.030153689607045342,0.030153689607045342,0.08996926207859073,0.01135284042619552,0.09499999999999986,0.09499999999999986,0.09499999999999986,0.06734631039295436,0.06734631039295436,1.0,1.0,0.8,0.0,0.0,0.2,0.2,0.2,0.0,0.006030737921409068,0.060307379214090684,0.030153689607045342,0.030153689607045342,1.0,1.0,0.2,0.2,0.2,0.0,1.0,0.0,1.0,0.2,1.0,1.0,0.2,1.0,1.0,0.2,1.0,1.0,0.2,0.8,0.2,0.2,0.2,0.2,0.2,0.0,0.0,0.0,0.0,0.2,0.2,1.0,1.0,1.0,0.2,1.0,1.0,1.0,1.0,1.0,1.0,2,0,0.0,0.0,0.2,0.0,0.0,0.0,0.0,0.0,0.0,0.0,0.0,1.0,0.0,0.0,0.0,0.0,0.0,-0.5039999998739554,0.0003539416742845664,0.0003539416742845664,0.0,0.0,0.0,0,0,0,0,C2,0.0,0.0,0.08996926207859073,0.8,1.0,0.2,0.0,0.0,0.08996926207859073
phaseflip,phaseflip,0.05,3,10,qiskit_aer,1,1,0.8604999999999999,0.8604999999999999,0.0,0.0,0.0,0.0,0.0,0.0,0.13949999999999982,0.002779388421937513,0.14024999999999987,0.13668749999999977,0.14193749999999986,0.13549999999999973,0.13549999999999973,1.0,0.7,1.0,0.0,0.0,0.0,0.0,0.0,0.10934631039295448,0.002779388421937513,0.11009631039295453,0.10653381039295443,0.11178381039295451,0.10534631039295439,0.10534631039295439,1.0,1.0,0.0,0.0,0.0,0.0,0.0,0.0,0.13045389311788622,0.012568172833919642,0.13549999999999973,0.11813473279471581,0.14024999999999987,0.11110881039295452,0.11009631039295453,1.0,1.0,0.7,0.0,0.0,0.0,0.0,0.0,0.0,0.009046106882113603,0.09046106882113603,0.030153689607045342,0.030153689607045342,0.13045389311788622,0.012568172833919642,0.13549999999999973,0.11813473279471581,0.14024999999999987,0.11110881039295452,0.11009631039295453,1.0,1.0,0.7,0.0,0.0,0.0,0.0,0.0,0.0,0.009046106882113603,0.09046106882113603,0.030153689607045342,0.030153689607045342,0.13045389311788622,0.012568172833919642,0.13549999999999973,0.11813473279471581,0.14024999999999987,0.11110881039295452,0.11009631039295453,1.0,1.0,0.7,0.0,0.0,0.0,0.0,0.0,0.0,0.009046106882113603,0.09046106882113603,0.030153689607045342,0.030153689607045342,0.13045389311788622,0.012568172833919642,0.13549999999999973,0.11813473279471581,0.14024999999999987,0.11110881039295452,0.11009631039295453,1.0,1.0,0.7,0.0,0.0,0.0,0.0,0.0,0.0,0.009046106882113603,0.09046106882113603,0.030153689607045342,0.030153689607045342,1.0,0.3,0.3,0.3,0.3,0.0,0.3,0.7,0.0,0.3,0.7,0.0,0.3,0.7,0.0,0.3,0.7,0.0,0.3,0.0,0.3,0.3,0.3,0.3,0.3,0.0,0.0,0.0,0.0,0.3,0.3,1.0,1.0,1.0,0.3,1.0,1.0,1.0,1.0,1.0,1.0,3,0,0.0,0.0,0.3,0.0,0.0,0.0,0.0,0.0,0.0,0.0,0.0,1.0,0.0,0.0,0.0,0.0,0.0,-0.26049999996662015,0.027544488809430962,0.027544488809430962,0.0,0.0,0.0,0,0,0,0,C1,0.0,0.0,0.13045389311788622,0.7,1.0,0.3,0.0,0.0,0.13045389311788622
phaseflip,phaseflip,0.05,4,10,qiskit_aer,1,1,0.8202674999999998,0.8202674999999998,0.0,0.0,0.0,0.0,0.0,0.0,0.17973249999999985,0.004220086640105866,0.1819874999999999,0.1787249999999999,0.18299999999999983,0.17194999999999983,0.17194999999999983,1.0,0.8,1.0,0.0,0.0,0.0,0.0,0.0,0.1495788103929545,0.004220086640105866,0.15183381039295457,0.14857131039295457,0.1528463103929545,0.14179631039295448,0.14179631039295448,1.0,1.0,0.0,0.0,0.0,0.0,0.0,0.0,0.17370176207859078,0.013245386656059694,0.1819874999999999,0.17194999999999983,0.18299999999999983,0.14857131039295457,0.14857131039295457,1.0,1.0,0.8,0.0,0.0,0.0,0.0,0.0,0.0,0.006030737921409068,0.060307379214090684,0.030153689607045342,0.030153689607045342,0.17370176207859078,0.013245386656059694,0.1819874999999999,0.17194999999999983,0.18299999999999983,0.14857131039295457,0.14857131039295457,1.0,1.0,0.8,0.0,0.0,0.0,0.0,0.0,0.0,0.006030737921409068,0.060307379214090684,0.030153689607045342,0.030153689607045342,0.17370176207859078,0.013245386656059694,0.1819874999999999,0.17194999999999983,0.18299999999999983,0.14857131039295457,0.14857131039295457,1.0,1.0,0.8,0.0,0.0,0.0,0.0,0.0,0.0,0.006030737921409068,0.060307379214090684,0.030153689607045342,0.030153689607045342,0.17370176207859078,0.013245386656059694,0.1819874999999999,0.17194999999999983,0.18299999999999983,0.14857131039295457,0.14857131039295457,1.0,1.0,0.8,0.0,0.0,0.0,0.0,0.0,0.0,0.006030737921409068,0.060307379214090684,0.030153689607045342,0.030153689607045342,1.0,0.2,0.2,0.2,0.2,0.0,0.2,0.8,0.0,0.2,0.8,0.0,0.2,0.8,0.0,0.2,0.8,0.0,0.2,0.0,0.2,0.2,0.2,0.2,0.2,0.0,0.0,0.0,0.0,0.2,0.2,1.0,1.0,1.0,0.2,1.0,1.0,1.0,1.0,1.0,1.0,2,0,0.0,0.0,0.2,0.0,0.0,0.0,0.0,0.0,0.0,0.0,0.0,1.0,0.0,0.0,0.0,0.0,0.0,-0.4202674999879912,3.099630017959843e-21,3.099630017959843e-21,0.0,0.0,0.0,0,0,0,0,C1,0.0,0.0,0.17370176207859078,0.8,1.0,0.2,0.0,0.0,0.17370176207859078
phaseflip,phaseflip,0.1,1,10,qiskit_aer,1,1,0.9000000000000001,0.9000000000000001,0.0,0.0,1.0,1.0,0.0,0.0,0.09999999999999964,0.0,0.09999999999999964,0.09999999999999964,0.09999999999999964,0.09999999999999964,0.09999999999999964,1.0,0.8,1.0,0.2,0.0,0.0,0.0,0.0,0.0698463103929543,0.0,0.0698463103929543,0.0698463103929543,0.0698463103929543,0.0698463103929543,0.0698463103929543,1.0,1.0,0.0,0.0,0.0,1.0,1.0,1.0,0.0698463103929543,0.0,0.0698463103929543,0.0698463103929543,0.0698463103929543,0.0698463103929543,0.0698463103929543,1.0,1.0,0.0,0.0,0.0,1.0,1.0,1.0,0.0,0.030153689607045342,0.3015368960704534,0.030153689607045342,0.030153689607045342,0.09396926207859058,0.012061475842818137,0.09999999999999964,0.09999999999999964,0.09999999999999964,0.0698463103929543,0.0698463103929543,1.0,1.0,0.8,0.0,0.0,0.2,0.2,0.2,0.0,0.006030737921409068,0.060307379214090684,0.030153689607045342,0.030153689607045342,0.09396926207859058,0.012061475842818137,0.09999999999999964,0.09999999999999964,0.09999999999999964,0.0698463103929543,0.0698463103929543,1.0,1.0,0.8,0.0,0.0,0.2,0.2,0.2,0.0,0.006030737921409068,0.060307379214090684,0.030153689607045342,0.030153689607045342,0.09396926207859058,0.012061475842818137,0.09999999999999964,0.09999999999999964,0.09999999999999964,0.0698463103929543,0.0698463103929543,1.0,1.0,0.8,0.0,0.0,0.2,0.2,0.2,0.0,0.006030737921409068,0.060307379214090684,0.030153689607045342,0.030153689607045342,1.0,1.0,0.2,0.2,0.2,0.0,1.0,0.0,1.0,0.2,1.0,1.0,0.2,1.0,1.0,0.2,1.0,1.0,0.2,0.8,0.2,0.2,0.2,0.2,0.2,0.0,0.0,0.0,0.0,0.2,0.2,1.0,1.0,1.0,0.2,1.0,1.0,1.0,1.0,1.0,1.0,2,0,0.0,0.0,0.2,0.0,0.0,0.0,0.0,0.0,0.0,0.0,0.0,1.0,0.0,0.0,0.0,0.0,0.0,-0.4999999998967022,0.006573680430971311,0.006573680430971311,0.0,0.0,0.0,0,0,0,0,C2,0.0,0.0,0.09396926207859058,0.8,1.0,0.2,0.0,0.0,0.09396926207859058
phaseflip,phaseflip,0.1,2,10,qiskit_aer,1,1,0.8160000000000001,0.8160000000000001,0.0,0.0,0.0,0.0,0.0,0.0,0.1839999999999997,0.00489897948556632,0.17999999999999972,0.17999999999999972,0.1899999999999996,0.17999999999999972,0.17999999999999972,1.0,0.7,1.0,0.0,0.0,0.0,0.0,0.0,0.15384631039295435,0.00489897948556632,0.14984631039295437,0.14984631039295437,0.15984631039295427,0.14984631039295437,0.14984631039295437,1.0,1.0,0.0,0.0,0.0,0.0,0.0,0.0,0.1749538931178861,0.01695023021701166,0.17999999999999972,0.1573847327947157,0.1899999999999996,0.14984631039295437,0.14984631039295437,1.0,1.0,0.7,0.0,0.0,0.0,0.0,0.0,0.0,0.009046106882113603,0.09046106882113603,0.030153689607045342,0.030153689607045342,0.1749538931178861,0.01695023021701166,0.17999999999999972,0.1573847327947157,0.1899999999999996,0.14984631039295437,0.14984631039295437,1.0,1.0,0.7,0.0,0.0,0.0,0.0,0.0,0.0,0.009046106882113603,0.09046106882113603,0.030153689607045342,0.030153689607045342,0.1749538931178861,0.01695023021701166,0.17999999999999972,0.1573847327947157,0.1899999999999996,0.14984631039295437,0.14984631039295437,1.0,1.0,0.7,0.0,0.0,0.0,0.0,0.0,0.0,0.009046106882113603,0.09046106882113603,0.030153689607045342,0.030153689607045342,0.1749538931178861,0.01695023021701166,0.17999999999999972,0.1573847327947157,0.1899999999999996,0.14984631039295437,0.14984631039295437,1.0,1.0,0.7,0.0,0.0,0.0,0.0,0.0,0.0,0.009046106882113603,0.09046106882113603,0.030153689607045342,0.030153689607045342,1.0,0.3,0.3,0.3,0.3,0.0,0.3,0.7,0.0,0.3,0.7,0.0,0.3,0.7,0.0,0.3,0.7,0.0,0.3,0.0,0.3,0.3,0.3,0.3,0.3,0.0,0.0,0.0,0.0,0.3,0.3,1.0,1.0,1.0,0.3,1.0,1.0,1.0,1.0,1.0,1.0,3,0,0.0,0.0,0.3,0.0,0.0,0.0,0.0,0.0,0.0,0.0,0.0,1.0,0.0,0.0,0.0,0.0,0.0,-0.21599999999150726,6.498337773551511e-21,6.498337773551511e-21,0.0,0.0,0.0,0,0,0,0,C1,0.0,0.0,0.1749538931178861,0.7,1.0,0.3,0.0,0.0,0.1749538931178861
phaseflip,phaseflip,0.1,3,10,qiskit_aer,1,1,0.7410000000000001,0.7410000000000001,0.0,0.0,0.0,0.0,0.0,0.0,0.2589999999999997,0.010363397126425285,0.2619999999999997,0.24849999999999975,0.2679999999999997,0.24399999999999966,0.2439999999999997,1.0,0.8,1.0,0.0,0.0,0.0,0.0,0.0,0.22884631039295433,0.010363397126425285,0.23184631039295434,0.2183463103929544,0.23784631039295434,0.21384631039295432,0.21384631039295435,1.0,1.0,0.0,0.0,0.0,0.0,0.0,0.0,0.2529692620785906,0.01803463486083912,0.2619999999999997,0.24399999999999966,0.2679999999999997,0.2219463103929544,0.21384631039295443,1.0,1.0,0.8,0.0,0.0,0.0,0.0,0.0,0.0,0.006030737921409068,0.060307379214090684,0.030153689607045342,0.030153689607045342,0.2529692620785906,0.01803463486083912,0.2619999999999997,0.24399999999999966,0.2679999999999997,0.2219463103929544,0.21384631039295443,1.0,1.0,0.8,0.0,0.0,0.0,0.0,0.0,0.0,0.006030737921409068,0.060307379214090684,0.030153689607045342,0.030153689607045342,0.2529692620785906,0.01803463486083912,0.2619999999999997,0.24399999999999966,0.2679999999999997,0.2219463103929544,0.21384631039295443,1.0,1.0,0.8,0.0,0.0,0.0,0.0,0.0,0.0,0.006030737921409068,0.060307379214090684,0.030153689607045342,0.030153689607045342,0.2529692620785906,0.01803463486083912,0.2619999999999997,0.24399999999999966,0.2679999999999997,0.2219463103929544,0.21384631039295443,1.0,1.0,0.8,0.0,0.0,0.0,0.0,0.0,0.0,0.006030737921409068,0.060307379214090684,0.030153689607045342,0.030153689607045342,1.0,0.2,0.2,0.2,0.2,0.0,0.2,0.8,0.0,0.2,0.8,0.0,0.2,0.8,0.0,0.2,0.8,0.0,0.2,0.0,0.2,0.2,0.2,0.2,0.2,0.0,0.0,0.0,0.0,0.2,0.2,1.0,1.0,1.0,0.2,1.0,1.0,1.0,1.0,1.0,1.0,2,0,0.0,0.0,0.2,0.0,0.0,0.0,0.0,0.0,0.0,0.0,0.0,1.0,0.0,0.0,0.0,0.0,0.0,-0.3409999999977571,3.099630017959843e-21,3.099630017959843e-21,0.0,0.0,0.0,0,0,0,0,C1,0.0,0.0,0.2529692620785906,0.8,1.0,0.2,0.0,0.0,0.2529692620785906
phaseflip,phaseflip,0.1,4,10,qiskit_aer,1,1,0.6772800000000001,0.6772800000000001,0.0,0.0,0.0,0.0,0.0,0.0,0.3227199999999998,0.01481275126369163,0.33079999999999976,0.3195999999999999,0.33399999999999974,0.2951999999999999,0.2951999999999999,1.0,0.7,1.0,0.0,0.0,0.0,0.0,0.0,0.29256631039295444,0.01481275126369163,0.3006463103929544,0.28944631039295454,0.3038463103929544,0.26504631039295456,0.26504631039295456,1.0,1.0,0.0,0.0,0.0,0.0,0.0,0.0,0.3136738931178862,0.02669945436690913,0.3267999999999998,0.3029847327947158,0.33399999999999974,0.26504631039295456,0.26504631039295456,1.0,1.0,0.7,0.0,0.0,0.0,0.0,0.0,0.0,0.009046106882113603,0.09046106882113603,0.030153689607045342,0.030153689607045342,0.3136738931178862,0.02669945436690913,0.3267999999999998,0.3029847327947158,0.33399999999999974,0.26504631039295456,0.26504631039295456,1.0,1.0,0.7,0.0,0.0,0.0,0.0,0.0,0.0,0.009046106882113603,0.09046106882113603,0.030153689607045342,0.030153689607045342,0.3136738931178862,0.02669945436690913,0.3267999999999998,0.3029847327947158,0.33399999999999974,0.26504631039295456,0.26504631039295456,1.0,1.0,0.7,0.0,0.0,0.0,0.0,0.0,0.0,0.009046106882113603,0.09046106882113603,0.030153689607045342,0.030153689607045342,0.3136738931178862,0.02669945436690913,0.3267999999999998,0.3029847327947158,0.33399999999999974,0.26504631039295456,0.26504631039295456,1.0,1.0,0.7,0.0,0.0,0.0,0.0,0.0,0.0,0.009046106882113603,0.09046106882113603,0.030153689607045342,0.030153689607045342,1.0,0.3,0.3,0.3,0.3,0.0,0.3,0.7,0.0,0.3,0.7,0.0,0.3,0.7,0.0,0.3,0.7,0.0,0.3,0.0,0.3,0.3,0.3,0.3,0.3,0.0,0.0,0.0,0.0,0.3,0.3,1.0,1.0,1.0,0.3,1.0,1.0,1.0,1.0,1.0,1.0,3,0,0.0,0.0,0.3,0.0,0.0,0.0,0.0,0.0,0.0,0.0,0.0,1.0,0.0,0.0,0.0,0.0,0.0,-0.07727999999941489,5.26574260914368e-21,5.26574260914368e-21,0.0,0.0,0.0,0,0,0,0,C1,0.0,0.0,0.3136738931178862,0.7,1.0,0.3,0.0,0.0,0.3136738931178862
phaseflip,phaseflip,0.15,1,10,qiskit_aer,1,1,0.8500000000000001,0.8500000000000001,0.0,0.0,0.0,0.0,0.0,0.0,0.1499999999999997,0.0,0.1499999999999997,0.1499999999999997,0.1499999999999997,0.1499999999999997,0.1499999999999997,1.0,0.5,1.0,0.0,0.0,0.0,0.0,0.0,0.11984631039295435,0.0,0.11984631039295435,0.11984631039295435,0.11984631039295435,0.11984631039295435,0.11984631039295435,1.0,1.0,0.0,0.0,0.0,0.0,0.0,0.0,0.13492315519647702,0.015076844803522671,0.13492315519647702,0.11984631039295435,0.1499999999999997,0.11984631039295435,0.11984631039295435,1.0,1.0,0.5,0.0,0.0,0.0,0.0,0.0,0.0,0.015076844803522671,0.1507684480352267,0.030153689607045342,0.030153689607045342,0.13492315519647702,0.015076844803522671,0.13492315519647702,0.11984631039295435,0.1499999999999997,0.11984631039295435,0.11984631039295435,1.0,1.0,0.5,0.0,0.0,0.0,0.0,0.0,0.0,0.015076844803522671,0.1507684480352267,0.030153689607045342,0.030153689607045342,0.13492315519647702,0.015076844803522671,0.13492315519647702,0.11984631039295435,0.1499999999999997,0.11984631039295435,0.11984631039295435,1.0,1.0,0.5,0.0,0.0,0.0,0.0,0.0,0.0,0.015076844803522671,0.1507684480352267,0.030153689607045342,0.030153689607045342,0.13492315519647702,0.015076844803522671,0.13492315519647702,0.11984631039295435,0.1499999999999997,0.11984631039295435,0.11984631039295435,1.0,1.0,0.5,0.0,0.0,0.0,0.0,0.0,0.0,0.015076844803522671,0.1507684480352267,0.030153689607045342,0.030153689607045342,1.0,0.5,0.5,0.5,0.5,0.0,0.5,0.5,0.0,0.5,0.5,0.0,0.5,0.5,0.0,0.5,0.5,0.0,0.5,0.0,0.5,0.5,0.5,0.5,0.5,0.0,0.0,0.0,0.0,0.5,0.5,1.0,1.0,1.0,0.5,1.0,1.0,1.0,1.0,1.0,1.0,5,0,0.0,0.0,0.5,0.0,0.0,0.0,0.0,0.0,0.0,0.0,0.0,1.0,0.0,0.0,0.0,0.0,0.0,0.15000000001784616,1.7539085960076933e-17,1.7539085960076933e-17,0.0,0.0,0.0,0,0,0,0,C1,0.0,0.0,0.13492315519647702,0.5,1.0,0.5,0.0,0.0,0.13492315519647702
phaseflip,phaseflip,0.15,2,10,qiskit_aer,1,1,0.7360000000000001,0.7360000000000001,0.0,0.0,0.0,0.0,0.0,0.0,0.2639999999999998,0.011022703842524283,0.2549999999999998,0.2549999999999998,0.27749999999999975,0.2549999999999998,0.25499999999999984,1.0,0.3,1.0,0.0,0.0,0.0,0.0,0.0,0.23384631039295442,0.011022703842524285,0.22484631039295444,0.22484631039295444,0.2473463103929544,0.22484631039295444,0.2248463103929544,1.0,1.0,0.0,0.0,0.0,0.0,0.0,0.0,0.24289241727506802,0.02359420130391901,0.22484631039295444,0.22484631039295444,0.2699615775982384,0.22484631039295444,0.2248463103929544,1.0,1.0,0.3,0.0,0.0,0.0,0.0,0.0,0.0,0.02110758272493174,0.2110758272493174,0.030153689607045342,0.030153689607045342,0.24289241727506802,0.02359420130391901,0.22484631039295444,0.22484631039295444,0.2699615775982384,0.22484631039295444,0.2248463103929544,1.0,1.0,0.3,0.0,0.0,0.0,0.0,0.0,0.0,0.02110758272493174,0.2110758272493174,0.030153689607045342,0.030153689607045342,0.24289241727506802,0.02359420130391901,0.22484631039295444,0.22484631039295444,0.2699615775982384,0.22484631039295444,0.2248463103929544,1.0,1.0,0.3,0.0,0.0,0.0,0.0,0.0,0.0,0.02110758272493174,0.2110758272493174,0.030153689607045342,0.030153689607045342,0.24289241727506802,0.02359420130391901,0.22484631039295444,0.22484631039295444,0.2699615775982384,0.22484631039295444,0.2248463103929544,1.0,1.0,0.3,0.0,0.0,0.0,0.0,0.0,0.0,0.02110758272493174,0.2110758272493174,0.030153689607045342,0.030153689607045342,1.0,0.7,0.7,0.7,0.7,0.0,0.7,0.3,0.0,0.7,0.3,0.0,0.7,0.3,0.0,0.7,0.3,0.0,0.7,0.0,0.7,0.7,0.7,0.7,0.7,0.0,0.0,0.0,0.0,0.7,0.7,1.0,1.0,1.0,0.7,1.0,1.0,1.0,1.0,1.0,1.0,7,0,0.0,0.0,0.7,0.0,0.0,0.0,0.0,0.0,0.0,0.0,0.0,1.0,0.0,0.0,0.0,0.0,0.0,0.6640000000012797,0.0026948568852589723,0.0026948568852589723,0.0,0.0,0.0,0,0,0,0,C1,0.0,0.0,0.24289241727506802,0.3,1.0,0.7,0.0,0.0,0.24289241727506802
phaseflip,phaseflip,0.15,3,10,qiskit_aer,1,1,0.6400000000000001,0.6400000000000001,0.0,0.0,0.0,0.0,0.0,0.0,0.3599999999999997,0.021628106713256233,0.3667499999999997,0.33806249999999977,0.3785624999999997,0.32849999999999974,0.32849999999999974,1.0,0.9,1.0,0.0,0.0,0.0,0.0,0.0,0.32984631039295437,0.021628106713256233,0.33659631039295435,0.3079088103929544,0.34840881039295435,0.2983463103929544,0.2983463103929544,1.0,1.0,0.0,0.0,0.0,0.0,0.0,0.0,0.3569846310392952,0.022558802467177005,0.3667499999999997,0.33052407759823843,0.3785624999999997,0.32849999999999974,0.32849999999999974,1.0,1.0,0.9,0.0,0.0,0.0,0.0,0.0,0.0,0.003015368960704534,0.030153689607045342,0.016584529283874903,0.030153689607045342,0.3569846310392952,0.022558802467177005,0.3667499999999997,0.33052407759823843,0.3785624999999997,0.32849999999999974,0.32849999999999974,1.0,1.0,0.9,0.0,0.0,0.0,0.0,0.0,0.0,0.003015368960704534,0.030153689607045342,0.016584529283874903,0.030153689607045342,0.3569846310392952,0.022558802467177005,0.3667499999999997,0.33052407759823843,0.3785624999999997,0.32849999999999974,0.32849999999999974,1.0,1.0,0.9,0.0,0.0,0.0,0.0,0.0,0.0,0.003015368960704534,0.030153689607045342,0.016584529283874903,0.030153689607045342,0.3569846310392952,0.022558802467177005,0.3667499999999997,0.33052407759823843,0.3785624999999997,0.32849999999999974,0.32849999999999974,1.0,1.0,0.9,0.0,0.0,0.0,0.0,0.0,0.0,0.003015368960704534,0.030153689607045342,0.016584529283874903,0.030153689607045342,1.0,0.1,0.1,0.1,0.1,0.0,0.1,0.9,0.0,0.1,0.9,0.0,0.1,0.9,0.0,0.1,0.9,0.0,0.1,0.0,0.1,0.1,0.1,0.1,0.1,0.0,0.0,0.0,0.0,0.1,0.1,1.0,1.0,1.0,0.1,1.0,1.0,1.0,1.0,1.0,1.0,1,0,0.0,0.0,0.1,0.0,0.0,0.0,0.0,0.0,0.0,0.0,0.0,1.0,0.0,0.0,0.0,0.0,0.0,-0.43999999999947786,9.33517426776006e-22,9.33517426776006e-22,0.0,0.0,0.0,0,0,0,0,C1,0.0,0.0,0.3569846310392952,0.9,1.0,0.1,0.0,0.0,0.3569846310392952
phaseflip,phaseflip,0.15,4,10,qiskit_aer,1,1,0.5656675,0.5656675,0.0,0.0,0.0,0.0,0.0,0.0,0.4343324999999998,0.02903058957806402,0.4504874999999998,0.42922499999999975,0.45599999999999974,0.3799499999999998,0.3799499999999998,1.0,1.0,1.0,0.0,0.0,0.0,0.0,0.0,0.40417881039295445,0.02903058957806402,0.4203338103929545,0.3990713103929544,0.4258463103929544,0.34979631039295445,0.34979631039295445,1.0,1.0,0.0,0.0,0.0,0.0,0.0,0.0,0.4343324999999998,0.02903058957806402,0.4504874999999998,0.42922499999999975,0.45599999999999974,0.3799499999999998,0.3799499999999998,1.0,1.0,1.0,0.0,0.0,0.0,0.0,0.0,0.0,0.0,0.0,0.0,0.0,0.4343324999999998,0.02903058957806402,0.4504874999999998,0.42922499999999975,0.45599999999999974,0.3799499999999998,0.3799499999999998,1.0,1.0,1.0,0.0,0.0,0.0,0.0,0.0,0.0,0.0,0.0,0.0,0.0,0.4343324999999998,0.02903058957806402,0.4504874999999998,0.42922499999999975,0.45599999999999974,0.3799499999999998,0.3799499999999998,1.0,1.0,1.0,0.0,0.0,0.0,0.0,0.0,0.0,0.0,0.0,0.0,0.0,0.4343324999999998,0.02903058957806402,0.4504874999999998,0.42922499999999975,0.45599999999999974,0.3799499999999998,0.3799499999999998,1.0,1.0,1.0,0.0,0.0,0.0,0.0,0.0,0.0,0.0,0.0,0.0,0.0,1.0,0.0,0.0,0.0,0.0,0.0,0.0,1.0,0.0,0.0,1.0,0.0,0.0,1.0,0.0,0.0,1.0,0.0,0.0,0.0,0.0,0.0,0.0,0.0,0.0,0.0,0.0,0.0,0.0,0.0,0.0,1.0,1.0,1.0,0.0,0.0,0.0,0.0,0.0,0.0,0.0,0,0,0.0,0.0,0.0,0.0,0.0,0.0,0.0,0.0,0.0,0.0,0.0,1.0,0.0,0.0,0.0,0.0,0.0,-0.5656674999999317,0.0,0.0,0.0,0.0,0.0,0,0,0,0,C1,0.0,0.0,0.4343324999999998,1.0,1.0,0.0,0.0,0.0,0.4343324999999998
phaseflip,phaseflip,0.2,1,10,qiskit_aer,1,1,0.8,0.8,0.0,0.0,0.0,0.0,0.0,0.0,0.19999999999999973,0.0,0.19999999999999973,0.19999999999999973,0.19999999999999973,0.19999999999999973,0.19999999999999973,1.0,0.3,1.0,0.0,0.0,0.0,0.0,0.0,0.1698463103929544,0.0,0.1698463103929544,0.1698463103929544,0.1698463103929544,0.1698463103929544,0.1698463103929544,1.0,1.0,0.0,0.0,0.0,0.0,0.0,0.0,0.178892417275068,0.013818156510648851,0.1698463103929544,0.1698463103929544,0.1924615775982384,0.1698463103929544,0.1698463103929544,1.0,1.0,0.3,0.0,0.0,0.0,0.0,0.0,0.0,0.02110758272493174,0.2110758272493174,0.030153689607045342,0.030153689607045342,0.178892417275068,0.013818156510648851,0.1698463103929544,0.1698463103929544,0.1924615775982384,0.1698463103929544,0.1698463103929544,1.0,1.0,0.3,0.0,0.0,0.0,0.0,0.0,0.0,0.02110758272493174,0.2110758272493174,0.030153689607045342,0.030153689607045342,0.178892417275068,0.013818156510648851,0.1698463103929544,0.1698463103929544,0.1924615775982384,0.1698463103929544,0.1698463103929544,1.0,1.0,0.3,0.0,0.0,0.0,0.0,0.0,0.0,0.02110758272493174,0.2110758272493174,0.030153689607045342,0.030153689607045342,0.178892417275068,0.013818156510648851,0.1698463103929544,0.1698463103929544,0.1924615775982384,0.1698463103929544,0.1698463103929544,1.0,1.0,0.3,0.0,0.0,0.0,0.0,0.0,0.0,0.02110758272493174,0.2110758272493174,0.030153689607045342,0.030153689607045342,1.0,0.7,0.7,0.7,0.7,0.0,0.7,0.3,0.0,0.7,0.3,0.0,0.7,0.3,0.0,0.7,0.3,0.0,0.7,0.0,0.7,0.7,0.7,0.7,0.7,0.0,0.0,0.0,0.0,0.7,0.7,1.0,1.0,1.0,0.7,1.0,1.0,1.0,1.0,1.0,1.0,7,0,0.0,0.0,0.7,0.0,0.0,0.0,0.0,0.0,0.0,0.0,0.0,1.0,0.0,0.0,0.0,0.0,0.0,0.6000000000071077,0.059374452831331095,0.059374452831331095,0.0,0.0,0.0,0,0,0,0,C1,0.0,0.0,0.178892417275068,0.3,1.0,0.7,0.0,0.0,0.178892417275068
phaseflip,phaseflip,0.2,2,10,qiskit_aer,1,1,0.6640000000000001,0.6640000000000001,0.0,0.0,0.0,0.0,0.0,0.0,0.3359999999999998,0.019595917942265496,0.31999999999999973,0.31999999999999973,0.3599999999999999,0.31999999999999973,0.3199999999999998,1.0,0.0,1.0,0.0,0.0,0.0,0.0,0.0,0.30584631039295446,0.019595917942265496,0.2898463103929544,0.2898463103929544,0.32984631039295453,0.2898463103929544,0.28984631039295433,1.0,1.0,0.0,0.0,0.0,0.0,0.0,0.0,0.30584631039295446,0.019595917942265496,0.2898463103929544,0.2898463103929544,0.32984631039295453,0.2898463103929544,0.28984631039295433,1.0,1.0,0.0,0.0,0.0,0.0,0.0,0.0,0.0,0.030153689607045342,0.3015368960704534,0.030153689607045342,0.030153689607045342,0.30584631039295446,0.019595917942265496,0.2898463103929544,0.2898463103929544,0.32984631039295453,0.2898463103929544,0.28984631039295433,1.0,1.0,0.0,0.0,0.0,0.0,0.0,0.0,0.0,0.030153689607045342,0.3015368960704534,0.030153689607045342,0.030153689607045342,0.30584631039295446,0.019595917942265496,0.2898463103929544,0.2898463103929544,0.32984631039295453,0.2898463103929544,0.28984631039295433,1.0,1.0,0.0,0.0,0.0,0.0,0.0,0.0,0.0,0.030153689607045342,0.3015368960704534,0.030153689607045342,0.030153689607045342,0.30584631039295446,0.019595917942265496,0.2898463103929544,0.2898463103929544,0.32984631039295453,0.2898463103929544,0.28984631039295433,1.0,1.0,0.0,0.0,0.0,0.0,0.0,0.0,0.0,0.030153689607045342,0.3015368960704534,0.030153689607045342,0.030153689607045342,1.0,1.0,1.0,1.0,1.0,0.0,1.0,0.0,0.0,1.0,0.0,0.0,1.0,0.0,0.0,1.0,0.0,0.0,1.0,0.0,1.0,1.0,1.0,1.0,1.0,0.0,0.0,0.0,0.0,1.0,1.0,1.0,1.0,1.0,1.0,1.0,1.0,1.0,1.0,1.0,1.0,10,0,0.0,0.0,1.0,0.0,0.0,0.0,0.0,0.0,0.0,0.0,0.0,1.0,0.0,0.0,0.0,0.0,0.0,1.3360000000005277,2.0428530747430538e-20,2.0428530747430538e-20,0.0,0.0,0.0,0,0,0,0,C1,0.0,0.0,0.30584631039295446,0.0,1.0,1.0,0.0,0.0,0.30584631039295446
phaseflip,phaseflip,0.2,3,10,qiskit_aer,1,1,0.556,0.556,0.0,0.0,0.0,0.0,0.0,0.0,0.44399999999999984,0.035462656414882346,0.4559999999999998,0.40799999999999986,0.4739999999999998,0.3919999999999999,0.3919999999999999,1.0,0.8,1.0,0.0,0.0,0.0,0.0,0.0,0.4138463103929545,0.035462656414882346,0.42584631039295445,0.3778463103929545,0.44384631039295447,0.36184631039295456,0.36184631039295456,1.0,1.0,0.0,0.0,0.0,0.0,0.0,0.0,0.43796926207859077,0.040550076650522425,0.45599999999999974,0.4004615775982385,0.4739999999999998,0.37541547071612497,0.36184631039295456,1.0,1.0,0.8,0.0,0.0,0.0,0.0,0.0,0.0,0.006030737921409068,0.060307379214090684,0.030153689607045342,0.030153689607045342,0.43796926207859077,0.040550076650522425,0.45599999999999974,0.4004615775982385,0.4739999999999998,0.37541547071612497,0.36184631039295456,1.0,1.0,0.8,0.0,0.0,0.0,0.0,0.0,0.0,0.006030737921409068,0.060307379214090684,0.030153689607045342,0.030153689607045342,0.43796926207859077,0.040550076650522425,0.45599999999999974,0.4004615775982385,0.4739999999999998,0.37541547071612497,0.36184631039295456,1.0,1.0,0.8,0.0,0.0,0.0,0.0,0.0,0.0,0.006030737921409068,0.060307379214090684,0.030153689607045342,0.030153689607045342,0.43796926207859077,0.040550076650522425,0.45599999999999974,0.4004615775982385,0.4739999999999998,0.37541547071612497,0.36184631039295456,1.0,1.0,0.8,0.0,0.0,0.0,0.0,0.0,0.0,0.006030737921409068,0.060307379214090684,0.030153689607045342,0.030153689607045342,1.0,0.2,0.2,0.2,0.2,0.0,0.2,0.8,0.0,0.2,0.8,0.0,0.2,0.8,0.0,0.2,0.8,0.0,0.2,0.0,0.2,0.2,0.2,0.2,0.2,0.0,0.0,0.0,0.0,0.2,0.2,1.0,1.0,1.0,0.2,1.0,1.0,1.0,1.0,1.0,1.0,2,0,0.0,0.0,0.2,0.0,0.0,0.0,0.0,0.0,0.0,0.0,0.0,1.0,0.0,0.0,0.0,0.0,0.0,-0.15599999999979328,4.332225182367674e-21,4.332225182367674e-21,0.0,0.0,0.0,0,0,0,0,C1,0.0,0.0,0.43796926207859077,0.8,1.0,0.2,0.0,0.0,0.43796926207859077
phaseflip,phaseflip,0.2,4,10,qiskit_aer,1,1,0.48048,0.48048,0.0,0.0,0.0,0.0,0.0,0.0,0.5195199999999999,0.04459983856473026,0.5447999999999998,0.5135999999999998,0.5519999999999998,0.4351999999999998,0.4351999999999998,1.0,1.0,1.0,0.0,0.0,0.0,0.0,0.0,0.4893663103929545,0.04459983856473026,0.5146463103929545,0.4834463103929545,0.5218463103929545,0.40504631039295447,0.40504631039295447,1.0,1.0,0.0,0.0,0.0,0.0,0.0,0.0,0.5195199999999999,0.04459983856473026,0.5447999999999998,0.5135999999999998,0.5519999999999998,0.4351999999999998,0.4351999999999998,1.0,1.0,1.0,0.0,0.0,0.0,0.0,0.0,0.0,0.0,0.0,0.0,0.0,0.5195199999999999,0.04459983856473026,0.5447999999999998,0.5135999999999998,0.5519999999999998,0.4351999999999998,0.4351999999999998,1.0,1.0,1.0,0.0,0.0,0.0,0.0,0.0,0.0,0.0,0.0,0.0,0.0,0.5195199999999999,0.04459983856473026,0.5447999999999998,0.5135999999999998,0.5519999999999998,0.4351999999999998,0.4351999999999998,1.0,1.0,1.0,0.0,0.0,0.0,0.0,0.0,0.0,0.0,0.0,0.0,0.0,0.5195199999999999,0.04459983856473026,0.5447999999999998,0.5135999999999998,0.5519999999999998,0.4351999999999998,0.4351999999999998,1.0,1.0,1.0,0.0,0.0,0.0,0.0,0.0,0.0,0.0,0.0,0.0,0.0,1.0,0.0,0.0,0.0,0.0,0.0,0.0,1.0,0.0,0.0,1.0,0.0,0.0,1.0,0.0,0.0,1.0,0.0,0.0,0.0,0.0,0.0,0.0,0.0,0.0,0.0,0.0,0.0,0.0,0.0,0.0,1.0,1.0,1.0,0.0,0.0,0.0,0.0,0.0,0.0,0.0,0,0,0.0,0.0,0.0,0.0,0.0,0.0,0.0,0.0,0.0,0.0,0.0,1.0,0.0,0.0,0.0,0.0,0.0,-0.480479999999922,0.0,0.0,0.0,0.0,0.0,0,0,0,0,C1,0.0,0.0,0.5195199999999999,1.0,1.0,0.0,0.0,0.0,0.5195199999999999
