code_family,noise_family,noise_strength,noise_depth,syndrome_ambiguity_level,measurement_error_prob,cases,backend,code_count,noise_family_count,true_syndrome_mean_no_error_mean,observed_syndrome_mean_no_error_mean,syndrome_corruption_rate,syndrome_information_loss_mean,observed_syndrome_consistent_rate,true_syndrome_consistent_rate,partial_syndrome_case_rate,ambiguous_syndrome_case_rate,fid_gain_A_mean,fid_gain_A_std,fid_gain_A_median,fid_gain_A_p25,fid_gain_A_p75,fid_gain_q05_A,fid_gain_cvar05_A,nonworsen_rate_A,admissible_rate_A,logical_success_rate_A,false_safe_rate_A,false_safe_fidelity_rate_A,failure_boundary_rate_A,observed_failure_boundary_rate_A,true_failure_boundary_rate_A,fid_gain_B_mean,fid_gain_B_std,fid_gain_B_median,fid_gain_B_p25,fid_gain_B_p75,fid_gain_q05_B,fid_gain_cvar05_B,nonworsen_rate_B,admissible_rate_B,logical_success_rate_B,false_safe_rate_B,false_safe_fidelity_rate_B,failure_boundary_rate_B,observed_failure_boundary_rate_B,true_failure_boundary_rate_B,fid_gain_C1_mean,fid_gain_C1_std,fid_gain_C1_median,fid_gain_C1_p25,fid_gain_C1_p75,fid_gain_q05_C1,fid_gain_cvar05_C1,nonworsen_rate_C1,admissible_rate_C1,logical_success_rate_C1,false_safe_rate_C1,false_safe_fidelity_rate_C1,failure_boundary_rate_C1,observed_failure_boundary_rate_C1,true_failure_boundary_rate_C1,chosen_candidate_violation_mean_C1,oracle_regret_mean_C1,oracle_regret_sum_C1,oracle_regret_q95_C1,oracle_regret_cvar95_C1,fid_gain_C2_mean,fid_gain_C2_std,fid_gain_C2_median,fid_gain_C2_p25,fid_gain_C2_p75,fid_gain_q05_C2,fid_gain_cvar05_C2,nonworsen_rate_C2,admissible_rate_C2,logical_success_rate_C2,false_safe_rate_C2,false_safe_fidelity_rate_C2,failure_boundary_rate_C2,observed_failure_boundary_rate_C2,true_failure_boundary_rate_C2,chosen_candidate_violation_mean_C2,oracle_regret_mean_C2,oracle_regret_sum_C2,oracle_regret_q95_C2,oracle_regret_cvar95_C2,fid_gain_C3_mean,fid_gain_C3_std,fid_gain_C3_median,fid_gain_C3_p25,fid_gain_C3_p75,fid_gain_q05_C3,fid_gain_cvar05_C3,nonworsen_rate_C3,admissible_rate_C3,logical_success_rate_C3,false_safe_rate_C3,false_safe_fidelity_rate_C3,failure_boundary_rate_C3,observed_failure_boundary_rate_C3,true_failure_boundary_rate_C3,chosen_candidate_violation_mean_C3,oracle_regret_mean_C3,oracle_regret_sum_C3,oracle_regret_q95_C3,oracle_regret_cvar95_C3,fid_gain_C3R_mean,fid_gain_C3R_std,fid_gain_C3R_median,fid_gain_C3R_p25,fid_gain_C3R_p75,fid_gain_q05_C3R,fid_gain_cvar05_C3R,nonworsen_rate_C3R,admissible_rate_C3R,logical_success_rate_C3R,false_safe_rate_C3R,false_safe_fidelity_rate_C3R,failure_boundary_rate_C3R,observed_failure_boundary_rate_C3R,true_failure_boundary_rate_C3R,chosen_candidate_violation_mean_C3R,oracle_regret_mean_C3R,oracle_regret_sum_C3R,oracle_regret_q95_C3R,oracle_regret_cvar95_C3R,decision_disagreement_rate_AB,decision_disagreement_rate_C1A,decision_disagreement_rate_C2A,decision_disagreement_rate_C3A,decision_disagreement_rate_C3RA,decision_disagreement_rate_C3R_vs_C2,chosen_B_rate_C1,safe_case_retention_rate_C1,risky_case_capture_rate_C1,chosen_B_rate_C2,safe_case_retention_rate_C2,risky_case_capture_rate_C2,chosen_B_rate_C3,safe_case_retention_rate_C3,risky_case_capture_rate_C3,chosen_B_rate_C3R,safe_case_retention_rate_C3R,risky_case_capture_rate_C3R,veto_rate_C1,tie_break_rate_C1,weighted_score_switch_rate_C2,weighted_score_switch_rate_C3,weighted_score_switch_rate_C3R,veto_rate_C2,veto_rate_C3,veto_rate_C3R,tie_break_rate_C2,tie_break_rate_C3,tie_break_rate_C3R,c3r_gate_c2_switch_rate,c3r_gate_score_margin_rate,c3r_gate_leave_A_rate,c3r_gate_B_safe_rate,c3r_gate_uncertainty_rate,c3r_allow_B_rate,c3r_gate_c2_switch_rate_given_c2_B,c3r_gate_score_margin_rate_given_c2_B,c3r_gate_leave_A_rate_given_c2_B,c3r_gate_B_safe_rate_given_c2_B,c3r_gate_uncertainty_rate_given_c2_B,c3r_allow_B_rate_given_c2_B,c2_B_count,c3r_block_count,c3r_blocks_c2_switch_rate,c3r_block_rate_given_c2_B,c3r_harmful_c2_switch_rate,c3r_beneficial_c2_switch_rate,c3r_prevented_harmful_switch_rate,c3r_missed_beneficial_switch_rate,c3r_prevented_harmful_switch_rate_given_block,c3r_missed_beneficial_switch_rate_given_block,c3r_harmful_block_precision,c3r_harmful_switch_recall,c3r_beneficial_switch_block_rate,c3r_beneficial_switch_retention,c3r_prevented_loss_sum,c3r_missed_gain_sum,c3r_net_intervention_gain,c3r_intervention_gain_mean,c3r_intervention_gain_sum,c3r_score_margin_mean,c3r_structural_margin_mean,c3r_violation_A_mean,c3r_violation_B_mean,c3r_syndrome_uncertainty_mean,c3r_raw_syndrome_uncertainty_mean,c3r_blocked_by_score_margin_count,c3r_blocked_by_leave_A_count,c3r_blocked_by_B_safe_count,c3r_blocked_by_uncertainty_count,preferred_policy,preferred_false_safe_fidelity_rate,preferred_false_safe_rate,preferred_fid_gain_mean,preferred_logical_success_rate,preferred_nonworsen_rate,preferred_chosen_B_rate,min_false_safe_fidelity_rate,min_false_safe_rate,max_fid_gain_mean_within_safety_band
phaseflip,dephasing,0.05,2,0.0,0.0,10,qiskit_aer,1,1,0.951,0.951,0.0,0.0,1.0,1.0,0.0,0.0,0.04899999999999967,0.0003061862178479451,0.04874999999999963,0.04874999999999963,0.049374999999999725,0.04874999999999963,0.04874999999999963,1.0,0.6,1.0,0.4,0.0,0.0,0.0,0.0,0.018846310392954323,0.0003061862178479451,0.018596310392954285,0.018596310392954285,0.019221310392954383,0.018596310392954285,0.018596310392954285,1.0,1.0,0.0,0.0,0.0,1.0,1.0,1.0,0.018846310392954323,0.0003061862178479451,0.018596310392954285,0.018596310392954285,0.019221310392954383,0.018596310392954285,0.018596310392954285,1.0,1.0,0.0,0.0,0.0,1.0,1.0,1.0,0.0,0.030153689607045342,0.3015368960704534,0.030153689607045342,0.030153689607045342,0.03693852415718153,0.014724295052055148,0.04874999999999963,0.019221310392954383,0.04874999999999963,0.018596310392954285,0.018596310392954285,1.0,1.0,0.6,0.0,0.0,0.4,0.4,0.4,0.0,0.012061475842818137,0.12061475842818137,0.030153689607045342,0.030153689607045342,0.03693852415718153,0.014724295052055148,0.04874999999999963,0.019221310392954383,0.04874999999999963,0.018596310392954285,0.018596310392954285,1.0,1.0,0.6,0.0,0.0,0.4,0.4,0.4,0.0,0.012061475842818137,0.12061475842818137,0.030153689607045342,0.030153689607045342,0.03693852415718153,0.014724295052055148,0.04874999999999963,0.019221310392954383,0.04874999999999963,0.018596310392954285,0.018596310392954285,1.0,1.0,0.6,0.0,0.0,0.4,0.4,0.4,0.0,0.012061475842818137,0.12061475842818137,0.030153689607045342,0.030153689607045342,1.0,1.0,0.4,0.4,0.4,0.0,1.0,0.0,1.0,0.4,1.0,1.0,0.4,1.0,1.0,0.4,1.0,1.0,0.4,0.6,0.4,0.4,0.4,0.4,0.4,0.0,0.0,0.0,0.0,0.4,0.4,1.0,1.0,1.0,0.4,1.0,1.0,1.0,1.0,1.0,1.0,4,0,0.0,0.0,0.4,0.0,0.0,0.0,0.0,0.0,0.0,0.0,0.0,1.0,0.0,0.0,0.0,0.0,0.0,-0.15099999853970564,0.0026948568852589666,0.0026948568852589666,0.0,0.0,0.0,0,0,0,0,C2,0.0,0.0,0.03693852415718153,0.6,1.0,0.4,0.0,0.0,0.03693852415718153
phaseflip,dephasing,0.05,2,0.0,0.03,10,qiskit_aer,1,1,0.951,0.7185208333333334,0.17777777777777776,0.0,0.1,1.0,0.0,0.0,0.04899999999999967,0.0003061862178479451,0.04874999999999963,0.04874999999999963,0.049374999999999725,0.04874999999999963,0.04874999999999963,1.0,0.5,1.0,0.1,0.0,0.0,0.0,0.0,0.018846310392954323,0.0003061862178479451,0.018596310392954285,0.018596310392954285,0.019221310392954383,0.018596310392954285,0.018596310392954285,1.0,1.0,0.0,0.0,0.0,0.1,0.1,1.0,0.033923155196477,0.015079953555283538,0.033985655196477005,0.01875256039295431,0.04874999999999963,0.018596310392954285,0.018596310392954285,1.0,1.0,0.5,0.0,0.0,0.1,0.1,0.5,0.0,0.015076844803522671,0.1507684480352267,0.030153689607045342,0.030153689607045342,0.033923155196477,0.015079953555283538,0.033985655196477005,0.01875256039295431,0.04874999999999963,0.018596310392954285,0.018596310392954285,1.0,1.0,0.5,0.0,0.0,0.1,0.1,0.5,0.0,0.015076844803522671,0.1507684480352267,0.030153689607045342,0.030153689607045342,0.033923155196477,0.015079953555283538,0.033985655196477005,0.01875256039295431,0.04874999999999963,0.018596310392954285,0.018596310392954285,1.0,1.0,0.5,0.0,0.0,0.1,0.1,0.5,0.0,0.015076844803522671,0.1507684480352267,0.030153689607045342,0.030153689607045342,0.033923155196477,0.015079953555283538,0.033985655196477005,0.01875256039295431,0.04874999999999963,0.018596310392954285,0.018596310392954285,1.0,1.0,0.5,0.0,0.0,0.1,0.1,0.5,0.0,0.015076844803522671,0.1507684480352267,0.030153689607045342,0.030153689607045342,1.0,0.5,0.5,0.5,0.5,0.0,0.5,0.5555555555555556,1.0,0.5,0.5555555555555556,1.0,0.5,0.5555555555555556,1.0,0.5,0.5555555555555556,1.0,0.5,0.0,0.5,0.5,0.5,0.5,0.5,0.0,0.0,0.0,0.0,0.5,0.5,1.0,1.0,1.0,0.5,1.0,1.0,1.0,1.0,1.0,1.0,5,0,0.0,0.0,0.5,0.0,0.0,0.0,0.0,0.0,0.0,0.0,0.0,1.0,0.0,0.0,0.0,0.0,0.0,0.2814791681151254,0.0013474284426294942,0.0013474284426294942,0.0,0.06,0.06,0,0,0,0,C1,0.0,0.0,0.033923155196477,0.5,1.0,0.5,0.0,0.0,0.033923155196477
phaseflip,dephasing,0.05,2,0.0,0.05,10,qiskit_aer,1,1,0.951,0.6445694444444444,0.25555555555555554,0.0,0.1,1.0,0.0,0.0,0.04899999999999967,0.0003061862178479451,0.04874999999999963,0.04874999999999963,0.049374999999999725,0.04874999999999963,0.04874999999999963,1.0,0.7,1.0,0.1,0.0,0.0,0.0,0.0,0.018846310392954323,0.0003061862178479451,0.018596310392954285,0.018596310392954285,0.019221310392954383,0.018596310392954285,0.018596310392954285,1.0,1.0,0.0,0.0,0.0,0.1,0.1,1.0,0.039953893117886066,0.013848792062593887,0.04874999999999963,0.026603482794715694,0.0492187499999997,0.018596310392954285,0.018596310392954285,1.0,1.0,0.7,0.0,0.0,0.1,0.1,0.3,0.0,0.009046106882113603,0.09046106882113603,0.030153689607045342,0.030153689607045342,0.039953893117886066,0.013848792062593887,0.04874999999999963,0.026603482794715694,0.0492187499999997,0.018596310392954285,0.018596310392954285,1.0,1.0,0.7,0.0,0.0,0.1,0.1,0.3,0.0,0.009046106882113603,0.09046106882113603,0.030153689607045342,0.030153689607045342,0.039953893117886066,0.013848792062593887,0.04874999999999963,0.026603482794715694,0.0492187499999997,0.018596310392954285,0.018596310392954285,1.0,1.0,0.7,0.0,0.0,0.1,0.1,0.3,0.0,0.009046106882113603,0.09046106882113603,0.030153689607045342,0.030153689607045342,0.039953893117886066,0.013848792062593887,0.04874999999999963,0.026603482794715694,0.0492187499999997,0.018596310392954285,0.018596310392954285,1.0,1.0,0.7,0.0,0.0,0.1,0.1,0.3,0.0,0.009046106882113603,0.09046106882113603,0.030153689607045342,0.030153689607045342,1.0,0.3,0.3,0.3,0.3,0.0,0.3,0.7777777777777778,1.0,0.3,0.7777777777777778,1.0,0.3,0.7777777777777778,1.0,0.3,0.7777777777777778,1.0,0.3,0.0,0.3,0.3,0.3,0.3,0.3,0.0,0.0,0.0,0.0,0.3,0.3,1.0,1.0,1.0,0.3,1.0,1.0,1.0,1.0,1.0,1.0,3,0,0.0,0.0,0.3,0.0,0.0,0.0,0.0,0.0,0.0,0.0,0.0,1.0,0.0,0.0,0.0,0.0,0.0,-0.044569443037872504,2.019197818961064e-17,2.019197818961064e-17,0.0,0.1,0.1,0,0,0,0,C1,0.0,0.0,0.039953893117886066,0.7,1.0,0.3,0.0,0.0,0.039953893117886066
phaseflip,dephasing,0.05,2,0.0,0.1,10,qiskit_aer,1,1,0.951,0.5600416666666667,0.36666666666666664,0.0,0.0,1.0,0.0,0.0,0.04899999999999967,0.0003061862178479451,0.04874999999999963,0.04874999999999963,0.049374999999999725,0.04874999999999963,0.04874999999999963,1.0,0.5,1.0,0.0,0.0,0.0,0.0,0.0,0.018846310392954323,0.0003061862178479451,0.018596310392954285,0.018596310392954285,0.019221310392954383,0.018596310392954285,0.018596310392954285,1.0,1.0,0.0,0.0,0.0,0.0,0.0,1.0,0.033923155196477,0.015079953555283538,0.033985655196477005,0.01875256039295431,0.04874999999999963,0.018596310392954285,0.018596310392954285,1.0,1.0,0.5,0.0,0.0,0.0,0.0,0.5,0.0,0.015076844803522671,0.1507684480352267,0.030153689607045342,0.030153689607045342,0.033923155196477,0.015079953555283538,0.033985655196477005,0.01875256039295431,0.04874999999999963,0.018596310392954285,0.018596310392954285,1.0,1.0,0.5,0.0,0.0,0.0,0.0,0.5,0.0,0.015076844803522671,0.1507684480352267,0.030153689607045342,0.030153689607045342,0.033923155196477,0.015079953555283538,0.033985655196477005,0.01875256039295431,0.04874999999999963,0.018596310392954285,0.018596310392954285,1.0,1.0,0.5,0.0,0.0,0.0,0.0,0.5,0.0,0.015076844803522671,0.1507684480352267,0.030153689607045342,0.030153689607045342,0.033923155196477,0.015079953555283538,0.033985655196477005,0.01875256039295431,0.04874999999999963,0.018596310392954285,0.018596310392954285,1.0,1.0,0.5,0.0,0.0,0.0,0.0,0.5,0.0,0.015076844803522671,0.1507684480352267,0.030153689607045342,0.030153689607045342,1.0,0.5,0.5,0.5,0.5,0.0,0.5,0.5,0.0,0.5,0.5,0.0,0.5,0.5,0.0,0.5,0.5,0.0,0.5,0.0,0.5,0.5,0.5,0.5,0.5,0.0,0.0,0.0,0.0,0.5,0.5,1.0,1.0,1.0,0.5,1.0,1.0,1.0,1.0,1.0,1.0,5,0,0.0,0.0,0.5,0.0,0.0,0.0,0.0,0.0,0.0,0.0,0.0,1.0,0.0,0.0,0.0,0.0,0.0,0.4399583347097275,0.0013474284426294933,0.0013474284426294933,0.0,0.2,0.2,0,0,0,0,C1,0.0,0.0,0.033923155196477,0.5,1.0,0.5,0.0,0.0,0.033923155196477
phaseflip,dephasing,0.05,2,0.25,0.0,10,qiskit_aer,1,1,0.951,0.715890625,0.24444444444444444,0.12222222222222225,0.0,1.0,0.0,0.9,0.04899999999999967,0.0003061862178479451,0.04874999999999963,0.04874999999999963,0.049374999999999725,0.04874999999999963,0.04874999999999963,1.0,0.7,1.0,0.0,0.0,0.0,0.0,0.0,0.018846310392954323,0.0003061862178479451,0.018596310392954285,0.018596310392954285,0.019221310392954383,0.018596310392954285,0.018596310392954285,1.0,1.0,0.0,0.0,0.0,0.0,0.0,1.0,0.039953893117886066,0.013848792062593887,0.04874999999999963,0.026603482794715694,0.0492187499999997,0.018596310392954285,0.018596310392954285,1.0,1.0,0.7,0.0,0.0,0.0,0.0,0.3,0.0,0.009046106882113603,0.09046106882113603,0.030153689607045342,0.030153689607045342,0.039953893117886066,0.013848792062593887,0.04874999999999963,0.026603482794715694,0.0492187499999997,0.018596310392954285,0.018596310392954285,1.0,1.0,0.7,0.0,0.0,0.0,0.0,0.3,0.0,0.009046106882113603,0.09046106882113603,0.030153689607045342,0.030153689607045342,0.039953893117886066,0.013848792062593887,0.04874999999999963,0.026603482794715694,0.0492187499999997,0.018596310392954285,0.018596310392954285,1.0,1.0,0.7,0.0,0.0,0.0,0.0,0.3,0.0,0.009046106882113603,0.09046106882113603,0.030153689607045342,0.030153689607045342,0.039953893117886066,0.013848792062593887,0.04874999999999963,0.026603482794715694,0.0492187499999997,0.018596310392954285,0.018596310392954285,1.0,1.0,0.7,0.0,0.0,0.0,0.0,0.3,0.0,0.009046106882113603,0.09046106882113603,0.030153689607045342,0.030153689607045342,1.0,0.3,0.3,0.3,0.3,0.0,0.3,0.7,0.0,0.3,0.7,0.0,0.3,0.7,0.0,0.3,0.7,0.0,0.3,0.0,0.3,0.3,0.3,0.3,0.3,0.0,0.0,0.0,0.0,0.3,0.3,1.0,1.0,1.0,0.3,1.0,1.0,1.0,1.0,1.0,1.0,3,0,0.0,0.0,0.3,0.0,0.0,0.0,0.0,0.0,0.0,0.0,0.0,1.0,0.0,0.0,0.0,0.0,0.0,-0.11589062364652666,0.0013474284426294933,0.0013474284426294933,0.0,0.37222222222222223,0.37222222222222223,0,0,0,0,C1,0.0,0.0,0.039953893117886066,0.7,1.0,0.3,0.0,0.0,0.039953893117886066
phaseflip,dephasing,0.05,2,0.25,0.03,10,qiskit_aer,1,1,0.951,0.6181527777777778,0.34444444444444444,0.12222222222222225,0.0,1.0,0.0,0.9,0.04899999999999967,0.0003061862178479451,0.04874999999999963,0.04874999999999963,0.049374999999999725,0.04874999999999963,0.04874999999999963,1.0,0.4,1.0,0.0,0.0,0.0,0.0,0.0,0.018846310392954323,0.0003061862178479451,0.018596310392954285,0.018596310392954285,0.019221310392954383,0.018596310392954285,0.018596310392954285,1.0,1.0,0.0,0.0,0.0,0.0,0.0,1.0,0.03090778623577246,0.014698674176258192,0.019221310392954383,0.01875256039295431,0.04874999999999963,0.018596310392954285,0.018596310392954285,1.0,1.0,0.4,0.0,0.0,0.0,0.0,0.6,0.0,0.018092213764227205,0.18092213764227205,0.030153689607045342,0.030153689607045342,0.03090778623577246,0.014698674176258192,0.019221310392954383,0.01875256039295431,0.04874999999999963,0.018596310392954285,0.018596310392954285,1.0,1.0,0.4,0.0,0.0,0.0,0.0,0.6,0.0,0.018092213764227205,0.18092213764227205,0.030153689607045342,0.030153689607045342,0.03090778623577246,0.014698674176258192,0.019221310392954383,0.01875256039295431,0.04874999999999963,0.018596310392954285,0.018596310392954285,1.0,1.0,0.4,0.0,0.0,0.0,0.0,0.6,0.0,0.018092213764227205,0.18092213764227205,0.030153689607045342,0.030153689607045342,0.03090778623577246,0.014698674176258192,0.019221310392954383,0.01875256039295431,0.04874999999999963,0.018596310392954285,0.018596310392954285,1.0,1.0,0.4,0.0,0.0,0.0,0.0,0.6,0.0,0.018092213764227205,0.18092213764227205,0.030153689607045342,0.030153689607045342,1.0,0.6,0.6,0.6,0.6,0.0,0.6,0.4,0.0,0.6,0.4,0.0,0.6,0.4,0.0,0.6,0.4,0.0,0.6,0.0,0.6,0.6,0.6,0.6,0.6,0.0,0.0,0.0,0.0,0.6,0.6,1.0,1.0,1.0,0.6,1.0,1.0,1.0,1.0,1.0,1.0,6,0,0.0,0.0,0.6,0.0,0.0,0.0,0.0,0.0,0.0,0.0,0.0,1.0,0.0,0.0,0.0,0.0,0.0,0.5818472236923349,0.005995395292304333,0.005995395292304333,0.0,0.4322222222222223,0.4322222222222223,0,0,0,0,C1,0.0,0.0,0.03090778623577246,0.4,1.0,0.6,0.0,0.0,0.03090778623577246
phaseflip,dephasing,0.05,2,0.25,0.05,10,qiskit_aer,1,1,0.951,0.5626875,0.39999999999999997,0.12222222222222225,0.0,1.0,0.0,0.9,0.04899999999999967,0.0003061862178479451,0.04874999999999963,0.04874999999999963,0.049374999999999725,0.04874999999999963,0.04874999999999963,1.0,0.7,1.0,0.0,0.0,0.0,0.0,0.0,0.018846310392954323,0.0003061862178479451,0.018596310392954285,0.018596310392954285,0.019221310392954383,0.018596310392954285,0.018596310392954285,1.0,1.0,0.0,0.0,0.0,0.0,0.0,1.0,0.039953893117886066,0.013984214414612096,0.04874999999999963,0.02613473279471562,0.049374999999999725,0.018596310392954285,0.018596310392954285,1.0,1.0,0.7,0.0,0.0,0.0,0.0,0.3,0.0,0.009046106882113603,0.09046106882113603,0.030153689607045342,0.030153689607045342,0.039953893117886066,0.013984214414612096,0.04874999999999963,0.02613473279471562,0.049374999999999725,0.018596310392954285,0.018596310392954285,1.0,1.0,0.7,0.0,0.0,0.0,0.0,0.3,0.0,0.009046106882113603,0.09046106882113603,0.030153689607045342,0.030153689607045342,0.039953893117886066,0.013984214414612096,0.04874999999999963,0.02613473279471562,0.049374999999999725,0.018596310392954285,0.018596310392954285,1.0,1.0,0.7,0.0,0.0,0.0,0.0,0.3,0.0,0.009046106882113603,0.09046106882113603,0.030153689607045342,0.030153689607045342,0.039953893117886066,0.013984214414612096,0.04874999999999963,0.02613473279471562,0.049374999999999725,0.018596310392954285,0.018596310392954285,1.0,1.0,0.7,0.0,0.0,0.0,0.0,0.3,0.0,0.009046106882113603,0.09046106882113603,0.030153689607045342,0.030153689607045342,1.0,0.3,0.3,0.3,0.3,0.0,0.3,0.7,0.0,0.3,0.7,0.0,0.3,0.7,0.0,0.3,0.7,0.0,0.3,0.0,0.3,0.3,0.3,0.3,0.3,0.0,0.0,0.0,0.0,0.3,0.3,1.0,1.0,1.0,0.3,1.0,1.0,1.0,1.0,1.0,1.0,3,0,0.0,0.0,0.3,0.0,0.0,0.0,0.0,0.0,0.0,0.0,0.0,1.0,0.0,0.0,0.0,0.0,0.0,0.03731250137211411,0.0013474284426294933,0.0013474284426294933,0.0,0.4722222222222222,0.4722222222222222,0,0,0,0,C1,0.0,0.0,0.039953893117886066,0.7,1.0,0.3,0.0,0.0,0.039953893117886066
phaseflip,dephasing,0.05,2,0.25,0.1,10,qiskit_aer,1,1,0.951,0.4781545138888889,0.4888888888888889,0.12222222222222225,0.0,1.0,0.0,0.9,0.04899999999999967,0.0003061862178479451,0.04874999999999963,0.04874999999999963,0.049374999999999725,0.04874999999999963,0.04874999999999963,1.0,0.6,1.0,0.0,0.0,0.0,0.0,0.0,0.018846310392954323,0.0003061862178479451,0.018596310392954285,0.018596310392954285,0.019221310392954383,0.018596310392954285,0.018596310392954285,1.0,1.0,0.0,0.0,0.0,0.0,0.0,1.0,0.03693852415718153,0.01472429505205515,0.04874999999999963,0.019221310392954383,0.04874999999999963,0.018596310392954285,0.018596310392954285,1.0,1.0,0.6,0.0,0.0,0.0,0.0,0.4,0.0,0.012061475842818137,0.12061475842818137,0.030153689607045342,0.030153689607045342,0.03693852415718153,0.01472429505205515,0.04874999999999963,0.019221310392954383,0.04874999999999963,0.018596310392954285,0.018596310392954285,1.0,1.0,0.6,0.0,0.0,0.0,0.0,0.4,0.0,0.012061475842818137,0.12061475842818137,0.030153689607045342,0.030153689607045342,0.03693852415718153,0.01472429505205515,0.04874999999999963,0.019221310392954383,0.04874999999999963,0.018596310392954285,0.018596310392954285,1.0,1.0,0.6,0.0,0.0,0.0,0.0,0.4,0.0,0.012061475842818137,0.12061475842818137,0.030153689607045342,0.030153689607045342,0.03693852415718153,0.01472429505205515,0.04874999999999963,0.019221310392954383,0.04874999999999963,0.018596310392954285,0.018596310392954285,1.0,1.0,0.6,0.0,0.0,0.0,0.0,0.4,0.0,0.012061475842818137,0.12061475842818137,0.030153689607045342,0.030153689607045342,1.0,0.4,0.4,0.4,0.4,0.0,0.4,0.6,0.0,0.4,0.6,0.0,0.4,0.6,0.0,0.4,0.6,0.0,0.4,0.0,0.4,0.4,0.4,0.4,0.4,0.0,0.0,0.0,0.0,0.4,0.4,1.0,1.0,1.0,0.4,1.0,1.0,1.0,1.0,1.0,1.0,4,0,0.0,0.0,0.4,0.0,0.0,0.0,0.0,0.0,0.0,0.0,0.0,1.0,0.0,0.0,0.0,0.0,0.0,0.3218454875992074,0.0013474284426294942,0.0013474284426294942,0.0,0.5722222222222222,0.5722222222222222,0,0,0,0,C1,0.0,0.0,0.03693852415718153,0.6,1.0,0.4,0.0,0.0,0.03693852415718153
phaseflip,dephasing,0.05,2,0.5,0.0,10,qiskit_aer,1,1,0.951,0.58115625,0.4444444444444444,0.22222222222222224,0.0,1.0,0.0,1.0,0.04899999999999967,0.0003061862178479451,0.04874999999999963,0.04874999999999963,0.049374999999999725,0.04874999999999963,0.04874999999999963,1.0,0.7,1.0,0.0,0.0,0.0,0.0,0.0,0.018846310392954323,0.0003061862178479451,0.018596310392954285,0.018596310392954285,0.019221310392954383,0.018596310392954285,0.018596310392954285,1.0,1.0,0.0,0.0,0.0,0.0,0.0,1.0,0.039953893117886066,0.013984214414612096,0.04874999999999963,0.02613473279471562,0.049374999999999725,0.018596310392954285,0.018596310392954285,1.0,1.0,0.7,0.0,0.0,0.0,0.0,0.3,0.0,0.009046106882113603,0.09046106882113603,0.030153689607045342,0.030153689607045342,0.039953893117886066,0.013984214414612096,0.04874999999999963,0.02613473279471562,0.049374999999999725,0.018596310392954285,0.018596310392954285,1.0,1.0,0.7,0.0,0.0,0.0,0.0,0.3,0.0,0.009046106882113603,0.09046106882113603,0.030153689607045342,0.030153689607045342,0.039953893117886066,0.013984214414612096,0.04874999999999963,0.02613473279471562,0.049374999999999725,0.018596310392954285,0.018596310392954285,1.0,1.0,0.7,0.0,0.0,0.0,0.0,0.3,0.0,0.009046106882113603,0.09046106882113603,0.030153689607045342,0.030153689607045342,0.039953893117886066,0.013984214414612096,0.04874999999999963,0.02613473279471562,0.049374999999999725,0.018596310392954285,0.018596310392954285,1.0,1.0,0.7,0.0,0.0,0.0,0.0,0.3,0.0,0.009046106882113603,0.09046106882113603,0.030153689607045342,0.030153689607045342,1.0,0.3,0.3,0.3,0.3,0.0,0.3,0.7,0.0,0.3,0.7,0.0,0.3,0.7,0.0,0.3,0.7,0.0,0.3,0.0,0.3,0.3,0.3,0.3,0.3,0.0,0.0,0.0,0.0,0.3,0.3,1.0,1.0,1.0,0.3,1.0,1.0,1.0,1.0,1.0,1.0,3,0,0.0,0.0,0.3,0.0,0.0,0.0,0.0,0.0,0.0,0.0,0.0,1.0,0.0,0.0,0.0,0.0,0.0,0.018843751387721867,0.0013474284426294933,0.0013474284426294933,0.0,0.7222222222222222,0.7222222222222222,0,0,0,0,C1,0.0,0.0,0.039953893117886066,0.7,1.0,0.3,0.0,0.0,0.039953893117886066
phaseflip,dephasing,0.05,2,0.5,0.03,10,qiskit_aer,1,1,0.951,0.4913402777777778,0.5333333333333333,0.22222222222222224,0.0,1.0,0.0,1.0,0.04899999999999967,0.0003061862178479451,0.04874999999999963,0.04874999999999963,0.049374999999999725,0.04874999999999963,0.04874999999999963,1.0,0.4,1.0,0.0,0.0,0.0,0.0,0.0,0.018846310392954323,0.0003061862178479451,0.018596310392954285,0.018596310392954285,0.019221310392954383,0.018596310392954285,0.018596310392954285,1.0,1.0,0.0,0.0,0.0,0.0,0.0,1.0,0.03090778623577246,0.014698674176258194,0.019221310392954383,0.01875256039295431,0.04874999999999963,0.018596310392954285,0.018596310392954285,1.0,1.0,0.4,0.0,0.0,0.0,0.0,0.6,0.0,0.018092213764227205,0.18092213764227205,0.030153689607045342,0.030153689607045342,0.03090778623577246,0.014698674176258194,0.019221310392954383,0.01875256039295431,0.04874999999999963,0.018596310392954285,0.018596310392954285,1.0,1.0,0.4,0.0,0.0,0.0,0.0,0.6,0.0,0.018092213764227205,0.18092213764227205,0.030153689607045342,0.030153689607045342,0.03090778623577246,0.014698674176258194,0.019221310392954383,0.01875256039295431,0.04874999999999963,0.018596310392954285,0.018596310392954285,1.0,1.0,0.4,0.0,0.0,0.0,0.0,0.6,0.0,0.018092213764227205,0.18092213764227205,0.030153689607045342,0.030153689607045342,0.03090778623577246,0.014698674176258194,0.019221310392954383,0.01875256039295431,0.04874999999999963,0.018596310392954285,0.018596310392954285,1.0,1.0,0.4,0.0,0.0,0.0,0.0,0.6,0.0,0.018092213764227205,0.18092213764227205,0.030153689607045342,0.030153689607045342,1.0,0.6,0.6,0.6,0.6,0.0,0.6,0.4,0.0,0.6,0.4,0.0,0.6,0.4,0.0,0.6,0.4,0.0,0.6,0.0,0.6,0.6,0.6,0.6,0.6,0.0,0.0,0.0,0.0,0.6,0.6,1.0,1.0,1.0,0.6,1.0,1.0,1.0,1.0,1.0,1.0,6,0,0.0,0.0,0.6,0.0,0.0,0.0,0.0,0.0,0.0,0.0,0.0,1.0,0.0,0.0,0.0,0.0,0.0,0.7086597236480723,0.009295933699349699,0.009295933699349699,0.0,0.7822222222222223,0.7822222222222223,0,0,0,0,C1,0.0,0.0,0.03090778623577246,0.4,1.0,0.6,0.0,0.0,0.03090778623577246
phaseflip,dephasing,0.05,2,0.5,0.05,10,qiskit_aer,1,1,0.951,0.435875,0.5888888888888889,0.22222222222222224,0.0,1.0,0.0,1.0,0.04899999999999967,0.0003061862178479451,0.04874999999999963,0.04874999999999963,0.049374999999999725,0.04874999999999963,0.04874999999999963,1.0,0.3,1.0,0.0,0.0,0.0,0.0,0.0,0.018846310392954323,0.0003061862178479451,0.018596310392954285,0.018596310392954285,0.019221310392954383,0.018596310392954285,0.018596310392954285,1.0,1.0,0.0,0.0,0.0,0.0,0.0,1.0,0.027892417275067926,0.01379425087174403,0.019221310392954383,0.018596310392954285,0.041367827598238316,0.018596310392954285,0.018596310392954285,1.0,1.0,0.3,0.0,0.0,0.0,0.0,0.7,0.0,0.02110758272493174,0.2110758272493174,0.030153689607045342,0.030153689607045342,0.027892417275067926,0.01379425087174403,0.019221310392954383,0.018596310392954285,0.041367827598238316,0.018596310392954285,0.018596310392954285,1.0,1.0,0.3,0.0,0.0,0.0,0.0,0.7,0.0,0.02110758272493174,0.2110758272493174,0.030153689607045342,0.030153689607045342,0.027892417275067926,0.01379425087174403,0.019221310392954383,0.018596310392954285,0.041367827598238316,0.018596310392954285,0.018596310392954285,1.0,1.0,0.3,0.0,0.0,0.0,0.0,0.7,0.0,0.02110758272493174,0.2110758272493174,0.030153689607045342,0.030153689607045342,0.027892417275067926,0.01379425087174403,0.019221310392954383,0.018596310392954285,0.041367827598238316,0.018596310392954285,0.018596310392954285,1.0,1.0,0.3,0.0,0.0,0.0,0.0,0.7,0.0,0.02110758272493174,0.2110758272493174,0.030153689607045342,0.030153689607045342,1.0,0.7,0.7,0.7,0.7,0.0,0.7,0.3,0.0,0.7,0.3,0.0,0.7,0.3,0.0,0.7,0.3,0.0,0.7,0.0,0.7,0.7,0.7,0.7,0.7,0.0,0.0,0.0,0.0,0.7,0.7,1.0,1.0,1.0,0.7,1.0,1.0,1.0,1.0,1.0,1.0,7,0,0.0,0.0,0.7,0.0,0.0,0.0,0.0,0.0,0.0,0.0,0.0,1.0,0.0,0.0,0.0,0.0,0.0,0.9641250014747379,0.007342823734933807,0.007342823734933807,0.0,0.8222222222222223,0.8222222222222223,0,0,0,0,C1,0.0,0.0,0.027892417275067926,0.3,1.0,0.7,0.0,0.0,0.027892417275067926
phaseflip,dephasing,0.05,2,0.5,0.1,10,qiskit_aer,1,1,0.951,0.3751232638888889,0.6444444444444444,0.22222222222222224,0.0,1.0,0.0,1.0,0.04899999999999967,0.0003061862178479451,0.04874999999999963,0.04874999999999963,0.049374999999999725,0.04874999999999963,0.04874999999999963,1.0,0.8,1.0,0.0,0.0,0.0,0.0,0.0,0.018846310392954323,0.0003061862178479451,0.018596310392954285,0.018596310392954285,0.019221310392954383,0.018596310392954285,0.018596310392954285,1.0,1.0,0.0,0.0,0.0,0.0,0.0,1.0,0.0429692620785906,0.012189680818938228,0.04874999999999963,0.04874999999999963,0.049374999999999725,0.018596310392954285,0.018596310392954285,1.0,1.0,0.8,0.0,0.0,0.0,0.0,0.2,0.0,0.006030737921409068,0.060307379214090684,0.030153689607045342,0.030153689607045342,0.0429692620785906,0.012189680818938228,0.04874999999999963,0.04874999999999963,0.049374999999999725,0.018596310392954285,0.018596310392954285,1.0,1.0,0.8,0.0,0.0,0.0,0.0,0.2,0.0,0.006030737921409068,0.060307379214090684,0.030153689607045342,0.030153689607045342,0.0429692620785906,0.012189680818938228,0.04874999999999963,0.04874999999999963,0.049374999999999725,0.018596310392954285,0.018596310392954285,1.0,1.0,0.8,0.0,0.0,0.0,0.0,0.2,0.0,0.006030737921409068,0.060307379214090684,0.030153689607045342,0.030153689607045342,0.0429692620785906,0.012189680818938228,0.04874999999999963,0.04874999999999963,0.049374999999999725,0.018596310392954285,0.018596310392954285,1.0,1.0,0.8,0.0,0.0,0.0,0.0,0.2,0.0,0.006030737921409068,0.060307379214090684,0.030153689607045342,0.030153689607045342,1.0,0.2,0.2,0.2,0.2,0.0,0.2,0.8,0.0,0.2,0.8,0.0,0.2,0.8,0.0,0.2,0.8,0.0,0.2,0.0,0.2,0.2,0.2,0.2,0.2,0.0,0.0,0.0,0.0,0.2,0.2,1.0,1.0,1.0,0.2,1.0,1.0,1.0,1.0,1.0,1.0,2,0,0.0,0.0,0.2,0.0,0.0,0.0,0.0,0.0,0.0,0.0,0.0,1.0,0.0,0.0,0.0,0.0,0.0,0.024876737525423243,0.0013474284426294833,0.0013474284426294833,0.0,0.9222222222222222,0.9222222222222222,0,0,0,0,C1,0.0,0.0,0.0429692620785906,0.8,1.0,0.2,0.0,0.0,0.0429692620785906
phaseflip,dephasing,0.05,2,0.75,0.0,10,qiskit_aer,1,1,0.951,0.3856631944444444,0.7444444444444445,0.37222222222222223,0.0,1.0,0.0,1.0,0.04899999999999967,0.0003061862178479451,0.04874999999999963,0.04874999999999963,0.049374999999999725,0.04874999999999963,0.04874999999999963,1.0,0.6,1.0,0.0,0.0,0.0,0.0,0.0,0.018846310392954323,0.0003061862178479451,0.018596310392954285,0.018596310392954285,0.019221310392954383,0.018596310392954285,0.018596310392954285,1.0,1.0,0.0,0.0,0.0,0.0,0.0,1.0,0.03693852415718153,0.014724295052055148,0.04874999999999963,0.019221310392954383,0.04874999999999963,0.018596310392954285,0.018596310392954285,1.0,1.0,0.6,0.0,0.0,0.0,0.0,0.4,0.0,0.012061475842818137,0.12061475842818137,0.030153689607045342,0.030153689607045342,0.03693852415718153,0.014724295052055148,0.04874999999999963,0.019221310392954383,0.04874999999999963,0.018596310392954285,0.018596310392954285,1.0,1.0,0.6,0.0,0.0,0.0,0.0,0.4,0.0,0.012061475842818137,0.12061475842818137,0.030153689607045342,0.030153689607045342,0.03693852415718153,0.014724295052055148,0.04874999999999963,0.019221310392954383,0.04874999999999963,0.018596310392954285,0.018596310392954285,1.0,1.0,0.6,0.0,0.0,0.0,0.0,0.4,0.0,0.012061475842818137,0.12061475842818137,0.030153689607045342,0.030153689607045342,0.04899999999999967,0.0003061862178479451,0.04874999999999963,0.04874999999999963,0.049374999999999725,0.04874999999999963,0.04874999999999963,1.0,0.6,1.0,0.0,0.0,0.0,0.0,0.0,0.010643362141979171,0.0,0.0,0.0,0.0,1.0,0.4,0.4,0.4,0.0,0.4,0.4,0.6,0.0,0.4,0.6,0.0,0.4,0.6,0.0,0.0,1.0,0.0,0.4,0.0,0.4,0.4,0.0,0.4,0.4,0.4,0.0,0.0,0.0,0.4,0.4,1.0,1.0,0.0,0.0,1.0,1.0,1.0,1.0,0.0,0.0,4,4,0.4,1.0,0.4,0.0,0.4,0.0,1.0,0.0,1.0,1.0,0.0,1.0,0.12061475842818137,0.0,0.12061475842818137,0.012061475842818137,0.12061475842818137,0.4143368070183551,0.010643362141979171,0.010643362141979171,0.0,1.0,1.1222222222222222,0,0,0,4,C3R,0.0,0.0,0.04899999999999967,1.0,1.0,0.0,0.0,0.0,0.04899999999999967
phaseflip,dephasing,0.05,2,0.75,0.03,10,qiskit_aer,1,1,0.951,0.3275503472222222,0.7888888888888889,0.37222222222222223,0.0,1.0,0.0,1.0,0.04899999999999967,0.0003061862178479451,0.04874999999999963,0.04874999999999963,0.049374999999999725,0.04874999999999963,0.04874999999999963,1.0,0.7,1.0,0.0,0.0,0.0,0.0,0.0,0.018846310392954323,0.0003061862178479451,0.018596310392954285,0.018596310392954285,0.019221310392954383,0.018596310392954285,0.018596310392954285,1.0,1.0,0.0,0.0,0.0,0.0,0.0,1.0,0.039953893117886066,0.013848792062593887,0.04874999999999963,0.026603482794715694,0.0492187499999997,0.018596310392954285,0.018596310392954285,1.0,1.0,0.7,0.0,0.0,0.0,0.0,0.3,0.0,0.009046106882113603,0.09046106882113603,0.030153689607045342,0.030153689607045342,0.039953893117886066,0.013848792062593887,0.04874999999999963,0.026603482794715694,0.0492187499999997,0.018596310392954285,0.018596310392954285,1.0,1.0,0.7,0.0,0.0,0.0,0.0,0.3,0.0,0.009046106882113603,0.09046106882113603,0.030153689607045342,0.030153689607045342,0.039953893117886066,0.013848792062593887,0.04874999999999963,0.026603482794715694,0.0492187499999997,0.018596310392954285,0.018596310392954285,1.0,1.0,0.7,0.0,0.0,0.0,0.0,0.3,0.0,0.009046106882113603,0.09046106882113603,0.030153689607045342,0.030153689607045342,0.04899999999999967,0.0003061862178479451,0.04874999999999963,0.04874999999999963,0.049374999999999725,0.04874999999999963,0.04874999999999963,1.0,0.7,1.0,0.0,0.0,0.0,0.0,0.0,0.0013474284426294942,0.0,0.0,0.0,0.0,1.0,0.3,0.3,0.3,0.0,0.3,0.3,0.7,0.0,0.3,0.7,0.0,0.3,0.7,0.0,0.0,1.0,0.0,0.3,0.0,0.3,0.3,0.0,0.3,0.3,0.3,0.0,0.0,0.0,0.3,0.3,1.0,1.0,0.0,0.0,1.0,1.0,1.0,1.0,0.0,0.0,3,3,0.3,1.0,0.3,0.0,0.3,0.0,1.0,0.0,1.0,1.0,0.0,1.0,0.09046106882113603,0.0,0.09046106882113603,0.009046106882113603,0.09046106882113603,0.2724496542111832,0.0013474284426294942,0.0013474284426294942,0.0,1.0,1.1822222222222223,0,0,0,3,C3R,0.0,0.0,0.04899999999999967,1.0,1.0,0.0,0.0,0.0,0.04899999999999967
phaseflip,dephasing,0.05,2,0.75,0.05,10,qiskit_aer,1,1,0.951,0.28792881944444443,0.8222222222222222,0.37222222222222223,0.0,1.0,0.0,1.0,0.04899999999999967,0.0003061862178479451,0.04874999999999963,0.04874999999999963,0.049374999999999725,0.04874999999999963,0.04874999999999963,1.0,0.7,1.0,0.0,0.0,0.0,0.0,0.0,0.018846310392954323,0.0003061862178479451,0.018596310392954285,0.018596310392954285,0.019221310392954383,0.018596310392954285,0.018596310392954285,1.0,1.0,0.0,0.0,0.0,0.0,0.0,1.0,0.039953893117886066,0.013984214414612096,0.04874999999999963,0.02613473279471562,0.049374999999999725,0.018596310392954285,0.018596310392954285,1.0,1.0,0.7,0.0,0.0,0.0,0.0,0.3,0.0,0.009046106882113603,0.09046106882113603,0.030153689607045342,0.030153689607045342,0.039953893117886066,0.013984214414612096,0.04874999999999963,0.02613473279471562,0.049374999999999725,0.018596310392954285,0.018596310392954285,1.0,1.0,0.7,0.0,0.0,0.0,0.0,0.3,0.0,0.009046106882113603,0.09046106882113603,0.030153689607045342,0.030153689607045342,0.039953893117886066,0.013984214414612096,0.04874999999999963,0.02613473279471562,0.049374999999999725,0.018596310392954285,0.018596310392954285,1.0,1.0,0.7,0.0,0.0,0.0,0.0,0.3,0.0,0.009046106882113603,0.09046106882113603,0.030153689607045342,0.030153689607045342,0.04899999999999967,0.0003061862178479451,0.04874999999999963,0.04874999999999963,0.049374999999999725,0.04874999999999963,0.04874999999999963,1.0,0.7,1.0,0.0,0.0,0.0,0.0,0.0,0.0013474284426294933,0.0,0.0,0.0,0.0,1.0,0.3,0.3,0.3,0.0,0.3,0.3,0.7,0.0,0.3,0.7,0.0,0.3,0.7,0.0,0.0,1.0,0.0,0.3,0.0,0.3,0.3,0.0,0.3,0.3,0.3,0.0,0.0,0.0,0.3,0.3,1.0,1.0,0.0,0.0,1.0,1.0,1.0,1.0,0.0,0.0,3,3,0.3,1.0,0.3,0.0,0.3,0.0,1.0,0.0,1.0,1.0,0.0,1.0,0.09046106882113603,0.0,0.09046106882113603,0.009046106882113603,0.09046106882113603,0.3120711818645569,0.0013474284426294933,0.0013474284426294933,0.0,1.0,1.2222222222222223,0,0,0,3,C3R,0.0,0.0,0.04899999999999967,1.0,1.0,0.0,0.0,0.0,0.04899999999999967
phaseflip,dephasing,0.05,2,0.75,0.1,10,qiskit_aer,1,1,0.951,0.25359027777777776,0.8444444444444444,0.37222222222222223,0.0,1.0,0.0,1.0,0.04899999999999967,0.0003061862178479451,0.04874999999999963,0.04874999999999963,0.049374999999999725,0.04874999999999963,0.04874999999999963,1.0,0.8,1.0,0.0,0.0,0.0,0.0,0.0,0.018846310392954323,0.0003061862178479451,0.018596310392954285,0.018596310392954285,0.019221310392954383,0.018596310392954285,0.018596310392954285,1.0,1.0,0.0,0.0,0.0,0.0,0.0,1.0,0.0429692620785906,0.012189680818938228,0.04874999999999963,0.04874999999999963,0.049374999999999725,0.018596310392954285,0.018596310392954285,1.0,1.0,0.8,0.0,0.0,0.0,0.0,0.2,0.0,0.006030737921409068,0.060307379214090684,0.030153689607045342,0.030153689607045342,0.0429692620785906,0.012189680818938228,0.04874999999999963,0.04874999999999963,0.049374999999999725,0.018596310392954285,0.018596310392954285,1.0,1.0,0.8,0.0,0.0,0.0,0.0,0.2,0.0,0.006030737921409068,0.060307379214090684,0.030153689607045342,0.030153689607045342,0.0429692620785906,0.012189680818938228,0.04874999999999963,0.04874999999999963,0.049374999999999725,0.018596310392954285,0.018596310392954285,1.0,1.0,0.8,0.0,0.0,0.0,0.0,0.2,0.0,0.006030737921409068,0.060307379214090684,0.030153689607045342,0.030153689607045342,0.04899999999999967,0.0003061862178479451,0.04874999999999963,0.04874999999999963,0.049374999999999725,0.04874999999999963,0.04874999999999963,1.0,0.8,1.0,0.0,0.0,0.0,0.0,0.0,0.0026948568852589666,0.0,0.0,0.0,0.0,1.0,0.2,0.2,0.2,0.0,0.2,0.2,0.8,0.0,0.2,0.8,0.0,0.2,0.8,0.0,0.0,1.0,0.0,0.2,0.0,0.2,0.2,0.0,0.2,0.2,0.2,0.0,0.0,0.0,0.2,0.2,1.0,1.0,0.0,0.0,1.0,1.0,1.0,1.0,0.0,0.0,2,2,0.2,1.0,0.2,0.0,0.2,0.0,1.0,0.0,1.0,1.0,0.0,1.0,0.060307379214090684,0.0,0.060307379214090684,0.006030737921409068,0.060307379214090684,0.14640972367219027,0.0026948568852589666,0.0026948568852589666,0.0,1.0,1.3222222222222222,0,0,0,2,C3R,0.0,0.0,0.04899999999999967,1.0,1.0,0.0,0.0,0.0,0.04899999999999967
phaseflip,dephasing,0.05,2,1.0,0.0,10,qiskit_aer,1,1,0.951,0.21925694444444443,1.0,0.5,0.0,1.0,0.0,1.0,0.04899999999999967,0.0003061862178479451,0.04874999999999963,0.04874999999999963,0.049374999999999725,0.04874999999999963,0.04874999999999963,1.0,0.5,1.0,0.0,0.0,0.0,0.0,0.0,0.018846310392954323,0.0003061862178479451,0.018596310392954285,0.018596310392954285,0.019221310392954383,0.018596310392954285,0.018596310392954285,1.0,1.0,0.0,0.0,0.0,0.0,0.0,1.0,0.033923155196477,0.015204414175836893,0.033985655196477005,0.018596310392954285,0.0492187499999997,0.018596310392954285,0.018596310392954285,1.0,1.0,0.5,0.0,0.0,0.0,0.0,0.5,0.0,0.015076844803522671,0.1507684480352267,0.030153689607045342,0.030153689607045342,0.033923155196477,0.015204414175836893,0.033985655196477005,0.018596310392954285,0.0492187499999997,0.018596310392954285,0.018596310392954285,1.0,1.0,0.5,0.0,0.0,0.0,0.0,0.5,0.0,0.015076844803522671,0.1507684480352267,0.030153689607045342,0.030153689607045342,0.033923155196477,0.015204414175836893,0.033985655196477005,0.018596310392954285,0.0492187499999997,0.018596310392954285,0.018596310392954285,1.0,1.0,0.5,0.0,0.0,0.0,0.0,0.5,0.0,0.015076844803522671,0.1507684480352267,0.030153689607045342,0.030153689607045342,0.04899999999999967,0.0003061862178479451,0.04874999999999963,0.04874999999999963,0.049374999999999725,0.04874999999999963,0.04874999999999963,1.0,0.5,1.0,0.0,0.0,0.0,0.0,0.0,0.0026948568852589666,0.0,0.0,0.0,0.0,1.0,0.5,0.5,0.5,0.0,0.5,0.5,0.5,0.0,0.5,0.5,0.0,0.5,0.5,0.0,0.0,1.0,0.0,0.5,0.0,0.5,0.5,0.0,0.5,0.5,0.5,0.0,0.0,0.0,0.5,0.5,1.0,1.0,0.0,0.0,1.0,1.0,1.0,1.0,0.0,0.0,5,5,0.5,1.0,0.5,0.0,0.5,0.0,1.0,0.0,1.0,1.0,0.0,1.0,0.1507684480352267,0.0,0.1507684480352267,0.015076844803522671,0.1507684480352267,0.7807430569869855,0.0026948568852589666,0.0026948568852589666,0.0,1.0,1.5,0,0,0,5,C3R,0.0,0.0,0.04899999999999967,1.0,1.0,0.0,0.0,0.0,0.04899999999999967
phaseflip,dephasing,0.05,2,1.0,0.03,10,qiskit_aer,1,1,0.951,0.18755729166666668,1.0,0.5,0.0,1.0,0.0,1.0,0.04899999999999967,0.0003061862178479451,0.04874999999999963,0.04874999999999963,0.049374999999999725,0.04874999999999963,0.04874999999999963,1.0,0.7,1.0,0.0,0.0,0.0,0.0,0.0,0.018846310392954323,0.0003061862178479451,0.018596310392954285,0.018596310392954285,0.019221310392954383,0.018596310392954285,0.018596310392954285,1.0,1.0,0.0,0.0,0.0,0.0,0.0,1.0,0.039953893117886066,0.013848792062593887,0.04874999999999963,0.026603482794715694,0.0492187499999997,0.018596310392954285,0.018596310392954285,1.0,1.0,0.7,0.0,0.0,0.0,0.0,0.3,0.0,0.009046106882113603,0.09046106882113603,0.030153689607045342,0.030153689607045342,0.039953893117886066,0.013848792062593887,0.04874999999999963,0.026603482794715694,0.0492187499999997,0.018596310392954285,0.018596310392954285,1.0,1.0,0.7,0.0,0.0,0.0,0.0,0.3,0.0,0.009046106882113603,0.09046106882113603,0.030153689607045342,0.030153689607045342,0.039953893117886066,0.013848792062593887,0.04874999999999963,0.026603482794715694,0.0492187499999997,0.018596310392954285,0.018596310392954285,1.0,1.0,0.7,0.0,0.0,0.0,0.0,0.3,0.0,0.009046106882113603,0.09046106882113603,0.030153689607045342,0.030153689607045342,0.04899999999999967,0.0003061862178479451,0.04874999999999963,0.04874999999999963,0.049374999999999725,0.04874999999999963,0.04874999999999963,1.0,0.7,1.0,0.0,0.0,0.0,0.0,0.0,0.0013474284426294942,0.0,0.0,0.0,0.0,1.0,0.3,0.3,0.3,0.0,0.3,0.3,0.7,0.0,0.3,0.7,0.0,0.3,0.7,0.0,0.0,1.0,0.0,0.3,0.0,0.3,0.3,0.0,0.3,0.3,0.3,0.0,0.0,0.0,0.3,0.3,1.0,1.0,0.0,0.0,1.0,1.0,1.0,1.0,0.0,0.0,3,3,0.3,1.0,0.3,0.0,0.3,0.0,1.0,0.0,1.0,1.0,0.0,1.0,0.09046106882113603,0.0,0.09046106882113603,0.009046106882113603,0.09046106882113603,0.41244270978234654,0.0013474284426294942,0.0013474284426294942,0.0,1.0,1.56,0,0,0,3,C3R,0.0,0.0,0.04899999999999967,1.0,1.0,0.0,0.0,0.0,0.04899999999999967
phaseflip,dephasing,0.05,2,1.0,0.05,10,qiskit_aer,1,1,0.951,0.17171180555555554,1.0,0.5,0.0,1.0,0.0,1.0,0.04899999999999967,0.0003061862178479451,0.04874999999999963,0.04874999999999963,0.049374999999999725,0.04874999999999963,0.04874999999999963,1.0,0.7,1.0,0.0,0.0,0.0,0.0,0.0,0.018846310392954323,0.0003061862178479451,0.018596310392954285,0.018596310392954285,0.019221310392954383,0.018596310392954285,0.018596310392954285,1.0,1.0,0.0,0.0,0.0,0.0,0.0,1.0,0.039953893117886066,0.013984214414612096,0.04874999999999963,0.02613473279471562,0.049374999999999725,0.018596310392954285,0.018596310392954285,1.0,1.0,0.7,0.0,0.0,0.0,0.0,0.3,0.0,0.009046106882113603,0.09046106882113603,0.030153689607045342,0.030153689607045342,0.039953893117886066,0.013984214414612096,0.04874999999999963,0.02613473279471562,0.049374999999999725,0.018596310392954285,0.018596310392954285,1.0,1.0,0.7,0.0,0.0,0.0,0.0,0.3,0.0,0.009046106882113603,0.09046106882113603,0.030153689607045342,0.030153689607045342,0.039953893117886066,0.013984214414612096,0.04874999999999963,0.02613473279471562,0.049374999999999725,0.018596310392954285,0.018596310392954285,1.0,1.0,0.7,0.0,0.0,0.0,0.0,0.3,0.0,0.009046106882113603,0.09046106882113603,0.030153689607045342,0.030153689607045342,0.04899999999999967,0.0003061862178479451,0.04874999999999963,0.04874999999999963,0.049374999999999725,0.04874999999999963,0.04874999999999963,1.0,0.7,1.0,0.0,0.0,0.0,0.0,0.0,0.0026948568852589666,0.0,0.0,0.0,0.0,1.0,0.3,0.3,0.3,0.0,0.3,0.3,0.7,0.0,0.3,0.7,0.0,0.3,0.7,0.0,0.0,1.0,0.0,0.3,0.0,0.3,0.3,0.0,0.3,0.3,0.3,0.0,0.0,0.0,0.3,0.3,1.0,1.0,0.0,0.0,1.0,1.0,1.0,1.0,0.0,0.0,3,3,0.3,1.0,0.3,0.0,0.3,0.0,1.0,0.0,1.0,1.0,0.0,1.0,0.09046106882113603,0.0,0.09046106882113603,0.009046106882113603,0.09046106882113603,0.42828819585295363,0.0026948568852589666,0.0026948568852589666,0.0,1.0,1.6,0,0,0,3,C3R,0.0,0.0,0.04899999999999967,1.0,1.0,0.0,0.0,0.0,0.04899999999999967
phaseflip,dephasing,0.05,2,1.0,0.1,10,qiskit_aer,1,1,0.951,0.15322222222222223,1.0,0.5,0.0,1.0,0.0,1.0,0.04899999999999967,0.0003061862178479451,0.04874999999999963,0.04874999999999963,0.049374999999999725,0.04874999999999963,0.04874999999999963,1.0,0.5,1.0,0.0,0.0,0.0,0.0,0.0,0.018846310392954323,0.0003061862178479451,0.018596310392954285,0.018596310392954285,0.019221310392954383,0.018596310392954285,0.018596310392954285,1.0,1.0,0.0,0.0,0.0,0.0,0.0,1.0,0.033923155196477,0.015079953555283538,0.033985655196477005,0.01875256039295431,0.04874999999999963,0.018596310392954285,0.018596310392954285,1.0,1.0,0.5,0.0,0.0,0.0,0.0,0.5,0.0,0.015076844803522671,0.1507684480352267,0.030153689607045342,0.030153689607045342,0.033923155196477,0.015079953555283538,0.033985655196477005,0.01875256039295431,0.04874999999999963,0.018596310392954285,0.018596310392954285,1.0,1.0,0.5,0.0,0.0,0.0,0.0,0.5,0.0,0.015076844803522671,0.1507684480352267,0.030153689607045342,0.030153689607045342,0.033923155196477,0.015079953555283538,0.033985655196477005,0.01875256039295431,0.04874999999999963,0.018596310392954285,0.018596310392954285,1.0,1.0,0.5,0.0,0.0,0.0,0.0,0.5,0.0,0.015076844803522671,0.1507684480352267,0.030153689607045342,0.030153689607045342,0.04899999999999967,0.0003061862178479451,0.04874999999999963,0.04874999999999963,0.049374999999999725,0.04874999999999963,0.04874999999999963,1.0,0.5,1.0,0.0,0.0,0.0,0.0,0.0,0.005995395292304332,0.0,0.0,0.0,0.0,1.0,0.5,0.5,0.5,0.0,0.5,0.5,0.5,0.0,0.5,0.5,0.0,0.5,0.5,0.0,0.0,1.0,0.0,0.5,0.0,0.5,0.5,0.0,0.5,0.5,0.5,0.0,0.0,0.0,0.5,0.5,1.0,1.0,0.0,0.0,1.0,1.0,1.0,1.0,0.0,0.0,5,5,0.5,1.0,0.5,0.0,0.5,0.0,1.0,0.0,1.0,1.0,0.0,1.0,0.1507684480352267,0.0,0.1507684480352267,0.015076844803522671,0.1507684480352267,0.8467777792262365,0.005995395292304332,0.005995395292304332,0.0,1.0,1.7000000000000002,0,0,0,5,C3R,0.0,0.0,0.04899999999999967,1.0,1.0,0.0,0.0,0.0,0.04899999999999967
phaseflip,dephasing,0.05,4,0.0,0.0,10,qiskit_aer,1,1,0.9051885937499999,0.9051885937499999,0.0,0.0,1.0,1.0,0.0,0.0,0.09481140624999983,0.0011233153727951157,0.09540546874999983,0.0945296874999999,0.09568749999999981,0.09274687499999978,0.09274687499999978,1.0,0.6,1.0,0.4,0.0,0.0,0.0,0.0,0.06465771664295449,0.0011233153727951157,0.06525177914295449,0.06437599789295456,0.06553381039295447,0.06259318539295444,0.06259318539295444,1.0,1.0,0.0,0.0,0.0,1.0,1.0,1.0,0.06465771664295449,0.0011233153727951157,0.06525177914295449,0.06437599789295456,0.06553381039295447,0.06259318539295444,0.06259318539295444,1.0,1.0,0.0,0.0,0.0,1.0,1.0,1.0,0.0,0.030153689607045342,0.3015368960704534,0.030153689607045342,0.030153689607045342,0.08274993040718169,0.014687181829466293,0.09274687499999978,0.0651107635179545,0.09568749999999981,0.06437599789295456,0.06437599789295456,1.0,1.0,0.6,0.0,0.0,0.4,0.4,0.4,0.0,0.012061475842818137,0.12061475842818137,0.030153689607045342,0.030153689607045342,0.08274993040718169,0.014687181829466293,0.09274687499999978,0.0651107635179545,0.09568749999999981,0.06437599789295456,0.06437599789295456,1.0,1.0,0.6,0.0,0.0,0.4,0.4,0.4,0.0,0.012061475842818137,0.12061475842818137,0.030153689607045342,0.030153689607045342,0.08274993040718169,0.014687181829466293,0.09274687499999978,0.0651107635179545,0.09568749999999981,0.06437599789295456,0.06437599789295456,1.0,1.0,0.6,0.0,0.0,0.4,0.4,0.4,0.0,0.012061475842818137,0.12061475842818137,0.030153689607045342,0.030153689607045342,1.0,1.0,0.4,0.4,0.4,0.0,1.0,0.0,1.0,0.4,1.0,1.0,0.4,1.0,1.0,0.4,1.0,1.0,0.4,0.6,0.4,0.4,0.4,0.4,0.4,0.0,0.0,0.0,0.0,0.4,0.4,1.0,1.0,1.0,0.4,1.0,1.0,1.0,1.0,1.0,1.0,4,0,0.0,0.0,0.4,0.0,0.0,0.0,0.0,0.0,0.0,0.0,0.0,1.0,0.0,0.0,0.0,0.0,0.0,-0.10518859363470019,1.7388757708009604e-17,1.7388757708009604e-17,0.0,0.0,0.0,0,0,0,0,C2,0.0,0.0,0.08274993040718169,0.6,1.0,0.4,0.0,0.0,0.08274993040718169
phaseflip,dephasing,0.05,4,0.0,0.03,10,qiskit_aer,1,1,0.9051885937499999,0.6940394618055555,0.09999999999999999,0.0,0.1,1.0,0.0,0.0,0.09481140624999983,0.0011233153727951157,0.09540546874999983,0.0945296874999999,0.09568749999999981,0.09274687499999978,0.09274687499999978,1.0,0.7,1.0,0.1,0.0,0.0,0.0,0.0,0.06465771664295449,0.0011233153727951157,0.06525177914295449,0.06437599789295456,0.06553381039295447,0.06259318539295444,0.06259318539295444,1.0,1.0,0.0,0.0,0.0,0.1,0.1,1.0,0.08576529936788622,0.013795569537946003,0.09393515624999982,0.0723370765447158,0.09568749999999981,0.06437599789295456,0.06437599789295456,1.0,1.0,0.7,0.0,0.0,0.1,0.1,0.3,0.0,0.009046106882113603,0.09046106882113603,0.030153689607045342,0.030153689607045342,0.08576529936788622,0.013795569537946003,0.09393515624999982,0.0723370765447158,0.09568749999999981,0.06437599789295456,0.06437599789295456,1.0,1.0,0.7,0.0,0.0,0.1,0.1,0.3,0.0,0.009046106882113603,0.09046106882113603,0.030153689607045342,0.030153689607045342,0.08576529936788622,0.013795569537946003,0.09393515624999982,0.0723370765447158,0.09568749999999981,0.06437599789295456,0.06437599789295456,1.0,1.0,0.7,0.0,0.0,0.1,0.1,0.3,0.0,0.009046106882113603,0.09046106882113603,0.030153689607045342,0.030153689607045342,0.08576529936788622,0.013795569537946003,0.09393515624999982,0.0723370765447158,0.09568749999999981,0.06437599789295456,0.06437599789295456,1.0,1.0,0.7,0.0,0.0,0.1,0.1,0.3,0.0,0.009046106882113603,0.09046106882113603,0.030153689607045342,0.030153689607045342,1.0,0.3,0.3,0.3,0.3,0.0,0.3,0.7777777777777778,1.0,0.3,0.7777777777777778,1.0,0.3,0.7777777777777778,1.0,0.3,0.7777777777777778,1.0,0.3,0.0,0.3,0.3,0.3,0.3,0.3,0.0,0.0,0.0,0.0,0.3,0.3,1.0,1.0,1.0,0.3,1.0,1.0,1.0,1.0,1.0,1.0,3,0,0.0,0.0,0.3,0.0,0.0,0.0,0.0,0.0,0.0,0.0,0.0,1.0,0.0,0.0,0.0,0.0,0.0,-0.09403946169089855,1.666157491899939e-17,1.666157491899939e-17,0.0,0.06,0.06,0,0,0,0,C1,0.0,0.0,0.08576529936788622,0.7,1.0,0.3,0.0,0.0,0.08576529936788622
phaseflip,dephasing,0.05,4,0.0,0.05,10,qiskit_aer,1,1,0.9051885937499999,0.6337071006944445,0.18888888888888888,0.0,0.0,1.0,0.0,0.0,0.09481140624999983,0.0011233153727951157,0.09540546874999983,0.0945296874999999,0.09568749999999981,0.09274687499999978,0.09274687499999978,1.0,0.6,1.0,0.0,0.0,0.0,0.0,0.0,0.06465771664295449,0.0011233153727951157,0.06525177914295449,0.06437599789295456,0.06553381039295447,0.06259318539295444,0.06259318539295444,1.0,1.0,0.0,0.0,0.0,0.0,0.0,1.0,0.08274993040718169,0.014687181829466293,0.09274687499999978,0.0651107635179545,0.09568749999999981,0.06437599789295456,0.06437599789295456,1.0,1.0,0.6,0.0,0.0,0.0,0.0,0.4,0.0,0.012061475842818137,0.12061475842818137,0.030153689607045342,0.030153689607045342,0.08274993040718169,0.014687181829466293,0.09274687499999978,0.0651107635179545,0.09568749999999981,0.06437599789295456,0.06437599789295456,1.0,1.0,0.6,0.0,0.0,0.0,0.0,0.4,0.0,0.012061475842818137,0.12061475842818137,0.030153689607045342,0.030153689607045342,0.08274993040718169,0.014687181829466293,0.09274687499999978,0.0651107635179545,0.09568749999999981,0.06437599789295456,0.06437599789295456,1.0,1.0,0.6,0.0,0.0,0.0,0.0,0.4,0.0,0.012061475842818137,0.12061475842818137,0.030153689607045342,0.030153689607045342,0.08274993040718169,0.014687181829466293,0.09274687499999978,0.0651107635179545,0.09568749999999981,0.06437599789295456,0.06437599789295456,1.0,1.0,0.6,0.0,0.0,0.0,0.0,0.4,0.0,0.012061475842818137,0.12061475842818137,0.030153689607045342,0.030153689607045342,1.0,0.4,0.4,0.4,0.4,0.0,0.4,0.6,0.0,0.4,0.6,0.0,0.4,0.6,0.0,0.4,0.6,0.0,0.4,0.0,0.4,0.4,0.4,0.4,0.4,0.0,0.0,0.0,0.0,0.4,0.4,1.0,1.0,1.0,0.4,1.0,1.0,1.0,1.0,1.0,1.0,4,0,0.0,0.0,0.4,0.0,0.0,0.0,0.0,0.0,0.0,0.0,0.0,1.0,0.0,0.0,0.0,0.0,0.0,0.16629289943070155,0.011874890566266252,0.011874890566266252,0.0,0.1,0.1,0,0,0,0,C1,0.0,0.0,0.08274993040718169,0.6,1.0,0.4,0.0,0.0,0.08274993040718169
phaseflip,dephasing,0.05,4,0.0,0.1,10,qiskit_aer,1,1,0.9051885937499999,0.5331768055555556,0.3333333333333333,0.0,0.0,1.0,0.0,0.0,0.09481140624999983,0.0011233153727951157,0.09540546874999983,0.0945296874999999,0.09568749999999981,0.09274687499999978,0.09274687499999978,1.0,0.5,1.0,0.0,0.0,0.0,0.0,0.0,0.06465771664295449,0.0011233153727951157,0.06525177914295449,0.06437599789295456,0.06553381039295447,0.06259318539295444,0.06259318539295444,1.0,1.0,0.0,0.0,0.0,0.0,0.0,1.0,0.07973456144647716,0.015403129778077394,0.07914034269647713,0.06452443539295455,0.09568749999999981,0.06339545101795449,0.06259318539295444,1.0,1.0,0.5,0.0,0.0,0.0,0.0,0.5,0.0,0.015076844803522671,0.1507684480352267,0.030153689607045342,0.030153689607045342,0.07973456144647716,0.015403129778077394,0.07914034269647713,0.06452443539295455,0.09568749999999981,0.06339545101795449,0.06259318539295444,1.0,1.0,0.5,0.0,0.0,0.0,0.0,0.5,0.0,0.015076844803522671,0.1507684480352267,0.030153689607045342,0.030153689607045342,0.07973456144647716,0.015403129778077394,0.07914034269647713,0.06452443539295455,0.09568749999999981,0.06339545101795449,0.06259318539295444,1.0,1.0,0.5,0.0,0.0,0.0,0.0,0.5,0.0,0.015076844803522671,0.1507684480352267,0.030153689607045342,0.030153689607045342,0.07973456144647716,0.015403129778077394,0.07914034269647713,0.06452443539295455,0.09568749999999981,0.06339545101795449,0.06259318539295444,1.0,1.0,0.5,0.0,0.0,0.0,0.0,0.5,0.0,0.015076844803522671,0.1507684480352267,0.030153689607045342,0.030153689607045342,1.0,0.5,0.5,0.5,0.5,0.0,0.5,0.5,0.0,0.5,0.5,0.0,0.5,0.5,0.0,0.5,0.5,0.0,0.5,0.0,0.5,0.5,0.5,0.5,0.5,0.0,0.0,0.0,0.0,0.5,0.5,1.0,1.0,1.0,0.5,1.0,1.0,1.0,1.0,1.0,1.0,5,0,0.0,0.0,0.5,0.0,0.0,0.0,0.0,0.0,0.0,0.0,0.0,1.0,0.0,0.0,0.0,0.0,0.0,0.46682319456519455,0.005995395292304329,0.005995395292304329,0.0,0.2,0.2,0,0,0,0,C1,0.0,0.0,0.07973456144647716,0.5,1.0,0.5,0.0,0.0,0.07973456144647716
phaseflip,dephasing,0.05,4,0.25,0.0,10,qiskit_aer,1,1,0.9051885937499999,0.643741306423611,0.2222222222222222,0.11111111111111113,0.0,1.0,0.0,0.9,0.09481140624999983,0.0011233153727951157,0.09540546874999983,0.0945296874999999,0.09568749999999981,0.09274687499999978,0.09274687499999978,1.0,0.6,1.0,0.0,0.0,0.0,0.0,0.0,0.06465771664295449,0.0011233153727951157,0.06525177914295449,0.06437599789295456,0.06553381039295447,0.06259318539295444,0.06259318539295444,1.0,1.0,0.0,0.0,0.0,0.0,0.0,1.0,0.08274993040718169,0.014687181829466293,0.09274687499999978,0.0651107635179545,0.09568749999999981,0.06437599789295456,0.06437599789295456,1.0,1.0,0.6,0.0,0.0,0.0,0.0,0.4,0.0,0.012061475842818137,0.12061475842818137,0.030153689607045342,0.030153689607045342,0.08274993040718169,0.014687181829466293,0.09274687499999978,0.0651107635179545,0.09568749999999981,0.06437599789295456,0.06437599789295456,1.0,1.0,0.6,0.0,0.0,0.0,0.0,0.4,0.0,0.012061475842818137,0.12061475842818137,0.030153689607045342,0.030153689607045342,0.08274993040718169,0.014687181829466293,0.09274687499999978,0.0651107635179545,0.09568749999999981,0.06437599789295456,0.06437599789295456,1.0,1.0,0.6,0.0,0.0,0.0,0.0,0.4,0.0,0.012061475842818137,0.12061475842818137,0.030153689607045342,0.030153689607045342,0.08274993040718169,0.014687181829466293,0.09274687499999978,0.0651107635179545,0.09568749999999981,0.06437599789295456,0.06437599789295456,1.0,1.0,0.6,0.0,0.0,0.0,0.0,0.4,0.0,0.012061475842818137,0.12061475842818137,0.030153689607045342,0.030153689607045342,1.0,0.4,0.4,0.4,0.4,0.0,0.4,0.6,0.0,0.4,0.6,0.0,0.4,0.6,0.0,0.4,0.6,0.0,0.4,0.0,0.4,0.4,0.4,0.4,0.4,0.0,0.0,0.0,0.0,0.4,0.4,1.0,1.0,1.0,0.4,1.0,1.0,1.0,1.0,1.0,1.0,4,0,0.0,0.0,0.4,0.0,0.0,0.0,0.0,0.0,0.0,0.0,0.0,1.0,0.0,0.0,0.0,0.0,0.0,0.15625869369596657,0.005995395292304323,0.005995395292304323,0.0,0.36111111111111116,0.36111111111111116,0,0,0,0,C1,0.0,0.0,0.08274993040718169,0.6,1.0,0.4,0.0,0.0,0.08274993040718169
phaseflip,dephasing,0.05,4,0.25,0.03,10,qiskit_aer,1,1,0.9051885937499999,0.5683476909722223,0.3,0.11111111111111113,0.0,1.0,0.0,0.9,0.09481140624999983,0.0011233153727951157,0.09540546874999983,0.0945296874999999,0.09568749999999981,0.09274687499999978,0.09274687499999978,1.0,0.7,1.0,0.0,0.0,0.0,0.0,0.0,0.06465771664295449,0.0011233153727951157,0.06525177914295449,0.06437599789295456,0.06553381039295447,0.06259318539295444,0.06259318539295444,1.0,1.0,0.0,0.0,0.0,0.0,0.0,1.0,0.08576529936788622,0.013795569537946003,0.09393515624999982,0.0723370765447158,0.09568749999999981,0.06437599789295456,0.06437599789295456,1.0,1.0,0.7,0.0,0.0,0.0,0.0,0.3,0.0,0.009046106882113603,0.09046106882113603,0.030153689607045342,0.030153689607045342,0.08576529936788622,0.013795569537946003,0.09393515624999982,0.0723370765447158,0.09568749999999981,0.06437599789295456,0.06437599789295456,1.0,1.0,0.7,0.0,0.0,0.0,0.0,0.3,0.0,0.009046106882113603,0.09046106882113603,0.030153689607045342,0.030153689607045342,0.08576529936788622,0.013795569537946003,0.09393515624999982,0.0723370765447158,0.09568749999999981,0.06437599789295456,0.06437599789295456,1.0,1.0,0.7,0.0,0.0,0.0,0.0,0.3,0.0,0.009046106882113603,0.09046106882113603,0.030153689607045342,0.030153689607045342,0.08576529936788622,0.013795569537946003,0.09393515624999982,0.0723370765447158,0.09568749999999981,0.06437599789295456,0.06437599789295456,1.0,1.0,0.7,0.0,0.0,0.0,0.0,0.3,0.0,0.009046106882113603,0.09046106882113603,0.030153689607045342,0.030153689607045342,1.0,0.3,0.3,0.3,0.3,0.0,0.3,0.7,0.0,0.3,0.7,0.0,0.3,0.7,0.0,0.3,0.7,0.0,0.3,0.0,0.3,0.3,0.3,0.3,0.3,0.0,0.0,0.0,0.0,0.3,0.3,1.0,1.0,1.0,0.3,1.0,1.0,1.0,1.0,1.0,1.0,3,0,0.0,0.0,0.3,0.0,0.0,0.0,0.0,0.0,0.0,0.0,0.0,1.0,0.0,0.0,0.0,0.0,0.0,0.03165230914805002,3.646469955012282e-17,3.646469955012282e-17,0.0,0.4211111111111112,0.4211111111111112,0,0,0,0,C1,0.0,0.0,0.08576529936788622,0.7,1.0,0.3,0.0,0.0,0.08576529936788622
phaseflip,dephasing,0.05,4,0.25,0.05,10,qiskit_aer,1,1,0.9051885937499999,0.5231117100694445,0.36666666666666664,0.11111111111111113,0.0,1.0,0.0,0.9,0.09481140624999983,0.0011233153727951157,0.09540546874999983,0.0945296874999999,0.09568749999999981,0.09274687499999978,0.09274687499999978,1.0,0.7,1.0,0.0,0.0,0.0,0.0,0.0,0.06465771664295449,0.0011233153727951157,0.06525177914295449,0.06437599789295456,0.06553381039295447,0.06259318539295444,0.06259318539295444,1.0,1.0,0.0,0.0,0.0,0.0,0.0,1.0,0.08576529936788622,0.013795569537946003,0.09393515624999982,0.0723370765447158,0.09568749999999981,0.06437599789295456,0.06437599789295456,1.0,1.0,0.7,0.0,0.0,0.0,0.0,0.3,0.0,0.009046106882113603,0.09046106882113603,0.030153689607045342,0.030153689607045342,0.08576529936788622,0.013795569537946003,0.09393515624999982,0.0723370765447158,0.09568749999999981,0.06437599789295456,0.06437599789295456,1.0,1.0,0.7,0.0,0.0,0.0,0.0,0.3,0.0,0.009046106882113603,0.09046106882113603,0.030153689607045342,0.030153689607045342,0.08576529936788622,0.013795569537946003,0.09393515624999982,0.0723370765447158,0.09568749999999981,0.06437599789295456,0.06437599789295456,1.0,1.0,0.7,0.0,0.0,0.0,0.0,0.3,0.0,0.009046106882113603,0.09046106882113603,0.030153689607045342,0.030153689607045342,0.08576529936788622,0.013795569537946003,0.09393515624999982,0.0723370765447158,0.09568749999999981,0.06437599789295456,0.06437599789295456,1.0,1.0,0.7,0.0,0.0,0.0,0.0,0.3,0.0,0.009046106882113603,0.09046106882113603,0.030153689607045342,0.030153689607045342,1.0,0.3,0.3,0.3,0.3,0.0,0.3,0.7,0.0,0.3,0.7,0.0,0.3,0.7,0.0,0.3,0.7,0.0,0.3,0.0,0.3,0.3,0.3,0.3,0.3,0.0,0.0,0.0,0.0,0.3,0.3,1.0,1.0,1.0,0.3,1.0,1.0,1.0,1.0,1.0,1.0,3,0,0.0,0.0,0.3,0.0,0.0,0.0,0.0,0.0,0.0,0.0,0.0,1.0,0.0,0.0,0.0,0.0,0.0,0.07688829004513638,1.666157491899939e-17,1.666157491899939e-17,0.0,0.46111111111111114,0.46111111111111114,0,0,0,0,C1,0.0,0.0,0.08576529936788622,0.7,1.0,0.3,0.0,0.0,0.08576529936788622
phaseflip,dephasing,0.05,4,0.25,0.1,10,qiskit_aer,1,1,0.9051885937499999,0.42509339409722224,0.5111111111111111,0.11111111111111113,0.0,1.0,0.0,0.9,0.09481140624999983,0.0011233153727951157,0.09540546874999983,0.0945296874999999,0.09568749999999981,0.09274687499999978,0.09274687499999978,1.0,0.7,1.0,0.0,0.0,0.0,0.0,0.0,0.06465771664295449,0.0011233153727951157,0.06525177914295449,0.06437599789295456,0.06553381039295447,0.06259318539295444,0.06259318539295444,1.0,1.0,0.0,0.0,0.0,0.0,0.0,1.0,0.08576529936788622,0.013795569537946003,0.09393515624999982,0.0723370765447158,0.09568749999999981,0.06437599789295456,0.06437599789295456,1.0,1.0,0.7,0.0,0.0,0.0,0.0,0.3,0.0,0.009046106882113603,0.09046106882113603,0.030153689607045342,0.030153689607045342,0.08576529936788622,0.013795569537946003,0.09393515624999982,0.0723370765447158,0.09568749999999981,0.06437599789295456,0.06437599789295456,1.0,1.0,0.7,0.0,0.0,0.0,0.0,0.3,0.0,0.009046106882113603,0.09046106882113603,0.030153689607045342,0.030153689607045342,0.08576529936788622,0.013795569537946003,0.09393515624999982,0.0723370765447158,0.09568749999999981,0.06437599789295456,0.06437599789295456,1.0,1.0,0.7,0.0,0.0,0.0,0.0,0.3,0.0,0.009046106882113603,0.09046106882113603,0.030153689607045342,0.030153689607045342,0.08576529936788622,0.013795569537946003,0.09393515624999982,0.0723370765447158,0.09568749999999981,0.06437599789295456,0.06437599789295456,1.0,1.0,0.7,0.0,0.0,0.0,0.0,0.3,0.0,0.009046106882113603,0.09046106882113603,0.030153689607045342,0.030153689607045342,1.0,0.3,0.3,0.3,0.3,0.0,0.3,0.7,0.0,0.3,0.7,0.0,0.3,0.7,0.0,0.3,0.7,0.0,0.3,0.0,0.3,0.3,0.3,0.3,0.3,0.0,0.0,0.0,0.0,0.3,0.3,1.0,1.0,1.0,0.3,1.0,1.0,1.0,1.0,1.0,1.0,3,0,0.0,0.0,0.3,0.0,0.0,0.0,0.0,0.0,0.0,0.0,0.0,1.0,0.0,0.0,0.0,0.0,0.0,0.17490660601812605,2.2489535576066832e-17,2.2489535576066832e-17,0.0,0.5611111111111111,0.5611111111111111,0,0,0,0,C1,0.0,0.0,0.08576529936788622,0.7,1.0,0.3,0.0,0.0,0.08576529936788622
phaseflip,dephasing,0.05,4,0.5,0.0,10,qiskit_aer,1,1,0.9051885937499999,0.5431316970486111,0.43333333333333335,0.21666666666666667,0.0,1.0,0.0,1.0,0.09481140624999983,0.0011233153727951157,0.09540546874999983,0.0945296874999999,0.09568749999999981,0.09274687499999978,0.09274687499999978,1.0,0.6,1.0,0.0,0.0,0.0,0.0,0.0,0.06465771664295449,0.0011233153727951157,0.06525177914295449,0.06437599789295456,0.06553381039295447,0.06259318539295444,0.06259318539295444,1.0,1.0,0.0,0.0,0.0,0.0,0.0,1.0,0.08274993040718169,0.014687181829466293,0.09274687499999978,0.0651107635179545,0.09568749999999981,0.06437599789295456,0.06437599789295456,1.0,1.0,0.6,0.0,0.0,0.0,0.0,0.4,0.0,0.012061475842818137,0.12061475842818137,0.030153689607045342,0.030153689607045342,0.08274993040718169,0.014687181829466293,0.09274687499999978,0.0651107635179545,0.09568749999999981,0.06437599789295456,0.06437599789295456,1.0,1.0,0.6,0.0,0.0,0.0,0.0,0.4,0.0,0.012061475842818137,0.12061475842818137,0.030153689607045342,0.030153689607045342,0.08274993040718169,0.014687181829466293,0.09274687499999978,0.0651107635179545,0.09568749999999981,0.06437599789295456,0.06437599789295456,1.0,1.0,0.6,0.0,0.0,0.0,0.0,0.4,0.0,0.012061475842818137,0.12061475842818137,0.030153689607045342,0.030153689607045342,0.08274993040718169,0.014687181829466293,0.09274687499999978,0.0651107635179545,0.09568749999999981,0.06437599789295456,0.06437599789295456,1.0,1.0,0.6,0.0,0.0,0.0,0.0,0.4,0.0,0.012061475842818137,0.12061475842818137,0.030153689607045342,0.030153689607045342,1.0,0.4,0.4,0.4,0.4,0.0,0.4,0.6,0.0,0.4,0.6,0.0,0.4,0.6,0.0,0.4,0.6,0.0,0.4,0.0,0.4,0.4,0.4,0.4,0.4,0.0,0.0,0.0,0.0,0.4,0.4,1.0,1.0,1.0,0.4,1.0,1.0,1.0,1.0,1.0,1.0,4,0,0.0,0.0,0.4,0.0,0.0,0.0,0.0,0.0,0.0,0.0,0.0,1.0,0.0,0.0,0.0,0.0,0.0,0.2568683030807296,0.015952612007339554,0.015952612007339554,0.0,0.7166666666666667,0.7166666666666667,0,0,0,0,C1,0.0,0.0,0.08274993040718169,0.6,1.0,0.4,0.0,0.0,0.08274993040718169
phaseflip,dephasing,0.05,4,0.5,0.03,10,qiskit_aer,1,1,0.9051885937499999,0.4828099565972222,0.4888888888888889,0.21666666666666667,0.0,1.0,0.0,1.0,0.09481140624999983,0.0011233153727951157,0.09540546874999983,0.0945296874999999,0.09568749999999981,0.09274687499999978,0.09274687499999978,1.0,0.7,1.0,0.0,0.0,0.0,0.0,0.0,0.06465771664295449,0.0011233153727951157,0.06525177914295449,0.06437599789295456,0.06553381039295447,0.06259318539295444,0.06259318539295444,1.0,1.0,0.0,0.0,0.0,0.0,0.0,1.0,0.08576529936788622,0.013795569537946003,0.09393515624999982,0.0723370765447158,0.09568749999999981,0.06437599789295456,0.06437599789295456,1.0,1.0,0.7,0.0,0.0,0.0,0.0,0.3,0.0,0.009046106882113603,0.09046106882113603,0.030153689607045342,0.030153689607045342,0.08576529936788622,0.013795569537946003,0.09393515624999982,0.0723370765447158,0.09568749999999981,0.06437599789295456,0.06437599789295456,1.0,1.0,0.7,0.0,0.0,0.0,0.0,0.3,0.0,0.009046106882113603,0.09046106882113603,0.030153689607045342,0.030153689607045342,0.08576529936788622,0.013795569537946003,0.09393515624999982,0.0723370765447158,0.09568749999999981,0.06437599789295456,0.06437599789295456,1.0,1.0,0.7,0.0,0.0,0.0,0.0,0.3,0.0,0.009046106882113603,0.09046106882113603,0.030153689607045342,0.030153689607045342,0.08576529936788622,0.013795569537946003,0.09393515624999982,0.0723370765447158,0.09568749999999981,0.06437599789295456,0.06437599789295456,1.0,1.0,0.7,0.0,0.0,0.0,0.0,0.3,0.0,0.009046106882113603,0.09046106882113603,0.030153689607045342,0.030153689607045342,1.0,0.3,0.3,0.3,0.3,0.0,0.3,0.7,0.0,0.3,0.7,0.0,0.3,0.7,0.0,0.3,0.7,0.0,0.3,0.0,0.3,0.3,0.3,0.3,0.3,0.0,0.0,0.0,0.0,0.3,0.3,1.0,1.0,1.0,0.3,1.0,1.0,1.0,1.0,1.0,1.0,3,0,0.0,0.0,0.3,0.0,0.0,0.0,0.0,0.0,0.0,0.0,0.0,1.0,0.0,0.0,0.0,0.0,0.0,0.11719004352801748,3.646469955012282e-17,3.646469955012282e-17,0.0,0.7766666666666667,0.7766666666666667,0,0,0,0,C1,0.0,0.0,0.08576529936788622,0.7,1.0,0.3,0.0,0.0,0.08576529936788622
phaseflip,dephasing,0.05,4,0.5,0.05,10,qiskit_aer,1,1,0.9051885937499999,0.4300135329861111,0.5444444444444444,0.21666666666666667,0.0,1.0,0.0,1.0,0.09481140624999983,0.0011233153727951157,0.09540546874999983,0.0945296874999999,0.09568749999999981,0.09274687499999978,0.09274687499999978,1.0,0.6,1.0,0.0,0.0,0.0,0.0,0.0,0.06465771664295449,0.0011233153727951157,0.06525177914295449,0.06437599789295456,0.06553381039295447,0.06259318539295444,0.06259318539295444,1.0,1.0,0.0,0.0,0.0,0.0,0.0,1.0,0.08274993040718169,0.014687181829466293,0.09274687499999978,0.0651107635179545,0.09568749999999981,0.06437599789295456,0.06437599789295456,1.0,1.0,0.6,0.0,0.0,0.0,0.0,0.4,0.0,0.012061475842818137,0.12061475842818137,0.030153689607045342,0.030153689607045342,0.08274993040718169,0.014687181829466293,0.09274687499999978,0.0651107635179545,0.09568749999999981,0.06437599789295456,0.06437599789295456,1.0,1.0,0.6,0.0,0.0,0.0,0.0,0.4,0.0,0.012061475842818137,0.12061475842818137,0.030153689607045342,0.030153689607045342,0.08274993040718169,0.014687181829466293,0.09274687499999978,0.0651107635179545,0.09568749999999981,0.06437599789295456,0.06437599789295456,1.0,1.0,0.6,0.0,0.0,0.0,0.0,0.4,0.0,0.012061475842818137,0.12061475842818137,0.030153689607045342,0.030153689607045342,0.08274993040718169,0.014687181829466293,0.09274687499999978,0.0651107635179545,0.09568749999999981,0.06437599789295456,0.06437599789295456,1.0,1.0,0.6,0.0,0.0,0.0,0.0,0.4,0.0,0.012061475842818137,0.12061475842818137,0.030153689607045342,0.030153689607045342,1.0,0.4,0.4,0.4,0.4,0.0,0.4,0.6,0.0,0.4,0.6,0.0,0.4,0.6,0.0,0.4,0.6,0.0,0.4,0.0,0.4,0.4,0.4,0.4,0.4,0.0,0.0,0.0,0.0,0.4,0.4,1.0,1.0,1.0,0.4,1.0,1.0,1.0,1.0,1.0,1.0,4,0,0.0,0.0,0.4,0.0,0.0,0.0,0.0,0.0,0.0,0.0,0.0,1.0,0.0,0.0,0.0,0.0,0.0,0.3699864671270676,0.004647966849674839,0.004647966849674839,0.0,0.8166666666666668,0.8166666666666668,0,0,0,0,C1,0.0,0.0,0.08274993040718169,0.6,1.0,0.4,0.0,0.0,0.08274993040718169
phaseflip,dephasing,0.05,4,0.5,0.1,10,qiskit_aer,1,1,0.9051885937499999,0.34706387586805554,0.6555555555555556,0.21666666666666667,0.0,1.0,0.0,1.0,0.09481140624999983,0.0011233153727951157,0.09540546874999983,0.0945296874999999,0.09568749999999981,0.09274687499999978,0.09274687499999978,1.0,0.6,1.0,0.0,0.0,0.0,0.0,0.0,0.06465771664295449,0.0011233153727951157,0.06525177914295449,0.06437599789295456,0.06553381039295447,0.06259318539295444,0.06259318539295444,1.0,1.0,0.0,0.0,0.0,0.0,0.0,1.0,0.08274993040718169,0.014687181829466293,0.09274687499999978,0.0651107635179545,0.09568749999999981,0.06437599789295456,0.06437599789295456,1.0,1.0,0.6,0.0,0.0,0.0,0.0,0.4,0.0,0.012061475842818137,0.12061475842818137,0.030153689607045342,0.030153689607045342,0.08274993040718169,0.014687181829466293,0.09274687499999978,0.0651107635179545,0.09568749999999981,0.06437599789295456,0.06437599789295456,1.0,1.0,0.6,0.0,0.0,0.0,0.0,0.4,0.0,0.012061475842818137,0.12061475842818137,0.030153689607045342,0.030153689607045342,0.08274993040718169,0.014687181829466293,0.09274687499999978,0.0651107635179545,0.09568749999999981,0.06437599789295456,0.06437599789295456,1.0,1.0,0.6,0.0,0.0,0.0,0.0,0.4,0.0,0.012061475842818137,0.12061475842818137,0.030153689607045342,0.030153689607045342,0.08274993040718169,0.014687181829466293,0.09274687499999978,0.0651107635179545,0.09568749999999981,0.06437599789295456,0.06437599789295456,1.0,1.0,0.6,0.0,0.0,0.0,0.0,0.4,0.0,0.012061475842818137,0.12061475842818137,0.030153689607045342,0.030153689607045342,1.0,0.4,0.4,0.4,0.4,0.0,0.4,0.6,0.0,0.4,0.6,0.0,0.4,0.6,0.0,0.4,0.6,0.0,0.4,0.0,0.4,0.4,0.4,0.4,0.4,0.0,0.0,0.0,0.0,0.4,0.4,1.0,1.0,0.9,0.4,1.0,1.0,1.0,1.0,1.0,1.0,4,0,0.0,0.0,0.4,0.0,0.0,0.0,0.0,0.0,0.0,0.0,0.0,1.0,0.0,0.0,0.0,0.0,0.0,0.4529361242451232,0.004647966849674845,0.004647966849674845,0.0,0.9133333333333333,0.9166666666666666,0,0,0,0,C1,0.0,0.0,0.08274993040718169,0.6,1.0,0.4,0.0,0.0,0.08274993040718169
phaseflip,dephasing,0.05,4,0.75,0.0,10,qiskit_aer,1,1,0.9051885937499999,0.4048550564236111,0.7,0.35,0.0,1.0,0.0,1.0,0.09481140624999983,0.0011233153727951157,0.09540546874999983,0.0945296874999999,0.09568749999999981,0.09274687499999978,0.09274687499999978,1.0,0.6,1.0,0.0,0.0,0.0,0.0,0.0,0.06465771664295449,0.0011233153727951157,0.06525177914295449,0.06437599789295456,0.06553381039295447,0.06259318539295444,0.06259318539295444,1.0,1.0,0.0,0.0,0.0,0.0,0.0,1.0,0.08274993040718169,0.014687181829466293,0.09274687499999978,0.0651107635179545,0.09568749999999981,0.06437599789295456,0.06437599789295456,1.0,1.0,0.6,0.0,0.0,0.0,0.0,0.4,0.0,0.012061475842818137,0.12061475842818137,0.030153689607045342,0.030153689607045342,0.08274993040718169,0.014687181829466293,0.09274687499999978,0.0651107635179545,0.09568749999999981,0.06437599789295456,0.06437599789295456,1.0,1.0,0.6,0.0,0.0,0.0,0.0,0.4,0.0,0.012061475842818137,0.12061475842818137,0.030153689607045342,0.030153689607045342,0.08274993040718169,0.014687181829466293,0.09274687499999978,0.0651107635179545,0.09568749999999981,0.06437599789295456,0.06437599789295456,1.0,1.0,0.6,0.0,0.0,0.0,0.0,0.4,0.0,0.012061475842818137,0.12061475842818137,0.030153689607045342,0.030153689607045342,0.09481140624999983,0.0011233153727951157,0.09540546874999983,0.0945296874999999,0.09568749999999981,0.09274687499999978,0.09274687499999978,1.0,0.6,1.0,0.0,0.0,0.0,0.0,0.0,2.639434869892044e-17,0.0,0.0,0.0,0.0,1.0,0.4,0.4,0.4,0.0,0.4,0.4,0.6,0.0,0.4,0.6,0.0,0.4,0.6,0.0,0.0,1.0,0.0,0.4,0.0,0.4,0.4,0.0,0.4,0.4,0.4,0.0,0.0,0.0,0.4,0.4,1.0,1.0,0.0,0.0,1.0,1.0,1.0,1.0,0.0,0.0,4,4,0.4,1.0,0.4,0.0,0.4,0.0,1.0,0.0,1.0,1.0,0.0,1.0,0.12061475842818137,0.0,0.12061475842818137,0.012061475842818137,0.12061475842818137,0.3951449436959503,2.639434869892044e-17,2.639434869892044e-17,0.0,1.0,1.1,0,0,0,4,C3R,0.0,0.0,0.09481140624999983,1.0,1.0,0.0,0.0,0.0,0.09481140624999983
phaseflip,dephasing,0.05,4,0.75,0.03,10,qiskit_aer,1,1,0.9051885937499999,0.3596051909722222,0.7333333333333333,0.35,0.0,1.0,0.0,1.0,0.09481140624999983,0.0011233153727951157,0.09540546874999983,0.0945296874999999,0.09568749999999981,0.09274687499999978,0.09274687499999978,1.0,0.7,1.0,0.0,0.0,0.0,0.0,0.0,0.06465771664295449,0.0011233153727951157,0.06525177914295449,0.06437599789295456,0.06553381039295447,0.06259318539295444,0.06259318539295444,1.0,1.0,0.0,0.0,0.0,0.0,0.0,1.0,0.08576529936788622,0.013795569537946003,0.09393515624999982,0.0723370765447158,0.09568749999999981,0.06437599789295456,0.06437599789295456,1.0,1.0,0.7,0.0,0.0,0.0,0.0,0.3,0.0,0.009046106882113603,0.09046106882113603,0.030153689607045342,0.030153689607045342,0.08576529936788622,0.013795569537946003,0.09393515624999982,0.0723370765447158,0.09568749999999981,0.06437599789295456,0.06437599789295456,1.0,1.0,0.7,0.0,0.0,0.0,0.0,0.3,0.0,0.009046106882113603,0.09046106882113603,0.030153689607045342,0.030153689607045342,0.08576529936788622,0.013795569537946003,0.09393515624999982,0.0723370765447158,0.09568749999999981,0.06437599789295456,0.06437599789295456,1.0,1.0,0.7,0.0,0.0,0.0,0.0,0.3,0.0,0.009046106882113603,0.09046106882113603,0.030153689607045342,0.030153689607045342,0.09481140624999983,0.0011233153727951157,0.09540546874999983,0.0945296874999999,0.09568749999999981,0.09274687499999978,0.09274687499999978,1.0,0.7,1.0,0.0,0.0,0.0,0.0,0.0,1.666157491899939e-17,0.0,0.0,0.0,0.0,1.0,0.3,0.3,0.3,0.0,0.3,0.3,0.7,0.0,0.3,0.7,0.0,0.3,0.7,0.0,0.0,1.0,0.0,0.3,0.0,0.3,0.3,0.0,0.3,0.3,0.3,0.0,0.0,0.0,0.3,0.3,1.0,1.0,0.0,0.0,1.0,1.0,1.0,1.0,0.0,0.0,3,3,0.3,1.0,0.3,0.0,0.3,0.0,1.0,0.0,1.0,1.0,0.0,1.0,0.09046106882113603,0.0,0.09046106882113603,0.009046106882113603,0.09046106882113603,0.24039480913820044,1.666157491899939e-17,1.666157491899939e-17,0.0,1.0,1.1600000000000001,0,0,0,3,C3R,0.0,0.0,0.09481140624999983,1.0,1.0,0.0,0.0,0.0,0.09481140624999983
phaseflip,dephasing,0.05,4,0.75,0.05,10,qiskit_aer,1,1,0.9051885937499999,0.3143543532986111,0.7777777777777778,0.35,0.0,1.0,0.0,1.0,0.09481140624999983,0.0011233153727951157,0.09540546874999983,0.0945296874999999,0.09568749999999981,0.09274687499999978,0.09274687499999978,1.0,0.6,1.0,0.0,0.0,0.0,0.0,0.0,0.06465771664295449,0.0011233153727951157,0.06525177914295449,0.06437599789295456,0.06553381039295447,0.06259318539295444,0.06259318539295444,1.0,1.0,0.0,0.0,0.0,0.0,0.0,1.0,0.08274993040718169,0.014687181829466293,0.09274687499999978,0.0651107635179545,0.09568749999999981,0.06437599789295456,0.06437599789295456,1.0,1.0,0.6,0.0,0.0,0.0,0.0,0.4,0.0,0.012061475842818137,0.12061475842818137,0.030153689607045342,0.030153689607045342,0.08274993040718169,0.014687181829466293,0.09274687499999978,0.0651107635179545,0.09568749999999981,0.06437599789295456,0.06437599789295456,1.0,1.0,0.6,0.0,0.0,0.0,0.0,0.4,0.0,0.012061475842818137,0.12061475842818137,0.030153689607045342,0.030153689607045342,0.08274993040718169,0.014687181829466293,0.09274687499999978,0.0651107635179545,0.09568749999999981,0.06437599789295456,0.06437599789295456,1.0,1.0,0.6,0.0,0.0,0.0,0.0,0.4,0.0,0.012061475842818137,0.12061475842818137,0.030153689607045342,0.030153689607045342,0.09481140624999983,0.0011233153727951157,0.09540546874999983,0.0945296874999999,0.09568749999999981,0.09274687499999978,0.09274687499999978,1.0,0.6,1.0,0.0,0.0,0.0,0.0,0.0,0.0040777214410733405,0.0,0.0,0.0,0.0,1.0,0.4,0.4,0.4,0.0,0.4,0.4,0.6,0.0,0.4,0.6,0.0,0.4,0.6,0.0,0.0,1.0,0.0,0.4,0.0,0.4,0.4,0.0,0.4,0.4,0.4,0.0,0.0,0.0,0.4,0.4,1.0,1.0,0.0,0.0,1.0,1.0,1.0,1.0,0.0,0.0,4,4,0.4,1.0,0.4,0.0,0.4,0.0,1.0,0.0,1.0,1.0,0.0,1.0,0.12061475842818137,0.0,0.12061475842818137,0.012061475842818137,0.12061475842818137,0.48564564682591793,0.0040777214410733405,0.0040777214410733405,0.0,1.0,1.2000000000000002,0,0,0,4,C3R,0.0,0.0,0.09481140624999983,1.0,1.0,0.0,0.0,0.0,0.09481140624999983
phaseflip,dephasing,0.05,4,0.75,0.1,10,qiskit_aer,1,1,0.9051885937499999,0.2565517013888889,0.8555555555555555,0.35,0.0,1.0,0.0,1.0,0.09481140624999983,0.0011233153727951157,0.09540546874999983,0.0945296874999999,0.09568749999999981,0.09274687499999978,0.09274687499999978,1.0,0.7,1.0,0.0,0.0,0.0,0.0,0.0,0.06465771664295449,0.0011233153727951157,0.06525177914295449,0.06437599789295456,0.06553381039295447,0.06259318539295444,0.06259318539295444,1.0,1.0,0.0,0.0,0.0,0.0,0.0,1.0,0.08576529936788622,0.013795569537946003,0.09393515624999982,0.0723370765447158,0.09568749999999981,0.06437599789295456,0.06437599789295456,1.0,1.0,0.7,0.0,0.0,0.0,0.0,0.3,0.0,0.009046106882113603,0.09046106882113603,0.030153689607045342,0.030153689607045342,0.08576529936788622,0.013795569537946003,0.09393515624999982,0.0723370765447158,0.09568749999999981,0.06437599789295456,0.06437599789295456,1.0,1.0,0.7,0.0,0.0,0.0,0.0,0.3,0.0,0.009046106882113603,0.09046106882113603,0.030153689607045342,0.030153689607045342,0.08576529936788622,0.013795569537946003,0.09393515624999982,0.0723370765447158,0.09568749999999981,0.06437599789295456,0.06437599789295456,1.0,1.0,0.7,0.0,0.0,0.0,0.0,0.3,0.0,0.009046106882113603,0.09046106882113603,0.030153689607045342,0.030153689607045342,0.09481140624999983,0.0011233153727951157,0.09540546874999983,0.0945296874999999,0.09568749999999981,0.09274687499999978,0.09274687499999978,1.0,0.7,1.0,0.0,0.0,0.0,0.0,0.0,1.666157491899939e-17,0.0,0.0,0.0,0.0,1.0,0.3,0.3,0.3,0.0,0.3,0.3,0.7,0.0,0.3,0.7,0.0,0.3,0.7,0.0,0.0,1.0,0.0,0.3,0.0,0.3,0.3,0.0,0.3,0.3,0.3,0.0,0.0,0.0,0.3,0.3,1.0,1.0,0.0,0.0,1.0,1.0,1.0,1.0,0.0,0.0,3,3,0.3,1.0,0.3,0.0,0.3,0.0,1.0,0.0,1.0,1.0,0.0,1.0,0.09046106882113603,0.0,0.09046106882113603,0.009046106882113603,0.09046106882113603,0.3434482987243059,1.666157491899939e-17,1.666157491899939e-17,0.0,1.0,1.3,0,0,0,3,C3R,0.0,0.0,0.09481140624999983,1.0,1.0,0.0,0.0,0.0,0.09481140624999983
phaseflip,dephasing,0.05,4,1.0,0.0,10,qiskit_aer,1,1,0.9051885937499999,0.20869695746527778,1.0,0.5,0.0,1.0,0.0,1.0,0.09481140624999983,0.0011233153727951157,0.09540546874999983,0.0945296874999999,0.09568749999999981,0.09274687499999978,0.09274687499999978,1.0,0.6,1.0,0.0,0.0,0.0,0.0,0.0,0.06465771664295449,0.0011233153727951157,0.06525177914295449,0.06437599789295456,0.06553381039295447,0.06259318539295444,0.06259318539295444,1.0,1.0,0.0,0.0,0.0,0.0,0.0,1.0,0.08274993040718169,0.014687181829466293,0.09274687499999978,0.0651107635179545,0.09568749999999981,0.06437599789295456,0.06437599789295456,1.0,1.0,0.6,0.0,0.0,0.0,0.0,0.4,0.0,0.012061475842818137,0.12061475842818137,0.030153689607045342,0.030153689607045342,0.08274993040718169,0.014687181829466293,0.09274687499999978,0.0651107635179545,0.09568749999999981,0.06437599789295456,0.06437599789295456,1.0,1.0,0.6,0.0,0.0,0.0,0.0,0.4,0.0,0.012061475842818137,0.12061475842818137,0.030153689607045342,0.030153689607045342,0.08274993040718169,0.014687181829466293,0.09274687499999978,0.0651107635179545,0.09568749999999981,0.06437599789295456,0.06437599789295456,1.0,1.0,0.6,0.0,0.0,0.0,0.0,0.4,0.0,0.012061475842818137,0.12061475842818137,0.030153689607045342,0.030153689607045342,0.09481140624999983,0.0011233153727951157,0.09540546874999983,0.0945296874999999,0.09568749999999981,0.09274687499999978,0.09274687499999978,1.0,0.6,1.0,0.0,0.0,0.0,0.0,0.0,3.4014252005289656e-17,0.0,0.0,0.0,0.0,1.0,0.4,0.4,0.4,0.0,0.4,0.4,0.6,0.0,0.4,0.6,0.0,0.4,0.6,0.0,0.0,1.0,0.0,0.4,0.0,0.4,0.4,0.0,0.4,0.4,0.4,0.0,0.0,0.0,0.4,0.4,1.0,1.0,0.0,0.0,1.0,1.0,1.0,1.0,0.0,0.0,4,4,0.4,1.0,0.4,0.0,0.4,0.0,1.0,0.0,1.0,1.0,0.0,1.0,0.12061475842818137,0.0,0.12061475842818137,0.012061475842818137,0.12061475842818137,0.5913030426549911,3.4014252005289656e-17,3.4014252005289656e-17,0.0,1.0,1.5,0,0,0,4,C3R,0.0,0.0,0.09481140624999983,1.0,1.0,0.0,0.0,0.0,0.09481140624999983
phaseflip,dephasing,0.05,4,1.0,0.03,10,qiskit_aer,1,1,0.9051885937499999,0.18607940972222223,1.0,0.5,0.0,1.0,0.0,1.0,0.09481140624999983,0.0011233153727951157,0.09540546874999983,0.0945296874999999,0.09568749999999981,0.09274687499999978,0.09274687499999978,1.0,0.6,1.0,0.0,0.0,0.0,0.0,0.0,0.06465771664295449,0.0011233153727951157,0.06525177914295449,0.06437599789295456,0.06553381039295447,0.06259318539295444,0.06259318539295444,1.0,1.0,0.0,0.0,0.0,0.0,0.0,1.0,0.08274993040718169,0.014687181829466293,0.09274687499999978,0.0651107635179545,0.09568749999999981,0.06437599789295456,0.06437599789295456,1.0,1.0,0.6,0.0,0.0,0.0,0.0,0.4,0.0,0.012061475842818137,0.12061475842818137,0.030153689607045342,0.030153689607045342,0.08274993040718169,0.014687181829466293,0.09274687499999978,0.0651107635179545,0.09568749999999981,0.06437599789295456,0.06437599789295456,1.0,1.0,0.6,0.0,0.0,0.0,0.0,0.4,0.0,0.012061475842818137,0.12061475842818137,0.030153689607045342,0.030153689607045342,0.08274993040718169,0.014687181829466293,0.09274687499999978,0.0651107635179545,0.09568749999999981,0.06437599789295456,0.06437599789295456,1.0,1.0,0.6,0.0,0.0,0.0,0.0,0.4,0.0,0.012061475842818137,0.12061475842818137,0.030153689607045342,0.030153689607045342,0.09481140624999983,0.0011233153727951157,0.09540546874999983,0.0945296874999999,0.09568749999999981,0.09274687499999978,0.09274687499999978,1.0,0.6,1.0,0.0,0.0,0.0,0.0,0.0,0.004077721441073336,0.0,0.0,0.0,0.0,1.0,0.4,0.4,0.4,0.0,0.4,0.4,0.6,0.0,0.4,0.6,0.0,0.4,0.6,0.0,0.0,1.0,0.0,0.4,0.0,0.4,0.4,0.0,0.4,0.4,0.4,0.0,0.0,0.0,0.4,0.4,1.0,1.0,0.0,0.0,1.0,1.0,1.0,1.0,0.0,0.0,4,4,0.4,1.0,0.4,0.0,0.4,0.0,1.0,0.0,1.0,1.0,0.0,1.0,0.12061475842818137,0.0,0.12061475842818137,0.012061475842818137,0.12061475842818137,0.613920590396219,0.004077721441073336,0.004077721441073336,0.0,1.0,1.56,0,0,0,4,C3R,0.0,0.0,0.09481140624999983,1.0,1.0,0.0,0.0,0.0,0.09481140624999983
phaseflip,dephasing,0.05,4,1.0,0.05,10,qiskit_aer,1,1,0.9051885937499999,0.1735082986111111,1.0,0.5,0.0,1.0,0.0,1.0,0.09481140624999983,0.0011233153727951157,0.09540546874999983,0.0945296874999999,0.09568749999999981,0.09274687499999978,0.09274687499999978,1.0,0.7,1.0,0.0,0.0,0.0,0.0,0.0,0.06465771664295449,0.0011233153727951157,0.06525177914295449,0.06437599789295456,0.06553381039295447,0.06259318539295444,0.06259318539295444,1.0,1.0,0.0,0.0,0.0,0.0,0.0,1.0,0.08576529936788622,0.013795569537946003,0.09393515624999982,0.0723370765447158,0.09568749999999981,0.06437599789295456,0.06437599789295456,1.0,1.0,0.7,0.0,0.0,0.0,0.0,0.3,0.0,0.009046106882113603,0.09046106882113603,0.030153689607045342,0.030153689607045342,0.08576529936788622,0.013795569537946003,0.09393515624999982,0.0723370765447158,0.09568749999999981,0.06437599789295456,0.06437599789295456,1.0,1.0,0.7,0.0,0.0,0.0,0.0,0.3,0.0,0.009046106882113603,0.09046106882113603,0.030153689607045342,0.030153689607045342,0.08576529936788622,0.013795569537946003,0.09393515624999982,0.0723370765447158,0.09568749999999981,0.06437599789295456,0.06437599789295456,1.0,1.0,0.7,0.0,0.0,0.0,0.0,0.3,0.0,0.009046106882113603,0.09046106882113603,0.030153689607045342,0.030153689607045342,0.09481140624999983,0.0011233153727951157,0.09540546874999983,0.0945296874999999,0.09568749999999981,0.09274687499999978,0.09274687499999978,1.0,0.7,1.0,0.0,0.0,0.0,0.0,0.0,1.5941990062732434e-17,0.0,0.0,0.0,0.0,1.0,0.3,0.3,0.3,0.0,0.3,0.3,0.7,0.0,0.3,0.7,0.0,0.3,0.7,0.0,0.0,1.0,0.0,0.3,0.0,0.3,0.3,0.0,0.3,0.3,0.3,0.0,0.0,0.0,0.3,0.3,1.0,1.0,0.0,0.0,1.0,1.0,1.0,1.0,0.0,0.0,3,3,0.3,1.0,0.3,0.0,0.3,0.0,1.0,0.0,1.0,1.0,0.0,1.0,0.09046106882113603,0.0,0.09046106882113603,0.009046106882113603,0.09046106882113603,0.42649170150493204,1.5941990062732434e-17,1.5941990062732434e-17,0.0,1.0,1.6,0,0,0,3,C3R,0.0,0.0,0.09481140624999983,1.0,1.0,0.0,0.0,0.0,0.09481140624999983
phaseflip,dephasing,0.05,4,1.0,0.1,10,qiskit_aer,1,1,0.9051885937499999,0.1559116623263889,1.0,0.5,0.0,1.0,0.0,1.0,0.09481140624999983,0.0011233153727951157,0.09540546874999983,0.0945296874999999,0.09568749999999981,0.09274687499999978,0.09274687499999978,1.0,0.7,1.0,0.0,0.0,0.0,0.0,0.0,0.06465771664295449,0.0011233153727951157,0.06525177914295449,0.06437599789295456,0.06553381039295447,0.06259318539295444,0.06259318539295444,1.0,1.0,0.0,0.0,0.0,0.0,0.0,1.0,0.08576529936788622,0.013795569537946003,0.09393515624999982,0.0723370765447158,0.09568749999999981,0.06437599789295456,0.06437599789295456,1.0,1.0,0.7,0.0,0.0,0.0,0.0,0.3,0.0,0.009046106882113603,0.09046106882113603,0.030153689607045342,0.030153689607045342,0.08576529936788622,0.013795569537946003,0.09393515624999982,0.0723370765447158,0.09568749999999981,0.06437599789295456,0.06437599789295456,1.0,1.0,0.7,0.0,0.0,0.0,0.0,0.3,0.0,0.009046106882113603,0.09046106882113603,0.030153689607045342,0.030153689607045342,0.08576529936788622,0.013795569537946003,0.09393515624999982,0.0723370765447158,0.09568749999999981,0.06437599789295456,0.06437599789295456,1.0,1.0,0.7,0.0,0.0,0.0,0.0,0.3,0.0,0.009046106882113603,0.09046106882113603,0.030153689607045342,0.030153689607045342,0.09481140624999983,0.0011233153727951157,0.09540546874999983,0.0945296874999999,0.09568749999999981,0.09274687499999978,0.09274687499999978,1.0,0.7,1.0,0.0,0.0,0.0,0.0,0.0,0.0013474284426294998,0.0,0.0,0.0,0.0,1.0,0.3,0.3,0.3,0.0,0.3,0.3,0.7,0.0,0.3,0.7,0.0,0.3,0.7,0.0,0.0,1.0,0.0,0.3,0.0,0.3,0.3,0.0,0.3,0.3,0.3,0.0,0.0,0.0,0.3,0.3,1.0,1.0,0.0,0.0,1.0,1.0,1.0,1.0,0.0,0.0,3,3,0.3,1.0,0.3,0.0,0.3,0.0,1.0,0.0,1.0,1.0,0.0,1.0,0.09046106882113603,0.0,0.09046106882113603,0.009046106882113603,0.09046106882113603,0.44408833779605317,0.0013474284426294998,0.0013474284426294998,0.0,1.0,1.7000000000000002,0,0,0,3,C3R,0.0,0.0,0.09481140624999983,1.0,1.0,0.0,0.0,0.0,0.09481140624999983
phaseflip,dephasing,0.1,2,0.0,0.0,10,qiskit_aer,1,1,0.9039999999999999,0.9039999999999999,0.0,0.0,1.0,1.0,0.0,0.0,0.0959999999999998,0.0012247448713915085,0.09499999999999986,0.09499999999999986,0.0974999999999997,0.09499999999999986,0.09499999999999986,1.0,0.8,1.0,0.2,0.0,0.0,0.0,0.0,0.06584631039295445,0.0012247448713915085,0.06484631039295452,0.06484631039295452,0.06734631039295436,0.06484631039295452,0.06484631039295452,1.0,1.0,0.0,0.0,0.0,1.0,1.0,1.0,0.06584631039295445,0.0012247448713915085,0.06484631039295452,0.06484631039295452,0.06734631039295436,0.06484631039295452,0.06484631039295452,1.0,1.0,0.0,0.0,0.0,1.0,1.0,1.0,0.0,0.030153689607045342,0.3015368960704534,0.030153689607045342,0.030153689607045342,0.08996926207859073,0.01135284042619552,0.09499999999999986,0.09499999999999986,0.09499999999999986,0.06734631039295436,0.06734631039295436,1.0,1.0,0.8,0.0,0.0,0.2,0.2,0.2,0.0,0.006030737921409068,0.060307379214090684,0.030153689607045342,0.030153689607045342,0.08996926207859073,0.01135284042619552,0.09499999999999986,0.09499999999999986,0.09499999999999986,0.06734631039295436,0.06734631039295436,1.0,1.0,0.8,0.0,0.0,0.2,0.2,0.2,0.0,0.006030737921409068,0.060307379214090684,0.030153689607045342,0.030153689607045342,0.08996926207859073,0.01135284042619552,0.09499999999999986,0.09499999999999986,0.09499999999999986,0.06734631039295436,0.06734631039295436,1.0,1.0,0.8,0.0,0.0,0.2,0.2,0.2,0.0,0.006030737921409068,0.060307379214090684,0.030153689607045342,0.030153689607045342,1.0,1.0,0.2,0.2,0.2,0.0,1.0,0.0,1.0,0.2,1.0,1.0,0.2,1.0,1.0,0.2,1.0,1.0,0.2,0.8,0.2,0.2,0.2,0.2,0.2,0.0,0.0,0.0,0.0,0.2,0.2,1.0,1.0,1.0,0.2,1.0,1.0,1.0,1.0,1.0,1.0,2,0,0.0,0.0,0.2,0.0,0.0,0.0,0.0,0.0,0.0,0.0,0.0,1.0,0.0,0.0,0.0,0.0,0.0,-0.5039999998732057,0.008495877083870586,0.008495877083870586,0.0,0.0,0.0,0,0,0,0,C2,0.0,0.0,0.08996926207859073,0.8,1.0,0.2,0.0,0.0,0.08996926207859073
phaseflip,dephasing,0.1,2,0.0,0.03,10,qiskit_aer,1,1,0.9039999999999999,0.5925555555555555,0.17777777777777776,0.0,0.0,1.0,0.0,0.0,0.0959999999999998,0.0012247448713915085,0.09499999999999986,0.09499999999999986,0.0974999999999997,0.09499999999999986,0.09499999999999986,1.0,0.8,1.0,0.0,0.0,0.0,0.0,0.0,0.06584631039295445,0.0012247448713915085,0.06484631039295452,0.06484631039295452,0.06734631039295436,0.06484631039295452,0.06484631039295452,1.0,1.0,0.0,0.0,0.0,0.0,0.0,1.0,0.08996926207859073,0.01135284042619552,0.09499999999999986,0.09499999999999986,0.09499999999999986,0.06734631039295436,0.06734631039295436,1.0,1.0,0.8,0.0,0.0,0.0,0.0,0.2,0.0,0.006030737921409068,0.060307379214090684,0.030153689607045342,0.030153689607045342,0.08996926207859073,0.01135284042619552,0.09499999999999986,0.09499999999999986,0.09499999999999986,0.06734631039295436,0.06734631039295436,1.0,1.0,0.8,0.0,0.0,0.0,0.0,0.2,0.0,0.006030737921409068,0.060307379214090684,0.030153689607045342,0.030153689607045342,0.08996926207859073,0.01135284042619552,0.09499999999999986,0.09499999999999986,0.09499999999999986,0.06734631039295436,0.06734631039295436,1.0,1.0,0.8,0.0,0.0,0.0,0.0,0.2,0.0,0.006030737921409068,0.060307379214090684,0.030153689607045342,0.030153689607045342,0.08996926207859073,0.01135284042619552,0.09499999999999986,0.09499999999999986,0.09499999999999986,0.06734631039295436,0.06734631039295436,1.0,1.0,0.8,0.0,0.0,0.0,0.0,0.2,0.0,0.006030737921409068,0.060307379214090684,0.030153689607045342,0.030153689607045342,1.0,0.2,0.2,0.2,0.2,0.0,0.2,0.8,0.0,0.2,0.8,0.0,0.2,0.8,0.0,0.2,0.8,0.0,0.2,0.0,0.2,0.2,0.2,0.2,0.2,0.0,0.0,0.0,0.0,0.2,0.2,1.0,1.0,1.0,0.2,1.0,1.0,1.0,1.0,1.0,1.0,2,0,0.0,0.0,0.2,0.0,0.0,0.0,0.0,0.0,0.0,0.0,0.0,1.0,0.0,0.0,0.0,0.0,0.0,-0.19255555543350591,0.0003539416742845664,0.0003539416742845664,0.0,0.06,0.06,0,0,0,0,C1,0.0,0.0,0.08996926207859073,0.8,1.0,0.2,0.0,0.0,0.08996926207859073
phaseflip,dephasing,0.1,2,0.0,0.05,10,qiskit_aer,1,1,0.9039999999999999,0.5424166666666667,0.25555555555555554,0.0,0.0,1.0,0.0,0.0,0.0959999999999998,0.0012247448713915085,0.09499999999999986,0.09499999999999986,0.0974999999999997,0.09499999999999986,0.09499999999999986,1.0,0.8,1.0,0.0,0.0,0.0,0.0,0.0,0.06584631039295445,0.0012247448713915085,0.06484631039295452,0.06484631039295452,0.06734631039295436,0.06484631039295452,0.06484631039295452,1.0,1.0,0.0,0.0,0.0,0.0,0.0,1.0,0.08996926207859073,0.01135284042619552,0.09499999999999986,0.09499999999999986,0.09499999999999986,0.06734631039295436,0.06734631039295436,1.0,1.0,0.8,0.0,0.0,0.0,0.0,0.2,0.0,0.006030737921409068,0.060307379214090684,0.030153689607045342,0.030153689607045342,0.08996926207859073,0.01135284042619552,0.09499999999999986,0.09499999999999986,0.09499999999999986,0.06734631039295436,0.06734631039295436,1.0,1.0,0.8,0.0,0.0,0.0,0.0,0.2,0.0,0.006030737921409068,0.060307379214090684,0.030153689607045342,0.030153689607045342,0.08996926207859073,0.01135284042619552,0.09499999999999986,0.09499999999999986,0.09499999999999986,0.06734631039295436,0.06734631039295436,1.0,1.0,0.8,0.0,0.0,0.0,0.0,0.2,0.0,0.006030737921409068,0.060307379214090684,0.030153689607045342,0.030153689607045342,0.08996926207859073,0.01135284042619552,0.09499999999999986,0.09499999999999986,0.09499999999999986,0.06734631039295436,0.06734631039295436,1.0,1.0,0.8,0.0,0.0,0.0,0.0,0.2,0.0,0.006030737921409068,0.060307379214090684,0.030153689607045342,0.030153689607045342,1.0,0.2,0.2,0.2,0.2,0.0,0.2,0.8,0.0,0.2,0.8,0.0,0.2,0.8,0.0,0.2,0.8,0.0,0.2,0.0,0.2,0.2,0.2,0.2,0.2,0.0,0.0,0.0,0.0,0.2,0.2,1.0,1.0,1.0,0.2,1.0,1.0,1.0,1.0,1.0,1.0,2,0,0.0,0.0,0.2,0.0,0.0,0.0,0.0,0.0,0.0,0.0,0.0,1.0,0.0,0.0,0.0,0.0,0.0,-0.1424166665419538,0.0003539416742845664,0.0003539416742845664,0.0,0.1,0.1,0,0,0,0,C1,0.0,0.0,0.08996926207859073,0.8,1.0,0.2,0.0,0.0,0.08996926207859073
phaseflip,dephasing,0.1,2,0.0,0.1,10,qiskit_aer,1,1,0.9039999999999999,0.48213888888888884,0.36666666666666664,0.0,0.0,1.0,0.0,0.0,0.0959999999999998,0.0012247448713915085,0.09499999999999986,0.09499999999999986,0.0974999999999997,0.09499999999999986,0.09499999999999986,1.0,0.8,1.0,0.0,0.0,0.0,0.0,0.0,0.06584631039295445,0.0012247448713915085,0.06484631039295452,0.06484631039295452,0.06734631039295436,0.06484631039295452,0.06484631039295452,1.0,1.0,0.0,0.0,0.0,0.0,0.0,1.0,0.08996926207859073,0.01135284042619552,0.09499999999999986,0.09499999999999986,0.09499999999999986,0.06734631039295436,0.06734631039295436,1.0,1.0,0.8,0.0,0.0,0.0,0.0,0.2,0.0,0.006030737921409068,0.060307379214090684,0.030153689607045342,0.030153689607045342,0.08996926207859073,0.01135284042619552,0.09499999999999986,0.09499999999999986,0.09499999999999986,0.06734631039295436,0.06734631039295436,1.0,1.0,0.8,0.0,0.0,0.0,0.0,0.2,0.0,0.006030737921409068,0.060307379214090684,0.030153689607045342,0.030153689607045342,0.08996926207859073,0.01135284042619552,0.09499999999999986,0.09499999999999986,0.09499999999999986,0.06734631039295436,0.06734631039295436,1.0,1.0,0.8,0.0,0.0,0.0,0.0,0.2,0.0,0.006030737921409068,0.060307379214090684,0.030153689607045342,0.030153689607045342,0.08996926207859073,0.01135284042619552,0.09499999999999986,0.09499999999999986,0.09499999999999986,0.06734631039295436,0.06734631039295436,1.0,1.0,0.8,0.0,0.0,0.0,0.0,0.2,0.0,0.006030737921409068,0.060307379214090684,0.030153689607045342,0.030153689607045342,1.0,0.2,0.2,0.2,0.2,0.0,0.2,0.8,0.0,0.2,0.8,0.0,0.2,0.8,0.0,0.2,0.8,0.0,0.2,0.0,0.2,0.2,0.2,0.2,0.2,0.0,0.0,0.0,0.0,0.2,0.2,1.0,1.0,1.0,0.2,1.0,1.0,1.0,1.0,1.0,1.0,2,0,0.0,0.0,0.2,0.0,0.0,0.0,0.0,0.0,0.0,0.0,0.0,1.0,0.0,0.0,0.0,0.0,0.0,-0.08213888876209464,0.0137049139522555,0.0137049139522555,0.0,0.2,0.2,0,0,0,0,C1,0.0,0.0,0.08996926207859073,0.8,1.0,0.2,0.0,0.0,0.08996926207859073
phaseflip,dephasing,0.1,2,0.25,0.0,10,qiskit_aer,1,1,0.9039999999999999,0.5976111111111111,0.24444444444444444,0.12222222222222225,0.0,1.0,0.0,0.9,0.0959999999999998,0.0012247448713915085,0.09499999999999986,0.09499999999999986,0.0974999999999997,0.09499999999999986,0.09499999999999986,1.0,0.9,1.0,0.0,0.0,0.0,0.0,0.0,0.06584631039295445,0.0012247448713915085,0.06484631039295452,0.06484631039295452,0.06734631039295436,0.06484631039295452,0.06484631039295452,1.0,1.0,0.0,0.0,0.0,0.0,0.0,1.0,0.09298463103929526,0.008618929332609118,0.09499999999999986,0.09499999999999986,0.09687499999999974,0.07979047071612483,0.06734631039295436,1.0,1.0,0.9,0.0,0.0,0.0,0.0,0.1,0.0,0.003015368960704534,0.030153689607045342,0.016584529283874903,0.030153689607045342,0.09298463103929526,0.008618929332609118,0.09499999999999986,0.09499999999999986,0.09687499999999974,0.07979047071612483,0.06734631039295436,1.0,1.0,0.9,0.0,0.0,0.0,0.0,0.1,0.0,0.003015368960704534,0.030153689607045342,0.016584529283874903,0.030153689607045342,0.09298463103929526,0.008618929332609118,0.09499999999999986,0.09499999999999986,0.09687499999999974,0.07979047071612483,0.06734631039295436,1.0,1.0,0.9,0.0,0.0,0.0,0.0,0.1,0.0,0.003015368960704534,0.030153689607045342,0.016584529283874903,0.030153689607045342,0.09298463103929526,0.008618929332609118,0.09499999999999986,0.09499999999999986,0.09687499999999974,0.07979047071612483,0.06734631039295436,1.0,1.0,0.9,0.0,0.0,0.0,0.0,0.1,0.0,0.003015368960704534,0.030153689607045342,0.016584529283874903,0.030153689607045342,1.0,0.1,0.1,0.1,0.1,0.0,0.1,0.9,0.0,0.1,0.9,0.0,0.1,0.9,0.0,0.1,0.9,0.0,0.1,0.0,0.1,0.1,0.1,0.1,0.1,0.0,0.0,0.0,0.0,0.1,0.1,1.0,1.0,1.0,0.1,1.0,1.0,1.0,1.0,1.0,1.0,1,0,0.0,0.0,0.1,0.0,0.0,0.0,0.0,0.0,0.0,0.0,0.0,1.0,0.0,0.0,0.0,0.0,0.0,-0.39761111098847957,2.166112591183837e-21,2.166112591183837e-21,0.0,0.37222222222222223,0.37222222222222223,0,0,0,0,C1,0.0,0.0,0.09298463103929526,0.9,1.0,0.1,0.0,0.0,0.09298463103929526
phaseflip,dephasing,0.1,2,0.25,0.03,10,qiskit_aer,1,1,0.9039999999999999,0.5047152777777777,0.34444444444444444,0.12222222222222225,0.0,1.0,0.0,0.9,0.0959999999999998,0.0012247448713915085,0.09499999999999986,0.09499999999999986,0.0974999999999997,0.09499999999999986,0.09499999999999986,1.0,0.8,1.0,0.0,0.0,0.0,0.0,0.0,0.06584631039295445,0.0012247448713915085,0.06484631039295452,0.06484631039295452,0.06734631039295436,0.06484631039295452,0.06484631039295452,1.0,1.0,0.0,0.0,0.0,0.0,0.0,1.0,0.08996926207859073,0.01135284042619552,0.09499999999999986,0.09499999999999986,0.09499999999999986,0.06734631039295436,0.06734631039295436,1.0,1.0,0.8,0.0,0.0,0.0,0.0,0.2,0.0,0.006030737921409068,0.060307379214090684,0.030153689607045342,0.030153689607045342,0.08996926207859073,0.01135284042619552,0.09499999999999986,0.09499999999999986,0.09499999999999986,0.06734631039295436,0.06734631039295436,1.0,1.0,0.8,0.0,0.0,0.0,0.0,0.2,0.0,0.006030737921409068,0.060307379214090684,0.030153689607045342,0.030153689607045342,0.08996926207859073,0.01135284042619552,0.09499999999999986,0.09499999999999986,0.09499999999999986,0.06734631039295436,0.06734631039295436,1.0,1.0,0.8,0.0,0.0,0.0,0.0,0.2,0.0,0.006030737921409068,0.060307379214090684,0.030153689607045342,0.030153689607045342,0.08996926207859073,0.01135284042619552,0.09499999999999986,0.09499999999999986,0.09499999999999986,0.06734631039295436,0.06734631039295436,1.0,1.0,0.8,0.0,0.0,0.0,0.0,0.2,0.0,0.006030737921409068,0.060307379214090684,0.030153689607045342,0.030153689607045342,1.0,0.2,0.2,0.2,0.2,0.0,0.2,0.8,0.0,0.2,0.8,0.0,0.2,0.8,0.0,0.2,0.8,0.0,0.2,0.0,0.2,0.2,0.2,0.2,0.2,0.0,0.0,0.0,0.0,0.2,0.2,1.0,1.0,1.0,0.2,1.0,1.0,1.0,1.0,1.0,1.0,2,0,0.0,0.0,0.2,0.0,0.0,0.0,0.0,0.0,0.0,0.0,0.0,1.0,0.0,0.0,0.0,0.0,0.0,-0.10471527765572813,0.0003539416742845664,0.0003539416742845664,0.0,0.4322222222222223,0.4322222222222223,0,0,0,0,C1,0.0,0.0,0.08996926207859073,0.8,1.0,0.2,0.0,0.0,0.08996926207859073
phaseflip,dephasing,0.1,2,0.25,0.05,10,qiskit_aer,1,1,0.9039999999999999,0.4721319444444444,0.39999999999999997,0.12222222222222225,0.0,1.0,0.0,0.9,0.0959999999999998,0.0012247448713915085,0.09499999999999986,0.09499999999999986,0.0974999999999997,0.09499999999999986,0.09499999999999986,1.0,0.8,1.0,0.0,0.0,0.0,0.0,0.0,0.06584631039295445,0.0012247448713915085,0.06484631039295452,0.06484631039295452,0.06734631039295436,0.06484631039295452,0.06484631039295452,1.0,1.0,0.0,0.0,0.0,0.0,0.0,1.0,0.08996926207859073,0.01135284042619552,0.09499999999999986,0.09499999999999986,0.09499999999999986,0.06734631039295436,0.06734631039295436,1.0,1.0,0.8,0.0,0.0,0.0,0.0,0.2,0.0,0.006030737921409068,0.060307379214090684,0.030153689607045342,0.030153689607045342,0.08996926207859073,0.01135284042619552,0.09499999999999986,0.09499999999999986,0.09499999999999986,0.06734631039295436,0.06734631039295436,1.0,1.0,0.8,0.0,0.0,0.0,0.0,0.2,0.0,0.006030737921409068,0.060307379214090684,0.030153689607045342,0.030153689607045342,0.08996926207859073,0.01135284042619552,0.09499999999999986,0.09499999999999986,0.09499999999999986,0.06734631039295436,0.06734631039295436,1.0,1.0,0.8,0.0,0.0,0.0,0.0,0.2,0.0,0.006030737921409068,0.060307379214090684,0.030153689607045342,0.030153689607045342,0.08996926207859073,0.01135284042619552,0.09499999999999986,0.09499999999999986,0.09499999999999986,0.06734631039295436,0.06734631039295436,1.0,1.0,0.8,0.0,0.0,0.0,0.0,0.2,0.0,0.006030737921409068,0.060307379214090684,0.030153689607045342,0.030153689607045342,1.0,0.2,0.2,0.2,0.2,0.0,0.2,0.8,0.0,0.2,0.8,0.0,0.2,0.8,0.0,0.2,0.8,0.0,0.2,0.0,0.2,0.2,0.2,0.2,0.2,0.0,0.0,0.0,0.0,0.2,0.2,1.0,1.0,1.0,0.2,1.0,1.0,1.0,1.0,1.0,1.0,2,0,0.0,0.0,0.2,0.0,0.0,0.0,0.0,0.0,0.0,0.0,0.0,1.0,0.0,0.0,0.0,0.0,0.0,-0.0721319443210632,2.3169314733586823e-18,2.3169314733586823e-18,0.0,0.4722222222222222,0.4722222222222222,0,0,0,0,C1,0.0,0.0,0.08996926207859073,0.8,1.0,0.2,0.0,0.0,0.08996926207859073
phaseflip,dephasing,0.1,2,0.25,0.1,10,qiskit_aer,1,1,0.9039999999999999,0.4118333333333333,0.4888888888888889,0.12222222222222225,0.0,1.0,0.0,0.9,0.0959999999999998,0.0012247448713915085,0.09499999999999986,0.09499999999999986,0.0974999999999997,0.09499999999999986,0.09499999999999986,1.0,0.9,1.0,0.0,0.0,0.0,0.0,0.0,0.06584631039295445,0.0012247448713915085,0.06484631039295452,0.06484631039295452,0.06734631039295436,0.06484631039295452,0.06484631039295452,1.0,1.0,0.0,0.0,0.0,0.0,0.0,1.0,0.09298463103929526,0.008618929332609118,0.09499999999999986,0.09499999999999986,0.09687499999999974,0.07979047071612483,0.06734631039295436,1.0,1.0,0.9,0.0,0.0,0.0,0.0,0.1,0.0,0.003015368960704534,0.030153689607045342,0.016584529283874903,0.030153689607045342,0.09298463103929526,0.008618929332609118,0.09499999999999986,0.09499999999999986,0.09687499999999974,0.07979047071612483,0.06734631039295436,1.0,1.0,0.9,0.0,0.0,0.0,0.0,0.1,0.0,0.003015368960704534,0.030153689607045342,0.016584529283874903,0.030153689607045342,0.09298463103929526,0.008618929332609118,0.09499999999999986,0.09499999999999986,0.09687499999999974,0.07979047071612483,0.06734631039295436,1.0,1.0,0.9,0.0,0.0,0.0,0.0,0.1,0.0,0.003015368960704534,0.030153689607045342,0.016584529283874903,0.030153689607045342,0.09298463103929526,0.008618929332609118,0.09499999999999986,0.09499999999999986,0.09687499999999974,0.07979047071612483,0.06734631039295436,1.0,1.0,0.9,0.0,0.0,0.0,0.0,0.1,0.0,0.003015368960704534,0.030153689607045342,0.016584529283874903,0.030153689607045342,1.0,0.1,0.1,0.1,0.1,0.0,0.1,0.9,0.0,0.1,0.9,0.0,0.1,0.9,0.0,0.1,0.9,0.0,0.1,0.0,0.1,0.1,0.1,0.1,0.1,0.0,0.0,0.0,0.0,0.1,0.1,1.0,1.0,1.0,0.1,1.0,1.0,1.0,1.0,1.0,1.0,1,0,0.0,0.0,0.1,0.0,0.0,0.0,0.0,0.0,0.0,0.0,0.0,1.0,0.0,0.0,0.0,0.0,0.0,-0.21183333321203346,2.166112591183837e-21,2.166112591183837e-21,0.0,0.5722222222222222,0.5722222222222222,0,0,0,0,C1,0.0,0.0,0.09298463103929526,0.9,1.0,0.1,0.0,0.0,0.09298463103929526
phaseflip,dephasing,0.1,2,0.5,0.0,10,qiskit_aer,1,1,0.9039999999999999,0.4695069444444444,0.4444444444444444,0.22222222222222224,0.0,1.0,0.0,1.0,0.0959999999999998,0.0012247448713915085,0.09499999999999986,0.09499999999999986,0.0974999999999997,0.09499999999999986,0.09499999999999986,1.0,0.8,1.0,0.0,0.0,0.0,0.0,0.0,0.06584631039295445,0.0012247448713915085,0.06484631039295452,0.06484631039295452,0.06734631039295436,0.06484631039295452,0.06484631039295452,1.0,1.0,0.0,0.0,0.0,0.0,0.0,1.0,0.08996926207859073,0.01135284042619552,0.09499999999999986,0.09499999999999986,0.09499999999999986,0.06734631039295436,0.06734631039295436,1.0,1.0,0.8,0.0,0.0,0.0,0.0,0.2,0.0,0.006030737921409068,0.060307379214090684,0.030153689607045342,0.030153689607045342,0.08996926207859073,0.01135284042619552,0.09499999999999986,0.09499999999999986,0.09499999999999986,0.06734631039295436,0.06734631039295436,1.0,1.0,0.8,0.0,0.0,0.0,0.0,0.2,0.0,0.006030737921409068,0.060307379214090684,0.030153689607045342,0.030153689607045342,0.08996926207859073,0.01135284042619552,0.09499999999999986,0.09499999999999986,0.09499999999999986,0.06734631039295436,0.06734631039295436,1.0,1.0,0.8,0.0,0.0,0.0,0.0,0.2,0.0,0.006030737921409068,0.060307379214090684,0.030153689607045342,0.030153689607045342,0.08996926207859073,0.01135284042619552,0.09499999999999986,0.09499999999999986,0.09499999999999986,0.06734631039295436,0.06734631039295436,1.0,1.0,0.8,0.0,0.0,0.0,0.0,0.2,0.0,0.006030737921409068,0.060307379214090684,0.030153689607045342,0.030153689607045342,1.0,0.2,0.2,0.2,0.2,0.0,0.2,0.8,0.0,0.2,0.8,0.0,0.2,0.8,0.0,0.2,0.8,0.0,0.2,0.0,0.2,0.2,0.2,0.2,0.2,0.0,0.0,0.0,0.0,0.2,0.2,1.0,1.0,1.0,0.2,1.0,1.0,1.0,1.0,1.0,1.0,2,0,0.0,0.0,0.2,0.0,0.0,0.0,0.0,0.0,0.0,0.0,0.0,1.0,0.0,0.0,0.0,0.0,0.0,-0.06950694431973153,0.0003539416742845664,0.0003539416742845664,0.0,0.7222222222222222,0.7222222222222222,0,0,0,0,C1,0.0,0.0,0.08996926207859073,0.8,1.0,0.2,0.0,0.0,0.08996926207859073
phaseflip,dephasing,0.1,2,0.5,0.03,10,qiskit_aer,1,1,0.9039999999999999,0.3841319444444444,0.5333333333333333,0.22222222222222224,0.0,1.0,0.0,1.0,0.0959999999999998,0.0012247448713915085,0.09499999999999986,0.09499999999999986,0.0974999999999997,0.09499999999999986,0.09499999999999986,1.0,0.8,1.0,0.0,0.0,0.0,0.0,0.0,0.06584631039295445,0.0012247448713915085,0.06484631039295452,0.06484631039295452,0.06734631039295436,0.06484631039295452,0.06484631039295452,1.0,1.0,0.0,0.0,0.0,0.0,0.0,1.0,0.08996926207859073,0.01135284042619552,0.09499999999999986,0.09499999999999986,0.09499999999999986,0.06734631039295436,0.06734631039295436,1.0,1.0,0.8,0.0,0.0,0.0,0.0,0.2,0.0,0.006030737921409068,0.060307379214090684,0.030153689607045342,0.030153689607045342,0.08996926207859073,0.01135284042619552,0.09499999999999986,0.09499999999999986,0.09499999999999986,0.06734631039295436,0.06734631039295436,1.0,1.0,0.8,0.0,0.0,0.0,0.0,0.2,0.0,0.006030737921409068,0.060307379214090684,0.030153689607045342,0.030153689607045342,0.08996926207859073,0.01135284042619552,0.09499999999999986,0.09499999999999986,0.09499999999999986,0.06734631039295436,0.06734631039295436,1.0,1.0,0.8,0.0,0.0,0.0,0.0,0.2,0.0,0.006030737921409068,0.060307379214090684,0.030153689607045342,0.030153689607045342,0.08996926207859073,0.01135284042619552,0.09499999999999986,0.09499999999999986,0.09499999999999986,0.06734631039295436,0.06734631039295436,1.0,1.0,0.8,0.0,0.0,0.0,0.0,0.2,0.0,0.006030737921409068,0.060307379214090684,0.030153689607045342,0.030153689607045342,1.0,0.2,0.2,0.2,0.2,0.0,0.2,0.8,0.0,0.2,0.8,0.0,0.2,0.8,0.0,0.2,0.8,0.0,0.2,0.0,0.2,0.2,0.2,0.2,0.2,0.0,0.0,0.0,0.0,0.2,0.2,1.0,1.0,1.0,0.2,1.0,1.0,1.0,1.0,1.0,1.0,2,0,0.0,0.0,0.2,0.0,0.0,0.0,0.0,0.0,0.0,0.0,0.0,1.0,0.0,0.0,0.0,0.0,0.0,0.01586805568026849,0.00556297854266948,0.00556297854266948,0.0,0.7822222222222223,0.7822222222222223,0,0,0,0,C1,0.0,0.0,0.08996926207859073,0.8,1.0,0.2,0.0,0.0,0.08996926207859073
phaseflip,dephasing,0.1,2,0.5,0.05,10,qiskit_aer,1,1,0.9039999999999999,0.3515486111111111,0.5888888888888889,0.22222222222222224,0.0,1.0,0.0,1.0,0.0959999999999998,0.0012247448713915085,0.09499999999999986,0.09499999999999986,0.0974999999999997,0.09499999999999986,0.09499999999999986,1.0,0.8,1.0,0.0,0.0,0.0,0.0,0.0,0.06584631039295445,0.0012247448713915085,0.06484631039295452,0.06484631039295452,0.06734631039295436,0.06484631039295452,0.06484631039295452,1.0,1.0,0.0,0.0,0.0,0.0,0.0,1.0,0.08996926207859073,0.01135284042619552,0.09499999999999986,0.09499999999999986,0.09499999999999986,0.06734631039295436,0.06734631039295436,1.0,1.0,0.8,0.0,0.0,0.0,0.0,0.2,0.0,0.006030737921409068,0.060307379214090684,0.030153689607045342,0.030153689607045342,0.08996926207859073,0.01135284042619552,0.09499999999999986,0.09499999999999986,0.09499999999999986,0.06734631039295436,0.06734631039295436,1.0,1.0,0.8,0.0,0.0,0.0,0.0,0.2,0.0,0.006030737921409068,0.060307379214090684,0.030153689607045342,0.030153689607045342,0.08996926207859073,0.01135284042619552,0.09499999999999986,0.09499999999999986,0.09499999999999986,0.06734631039295436,0.06734631039295436,1.0,1.0,0.8,0.0,0.0,0.0,0.0,0.2,0.0,0.006030737921409068,0.060307379214090684,0.030153689607045342,0.030153689607045342,0.08996926207859073,0.01135284042619552,0.09499999999999986,0.09499999999999986,0.09499999999999986,0.06734631039295436,0.06734631039295436,1.0,1.0,0.8,0.0,0.0,0.0,0.0,0.2,0.0,0.006030737921409068,0.060307379214090684,0.030153689607045342,0.030153689607045342,1.0,0.2,0.2,0.2,0.2,0.0,0.2,0.8,0.0,0.2,0.8,0.0,0.2,0.8,0.0,0.2,0.8,0.0,0.2,0.0,0.2,0.2,0.2,0.2,0.2,0.0,0.0,0.0,0.0,0.2,0.2,1.0,1.0,1.0,0.2,1.0,1.0,1.0,1.0,1.0,1.0,2,0,0.0,0.0,0.2,0.0,0.0,0.0,0.0,0.0,0.0,0.0,0.0,1.0,0.0,0.0,0.0,0.0,0.0,0.04845138901227015,2.316931473358678e-18,2.316931473358678e-18,0.0,0.8222222222222223,0.8222222222222223,0,0,0,0,C1,0.0,0.0,0.08996926207859073,0.8,1.0,0.2,0.0,0.0,0.08996926207859073
phaseflip,dephasing,0.1,2,0.5,0.1,10,qiskit_aer,1,1,0.9039999999999999,0.31387499999999996,0.6444444444444444,0.22222222222222224,0.0,1.0,0.0,1.0,0.0959999999999998,0.0012247448713915085,0.09499999999999986,0.09499999999999986,0.0974999999999997,0.09499999999999986,0.09499999999999986,1.0,0.8,1.0,0.0,0.0,0.0,0.0,0.0,0.06584631039295445,0.0012247448713915085,0.06484631039295452,0.06484631039295452,0.06734631039295436,0.06484631039295452,0.06484631039295452,1.0,1.0,0.0,0.0,0.0,0.0,0.0,1.0,0.08996926207859073,0.01135284042619552,0.09499999999999986,0.09499999999999986,0.09499999999999986,0.06734631039295436,0.06734631039295436,1.0,1.0,0.8,0.0,0.0,0.0,0.0,0.2,0.0,0.006030737921409068,0.060307379214090684,0.030153689607045342,0.030153689607045342,0.08996926207859073,0.01135284042619552,0.09499999999999986,0.09499999999999986,0.09499999999999986,0.06734631039295436,0.06734631039295436,1.0,1.0,0.8,0.0,0.0,0.0,0.0,0.2,0.0,0.006030737921409068,0.060307379214090684,0.030153689607045342,0.030153689607045342,0.08996926207859073,0.01135284042619552,0.09499999999999986,0.09499999999999986,0.09499999999999986,0.06734631039295436,0.06734631039295436,1.0,1.0,0.8,0.0,0.0,0.0,0.0,0.2,0.0,0.006030737921409068,0.060307379214090684,0.030153689607045342,0.030153689607045342,0.08996926207859073,0.01135284042619552,0.09499999999999986,0.09499999999999986,0.09499999999999986,0.06734631039295436,0.06734631039295436,1.0,1.0,0.8,0.0,0.0,0.0,0.0,0.2,0.0,0.006030737921409068,0.060307379214090684,0.030153689607045342,0.030153689607045342,1.0,0.2,0.2,0.2,0.2,0.0,0.2,0.8,0.0,0.2,0.8,0.0,0.2,0.8,0.0,0.2,0.8,0.0,0.2,0.0,0.2,0.2,0.2,0.2,0.2,0.0,0.0,0.0,0.0,0.2,0.2,1.0,1.0,1.0,0.2,1.0,1.0,1.0,1.0,1.0,1.0,2,0,0.0,0.0,0.2,0.0,0.0,0.0,0.0,0.0,0.0,0.0,0.0,1.0,0.0,0.0,0.0,0.0,0.0,0.08612500012679422,0.008495877083870586,0.008495877083870586,0.0,0.9222222222222222,0.9222222222222222,0,0,0,0,C1,0.0,0.0,0.08996926207859073,0.8,1.0,0.2,0.0,0.0,0.08996926207859073
phaseflip,dephasing,0.1,2,0.75,0.0,10,qiskit_aer,1,1,0.9039999999999999,0.31379166666666664,0.7444444444444445,0.37222222222222223,0.0,1.0,0.0,1.0,0.0959999999999998,0.0012247448713915085,0.09499999999999986,0.09499999999999986,0.0974999999999997,0.09499999999999986,0.09499999999999986,1.0,0.8,1.0,0.0,0.0,0.0,0.0,0.0,0.06584631039295445,0.0012247448713915085,0.06484631039295452,0.06484631039295452,0.06734631039295436,0.06484631039295452,0.06484631039295452,1.0,1.0,0.0,0.0,0.0,0.0,0.0,1.0,0.08996926207859073,0.01135284042619552,0.09499999999999986,0.09499999999999986,0.09499999999999986,0.06734631039295436,0.06734631039295436,1.0,1.0,0.8,0.0,0.0,0.0,0.0,0.2,0.0,0.006030737921409068,0.060307379214090684,0.030153689607045342,0.030153689607045342,0.08996926207859073,0.01135284042619552,0.09499999999999986,0.09499999999999986,0.09499999999999986,0.06734631039295436,0.06734631039295436,1.0,1.0,0.8,0.0,0.0,0.0,0.0,0.2,0.0,0.006030737921409068,0.060307379214090684,0.030153689607045342,0.030153689607045342,0.08996926207859073,0.01135284042619552,0.09499999999999986,0.09499999999999986,0.09499999999999986,0.06734631039295436,0.06734631039295436,1.0,1.0,0.8,0.0,0.0,0.0,0.0,0.2,0.0,0.006030737921409068,0.060307379214090684,0.030153689607045342,0.030153689607045342,0.0959999999999998,0.0012247448713915085,0.09499999999999986,0.09499999999999986,0.0974999999999997,0.09499999999999986,0.09499999999999986,1.0,0.8,1.0,0.0,0.0,0.0,0.0,0.0,2.3169314733586823e-18,0.0,0.0,0.0,0.0,1.0,0.2,0.2,0.2,0.0,0.2,0.2,0.8,0.0,0.2,0.8,0.0,0.2,0.8,0.0,0.0,1.0,0.0,0.2,0.0,0.2,0.2,0.0,0.2,0.2,0.2,0.0,0.0,0.0,0.2,0.2,1.0,1.0,0.0,0.0,1.0,1.0,1.0,1.0,0.0,0.0,2,2,0.2,1.0,0.2,0.0,0.2,0.0,1.0,0.0,1.0,1.0,0.0,1.0,0.060307379214090684,0.0,0.060307379214090684,0.006030737921409068,0.060307379214090684,0.0862083334567146,2.3169314733586823e-18,2.3169314733586823e-18,0.0,1.0,1.1222222222222222,0,0,0,2,C3R,0.0,0.0,0.0959999999999998,1.0,1.0,0.0,0.0,0.0,0.0959999999999998
phaseflip,dephasing,0.1,2,0.75,0.03,10,qiskit_aer,1,1,0.9039999999999999,0.2585625,0.7888888888888889,0.37222222222222223,0.0,1.0,0.0,1.0,0.0959999999999998,0.0012247448713915085,0.09499999999999986,0.09499999999999986,0.0974999999999997,0.09499999999999986,0.09499999999999986,1.0,0.8,1.0,0.0,0.0,0.0,0.0,0.0,0.06584631039295445,0.0012247448713915085,0.06484631039295452,0.06484631039295452,0.06734631039295436,0.06484631039295452,0.06484631039295452,1.0,1.0,0.0,0.0,0.0,0.0,0.0,1.0,0.08996926207859073,0.01135284042619552,0.09499999999999986,0.09499999999999986,0.09499999999999986,0.06734631039295436,0.06734631039295436,1.0,1.0,0.8,0.0,0.0,0.0,0.0,0.2,0.0,0.006030737921409068,0.060307379214090684,0.030153689607045342,0.030153689607045342,0.08996926207859073,0.01135284042619552,0.09499999999999986,0.09499999999999986,0.09499999999999986,0.06734631039295436,0.06734631039295436,1.0,1.0,0.8,0.0,0.0,0.0,0.0,0.2,0.0,0.006030737921409068,0.060307379214090684,0.030153689607045342,0.030153689607045342,0.08996926207859073,0.01135284042619552,0.09499999999999986,0.09499999999999986,0.09499999999999986,0.06734631039295436,0.06734631039295436,1.0,1.0,0.8,0.0,0.0,0.0,0.0,0.2,0.0,0.006030737921409068,0.060307379214090684,0.030153689607045342,0.030153689607045342,0.0959999999999998,0.0012247448713915085,0.09499999999999986,0.09499999999999986,0.0974999999999997,0.09499999999999986,0.09499999999999986,1.0,0.8,1.0,0.0,0.0,0.0,0.0,0.0,0.008495877083870586,0.0,0.0,0.0,0.0,1.0,0.2,0.2,0.2,0.0,0.2,0.2,0.8,0.0,0.2,0.8,0.0,0.2,0.8,0.0,0.0,1.0,0.0,0.2,0.0,0.2,0.2,0.0,0.2,0.2,0.2,0.0,0.0,0.0,0.2,0.2,1.0,1.0,0.0,0.0,1.0,1.0,1.0,1.0,0.0,0.0,2,2,0.2,1.0,0.2,0.0,0.2,0.0,1.0,0.0,1.0,1.0,0.0,1.0,0.060307379214090684,0.0,0.060307379214090684,0.006030737921409068,0.060307379214090684,0.14143750012679426,0.008495877083870586,0.008495877083870586,0.0,1.0,1.1822222222222223,0,0,0,2,C3R,0.0,0.0,0.0959999999999998,1.0,1.0,0.0,0.0,0.0,0.0959999999999998
phaseflip,dephasing,0.1,2,0.75,0.05,10,qiskit_aer,1,1,0.9039999999999999,0.2410208333333333,0.8222222222222222,0.37222222222222223,0.0,1.0,0.0,1.0,0.0959999999999998,0.0012247448713915085,0.09499999999999986,0.09499999999999986,0.0974999999999997,0.09499999999999986,0.09499999999999986,1.0,0.8,1.0,0.0,0.0,0.0,0.0,0.0,0.06584631039295445,0.0012247448713915085,0.06484631039295452,0.06484631039295452,0.06734631039295436,0.06484631039295452,0.06484631039295452,1.0,1.0,0.0,0.0,0.0,0.0,0.0,1.0,0.08996926207859073,0.01135284042619552,0.09499999999999986,0.09499999999999986,0.09499999999999986,0.06734631039295436,0.06734631039295436,1.0,1.0,0.8,0.0,0.0,0.0,0.0,0.2,0.0,0.006030737921409068,0.060307379214090684,0.030153689607045342,0.030153689607045342,0.08996926207859073,0.01135284042619552,0.09499999999999986,0.09499999999999986,0.09499999999999986,0.06734631039295436,0.06734631039295436,1.0,1.0,0.8,0.0,0.0,0.0,0.0,0.2,0.0,0.006030737921409068,0.060307379214090684,0.030153689607045342,0.030153689607045342,0.08996926207859073,0.01135284042619552,0.09499999999999986,0.09499999999999986,0.09499999999999986,0.06734631039295436,0.06734631039295436,1.0,1.0,0.8,0.0,0.0,0.0,0.0,0.2,0.0,0.006030737921409068,0.060307379214090684,0.030153689607045342,0.030153689607045342,0.0959999999999998,0.0012247448713915085,0.09499999999999986,0.09499999999999986,0.0974999999999997,0.09499999999999986,0.09499999999999986,1.0,0.8,1.0,0.0,0.0,0.0,0.0,0.0,0.0003539416742845664,0.0,0.0,0.0,0.0,1.0,0.2,0.2,0.2,0.0,0.2,0.2,0.8,0.0,0.2,0.8,0.0,0.2,0.8,0.0,0.0,1.0,0.0,0.2,0.0,0.2,0.2,0.0,0.2,0.2,0.2,0.0,0.0,0.0,0.2,0.2,1.0,1.0,0.0,0.0,1.0,1.0,1.0,1.0,0.0,0.0,2,2,0.2,1.0,0.2,0.0,0.2,0.0,1.0,0.0,1.0,1.0,0.0,1.0,0.060307379214090684,0.0,0.060307379214090684,0.006030737921409068,0.060307379214090684,0.15897916679137952,0.0003539416742845664,0.0003539416742845664,0.0,1.0,1.2222222222222223,0,0,0,2,C3R,0.0,0.0,0.0959999999999998,1.0,1.0,0.0,0.0,0.0,0.0959999999999998
phaseflip,dephasing,0.1,2,0.75,0.1,10,qiskit_aer,1,1,0.9039999999999999,0.21340277777777777,0.8444444444444444,0.37222222222222223,0.0,1.0,0.0,1.0,0.0959999999999998,0.0012247448713915085,0.09499999999999986,0.09499999999999986,0.0974999999999997,0.09499999999999986,0.09499999999999986,1.0,0.8,1.0,0.0,0.0,0.0,0.0,0.0,0.06584631039295445,0.0012247448713915085,0.06484631039295452,0.06484631039295452,0.06734631039295436,0.06484631039295452,0.06484631039295452,1.0,1.0,0.0,0.0,0.0,0.0,0.0,1.0,0.08996926207859073,0.01135284042619552,0.09499999999999986,0.09499999999999986,0.09499999999999986,0.06734631039295436,0.06734631039295436,1.0,1.0,0.8,0.0,0.0,0.0,0.0,0.2,0.0,0.006030737921409068,0.060307379214090684,0.030153689607045342,0.030153689607045342,0.08996926207859073,0.01135284042619552,0.09499999999999986,0.09499999999999986,0.09499999999999986,0.06734631039295436,0.06734631039295436,1.0,1.0,0.8,0.0,0.0,0.0,0.0,0.2,0.0,0.006030737921409068,0.060307379214090684,0.030153689607045342,0.030153689607045342,0.08996926207859073,0.01135284042619552,0.09499999999999986,0.09499999999999986,0.09499999999999986,0.06734631039295436,0.06734631039295436,1.0,1.0,0.8,0.0,0.0,0.0,0.0,0.2,0.0,0.006030737921409068,0.060307379214090684,0.030153689607045342,0.030153689607045342,0.0959999999999998,0.0012247448713915085,0.09499999999999986,0.09499999999999986,0.0974999999999997,0.09499999999999986,0.09499999999999986,1.0,0.8,1.0,0.0,0.0,0.0,0.0,0.0,2.316931473358678e-18,0.0,0.0,0.0,0.0,1.0,0.2,0.2,0.2,0.0,0.2,0.2,0.8,0.0,0.2,0.8,0.0,0.2,0.8,0.0,0.0,1.0,0.0,0.2,0.0,0.2,0.2,0.0,0.2,0.2,0.2,0.0,0.0,0.0,0.2,0.2,1.0,1.0,0.0,0.0,1.0,1.0,1.0,1.0,0.0,0.0,2,2,0.2,1.0,0.2,0.0,0.2,0.0,1.0,0.0,1.0,1.0,0.0,1.0,0.060307379214090684,0.0,0.060307379214090684,0.006030737921409068,0.060307379214090684,0.18659722234560341,2.316931473358678e-18,2.316931473358678e-18,0.0,1.0,1.3222222222222222,0,0,0,2,C3R,0.0,0.0,0.0959999999999998,1.0,1.0,0.0,0.0,0.0,0.0959999999999998
phaseflip,dephasing,0.1,2,1.0,0.0,10,qiskit_aer,1,1,0.9039999999999999,0.19084027777777776,1.0,0.5,0.0,1.0,0.0,1.0,0.0959999999999998,0.0012247448713915085,0.09499999999999986,0.09499999999999986,0.0974999999999997,0.09499999999999986,0.09499999999999986,1.0,0.8,1.0,0.0,0.0,0.0,0.0,0.0,0.06584631039295445,0.0012247448713915085,0.06484631039295452,0.06484631039295452,0.06734631039295436,0.06484631039295452,0.06484631039295452,1.0,1.0,0.0,0.0,0.0,0.0,0.0,1.0,0.08996926207859073,0.01135284042619552,0.09499999999999986,0.09499999999999986,0.09499999999999986,0.06734631039295436,0.06734631039295436,1.0,1.0,0.8,0.0,0.0,0.0,0.0,0.2,0.0,0.006030737921409068,0.060307379214090684,0.030153689607045342,0.030153689607045342,0.08996926207859073,0.01135284042619552,0.09499999999999986,0.09499999999999986,0.09499999999999986,0.06734631039295436,0.06734631039295436,1.0,1.0,0.8,0.0,0.0,0.0,0.0,0.2,0.0,0.006030737921409068,0.060307379214090684,0.030153689607045342,0.030153689607045342,0.08996926207859073,0.01135284042619552,0.09499999999999986,0.09499999999999986,0.09499999999999986,0.06734631039295436,0.06734631039295436,1.0,1.0,0.8,0.0,0.0,0.0,0.0,0.2,0.0,0.006030737921409068,0.060307379214090684,0.030153689607045342,0.030153689607045342,0.0959999999999998,0.0012247448713915085,0.09499999999999986,0.09499999999999986,0.0974999999999997,0.09499999999999986,0.09499999999999986,1.0,0.8,1.0,0.0,0.0,0.0,0.0,0.0,0.0032868402154856554,0.0,0.0,0.0,0.0,1.0,0.2,0.2,0.2,0.0,0.2,0.2,0.8,0.0,0.2,0.8,0.0,0.2,0.8,0.0,0.0,1.0,0.0,0.2,0.0,0.2,0.2,0.0,0.2,0.2,0.2,0.0,0.0,0.0,0.2,0.2,1.0,1.0,0.0,0.0,1.0,1.0,1.0,1.0,0.0,0.0,2,2,0.2,1.0,0.2,0.0,0.2,0.0,1.0,0.0,1.0,1.0,0.0,1.0,0.060307379214090684,0.0,0.060307379214090684,0.006030737921409068,0.060307379214090684,0.20915972234768487,0.0032868402154856554,0.0032868402154856554,0.0,1.0,1.5,0,0,0,2,C3R,0.0,0.0,0.0959999999999998,1.0,1.0,0.0,0.0,0.0,0.0959999999999998
phaseflip,dephasing,0.1,2,1.0,0.03,10,qiskit_aer,1,1,0.9039999999999999,0.16070833333333331,1.0,0.5,0.0,1.0,0.0,1.0,0.0959999999999998,0.0012247448713915085,0.09499999999999986,0.09499999999999986,0.0974999999999997,0.09499999999999986,0.09499999999999986,1.0,0.9,1.0,0.0,0.0,0.0,0.0,0.0,0.06584631039295445,0.0012247448713915085,0.06484631039295452,0.06484631039295452,0.06734631039295436,0.06484631039295452,0.06484631039295452,1.0,1.0,0.0,0.0,0.0,0.0,0.0,1.0,0.09298463103929526,0.008618929332609118,0.09499999999999986,0.09499999999999986,0.09687499999999974,0.07979047071612483,0.06734631039295436,1.0,1.0,0.9,0.0,0.0,0.0,0.0,0.1,0.0,0.003015368960704534,0.030153689607045342,0.016584529283874903,0.030153689607045342,0.09298463103929526,0.008618929332609118,0.09499999999999986,0.09499999999999986,0.09687499999999974,0.07979047071612483,0.06734631039295436,1.0,1.0,0.9,0.0,0.0,0.0,0.0,0.1,0.0,0.003015368960704534,0.030153689607045342,0.016584529283874903,0.030153689607045342,0.09298463103929526,0.008618929332609118,0.09499999999999986,0.09499999999999986,0.09687499999999974,0.07979047071612483,0.06734631039295436,1.0,1.0,0.9,0.0,0.0,0.0,0.0,0.1,0.0,0.003015368960704534,0.030153689607045342,0.016584529283874903,0.030153689607045342,0.0959999999999998,0.0012247448713915085,0.09499999999999986,0.09499999999999986,0.0974999999999997,0.09499999999999986,0.09499999999999986,1.0,0.9,1.0,0.0,0.0,0.0,0.0,0.0,2.166112591183837e-21,0.0,0.0,0.0,0.0,1.0,0.1,0.1,0.1,0.0,0.1,0.1,0.9,0.0,0.1,0.9,0.0,0.1,0.9,0.0,0.0,1.0,0.0,0.1,0.0,0.1,0.1,0.0,0.1,0.1,0.1,0.0,0.0,0.0,0.1,0.1,1.0,1.0,0.0,0.0,1.0,1.0,1.0,1.0,0.0,0.0,1,1,0.1,1.0,0.1,0.0,0.1,0.0,1.0,0.0,1.0,1.0,0.0,1.0,0.030153689607045342,0.0,0.030153689607045342,0.003015368960704534,0.030153689607045342,0.039291666791961374,2.166112591183837e-21,2.166112591183837e-21,0.0,1.0,1.56,0,0,0,1,C3R,0.0,0.0,0.0959999999999998,1.0,1.0,0.0,0.0,0.0,0.0959999999999998
phaseflip,dephasing,0.1,2,1.0,0.05,10,qiskit_aer,1,1,0.9039999999999999,0.1456597222222222,1.0,0.5,0.0,1.0,0.0,1.0,0.0959999999999998,0.0012247448713915085,0.09499999999999986,0.09499999999999986,0.0974999999999997,0.09499999999999986,0.09499999999999986,1.0,0.8,1.0,0.0,0.0,0.0,0.0,0.0,0.06584631039295445,0.0012247448713915085,0.06484631039295452,0.06484631039295452,0.06734631039295436,0.06484631039295452,0.06484631039295452,1.0,1.0,0.0,0.0,0.0,0.0,0.0,1.0,0.08996926207859073,0.01135284042619552,0.09499999999999986,0.09499999999999986,0.09499999999999986,0.06734631039295436,0.06734631039295436,1.0,1.0,0.8,0.0,0.0,0.0,0.0,0.2,0.0,0.006030737921409068,0.060307379214090684,0.030153689607045342,0.030153689607045342,0.08996926207859073,0.01135284042619552,0.09499999999999986,0.09499999999999986,0.09499999999999986,0.06734631039295436,0.06734631039295436,1.0,1.0,0.8,0.0,0.0,0.0,0.0,0.2,0.0,0.006030737921409068,0.060307379214090684,0.030153689607045342,0.030153689607045342,0.08996926207859073,0.01135284042619552,0.09499999999999986,0.09499999999999986,0.09499999999999986,0.06734631039295436,0.06734631039295436,1.0,1.0,0.8,0.0,0.0,0.0,0.0,0.2,0.0,0.006030737921409068,0.060307379214090684,0.030153689607045342,0.030153689607045342,0.0959999999999998,0.0012247448713915085,0.09499999999999986,0.09499999999999986,0.0974999999999997,0.09499999999999986,0.09499999999999986,1.0,0.8,1.0,0.0,0.0,0.0,0.0,0.0,0.00556297854266948,0.0,0.0,0.0,0.0,1.0,0.2,0.2,0.2,0.0,0.2,0.2,0.8,0.0,0.2,0.8,0.0,0.2,0.8,0.0,0.0,1.0,0.0,0.2,0.0,0.2,0.2,0.0,0.2,0.2,0.2,0.0,0.0,0.0,0.2,0.2,1.0,1.0,0.0,0.0,1.0,1.0,1.0,1.0,0.0,0.0,2,2,0.2,1.0,0.2,0.0,0.2,0.0,1.0,0.0,1.0,1.0,0.0,1.0,0.060307379214090684,0.0,0.060307379214090684,0.006030737921409068,0.060307379214090684,0.25434027790382224,0.00556297854266948,0.00556297854266948,0.0,1.0,1.6,0,0,0,2,C3R,0.0,0.0,0.0959999999999998,1.0,1.0,0.0,0.0,0.0,0.0959999999999998
phaseflip,dephasing,0.1,2,1.0,0.1,10,qiskit_aer,1,1,0.9039999999999999,0.13310416666666666,1.0,0.5,0.0,1.0,0.0,1.0,0.0959999999999998,0.0012247448713915085,0.09499999999999986,0.09499999999999986,0.0974999999999997,0.09499999999999986,0.09499999999999986,1.0,0.8,1.0,0.0,0.0,0.0,0.0,0.0,0.06584631039295445,0.0012247448713915085,0.06484631039295452,0.06484631039295452,0.06734631039295436,0.06484631039295452,0.06484631039295452,1.0,1.0,0.0,0.0,0.0,0.0,0.0,1.0,0.08996926207859073,0.01135284042619552,0.09499999999999986,0.09499999999999986,0.09499999999999986,0.06734631039295436,0.06734631039295436,1.0,1.0,0.8,0.0,0.0,0.0,0.0,0.2,0.0,0.006030737921409068,0.060307379214090684,0.030153689607045342,0.030153689607045342,0.08996926207859073,0.01135284042619552,0.09499999999999986,0.09499999999999986,0.09499999999999986,0.06734631039295436,0.06734631039295436,1.0,1.0,0.8,0.0,0.0,0.0,0.0,0.2,0.0,0.006030737921409068,0.060307379214090684,0.030153689607045342,0.030153689607045342,0.08996926207859073,0.01135284042619552,0.09499999999999986,0.09499999999999986,0.09499999999999986,0.06734631039295436,0.06734631039295436,1.0,1.0,0.8,0.0,0.0,0.0,0.0,0.2,0.0,0.006030737921409068,0.060307379214090684,0.030153689607045342,0.030153689607045342,0.0959999999999998,0.0012247448713915085,0.09499999999999986,0.09499999999999986,0.0974999999999997,0.09499999999999986,0.09499999999999986,1.0,0.8,1.0,0.0,0.0,0.0,0.0,0.0,0.01914153369324158,0.0,0.0,0.0,0.0,1.0,0.2,0.2,0.2,0.0,0.2,0.2,0.8,0.0,0.2,0.8,0.0,0.2,0.8,0.0,0.0,1.0,0.0,0.2,0.0,0.2,0.2,0.0,0.2,0.2,0.2,0.0,0.0,0.0,0.2,0.2,1.0,1.0,0.0,0.0,1.0,1.0,1.0,1.0,0.0,0.0,2,2,0.2,1.0,0.2,0.0,0.2,0.0,1.0,0.0,1.0,1.0,0.0,1.0,0.060307379214090684,0.0,0.060307379214090684,0.006030737921409068,0.060307379214090684,0.26689583346418055,0.01914153369324158,0.01914153369324158,0.0,1.0,1.7000000000000002,0,0,0,2,C3R,0.0,0.0,0.0959999999999998,1.0,1.0,0.0,0.0,0.0,0.0959999999999998
phaseflip,dephasing,0.1,4,0.0,0.0,10,qiskit_aer,1,1,0.8202674999999998,0.8202674999999998,0.0,0.0,0.0,0.0,0.0,0.0,0.17973249999999985,0.004220086640105866,0.1819874999999999,0.1787249999999999,0.18299999999999983,0.17194999999999983,0.17194999999999983,1.0,0.9,1.0,0.0,0.0,0.0,0.0,0.0,0.1495788103929545,0.004220086640105866,0.15183381039295457,0.14857131039295457,0.1528463103929545,0.14179631039295448,0.14179631039295448,1.0,1.0,0.0,0.0,0.0,0.0,0.0,0.0,0.17671713103929532,0.010281884527091443,0.1819874999999999,0.17364374999999985,0.18299999999999983,0.15909172071612493,0.14857131039295457,1.0,1.0,0.9,0.0,0.0,0.0,0.0,0.0,0.0,0.003015368960704534,0.030153689607045342,0.016584529283874903,0.030153689607045342,0.17671713103929532,0.010281884527091443,0.1819874999999999,0.17364374999999985,0.18299999999999983,0.15909172071612493,0.14857131039295457,1.0,1.0,0.9,0.0,0.0,0.0,0.0,0.0,0.0,0.003015368960704534,0.030153689607045342,0.016584529283874903,0.030153689607045342,0.17671713103929532,0.010281884527091443,0.1819874999999999,0.17364374999999985,0.18299999999999983,0.15909172071612493,0.14857131039295457,1.0,1.0,0.9,0.0,0.0,0.0,0.0,0.0,0.0,0.003015368960704534,0.030153689607045342,0.016584529283874903,0.030153689607045342,0.17671713103929532,0.010281884527091443,0.1819874999999999,0.17364374999999985,0.18299999999999983,0.15909172071612493,0.14857131039295457,1.0,1.0,0.9,0.0,0.0,0.0,0.0,0.0,0.0,0.003015368960704534,0.030153689607045342,0.016584529283874903,0.030153689607045342,1.0,0.1,0.1,0.1,0.1,0.0,0.1,0.9,0.0,0.1,0.9,0.0,0.1,0.9,0.0,0.1,0.9,0.0,0.1,0.0,0.1,0.1,0.1,0.1,0.1,0.0,0.0,0.0,0.0,0.1,0.1,1.0,1.0,1.0,0.1,1.0,1.0,1.0,1.0,1.0,1.0,1,0,0.0,0.0,0.1,0.0,0.0,0.0,0.0,0.0,0.0,0.0,0.0,1.0,0.0,0.0,0.0,0.0,0.0,-0.6202674999871813,9.33517426776006e-22,9.33517426776006e-22,0.0,0.0,0.0,0,0,0,0,C1,0.0,0.0,0.17671713103929532,0.9,1.0,0.1,0.0,0.0,0.17671713103929532
phaseflip,dephasing,0.1,4,0.0,0.03,10,qiskit_aer,1,1,0.8202674999999998,0.6290758333333333,0.09999999999999999,0.0,0.0,0.0,0.0,0.0,0.17973249999999985,0.004220086640105866,0.1819874999999999,0.1787249999999999,0.18299999999999983,0.17194999999999983,0.17194999999999983,1.0,0.8,1.0,0.0,0.0,0.0,0.0,0.0,0.1495788103929545,0.004220086640105866,0.15183381039295457,0.14857131039295457,0.1528463103929545,0.14179631039295448,0.14179631039295448,1.0,1.0,0.0,0.0,0.0,0.0,0.0,0.0,0.17370176207859078,0.013245386656059694,0.1819874999999999,0.17194999999999983,0.18299999999999983,0.14857131039295457,0.14857131039295457,1.0,1.0,0.8,0.0,0.0,0.0,0.0,0.0,0.0,0.006030737921409068,0.060307379214090684,0.030153689607045342,0.030153689607045342,0.17370176207859078,0.013245386656059694,0.1819874999999999,0.17194999999999983,0.18299999999999983,0.14857131039295457,0.14857131039295457,1.0,1.0,0.8,0.0,0.0,0.0,0.0,0.0,0.0,0.006030737921409068,0.060307379214090684,0.030153689607045342,0.030153689607045342,0.17370176207859078,0.013245386656059694,0.1819874999999999,0.17194999999999983,0.18299999999999983,0.14857131039295457,0.14857131039295457,1.0,1.0,0.8,0.0,0.0,0.0,0.0,0.0,0.0,0.006030737921409068,0.060307379214090684,0.030153689607045342,0.030153689607045342,0.17370176207859078,0.013245386656059694,0.1819874999999999,0.17194999999999983,0.18299999999999983,0.14857131039295457,0.14857131039295457,1.0,1.0,0.8,0.0,0.0,0.0,0.0,0.0,0.0,0.006030737921409068,0.060307379214090684,0.030153689607045342,0.030153689607045342,1.0,0.2,0.2,0.2,0.2,0.0,0.2,0.8,0.0,0.2,0.8,0.0,0.2,0.8,0.0,0.2,0.8,0.0,0.2,0.0,0.2,0.2,0.2,0.2,0.2,0.0,0.0,0.0,0.0,0.2,0.2,1.0,1.0,1.0,0.2,1.0,1.0,1.0,1.0,1.0,1.0,2,0,0.0,0.0,0.2,0.0,0.0,0.0,0.0,0.0,0.0,0.0,0.0,1.0,0.0,0.0,0.0,0.0,0.0,-0.2290758333213947,3.099630017959843e-21,3.099630017959843e-21,0.0,0.06,0.06,0,0,0,0,C1,0.0,0.0,0.17370176207859078,0.8,1.0,0.2,0.0,0.0,0.17370176207859078
phaseflip,dephasing,0.1,4,0.0,0.05,10,qiskit_aer,1,1,0.8202674999999998,0.5744441666666665,0.18888888888888888,0.0,0.0,0.0,0.0,0.0,0.17973249999999985,0.004220086640105866,0.1819874999999999,0.1787249999999999,0.18299999999999983,0.17194999999999983,0.17194999999999983,1.0,0.8,1.0,0.0,0.0,0.0,0.0,0.0,0.1495788103929545,0.004220086640105866,0.15183381039295457,0.14857131039295457,0.1528463103929545,0.14179631039295448,0.14179631039295448,1.0,1.0,0.0,0.0,0.0,0.0,0.0,0.0,0.17370176207859078,0.013245386656059694,0.1819874999999999,0.17194999999999983,0.18299999999999983,0.14857131039295457,0.14857131039295457,1.0,1.0,0.8,0.0,0.0,0.0,0.0,0.0,0.0,0.006030737921409068,0.060307379214090684,0.030153689607045342,0.030153689607045342,0.17370176207859078,0.013245386656059694,0.1819874999999999,0.17194999999999983,0.18299999999999983,0.14857131039295457,0.14857131039295457,1.0,1.0,0.8,0.0,0.0,0.0,0.0,0.0,0.0,0.006030737921409068,0.060307379214090684,0.030153689607045342,0.030153689607045342,0.17370176207859078,0.013245386656059694,0.1819874999999999,0.17194999999999983,0.18299999999999983,0.14857131039295457,0.14857131039295457,1.0,1.0,0.8,0.0,0.0,0.0,0.0,0.0,0.0,0.006030737921409068,0.060307379214090684,0.030153689607045342,0.030153689607045342,0.17370176207859078,0.013245386656059694,0.1819874999999999,0.17194999999999983,0.18299999999999983,0.14857131039295457,0.14857131039295457,1.0,1.0,0.8,0.0,0.0,0.0,0.0,0.0,0.0,0.006030737921409068,0.060307379214090684,0.030153689607045342,0.030153689607045342,1.0,0.2,0.2,0.2,0.2,0.0,0.2,0.8,0.0,0.2,0.8,0.0,0.2,0.8,0.0,0.2,0.8,0.0,0.2,0.0,0.2,0.2,0.2,0.2,0.2,0.0,0.0,0.0,0.0,0.2,0.2,1.0,1.0,1.0,0.2,1.0,1.0,1.0,1.0,1.0,1.0,2,0,0.0,0.0,0.2,0.0,0.0,0.0,0.0,0.0,0.0,0.0,0.0,1.0,0.0,0.0,0.0,0.0,0.0,-0.17444416665391738,1.867034853552012e-21,1.867034853552012e-21,0.0,0.1,0.1,0,0,0,0,C1,0.0,0.0,0.17370176207859078,0.8,1.0,0.2,0.0,0.0,0.17370176207859078
phaseflip,dephasing,0.1,4,0.0,0.1,10,qiskit_aer,1,1,0.8202674999999998,0.5016819444444444,0.3333333333333333,0.0,0.0,0.0,0.0,0.0,0.17973249999999985,0.004220086640105866,0.1819874999999999,0.1787249999999999,0.18299999999999983,0.17194999999999983,0.17194999999999983,1.0,0.9,1.0,0.0,0.0,0.0,0.0,0.0,0.1495788103929545,0.004220086640105866,0.15183381039295457,0.14857131039295457,0.1528463103929545,0.14179631039295448,0.14179631039295448,1.0,1.0,0.0,0.0,0.0,0.0,0.0,0.0,0.17671713103929532,0.010281884527091443,0.1819874999999999,0.17364374999999985,0.18299999999999983,0.15909172071612493,0.14857131039295457,1.0,1.0,0.9,0.0,0.0,0.0,0.0,0.0,0.0,0.003015368960704534,0.030153689607045342,0.016584529283874903,0.030153689607045342,0.17671713103929532,0.010281884527091443,0.1819874999999999,0.17364374999999985,0.18299999999999983,0.15909172071612493,0.14857131039295457,1.0,1.0,0.9,0.0,0.0,0.0,0.0,0.0,0.0,0.003015368960704534,0.030153689607045342,0.016584529283874903,0.030153689607045342,0.17671713103929532,0.010281884527091443,0.1819874999999999,0.17364374999999985,0.18299999999999983,0.15909172071612493,0.14857131039295457,1.0,1.0,0.9,0.0,0.0,0.0,0.0,0.0,0.0,0.003015368960704534,0.030153689607045342,0.016584529283874903,0.030153689607045342,0.17671713103929532,0.010281884527091443,0.1819874999999999,0.17364374999999985,0.18299999999999983,0.15909172071612493,0.14857131039295457,1.0,1.0,0.9,0.0,0.0,0.0,0.0,0.0,0.0,0.003015368960704534,0.030153689607045342,0.016584529283874903,0.030153689607045342,1.0,0.1,0.1,0.1,0.1,0.0,0.1,0.9,0.0,0.1,0.9,0.0,0.1,0.9,0.0,0.1,0.9,0.0,0.1,0.0,0.1,0.1,0.1,0.1,0.1,0.0,0.0,0.0,0.0,0.1,0.1,1.0,1.0,1.0,0.1,1.0,1.0,1.0,1.0,1.0,1.0,1,0,0.0,0.0,0.1,0.0,0.0,0.0,0.0,0.0,0.0,0.0,0.0,1.0,0.0,0.0,0.0,0.0,0.0,-0.30168194443217844,2.166112591183837e-21,2.166112591183837e-21,0.0,0.2,0.2,0,0,0,0,C1,0.0,0.0,0.17671713103929532,0.9,1.0,0.1,0.0,0.0,0.17671713103929532
phaseflip,dephasing,0.1,4,0.25,0.0,10,qiskit_aer,1,1,0.8202674999999998,0.5357813888888888,0.2222222222222222,0.11111111111111113,0.0,0.0,0.0,0.9,0.17973249999999985,0.004220086640105866,0.1819874999999999,0.1787249999999999,0.18299999999999983,0.17194999999999983,0.17194999999999983,1.0,1.0,1.0,0.0,0.0,0.0,0.0,0.0,0.1495788103929545,0.004220086640105866,0.15183381039295457,0.14857131039295457,0.1528463103929545,0.14179631039295448,0.14179631039295448,1.0,1.0,0.0,0.0,0.0,0.0,0.0,0.0,0.17973249999999985,0.004220086640105866,0.1819874999999999,0.1787249999999999,0.18299999999999983,0.17194999999999983,0.17194999999999983,1.0,1.0,1.0,0.0,0.0,0.0,0.0,0.0,0.0,0.0,0.0,0.0,0.0,0.17973249999999985,0.004220086640105866,0.1819874999999999,0.1787249999999999,0.18299999999999983,0.17194999999999983,0.17194999999999983,1.0,1.0,1.0,0.0,0.0,0.0,0.0,0.0,0.0,0.0,0.0,0.0,0.0,0.17973249999999985,0.004220086640105866,0.1819874999999999,0.1787249999999999,0.18299999999999983,0.17194999999999983,0.17194999999999983,1.0,1.0,1.0,0.0,0.0,0.0,0.0,0.0,0.0,0.0,0.0,0.0,0.0,0.17973249999999985,0.004220086640105866,0.1819874999999999,0.1787249999999999,0.18299999999999983,0.17194999999999983,0.17194999999999983,1.0,1.0,1.0,0.0,0.0,0.0,0.0,0.0,0.0,0.0,0.0,0.0,0.0,1.0,0.0,0.0,0.0,0.0,0.0,0.0,1.0,0.0,0.0,1.0,0.0,0.0,1.0,0.0,0.0,1.0,0.0,0.0,0.0,0.0,0.0,0.0,0.0,0.0,0.0,0.0,0.0,0.0,0.0,0.0,1.0,1.0,1.0,0.0,0.0,0.0,0.0,0.0,0.0,0.0,0,0,0.0,0.0,0.0,0.0,0.0,0.0,0.0,0.0,0.0,0.0,0.0,1.0,0.0,0.0,0.0,0.0,0.0,-0.5357813888752707,0.0,0.0,0.0,0.36111111111111116,0.36111111111111116,0,0,0,0,C1,0.0,0.0,0.17973249999999985,1.0,1.0,0.0,0.0,0.0,0.17973249999999985
phaseflip,dephasing,0.1,4,0.25,0.03,10,qiskit_aer,1,1,0.8202674999999998,0.5084309027777777,0.3,0.11111111111111113,0.0,0.0,0.0,0.9,0.17973249999999985,0.004220086640105866,0.1819874999999999,0.1787249999999999,0.18299999999999983,0.17194999999999983,0.17194999999999983,1.0,0.8,1.0,0.0,0.0,0.0,0.0,0.0,0.1495788103929545,0.004220086640105866,0.15183381039295457,0.14857131039295457,0.1528463103929545,0.14179631039295448,0.14179631039295448,1.0,1.0,0.0,0.0,0.0,0.0,0.0,0.0,0.17370176207859078,0.013245386656059694,0.1819874999999999,0.17194999999999983,0.18299999999999983,0.14857131039295457,0.14857131039295457,1.0,1.0,0.8,0.0,0.0,0.0,0.0,0.0,0.0,0.006030737921409068,0.060307379214090684,0.030153689607045342,0.030153689607045342,0.17370176207859078,0.013245386656059694,0.1819874999999999,0.17194999999999983,0.18299999999999983,0.14857131039295457,0.14857131039295457,1.0,1.0,0.8,0.0,0.0,0.0,0.0,0.0,0.0,0.006030737921409068,0.060307379214090684,0.030153689607045342,0.030153689607045342,0.17370176207859078,0.013245386656059694,0.1819874999999999,0.17194999999999983,0.18299999999999983,0.14857131039295457,0.14857131039295457,1.0,1.0,0.8,0.0,0.0,0.0,0.0,0.0,0.0,0.006030737921409068,0.060307379214090684,0.030153689607045342,0.030153689607045342,0.17370176207859078,0.013245386656059694,0.1819874999999999,0.17194999999999983,0.18299999999999983,0.14857131039295457,0.14857131039295457,1.0,1.0,0.8,0.0,0.0,0.0,0.0,0.0,0.0,0.006030737921409068,0.060307379214090684,0.030153689607045342,0.030153689607045342,1.0,0.2,0.2,0.2,0.2,0.0,0.2,0.8,0.0,0.2,0.8,0.0,0.2,0.8,0.0,0.2,0.8,0.0,0.2,0.0,0.2,0.2,0.2,0.2,0.2,0.0,0.0,0.0,0.0,0.2,0.2,1.0,1.0,1.0,0.2,1.0,1.0,1.0,1.0,1.0,1.0,2,0,0.0,0.0,0.2,0.0,0.0,0.0,0.0,0.0,0.0,0.0,0.0,1.0,0.0,0.0,0.0,0.0,0.0,-0.10843090276601505,3.099630017959843e-21,3.099630017959843e-21,0.0,0.4211111111111112,0.4211111111111112,0,0,0,0,C1,0.0,0.0,0.17370176207859078,0.8,1.0,0.2,0.0,0.0,0.17370176207859078
phaseflip,dephasing,0.1,4,0.25,0.05,10,qiskit_aer,1,1,0.8202674999999998,0.46750798611111105,0.36666666666666664,0.11111111111111113,0.0,0.0,0.0,0.9,0.17973249999999985,0.004220086640105866,0.1819874999999999,0.1787249999999999,0.18299999999999983,0.17194999999999983,0.17194999999999983,1.0,0.9,1.0,0.0,0.0,0.0,0.0,0.0,0.1495788103929545,0.004220086640105866,0.15183381039295457,0.14857131039295457,0.1528463103929545,0.14179631039295448,0.14179631039295448,1.0,1.0,0.0,0.0,0.0,0.0,0.0,0.0,0.17671713103929532,0.010281884527091443,0.1819874999999999,0.17364374999999985,0.18299999999999983,0.15909172071612493,0.14857131039295457,1.0,1.0,0.9,0.0,0.0,0.0,0.0,0.0,0.0,0.003015368960704534,0.030153689607045342,0.016584529283874903,0.030153689607045342,0.17671713103929532,0.010281884527091443,0.1819874999999999,0.17364374999999985,0.18299999999999983,0.15909172071612493,0.14857131039295457,1.0,1.0,0.9,0.0,0.0,0.0,0.0,0.0,0.0,0.003015368960704534,0.030153689607045342,0.016584529283874903,0.030153689607045342,0.17671713103929532,0.010281884527091443,0.1819874999999999,0.17364374999999985,0.18299999999999983,0.15909172071612493,0.14857131039295457,1.0,1.0,0.9,0.0,0.0,0.0,0.0,0.0,0.0,0.003015368960704534,0.030153689607045342,0.016584529283874903,0.030153689607045342,0.17671713103929532,0.010281884527091443,0.1819874999999999,0.17364374999999985,0.18299999999999983,0.15909172071612493,0.14857131039295457,1.0,1.0,0.9,0.0,0.0,0.0,0.0,0.0,0.0,0.003015368960704534,0.030153689607045342,0.016584529283874903,0.030153689607045342,1.0,0.1,0.1,0.1,0.1,0.0,0.1,0.9,0.0,0.1,0.9,0.0,0.1,0.9,0.0,0.1,0.9,0.0,0.1,0.0,0.1,0.1,0.1,0.1,0.1,0.0,0.0,0.0,0.0,0.1,0.1,1.0,1.0,1.0,0.1,1.0,1.0,1.0,1.0,1.0,1.0,1,0,0.0,0.0,0.1,0.0,0.0,0.0,0.0,0.0,0.0,0.0,0.0,1.0,0.0,0.0,0.0,0.0,0.0,-0.2675079860989079,2.166112591183837e-21,2.166112591183837e-21,0.0,0.46111111111111114,0.46111111111111114,0,0,0,0,C1,0.0,0.0,0.17671713103929532,0.9,1.0,0.1,0.0,0.0,0.17671713103929532
phaseflip,dephasing,0.1,4,0.25,0.1,10,qiskit_aer,1,1,0.8202674999999998,0.39701520833333326,0.5111111111111111,0.11111111111111113,0.0,0.0,0.0,0.9,0.17973249999999985,0.004220086640105866,0.1819874999999999,0.1787249999999999,0.18299999999999983,0.17194999999999983,0.17194999999999983,1.0,0.9,1.0,0.0,0.0,0.0,0.0,0.0,0.1495788103929545,0.004220086640105866,0.15183381039295457,0.14857131039295457,0.1528463103929545,0.14179631039295448,0.14179631039295448,1.0,1.0,0.0,0.0,0.0,0.0,0.0,0.0,0.17671713103929532,0.010281884527091443,0.1819874999999999,0.17364374999999985,0.18299999999999983,0.15909172071612493,0.14857131039295457,1.0,1.0,0.9,0.0,0.0,0.0,0.0,0.0,0.0,0.003015368960704534,0.030153689607045342,0.016584529283874903,0.030153689607045342,0.17671713103929532,0.010281884527091443,0.1819874999999999,0.17364374999999985,0.18299999999999983,0.15909172071612493,0.14857131039295457,1.0,1.0,0.9,0.0,0.0,0.0,0.0,0.0,0.0,0.003015368960704534,0.030153689607045342,0.016584529283874903,0.030153689607045342,0.17671713103929532,0.010281884527091443,0.1819874999999999,0.17364374999999985,0.18299999999999983,0.15909172071612493,0.14857131039295457,1.0,1.0,0.9,0.0,0.0,0.0,0.0,0.0,0.0,0.003015368960704534,0.030153689607045342,0.016584529283874903,0.030153689607045342,0.17671713103929532,0.010281884527091443,0.1819874999999999,0.17364374999999985,0.18299999999999983,0.15909172071612493,0.14857131039295457,1.0,1.0,0.9,0.0,0.0,0.0,0.0,0.0,0.0,0.003015368960704534,0.030153689607045342,0.016584529283874903,0.030153689607045342,1.0,0.1,0.1,0.1,0.1,0.0,0.1,0.9,0.0,0.1,0.9,0.0,0.1,0.9,0.0,0.1,0.9,0.0,0.1,0.0,0.1,0.1,0.1,0.1,0.1,0.0,0.0,0.0,0.0,0.1,0.1,1.0,1.0,1.0,0.1,1.0,1.0,1.0,1.0,1.0,1.0,1,0,0.0,0.0,0.1,0.0,0.0,0.0,0.0,0.0,0.0,0.0,0.0,1.0,0.0,0.0,0.0,0.0,0.0,-0.1970152083206882,9.33517426776006e-22,9.33517426776006e-22,0.0,0.5611111111111111,0.5611111111111111,0,0,0,0,C1,0.0,0.0,0.17671713103929532,0.9,1.0,0.1,0.0,0.0,0.17671713103929532
phaseflip,dephasing,0.1,4,0.5,0.0,10,qiskit_aer,1,1,0.8202674999999998,0.45813111111111104,0.43333333333333335,0.21666666666666667,0.0,0.0,0.0,1.0,0.17973249999999985,0.004220086640105866,0.1819874999999999,0.1787249999999999,0.18299999999999983,0.17194999999999983,0.17194999999999983,1.0,0.9,1.0,0.0,0.0,0.0,0.0,0.0,0.1495788103929545,0.004220086640105866,0.15183381039295457,0.14857131039295457,0.1528463103929545,0.14179631039295448,0.14179631039295448,1.0,1.0,0.0,0.0,0.0,0.0,0.0,0.0,0.17671713103929532,0.010281884527091443,0.1819874999999999,0.17364374999999985,0.18299999999999983,0.15909172071612493,0.14857131039295457,1.0,1.0,0.9,0.0,0.0,0.0,0.0,0.0,0.0,0.003015368960704534,0.030153689607045342,0.016584529283874903,0.030153689607045342,0.17671713103929532,0.010281884527091443,0.1819874999999999,0.17364374999999985,0.18299999999999983,0.15909172071612493,0.14857131039295457,1.0,1.0,0.9,0.0,0.0,0.0,0.0,0.0,0.0,0.003015368960704534,0.030153689607045342,0.016584529283874903,0.030153689607045342,0.17671713103929532,0.010281884527091443,0.1819874999999999,0.17364374999999985,0.18299999999999983,0.15909172071612493,0.14857131039295457,1.0,1.0,0.9,0.0,0.0,0.0,0.0,0.0,0.0,0.003015368960704534,0.030153689607045342,0.016584529283874903,0.030153689607045342,0.17671713103929532,0.010281884527091443,0.1819874999999999,0.17364374999999985,0.18299999999999983,0.15909172071612493,0.14857131039295457,1.0,1.0,0.9,0.0,0.0,0.0,0.0,0.0,0.0,0.003015368960704534,0.030153689607045342,0.016584529283874903,0.030153689607045342,1.0,0.1,0.1,0.1,0.1,0.0,0.1,0.9,0.0,0.1,0.9,0.0,0.1,0.9,0.0,0.1,0.9,0.0,0.1,0.0,0.1,0.1,0.1,0.1,0.1,0.0,0.0,0.0,0.0,0.1,0.1,1.0,1.0,1.0,0.1,1.0,1.0,1.0,1.0,1.0,1.0,1,0,0.0,0.0,0.1,0.0,0.0,0.0,0.0,0.0,0.0,0.0,0.0,1.0,0.0,0.0,0.0,0.0,0.0,-0.2581311110983529,9.33517426776006e-22,9.33517426776006e-22,0.0,0.7166666666666667,0.7166666666666667,0,0,0,0,C1,0.0,0.0,0.17671713103929532,0.9,1.0,0.1,0.0,0.0,0.17671713103929532
phaseflip,dephasing,0.1,4,0.5,0.03,10,qiskit_aer,1,1,0.8202674999999998,0.42624173611111105,0.4888888888888889,0.21666666666666667,0.0,0.0,0.0,1.0,0.17973249999999985,0.004220086640105866,0.1819874999999999,0.1787249999999999,0.18299999999999983,0.17194999999999983,0.17194999999999983,1.0,0.8,1.0,0.0,0.0,0.0,0.0,0.0,0.1495788103929545,0.004220086640105866,0.15183381039295457,0.14857131039295457,0.1528463103929545,0.14179631039295448,0.14179631039295448,1.0,1.0,0.0,0.0,0.0,0.0,0.0,0.0,0.17370176207859078,0.013245386656059694,0.1819874999999999,0.17194999999999983,0.18299999999999983,0.14857131039295457,0.14857131039295457,1.0,1.0,0.8,0.0,0.0,0.0,0.0,0.0,0.0,0.006030737921409068,0.060307379214090684,0.030153689607045342,0.030153689607045342,0.17370176207859078,0.013245386656059694,0.1819874999999999,0.17194999999999983,0.18299999999999983,0.14857131039295457,0.14857131039295457,1.0,1.0,0.8,0.0,0.0,0.0,0.0,0.0,0.0,0.006030737921409068,0.060307379214090684,0.030153689607045342,0.030153689607045342,0.17370176207859078,0.013245386656059694,0.1819874999999999,0.17194999999999983,0.18299999999999983,0.14857131039295457,0.14857131039295457,1.0,1.0,0.8,0.0,0.0,0.0,0.0,0.0,0.0,0.006030737921409068,0.060307379214090684,0.030153689607045342,0.030153689607045342,0.17370176207859078,0.013245386656059694,0.1819874999999999,0.17194999999999983,0.18299999999999983,0.14857131039295457,0.14857131039295457,1.0,1.0,0.8,0.0,0.0,0.0,0.0,0.0,0.0,0.006030737921409068,0.060307379214090684,0.030153689607045342,0.030153689607045342,1.0,0.2,0.2,0.2,0.2,0.0,0.2,0.8,0.0,0.2,0.8,0.0,0.2,0.8,0.0,0.2,0.8,0.0,0.2,0.0,0.2,0.2,0.2,0.2,0.2,0.0,0.0,0.0,0.0,0.2,0.2,1.0,1.0,1.0,0.2,1.0,1.0,1.0,1.0,1.0,1.0,2,0,0.0,0.0,0.2,0.0,0.0,0.0,0.0,0.0,0.0,0.0,0.0,1.0,0.0,0.0,0.0,0.0,0.0,-0.026241736099653412,3.099630017959843e-21,3.099630017959843e-21,0.0,0.7766666666666667,0.7766666666666667,0,0,0,0,C1,0.0,0.0,0.17370176207859078,0.8,1.0,0.2,0.0,0.0,0.17370176207859078
phaseflip,dephasing,0.1,4,0.5,0.05,10,qiskit_aer,1,1,0.8202674999999998,0.3784184027777777,0.5444444444444444,0.21666666666666667,0.0,0.0,0.0,1.0,0.17973249999999985,0.004220086640105866,0.1819874999999999,0.1787249999999999,0.18299999999999983,0.17194999999999983,0.17194999999999983,1.0,1.0,1.0,0.0,0.0,0.0,0.0,0.0,0.1495788103929545,0.004220086640105866,0.15183381039295457,0.14857131039295457,0.1528463103929545,0.14179631039295448,0.14179631039295448,1.0,1.0,0.0,0.0,0.0,0.0,0.0,0.0,0.17973249999999985,0.004220086640105866,0.1819874999999999,0.1787249999999999,0.18299999999999983,0.17194999999999983,0.17194999999999983,1.0,1.0,1.0,0.0,0.0,0.0,0.0,0.0,0.0,0.0,0.0,0.0,0.0,0.17973249999999985,0.004220086640105866,0.1819874999999999,0.1787249999999999,0.18299999999999983,0.17194999999999983,0.17194999999999983,1.0,1.0,1.0,0.0,0.0,0.0,0.0,0.0,0.0,0.0,0.0,0.0,0.0,0.17973249999999985,0.004220086640105866,0.1819874999999999,0.1787249999999999,0.18299999999999983,0.17194999999999983,0.17194999999999983,1.0,1.0,1.0,0.0,0.0,0.0,0.0,0.0,0.0,0.0,0.0,0.0,0.0,0.17973249999999985,0.004220086640105866,0.1819874999999999,0.1787249999999999,0.18299999999999983,0.17194999999999983,0.17194999999999983,1.0,1.0,1.0,0.0,0.0,0.0,0.0,0.0,0.0,0.0,0.0,0.0,0.0,1.0,0.0,0.0,0.0,0.0,0.0,0.0,1.0,0.0,0.0,1.0,0.0,0.0,1.0,0.0,0.0,1.0,0.0,0.0,0.0,0.0,0.0,0.0,0.0,0.0,0.0,0.0,0.0,0.0,0.0,0.0,1.0,1.0,1.0,0.0,0.0,0.0,0.0,0.0,0.0,0.0,0,0,0.0,0.0,0.0,0.0,0.0,0.0,0.0,0.0,0.0,0.0,0.0,1.0,0.0,0.0,0.0,0.0,0.0,-0.37841840276506095,0.0,0.0,0.0,0.8166666666666668,0.8166666666666668,0,0,0,0,C1,0.0,0.0,0.17973249999999985,1.0,1.0,0.0,0.0,0.0,0.17973249999999985
phaseflip,dephasing,0.1,4,0.5,0.1,10,qiskit_aer,1,1,0.8202674999999998,0.3169915277777777,0.6555555555555556,0.21666666666666667,0.0,0.0,0.0,1.0,0.17973249999999985,0.004220086640105866,0.1819874999999999,0.1787249999999999,0.18299999999999983,0.17194999999999983,0.17194999999999983,1.0,0.8,1.0,0.0,0.0,0.0,0.0,0.0,0.1495788103929545,0.004220086640105866,0.15183381039295457,0.14857131039295457,0.1528463103929545,0.14179631039295448,0.14179631039295448,1.0,1.0,0.0,0.0,0.0,0.0,0.0,0.0,0.17370176207859078,0.013245386656059694,0.1819874999999999,0.17194999999999983,0.18299999999999983,0.14857131039295457,0.14857131039295457,1.0,1.0,0.8,0.0,0.0,0.0,0.0,0.0,0.0,0.006030737921409068,0.060307379214090684,0.030153689607045342,0.030153689607045342,0.17370176207859078,0.013245386656059694,0.1819874999999999,0.17194999999999983,0.18299999999999983,0.14857131039295457,0.14857131039295457,1.0,1.0,0.8,0.0,0.0,0.0,0.0,0.0,0.0,0.006030737921409068,0.060307379214090684,0.030153689607045342,0.030153689607045342,0.17370176207859078,0.013245386656059694,0.1819874999999999,0.17194999999999983,0.18299999999999983,0.14857131039295457,0.14857131039295457,1.0,1.0,0.8,0.0,0.0,0.0,0.0,0.0,0.0,0.006030737921409068,0.060307379214090684,0.030153689607045342,0.030153689607045342,0.17370176207859078,0.013245386656059694,0.1819874999999999,0.17194999999999983,0.18299999999999983,0.14857131039295457,0.14857131039295457,1.0,1.0,0.8,0.0,0.0,0.0,0.0,0.0,0.0,0.006030737921409068,0.060307379214090684,0.030153689607045342,0.030153689607045342,1.0,0.2,0.2,0.2,0.2,0.0,0.2,0.8,0.0,0.2,0.8,0.0,0.2,0.8,0.0,0.2,0.8,0.0,0.2,0.0,0.2,0.2,0.2,0.2,0.2,0.0,0.0,0.0,0.0,0.2,0.2,1.0,1.0,0.9,0.2,1.0,1.0,1.0,1.0,1.0,1.0,2,0,0.0,0.0,0.2,0.0,0.0,0.0,0.0,0.0,0.0,0.0,0.0,1.0,0.0,0.0,0.0,0.0,0.0,0.08300847223448586,1.867034853552012e-21,1.867034853552012e-21,0.0,0.9133333333333333,0.9166666666666666,0,0,0,0,C1,0.0,0.0,0.17370176207859078,0.8,1.0,0.2,0.0,0.0,0.17370176207859078
phaseflip,dephasing,0.1,4,0.75,0.0,10,qiskit_aer,1,1,0.8202674999999998,0.3397189583333333,0.7,0.35,0.0,0.0,0.0,1.0,0.17973249999999985,0.004220086640105866,0.1819874999999999,0.1787249999999999,0.18299999999999983,0.17194999999999983,0.17194999999999983,1.0,1.0,1.0,0.0,0.0,0.0,0.0,0.0,0.1495788103929545,0.004220086640105866,0.15183381039295457,0.14857131039295457,0.1528463103929545,0.14179631039295448,0.14179631039295448,1.0,1.0,0.0,0.0,0.0,0.0,0.0,0.0,0.17973249999999985,0.004220086640105866,0.1819874999999999,0.1787249999999999,0.18299999999999983,0.17194999999999983,0.17194999999999983,1.0,1.0,1.0,0.0,0.0,0.0,0.0,0.0,0.0,0.0,0.0,0.0,0.0,0.17973249999999985,0.004220086640105866,0.1819874999999999,0.1787249999999999,0.18299999999999983,0.17194999999999983,0.17194999999999983,1.0,1.0,1.0,0.0,0.0,0.0,0.0,0.0,0.0,0.0,0.0,0.0,0.0,0.17973249999999985,0.004220086640105866,0.1819874999999999,0.1787249999999999,0.18299999999999983,0.17194999999999983,0.17194999999999983,1.0,1.0,1.0,0.0,0.0,0.0,0.0,0.0,0.0,0.0,0.0,0.0,0.0,0.17973249999999985,0.004220086640105866,0.1819874999999999,0.1787249999999999,0.18299999999999983,0.17194999999999983,0.17194999999999983,1.0,1.0,1.0,0.0,0.0,0.0,0.0,0.0,0.0,0.0,0.0,0.0,0.0,1.0,0.0,0.0,0.0,0.0,0.0,0.0,1.0,0.0,0.0,1.0,0.0,0.0,1.0,0.0,0.0,1.0,0.0,0.0,0.0,0.0,0.0,0.0,0.0,0.0,0.0,0.0,0.0,0.0,0.0,0.0,1.0,1.0,0.0,0.0,0.0,0.0,0.0,0.0,0.0,0.0,0,0,0.0,0.0,0.0,0.0,0.0,0.0,0.0,0.0,0.0,0.0,0.0,1.0,0.0,0.0,0.0,0.0,0.0,-0.33971895832079235,0.0,0.0,0.0,1.0,1.1,0,0,0,0,C1,0.0,0.0,0.17973249999999985,1.0,1.0,0.0,0.0,0.0,0.17973249999999985
phaseflip,dephasing,0.1,4,0.75,0.03,10,qiskit_aer,1,1,0.8202674999999998,0.32144624999999993,0.7333333333333333,0.35,0.0,0.0,0.0,1.0,0.17973249999999985,0.004220086640105866,0.1819874999999999,0.1787249999999999,0.18299999999999983,0.17194999999999983,0.17194999999999983,1.0,0.8,1.0,0.0,0.0,0.0,0.0,0.0,0.1495788103929545,0.004220086640105866,0.15183381039295457,0.14857131039295457,0.1528463103929545,0.14179631039295448,0.14179631039295448,1.0,1.0,0.0,0.0,0.0,0.0,0.0,0.0,0.17370176207859078,0.013245386656059694,0.1819874999999999,0.17194999999999983,0.18299999999999983,0.14857131039295457,0.14857131039295457,1.0,1.0,0.8,0.0,0.0,0.0,0.0,0.0,0.0,0.006030737921409068,0.060307379214090684,0.030153689607045342,0.030153689607045342,0.17370176207859078,0.013245386656059694,0.1819874999999999,0.17194999999999983,0.18299999999999983,0.14857131039295457,0.14857131039295457,1.0,1.0,0.8,0.0,0.0,0.0,0.0,0.0,0.0,0.006030737921409068,0.060307379214090684,0.030153689607045342,0.030153689607045342,0.17370176207859078,0.013245386656059694,0.1819874999999999,0.17194999999999983,0.18299999999999983,0.14857131039295457,0.14857131039295457,1.0,1.0,0.8,0.0,0.0,0.0,0.0,0.0,0.0,0.006030737921409068,0.060307379214090684,0.030153689607045342,0.030153689607045342,0.17973249999999985,0.004220086640105866,0.1819874999999999,0.1787249999999999,0.18299999999999983,0.17194999999999983,0.17194999999999983,1.0,0.8,1.0,0.0,0.0,0.0,0.0,0.0,1.867034853552012e-21,0.0,0.0,0.0,0.0,1.0,0.2,0.2,0.2,0.0,0.2,0.2,0.8,0.0,0.2,0.8,0.0,0.2,0.8,0.0,0.0,1.0,0.0,0.2,0.0,0.2,0.2,0.0,0.2,0.2,0.2,0.0,0.0,0.0,0.2,0.2,1.0,1.0,0.0,0.0,1.0,1.0,1.0,1.0,0.0,0.0,2,2,0.2,1.0,0.2,0.0,0.2,0.0,1.0,0.0,1.0,1.0,0.0,1.0,0.060307379214090684,0.0,0.060307379214090684,0.006030737921409068,0.060307379214090684,0.07855375001267681,1.867034853552012e-21,1.867034853552012e-21,0.0,1.0,1.1600000000000001,0,0,0,2,C3R,0.0,0.0,0.17973249999999985,1.0,1.0,0.0,0.0,0.0,0.17973249999999985
phaseflip,dephasing,0.1,4,0.75,0.05,10,qiskit_aer,1,1,0.8202674999999998,0.28046687499999995,0.7777777777777778,0.35,0.0,0.0,0.0,1.0,0.17973249999999985,0.004220086640105866,0.1819874999999999,0.1787249999999999,0.18299999999999983,0.17194999999999983,0.17194999999999983,1.0,0.9,1.0,0.0,0.0,0.0,0.0,0.0,0.1495788103929545,0.004220086640105866,0.15183381039295457,0.14857131039295457,0.1528463103929545,0.14179631039295448,0.14179631039295448,1.0,1.0,0.0,0.0,0.0,0.0,0.0,0.0,0.17671713103929532,0.010281884527091443,0.1819874999999999,0.17364374999999985,0.18299999999999983,0.15909172071612493,0.14857131039295457,1.0,1.0,0.9,0.0,0.0,0.0,0.0,0.0,0.0,0.003015368960704534,0.030153689607045342,0.016584529283874903,0.030153689607045342,0.17671713103929532,0.010281884527091443,0.1819874999999999,0.17364374999999985,0.18299999999999983,0.15909172071612493,0.14857131039295457,1.0,1.0,0.9,0.0,0.0,0.0,0.0,0.0,0.0,0.003015368960704534,0.030153689607045342,0.016584529283874903,0.030153689607045342,0.17671713103929532,0.010281884527091443,0.1819874999999999,0.17364374999999985,0.18299999999999983,0.15909172071612493,0.14857131039295457,1.0,1.0,0.9,0.0,0.0,0.0,0.0,0.0,0.0,0.003015368960704534,0.030153689607045342,0.016584529283874903,0.030153689607045342,0.17973249999999985,0.004220086640105866,0.1819874999999999,0.1787249999999999,0.18299999999999983,0.17194999999999983,0.17194999999999983,1.0,0.9,1.0,0.0,0.0,0.0,0.0,0.0,9.33517426776006e-22,0.0,0.0,0.0,0.0,1.0,0.1,0.1,0.1,0.0,0.1,0.1,0.9,0.0,0.1,0.9,0.0,0.1,0.9,0.0,0.0,1.0,0.0,0.1,0.0,0.1,0.1,0.0,0.1,0.1,0.1,0.0,0.0,0.0,0.1,0.1,1.0,1.0,0.0,0.0,1.0,1.0,1.0,1.0,0.0,0.0,1,1,0.1,1.0,0.1,0.0,0.1,0.0,1.0,0.0,1.0,1.0,0.0,1.0,0.030153689607045342,0.0,0.030153689607045342,0.003015368960704534,0.030153689607045342,-0.08046687498730323,9.33517426776006e-22,9.33517426776006e-22,0.0,1.0,1.2000000000000002,0,0,0,1,C3R,0.0,0.0,0.17973249999999985,1.0,1.0,0.0,0.0,0.0,0.17973249999999985
phaseflip,dephasing,0.1,4,0.75,0.1,10,qiskit_aer,1,1,0.8202674999999998,0.23727180555555552,0.8555555555555555,0.35,0.0,0.0,0.0,1.0,0.17973249999999985,0.004220086640105866,0.1819874999999999,0.1787249999999999,0.18299999999999983,0.17194999999999983,0.17194999999999983,1.0,0.9,1.0,0.0,0.0,0.0,0.0,0.0,0.1495788103929545,0.004220086640105866,0.15183381039295457,0.14857131039295457,0.1528463103929545,0.14179631039295448,0.14179631039295448,1.0,1.0,0.0,0.0,0.0,0.0,0.0,0.0,0.17671713103929532,0.010281884527091443,0.1819874999999999,0.17364374999999985,0.18299999999999983,0.15909172071612493,0.14857131039295457,1.0,1.0,0.9,0.0,0.0,0.0,0.0,0.0,0.0,0.003015368960704534,0.030153689607045342,0.016584529283874903,0.030153689607045342,0.17671713103929532,0.010281884527091443,0.1819874999999999,0.17364374999999985,0.18299999999999983,0.15909172071612493,0.14857131039295457,1.0,1.0,0.9,0.0,0.0,0.0,0.0,0.0,0.0,0.003015368960704534,0.030153689607045342,0.016584529283874903,0.030153689607045342,0.17671713103929532,0.010281884527091443,0.1819874999999999,0.17364374999999985,0.18299999999999983,0.15909172071612493,0.14857131039295457,1.0,1.0,0.9,0.0,0.0,0.0,0.0,0.0,0.0,0.003015368960704534,0.030153689607045342,0.016584529283874903,0.030153689607045342,0.17973249999999985,0.004220086640105866,0.1819874999999999,0.1787249999999999,0.18299999999999983,0.17194999999999983,0.17194999999999983,1.0,0.9,1.0,0.0,0.0,0.0,0.0,0.0,9.33517426776006e-22,0.0,0.0,0.0,0.0,1.0,0.1,0.1,0.1,0.0,0.1,0.1,0.9,0.0,0.1,0.9,0.0,0.1,0.9,0.0,0.0,1.0,0.0,0.1,0.0,0.1,0.1,0.0,0.1,0.1,0.1,0.0,0.0,0.0,0.1,0.1,1.0,1.0,0.0,0.0,1.0,1.0,1.0,1.0,0.0,0.0,1,1,0.1,1.0,0.1,0.0,0.1,0.0,1.0,0.0,1.0,1.0,0.0,1.0,0.030153689607045342,0.0,0.030153689607045342,0.003015368960704534,0.030153689607045342,-0.037271805543034574,9.33517426776006e-22,9.33517426776006e-22,0.0,1.0,1.3,0,0,0,1,C3R,0.0,0.0,0.17973249999999985,1.0,1.0,0.0,0.0,0.0,0.17973249999999985
phaseflip,dephasing,0.1,4,1.0,0.0,10,qiskit_aer,1,1,0.8202674999999998,0.1754852083333333,1.0,0.5,0.0,0.0,0.0,1.0,0.17973249999999985,0.004220086640105866,0.1819874999999999,0.1787249999999999,0.18299999999999983,0.17194999999999983,0.17194999999999983,1.0,0.8,1.0,0.0,0.0,0.0,0.0,0.0,0.1495788103929545,0.004220086640105866,0.15183381039295457,0.14857131039295457,0.1528463103929545,0.14179631039295448,0.14179631039295448,1.0,1.0,0.0,0.0,0.0,0.0,0.0,0.0,0.17370176207859078,0.013245386656059694,0.1819874999999999,0.17194999999999983,0.18299999999999983,0.14857131039295457,0.14857131039295457,1.0,1.0,0.8,0.0,0.0,0.0,0.0,0.0,0.0,0.006030737921409068,0.060307379214090684,0.030153689607045342,0.030153689607045342,0.17370176207859078,0.013245386656059694,0.1819874999999999,0.17194999999999983,0.18299999999999983,0.14857131039295457,0.14857131039295457,1.0,1.0,0.8,0.0,0.0,0.0,0.0,0.0,0.0,0.006030737921409068,0.060307379214090684,0.030153689607045342,0.030153689607045342,0.17370176207859078,0.013245386656059694,0.1819874999999999,0.17194999999999983,0.18299999999999983,0.14857131039295457,0.14857131039295457,1.0,1.0,0.8,0.0,0.0,0.0,0.0,0.0,0.0,0.006030737921409068,0.060307379214090684,0.030153689607045342,0.030153689607045342,0.17973249999999985,0.004220086640105866,0.1819874999999999,0.1787249999999999,0.18299999999999983,0.17194999999999983,0.17194999999999983,1.0,0.8,1.0,0.0,0.0,0.0,0.0,0.0,4.332225182367674e-21,0.0,0.0,0.0,0.0,1.0,0.2,0.2,0.2,0.0,0.2,0.2,0.8,0.0,0.2,0.8,0.0,0.2,0.8,0.0,0.0,1.0,0.0,0.2,0.0,0.2,0.2,0.0,0.2,0.2,0.2,0.0,0.0,0.0,0.2,0.2,1.0,1.0,0.0,0.0,1.0,1.0,1.0,1.0,0.0,0.0,2,2,0.2,1.0,0.2,0.0,0.2,0.0,1.0,0.0,1.0,1.0,0.0,1.0,0.060307379214090684,0.0,0.060307379214090684,0.006030737921409068,0.060307379214090684,0.2245147916779912,4.332225182367674e-21,4.332225182367674e-21,0.0,1.0,1.5,0,0,0,2,C3R,0.0,0.0,0.17973249999999985,1.0,1.0,0.0,0.0,0.0,0.17973249999999985
phaseflip,dephasing,0.1,4,1.0,0.03,10,qiskit_aer,1,1,0.8202674999999998,0.17319069444444443,1.0,0.5,0.0,0.0,0.0,1.0,0.17973249999999985,0.004220086640105866,0.1819874999999999,0.1787249999999999,0.18299999999999983,0.17194999999999983,0.17194999999999983,1.0,0.8,1.0,0.0,0.0,0.0,0.0,0.0,0.1495788103929545,0.004220086640105866,0.15183381039295457,0.14857131039295457,0.1528463103929545,0.14179631039295448,0.14179631039295448,1.0,1.0,0.0,0.0,0.0,0.0,0.0,0.0,0.17370176207859078,0.013245386656059694,0.1819874999999999,0.17194999999999983,0.18299999999999983,0.14857131039295457,0.14857131039295457,1.0,1.0,0.8,0.0,0.0,0.0,0.0,0.0,0.0,0.006030737921409068,0.060307379214090684,0.030153689607045342,0.030153689607045342,0.17370176207859078,0.013245386656059694,0.1819874999999999,0.17194999999999983,0.18299999999999983,0.14857131039295457,0.14857131039295457,1.0,1.0,0.8,0.0,0.0,0.0,0.0,0.0,0.0,0.006030737921409068,0.060307379214090684,0.030153689607045342,0.030153689607045342,0.17370176207859078,0.013245386656059694,0.1819874999999999,0.17194999999999983,0.18299999999999983,0.14857131039295457,0.14857131039295457,1.0,1.0,0.8,0.0,0.0,0.0,0.0,0.0,0.0,0.006030737921409068,0.060307379214090684,0.030153689607045342,0.030153689607045342,0.17973249999999985,0.004220086640105866,0.1819874999999999,0.1787249999999999,0.18299999999999983,0.17194999999999983,0.17194999999999983,1.0,0.8,1.0,0.0,0.0,0.0,0.0,0.0,1.867034853552012e-21,0.0,0.0,0.0,0.0,1.0,0.2,0.2,0.2,0.0,0.2,0.2,0.8,0.0,0.2,0.8,0.0,0.2,0.8,0.0,0.0,1.0,0.0,0.2,0.0,0.2,0.2,0.0,0.2,0.2,0.2,0.0,0.0,0.0,0.2,0.2,1.0,1.0,0.0,0.0,1.0,1.0,1.0,1.0,0.0,0.0,2,2,0.2,1.0,0.2,0.0,0.2,0.0,1.0,0.0,1.0,1.0,0.0,1.0,0.060307379214090684,0.0,0.060307379214090684,0.006030737921409068,0.060307379214090684,0.2268093055679974,1.867034853552012e-21,1.867034853552012e-21,0.0,1.0,1.56,0,0,0,2,C3R,0.0,0.0,0.17973249999999985,1.0,1.0,0.0,0.0,0.0,0.17973249999999985
phaseflip,dephasing,0.1,4,1.0,0.05,10,qiskit_aer,1,1,0.8202674999999998,0.1572633333333333,1.0,0.5,0.0,0.0,0.0,1.0,0.17973249999999985,0.004220086640105866,0.1819874999999999,0.1787249999999999,0.18299999999999983,0.17194999999999983,0.17194999999999983,1.0,0.8,1.0,0.0,0.0,0.0,0.0,0.0,0.1495788103929545,0.004220086640105866,0.15183381039295457,0.14857131039295457,0.1528463103929545,0.14179631039295448,0.14179631039295448,1.0,1.0,0.0,0.0,0.0,0.0,0.0,0.0,0.17370176207859078,0.013245386656059694,0.1819874999999999,0.17194999999999983,0.18299999999999983,0.14857131039295457,0.14857131039295457,1.0,1.0,0.8,0.0,0.0,0.0,0.0,0.0,0.0,0.006030737921409068,0.060307379214090684,0.030153689607045342,0.030153689607045342,0.17370176207859078,0.013245386656059694,0.1819874999999999,0.17194999999999983,0.18299999999999983,0.14857131039295457,0.14857131039295457,1.0,1.0,0.8,0.0,0.0,0.0,0.0,0.0,0.0,0.006030737921409068,0.060307379214090684,0.030153689607045342,0.030153689607045342,0.17370176207859078,0.013245386656059694,0.1819874999999999,0.17194999999999983,0.18299999999999983,0.14857131039295457,0.14857131039295457,1.0,1.0,0.8,0.0,0.0,0.0,0.0,0.0,0.0,0.006030737921409068,0.060307379214090684,0.030153689607045342,0.030153689607045342,0.17973249999999985,0.004220086640105866,0.1819874999999999,0.1787249999999999,0.18299999999999983,0.17194999999999983,0.17194999999999983,1.0,0.8,1.0,0.0,0.0,0.0,0.0,0.0,4.332225182367674e-21,0.0,0.0,0.0,0.0,1.0,0.2,0.2,0.2,0.0,0.2,0.2,0.8,0.0,0.2,0.8,0.0,0.2,0.8,0.0,0.0,1.0,0.0,0.2,0.0,0.2,0.2,0.0,0.2,0.2,0.2,0.0,0.0,0.0,0.2,0.2,1.0,1.0,0.0,0.0,1.0,1.0,1.0,1.0,0.0,0.0,2,2,0.2,1.0,0.2,0.0,0.2,0.0,1.0,0.0,1.0,1.0,0.0,1.0,0.060307379214090684,0.0,0.060307379214090684,0.006030737921409068,0.060307379214090684,0.24273666667924917,4.332225182367674e-21,4.332225182367674e-21,0.0,1.0,1.6,0,0,0,2,C3R,0.0,0.0,0.17973249999999985,1.0,1.0,0.0,0.0,0.0,0.17973249999999985
phaseflip,dephasing,0.1,4,1.0,0.1,10,qiskit_aer,1,1,0.8202674999999998,0.1458929861111111,1.0,0.5,0.0,0.0,0.0,1.0,0.17973249999999985,0.004220086640105866,0.1819874999999999,0.1787249999999999,0.18299999999999983,0.17194999999999983,0.17194999999999983,1.0,0.9,1.0,0.0,0.0,0.0,0.0,0.0,0.1495788103929545,0.004220086640105866,0.15183381039295457,0.14857131039295457,0.1528463103929545,0.14179631039295448,0.14179631039295448,1.0,1.0,0.0,0.0,0.0,0.0,0.0,0.0,0.17671713103929532,0.010281884527091443,0.1819874999999999,0.17364374999999985,0.18299999999999983,0.15909172071612493,0.14857131039295457,1.0,1.0,0.9,0.0,0.0,0.0,0.0,0.0,0.0,0.003015368960704534,0.030153689607045342,0.016584529283874903,0.030153689607045342,0.17671713103929532,0.010281884527091443,0.1819874999999999,0.17364374999999985,0.18299999999999983,0.15909172071612493,0.14857131039295457,1.0,1.0,0.9,0.0,0.0,0.0,0.0,0.0,0.0,0.003015368960704534,0.030153689607045342,0.016584529283874903,0.030153689607045342,0.17671713103929532,0.010281884527091443,0.1819874999999999,0.17364374999999985,0.18299999999999983,0.15909172071612493,0.14857131039295457,1.0,1.0,0.9,0.0,0.0,0.0,0.0,0.0,0.0,0.003015368960704534,0.030153689607045342,0.016584529283874903,0.030153689607045342,0.17973249999999985,0.004220086640105866,0.1819874999999999,0.1787249999999999,0.18299999999999983,0.17194999999999983,0.17194999999999983,1.0,0.9,1.0,0.0,0.0,0.0,0.0,0.0,9.33517426776006e-22,0.0,0.0,0.0,0.0,1.0,0.1,0.1,0.1,0.0,0.1,0.1,0.9,0.0,0.1,0.9,0.0,0.1,0.9,0.0,0.0,1.0,0.0,0.1,0.0,0.1,0.1,0.0,0.1,0.1,0.1,0.0,0.0,0.0,0.1,0.1,1.0,1.0,0.0,0.0,1.0,1.0,1.0,1.0,0.0,0.0,1,1,0.1,1.0,0.1,0.0,0.1,0.0,1.0,0.0,1.0,1.0,0.0,1.0,0.030153689607045342,0.0,0.030153689607045342,0.003015368960704534,0.030153689607045342,0.054107013901658195,9.33517426776006e-22,9.33517426776006e-22,0.0,1.0,1.7000000000000002,0,0,0,1,C3R,0.0,0.0,0.17973249999999985,1.0,1.0,0.0,0.0,0.0,0.17973249999999985
phaseflip,dephasing,0.15,2,0.0,0.0,10,qiskit_aer,1,1,0.8590000000000001,0.8590000000000001,0.0,0.0,0.0,0.0,0.0,0.0,0.14099999999999968,0.00275567596063103,0.1387499999999997,0.1387499999999997,0.1443749999999996,0.1387499999999997,0.1387499999999997,1.0,0.4,1.0,0.0,0.0,0.0,0.0,0.0,0.11084631039295433,0.00275567596063103,0.10859631039295436,0.10859631039295436,0.11422131039295425,0.10859631039295436,0.10859631039295436,1.0,1.0,0.0,0.0,0.0,0.0,0.0,0.0,0.12290778623577246,0.016531927001757048,0.1114088103929543,0.10859631039295436,0.14296874999999962,0.10859631039295436,0.10859631039295436,1.0,1.0,0.4,0.0,0.0,0.0,0.0,0.0,0.0,0.018092213764227205,0.18092213764227205,0.030153689607045342,0.030153689607045342,0.12290778623577246,0.016531927001757048,0.1114088103929543,0.10859631039295436,0.14296874999999962,0.10859631039295436,0.10859631039295436,1.0,1.0,0.4,0.0,0.0,0.0,0.0,0.0,0.0,0.018092213764227205,0.18092213764227205,0.030153689607045342,0.030153689607045342,0.12290778623577246,0.016531927001757048,0.1114088103929543,0.10859631039295436,0.14296874999999962,0.10859631039295436,0.10859631039295436,1.0,1.0,0.4,0.0,0.0,0.0,0.0,0.0,0.0,0.018092213764227205,0.18092213764227205,0.030153689607045342,0.030153689607045342,0.12290778623577246,0.016531927001757048,0.1114088103929543,0.10859631039295436,0.14296874999999962,0.10859631039295436,0.10859631039295436,1.0,1.0,0.4,0.0,0.0,0.0,0.0,0.0,0.0,0.018092213764227205,0.18092213764227205,0.030153689607045342,0.030153689607045342,1.0,0.6,0.6,0.6,0.6,0.0,0.6,0.4,0.0,0.6,0.4,0.0,0.6,0.4,0.0,0.6,0.4,0.0,0.6,0.0,0.6,0.6,0.6,0.6,0.6,0.0,0.0,0.0,0.0,0.6,0.6,1.0,1.0,1.0,0.6,1.0,1.0,1.0,1.0,1.0,1.0,6,0,0.0,0.0,0.6,0.0,0.0,0.0,0.0,0.0,0.0,0.0,0.0,1.0,0.0,0.0,0.0,0.0,0.0,0.3410000000158952,1.2996675547103021e-20,1.2996675547103021e-20,0.0,0.0,0.0,0,0,0,0,C1,0.0,0.0,0.12290778623577246,0.4,1.0,0.6,0.0,0.0,0.12290778623577246
phaseflip,dephasing,0.15,2,0.0,0.03,10,qiskit_aer,1,1,0.8590000000000001,0.5534652777777779,0.17777777777777776,0.0,0.0,0.0,0.0,0.0,0.14099999999999968,0.00275567596063103,0.1387499999999997,0.1387499999999997,0.1443749999999996,0.1387499999999997,0.1387499999999997,1.0,0.3,1.0,0.0,0.0,0.0,0.0,0.0,0.11084631039295433,0.00275567596063103,0.10859631039295436,0.10859631039295436,0.11422131039295425,0.10859631039295436,0.10859631039295436,1.0,1.0,0.0,0.0,0.0,0.0,0.0,0.0,0.11989241727506793,0.015022433890655924,0.1114088103929543,0.10859631039295436,0.13261782759823834,0.10859631039295436,0.10859631039295436,1.0,1.0,0.3,0.0,0.0,0.0,0.0,0.0,0.0,0.02110758272493174,0.2110758272493174,0.030153689607045342,0.030153689607045342,0.11989241727506793,0.015022433890655924,0.1114088103929543,0.10859631039295436,0.13261782759823834,0.10859631039295436,0.10859631039295436,1.0,1.0,0.3,0.0,0.0,0.0,0.0,0.0,0.0,0.02110758272493174,0.2110758272493174,0.030153689607045342,0.030153689607045342,0.11989241727506793,0.015022433890655924,0.1114088103929543,0.10859631039295436,0.13261782759823834,0.10859631039295436,0.10859631039295436,1.0,1.0,0.3,0.0,0.0,0.0,0.0,0.0,0.0,0.02110758272493174,0.2110758272493174,0.030153689607045342,0.030153689607045342,0.11989241727506793,0.015022433890655924,0.1114088103929543,0.10859631039295436,0.13261782759823834,0.10859631039295436,0.10859631039295436,1.0,1.0,0.3,0.0,0.0,0.0,0.0,0.0,0.0,0.02110758272493174,0.2110758272493174,0.030153689607045342,0.030153689607045342,1.0,0.7,0.7,0.7,0.7,0.0,0.7,0.3,0.0,0.7,0.3,0.0,0.7,0.3,0.0,0.7,0.3,0.0,0.7,0.0,0.7,0.7,0.7,0.7,0.7,0.0,0.0,0.0,0.0,0.7,0.7,1.0,1.0,1.0,0.7,1.0,1.0,1.0,1.0,1.0,1.0,7,0,0.0,0.0,0.7,0.0,0.0,0.0,0.0,0.0,0.0,0.0,0.0,1.0,0.0,0.0,0.0,0.0,0.0,0.8465347222388679,1.5162788138286858e-20,1.5162788138286858e-20,0.0,0.06,0.06,0,0,0,0,C1,0.0,0.0,0.11989241727506793,0.3,1.0,0.7,0.0,0.0,0.11989241727506793
phaseflip,dephasing,0.15,2,0.0,0.05,10,qiskit_aer,1,1,0.8590000000000001,0.5059305555555557,0.25555555555555554,0.0,0.0,0.0,0.0,0.0,0.14099999999999968,0.00275567596063103,0.1387499999999997,0.1387499999999997,0.1443749999999996,0.1387499999999997,0.1387499999999997,1.0,0.3,1.0,0.0,0.0,0.0,0.0,0.0,0.11084631039295433,0.00275567596063103,0.10859631039295436,0.10859631039295436,0.11422131039295425,0.10859631039295436,0.10859631039295436,1.0,1.0,0.0,0.0,0.0,0.0,0.0,0.0,0.11989241727506793,0.015022433890655924,0.1114088103929543,0.10859631039295436,0.13261782759823834,0.10859631039295436,0.10859631039295436,1.0,1.0,0.3,0.0,0.0,0.0,0.0,0.0,0.0,0.02110758272493174,0.2110758272493174,0.030153689607045342,0.030153689607045342,0.11989241727506793,0.015022433890655924,0.1114088103929543,0.10859631039295436,0.13261782759823834,0.10859631039295436,0.10859631039295436,1.0,1.0,0.3,0.0,0.0,0.0,0.0,0.0,0.0,0.02110758272493174,0.2110758272493174,0.030153689607045342,0.030153689607045342,0.11989241727506793,0.015022433890655924,0.1114088103929543,0.10859631039295436,0.13261782759823834,0.10859631039295436,0.10859631039295436,1.0,1.0,0.3,0.0,0.0,0.0,0.0,0.0,0.0,0.02110758272493174,0.2110758272493174,0.030153689607045342,0.030153689607045342,0.11989241727506793,0.015022433890655924,0.1114088103929543,0.10859631039295436,0.13261782759823834,0.10859631039295436,0.10859631039295436,1.0,1.0,0.3,0.0,0.0,0.0,0.0,0.0,0.0,0.02110758272493174,0.2110758272493174,0.030153689607045342,0.030153689607045342,1.0,0.7,0.7,0.7,0.7,0.0,0.7,0.3,0.0,0.7,0.3,0.0,0.7,0.3,0.0,0.7,0.3,0.0,0.7,0.0,0.7,0.7,0.7,0.7,0.7,0.0,0.0,0.0,0.0,0.7,0.7,1.0,1.0,1.0,0.7,1.0,1.0,1.0,1.0,1.0,1.0,7,0,0.0,0.0,0.7,0.0,0.0,0.0,0.0,0.0,0.0,0.0,0.0,1.0,0.0,0.0,0.0,0.0,0.0,0.8940694444601914,1.3930192973879027e-20,1.3930192973879027e-20,0.0,0.1,0.1,0,0,0,0,C1,0.0,0.0,0.11989241727506793,0.3,1.0,0.7,0.0,0.0,0.11989241727506793
phaseflip,dephasing,0.15,2,0.0,0.1,10,qiskit_aer,1,1,0.8590000000000001,0.43913194444444453,0.36666666666666664,0.0,0.0,0.0,0.0,0.0,0.14099999999999968,0.00275567596063103,0.1387499999999997,0.1387499999999997,0.1443749999999996,0.1387499999999997,0.1387499999999997,1.0,0.2,1.0,0.0,0.0,0.0,0.0,0.0,0.11084631039295433,0.00275567596063103,0.10859631039295436,0.10859631039295436,0.11422131039295425,0.10859631039295436,0.10859631039295436,1.0,1.0,0.0,0.0,0.0,0.0,0.0,0.0,0.1168770483143634,0.013920503959138696,0.10859631039295436,0.10859631039295436,0.11422131039295425,0.10859631039295436,0.10859631039295436,1.0,1.0,0.2,0.0,0.0,0.0,0.0,0.0,0.0,0.024122951685636274,0.24122951685636274,0.030153689607045342,0.030153689607045342,0.1168770483143634,0.013920503959138696,0.10859631039295436,0.10859631039295436,0.11422131039295425,0.10859631039295436,0.10859631039295436,1.0,1.0,0.2,0.0,0.0,0.0,0.0,0.0,0.0,0.024122951685636274,0.24122951685636274,0.030153689607045342,0.030153689607045342,0.1168770483143634,0.013920503959138696,0.10859631039295436,0.10859631039295436,0.11422131039295425,0.10859631039295436,0.10859631039295436,1.0,1.0,0.2,0.0,0.0,0.0,0.0,0.0,0.0,0.024122951685636274,0.24122951685636274,0.030153689607045342,0.030153689607045342,0.1168770483143634,0.013920503959138696,0.10859631039295436,0.10859631039295436,0.11422131039295425,0.10859631039295436,0.10859631039295436,1.0,1.0,0.2,0.0,0.0,0.0,0.0,0.0,0.0,0.024122951685636274,0.24122951685636274,0.030153689607045342,0.030153689607045342,1.0,0.8,0.8,0.8,0.8,0.0,0.8,0.2,0.0,0.8,0.2,0.0,0.8,0.2,0.0,0.8,0.2,0.0,0.8,0.0,0.8,0.8,0.8,0.8,0.8,0.0,0.0,0.0,0.0,0.8,0.8,1.0,1.0,1.0,0.8,1.0,1.0,1.0,1.0,1.0,1.0,8,0,0.0,0.0,0.8,0.0,0.0,0.0,0.0,0.0,0.0,0.0,0.0,1.0,0.0,0.0,0.0,0.0,0.0,1.1608680555748048,1.4863710400655034e-20,1.4863710400655034e-20,0.0,0.2,0.2,0,0,0,0,C1,0.0,0.0,0.1168770483143634,0.2,1.0,0.8,0.0,0.0,0.1168770483143634
phaseflip,dephasing,0.15,2,0.25,0.0,10,qiskit_aer,1,1,0.8590000000000001,0.5439895833333334,0.24444444444444444,0.12222222222222225,0.0,0.0,0.0,0.9,0.14099999999999968,0.00275567596063103,0.1387499999999997,0.1387499999999997,0.1443749999999996,0.1387499999999997,0.1387499999999997,1.0,0.4,1.0,0.0,0.0,0.0,0.0,0.0,0.11084631039295433,0.00275567596063103,0.10859631039295436,0.10859631039295436,0.11422131039295425,0.10859631039295436,0.10859631039295436,1.0,1.0,0.0,0.0,0.0,0.0,0.0,0.0,0.12290778623577246,0.015471965278641836,0.11422131039295425,0.10859631039295436,0.1387499999999997,0.10859631039295436,0.10859631039295436,1.0,1.0,0.4,0.0,0.0,0.0,0.0,0.0,0.0,0.018092213764227205,0.18092213764227205,0.030153689607045342,0.030153689607045342,0.12290778623577246,0.015471965278641836,0.11422131039295425,0.10859631039295436,0.1387499999999997,0.10859631039295436,0.10859631039295436,1.0,1.0,0.4,0.0,0.0,0.0,0.0,0.0,0.0,0.018092213764227205,0.18092213764227205,0.030153689607045342,0.030153689607045342,0.12290778623577246,0.015471965278641836,0.11422131039295425,0.10859631039295436,0.1387499999999997,0.10859631039295436,0.10859631039295436,1.0,1.0,0.4,0.0,0.0,0.0,0.0,0.0,0.0,0.018092213764227205,0.18092213764227205,0.030153689607045342,0.030153689607045342,0.12290778623577246,0.015471965278641836,0.11422131039295425,0.10859631039295436,0.1387499999999997,0.10859631039295436,0.10859631039295436,1.0,1.0,0.4,0.0,0.0,0.0,0.0,0.0,0.0,0.018092213764227205,0.18092213764227205,0.030153689607045342,0.030153689607045342,1.0,0.6,0.6,0.6,0.6,0.0,0.6,0.4,0.0,0.6,0.4,0.0,0.6,0.4,0.0,0.6,0.4,0.0,0.6,0.0,0.6,0.6,0.6,0.6,0.6,0.0,0.0,0.0,0.0,0.6,0.6,1.0,1.0,1.0,0.6,1.0,1.0,1.0,1.0,1.0,1.0,6,0,0.0,0.0,0.6,0.0,0.0,0.0,0.0,0.0,0.0,0.0,0.0,1.0,0.0,0.0,0.0,0.0,0.0,0.6560104166826081,1.2996675547103021e-20,1.2996675547103021e-20,0.0,0.37222222222222223,0.37222222222222223,0,0,0,0,C1,0.0,0.0,0.12290778623577246,0.4,1.0,0.6,0.0,0.0,0.12290778623577246
phaseflip,dephasing,0.15,2,0.25,0.03,10,qiskit_aer,1,1,0.8590000000000001,0.4748142361111112,0.34444444444444444,0.12222222222222225,0.0,0.0,0.0,0.9,0.14099999999999968,0.00275567596063103,0.1387499999999997,0.1387499999999997,0.1443749999999996,0.1387499999999997,0.1387499999999997,1.0,0.5,1.0,0.0,0.0,0.0,0.0,0.0,0.11084631039295433,0.00275567596063103,0.10859631039295436,0.10859631039295436,0.11422131039295425,0.10859631039295436,0.10859631039295436,1.0,1.0,0.0,0.0,0.0,0.0,0.0,0.0,0.125923155196477,0.017399735654467834,0.12367315519647704,0.10859631039295436,0.1443749999999996,0.10859631039295436,0.10859631039295436,1.0,1.0,0.5,0.0,0.0,0.0,0.0,0.0,0.0,0.015076844803522671,0.1507684480352267,0.030153689607045342,0.030153689607045342,0.125923155196477,0.017399735654467834,0.12367315519647704,0.10859631039295436,0.1443749999999996,0.10859631039295436,0.10859631039295436,1.0,1.0,0.5,0.0,0.0,0.0,0.0,0.0,0.0,0.015076844803522671,0.1507684480352267,0.030153689607045342,0.030153689607045342,0.125923155196477,0.017399735654467834,0.12367315519647704,0.10859631039295436,0.1443749999999996,0.10859631039295436,0.10859631039295436,1.0,1.0,0.5,0.0,0.0,0.0,0.0,0.0,0.0,0.015076844803522671,0.1507684480352267,0.030153689607045342,0.030153689607045342,0.125923155196477,0.017399735654467834,0.12367315519647704,0.10859631039295436,0.1443749999999996,0.10859631039295436,0.10859631039295436,1.0,1.0,0.5,0.0,0.0,0.0,0.0,0.0,0.0,0.015076844803522671,0.1507684480352267,0.030153689607045342,0.030153689607045342,1.0,0.5,0.5,0.5,0.5,0.0,0.5,0.5,0.0,0.5,0.5,0.0,0.5,0.5,0.0,0.5,0.5,0.0,0.5,0.0,0.5,0.5,0.5,0.5,0.5,0.0,0.0,0.0,0.0,0.5,0.5,1.0,1.0,1.0,0.5,1.0,1.0,1.0,1.0,1.0,1.0,5,0,0.0,0.0,0.5,0.0,0.0,0.0,0.0,0.0,0.0,0.0,0.0,1.0,0.0,0.0,0.0,0.0,0.0,0.525185763903084,1.0830562955919185e-20,1.0830562955919185e-20,0.0,0.4322222222222223,0.4322222222222223,0,0,0,0,C1,0.0,0.0,0.125923155196477,0.5,1.0,0.5,0.0,0.0,0.125923155196477
phaseflip,dephasing,0.15,2,0.25,0.05,10,qiskit_aer,1,1,0.8590000000000001,0.4439322916666667,0.39999999999999997,0.12222222222222225,0.0,0.0,0.0,0.9,0.14099999999999968,0.00275567596063103,0.1387499999999997,0.1387499999999997,0.1443749999999996,0.1387499999999997,0.1387499999999997,1.0,0.5,1.0,0.0,0.0,0.0,0.0,0.0,0.11084631039295433,0.00275567596063103,0.10859631039295436,0.10859631039295436,0.11422131039295425,0.10859631039295436,0.10859631039295436,1.0,1.0,0.0,0.0,0.0,0.0,0.0,0.0,0.125923155196477,0.016395972067475412,0.12648565519647698,0.10859631039295436,0.14296874999999962,0.10859631039295436,0.10859631039295436,1.0,1.0,0.5,0.0,0.0,0.0,0.0,0.0,0.0,0.015076844803522671,0.1507684480352267,0.030153689607045342,0.030153689607045342,0.125923155196477,0.016395972067475412,0.12648565519647698,0.10859631039295436,0.14296874999999962,0.10859631039295436,0.10859631039295436,1.0,1.0,0.5,0.0,0.0,0.0,0.0,0.0,0.0,0.015076844803522671,0.1507684480352267,0.030153689607045342,0.030153689607045342,0.125923155196477,0.016395972067475412,0.12648565519647698,0.10859631039295436,0.14296874999999962,0.10859631039295436,0.10859631039295436,1.0,1.0,0.5,0.0,0.0,0.0,0.0,0.0,0.0,0.015076844803522671,0.1507684480352267,0.030153689607045342,0.030153689607045342,0.125923155196477,0.016395972067475412,0.12648565519647698,0.10859631039295436,0.14296874999999962,0.10859631039295436,0.10859631039295436,1.0,1.0,0.5,0.0,0.0,0.0,0.0,0.0,0.0,0.015076844803522671,0.1507684480352267,0.030153689607045342,0.030153689607045342,1.0,0.5,0.5,0.5,0.5,0.0,0.5,0.5,0.0,0.5,0.5,0.0,0.5,0.5,0.0,0.5,0.5,0.0,0.5,0.0,0.5,0.5,0.5,0.5,0.5,0.0,0.0,0.0,0.0,0.5,0.5,1.0,1.0,1.0,0.5,1.0,1.0,1.0,1.0,1.0,1.0,5,0,0.0,0.0,0.5,0.0,0.0,0.0,0.0,0.0,0.0,0.0,0.0,1.0,0.0,0.0,0.0,0.0,0.0,0.55606770834697,1.0830562955919185e-20,1.0830562955919185e-20,0.0,0.4722222222222222,0.4722222222222222,0,0,0,0,C1,0.0,0.0,0.125923155196477,0.5,1.0,0.5,0.0,0.0,0.125923155196477
phaseflip,dephasing,0.15,2,0.25,0.1,10,qiskit_aer,1,1,0.8590000000000001,0.3770868055555556,0.4888888888888889,0.12222222222222225,0.0,0.0,0.0,0.9,0.14099999999999968,0.00275567596063103,0.1387499999999997,0.1387499999999997,0.1443749999999996,0.1387499999999997,0.1387499999999997,1.0,0.6,1.0,0.0,0.0,0.0,0.0,0.0,0.11084631039295433,0.00275567596063103,0.10859631039295436,0.10859631039295436,0.11422131039295425,0.10859631039295436,0.10859631039295436,1.0,1.0,0.0,0.0,0.0,0.0,0.0,0.0,0.12893852415718154,0.016735865395999357,0.1387499999999997,0.10859631039295436,0.1443749999999996,0.10859631039295436,0.10859631039295436,1.0,1.0,0.6,0.0,0.0,0.0,0.0,0.0,0.0,0.012061475842818137,0.12061475842818137,0.030153689607045342,0.030153689607045342,0.12893852415718154,0.016735865395999357,0.1387499999999997,0.10859631039295436,0.1443749999999996,0.10859631039295436,0.10859631039295436,1.0,1.0,0.6,0.0,0.0,0.0,0.0,0.0,0.0,0.012061475842818137,0.12061475842818137,0.030153689607045342,0.030153689607045342,0.12893852415718154,0.016735865395999357,0.1387499999999997,0.10859631039295436,0.1443749999999996,0.10859631039295436,0.10859631039295436,1.0,1.0,0.6,0.0,0.0,0.0,0.0,0.0,0.0,0.012061475842818137,0.12061475842818137,0.030153689607045342,0.030153689607045342,0.12893852415718154,0.016735865395999357,0.1387499999999997,0.10859631039295436,0.1443749999999996,0.10859631039295436,0.10859631039295436,1.0,1.0,0.6,0.0,0.0,0.0,0.0,0.0,0.0,0.012061475842818137,0.12061475842818137,0.030153689607045342,0.030153689607045342,1.0,0.4,0.4,0.4,0.4,0.0,0.4,0.6,0.0,0.4,0.6,0.0,0.4,0.6,0.0,0.4,0.6,0.0,0.4,0.0,0.4,0.4,0.4,0.4,0.4,0.0,0.0,0.0,0.0,0.4,0.4,1.0,1.0,1.0,0.4,1.0,1.0,1.0,1.0,1.0,1.0,4,0,0.0,0.0,0.4,0.0,0.0,0.0,0.0,0.0,0.0,0.0,0.0,1.0,0.0,0.0,0.0,0.0,0.0,0.4229131944581805,8.664450364735348e-21,8.664450364735348e-21,0.0,0.5722222222222222,0.5722222222222222,0,0,0,0,C1,0.0,0.0,0.12893852415718154,0.6,1.0,0.4,0.0,0.0,0.12893852415718154
phaseflip,dephasing,0.15,2,0.5,0.0,10,qiskit_aer,1,1,0.8590000000000001,0.4222135416666667,0.4444444444444444,0.22222222222222224,0.0,0.0,0.0,1.0,0.14099999999999968,0.00275567596063103,0.1387499999999997,0.1387499999999997,0.1443749999999996,0.1387499999999997,0.1387499999999997,1.0,0.4,1.0,0.0,0.0,0.0,0.0,0.0,0.11084631039295433,0.00275567596063103,0.10859631039295436,0.10859631039295436,0.11422131039295425,0.10859631039295436,0.10859631039295436,1.0,1.0,0.0,0.0,0.0,0.0,0.0,0.0,0.12290778623577246,0.016531927001757048,0.1114088103929543,0.10859631039295436,0.14296874999999962,0.10859631039295436,0.10859631039295436,1.0,1.0,0.4,0.0,0.0,0.0,0.0,0.0,0.0,0.018092213764227205,0.18092213764227205,0.030153689607045342,0.030153689607045342,0.12290778623577246,0.016531927001757048,0.1114088103929543,0.10859631039295436,0.14296874999999962,0.10859631039295436,0.10859631039295436,1.0,1.0,0.4,0.0,0.0,0.0,0.0,0.0,0.0,0.018092213764227205,0.18092213764227205,0.030153689607045342,0.030153689607045342,0.12290778623577246,0.016531927001757048,0.1114088103929543,0.10859631039295436,0.14296874999999962,0.10859631039295436,0.10859631039295436,1.0,1.0,0.4,0.0,0.0,0.0,0.0,0.0,0.0,0.018092213764227205,0.18092213764227205,0.030153689607045342,0.030153689607045342,0.12290778623577246,0.016531927001757048,0.1114088103929543,0.10859631039295436,0.14296874999999962,0.10859631039295436,0.10859631039295436,1.0,1.0,0.4,0.0,0.0,0.0,0.0,0.0,0.0,0.018092213764227205,0.18092213764227205,0.030153689607045342,0.030153689607045342,1.0,0.6,0.6,0.6,0.6,0.0,0.6,0.4,0.0,0.6,0.4,0.0,0.6,0.4,0.0,0.6,0.4,0.0,0.6,0.0,0.6,0.6,0.6,0.6,0.6,0.0,0.0,0.0,0.0,0.6,0.6,1.0,1.0,1.0,0.6,1.0,1.0,1.0,1.0,1.0,1.0,6,0,0.0,0.0,0.6,0.0,0.0,0.0,0.0,0.0,0.0,0.0,0.0,1.0,0.0,0.0,0.0,0.0,0.0,0.7777864583492285,1.2996675547103021e-20,1.2996675547103021e-20,0.0,0.7222222222222222,0.7222222222222222,0,0,0,0,C1,0.0,0.0,0.12290778623577246,0.4,1.0,0.6,0.0,0.0,0.12290778623577246
phaseflip,dephasing,0.15,2,0.5,0.03,10,qiskit_aer,1,1,0.8590000000000001,0.36016840277777784,0.5333333333333333,0.22222222222222224,0.0,0.0,0.0,1.0,0.14099999999999968,0.00275567596063103,0.1387499999999997,0.1387499999999997,0.1443749999999996,0.1387499999999997,0.1387499999999997,1.0,0.5,1.0,0.0,0.0,0.0,0.0,0.0,0.11084631039295433,0.00275567596063103,0.10859631039295436,0.10859631039295436,0.11422131039295425,0.10859631039295436,0.10859631039295436,1.0,1.0,0.0,0.0,0.0,0.0,0.0,0.0,0.125923155196477,0.016395972067475412,0.12648565519647698,0.10859631039295436,0.14296874999999962,0.10859631039295436,0.10859631039295436,1.0,1.0,0.5,0.0,0.0,0.0,0.0,0.0,0.0,0.015076844803522671,0.1507684480352267,0.030153689607045342,0.030153689607045342,0.125923155196477,0.016395972067475412,0.12648565519647698,0.10859631039295436,0.14296874999999962,0.10859631039295436,0.10859631039295436,1.0,1.0,0.5,0.0,0.0,0.0,0.0,0.0,0.0,0.015076844803522671,0.1507684480352267,0.030153689607045342,0.030153689607045342,0.125923155196477,0.016395972067475412,0.12648565519647698,0.10859631039295436,0.14296874999999962,0.10859631039295436,0.10859631039295436,1.0,1.0,0.5,0.0,0.0,0.0,0.0,0.0,0.0,0.015076844803522671,0.1507684480352267,0.030153689607045342,0.030153689607045342,0.125923155196477,0.016395972067475412,0.12648565519647698,0.10859631039295436,0.14296874999999962,0.10859631039295436,0.10859631039295436,1.0,1.0,0.5,0.0,0.0,0.0,0.0,0.0,0.0,0.015076844803522671,0.1507684480352267,0.030153689607045342,0.030153689607045342,1.0,0.5,0.5,0.5,0.5,0.0,0.5,0.5,0.0,0.5,0.5,0.0,0.5,0.5,0.0,0.5,0.5,0.0,0.5,0.0,0.5,0.5,0.5,0.5,0.5,0.0,0.0,0.0,0.0,0.5,0.5,1.0,1.0,1.0,0.5,1.0,1.0,1.0,1.0,1.0,1.0,5,0,0.0,0.0,0.5,0.0,0.0,0.0,0.0,0.0,0.0,0.0,0.0,1.0,0.0,0.0,0.0,0.0,0.0,0.6398315972400629,1.0830562955919185e-20,1.0830562955919185e-20,0.0,0.7822222222222223,0.7822222222222223,0,0,0,0,C1,0.0,0.0,0.125923155196477,0.5,1.0,0.5,0.0,0.0,0.125923155196477
phaseflip,dephasing,0.15,2,0.5,0.05,10,qiskit_aer,1,1,0.8590000000000001,0.32928645833333337,0.5888888888888889,0.22222222222222224,0.0,0.0,0.0,1.0,0.14099999999999968,0.00275567596063103,0.1387499999999997,0.1387499999999997,0.1443749999999996,0.1387499999999997,0.1387499999999997,1.0,0.4,1.0,0.0,0.0,0.0,0.0,0.0,0.11084631039295433,0.00275567596063103,0.10859631039295436,0.10859631039295436,0.11422131039295425,0.10859631039295436,0.10859631039295436,1.0,1.0,0.0,0.0,0.0,0.0,0.0,0.0,0.12290778623577246,0.016531927001757048,0.1114088103929543,0.10859631039295436,0.14296874999999962,0.10859631039295436,0.10859631039295436,1.0,1.0,0.4,0.0,0.0,0.0,0.0,0.0,0.0,0.018092213764227205,0.18092213764227205,0.030153689607045342,0.030153689607045342,0.12290778623577246,0.016531927001757048,0.1114088103929543,0.10859631039295436,0.14296874999999962,0.10859631039295436,0.10859631039295436,1.0,1.0,0.4,0.0,0.0,0.0,0.0,0.0,0.0,0.018092213764227205,0.18092213764227205,0.030153689607045342,0.030153689607045342,0.12290778623577246,0.016531927001757048,0.1114088103929543,0.10859631039295436,0.14296874999999962,0.10859631039295436,0.10859631039295436,1.0,1.0,0.4,0.0,0.0,0.0,0.0,0.0,0.0,0.018092213764227205,0.18092213764227205,0.030153689607045342,0.030153689607045342,0.12290778623577246,0.016531927001757048,0.1114088103929543,0.10859631039295436,0.14296874999999962,0.10859631039295436,0.10859631039295436,1.0,1.0,0.4,0.0,0.0,0.0,0.0,0.0,0.0,0.018092213764227205,0.18092213764227205,0.030153689607045342,0.030153689607045342,1.0,0.6,0.6,0.6,0.6,0.0,0.6,0.4,0.0,0.6,0.4,0.0,0.6,0.4,0.0,0.6,0.4,0.0,0.6,0.0,0.6,0.6,0.6,0.6,0.6,0.0,0.0,0.0,0.0,0.6,0.6,1.0,1.0,1.0,0.6,1.0,1.0,1.0,1.0,1.0,1.0,6,0,0.0,0.0,0.6,0.0,0.0,0.0,0.0,0.0,0.0,0.0,0.0,1.0,0.0,0.0,0.0,0.0,0.0,0.8707135416836573,1.176408038269519e-20,1.176408038269519e-20,0.0,0.8222222222222223,0.8222222222222223,0,0,0,0,C1,0.0,0.0,0.12290778623577246,0.4,1.0,0.6,0.0,0.0,0.12290778623577246
phaseflip,dephasing,0.15,2,0.5,0.1,10,qiskit_aer,1,1,0.8590000000000001,0.28397222222222224,0.6444444444444444,0.22222222222222224,0.0,0.0,0.0,1.0,0.14099999999999968,0.00275567596063103,0.1387499999999997,0.1387499999999997,0.1443749999999996,0.1387499999999997,0.1387499999999997,1.0,0.3,1.0,0.0,0.0,0.0,0.0,0.0,0.11084631039295433,0.00275567596063103,0.10859631039295436,0.10859631039295436,0.11422131039295425,0.10859631039295436,0.10859631039295436,1.0,1.0,0.0,0.0,0.0,0.0,0.0,0.0,0.11989241727506793,0.015022433890655924,0.1114088103929543,0.10859631039295436,0.13261782759823834,0.10859631039295436,0.10859631039295436,1.0,1.0,0.3,0.0,0.0,0.0,0.0,0.0,0.0,0.02110758272493174,0.2110758272493174,0.030153689607045342,0.030153689607045342,0.11989241727506793,0.015022433890655924,0.1114088103929543,0.10859631039295436,0.13261782759823834,0.10859631039295436,0.10859631039295436,1.0,1.0,0.3,0.0,0.0,0.0,0.0,0.0,0.0,0.02110758272493174,0.2110758272493174,0.030153689607045342,0.030153689607045342,0.11989241727506793,0.015022433890655924,0.1114088103929543,0.10859631039295436,0.13261782759823834,0.10859631039295436,0.10859631039295436,1.0,1.0,0.3,0.0,0.0,0.0,0.0,0.0,0.0,0.02110758272493174,0.2110758272493174,0.030153689607045342,0.030153689607045342,0.11989241727506793,0.015022433890655924,0.1114088103929543,0.10859631039295436,0.13261782759823834,0.10859631039295436,0.10859631039295436,1.0,1.0,0.3,0.0,0.0,0.0,0.0,0.0,0.0,0.02110758272493174,0.2110758272493174,0.030153689607045342,0.030153689607045342,1.0,0.7,0.7,0.7,0.7,0.0,0.7,0.3,0.0,0.7,0.3,0.0,0.7,0.3,0.0,0.7,0.3,0.0,0.7,0.0,0.7,0.7,0.7,0.7,0.7,0.0,0.0,0.0,0.0,0.7,0.7,1.0,1.0,1.0,0.7,1.0,1.0,1.0,1.0,1.0,1.0,7,0,0.0,0.0,0.7,0.0,0.0,0.0,0.0,0.0,0.0,0.0,0.0,1.0,0.0,0.0,0.0,0.0,0.0,1.1160277777944236,1.5162788138286858e-20,1.5162788138286858e-20,0.0,0.9222222222222222,0.9222222222222222,0,0,0,0,C1,0.0,0.0,0.11989241727506793,0.3,1.0,0.7,0.0,0.0,0.11989241727506793
phaseflip,dephasing,0.15,2,0.75,0.0,10,qiskit_aer,1,1,0.8590000000000001,0.2932916666666667,0.7444444444444445,0.37222222222222223,0.0,0.0,0.0,1.0,0.14099999999999968,0.00275567596063103,0.1387499999999997,0.1387499999999997,0.1443749999999996,0.1387499999999997,0.1387499999999997,1.0,0.5,1.0,0.0,0.0,0.0,0.0,0.0,0.11084631039295433,0.00275567596063103,0.10859631039295436,0.10859631039295436,0.11422131039295425,0.10859631039295436,0.10859631039295436,1.0,1.0,0.0,0.0,0.0,0.0,0.0,0.0,0.125923155196477,0.016395972067475412,0.12648565519647698,0.10859631039295436,0.14296874999999962,0.10859631039295436,0.10859631039295436,1.0,1.0,0.5,0.0,0.0,0.0,0.0,0.0,0.0,0.015076844803522671,0.1507684480352267,0.030153689607045342,0.030153689607045342,0.125923155196477,0.016395972067475412,0.12648565519647698,0.10859631039295436,0.14296874999999962,0.10859631039295436,0.10859631039295436,1.0,1.0,0.5,0.0,0.0,0.0,0.0,0.0,0.0,0.015076844803522671,0.1507684480352267,0.030153689607045342,0.030153689607045342,0.125923155196477,0.016395972067475412,0.12648565519647698,0.10859631039295436,0.14296874999999962,0.10859631039295436,0.10859631039295436,1.0,1.0,0.5,0.0,0.0,0.0,0.0,0.0,0.0,0.015076844803522671,0.1507684480352267,0.030153689607045342,0.030153689607045342,0.14099999999999968,0.00275567596063103,0.1387499999999997,0.1387499999999997,0.1443749999999996,0.1387499999999997,0.1387499999999997,1.0,0.5,1.0,0.0,0.0,0.0,0.0,0.0,1.0830562955919185e-20,0.0,0.0,0.0,0.0,1.0,0.5,0.5,0.5,0.0,0.5,0.5,0.5,0.0,0.5,0.5,0.0,0.5,0.5,0.0,0.0,1.0,0.0,0.5,0.0,0.5,0.5,0.0,0.5,0.5,0.5,0.0,0.0,0.0,0.5,0.5,1.0,1.0,0.0,0.0,1.0,1.0,1.0,1.0,0.0,0.0,5,5,0.5,1.0,0.5,0.0,0.5,0.0,1.0,0.0,1.0,1.0,0.0,1.0,0.1507684480352267,0.0,0.1507684480352267,0.015076844803522671,0.1507684480352267,0.7067083333484249,1.0830562955919185e-20,1.0830562955919185e-20,0.0,1.0,1.1222222222222222,0,0,0,5,C3R,0.0,0.0,0.14099999999999968,1.0,1.0,0.0,0.0,0.0,0.14099999999999968
phaseflip,dephasing,0.15,2,0.75,0.03,10,qiskit_aer,1,1,0.8590000000000001,0.24558506944444447,0.7888888888888889,0.37222222222222223,0.0,0.0,0.0,1.0,0.14099999999999968,0.00275567596063103,0.1387499999999997,0.1387499999999997,0.1443749999999996,0.1387499999999997,0.1387499999999997,1.0,0.4,1.0,0.0,0.0,0.0,0.0,0.0,0.11084631039295433,0.00275567596063103,0.10859631039295436,0.10859631039295436,0.11422131039295425,0.10859631039295436,0.10859631039295436,1.0,1.0,0.0,0.0,0.0,0.0,0.0,0.0,0.12290778623577246,0.015471965278641836,0.11422131039295425,0.10859631039295436,0.1387499999999997,0.10859631039295436,0.10859631039295436,1.0,1.0,0.4,0.0,0.0,0.0,0.0,0.0,0.0,0.018092213764227205,0.18092213764227205,0.030153689607045342,0.030153689607045342,0.12290778623577246,0.015471965278641836,0.11422131039295425,0.10859631039295436,0.1387499999999997,0.10859631039295436,0.10859631039295436,1.0,1.0,0.4,0.0,0.0,0.0,0.0,0.0,0.0,0.018092213764227205,0.18092213764227205,0.030153689607045342,0.030153689607045342,0.12290778623577246,0.015471965278641836,0.11422131039295425,0.10859631039295436,0.1387499999999997,0.10859631039295436,0.10859631039295436,1.0,1.0,0.4,0.0,0.0,0.0,0.0,0.0,0.0,0.018092213764227205,0.18092213764227205,0.030153689607045342,0.030153689607045342,0.14099999999999968,0.00275567596063103,0.1387499999999997,0.1387499999999997,0.1443749999999996,0.1387499999999997,0.1387499999999997,1.0,0.4,1.0,0.0,0.0,0.0,0.0,0.0,1.053148521828736e-20,0.0,0.0,0.0,0.0,1.0,0.6,0.6,0.6,0.0,0.6,0.6,0.4,0.0,0.6,0.4,0.0,0.6,0.4,0.0,0.0,1.0,0.0,0.6,0.0,0.6,0.6,0.0,0.6,0.6,0.6,0.0,0.0,0.0,0.6,0.6,1.0,1.0,0.0,0.0,1.0,1.0,1.0,1.0,0.0,0.0,6,6,0.6,1.0,0.6,0.0,0.6,0.0,1.0,0.0,1.0,1.0,0.0,1.0,0.18092213764227205,0.0,0.18092213764227205,0.018092213764227205,0.18092213764227205,0.9544149305733962,1.053148521828736e-20,1.053148521828736e-20,0.0,1.0,1.1822222222222223,0,0,0,6,C3R,0.0,0.0,0.14099999999999968,1.0,1.0,0.0,0.0,0.0,0.14099999999999968
phaseflip,dephasing,0.15,2,0.75,0.05,10,qiskit_aer,1,1,0.8590000000000001,0.2289635416666667,0.8222222222222222,0.37222222222222223,0.0,0.0,0.0,1.0,0.14099999999999968,0.00275567596063103,0.1387499999999997,0.1387499999999997,0.1443749999999996,0.1387499999999997,0.1387499999999997,1.0,0.3,1.0,0.0,0.0,0.0,0.0,0.0,0.11084631039295433,0.00275567596063103,0.10859631039295436,0.10859631039295436,0.11422131039295425,0.10859631039295436,0.10859631039295436,1.0,1.0,0.0,0.0,0.0,0.0,0.0,0.0,0.11989241727506793,0.015022433890655924,0.1114088103929543,0.10859631039295436,0.13261782759823834,0.10859631039295436,0.10859631039295436,1.0,1.0,0.3,0.0,0.0,0.0,0.0,0.0,0.0,0.02110758272493174,0.2110758272493174,0.030153689607045342,0.030153689607045342,0.11989241727506793,0.015022433890655924,0.1114088103929543,0.10859631039295436,0.13261782759823834,0.10859631039295436,0.10859631039295436,1.0,1.0,0.3,0.0,0.0,0.0,0.0,0.0,0.0,0.02110758272493174,0.2110758272493174,0.030153689607045342,0.030153689607045342,0.11989241727506793,0.015022433890655924,0.1114088103929543,0.10859631039295436,0.13261782759823834,0.10859631039295436,0.10859631039295436,1.0,1.0,0.3,0.0,0.0,0.0,0.0,0.0,0.0,0.02110758272493174,0.2110758272493174,0.030153689607045342,0.030153689607045342,0.14099999999999968,0.00275567596063103,0.1387499999999997,0.1387499999999997,0.1443749999999996,0.1387499999999997,0.1387499999999997,1.0,0.3,1.0,0.0,0.0,0.0,0.0,0.0,1.3930192973879027e-20,0.0,0.0,0.0,0.0,1.0,0.7,0.7,0.7,0.0,0.7,0.7,0.3,0.0,0.7,0.3,0.0,0.7,0.3,0.0,0.0,1.0,0.0,0.7,0.0,0.7,0.7,0.0,0.7,0.7,0.7,0.0,0.0,0.0,0.7,0.7,1.0,1.0,0.0,0.0,1.0,1.0,1.0,1.0,0.0,0.0,7,7,0.7,1.0,0.7,0.0,0.7,0.0,1.0,0.0,1.0,1.0,0.0,1.0,0.2110758272493174,0.0,0.2110758272493174,0.02110758272493174,0.2110758272493174,1.1710364583499304,1.3930192973879027e-20,1.3930192973879027e-20,0.0,1.0,1.2222222222222223,0,0,0,7,C3R,0.0,0.0,0.14099999999999968,1.0,1.0,0.0,0.0,0.0,0.14099999999999968
phaseflip,dephasing,0.15,2,0.75,0.1,10,qiskit_aer,1,1,0.8590000000000001,0.19797222222222224,0.8444444444444444,0.37222222222222223,0.0,0.0,0.0,1.0,0.14099999999999968,0.00275567596063103,0.1387499999999997,0.1387499999999997,0.1443749999999996,0.1387499999999997,0.1387499999999997,1.0,0.4,1.0,0.0,0.0,0.0,0.0,0.0,0.11084631039295433,0.00275567596063103,0.10859631039295436,0.10859631039295436,0.11422131039295425,0.10859631039295436,0.10859631039295436,1.0,1.0,0.0,0.0,0.0,0.0,0.0,0.0,0.12290778623577246,0.016531927001757048,0.1114088103929543,0.10859631039295436,0.14296874999999962,0.10859631039295436,0.10859631039295436,1.0,1.0,0.4,0.0,0.0,0.0,0.0,0.0,0.0,0.018092213764227205,0.18092213764227205,0.030153689607045342,0.030153689607045342,0.12290778623577246,0.016531927001757048,0.1114088103929543,0.10859631039295436,0.14296874999999962,0.10859631039295436,0.10859631039295436,1.0,1.0,0.4,0.0,0.0,0.0,0.0,0.0,0.0,0.018092213764227205,0.18092213764227205,0.030153689607045342,0.030153689607045342,0.12290778623577246,0.016531927001757048,0.1114088103929543,0.10859631039295436,0.14296874999999962,0.10859631039295436,0.10859631039295436,1.0,1.0,0.4,0.0,0.0,0.0,0.0,0.0,0.0,0.018092213764227205,0.18092213764227205,0.030153689607045342,0.030153689607045342,0.14099999999999968,0.00275567596063103,0.1387499999999997,0.1387499999999997,0.1443749999999996,0.1387499999999997,0.1387499999999997,1.0,0.4,1.0,0.0,0.0,0.0,0.0,0.0,1.176408038269519e-20,0.0,0.0,0.0,0.0,1.0,0.6,0.6,0.6,0.0,0.6,0.6,0.4,0.0,0.6,0.4,0.0,0.6,0.4,0.0,0.0,1.0,0.0,0.6,0.0,0.6,0.6,0.0,0.6,0.6,0.6,0.0,0.0,0.0,0.6,0.6,1.0,1.0,0.0,0.0,1.0,1.0,1.0,1.0,0.0,0.0,6,6,0.6,1.0,0.6,0.0,0.6,0.0,1.0,0.0,1.0,1.0,0.0,1.0,0.18092213764227205,0.0,0.18092213764227205,0.018092213764227205,0.18092213764227205,1.0020277777946227,1.176408038269519e-20,1.176408038269519e-20,0.0,1.0,1.3222222222222222,0,0,0,6,C3R,0.0,0.0,0.14099999999999968,1.0,1.0,0.0,0.0,0.0,0.14099999999999968
phaseflip,dephasing,0.15,2,1.0,0.0,10,qiskit_aer,1,1,0.8590000000000001,0.1860885416666667,1.0,0.5,0.0,0.0,0.0,1.0,0.14099999999999968,0.00275567596063103,0.1387499999999997,0.1387499999999997,0.1443749999999996,0.1387499999999997,0.1387499999999997,1.0,0.4,1.0,0.0,0.0,0.0,0.0,0.0,0.11084631039295433,0.00275567596063103,0.10859631039295436,0.10859631039295436,0.11422131039295425,0.10859631039295436,0.10859631039295436,1.0,1.0,0.0,0.0,0.0,0.0,0.0,0.0,0.12290778623577246,0.015471965278641836,0.11422131039295425,0.10859631039295436,0.1387499999999997,0.10859631039295436,0.10859631039295436,1.0,1.0,0.4,0.0,0.0,0.0,0.0,0.0,0.0,0.018092213764227205,0.18092213764227205,0.030153689607045342,0.030153689607045342,0.12290778623577246,0.015471965278641836,0.11422131039295425,0.10859631039295436,0.1387499999999997,0.10859631039295436,0.10859631039295436,1.0,1.0,0.4,0.0,0.0,0.0,0.0,0.0,0.0,0.018092213764227205,0.18092213764227205,0.030153689607045342,0.030153689607045342,0.12290778623577246,0.015471965278641836,0.11422131039295425,0.10859631039295436,0.1387499999999997,0.10859631039295436,0.10859631039295436,1.0,1.0,0.4,0.0,0.0,0.0,0.0,0.0,0.0,0.018092213764227205,0.18092213764227205,0.030153689607045342,0.030153689607045342,0.14099999999999968,0.00275567596063103,0.1387499999999997,0.1387499999999997,0.1443749999999996,0.1387499999999997,0.1387499999999997,1.0,0.4,1.0,0.0,0.0,0.0,0.0,0.0,1.176408038269519e-20,0.0,0.0,0.0,0.0,1.0,0.6,0.6,0.6,0.0,0.6,0.6,0.4,0.0,0.6,0.4,0.0,0.6,0.4,0.0,0.0,1.0,0.0,0.6,0.0,0.6,0.6,0.0,0.6,0.6,0.6,0.0,0.0,0.0,0.6,0.6,1.0,1.0,0.0,0.0,1.0,1.0,1.0,1.0,0.0,0.0,6,6,0.6,1.0,0.6,0.0,0.6,0.0,1.0,0.0,1.0,1.0,0.0,1.0,0.18092213764227205,0.0,0.18092213764227205,0.018092213764227205,0.18092213764227205,1.0139114583502244,1.176408038269519e-20,1.176408038269519e-20,0.0,1.0,1.5,0,0,0,6,C3R,0.0,0.0,0.14099999999999968,1.0,1.0,0.0,0.0,0.0,0.14099999999999968
phaseflip,dephasing,0.15,2,1.0,0.03,10,qiskit_aer,1,1,0.8590000000000001,0.16221180555555556,1.0,0.5,0.0,0.0,0.0,1.0,0.14099999999999968,0.00275567596063103,0.1387499999999997,0.1387499999999997,0.1443749999999996,0.1387499999999997,0.1387499999999997,1.0,0.5,1.0,0.0,0.0,0.0,0.0,0.0,0.11084631039295433,0.00275567596063103,0.10859631039295436,0.10859631039295436,0.11422131039295425,0.10859631039295436,0.10859631039295436,1.0,1.0,0.0,0.0,0.0,0.0,0.0,0.0,0.125923155196477,0.016395972067475412,0.12648565519647698,0.10859631039295436,0.14296874999999962,0.10859631039295436,0.10859631039295436,1.0,1.0,0.5,0.0,0.0,0.0,0.0,0.0,0.0,0.015076844803522671,0.1507684480352267,0.030153689607045342,0.030153689607045342,0.125923155196477,0.016395972067475412,0.12648565519647698,0.10859631039295436,0.14296874999999962,0.10859631039295436,0.10859631039295436,1.0,1.0,0.5,0.0,0.0,0.0,0.0,0.0,0.0,0.015076844803522671,0.1507684480352267,0.030153689607045342,0.030153689607045342,0.125923155196477,0.016395972067475412,0.12648565519647698,0.10859631039295436,0.14296874999999962,0.10859631039295436,0.10859631039295436,1.0,1.0,0.5,0.0,0.0,0.0,0.0,0.0,0.0,0.015076844803522671,0.1507684480352267,0.030153689607045342,0.030153689607045342,0.14099999999999968,0.00275567596063103,0.1387499999999997,0.1387499999999997,0.1443749999999996,0.1387499999999997,0.1387499999999997,1.0,0.5,1.0,0.0,0.0,0.0,0.0,0.0,9.597967791511354e-21,0.0,0.0,0.0,0.0,1.0,0.5,0.5,0.5,0.0,0.5,0.5,0.5,0.0,0.5,0.5,0.0,0.5,0.5,0.0,0.0,1.0,0.0,0.5,0.0,0.5,0.5,0.0,0.5,0.5,0.5,0.0,0.0,0.0,0.5,0.5,1.0,1.0,0.0,0.0,1.0,1.0,1.0,1.0,0.0,0.0,5,5,0.5,1.0,0.5,0.0,0.5,0.0,1.0,0.0,1.0,1.0,0.0,1.0,0.1507684480352267,0.0,0.1507684480352267,0.015076844803522671,0.1507684480352267,0.8377881944596355,9.597967791511354e-21,9.597967791511354e-21,0.0,1.0,1.56,0,0,0,5,C3R,0.0,0.0,0.14099999999999968,1.0,1.0,0.0,0.0,0.0,0.14099999999999968
phaseflip,dephasing,0.15,2,1.0,0.05,10,qiskit_aer,1,1,0.8590000000000001,0.1479357638888889,1.0,0.5,0.0,0.0,0.0,1.0,0.14099999999999968,0.00275567596063103,0.1387499999999997,0.1387499999999997,0.1443749999999996,0.1387499999999997,0.1387499999999997,1.0,0.3,1.0,0.0,0.0,0.0,0.0,0.0,0.11084631039295433,0.00275567596063103,0.10859631039295436,0.10859631039295436,0.11422131039295425,0.10859631039295436,0.10859631039295436,1.0,1.0,0.0,0.0,0.0,0.0,0.0,0.0,0.11989241727506793,0.015022433890655924,0.1114088103929543,0.10859631039295436,0.13261782759823834,0.10859631039295436,0.10859631039295436,1.0,1.0,0.3,0.0,0.0,0.0,0.0,0.0,0.0,0.02110758272493174,0.2110758272493174,0.030153689607045342,0.030153689607045342,0.11989241727506793,0.015022433890655924,0.1114088103929543,0.10859631039295436,0.13261782759823834,0.10859631039295436,0.10859631039295436,1.0,1.0,0.3,0.0,0.0,0.0,0.0,0.0,0.0,0.02110758272493174,0.2110758272493174,0.030153689607045342,0.030153689607045342,0.11989241727506793,0.015022433890655924,0.1114088103929543,0.10859631039295436,0.13261782759823834,0.10859631039295436,0.10859631039295436,1.0,1.0,0.3,0.0,0.0,0.0,0.0,0.0,0.0,0.02110758272493174,0.2110758272493174,0.030153689607045342,0.030153689607045342,0.14099999999999968,0.00275567596063103,0.1387499999999997,0.1387499999999997,0.1443749999999996,0.1387499999999997,0.1387499999999997,1.0,0.3,1.0,0.0,0.0,0.0,0.0,0.0,1.2697597809471196e-20,0.0,0.0,0.0,0.0,1.0,0.7,0.7,0.7,0.0,0.7,0.7,0.3,0.0,0.7,0.3,0.0,0.7,0.3,0.0,0.0,1.0,0.0,0.7,0.0,0.7,0.7,0.0,0.7,0.7,0.7,0.0,0.0,0.0,0.7,0.7,1.0,1.0,0.0,0.0,1.0,1.0,1.0,1.0,0.0,0.0,7,7,0.7,1.0,0.7,0.0,0.7,0.0,1.0,0.0,1.0,1.0,0.0,1.0,0.2110758272493174,0.0,0.2110758272493174,0.02110758272493174,0.2110758272493174,1.2520642361271523,1.2697597809471196e-20,1.2697597809471196e-20,0.0,1.0,1.6,0,0,0,7,C3R,0.0,0.0,0.14099999999999968,1.0,1.0,0.0,0.0,0.0,0.14099999999999968
phaseflip,dephasing,0.15,2,1.0,0.1,10,qiskit_aer,1,1,0.8590000000000001,0.13125173611111113,1.0,0.5,0.0,0.0,0.0,1.0,0.14099999999999968,0.00275567596063103,0.1387499999999997,0.1387499999999997,0.1443749999999996,0.1387499999999997,0.1387499999999997,1.0,0.5,1.0,0.0,0.0,0.0,0.0,0.0,0.11084631039295433,0.00275567596063103,0.10859631039295436,0.10859631039295436,0.11422131039295425,0.10859631039295436,0.10859631039295436,1.0,1.0,0.0,0.0,0.0,0.0,0.0,0.0,0.125923155196477,0.016395972067475412,0.12648565519647698,0.10859631039295436,0.14296874999999962,0.10859631039295436,0.10859631039295436,1.0,1.0,0.5,0.0,0.0,0.0,0.0,0.0,0.0,0.015076844803522671,0.1507684480352267,0.030153689607045342,0.030153689607045342,0.125923155196477,0.016395972067475412,0.12648565519647698,0.10859631039295436,0.14296874999999962,0.10859631039295436,0.10859631039295436,1.0,1.0,0.5,0.0,0.0,0.0,0.0,0.0,0.0,0.015076844803522671,0.1507684480352267,0.030153689607045342,0.030153689607045342,0.125923155196477,0.016395972067475412,0.12648565519647698,0.10859631039295436,0.14296874999999962,0.10859631039295436,0.10859631039295436,1.0,1.0,0.5,0.0,0.0,0.0,0.0,0.0,0.0,0.015076844803522671,0.1507684480352267,0.030153689607045342,0.030153689607045342,0.14099999999999968,0.00275567596063103,0.1387499999999997,0.1387499999999997,0.1443749999999996,0.1387499999999997,0.1387499999999997,1.0,0.5,1.0,0.0,0.0,0.0,0.0,0.0,1.0830562955919185e-20,0.0,0.0,0.0,0.0,1.0,0.5,0.5,0.5,0.0,0.5,0.5,0.5,0.0,0.5,0.5,0.0,0.5,0.5,0.0,0.0,1.0,0.0,0.5,0.0,0.5,0.5,0.0,0.5,0.5,0.5,0.0,0.0,0.0,0.5,0.5,1.0,1.0,0.0,0.0,1.0,1.0,1.0,1.0,0.0,0.0,5,5,0.5,1.0,0.5,0.0,0.5,0.0,1.0,0.0,1.0,1.0,0.0,1.0,0.1507684480352267,0.0,0.1507684480352267,0.015076844803522671,0.1507684480352267,0.8687482639040799,1.0830562955919185e-20,1.0830562955919185e-20,0.0,1.0,1.7000000000000002,0,0,0,5,C3R,0.0,0.0,0.14099999999999968,1.0,1.0,0.0,0.0,0.0,0.14099999999999968
phaseflip,dephasing,0.15,4,0.0,0.0,10,qiskit_aer,1,1,0.7445260937500001,0.7445260937500001,0.0,0.0,0.0,0.0,0.0,0.0,0.25547390624999966,0.00890263334050704,0.26028046874999966,0.25346718749999964,0.2623124999999996,0.23899687499999966,0.23899687499999966,1.0,1.0,1.0,0.0,0.0,0.0,0.0,0.0,0.2253202166429543,0.00890263334050704,0.23012677914295432,0.2233134978929543,0.23215881039295427,0.20884318539295432,0.20884318539295432,1.0,1.0,0.0,0.0,0.0,0.0,0.0,0.0,0.25547390624999966,0.00890263334050704,0.26028046874999966,0.25346718749999964,0.2623124999999996,0.23899687499999966,0.23899687499999966,1.0,1.0,1.0,0.0,0.0,0.0,0.0,0.0,0.0,0.0,0.0,0.0,0.0,0.25547390624999966,0.00890263334050704,0.26028046874999966,0.25346718749999964,0.2623124999999996,0.23899687499999966,0.23899687499999966,1.0,1.0,1.0,0.0,0.0,0.0,0.0,0.0,0.0,0.0,0.0,0.0,0.0,0.25547390624999966,0.00890263334050704,0.26028046874999966,0.25346718749999964,0.2623124999999996,0.23899687499999966,0.23899687499999966,1.0,1.0,1.0,0.0,0.0,0.0,0.0,0.0,0.0,0.0,0.0,0.0,0.0,0.25547390624999966,0.00890263334050704,0.26028046874999966,0.25346718749999964,0.2623124999999996,0.23899687499999966,0.23899687499999966,1.0,1.0,1.0,0.0,0.0,0.0,0.0,0.0,0.0,0.0,0.0,0.0,0.0,1.0,0.0,0.0,0.0,0.0,0.0,0.0,1.0,0.0,0.0,1.0,0.0,0.0,1.0,0.0,0.0,1.0,0.0,0.0,0.0,0.0,0.0,0.0,0.0,0.0,0.0,0.0,0.0,0.0,0.0,0.0,1.0,1.0,1.0,0.0,0.0,0.0,0.0,0.0,0.0,0.0,0,0,0.0,0.0,0.0,0.0,0.0,0.0,0.0,0.0,0.0,0.0,0.0,1.0,0.0,0.0,0.0,0.0,0.0,-0.7445260937488213,0.0,0.0,0.0,0.0,0.0,0,0,0,0,C1,0.0,0.0,0.25547390624999966,1.0,1.0,0.0,0.0,0.0,0.25547390624999966
phaseflip,dephasing,0.15,4,0.0,0.03,10,qiskit_aer,1,1,0.7445260937500001,0.5539601736111112,0.09999999999999999,0.0,0.0,0.0,0.0,0.0,0.25547390624999966,0.00890263334050704,0.26028046874999966,0.25346718749999964,0.2623124999999996,0.23899687499999966,0.23899687499999966,1.0,1.0,1.0,0.0,0.0,0.0,0.0,0.0,0.2253202166429543,0.00890263334050704,0.23012677914295432,0.2233134978929543,0.23215881039295427,0.20884318539295432,0.20884318539295432,1.0,1.0,0.0,0.0,0.0,0.0,0.0,0.0,0.25547390624999966,0.00890263334050704,0.26028046874999966,0.25346718749999964,0.2623124999999996,0.23899687499999966,0.23899687499999966,1.0,1.0,1.0,0.0,0.0,0.0,0.0,0.0,0.0,0.0,0.0,0.0,0.0,0.25547390624999966,0.00890263334050704,0.26028046874999966,0.25346718749999964,0.2623124999999996,0.23899687499999966,0.23899687499999966,1.0,1.0,1.0,0.0,0.0,0.0,0.0,0.0,0.0,0.0,0.0,0.0,0.0,0.25547390624999966,0.00890263334050704,0.26028046874999966,0.25346718749999964,0.2623124999999996,0.23899687499999966,0.23899687499999966,1.0,1.0,1.0,0.0,0.0,0.0,0.0,0.0,0.0,0.0,0.0,0.0,0.0,0.25547390624999966,0.00890263334050704,0.26028046874999966,0.25346718749999964,0.2623124999999996,0.23899687499999966,0.23899687499999966,1.0,1.0,1.0,0.0,0.0,0.0,0.0,0.0,0.0,0.0,0.0,0.0,0.0,1.0,0.0,0.0,0.0,0.0,0.0,0.0,1.0,0.0,0.0,1.0,0.0,0.0,1.0,0.0,0.0,1.0,0.0,0.0,0.0,0.0,0.0,0.0,0.0,0.0,0.0,0.0,0.0,0.0,0.0,0.0,1.0,1.0,1.0,0.0,0.0,0.0,0.0,0.0,0.0,0.0,0,0,0.0,0.0,0.0,0.0,0.0,0.0,0.0,0.0,0.0,0.0,0.0,1.0,0.0,0.0,0.0,0.0,0.0,-0.5539601736099324,0.0,0.0,0.0,0.06,0.06,0,0,0,0,C1,0.0,0.0,0.25547390624999966,1.0,1.0,0.0,0.0,0.0,0.25547390624999966
phaseflip,dephasing,0.15,4,0.0,0.05,10,qiskit_aer,1,1,0.7445260937500001,0.5212896875,0.18888888888888888,0.0,0.0,0.0,0.0,0.0,0.25547390624999966,0.00890263334050704,0.26028046874999966,0.25346718749999964,0.2623124999999996,0.23899687499999966,0.23899687499999966,1.0,1.0,1.0,0.0,0.0,0.0,0.0,0.0,0.2253202166429543,0.00890263334050704,0.23012677914295432,0.2233134978929543,0.23215881039295427,0.20884318539295432,0.20884318539295432,1.0,1.0,0.0,0.0,0.0,0.0,0.0,0.0,0.25547390624999966,0.00890263334050704,0.26028046874999966,0.25346718749999964,0.2623124999999996,0.23899687499999966,0.23899687499999966,1.0,1.0,1.0,0.0,0.0,0.0,0.0,0.0,0.0,0.0,0.0,0.0,0.0,0.25547390624999966,0.00890263334050704,0.26028046874999966,0.25346718749999964,0.2623124999999996,0.23899687499999966,0.23899687499999966,1.0,1.0,1.0,0.0,0.0,0.0,0.0,0.0,0.0,0.0,0.0,0.0,0.0,0.25547390624999966,0.00890263334050704,0.26028046874999966,0.25346718749999964,0.2623124999999996,0.23899687499999966,0.23899687499999966,1.0,1.0,1.0,0.0,0.0,0.0,0.0,0.0,0.0,0.0,0.0,0.0,0.0,0.25547390624999966,0.00890263334050704,0.26028046874999966,0.25346718749999964,0.2623124999999996,0.23899687499999966,0.23899687499999966,1.0,1.0,1.0,0.0,0.0,0.0,0.0,0.0,0.0,0.0,0.0,0.0,0.0,1.0,0.0,0.0,0.0,0.0,0.0,0.0,1.0,0.0,0.0,1.0,0.0,0.0,1.0,0.0,0.0,1.0,0.0,0.0,0.0,0.0,0.0,0.0,0.0,0.0,0.0,0.0,0.0,0.0,0.0,0.0,1.0,1.0,1.0,0.0,0.0,0.0,0.0,0.0,0.0,0.0,0,0,0.0,0.0,0.0,0.0,0.0,0.0,0.0,0.0,0.0,0.0,0.0,1.0,0.0,0.0,0.0,0.0,0.0,-0.5212896874988213,0.0,0.0,0.0,0.1,0.1,0,0,0,0,C1,0.0,0.0,0.25547390624999966,1.0,1.0,0.0,0.0,0.0,0.25547390624999966
phaseflip,dephasing,0.15,4,0.0,0.1,10,qiskit_aer,1,1,0.7445260937500001,0.43084100694444455,0.3333333333333333,0.0,0.0,0.0,0.0,0.0,0.25547390624999966,0.00890263334050704,0.26028046874999966,0.25346718749999964,0.2623124999999996,0.23899687499999966,0.23899687499999966,1.0,1.0,1.0,0.0,0.0,0.0,0.0,0.0,0.2253202166429543,0.00890263334050704,0.23012677914295432,0.2233134978929543,0.23215881039295427,0.20884318539295432,0.20884318539295432,1.0,1.0,0.0,0.0,0.0,0.0,0.0,0.0,0.25547390624999966,0.00890263334050704,0.26028046874999966,0.25346718749999964,0.2623124999999996,0.23899687499999966,0.23899687499999966,1.0,1.0,1.0,0.0,0.0,0.0,0.0,0.0,0.0,0.0,0.0,0.0,0.0,0.25547390624999966,0.00890263334050704,0.26028046874999966,0.25346718749999964,0.2623124999999996,0.23899687499999966,0.23899687499999966,1.0,1.0,1.0,0.0,0.0,0.0,0.0,0.0,0.0,0.0,0.0,0.0,0.0,0.25547390624999966,0.00890263334050704,0.26028046874999966,0.25346718749999964,0.2623124999999996,0.23899687499999966,0.23899687499999966,1.0,1.0,1.0,0.0,0.0,0.0,0.0,0.0,0.0,0.0,0.0,0.0,0.0,0.25547390624999966,0.00890263334050704,0.26028046874999966,0.25346718749999964,0.2623124999999996,0.23899687499999966,0.23899687499999966,1.0,1.0,1.0,0.0,0.0,0.0,0.0,0.0,0.0,0.0,0.0,0.0,0.0,1.0,0.0,0.0,0.0,0.0,0.0,0.0,1.0,0.0,0.0,1.0,0.0,0.0,1.0,0.0,0.0,1.0,0.0,0.0,0.0,0.0,0.0,0.0,0.0,0.0,0.0,0.0,0.0,0.0,0.0,0.0,1.0,1.0,1.0,0.0,0.0,0.0,0.0,0.0,0.0,0.0,0,0,0.0,0.0,0.0,0.0,0.0,0.0,0.0,0.0,0.0,0.0,0.0,1.0,0.0,0.0,0.0,0.0,0.0,-0.4308410069433623,0.0,0.0,0.0,0.2,0.2,0,0,0,0,C1,0.0,0.0,0.25547390624999966,1.0,1.0,0.0,0.0,0.0,0.25547390624999966
phaseflip,dephasing,0.15,4,0.25,0.0,10,qiskit_aer,1,1,0.7445260937500001,0.4491323350694445,0.2222222222222222,0.11111111111111113,0.0,0.0,0.0,0.9,0.25547390624999966,0.00890263334050704,0.26028046874999966,0.25346718749999964,0.2623124999999996,0.23899687499999966,0.23899687499999966,1.0,1.0,1.0,0.0,0.0,0.0,0.0,0.0,0.2253202166429543,0.00890263334050704,0.23012677914295432,0.2233134978929543,0.23215881039295427,0.20884318539295432,0.20884318539295432,1.0,1.0,0.0,0.0,0.0,0.0,0.0,0.0,0.25547390624999966,0.00890263334050704,0.26028046874999966,0.25346718749999964,0.2623124999999996,0.23899687499999966,0.23899687499999966,1.0,1.0,1.0,0.0,0.0,0.0,0.0,0.0,0.0,0.0,0.0,0.0,0.0,0.25547390624999966,0.00890263334050704,0.26028046874999966,0.25346718749999964,0.2623124999999996,0.23899687499999966,0.23899687499999966,1.0,1.0,1.0,0.0,0.0,0.0,0.0,0.0,0.0,0.0,0.0,0.0,0.0,0.25547390624999966,0.00890263334050704,0.26028046874999966,0.25346718749999964,0.2623124999999996,0.23899687499999966,0.23899687499999966,1.0,1.0,1.0,0.0,0.0,0.0,0.0,0.0,0.0,0.0,0.0,0.0,0.0,0.25547390624999966,0.00890263334050704,0.26028046874999966,0.25346718749999964,0.2623124999999996,0.23899687499999966,0.23899687499999966,1.0,1.0,1.0,0.0,0.0,0.0,0.0,0.0,0.0,0.0,0.0,0.0,0.0,1.0,0.0,0.0,0.0,0.0,0.0,0.0,1.0,0.0,0.0,1.0,0.0,0.0,1.0,0.0,0.0,1.0,0.0,0.0,0.0,0.0,0.0,0.0,0.0,0.0,0.0,0.0,0.0,0.0,0.0,0.0,1.0,1.0,1.0,0.0,0.0,0.0,0.0,0.0,0.0,0.0,0,0,0.0,0.0,0.0,0.0,0.0,0.0,0.0,0.0,0.0,0.0,0.0,1.0,0.0,0.0,0.0,0.0,0.0,-0.4491323350682657,0.0,0.0,0.0,0.36111111111111116,0.36111111111111116,0,0,0,0,C1,0.0,0.0,0.25547390624999966,1.0,1.0,0.0,0.0,0.0,0.25547390624999966
phaseflip,dephasing,0.15,4,0.25,0.03,10,qiskit_aer,1,1,0.7445260937500001,0.4570810894097223,0.3,0.11111111111111113,0.0,0.0,0.0,0.9,0.25547390624999966,0.00890263334050704,0.26028046874999966,0.25346718749999964,0.2623124999999996,0.23899687499999966,0.23899687499999966,1.0,1.0,1.0,0.0,0.0,0.0,0.0,0.0,0.2253202166429543,0.00890263334050704,0.23012677914295432,0.2233134978929543,0.23215881039295427,0.20884318539295432,0.20884318539295432,1.0,1.0,0.0,0.0,0.0,0.0,0.0,0.0,0.25547390624999966,0.00890263334050704,0.26028046874999966,0.25346718749999964,0.2623124999999996,0.23899687499999966,0.23899687499999966,1.0,1.0,1.0,0.0,0.0,0.0,0.0,0.0,0.0,0.0,0.0,0.0,0.0,0.25547390624999966,0.00890263334050704,0.26028046874999966,0.25346718749999964,0.2623124999999996,0.23899687499999966,0.23899687499999966,1.0,1.0,1.0,0.0,0.0,0.0,0.0,0.0,0.0,0.0,0.0,0.0,0.0,0.25547390624999966,0.00890263334050704,0.26028046874999966,0.25346718749999964,0.2623124999999996,0.23899687499999966,0.23899687499999966,1.0,1.0,1.0,0.0,0.0,0.0,0.0,0.0,0.0,0.0,0.0,0.0,0.0,0.25547390624999966,0.00890263334050704,0.26028046874999966,0.25346718749999964,0.2623124999999996,0.23899687499999966,0.23899687499999966,1.0,1.0,1.0,0.0,0.0,0.0,0.0,0.0,0.0,0.0,0.0,0.0,0.0,1.0,0.0,0.0,0.0,0.0,0.0,0.0,1.0,0.0,0.0,1.0,0.0,0.0,1.0,0.0,0.0,1.0,0.0,0.0,0.0,0.0,0.0,0.0,0.0,0.0,0.0,0.0,0.0,0.0,0.0,0.0,1.0,1.0,1.0,0.0,0.0,0.0,0.0,0.0,0.0,0.0,0,0,0.0,0.0,0.0,0.0,0.0,0.0,0.0,0.0,0.0,0.0,0.0,1.0,0.0,0.0,0.0,0.0,0.0,-0.4570810894085435,0.0,0.0,0.0,0.4211111111111112,0.4211111111111112,0,0,0,0,C1,0.0,0.0,0.25547390624999966,1.0,1.0,0.0,0.0,0.0,0.25547390624999966
phaseflip,dephasing,0.15,4,0.25,0.05,10,qiskit_aer,1,1,0.7445260937500001,0.43267189670138895,0.36666666666666664,0.11111111111111113,0.0,0.0,0.0,0.9,0.25547390624999966,0.00890263334050704,0.26028046874999966,0.25346718749999964,0.2623124999999996,0.23899687499999966,0.23899687499999966,1.0,1.0,1.0,0.0,0.0,0.0,0.0,0.0,0.2253202166429543,0.00890263334050704,0.23012677914295432,0.2233134978929543,0.23215881039295427,0.20884318539295432,0.20884318539295432,1.0,1.0,0.0,0.0,0.0,0.0,0.0,0.0,0.25547390624999966,0.00890263334050704,0.26028046874999966,0.25346718749999964,0.2623124999999996,0.23899687499999966,0.23899687499999966,1.0,1.0,1.0,0.0,0.0,0.0,0.0,0.0,0.0,0.0,0.0,0.0,0.0,0.25547390624999966,0.00890263334050704,0.26028046874999966,0.25346718749999964,0.2623124999999996,0.23899687499999966,0.23899687499999966,1.0,1.0,1.0,0.0,0.0,0.0,0.0,0.0,0.0,0.0,0.0,0.0,0.0,0.25547390624999966,0.00890263334050704,0.26028046874999966,0.25346718749999964,0.2623124999999996,0.23899687499999966,0.23899687499999966,1.0,1.0,1.0,0.0,0.0,0.0,0.0,0.0,0.0,0.0,0.0,0.0,0.0,0.25547390624999966,0.00890263334050704,0.26028046874999966,0.25346718749999964,0.2623124999999996,0.23899687499999966,0.23899687499999966,1.0,1.0,1.0,0.0,0.0,0.0,0.0,0.0,0.0,0.0,0.0,0.0,0.0,1.0,0.0,0.0,0.0,0.0,0.0,0.0,1.0,0.0,0.0,1.0,0.0,0.0,1.0,0.0,0.0,1.0,0.0,0.0,0.0,0.0,0.0,0.0,0.0,0.0,0.0,0.0,0.0,0.0,0.0,0.0,1.0,1.0,1.0,0.0,0.0,0.0,0.0,0.0,0.0,0.0,0,0,0.0,0.0,0.0,0.0,0.0,0.0,0.0,0.0,0.0,0.0,0.0,1.0,0.0,0.0,0.0,0.0,0.0,-0.43267189670011363,0.0,0.0,0.0,0.46111111111111114,0.46111111111111114,0,0,0,0,C1,0.0,0.0,0.25547390624999966,1.0,1.0,0.0,0.0,0.0,0.25547390624999966
phaseflip,dephasing,0.15,4,0.25,0.1,10,qiskit_aer,1,1,0.7445260937500001,0.34427234809027785,0.5111111111111111,0.11111111111111113,0.0,0.0,0.0,0.9,0.25547390624999966,0.00890263334050704,0.26028046874999966,0.25346718749999964,0.2623124999999996,0.23899687499999966,0.23899687499999966,1.0,1.0,1.0,0.0,0.0,0.0,0.0,0.0,0.2253202166429543,0.00890263334050704,0.23012677914295432,0.2233134978929543,0.23215881039295427,0.20884318539295432,0.20884318539295432,1.0,1.0,0.0,0.0,0.0,0.0,0.0,0.0,0.25547390624999966,0.00890263334050704,0.26028046874999966,0.25346718749999964,0.2623124999999996,0.23899687499999966,0.23899687499999966,1.0,1.0,1.0,0.0,0.0,0.0,0.0,0.0,0.0,0.0,0.0,0.0,0.0,0.25547390624999966,0.00890263334050704,0.26028046874999966,0.25346718749999964,0.2623124999999996,0.23899687499999966,0.23899687499999966,1.0,1.0,1.0,0.0,0.0,0.0,0.0,0.0,0.0,0.0,0.0,0.0,0.0,0.25547390624999966,0.00890263334050704,0.26028046874999966,0.25346718749999964,0.2623124999999996,0.23899687499999966,0.23899687499999966,1.0,1.0,1.0,0.0,0.0,0.0,0.0,0.0,0.0,0.0,0.0,0.0,0.0,0.25547390624999966,0.00890263334050704,0.26028046874999966,0.25346718749999964,0.2623124999999996,0.23899687499999966,0.23899687499999966,1.0,1.0,1.0,0.0,0.0,0.0,0.0,0.0,0.0,0.0,0.0,0.0,0.0,1.0,0.0,0.0,0.0,0.0,0.0,0.0,1.0,0.0,0.0,1.0,0.0,0.0,1.0,0.0,0.0,1.0,0.0,0.0,0.0,0.0,0.0,0.0,0.0,0.0,0.0,0.0,0.0,0.0,0.0,0.0,1.0,1.0,1.0,0.0,0.0,0.0,0.0,0.0,0.0,0.0,0,0,0.0,0.0,0.0,0.0,0.0,0.0,0.0,0.0,0.0,0.0,0.0,1.0,0.0,0.0,0.0,0.0,0.0,-0.34427234808909907,0.0,0.0,0.0,0.5611111111111111,0.5611111111111111,0,0,0,0,C1,0.0,0.0,0.25547390624999966,1.0,1.0,0.0,0.0,0.0,0.25547390624999966
phaseflip,dephasing,0.15,4,0.5,0.0,10,qiskit_aer,1,1,0.7445260937500001,0.39316444444444454,0.43333333333333335,0.21666666666666667,0.0,0.0,0.0,1.0,0.25547390624999966,0.00890263334050704,0.26028046874999966,0.25346718749999964,0.2623124999999996,0.23899687499999966,0.23899687499999966,1.0,1.0,1.0,0.0,0.0,0.0,0.0,0.0,0.2253202166429543,0.00890263334050704,0.23012677914295432,0.2233134978929543,0.23215881039295427,0.20884318539295432,0.20884318539295432,1.0,1.0,0.0,0.0,0.0,0.0,0.0,0.0,0.25547390624999966,0.00890263334050704,0.26028046874999966,0.25346718749999964,0.2623124999999996,0.23899687499999966,0.23899687499999966,1.0,1.0,1.0,0.0,0.0,0.0,0.0,0.0,0.0,0.0,0.0,0.0,0.0,0.25547390624999966,0.00890263334050704,0.26028046874999966,0.25346718749999964,0.2623124999999996,0.23899687499999966,0.23899687499999966,1.0,1.0,1.0,0.0,0.0,0.0,0.0,0.0,0.0,0.0,0.0,0.0,0.0,0.25547390624999966,0.00890263334050704,0.26028046874999966,0.25346718749999964,0.2623124999999996,0.23899687499999966,0.23899687499999966,1.0,1.0,1.0,0.0,0.0,0.0,0.0,0.0,0.0,0.0,0.0,0.0,0.0,0.25547390624999966,0.00890263334050704,0.26028046874999966,0.25346718749999964,0.2623124999999996,0.23899687499999966,0.23899687499999966,1.0,1.0,1.0,0.0,0.0,0.0,0.0,0.0,0.0,0.0,0.0,0.0,0.0,1.0,0.0,0.0,0.0,0.0,0.0,0.0,1.0,0.0,0.0,1.0,0.0,0.0,1.0,0.0,0.0,1.0,0.0,0.0,0.0,0.0,0.0,0.0,0.0,0.0,0.0,0.0,0.0,0.0,0.0,0.0,1.0,1.0,1.0,0.0,0.0,0.0,0.0,0.0,0.0,0.0,0,0,0.0,0.0,0.0,0.0,0.0,0.0,0.0,0.0,0.0,0.0,0.0,1.0,0.0,0.0,0.0,0.0,0.0,-0.39316444444336224,0.0,0.0,0.0,0.7166666666666667,0.7166666666666667,0,0,0,0,C1,0.0,0.0,0.25547390624999966,1.0,1.0,0.0,0.0,0.0,0.25547390624999966
phaseflip,dephasing,0.15,4,0.5,0.03,10,qiskit_aer,1,1,0.7445260937500001,0.3888184071180556,0.4888888888888889,0.21666666666666667,0.0,0.0,0.0,1.0,0.25547390624999966,0.00890263334050704,0.26028046874999966,0.25346718749999964,0.2623124999999996,0.23899687499999966,0.23899687499999966,1.0,1.0,1.0,0.0,0.0,0.0,0.0,0.0,0.2253202166429543,0.00890263334050704,0.23012677914295432,0.2233134978929543,0.23215881039295427,0.20884318539295432,0.20884318539295432,1.0,1.0,0.0,0.0,0.0,0.0,0.0,0.0,0.25547390624999966,0.00890263334050704,0.26028046874999966,0.25346718749999964,0.2623124999999996,0.23899687499999966,0.23899687499999966,1.0,1.0,1.0,0.0,0.0,0.0,0.0,0.0,0.0,0.0,0.0,0.0,0.0,0.25547390624999966,0.00890263334050704,0.26028046874999966,0.25346718749999964,0.2623124999999996,0.23899687499999966,0.23899687499999966,1.0,1.0,1.0,0.0,0.0,0.0,0.0,0.0,0.0,0.0,0.0,0.0,0.0,0.25547390624999966,0.00890263334050704,0.26028046874999966,0.25346718749999964,0.2623124999999996,0.23899687499999966,0.23899687499999966,1.0,1.0,1.0,0.0,0.0,0.0,0.0,0.0,0.0,0.0,0.0,0.0,0.0,0.25547390624999966,0.00890263334050704,0.26028046874999966,0.25346718749999964,0.2623124999999996,0.23899687499999966,0.23899687499999966,1.0,1.0,1.0,0.0,0.0,0.0,0.0,0.0,0.0,0.0,0.0,0.0,0.0,1.0,0.0,0.0,0.0,0.0,0.0,0.0,1.0,0.0,0.0,1.0,0.0,0.0,1.0,0.0,0.0,1.0,0.0,0.0,0.0,0.0,0.0,0.0,0.0,0.0,0.0,0.0,0.0,0.0,0.0,0.0,1.0,1.0,1.0,0.0,0.0,0.0,0.0,0.0,0.0,0.0,0,0,0.0,0.0,0.0,0.0,0.0,0.0,0.0,0.0,0.0,0.0,0.0,1.0,0.0,0.0,0.0,0.0,0.0,-0.3888184071168768,0.0,0.0,0.0,0.7766666666666667,0.7766666666666667,0,0,0,0,C1,0.0,0.0,0.25547390624999966,1.0,1.0,0.0,0.0,0.0,0.25547390624999966
phaseflip,dephasing,0.15,4,0.5,0.05,10,qiskit_aer,1,1,0.7445260937500001,0.35806752170138895,0.5444444444444444,0.21666666666666667,0.0,0.0,0.0,1.0,0.25547390624999966,0.00890263334050704,0.26028046874999966,0.25346718749999964,0.2623124999999996,0.23899687499999966,0.23899687499999966,1.0,1.0,1.0,0.0,0.0,0.0,0.0,0.0,0.2253202166429543,0.00890263334050704,0.23012677914295432,0.2233134978929543,0.23215881039295427,0.20884318539295432,0.20884318539295432,1.0,1.0,0.0,0.0,0.0,0.0,0.0,0.0,0.25547390624999966,0.00890263334050704,0.26028046874999966,0.25346718749999964,0.2623124999999996,0.23899687499999966,0.23899687499999966,1.0,1.0,1.0,0.0,0.0,0.0,0.0,0.0,0.0,0.0,0.0,0.0,0.0,0.25547390624999966,0.00890263334050704,0.26028046874999966,0.25346718749999964,0.2623124999999996,0.23899687499999966,0.23899687499999966,1.0,1.0,1.0,0.0,0.0,0.0,0.0,0.0,0.0,0.0,0.0,0.0,0.0,0.25547390624999966,0.00890263334050704,0.26028046874999966,0.25346718749999964,0.2623124999999996,0.23899687499999966,0.23899687499999966,1.0,1.0,1.0,0.0,0.0,0.0,0.0,0.0,0.0,0.0,0.0,0.0,0.0,0.25547390624999966,0.00890263334050704,0.26028046874999966,0.25346718749999964,0.2623124999999996,0.23899687499999966,0.23899687499999966,1.0,1.0,1.0,0.0,0.0,0.0,0.0,0.0,0.0,0.0,0.0,0.0,0.0,1.0,0.0,0.0,0.0,0.0,0.0,0.0,1.0,0.0,0.0,1.0,0.0,0.0,1.0,0.0,0.0,1.0,0.0,0.0,0.0,0.0,0.0,0.0,0.0,0.0,0.0,0.0,0.0,0.0,0.0,0.0,1.0,1.0,1.0,0.0,0.0,0.0,0.0,0.0,0.0,0.0,0,0,0.0,0.0,0.0,0.0,0.0,0.0,0.0,0.0,0.0,0.0,0.0,1.0,0.0,0.0,0.0,0.0,0.0,-0.35806752170021017,0.0,0.0,0.0,0.8166666666666668,0.8166666666666668,0,0,0,0,C1,0.0,0.0,0.25547390624999966,1.0,1.0,0.0,0.0,0.0,0.25547390624999966
phaseflip,dephasing,0.15,4,0.5,0.1,10,qiskit_aer,1,1,0.7445260937500001,0.28603645833333335,0.6555555555555556,0.21666666666666667,0.0,0.0,0.0,1.0,0.25547390624999966,0.00890263334050704,0.26028046874999966,0.25346718749999964,0.2623124999999996,0.23899687499999966,0.23899687499999966,1.0,1.0,1.0,0.0,0.0,0.0,0.0,0.0,0.2253202166429543,0.00890263334050704,0.23012677914295432,0.2233134978929543,0.23215881039295427,0.20884318539295432,0.20884318539295432,1.0,1.0,0.0,0.0,0.0,0.0,0.0,0.0,0.25547390624999966,0.00890263334050704,0.26028046874999966,0.25346718749999964,0.2623124999999996,0.23899687499999966,0.23899687499999966,1.0,1.0,1.0,0.0,0.0,0.0,0.0,0.0,0.0,0.0,0.0,0.0,0.0,0.25547390624999966,0.00890263334050704,0.26028046874999966,0.25346718749999964,0.2623124999999996,0.23899687499999966,0.23899687499999966,1.0,1.0,1.0,0.0,0.0,0.0,0.0,0.0,0.0,0.0,0.0,0.0,0.0,0.25547390624999966,0.00890263334050704,0.26028046874999966,0.25346718749999964,0.2623124999999996,0.23899687499999966,0.23899687499999966,1.0,1.0,1.0,0.0,0.0,0.0,0.0,0.0,0.0,0.0,0.0,0.0,0.0,0.25547390624999966,0.00890263334050704,0.26028046874999966,0.25346718749999964,0.2623124999999996,0.23899687499999966,0.23899687499999966,1.0,1.0,1.0,0.0,0.0,0.0,0.0,0.0,0.0,0.0,0.0,0.0,0.0,1.0,0.0,0.0,0.0,0.0,0.0,0.0,1.0,0.0,0.0,1.0,0.0,0.0,1.0,0.0,0.0,1.0,0.0,0.0,0.0,0.0,0.0,0.0,0.0,0.0,0.0,0.0,0.0,0.0,0.0,0.0,1.0,1.0,0.9,0.0,0.0,0.0,0.0,0.0,0.0,0.0,0,0,0.0,0.0,0.0,0.0,0.0,0.0,0.0,0.0,0.0,0.0,0.0,1.0,0.0,0.0,0.0,0.0,0.0,-0.28603645833234764,0.0,0.0,0.0,0.9133333333333333,0.9166666666666666,0,0,0,0,C1,0.0,0.0,0.25547390624999966,1.0,1.0,0.0,0.0,0.0,0.25547390624999966
phaseflip,dephasing,0.15,4,0.75,0.0,10,qiskit_aer,1,1,0.7445260937500001,0.2961193446180556,0.7,0.35,0.0,0.0,0.0,1.0,0.25547390624999966,0.00890263334050704,0.26028046874999966,0.25346718749999964,0.2623124999999996,0.23899687499999966,0.23899687499999966,1.0,1.0,1.0,0.0,0.0,0.0,0.0,0.0,0.2253202166429543,0.00890263334050704,0.23012677914295432,0.2233134978929543,0.23215881039295427,0.20884318539295432,0.20884318539295432,1.0,1.0,0.0,0.0,0.0,0.0,0.0,0.0,0.25547390624999966,0.00890263334050704,0.26028046874999966,0.25346718749999964,0.2623124999999996,0.23899687499999966,0.23899687499999966,1.0,1.0,1.0,0.0,0.0,0.0,0.0,0.0,0.0,0.0,0.0,0.0,0.0,0.25547390624999966,0.00890263334050704,0.26028046874999966,0.25346718749999964,0.2623124999999996,0.23899687499999966,0.23899687499999966,1.0,1.0,1.0,0.0,0.0,0.0,0.0,0.0,0.0,0.0,0.0,0.0,0.0,0.25547390624999966,0.00890263334050704,0.26028046874999966,0.25346718749999964,0.2623124999999996,0.23899687499999966,0.23899687499999966,1.0,1.0,1.0,0.0,0.0,0.0,0.0,0.0,0.0,0.0,0.0,0.0,0.0,0.25547390624999966,0.00890263334050704,0.26028046874999966,0.25346718749999964,0.2623124999999996,0.23899687499999966,0.23899687499999966,1.0,1.0,1.0,0.0,0.0,0.0,0.0,0.0,0.0,0.0,0.0,0.0,0.0,1.0,0.0,0.0,0.0,0.0,0.0,0.0,1.0,0.0,0.0,1.0,0.0,0.0,1.0,0.0,0.0,1.0,0.0,0.0,0.0,0.0,0.0,0.0,0.0,0.0,0.0,0.0,0.0,0.0,0.0,0.0,1.0,1.0,0.0,0.0,0.0,0.0,0.0,0.0,0.0,0.0,0,0,0.0,0.0,0.0,0.0,0.0,0.0,0.0,0.0,0.0,0.0,0.0,1.0,0.0,0.0,0.0,0.0,0.0,-0.29611934461697337,0.0,0.0,0.0,1.0,1.1,0,0,0,0,C1,0.0,0.0,0.25547390624999966,1.0,1.0,0.0,0.0,0.0,0.25547390624999966
phaseflip,dephasing,0.15,4,0.75,0.03,10,qiskit_aer,1,1,0.7445260937500001,0.30406809895833337,0.7333333333333333,0.35,0.0,0.0,0.0,1.0,0.25547390624999966,0.00890263334050704,0.26028046874999966,0.25346718749999964,0.2623124999999996,0.23899687499999966,0.23899687499999966,1.0,1.0,1.0,0.0,0.0,0.0,0.0,0.0,0.2253202166429543,0.00890263334050704,0.23012677914295432,0.2233134978929543,0.23215881039295427,0.20884318539295432,0.20884318539295432,1.0,1.0,0.0,0.0,0.0,0.0,0.0,0.0,0.25547390624999966,0.00890263334050704,0.26028046874999966,0.25346718749999964,0.2623124999999996,0.23899687499999966,0.23899687499999966,1.0,1.0,1.0,0.0,0.0,0.0,0.0,0.0,0.0,0.0,0.0,0.0,0.0,0.25547390624999966,0.00890263334050704,0.26028046874999966,0.25346718749999964,0.2623124999999996,0.23899687499999966,0.23899687499999966,1.0,1.0,1.0,0.0,0.0,0.0,0.0,0.0,0.0,0.0,0.0,0.0,0.0,0.25547390624999966,0.00890263334050704,0.26028046874999966,0.25346718749999964,0.2623124999999996,0.23899687499999966,0.23899687499999966,1.0,1.0,1.0,0.0,0.0,0.0,0.0,0.0,0.0,0.0,0.0,0.0,0.0,0.25547390624999966,0.00890263334050704,0.26028046874999966,0.25346718749999964,0.2623124999999996,0.23899687499999966,0.23899687499999966,1.0,1.0,1.0,0.0,0.0,0.0,0.0,0.0,0.0,0.0,0.0,0.0,0.0,1.0,0.0,0.0,0.0,0.0,0.0,0.0,1.0,0.0,0.0,1.0,0.0,0.0,1.0,0.0,0.0,1.0,0.0,0.0,0.0,0.0,0.0,0.0,0.0,0.0,0.0,0.0,0.0,0.0,0.0,0.0,1.0,1.0,0.0,0.0,0.0,0.0,0.0,0.0,0.0,0.0,0,0,0.0,0.0,0.0,0.0,0.0,0.0,0.0,0.0,0.0,0.0,0.0,1.0,0.0,0.0,0.0,0.0,0.0,-0.3040680989571546,0.0,0.0,0.0,1.0,1.1600000000000001,0,0,0,0,C1,0.0,0.0,0.25547390624999966,1.0,1.0,0.0,0.0,0.0,0.25547390624999966
phaseflip,dephasing,0.15,4,0.75,0.05,10,qiskit_aer,1,1,0.7445260937500001,0.2670961067708334,0.7777777777777778,0.35,0.0,0.0,0.0,1.0,0.25547390624999966,0.00890263334050704,0.26028046874999966,0.25346718749999964,0.2623124999999996,0.23899687499999966,0.23899687499999966,1.0,1.0,1.0,0.0,0.0,0.0,0.0,0.0,0.2253202166429543,0.00890263334050704,0.23012677914295432,0.2233134978929543,0.23215881039295427,0.20884318539295432,0.20884318539295432,1.0,1.0,0.0,0.0,0.0,0.0,0.0,0.0,0.25547390624999966,0.00890263334050704,0.26028046874999966,0.25346718749999964,0.2623124999999996,0.23899687499999966,0.23899687499999966,1.0,1.0,1.0,0.0,0.0,0.0,0.0,0.0,0.0,0.0,0.0,0.0,0.0,0.25547390624999966,0.00890263334050704,0.26028046874999966,0.25346718749999964,0.2623124999999996,0.23899687499999966,0.23899687499999966,1.0,1.0,1.0,0.0,0.0,0.0,0.0,0.0,0.0,0.0,0.0,0.0,0.0,0.25547390624999966,0.00890263334050704,0.26028046874999966,0.25346718749999964,0.2623124999999996,0.23899687499999966,0.23899687499999966,1.0,1.0,1.0,0.0,0.0,0.0,0.0,0.0,0.0,0.0,0.0,0.0,0.0,0.25547390624999966,0.00890263334050704,0.26028046874999966,0.25346718749999964,0.2623124999999996,0.23899687499999966,0.23899687499999966,1.0,1.0,1.0,0.0,0.0,0.0,0.0,0.0,0.0,0.0,0.0,0.0,0.0,1.0,0.0,0.0,0.0,0.0,0.0,0.0,1.0,0.0,0.0,1.0,0.0,0.0,1.0,0.0,0.0,1.0,0.0,0.0,0.0,0.0,0.0,0.0,0.0,0.0,0.0,0.0,0.0,0.0,0.0,0.0,1.0,1.0,0.0,0.0,0.0,0.0,0.0,0.0,0.0,0.0,0,0,0.0,0.0,0.0,0.0,0.0,0.0,0.0,0.0,0.0,0.0,0.0,1.0,0.0,0.0,0.0,0.0,0.0,-0.26709610676955803,0.0,0.0,0.0,1.0,1.2000000000000002,0,0,0,0,C1,0.0,0.0,0.25547390624999966,1.0,1.0,0.0,0.0,0.0,0.25547390624999966
phaseflip,dephasing,0.15,4,0.75,0.1,10,qiskit_aer,1,1,0.7445260937500001,0.20746741319444448,0.8555555555555555,0.35,0.0,0.0,0.0,1.0,0.25547390624999966,0.00890263334050704,0.26028046874999966,0.25346718749999964,0.2623124999999996,0.23899687499999966,0.23899687499999966,1.0,1.0,1.0,0.0,0.0,0.0,0.0,0.0,0.2253202166429543,0.00890263334050704,0.23012677914295432,0.2233134978929543,0.23215881039295427,0.20884318539295432,0.20884318539295432,1.0,1.0,0.0,0.0,0.0,0.0,0.0,0.0,0.25547390624999966,0.00890263334050704,0.26028046874999966,0.25346718749999964,0.2623124999999996,0.23899687499999966,0.23899687499999966,1.0,1.0,1.0,0.0,0.0,0.0,0.0,0.0,0.0,0.0,0.0,0.0,0.0,0.25547390624999966,0.00890263334050704,0.26028046874999966,0.25346718749999964,0.2623124999999996,0.23899687499999966,0.23899687499999966,1.0,1.0,1.0,0.0,0.0,0.0,0.0,0.0,0.0,0.0,0.0,0.0,0.0,0.25547390624999966,0.00890263334050704,0.26028046874999966,0.25346718749999964,0.2623124999999996,0.23899687499999966,0.23899687499999966,1.0,1.0,1.0,0.0,0.0,0.0,0.0,0.0,0.0,0.0,0.0,0.0,0.0,0.25547390624999966,0.00890263334050704,0.26028046874999966,0.25346718749999964,0.2623124999999996,0.23899687499999966,0.23899687499999966,1.0,1.0,1.0,0.0,0.0,0.0,0.0,0.0,0.0,0.0,0.0,0.0,0.0,1.0,0.0,0.0,0.0,0.0,0.0,0.0,1.0,0.0,0.0,1.0,0.0,0.0,1.0,0.0,0.0,1.0,0.0,0.0,0.0,0.0,0.0,0.0,0.0,0.0,0.0,0.0,0.0,0.0,0.0,0.0,1.0,1.0,0.0,0.0,0.0,0.0,0.0,0.0,0.0,0.0,0,0,0.0,0.0,0.0,0.0,0.0,0.0,0.0,0.0,0.0,0.0,0.0,1.0,0.0,0.0,0.0,0.0,0.0,-0.20746741319326567,0.0,0.0,0.0,1.0,1.3,0,0,0,0,C1,0.0,0.0,0.25547390624999966,1.0,1.0,0.0,0.0,0.0,0.25547390624999966
phaseflip,dephasing,0.15,4,1.0,0.0,10,qiskit_aer,1,1,0.7445260937500001,0.15298572482638892,1.0,0.5,0.0,0.0,0.0,1.0,0.25547390624999966,0.00890263334050704,0.26028046874999966,0.25346718749999964,0.2623124999999996,0.23899687499999966,0.23899687499999966,1.0,1.0,1.0,0.0,0.0,0.0,0.0,0.0,0.2253202166429543,0.00890263334050704,0.23012677914295432,0.2233134978929543,0.23215881039295427,0.20884318539295432,0.20884318539295432,1.0,1.0,0.0,0.0,0.0,0.0,0.0,0.0,0.25547390624999966,0.00890263334050704,0.26028046874999966,0.25346718749999964,0.2623124999999996,0.23899687499999966,0.23899687499999966,1.0,1.0,1.0,0.0,0.0,0.0,0.0,0.0,0.0,0.0,0.0,0.0,0.0,0.25547390624999966,0.00890263334050704,0.26028046874999966,0.25346718749999964,0.2623124999999996,0.23899687499999966,0.23899687499999966,1.0,1.0,1.0,0.0,0.0,0.0,0.0,0.0,0.0,0.0,0.0,0.0,0.0,0.25547390624999966,0.00890263334050704,0.26028046874999966,0.25346718749999964,0.2623124999999996,0.23899687499999966,0.23899687499999966,1.0,1.0,1.0,0.0,0.0,0.0,0.0,0.0,0.0,0.0,0.0,0.0,0.0,0.25547390624999966,0.00890263334050704,0.26028046874999966,0.25346718749999964,0.2623124999999996,0.23899687499999966,0.23899687499999966,1.0,1.0,1.0,0.0,0.0,0.0,0.0,0.0,0.0,0.0,0.0,0.0,0.0,1.0,0.0,0.0,0.0,0.0,0.0,0.0,1.0,0.0,0.0,1.0,0.0,0.0,1.0,0.0,0.0,1.0,0.0,0.0,0.0,0.0,0.0,0.0,0.0,0.0,0.0,0.0,0.0,0.0,0.0,0.0,1.0,1.0,0.0,0.0,0.0,0.0,0.0,0.0,0.0,0.0,0,0,0.0,0.0,0.0,0.0,0.0,0.0,0.0,0.0,0.0,0.0,0.0,1.0,0.0,0.0,0.0,0.0,0.0,-0.15298572482521014,0.0,0.0,0.0,1.0,1.5,0,0,0,0,C1,0.0,0.0,0.25547390624999966,1.0,1.0,0.0,0.0,0.0,0.25547390624999966
phaseflip,dephasing,0.15,4,1.0,0.03,10,qiskit_aer,1,1,0.7445260937500001,0.15498138020833335,1.0,0.5,0.0,0.0,0.0,1.0,0.25547390624999966,0.00890263334050704,0.26028046874999966,0.25346718749999964,0.2623124999999996,0.23899687499999966,0.23899687499999966,1.0,1.0,1.0,0.0,0.0,0.0,0.0,0.0,0.2253202166429543,0.00890263334050704,0.23012677914295432,0.2233134978929543,0.23215881039295427,0.20884318539295432,0.20884318539295432,1.0,1.0,0.0,0.0,0.0,0.0,0.0,0.0,0.25547390624999966,0.00890263334050704,0.26028046874999966,0.25346718749999964,0.2623124999999996,0.23899687499999966,0.23899687499999966,1.0,1.0,1.0,0.0,0.0,0.0,0.0,0.0,0.0,0.0,0.0,0.0,0.0,0.25547390624999966,0.00890263334050704,0.26028046874999966,0.25346718749999964,0.2623124999999996,0.23899687499999966,0.23899687499999966,1.0,1.0,1.0,0.0,0.0,0.0,0.0,0.0,0.0,0.0,0.0,0.0,0.0,0.25547390624999966,0.00890263334050704,0.26028046874999966,0.25346718749999964,0.2623124999999996,0.23899687499999966,0.23899687499999966,1.0,1.0,1.0,0.0,0.0,0.0,0.0,0.0,0.0,0.0,0.0,0.0,0.0,0.25547390624999966,0.00890263334050704,0.26028046874999966,0.25346718749999964,0.2623124999999996,0.23899687499999966,0.23899687499999966,1.0,1.0,1.0,0.0,0.0,0.0,0.0,0.0,0.0,0.0,0.0,0.0,0.0,1.0,0.0,0.0,0.0,0.0,0.0,0.0,1.0,0.0,0.0,1.0,0.0,0.0,1.0,0.0,0.0,1.0,0.0,0.0,0.0,0.0,0.0,0.0,0.0,0.0,0.0,0.0,0.0,0.0,0.0,0.0,1.0,1.0,0.0,0.0,0.0,0.0,0.0,0.0,0.0,0.0,0,0,0.0,0.0,0.0,0.0,0.0,0.0,0.0,0.0,0.0,0.0,0.0,1.0,0.0,0.0,0.0,0.0,0.0,-0.15498138020734767,0.0,0.0,0.0,1.0,1.56,0,0,0,0,C1,0.0,0.0,0.25547390624999966,1.0,1.0,0.0,0.0,0.0,0.25547390624999966
phaseflip,dephasing,0.15,4,1.0,0.05,10,qiskit_aer,1,1,0.7445260937500001,0.14892765625,1.0,0.5,0.0,0.0,0.0,1.0,0.25547390624999966,0.00890263334050704,0.26028046874999966,0.25346718749999964,0.2623124999999996,0.23899687499999966,0.23899687499999966,1.0,1.0,1.0,0.0,0.0,0.0,0.0,0.0,0.2253202166429543,0.00890263334050704,0.23012677914295432,0.2233134978929543,0.23215881039295427,0.20884318539295432,0.20884318539295432,1.0,1.0,0.0,0.0,0.0,0.0,0.0,0.0,0.25547390624999966,0.00890263334050704,0.26028046874999966,0.25346718749999964,0.2623124999999996,0.23899687499999966,0.23899687499999966,1.0,1.0,1.0,0.0,0.0,0.0,0.0,0.0,0.0,0.0,0.0,0.0,0.0,0.25547390624999966,0.00890263334050704,0.26028046874999966,0.25346718749999964,0.2623124999999996,0.23899687499999966,0.23899687499999966,1.0,1.0,1.0,0.0,0.0,0.0,0.0,0.0,0.0,0.0,0.0,0.0,0.0,0.25547390624999966,0.00890263334050704,0.26028046874999966,0.25346718749999964,0.2623124999999996,0.23899687499999966,0.23899687499999966,1.0,1.0,1.0,0.0,0.0,0.0,0.0,0.0,0.0,0.0,0.0,0.0,0.0,0.25547390624999966,0.00890263334050704,0.26028046874999966,0.25346718749999964,0.2623124999999996,0.23899687499999966,0.23899687499999966,1.0,1.0,1.0,0.0,0.0,0.0,0.0,0.0,0.0,0.0,0.0,0.0,0.0,1.0,0.0,0.0,0.0,0.0,0.0,0.0,1.0,0.0,0.0,1.0,0.0,0.0,1.0,0.0,0.0,1.0,0.0,0.0,0.0,0.0,0.0,0.0,0.0,0.0,0.0,0.0,0.0,0.0,0.0,0.0,1.0,1.0,0.0,0.0,0.0,0.0,0.0,0.0,0.0,0.0,0,0,0.0,0.0,0.0,0.0,0.0,0.0,0.0,0.0,0.0,0.0,0.0,1.0,0.0,0.0,0.0,0.0,0.0,-0.14892765624882126,0.0,0.0,0.0,1.0,1.6,0,0,0,0,C1,0.0,0.0,0.25547390624999966,1.0,1.0,0.0,0.0,0.0,0.25547390624999966
phaseflip,dephasing,0.15,4,1.0,0.1,10,qiskit_aer,1,1,0.7445260937500001,0.13038917968750002,1.0,0.5,0.0,0.0,0.0,1.0,0.25547390624999966,0.00890263334050704,0.26028046874999966,0.25346718749999964,0.2623124999999996,0.23899687499999966,0.23899687499999966,1.0,1.0,1.0,0.0,0.0,0.0,0.0,0.0,0.2253202166429543,0.00890263334050704,0.23012677914295432,0.2233134978929543,0.23215881039295427,0.20884318539295432,0.20884318539295432,1.0,1.0,0.0,0.0,0.0,0.0,0.0,0.0,0.25547390624999966,0.00890263334050704,0.26028046874999966,0.25346718749999964,0.2623124999999996,0.23899687499999966,0.23899687499999966,1.0,1.0,1.0,0.0,0.0,0.0,0.0,0.0,0.0,0.0,0.0,0.0,0.0,0.25547390624999966,0.00890263334050704,0.26028046874999966,0.25346718749999964,0.2623124999999996,0.23899687499999966,0.23899687499999966,1.0,1.0,1.0,0.0,0.0,0.0,0.0,0.0,0.0,0.0,0.0,0.0,0.0,0.25547390624999966,0.00890263334050704,0.26028046874999966,0.25346718749999964,0.2623124999999996,0.23899687499999966,0.23899687499999966,1.0,1.0,1.0,0.0,0.0,0.0,0.0,0.0,0.0,0.0,0.0,0.0,0.0,0.25547390624999966,0.00890263334050704,0.26028046874999966,0.25346718749999964,0.2623124999999996,0.23899687499999966,0.23899687499999966,1.0,1.0,1.0,0.0,0.0,0.0,0.0,0.0,0.0,0.0,0.0,0.0,0.0,1.0,0.0,0.0,0.0,0.0,0.0,0.0,1.0,0.0,0.0,1.0,0.0,0.0,1.0,0.0,0.0,1.0,0.0,0.0,0.0,0.0,0.0,0.0,0.0,0.0,0.0,0.0,0.0,0.0,0.0,0.0,1.0,1.0,0.0,0.0,0.0,0.0,0.0,0.0,0.0,0.0,0,0,0.0,0.0,0.0,0.0,0.0,0.0,0.0,0.0,0.0,0.0,0.0,1.0,0.0,0.0,0.0,0.0,0.0,-0.1303891796864178,0.0,0.0,0.0,1.0,1.7000000000000002,0,0,0,0,C1,0.0,0.0,0.25547390624999966,1.0,1.0,0.0,0.0,0.0,0.25547390624999966
phaseflip,mixed_pauli,0.05,2,0.0,0.0,10,qiskit_aer,1,1,0.9626874999999999,0.9626874999999999,0.0,0.0,1.0,1.0,0.0,0.0,0.03606250000000005,0.02241659890014528,0.0475000000000001,0.023749999999999993,0.04750000000000021,2.220446049250313e-16,2.220446049250313e-16,1.0,0.4,0.2,0.6,0.0,0.8,0.8,0.8,0.05490881039295442,0.01572828363967289,0.06484631039295452,0.04359631039295431,0.06734631039295436,0.030190060392954347,0.019221310392954383,1.0,1.0,0.0,0.0,0.0,1.0,1.0,1.0,0.03995491727506815,0.024434086925678007,0.04359631039295431,0.025315060392954364,0.06238473279471582,2.220446049250313e-16,2.220446049250313e-16,1.0,1.0,0.0,0.0,0.0,1.0,1.0,1.0,0.0,0.02098463103929534,0.20984631039295343,0.0648463103929543,0.0648463103929543,0.03797028623577271,0.02486000409361864,0.04359631039295431,0.02035348279471577,0.06238473279471582,2.220446049250313e-16,2.220446049250313e-16,1.0,1.0,0.0,0.0,0.0,1.0,1.0,1.0,0.0,0.02296926207859078,0.2296926207859078,0.0648463103929543,0.0648463103929543,0.03797028623577271,0.02486000409361864,0.04359631039295431,0.02035348279471577,0.06238473279471582,2.220446049250313e-16,2.220446049250313e-16,1.0,1.0,0.0,0.0,0.0,1.0,1.0,1.0,0.0,0.02296926207859078,0.2296926207859078,0.0648463103929543,0.0648463103929543,0.03797028623577271,0.02486000409361864,0.04359631039295431,0.02035348279471577,0.06238473279471582,2.220446049250313e-16,2.220446049250313e-16,1.0,1.0,0.0,0.0,0.0,1.0,1.0,1.0,0.0,0.02296926207859078,0.2296926207859078,0.0648463103929543,0.0648463103929543,1.0,0.7,0.6,0.6,0.6,0.0,0.7,0.0,0.7,0.6,0.0,0.6,0.6,0.0,0.6,0.6,0.0,0.6,0.6,0.1,0.6,0.6,0.6,0.6,0.6,0.0,0.0,0.0,0.0,0.6,0.6,1.0,1.0,1.0,0.6,1.0,1.0,1.0,1.0,1.0,1.0,6,0,0.0,0.0,0.2,0.4,0.0,0.0,0.0,0.0,0.0,0.0,0.0,1.0,0.0,0.0,0.0,0.0,0.0,0.2373125020458423,8.667046885589982e-19,8.667046885589982e-19,0.0,0.0,0.0,0,0,0,0,C2,0.0,0.0,0.03797028623577271,0.0,1.0,0.6,0.0,0.0,0.03995491727506815
phaseflip,mixed_pauli,0.05,2,0.0,0.03,10,qiskit_aer,1,1,0.9626874999999999,0.8459930555555556,0.09999999999999999,0.0,0.3,1.0,0.0,0.0,0.03606250000000005,0.02241659890014528,0.0475000000000001,0.023749999999999993,0.04750000000000021,2.220446049250313e-16,2.220446049250313e-16,1.0,0.6,0.2,0.0,0.0,0.2,0.2,0.8,0.05490881039295442,0.01572828363967289,0.06484631039295452,0.04359631039295431,0.06734631039295436,0.030190060392954347,0.019221310392954383,1.0,1.0,0.0,0.0,0.0,0.3,0.3,1.0,0.03797028623577271,0.02486000409361864,0.04359631039295431,0.02035348279471577,0.06238473279471582,2.220446049250313e-16,2.220446049250313e-16,1.0,1.0,0.0,0.0,0.0,0.3,0.3,1.0,0.0,0.02296926207859078,0.2296926207859078,0.0648463103929543,0.0648463103929543,0.03900102415718183,0.024735968997434733,0.04554815519647726,0.023749999999999993,0.0628534827947157,2.220446049250313e-16,2.220446049250313e-16,1.0,1.0,0.1,0.0,0.0,0.2,0.2,0.9,0.0,0.02193852415718166,0.2193852415718166,0.0648463103929543,0.0648463103929543,0.03900102415718183,0.024735968997434733,0.04554815519647726,0.023749999999999993,0.0628534827947157,2.220446049250313e-16,2.220446049250313e-16,1.0,1.0,0.1,0.0,0.0,0.2,0.2,0.9,0.0,0.02193852415718166,0.2193852415718166,0.0648463103929543,0.0648463103929543,0.03900102415718183,0.024735968997434733,0.04554815519647726,0.023749999999999993,0.0628534827947157,2.220446049250313e-16,2.220446049250313e-16,1.0,1.0,0.1,0.0,0.0,0.2,0.2,0.9,0.0,0.02193852415718166,0.2193852415718166,0.0648463103929543,0.0648463103929543,1.0,0.6,0.4,0.4,0.4,0.0,0.6,0.0,0.5,0.4,0.5,0.375,0.4,0.5,0.375,0.4,0.5,0.375,0.4,0.2,0.4,0.4,0.4,0.4,0.4,0.0,0.0,0.0,0.0,0.4,0.4,1.0,1.0,1.0,0.4,1.0,1.0,1.0,1.0,1.0,1.0,4,0,0.0,0.0,0.1,0.3,0.0,0.0,0.0,0.0,0.0,0.0,0.0,1.0,0.0,0.0,0.0,0.0,0.0,-0.04599305362085878,7.177752349675863e-20,7.177752349675863e-20,0.0,0.06,0.06,0,0,0,0,C2,0.0,0.0,0.03900102415718183,0.1,1.0,0.4,0.0,0.0,0.03900102415718183
phaseflip,mixed_pauli,0.05,2,0.0,0.05,10,qiskit_aer,1,1,0.9626874999999999,0.7595972222222223,0.18888888888888888,0.0,0.0,1.0,0.0,0.0,0.03606250000000005,0.02241659890014528,0.0475000000000001,0.023749999999999993,0.04750000000000021,2.220446049250313e-16,2.220446049250313e-16,1.0,0.5,0.2,0.0,0.0,0.0,0.0,0.8,0.05490881039295442,0.01572828363967289,0.06484631039295452,0.04359631039295431,0.06734631039295436,0.030190060392954347,0.019221310392954383,1.0,1.0,0.0,0.0,0.0,0.0,0.0,1.0,0.04098565519647725,0.02422357722662967,0.04554815519647726,0.02871157759823853,0.0628534827947157,2.220446049250313e-16,2.220446049250313e-16,1.0,1.0,0.1,0.0,0.0,0.0,0.0,0.9,0.0,0.019953893117886246,0.19953893117886246,0.0648463103929543,0.0648463103929543,0.04098565519647725,0.02422357722662967,0.04554815519647726,0.02871157759823853,0.0628534827947157,2.220446049250313e-16,2.220446049250313e-16,1.0,1.0,0.1,0.0,0.0,0.0,0.0,0.9,0.0,0.019953893117886246,0.19953893117886246,0.0648463103929543,0.0648463103929543,0.04098565519647725,0.02422357722662967,0.04554815519647726,0.02871157759823853,0.0628534827947157,2.220446049250313e-16,2.220446049250313e-16,1.0,1.0,0.1,0.0,0.0,0.0,0.0,0.9,0.0,0.019953893117886246,0.19953893117886246,0.0648463103929543,0.0648463103929543,0.04098565519647725,0.02422357722662967,0.04554815519647726,0.02871157759823853,0.0628534827947157,2.220446049250313e-16,2.220446049250313e-16,1.0,1.0,0.1,0.0,0.0,0.0,0.0,0.9,0.0,0.019953893117886246,0.19953893117886246,0.0648463103929543,0.0648463103929543,1.0,0.5,0.5,0.5,0.5,0.0,0.5,0.5,0.5,0.5,0.5,0.5,0.5,0.5,0.5,0.5,0.5,0.5,0.5,0.0,0.5,0.5,0.5,0.5,0.5,0.0,0.0,0.0,0.0,0.5,0.5,1.0,1.0,1.0,0.5,1.0,1.0,1.0,1.0,1.0,1.0,5,0,0.0,0.0,0.1,0.4,0.0,0.0,0.0,0.0,0.0,0.0,0.0,1.0,0.0,0.0,0.0,0.0,0.0,0.2404027798019661,1.395218995487814e-19,1.395218995487814e-19,0.0,0.1,0.1,0,0,0,0,C1,0.0,0.0,0.04098565519647725,0.1,1.0,0.5,0.0,0.0,0.04098565519647725
phaseflip,mixed_pauli,0.05,2,0.0,0.1,10,qiskit_aer,1,1,0.9626874999999999,0.6217847222222223,0.3333333333333333,0.0,0.0,1.0,0.0,0.0,0.03606250000000005,0.02241659890014528,0.0475000000000001,0.023749999999999993,0.04750000000000021,2.220446049250313e-16,2.220446049250313e-16,1.0,0.4,0.2,0.0,0.0,0.0,0.0,0.8,0.05490881039295442,0.01572828363967289,0.06484631039295452,0.04359631039295431,0.06734631039295436,0.030190060392954347,0.019221310392954383,1.0,1.0,0.0,0.0,0.0,0.0,0.0,1.0,0.03797028623577271,0.02486000409361864,0.04359631039295431,0.02035348279471577,0.06238473279471582,2.220446049250313e-16,2.220446049250313e-16,1.0,1.0,0.0,0.0,0.0,0.0,0.0,1.0,0.0,0.02296926207859078,0.2296926207859078,0.0648463103929543,0.0648463103929543,0.03797028623577271,0.02486000409361864,0.04359631039295431,0.02035348279471577,0.06238473279471582,2.220446049250313e-16,2.220446049250313e-16,1.0,1.0,0.0,0.0,0.0,0.0,0.0,1.0,0.0,0.02296926207859078,0.2296926207859078,0.0648463103929543,0.0648463103929543,0.03797028623577271,0.02486000409361864,0.04359631039295431,0.02035348279471577,0.06238473279471582,2.220446049250313e-16,2.220446049250313e-16,1.0,1.0,0.0,0.0,0.0,0.0,0.0,1.0,0.0,0.02296926207859078,0.2296926207859078,0.0648463103929543,0.0648463103929543,0.03797028623577271,0.02486000409361864,0.04359631039295431,0.02035348279471577,0.06238473279471582,2.220446049250313e-16,2.220446049250313e-16,1.0,1.0,0.0,0.0,0.0,0.0,0.0,1.0,0.0,0.02296926207859078,0.2296926207859078,0.0648463103929543,0.0648463103929543,1.0,0.6,0.6,0.6,0.6,0.0,0.6,0.0,0.5,0.6,0.0,0.5,0.6,0.0,0.5,0.6,0.0,0.5,0.6,0.0,0.6,0.6,0.6,0.6,0.6,0.0,0.0,0.0,0.0,0.6,0.6,1.0,1.0,1.0,0.6,1.0,1.0,1.0,1.0,1.0,1.0,6,0,0.0,0.0,0.2,0.4,0.0,0.0,0.0,0.0,0.0,0.0,0.0,1.0,0.0,0.0,0.0,0.0,0.0,0.5782152798504743,0.00464796684967484,0.00464796684967484,0.0,0.2,0.2,0,0,0,0,C1,0.0,0.0,0.03797028623577271,0.0,1.0,0.6,0.0,0.0,0.03797028623577271
phaseflip,mixed_pauli,0.05,2,0.25,0.0,10,qiskit_aer,1,1,0.9626874999999999,0.7925173611111112,0.2222222222222222,0.11111111111111113,0.2,1.0,0.0,0.9,0.03606250000000005,0.02241659890014528,0.0475000000000001,0.023749999999999993,0.04750000000000021,2.220446049250313e-16,2.220446049250313e-16,1.0,0.4,0.2,0.1,0.0,0.2,0.2,0.8,0.05490881039295442,0.01572828363967289,0.06484631039295452,0.04359631039295431,0.06734631039295436,0.030190060392954347,0.019221310392954383,1.0,1.0,0.0,0.0,0.0,0.2,0.2,1.0,0.03797028623577271,0.02486000409361864,0.04359631039295431,0.02035348279471577,0.06238473279471582,2.220446049250313e-16,2.220446049250313e-16,1.0,1.0,0.0,0.0,0.0,0.2,0.2,1.0,0.0,0.02296926207859078,0.2296926207859078,0.0648463103929543,0.0648463103929543,0.03797028623577271,0.02486000409361864,0.04359631039295431,0.02035348279471577,0.06238473279471582,2.220446049250313e-16,2.220446049250313e-16,1.0,1.0,0.0,0.0,0.0,0.2,0.2,1.0,0.0,0.02296926207859078,0.2296926207859078,0.0648463103929543,0.0648463103929543,0.03797028623577271,0.02486000409361864,0.04359631039295431,0.02035348279471577,0.06238473279471582,2.220446049250313e-16,2.220446049250313e-16,1.0,1.0,0.0,0.0,0.0,0.2,0.2,1.0,0.0,0.02296926207859078,0.2296926207859078,0.0648463103929543,0.0648463103929543,0.03797028623577271,0.02486000409361864,0.04359631039295431,0.02035348279471577,0.06238473279471582,2.220446049250313e-16,2.220446049250313e-16,1.0,1.0,0.0,0.0,0.0,0.2,0.2,1.0,0.0,0.02296926207859078,0.2296926207859078,0.0648463103929543,0.0648463103929543,1.0,0.6,0.6,0.6,0.6,0.0,0.6,0.0,0.5,0.6,0.0,0.5,0.6,0.0,0.5,0.6,0.0,0.5,0.6,0.0,0.6,0.6,0.6,0.6,0.6,0.0,0.0,0.0,0.0,0.6,0.6,1.0,1.0,1.0,0.6,1.0,1.0,1.0,1.0,1.0,1.0,6,0,0.0,0.0,0.2,0.4,0.0,0.0,0.0,0.0,0.0,0.0,0.0,1.0,0.0,0.0,0.0,0.0,0.0,0.4074826409459777,8.667046885589982e-19,8.667046885589982e-19,0.0,0.36111111111111116,0.36111111111111116,0,0,0,0,C1,0.0,0.0,0.03797028623577271,0.0,1.0,0.6,0.0,0.0,0.03797028623577271
phaseflip,mixed_pauli,0.05,2,0.25,0.03,10,qiskit_aer,1,1,0.9626874999999999,0.7125034722222222,0.3,0.11111111111111113,0.2,1.0,0.0,0.9,0.03606250000000005,0.02241659890014528,0.0475000000000001,0.023749999999999993,0.04750000000000021,2.220446049250313e-16,2.220446049250313e-16,1.0,0.5,0.2,0.1,0.0,0.2,0.2,0.8,0.05490881039295442,0.01572828363967289,0.06484631039295452,0.04359631039295431,0.06734631039295436,0.030190060392954347,0.019221310392954383,1.0,1.0,0.0,0.0,0.0,0.2,0.2,1.0,0.04098565519647725,0.02422357722662967,0.04554815519647726,0.02871157759823853,0.0628534827947157,2.220446049250313e-16,2.220446049250313e-16,1.0,1.0,0.1,0.0,0.0,0.2,0.2,0.9,0.0,0.019953893117886246,0.19953893117886246,0.0648463103929543,0.0648463103929543,0.04098565519647725,0.02422357722662967,0.04554815519647726,0.02871157759823853,0.0628534827947157,2.220446049250313e-16,2.220446049250313e-16,1.0,1.0,0.1,0.0,0.0,0.2,0.2,0.9,0.0,0.019953893117886246,0.19953893117886246,0.0648463103929543,0.0648463103929543,0.04098565519647725,0.02422357722662967,0.04554815519647726,0.02871157759823853,0.0628534827947157,2.220446049250313e-16,2.220446049250313e-16,1.0,1.0,0.1,0.0,0.0,0.2,0.2,0.9,0.0,0.019953893117886246,0.19953893117886246,0.0648463103929543,0.0648463103929543,0.04098565519647725,0.02422357722662967,0.04554815519647726,0.02871157759823853,0.0628534827947157,2.220446049250313e-16,2.220446049250313e-16,1.0,1.0,0.1,0.0,0.0,0.2,0.2,0.9,0.0,0.019953893117886246,0.19953893117886246,0.0648463103929543,0.0648463103929543,1.0,0.5,0.5,0.5,0.5,0.0,0.5,0.5,0.5,0.5,0.5,0.5,0.5,0.5,0.5,0.5,0.5,0.5,0.5,0.0,0.5,0.5,0.5,0.5,0.5,0.0,0.0,0.0,0.0,0.5,0.5,1.0,1.0,1.0,0.5,1.0,1.0,1.0,1.0,1.0,1.0,5,0,0.0,0.0,0.1,0.4,0.0,0.0,0.0,0.0,0.0,0.0,0.0,1.0,0.0,0.0,0.0,0.0,0.0,0.28749652978635837,1.395218995487814e-19,1.395218995487814e-19,0.0,0.4211111111111112,0.4211111111111112,0,0,0,0,C1,0.0,0.0,0.04098565519647725,0.1,1.0,0.5,0.0,0.0,0.04098565519647725
phaseflip,mixed_pauli,0.05,2,0.25,0.05,10,qiskit_aer,1,1,0.9626874999999999,0.6423576388888889,0.36666666666666664,0.11111111111111113,0.0,1.0,0.0,0.9,0.03606250000000005,0.02241659890014528,0.0475000000000001,0.023749999999999993,0.04750000000000021,2.220446049250313e-16,2.220446049250313e-16,1.0,0.5,0.2,0.0,0.0,0.0,0.0,0.8,0.05490881039295442,0.01572828363967289,0.06484631039295452,0.04359631039295431,0.06734631039295436,0.030190060392954347,0.019221310392954383,1.0,1.0,0.0,0.0,0.0,0.0,0.0,1.0,0.04098565519647725,0.02422357722662967,0.04554815519647726,0.02871157759823853,0.0628534827947157,2.220446049250313e-16,2.220446049250313e-16,1.0,1.0,0.1,0.0,0.0,0.0,0.0,0.9,0.0,0.019953893117886246,0.19953893117886246,0.0648463103929543,0.0648463103929543,0.04098565519647725,0.02422357722662967,0.04554815519647726,0.02871157759823853,0.0628534827947157,2.220446049250313e-16,2.220446049250313e-16,1.0,1.0,0.1,0.0,0.0,0.0,0.0,0.9,0.0,0.019953893117886246,0.19953893117886246,0.0648463103929543,0.0648463103929543,0.04098565519647725,0.02422357722662967,0.04554815519647726,0.02871157759823853,0.0628534827947157,2.220446049250313e-16,2.220446049250313e-16,1.0,1.0,0.1,0.0,0.0,0.0,0.0,0.9,0.0,0.019953893117886246,0.19953893117886246,0.0648463103929543,0.0648463103929543,0.04098565519647725,0.02422357722662967,0.04554815519647726,0.02871157759823853,0.0628534827947157,2.220446049250313e-16,2.220446049250313e-16,1.0,1.0,0.1,0.0,0.0,0.0,0.0,0.9,0.0,0.019953893117886246,0.19953893117886246,0.0648463103929543,0.0648463103929543,1.0,0.5,0.5,0.5,0.5,0.0,0.5,0.5,0.5,0.5,0.5,0.5,0.5,0.5,0.5,0.5,0.5,0.5,0.5,0.0,0.5,0.5,0.5,0.5,0.5,0.0,0.0,0.0,0.0,0.5,0.5,1.0,1.0,1.0,0.5,1.0,1.0,1.0,1.0,1.0,1.0,5,0,0.0,0.0,0.1,0.4,0.0,0.0,0.0,0.0,0.0,0.0,0.0,1.0,0.0,0.0,0.0,0.0,0.0,0.3576423631352994,1.395218995487814e-19,1.395218995487814e-19,0.0,0.46111111111111114,0.46111111111111114,0,0,0,0,C1,0.0,0.0,0.04098565519647725,0.1,1.0,0.5,0.0,0.0,0.04098565519647725
phaseflip,mixed_pauli,0.05,2,0.25,0.1,10,qiskit_aer,1,1,0.9626874999999999,0.5071840277777778,0.5111111111111111,0.11111111111111113,0.0,1.0,0.0,0.9,0.03606250000000005,0.02241659890014528,0.0475000000000001,0.023749999999999993,0.04750000000000021,2.220446049250313e-16,2.220446049250313e-16,1.0,0.5,0.2,0.0,0.0,0.0,0.0,0.8,0.05490881039295442,0.01572828363967289,0.06484631039295452,0.04359631039295431,0.06734631039295436,0.030190060392954347,0.019221310392954383,1.0,1.0,0.0,0.0,0.0,0.0,0.0,1.0,0.04098565519647725,0.02422357722662967,0.04554815519647726,0.02871157759823853,0.0628534827947157,2.220446049250313e-16,2.220446049250313e-16,1.0,1.0,0.1,0.0,0.0,0.0,0.0,0.9,0.0,0.019953893117886246,0.19953893117886246,0.0648463103929543,0.0648463103929543,0.04098565519647725,0.02422357722662967,0.04554815519647726,0.02871157759823853,0.0628534827947157,2.220446049250313e-16,2.220446049250313e-16,1.0,1.0,0.1,0.0,0.0,0.0,0.0,0.9,0.0,0.019953893117886246,0.19953893117886246,0.0648463103929543,0.0648463103929543,0.04098565519647725,0.02422357722662967,0.04554815519647726,0.02871157759823853,0.0628534827947157,2.220446049250313e-16,2.220446049250313e-16,1.0,1.0,0.1,0.0,0.0,0.0,0.0,0.9,0.0,0.019953893117886246,0.19953893117886246,0.0648463103929543,0.0648463103929543,0.04098565519647725,0.02422357722662967,0.04554815519647726,0.02871157759823853,0.0628534827947157,2.220446049250313e-16,2.220446049250313e-16,1.0,1.0,0.1,0.0,0.0,0.0,0.0,0.9,0.0,0.019953893117886246,0.19953893117886246,0.0648463103929543,0.0648463103929543,1.0,0.5,0.5,0.5,0.5,0.0,0.5,0.5,0.5,0.5,0.5,0.5,0.5,0.5,0.5,0.5,0.5,0.5,0.5,0.0,0.5,0.5,0.5,0.5,0.5,0.0,0.0,0.0,0.0,0.5,0.5,1.0,1.0,1.0,0.5,1.0,1.0,1.0,1.0,1.0,1.0,5,0,0.0,0.0,0.1,0.4,0.0,0.0,0.0,0.0,0.0,0.0,0.0,1.0,0.0,0.0,0.0,0.0,0.0,0.49281597424204926,1.395218995487814e-19,1.395218995487814e-19,0.0,0.5611111111111111,0.5611111111111111,0,0,0,0,C1,0.0,0.0,0.04098565519647725,0.1,1.0,0.5,0.0,0.0,0.04098565519647725
phaseflip,mixed_pauli,0.05,2,0.5,0.0,10,qiskit_aer,1,1,0.9626874999999999,0.6387569444444444,0.43333333333333335,0.21666666666666667,0.0,1.0,0.0,1.0,0.03606250000000005,0.02241659890014528,0.0475000000000001,0.023749999999999993,0.04750000000000021,2.220446049250313e-16,2.220446049250313e-16,1.0,0.5,0.2,0.0,0.0,0.0,0.0,0.8,0.05490881039295442,0.01572828363967289,0.06484631039295452,0.04359631039295431,0.06734631039295436,0.030190060392954347,0.019221310392954383,1.0,1.0,0.0,0.0,0.0,0.0,0.0,1.0,0.04098565519647725,0.02422357722662967,0.04554815519647726,0.02871157759823853,0.0628534827947157,2.220446049250313e-16,2.220446049250313e-16,1.0,1.0,0.1,0.0,0.0,0.0,0.0,0.9,0.0,0.019953893117886246,0.19953893117886246,0.0648463103929543,0.0648463103929543,0.04098565519647725,0.02422357722662967,0.04554815519647726,0.02871157759823853,0.0628534827947157,2.220446049250313e-16,2.220446049250313e-16,1.0,1.0,0.1,0.0,0.0,0.0,0.0,0.9,0.0,0.019953893117886246,0.19953893117886246,0.0648463103929543,0.0648463103929543,0.04098565519647725,0.02422357722662967,0.04554815519647726,0.02871157759823853,0.0628534827947157,2.220446049250313e-16,2.220446049250313e-16,1.0,1.0,0.1,0.0,0.0,0.0,0.0,0.9,0.0,0.019953893117886246,0.19953893117886246,0.0648463103929543,0.0648463103929543,0.04098565519647725,0.02422357722662967,0.04554815519647726,0.02871157759823853,0.0628534827947157,2.220446049250313e-16,2.220446049250313e-16,1.0,1.0,0.1,0.0,0.0,0.0,0.0,0.9,0.0,0.019953893117886246,0.19953893117886246,0.0648463103929543,0.0648463103929543,1.0,0.5,0.5,0.5,0.5,0.0,0.5,0.5,0.5,0.5,0.5,0.5,0.5,0.5,0.5,0.5,0.5,0.5,0.5,0.0,0.5,0.5,0.5,0.5,0.5,0.0,0.0,0.0,0.0,0.5,0.5,1.0,1.0,1.0,0.5,1.0,1.0,1.0,1.0,1.0,1.0,5,0,0.0,0.0,0.1,0.4,0.0,0.0,0.0,0.0,0.0,0.0,0.0,1.0,0.0,0.0,0.0,0.0,0.0,0.36124305759099035,1.395218995487814e-19,1.395218995487814e-19,0.0,0.7166666666666667,0.7166666666666667,0,0,0,0,C1,0.0,0.0,0.04098565519647725,0.1,1.0,0.5,0.0,0.0,0.04098565519647725
phaseflip,mixed_pauli,0.05,2,0.5,0.03,10,qiskit_aer,1,1,0.9626874999999999,0.5747847222222222,0.4888888888888889,0.21666666666666667,0.0,1.0,0.0,1.0,0.03606250000000005,0.02241659890014528,0.0475000000000001,0.023749999999999993,0.04750000000000021,2.220446049250313e-16,2.220446049250313e-16,1.0,0.5,0.2,0.0,0.0,0.0,0.0,0.8,0.05490881039295442,0.01572828363967289,0.06484631039295452,0.04359631039295431,0.06734631039295436,0.030190060392954347,0.019221310392954383,1.0,1.0,0.0,0.0,0.0,0.0,0.0,1.0,0.04098565519647725,0.02422357722662967,0.04554815519647726,0.02871157759823853,0.0628534827947157,2.220446049250313e-16,2.220446049250313e-16,1.0,1.0,0.1,0.0,0.0,0.0,0.0,0.9,0.0,0.019953893117886246,0.19953893117886246,0.0648463103929543,0.0648463103929543,0.04098565519647725,0.02422357722662967,0.04554815519647726,0.02871157759823853,0.0628534827947157,2.220446049250313e-16,2.220446049250313e-16,1.0,1.0,0.1,0.0,0.0,0.0,0.0,0.9,0.0,0.019953893117886246,0.19953893117886246,0.0648463103929543,0.0648463103929543,0.04098565519647725,0.02422357722662967,0.04554815519647726,0.02871157759823853,0.0628534827947157,2.220446049250313e-16,2.220446049250313e-16,1.0,1.0,0.1,0.0,0.0,0.0,0.0,0.9,0.0,0.019953893117886246,0.19953893117886246,0.0648463103929543,0.0648463103929543,0.04098565519647725,0.02422357722662967,0.04554815519647726,0.02871157759823853,0.0628534827947157,2.220446049250313e-16,2.220446049250313e-16,1.0,1.0,0.1,0.0,0.0,0.0,0.0,0.9,0.0,0.019953893117886246,0.19953893117886246,0.0648463103929543,0.0648463103929543,1.0,0.5,0.5,0.5,0.5,0.0,0.5,0.5,0.5,0.5,0.5,0.5,0.5,0.5,0.5,0.5,0.5,0.5,0.5,0.0,0.5,0.5,0.5,0.5,0.5,0.0,0.0,0.0,0.0,0.5,0.5,1.0,1.0,1.0,0.5,1.0,1.0,1.0,1.0,1.0,1.0,5,0,0.0,0.0,0.1,0.4,0.0,0.0,0.0,0.0,0.0,0.0,0.0,1.0,0.0,0.0,0.0,0.0,0.0,0.4252152798132126,1.395218995487814e-19,1.395218995487814e-19,0.0,0.7766666666666667,0.7766666666666667,0,0,0,0,C1,0.0,0.0,0.04098565519647725,0.1,1.0,0.5,0.0,0.0,0.04098565519647725
phaseflip,mixed_pauli,0.05,2,0.5,0.05,10,qiskit_aer,1,1,0.9626874999999999,0.5129722222222223,0.5444444444444444,0.21666666666666667,0.0,1.0,0.0,1.0,0.03606250000000005,0.02241659890014528,0.0475000000000001,0.023749999999999993,0.04750000000000021,2.220446049250313e-16,2.220446049250313e-16,1.0,0.5,0.2,0.0,0.0,0.0,0.0,0.8,0.05490881039295442,0.01572828363967289,0.06484631039295452,0.04359631039295431,0.06734631039295436,0.030190060392954347,0.019221310392954383,1.0,1.0,0.0,0.0,0.0,0.0,0.0,1.0,0.04098565519647725,0.02422357722662967,0.04554815519647726,0.02871157759823853,0.0628534827947157,2.220446049250313e-16,2.220446049250313e-16,1.0,1.0,0.1,0.0,0.0,0.0,0.0,0.9,0.0,0.019953893117886246,0.19953893117886246,0.0648463103929543,0.0648463103929543,0.04098565519647725,0.02422357722662967,0.04554815519647726,0.02871157759823853,0.0628534827947157,2.220446049250313e-16,2.220446049250313e-16,1.0,1.0,0.1,0.0,0.0,0.0,0.0,0.9,0.0,0.019953893117886246,0.19953893117886246,0.0648463103929543,0.0648463103929543,0.04098565519647725,0.02422357722662967,0.04554815519647726,0.02871157759823853,0.0628534827947157,2.220446049250313e-16,2.220446049250313e-16,1.0,1.0,0.1,0.0,0.0,0.0,0.0,0.9,0.0,0.019953893117886246,0.19953893117886246,0.0648463103929543,0.0648463103929543,0.04098565519647725,0.02422357722662967,0.04554815519647726,0.02871157759823853,0.0628534827947157,2.220446049250313e-16,2.220446049250313e-16,1.0,1.0,0.1,0.0,0.0,0.0,0.0,0.9,0.0,0.019953893117886246,0.19953893117886246,0.0648463103929543,0.0648463103929543,1.0,0.5,0.5,0.5,0.5,0.0,0.5,0.5,0.5,0.5,0.5,0.5,0.5,0.5,0.5,0.5,0.5,0.5,0.5,0.0,0.5,0.5,0.5,0.5,0.5,0.0,0.0,0.0,0.0,0.5,0.5,1.0,1.0,1.0,0.5,1.0,1.0,1.0,1.0,1.0,1.0,5,0,0.0,0.0,0.1,0.4,0.0,0.0,0.0,0.0,0.0,0.0,0.0,1.0,0.0,0.0,0.0,0.0,0.0,0.4870277798121033,1.3828930438437358e-19,1.3828930438437358e-19,0.0,0.8166666666666668,0.8166666666666668,0,0,0,0,C1,0.0,0.0,0.04098565519647725,0.1,1.0,0.5,0.0,0.0,0.04098565519647725
phaseflip,mixed_pauli,0.05,2,0.5,0.1,10,qiskit_aer,1,1,0.9626874999999999,0.4044652777777778,0.6555555555555556,0.21666666666666667,0.0,1.0,0.0,1.0,0.03606250000000005,0.02241659890014528,0.0475000000000001,0.023749999999999993,0.04750000000000021,2.220446049250313e-16,2.220446049250313e-16,1.0,0.5,0.2,0.0,0.0,0.0,0.0,0.8,0.05490881039295442,0.01572828363967289,0.06484631039295452,0.04359631039295431,0.06734631039295436,0.030190060392954347,0.019221310392954383,1.0,1.0,0.0,0.0,0.0,0.0,0.0,1.0,0.04098565519647725,0.02422357722662967,0.04554815519647726,0.02871157759823853,0.0628534827947157,2.220446049250313e-16,2.220446049250313e-16,1.0,1.0,0.1,0.0,0.0,0.0,0.0,0.9,0.0,0.019953893117886246,0.19953893117886246,0.0648463103929543,0.0648463103929543,0.04098565519647725,0.02422357722662967,0.04554815519647726,0.02871157759823853,0.0628534827947157,2.220446049250313e-16,2.220446049250313e-16,1.0,1.0,0.1,0.0,0.0,0.0,0.0,0.9,0.0,0.019953893117886246,0.19953893117886246,0.0648463103929543,0.0648463103929543,0.04098565519647725,0.02422357722662967,0.04554815519647726,0.02871157759823853,0.0628534827947157,2.220446049250313e-16,2.220446049250313e-16,1.0,1.0,0.1,0.0,0.0,0.0,0.0,0.9,0.0,0.019953893117886246,0.19953893117886246,0.0648463103929543,0.0648463103929543,0.039001024157181804,0.022750784335392012,0.04554815519647726,0.02871157759823853,0.048906249999999846,2.220446049250313e-16,2.220446049250313e-16,1.0,0.9,0.1,0.0,0.0,0.0,0.0,0.9,6.651178088761495e-20,0.021938524157181682,0.21938524157181682,0.0648463103929543,0.0648463103929543,1.0,0.5,0.5,0.5,0.4,0.1,0.5,0.5,0.5,0.5,0.5,0.5,0.5,0.5,0.5,0.4,0.5,0.375,0.5,0.0,0.5,0.5,0.4,0.5,0.5,0.1,0.0,0.0,0.0,0.5,0.5,1.0,1.0,0.9,0.4,1.0,1.0,1.0,1.0,0.8,0.8,5,1,0.1,0.2,0.1,0.4,0.0,0.1,0.0,1.0,0.0,0.0,0.25,0.75,0.0,0.01984631039295437,-0.01984631039295437,-0.001984631039295437,-0.01984631039295437,0.5955347242464105,1.395218995487814e-19,1.395218995487814e-19,0.0,0.9133333333333333,0.9166666666666666,0,0,0,1,C3R,0.0,0.0,0.039001024157181804,0.1,1.0,0.4,0.0,0.0,0.04098565519647725
phaseflip,mixed_pauli,0.05,2,0.75,0.0,10,qiskit_aer,1,1,0.9626874999999999,0.4547569444444445,0.7,0.35,0.0,1.0,0.0,1.0,0.03606250000000005,0.02241659890014528,0.0475000000000001,0.023749999999999993,0.04750000000000021,2.220446049250313e-16,2.220446049250313e-16,1.0,0.6,0.2,0.0,0.0,0.0,0.0,0.8,0.05490881039295442,0.01572828363967289,0.06484631039295452,0.04359631039295431,0.06734631039295436,0.030190060392954347,0.019221310392954383,1.0,1.0,0.0,0.0,0.0,0.0,0.0,1.0,0.03900102415718183,0.024735968997434733,0.04554815519647726,0.023749999999999993,0.0628534827947157,2.220446049250313e-16,2.220446049250313e-16,1.0,1.0,0.1,0.0,0.0,0.0,0.0,0.9,0.0,0.02193852415718166,0.2193852415718166,0.0648463103929543,0.0648463103929543,0.03900102415718183,0.024735968997434733,0.04554815519647726,0.023749999999999993,0.0628534827947157,2.220446049250313e-16,2.220446049250313e-16,1.0,1.0,0.1,0.0,0.0,0.0,0.0,0.9,0.0,0.02193852415718166,0.2193852415718166,0.0648463103929543,0.0648463103929543,0.03900102415718183,0.024735968997434733,0.04554815519647726,0.023749999999999993,0.0628534827947157,2.220446049250313e-16,2.220446049250313e-16,1.0,1.0,0.1,0.0,0.0,0.0,0.0,0.9,0.0,0.02193852415718166,0.2193852415718166,0.0648463103929543,0.0648463103929543,0.03606250000000005,0.02241659890014528,0.0475000000000001,0.023749999999999993,0.04750000000000021,2.220446049250313e-16,2.220446049250313e-16,1.0,0.6,0.2,0.0,0.0,0.0,0.0,0.8,7.301011866116646e-20,0.024877048314363437,0.24877048314363437,0.0648463103929543,0.0648463103929543,1.0,0.4,0.4,0.4,0.0,0.4,0.4,0.5,0.375,0.4,0.5,0.375,0.4,0.5,0.375,0.0,1.0,0.0,0.4,0.0,0.4,0.4,0.0,0.4,0.4,0.4,0.0,0.0,0.0,0.4,0.4,1.0,1.0,0.0,0.0,1.0,1.0,1.0,1.0,0.0,0.0,4,4,0.4,1.0,0.1,0.3,0.1,0.3,0.25,0.75,0.25,1.0,1.0,0.0,0.030153689607045342,0.05953893117886311,-0.029385241571817766,-0.002938524157181777,-0.029385241571817766,0.3452430574801152,7.301011866116646e-20,7.301011866116646e-20,0.0,1.0,1.1,0,0,0,4,C3R,0.0,0.0,0.03606250000000005,0.2,1.0,0.0,0.0,0.0,0.03900102415718183
phaseflip,mixed_pauli,0.05,2,0.75,0.03,10,qiskit_aer,1,1,0.9626874999999999,0.4066180555555555,0.7333333333333333,0.35,0.0,1.0,0.0,1.0,0.03606250000000005,0.02241659890014528,0.0475000000000001,0.023749999999999993,0.04750000000000021,2.220446049250313e-16,2.220446049250313e-16,1.0,0.5,0.2,0.0,0.0,0.0,0.0,0.8,0.05490881039295442,0.01572828363967289,0.06484631039295452,0.04359631039295431,0.06734631039295436,0.030190060392954347,0.019221310392954383,1.0,1.0,0.0,0.0,0.0,0.0,0.0,1.0,0.03598565519647727,0.0231704015521328,0.04359631039295431,0.02035348279471577,0.04750000000000021,2.220446049250313e-16,2.220446049250313e-16,1.0,1.0,0.0,0.0,0.0,0.0,0.0,1.0,0.0,0.024953893117886216,0.24953893117886217,0.0648463103929543,0.0648463103929543,0.03598565519647727,0.0231704015521328,0.04359631039295431,0.02035348279471577,0.04750000000000021,2.220446049250313e-16,2.220446049250313e-16,1.0,1.0,0.0,0.0,0.0,0.0,0.0,1.0,0.0,0.024953893117886216,0.24953893117886217,0.0648463103929543,0.0648463103929543,0.03598565519647727,0.0231704015521328,0.04359631039295431,0.02035348279471577,0.04750000000000021,2.220446049250313e-16,2.220446049250313e-16,1.0,1.0,0.0,0.0,0.0,0.0,0.0,1.0,0.0,0.024953893117886216,0.24953893117886217,0.0648463103929543,0.0648463103929543,0.03606250000000005,0.02241659890014528,0.0475000000000001,0.023749999999999993,0.04750000000000021,2.220446049250313e-16,2.220446049250313e-16,1.0,0.5,0.2,0.0,0.0,0.0,0.0,0.8,7.989603125069755e-19,0.024877048314363437,0.24877048314363437,0.0648463103929543,0.0648463103929543,1.0,0.5,0.5,0.5,0.0,0.5,0.5,0.0,0.375,0.5,0.0,0.375,0.5,0.0,0.375,0.0,1.0,0.0,0.5,0.0,0.5,0.5,0.0,0.5,0.5,0.5,0.0,0.0,0.0,0.5,0.5,1.0,1.0,0.0,0.0,1.0,1.0,1.0,1.0,0.0,0.0,5,5,0.5,1.0,0.2,0.3,0.2,0.3,0.4,0.6,0.4,1.0,1.0,0.0,0.060307379214090684,0.059538931178862886,0.0007684480352277978,7.684480352277978e-05,0.0007684480352277978,0.5933819464861981,7.989603125069755e-19,7.989603125069755e-19,0.0,1.0,1.1600000000000001,0,0,0,5,C3R,0.0,0.0,0.03606250000000005,0.2,1.0,0.0,0.0,0.0,0.03606250000000005
phaseflip,mixed_pauli,0.05,2,0.75,0.05,10,qiskit_aer,1,1,0.9626874999999999,0.3529305555555556,0.7777777777777778,0.35,0.0,1.0,0.0,1.0,0.03606250000000005,0.02241659890014528,0.0475000000000001,0.023749999999999993,0.04750000000000021,2.220446049250313e-16,2.220446049250313e-16,1.0,0.4,0.2,0.0,0.0,0.0,0.0,0.8,0.05490881039295442,0.01572828363967289,0.06484631039295452,0.04359631039295431,0.06734631039295436,0.030190060392954347,0.019221310392954383,1.0,1.0,0.0,0.0,0.0,0.0,0.0,1.0,0.03797028623577271,0.02486000409361864,0.04359631039295431,0.02035348279471577,0.06238473279471582,2.220446049250313e-16,2.220446049250313e-16,1.0,1.0,0.0,0.0,0.0,0.0,0.0,1.0,0.0,0.02296926207859078,0.2296926207859078,0.0648463103929543,0.0648463103929543,0.03797028623577271,0.02486000409361864,0.04359631039295431,0.02035348279471577,0.06238473279471582,2.220446049250313e-16,2.220446049250313e-16,1.0,1.0,0.0,0.0,0.0,0.0,0.0,1.0,0.0,0.02296926207859078,0.2296926207859078,0.0648463103929543,0.0648463103929543,0.03797028623577271,0.02486000409361864,0.04359631039295431,0.02035348279471577,0.06238473279471582,2.220446049250313e-16,2.220446049250313e-16,1.0,1.0,0.0,0.0,0.0,0.0,0.0,1.0,0.0,0.02296926207859078,0.2296926207859078,0.0648463103929543,0.0648463103929543,0.03606250000000005,0.02241659890014528,0.0475000000000001,0.023749999999999993,0.04750000000000021,2.220446049250313e-16,2.220446049250313e-16,1.0,0.4,0.2,0.0,0.0,0.0,0.0,0.8,0.00464796684967484,0.024877048314363437,0.24877048314363437,0.0648463103929543,0.0648463103929543,1.0,0.6,0.6,0.6,0.0,0.6,0.6,0.0,0.5,0.6,0.0,0.5,0.6,0.0,0.5,0.0,1.0,0.0,0.6,0.0,0.6,0.6,0.0,0.6,0.6,0.6,0.0,0.0,0.0,0.6,0.6,1.0,1.0,0.0,0.0,1.0,1.0,1.0,1.0,0.0,0.0,6,6,0.6,1.0,0.2,0.4,0.2,0.4,0.3333333333333333,0.6666666666666666,0.3333333333333333,1.0,1.0,0.0,0.060307379214090684,0.07938524157181726,-0.01907786235772657,-0.0019077862357726571,-0.01907786235772657,0.8470694465058944,0.00464796684967484,0.00464796684967484,0.0,1.0,1.2000000000000002,0,0,0,6,C3R,0.0,0.0,0.03606250000000005,0.2,1.0,0.0,0.0,0.0,0.03797028623577271
phaseflip,mixed_pauli,0.05,2,0.75,0.1,10,qiskit_aer,1,1,0.9626874999999999,0.2710954861111111,0.8555555555555555,0.35,0.0,1.0,0.0,1.0,0.03606250000000005,0.02241659890014528,0.0475000000000001,0.023749999999999993,0.04750000000000021,2.220446049250313e-16,2.220446049250313e-16,1.0,0.5,0.2,0.0,0.0,0.0,0.0,0.8,0.05490881039295442,0.01572828363967289,0.06484631039295452,0.04359631039295431,0.06734631039295436,0.030190060392954347,0.019221310392954383,1.0,1.0,0.0,0.0,0.0,0.0,0.0,1.0,0.04098565519647725,0.02422357722662967,0.04554815519647726,0.02871157759823853,0.0628534827947157,2.220446049250313e-16,2.220446049250313e-16,1.0,1.0,0.1,0.0,0.0,0.0,0.0,0.9,0.0,0.019953893117886246,0.19953893117886246,0.0648463103929543,0.0648463103929543,0.04098565519647725,0.02422357722662967,0.04554815519647726,0.02871157759823853,0.0628534827947157,2.220446049250313e-16,2.220446049250313e-16,1.0,1.0,0.1,0.0,0.0,0.0,0.0,0.9,0.0,0.019953893117886246,0.19953893117886246,0.0648463103929543,0.0648463103929543,0.04098565519647725,0.02422357722662967,0.04554815519647726,0.02871157759823853,0.0628534827947157,2.220446049250313e-16,2.220446049250313e-16,1.0,1.0,0.1,0.0,0.0,0.0,0.0,0.9,0.0,0.019953893117886246,0.19953893117886246,0.0648463103929543,0.0648463103929543,0.03606250000000005,0.02241659890014528,0.0475000000000001,0.023749999999999993,0.04750000000000021,2.220446049250313e-16,2.220446049250313e-16,1.0,0.5,0.2,0.0,0.0,0.0,0.0,0.8,1.395218995487814e-19,0.024877048314363437,0.24877048314363437,0.0648463103929543,0.0648463103929543,1.0,0.5,0.5,0.5,0.0,0.5,0.5,0.5,0.5,0.5,0.5,0.5,0.5,0.5,0.5,0.0,1.0,0.0,0.5,0.0,0.5,0.5,0.0,0.5,0.5,0.5,0.0,0.0,0.0,0.5,0.5,1.0,1.0,0.0,0.0,1.0,1.0,1.0,1.0,0.0,0.0,5,5,0.5,1.0,0.1,0.4,0.1,0.4,0.2,0.8,0.2,1.0,1.0,0.0,0.030153689607045342,0.07938524157181726,-0.049231551964771914,-0.0049231551964771915,-0.049231551964771914,0.7289045159399314,1.395218995487814e-19,1.395218995487814e-19,0.0,1.0,1.3,0,0,0,5,C3R,0.0,0.0,0.03606250000000005,0.2,1.0,0.0,0.0,0.0,0.04098565519647725
phaseflip,mixed_pauli,0.05,2,1.0,0.0,10,qiskit_aer,1,1,0.9626874999999999,0.2380329861111111,1.0,0.5,0.0,1.0,0.0,1.0,0.03606250000000005,0.02241659890014528,0.0475000000000001,0.023749999999999993,0.04750000000000021,2.220446049250313e-16,2.220446049250313e-16,1.0,0.5,0.2,0.0,0.0,0.0,0.0,0.8,0.05490881039295442,0.01572828363967289,0.06484631039295452,0.04359631039295431,0.06734631039295436,0.030190060392954347,0.019221310392954383,1.0,1.0,0.0,0.0,0.0,0.0,0.0,1.0,0.04098565519647725,0.02422357722662967,0.04554815519647726,0.02871157759823853,0.0628534827947157,2.220446049250313e-16,2.220446049250313e-16,1.0,1.0,0.1,0.0,0.0,0.0,0.0,0.9,0.0,0.019953893117886246,0.19953893117886246,0.0648463103929543,0.0648463103929543,0.04098565519647725,0.02422357722662967,0.04554815519647726,0.02871157759823853,0.0628534827947157,2.220446049250313e-16,2.220446049250313e-16,1.0,1.0,0.1,0.0,0.0,0.0,0.0,0.9,0.0,0.019953893117886246,0.19953893117886246,0.0648463103929543,0.0648463103929543,0.04098565519647725,0.02422357722662967,0.04554815519647726,0.02871157759823853,0.0628534827947157,2.220446049250313e-16,2.220446049250313e-16,1.0,1.0,0.1,0.0,0.0,0.0,0.0,0.9,0.0,0.019953893117886246,0.19953893117886246,0.0648463103929543,0.0648463103929543,0.03606250000000005,0.02241659890014528,0.0475000000000001,0.023749999999999993,0.04750000000000021,2.220446049250313e-16,2.220446049250313e-16,1.0,0.5,0.2,0.0,0.0,0.0,0.0,0.8,1.395218995487814e-19,0.024877048314363437,0.24877048314363437,0.0648463103929543,0.0648463103929543,1.0,0.5,0.5,0.5,0.0,0.5,0.5,0.5,0.5,0.5,0.5,0.5,0.5,0.5,0.5,0.0,1.0,0.0,0.5,0.0,0.5,0.5,0.0,0.5,0.5,0.5,0.0,0.0,0.0,0.5,0.5,1.0,1.0,0.0,0.0,1.0,1.0,1.0,1.0,0.0,0.0,5,5,0.5,1.0,0.1,0.4,0.1,0.4,0.2,0.8,0.2,1.0,1.0,0.0,0.030153689607045342,0.07938524157181726,-0.049231551964771914,-0.0049231551964771915,-0.049231551964771914,0.7619670158974695,1.395218995487814e-19,1.395218995487814e-19,0.0,1.0,1.5,0,0,0,5,C3R,0.0,0.0,0.03606250000000005,0.2,1.0,0.0,0.0,0.0,0.04098565519647725
phaseflip,mixed_pauli,0.05,2,1.0,0.03,10,qiskit_aer,1,1,0.9626874999999999,0.21407118055555557,1.0,0.5,0.0,1.0,0.0,1.0,0.03606250000000005,0.02241659890014528,0.0475000000000001,0.023749999999999993,0.04750000000000021,2.220446049250313e-16,2.220446049250313e-16,1.0,0.4,0.2,0.0,0.0,0.0,0.0,0.8,0.05490881039295442,0.01572828363967289,0.06484631039295452,0.04359631039295431,0.06734631039295436,0.030190060392954347,0.019221310392954383,1.0,1.0,0.0,0.0,0.0,0.0,0.0,1.0,0.03797028623577271,0.02486000409361864,0.04359631039295431,0.02035348279471577,0.06238473279471582,2.220446049250313e-16,2.220446049250313e-16,1.0,1.0,0.0,0.0,0.0,0.0,0.0,1.0,0.0,0.02296926207859078,0.2296926207859078,0.0648463103929543,0.0648463103929543,0.03797028623577271,0.02486000409361864,0.04359631039295431,0.02035348279471577,0.06238473279471582,2.220446049250313e-16,2.220446049250313e-16,1.0,1.0,0.0,0.0,0.0,0.0,0.0,1.0,0.0,0.02296926207859078,0.2296926207859078,0.0648463103929543,0.0648463103929543,0.03797028623577271,0.02486000409361864,0.04359631039295431,0.02035348279471577,0.06238473279471582,2.220446049250313e-16,2.220446049250313e-16,1.0,1.0,0.0,0.0,0.0,0.0,0.0,1.0,0.0,0.02296926207859078,0.2296926207859078,0.0648463103929543,0.0648463103929543,0.03606250000000005,0.02241659890014528,0.0475000000000001,0.023749999999999993,0.04750000000000021,2.220446049250313e-16,2.220446049250313e-16,1.0,0.4,0.2,0.0,0.0,0.0,0.0,0.8,0.00464796684967484,0.024877048314363437,0.24877048314363437,0.0648463103929543,0.0648463103929543,1.0,0.6,0.6,0.6,0.0,0.6,0.6,0.0,0.5,0.6,0.0,0.5,0.6,0.0,0.5,0.0,1.0,0.0,0.6,0.0,0.6,0.6,0.0,0.6,0.6,0.6,0.0,0.0,0.0,0.6,0.6,1.0,1.0,0.0,0.0,1.0,1.0,1.0,1.0,0.0,0.0,6,6,0.6,1.0,0.2,0.4,0.2,0.4,0.3333333333333333,0.6666666666666666,0.3333333333333333,1.0,1.0,0.0,0.060307379214090684,0.07938524157181726,-0.01907786235772657,-0.0019077862357726571,-0.01907786235772657,0.9859288215058943,0.00464796684967484,0.00464796684967484,0.0,1.0,1.56,0,0,0,6,C3R,0.0,0.0,0.03606250000000005,0.2,1.0,0.0,0.0,0.0,0.03797028623577271
phaseflip,mixed_pauli,0.05,2,1.0,0.05,10,qiskit_aer,1,1,0.9626874999999999,0.19504513888888889,1.0,0.5,0.0,1.0,0.0,1.0,0.03606250000000005,0.02241659890014528,0.0475000000000001,0.023749999999999993,0.04750000000000021,2.220446049250313e-16,2.220446049250313e-16,1.0,0.5,0.2,0.0,0.0,0.0,0.0,0.8,0.05490881039295442,0.01572828363967289,0.06484631039295452,0.04359631039295431,0.06734631039295436,0.030190060392954347,0.019221310392954383,1.0,1.0,0.0,0.0,0.0,0.0,0.0,1.0,0.04098565519647725,0.02422357722662967,0.04554815519647726,0.02871157759823853,0.0628534827947157,2.220446049250313e-16,2.220446049250313e-16,1.0,1.0,0.1,0.0,0.0,0.0,0.0,0.9,0.0,0.019953893117886246,0.19953893117886246,0.0648463103929543,0.0648463103929543,0.04098565519647725,0.02422357722662967,0.04554815519647726,0.02871157759823853,0.0628534827947157,2.220446049250313e-16,2.220446049250313e-16,1.0,1.0,0.1,0.0,0.0,0.0,0.0,0.9,0.0,0.019953893117886246,0.19953893117886246,0.0648463103929543,0.0648463103929543,0.04098565519647725,0.02422357722662967,0.04554815519647726,0.02871157759823853,0.0628534827947157,2.220446049250313e-16,2.220446049250313e-16,1.0,1.0,0.1,0.0,0.0,0.0,0.0,0.9,0.0,0.019953893117886246,0.19953893117886246,0.0648463103929543,0.0648463103929543,0.03606250000000005,0.02241659890014528,0.0475000000000001,0.023749999999999993,0.04750000000000021,2.220446049250313e-16,2.220446049250313e-16,1.0,0.5,0.2,0.0,0.0,0.0,0.0,0.8,1.395218995487814e-19,0.024877048314363437,0.24877048314363437,0.0648463103929543,0.0648463103929543,1.0,0.5,0.5,0.5,0.0,0.5,0.5,0.5,0.5,0.5,0.5,0.5,0.5,0.5,0.5,0.0,1.0,0.0,0.5,0.0,0.5,0.5,0.0,0.5,0.5,0.5,0.0,0.0,0.0,0.5,0.5,1.0,1.0,0.0,0.0,1.0,1.0,1.0,1.0,0.0,0.0,5,5,0.5,1.0,0.1,0.4,0.1,0.4,0.2,0.8,0.2,1.0,1.0,0.0,0.030153689607045342,0.07938524157181726,-0.049231551964771914,-0.0049231551964771915,-0.049231551964771914,0.8049548631352994,1.395218995487814e-19,1.395218995487814e-19,0.0,1.0,1.6,0,0,0,5,C3R,0.0,0.0,0.03606250000000005,0.2,1.0,0.0,0.0,0.0,0.04098565519647725
phaseflip,mixed_pauli,0.05,2,1.0,0.1,10,qiskit_aer,1,1,0.9626874999999999,0.1713559027777778,1.0,0.5,0.0,1.0,0.0,1.0,0.03606250000000005,0.02241659890014528,0.0475000000000001,0.023749999999999993,0.04750000000000021,2.220446049250313e-16,2.220446049250313e-16,1.0,0.5,0.2,0.0,0.0,0.0,0.0,0.8,0.05490881039295442,0.01572828363967289,0.06484631039295452,0.04359631039295431,0.06734631039295436,0.030190060392954347,0.019221310392954383,1.0,1.0,0.0,0.0,0.0,0.0,0.0,1.0,0.04098565519647725,0.02422357722662967,0.04554815519647726,0.02871157759823853,0.0628534827947157,2.220446049250313e-16,2.220446049250313e-16,1.0,1.0,0.1,0.0,0.0,0.0,0.0,0.9,0.0,0.019953893117886246,0.19953893117886246,0.0648463103929543,0.0648463103929543,0.04098565519647725,0.02422357722662967,0.04554815519647726,0.02871157759823853,0.0628534827947157,2.220446049250313e-16,2.220446049250313e-16,1.0,1.0,0.1,0.0,0.0,0.0,0.0,0.9,0.0,0.019953893117886246,0.19953893117886246,0.0648463103929543,0.0648463103929543,0.04098565519647725,0.02422357722662967,0.04554815519647726,0.02871157759823853,0.0628534827947157,2.220446049250313e-16,2.220446049250313e-16,1.0,1.0,0.1,0.0,0.0,0.0,0.0,0.9,0.0,0.019953893117886246,0.19953893117886246,0.0648463103929543,0.0648463103929543,0.03606250000000005,0.02241659890014528,0.0475000000000001,0.023749999999999993,0.04750000000000021,2.220446049250313e-16,2.220446049250313e-16,1.0,0.5,0.2,0.0,0.0,0.0,0.0,0.8,1.3828930438437358e-19,0.024877048314363437,0.24877048314363437,0.0648463103929543,0.0648463103929543,1.0,0.5,0.5,0.5,0.0,0.5,0.5,0.5,0.5,0.5,0.5,0.5,0.5,0.5,0.5,0.0,1.0,0.0,0.5,0.0,0.5,0.5,0.0,0.5,0.5,0.5,0.0,0.0,0.0,0.5,0.5,1.0,1.0,0.0,0.0,1.0,1.0,1.0,1.0,0.0,0.0,5,5,0.5,1.0,0.1,0.4,0.1,0.4,0.2,0.8,0.2,1.0,1.0,0.0,0.030153689607045342,0.07938524157181726,-0.049231551964771914,-0.0049231551964771915,-0.049231551964771914,0.8286440992409401,1.3828930438437358e-19,1.3828930438437358e-19,0.0,1.0,1.7000000000000002,0,0,0,5,C3R,0.0,0.0,0.03606250000000005,0.2,1.0,0.0,0.0,0.0,0.04098565519647725
phaseflip,mixed_pauli,0.05,4,0.0,0.0,10,qiskit_aer,1,1,0.9161756249999999,0.9161756249999999,0.0,0.0,0.8,0.8,0.0,0.0,0.0778112500000001,0.02737570701141795,0.06810625000000026,0.06674375000000005,0.08767187500000015,0.04362718750000001,0.04322499999999985,1.0,1.0,0.1,0.0,0.0,0.8,0.8,0.8,0.12820756039295444,0.01975871856611656,0.1315900603929544,0.11405724789295452,0.14432599789295447,0.09737006039295446,0.08931506039295445,1.0,1.0,0.0,0.0,0.0,0.8,0.8,0.8,0.10573440519647723,0.03269858791546335,0.10922628019647734,0.08681001509823863,0.1315900603929545,0.05380843749999991,0.04322499999999985,1.0,1.0,0.1,0.0,0.0,0.8,0.8,0.8,0.0,0.02548852415718176,0.2548852415718176,0.08712131039295443,0.10534631039295461,0.0778112500000001,0.02737570701141795,0.06810625000000026,0.06674375000000005,0.08767187500000015,0.04362718750000001,0.04322499999999985,1.0,1.0,0.1,0.0,0.0,0.8,0.8,0.8,0.0,0.05341167935365889,0.5341167935365889,0.08712131039295443,0.10534631039295461,0.0778112500000001,0.02737570701141795,0.06810625000000026,0.06674375000000005,0.08767187500000015,0.04362718750000001,0.04322499999999985,1.0,1.0,0.1,0.0,0.0,0.8,0.8,0.8,0.0,0.05341167935365889,0.5341167935365889,0.08712131039295443,0.10534631039295461,0.0778112500000001,0.02737570701141795,0.06810625000000026,0.06674375000000005,0.08767187500000015,0.04362718750000001,0.04322499999999985,1.0,1.0,0.1,0.0,0.0,0.8,0.8,0.8,0.0,0.05341167935365889,0.5341167935365889,0.08712131039295443,0.10534631039295461,1.0,0.5,0.0,0.0,0.0,0.0,0.5,1.0,0.5555555555555556,0.0,1.0,0.0,0.0,1.0,0.0,0.0,1.0,0.0,0.0,0.5,0.0,0.0,0.0,0.0,0.0,0.0,0.0,0.0,0.0,0.0,0.0,1.0,1.0,1.0,0.0,0.0,0.0,0.0,0.0,0.0,0.0,0,0,0.0,0.0,0.0,0.0,0.0,0.0,0.0,0.0,0.0,0.0,0.0,1.0,0.0,0.0,0.0,0.0,0.0,-0.916175624759794,0.0,0.0,0.0,0.0,0.0,0,0,0,0,C1,0.0,0.0,0.10573440519647723,0.1,1.0,0.5,0.0,0.0,0.10573440519647723
phaseflip,mixed_pauli,0.05,4,0.0,0.03,10,qiskit_aer,1,1,0.9161756249999999,0.7535825,0.12222222222222222,0.0,0.1,0.8,0.0,0.0,0.07781125000000012,0.027375707011417935,0.06810625000000037,0.06674375000000005,0.08767187500000015,0.04362718750000001,0.04322499999999985,1.0,1.0,0.1,0.0,0.0,0.1,0.1,0.8,0.12820756039295444,0.01975871856611656,0.1315900603929544,0.11405724789295452,0.14432599789295447,0.09737006039295446,0.08931506039295445,1.0,1.0,0.0,0.0,0.0,0.1,0.1,0.8,0.07781125000000012,0.027375707011417935,0.06810625000000037,0.06674375000000005,0.08767187500000015,0.04362718750000001,0.04322499999999985,1.0,1.0,0.1,0.0,0.0,0.1,0.1,0.8,0.0,0.05341167935365887,0.5341167935365887,0.08712131039295443,0.10534631039295461,0.07781125000000012,0.027375707011417935,0.06810625000000037,0.06674375000000005,0.08767187500000015,0.04362718750000001,0.04322499999999985,1.0,1.0,0.1,0.0,0.0,0.1,0.1,0.8,0.0,0.05341167935365887,0.5341167935365887,0.08712131039295443,0.10534631039295461,0.07781125000000012,0.027375707011417935,0.06810625000000037,0.06674375000000005,0.08767187500000015,0.04362718750000001,0.04322499999999985,1.0,1.0,0.1,0.0,0.0,0.1,0.1,0.8,0.0,0.05341167935365887,0.5341167935365887,0.08712131039295443,0.10534631039295461,0.07781125000000012,0.027375707011417935,0.06810625000000037,0.06674375000000005,0.08767187500000015,0.04362718750000001,0.04322499999999985,1.0,1.0,0.1,0.0,0.0,0.1,0.1,0.8,0.0,0.05341167935365887,0.5341167935365887,0.08712131039295443,0.10534631039295461,1.0,0.0,0.0,0.0,0.0,0.0,0.0,1.0,0.0,0.0,1.0,0.0,0.0,1.0,0.0,0.0,1.0,0.0,0.0,0.0,0.0,0.0,0.0,0.0,0.0,0.0,0.0,0.0,0.0,0.0,0.0,1.0,1.0,1.0,0.0,0.0,0.0,0.0,0.0,0.0,0.0,0,0,0.0,0.0,0.0,0.0,0.0,0.0,0.0,0.0,0.0,0.0,0.0,1.0,0.0,0.0,0.0,0.0,0.0,-0.7535824997451277,0.0,0.0,0.0,0.06,0.06,0,0,0,0,C1,0.0,0.0,0.07781125000000012,0.1,1.0,0.0,0.0,0.0,0.07781125000000012
phaseflip,mixed_pauli,0.05,4,0.0,0.05,10,qiskit_aer,1,1,0.9161756249999999,0.6400227083333333,0.26666666666666666,0.0,0.0,0.8,0.0,0.0,0.07781125000000014,0.027375707011417907,0.06810625000000037,0.06674375000000027,0.08767187499999998,0.04362718750000001,0.04322499999999985,1.0,1.0,0.1,0.0,0.0,0.0,0.0,0.8,0.12820756039295444,0.01975871856611656,0.1315900603929544,0.11405724789295452,0.14432599789295447,0.09737006039295446,0.08931506039295445,1.0,1.0,0.0,0.0,0.0,0.0,0.0,0.8,0.07781125000000014,0.027375707011417907,0.06810625000000037,0.06674375000000027,0.08767187499999998,0.04362718750000001,0.04322499999999985,1.0,1.0,0.1,0.0,0.0,0.0,0.0,0.8,0.0,0.05341167935365885,0.5341167935365885,0.08712131039295452,0.10534631039295461,0.07781125000000014,0.027375707011417907,0.06810625000000037,0.06674375000000027,0.08767187499999998,0.04362718750000001,0.04322499999999985,1.0,1.0,0.1,0.0,0.0,0.0,0.0,0.8,0.0,0.05341167935365885,0.5341167935365885,0.08712131039295452,0.10534631039295461,0.07781125000000014,0.027375707011417907,0.06810625000000037,0.06674375000000027,0.08767187499999998,0.04362718750000001,0.04322499999999985,1.0,1.0,0.1,0.0,0.0,0.0,0.0,0.8,0.0,0.05341167935365885,0.5341167935365885,0.08712131039295452,0.10534631039295461,0.07781125000000014,0.027375707011417907,0.06810625000000037,0.06674375000000027,0.08767187499999998,0.04362718750000001,0.04322499999999985,1.0,1.0,0.1,0.0,0.0,0.0,0.0,0.8,0.0,0.05341167935365885,0.5341167935365885,0.08712131039295452,0.10534631039295461,1.0,0.0,0.0,0.0,0.0,0.0,0.0,1.0,0.0,0.0,1.0,0.0,0.0,1.0,0.0,0.0,1.0,0.0,0.0,0.0,0.0,0.0,0.0,0.0,0.0,0.0,0.0,0.0,0.0,0.0,0.0,1.0,1.0,1.0,0.0,0.0,0.0,0.0,0.0,0.0,0.0,0,0,0.0,0.0,0.0,0.0,0.0,0.0,0.0,0.0,0.0,0.0,0.0,1.0,0.0,0.0,0.0,0.0,0.0,-0.6400227080726263,0.0,0.0,0.0,0.1,0.1,0,0,0,0,C1,0.0,0.0,0.07781125000000014,0.1,1.0,0.0,0.0,0.0,0.07781125000000014
phaseflip,mixed_pauli,0.05,4,0.0,0.1,10,qiskit_aer,1,1,0.9161756249999999,0.49742118055555556,0.43333333333333335,0.0,0.0,0.8,0.0,0.0,0.07781125000000014,0.027375707011417928,0.06810625000000037,0.0667437500000001,0.08767187500000015,0.04362718750000001,0.04322499999999985,1.0,1.0,0.1,0.0,0.0,0.0,0.0,0.8,0.12820756039295444,0.01975871856611656,0.1315900603929544,0.11405724789295452,0.14432599789295447,0.09737006039295446,0.08931506039295445,1.0,1.0,0.0,0.0,0.0,0.0,0.0,0.8,0.07781125000000014,0.027375707011417928,0.06810625000000037,0.0667437500000001,0.08767187500000015,0.04362718750000001,0.04322499999999985,1.0,1.0,0.1,0.0,0.0,0.0,0.0,0.8,0.0,0.05341167935365885,0.5341167935365885,0.08712131039295443,0.10534631039295461,0.07781125000000014,0.027375707011417928,0.06810625000000037,0.0667437500000001,0.08767187500000015,0.04362718750000001,0.04322499999999985,1.0,1.0,0.1,0.0,0.0,0.0,0.0,0.8,0.0,0.05341167935365885,0.5341167935365885,0.08712131039295443,0.10534631039295461,0.07781125000000014,0.027375707011417928,0.06810625000000037,0.0667437500000001,0.08767187500000015,0.04362718750000001,0.04322499999999985,1.0,1.0,0.1,0.0,0.0,0.0,0.0,0.8,0.0,0.05341167935365885,0.5341167935365885,0.08712131039295443,0.10534631039295461,0.07781125000000014,0.027375707011417928,0.06810625000000037,0.0667437500000001,0.08767187500000015,0.04362718750000001,0.04322499999999985,1.0,1.0,0.1,0.0,0.0,0.0,0.0,0.8,0.0,0.05341167935365885,0.5341167935365885,0.08712131039295443,0.10534631039295461,1.0,0.0,0.0,0.0,0.0,0.0,0.0,1.0,0.0,0.0,1.0,0.0,0.0,1.0,0.0,0.0,1.0,0.0,0.0,0.0,0.0,0.0,0.0,0.0,0.0,0.0,0.0,0.0,0.0,0.0,0.0,1.0,1.0,1.0,0.0,0.0,0.0,0.0,0.0,0.0,0.0,0,0,0.0,0.0,0.0,0.0,0.0,0.0,0.0,0.0,0.0,0.0,0.0,1.0,0.0,0.0,0.0,0.0,0.0,-0.4974211802950346,0.0,0.0,0.0,0.2,0.2,0,0,0,0,C1,0.0,0.0,0.07781125000000014,0.1,1.0,0.0,0.0,0.0,0.07781125000000014
phaseflip,mixed_pauli,0.05,4,0.25,0.0,10,qiskit_aer,1,1,0.9161756249999999,0.7302543229166666,0.17777777777777778,0.08888888888888892,0.0,0.8,0.0,0.9,0.07781125000000014,0.027375707011417907,0.06810625000000037,0.06674375000000027,0.08767187499999998,0.04362718750000001,0.04322499999999985,1.0,0.8,0.1,0.0,0.0,0.0,0.0,0.8,0.12820756039295444,0.01975871856611656,0.1315900603929544,0.11405724789295452,0.14432599789295447,0.09737006039295446,0.08931506039295445,1.0,1.0,0.0,0.0,0.0,0.0,0.0,0.8,0.09078051207859096,0.033692161606493735,0.08710625,0.06742500000000023,0.12606442029471593,0.04362718750000001,0.04322499999999985,1.0,1.0,0.1,0.0,0.0,0.0,0.0,0.8,0.0,0.04044241727506803,0.4044241727506803,0.08712131039295452,0.10534631039295461,0.09078051207859096,0.033692161606493735,0.08710625,0.06742500000000023,0.12606442029471593,0.04362718750000001,0.04322499999999985,1.0,1.0,0.1,0.0,0.0,0.0,0.0,0.8,0.0,0.04044241727506803,0.4044241727506803,0.08712131039295452,0.10534631039295461,0.09078051207859096,0.033692161606493735,0.08710625,0.06742500000000023,0.12606442029471593,0.04362718750000001,0.04322499999999985,1.0,1.0,0.1,0.0,0.0,0.0,0.0,0.8,0.0,0.04044241727506803,0.4044241727506803,0.08712131039295452,0.10534631039295461,0.09078051207859096,0.033692161606493735,0.08710625,0.06742500000000023,0.12606442029471593,0.04362718750000001,0.04322499999999985,1.0,1.0,0.1,0.0,0.0,0.0,0.0,0.8,0.0,0.04044241727506803,0.4044241727506803,0.08712131039295452,0.10534631039295461,1.0,0.2,0.2,0.2,0.2,0.0,0.2,1.0,0.2222222222222222,0.2,1.0,0.2222222222222222,0.2,1.0,0.2222222222222222,0.2,1.0,0.2222222222222222,0.2,0.0,0.2,0.2,0.2,0.2,0.2,0.0,0.0,0.0,0.0,0.2,0.2,1.0,1.0,1.0,0.2,1.0,1.0,1.0,1.0,1.0,1.0,2,0,0.0,0.0,0.0,0.2,0.0,0.0,0.0,0.0,0.0,0.0,0.0,1.0,0.0,0.0,0.0,0.0,0.0,-0.3302543226827455,7.293489016014007e-19,7.293489016014007e-19,0.0,0.3388888888888889,0.3388888888888889,0,0,0,0,C1,0.0,0.0,0.09078051207859096,0.1,1.0,0.2,0.0,0.0,0.09078051207859096
phaseflip,mixed_pauli,0.05,4,0.25,0.03,10,qiskit_aer,1,1,0.9161756249999999,0.6542761979166667,0.2777777777777778,0.08888888888888892,0.0,0.8,0.0,0.9,0.0778112500000001,0.027375707011417928,0.06810625000000026,0.06674375000000021,0.08767187499999998,0.04362718750000001,0.04322499999999985,1.0,1.0,0.1,0.0,0.0,0.0,0.0,0.8,0.12820756039295444,0.01975871856611656,0.1315900603929544,0.11405724789295452,0.14432599789295447,0.09737006039295446,0.08931506039295445,1.0,1.0,0.0,0.0,0.0,0.0,0.0,0.8,0.0778112500000001,0.027375707011417928,0.06810625000000026,0.06674375000000021,0.08767187499999998,0.04362718750000001,0.04322499999999985,1.0,1.0,0.1,0.0,0.0,0.0,0.0,0.8,0.0,0.05341167935365889,0.5341167935365889,0.08712131039295452,0.10534631039295461,0.0778112500000001,0.027375707011417928,0.06810625000000026,0.06674375000000021,0.08767187499999998,0.04362718750000001,0.04322499999999985,1.0,1.0,0.1,0.0,0.0,0.0,0.0,0.8,0.0,0.05341167935365889,0.5341167935365889,0.08712131039295452,0.10534631039295461,0.0778112500000001,0.027375707011417928,0.06810625000000026,0.06674375000000021,0.08767187499999998,0.04362718750000001,0.04322499999999985,1.0,1.0,0.1,0.0,0.0,0.0,0.0,0.8,0.0,0.05341167935365889,0.5341167935365889,0.08712131039295452,0.10534631039295461,0.0778112500000001,0.027375707011417928,0.06810625000000026,0.06674375000000021,0.08767187499999998,0.04362718750000001,0.04322499999999985,1.0,1.0,0.1,0.0,0.0,0.0,0.0,0.8,0.0,0.05341167935365889,0.5341167935365889,0.08712131039295452,0.10534631039295461,1.0,0.0,0.0,0.0,0.0,0.0,0.0,1.0,0.0,0.0,1.0,0.0,0.0,1.0,0.0,0.0,1.0,0.0,0.0,0.0,0.0,0.0,0.0,0.0,0.0,0.0,0.0,0.0,0.0,0.0,0.0,1.0,1.0,1.0,0.0,0.0,0.0,0.0,0.0,0.0,0.0,0,0,0.0,0.0,0.0,0.0,0.0,0.0,0.0,0.0,0.0,0.0,0.0,1.0,0.0,0.0,0.0,0.0,0.0,-0.654276197721942,0.0,0.0,0.0,0.39888888888888896,0.39888888888888896,0,0,0,0,C1,0.0,0.0,0.0778112500000001,0.1,1.0,0.0,0.0,0.0,0.0778112500000001
phaseflip,mixed_pauli,0.05,4,0.25,0.05,10,qiskit_aer,1,1,0.9161756249999999,0.5631445833333333,0.3888888888888889,0.08888888888888892,0.0,0.8,0.0,0.9,0.07781125000000015,0.027375707011417925,0.06810625000000042,0.06674375000000021,0.08767187500000015,0.04362718750000001,0.04322499999999985,1.0,0.8,0.1,0.0,0.0,0.0,0.0,0.8,0.12820756039295444,0.01975871856611656,0.1315900603929544,0.11405724789295452,0.14432599789295447,0.09737006039295446,0.08931506039295445,1.0,1.0,0.0,0.0,0.0,0.0,0.0,0.8,0.09078051207859097,0.033692161606493735,0.08710625000000011,0.06742500000000023,0.12606442029471593,0.04362718750000001,0.04322499999999985,1.0,1.0,0.1,0.0,0.0,0.0,0.0,0.8,0.0,0.04044241727506801,0.4044241727506801,0.08712131039295443,0.10534631039295461,0.09078051207859097,0.033692161606493735,0.08710625000000011,0.06742500000000023,0.12606442029471593,0.04362718750000001,0.04322499999999985,1.0,1.0,0.1,0.0,0.0,0.0,0.0,0.8,0.0,0.04044241727506801,0.4044241727506801,0.08712131039295443,0.10534631039295461,0.09078051207859097,0.033692161606493735,0.08710625000000011,0.06742500000000023,0.12606442029471593,0.04362718750000001,0.04322499999999985,1.0,1.0,0.1,0.0,0.0,0.0,0.0,0.8,0.0,0.04044241727506801,0.4044241727506801,0.08712131039295443,0.10534631039295461,0.09078051207859097,0.033692161606493735,0.08710625000000011,0.06742500000000023,0.12606442029471593,0.04362718750000001,0.04322499999999985,1.0,1.0,0.1,0.0,0.0,0.0,0.0,0.8,0.0,0.04044241727506801,0.4044241727506801,0.08712131039295443,0.10534631039295461,1.0,0.2,0.2,0.2,0.2,0.0,0.2,1.0,0.2222222222222222,0.2,1.0,0.2222222222222222,0.2,1.0,0.2222222222222222,0.2,1.0,0.2222222222222222,0.2,0.0,0.2,0.2,0.2,0.2,0.2,0.0,0.0,0.0,0.0,0.2,0.2,1.0,1.0,1.0,0.2,1.0,1.0,1.0,1.0,1.0,1.0,2,0,0.0,0.0,0.0,0.2,0.0,0.0,0.0,0.0,0.0,0.0,0.0,1.0,0.0,0.0,0.0,0.0,0.0,-0.16314458306501983,0.004888138383815716,0.004888138383815716,0.0,0.4388888888888889,0.4388888888888889,0,0,0,0,C1,0.0,0.0,0.09078051207859097,0.1,1.0,0.2,0.0,0.0,0.09078051207859097
phaseflip,mixed_pauli,0.05,4,0.25,0.1,10,qiskit_aer,1,1,0.9161756249999999,0.42054305555555554,0.5555555555555556,0.08888888888888892,0.0,0.8,0.0,0.9,0.07781125000000012,0.027375707011417935,0.06810625000000026,0.06674375000000021,0.08767187500000015,0.04362718750000001,0.04322499999999985,1.0,1.0,0.1,0.0,0.0,0.0,0.0,0.8,0.12820756039295444,0.01975871856611656,0.1315900603929544,0.11405724789295452,0.14432599789295447,0.09737006039295446,0.08931506039295445,1.0,1.0,0.0,0.0,0.0,0.0,0.0,0.8,0.07781125000000012,0.027375707011417935,0.06810625000000026,0.06674375000000021,0.08767187500000015,0.04362718750000001,0.04322499999999985,1.0,1.0,0.1,0.0,0.0,0.0,0.0,0.8,0.0,0.05341167935365887,0.5341167935365887,0.08712131039295443,0.10534631039295461,0.07781125000000012,0.027375707011417935,0.06810625000000026,0.06674375000000021,0.08767187500000015,0.04362718750000001,0.04322499999999985,1.0,1.0,0.1,0.0,0.0,0.0,0.0,0.8,0.0,0.05341167935365887,0.5341167935365887,0.08712131039295443,0.10534631039295461,0.07781125000000012,0.027375707011417935,0.06810625000000026,0.06674375000000021,0.08767187500000015,0.04362718750000001,0.04322499999999985,1.0,1.0,0.1,0.0,0.0,0.0,0.0,0.8,0.0,0.05341167935365887,0.5341167935365887,0.08712131039295443,0.10534631039295461,0.07781125000000012,0.027375707011417935,0.06810625000000026,0.06674375000000021,0.08767187500000015,0.04362718750000001,0.04322499999999985,1.0,1.0,0.1,0.0,0.0,0.0,0.0,0.8,0.0,0.05341167935365887,0.5341167935365887,0.08712131039295443,0.10534631039295461,1.0,0.0,0.0,0.0,0.0,0.0,0.0,1.0,0.0,0.0,1.0,0.0,0.0,1.0,0.0,0.0,1.0,0.0,0.0,0.0,0.0,0.0,0.0,0.0,0.0,0.0,0.0,0.0,0.0,0.0,0.0,1.0,1.0,1.0,0.0,0.0,0.0,0.0,0.0,0.0,0.0,0,0,0.0,0.0,0.0,0.0,0.0,0.0,0.0,0.0,0.0,0.0,0.0,1.0,0.0,0.0,0.0,0.0,0.0,-0.420543055309776,0.0,0.0,0.0,0.5388888888888889,0.5388888888888889,0,0,0,0,C1,0.0,0.0,0.07781125000000012,0.1,1.0,0.0,0.0,0.0,0.07781125000000012
phaseflip,mixed_pauli,0.05,4,0.5,0.0,10,qiskit_aer,1,1,0.9161756249999999,0.59337609375,0.37777777777777777,0.18888888888888888,0.0,0.8,0.0,1.0,0.07781125000000012,0.027375707011417935,0.06810625000000037,0.06674375000000005,0.08767187500000015,0.04362718750000001,0.04322499999999985,1.0,0.9,0.1,0.0,0.0,0.0,0.0,0.8,0.12820756039295444,0.01975871856611656,0.1315900603929544,0.11405724789295452,0.14432599789295447,0.09737006039295446,0.08931506039295445,1.0,1.0,0.0,0.0,0.0,0.0,0.0,0.8,0.08429588103929553,0.03137428857778832,0.07772187500000016,0.06674375000000005,0.10417500000000018,0.04362718750000001,0.04322499999999985,1.0,1.0,0.1,0.0,0.0,0.0,0.0,0.8,0.0,0.046927048314363465,0.4692704831436346,0.08712131039295443,0.10534631039295461,0.08429588103929553,0.03137428857778832,0.07772187500000016,0.06674375000000005,0.10417500000000018,0.04362718750000001,0.04322499999999985,1.0,1.0,0.1,0.0,0.0,0.0,0.0,0.8,0.0,0.046927048314363465,0.4692704831436346,0.08712131039295443,0.10534631039295461,0.08429588103929553,0.03137428857778832,0.07772187500000016,0.06674375000000005,0.10417500000000018,0.04362718750000001,0.04322499999999985,1.0,1.0,0.1,0.0,0.0,0.0,0.0,0.8,0.0,0.046927048314363465,0.4692704831436346,0.08712131039295443,0.10534631039295461,0.07781125000000012,0.027375707011417935,0.06810625000000037,0.06674375000000005,0.08767187500000015,0.04362718750000001,0.04322499999999985,1.0,0.9,0.1,0.0,0.0,0.0,0.0,0.8,9.33517426776006e-22,0.05341167935365887,0.5341167935365887,0.08712131039295443,0.10534631039295461,1.0,0.1,0.1,0.1,0.0,0.1,0.1,1.0,0.1111111111111111,0.1,1.0,0.1111111111111111,0.1,1.0,0.1111111111111111,0.0,1.0,0.0,0.1,0.0,0.1,0.1,0.0,0.1,0.1,0.1,0.0,0.0,0.0,0.1,0.1,1.0,1.0,0.9,0.0,1.0,1.0,1.0,1.0,0.0,0.0,1,1,0.1,1.0,0.0,0.1,0.0,0.1,0.0,1.0,0.0,0.0,1.0,0.0,0.0,0.06484631039295408,-0.06484631039295408,-0.0064846310392954075,-0.06484631039295408,-0.3933760935338124,9.33517426776006e-22,9.33517426776006e-22,0.0,0.6888888888888889,0.6888888888888889,0,0,0,1,C1,0.0,0.0,0.08429588103929553,0.1,1.0,0.1,0.0,0.0,0.08429588103929553
phaseflip,mixed_pauli,0.05,4,0.5,0.03,10,qiskit_aer,1,1,0.9161756249999999,0.5403563020833333,0.4444444444444444,0.18888888888888888,0.0,0.8,0.0,1.0,0.07781125000000014,0.027375707011417928,0.06810625000000037,0.0667437500000001,0.08767187500000015,0.04362718750000001,0.04322499999999985,1.0,1.0,0.1,0.0,0.0,0.0,0.0,0.8,0.12820756039295444,0.01975871856611656,0.1315900603929544,0.11405724789295452,0.14432599789295447,0.09737006039295446,0.08931506039295445,1.0,1.0,0.0,0.0,0.0,0.0,0.0,0.8,0.07781125000000014,0.027375707011417928,0.06810625000000037,0.0667437500000001,0.08767187500000015,0.04362718750000001,0.04322499999999985,1.0,1.0,0.1,0.0,0.0,0.0,0.0,0.8,0.0,0.05341167935365885,0.5341167935365885,0.08712131039295443,0.10534631039295461,0.07781125000000014,0.027375707011417928,0.06810625000000037,0.0667437500000001,0.08767187500000015,0.04362718750000001,0.04322499999999985,1.0,1.0,0.1,0.0,0.0,0.0,0.0,0.8,0.0,0.05341167935365885,0.5341167935365885,0.08712131039295443,0.10534631039295461,0.07781125000000014,0.027375707011417928,0.06810625000000037,0.0667437500000001,0.08767187500000015,0.04362718750000001,0.04322499999999985,1.0,1.0,0.1,0.0,0.0,0.0,0.0,0.8,0.0,0.05341167935365885,0.5341167935365885,0.08712131039295443,0.10534631039295461,0.07781125000000014,0.027375707011417928,0.06810625000000037,0.0667437500000001,0.08767187500000015,0.04362718750000001,0.04322499999999985,1.0,1.0,0.1,0.0,0.0,0.0,0.0,0.8,0.0,0.05341167935365885,0.5341167935365885,0.08712131039295443,0.10534631039295461,1.0,0.0,0.0,0.0,0.0,0.0,0.0,1.0,0.0,0.0,1.0,0.0,0.0,1.0,0.0,0.0,1.0,0.0,0.0,0.0,0.0,0.0,0.0,0.0,0.0,0.0,0.0,0.0,0.0,0.0,0.0,1.0,1.0,0.9,0.0,0.0,0.0,0.0,0.0,0.0,0.0,0,0,0.0,0.0,0.0,0.0,0.0,0.0,0.0,0.0,0.0,0.0,0.0,1.0,0.0,0.0,0.0,0.0,0.0,-0.5403563018459683,0.0,0.0,0.0,0.7428888888888889,0.7488888888888889,0,0,0,0,C1,0.0,0.0,0.07781125000000014,0.1,1.0,0.0,0.0,0.0,0.07781125000000014
phaseflip,mixed_pauli,0.05,4,0.5,0.05,10,qiskit_aer,1,1,0.9161756249999999,0.4571413541666666,0.5444444444444444,0.18888888888888888,0.0,0.8,0.0,1.0,0.0778112500000001,0.027375707011417928,0.06810625000000037,0.06674375000000005,0.08767187499999998,0.04362718750000001,0.04322499999999985,1.0,0.9,0.1,0.0,0.0,0.0,0.0,0.8,0.12820756039295444,0.01975871856611656,0.1315900603929544,0.11405724789295452,0.14432599789295447,0.09737006039295446,0.08931506039295445,1.0,1.0,0.0,0.0,0.0,0.0,0.0,0.8,0.0842958810392955,0.03137428857778831,0.07772187500000016,0.06674375000000005,0.10417500000000013,0.04362718750000001,0.04322499999999985,1.0,1.0,0.1,0.0,0.0,0.0,0.0,0.8,0.0,0.046927048314363486,0.46927048314363484,0.08712131039295452,0.10534631039295461,0.0842958810392955,0.03137428857778831,0.07772187500000016,0.06674375000000005,0.10417500000000013,0.04362718750000001,0.04322499999999985,1.0,1.0,0.1,0.0,0.0,0.0,0.0,0.8,0.0,0.046927048314363486,0.46927048314363484,0.08712131039295452,0.10534631039295461,0.0842958810392955,0.03137428857778831,0.07772187500000016,0.06674375000000005,0.10417500000000013,0.04362718750000001,0.04322499999999985,1.0,1.0,0.1,0.0,0.0,0.0,0.0,0.8,0.0,0.046927048314363486,0.46927048314363484,0.08712131039295452,0.10534631039295461,0.0778112500000001,0.027375707011417928,0.06810625000000037,0.06674375000000005,0.08767187499999998,0.04362718750000001,0.04322499999999985,1.0,0.9,0.1,0.0,0.0,0.0,0.0,0.8,1.695725456407781e-20,0.05341167935365889,0.5341167935365889,0.08712131039295452,0.10534631039295461,1.0,0.1,0.1,0.1,0.0,0.1,0.1,1.0,0.1111111111111111,0.1,1.0,0.1111111111111111,0.1,1.0,0.1111111111111111,0.0,1.0,0.0,0.1,0.0,0.1,0.1,0.0,0.1,0.1,0.1,0.0,0.0,0.0,0.1,0.1,1.0,1.0,0.9,0.0,1.0,1.0,1.0,1.0,0.0,0.0,1,1,0.1,1.0,0.0,0.1,0.0,0.1,0.0,1.0,0.0,0.0,1.0,0.0,0.0,0.06484631039295408,-0.06484631039295408,-0.0064846310392954075,-0.06484631039295408,-0.25714135388664006,1.695725456407781e-20,1.695725456407781e-20,0.0,0.778888888888889,0.788888888888889,0,0,0,1,C1,0.0,0.0,0.0842958810392955,0.1,1.0,0.1,0.0,0.0,0.0842958810392955
phaseflip,mixed_pauli,0.05,4,0.5,0.1,10,qiskit_aer,1,1,0.9161756249999999,0.34971592013888886,0.6666666666666666,0.18888888888888888,0.0,0.8,0.0,1.0,0.07781125000000012,0.027375707011417935,0.06810625000000037,0.06674375000000005,0.08767187500000015,0.04362718750000001,0.04322499999999985,1.0,0.9,0.1,0.0,0.0,0.0,0.0,0.8,0.12820756039295444,0.01975871856611656,0.1315900603929544,0.11405724789295452,0.14432599789295447,0.09737006039295446,0.08931506039295445,1.0,1.0,0.0,0.0,0.0,0.0,0.0,0.8,0.08429588103929553,0.03137428857778832,0.07772187500000016,0.06674375000000005,0.10417500000000018,0.04362718750000001,0.04322499999999985,1.0,1.0,0.1,0.0,0.0,0.0,0.0,0.8,0.0,0.046927048314363465,0.4692704831436346,0.08712131039295443,0.10534631039295461,0.08429588103929553,0.03137428857778832,0.07772187500000016,0.06674375000000005,0.10417500000000018,0.04362718750000001,0.04322499999999985,1.0,1.0,0.1,0.0,0.0,0.0,0.0,0.8,0.0,0.046927048314363465,0.4692704831436346,0.08712131039295443,0.10534631039295461,0.08429588103929553,0.03137428857778832,0.07772187500000016,0.06674375000000005,0.10417500000000018,0.04362718750000001,0.04322499999999985,1.0,1.0,0.1,0.0,0.0,0.0,0.0,0.8,0.0,0.046927048314363465,0.4692704831436346,0.08712131039295443,0.10534631039295461,0.08429588103929553,0.03137428857778832,0.07772187500000016,0.06674375000000005,0.10417500000000018,0.04362718750000001,0.04322499999999985,1.0,1.0,0.1,0.0,0.0,0.0,0.0,0.8,0.0,0.046927048314363465,0.4692704831436346,0.08712131039295443,0.10534631039295461,1.0,0.1,0.1,0.1,0.1,0.0,0.1,1.0,0.1111111111111111,0.1,1.0,0.1111111111111111,0.1,1.0,0.1111111111111111,0.1,1.0,0.1111111111111111,0.1,0.0,0.1,0.1,0.1,0.1,0.1,0.0,0.0,0.0,0.0,0.1,0.1,1.0,1.0,0.9,0.1,1.0,1.0,1.0,1.0,1.0,1.0,1,0,0.0,0.0,0.0,0.1,0.0,0.0,0.0,0.0,0.0,0.0,0.0,1.0,0.0,0.0,0.0,0.0,0.0,-0.14971591990314856,0.00511514334419135,0.00511514334419135,0.0,0.8688888888888888,0.8888888888888888,0,0,0,0,C1,0.0,0.0,0.08429588103929553,0.1,1.0,0.1,0.0,0.0,0.08429588103929553
phaseflip,mixed_pauli,0.05,4,0.75,0.0,10,qiskit_aer,1,1,0.9161756249999999,0.4276961284722222,0.6777777777777778,0.3388888888888889,0.0,0.8,0.0,1.0,0.07781125000000012,0.027375707011417935,0.06810625000000026,0.06674375000000021,0.08767187500000015,0.04362718750000001,0.04322499999999985,1.0,0.9,0.1,0.0,0.0,0.0,0.0,0.8,0.12820756039295444,0.01975871856611656,0.1315900603929544,0.11405724789295452,0.14432599789295447,0.09737006039295446,0.08931506039295445,1.0,1.0,0.0,0.0,0.0,0.0,0.0,0.8,0.08429588103929556,0.03137428857778831,0.07772187500000016,0.06674375000000021,0.10417500000000018,0.04362718750000001,0.04322499999999985,1.0,1.0,0.1,0.0,0.0,0.0,0.0,0.8,0.0,0.04692704831436344,0.4692704831436344,0.08712131039295443,0.10534631039295461,0.08429588103929556,0.03137428857778831,0.07772187500000016,0.06674375000000021,0.10417500000000018,0.04362718750000001,0.04322499999999985,1.0,1.0,0.1,0.0,0.0,0.0,0.0,0.8,0.0,0.04692704831436344,0.4692704831436344,0.08712131039295443,0.10534631039295461,0.08429588103929556,0.03137428857778831,0.07772187500000016,0.06674375000000021,0.10417500000000018,0.04362718750000001,0.04322499999999985,1.0,1.0,0.1,0.0,0.0,0.0,0.0,0.8,0.0,0.04692704831436344,0.4692704831436344,0.08712131039295443,0.10534631039295461,0.07781125000000012,0.027375707011417935,0.06810625000000026,0.06674375000000021,0.08767187500000015,0.04362718750000001,0.04322499999999985,1.0,0.9,0.1,0.0,0.0,0.0,0.0,0.8,0.011874890566266219,0.05341167935365887,0.5341167935365887,0.08712131039295443,0.10534631039295461,1.0,0.1,0.1,0.1,0.0,0.1,0.1,1.0,0.1111111111111111,0.1,1.0,0.1111111111111111,0.1,1.0,0.1111111111111111,0.0,1.0,0.0,0.1,0.0,0.1,0.1,0.0,0.1,0.1,0.1,0.0,0.0,0.0,0.1,0.1,1.0,1.0,0.1,0.0,1.0,1.0,1.0,1.0,0.0,0.0,1,1,0.1,1.0,0.0,0.1,0.0,0.1,0.0,1.0,0.0,0.0,1.0,0.0,0.0,0.0648463103929543,-0.0648463103929543,-0.00648463103929543,-0.0648463103929543,-0.2276961281969732,0.011874890566266219,0.011874890566266219,0.0,0.9972222222222222,1.088888888888889,0,0,0,1,C1,0.0,0.0,0.08429588103929556,0.1,1.0,0.1,0.0,0.0,0.08429588103929556
phaseflip,mixed_pauli,0.05,4,0.75,0.03,10,qiskit_aer,1,1,0.9161756249999999,0.37413258680555556,0.7222222222222222,0.3388888888888889,0.0,0.8,0.0,1.0,0.07781125000000012,0.027375707011417918,0.06810625000000037,0.06674375000000021,0.08767187499999998,0.04362718750000001,0.04322499999999985,1.0,0.9,0.1,0.0,0.0,0.0,0.0,0.8,0.12820756039295444,0.01975871856611656,0.1315900603929544,0.11405724789295452,0.14432599789295447,0.09737006039295446,0.08931506039295445,1.0,1.0,0.0,0.0,0.0,0.0,0.0,0.8,0.08429588103929556,0.03137428857778829,0.07772187500000016,0.06674375000000027,0.10417500000000013,0.04362718750000001,0.04322499999999985,1.0,1.0,0.1,0.0,0.0,0.0,0.0,0.8,0.0,0.04692704831436344,0.4692704831436344,0.08712131039295452,0.10534631039295461,0.08429588103929556,0.03137428857778829,0.07772187500000016,0.06674375000000027,0.10417500000000013,0.04362718750000001,0.04322499999999985,1.0,1.0,0.1,0.0,0.0,0.0,0.0,0.8,0.0,0.04692704831436344,0.4692704831436344,0.08712131039295452,0.10534631039295461,0.08429588103929556,0.03137428857778829,0.07772187500000016,0.06674375000000027,0.10417500000000013,0.04362718750000001,0.04322499999999985,1.0,1.0,0.1,0.0,0.0,0.0,0.0,0.8,0.0,0.04692704831436344,0.4692704831436344,0.08712131039295452,0.10534631039295461,0.07781125000000012,0.027375707011417918,0.06810625000000037,0.06674375000000021,0.08767187499999998,0.04362718750000001,0.04322499999999985,1.0,0.9,0.1,0.0,0.0,0.0,0.0,0.8,3.692949694182701e-20,0.05341167935365887,0.5341167935365887,0.08712131039295452,0.10534631039295461,1.0,0.1,0.1,0.1,0.0,0.1,0.1,1.0,0.1111111111111111,0.1,1.0,0.1111111111111111,0.1,1.0,0.1111111111111111,0.0,1.0,0.0,0.1,0.0,0.1,0.1,0.0,0.1,0.1,0.1,0.0,0.0,0.0,0.1,0.1,1.0,1.0,0.0,0.0,1.0,1.0,1.0,1.0,0.0,0.0,1,1,0.1,1.0,0.0,0.1,0.0,0.1,0.0,1.0,0.0,0.0,1.0,0.0,0.0,0.0648463103929543,-0.0648463103929543,-0.00648463103929543,-0.0648463103929543,-0.17413258655300085,3.692949694182701e-20,3.692949694182701e-20,0.0,1.0,1.148888888888889,0,0,0,1,C1,0.0,0.0,0.08429588103929556,0.1,1.0,0.1,0.0,0.0,0.08429588103929556
phaseflip,mixed_pauli,0.05,4,0.75,0.05,10,qiskit_aer,1,1,0.9161756249999999,0.32201138888888886,0.7777777777777778,0.3388888888888889,0.0,0.8,0.0,1.0,0.0778112500000001,0.02737570701141795,0.06810625000000026,0.06674375000000005,0.08767187500000015,0.04362718750000001,0.04322499999999985,1.0,0.9,0.1,0.0,0.0,0.0,0.0,0.8,0.12820756039295444,0.01975871856611656,0.1315900603929544,0.11405724789295452,0.14432599789295447,0.09737006039295446,0.08931506039295445,1.0,1.0,0.0,0.0,0.0,0.0,0.0,0.8,0.08429588103929553,0.03137428857778832,0.07772187500000016,0.06674375000000005,0.10417500000000018,0.04362718750000001,0.04322499999999985,1.0,1.0,0.1,0.0,0.0,0.0,0.0,0.8,0.0,0.046927048314363465,0.4692704831436346,0.08712131039295443,0.10534631039295461,0.08429588103929553,0.03137428857778832,0.07772187500000016,0.06674375000000005,0.10417500000000018,0.04362718750000001,0.04322499999999985,1.0,1.0,0.1,0.0,0.0,0.0,0.0,0.8,0.0,0.046927048314363465,0.4692704831436346,0.08712131039295443,0.10534631039295461,0.08429588103929553,0.03137428857778832,0.07772187500000016,0.06674375000000005,0.10417500000000018,0.04362718750000001,0.04322499999999985,1.0,1.0,0.1,0.0,0.0,0.0,0.0,0.8,0.0,0.046927048314363465,0.4692704831436346,0.08712131039295443,0.10534631039295461,0.0778112500000001,0.02737570701141795,0.06810625000000026,0.06674375000000005,0.08767187500000015,0.04362718750000001,0.04322499999999985,1.0,0.9,0.1,0.0,0.0,0.0,0.0,0.8,2.166112591183837e-21,0.05341167935365889,0.5341167935365889,0.08712131039295443,0.10534631039295461,1.0,0.1,0.1,0.1,0.0,0.1,0.1,1.0,0.1111111111111111,0.1,1.0,0.1111111111111111,0.1,1.0,0.1111111111111111,0.0,1.0,0.0,0.1,0.0,0.1,0.1,0.0,0.1,0.1,0.1,0.0,0.0,0.0,0.1,0.1,1.0,1.0,0.0,0.0,1.0,1.0,1.0,1.0,0.0,0.0,1,1,0.1,1.0,0.0,0.1,0.0,0.1,0.0,1.0,0.0,0.0,1.0,0.0,0.0,0.0648463103929543,-0.0648463103929543,-0.00648463103929543,-0.0648463103929543,-0.12201138870072957,2.166112591183837e-21,2.166112591183837e-21,0.0,1.0,1.188888888888889,0,0,0,1,C1,0.0,0.0,0.08429588103929553,0.1,1.0,0.1,0.0,0.0,0.08429588103929553
phaseflip,mixed_pauli,0.05,4,0.75,0.1,10,qiskit_aer,1,1,0.9161756249999999,0.2634668576388889,0.8222222222222222,0.3388888888888889,0.0,0.8,0.0,1.0,0.07781125000000012,0.027375707011417918,0.06810625000000037,0.06674375000000021,0.08767187499999998,0.04362718750000001,0.04322499999999985,1.0,0.8,0.1,0.0,0.0,0.0,0.0,0.8,0.12820756039295444,0.01975871856611656,0.1315900603929544,0.11405724789295452,0.14432599789295447,0.09737006039295446,0.08931506039295445,1.0,1.0,0.0,0.0,0.0,0.0,0.0,0.8,0.09078051207859096,0.033692161606493735,0.08710625,0.06742500000000023,0.12606442029471593,0.04362718750000001,0.04322499999999985,1.0,1.0,0.1,0.0,0.0,0.0,0.0,0.8,0.0,0.04044241727506803,0.4044241727506803,0.08712131039295452,0.10534631039295461,0.09078051207859096,0.033692161606493735,0.08710625,0.06742500000000023,0.12606442029471593,0.04362718750000001,0.04322499999999985,1.0,1.0,0.1,0.0,0.0,0.0,0.0,0.8,0.0,0.04044241727506803,0.4044241727506803,0.08712131039295452,0.10534631039295461,0.09078051207859096,0.033692161606493735,0.08710625,0.06742500000000023,0.12606442029471593,0.04362718750000001,0.04322499999999985,1.0,1.0,0.1,0.0,0.0,0.0,0.0,0.8,0.0,0.04044241727506803,0.4044241727506803,0.08712131039295452,0.10534631039295461,0.07781125000000012,0.027375707011417918,0.06810625000000037,0.06674375000000021,0.08767187499999998,0.04362718750000001,0.04322499999999985,1.0,0.8,0.1,0.0,0.0,0.0,0.0,0.8,0.004647966849674839,0.05341167935365887,0.5341167935365887,0.08712131039295452,0.10534631039295461,1.0,0.2,0.2,0.2,0.0,0.2,0.2,1.0,0.2222222222222222,0.2,1.0,0.2222222222222222,0.2,1.0,0.2222222222222222,0.0,1.0,0.0,0.2,0.0,0.2,0.2,0.0,0.2,0.2,0.2,0.0,0.0,0.0,0.2,0.2,1.0,1.0,0.0,0.0,1.0,1.0,1.0,1.0,0.0,0.0,2,2,0.2,1.0,0.0,0.2,0.0,0.2,0.0,1.0,0.0,0.0,1.0,0.0,0.0,0.12969262078590837,-0.12969262078590837,-0.012969262078590837,-0.12969262078590837,0.13653314263363694,0.004647966849674839,0.004647966849674839,0.0,1.0,1.2888888888888888,0,0,0,2,C1,0.0,0.0,0.09078051207859096,0.1,1.0,0.2,0.0,0.0,0.09078051207859096
phaseflip,mixed_pauli,0.05,4,1.0,0.0,10,qiskit_aer,1,1,0.9161756249999999,0.2137647222222222,1.0,0.5,0.0,0.8,0.0,1.0,0.07781125000000017,0.02737570701141792,0.06810625000000037,0.06674375000000027,0.08767187500000015,0.04362718750000001,0.04322499999999985,1.0,0.9,0.1,0.0,0.0,0.0,0.0,0.8,0.12820756039295444,0.01975871856611656,0.1315900603929544,0.11405724789295452,0.14432599789295447,0.09737006039295446,0.08931506039295445,1.0,1.0,0.0,0.0,0.0,0.0,0.0,0.8,0.08429588103929557,0.03137428857778829,0.07772187500000016,0.06674375000000027,0.10417500000000018,0.04362718750000001,0.04322499999999985,1.0,1.0,0.1,0.0,0.0,0.0,0.0,0.8,0.0,0.046927048314363416,0.4692704831436342,0.08712131039295443,0.10534631039295461,0.08429588103929557,0.03137428857778829,0.07772187500000016,0.06674375000000027,0.10417500000000018,0.04362718750000001,0.04322499999999985,1.0,1.0,0.1,0.0,0.0,0.0,0.0,0.8,0.0,0.046927048314363416,0.4692704831436342,0.08712131039295443,0.10534631039295461,0.08429588103929557,0.03137428857778829,0.07772187500000016,0.06674375000000027,0.10417500000000018,0.04362718750000001,0.04322499999999985,1.0,1.0,0.1,0.0,0.0,0.0,0.0,0.8,0.0,0.046927048314363416,0.4692704831436342,0.08712131039295443,0.10534631039295461,0.07781125000000017,0.02737570701141792,0.06810625000000037,0.06674375000000027,0.08767187500000015,0.04362718750000001,0.04322499999999985,1.0,0.9,0.1,0.0,0.0,0.0,0.0,0.8,1.572465939966998e-20,0.05341167935365883,0.5341167935365883,0.08712131039295443,0.10534631039295461,1.0,0.1,0.1,0.1,0.0,0.1,0.1,1.0,0.1111111111111111,0.1,1.0,0.1111111111111111,0.1,1.0,0.1111111111111111,0.0,1.0,0.0,0.1,0.0,0.1,0.1,0.0,0.1,0.1,0.1,0.0,0.0,0.0,0.1,0.1,1.0,1.0,0.0,0.0,1.0,1.0,1.0,1.0,0.0,0.0,1,1,0.1,1.0,0.0,0.1,0.0,0.1,0.0,1.0,0.0,0.0,1.0,0.0,0.0,0.06484631039295408,-0.06484631039295408,-0.0064846310392954075,-0.06484631039295408,-0.013764721954781744,1.572465939966998e-20,1.572465939966998e-20,0.0,1.0,1.5,0,0,0,1,C1,0.0,0.0,0.08429588103929557,0.1,1.0,0.1,0.0,0.0,0.08429588103929557
phaseflip,mixed_pauli,0.05,4,1.0,0.03,10,qiskit_aer,1,1,0.9161756249999999,0.19090951388888888,1.0,0.5,0.0,0.8,0.0,1.0,0.07781125000000012,0.027375707011417935,0.06810625000000037,0.06674375000000005,0.08767187500000015,0.04362718750000001,0.04322499999999985,1.0,0.7,0.1,0.0,0.0,0.0,0.0,0.8,0.12820756039295444,0.01975871856611656,0.1315900603929544,0.11405724789295452,0.14432599789295447,0.09737006039295446,0.08931506039295445,1.0,1.0,0.0,0.0,0.0,0.0,0.0,0.8,0.08776514311788643,0.030594645778574493,0.08710625000000011,0.06742500000000007,0.10891939009823876,0.04362718750000001,0.04322499999999985,1.0,1.0,0.0,0.0,0.0,0.0,0.0,0.8,0.0,0.043457786235772566,0.43457786235772566,0.08712131039295443,0.10534631039295461,0.08776514311788643,0.030594645778574493,0.08710625000000011,0.06742500000000007,0.10891939009823876,0.04362718750000001,0.04322499999999985,1.0,1.0,0.0,0.0,0.0,0.0,0.0,0.8,0.0,0.043457786235772566,0.43457786235772566,0.08712131039295443,0.10534631039295461,0.08776514311788643,0.030594645778574493,0.08710625000000011,0.06742500000000007,0.10891939009823876,0.04362718750000001,0.04322499999999985,1.0,1.0,0.0,0.0,0.0,0.0,0.0,0.8,0.0,0.043457786235772566,0.43457786235772566,0.08712131039295443,0.10534631039295461,0.07781125000000012,0.027375707011417935,0.06810625000000037,0.06674375000000005,0.08767187500000015,0.04362718750000001,0.04322499999999985,1.0,0.7,0.1,0.0,0.0,0.0,0.0,0.8,0.023749781132532437,0.05341167935365887,0.5341167935365887,0.08712131039295443,0.10534631039295461,1.0,0.3,0.3,0.3,0.0,0.3,0.3,0.0,0.2222222222222222,0.3,0.0,0.2222222222222222,0.3,0.0,0.2222222222222222,0.0,1.0,0.0,0.3,0.0,0.3,0.3,0.0,0.3,0.3,0.3,0.0,0.0,0.0,0.3,0.3,1.0,1.0,0.0,0.0,1.0,1.0,1.0,1.0,0.0,0.0,3,3,0.3,1.0,0.1,0.2,0.1,0.2,0.3333333333333333,0.6666666666666666,0.3333333333333333,1.0,1.0,0.0,0.030153689607045342,0.12969262078590837,-0.09953893117886303,-0.009953893117886303,-0.09953893117886303,0.4090904863418816,0.023749781132532437,0.023749781132532437,0.0,1.0,1.56,0,0,0,3,C1,0.0,0.0,0.08776514311788643,0.0,1.0,0.3,0.0,0.0,0.08776514311788643
phaseflip,mixed_pauli,0.05,4,1.0,0.05,10,qiskit_aer,1,1,0.9161756249999999,0.16251956597222222,1.0,0.5,0.0,0.8,0.0,1.0,0.0778112500000001,0.027375707011417928,0.06810625000000037,0.06674375000000005,0.08767187499999998,0.04362718750000001,0.04322499999999985,1.0,0.9,0.1,0.0,0.0,0.0,0.0,0.8,0.12820756039295444,0.01975871856611656,0.1315900603929544,0.11405724789295452,0.14432599789295447,0.09737006039295446,0.08931506039295445,1.0,1.0,0.0,0.0,0.0,0.0,0.0,0.8,0.07479588103929556,0.021727533462022348,0.06810625000000037,0.06674375000000005,0.08767187499999998,0.04362718750000001,0.04322499999999985,1.0,1.0,0.0,0.0,0.0,0.0,0.0,0.8,0.0,0.056427048314363425,0.5642704831436343,0.08712131039295452,0.10534631039295461,0.07479588103929556,0.021727533462022348,0.06810625000000037,0.06674375000000005,0.08767187499999998,0.04362718750000001,0.04322499999999985,1.0,1.0,0.0,0.0,0.0,0.0,0.0,0.8,0.0,0.056427048314363425,0.5642704831436343,0.08712131039295452,0.10534631039295461,0.07479588103929556,0.021727533462022348,0.06810625000000037,0.06674375000000005,0.08767187499999998,0.04362718750000001,0.04322499999999985,1.0,1.0,0.0,0.0,0.0,0.0,0.0,0.8,0.0,0.056427048314363425,0.5642704831436343,0.08712131039295452,0.10534631039295461,0.0778112500000001,0.027375707011417928,0.06810625000000037,0.06674375000000005,0.08767187499999998,0.04362718750000001,0.04322499999999985,1.0,0.9,0.1,0.0,0.0,0.0,0.0,0.8,7.271827890102168e-19,0.05341167935365889,0.5341167935365889,0.08712131039295452,0.10534631039295461,1.0,0.1,0.1,0.1,0.0,0.1,0.1,0.0,0.0,0.1,0.0,0.0,0.1,0.0,0.0,0.0,1.0,0.0,0.1,0.0,0.1,0.1,0.0,0.1,0.1,0.1,0.0,0.0,0.0,0.1,0.1,1.0,1.0,0.0,0.0,1.0,1.0,1.0,1.0,0.0,0.0,1,1,0.1,1.0,0.1,0.0,0.1,0.0,1.0,0.0,1.0,1.0,0.0,1.0,0.030153689607045342,0.0,0.030153689607045342,0.003015368960704534,0.030153689607045342,0.03748043427159209,7.271827890102168e-19,7.271827890102168e-19,0.0,1.0,1.6,0,0,0,1,C3R,0.0,0.0,0.0778112500000001,0.1,1.0,0.0,0.0,0.0,0.0778112500000001
phaseflip,mixed_pauli,0.05,4,1.0,0.1,10,qiskit_aer,1,1,0.9161756249999999,0.13710633680555556,1.0,0.5,0.0,0.8,0.0,1.0,0.0778112500000001,0.027375707011417928,0.06810625000000037,0.06674375000000005,0.08767187499999998,0.04362718750000001,0.04322499999999985,1.0,1.0,0.1,0.0,0.0,0.0,0.0,0.8,0.12820756039295444,0.01975871856611656,0.1315900603929544,0.11405724789295452,0.14432599789295447,0.09737006039295446,0.08931506039295445,1.0,1.0,0.0,0.0,0.0,0.0,0.0,0.8,0.0778112500000001,0.027375707011417928,0.06810625000000037,0.06674375000000005,0.08767187499999998,0.04362718750000001,0.04322499999999985,1.0,1.0,0.1,0.0,0.0,0.0,0.0,0.8,0.0,0.05341167935365889,0.5341167935365889,0.08712131039295452,0.10534631039295461,0.0778112500000001,0.027375707011417928,0.06810625000000037,0.06674375000000005,0.08767187499999998,0.04362718750000001,0.04322499999999985,1.0,1.0,0.1,0.0,0.0,0.0,0.0,0.8,0.0,0.05341167935365889,0.5341167935365889,0.08712131039295452,0.10534631039295461,0.0778112500000001,0.027375707011417928,0.06810625000000037,0.06674375000000005,0.08767187499999998,0.04362718750000001,0.04322499999999985,1.0,1.0,0.1,0.0,0.0,0.0,0.0,0.8,0.0,0.05341167935365889,0.5341167935365889,0.08712131039295452,0.10534631039295461,0.0778112500000001,0.027375707011417928,0.06810625000000037,0.06674375000000005,0.08767187499999998,0.04362718750000001,0.04322499999999985,1.0,1.0,0.1,0.0,0.0,0.0,0.0,0.8,0.0,0.05341167935365889,0.5341167935365889,0.08712131039295452,0.10534631039295461,1.0,0.0,0.0,0.0,0.0,0.0,0.0,1.0,0.0,0.0,1.0,0.0,0.0,1.0,0.0,0.0,1.0,0.0,0.0,0.0,0.0,0.0,0.0,0.0,0.0,0.0,0.0,0.0,0.0,0.0,0.0,1.0,1.0,0.0,0.0,0.0,0.0,0.0,0.0,0.0,0.0,0,0,0.0,0.0,0.0,0.0,0.0,0.0,0.0,0.0,0.0,0.0,0.0,1.0,0.0,0.0,0.0,0.0,0.0,-0.13710633657153382,0.0,0.0,0.0,1.0,1.7000000000000002,0,0,0,0,C1,0.0,0.0,0.0778112500000001,0.1,1.0,0.0,0.0,0.0,0.0778112500000001
phaseflip,mixed_pauli,0.1,2,0.0,0.0,10,qiskit_aer,1,1,0.92575,0.92575,0.0,0.0,0.5,0.5,0.0,0.0,0.06925,0.04361837342221746,0.09000000000000025,0.0449999999999999,0.0900000000000003,-2.220446049250313e-16,-2.220446049250313e-16,1.0,0.8,0.2,0.2,0.0,0.4,0.4,0.4,0.1350963103929544,0.029505296134761966,0.14984631039295437,0.11484631039295445,0.15984631039295435,0.08872131039295435,0.06734631039295436,1.0,1.0,0.0,0.0,0.0,0.5,0.5,0.5,0.08020389311788637,0.04473614962492923,0.0900000000000003,0.07300973279471581,0.10863473279471583,-2.220446049250313e-16,-2.220446049250313e-16,1.0,1.0,0.1,0.0,0.0,0.5,0.5,0.5,0.0,0.060923155196477084,0.6092315519647709,0.1498463103929546,0.1498463103929546,0.0732192620785909,0.04423188571730275,0.09000000000000025,0.05058657759823845,0.0900000000000003,-2.220446049250313e-16,-2.220446049250313e-16,1.0,1.0,0.1,0.0,0.0,0.5,0.5,0.5,0.0,0.06790778623577254,0.6790778623577254,0.1498463103929546,0.1498463103929546,0.0732192620785909,0.04423188571730275,0.09000000000000025,0.05058657759823845,0.0900000000000003,-2.220446049250313e-16,-2.220446049250313e-16,1.0,1.0,0.1,0.0,0.0,0.5,0.5,0.5,0.0,0.06790778623577254,0.6790778623577254,0.1498463103929546,0.1498463103929546,0.0732192620785909,0.04423188571730275,0.09000000000000025,0.05058657759823845,0.0900000000000003,-2.220446049250313e-16,-2.220446049250313e-16,1.0,1.0,0.1,0.0,0.0,0.5,0.5,0.5,0.0,0.06790778623577254,0.6790778623577254,0.1498463103929546,0.1498463103929546,1.0,0.3,0.2,0.2,0.2,0.0,0.3,1.0,0.3333333333333333,0.2,1.0,0.2222222222222222,0.2,1.0,0.2222222222222222,0.2,1.0,0.2222222222222222,0.2,0.1,0.2,0.2,0.2,0.2,0.2,0.0,0.0,0.0,0.0,0.2,0.2,1.0,1.0,1.0,0.2,1.0,1.0,1.0,1.0,1.0,1.0,2,0,0.0,0.0,0.1,0.1,0.0,0.0,0.0,0.0,0.0,0.0,0.0,1.0,0.0,0.0,0.0,0.0,0.0,-0.5257499998244923,0.01914153369324158,0.01914153369324158,0.0,0.0,0.0,0,0,0,0,C1,0.0,0.0,0.08020389311788637,0.1,1.0,0.3,0.0,0.0,0.08020389311788637
phaseflip,mixed_pauli,0.1,2,0.0,0.03,10,qiskit_aer,1,1,0.92575,0.7628611111111111,0.09999999999999999,0.0,0.2,0.5,0.0,0.0,0.06925000000000003,0.043618373422217444,0.09000000000000025,0.04500000000000007,0.0900000000000003,-2.220446049250313e-16,-2.220446049250313e-16,1.0,1.0,0.2,0.0,0.0,0.1,0.1,0.4,0.1350963103929544,0.029505296134761966,0.14984631039295437,0.11484631039295445,0.15984631039295435,0.08872131039295435,0.06734631039295436,1.0,1.0,0.0,0.0,0.0,0.2,0.2,0.5,0.0662346310392955,0.04259138649354848,0.07867315519647727,0.04500000000000007,0.0900000000000003,-2.220446049250313e-16,-2.220446049250313e-16,1.0,1.0,0.1,0.0,0.0,0.2,0.2,0.5,0.0,0.07489241727506794,0.7489241727506795,0.1498463103929546,0.1498463103929546,0.06925000000000003,0.043618373422217444,0.09000000000000025,0.04500000000000007,0.0900000000000003,-2.220446049250313e-16,-2.220446049250313e-16,1.0,1.0,0.2,0.0,0.0,0.1,0.1,0.4,0.0,0.07187704831436341,0.7187704831436341,0.1498463103929546,0.1498463103929546,0.06925000000000003,0.043618373422217444,0.09000000000000025,0.04500000000000007,0.0900000000000003,-2.220446049250313e-16,-2.220446049250313e-16,1.0,1.0,0.2,0.0,0.0,0.1,0.1,0.4,0.0,0.07187704831436341,0.7187704831436341,0.1498463103929546,0.1498463103929546,0.06925000000000003,0.043618373422217444,0.09000000000000025,0.04500000000000007,0.0900000000000003,-2.220446049250313e-16,-2.220446049250313e-16,1.0,1.0,0.2,0.0,0.0,0.1,0.1,0.4,0.0,0.07187704831436341,0.7187704831436341,0.1498463103929546,0.1498463103929546,1.0,0.1,0.0,0.0,0.0,0.0,0.1,0.5,0.0,0.0,1.0,0.0,0.0,1.0,0.0,0.0,1.0,0.0,0.0,0.1,0.0,0.0,0.0,0.0,0.0,0.0,0.0,0.0,0.0,0.0,0.0,1.0,1.0,1.0,0.0,0.0,0.0,0.0,0.0,0.0,0.0,0,0,0.0,0.0,0.0,0.0,0.0,0.0,0.0,0.0,0.0,0.0,0.0,1.0,0.0,0.0,0.0,0.0,0.0,-0.7628611109420853,0.0,0.0,0.0,0.06,0.06,0,0,0,0,C2,0.0,0.0,0.06925000000000003,0.2,1.0,0.0,0.0,0.0,0.06925000000000003
phaseflip,mixed_pauli,0.1,2,0.0,0.05,10,qiskit_aer,1,1,0.92575,0.6789444444444445,0.18888888888888888,0.0,0.0,0.5,0.0,0.0,0.06925000000000006,0.04361837342221743,0.09000000000000025,0.04500000000000012,0.0900000000000003,-2.220446049250313e-16,-2.220446049250313e-16,1.0,0.8,0.2,0.0,0.0,0.0,0.0,0.4,0.1350963103929544,0.029505296134761966,0.14984631039295437,0.11484631039295445,0.15984631039295435,0.08872131039295435,0.06734631039295436,1.0,1.0,0.0,0.0,0.0,0.0,0.0,0.5,0.07321926207859093,0.04423188571730273,0.09000000000000025,0.05058657759823862,0.0900000000000003,-2.220446049250313e-16,-2.220446049250313e-16,1.0,1.0,0.1,0.0,0.0,0.0,0.0,0.5,0.0,0.06790778623577251,0.6790778623577252,0.1498463103929546,0.1498463103929546,0.07321926207859093,0.04423188571730273,0.09000000000000025,0.05058657759823862,0.0900000000000003,-2.220446049250313e-16,-2.220446049250313e-16,1.0,1.0,0.1,0.0,0.0,0.0,0.0,0.5,0.0,0.06790778623577251,0.6790778623577252,0.1498463103929546,0.1498463103929546,0.07321926207859093,0.04423188571730273,0.09000000000000025,0.05058657759823862,0.0900000000000003,-2.220446049250313e-16,-2.220446049250313e-16,1.0,1.0,0.1,0.0,0.0,0.0,0.0,0.5,0.0,0.06790778623577251,0.6790778623577252,0.1498463103929546,0.1498463103929546,0.07321926207859093,0.04423188571730273,0.09000000000000025,0.05058657759823862,0.0900000000000003,-2.220446049250313e-16,-2.220446049250313e-16,1.0,1.0,0.1,0.0,0.0,0.0,0.0,0.5,0.0,0.06790778623577251,0.6790778623577252,0.1498463103929546,0.1498463103929546,1.0,0.2,0.2,0.2,0.2,0.0,0.2,0.5,0.125,0.2,0.5,0.125,0.2,0.5,0.125,0.2,0.5,0.125,0.2,0.0,0.2,0.2,0.2,0.2,0.2,0.0,0.0,0.0,0.0,0.2,0.2,1.0,1.0,1.0,0.2,1.0,1.0,1.0,1.0,1.0,1.0,2,0,0.0,0.0,0.1,0.1,0.0,0.0,0.0,0.0,0.0,0.0,0.0,1.0,0.0,0.0,0.0,0.0,0.0,-0.2789444442544646,0.008495877083870586,0.008495877083870586,0.0,0.1,0.1,0,0,0,0,C1,0.0,0.0,0.07321926207859093,0.1,1.0,0.2,0.0,0.0,0.07321926207859093
phaseflip,mixed_pauli,0.1,2,0.0,0.1,10,qiskit_aer,1,1,0.92575,0.56825,0.3333333333333333,0.0,0.0,0.5,0.0,0.0,0.06925000000000003,0.043618373422217444,0.09000000000000025,0.04500000000000007,0.0900000000000003,-2.220446049250313e-16,-2.220446049250313e-16,1.0,0.8,0.2,0.0,0.0,0.0,0.0,0.4,0.1350963103929544,0.029505296134761966,0.14984631039295437,0.11484631039295445,0.15984631039295435,0.08872131039295435,0.06734631039295436,1.0,1.0,0.0,0.0,0.0,0.0,0.0,0.5,0.07321926207859093,0.04423188571730273,0.09000000000000025,0.05058657759823862,0.0900000000000003,-2.220446049250313e-16,-2.220446049250313e-16,1.0,1.0,0.1,0.0,0.0,0.0,0.0,0.5,0.0,0.06790778623577251,0.6790778623577252,0.1498463103929546,0.1498463103929546,0.07321926207859093,0.04423188571730273,0.09000000000000025,0.05058657759823862,0.0900000000000003,-2.220446049250313e-16,-2.220446049250313e-16,1.0,1.0,0.1,0.0,0.0,0.0,0.0,0.5,0.0,0.06790778623577251,0.6790778623577252,0.1498463103929546,0.1498463103929546,0.07321926207859093,0.04423188571730273,0.09000000000000025,0.05058657759823862,0.0900000000000003,-2.220446049250313e-16,-2.220446049250313e-16,1.0,1.0,0.1,0.0,0.0,0.0,0.0,0.5,0.0,0.06790778623577251,0.6790778623577252,0.1498463103929546,0.1498463103929546,0.07321926207859093,0.04423188571730273,0.09000000000000025,0.05058657759823862,0.0900000000000003,-2.220446049250313e-16,-2.220446049250313e-16,1.0,1.0,0.1,0.0,0.0,0.0,0.0,0.5,0.0,0.06790778623577251,0.6790778623577252,0.1498463103929546,0.1498463103929546,1.0,0.2,0.2,0.2,0.2,0.0,0.2,0.5,0.125,0.2,0.5,0.125,0.2,0.5,0.125,0.2,0.5,0.125,0.2,0.0,0.2,0.2,0.2,0.2,0.2,0.0,0.0,0.0,0.0,0.2,0.2,1.0,1.0,1.0,0.2,1.0,1.0,1.0,1.0,1.0,1.0,2,0,0.0,0.0,0.1,0.1,0.0,0.0,0.0,0.0,0.0,0.0,0.0,1.0,0.0,0.0,0.0,0.0,0.0,-0.16824999983792338,0.0003539416742845664,0.0003539416742845664,0.0,0.2,0.2,0,0,0,0,C1,0.0,0.0,0.07321926207859093,0.1,1.0,0.2,0.0,0.0,0.07321926207859093
phaseflip,mixed_pauli,0.1,2,0.25,0.0,10,qiskit_aer,1,1,0.92575,0.6914583333333333,0.2222222222222222,0.11111111111111113,0.1,0.5,0.0,0.9,0.06925,0.04361837342221746,0.09000000000000025,0.0449999999999999,0.0900000000000003,-2.220446049250313e-16,-2.220446049250313e-16,1.0,1.0,0.2,0.0,0.0,0.1,0.1,0.4,0.1350963103929544,0.029505296134761966,0.14984631039295437,0.11484631039295445,0.15984631039295435,0.08872131039295435,0.06734631039295436,1.0,1.0,0.0,0.0,0.0,0.1,0.1,0.5,0.06925,0.04361837342221746,0.09000000000000025,0.0449999999999999,0.0900000000000003,-2.220446049250313e-16,-2.220446049250313e-16,1.0,1.0,0.2,0.0,0.0,0.1,0.1,0.4,0.0,0.07187704831436344,0.7187704831436343,0.1498463103929546,0.1498463103929546,0.06925,0.04361837342221746,0.09000000000000025,0.0449999999999999,0.0900000000000003,-2.220446049250313e-16,-2.220446049250313e-16,1.0,1.0,0.2,0.0,0.0,0.1,0.1,0.4,0.0,0.07187704831436344,0.7187704831436343,0.1498463103929546,0.1498463103929546,0.06925,0.04361837342221746,0.09000000000000025,0.0449999999999999,0.0900000000000003,-2.220446049250313e-16,-2.220446049250313e-16,1.0,1.0,0.2,0.0,0.0,0.1,0.1,0.4,0.0,0.07187704831436344,0.7187704831436343,0.1498463103929546,0.1498463103929546,0.06925,0.04361837342221746,0.09000000000000025,0.0449999999999999,0.0900000000000003,-2.220446049250313e-16,-2.220446049250313e-16,1.0,1.0,0.2,0.0,0.0,0.1,0.1,0.4,0.0,0.07187704831436344,0.7187704831436343,0.1498463103929546,0.1498463103929546,1.0,0.0,0.0,0.0,0.0,0.0,0.0,1.0,0.0,0.0,1.0,0.0,0.0,1.0,0.0,0.0,1.0,0.0,0.0,0.0,0.0,0.0,0.0,0.0,0.0,0.0,0.0,0.0,0.0,0.0,0.0,1.0,1.0,1.0,0.0,0.0,0.0,0.0,0.0,0.0,0.0,0,0,0.0,0.0,0.0,0.0,0.0,0.0,0.0,0.0,0.0,0.0,0.0,1.0,0.0,0.0,0.0,0.0,0.0,-0.6914583331586416,0.0,0.0,0.0,0.36111111111111116,0.36111111111111116,0,0,0,0,C1,0.0,0.0,0.06925,0.2,1.0,0.0,0.0,0.0,0.06925
phaseflip,mixed_pauli,0.1,2,0.25,0.03,10,qiskit_aer,1,1,0.92575,0.6347361111111111,0.3,0.11111111111111113,0.1,0.5,0.0,0.9,0.06925,0.04361837342221746,0.09000000000000025,0.0449999999999999,0.0900000000000003,-2.220446049250313e-16,-2.220446049250313e-16,1.0,0.8,0.2,0.0,0.0,0.1,0.1,0.4,0.1350963103929544,0.029505296134761966,0.14984631039295437,0.11484631039295445,0.15984631039295435,0.08872131039295435,0.06734631039295436,1.0,1.0,0.0,0.0,0.0,0.1,0.1,0.5,0.0732192620785909,0.04423188571730275,0.09000000000000025,0.05058657759823845,0.0900000000000003,-2.220446049250313e-16,-2.220446049250313e-16,1.0,1.0,0.1,0.0,0.0,0.1,0.1,0.5,0.0,0.06790778623577254,0.6790778623577254,0.1498463103929546,0.1498463103929546,0.0732192620785909,0.04423188571730275,0.09000000000000025,0.05058657759823845,0.0900000000000003,-2.220446049250313e-16,-2.220446049250313e-16,1.0,1.0,0.1,0.0,0.0,0.1,0.1,0.5,0.0,0.06790778623577254,0.6790778623577254,0.1498463103929546,0.1498463103929546,0.0732192620785909,0.04423188571730275,0.09000000000000025,0.05058657759823845,0.0900000000000003,-2.220446049250313e-16,-2.220446049250313e-16,1.0,1.0,0.1,0.0,0.0,0.1,0.1,0.5,0.0,0.06790778623577254,0.6790778623577254,0.1498463103929546,0.1498463103929546,0.0732192620785909,0.04423188571730275,0.09000000000000025,0.05058657759823845,0.0900000000000003,-2.220446049250313e-16,-2.220446049250313e-16,1.0,1.0,0.1,0.0,0.0,0.1,0.1,0.5,0.0,0.06790778623577254,0.6790778623577254,0.1498463103929546,0.1498463103929546,1.0,0.2,0.2,0.2,0.2,0.0,0.2,0.5,0.125,0.2,0.5,0.125,0.2,0.5,0.125,0.2,0.5,0.125,0.2,0.0,0.2,0.2,0.2,0.2,0.2,0.0,0.0,0.0,0.0,0.2,0.2,1.0,1.0,1.0,0.2,1.0,1.0,1.0,1.0,1.0,1.0,2,0,0.0,0.0,0.1,0.1,0.0,0.0,0.0,0.0,0.0,0.0,0.0,1.0,0.0,0.0,0.0,0.0,0.0,-0.23473611094449762,2.3156988781942703e-18,2.3156988781942703e-18,0.0,0.4211111111111112,0.4211111111111112,0,0,0,0,C1,0.0,0.0,0.0732192620785909,0.1,1.0,0.2,0.0,0.0,0.0732192620785909
phaseflip,mixed_pauli,0.1,2,0.25,0.05,10,qiskit_aer,1,1,0.92575,0.5666527777777778,0.36666666666666664,0.11111111111111113,0.0,0.5,0.0,0.9,0.06925000000000003,0.043618373422217444,0.09000000000000025,0.04500000000000007,0.0900000000000003,-2.220446049250313e-16,-2.220446049250313e-16,1.0,1.0,0.2,0.0,0.0,0.0,0.0,0.4,0.1350963103929544,0.029505296134761966,0.14984631039295437,0.11484631039295445,0.15984631039295435,0.08872131039295435,0.06734631039295436,1.0,1.0,0.0,0.0,0.0,0.0,0.0,0.5,0.06925000000000003,0.043618373422217444,0.09000000000000025,0.04500000000000007,0.0900000000000003,-2.220446049250313e-16,-2.220446049250313e-16,1.0,1.0,0.2,0.0,0.0,0.0,0.0,0.4,0.0,0.07187704831436341,0.7187704831436341,0.1498463103929546,0.1498463103929546,0.06925000000000003,0.043618373422217444,0.09000000000000025,0.04500000000000007,0.0900000000000003,-2.220446049250313e-16,-2.220446049250313e-16,1.0,1.0,0.2,0.0,0.0,0.0,0.0,0.4,0.0,0.07187704831436341,0.7187704831436341,0.1498463103929546,0.1498463103929546,0.06925000000000003,0.043618373422217444,0.09000000000000025,0.04500000000000007,0.0900000000000003,-2.220446049250313e-16,-2.220446049250313e-16,1.0,1.0,0.2,0.0,0.0,0.0,0.0,0.4,0.0,0.07187704831436341,0.7187704831436341,0.1498463103929546,0.1498463103929546,0.06925000000000003,0.043618373422217444,0.09000000000000025,0.04500000000000007,0.0900000000000003,-2.220446049250313e-16,-2.220446049250313e-16,1.0,1.0,0.2,0.0,0.0,0.0,0.0,0.4,0.0,0.07187704831436341,0.7187704831436341,0.1498463103929546,0.1498463103929546,1.0,0.0,0.0,0.0,0.0,0.0,0.0,1.0,0.0,0.0,1.0,0.0,0.0,1.0,0.0,0.0,1.0,0.0,0.0,0.0,0.0,0.0,0.0,0.0,0.0,0.0,0.0,0.0,0.0,0.0,0.0,1.0,1.0,1.0,0.0,0.0,0.0,0.0,0.0,0.0,0.0,0,0,0.0,0.0,0.0,0.0,0.0,0.0,0.0,0.0,0.0,0.0,0.0,1.0,0.0,0.0,0.0,0.0,0.0,-0.566652777591862,0.0,0.0,0.0,0.46111111111111114,0.46111111111111114,0,0,0,0,C1,0.0,0.0,0.06925000000000003,0.2,1.0,0.0,0.0,0.0,0.06925000000000003
phaseflip,mixed_pauli,0.1,2,0.25,0.1,10,qiskit_aer,1,1,0.92575,0.45845833333333336,0.5111111111111111,0.11111111111111113,0.0,0.5,0.0,0.9,0.06925,0.04361837342221746,0.09000000000000025,0.0449999999999999,0.0900000000000003,-2.220446049250313e-16,-2.220446049250313e-16,1.0,0.9,0.2,0.0,0.0,0.0,0.0,0.4,0.1350963103929544,0.029505296134761966,0.14984631039295437,0.11484631039295445,0.15984631039295435,0.08872131039295435,0.06734631039295436,1.0,1.0,0.0,0.0,0.0,0.0,0.0,0.5,0.06623463103929547,0.04259138649354849,0.07867315519647727,0.0449999999999999,0.0900000000000003,-2.220446049250313e-16,-2.220446049250313e-16,1.0,1.0,0.1,0.0,0.0,0.0,0.0,0.5,0.0,0.07489241727506797,0.7489241727506797,0.1498463103929546,0.1498463103929546,0.06623463103929547,0.04259138649354849,0.07867315519647727,0.0449999999999999,0.0900000000000003,-2.220446049250313e-16,-2.220446049250313e-16,1.0,1.0,0.1,0.0,0.0,0.0,0.0,0.5,0.0,0.07489241727506797,0.7489241727506797,0.1498463103929546,0.1498463103929546,0.06623463103929547,0.04259138649354849,0.07867315519647727,0.0449999999999999,0.0900000000000003,-2.220446049250313e-16,-2.220446049250313e-16,1.0,1.0,0.1,0.0,0.0,0.0,0.0,0.5,0.0,0.07489241727506797,0.7489241727506797,0.1498463103929546,0.1498463103929546,0.06623463103929547,0.04259138649354849,0.07867315519647727,0.0449999999999999,0.0900000000000003,-2.220446049250313e-16,-2.220446049250313e-16,1.0,1.0,0.1,0.0,0.0,0.0,0.0,0.5,0.0,0.07489241727506797,0.7489241727506797,0.1498463103929546,0.1498463103929546,1.0,0.1,0.1,0.1,0.1,0.0,0.1,0.5,0.0,0.1,0.5,0.0,0.1,0.5,0.0,0.1,0.5,0.0,0.1,0.0,0.1,0.1,0.1,0.1,0.1,0.0,0.0,0.0,0.0,0.1,0.1,1.0,1.0,1.0,0.1,1.0,1.0,1.0,1.0,1.0,1.0,1,0,0.0,0.0,0.1,0.0,0.0,0.0,0.0,0.0,0.0,0.0,0.0,1.0,0.0,0.0,0.0,0.0,0.0,-0.25845833317130656,0.00556297854266948,0.00556297854266948,0.0,0.5611111111111111,0.5611111111111111,0,0,0,0,C1,0.0,0.0,0.06623463103929547,0.1,1.0,0.1,0.0,0.0,0.06623463103929547
phaseflip,mixed_pauli,0.1,2,0.5,0.0,10,qiskit_aer,1,1,0.92575,0.5783611111111111,0.43333333333333335,0.21666666666666667,0.0,0.5,0.0,1.0,0.06925000000000003,0.043618373422217444,0.09000000000000025,0.04500000000000007,0.0900000000000003,-2.220446049250313e-16,-2.220446049250313e-16,1.0,0.8,0.2,0.0,0.0,0.0,0.0,0.4,0.1350963103929544,0.029505296134761966,0.14984631039295437,0.11484631039295445,0.15984631039295435,0.08872131039295435,0.06734631039295436,1.0,1.0,0.0,0.0,0.0,0.0,0.0,0.5,0.07321926207859093,0.04423188571730273,0.09000000000000025,0.05058657759823862,0.0900000000000003,-2.220446049250313e-16,-2.220446049250313e-16,1.0,1.0,0.1,0.0,0.0,0.0,0.0,0.5,0.0,0.06790778623577251,0.6790778623577252,0.1498463103929546,0.1498463103929546,0.07321926207859093,0.04423188571730273,0.09000000000000025,0.05058657759823862,0.0900000000000003,-2.220446049250313e-16,-2.220446049250313e-16,1.0,1.0,0.1,0.0,0.0,0.0,0.0,0.5,0.0,0.06790778623577251,0.6790778623577252,0.1498463103929546,0.1498463103929546,0.07321926207859093,0.04423188571730273,0.09000000000000025,0.05058657759823862,0.0900000000000003,-2.220446049250313e-16,-2.220446049250313e-16,1.0,1.0,0.1,0.0,0.0,0.0,0.0,0.5,0.0,0.06790778623577251,0.6790778623577252,0.1498463103929546,0.1498463103929546,0.07321926207859093,0.04423188571730273,0.09000000000000025,0.05058657759823862,0.0900000000000003,-2.220446049250313e-16,-2.220446049250313e-16,1.0,1.0,0.1,0.0,0.0,0.0,0.0,0.5,0.0,0.06790778623577251,0.6790778623577252,0.1498463103929546,0.1498463103929546,1.0,0.2,0.2,0.2,0.2,0.0,0.2,0.5,0.125,0.2,0.5,0.125,0.2,0.5,0.125,0.2,0.5,0.125,0.2,0.0,0.2,0.2,0.2,0.2,0.2,0.0,0.0,0.0,0.0,0.2,0.2,1.0,1.0,1.0,0.2,1.0,1.0,1.0,1.0,1.0,1.0,2,0,0.0,0.0,0.1,0.1,0.0,0.0,0.0,0.0,0.0,0.0,0.0,1.0,0.0,0.0,0.0,0.0,0.0,-0.17836111094164106,2.3156988781942745e-18,2.3156988781942745e-18,0.0,0.7166666666666667,0.7166666666666667,0,0,0,0,C1,0.0,0.0,0.07321926207859093,0.1,1.0,0.2,0.0,0.0,0.07321926207859093
phaseflip,mixed_pauli,0.1,2,0.5,0.03,10,qiskit_aer,1,1,0.92575,0.5220555555555555,0.4888888888888889,0.21666666666666667,0.0,0.5,0.0,1.0,0.06925000000000003,0.043618373422217444,0.09000000000000025,0.04500000000000007,0.0900000000000003,-2.220446049250313e-16,-2.220446049250313e-16,1.0,0.9,0.2,0.0,0.0,0.0,0.0,0.4,0.1350963103929544,0.029505296134761966,0.14984631039295437,0.11484631039295445,0.15984631039295435,0.08872131039295435,0.06734631039295436,1.0,1.0,0.0,0.0,0.0,0.0,0.0,0.5,0.0662346310392955,0.04259138649354848,0.07867315519647727,0.04500000000000007,0.0900000000000003,-2.220446049250313e-16,-2.220446049250313e-16,1.0,1.0,0.1,0.0,0.0,0.0,0.0,0.5,0.0,0.07489241727506794,0.7489241727506795,0.1498463103929546,0.1498463103929546,0.0662346310392955,0.04259138649354848,0.07867315519647727,0.04500000000000007,0.0900000000000003,-2.220446049250313e-16,-2.220446049250313e-16,1.0,1.0,0.1,0.0,0.0,0.0,0.0,0.5,0.0,0.07489241727506794,0.7489241727506795,0.1498463103929546,0.1498463103929546,0.0662346310392955,0.04259138649354848,0.07867315519647727,0.04500000000000007,0.0900000000000003,-2.220446049250313e-16,-2.220446049250313e-16,1.0,1.0,0.1,0.0,0.0,0.0,0.0,0.5,0.0,0.07489241727506794,0.7489241727506795,0.1498463103929546,0.1498463103929546,0.0662346310392955,0.04259138649354848,0.07867315519647727,0.04500000000000007,0.0900000000000003,-2.220446049250313e-16,-2.220446049250313e-16,1.0,1.0,0.1,0.0,0.0,0.0,0.0,0.5,0.0,0.07489241727506794,0.7489241727506795,0.1498463103929546,0.1498463103929546,1.0,0.1,0.1,0.1,0.1,0.0,0.1,0.5,0.0,0.1,0.5,0.0,0.1,0.5,0.0,0.1,0.5,0.0,0.1,0.0,0.1,0.1,0.1,0.1,0.1,0.0,0.0,0.0,0.0,0.1,0.1,1.0,1.0,1.0,0.1,1.0,1.0,1.0,1.0,1.0,1.0,1,0,0.0,0.0,0.1,0.0,0.0,0.0,0.0,0.0,0.0,0.0,0.0,1.0,0.0,0.0,0.0,0.0,0.0,-0.3220555553865602,0.00556297854266948,0.00556297854266948,0.0,0.7766666666666667,0.7766666666666667,0,0,0,0,C1,0.0,0.0,0.0662346310392955,0.1,1.0,0.1,0.0,0.0,0.0662346310392955
phaseflip,mixed_pauli,0.1,2,0.5,0.05,10,qiskit_aer,1,1,0.92575,0.4623055555555555,0.5444444444444444,0.21666666666666667,0.0,0.5,0.0,1.0,0.06925,0.04361837342221746,0.09000000000000025,0.0449999999999999,0.0900000000000003,-2.220446049250313e-16,-2.220446049250313e-16,1.0,0.9,0.2,0.0,0.0,0.0,0.0,0.4,0.1350963103929544,0.029505296134761966,0.14984631039295437,0.11484631039295445,0.15984631039295435,0.08872131039295435,0.06734631039295436,1.0,1.0,0.0,0.0,0.0,0.0,0.0,0.5,0.06623463103929547,0.04259138649354849,0.07867315519647727,0.0449999999999999,0.0900000000000003,-2.220446049250313e-16,-2.220446049250313e-16,1.0,1.0,0.1,0.0,0.0,0.0,0.0,0.5,0.0,0.07489241727506797,0.7489241727506797,0.1498463103929546,0.1498463103929546,0.06623463103929547,0.04259138649354849,0.07867315519647727,0.0449999999999999,0.0900000000000003,-2.220446049250313e-16,-2.220446049250313e-16,1.0,1.0,0.1,0.0,0.0,0.0,0.0,0.5,0.0,0.07489241727506797,0.7489241727506797,0.1498463103929546,0.1498463103929546,0.06623463103929547,0.04259138649354849,0.07867315519647727,0.0449999999999999,0.0900000000000003,-2.220446049250313e-16,-2.220446049250313e-16,1.0,1.0,0.1,0.0,0.0,0.0,0.0,0.5,0.0,0.07489241727506797,0.7489241727506797,0.1498463103929546,0.1498463103929546,0.06623463103929547,0.04259138649354849,0.07867315519647727,0.0449999999999999,0.0900000000000003,-2.220446049250313e-16,-2.220446049250313e-16,1.0,1.0,0.1,0.0,0.0,0.0,0.0,0.5,0.0,0.07489241727506797,0.7489241727506797,0.1498463103929546,0.1498463103929546,1.0,0.1,0.1,0.1,0.1,0.0,0.1,0.5,0.0,0.1,0.5,0.0,0.1,0.5,0.0,0.1,0.5,0.0,0.1,0.0,0.1,0.1,0.1,0.1,0.1,0.0,0.0,0.0,0.0,0.1,0.1,1.0,1.0,1.0,0.1,1.0,1.0,1.0,1.0,1.0,1.0,1,0,0.0,0.0,0.1,0.0,0.0,0.0,0.0,0.0,0.0,0.0,0.0,1.0,0.0,0.0,0.0,0.0,0.0,-0.26230555537631545,0.0032868402154856554,0.0032868402154856554,0.0,0.8166666666666668,0.8166666666666668,0,0,0,0,C1,0.0,0.0,0.06623463103929547,0.1,1.0,0.1,0.0,0.0,0.06623463103929547
phaseflip,mixed_pauli,0.1,2,0.5,0.1,10,qiskit_aer,1,1,0.92575,0.3691111111111111,0.6555555555555556,0.21666666666666667,0.0,0.5,0.0,1.0,0.06925,0.04361837342221746,0.09000000000000025,0.0449999999999999,0.0900000000000003,-2.220446049250313e-16,-2.220446049250313e-16,1.0,0.9,0.2,0.0,0.0,0.0,0.0,0.4,0.1350963103929544,0.029505296134761966,0.14984631039295437,0.11484631039295445,0.15984631039295435,0.08872131039295435,0.06734631039295436,1.0,1.0,0.0,0.0,0.0,0.0,0.0,0.5,0.06623463103929547,0.04259138649354849,0.07867315519647727,0.0449999999999999,0.0900000000000003,-2.220446049250313e-16,-2.220446049250313e-16,1.0,1.0,0.1,0.0,0.0,0.0,0.0,0.5,0.0,0.07489241727506797,0.7489241727506797,0.1498463103929546,0.1498463103929546,0.06623463103929547,0.04259138649354849,0.07867315519647727,0.0449999999999999,0.0900000000000003,-2.220446049250313e-16,-2.220446049250313e-16,1.0,1.0,0.1,0.0,0.0,0.0,0.0,0.5,0.0,0.07489241727506797,0.7489241727506797,0.1498463103929546,0.1498463103929546,0.06623463103929547,0.04259138649354849,0.07867315519647727,0.0449999999999999,0.0900000000000003,-2.220446049250313e-16,-2.220446049250313e-16,1.0,1.0,0.1,0.0,0.0,0.0,0.0,0.5,0.0,0.07489241727506797,0.7489241727506797,0.1498463103929546,0.1498463103929546,0.06623463103929547,0.04259138649354849,0.07867315519647727,0.0449999999999999,0.0900000000000003,-2.220446049250313e-16,-2.220446049250313e-16,1.0,1.0,0.1,0.0,0.0,0.0,0.0,0.5,0.0,0.07489241727506797,0.7489241727506797,0.1498463103929546,0.1498463103929546,1.0,0.1,0.1,0.1,0.1,0.0,0.1,0.5,0.0,0.1,0.5,0.0,0.1,0.5,0.0,0.1,0.5,0.0,0.1,0.0,0.1,0.1,0.1,0.1,0.1,0.0,0.0,0.0,0.0,0.1,0.1,1.0,1.0,0.9,0.1,1.0,1.0,1.0,1.0,1.0,1.0,1,0,0.0,0.0,0.1,0.0,0.0,0.0,0.0,0.0,0.0,0.0,0.0,1.0,0.0,0.0,0.0,0.0,0.0,-0.1691111109363106,0.0032868402154856554,0.0032868402154856554,0.0,0.9133333333333333,0.9166666666666666,0,0,0,0,C1,0.0,0.0,0.06623463103929547,0.1,1.0,0.1,0.0,0.0,0.06623463103929547
phaseflip,mixed_pauli,0.1,2,0.75,0.0,10,qiskit_aer,1,1,0.92575,0.42,0.7,0.35,0.0,0.5,0.0,1.0,0.06925000000000003,0.043618373422217444,0.09000000000000025,0.04500000000000007,0.0900000000000003,-2.220446049250313e-16,-2.220446049250313e-16,1.0,0.9,0.2,0.0,0.0,0.0,0.0,0.4,0.1350963103929544,0.029505296134761966,0.14984631039295437,0.11484631039295445,0.15984631039295435,0.08872131039295435,0.06734631039295436,1.0,1.0,0.0,0.0,0.0,0.0,0.0,0.5,0.0662346310392955,0.04259138649354848,0.07867315519647727,0.04500000000000007,0.0900000000000003,-2.220446049250313e-16,-2.220446049250313e-16,1.0,1.0,0.1,0.0,0.0,0.0,0.0,0.5,0.0,0.07489241727506794,0.7489241727506795,0.1498463103929546,0.1498463103929546,0.0662346310392955,0.04259138649354848,0.07867315519647727,0.04500000000000007,0.0900000000000003,-2.220446049250313e-16,-2.220446049250313e-16,1.0,1.0,0.1,0.0,0.0,0.0,0.0,0.5,0.0,0.07489241727506794,0.7489241727506795,0.1498463103929546,0.1498463103929546,0.0662346310392955,0.04259138649354848,0.07867315519647727,0.04500000000000007,0.0900000000000003,-2.220446049250313e-16,-2.220446049250313e-16,1.0,1.0,0.1,0.0,0.0,0.0,0.0,0.5,0.0,0.07489241727506794,0.7489241727506795,0.1498463103929546,0.1498463103929546,0.06925000000000003,0.043618373422217444,0.09000000000000025,0.04500000000000007,0.0900000000000003,-2.220446049250313e-16,-2.220446049250313e-16,1.0,0.9,0.2,0.0,0.0,0.0,0.0,0.4,0.016208635152040473,0.07187704831436341,0.7187704831436341,0.1498463103929546,0.1498463103929546,1.0,0.1,0.1,0.1,0.0,0.1,0.1,0.5,0.0,0.1,0.5,0.0,0.1,0.5,0.0,0.0,1.0,0.0,0.1,0.0,0.1,0.1,0.0,0.1,0.1,0.1,0.0,0.0,0.0,0.1,0.1,1.0,1.0,0.0,0.0,1.0,1.0,1.0,1.0,0.0,0.0,1,1,0.1,1.0,0.1,0.0,0.1,0.0,1.0,0.0,1.0,1.0,0.0,1.0,0.030153689607045342,0.0,0.030153689607045342,0.003015368960704534,0.030153689607045342,-0.21999999981327734,0.016208635152040473,0.016208635152040473,0.0,1.0,1.1,0,0,0,1,C3R,0.0,0.0,0.06925000000000003,0.2,1.0,0.0,0.0,0.0,0.06925000000000003
phaseflip,mixed_pauli,0.1,2,0.75,0.03,10,qiskit_aer,1,1,0.92575,0.37869444444444444,0.7333333333333333,0.35,0.0,0.5,0.0,1.0,0.06925,0.04361837342221746,0.09000000000000025,0.0449999999999999,0.0900000000000003,-2.220446049250313e-16,-2.220446049250313e-16,1.0,0.9,0.2,0.0,0.0,0.0,0.0,0.4,0.1350963103929544,0.029505296134761966,0.14984631039295437,0.11484631039295445,0.15984631039295435,0.08872131039295435,0.06734631039295436,1.0,1.0,0.0,0.0,0.0,0.0,0.0,0.5,0.06623463103929547,0.04259138649354849,0.07867315519647727,0.0449999999999999,0.0900000000000003,-2.220446049250313e-16,-2.220446049250313e-16,1.0,1.0,0.1,0.0,0.0,0.0,0.0,0.5,0.0,0.07489241727506797,0.7489241727506797,0.1498463103929546,0.1498463103929546,0.06623463103929547,0.04259138649354849,0.07867315519647727,0.0449999999999999,0.0900000000000003,-2.220446049250313e-16,-2.220446049250313e-16,1.0,1.0,0.1,0.0,0.0,0.0,0.0,0.5,0.0,0.07489241727506797,0.7489241727506797,0.1498463103929546,0.1498463103929546,0.06623463103929547,0.04259138649354849,0.07867315519647727,0.0449999999999999,0.0900000000000003,-2.220446049250313e-16,-2.220446049250313e-16,1.0,1.0,0.1,0.0,0.0,0.0,0.0,0.5,0.0,0.07489241727506797,0.7489241727506797,0.1498463103929546,0.1498463103929546,0.06925,0.04361837342221746,0.09000000000000025,0.0449999999999999,0.0900000000000003,-2.220446049250313e-16,-2.220446049250313e-16,1.0,0.9,0.2,0.0,0.0,0.0,0.0,0.4,0.0137049139522555,0.07187704831436344,0.7187704831436343,0.1498463103929546,0.1498463103929546,1.0,0.1,0.1,0.1,0.0,0.1,0.1,0.5,0.0,0.1,0.5,0.0,0.1,0.5,0.0,0.0,1.0,0.0,0.1,0.0,0.1,0.1,0.0,0.1,0.1,0.1,0.0,0.0,0.0,0.1,0.1,1.0,1.0,0.0,0.0,1.0,1.0,1.0,1.0,0.0,0.0,1,1,0.1,1.0,0.1,0.0,0.1,0.0,1.0,0.0,1.0,1.0,0.0,1.0,0.030153689607045342,0.0,0.030153689607045342,0.003015368960704534,0.030153689607045342,-0.17869444425784325,0.0137049139522555,0.0137049139522555,0.0,1.0,1.1600000000000001,0,0,0,1,C3R,0.0,0.0,0.06925,0.2,1.0,0.0,0.0,0.0,0.06925
phaseflip,mixed_pauli,0.1,2,0.75,0.05,10,qiskit_aer,1,1,0.92575,0.3268611111111111,0.7777777777777778,0.35,0.0,0.5,0.0,1.0,0.06925000000000003,0.043618373422217444,0.09000000000000025,0.04500000000000007,0.0900000000000003,-2.220446049250313e-16,-2.220446049250313e-16,1.0,0.9,0.2,0.0,0.0,0.0,0.0,0.4,0.1350963103929544,0.029505296134761966,0.14984631039295437,0.11484631039295445,0.15984631039295435,0.08872131039295435,0.06734631039295436,1.0,1.0,0.0,0.0,0.0,0.0,0.0,0.5,0.0662346310392955,0.04259138649354848,0.07867315519647727,0.04500000000000007,0.0900000000000003,-2.220446049250313e-16,-2.220446049250313e-16,1.0,1.0,0.1,0.0,0.0,0.0,0.0,0.5,0.0,0.07489241727506794,0.7489241727506795,0.1498463103929546,0.1498463103929546,0.0662346310392955,0.04259138649354848,0.07867315519647727,0.04500000000000007,0.0900000000000003,-2.220446049250313e-16,-2.220446049250313e-16,1.0,1.0,0.1,0.0,0.0,0.0,0.0,0.5,0.0,0.07489241727506794,0.7489241727506795,0.1498463103929546,0.1498463103929546,0.0662346310392955,0.04259138649354848,0.07867315519647727,0.04500000000000007,0.0900000000000003,-2.220446049250313e-16,-2.220446049250313e-16,1.0,1.0,0.1,0.0,0.0,0.0,0.0,0.5,0.0,0.07489241727506794,0.7489241727506795,0.1498463103929546,0.1498463103929546,0.06925000000000003,0.043618373422217444,0.09000000000000025,0.04500000000000007,0.0900000000000003,-2.220446049250313e-16,-2.220446049250313e-16,1.0,0.9,0.2,0.0,0.0,0.0,0.0,0.4,0.008495877083870586,0.07187704831436341,0.7187704831436341,0.1498463103929546,0.1498463103929546,1.0,0.1,0.1,0.1,0.0,0.1,0.1,0.5,0.0,0.1,0.5,0.0,0.1,0.5,0.0,0.0,1.0,0.0,0.1,0.0,0.1,0.1,0.0,0.1,0.1,0.1,0.0,0.0,0.0,0.1,0.1,1.0,1.0,0.0,0.0,1.0,1.0,1.0,1.0,0.0,0.0,1,1,0.1,1.0,0.1,0.0,0.1,0.0,1.0,0.0,1.0,1.0,0.0,1.0,0.030153689607045342,0.0,0.030153689607045342,0.003015368960704534,0.030153689607045342,-0.1268611109213945,0.008495877083870586,0.008495877083870586,0.0,1.0,1.2000000000000002,0,0,0,1,C3R,0.0,0.0,0.06925000000000003,0.2,1.0,0.0,0.0,0.0,0.06925000000000003
phaseflip,mixed_pauli,0.1,2,0.75,0.1,10,qiskit_aer,1,1,0.92575,0.25924305555555555,0.8555555555555555,0.35,0.0,0.5,0.0,1.0,0.06925,0.04361837342221746,0.09000000000000025,0.0449999999999999,0.0900000000000003,-2.220446049250313e-16,-2.220446049250313e-16,1.0,0.9,0.2,0.0,0.0,0.0,0.0,0.4,0.1350963103929544,0.029505296134761966,0.14984631039295437,0.11484631039295445,0.15984631039295435,0.08872131039295435,0.06734631039295436,1.0,1.0,0.0,0.0,0.0,0.0,0.0,0.5,0.06623463103929547,0.04259138649354849,0.07867315519647727,0.0449999999999999,0.0900000000000003,-2.220446049250313e-16,-2.220446049250313e-16,1.0,1.0,0.1,0.0,0.0,0.0,0.0,0.5,0.0,0.07489241727506797,0.7489241727506797,0.1498463103929546,0.1498463103929546,0.06623463103929547,0.04259138649354849,0.07867315519647727,0.0449999999999999,0.0900000000000003,-2.220446049250313e-16,-2.220446049250313e-16,1.0,1.0,0.1,0.0,0.0,0.0,0.0,0.5,0.0,0.07489241727506797,0.7489241727506797,0.1498463103929546,0.1498463103929546,0.06623463103929547,0.04259138649354849,0.07867315519647727,0.0449999999999999,0.0900000000000003,-2.220446049250313e-16,-2.220446049250313e-16,1.0,1.0,0.1,0.0,0.0,0.0,0.0,0.5,0.0,0.07489241727506797,0.7489241727506797,0.1498463103929546,0.1498463103929546,0.06925,0.04361837342221746,0.09000000000000025,0.0449999999999999,0.0900000000000003,-2.220446049250313e-16,-2.220446049250313e-16,1.0,0.9,0.2,0.0,0.0,0.0,0.0,0.4,0.00556297854266948,0.07187704831436344,0.7187704831436343,0.1498463103929546,0.1498463103929546,1.0,0.1,0.1,0.1,0.0,0.1,0.1,0.5,0.0,0.1,0.5,0.0,0.1,0.5,0.0,0.0,1.0,0.0,0.1,0.0,0.1,0.1,0.0,0.1,0.1,0.1,0.0,0.0,0.0,0.1,0.1,1.0,1.0,0.0,0.0,1.0,1.0,1.0,1.0,0.0,0.0,1,1,0.1,1.0,0.1,0.0,0.1,0.0,1.0,0.0,1.0,1.0,0.0,1.0,0.030153689607045342,0.0,0.030153689607045342,0.003015368960704534,0.030153689607045342,-0.05924305537825076,0.00556297854266948,0.00556297854266948,0.0,1.0,1.3,0,0,0,1,C3R,0.0,0.0,0.06925,0.2,1.0,0.0,0.0,0.0,0.06925
phaseflip,mixed_pauli,0.1,2,1.0,0.0,10,qiskit_aer,1,1,0.92575,0.2189375,1.0,0.5,0.0,0.5,0.0,1.0,0.06925000000000003,0.043618373422217444,0.09000000000000025,0.04500000000000007,0.0900000000000003,-2.220446049250313e-16,-2.220446049250313e-16,1.0,0.8,0.2,0.0,0.0,0.0,0.0,0.4,0.1350963103929544,0.029505296134761966,0.14984631039295437,0.11484631039295445,0.15984631039295435,0.08872131039295435,0.06734631039295436,1.0,1.0,0.0,0.0,0.0,0.0,0.0,0.5,0.07321926207859093,0.04423188571730273,0.09000000000000025,0.05058657759823862,0.0900000000000003,-2.220446049250313e-16,-2.220446049250313e-16,1.0,1.0,0.1,0.0,0.0,0.0,0.0,0.5,0.0,0.06790778623577251,0.6790778623577252,0.1498463103929546,0.1498463103929546,0.07321926207859093,0.04423188571730273,0.09000000000000025,0.05058657759823862,0.0900000000000003,-2.220446049250313e-16,-2.220446049250313e-16,1.0,1.0,0.1,0.0,0.0,0.0,0.0,0.5,0.0,0.06790778623577251,0.6790778623577252,0.1498463103929546,0.1498463103929546,0.07321926207859093,0.04423188571730273,0.09000000000000025,0.05058657759823862,0.0900000000000003,-2.220446049250313e-16,-2.220446049250313e-16,1.0,1.0,0.1,0.0,0.0,0.0,0.0,0.5,0.0,0.06790778623577251,0.6790778623577252,0.1498463103929546,0.1498463103929546,0.06925000000000003,0.043618373422217444,0.09000000000000025,0.04500000000000007,0.0900000000000003,-2.220446049250313e-16,-2.220446049250313e-16,1.0,0.8,0.2,0.0,0.0,0.0,0.0,0.4,0.008495877083870586,0.07187704831436341,0.7187704831436341,0.1498463103929546,0.1498463103929546,1.0,0.2,0.2,0.2,0.0,0.2,0.2,0.5,0.125,0.2,0.5,0.125,0.2,0.5,0.125,0.0,1.0,0.0,0.2,0.0,0.2,0.2,0.0,0.2,0.2,0.2,0.0,0.0,0.0,0.2,0.2,1.0,1.0,0.0,0.0,1.0,1.0,1.0,1.0,0.0,0.0,2,2,0.2,1.0,0.1,0.1,0.1,0.1,0.5,0.5,0.5,1.0,1.0,0.0,0.030153689607045342,0.0698463103929543,-0.03969262078590896,-0.003969262078590896,-0.03969262078590896,0.18106250017868594,0.008495877083870586,0.008495877083870586,0.0,1.0,1.5,0,0,0,2,C3R,0.0,0.0,0.06925000000000003,0.2,1.0,0.0,0.0,0.0,0.07321926207859093
phaseflip,mixed_pauli,0.1,2,1.0,0.03,10,qiskit_aer,1,1,0.92575,0.20100694444444445,1.0,0.5,0.0,0.5,0.0,1.0,0.06925,0.04361837342221746,0.09000000000000025,0.0449999999999999,0.0900000000000003,-2.220446049250313e-16,-2.220446049250313e-16,1.0,0.9,0.2,0.0,0.0,0.0,0.0,0.4,0.1350963103929544,0.029505296134761966,0.14984631039295437,0.11484631039295445,0.15984631039295435,0.08872131039295435,0.06734631039295436,1.0,1.0,0.0,0.0,0.0,0.0,0.0,0.5,0.06623463103929547,0.04259138649354849,0.07867315519647727,0.0449999999999999,0.0900000000000003,-2.220446049250313e-16,-2.220446049250313e-16,1.0,1.0,0.1,0.0,0.0,0.0,0.0,0.5,0.0,0.07489241727506797,0.7489241727506797,0.1498463103929546,0.1498463103929546,0.06623463103929547,0.04259138649354849,0.07867315519647727,0.0449999999999999,0.0900000000000003,-2.220446049250313e-16,-2.220446049250313e-16,1.0,1.0,0.1,0.0,0.0,0.0,0.0,0.5,0.0,0.07489241727506797,0.7489241727506797,0.1498463103929546,0.1498463103929546,0.06623463103929547,0.04259138649354849,0.07867315519647727,0.0449999999999999,0.0900000000000003,-2.220446049250313e-16,-2.220446049250313e-16,1.0,1.0,0.1,0.0,0.0,0.0,0.0,0.5,0.0,0.07489241727506797,0.7489241727506797,0.1498463103929546,0.1498463103929546,0.06925,0.04361837342221746,0.09000000000000025,0.0449999999999999,0.0900000000000003,-2.220446049250313e-16,-2.220446049250313e-16,1.0,0.9,0.2,0.0,0.0,0.0,0.0,0.4,0.00556297854266948,0.07187704831436344,0.7187704831436343,0.1498463103929546,0.1498463103929546,1.0,0.1,0.1,0.1,0.0,0.1,0.1,0.5,0.0,0.1,0.5,0.0,0.1,0.5,0.0,0.0,1.0,0.0,0.1,0.0,0.1,0.1,0.0,0.1,0.1,0.1,0.0,0.0,0.0,0.1,0.1,1.0,1.0,0.0,0.0,1.0,1.0,1.0,1.0,0.0,0.0,1,1,0.1,1.0,0.1,0.0,0.1,0.0,1.0,0.0,1.0,1.0,0.0,1.0,0.030153689607045342,0.0,0.030153689607045342,0.003015368960704534,0.030153689607045342,-0.0010069442711711479,0.00556297854266948,0.00556297854266948,0.0,1.0,1.56,0,0,0,1,C3R,0.0,0.0,0.06925,0.2,1.0,0.0,0.0,0.0,0.06925
phaseflip,mixed_pauli,0.1,2,1.0,0.05,10,qiskit_aer,1,1,0.92575,0.18240277777777777,1.0,0.5,0.0,0.5,0.0,1.0,0.06925,0.04361837342221746,0.09000000000000025,0.0449999999999999,0.0900000000000003,-2.220446049250313e-16,-2.220446049250313e-16,1.0,0.9,0.2,0.0,0.0,0.0,0.0,0.4,0.1350963103929544,0.029505296134761966,0.14984631039295437,0.11484631039295445,0.15984631039295435,0.08872131039295435,0.06734631039295436,1.0,1.0,0.0,0.0,0.0,0.0,0.0,0.5,0.06623463103929547,0.04259138649354849,0.07867315519647727,0.0449999999999999,0.0900000000000003,-2.220446049250313e-16,-2.220446049250313e-16,1.0,1.0,0.1,0.0,0.0,0.0,0.0,0.5,0.0,0.07489241727506797,0.7489241727506797,0.1498463103929546,0.1498463103929546,0.06623463103929547,0.04259138649354849,0.07867315519647727,0.0449999999999999,0.0900000000000003,-2.220446049250313e-16,-2.220446049250313e-16,1.0,1.0,0.1,0.0,0.0,0.0,0.0,0.5,0.0,0.07489241727506797,0.7489241727506797,0.1498463103929546,0.1498463103929546,0.06623463103929547,0.04259138649354849,0.07867315519647727,0.0449999999999999,0.0900000000000003,-2.220446049250313e-16,-2.220446049250313e-16,1.0,1.0,0.1,0.0,0.0,0.0,0.0,0.5,0.0,0.07489241727506797,0.7489241727506797,0.1498463103929546,0.1498463103929546,0.06925,0.04361837342221746,0.09000000000000025,0.0449999999999999,0.0900000000000003,-2.220446049250313e-16,-2.220446049250313e-16,1.0,0.9,0.2,0.0,0.0,0.0,0.0,0.4,0.00556297854266948,0.07187704831436344,0.7187704831436343,0.1498463103929546,0.1498463103929546,1.0,0.1,0.1,0.1,0.0,0.1,0.1,0.5,0.0,0.1,0.5,0.0,0.1,0.5,0.0,0.0,1.0,0.0,0.1,0.0,0.1,0.1,0.0,0.1,0.1,0.1,0.0,0.0,0.0,0.1,0.1,1.0,1.0,0.0,0.0,1.0,1.0,1.0,1.0,0.0,0.0,1,1,0.1,1.0,0.1,0.0,0.1,0.0,1.0,0.0,1.0,1.0,0.0,1.0,0.030153689607045342,0.0,0.030153689607045342,0.003015368960704534,0.030153689607045342,0.017597222391217537,0.00556297854266948,0.00556297854266948,0.0,1.0,1.6,0,0,0,1,C3R,0.0,0.0,0.06925,0.2,1.0,0.0,0.0,0.0,0.06925
phaseflip,mixed_pauli,0.1,2,1.0,0.1,10,qiskit_aer,1,1,0.92575,0.16500694444444444,1.0,0.5,0.0,0.5,0.0,1.0,0.06925,0.04361837342221746,0.09000000000000025,0.0449999999999999,0.0900000000000003,-2.220446049250313e-16,-2.220446049250313e-16,1.0,0.9,0.2,0.0,0.0,0.0,0.0,0.4,0.1350963103929544,0.029505296134761966,0.14984631039295437,0.11484631039295445,0.15984631039295435,0.08872131039295435,0.06734631039295436,1.0,1.0,0.0,0.0,0.0,0.0,0.0,0.5,0.06623463103929547,0.04259138649354849,0.07867315519647727,0.0449999999999999,0.0900000000000003,-2.220446049250313e-16,-2.220446049250313e-16,1.0,1.0,0.1,0.0,0.0,0.0,0.0,0.5,0.0,0.07489241727506797,0.7489241727506797,0.1498463103929546,0.1498463103929546,0.06623463103929547,0.04259138649354849,0.07867315519647727,0.0449999999999999,0.0900000000000003,-2.220446049250313e-16,-2.220446049250313e-16,1.0,1.0,0.1,0.0,0.0,0.0,0.0,0.5,0.0,0.07489241727506797,0.7489241727506797,0.1498463103929546,0.1498463103929546,0.06623463103929547,0.04259138649354849,0.07867315519647727,0.0449999999999999,0.0900000000000003,-2.220446049250313e-16,-2.220446049250313e-16,1.0,1.0,0.1,0.0,0.0,0.0,0.0,0.5,0.0,0.07489241727506797,0.7489241727506797,0.1498463103929546,0.1498463103929546,0.06925,0.04361837342221746,0.09000000000000025,0.0449999999999999,0.0900000000000003,-2.220446049250313e-16,-2.220446049250313e-16,1.0,0.9,0.2,0.0,0.0,0.0,0.0,0.4,0.0032868402154856554,0.07187704831436344,0.7187704831436343,0.1498463103929546,0.1498463103929546,1.0,0.1,0.1,0.1,0.0,0.1,0.1,0.5,0.0,0.1,0.5,0.0,0.1,0.5,0.0,0.0,1.0,0.0,0.1,0.0,0.1,0.1,0.0,0.1,0.1,0.1,0.0,0.0,0.0,0.1,0.1,1.0,1.0,0.0,0.0,1.0,1.0,1.0,1.0,0.0,0.0,1,1,0.1,1.0,0.1,0.0,0.1,0.0,1.0,0.0,1.0,1.0,0.0,1.0,0.030153689607045342,0.0,0.030153689607045342,0.003015368960704534,0.030153689607045342,0.034993055706344735,0.0032868402154856554,0.0032868402154856554,0.0,1.0,1.7000000000000002,0,0,0,1,C3R,0.0,0.0,0.06925,0.2,1.0,0.0,0.0,0.0,0.06925
phaseflip,mixed_pauli,0.1,4,0.0,0.0,10,qiskit_aer,1,1,0.83941,0.83941,0.0,0.0,0.1,0.1,0.0,0.0,0.13840500000000017,0.04974939421741725,0.12357500000000032,0.11890000000000003,0.15375000000000005,0.07663500000000031,0.07560000000000033,1.0,0.6,0.1,0.1,0.0,0.1,0.1,0.1,0.26065131039295447,0.03309498791357987,0.26874631039295444,0.23597131039295446,0.2842713103929545,0.20851381039295455,0.1980963103929546,1.0,1.0,0.0,0.0,0.0,0.1,0.1,0.1,0.19834352415718187,0.07350419335192852,0.20927315519647732,0.1330875000000004,0.2644097327947158,0.09508500000000018,0.07560000000000033,1.0,1.0,0.1,0.0,0.0,0.1,0.1,0.1,0.0,0.06532315519647713,0.6532315519647713,0.18504631039295422,0.2138463103929542,0.19834352415718187,0.07350419335192852,0.20927315519647732,0.1330875000000004,0.2644097327947158,0.09508500000000018,0.07560000000000033,1.0,1.0,0.1,0.0,0.0,0.1,0.1,0.1,0.0,0.06532315519647713,0.6532315519647713,0.18504631039295422,0.2138463103929542,0.19834352415718187,0.07350419335192852,0.20927315519647732,0.1330875000000004,0.2644097327947158,0.09508500000000018,0.07560000000000033,1.0,1.0,0.1,0.0,0.0,0.1,0.1,0.1,0.0,0.06532315519647713,0.6532315519647713,0.18504631039295422,0.2138463103929542,0.19834352415718187,0.07350419335192852,0.20927315519647732,0.1330875000000004,0.2644097327947158,0.09508500000000018,0.07560000000000033,1.0,1.0,0.1,0.0,0.0,0.1,0.1,0.1,0.0,0.06532315519647713,0.6532315519647713,0.18504631039295422,0.2138463103929542,1.0,0.4,0.4,0.4,0.4,0.0,0.4,1.0,0.4444444444444444,0.4,1.0,0.4444444444444444,0.4,1.0,0.4444444444444444,0.4,1.0,0.4444444444444444,0.4,0.0,0.4,0.4,0.4,0.4,0.4,0.0,0.0,0.0,0.0,0.4,0.4,1.0,1.0,1.0,0.4,1.0,1.0,1.0,1.0,1.0,1.0,4,0,0.0,0.0,0.0,0.4,0.0,0.0,0.0,0.0,0.0,0.0,0.0,1.0,0.0,0.0,0.0,0.0,0.0,-0.039409999969581125,0.029659553703545515,0.029659553703545515,0.0,0.0,0.0,0,0,0,0,C1,0.0,0.0,0.19834352415718187,0.1,1.0,0.4,0.0,0.0,0.19834352415718187
phaseflip,mixed_pauli,0.1,4,0.0,0.03,10,qiskit_aer,1,1,0.83941,0.6711922222222222,0.12222222222222222,0.0,0.0,0.1,0.0,0.0,0.13840500000000017,0.04974939421741725,0.12357500000000032,0.11890000000000003,0.15375000000000005,0.07663500000000031,0.07560000000000033,1.0,0.7,0.1,0.0,0.0,0.0,0.0,0.1,0.26065131039295447,0.03309498791357987,0.26874631039295444,0.23597131039295446,0.2842713103929545,0.20851381039295455,0.1980963103929546,1.0,1.0,0.0,0.0,0.0,0.0,0.0,0.1,0.18335889311788647,0.08088596380232718,0.16920000000000013,0.12123750000000014,0.2644097327947158,0.07663500000000031,0.07560000000000033,1.0,1.0,0.1,0.0,0.0,0.0,0.0,0.1,0.0,0.08030778623577255,0.8030778623577255,0.18504631039295422,0.2138463103929542,0.18335889311788647,0.08088596380232718,0.16920000000000013,0.12123750000000014,0.2644097327947158,0.07663500000000031,0.07560000000000033,1.0,1.0,0.1,0.0,0.0,0.0,0.0,0.1,0.0,0.08030778623577255,0.8030778623577255,0.18504631039295422,0.2138463103929542,0.18335889311788647,0.08088596380232718,0.16920000000000013,0.12123750000000014,0.2644097327947158,0.07663500000000031,0.07560000000000033,1.0,1.0,0.1,0.0,0.0,0.0,0.0,0.1,0.0,0.08030778623577255,0.8030778623577255,0.18504631039295422,0.2138463103929542,0.18335889311788647,0.08088596380232718,0.16920000000000013,0.12123750000000014,0.2644097327947158,0.07663500000000031,0.07560000000000033,1.0,1.0,0.1,0.0,0.0,0.0,0.0,0.1,0.0,0.08030778623577255,0.8030778623577255,0.18504631039295422,0.2138463103929542,1.0,0.3,0.3,0.3,0.3,0.0,0.3,1.0,0.3333333333333333,0.3,1.0,0.3333333333333333,0.3,1.0,0.3333333333333333,0.3,1.0,0.3333333333333333,0.3,0.0,0.3,0.3,0.3,0.3,0.3,0.0,0.0,0.0,0.0,0.3,0.3,1.0,1.0,1.0,0.3,1.0,1.0,1.0,1.0,1.0,1.0,3,0,0.0,0.0,0.0,0.3,0.0,0.0,0.0,0.0,0.0,0.0,0.0,1.0,0.0,0.0,0.0,0.0,0.0,-0.07119222219976117,0.009615831150687763,0.009615831150687763,0.0,0.06,0.06,0,0,0,0,C1,0.0,0.0,0.18335889311788647,0.1,1.0,0.3,0.0,0.0,0.18335889311788647
phaseflip,mixed_pauli,0.1,4,0.0,0.05,10,qiskit_aer,1,1,0.83941,0.5854077777777777,0.26666666666666666,0.0,0.0,0.1,0.0,0.0,0.13840500000000017,0.04974939421741725,0.12357500000000032,0.11890000000000003,0.15375000000000005,0.07663500000000031,0.07560000000000033,1.0,0.6,0.1,0.0,0.0,0.0,0.0,0.1,0.26065131039295447,0.03309498791357987,0.26874631039295444,0.23597131039295446,0.2842713103929545,0.20851381039295455,0.1980963103929546,1.0,1.0,0.0,0.0,0.0,0.0,0.0,0.1,0.19834352415718187,0.07350419335192852,0.20927315519647732,0.1330875000000004,0.2644097327947158,0.09508500000000018,0.07560000000000033,1.0,1.0,0.1,0.0,0.0,0.0,0.0,0.1,0.0,0.06532315519647713,0.6532315519647713,0.18504631039295422,0.2138463103929542,0.19834352415718187,0.07350419335192852,0.20927315519647732,0.1330875000000004,0.2644097327947158,0.09508500000000018,0.07560000000000033,1.0,1.0,0.1,0.0,0.0,0.0,0.0,0.1,0.0,0.06532315519647713,0.6532315519647713,0.18504631039295422,0.2138463103929542,0.19834352415718187,0.07350419335192852,0.20927315519647732,0.1330875000000004,0.2644097327947158,0.09508500000000018,0.07560000000000033,1.0,1.0,0.1,0.0,0.0,0.0,0.0,0.1,0.0,0.06532315519647713,0.6532315519647713,0.18504631039295422,0.2138463103929542,0.19834352415718187,0.07350419335192852,0.20927315519647732,0.1330875000000004,0.2644097327947158,0.09508500000000018,0.07560000000000033,1.0,1.0,0.1,0.0,0.0,0.0,0.0,0.1,0.0,0.06532315519647713,0.6532315519647713,0.18504631039295422,0.2138463103929542,1.0,0.4,0.4,0.4,0.4,0.0,0.4,1.0,0.4444444444444444,0.4,1.0,0.4444444444444444,0.4,1.0,0.4444444444444444,0.4,1.0,0.4444444444444444,0.4,0.0,0.4,0.4,0.4,0.4,0.4,0.0,0.0,0.0,0.0,0.4,0.4,1.0,1.0,1.0,0.4,1.0,1.0,1.0,1.0,1.0,1.0,4,0,0.0,0.0,0.0,0.4,0.0,0.0,0.0,0.0,0.0,0.0,0.0,1.0,0.0,0.0,0.0,0.0,0.0,0.2145922222479769,0.0019307180606716007,0.0019307180606716007,0.0,0.1,0.1,0,0,0,0,C1,0.0,0.0,0.19834352415718187,0.1,1.0,0.4,0.0,0.0,0.19834352415718187
phaseflip,mixed_pauli,0.1,4,0.0,0.1,10,qiskit_aer,1,1,0.83941,0.4545111111111111,0.43333333333333335,0.0,0.0,0.1,0.0,0.0,0.13840500000000017,0.049749394217417246,0.12357500000000032,0.11890000000000012,0.15375000000000005,0.07663500000000031,0.07560000000000033,1.0,0.8,0.1,0.0,0.0,0.0,0.0,0.1,0.26065131039295447,0.03309498791357987,0.26874631039295444,0.23597131039295446,0.2842713103929545,0.20851381039295455,0.1980963103929546,1.0,1.0,0.0,0.0,0.0,0.0,0.0,0.1,0.16837426207859105,0.07748802333364309,0.1379250000000003,0.11890000000000012,0.23624999999999993,0.07663500000000031,0.07560000000000033,1.0,1.0,0.1,0.0,0.0,0.0,0.0,0.1,0.0,0.09529241727506797,0.9529241727506798,0.18504631039295422,0.2138463103929542,0.16837426207859105,0.07748802333364309,0.1379250000000003,0.11890000000000012,0.23624999999999993,0.07663500000000031,0.07560000000000033,1.0,1.0,0.1,0.0,0.0,0.0,0.0,0.1,0.0,0.09529241727506797,0.9529241727506798,0.18504631039295422,0.2138463103929542,0.16837426207859105,0.07748802333364309,0.1379250000000003,0.11890000000000012,0.23624999999999993,0.07663500000000031,0.07560000000000033,1.0,1.0,0.1,0.0,0.0,0.0,0.0,0.1,0.0,0.09529241727506797,0.9529241727506798,0.18504631039295422,0.2138463103929542,0.16837426207859105,0.07748802333364309,0.1379250000000003,0.11890000000000012,0.23624999999999993,0.07663500000000031,0.07560000000000033,1.0,1.0,0.1,0.0,0.0,0.0,0.0,0.1,0.0,0.09529241727506797,0.9529241727506798,0.18504631039295422,0.2138463103929542,1.0,0.2,0.2,0.2,0.2,0.0,0.2,1.0,0.2222222222222222,0.2,1.0,0.2222222222222222,0.2,1.0,0.2222222222222222,0.2,1.0,0.2222222222222222,0.2,0.0,0.2,0.2,0.2,0.2,0.2,0.0,0.0,0.0,0.0,0.2,0.2,1.0,1.0,1.0,0.2,1.0,1.0,1.0,1.0,1.0,1.0,2,0,0.0,0.0,0.0,0.2,0.0,0.0,0.0,0.0,0.0,0.0,0.0,1.0,0.0,0.0,0.0,0.0,0.0,-0.054511111090479056,0.01278990225926086,0.01278990225926086,0.0,0.2,0.2,0,0,0,0,C1,0.0,0.0,0.16837426207859105,0.1,1.0,0.2,0.0,0.0,0.16837426207859105
phaseflip,mixed_pauli,0.1,4,0.25,0.0,10,qiskit_aer,1,1,0.83941,0.6494205555555556,0.17777777777777778,0.08888888888888892,0.0,0.1,0.0,0.9,0.13840500000000017,0.04974939421741725,0.12357500000000032,0.11890000000000003,0.15375000000000005,0.07663500000000031,0.07560000000000033,1.0,0.8,0.1,0.0,0.0,0.0,0.0,0.1,0.26065131039295447,0.03309498791357987,0.26874631039295444,0.23597131039295446,0.2842713103929545,0.20851381039295455,0.1980963103929546,1.0,1.0,0.0,0.0,0.0,0.0,0.0,0.1,0.16837426207859102,0.060578777176772014,0.15170000000000006,0.12123750000000022,0.2185097327947159,0.09508500000000018,0.07560000000000033,1.0,1.0,0.1,0.0,0.0,0.0,0.0,0.1,0.0,0.09529241727506801,0.9529241727506801,0.18504631039295422,0.2138463103929542,0.16837426207859102,0.060578777176772014,0.15170000000000006,0.12123750000000022,0.2185097327947159,0.09508500000000018,0.07560000000000033,1.0,1.0,0.1,0.0,0.0,0.0,0.0,0.1,0.0,0.09529241727506801,0.9529241727506801,0.18504631039295422,0.2138463103929542,0.16837426207859102,0.060578777176772014,0.15170000000000006,0.12123750000000022,0.2185097327947159,0.09508500000000018,0.07560000000000033,1.0,1.0,0.1,0.0,0.0,0.0,0.0,0.1,0.0,0.09529241727506801,0.9529241727506801,0.18504631039295422,0.2138463103929542,0.16837426207859102,0.060578777176772014,0.15170000000000006,0.12123750000000022,0.2185097327947159,0.09508500000000018,0.07560000000000033,1.0,1.0,0.1,0.0,0.0,0.0,0.0,0.1,0.0,0.09529241727506801,0.9529241727506801,0.18504631039295422,0.2138463103929542,1.0,0.2,0.2,0.2,0.2,0.0,0.2,1.0,0.2222222222222222,0.2,1.0,0.2222222222222222,0.2,1.0,0.2222222222222222,0.2,1.0,0.2222222222222222,0.2,0.0,0.2,0.2,0.2,0.2,0.2,0.0,0.0,0.0,0.0,0.2,0.2,1.0,1.0,1.0,0.2,1.0,1.0,1.0,1.0,1.0,1.0,2,0,0.0,0.0,0.0,0.2,0.0,0.0,0.0,0.0,0.0,0.0,0.0,1.0,0.0,0.0,0.0,0.0,0.0,-0.24942055552453812,0.01346454807259075,0.01346454807259075,0.0,0.3388888888888889,0.3388888888888889,0,0,0,0,C1,0.0,0.0,0.16837426207859102,0.1,1.0,0.2,0.0,0.0,0.16837426207859102
phaseflip,mixed_pauli,0.1,4,0.25,0.03,10,qiskit_aer,1,1,0.83941,0.5802413888888889,0.2777777777777778,0.08888888888888892,0.0,0.1,0.0,0.9,0.13840500000000017,0.049749394217417246,0.12357500000000032,0.11890000000000012,0.15375000000000005,0.07663500000000031,0.07560000000000033,1.0,0.7,0.1,0.0,0.0,0.0,0.0,0.1,0.26065131039295447,0.03309498791357987,0.26874631039295444,0.23597131039295446,0.2842713103929545,0.20851381039295455,0.1980963103929546,1.0,1.0,0.0,0.0,0.0,0.0,0.0,0.1,0.17535889311788644,0.06649905932687133,0.15170000000000006,0.12123750000000022,0.2454865775982385,0.09508500000000024,0.07560000000000033,1.0,1.0,0.1,0.0,0.0,0.0,0.0,0.1,0.0,0.08830778623577257,0.8830778623577257,0.18504631039295422,0.2138463103929542,0.17535889311788644,0.06649905932687133,0.15170000000000006,0.12123750000000022,0.2454865775982385,0.09508500000000024,0.07560000000000033,1.0,1.0,0.1,0.0,0.0,0.0,0.0,0.1,0.0,0.08830778623577257,0.8830778623577257,0.18504631039295422,0.2138463103929542,0.17535889311788644,0.06649905932687133,0.15170000000000006,0.12123750000000022,0.2454865775982385,0.09508500000000024,0.07560000000000033,1.0,1.0,0.1,0.0,0.0,0.0,0.0,0.1,0.0,0.08830778623577257,0.8830778623577257,0.18504631039295422,0.2138463103929542,0.17535889311788644,0.06649905932687133,0.15170000000000006,0.12123750000000022,0.2454865775982385,0.09508500000000024,0.07560000000000033,1.0,1.0,0.1,0.0,0.0,0.0,0.0,0.1,0.0,0.08830778623577257,0.8830778623577257,0.18504631039295422,0.2138463103929542,1.0,0.3,0.3,0.3,0.3,0.0,0.3,1.0,0.3333333333333333,0.3,1.0,0.3333333333333333,0.3,1.0,0.3333333333333333,0.3,1.0,0.3333333333333333,0.3,0.0,0.3,0.3,0.3,0.3,0.3,0.0,0.0,0.0,0.0,0.3,0.3,1.0,1.0,1.0,0.3,1.0,1.0,1.0,1.0,1.0,1.0,3,0,0.0,0.0,0.0,0.3,0.0,0.0,0.0,0.0,0.0,0.0,0.0,1.0,0.0,0.0,0.0,0.0,0.0,0.01975861113528703,1.424233496589781e-18,1.424233496589781e-18,0.0,0.39888888888888896,0.39888888888888896,0,0,0,0,C1,0.0,0.0,0.17535889311788644,0.1,1.0,0.3,0.0,0.0,0.17535889311788644
phaseflip,mixed_pauli,0.1,4,0.25,0.05,10,qiskit_aer,1,1,0.83941,0.5145702777777778,0.3888888888888889,0.08888888888888892,0.0,0.1,0.0,0.9,0.13840500000000017,0.04974939421741725,0.12357500000000032,0.11890000000000003,0.15375000000000005,0.07663500000000031,0.07560000000000033,1.0,0.6,0.1,0.0,0.0,0.0,0.0,0.1,0.26065131039295447,0.03309498791357987,0.26874631039295444,0.23597131039295446,0.2842713103929545,0.20851381039295455,0.1980963103929546,1.0,1.0,0.0,0.0,0.0,0.0,0.0,0.1,0.19834352415718187,0.07350419335192852,0.20927315519647732,0.1330875000000004,0.2644097327947158,0.09508500000000018,0.07560000000000033,1.0,1.0,0.1,0.0,0.0,0.0,0.0,0.1,0.0,0.06532315519647713,0.6532315519647713,0.18504631039295422,0.2138463103929542,0.19834352415718187,0.07350419335192852,0.20927315519647732,0.1330875000000004,0.2644097327947158,0.09508500000000018,0.07560000000000033,1.0,1.0,0.1,0.0,0.0,0.0,0.0,0.1,0.0,0.06532315519647713,0.6532315519647713,0.18504631039295422,0.2138463103929542,0.19834352415718187,0.07350419335192852,0.20927315519647732,0.1330875000000004,0.2644097327947158,0.09508500000000018,0.07560000000000033,1.0,1.0,0.1,0.0,0.0,0.0,0.0,0.1,0.0,0.06532315519647713,0.6532315519647713,0.18504631039295422,0.2138463103929542,0.19834352415718187,0.07350419335192852,0.20927315519647732,0.1330875000000004,0.2644097327947158,0.09508500000000018,0.07560000000000033,1.0,1.0,0.1,0.0,0.0,0.0,0.0,0.1,0.0,0.06532315519647713,0.6532315519647713,0.18504631039295422,0.2138463103929542,1.0,0.4,0.4,0.4,0.4,0.0,0.4,1.0,0.4444444444444444,0.4,1.0,0.4444444444444444,0.4,1.0,0.4444444444444444,0.4,1.0,0.4444444444444444,0.4,0.0,0.4,0.4,0.4,0.4,0.4,0.0,0.0,0.0,0.0,0.4,0.4,1.0,1.0,1.0,0.4,1.0,1.0,1.0,1.0,1.0,1.0,4,0,0.0,0.0,0.0,0.4,0.0,0.0,0.0,0.0,0.0,0.0,0.0,1.0,0.0,0.0,0.0,0.0,0.0,0.28542972224653884,0.024904964359667936,0.024904964359667936,0.0,0.4388888888888889,0.4388888888888889,0,0,0,0,C1,0.0,0.0,0.19834352415718187,0.1,1.0,0.4,0.0,0.0,0.19834352415718187
phaseflip,mixed_pauli,0.1,4,0.25,0.1,10,qiskit_aer,1,1,0.83941,0.3836736111111111,0.5555555555555556,0.08888888888888892,0.0,0.1,0.0,0.9,0.13840500000000017,0.049749394217417246,0.12357500000000032,0.11890000000000012,0.15375000000000005,0.07663500000000031,0.07560000000000033,1.0,0.8,0.1,0.0,0.0,0.0,0.0,0.1,0.26065131039295447,0.03309498791357987,0.26874631039295444,0.23597131039295446,0.2842713103929545,0.20851381039295455,0.1980963103929546,1.0,1.0,0.0,0.0,0.0,0.0,0.0,0.1,0.16837426207859105,0.07748802333364309,0.1379250000000003,0.11890000000000012,0.23624999999999993,0.07663500000000031,0.07560000000000033,1.0,1.0,0.1,0.0,0.0,0.0,0.0,0.1,0.0,0.09529241727506797,0.9529241727506798,0.18504631039295422,0.2138463103929542,0.16837426207859105,0.07748802333364309,0.1379250000000003,0.11890000000000012,0.23624999999999993,0.07663500000000031,0.07560000000000033,1.0,1.0,0.1,0.0,0.0,0.0,0.0,0.1,0.0,0.09529241727506797,0.9529241727506798,0.18504631039295422,0.2138463103929542,0.16837426207859105,0.07748802333364309,0.1379250000000003,0.11890000000000012,0.23624999999999993,0.07663500000000031,0.07560000000000033,1.0,1.0,0.1,0.0,0.0,0.0,0.0,0.1,0.0,0.09529241727506797,0.9529241727506798,0.18504631039295422,0.2138463103929542,0.16837426207859105,0.07748802333364309,0.1379250000000003,0.11890000000000012,0.23624999999999993,0.07663500000000031,0.07560000000000033,1.0,1.0,0.1,0.0,0.0,0.0,0.0,0.1,0.0,0.09529241727506797,0.9529241727506798,0.18504631039295422,0.2138463103929542,1.0,0.2,0.2,0.2,0.2,0.0,0.2,1.0,0.2222222222222222,0.2,1.0,0.2222222222222222,0.2,1.0,0.2222222222222222,0.2,1.0,0.2222222222222222,0.2,0.0,0.2,0.2,0.2,0.2,0.2,0.0,0.0,0.0,0.0,0.2,0.2,1.0,1.0,1.0,0.2,1.0,1.0,1.0,1.0,1.0,1.0,2,0,0.0,0.0,0.0,0.2,0.0,0.0,0.0,0.0,0.0,0.0,0.0,1.0,0.0,0.0,0.0,0.0,0.0,0.01632638891249664,0.02608093287252692,0.02608093287252692,0.0,0.5388888888888889,0.5388888888888889,0,0,0,0,C1,0.0,0.0,0.16837426207859105,0.1,1.0,0.2,0.0,0.0,0.16837426207859105
phaseflip,mixed_pauli,0.1,4,0.5,0.0,10,qiskit_aer,1,1,0.83941,0.5244563888888889,0.37777777777777777,0.18888888888888888,0.0,0.1,0.0,1.0,0.13840500000000017,0.04974939421741725,0.12357500000000032,0.11890000000000012,0.15375000000000014,0.07663500000000031,0.07560000000000033,1.0,0.7,0.1,0.0,0.0,0.0,0.0,0.1,0.26065131039295447,0.03309498791357987,0.26874631039295444,0.23597131039295446,0.2842713103929545,0.20851381039295455,0.1980963103929546,1.0,1.0,0.0,0.0,0.0,0.0,0.0,0.1,0.18335889311788645,0.0728958119167978,0.16920000000000013,0.12123750000000022,0.2454865775982385,0.09508500000000024,0.07560000000000033,1.0,1.0,0.1,0.0,0.0,0.0,0.0,0.1,0.0,0.08030778623577256,0.8030778623577256,0.18504631039295422,0.2138463103929542,0.18335889311788645,0.0728958119167978,0.16920000000000013,0.12123750000000022,0.2454865775982385,0.09508500000000024,0.07560000000000033,1.0,1.0,0.1,0.0,0.0,0.0,0.0,0.1,0.0,0.08030778623577256,0.8030778623577256,0.18504631039295422,0.2138463103929542,0.18335889311788645,0.0728958119167978,0.16920000000000013,0.12123750000000022,0.2454865775982385,0.09508500000000024,0.07560000000000033,1.0,1.0,0.1,0.0,0.0,0.0,0.0,0.1,0.0,0.08030778623577256,0.8030778623577256,0.18504631039295422,0.2138463103929542,0.18335889311788645,0.0728958119167978,0.16920000000000013,0.12123750000000022,0.2454865775982385,0.09508500000000024,0.07560000000000033,1.0,1.0,0.1,0.0,0.0,0.0,0.0,0.1,0.0,0.08030778623577256,0.8030778623577256,0.18504631039295422,0.2138463103929542,1.0,0.3,0.3,0.3,0.3,0.0,0.3,1.0,0.3333333333333333,0.3,1.0,0.3333333333333333,0.3,1.0,0.3333333333333333,0.3,1.0,0.3333333333333333,0.3,0.0,0.3,0.3,0.3,0.3,0.3,0.0,0.0,0.0,0.0,0.3,0.3,1.0,1.0,0.9,0.3,1.0,1.0,1.0,1.0,1.0,1.0,3,0,0.0,0.0,0.0,0.3,0.0,0.0,0.0,0.0,0.0,0.0,0.0,1.0,0.0,0.0,0.0,0.0,0.0,0.07554361113651044,0.0006618908977093927,0.0006618908977093927,0.0,0.6888888888888889,0.6888888888888889,0,0,0,0,C1,0.0,0.0,0.18335889311788645,0.1,1.0,0.3,0.0,0.0,0.18335889311788645
phaseflip,mixed_pauli,0.1,4,0.5,0.03,10,qiskit_aer,1,1,0.83941,0.4762772222222222,0.4444444444444444,0.18888888888888888,0.0,0.1,0.0,1.0,0.13840500000000017,0.04974939421741725,0.12357500000000032,0.11890000000000003,0.15375000000000005,0.07663500000000031,0.07560000000000033,1.0,0.8,0.1,0.0,0.0,0.0,0.0,0.1,0.26065131039295447,0.03309498791357987,0.26874631039295444,0.23597131039295446,0.2842713103929545,0.20851381039295455,0.1980963103929546,1.0,1.0,0.0,0.0,0.0,0.0,0.0,0.1,0.16837426207859102,0.060578777176772014,0.15170000000000006,0.12123750000000022,0.2185097327947159,0.09508500000000018,0.07560000000000033,1.0,1.0,0.1,0.0,0.0,0.0,0.0,0.1,0.0,0.09529241727506801,0.9529241727506801,0.18504631039295422,0.2138463103929542,0.16837426207859102,0.060578777176772014,0.15170000000000006,0.12123750000000022,0.2185097327947159,0.09508500000000018,0.07560000000000033,1.0,1.0,0.1,0.0,0.0,0.0,0.0,0.1,0.0,0.09529241727506801,0.9529241727506801,0.18504631039295422,0.2138463103929542,0.16837426207859102,0.060578777176772014,0.15170000000000006,0.12123750000000022,0.2185097327947159,0.09508500000000018,0.07560000000000033,1.0,1.0,0.1,0.0,0.0,0.0,0.0,0.1,0.0,0.09529241727506801,0.9529241727506801,0.18504631039295422,0.2138463103929542,0.16837426207859102,0.060578777176772014,0.15170000000000006,0.12123750000000022,0.2185097327947159,0.09508500000000018,0.07560000000000033,1.0,1.0,0.1,0.0,0.0,0.0,0.0,0.1,0.0,0.09529241727506801,0.9529241727506801,0.18504631039295422,0.2138463103929542,1.0,0.2,0.2,0.2,0.2,0.0,0.2,1.0,0.2222222222222222,0.2,1.0,0.2222222222222222,0.2,1.0,0.2222222222222222,0.2,1.0,0.2222222222222222,0.2,0.0,0.2,0.2,0.2,0.2,0.2,0.0,0.0,0.0,0.0,0.2,0.2,1.0,1.0,0.9,0.2,1.0,1.0,1.0,1.0,1.0,1.0,2,0,0.0,0.0,0.0,0.2,0.0,0.0,0.0,0.0,0.0,0.0,0.0,1.0,0.0,0.0,0.0,0.0,0.0,-0.07627722219742954,0.02047083589660349,0.02047083589660349,0.0,0.7428888888888889,0.7488888888888889,0,0,0,0,C1,0.0,0.0,0.16837426207859102,0.1,1.0,0.2,0.0,0.0,0.16837426207859102
phaseflip,mixed_pauli,0.1,4,0.5,0.05,10,qiskit_aer,1,1,0.83941,0.41810611111111107,0.5444444444444444,0.18888888888888888,0.0,0.1,0.0,1.0,0.13840500000000017,0.04974939421741725,0.12357500000000032,0.11890000000000003,0.15375000000000014,0.07663500000000031,0.07560000000000033,1.0,0.6,0.1,0.0,0.0,0.0,0.0,0.1,0.26065131039295447,0.03309498791357987,0.26874631039295444,0.23597131039295446,0.2842713103929545,0.20851381039295455,0.1980963103929546,1.0,1.0,0.0,0.0,0.0,0.0,0.0,0.1,0.19834352415718187,0.07350419335192852,0.20927315519647732,0.1330875000000004,0.2644097327947158,0.09508500000000018,0.07560000000000033,1.0,1.0,0.1,0.0,0.0,0.0,0.0,0.1,0.0,0.06532315519647713,0.6532315519647713,0.18504631039295422,0.2138463103929542,0.19834352415718187,0.07350419335192852,0.20927315519647732,0.1330875000000004,0.2644097327947158,0.09508500000000018,0.07560000000000033,1.0,1.0,0.1,0.0,0.0,0.0,0.0,0.1,0.0,0.06532315519647713,0.6532315519647713,0.18504631039295422,0.2138463103929542,0.19834352415718187,0.07350419335192852,0.20927315519647732,0.1330875000000004,0.2644097327947158,0.09508500000000018,0.07560000000000033,1.0,1.0,0.1,0.0,0.0,0.0,0.0,0.1,0.0,0.06532315519647713,0.6532315519647713,0.18504631039295422,0.2138463103929542,0.18335889311788645,0.07289581191679781,0.16920000000000013,0.12123750000000022,0.2454865775982385,0.09508500000000018,0.07560000000000033,1.0,0.9,0.1,0.0,0.0,0.0,0.0,0.1,0.009804854613661039,0.08030778623577257,0.8030778623577257,0.18504631039295422,0.2138463103929542,1.0,0.4,0.4,0.4,0.3,0.1,0.4,1.0,0.4444444444444444,0.4,1.0,0.4444444444444444,0.4,1.0,0.4444444444444444,0.3,1.0,0.3333333333333333,0.4,0.0,0.4,0.4,0.3,0.4,0.4,0.1,0.0,0.0,0.0,0.4,0.4,1.0,1.0,0.9,0.3,1.0,1.0,1.0,1.0,0.75,0.75,4,1,0.1,0.25,0.0,0.4,0.0,0.1,0.0,1.0,0.0,0.0,0.25,0.75,0.0,0.14984631039295437,-0.14984631039295437,-0.014984631039295437,-0.14984631039295437,0.3818938889201019,0.03163917911784614,0.03163917911784614,0.0,0.778888888888889,0.788888888888889,0,0,0,1,C1,0.0,0.0,0.19834352415718187,0.1,1.0,0.4,0.0,0.0,0.19834352415718187
phaseflip,mixed_pauli,0.1,4,0.5,0.1,10,qiskit_aer,1,1,0.83941,0.3191394444444444,0.6666666666666666,0.18888888888888888,0.0,0.1,0.0,1.0,0.13840500000000014,0.049749394217417225,0.12357500000000032,0.11890000000000003,0.15375000000000005,0.07663500000000031,0.07560000000000033,1.0,0.8,0.1,0.0,0.0,0.0,0.0,0.1,0.26065131039295447,0.03309498791357987,0.26874631039295444,0.23597131039295446,0.2842713103929545,0.20851381039295455,0.1980963103929546,1.0,1.0,0.0,0.0,0.0,0.0,0.0,0.1,0.168374262078591,0.060578777176772,0.15170000000000006,0.12123750000000022,0.21850973279471583,0.09508500000000018,0.07560000000000033,1.0,1.0,0.1,0.0,0.0,0.0,0.0,0.1,0.0,0.09529241727506803,0.9529241727506803,0.18504631039295422,0.2138463103929542,0.168374262078591,0.060578777176772,0.15170000000000006,0.12123750000000022,0.21850973279471583,0.09508500000000018,0.07560000000000033,1.0,1.0,0.1,0.0,0.0,0.0,0.0,0.1,0.0,0.09529241727506803,0.9529241727506803,0.18504631039295422,0.2138463103929542,0.168374262078591,0.060578777176772,0.15170000000000006,0.12123750000000022,0.21850973279471583,0.09508500000000018,0.07560000000000033,1.0,1.0,0.1,0.0,0.0,0.0,0.0,0.1,0.0,0.09529241727506803,0.9529241727506803,0.18504631039295422,0.2138463103929542,0.168374262078591,0.060578777176772,0.15170000000000006,0.12123750000000022,0.21850973279471583,0.09508500000000018,0.07560000000000033,1.0,1.0,0.1,0.0,0.0,0.0,0.0,0.1,0.0,0.09529241727506803,0.9529241727506803,0.18504631039295422,0.2138463103929542,1.0,0.2,0.2,0.2,0.2,0.0,0.2,1.0,0.2222222222222222,0.2,1.0,0.2222222222222222,0.2,1.0,0.2222222222222222,0.2,1.0,0.2222222222222222,0.2,0.0,0.2,0.2,0.2,0.2,0.2,0.0,0.0,0.0,0.0,0.2,0.2,1.0,1.0,0.9,0.2,1.0,1.0,1.0,1.0,1.0,1.0,2,0,0.0,0.0,0.0,0.2,0.0,0.0,0.0,0.0,0.0,0.0,0.0,1.0,0.0,0.0,0.0,0.0,0.0,0.0808605555827046,0.006298103708542437,0.006298103708542437,0.0,0.8688888888888888,0.8888888888888888,0,0,0,0,C1,0.0,0.0,0.168374262078591,0.1,1.0,0.2,0.0,0.0,0.168374262078591
phaseflip,mixed_pauli,0.1,4,0.75,0.0,10,qiskit_aer,1,1,0.83941,0.3824047222222222,0.6777777777777778,0.3388888888888889,0.0,0.1,0.0,1.0,0.13840500000000017,0.04974939421741725,0.12357500000000032,0.11890000000000003,0.15375000000000014,0.07663500000000031,0.07560000000000033,1.0,0.6,0.1,0.0,0.0,0.0,0.0,0.1,0.26065131039295447,0.03309498791357987,0.26874631039295444,0.23597131039295446,0.2842713103929545,0.20851381039295455,0.1980963103929546,1.0,1.0,0.0,0.0,0.0,0.0,0.0,0.1,0.19834352415718187,0.07350419335192852,0.20927315519647732,0.1330875000000004,0.2644097327947158,0.09508500000000018,0.07560000000000033,1.0,1.0,0.1,0.0,0.0,0.0,0.0,0.1,0.0,0.06532315519647713,0.6532315519647713,0.18504631039295422,0.2138463103929542,0.19834352415718187,0.07350419335192852,0.20927315519647732,0.1330875000000004,0.2644097327947158,0.09508500000000018,0.07560000000000033,1.0,1.0,0.1,0.0,0.0,0.0,0.0,0.1,0.0,0.06532315519647713,0.6532315519647713,0.18504631039295422,0.2138463103929542,0.19834352415718187,0.07350419335192852,0.20927315519647732,0.1330875000000004,0.2644097327947158,0.09508500000000018,0.07560000000000033,1.0,1.0,0.1,0.0,0.0,0.0,0.0,0.1,0.0,0.06532315519647713,0.6532315519647713,0.18504631039295422,0.2138463103929542,0.1533896310392956,0.07083198462073063,0.12357500000000032,0.11890000000000003,0.18000000000000016,0.07663500000000031,0.07560000000000033,1.0,0.7,0.1,0.0,0.0,0.0,0.0,0.1,3.4848026554931623e-20,0.11027704831436343,1.1027704831436342,0.18504631039295422,0.2138463103929542,1.0,0.4,0.4,0.4,0.1,0.3,0.4,1.0,0.4444444444444444,0.4,1.0,0.4444444444444444,0.4,1.0,0.4444444444444444,0.1,1.0,0.1111111111111111,0.4,0.0,0.4,0.4,0.1,0.4,0.4,0.3,0.0,0.0,0.0,0.4,0.4,1.0,1.0,0.1,0.1,1.0,1.0,1.0,1.0,0.25,0.25,4,3,0.3,0.75,0.0,0.4,0.0,0.3,0.0,1.0,0.0,0.0,0.75,0.25,0.0,0.4495389311788629,-0.4495389311788629,-0.04495389311788629,-0.4495389311788629,0.41759527780549904,1.0874359389688114e-18,1.0874359389688114e-18,0.0,0.9972222222222222,1.088888888888889,0,0,0,3,C1,0.0,0.0,0.19834352415718187,0.1,1.0,0.4,0.0,0.0,0.19834352415718187
phaseflip,mixed_pauli,0.1,4,0.75,0.03,10,qiskit_aer,1,1,0.83941,0.3332922222222222,0.7222222222222222,0.3388888888888889,0.0,0.1,0.0,1.0,0.13840500000000017,0.04974939421741726,0.12357500000000032,0.11890000000000003,0.15375000000000022,0.07663500000000031,0.07560000000000033,1.0,0.6,0.1,0.0,0.0,0.0,0.0,0.1,0.26065131039295447,0.03309498791357987,0.26874631039295444,0.23597131039295446,0.2842713103929545,0.20851381039295455,0.1980963103929546,1.0,1.0,0.0,0.0,0.0,0.0,0.0,0.1,0.19034352415718186,0.07652980990435045,0.18767315519647726,0.12123750000000022,0.25833473279471586,0.09508500000000018,0.07560000000000033,1.0,1.0,0.1,0.0,0.0,0.0,0.0,0.1,0.0,0.07332315519647714,0.7332315519647714,0.18504631039295422,0.2138463103929542,0.19034352415718186,0.07652980990435045,0.18767315519647726,0.12123750000000022,0.25833473279471586,0.09508500000000018,0.07560000000000033,1.0,1.0,0.1,0.0,0.0,0.0,0.0,0.1,0.0,0.07332315519647714,0.7332315519647714,0.18504631039295422,0.2138463103929542,0.19034352415718186,0.07652980990435045,0.18767315519647726,0.12123750000000022,0.25833473279471586,0.09508500000000018,0.07560000000000033,1.0,1.0,0.1,0.0,0.0,0.0,0.0,0.1,0.0,0.07332315519647714,0.7332315519647714,0.18504631039295422,0.2138463103929542,0.13840500000000017,0.04974939421741726,0.12357500000000032,0.11890000000000003,0.15375000000000022,0.07663500000000031,0.07560000000000033,1.0,0.6,0.1,0.0,0.0,0.0,0.0,0.1,0.007677904849161102,0.12526167935365884,1.2526167935365884,0.18504631039295422,0.2138463103929542,1.0,0.4,0.4,0.4,0.0,0.4,0.4,1.0,0.4444444444444444,0.4,1.0,0.4444444444444444,0.4,1.0,0.4444444444444444,0.0,1.0,0.0,0.4,0.0,0.4,0.4,0.0,0.4,0.4,0.4,0.0,0.0,0.0,0.4,0.4,1.0,1.0,0.0,0.0,1.0,1.0,1.0,1.0,0.0,0.0,4,4,0.4,1.0,0.0,0.4,0.0,0.4,0.0,1.0,0.0,0.0,1.0,0.0,0.0,0.519385241571817,-0.519385241571817,-0.0519385241571817,-0.519385241571817,0.46670777780339356,0.007677904849161102,0.007677904849161102,0.0,1.0,1.148888888888889,0,0,0,4,C1,0.0,0.0,0.19034352415718186,0.1,1.0,0.4,0.0,0.0,0.19034352415718186
phaseflip,mixed_pauli,0.1,4,0.75,0.05,10,qiskit_aer,1,1,0.83941,0.29402388888888886,0.7777777777777778,0.3388888888888889,0.0,0.1,0.0,1.0,0.13840500000000017,0.049749394217417246,0.12357500000000032,0.11890000000000012,0.15375000000000005,0.07663500000000031,0.07560000000000033,1.0,0.7,0.1,0.0,0.0,0.0,0.0,0.1,0.26065131039295447,0.03309498791357987,0.26874631039295444,0.23597131039295446,0.2842713103929545,0.20851381039295455,0.1980963103929546,1.0,1.0,0.0,0.0,0.0,0.0,0.0,0.1,0.17535889311788647,0.08219933337491842,0.1379250000000003,0.11890000000000012,0.25833473279471586,0.07663500000000031,0.07560000000000033,1.0,1.0,0.1,0.0,0.0,0.0,0.0,0.1,0.0,0.08830778623577254,0.8830778623577255,0.18504631039295422,0.2138463103929542,0.17535889311788647,0.08219933337491842,0.1379250000000003,0.11890000000000012,0.25833473279471586,0.07663500000000031,0.07560000000000033,1.0,1.0,0.1,0.0,0.0,0.0,0.0,0.1,0.0,0.08830778623577254,0.8830778623577255,0.18504631039295422,0.2138463103929542,0.17535889311788647,0.08219933337491842,0.1379250000000003,0.11890000000000012,0.25833473279471586,0.07663500000000031,0.07560000000000033,1.0,1.0,0.1,0.0,0.0,0.0,0.0,0.1,0.0,0.08830778623577254,0.8830778623577255,0.18504631039295422,0.2138463103929542,0.13840500000000017,0.049749394217417246,0.12357500000000032,0.11890000000000012,0.15375000000000005,0.07663500000000031,0.07560000000000033,1.0,0.7,0.1,0.0,0.0,0.0,0.0,0.1,0.004647966849674841,0.12526167935365884,1.2526167935365884,0.18504631039295422,0.2138463103929542,1.0,0.3,0.3,0.3,0.0,0.3,0.3,1.0,0.3333333333333333,0.3,1.0,0.3333333333333333,0.3,1.0,0.3333333333333333,0.0,1.0,0.0,0.3,0.0,0.3,0.3,0.0,0.3,0.3,0.3,0.0,0.0,0.0,0.3,0.3,1.0,1.0,0.0,0.0,1.0,1.0,1.0,1.0,0.0,0.0,3,3,0.3,1.0,0.0,0.3,0.0,0.3,0.0,1.0,0.0,0.0,1.0,0.0,0.0,0.36953893117886305,-0.36953893117886305,-0.036953893117886306,-0.36953893117886305,0.3059761111340893,0.004647966849674841,0.004647966849674841,0.0,1.0,1.188888888888889,0,0,0,3,C1,0.0,0.0,0.17535889311788647,0.1,1.0,0.3,0.0,0.0,0.17535889311788647
phaseflip,mixed_pauli,0.1,4,0.75,0.1,10,qiskit_aer,1,1,0.83941,0.24029194444444443,0.8222222222222222,0.3388888888888889,0.0,0.1,0.0,1.0,0.13840500000000017,0.04974939421741725,0.12357500000000032,0.11890000000000003,0.15375000000000014,0.07663500000000031,0.07560000000000033,1.0,0.6,0.1,0.0,0.0,0.0,0.0,0.1,0.26065131039295447,0.03309498791357987,0.26874631039295444,0.23597131039295446,0.2842713103929545,0.20851381039295455,0.1980963103929546,1.0,1.0,0.0,0.0,0.0,0.0,0.0,0.1,0.19834352415718187,0.07350419335192852,0.20927315519647732,0.1330875000000004,0.2644097327947158,0.09508500000000018,0.07560000000000033,1.0,1.0,0.1,0.0,0.0,0.0,0.0,0.1,0.0,0.06532315519647713,0.6532315519647713,0.18504631039295422,0.2138463103929542,0.19834352415718187,0.07350419335192852,0.20927315519647732,0.1330875000000004,0.2644097327947158,0.09508500000000018,0.07560000000000033,1.0,1.0,0.1,0.0,0.0,0.0,0.0,0.1,0.0,0.06532315519647713,0.6532315519647713,0.18504631039295422,0.2138463103929542,0.19834352415718187,0.07350419335192852,0.20927315519647732,0.1330875000000004,0.2644097327947158,0.09508500000000018,0.07560000000000033,1.0,1.0,0.1,0.0,0.0,0.0,0.0,0.1,0.0,0.06532315519647713,0.6532315519647713,0.18504631039295422,0.2138463103929542,0.13840500000000017,0.04974939421741725,0.12357500000000032,0.11890000000000003,0.15375000000000014,0.07663500000000031,0.07560000000000033,1.0,0.6,0.1,0.0,0.0,0.0,0.0,0.1,2.9673427145938373e-05,0.12526167935365884,1.2526167935365884,0.18504631039295422,0.2138463103929542,1.0,0.4,0.4,0.4,0.0,0.4,0.4,1.0,0.4444444444444444,0.4,1.0,0.4444444444444444,0.4,1.0,0.4444444444444444,0.0,1.0,0.0,0.4,0.0,0.4,0.4,0.0,0.4,0.4,0.4,0.0,0.0,0.0,0.4,0.4,1.0,1.0,0.0,0.0,1.0,1.0,1.0,1.0,0.0,0.0,4,4,0.4,1.0,0.0,0.4,0.0,0.4,0.0,1.0,0.0,0.0,1.0,0.0,0.0,0.5993852415718172,-0.5993852415718172,-0.05993852415718172,-0.5993852415718172,0.5597080555794616,2.9673427145938373e-05,2.9673427145938373e-05,0.0,1.0,1.2888888888888888,0,0,0,4,C1,0.0,0.0,0.19834352415718187,0.1,1.0,0.4,0.0,0.0,0.19834352415718187
phaseflip,mixed_pauli,0.1,4,1.0,0.0,10,qiskit_aer,1,1,0.83941,0.19345222222222222,1.0,0.5,0.0,0.1,0.0,1.0,0.13840500000000017,0.04974939421741725,0.12357500000000032,0.11890000000000003,0.15375000000000014,0.07663500000000031,0.07560000000000033,1.0,0.7,0.1,0.0,0.0,0.0,0.0,0.1,0.26065131039295447,0.03309498791357987,0.26874631039295444,0.23597131039295446,0.2842713103929545,0.20851381039295455,0.1980963103929546,1.0,1.0,0.0,0.0,0.0,0.0,0.0,0.1,0.18335889311788645,0.07289581191679781,0.16920000000000013,0.12123750000000022,0.2454865775982385,0.09508500000000018,0.07560000000000033,1.0,1.0,0.1,0.0,0.0,0.0,0.0,0.1,0.0,0.08030778623577257,0.8030778623577257,0.18504631039295422,0.2138463103929542,0.18335889311788645,0.07289581191679781,0.16920000000000013,0.12123750000000022,0.2454865775982385,0.09508500000000018,0.07560000000000033,1.0,1.0,0.1,0.0,0.0,0.0,0.0,0.1,0.0,0.08030778623577257,0.8030778623577257,0.18504631039295422,0.2138463103929542,0.18335889311788645,0.07289581191679781,0.16920000000000013,0.12123750000000022,0.2454865775982385,0.09508500000000018,0.07560000000000033,1.0,1.0,0.1,0.0,0.0,0.0,0.0,0.1,0.0,0.08030778623577257,0.8030778623577257,0.18504631039295422,0.2138463103929542,0.13840500000000017,0.04974939421741725,0.12357500000000032,0.11890000000000003,0.15375000000000014,0.07663500000000031,0.07560000000000033,1.0,0.7,0.1,0.0,0.0,0.0,0.0,0.1,0.026001112223945504,0.12526167935365884,1.2526167935365884,0.18504631039295422,0.2138463103929542,1.0,0.3,0.3,0.3,0.0,0.3,0.3,1.0,0.3333333333333333,0.3,1.0,0.3333333333333333,0.3,1.0,0.3333333333333333,0.0,1.0,0.0,0.3,0.0,0.3,0.3,0.0,0.3,0.3,0.3,0.0,0.0,0.0,0.3,0.3,1.0,1.0,0.0,0.0,1.0,1.0,1.0,1.0,0.0,0.0,3,3,0.3,1.0,0.0,0.3,0.0,0.3,0.0,1.0,0.0,0.0,1.0,0.0,0.0,0.4495389311788628,-0.4495389311788628,-0.04495389311788628,-0.4495389311788628,0.4065477778020944,0.026001112223945504,0.026001112223945504,0.0,1.0,1.5,0,0,0,3,C1,0.0,0.0,0.18335889311788645,0.1,1.0,0.3,0.0,0.0,0.18335889311788645
phaseflip,mixed_pauli,0.1,4,1.0,0.03,10,qiskit_aer,1,1,0.83941,0.1725897222222222,1.0,0.5,0.0,0.1,0.0,1.0,0.13840500000000017,0.04974939421741725,0.12357500000000032,0.11890000000000003,0.15375000000000014,0.07663500000000031,0.07560000000000033,1.0,0.7,0.1,0.0,0.0,0.0,0.0,0.1,0.26065131039295447,0.03309498791357987,0.26874631039295444,0.23597131039295446,0.2842713103929545,0.20851381039295455,0.1980963103929546,1.0,1.0,0.0,0.0,0.0,0.0,0.0,0.1,0.18335889311788647,0.08088596380232718,0.16920000000000013,0.12123750000000014,0.2644097327947158,0.07663500000000031,0.07560000000000033,1.0,1.0,0.1,0.0,0.0,0.0,0.0,0.1,0.0,0.08030778623577255,0.8030778623577255,0.18504631039295422,0.2138463103929542,0.18335889311788647,0.08088596380232718,0.16920000000000013,0.12123750000000014,0.2644097327947158,0.07663500000000031,0.07560000000000033,1.0,1.0,0.1,0.0,0.0,0.0,0.0,0.1,0.0,0.08030778623577255,0.8030778623577255,0.18504631039295422,0.2138463103929542,0.18335889311788647,0.08088596380232718,0.16920000000000013,0.12123750000000014,0.2644097327947158,0.07663500000000031,0.07560000000000033,1.0,1.0,0.1,0.0,0.0,0.0,0.0,0.1,0.0,0.08030778623577255,0.8030778623577255,0.18504631039295422,0.2138463103929542,0.13840500000000017,0.04974939421741725,0.12357500000000032,0.11890000000000003,0.15375000000000014,0.07663500000000031,0.07560000000000033,1.0,0.7,0.1,0.0,0.0,0.0,0.0,0.1,0.028227715441075746,0.12526167935365884,1.2526167935365884,0.18504631039295422,0.2138463103929542,1.0,0.3,0.3,0.3,0.0,0.3,0.3,1.0,0.3333333333333333,0.3,1.0,0.3333333333333333,0.3,1.0,0.3333333333333333,0.0,1.0,0.0,0.3,0.0,0.3,0.3,0.0,0.3,0.3,0.3,0.0,0.0,0.0,0.3,0.3,1.0,1.0,0.0,0.0,1.0,1.0,1.0,1.0,0.0,0.0,3,3,0.3,1.0,0.0,0.3,0.0,0.3,0.0,1.0,0.0,0.0,1.0,0.0,0.0,0.449538931178863,-0.449538931178863,-0.0449538931178863,-0.449538931178863,0.42741027780270535,0.028227715441075746,0.028227715441075746,0.0,1.0,1.56,0,0,0,3,C1,0.0,0.0,0.18335889311788647,0.1,1.0,0.3,0.0,0.0,0.18335889311788647
phaseflip,mixed_pauli,0.1,4,1.0,0.05,10,qiskit_aer,1,1,0.83941,0.15100472222222222,1.0,0.5,0.0,0.1,0.0,1.0,0.13840500000000017,0.04974939421741725,0.12357500000000032,0.11890000000000003,0.15375000000000005,0.07663500000000031,0.07560000000000033,1.0,0.6,0.1,0.0,0.0,0.0,0.0,0.1,0.26065131039295447,0.03309498791357987,0.26874631039295444,0.23597131039295446,0.2842713103929545,0.20851381039295455,0.1980963103929546,1.0,1.0,0.0,0.0,0.0,0.0,0.0,0.1,0.19834352415718187,0.07350419335192852,0.20927315519647732,0.1330875000000004,0.2644097327947158,0.09508500000000018,0.07560000000000033,1.0,1.0,0.1,0.0,0.0,0.0,0.0,0.1,0.0,0.06532315519647713,0.6532315519647713,0.18504631039295422,0.2138463103929542,0.19834352415718187,0.07350419335192852,0.20927315519647732,0.1330875000000004,0.2644097327947158,0.09508500000000018,0.07560000000000033,1.0,1.0,0.1,0.0,0.0,0.0,0.0,0.1,0.0,0.06532315519647713,0.6532315519647713,0.18504631039295422,0.2138463103929542,0.19834352415718187,0.07350419335192852,0.20927315519647732,0.1330875000000004,0.2644097327947158,0.09508500000000018,0.07560000000000033,1.0,1.0,0.1,0.0,0.0,0.0,0.0,0.1,0.0,0.06532315519647713,0.6532315519647713,0.18504631039295422,0.2138463103929542,0.13840500000000017,0.04974939421741725,0.12357500000000032,0.11890000000000003,0.15375000000000005,0.07663500000000031,0.07560000000000033,1.0,0.6,0.1,0.0,0.0,0.0,0.0,0.1,0.022566699454734235,0.12526167935365887,1.2526167935365886,0.18504631039295422,0.2138463103929542,1.0,0.4,0.4,0.4,0.0,0.4,0.4,1.0,0.4444444444444444,0.4,1.0,0.4444444444444444,0.4,1.0,0.4444444444444444,0.0,1.0,0.0,0.4,0.0,0.4,0.4,0.0,0.4,0.4,0.4,0.0,0.0,0.0,0.4,0.4,1.0,1.0,0.0,0.0,1.0,1.0,1.0,1.0,0.0,0.0,4,4,0.4,1.0,0.0,0.4,0.0,0.4,0.0,1.0,0.0,0.0,1.0,0.0,0.0,0.5993852415718173,-0.5993852415718173,-0.059938524157181726,-0.5993852415718173,0.6489952778004509,0.022566699454734235,0.022566699454734235,0.0,1.0,1.6,0,0,0,4,C1,0.0,0.0,0.19834352415718187,0.1,1.0,0.4,0.0,0.0,0.19834352415718187
phaseflip,mixed_pauli,0.1,4,1.0,0.1,10,qiskit_aer,1,1,0.83941,0.1276986111111111,1.0,0.5,0.0,0.1,0.0,1.0,0.13840500000000017,0.04974939421741725,0.12357500000000032,0.11890000000000012,0.15375000000000014,0.07663500000000031,0.07560000000000033,1.0,0.7,0.1,0.0,0.0,0.0,0.0,0.1,0.26065131039295447,0.03309498791357987,0.26874631039295444,0.23597131039295446,0.2842713103929545,0.20851381039295455,0.1980963103929546,1.0,1.0,0.0,0.0,0.0,0.0,0.0,0.1,0.18335889311788645,0.0728958119167978,0.16920000000000013,0.12123750000000022,0.2454865775982385,0.09508500000000024,0.07560000000000033,1.0,1.0,0.1,0.0,0.0,0.0,0.0,0.1,0.0,0.08030778623577256,0.8030778623577256,0.18504631039295422,0.2138463103929542,0.18335889311788645,0.0728958119167978,0.16920000000000013,0.12123750000000022,0.2454865775982385,0.09508500000000024,0.07560000000000033,1.0,1.0,0.1,0.0,0.0,0.0,0.0,0.1,0.0,0.08030778623577256,0.8030778623577256,0.18504631039295422,0.2138463103929542,0.18335889311788645,0.0728958119167978,0.16920000000000013,0.12123750000000022,0.2454865775982385,0.09508500000000024,0.07560000000000033,1.0,1.0,0.1,0.0,0.0,0.0,0.0,0.1,0.0,0.08030778623577256,0.8030778623577256,0.18504631039295422,0.2138463103929542,0.13840500000000017,0.04974939421741725,0.12357500000000032,0.11890000000000012,0.15375000000000014,0.07663500000000031,0.07560000000000033,1.0,0.7,0.1,0.0,0.0,0.0,0.0,0.1,0.005536451049615136,0.12526167935365884,1.2526167935365884,0.18504631039295422,0.2138463103929542,1.0,0.3,0.3,0.3,0.0,0.3,0.3,1.0,0.3333333333333333,0.3,1.0,0.3333333333333333,0.3,1.0,0.3333333333333333,0.0,1.0,0.0,0.3,0.0,0.3,0.3,0.0,0.3,0.3,0.3,0.0,0.0,0.0,0.3,0.3,1.0,1.0,0.0,0.0,1.0,1.0,1.0,1.0,0.0,0.0,3,3,0.3,1.0,0.0,0.3,0.0,0.3,0.0,1.0,0.0,0.0,1.0,0.0,0.0,0.4495389311788628,-0.4495389311788628,-0.04495389311788628,-0.4495389311788628,0.4723013889138045,0.005536451049615136,0.005536451049615136,0.0,1.0,1.7000000000000002,0,0,0,3,C1,0.0,0.0,0.18335889311788645,0.1,1.0,0.3,0.0,0.0,0.18335889311788645
phaseflip,mixed_pauli,0.15,2,0.0,0.0,10,qiskit_aer,1,1,0.8891875000000001,0.8891875000000001,0.0,0.0,0.4,0.4,0.0,0.0,0.0995624999999998,0.0636862732953499,0.12749999999999984,0.06374999999999978,0.12749999999999992,-2.220446049250313e-16,-2.220446049250313e-16,1.0,0.9,0.2,0.1,0.0,0.4,0.4,0.4,0.21040881039295437,0.04157302498315466,0.22484631039295433,0.18359631039295432,0.2473463103929544,0.14544006039295435,0.11422131039295436,1.0,1.0,0.0,0.0,0.0,0.4,0.4,0.4,0.1235317620785907,0.06809732085948483,0.1274999999999999,0.12749999999999984,0.17379098279471566,-2.220446049250313e-16,-2.220446049250313e-16,1.0,1.0,0.2,0.0,0.0,0.4,0.4,0.4,0.0,0.09290778623577273,0.9290778623577273,0.22484631039295455,0.22484631039295455,0.11154713103929524,0.06700913846926297,0.12749999999999984,0.07968749999999977,0.14015624999999976,-2.220446049250313e-16,-2.220446049250313e-16,1.0,1.0,0.2,0.0,0.0,0.4,0.4,0.4,0.0,0.10489241727506818,1.0489241727506817,0.22484631039295455,0.22484631039295455,0.11154713103929524,0.06700913846926297,0.12749999999999984,0.07968749999999977,0.14015624999999976,-2.220446049250313e-16,-2.220446049250313e-16,1.0,1.0,0.2,0.0,0.0,0.4,0.4,0.4,0.0,0.10489241727506818,1.0489241727506817,0.22484631039295455,0.22484631039295455,0.11154713103929524,0.06700913846926297,0.12749999999999984,0.07968749999999977,0.14015624999999976,-2.220446049250313e-16,-2.220446049250313e-16,1.0,1.0,0.2,0.0,0.0,0.4,0.4,0.4,0.0,0.10489241727506818,1.0489241727506817,0.22484631039295455,0.22484631039295455,1.0,0.2,0.1,0.1,0.1,0.0,0.2,1.0,0.25,0.1,1.0,0.125,0.1,1.0,0.125,0.1,1.0,0.125,0.1,0.1,0.1,0.1,0.1,0.1,0.1,0.0,0.0,0.0,0.0,0.1,0.1,1.0,1.0,1.0,0.1,1.0,1.0,1.0,1.0,1.0,1.0,1,0,0.0,0.0,0.0,0.1,0.0,0.0,0.0,0.0,0.0,0.0,0.0,1.0,0.0,0.0,0.0,0.0,0.0,-0.6891874999628882,2.166112591183837e-21,2.166112591183837e-21,0.0,0.0,0.0,0,0,0,0,C1,0.0,0.0,0.1235317620785907,0.2,1.0,0.2,0.0,0.0,0.1235317620785907
phaseflip,mixed_pauli,0.15,2,0.0,0.03,10,qiskit_aer,1,1,0.8891875000000001,0.7249236111111111,0.09999999999999999,0.0,0.1,0.4,0.0,0.0,0.0995624999999998,0.0636862732953499,0.12749999999999984,0.06374999999999978,0.12749999999999992,-2.220446049250313e-16,-2.220446049250313e-16,1.0,0.9,0.2,0.0,0.0,0.1,0.1,0.4,0.21040881039295437,0.04157302498315466,0.22484631039295433,0.18359631039295432,0.2473463103929544,0.14544006039295435,0.11422131039295436,1.0,1.0,0.0,0.0,0.0,0.1,0.1,0.4,0.11154713103929524,0.06700913846926297,0.12749999999999984,0.07968749999999977,0.14015624999999976,-2.220446049250313e-16,-2.220446049250313e-16,1.0,1.0,0.2,0.0,0.0,0.1,0.1,0.4,0.0,0.10489241727506818,1.0489241727506817,0.22484631039295455,0.22484631039295455,0.11154713103929524,0.06700913846926297,0.12749999999999984,0.07968749999999977,0.14015624999999976,-2.220446049250313e-16,-2.220446049250313e-16,1.0,1.0,0.2,0.0,0.0,0.1,0.1,0.4,0.0,0.10489241727506818,1.0489241727506817,0.22484631039295455,0.22484631039295455,0.11154713103929524,0.06700913846926297,0.12749999999999984,0.07968749999999977,0.14015624999999976,-2.220446049250313e-16,-2.220446049250313e-16,1.0,1.0,0.2,0.0,0.0,0.1,0.1,0.4,0.0,0.10489241727506818,1.0489241727506817,0.22484631039295455,0.22484631039295455,0.11154713103929524,0.06700913846926297,0.12749999999999984,0.07968749999999977,0.14015624999999976,-2.220446049250313e-16,-2.220446049250313e-16,1.0,1.0,0.2,0.0,0.0,0.1,0.1,0.4,0.0,0.10489241727506818,1.0489241727506817,0.22484631039295455,0.22484631039295455,1.0,0.1,0.1,0.1,0.1,0.0,0.1,1.0,0.125,0.1,1.0,0.125,0.1,1.0,0.125,0.1,1.0,0.125,0.1,0.0,0.1,0.1,0.1,0.1,0.1,0.0,0.0,0.0,0.0,0.1,0.1,1.0,1.0,1.0,0.1,1.0,1.0,1.0,1.0,1.0,1.0,1,0,0.0,0.0,0.0,0.1,0.0,0.0,0.0,0.0,0.0,0.0,0.0,1.0,0.0,0.0,0.0,0.0,0.0,-0.5249236110741929,2.166112591183837e-21,2.166112591183837e-21,0.0,0.06,0.06,0,0,0,0,C1,0.0,0.0,0.11154713103929524,0.2,1.0,0.1,0.0,0.0,0.11154713103929524
phaseflip,mixed_pauli,0.15,2,0.0,0.05,10,qiskit_aer,1,1,0.8891875000000001,0.6434722222222222,0.18888888888888888,0.0,0.0,0.4,0.0,0.0,0.0995624999999998,0.0636862732953499,0.12749999999999984,0.06374999999999978,0.12749999999999992,-2.220446049250313e-16,-2.220446049250313e-16,1.0,0.9,0.2,0.0,0.0,0.0,0.0,0.4,0.21040881039295437,0.04157302498315466,0.22484631039295433,0.18359631039295432,0.2473463103929544,0.14544006039295435,0.11422131039295436,1.0,1.0,0.0,0.0,0.0,0.0,0.0,0.4,0.11154713103929524,0.06700913846926297,0.12749999999999984,0.07968749999999977,0.14015624999999976,-2.220446049250313e-16,-2.220446049250313e-16,1.0,1.0,0.2,0.0,0.0,0.0,0.0,0.4,0.0,0.10489241727506818,1.0489241727506817,0.22484631039295455,0.22484631039295455,0.11154713103929524,0.06700913846926297,0.12749999999999984,0.07968749999999977,0.14015624999999976,-2.220446049250313e-16,-2.220446049250313e-16,1.0,1.0,0.2,0.0,0.0,0.0,0.0,0.4,0.0,0.10489241727506818,1.0489241727506817,0.22484631039295455,0.22484631039295455,0.11154713103929524,0.06700913846926297,0.12749999999999984,0.07968749999999977,0.14015624999999976,-2.220446049250313e-16,-2.220446049250313e-16,1.0,1.0,0.2,0.0,0.0,0.0,0.0,0.4,0.0,0.10489241727506818,1.0489241727506817,0.22484631039295455,0.22484631039295455,0.11154713103929524,0.06700913846926297,0.12749999999999984,0.07968749999999977,0.14015624999999976,-2.220446049250313e-16,-2.220446049250313e-16,1.0,1.0,0.2,0.0,0.0,0.0,0.0,0.4,0.0,0.10489241727506818,1.0489241727506817,0.22484631039295455,0.22484631039295455,1.0,0.1,0.1,0.1,0.1,0.0,0.1,1.0,0.125,0.1,1.0,0.125,0.1,1.0,0.125,0.1,1.0,0.125,0.1,0.0,0.1,0.1,0.1,0.1,0.1,0.0,0.0,0.0,0.0,0.1,0.1,1.0,1.0,1.0,0.1,1.0,1.0,1.0,1.0,1.0,1.0,1,0,0.0,0.0,0.0,0.1,0.0,0.0,0.0,0.0,0.0,0.0,0.0,1.0,0.0,0.0,0.0,0.0,0.0,-0.4434722221854834,2.166112591183837e-21,2.166112591183837e-21,0.0,0.1,0.1,0,0,0,0,C1,0.0,0.0,0.11154713103929524,0.2,1.0,0.1,0.0,0.0,0.11154713103929524
phaseflip,mixed_pauli,0.15,2,0.0,0.1,10,qiskit_aer,1,1,0.8891875000000001,0.5559097222222222,0.3333333333333333,0.0,0.0,0.4,0.0,0.0,0.0995624999999998,0.0636862732953499,0.12749999999999984,0.06374999999999986,0.12749999999999992,-2.220446049250313e-16,-2.220446049250313e-16,1.0,0.9,0.2,0.0,0.0,0.0,0.0,0.4,0.21040881039295437,0.04157302498315466,0.22484631039295433,0.18359631039295432,0.2473463103929544,0.14544006039295435,0.11422131039295436,1.0,1.0,0.0,0.0,0.0,0.0,0.0,0.4,0.11154713103929526,0.06700913846926296,0.12749999999999984,0.07968749999999986,0.14015624999999976,-2.220446049250313e-16,-2.220446049250313e-16,1.0,1.0,0.2,0.0,0.0,0.0,0.0,0.4,0.0,0.10489241727506818,1.0489241727506817,0.22484631039295455,0.22484631039295455,0.11154713103929526,0.06700913846926296,0.12749999999999984,0.07968749999999986,0.14015624999999976,-2.220446049250313e-16,-2.220446049250313e-16,1.0,1.0,0.2,0.0,0.0,0.0,0.0,0.4,0.0,0.10489241727506818,1.0489241727506817,0.22484631039295455,0.22484631039295455,0.11154713103929526,0.06700913846926296,0.12749999999999984,0.07968749999999986,0.14015624999999976,-2.220446049250313e-16,-2.220446049250313e-16,1.0,1.0,0.2,0.0,0.0,0.0,0.0,0.4,0.0,0.10489241727506818,1.0489241727506817,0.22484631039295455,0.22484631039295455,0.11154713103929526,0.06700913846926296,0.12749999999999984,0.07968749999999986,0.14015624999999976,-2.220446049250313e-16,-2.220446049250313e-16,1.0,1.0,0.2,0.0,0.0,0.0,0.0,0.4,0.0,0.10489241727506818,1.0489241727506817,0.22484631039295455,0.22484631039295455,1.0,0.1,0.1,0.1,0.1,0.0,0.1,1.0,0.125,0.1,1.0,0.125,0.1,1.0,0.125,0.1,1.0,0.125,0.1,0.0,0.1,0.1,0.1,0.1,0.1,0.0,0.0,0.0,0.0,0.1,0.1,1.0,1.0,1.0,0.1,1.0,1.0,1.0,1.0,1.0,1.0,1,0,0.0,0.0,0.0,0.1,0.0,0.0,0.0,0.0,0.0,0.0,0.0,1.0,0.0,0.0,0.0,0.0,0.0,-0.3559097221854009,2.166112591183837e-21,2.166112591183837e-21,0.0,0.2,0.2,0,0,0,0,C1,0.0,0.0,0.11154713103929526,0.2,1.0,0.1,0.0,0.0,0.11154713103929526
phaseflip,mixed_pauli,0.15,2,0.25,0.0,10,qiskit_aer,1,1,0.8891875000000001,0.6479618055555556,0.2222222222222222,0.11111111111111113,0.1,0.4,0.0,0.9,0.0995624999999998,0.0636862732953499,0.12749999999999984,0.06374999999999986,0.12749999999999992,-2.220446049250313e-16,-2.220446049250313e-16,1.0,0.9,0.2,0.0,0.0,0.1,0.1,0.4,0.21040881039295437,0.04157302498315466,0.22484631039295433,0.18359631039295432,0.2473463103929544,0.14544006039295435,0.11422131039295436,1.0,1.0,0.0,0.0,0.0,0.1,0.1,0.4,0.11154713103929526,0.06700913846926296,0.12749999999999984,0.07968749999999986,0.14015624999999976,-2.220446049250313e-16,-2.220446049250313e-16,1.0,1.0,0.2,0.0,0.0,0.1,0.1,0.4,0.0,0.10489241727506818,1.0489241727506817,0.22484631039295455,0.22484631039295455,0.11154713103929526,0.06700913846926296,0.12749999999999984,0.07968749999999986,0.14015624999999976,-2.220446049250313e-16,-2.220446049250313e-16,1.0,1.0,0.2,0.0,0.0,0.1,0.1,0.4,0.0,0.10489241727506818,1.0489241727506817,0.22484631039295455,0.22484631039295455,0.11154713103929526,0.06700913846926296,0.12749999999999984,0.07968749999999986,0.14015624999999976,-2.220446049250313e-16,-2.220446049250313e-16,1.0,1.0,0.2,0.0,0.0,0.1,0.1,0.4,0.0,0.10489241727506818,1.0489241727506817,0.22484631039295455,0.22484631039295455,0.11154713103929526,0.06700913846926296,0.12749999999999984,0.07968749999999986,0.14015624999999976,-2.220446049250313e-16,-2.220446049250313e-16,1.0,1.0,0.2,0.0,0.0,0.1,0.1,0.4,0.0,0.10489241727506818,1.0489241727506817,0.22484631039295455,0.22484631039295455,1.0,0.1,0.1,0.1,0.1,0.0,0.1,1.0,0.125,0.1,1.0,0.125,0.1,1.0,0.125,0.1,1.0,0.125,0.1,0.0,0.1,0.1,0.1,0.1,0.1,0.0,0.0,0.0,0.0,0.1,0.1,1.0,1.0,1.0,0.1,1.0,1.0,1.0,1.0,1.0,1.0,1,0,0.0,0.0,0.0,0.1,0.0,0.0,0.0,0.0,0.0,0.0,0.0,1.0,0.0,0.0,0.0,0.0,0.0,-0.4479618055188311,2.166112591183837e-21,2.166112591183837e-21,0.0,0.36111111111111116,0.36111111111111116,0,0,0,0,C1,0.0,0.0,0.11154713103929526,0.2,1.0,0.1,0.0,0.0,0.11154713103929526
phaseflip,mixed_pauli,0.15,2,0.25,0.03,10,qiskit_aer,1,1,0.8891875000000001,0.6021284722222222,0.3,0.11111111111111113,0.1,0.4,0.0,0.9,0.0995624999999998,0.0636862732953499,0.12749999999999984,0.06374999999999986,0.12749999999999992,-2.220446049250313e-16,-2.220446049250313e-16,1.0,0.9,0.2,0.0,0.0,0.1,0.1,0.4,0.21040881039295437,0.04157302498315466,0.22484631039295433,0.18359631039295432,0.2473463103929544,0.14544006039295435,0.11422131039295436,1.0,1.0,0.0,0.0,0.0,0.1,0.1,0.4,0.11154713103929526,0.06700913846926296,0.12749999999999984,0.07968749999999986,0.14015624999999976,-2.220446049250313e-16,-2.220446049250313e-16,1.0,1.0,0.2,0.0,0.0,0.1,0.1,0.4,0.0,0.10489241727506818,1.0489241727506817,0.22484631039295455,0.22484631039295455,0.11154713103929526,0.06700913846926296,0.12749999999999984,0.07968749999999986,0.14015624999999976,-2.220446049250313e-16,-2.220446049250313e-16,1.0,1.0,0.2,0.0,0.0,0.1,0.1,0.4,0.0,0.10489241727506818,1.0489241727506817,0.22484631039295455,0.22484631039295455,0.11154713103929526,0.06700913846926296,0.12749999999999984,0.07968749999999986,0.14015624999999976,-2.220446049250313e-16,-2.220446049250313e-16,1.0,1.0,0.2,0.0,0.0,0.1,0.1,0.4,0.0,0.10489241727506818,1.0489241727506817,0.22484631039295455,0.22484631039295455,0.11154713103929526,0.06700913846926296,0.12749999999999984,0.07968749999999986,0.14015624999999976,-2.220446049250313e-16,-2.220446049250313e-16,1.0,1.0,0.2,0.0,0.0,0.1,0.1,0.4,0.0,0.10489241727506818,1.0489241727506817,0.22484631039295455,0.22484631039295455,1.0,0.1,0.1,0.1,0.1,0.0,0.1,1.0,0.125,0.1,1.0,0.125,0.1,1.0,0.125,0.1,1.0,0.125,0.1,0.0,0.1,0.1,0.1,0.1,0.1,0.0,0.0,0.0,0.0,0.1,0.1,1.0,1.0,1.0,0.1,1.0,1.0,1.0,1.0,1.0,1.0,1,0,0.0,0.0,0.0,0.1,0.0,0.0,0.0,0.0,0.0,0.0,0.0,1.0,0.0,0.0,0.0,0.0,0.0,-0.40212847218809455,2.166112591183837e-21,2.166112591183837e-21,0.0,0.4211111111111112,0.4211111111111112,0,0,0,0,C1,0.0,0.0,0.11154713103929526,0.2,1.0,0.1,0.0,0.0,0.11154713103929526
phaseflip,mixed_pauli,0.15,2,0.25,0.05,10,qiskit_aer,1,1,0.8891875000000001,0.53609375,0.36666666666666664,0.11111111111111113,0.0,0.4,0.0,0.9,0.0995624999999998,0.0636862732953499,0.12749999999999984,0.06374999999999986,0.12749999999999992,-2.220446049250313e-16,-2.220446049250313e-16,1.0,0.9,0.2,0.0,0.0,0.0,0.0,0.4,0.21040881039295437,0.04157302498315466,0.22484631039295433,0.18359631039295432,0.2473463103929544,0.14544006039295435,0.11422131039295436,1.0,1.0,0.0,0.0,0.0,0.0,0.0,0.4,0.11154713103929526,0.06700913846926296,0.12749999999999984,0.07968749999999986,0.14015624999999976,-2.220446049250313e-16,-2.220446049250313e-16,1.0,1.0,0.2,0.0,0.0,0.0,0.0,0.4,0.0,0.10489241727506818,1.0489241727506817,0.22484631039295455,0.22484631039295455,0.11154713103929526,0.06700913846926296,0.12749999999999984,0.07968749999999986,0.14015624999999976,-2.220446049250313e-16,-2.220446049250313e-16,1.0,1.0,0.2,0.0,0.0,0.0,0.0,0.4,0.0,0.10489241727506818,1.0489241727506817,0.22484631039295455,0.22484631039295455,0.11154713103929526,0.06700913846926296,0.12749999999999984,0.07968749999999986,0.14015624999999976,-2.220446049250313e-16,-2.220446049250313e-16,1.0,1.0,0.2,0.0,0.0,0.0,0.0,0.4,0.0,0.10489241727506818,1.0489241727506817,0.22484631039295455,0.22484631039295455,0.11154713103929526,0.06700913846926296,0.12749999999999984,0.07968749999999986,0.14015624999999976,-2.220446049250313e-16,-2.220446049250313e-16,1.0,1.0,0.2,0.0,0.0,0.0,0.0,0.4,0.0,0.10489241727506818,1.0489241727506817,0.22484631039295455,0.22484631039295455,1.0,0.1,0.1,0.1,0.1,0.0,0.1,1.0,0.125,0.1,1.0,0.125,0.1,1.0,0.125,0.1,1.0,0.125,0.1,0.0,0.1,0.1,0.1,0.1,0.1,0.0,0.0,0.0,0.0,0.1,0.1,1.0,1.0,1.0,0.1,1.0,1.0,1.0,1.0,1.0,1.0,1,0,0.0,0.0,0.0,0.1,0.0,0.0,0.0,0.0,0.0,0.0,0.0,1.0,0.0,0.0,0.0,0.0,0.0,-0.33609374996298497,2.166112591183837e-21,2.166112591183837e-21,0.0,0.46111111111111114,0.46111111111111114,0,0,0,0,C1,0.0,0.0,0.11154713103929526,0.2,1.0,0.1,0.0,0.0,0.11154713103929526
phaseflip,mixed_pauli,0.15,2,0.25,0.1,10,qiskit_aer,1,1,0.8891875000000001,0.45089236111111114,0.5111111111111111,0.11111111111111113,0.0,0.4,0.0,0.9,0.0995624999999998,0.0636862732953499,0.12749999999999984,0.06374999999999978,0.12749999999999992,-2.220446049250313e-16,-2.220446049250313e-16,1.0,0.9,0.2,0.0,0.0,0.0,0.0,0.4,0.21040881039295437,0.04157302498315466,0.22484631039295433,0.18359631039295432,0.2473463103929544,0.14544006039295435,0.11422131039295436,1.0,1.0,0.0,0.0,0.0,0.0,0.0,0.4,0.11154713103929524,0.06700913846926297,0.12749999999999984,0.07968749999999977,0.14015624999999976,-2.220446049250313e-16,-2.220446049250313e-16,1.0,1.0,0.2,0.0,0.0,0.0,0.0,0.4,0.0,0.10489241727506818,1.0489241727506817,0.22484631039295455,0.22484631039295455,0.11154713103929524,0.06700913846926297,0.12749999999999984,0.07968749999999977,0.14015624999999976,-2.220446049250313e-16,-2.220446049250313e-16,1.0,1.0,0.2,0.0,0.0,0.0,0.0,0.4,0.0,0.10489241727506818,1.0489241727506817,0.22484631039295455,0.22484631039295455,0.11154713103929524,0.06700913846926297,0.12749999999999984,0.07968749999999977,0.14015624999999976,-2.220446049250313e-16,-2.220446049250313e-16,1.0,1.0,0.2,0.0,0.0,0.0,0.0,0.4,0.0,0.10489241727506818,1.0489241727506817,0.22484631039295455,0.22484631039295455,0.11154713103929524,0.06700913846926297,0.12749999999999984,0.07968749999999977,0.14015624999999976,-2.220446049250313e-16,-2.220446049250313e-16,1.0,1.0,0.2,0.0,0.0,0.0,0.0,0.4,0.0,0.10489241727506818,1.0489241727506817,0.22484631039295455,0.22484631039295455,1.0,0.1,0.1,0.1,0.1,0.0,0.1,1.0,0.125,0.1,1.0,0.125,0.1,1.0,0.125,0.1,1.0,0.125,0.1,0.0,0.1,0.1,0.1,0.1,0.1,0.0,0.0,0.0,0.0,0.1,0.1,1.0,1.0,1.0,0.1,1.0,1.0,1.0,1.0,1.0,1.0,1,0,0.0,0.0,0.0,0.1,0.0,0.0,0.0,0.0,0.0,0.0,0.0,1.0,0.0,0.0,0.0,0.0,0.0,-0.25089236107736634,2.166112591183837e-21,2.166112591183837e-21,0.0,0.5611111111111111,0.5611111111111111,0,0,0,0,C1,0.0,0.0,0.11154713103929524,0.2,1.0,0.1,0.0,0.0,0.11154713103929524
phaseflip,mixed_pauli,0.15,2,0.5,0.0,10,qiskit_aer,1,1,0.8891875000000001,0.5380069444444445,0.43333333333333335,0.21666666666666667,0.0,0.4,0.0,1.0,0.0995624999999998,0.0636862732953499,0.12749999999999984,0.06374999999999986,0.12749999999999992,-2.220446049250313e-16,-2.220446049250313e-16,1.0,0.9,0.2,0.0,0.0,0.0,0.0,0.4,0.21040881039295437,0.04157302498315466,0.22484631039295433,0.18359631039295432,0.2473463103929544,0.14544006039295435,0.11422131039295436,1.0,1.0,0.0,0.0,0.0,0.0,0.0,0.4,0.11154713103929526,0.06700913846926296,0.12749999999999984,0.07968749999999986,0.14015624999999976,-2.220446049250313e-16,-2.220446049250313e-16,1.0,1.0,0.2,0.0,0.0,0.0,0.0,0.4,0.0,0.10489241727506818,1.0489241727506817,0.22484631039295455,0.22484631039295455,0.11154713103929526,0.06700913846926296,0.12749999999999984,0.07968749999999986,0.14015624999999976,-2.220446049250313e-16,-2.220446049250313e-16,1.0,1.0,0.2,0.0,0.0,0.0,0.0,0.4,0.0,0.10489241727506818,1.0489241727506817,0.22484631039295455,0.22484631039295455,0.11154713103929526,0.06700913846926296,0.12749999999999984,0.07968749999999986,0.14015624999999976,-2.220446049250313e-16,-2.220446049250313e-16,1.0,1.0,0.2,0.0,0.0,0.0,0.0,0.4,0.0,0.10489241727506818,1.0489241727506817,0.22484631039295455,0.22484631039295455,0.11154713103929526,0.06700913846926296,0.12749999999999984,0.07968749999999986,0.14015624999999976,-2.220446049250313e-16,-2.220446049250313e-16,1.0,1.0,0.2,0.0,0.0,0.0,0.0,0.4,0.0,0.10489241727506818,1.0489241727506817,0.22484631039295455,0.22484631039295455,1.0,0.1,0.1,0.1,0.1,0.0,0.1,1.0,0.125,0.1,1.0,0.125,0.1,1.0,0.125,0.1,1.0,0.125,0.1,0.0,0.1,0.1,0.1,0.1,0.1,0.0,0.0,0.0,0.0,0.1,0.1,1.0,1.0,1.0,0.1,1.0,1.0,1.0,1.0,1.0,1.0,1,0,0.0,0.0,0.0,0.1,0.0,0.0,0.0,0.0,0.0,0.0,0.0,1.0,0.0,0.0,0.0,0.0,0.0,-0.3380069444130929,2.166112591183837e-21,2.166112591183837e-21,0.0,0.7166666666666667,0.7166666666666667,0,0,0,0,C1,0.0,0.0,0.11154713103929526,0.2,1.0,0.1,0.0,0.0,0.11154713103929526
phaseflip,mixed_pauli,0.15,2,0.5,0.03,10,qiskit_aer,1,1,0.8891875000000001,0.4927986111111112,0.4888888888888889,0.21666666666666667,0.0,0.4,0.0,1.0,0.0995624999999998,0.0636862732953499,0.12749999999999984,0.06374999999999978,0.12749999999999992,-2.220446049250313e-16,-2.220446049250313e-16,1.0,0.9,0.2,0.0,0.0,0.0,0.0,0.4,0.21040881039295437,0.04157302498315466,0.22484631039295433,0.18359631039295432,0.2473463103929544,0.14544006039295435,0.11422131039295436,1.0,1.0,0.0,0.0,0.0,0.0,0.0,0.4,0.11154713103929524,0.06700913846926297,0.12749999999999984,0.07968749999999977,0.14015624999999976,-2.220446049250313e-16,-2.220446049250313e-16,1.0,1.0,0.2,0.0,0.0,0.0,0.0,0.4,0.0,0.10489241727506818,1.0489241727506817,0.22484631039295455,0.22484631039295455,0.11154713103929524,0.06700913846926297,0.12749999999999984,0.07968749999999977,0.14015624999999976,-2.220446049250313e-16,-2.220446049250313e-16,1.0,1.0,0.2,0.0,0.0,0.0,0.0,0.4,0.0,0.10489241727506818,1.0489241727506817,0.22484631039295455,0.22484631039295455,0.11154713103929524,0.06700913846926297,0.12749999999999984,0.07968749999999977,0.14015624999999976,-2.220446049250313e-16,-2.220446049250313e-16,1.0,1.0,0.2,0.0,0.0,0.0,0.0,0.4,0.0,0.10489241727506818,1.0489241727506817,0.22484631039295455,0.22484631039295455,0.11154713103929524,0.06700913846926297,0.12749999999999984,0.07968749999999977,0.14015624999999976,-2.220446049250313e-16,-2.220446049250313e-16,1.0,1.0,0.2,0.0,0.0,0.0,0.0,0.4,0.0,0.10489241727506818,1.0489241727506817,0.22484631039295455,0.22484631039295455,1.0,0.1,0.1,0.1,0.1,0.0,0.1,1.0,0.125,0.1,1.0,0.125,0.1,1.0,0.125,0.1,1.0,0.125,0.1,0.0,0.1,0.1,0.1,0.1,0.1,0.0,0.0,0.0,0.0,0.1,0.1,1.0,1.0,1.0,0.1,1.0,1.0,1.0,1.0,1.0,1.0,1,0,0.0,0.0,0.0,0.1,0.0,0.0,0.0,0.0,0.0,0.0,0.0,1.0,0.0,0.0,0.0,0.0,0.0,-0.29279861107723054,2.166112591183837e-21,2.166112591183837e-21,0.0,0.7766666666666667,0.7766666666666667,0,0,0,0,C1,0.0,0.0,0.11154713103929524,0.2,1.0,0.1,0.0,0.0,0.11154713103929524
phaseflip,mixed_pauli,0.15,2,0.5,0.05,10,qiskit_aer,1,1,0.8891875000000001,0.43509722222222225,0.5444444444444444,0.21666666666666667,0.0,0.4,0.0,1.0,0.0995624999999998,0.0636862732953499,0.12749999999999984,0.06374999999999978,0.12749999999999992,-2.220446049250313e-16,-2.220446049250313e-16,1.0,0.9,0.2,0.0,0.0,0.0,0.0,0.4,0.21040881039295437,0.04157302498315466,0.22484631039295433,0.18359631039295432,0.2473463103929544,0.14544006039295435,0.11422131039295436,1.0,1.0,0.0,0.0,0.0,0.0,0.0,0.4,0.11154713103929524,0.06700913846926297,0.12749999999999984,0.07968749999999977,0.14015624999999976,-2.220446049250313e-16,-2.220446049250313e-16,1.0,1.0,0.2,0.0,0.0,0.0,0.0,0.4,0.0,0.10489241727506818,1.0489241727506817,0.22484631039295455,0.22484631039295455,0.11154713103929524,0.06700913846926297,0.12749999999999984,0.07968749999999977,0.14015624999999976,-2.220446049250313e-16,-2.220446049250313e-16,1.0,1.0,0.2,0.0,0.0,0.0,0.0,0.4,0.0,0.10489241727506818,1.0489241727506817,0.22484631039295455,0.22484631039295455,0.11154713103929524,0.06700913846926297,0.12749999999999984,0.07968749999999977,0.14015624999999976,-2.220446049250313e-16,-2.220446049250313e-16,1.0,1.0,0.2,0.0,0.0,0.0,0.0,0.4,0.0,0.10489241727506818,1.0489241727506817,0.22484631039295455,0.22484631039295455,0.11154713103929524,0.06700913846926297,0.12749999999999984,0.07968749999999977,0.14015624999999976,-2.220446049250313e-16,-2.220446049250313e-16,1.0,1.0,0.2,0.0,0.0,0.0,0.0,0.4,0.0,0.10489241727506818,1.0489241727506817,0.22484631039295455,0.22484631039295455,1.0,0.1,0.1,0.1,0.1,0.0,0.1,1.0,0.125,0.1,1.0,0.125,0.1,1.0,0.125,0.1,1.0,0.125,0.1,0.0,0.1,0.1,0.1,0.1,0.1,0.0,0.0,0.0,0.0,0.1,0.1,1.0,1.0,1.0,0.1,1.0,1.0,1.0,1.0,1.0,1.0,1,0,0.0,0.0,0.0,0.1,0.0,0.0,0.0,0.0,0.0,0.0,0.0,1.0,0.0,0.0,0.0,0.0,0.0,-0.2350972221883417,2.166112591183837e-21,2.166112591183837e-21,0.0,0.8166666666666668,0.8166666666666668,0,0,0,0,C1,0.0,0.0,0.11154713103929524,0.2,1.0,0.1,0.0,0.0,0.11154713103929524
phaseflip,mixed_pauli,0.15,2,0.5,0.1,10,qiskit_aer,1,1,0.8891875000000001,0.3640625,0.6555555555555556,0.21666666666666667,0.0,0.4,0.0,1.0,0.0995624999999998,0.0636862732953499,0.12749999999999984,0.06374999999999978,0.12749999999999992,-2.220446049250313e-16,-2.220446049250313e-16,1.0,0.9,0.2,0.0,0.0,0.0,0.0,0.4,0.21040881039295437,0.04157302498315466,0.22484631039295433,0.18359631039295432,0.2473463103929544,0.14544006039295435,0.11422131039295436,1.0,1.0,0.0,0.0,0.0,0.0,0.0,0.4,0.11154713103929524,0.06700913846926297,0.12749999999999984,0.07968749999999977,0.14015624999999976,-2.220446049250313e-16,-2.220446049250313e-16,1.0,1.0,0.2,0.0,0.0,0.0,0.0,0.4,0.0,0.10489241727506818,1.0489241727506817,0.22484631039295455,0.22484631039295455,0.11154713103929524,0.06700913846926297,0.12749999999999984,0.07968749999999977,0.14015624999999976,-2.220446049250313e-16,-2.220446049250313e-16,1.0,1.0,0.2,0.0,0.0,0.0,0.0,0.4,0.0,0.10489241727506818,1.0489241727506817,0.22484631039295455,0.22484631039295455,0.11154713103929524,0.06700913846926297,0.12749999999999984,0.07968749999999977,0.14015624999999976,-2.220446049250313e-16,-2.220446049250313e-16,1.0,1.0,0.2,0.0,0.0,0.0,0.0,0.4,0.0,0.10489241727506818,1.0489241727506817,0.22484631039295455,0.22484631039295455,0.11154713103929524,0.06700913846926297,0.12749999999999984,0.07968749999999977,0.14015624999999976,-2.220446049250313e-16,-2.220446049250313e-16,1.0,1.0,0.2,0.0,0.0,0.0,0.0,0.4,0.0,0.10489241727506818,1.0489241727506817,0.22484631039295455,0.22484631039295455,1.0,0.1,0.1,0.1,0.1,0.0,0.1,1.0,0.125,0.1,1.0,0.125,0.1,1.0,0.125,0.1,1.0,0.125,0.1,0.0,0.1,0.1,0.1,0.1,0.1,0.0,0.0,0.0,0.0,0.1,0.1,1.0,1.0,0.9,0.1,1.0,1.0,1.0,1.0,1.0,1.0,1,0,0.0,0.0,0.0,0.1,0.0,0.0,0.0,0.0,0.0,0.0,0.0,1.0,0.0,0.0,0.0,0.0,0.0,-0.16406249996607591,2.166112591183837e-21,2.166112591183837e-21,0.0,0.9133333333333333,0.9166666666666666,0,0,0,0,C1,0.0,0.0,0.11154713103929524,0.2,1.0,0.1,0.0,0.0,0.11154713103929524
phaseflip,mixed_pauli,0.15,2,0.75,0.0,10,qiskit_aer,1,1,0.8891875000000001,0.3864513888888889,0.7,0.35,0.0,0.4,0.0,1.0,0.0995624999999998,0.0636862732953499,0.12749999999999984,0.06374999999999978,0.12749999999999992,-2.220446049250313e-16,-2.220446049250313e-16,1.0,0.9,0.2,0.0,0.0,0.0,0.0,0.4,0.21040881039295437,0.04157302498315466,0.22484631039295433,0.18359631039295432,0.2473463103929544,0.14544006039295435,0.11422131039295436,1.0,1.0,0.0,0.0,0.0,0.0,0.0,0.4,0.11154713103929524,0.06700913846926297,0.12749999999999984,0.07968749999999977,0.14015624999999976,-2.220446049250313e-16,-2.220446049250313e-16,1.0,1.0,0.2,0.0,0.0,0.0,0.0,0.4,0.0,0.10489241727506818,1.0489241727506817,0.22484631039295455,0.22484631039295455,0.11154713103929524,0.06700913846926297,0.12749999999999984,0.07968749999999977,0.14015624999999976,-2.220446049250313e-16,-2.220446049250313e-16,1.0,1.0,0.2,0.0,0.0,0.0,0.0,0.4,0.0,0.10489241727506818,1.0489241727506817,0.22484631039295455,0.22484631039295455,0.11154713103929524,0.06700913846926297,0.12749999999999984,0.07968749999999977,0.14015624999999976,-2.220446049250313e-16,-2.220446049250313e-16,1.0,1.0,0.2,0.0,0.0,0.0,0.0,0.4,0.0,0.10489241727506818,1.0489241727506817,0.22484631039295455,0.22484631039295455,0.0995624999999998,0.0636862732953499,0.12749999999999984,0.06374999999999978,0.12749999999999992,-2.220446049250313e-16,-2.220446049250313e-16,1.0,0.9,0.2,0.0,0.0,0.0,0.0,0.4,2.166112591183837e-21,0.11687704831436363,1.168770483143636,0.22484631039295455,0.22484631039295455,1.0,0.1,0.1,0.1,0.0,0.1,0.1,1.0,0.125,0.1,1.0,0.125,0.1,1.0,0.125,0.0,1.0,0.0,0.1,0.0,0.1,0.1,0.0,0.1,0.1,0.1,0.0,0.0,0.0,0.1,0.1,1.0,1.0,0.0,0.0,1.0,1.0,1.0,1.0,0.0,0.0,1,1,0.1,1.0,0.0,0.1,0.0,0.1,0.0,1.0,0.0,0.0,1.0,0.0,0.0,0.11984631039295446,-0.11984631039295446,-0.011984631039295446,-0.11984631039295446,-0.18645138885215007,2.166112591183837e-21,2.166112591183837e-21,0.0,1.0,1.1,0,0,0,1,C1,0.0,0.0,0.11154713103929524,0.2,1.0,0.1,0.0,0.0,0.11154713103929524
phaseflip,mixed_pauli,0.15,2,0.75,0.03,10,qiskit_aer,1,1,0.8891875000000001,0.3554097222222222,0.7333333333333333,0.35,0.0,0.4,0.0,1.0,0.0995624999999998,0.0636862732953499,0.12749999999999984,0.06374999999999978,0.12749999999999992,-2.220446049250313e-16,-2.220446049250313e-16,1.0,0.9,0.2,0.0,0.0,0.0,0.0,0.4,0.21040881039295437,0.04157302498315466,0.22484631039295433,0.18359631039295432,0.2473463103929544,0.14544006039295435,0.11422131039295436,1.0,1.0,0.0,0.0,0.0,0.0,0.0,0.4,0.11154713103929524,0.06700913846926297,0.12749999999999984,0.07968749999999977,0.14015624999999976,-2.220446049250313e-16,-2.220446049250313e-16,1.0,1.0,0.2,0.0,0.0,0.0,0.0,0.4,0.0,0.10489241727506818,1.0489241727506817,0.22484631039295455,0.22484631039295455,0.11154713103929524,0.06700913846926297,0.12749999999999984,0.07968749999999977,0.14015624999999976,-2.220446049250313e-16,-2.220446049250313e-16,1.0,1.0,0.2,0.0,0.0,0.0,0.0,0.4,0.0,0.10489241727506818,1.0489241727506817,0.22484631039295455,0.22484631039295455,0.11154713103929524,0.06700913846926297,0.12749999999999984,0.07968749999999977,0.14015624999999976,-2.220446049250313e-16,-2.220446049250313e-16,1.0,1.0,0.2,0.0,0.0,0.0,0.0,0.4,0.0,0.10489241727506818,1.0489241727506817,0.22484631039295455,0.22484631039295455,0.0995624999999998,0.0636862732953499,0.12749999999999984,0.06374999999999978,0.12749999999999992,-2.220446049250313e-16,-2.220446049250313e-16,1.0,0.9,0.2,0.0,0.0,0.0,0.0,0.4,2.166112591183837e-21,0.11687704831436363,1.168770483143636,0.22484631039295455,0.22484631039295455,1.0,0.1,0.1,0.1,0.0,0.1,0.1,1.0,0.125,0.1,1.0,0.125,0.1,1.0,0.125,0.0,1.0,0.0,0.1,0.0,0.1,0.1,0.0,0.1,0.1,0.1,0.0,0.0,0.0,0.1,0.1,1.0,1.0,0.0,0.0,1.0,1.0,1.0,1.0,0.0,0.0,1,1,0.1,1.0,0.0,0.1,0.0,0.1,0.0,1.0,0.0,0.0,1.0,0.0,0.0,0.11984631039295446,-0.11984631039295446,-0.011984631039295446,-0.11984631039295446,-0.1554097221883273,2.166112591183837e-21,2.166112591183837e-21,0.0,1.0,1.1600000000000001,0,0,0,1,C1,0.0,0.0,0.11154713103929524,0.2,1.0,0.1,0.0,0.0,0.11154713103929524
phaseflip,mixed_pauli,0.15,2,0.75,0.05,10,qiskit_aer,1,1,0.8891875000000001,0.30541666666666667,0.7777777777777778,0.35,0.0,0.4,0.0,1.0,0.0995624999999998,0.0636862732953499,0.12749999999999984,0.06374999999999978,0.12749999999999992,-2.220446049250313e-16,-2.220446049250313e-16,1.0,0.9,0.2,0.0,0.0,0.0,0.0,0.4,0.21040881039295437,0.04157302498315466,0.22484631039295433,0.18359631039295432,0.2473463103929544,0.14544006039295435,0.11422131039295436,1.0,1.0,0.0,0.0,0.0,0.0,0.0,0.4,0.11154713103929524,0.06700913846926297,0.12749999999999984,0.07968749999999977,0.14015624999999976,-2.220446049250313e-16,-2.220446049250313e-16,1.0,1.0,0.2,0.0,0.0,0.0,0.0,0.4,0.0,0.10489241727506818,1.0489241727506817,0.22484631039295455,0.22484631039295455,0.11154713103929524,0.06700913846926297,0.12749999999999984,0.07968749999999977,0.14015624999999976,-2.220446049250313e-16,-2.220446049250313e-16,1.0,1.0,0.2,0.0,0.0,0.0,0.0,0.4,0.0,0.10489241727506818,1.0489241727506817,0.22484631039295455,0.22484631039295455,0.11154713103929524,0.06700913846926297,0.12749999999999984,0.07968749999999977,0.14015624999999976,-2.220446049250313e-16,-2.220446049250313e-16,1.0,1.0,0.2,0.0,0.0,0.0,0.0,0.4,0.0,0.10489241727506818,1.0489241727506817,0.22484631039295455,0.22484631039295455,0.0995624999999998,0.0636862732953499,0.12749999999999984,0.06374999999999978,0.12749999999999992,-2.220446049250313e-16,-2.220446049250313e-16,1.0,0.9,0.2,0.0,0.0,0.0,0.0,0.4,2.166112591183837e-21,0.11687704831436363,1.168770483143636,0.22484631039295455,0.22484631039295455,1.0,0.1,0.1,0.1,0.0,0.1,0.1,1.0,0.125,0.1,1.0,0.125,0.1,1.0,0.125,0.0,1.0,0.0,0.1,0.0,0.1,0.1,0.0,0.1,0.1,0.1,0.0,0.0,0.0,0.1,0.1,1.0,1.0,0.0,0.0,1.0,1.0,1.0,1.0,0.0,0.0,1,1,0.1,1.0,0.0,0.1,0.0,0.1,0.0,1.0,0.0,0.0,1.0,0.0,0.0,0.11984631039295446,-0.11984631039295446,-0.011984631039295446,-0.11984631039295446,-0.10541666662974847,2.166112591183837e-21,2.166112591183837e-21,0.0,1.0,1.2000000000000002,0,0,0,1,C1,0.0,0.0,0.11154713103929524,0.2,1.0,0.1,0.0,0.0,0.11154713103929524
phaseflip,mixed_pauli,0.15,2,0.75,0.1,10,qiskit_aer,1,1,0.8891875000000001,0.25887326388888887,0.8555555555555555,0.35,0.0,0.4,0.0,1.0,0.0995624999999998,0.0636862732953499,0.12749999999999984,0.06374999999999978,0.12749999999999992,-2.220446049250313e-16,-2.220446049250313e-16,1.0,0.9,0.2,0.0,0.0,0.0,0.0,0.4,0.21040881039295437,0.04157302498315466,0.22484631039295433,0.18359631039295432,0.2473463103929544,0.14544006039295435,0.11422131039295436,1.0,1.0,0.0,0.0,0.0,0.0,0.0,0.4,0.11154713103929524,0.06700913846926297,0.12749999999999984,0.07968749999999977,0.14015624999999976,-2.220446049250313e-16,-2.220446049250313e-16,1.0,1.0,0.2,0.0,0.0,0.0,0.0,0.4,0.0,0.10489241727506818,1.0489241727506817,0.22484631039295455,0.22484631039295455,0.11154713103929524,0.06700913846926297,0.12749999999999984,0.07968749999999977,0.14015624999999976,-2.220446049250313e-16,-2.220446049250313e-16,1.0,1.0,0.2,0.0,0.0,0.0,0.0,0.4,0.0,0.10489241727506818,1.0489241727506817,0.22484631039295455,0.22484631039295455,0.11154713103929524,0.06700913846926297,0.12749999999999984,0.07968749999999977,0.14015624999999976,-2.220446049250313e-16,-2.220446049250313e-16,1.0,1.0,0.2,0.0,0.0,0.0,0.0,0.4,0.0,0.10489241727506818,1.0489241727506817,0.22484631039295455,0.22484631039295455,0.0995624999999998,0.0636862732953499,0.12749999999999984,0.06374999999999978,0.12749999999999992,-2.220446049250313e-16,-2.220446049250313e-16,1.0,0.9,0.2,0.0,0.0,0.0,0.0,0.4,2.166112591183837e-21,0.11687704831436363,1.168770483143636,0.22484631039295455,0.22484631039295455,1.0,0.1,0.1,0.1,0.0,0.1,0.1,1.0,0.125,0.1,1.0,0.125,0.1,1.0,0.125,0.0,1.0,0.0,0.1,0.0,0.1,0.1,0.0,0.1,0.1,0.1,0.0,0.0,0.0,0.1,0.1,1.0,1.0,0.0,0.0,1.0,1.0,1.0,1.0,0.0,0.0,1,1,0.1,1.0,0.0,0.1,0.0,0.1,0.0,1.0,0.0,0.0,1.0,0.0,0.0,0.11984631039295446,-0.11984631039295446,-0.011984631039295446,-0.11984631039295446,-0.05887326385187383,2.166112591183837e-21,2.166112591183837e-21,0.0,1.0,1.3,0,0,0,1,C1,0.0,0.0,0.11154713103929524,0.2,1.0,0.1,0.0,0.0,0.11154713103929524
phaseflip,mixed_pauli,0.15,2,1.0,0.0,10,qiskit_aer,1,1,0.8891875000000001,0.2061232638888889,1.0,0.5,0.0,0.4,0.0,1.0,0.0995624999999998,0.0636862732953499,0.12749999999999984,0.06374999999999978,0.12749999999999992,-2.220446049250313e-16,-2.220446049250313e-16,1.0,0.9,0.2,0.0,0.0,0.0,0.0,0.4,0.21040881039295437,0.04157302498315466,0.22484631039295433,0.18359631039295432,0.2473463103929544,0.14544006039295435,0.11422131039295436,1.0,1.0,0.0,0.0,0.0,0.0,0.0,0.4,0.11154713103929524,0.06700913846926297,0.12749999999999984,0.07968749999999977,0.14015624999999976,-2.220446049250313e-16,-2.220446049250313e-16,1.0,1.0,0.2,0.0,0.0,0.0,0.0,0.4,0.0,0.10489241727506818,1.0489241727506817,0.22484631039295455,0.22484631039295455,0.11154713103929524,0.06700913846926297,0.12749999999999984,0.07968749999999977,0.14015624999999976,-2.220446049250313e-16,-2.220446049250313e-16,1.0,1.0,0.2,0.0,0.0,0.0,0.0,0.4,0.0,0.10489241727506818,1.0489241727506817,0.22484631039295455,0.22484631039295455,0.11154713103929524,0.06700913846926297,0.12749999999999984,0.07968749999999977,0.14015624999999976,-2.220446049250313e-16,-2.220446049250313e-16,1.0,1.0,0.2,0.0,0.0,0.0,0.0,0.4,0.0,0.10489241727506818,1.0489241727506817,0.22484631039295455,0.22484631039295455,0.0995624999999998,0.0636862732953499,0.12749999999999984,0.06374999999999978,0.12749999999999992,-2.220446049250313e-16,-2.220446049250313e-16,1.0,0.9,0.2,0.0,0.0,0.0,0.0,0.4,2.166112591183837e-21,0.11687704831436363,1.168770483143636,0.22484631039295455,0.22484631039295455,1.0,0.1,0.1,0.1,0.0,0.1,0.1,1.0,0.125,0.1,1.0,0.125,0.1,1.0,0.125,0.0,1.0,0.0,0.1,0.0,0.1,0.1,0.0,0.1,0.1,0.1,0.0,0.0,0.0,0.1,0.1,1.0,1.0,0.0,0.0,1.0,1.0,1.0,1.0,0.0,0.0,1,1,0.1,1.0,0.0,0.1,0.0,0.1,0.0,1.0,0.0,0.0,1.0,0.0,0.0,0.11984631039295446,-0.11984631039295446,-0.011984631039295446,-0.11984631039295446,-0.0061232638547711,2.166112591183837e-21,2.166112591183837e-21,0.0,1.0,1.5,0,0,0,1,C1,0.0,0.0,0.11154713103929524,0.2,1.0,0.1,0.0,0.0,0.11154713103929524
phaseflip,mixed_pauli,0.15,2,1.0,0.03,10,qiskit_aer,1,1,0.8891875000000001,0.1933072916666667,1.0,0.5,0.0,0.4,0.0,1.0,0.0995624999999998,0.0636862732953499,0.12749999999999984,0.06374999999999978,0.12749999999999992,-2.220446049250313e-16,-2.220446049250313e-16,1.0,0.9,0.2,0.0,0.0,0.0,0.0,0.4,0.21040881039295437,0.04157302498315466,0.22484631039295433,0.18359631039295432,0.2473463103929544,0.14544006039295435,0.11422131039295436,1.0,1.0,0.0,0.0,0.0,0.0,0.0,0.4,0.11154713103929524,0.06700913846926297,0.12749999999999984,0.07968749999999977,0.14015624999999976,-2.220446049250313e-16,-2.220446049250313e-16,1.0,1.0,0.2,0.0,0.0,0.0,0.0,0.4,0.0,0.10489241727506818,1.0489241727506817,0.22484631039295455,0.22484631039295455,0.11154713103929524,0.06700913846926297,0.12749999999999984,0.07968749999999977,0.14015624999999976,-2.220446049250313e-16,-2.220446049250313e-16,1.0,1.0,0.2,0.0,0.0,0.0,0.0,0.4,0.0,0.10489241727506818,1.0489241727506817,0.22484631039295455,0.22484631039295455,0.11154713103929524,0.06700913846926297,0.12749999999999984,0.07968749999999977,0.14015624999999976,-2.220446049250313e-16,-2.220446049250313e-16,1.0,1.0,0.2,0.0,0.0,0.0,0.0,0.4,0.0,0.10489241727506818,1.0489241727506817,0.22484631039295455,0.22484631039295455,0.0995624999999998,0.0636862732953499,0.12749999999999984,0.06374999999999978,0.12749999999999992,-2.220446049250313e-16,-2.220446049250313e-16,1.0,0.9,0.2,0.0,0.0,0.0,0.0,0.4,2.166112591183837e-21,0.11687704831436363,1.168770483143636,0.22484631039295455,0.22484631039295455,1.0,0.1,0.1,0.1,0.0,0.1,0.1,1.0,0.125,0.1,1.0,0.125,0.1,1.0,0.125,0.0,1.0,0.0,0.1,0.0,0.1,0.1,0.0,0.1,0.1,0.1,0.0,0.0,0.0,0.1,0.1,1.0,1.0,0.0,0.0,1.0,1.0,1.0,1.0,0.0,0.0,1,1,0.1,1.0,0.0,0.1,0.0,0.1,0.0,1.0,0.0,0.0,1.0,0.0,0.0,0.11984631039295446,-0.11984631039295446,-0.011984631039295446,-0.11984631039295446,0.006692708370348388,2.166112591183837e-21,2.166112591183837e-21,0.0,1.0,1.56,0,0,0,1,C1,0.0,0.0,0.11154713103929524,0.2,1.0,0.1,0.0,0.0,0.11154713103929524
phaseflip,mixed_pauli,0.15,2,1.0,0.05,10,qiskit_aer,1,1,0.8891875000000001,0.17076041666666666,1.0,0.5,0.0,0.4,0.0,1.0,0.0995624999999998,0.0636862732953499,0.12749999999999984,0.06374999999999978,0.12749999999999992,-2.220446049250313e-16,-2.220446049250313e-16,1.0,0.9,0.2,0.0,0.0,0.0,0.0,0.4,0.21040881039295437,0.04157302498315466,0.22484631039295433,0.18359631039295432,0.2473463103929544,0.14544006039295435,0.11422131039295436,1.0,1.0,0.0,0.0,0.0,0.0,0.0,0.4,0.11154713103929524,0.06700913846926297,0.12749999999999984,0.07968749999999977,0.14015624999999976,-2.220446049250313e-16,-2.220446049250313e-16,1.0,1.0,0.2,0.0,0.0,0.0,0.0,0.4,0.0,0.10489241727506818,1.0489241727506817,0.22484631039295455,0.22484631039295455,0.11154713103929524,0.06700913846926297,0.12749999999999984,0.07968749999999977,0.14015624999999976,-2.220446049250313e-16,-2.220446049250313e-16,1.0,1.0,0.2,0.0,0.0,0.0,0.0,0.4,0.0,0.10489241727506818,1.0489241727506817,0.22484631039295455,0.22484631039295455,0.11154713103929524,0.06700913846926297,0.12749999999999984,0.07968749999999977,0.14015624999999976,-2.220446049250313e-16,-2.220446049250313e-16,1.0,1.0,0.2,0.0,0.0,0.0,0.0,0.4,0.0,0.10489241727506818,1.0489241727506817,0.22484631039295455,0.22484631039295455,0.0995624999999998,0.0636862732953499,0.12749999999999984,0.06374999999999978,0.12749999999999992,-2.220446049250313e-16,-2.220446049250313e-16,1.0,0.9,0.2,0.0,0.0,0.0,0.0,0.4,2.166112591183837e-21,0.11687704831436363,1.168770483143636,0.22484631039295455,0.22484631039295455,1.0,0.1,0.1,0.1,0.0,0.1,0.1,1.0,0.125,0.1,1.0,0.125,0.1,1.0,0.125,0.0,1.0,0.0,0.1,0.0,0.1,0.1,0.0,0.1,0.1,0.1,0.0,0.0,0.0,0.1,0.1,1.0,1.0,0.0,0.0,1.0,1.0,1.0,1.0,0.0,0.0,1,1,0.1,1.0,0.0,0.1,0.0,0.1,0.0,1.0,0.0,0.0,1.0,0.0,0.0,0.11984631039295446,-0.11984631039295446,-0.011984631039295446,-0.11984631039295446,0.029239583366934285,2.166112591183837e-21,2.166112591183837e-21,0.0,1.0,1.6,0,0,0,1,C1,0.0,0.0,0.11154713103929524,0.2,1.0,0.1,0.0,0.0,0.11154713103929524
phaseflip,mixed_pauli,0.15,2,1.0,0.1,10,qiskit_aer,1,1,0.8891875000000001,0.1587309027777778,1.0,0.5,0.0,0.4,0.0,1.0,0.0995624999999998,0.0636862732953499,0.12749999999999984,0.06374999999999978,0.12749999999999992,-2.220446049250313e-16,-2.220446049250313e-16,1.0,0.9,0.2,0.0,0.0,0.0,0.0,0.4,0.21040881039295437,0.04157302498315466,0.22484631039295433,0.18359631039295432,0.2473463103929544,0.14544006039295435,0.11422131039295436,1.0,1.0,0.0,0.0,0.0,0.0,0.0,0.4,0.11154713103929524,0.06700913846926297,0.12749999999999984,0.07968749999999977,0.14015624999999976,-2.220446049250313e-16,-2.220446049250313e-16,1.0,1.0,0.2,0.0,0.0,0.0,0.0,0.4,0.0,0.10489241727506818,1.0489241727506817,0.22484631039295455,0.22484631039295455,0.11154713103929524,0.06700913846926297,0.12749999999999984,0.07968749999999977,0.14015624999999976,-2.220446049250313e-16,-2.220446049250313e-16,1.0,1.0,0.2,0.0,0.0,0.0,0.0,0.4,0.0,0.10489241727506818,1.0489241727506817,0.22484631039295455,0.22484631039295455,0.11154713103929524,0.06700913846926297,0.12749999999999984,0.07968749999999977,0.14015624999999976,-2.220446049250313e-16,-2.220446049250313e-16,1.0,1.0,0.2,0.0,0.0,0.0,0.0,0.4,0.0,0.10489241727506818,1.0489241727506817,0.22484631039295455,0.22484631039295455,0.0995624999999998,0.0636862732953499,0.12749999999999984,0.06374999999999978,0.12749999999999992,-2.220446049250313e-16,-2.220446049250313e-16,1.0,0.9,0.2,0.0,0.0,0.0,0.0,0.4,2.166112591183837e-21,0.11687704831436363,1.168770483143636,0.22484631039295455,0.22484631039295455,1.0,0.1,0.1,0.1,0.0,0.1,0.1,1.0,0.125,0.1,1.0,0.125,0.1,1.0,0.125,0.0,1.0,0.0,0.1,0.0,0.1,0.1,0.0,0.1,0.1,0.1,0.0,0.0,0.0,0.1,0.1,1.0,1.0,0.0,0.0,1.0,1.0,1.0,1.0,0.0,0.0,1,1,0.1,1.0,0.0,0.1,0.0,0.1,0.0,1.0,0.0,0.0,1.0,0.0,0.0,0.11984631039295446,-0.11984631039295446,-0.011984631039295446,-0.11984631039295446,0.04126909725952785,2.166112591183837e-21,2.166112591183837e-21,0.0,1.0,1.7000000000000002,0,0,0,1,C1,0.0,0.0,0.11154713103929524,0.2,1.0,0.1,0.0,0.0,0.11154713103929524
phaseflip,mixed_pauli,0.15,4,0.0,0.0,10,qiskit_aer,1,1,0.7692756250000001,0.7692756250000001,0.0,0.0,0.0,0.0,0.0,0.0,0.18482999999999986,0.06770821334732957,0.1680749999999998,0.1592437499999998,0.20254687499999985,0.1019146874999999,0.10072500000000018,1.0,1.0,0.1,0.0,0.0,0.0,0.0,0.0,0.37052631039295436,0.041727402922869576,0.38409006039295435,0.3381197478929542,0.3953259978929544,0.3048356853929543,0.2967525603929543,1.0,1.0,0.0,0.0,0.0,0.0,0.0,0.0,0.18482999999999986,0.06770821334732957,0.1680749999999998,0.1592437499999998,0.20254687499999985,0.1019146874999999,0.10072500000000018,1.0,1.0,0.1,0.0,0.0,0.0,0.0,0.0,0.0,0.18871167935365904,1.8871167935365902,0.2652713103929543,0.29834631039295423,0.18482999999999986,0.06770821334732957,0.1680749999999998,0.1592437499999998,0.20254687499999985,0.1019146874999999,0.10072500000000018,1.0,1.0,0.1,0.0,0.0,0.0,0.0,0.0,0.0,0.18871167935365904,1.8871167935365902,0.2652713103929543,0.29834631039295423,0.18482999999999986,0.06770821334732957,0.1680749999999998,0.1592437499999998,0.20254687499999985,0.1019146874999999,0.10072500000000018,1.0,1.0,0.1,0.0,0.0,0.0,0.0,0.0,0.0,0.18871167935365904,1.8871167935365902,0.2652713103929543,0.29834631039295423,0.18482999999999986,0.06770821334732957,0.1680749999999998,0.1592437499999998,0.20254687499999985,0.1019146874999999,0.10072500000000018,1.0,1.0,0.1,0.0,0.0,0.0,0.0,0.0,0.0,0.18871167935365904,1.8871167935365902,0.2652713103929543,0.29834631039295423,1.0,0.0,0.0,0.0,0.0,0.0,0.0,1.0,0.0,0.0,1.0,0.0,0.0,1.0,0.0,0.0,1.0,0.0,0.0,0.0,0.0,0.0,0.0,0.0,0.0,0.0,0.0,0.0,0.0,0.0,0.0,1.0,1.0,1.0,0.0,0.0,0.0,0.0,0.0,0.0,0.0,0,0,0.0,0.0,0.0,0.0,0.0,0.0,0.0,0.0,0.0,0.0,0.0,1.0,0.0,0.0,0.0,0.0,0.0,-0.7692756249956658,0.0,0.0,0.0,0.0,0.0,0,0,0,0,C1,0.0,0.0,0.18482999999999986,0.1,1.0,0.0,0.0,0.0,0.18482999999999986
phaseflip,mixed_pauli,0.15,4,0.0,0.03,10,qiskit_aer,1,1,0.7692756250000001,0.5907560416666667,0.12222222222222222,0.0,0.0,0.0,0.0,0.0,0.18482999999999983,0.06770821334732956,0.1680749999999998,0.1592437499999998,0.20254687499999985,0.1019146874999999,0.10072500000000018,1.0,1.0,0.1,0.0,0.0,0.0,0.0,0.0,0.37052631039295436,0.041727402922869576,0.38409006039295435,0.3381197478929542,0.3953259978929544,0.3048356853929543,0.2967525603929543,1.0,1.0,0.0,0.0,0.0,0.0,0.0,0.0,0.18482999999999983,0.06770821334732956,0.1680749999999998,0.1592437499999998,0.20254687499999985,0.1019146874999999,0.10072500000000018,1.0,1.0,0.1,0.0,0.0,0.0,0.0,0.0,0.0,0.18871167935365904,1.8871167935365902,0.2652713103929543,0.29834631039295423,0.18482999999999983,0.06770821334732956,0.1680749999999998,0.1592437499999998,0.20254687499999985,0.1019146874999999,0.10072500000000018,1.0,1.0,0.1,0.0,0.0,0.0,0.0,0.0,0.0,0.18871167935365904,1.8871167935365902,0.2652713103929543,0.29834631039295423,0.18482999999999983,0.06770821334732956,0.1680749999999998,0.1592437499999998,0.20254687499999985,0.1019146874999999,0.10072500000000018,1.0,1.0,0.1,0.0,0.0,0.0,0.0,0.0,0.0,0.18871167935365904,1.8871167935365902,0.2652713103929543,0.29834631039295423,0.18482999999999983,0.06770821334732956,0.1680749999999998,0.1592437499999998,0.20254687499999985,0.1019146874999999,0.10072500000000018,1.0,1.0,0.1,0.0,0.0,0.0,0.0,0.0,0.0,0.18871167935365904,1.8871167935365902,0.2652713103929543,0.29834631039295423,1.0,0.0,0.0,0.0,0.0,0.0,0.0,1.0,0.0,0.0,1.0,0.0,0.0,1.0,0.0,0.0,1.0,0.0,0.0,0.0,0.0,0.0,0.0,0.0,0.0,0.0,0.0,0.0,0.0,0.0,0.0,1.0,1.0,1.0,0.0,0.0,0.0,0.0,0.0,0.0,0.0,0,0,0.0,0.0,0.0,0.0,0.0,0.0,0.0,0.0,0.0,0.0,0.0,1.0,0.0,0.0,0.0,0.0,0.0,-0.5907560416624825,0.0,0.0,0.0,0.06,0.06,0,0,0,0,C1,0.0,0.0,0.18482999999999983,0.1,1.0,0.0,0.0,0.0,0.18482999999999983
phaseflip,mixed_pauli,0.15,4,0.0,0.05,10,qiskit_aer,1,1,0.7692756250000001,0.5115129166666668,0.26666666666666666,0.0,0.0,0.0,0.0,0.0,0.18482999999999983,0.06770821334732956,0.1680749999999998,0.1592437499999998,0.20254687499999985,0.1019146874999999,0.10072500000000018,1.0,1.0,0.1,0.0,0.0,0.0,0.0,0.0,0.37052631039295436,0.041727402922869576,0.38409006039295435,0.3381197478929542,0.3953259978929544,0.3048356853929543,0.2967525603929543,1.0,1.0,0.0,0.0,0.0,0.0,0.0,0.0,0.18482999999999983,0.06770821334732956,0.1680749999999998,0.1592437499999998,0.20254687499999985,0.1019146874999999,0.10072500000000018,1.0,1.0,0.1,0.0,0.0,0.0,0.0,0.0,0.0,0.18871167935365904,1.8871167935365902,0.2652713103929543,0.29834631039295423,0.18482999999999983,0.06770821334732956,0.1680749999999998,0.1592437499999998,0.20254687499999985,0.1019146874999999,0.10072500000000018,1.0,1.0,0.1,0.0,0.0,0.0,0.0,0.0,0.0,0.18871167935365904,1.8871167935365902,0.2652713103929543,0.29834631039295423,0.18482999999999983,0.06770821334732956,0.1680749999999998,0.1592437499999998,0.20254687499999985,0.1019146874999999,0.10072500000000018,1.0,1.0,0.1,0.0,0.0,0.0,0.0,0.0,0.0,0.18871167935365904,1.8871167935365902,0.2652713103929543,0.29834631039295423,0.18482999999999983,0.06770821334732956,0.1680749999999998,0.1592437499999998,0.20254687499999985,0.1019146874999999,0.10072500000000018,1.0,1.0,0.1,0.0,0.0,0.0,0.0,0.0,0.0,0.18871167935365904,1.8871167935365902,0.2652713103929543,0.29834631039295423,1.0,0.0,0.0,0.0,0.0,0.0,0.0,1.0,0.0,0.0,1.0,0.0,0.0,1.0,0.0,0.0,1.0,0.0,0.0,0.0,0.0,0.0,0.0,0.0,0.0,0.0,0.0,0.0,0.0,0.0,0.0,1.0,1.0,1.0,0.0,0.0,0.0,0.0,0.0,0.0,0.0,0,0,0.0,0.0,0.0,0.0,0.0,0.0,0.0,0.0,0.0,0.0,0.0,1.0,0.0,0.0,0.0,0.0,0.0,-0.5115129166621364,0.0,0.0,0.0,0.1,0.1,0,0,0,0,C1,0.0,0.0,0.18482999999999983,0.1,1.0,0.0,0.0,0.0,0.18482999999999983
phaseflip,mixed_pauli,0.15,4,0.0,0.1,10,qiskit_aer,1,1,0.7692756250000001,0.3911669444444445,0.43333333333333335,0.0,0.0,0.0,0.0,0.0,0.18482999999999983,0.06770821334732956,0.1680749999999998,0.1592437499999998,0.20254687499999985,0.1019146874999999,0.10072500000000018,1.0,0.9,0.1,0.0,0.0,0.0,0.0,0.0,0.37052631039295436,0.041727402922869576,0.38409006039295435,0.3381197478929542,0.3953259978929544,0.3048356853929543,0.2967525603929543,1.0,1.0,0.0,0.0,0.0,0.0,0.0,0.0,0.2073146310392953,0.10059619257423942,0.1680749999999998,0.1592437499999998,0.23348437499999994,0.1019146874999999,0.10072500000000018,1.0,1.0,0.1,0.0,0.0,0.0,0.0,0.0,0.0,0.16622704831436358,1.662270483143636,0.2652713103929543,0.29834631039295423,0.2073146310392953,0.10059619257423942,0.1680749999999998,0.1592437499999998,0.23348437499999994,0.1019146874999999,0.10072500000000018,1.0,1.0,0.1,0.0,0.0,0.0,0.0,0.0,0.0,0.16622704831436358,1.662270483143636,0.2652713103929543,0.29834631039295423,0.2073146310392953,0.10059619257423942,0.1680749999999998,0.1592437499999998,0.23348437499999994,0.1019146874999999,0.10072500000000018,1.0,1.0,0.1,0.0,0.0,0.0,0.0,0.0,0.0,0.16622704831436358,1.662270483143636,0.2652713103929543,0.29834631039295423,0.2073146310392953,0.10059619257423942,0.1680749999999998,0.1592437499999998,0.23348437499999994,0.1019146874999999,0.10072500000000018,1.0,1.0,0.1,0.0,0.0,0.0,0.0,0.0,0.0,0.16622704831436358,1.662270483143636,0.2652713103929543,0.29834631039295423,1.0,0.1,0.1,0.1,0.1,0.0,0.1,1.0,0.1111111111111111,0.1,1.0,0.1111111111111111,0.1,1.0,0.1111111111111111,0.1,1.0,0.1111111111111111,0.1,0.0,0.1,0.1,0.1,0.1,0.1,0.0,0.0,0.0,0.0,0.1,0.1,1.0,1.0,1.0,0.1,1.0,1.0,1.0,1.0,1.0,1.0,1,0,0.0,0.0,0.0,0.1,0.0,0.0,0.0,0.0,0.0,0.0,0.0,1.0,0.0,0.0,0.0,0.0,0.0,-0.19116694443998195,2.166112591183837e-21,2.166112591183837e-21,0.0,0.2,0.2,0,0,0,0,C1,0.0,0.0,0.2073146310392953,0.1,1.0,0.1,0.0,0.0,0.2073146310392953
phaseflip,mixed_pauli,0.15,4,0.25,0.0,10,qiskit_aer,1,1,0.7692756250000001,0.5602327256944445,0.17777777777777778,0.08888888888888892,0.0,0.0,0.0,0.9,0.18482999999999983,0.06770821334732956,0.1680749999999998,0.1592437499999998,0.20254687499999985,0.1019146874999999,0.10072500000000018,1.0,1.0,0.1,0.0,0.0,0.0,0.0,0.0,0.37052631039295436,0.041727402922869576,0.38409006039295435,0.3381197478929542,0.3953259978929544,0.3048356853929543,0.2967525603929543,1.0,1.0,0.0,0.0,0.0,0.0,0.0,0.0,0.18482999999999983,0.06770821334732956,0.1680749999999998,0.1592437499999998,0.20254687499999985,0.1019146874999999,0.10072500000000018,1.0,1.0,0.1,0.0,0.0,0.0,0.0,0.0,0.0,0.18871167935365904,1.8871167935365902,0.2652713103929543,0.29834631039295423,0.18482999999999983,0.06770821334732956,0.1680749999999998,0.1592437499999998,0.20254687499999985,0.1019146874999999,0.10072500000000018,1.0,1.0,0.1,0.0,0.0,0.0,0.0,0.0,0.0,0.18871167935365904,1.8871167935365902,0.2652713103929543,0.29834631039295423,0.18482999999999983,0.06770821334732956,0.1680749999999998,0.1592437499999998,0.20254687499999985,0.1019146874999999,0.10072500000000018,1.0,1.0,0.1,0.0,0.0,0.0,0.0,0.0,0.0,0.18871167935365904,1.8871167935365902,0.2652713103929543,0.29834631039295423,0.18482999999999983,0.06770821334732956,0.1680749999999998,0.1592437499999998,0.20254687499999985,0.1019146874999999,0.10072500000000018,1.0,1.0,0.1,0.0,0.0,0.0,0.0,0.0,0.0,0.18871167935365904,1.8871167935365902,0.2652713103929543,0.29834631039295423,1.0,0.0,0.0,0.0,0.0,0.0,0.0,1.0,0.0,0.0,1.0,0.0,0.0,1.0,0.0,0.0,1.0,0.0,0.0,0.0,0.0,0.0,0.0,0.0,0.0,0.0,0.0,0.0,0.0,0.0,0.0,1.0,1.0,1.0,0.0,0.0,0.0,0.0,0.0,0.0,0.0,0,0,0.0,0.0,0.0,0.0,0.0,0.0,0.0,0.0,0.0,0.0,0.0,1.0,0.0,0.0,0.0,0.0,0.0,-0.560232725690229,0.0,0.0,0.0,0.3388888888888889,0.3388888888888889,0,0,0,0,C1,0.0,0.0,0.18482999999999983,0.1,1.0,0.0,0.0,0.0,0.18482999999999983
phaseflip,mixed_pauli,0.15,4,0.25,0.03,10,qiskit_aer,1,1,0.7692756250000001,0.5097087673611111,0.2777777777777778,0.08888888888888892,0.0,0.0,0.0,0.9,0.18482999999999983,0.06770821334732956,0.1680749999999998,0.1592437499999998,0.20254687499999985,0.1019146874999999,0.10072500000000018,1.0,0.9,0.1,0.0,0.0,0.0,0.0,0.0,0.37052631039295436,0.041727402922869576,0.38409006039295435,0.3381197478929542,0.3953259978929544,0.3048356853929543,0.2967525603929543,1.0,1.0,0.0,0.0,0.0,0.0,0.0,0.0,0.2073146310392953,0.10059619257423942,0.1680749999999998,0.1592437499999998,0.23348437499999994,0.1019146874999999,0.10072500000000018,1.0,1.0,0.1,0.0,0.0,0.0,0.0,0.0,0.0,0.16622704831436358,1.662270483143636,0.2652713103929543,0.29834631039295423,0.2073146310392953,0.10059619257423942,0.1680749999999998,0.1592437499999998,0.23348437499999994,0.1019146874999999,0.10072500000000018,1.0,1.0,0.1,0.0,0.0,0.0,0.0,0.0,0.0,0.16622704831436358,1.662270483143636,0.2652713103929543,0.29834631039295423,0.2073146310392953,0.10059619257423942,0.1680749999999998,0.1592437499999998,0.23348437499999994,0.1019146874999999,0.10072500000000018,1.0,1.0,0.1,0.0,0.0,0.0,0.0,0.0,0.0,0.16622704831436358,1.662270483143636,0.2652713103929543,0.29834631039295423,0.2073146310392953,0.10059619257423942,0.1680749999999998,0.1592437499999998,0.23348437499999994,0.1019146874999999,0.10072500000000018,1.0,1.0,0.1,0.0,0.0,0.0,0.0,0.0,0.0,0.16622704831436358,1.662270483143636,0.2652713103929543,0.29834631039295423,1.0,0.1,0.1,0.1,0.1,0.0,0.1,1.0,0.1111111111111111,0.1,1.0,0.1111111111111111,0.1,1.0,0.1111111111111111,0.1,1.0,0.1111111111111111,0.1,0.0,0.1,0.1,0.1,0.1,0.1,0.0,0.0,0.0,0.0,0.1,0.1,1.0,1.0,1.0,0.1,1.0,1.0,1.0,1.0,1.0,1.0,1,0,0.0,0.0,0.0,0.1,0.0,0.0,0.0,0.0,0.0,0.0,0.0,1.0,0.0,0.0,0.0,0.0,0.0,-0.30970876735660674,2.166112591183837e-21,2.166112591183837e-21,0.0,0.39888888888888896,0.39888888888888896,0,0,0,0,C1,0.0,0.0,0.2073146310392953,0.1,1.0,0.1,0.0,0.0,0.2073146310392953
phaseflip,mixed_pauli,0.15,4,0.25,0.05,10,qiskit_aer,1,1,0.7692756250000001,0.4484979861111112,0.3888888888888889,0.08888888888888892,0.0,0.0,0.0,0.9,0.18482999999999983,0.06770821334732956,0.1680749999999998,0.1592437499999998,0.20254687499999985,0.1019146874999999,0.10072500000000018,1.0,0.9,0.1,0.0,0.0,0.0,0.0,0.0,0.37052631039295436,0.041727402922869576,0.38409006039295435,0.3381197478929542,0.3953259978929544,0.3048356853929543,0.2967525603929543,1.0,1.0,0.0,0.0,0.0,0.0,0.0,0.0,0.2073146310392953,0.10059619257423942,0.1680749999999998,0.1592437499999998,0.23348437499999994,0.1019146874999999,0.10072500000000018,1.0,1.0,0.1,0.0,0.0,0.0,0.0,0.0,0.0,0.16622704831436358,1.662270483143636,0.2652713103929543,0.29834631039295423,0.2073146310392953,0.10059619257423942,0.1680749999999998,0.1592437499999998,0.23348437499999994,0.1019146874999999,0.10072500000000018,1.0,1.0,0.1,0.0,0.0,0.0,0.0,0.0,0.0,0.16622704831436358,1.662270483143636,0.2652713103929543,0.29834631039295423,0.2073146310392953,0.10059619257423942,0.1680749999999998,0.1592437499999998,0.23348437499999994,0.1019146874999999,0.10072500000000018,1.0,1.0,0.1,0.0,0.0,0.0,0.0,0.0,0.0,0.16622704831436358,1.662270483143636,0.2652713103929543,0.29834631039295423,0.2073146310392953,0.10059619257423942,0.1680749999999998,0.1592437499999998,0.23348437499999994,0.1019146874999999,0.10072500000000018,1.0,1.0,0.1,0.0,0.0,0.0,0.0,0.0,0.0,0.16622704831436358,1.662270483143636,0.2652713103929543,0.29834631039295423,1.0,0.1,0.1,0.1,0.1,0.0,0.1,1.0,0.1111111111111111,0.1,1.0,0.1111111111111111,0.1,1.0,0.1111111111111111,0.1,1.0,0.1111111111111111,0.1,0.0,0.1,0.1,0.1,0.1,0.1,0.0,0.0,0.0,0.0,0.1,0.1,1.0,1.0,1.0,0.1,1.0,1.0,1.0,1.0,1.0,1.0,1,0,0.0,0.0,0.0,0.1,0.0,0.0,0.0,0.0,0.0,0.0,0.0,1.0,0.0,0.0,0.0,0.0,0.0,-0.24849798610683416,2.166112591183837e-21,2.166112591183837e-21,0.0,0.4388888888888889,0.4388888888888889,0,0,0,0,C1,0.0,0.0,0.2073146310392953,0.1,1.0,0.1,0.0,0.0,0.2073146310392953
phaseflip,mixed_pauli,0.15,4,0.25,0.1,10,qiskit_aer,1,1,0.7692756250000001,0.3281520138888889,0.5555555555555556,0.08888888888888892,0.0,0.0,0.0,0.9,0.18482999999999986,0.06770821334732957,0.1680749999999998,0.1592437499999998,0.20254687499999985,0.1019146874999999,0.10072500000000018,1.0,0.9,0.1,0.0,0.0,0.0,0.0,0.0,0.37052631039295436,0.041727402922869576,0.38409006039295435,0.3381197478929542,0.3953259978929544,0.3048356853929543,0.2967525603929543,1.0,1.0,0.0,0.0,0.0,0.0,0.0,0.0,0.20731463103929532,0.10059619257423942,0.1680749999999998,0.1592437499999998,0.23348437500000002,0.1019146874999999,0.10072500000000018,1.0,1.0,0.1,0.0,0.0,0.0,0.0,0.0,0.0,0.16622704831436358,1.662270483143636,0.2652713103929543,0.29834631039295423,0.20731463103929532,0.10059619257423942,0.1680749999999998,0.1592437499999998,0.23348437500000002,0.1019146874999999,0.10072500000000018,1.0,1.0,0.1,0.0,0.0,0.0,0.0,0.0,0.0,0.16622704831436358,1.662270483143636,0.2652713103929543,0.29834631039295423,0.20731463103929532,0.10059619257423942,0.1680749999999998,0.1592437499999998,0.23348437500000002,0.1019146874999999,0.10072500000000018,1.0,1.0,0.1,0.0,0.0,0.0,0.0,0.0,0.0,0.16622704831436358,1.662270483143636,0.2652713103929543,0.29834631039295423,0.20731463103929532,0.10059619257423942,0.1680749999999998,0.1592437499999998,0.23348437500000002,0.1019146874999999,0.10072500000000018,1.0,1.0,0.1,0.0,0.0,0.0,0.0,0.0,0.0,0.16622704831436358,1.662270483143636,0.2652713103929543,0.29834631039295423,1.0,0.1,0.1,0.1,0.1,0.0,0.1,1.0,0.1111111111111111,0.1,1.0,0.1111111111111111,0.1,1.0,0.1111111111111111,0.1,1.0,0.1111111111111111,0.1,0.0,0.1,0.1,0.1,0.1,0.1,0.0,0.0,0.0,0.0,0.1,0.1,1.0,1.0,1.0,0.1,1.0,1.0,1.0,1.0,1.0,1.0,1,0,0.0,0.0,0.0,0.1,0.0,0.0,0.0,0.0,0.0,0.0,0.0,1.0,0.0,0.0,0.0,0.0,0.0,-0.1281520138843971,2.166112591183837e-21,2.166112591183837e-21,0.0,0.5388888888888889,0.5388888888888889,0,0,0,0,C1,0.0,0.0,0.20731463103929532,0.1,1.0,0.1,0.0,0.0,0.20731463103929532
phaseflip,mixed_pauli,0.15,4,0.5,0.0,10,qiskit_aer,1,1,0.7692756250000001,0.4460461631944445,0.37777777777777777,0.18888888888888888,0.0,0.0,0.0,1.0,0.18482999999999983,0.06770821334732956,0.1680749999999998,0.1592437499999998,0.20254687499999985,0.1019146874999999,0.10072500000000018,1.0,0.9,0.1,0.0,0.0,0.0,0.0,0.0,0.37052631039295436,0.041727402922869576,0.38409006039295435,0.3381197478929542,0.3953259978929544,0.3048356853929543,0.2967525603929543,1.0,1.0,0.0,0.0,0.0,0.0,0.0,0.0,0.2073146310392953,0.10059619257423942,0.1680749999999998,0.1592437499999998,0.23348437499999994,0.1019146874999999,0.10072500000000018,1.0,1.0,0.1,0.0,0.0,0.0,0.0,0.0,0.0,0.16622704831436358,1.662270483143636,0.2652713103929543,0.29834631039295423,0.2073146310392953,0.10059619257423942,0.1680749999999998,0.1592437499999998,0.23348437499999994,0.1019146874999999,0.10072500000000018,1.0,1.0,0.1,0.0,0.0,0.0,0.0,0.0,0.0,0.16622704831436358,1.662270483143636,0.2652713103929543,0.29834631039295423,0.2073146310392953,0.10059619257423942,0.1680749999999998,0.1592437499999998,0.23348437499999994,0.1019146874999999,0.10072500000000018,1.0,1.0,0.1,0.0,0.0,0.0,0.0,0.0,0.0,0.16622704831436358,1.662270483143636,0.2652713103929543,0.29834631039295423,0.2073146310392953,0.10059619257423942,0.1680749999999998,0.1592437499999998,0.23348437499999994,0.1019146874999999,0.10072500000000018,1.0,1.0,0.1,0.0,0.0,0.0,0.0,0.0,0.0,0.16622704831436358,1.662270483143636,0.2652713103929543,0.29834631039295423,1.0,0.1,0.1,0.1,0.1,0.0,0.1,1.0,0.1111111111111111,0.1,1.0,0.1111111111111111,0.1,1.0,0.1111111111111111,0.1,1.0,0.1111111111111111,0.1,0.0,0.1,0.1,0.1,0.1,0.1,0.0,0.0,0.0,0.0,0.1,0.1,1.0,1.0,0.9,0.1,1.0,1.0,1.0,1.0,1.0,1.0,1,0,0.0,0.0,0.0,0.1,0.0,0.0,0.0,0.0,0.0,0.0,0.0,1.0,0.0,0.0,0.0,0.0,0.0,-0.24604616318994038,2.166112591183837e-21,2.166112591183837e-21,0.0,0.6888888888888889,0.6888888888888889,0,0,0,0,C1,0.0,0.0,0.2073146310392953,0.1,1.0,0.1,0.0,0.0,0.2073146310392953
phaseflip,mixed_pauli,0.15,4,0.5,0.03,10,qiskit_aer,1,1,0.7692756250000001,0.4146472048611112,0.4444444444444444,0.18888888888888888,0.0,0.0,0.0,1.0,0.18482999999999983,0.06770821334732956,0.1680749999999998,0.1592437499999998,0.20254687499999985,0.1019146874999999,0.10072500000000018,1.0,0.9,0.1,0.0,0.0,0.0,0.0,0.0,0.37052631039295436,0.041727402922869576,0.38409006039295435,0.3381197478929542,0.3953259978929544,0.3048356853929543,0.2967525603929543,1.0,1.0,0.0,0.0,0.0,0.0,0.0,0.0,0.2073146310392953,0.10059619257423942,0.1680749999999998,0.1592437499999998,0.23348437499999994,0.1019146874999999,0.10072500000000018,1.0,1.0,0.1,0.0,0.0,0.0,0.0,0.0,0.0,0.16622704831436358,1.662270483143636,0.2652713103929543,0.29834631039295423,0.2073146310392953,0.10059619257423942,0.1680749999999998,0.1592437499999998,0.23348437499999994,0.1019146874999999,0.10072500000000018,1.0,1.0,0.1,0.0,0.0,0.0,0.0,0.0,0.0,0.16622704831436358,1.662270483143636,0.2652713103929543,0.29834631039295423,0.2073146310392953,0.10059619257423942,0.1680749999999998,0.1592437499999998,0.23348437499999994,0.1019146874999999,0.10072500000000018,1.0,1.0,0.1,0.0,0.0,0.0,0.0,0.0,0.0,0.16622704831436358,1.662270483143636,0.2652713103929543,0.29834631039295423,0.2073146310392953,0.10059619257423942,0.1680749999999998,0.1592437499999998,0.23348437499999994,0.1019146874999999,0.10072500000000018,1.0,1.0,0.1,0.0,0.0,0.0,0.0,0.0,0.0,0.16622704831436358,1.662270483143636,0.2652713103929543,0.29834631039295423,1.0,0.1,0.1,0.1,0.1,0.0,0.1,1.0,0.1111111111111111,0.1,1.0,0.1111111111111111,0.1,1.0,0.1111111111111111,0.1,1.0,0.1111111111111111,0.1,0.0,0.1,0.1,0.1,0.1,0.1,0.0,0.0,0.0,0.0,0.1,0.1,1.0,1.0,0.9,0.1,1.0,1.0,1.0,1.0,1.0,1.0,1,0,0.0,0.0,0.0,0.1,0.0,0.0,0.0,0.0,0.0,0.0,0.0,1.0,0.0,0.0,0.0,0.0,0.0,-0.2146472048566104,2.166112591183837e-21,2.166112591183837e-21,0.0,0.7428888888888889,0.7488888888888889,0,0,0,0,C1,0.0,0.0,0.2073146310392953,0.1,1.0,0.1,0.0,0.0,0.2073146310392953
phaseflip,mixed_pauli,0.15,4,0.5,0.05,10,qiskit_aer,1,1,0.7692756250000001,0.3605197569444445,0.5444444444444444,0.18888888888888888,0.0,0.0,0.0,1.0,0.18482999999999986,0.06770821334732957,0.1680749999999998,0.1592437499999998,0.20254687499999985,0.1019146874999999,0.10072500000000018,1.0,1.0,0.1,0.0,0.0,0.0,0.0,0.0,0.37052631039295436,0.041727402922869576,0.38409006039295435,0.3381197478929542,0.3953259978929544,0.3048356853929543,0.2967525603929543,1.0,1.0,0.0,0.0,0.0,0.0,0.0,0.0,0.18482999999999986,0.06770821334732957,0.1680749999999998,0.1592437499999998,0.20254687499999985,0.1019146874999999,0.10072500000000018,1.0,1.0,0.1,0.0,0.0,0.0,0.0,0.0,0.0,0.18871167935365904,1.8871167935365902,0.2652713103929543,0.29834631039295423,0.18482999999999986,0.06770821334732957,0.1680749999999998,0.1592437499999998,0.20254687499999985,0.1019146874999999,0.10072500000000018,1.0,1.0,0.1,0.0,0.0,0.0,0.0,0.0,0.0,0.18871167935365904,1.8871167935365902,0.2652713103929543,0.29834631039295423,0.18482999999999986,0.06770821334732957,0.1680749999999998,0.1592437499999998,0.20254687499999985,0.1019146874999999,0.10072500000000018,1.0,1.0,0.1,0.0,0.0,0.0,0.0,0.0,0.0,0.18871167935365904,1.8871167935365902,0.2652713103929543,0.29834631039295423,0.18482999999999986,0.06770821334732957,0.1680749999999998,0.1592437499999998,0.20254687499999985,0.1019146874999999,0.10072500000000018,1.0,1.0,0.1,0.0,0.0,0.0,0.0,0.0,0.0,0.18871167935365904,1.8871167935365902,0.2652713103929543,0.29834631039295423,1.0,0.0,0.0,0.0,0.0,0.0,0.0,1.0,0.0,0.0,1.0,0.0,0.0,1.0,0.0,0.0,1.0,0.0,0.0,0.0,0.0,0.0,0.0,0.0,0.0,0.0,0.0,0.0,0.0,0.0,0.0,1.0,1.0,0.9,0.0,0.0,0.0,0.0,0.0,0.0,0.0,0,0,0.0,0.0,0.0,0.0,0.0,0.0,0.0,0.0,0.0,0.0,0.0,1.0,0.0,0.0,0.0,0.0,0.0,-0.3605197569400535,0.0,0.0,0.0,0.778888888888889,0.788888888888889,0,0,0,0,C1,0.0,0.0,0.18482999999999986,0.1,1.0,0.0,0.0,0.0,0.18482999999999986
phaseflip,mixed_pauli,0.15,4,0.5,0.1,10,qiskit_aer,1,1,0.7692756250000001,0.2692887673611111,0.6666666666666666,0.18888888888888888,0.0,0.0,0.0,1.0,0.18482999999999983,0.06770821334732956,0.1680749999999998,0.1592437499999998,0.20254687499999985,0.1019146874999999,0.10072500000000018,1.0,0.9,0.1,0.0,0.0,0.0,0.0,0.0,0.37052631039295436,0.041727402922869576,0.38409006039295435,0.3381197478929542,0.3953259978929544,0.3048356853929543,0.2967525603929543,1.0,1.0,0.0,0.0,0.0,0.0,0.0,0.0,0.2073146310392953,0.10059619257423942,0.1680749999999998,0.1592437499999998,0.23348437499999994,0.1019146874999999,0.10072500000000018,1.0,1.0,0.1,0.0,0.0,0.0,0.0,0.0,0.0,0.16622704831436358,1.662270483143636,0.2652713103929543,0.29834631039295423,0.2073146310392953,0.10059619257423942,0.1680749999999998,0.1592437499999998,0.23348437499999994,0.1019146874999999,0.10072500000000018,1.0,1.0,0.1,0.0,0.0,0.0,0.0,0.0,0.0,0.16622704831436358,1.662270483143636,0.2652713103929543,0.29834631039295423,0.2073146310392953,0.10059619257423942,0.1680749999999998,0.1592437499999998,0.23348437499999994,0.1019146874999999,0.10072500000000018,1.0,1.0,0.1,0.0,0.0,0.0,0.0,0.0,0.0,0.16622704831436358,1.662270483143636,0.2652713103929543,0.29834631039295423,0.2073146310392953,0.10059619257423942,0.1680749999999998,0.1592437499999998,0.23348437499999994,0.1019146874999999,0.10072500000000018,1.0,1.0,0.1,0.0,0.0,0.0,0.0,0.0,0.0,0.16622704831436358,1.662270483143636,0.2652713103929543,0.29834631039295423,1.0,0.1,0.1,0.1,0.1,0.0,0.1,1.0,0.1111111111111111,0.1,1.0,0.1111111111111111,0.1,1.0,0.1111111111111111,0.1,1.0,0.1111111111111111,0.1,0.0,0.1,0.1,0.1,0.1,0.1,0.0,0.0,0.0,0.0,0.1,0.1,1.0,1.0,0.9,0.1,1.0,1.0,1.0,1.0,1.0,1.0,1,0,0.0,0.0,0.0,0.1,0.0,0.0,0.0,0.0,0.0,0.0,0.0,1.0,0.0,0.0,0.0,0.0,0.0,-0.06928876735645938,2.166112591183837e-21,2.166112591183837e-21,0.0,0.8688888888888888,0.8888888888888888,0,0,0,0,C1,0.0,0.0,0.2073146310392953,0.1,1.0,0.1,0.0,0.0,0.2073146310392953
phaseflip,mixed_pauli,0.15,4,0.75,0.0,10,qiskit_aer,1,1,0.7692756250000001,0.3361513194444445,0.6777777777777778,0.3388888888888889,0.0,0.0,0.0,1.0,0.18482999999999986,0.06770821334732957,0.1680749999999998,0.1592437499999998,0.20254687499999985,0.1019146874999999,0.10072500000000018,1.0,1.0,0.1,0.0,0.0,0.0,0.0,0.0,0.37052631039295436,0.041727402922869576,0.38409006039295435,0.3381197478929542,0.3953259978929544,0.3048356853929543,0.2967525603929543,1.0,1.0,0.0,0.0,0.0,0.0,0.0,0.0,0.18482999999999986,0.06770821334732957,0.1680749999999998,0.1592437499999998,0.20254687499999985,0.1019146874999999,0.10072500000000018,1.0,1.0,0.1,0.0,0.0,0.0,0.0,0.0,0.0,0.18871167935365904,1.8871167935365902,0.2652713103929543,0.29834631039295423,0.18482999999999986,0.06770821334732957,0.1680749999999998,0.1592437499999998,0.20254687499999985,0.1019146874999999,0.10072500000000018,1.0,1.0,0.1,0.0,0.0,0.0,0.0,0.0,0.0,0.18871167935365904,1.8871167935365902,0.2652713103929543,0.29834631039295423,0.18482999999999986,0.06770821334732957,0.1680749999999998,0.1592437499999998,0.20254687499999985,0.1019146874999999,0.10072500000000018,1.0,1.0,0.1,0.0,0.0,0.0,0.0,0.0,0.0,0.18871167935365904,1.8871167935365902,0.2652713103929543,0.29834631039295423,0.18482999999999986,0.06770821334732957,0.1680749999999998,0.1592437499999998,0.20254687499999985,0.1019146874999999,0.10072500000000018,1.0,1.0,0.1,0.0,0.0,0.0,0.0,0.0,0.0,0.18871167935365904,1.8871167935365902,0.2652713103929543,0.29834631039295423,1.0,0.0,0.0,0.0,0.0,0.0,0.0,1.0,0.0,0.0,1.0,0.0,0.0,1.0,0.0,0.0,1.0,0.0,0.0,0.0,0.0,0.0,0.0,0.0,0.0,0.0,0.0,0.0,0.0,0.0,0.0,1.0,1.0,0.1,0.0,0.0,0.0,0.0,0.0,0.0,0.0,0,0,0.0,0.0,0.0,0.0,0.0,0.0,0.0,0.0,0.0,0.0,0.0,1.0,0.0,0.0,0.0,0.0,0.0,-0.3361513194400208,0.0,0.0,0.0,0.9972222222222222,1.088888888888889,0,0,0,0,C1,0.0,0.0,0.18482999999999986,0.1,1.0,0.0,0.0,0.0,0.18482999999999986
phaseflip,mixed_pauli,0.15,4,0.75,0.03,10,qiskit_aer,1,1,0.7692756250000001,0.3035711111111111,0.7222222222222222,0.3388888888888889,0.0,0.0,0.0,1.0,0.18482999999999983,0.06770821334732956,0.1680749999999998,0.1592437499999998,0.20254687499999985,0.1019146874999999,0.10072500000000018,1.0,0.9,0.1,0.0,0.0,0.0,0.0,0.0,0.37052631039295436,0.041727402922869576,0.38409006039295435,0.3381197478929542,0.3953259978929544,0.3048356853929543,0.2967525603929543,1.0,1.0,0.0,0.0,0.0,0.0,0.0,0.0,0.2073146310392953,0.10059619257423942,0.1680749999999998,0.1592437499999998,0.23348437499999994,0.1019146874999999,0.10072500000000018,1.0,1.0,0.1,0.0,0.0,0.0,0.0,0.0,0.0,0.16622704831436358,1.662270483143636,0.2652713103929543,0.29834631039295423,0.2073146310392953,0.10059619257423942,0.1680749999999998,0.1592437499999998,0.23348437499999994,0.1019146874999999,0.10072500000000018,1.0,1.0,0.1,0.0,0.0,0.0,0.0,0.0,0.0,0.16622704831436358,1.662270483143636,0.2652713103929543,0.29834631039295423,0.2073146310392953,0.10059619257423942,0.1680749999999998,0.1592437499999998,0.23348437499999994,0.1019146874999999,0.10072500000000018,1.0,1.0,0.1,0.0,0.0,0.0,0.0,0.0,0.0,0.16622704831436358,1.662270483143636,0.2652713103929543,0.29834631039295423,0.18482999999999983,0.06770821334732956,0.1680749999999998,0.1592437499999998,0.20254687499999985,0.1019146874999999,0.10072500000000018,1.0,0.9,0.1,0.0,0.0,0.0,0.0,0.0,2.166112591183837e-21,0.18871167935365904,1.8871167935365902,0.2652713103929543,0.29834631039295423,1.0,0.1,0.1,0.1,0.0,0.1,0.1,1.0,0.1111111111111111,0.1,1.0,0.1111111111111111,0.1,1.0,0.1111111111111111,0.0,1.0,0.0,0.1,0.0,0.1,0.1,0.0,0.1,0.1,0.1,0.0,0.0,0.0,0.1,0.1,1.0,1.0,0.0,0.0,1.0,1.0,1.0,1.0,0.0,0.0,1,1,0.1,1.0,0.0,0.1,0.0,0.1,0.0,1.0,0.0,0.0,1.0,0.0,0.0,0.22484631039295455,-0.22484631039295455,-0.022484631039295454,-0.22484631039295455,-0.10357111110645123,2.166112591183837e-21,2.166112591183837e-21,0.0,1.0,1.148888888888889,0,0,0,1,C1,0.0,0.0,0.2073146310392953,0.1,1.0,0.1,0.0,0.0,0.2073146310392953
phaseflip,mixed_pauli,0.15,4,0.75,0.05,10,qiskit_aer,1,1,0.7692756250000001,0.26680130208333336,0.7777777777777778,0.3388888888888889,0.0,0.0,0.0,1.0,0.18482999999999983,0.06770821334732956,0.1680749999999998,0.1592437499999998,0.20254687499999985,0.1019146874999999,0.10072500000000018,1.0,1.0,0.1,0.0,0.0,0.0,0.0,0.0,0.37052631039295436,0.041727402922869576,0.38409006039295435,0.3381197478929542,0.3953259978929544,0.3048356853929543,0.2967525603929543,1.0,1.0,0.0,0.0,0.0,0.0,0.0,0.0,0.18482999999999983,0.06770821334732956,0.1680749999999998,0.1592437499999998,0.20254687499999985,0.1019146874999999,0.10072500000000018,1.0,1.0,0.1,0.0,0.0,0.0,0.0,0.0,0.0,0.18871167935365904,1.8871167935365902,0.2652713103929543,0.29834631039295423,0.18482999999999983,0.06770821334732956,0.1680749999999998,0.1592437499999998,0.20254687499999985,0.1019146874999999,0.10072500000000018,1.0,1.0,0.1,0.0,0.0,0.0,0.0,0.0,0.0,0.18871167935365904,1.8871167935365902,0.2652713103929543,0.29834631039295423,0.18482999999999983,0.06770821334732956,0.1680749999999998,0.1592437499999998,0.20254687499999985,0.1019146874999999,0.10072500000000018,1.0,1.0,0.1,0.0,0.0,0.0,0.0,0.0,0.0,0.18871167935365904,1.8871167935365902,0.2652713103929543,0.29834631039295423,0.18482999999999983,0.06770821334732956,0.1680749999999998,0.1592437499999998,0.20254687499999985,0.1019146874999999,0.10072500000000018,1.0,1.0,0.1,0.0,0.0,0.0,0.0,0.0,0.0,0.18871167935365904,1.8871167935365902,0.2652713103929543,0.29834631039295423,1.0,0.0,0.0,0.0,0.0,0.0,0.0,1.0,0.0,0.0,1.0,0.0,0.0,1.0,0.0,0.0,1.0,0.0,0.0,0.0,0.0,0.0,0.0,0.0,0.0,0.0,0.0,0.0,0.0,0.0,0.0,1.0,1.0,0.0,0.0,0.0,0.0,0.0,0.0,0.0,0.0,0,0,0.0,0.0,0.0,0.0,0.0,0.0,0.0,0.0,0.0,0.0,0.0,1.0,0.0,0.0,0.0,0.0,0.0,-0.26680130207893327,0.0,0.0,0.0,1.0,1.188888888888889,0,0,0,0,C1,0.0,0.0,0.18482999999999983,0.1,1.0,0.0,0.0,0.0,0.18482999999999983
phaseflip,mixed_pauli,0.15,4,0.75,0.1,10,qiskit_aer,1,1,0.7692756250000001,0.21739288194444448,0.8222222222222222,0.3388888888888889,0.0,0.0,0.0,1.0,0.18482999999999983,0.06770821334732956,0.1680749999999998,0.1592437499999998,0.20254687499999985,0.1019146874999999,0.10072500000000018,1.0,1.0,0.1,0.0,0.0,0.0,0.0,0.0,0.37052631039295436,0.041727402922869576,0.38409006039295435,0.3381197478929542,0.3953259978929544,0.3048356853929543,0.2967525603929543,1.0,1.0,0.0,0.0,0.0,0.0,0.0,0.0,0.18482999999999983,0.06770821334732956,0.1680749999999998,0.1592437499999998,0.20254687499999985,0.1019146874999999,0.10072500000000018,1.0,1.0,0.1,0.0,0.0,0.0,0.0,0.0,0.0,0.18871167935365904,1.8871167935365902,0.2652713103929543,0.29834631039295423,0.18482999999999983,0.06770821334732956,0.1680749999999998,0.1592437499999998,0.20254687499999985,0.1019146874999999,0.10072500000000018,1.0,1.0,0.1,0.0,0.0,0.0,0.0,0.0,0.0,0.18871167935365904,1.8871167935365902,0.2652713103929543,0.29834631039295423,0.18482999999999983,0.06770821334732956,0.1680749999999998,0.1592437499999998,0.20254687499999985,0.1019146874999999,0.10072500000000018,1.0,1.0,0.1,0.0,0.0,0.0,0.0,0.0,0.0,0.18871167935365904,1.8871167935365902,0.2652713103929543,0.29834631039295423,0.18482999999999983,0.06770821334732956,0.1680749999999998,0.1592437499999998,0.20254687499999985,0.1019146874999999,0.10072500000000018,1.0,1.0,0.1,0.0,0.0,0.0,0.0,0.0,0.0,0.18871167935365904,1.8871167935365902,0.2652713103929543,0.29834631039295423,1.0,0.0,0.0,0.0,0.0,0.0,0.0,1.0,0.0,0.0,1.0,0.0,0.0,1.0,0.0,0.0,1.0,0.0,0.0,0.0,0.0,0.0,0.0,0.0,0.0,0.0,0.0,0.0,0.0,0.0,0.0,1.0,1.0,0.0,0.0,0.0,0.0,0.0,0.0,0.0,0.0,0,0,0.0,0.0,0.0,0.0,0.0,0.0,0.0,0.0,0.0,0.0,0.0,1.0,0.0,0.0,0.0,0.0,0.0,-0.21739288194002548,0.0,0.0,0.0,1.0,1.2888888888888888,0,0,0,0,C1,0.0,0.0,0.18482999999999983,0.1,1.0,0.0,0.0,0.0,0.18482999999999983
phaseflip,mixed_pauli,0.15,4,1.0,0.0,10,qiskit_aer,1,1,0.7692756250000001,0.1690469965277778,1.0,0.5,0.0,0.0,0.0,1.0,0.18482999999999983,0.06770821334732956,0.1680749999999998,0.1592437499999998,0.20254687499999985,0.1019146874999999,0.10072500000000018,1.0,0.9,0.1,0.0,0.0,0.0,0.0,0.0,0.37052631039295436,0.041727402922869576,0.38409006039295435,0.3381197478929542,0.3953259978929544,0.3048356853929543,0.2967525603929543,1.0,1.0,0.0,0.0,0.0,0.0,0.0,0.0,0.2073146310392953,0.10059619257423942,0.1680749999999998,0.1592437499999998,0.23348437499999994,0.1019146874999999,0.10072500000000018,1.0,1.0,0.1,0.0,0.0,0.0,0.0,0.0,0.0,0.16622704831436358,1.662270483143636,0.2652713103929543,0.29834631039295423,0.2073146310392953,0.10059619257423942,0.1680749999999998,0.1592437499999998,0.23348437499999994,0.1019146874999999,0.10072500000000018,1.0,1.0,0.1,0.0,0.0,0.0,0.0,0.0,0.0,0.16622704831436358,1.662270483143636,0.2652713103929543,0.29834631039295423,0.2073146310392953,0.10059619257423942,0.1680749999999998,0.1592437499999998,0.23348437499999994,0.1019146874999999,0.10072500000000018,1.0,1.0,0.1,0.0,0.0,0.0,0.0,0.0,0.0,0.16622704831436358,1.662270483143636,0.2652713103929543,0.29834631039295423,0.18482999999999983,0.06770821334732956,0.1680749999999998,0.1592437499999998,0.20254687499999985,0.1019146874999999,0.10072500000000018,1.0,0.9,0.1,0.0,0.0,0.0,0.0,0.0,2.166112591183837e-21,0.18871167935365904,1.8871167935365902,0.2652713103929543,0.29834631039295423,1.0,0.1,0.1,0.1,0.0,0.1,0.1,1.0,0.1111111111111111,0.1,1.0,0.1111111111111111,0.1,1.0,0.1111111111111111,0.0,1.0,0.0,0.1,0.0,0.1,0.1,0.0,0.1,0.1,0.1,0.0,0.0,0.0,0.1,0.1,1.0,1.0,0.0,0.0,1.0,1.0,1.0,1.0,0.0,0.0,1,1,0.1,1.0,0.0,0.1,0.0,0.1,0.0,1.0,0.0,0.0,1.0,0.0,0.0,0.22484631039295455,-0.22484631039295455,-0.022484631039295454,-0.22484631039295455,0.030953003476675824,2.166112591183837e-21,2.166112591183837e-21,0.0,1.0,1.5,0,0,0,1,C1,0.0,0.0,0.2073146310392953,0.1,1.0,0.1,0.0,0.0,0.2073146310392953
phaseflip,mixed_pauli,0.15,4,1.0,0.03,10,qiskit_aer,1,1,0.7692756250000001,0.1584112326388889,1.0,0.5,0.0,0.0,0.0,1.0,0.18482999999999983,0.06770821334732956,0.1680749999999998,0.1592437499999998,0.20254687499999985,0.1019146874999999,0.10072500000000018,1.0,1.0,0.1,0.0,0.0,0.0,0.0,0.0,0.37052631039295436,0.041727402922869576,0.38409006039295435,0.3381197478929542,0.3953259978929544,0.3048356853929543,0.2967525603929543,1.0,1.0,0.0,0.0,0.0,0.0,0.0,0.0,0.18482999999999983,0.06770821334732956,0.1680749999999998,0.1592437499999998,0.20254687499999985,0.1019146874999999,0.10072500000000018,1.0,1.0,0.1,0.0,0.0,0.0,0.0,0.0,0.0,0.18871167935365904,1.8871167935365902,0.2652713103929543,0.29834631039295423,0.18482999999999983,0.06770821334732956,0.1680749999999998,0.1592437499999998,0.20254687499999985,0.1019146874999999,0.10072500000000018,1.0,1.0,0.1,0.0,0.0,0.0,0.0,0.0,0.0,0.18871167935365904,1.8871167935365902,0.2652713103929543,0.29834631039295423,0.18482999999999983,0.06770821334732956,0.1680749999999998,0.1592437499999998,0.20254687499999985,0.1019146874999999,0.10072500000000018,1.0,1.0,0.1,0.0,0.0,0.0,0.0,0.0,0.0,0.18871167935365904,1.8871167935365902,0.2652713103929543,0.29834631039295423,0.18482999999999983,0.06770821334732956,0.1680749999999998,0.1592437499999998,0.20254687499999985,0.1019146874999999,0.10072500000000018,1.0,1.0,0.1,0.0,0.0,0.0,0.0,0.0,0.0,0.18871167935365904,1.8871167935365902,0.2652713103929543,0.29834631039295423,1.0,0.0,0.0,0.0,0.0,0.0,0.0,1.0,0.0,0.0,1.0,0.0,0.0,1.0,0.0,0.0,1.0,0.0,0.0,0.0,0.0,0.0,0.0,0.0,0.0,0.0,0.0,0.0,0.0,0.0,0.0,1.0,1.0,0.0,0.0,0.0,0.0,0.0,0.0,0.0,0.0,0,0,0.0,0.0,0.0,0.0,0.0,0.0,0.0,0.0,0.0,0.0,0.0,1.0,0.0,0.0,0.0,0.0,0.0,-0.15841123263449006,0.0,0.0,0.0,1.0,1.56,0,0,0,0,C1,0.0,0.0,0.18482999999999983,0.1,1.0,0.0,0.0,0.0,0.18482999999999983
phaseflip,mixed_pauli,0.15,4,1.0,0.05,10,qiskit_aer,1,1,0.7692756250000001,0.13839211805555557,1.0,0.5,0.0,0.0,0.0,1.0,0.18482999999999983,0.06770821334732956,0.1680749999999998,0.1592437499999998,0.20254687499999985,0.1019146874999999,0.10072500000000018,1.0,1.0,0.1,0.0,0.0,0.0,0.0,0.0,0.37052631039295436,0.041727402922869576,0.38409006039295435,0.3381197478929542,0.3953259978929544,0.3048356853929543,0.2967525603929543,1.0,1.0,0.0,0.0,0.0,0.0,0.0,0.0,0.18482999999999983,0.06770821334732956,0.1680749999999998,0.1592437499999998,0.20254687499999985,0.1019146874999999,0.10072500000000018,1.0,1.0,0.1,0.0,0.0,0.0,0.0,0.0,0.0,0.18871167935365904,1.8871167935365902,0.2652713103929543,0.29834631039295423,0.18482999999999983,0.06770821334732956,0.1680749999999998,0.1592437499999998,0.20254687499999985,0.1019146874999999,0.10072500000000018,1.0,1.0,0.1,0.0,0.0,0.0,0.0,0.0,0.0,0.18871167935365904,1.8871167935365902,0.2652713103929543,0.29834631039295423,0.18482999999999983,0.06770821334732956,0.1680749999999998,0.1592437499999998,0.20254687499999985,0.1019146874999999,0.10072500000000018,1.0,1.0,0.1,0.0,0.0,0.0,0.0,0.0,0.0,0.18871167935365904,1.8871167935365902,0.2652713103929543,0.29834631039295423,0.18482999999999983,0.06770821334732956,0.1680749999999998,0.1592437499999998,0.20254687499999985,0.1019146874999999,0.10072500000000018,1.0,1.0,0.1,0.0,0.0,0.0,0.0,0.0,0.0,0.18871167935365904,1.8871167935365902,0.2652713103929543,0.29834631039295423,1.0,0.0,0.0,0.0,0.0,0.0,0.0,1.0,0.0,0.0,1.0,0.0,0.0,1.0,0.0,0.0,1.0,0.0,0.0,0.0,0.0,0.0,0.0,0.0,0.0,0.0,0.0,0.0,0.0,0.0,0.0,1.0,1.0,0.0,0.0,0.0,0.0,0.0,0.0,0.0,0.0,0,0,0.0,0.0,0.0,0.0,0.0,0.0,0.0,0.0,0.0,0.0,0.0,1.0,0.0,0.0,0.0,0.0,0.0,-0.13839211805110557,0.0,0.0,0.0,1.0,1.6,0,0,0,0,C1,0.0,0.0,0.18482999999999983,0.1,1.0,0.0,0.0,0.0,0.18482999999999983
phaseflip,mixed_pauli,0.15,4,1.0,0.1,10,qiskit_aer,1,1,0.7692756250000001,0.1169552777777778,1.0,0.5,0.0,0.0,0.0,1.0,0.18482999999999983,0.06770821334732956,0.1680749999999998,0.1592437499999998,0.20254687499999985,0.1019146874999999,0.10072500000000018,1.0,1.0,0.1,0.0,0.0,0.0,0.0,0.0,0.37052631039295436,0.041727402922869576,0.38409006039295435,0.3381197478929542,0.3953259978929544,0.3048356853929543,0.2967525603929543,1.0,1.0,0.0,0.0,0.0,0.0,0.0,0.0,0.18482999999999983,0.06770821334732956,0.1680749999999998,0.1592437499999998,0.20254687499999985,0.1019146874999999,0.10072500000000018,1.0,1.0,0.1,0.0,0.0,0.0,0.0,0.0,0.0,0.18871167935365904,1.8871167935365902,0.2652713103929543,0.29834631039295423,0.18482999999999983,0.06770821334732956,0.1680749999999998,0.1592437499999998,0.20254687499999985,0.1019146874999999,0.10072500000000018,1.0,1.0,0.1,0.0,0.0,0.0,0.0,0.0,0.0,0.18871167935365904,1.8871167935365902,0.2652713103929543,0.29834631039295423,0.18482999999999983,0.06770821334732956,0.1680749999999998,0.1592437499999998,0.20254687499999985,0.1019146874999999,0.10072500000000018,1.0,1.0,0.1,0.0,0.0,0.0,0.0,0.0,0.0,0.18871167935365904,1.8871167935365902,0.2652713103929543,0.29834631039295423,0.18482999999999983,0.06770821334732956,0.1680749999999998,0.1592437499999998,0.20254687499999985,0.1019146874999999,0.10072500000000018,1.0,1.0,0.1,0.0,0.0,0.0,0.0,0.0,0.0,0.18871167935365904,1.8871167935365902,0.2652713103929543,0.29834631039295423,1.0,0.0,0.0,0.0,0.0,0.0,0.0,1.0,0.0,0.0,1.0,0.0,0.0,1.0,0.0,0.0,1.0,0.0,0.0,0.0,0.0,0.0,0.0,0.0,0.0,0.0,0.0,0.0,0.0,0.0,0.0,1.0,1.0,0.0,0.0,0.0,0.0,0.0,0.0,0.0,0.0,0,0,0.0,0.0,0.0,0.0,0.0,0.0,0.0,0.0,0.0,0.0,0.0,1.0,0.0,0.0,0.0,0.0,0.0,-0.11695527777338069,0.0,0.0,0.0,1.0,1.7000000000000002,0,0,0,0,C1,0.0,0.0,0.18482999999999983,0.1,1.0,0.0,0.0,0.0,0.18482999999999983
phaseflip,phaseflip,0.05,2,0.0,0.0,10,qiskit_aer,1,1,0.9039999999999999,0.9039999999999999,0.0,0.0,1.0,1.0,0.0,0.0,0.0959999999999998,0.0012247448713915085,0.09499999999999986,0.09499999999999986,0.0974999999999997,0.09499999999999986,0.09499999999999986,1.0,0.8,1.0,0.2,0.0,0.0,0.0,0.0,0.06584631039295445,0.0012247448713915085,0.06484631039295452,0.06484631039295452,0.06734631039295436,0.06484631039295452,0.06484631039295452,1.0,1.0,0.0,0.0,0.0,1.0,1.0,1.0,0.06584631039295445,0.0012247448713915085,0.06484631039295452,0.06484631039295452,0.06734631039295436,0.06484631039295452,0.06484631039295452,1.0,1.0,0.0,0.0,0.0,1.0,1.0,1.0,0.0,0.030153689607045342,0.3015368960704534,0.030153689607045342,0.030153689607045342,0.08996926207859073,0.01135284042619552,0.09499999999999986,0.09499999999999986,0.09499999999999986,0.06734631039295436,0.06734631039295436,1.0,1.0,0.8,0.0,0.0,0.2,0.2,0.2,0.0,0.006030737921409068,0.060307379214090684,0.030153689607045342,0.030153689607045342,0.08996926207859073,0.01135284042619552,0.09499999999999986,0.09499999999999986,0.09499999999999986,0.06734631039295436,0.06734631039295436,1.0,1.0,0.8,0.0,0.0,0.2,0.2,0.2,0.0,0.006030737921409068,0.060307379214090684,0.030153689607045342,0.030153689607045342,0.08996926207859073,0.01135284042619552,0.09499999999999986,0.09499999999999986,0.09499999999999986,0.06734631039295436,0.06734631039295436,1.0,1.0,0.8,0.0,0.0,0.2,0.2,0.2,0.0,0.006030737921409068,0.060307379214090684,0.030153689607045342,0.030153689607045342,1.0,1.0,0.2,0.2,0.2,0.0,1.0,0.0,1.0,0.2,1.0,1.0,0.2,1.0,1.0,0.2,1.0,1.0,0.2,0.8,0.2,0.2,0.2,0.2,0.2,0.0,0.0,0.0,0.0,0.2,0.2,1.0,1.0,1.0,0.2,1.0,1.0,1.0,1.0,1.0,1.0,2,0,0.0,0.0,0.2,0.0,0.0,0.0,0.0,0.0,0.0,0.0,0.0,1.0,0.0,0.0,0.0,0.0,0.0,-0.5039999998779503,0.0003539416742845664,0.0003539416742845664,0.0,0.0,0.0,0,0,0,0,C2,0.0,0.0,0.08996926207859073,0.8,1.0,0.2,0.0,0.0,0.08996926207859073
phaseflip,phaseflip,0.05,2,0.0,0.03,10,qiskit_aer,1,1,0.9039999999999999,0.5925555555555555,0.17777777777777776,0.0,0.0,1.0,0.0,0.0,0.0959999999999998,0.0012247448713915085,0.09499999999999986,0.09499999999999986,0.0974999999999997,0.09499999999999986,0.09499999999999986,1.0,0.8,1.0,0.0,0.0,0.0,0.0,0.0,0.06584631039295445,0.0012247448713915085,0.06484631039295452,0.06484631039295452,0.06734631039295436,0.06484631039295452,0.06484631039295452,1.0,1.0,0.0,0.0,0.0,0.0,0.0,1.0,0.08996926207859073,0.01135284042619552,0.09499999999999986,0.09499999999999986,0.09499999999999986,0.06734631039295436,0.06734631039295436,1.0,1.0,0.8,0.0,0.0,0.0,0.0,0.2,0.0,0.006030737921409068,0.060307379214090684,0.030153689607045342,0.030153689607045342,0.08996926207859073,0.01135284042619552,0.09499999999999986,0.09499999999999986,0.09499999999999986,0.06734631039295436,0.06734631039295436,1.0,1.0,0.8,0.0,0.0,0.0,0.0,0.2,0.0,0.006030737921409068,0.060307379214090684,0.030153689607045342,0.030153689607045342,0.08996926207859073,0.01135284042619552,0.09499999999999986,0.09499999999999986,0.09499999999999986,0.06734631039295436,0.06734631039295436,1.0,1.0,0.8,0.0,0.0,0.0,0.0,0.2,0.0,0.006030737921409068,0.060307379214090684,0.030153689607045342,0.030153689607045342,0.08996926207859073,0.01135284042619552,0.09499999999999986,0.09499999999999986,0.09499999999999986,0.06734631039295436,0.06734631039295436,1.0,1.0,0.8,0.0,0.0,0.0,0.0,0.2,0.0,0.006030737921409068,0.060307379214090684,0.030153689607045342,0.030153689607045342,1.0,0.2,0.2,0.2,0.2,0.0,0.2,0.8,0.0,0.2,0.8,0.0,0.2,0.8,0.0,0.2,0.8,0.0,0.2,0.0,0.2,0.2,0.2,0.2,0.2,0.0,0.0,0.0,0.0,0.2,0.2,1.0,1.0,1.0,0.2,1.0,1.0,1.0,1.0,1.0,1.0,2,0,0.0,0.0,0.2,0.0,0.0,0.0,0.0,0.0,0.0,0.0,0.0,1.0,0.0,0.0,0.0,0.0,0.0,-0.19255555542951108,0.00556297854266948,0.00556297854266948,0.0,0.06,0.06,0,0,0,0,C1,0.0,0.0,0.08996926207859073,0.8,1.0,0.2,0.0,0.0,0.08996926207859073
phaseflip,phaseflip,0.05,2,0.0,0.05,10,qiskit_aer,1,1,0.9039999999999999,0.5424166666666667,0.25555555555555554,0.0,0.0,1.0,0.0,0.0,0.0959999999999998,0.0012247448713915085,0.09499999999999986,0.09499999999999986,0.0974999999999997,0.09499999999999986,0.09499999999999986,1.0,0.8,1.0,0.0,0.0,0.0,0.0,0.0,0.06584631039295445,0.0012247448713915085,0.06484631039295452,0.06484631039295452,0.06734631039295436,0.06484631039295452,0.06484631039295452,1.0,1.0,0.0,0.0,0.0,0.0,0.0,1.0,0.08996926207859073,0.01135284042619552,0.09499999999999986,0.09499999999999986,0.09499999999999986,0.06734631039295436,0.06734631039295436,1.0,1.0,0.8,0.0,0.0,0.0,0.0,0.2,0.0,0.006030737921409068,0.060307379214090684,0.030153689607045342,0.030153689607045342,0.08996926207859073,0.01135284042619552,0.09499999999999986,0.09499999999999986,0.09499999999999986,0.06734631039295436,0.06734631039295436,1.0,1.0,0.8,0.0,0.0,0.0,0.0,0.2,0.0,0.006030737921409068,0.060307379214090684,0.030153689607045342,0.030153689607045342,0.08996926207859073,0.01135284042619552,0.09499999999999986,0.09499999999999986,0.09499999999999986,0.06734631039295436,0.06734631039295436,1.0,1.0,0.8,0.0,0.0,0.0,0.0,0.2,0.0,0.006030737921409068,0.060307379214090684,0.030153689607045342,0.030153689607045342,0.08996926207859073,0.01135284042619552,0.09499999999999986,0.09499999999999986,0.09499999999999986,0.06734631039295436,0.06734631039295436,1.0,1.0,0.8,0.0,0.0,0.0,0.0,0.2,0.0,0.006030737921409068,0.060307379214090684,0.030153689607045342,0.030153689607045342,1.0,0.2,0.2,0.2,0.2,0.0,0.2,0.8,0.0,0.2,0.8,0.0,0.2,0.8,0.0,0.2,0.8,0.0,0.2,0.0,0.2,0.2,0.2,0.2,0.2,0.0,0.0,0.0,0.0,0.2,0.2,1.0,1.0,1.0,0.2,1.0,1.0,1.0,1.0,1.0,1.0,2,0,0.0,0.0,0.2,0.0,0.0,0.0,0.0,0.0,0.0,0.0,0.0,1.0,0.0,0.0,0.0,0.0,0.0,-0.14241666654253568,0.0032868402154856554,0.0032868402154856554,0.0,0.1,0.1,0,0,0,0,C1,0.0,0.0,0.08996926207859073,0.8,1.0,0.2,0.0,0.0,0.08996926207859073
phaseflip,phaseflip,0.05,2,0.0,0.1,10,qiskit_aer,1,1,0.9039999999999999,0.48213888888888884,0.36666666666666664,0.0,0.0,1.0,0.0,0.0,0.0959999999999998,0.0012247448713915085,0.09499999999999986,0.09499999999999986,0.0974999999999997,0.09499999999999986,0.09499999999999986,1.0,0.8,1.0,0.0,0.0,0.0,0.0,0.0,0.06584631039295445,0.0012247448713915085,0.06484631039295452,0.06484631039295452,0.06734631039295436,0.06484631039295452,0.06484631039295452,1.0,1.0,0.0,0.0,0.0,0.0,0.0,1.0,0.08996926207859073,0.01135284042619552,0.09499999999999986,0.09499999999999986,0.09499999999999986,0.06734631039295436,0.06734631039295436,1.0,1.0,0.8,0.0,0.0,0.0,0.0,0.2,0.0,0.006030737921409068,0.060307379214090684,0.030153689607045342,0.030153689607045342,0.08996926207859073,0.01135284042619552,0.09499999999999986,0.09499999999999986,0.09499999999999986,0.06734631039295436,0.06734631039295436,1.0,1.0,0.8,0.0,0.0,0.0,0.0,0.2,0.0,0.006030737921409068,0.060307379214090684,0.030153689607045342,0.030153689607045342,0.08996926207859073,0.01135284042619552,0.09499999999999986,0.09499999999999986,0.09499999999999986,0.06734631039295436,0.06734631039295436,1.0,1.0,0.8,0.0,0.0,0.0,0.0,0.2,0.0,0.006030737921409068,0.060307379214090684,0.030153689607045342,0.030153689607045342,0.08996926207859073,0.01135284042619552,0.09499999999999986,0.09499999999999986,0.09499999999999986,0.06734631039295436,0.06734631039295436,1.0,1.0,0.8,0.0,0.0,0.0,0.0,0.2,0.0,0.006030737921409068,0.060307379214090684,0.030153689607045342,0.030153689607045342,1.0,0.2,0.2,0.2,0.2,0.0,0.2,0.8,0.0,0.2,0.8,0.0,0.2,0.8,0.0,0.2,0.8,0.0,0.2,0.0,0.2,0.2,0.2,0.2,0.2,0.0,0.0,0.0,0.0,0.2,0.2,1.0,1.0,1.0,0.2,1.0,1.0,1.0,1.0,1.0,1.0,2,0,0.0,0.0,0.2,0.0,0.0,0.0,0.0,0.0,0.0,0.0,0.0,1.0,0.0,0.0,0.0,0.0,0.0,-0.08213888876608952,0.0032868402154856554,0.0032868402154856554,0.0,0.2,0.2,0,0,0,0,C1,0.0,0.0,0.08996926207859073,0.8,1.0,0.2,0.0,0.0,0.08996926207859073
phaseflip,phaseflip,0.05,2,0.25,0.0,10,qiskit_aer,1,1,0.9039999999999999,0.5976111111111111,0.24444444444444444,0.12222222222222225,0.0,1.0,0.0,0.9,0.0959999999999998,0.0012247448713915085,0.09499999999999986,0.09499999999999986,0.0974999999999997,0.09499999999999986,0.09499999999999986,1.0,0.8,1.0,0.0,0.0,0.0,0.0,0.0,0.06584631039295445,0.0012247448713915085,0.06484631039295452,0.06484631039295452,0.06734631039295436,0.06484631039295452,0.06484631039295452,1.0,1.0,0.0,0.0,0.0,0.0,0.0,1.0,0.08996926207859073,0.01135284042619552,0.09499999999999986,0.09499999999999986,0.09499999999999986,0.06734631039295436,0.06734631039295436,1.0,1.0,0.8,0.0,0.0,0.0,0.0,0.2,0.0,0.006030737921409068,0.060307379214090684,0.030153689607045342,0.030153689607045342,0.08996926207859073,0.01135284042619552,0.09499999999999986,0.09499999999999986,0.09499999999999986,0.06734631039295436,0.06734631039295436,1.0,1.0,0.8,0.0,0.0,0.0,0.0,0.2,0.0,0.006030737921409068,0.060307379214090684,0.030153689607045342,0.030153689607045342,0.08996926207859073,0.01135284042619552,0.09499999999999986,0.09499999999999986,0.09499999999999986,0.06734631039295436,0.06734631039295436,1.0,1.0,0.8,0.0,0.0,0.0,0.0,0.2,0.0,0.006030737921409068,0.060307379214090684,0.030153689607045342,0.030153689607045342,0.08996926207859073,0.01135284042619552,0.09499999999999986,0.09499999999999986,0.09499999999999986,0.06734631039295436,0.06734631039295436,1.0,1.0,0.8,0.0,0.0,0.0,0.0,0.2,0.0,0.006030737921409068,0.060307379214090684,0.030153689607045342,0.030153689607045342,1.0,0.2,0.2,0.2,0.2,0.0,0.2,0.8,0.0,0.2,0.8,0.0,0.2,0.8,0.0,0.2,0.8,0.0,0.2,0.0,0.2,0.2,0.2,0.2,0.2,0.0,0.0,0.0,0.0,0.2,0.2,1.0,1.0,1.0,0.2,1.0,1.0,1.0,1.0,1.0,1.0,2,0,0.0,0.0,0.2,0.0,0.0,0.0,0.0,0.0,0.0,0.0,0.0,1.0,0.0,0.0,0.0,0.0,0.0,-0.1976111109816536,0.0137049139522555,0.0137049139522555,0.0,0.37222222222222223,0.37222222222222223,0,0,0,0,C1,0.0,0.0,0.08996926207859073,0.8,1.0,0.2,0.0,0.0,0.08996926207859073
phaseflip,phaseflip,0.05,2,0.25,0.03,10,qiskit_aer,1,1,0.9039999999999999,0.5047152777777777,0.34444444444444444,0.12222222222222225,0.0,1.0,0.0,0.9,0.0959999999999998,0.0012247448713915085,0.09499999999999986,0.09499999999999986,0.0974999999999997,0.09499999999999986,0.09499999999999986,1.0,0.8,1.0,0.0,0.0,0.0,0.0,0.0,0.06584631039295445,0.0012247448713915085,0.06484631039295452,0.06484631039295452,0.06734631039295436,0.06484631039295452,0.06484631039295452,1.0,1.0,0.0,0.0,0.0,0.0,0.0,1.0,0.08996926207859073,0.01135284042619552,0.09499999999999986,0.09499999999999986,0.09499999999999986,0.06734631039295436,0.06734631039295436,1.0,1.0,0.8,0.0,0.0,0.0,0.0,0.2,0.0,0.006030737921409068,0.060307379214090684,0.030153689607045342,0.030153689607045342,0.08996926207859073,0.01135284042619552,0.09499999999999986,0.09499999999999986,0.09499999999999986,0.06734631039295436,0.06734631039295436,1.0,1.0,0.8,0.0,0.0,0.0,0.0,0.2,0.0,0.006030737921409068,0.060307379214090684,0.030153689607045342,0.030153689607045342,0.08996926207859073,0.01135284042619552,0.09499999999999986,0.09499999999999986,0.09499999999999986,0.06734631039295436,0.06734631039295436,1.0,1.0,0.8,0.0,0.0,0.0,0.0,0.2,0.0,0.006030737921409068,0.060307379214090684,0.030153689607045342,0.030153689607045342,0.08996926207859073,0.01135284042619552,0.09499999999999986,0.09499999999999986,0.09499999999999986,0.06734631039295436,0.06734631039295436,1.0,1.0,0.8,0.0,0.0,0.0,0.0,0.2,0.0,0.006030737921409068,0.060307379214090684,0.030153689607045342,0.030153689607045342,1.0,0.2,0.2,0.2,0.2,0.0,0.2,0.8,0.0,0.2,0.8,0.0,0.2,0.8,0.0,0.2,0.8,0.0,0.2,0.0,0.2,0.2,0.2,0.2,0.2,0.0,0.0,0.0,0.0,0.2,0.2,1.0,1.0,1.0,0.2,1.0,1.0,1.0,1.0,1.0,1.0,2,0,0.0,0.0,0.2,0.0,0.0,0.0,0.0,0.0,0.0,0.0,0.0,1.0,0.0,0.0,0.0,0.0,0.0,-0.10471527765098351,0.0137049139522555,0.0137049139522555,0.0,0.4322222222222223,0.4322222222222223,0,0,0,0,C1,0.0,0.0,0.08996926207859073,0.8,1.0,0.2,0.0,0.0,0.08996926207859073
phaseflip,phaseflip,0.05,2,0.25,0.05,10,qiskit_aer,1,1,0.9039999999999999,0.4721319444444444,0.39999999999999997,0.12222222222222225,0.0,1.0,0.0,0.9,0.0959999999999998,0.0012247448713915085,0.09499999999999986,0.09499999999999986,0.0974999999999997,0.09499999999999986,0.09499999999999986,1.0,0.8,1.0,0.0,0.0,0.0,0.0,0.0,0.06584631039295445,0.0012247448713915085,0.06484631039295452,0.06484631039295452,0.06734631039295436,0.06484631039295452,0.06484631039295452,1.0,1.0,0.0,0.0,0.0,0.0,0.0,1.0,0.08996926207859073,0.01135284042619552,0.09499999999999986,0.09499999999999986,0.09499999999999986,0.06734631039295436,0.06734631039295436,1.0,1.0,0.8,0.0,0.0,0.0,0.0,0.2,0.0,0.006030737921409068,0.060307379214090684,0.030153689607045342,0.030153689607045342,0.08996926207859073,0.01135284042619552,0.09499999999999986,0.09499999999999986,0.09499999999999986,0.06734631039295436,0.06734631039295436,1.0,1.0,0.8,0.0,0.0,0.0,0.0,0.2,0.0,0.006030737921409068,0.060307379214090684,0.030153689607045342,0.030153689607045342,0.08996926207859073,0.01135284042619552,0.09499999999999986,0.09499999999999986,0.09499999999999986,0.06734631039295436,0.06734631039295436,1.0,1.0,0.8,0.0,0.0,0.0,0.0,0.2,0.0,0.006030737921409068,0.060307379214090684,0.030153689607045342,0.030153689607045342,0.08996926207859073,0.01135284042619552,0.09499999999999986,0.09499999999999986,0.09499999999999986,0.06734631039295436,0.06734631039295436,1.0,1.0,0.8,0.0,0.0,0.0,0.0,0.2,0.0,0.006030737921409068,0.060307379214090684,0.030153689607045342,0.030153689607045342,1.0,0.2,0.2,0.2,0.2,0.0,0.2,0.8,0.0,0.2,0.8,0.0,0.2,0.8,0.0,0.2,0.8,0.0,0.2,0.0,0.2,0.2,0.2,0.2,0.2,0.0,0.0,0.0,0.0,0.2,0.2,1.0,1.0,1.0,0.2,1.0,1.0,1.0,1.0,1.0,1.0,2,0,0.0,0.0,0.2,0.0,0.0,0.0,0.0,0.0,0.0,0.0,0.0,1.0,0.0,0.0,0.0,0.0,0.0,-0.07213194431631861,0.008495877083870586,0.008495877083870586,0.0,0.4722222222222222,0.4722222222222222,0,0,0,0,C1,0.0,0.0,0.08996926207859073,0.8,1.0,0.2,0.0,0.0,0.08996926207859073
phaseflip,phaseflip,0.05,2,0.25,0.1,10,qiskit_aer,1,1,0.9039999999999999,0.4118333333333333,0.4888888888888889,0.12222222222222225,0.0,1.0,0.0,0.9,0.0959999999999998,0.0012247448713915085,0.09499999999999986,0.09499999999999986,0.0974999999999997,0.09499999999999986,0.09499999999999986,1.0,0.8,1.0,0.0,0.0,0.0,0.0,0.0,0.06584631039295445,0.0012247448713915085,0.06484631039295452,0.06484631039295452,0.06734631039295436,0.06484631039295452,0.06484631039295452,1.0,1.0,0.0,0.0,0.0,0.0,0.0,1.0,0.08996926207859073,0.01135284042619552,0.09499999999999986,0.09499999999999986,0.09499999999999986,0.06734631039295436,0.06734631039295436,1.0,1.0,0.8,0.0,0.0,0.0,0.0,0.2,0.0,0.006030737921409068,0.060307379214090684,0.030153689607045342,0.030153689607045342,0.08996926207859073,0.01135284042619552,0.09499999999999986,0.09499999999999986,0.09499999999999986,0.06734631039295436,0.06734631039295436,1.0,1.0,0.8,0.0,0.0,0.0,0.0,0.2,0.0,0.006030737921409068,0.060307379214090684,0.030153689607045342,0.030153689607045342,0.08996926207859073,0.01135284042619552,0.09499999999999986,0.09499999999999986,0.09499999999999986,0.06734631039295436,0.06734631039295436,1.0,1.0,0.8,0.0,0.0,0.0,0.0,0.2,0.0,0.006030737921409068,0.060307379214090684,0.030153689607045342,0.030153689607045342,0.08996926207859073,0.01135284042619552,0.09499999999999986,0.09499999999999986,0.09499999999999986,0.06734631039295436,0.06734631039295436,1.0,1.0,0.8,0.0,0.0,0.0,0.0,0.2,0.0,0.006030737921409068,0.060307379214090684,0.030153689607045342,0.030153689607045342,1.0,0.2,0.2,0.2,0.2,0.0,0.2,0.8,0.0,0.2,0.8,0.0,0.2,0.8,0.0,0.2,0.8,0.0,0.2,0.0,0.2,0.2,0.2,0.2,0.2,0.0,0.0,0.0,0.0,0.2,0.2,1.0,1.0,1.0,0.2,1.0,1.0,1.0,1.0,1.0,1.0,2,0,0.0,0.0,0.2,0.0,0.0,0.0,0.0,0.0,0.0,0.0,0.0,1.0,0.0,0.0,0.0,0.0,0.0,-0.011833333207288844,0.0003539416742845664,0.0003539416742845664,0.0,0.5722222222222222,0.5722222222222222,0,0,0,0,C1,0.0,0.0,0.08996926207859073,0.8,1.0,0.2,0.0,0.0,0.08996926207859073
phaseflip,phaseflip,0.05,2,0.5,0.0,10,qiskit_aer,1,1,0.9039999999999999,0.4695069444444444,0.4444444444444444,0.22222222222222224,0.0,1.0,0.0,1.0,0.0959999999999998,0.0012247448713915085,0.09499999999999986,0.09499999999999986,0.0974999999999997,0.09499999999999986,0.09499999999999986,1.0,0.8,1.0,0.0,0.0,0.0,0.0,0.0,0.06584631039295445,0.0012247448713915085,0.06484631039295452,0.06484631039295452,0.06734631039295436,0.06484631039295452,0.06484631039295452,1.0,1.0,0.0,0.0,0.0,0.0,0.0,1.0,0.08996926207859073,0.01135284042619552,0.09499999999999986,0.09499999999999986,0.09499999999999986,0.06734631039295436,0.06734631039295436,1.0,1.0,0.8,0.0,0.0,0.0,0.0,0.2,0.0,0.006030737921409068,0.060307379214090684,0.030153689607045342,0.030153689607045342,0.08996926207859073,0.01135284042619552,0.09499999999999986,0.09499999999999986,0.09499999999999986,0.06734631039295436,0.06734631039295436,1.0,1.0,0.8,0.0,0.0,0.0,0.0,0.2,0.0,0.006030737921409068,0.060307379214090684,0.030153689607045342,0.030153689607045342,0.08996926207859073,0.01135284042619552,0.09499999999999986,0.09499999999999986,0.09499999999999986,0.06734631039295436,0.06734631039295436,1.0,1.0,0.8,0.0,0.0,0.0,0.0,0.2,0.0,0.006030737921409068,0.060307379214090684,0.030153689607045342,0.030153689607045342,0.08996926207859073,0.01135284042619552,0.09499999999999986,0.09499999999999986,0.09499999999999986,0.06734631039295436,0.06734631039295436,1.0,1.0,0.8,0.0,0.0,0.0,0.0,0.2,0.0,0.006030737921409068,0.060307379214090684,0.030153689607045342,0.030153689607045342,1.0,0.2,0.2,0.2,0.2,0.0,0.2,0.8,0.0,0.2,0.8,0.0,0.2,0.8,0.0,0.2,0.8,0.0,0.2,0.0,0.2,0.2,0.2,0.2,0.2,0.0,0.0,0.0,0.0,0.2,0.2,1.0,1.0,1.0,0.2,1.0,1.0,1.0,1.0,1.0,1.0,2,0,0.0,0.0,0.2,0.0,0.0,0.0,0.0,0.0,0.0,0.0,0.0,1.0,0.0,0.0,0.0,0.0,0.0,-0.06950694431973156,0.00556297854266948,0.00556297854266948,0.0,0.7222222222222222,0.7222222222222222,0,0,0,0,C1,0.0,0.0,0.08996926207859073,0.8,1.0,0.2,0.0,0.0,0.08996926207859073
phaseflip,phaseflip,0.05,2,0.5,0.03,10,qiskit_aer,1,1,0.9039999999999999,0.3841319444444444,0.5333333333333333,0.22222222222222224,0.0,1.0,0.0,1.0,0.0959999999999998,0.0012247448713915085,0.09499999999999986,0.09499999999999986,0.0974999999999997,0.09499999999999986,0.09499999999999986,1.0,0.8,1.0,0.0,0.0,0.0,0.0,0.0,0.06584631039295445,0.0012247448713915085,0.06484631039295452,0.06484631039295452,0.06734631039295436,0.06484631039295452,0.06484631039295452,1.0,1.0,0.0,0.0,0.0,0.0,0.0,1.0,0.08996926207859073,0.01135284042619552,0.09499999999999986,0.09499999999999986,0.09499999999999986,0.06734631039295436,0.06734631039295436,1.0,1.0,0.8,0.0,0.0,0.0,0.0,0.2,0.0,0.006030737921409068,0.060307379214090684,0.030153689607045342,0.030153689607045342,0.08996926207859073,0.01135284042619552,0.09499999999999986,0.09499999999999986,0.09499999999999986,0.06734631039295436,0.06734631039295436,1.0,1.0,0.8,0.0,0.0,0.0,0.0,0.2,0.0,0.006030737921409068,0.060307379214090684,0.030153689607045342,0.030153689607045342,0.08996926207859073,0.01135284042619552,0.09499999999999986,0.09499999999999986,0.09499999999999986,0.06734631039295436,0.06734631039295436,1.0,1.0,0.8,0.0,0.0,0.0,0.0,0.2,0.0,0.006030737921409068,0.060307379214090684,0.030153689607045342,0.030153689607045342,0.08996926207859073,0.01135284042619552,0.09499999999999986,0.09499999999999986,0.09499999999999986,0.06734631039295436,0.06734631039295436,1.0,1.0,0.8,0.0,0.0,0.0,0.0,0.2,0.0,0.006030737921409068,0.060307379214090684,0.030153689607045342,0.030153689607045342,1.0,0.2,0.2,0.2,0.2,0.0,0.2,0.8,0.0,0.2,0.8,0.0,0.2,0.8,0.0,0.2,0.8,0.0,0.2,0.0,0.2,0.2,0.2,0.2,0.2,0.0,0.0,0.0,0.0,0.2,0.2,1.0,1.0,1.0,0.2,1.0,1.0,1.0,1.0,1.0,1.0,2,0,0.0,0.0,0.2,0.0,0.0,0.0,0.0,0.0,0.0,0.0,0.0,1.0,0.0,0.0,0.0,0.0,0.0,0.015868055680268455,0.0003539416742845664,0.0003539416742845664,0.0,0.7822222222222223,0.7822222222222223,0,0,0,0,C1,0.0,0.0,0.08996926207859073,0.8,1.0,0.2,0.0,0.0,0.08996926207859073
phaseflip,phaseflip,0.05,2,0.5,0.05,10,qiskit_aer,1,1,0.9039999999999999,0.3515486111111111,0.5888888888888889,0.22222222222222224,0.0,1.0,0.0,1.0,0.0959999999999998,0.0012247448713915085,0.09499999999999986,0.09499999999999986,0.0974999999999997,0.09499999999999986,0.09499999999999986,1.0,0.8,1.0,0.0,0.0,0.0,0.0,0.0,0.06584631039295445,0.0012247448713915085,0.06484631039295452,0.06484631039295452,0.06734631039295436,0.06484631039295452,0.06484631039295452,1.0,1.0,0.0,0.0,0.0,0.0,0.0,1.0,0.08996926207859073,0.01135284042619552,0.09499999999999986,0.09499999999999986,0.09499999999999986,0.06734631039295436,0.06734631039295436,1.0,1.0,0.8,0.0,0.0,0.0,0.0,0.2,0.0,0.006030737921409068,0.060307379214090684,0.030153689607045342,0.030153689607045342,0.08996926207859073,0.01135284042619552,0.09499999999999986,0.09499999999999986,0.09499999999999986,0.06734631039295436,0.06734631039295436,1.0,1.0,0.8,0.0,0.0,0.0,0.0,0.2,0.0,0.006030737921409068,0.060307379214090684,0.030153689607045342,0.030153689607045342,0.08996926207859073,0.01135284042619552,0.09499999999999986,0.09499999999999986,0.09499999999999986,0.06734631039295436,0.06734631039295436,1.0,1.0,0.8,0.0,0.0,0.0,0.0,0.2,0.0,0.006030737921409068,0.060307379214090684,0.030153689607045342,0.030153689607045342,0.08996926207859073,0.01135284042619552,0.09499999999999986,0.09499999999999986,0.09499999999999986,0.06734631039295436,0.06734631039295436,1.0,1.0,0.8,0.0,0.0,0.0,0.0,0.2,0.0,0.006030737921409068,0.060307379214090684,0.030153689607045342,0.030153689607045342,1.0,0.2,0.2,0.2,0.2,0.0,0.2,0.8,0.0,0.2,0.8,0.0,0.2,0.8,0.0,0.2,0.8,0.0,0.2,0.0,0.2,0.2,0.2,0.2,0.2,0.0,0.0,0.0,0.0,0.2,0.2,1.0,1.0,1.0,0.2,1.0,1.0,1.0,1.0,1.0,1.0,2,0,0.0,0.0,0.2,0.0,0.0,0.0,0.0,0.0,0.0,0.0,0.0,1.0,0.0,0.0,0.0,0.0,0.0,0.04845138901701473,0.008495877083870586,0.008495877083870586,0.0,0.8222222222222223,0.8222222222222223,0,0,0,0,C1,0.0,0.0,0.08996926207859073,0.8,1.0,0.2,0.0,0.0,0.08996926207859073
phaseflip,phaseflip,0.05,2,0.5,0.1,10,qiskit_aer,1,1,0.9039999999999999,0.31387499999999996,0.6444444444444444,0.22222222222222224,0.0,1.0,0.0,1.0,0.0959999999999998,0.0012247448713915085,0.09499999999999986,0.09499999999999986,0.0974999999999997,0.09499999999999986,0.09499999999999986,1.0,0.8,1.0,0.0,0.0,0.0,0.0,0.0,0.06584631039295445,0.0012247448713915085,0.06484631039295452,0.06484631039295452,0.06734631039295436,0.06484631039295452,0.06484631039295452,1.0,1.0,0.0,0.0,0.0,0.0,0.0,1.0,0.08996926207859073,0.01135284042619552,0.09499999999999986,0.09499999999999986,0.09499999999999986,0.06734631039295436,0.06734631039295436,1.0,1.0,0.8,0.0,0.0,0.0,0.0,0.2,0.0,0.006030737921409068,0.060307379214090684,0.030153689607045342,0.030153689607045342,0.08996926207859073,0.01135284042619552,0.09499999999999986,0.09499999999999986,0.09499999999999986,0.06734631039295436,0.06734631039295436,1.0,1.0,0.8,0.0,0.0,0.0,0.0,0.2,0.0,0.006030737921409068,0.060307379214090684,0.030153689607045342,0.030153689607045342,0.08996926207859073,0.01135284042619552,0.09499999999999986,0.09499999999999986,0.09499999999999986,0.06734631039295436,0.06734631039295436,1.0,1.0,0.8,0.0,0.0,0.0,0.0,0.2,0.0,0.006030737921409068,0.060307379214090684,0.030153689607045342,0.030153689607045342,0.08996926207859073,0.01135284042619552,0.09499999999999986,0.09499999999999986,0.09499999999999986,0.06734631039295436,0.06734631039295436,1.0,1.0,0.8,0.0,0.0,0.0,0.0,0.2,0.0,0.006030737921409068,0.060307379214090684,0.030153689607045342,0.030153689607045342,1.0,0.2,0.2,0.2,0.2,0.0,0.2,0.8,0.0,0.2,0.8,0.0,0.2,0.8,0.0,0.2,0.8,0.0,0.2,0.0,0.2,0.2,0.2,0.2,0.2,0.0,0.0,0.0,0.0,0.2,0.2,1.0,1.0,1.0,0.2,1.0,1.0,1.0,1.0,1.0,1.0,2,0,0.0,0.0,0.2,0.0,0.0,0.0,0.0,0.0,0.0,0.0,0.0,1.0,0.0,0.0,0.0,0.0,0.0,0.0861250001294575,0.0137049139522555,0.0137049139522555,0.0,0.9222222222222222,0.9222222222222222,0,0,0,0,C1,0.0,0.0,0.08996926207859073,0.8,1.0,0.2,0.0,0.0,0.08996926207859073
phaseflip,phaseflip,0.05,2,0.75,0.0,10,qiskit_aer,1,1,0.9039999999999999,0.31379166666666664,0.7444444444444445,0.37222222222222223,0.0,1.0,0.0,1.0,0.0959999999999998,0.0012247448713915085,0.09499999999999986,0.09499999999999986,0.0974999999999997,0.09499999999999986,0.09499999999999986,1.0,0.8,1.0,0.0,0.0,0.0,0.0,0.0,0.06584631039295445,0.0012247448713915085,0.06484631039295452,0.06484631039295452,0.06734631039295436,0.06484631039295452,0.06484631039295452,1.0,1.0,0.0,0.0,0.0,0.0,0.0,1.0,0.08996926207859073,0.01135284042619552,0.09499999999999986,0.09499999999999986,0.09499999999999986,0.06734631039295436,0.06734631039295436,1.0,1.0,0.8,0.0,0.0,0.0,0.0,0.2,0.0,0.006030737921409068,0.060307379214090684,0.030153689607045342,0.030153689607045342,0.08996926207859073,0.01135284042619552,0.09499999999999986,0.09499999999999986,0.09499999999999986,0.06734631039295436,0.06734631039295436,1.0,1.0,0.8,0.0,0.0,0.0,0.0,0.2,0.0,0.006030737921409068,0.060307379214090684,0.030153689607045342,0.030153689607045342,0.08996926207859073,0.01135284042619552,0.09499999999999986,0.09499999999999986,0.09499999999999986,0.06734631039295436,0.06734631039295436,1.0,1.0,0.8,0.0,0.0,0.0,0.0,0.2,0.0,0.006030737921409068,0.060307379214090684,0.030153689607045342,0.030153689607045342,0.0959999999999998,0.0012247448713915085,0.09499999999999986,0.09499999999999986,0.0974999999999997,0.09499999999999986,0.09499999999999986,1.0,0.8,1.0,0.0,0.0,0.0,0.0,0.0,0.0137049139522555,0.0,0.0,0.0,0.0,1.0,0.2,0.2,0.2,0.0,0.2,0.2,0.8,0.0,0.2,0.8,0.0,0.2,0.8,0.0,0.0,1.0,0.0,0.2,0.0,0.2,0.2,0.0,0.2,0.2,0.2,0.0,0.0,0.0,0.2,0.2,1.0,1.0,0.0,0.0,1.0,1.0,1.0,1.0,0.0,0.0,2,2,0.2,1.0,0.2,0.0,0.2,0.0,1.0,0.0,1.0,1.0,0.0,1.0,0.060307379214090684,0.0,0.060307379214090684,0.006030737921409068,0.060307379214090684,0.08620833346145924,0.0137049139522555,0.0137049139522555,0.0,1.0,1.1222222222222222,0,0,0,2,C3R,0.0,0.0,0.0959999999999998,1.0,1.0,0.0,0.0,0.0,0.0959999999999998
phaseflip,phaseflip,0.05,2,0.75,0.03,10,qiskit_aer,1,1,0.9039999999999999,0.2585625,0.7888888888888889,0.37222222222222223,0.0,1.0,0.0,1.0,0.0959999999999998,0.0012247448713915085,0.09499999999999986,0.09499999999999986,0.0974999999999997,0.09499999999999986,0.09499999999999986,1.0,0.8,1.0,0.0,0.0,0.0,0.0,0.0,0.06584631039295445,0.0012247448713915085,0.06484631039295452,0.06484631039295452,0.06734631039295436,0.06484631039295452,0.06484631039295452,1.0,1.0,0.0,0.0,0.0,0.0,0.0,1.0,0.08996926207859073,0.01135284042619552,0.09499999999999986,0.09499999999999986,0.09499999999999986,0.06734631039295436,0.06734631039295436,1.0,1.0,0.8,0.0,0.0,0.0,0.0,0.2,0.0,0.006030737921409068,0.060307379214090684,0.030153689607045342,0.030153689607045342,0.08996926207859073,0.01135284042619552,0.09499999999999986,0.09499999999999986,0.09499999999999986,0.06734631039295436,0.06734631039295436,1.0,1.0,0.8,0.0,0.0,0.0,0.0,0.2,0.0,0.006030737921409068,0.060307379214090684,0.030153689607045342,0.030153689607045342,0.08996926207859073,0.01135284042619552,0.09499999999999986,0.09499999999999986,0.09499999999999986,0.06734631039295436,0.06734631039295436,1.0,1.0,0.8,0.0,0.0,0.0,0.0,0.2,0.0,0.006030737921409068,0.060307379214090684,0.030153689607045342,0.030153689607045342,0.0959999999999998,0.0012247448713915085,0.09499999999999986,0.09499999999999986,0.0974999999999997,0.09499999999999986,0.09499999999999986,1.0,0.8,1.0,0.0,0.0,0.0,0.0,0.0,2.316931473358678e-18,0.0,0.0,0.0,0.0,1.0,0.2,0.2,0.2,0.0,0.2,0.2,0.8,0.0,0.2,0.8,0.0,0.2,0.8,0.0,0.0,1.0,0.0,0.2,0.0,0.2,0.2,0.0,0.2,0.2,0.2,0.0,0.0,0.0,0.2,0.2,1.0,1.0,0.0,0.0,1.0,1.0,1.0,1.0,0.0,0.0,2,2,0.2,1.0,0.2,0.0,0.2,0.0,1.0,0.0,1.0,1.0,0.0,1.0,0.060307379214090684,0.0,0.060307379214090684,0.006030737921409068,0.060307379214090684,0.14143750012471287,2.316931473358678e-18,2.316931473358678e-18,0.0,1.0,1.1822222222222223,0,0,0,2,C3R,0.0,0.0,0.0959999999999998,1.0,1.0,0.0,0.0,0.0,0.0959999999999998
phaseflip,phaseflip,0.05,2,0.75,0.05,10,qiskit_aer,1,1,0.9039999999999999,0.2410208333333333,0.8222222222222222,0.37222222222222223,0.0,1.0,0.0,1.0,0.0959999999999998,0.0012247448713915085,0.09499999999999986,0.09499999999999986,0.0974999999999997,0.09499999999999986,0.09499999999999986,1.0,0.8,1.0,0.0,0.0,0.0,0.0,0.0,0.06584631039295445,0.0012247448713915085,0.06484631039295452,0.06484631039295452,0.06734631039295436,0.06484631039295452,0.06484631039295452,1.0,1.0,0.0,0.0,0.0,0.0,0.0,1.0,0.08996926207859073,0.01135284042619552,0.09499999999999986,0.09499999999999986,0.09499999999999986,0.06734631039295436,0.06734631039295436,1.0,1.0,0.8,0.0,0.0,0.0,0.0,0.2,0.0,0.006030737921409068,0.060307379214090684,0.030153689607045342,0.030153689607045342,0.08996926207859073,0.01135284042619552,0.09499999999999986,0.09499999999999986,0.09499999999999986,0.06734631039295436,0.06734631039295436,1.0,1.0,0.8,0.0,0.0,0.0,0.0,0.2,0.0,0.006030737921409068,0.060307379214090684,0.030153689607045342,0.030153689607045342,0.08996926207859073,0.01135284042619552,0.09499999999999986,0.09499999999999986,0.09499999999999986,0.06734631039295436,0.06734631039295436,1.0,1.0,0.8,0.0,0.0,0.0,0.0,0.2,0.0,0.006030737921409068,0.060307379214090684,0.030153689607045342,0.030153689607045342,0.0959999999999998,0.0012247448713915085,0.09499999999999986,0.09499999999999986,0.0974999999999997,0.09499999999999986,0.09499999999999986,1.0,0.8,1.0,0.0,0.0,0.0,0.0,0.0,0.00556297854266948,0.0,0.0,0.0,0.0,1.0,0.2,0.2,0.2,0.0,0.2,0.2,0.8,0.0,0.2,0.8,0.0,0.2,0.8,0.0,0.0,1.0,0.0,0.2,0.0,0.2,0.2,0.0,0.2,0.2,0.2,0.0,0.0,0.0,0.2,0.2,1.0,1.0,0.0,0.0,1.0,1.0,1.0,1.0,0.0,0.0,2,2,0.2,1.0,0.2,0.0,0.2,0.0,1.0,0.0,1.0,1.0,0.0,1.0,0.060307379214090684,0.0,0.060307379214090684,0.006030737921409068,0.060307379214090684,0.15897916679271118,0.00556297854266948,0.00556297854266948,0.0,1.0,1.2222222222222223,0,0,0,2,C3R,0.0,0.0,0.0959999999999998,1.0,1.0,0.0,0.0,0.0,0.0959999999999998
phaseflip,phaseflip,0.05,2,0.75,0.1,10,qiskit_aer,1,1,0.9039999999999999,0.21340277777777777,0.8444444444444444,0.37222222222222223,0.0,1.0,0.0,1.0,0.0959999999999998,0.0012247448713915085,0.09499999999999986,0.09499999999999986,0.0974999999999997,0.09499999999999986,0.09499999999999986,1.0,0.8,1.0,0.0,0.0,0.0,0.0,0.0,0.06584631039295445,0.0012247448713915085,0.06484631039295452,0.06484631039295452,0.06734631039295436,0.06484631039295452,0.06484631039295452,1.0,1.0,0.0,0.0,0.0,0.0,0.0,1.0,0.08996926207859073,0.01135284042619552,0.09499999999999986,0.09499999999999986,0.09499999999999986,0.06734631039295436,0.06734631039295436,1.0,1.0,0.8,0.0,0.0,0.0,0.0,0.2,0.0,0.006030737921409068,0.060307379214090684,0.030153689607045342,0.030153689607045342,0.08996926207859073,0.01135284042619552,0.09499999999999986,0.09499999999999986,0.09499999999999986,0.06734631039295436,0.06734631039295436,1.0,1.0,0.8,0.0,0.0,0.0,0.0,0.2,0.0,0.006030737921409068,0.060307379214090684,0.030153689607045342,0.030153689607045342,0.08996926207859073,0.01135284042619552,0.09499999999999986,0.09499999999999986,0.09499999999999986,0.06734631039295436,0.06734631039295436,1.0,1.0,0.8,0.0,0.0,0.0,0.0,0.2,0.0,0.006030737921409068,0.060307379214090684,0.030153689607045342,0.030153689607045342,0.0959999999999998,0.0012247448713915085,0.09499999999999986,0.09499999999999986,0.0974999999999997,0.09499999999999986,0.09499999999999986,1.0,0.8,1.0,0.0,0.0,0.0,0.0,0.0,0.008495877083870586,0.0,0.0,0.0,0.0,1.0,0.2,0.2,0.2,0.0,0.2,0.2,0.8,0.0,0.2,0.8,0.0,0.2,0.8,0.0,0.0,1.0,0.0,0.2,0.0,0.2,0.2,0.0,0.2,0.2,0.2,0.0,0.0,0.0,0.2,0.2,1.0,1.0,0.0,0.0,1.0,1.0,1.0,1.0,0.0,0.0,2,2,0.2,1.0,0.2,0.0,0.2,0.0,1.0,0.0,1.0,1.0,0.0,1.0,0.060307379214090684,0.0,0.060307379214090684,0.006030737921409068,0.060307379214090684,0.18659722234901643,0.008495877083870586,0.008495877083870586,0.0,1.0,1.3222222222222222,0,0,0,2,C3R,0.0,0.0,0.0959999999999998,1.0,1.0,0.0,0.0,0.0,0.0959999999999998
phaseflip,phaseflip,0.05,2,1.0,0.0,10,qiskit_aer,1,1,0.9039999999999999,0.19084027777777776,1.0,0.5,0.0,1.0,0.0,1.0,0.0959999999999998,0.0012247448713915085,0.09499999999999986,0.09499999999999986,0.0974999999999997,0.09499999999999986,0.09499999999999986,1.0,0.9,1.0,0.0,0.0,0.0,0.0,0.0,0.06584631039295445,0.0012247448713915085,0.06484631039295452,0.06484631039295452,0.06734631039295436,0.06484631039295452,0.06484631039295452,1.0,1.0,0.0,0.0,0.0,0.0,0.0,1.0,0.09298463103929526,0.008618929332609118,0.09499999999999986,0.09499999999999986,0.09687499999999974,0.07979047071612483,0.06734631039295436,1.0,1.0,0.9,0.0,0.0,0.0,0.0,0.1,0.0,0.003015368960704534,0.030153689607045342,0.016584529283874903,0.030153689607045342,0.09298463103929526,0.008618929332609118,0.09499999999999986,0.09499999999999986,0.09687499999999974,0.07979047071612483,0.06734631039295436,1.0,1.0,0.9,0.0,0.0,0.0,0.0,0.1,0.0,0.003015368960704534,0.030153689607045342,0.016584529283874903,0.030153689607045342,0.09298463103929526,0.008618929332609118,0.09499999999999986,0.09499999999999986,0.09687499999999974,0.07979047071612483,0.06734631039295436,1.0,1.0,0.9,0.0,0.0,0.0,0.0,0.1,0.0,0.003015368960704534,0.030153689607045342,0.016584529283874903,0.030153689607045342,0.0959999999999998,0.0012247448713915085,0.09499999999999986,0.09499999999999986,0.0974999999999997,0.09499999999999986,0.09499999999999986,1.0,0.9,1.0,0.0,0.0,0.0,0.0,0.0,2.166112591183837e-21,0.0,0.0,0.0,0.0,1.0,0.1,0.1,0.1,0.0,0.1,0.1,0.9,0.0,0.1,0.9,0.0,0.1,0.9,0.0,0.0,1.0,0.0,0.1,0.0,0.1,0.1,0.0,0.1,0.1,0.1,0.0,0.0,0.0,0.1,0.1,1.0,1.0,0.0,0.0,1.0,1.0,1.0,1.0,0.0,0.0,1,1,0.1,1.0,0.1,0.0,0.1,0.0,1.0,0.0,1.0,1.0,0.0,1.0,0.030153689607045342,0.0,0.030153689607045342,0.003015368960704534,0.030153689607045342,0.00915972234618534,2.166112591183837e-21,2.166112591183837e-21,0.0,1.0,1.5,0,0,0,1,C3R,0.0,0.0,0.0959999999999998,1.0,1.0,0.0,0.0,0.0,0.0959999999999998
phaseflip,phaseflip,0.05,2,1.0,0.03,10,qiskit_aer,1,1,0.9039999999999999,0.16070833333333331,1.0,0.5,0.0,1.0,0.0,1.0,0.0959999999999998,0.0012247448713915085,0.09499999999999986,0.09499999999999986,0.0974999999999997,0.09499999999999986,0.09499999999999986,1.0,0.8,1.0,0.0,0.0,0.0,0.0,0.0,0.06584631039295445,0.0012247448713915085,0.06484631039295452,0.06484631039295452,0.06734631039295436,0.06484631039295452,0.06484631039295452,1.0,1.0,0.0,0.0,0.0,0.0,0.0,1.0,0.08996926207859073,0.01135284042619552,0.09499999999999986,0.09499999999999986,0.09499999999999986,0.06734631039295436,0.06734631039295436,1.0,1.0,0.8,0.0,0.0,0.0,0.0,0.2,0.0,0.006030737921409068,0.060307379214090684,0.030153689607045342,0.030153689607045342,0.08996926207859073,0.01135284042619552,0.09499999999999986,0.09499999999999986,0.09499999999999986,0.06734631039295436,0.06734631039295436,1.0,1.0,0.8,0.0,0.0,0.0,0.0,0.2,0.0,0.006030737921409068,0.060307379214090684,0.030153689607045342,0.030153689607045342,0.08996926207859073,0.01135284042619552,0.09499999999999986,0.09499999999999986,0.09499999999999986,0.06734631039295436,0.06734631039295436,1.0,1.0,0.8,0.0,0.0,0.0,0.0,0.2,0.0,0.006030737921409068,0.060307379214090684,0.030153689607045342,0.030153689607045342,0.0959999999999998,0.0012247448713915085,0.09499999999999986,0.09499999999999986,0.0974999999999997,0.09499999999999986,0.09499999999999986,1.0,0.8,1.0,0.0,0.0,0.0,0.0,0.0,2.3169314733586823e-18,0.0,0.0,0.0,0.0,1.0,0.2,0.2,0.2,0.0,0.2,0.2,0.8,0.0,0.2,0.8,0.0,0.2,0.8,0.0,0.0,1.0,0.0,0.2,0.0,0.2,0.2,0.0,0.2,0.2,0.2,0.0,0.0,0.0,0.2,0.2,1.0,1.0,0.0,0.0,1.0,1.0,1.0,1.0,0.0,0.0,2,2,0.2,1.0,0.2,0.0,0.2,0.0,1.0,0.0,1.0,1.0,0.0,1.0,0.060307379214090684,0.0,0.060307379214090684,0.006030737921409068,0.060307379214090684,0.23929166679004787,2.3169314733586823e-18,2.3169314733586823e-18,0.0,1.0,1.56,0,0,0,2,C3R,0.0,0.0,0.0959999999999998,1.0,1.0,0.0,0.0,0.0,0.0959999999999998
phaseflip,phaseflip,0.05,2,1.0,0.05,10,qiskit_aer,1,1,0.9039999999999999,0.1456597222222222,1.0,0.5,0.0,1.0,0.0,1.0,0.0959999999999998,0.0012247448713915085,0.09499999999999986,0.09499999999999986,0.0974999999999997,0.09499999999999986,0.09499999999999986,1.0,0.8,1.0,0.0,0.0,0.0,0.0,0.0,0.06584631039295445,0.0012247448713915085,0.06484631039295452,0.06484631039295452,0.06734631039295436,0.06484631039295452,0.06484631039295452,1.0,1.0,0.0,0.0,0.0,0.0,0.0,1.0,0.08996926207859073,0.01135284042619552,0.09499999999999986,0.09499999999999986,0.09499999999999986,0.06734631039295436,0.06734631039295436,1.0,1.0,0.8,0.0,0.0,0.0,0.0,0.2,0.0,0.006030737921409068,0.060307379214090684,0.030153689607045342,0.030153689607045342,0.08996926207859073,0.01135284042619552,0.09499999999999986,0.09499999999999986,0.09499999999999986,0.06734631039295436,0.06734631039295436,1.0,1.0,0.8,0.0,0.0,0.0,0.0,0.2,0.0,0.006030737921409068,0.060307379214090684,0.030153689607045342,0.030153689607045342,0.08996926207859073,0.01135284042619552,0.09499999999999986,0.09499999999999986,0.09499999999999986,0.06734631039295436,0.06734631039295436,1.0,1.0,0.8,0.0,0.0,0.0,0.0,0.2,0.0,0.006030737921409068,0.060307379214090684,0.030153689607045342,0.030153689607045342,0.0959999999999998,0.0012247448713915085,0.09499999999999986,0.09499999999999986,0.0974999999999997,0.09499999999999986,0.09499999999999986,1.0,0.8,1.0,0.0,0.0,0.0,0.0,0.0,0.00556297854266948,0.0,0.0,0.0,0.0,1.0,0.2,0.2,0.2,0.0,0.2,0.2,0.8,0.0,0.2,0.8,0.0,0.2,0.8,0.0,0.0,1.0,0.0,0.2,0.0,0.2,0.2,0.0,0.2,0.2,0.2,0.0,0.0,0.0,0.2,0.2,1.0,1.0,0.0,0.0,1.0,1.0,1.0,1.0,0.0,0.0,2,2,0.2,1.0,0.2,0.0,0.2,0.0,1.0,0.0,1.0,1.0,0.0,1.0,0.060307379214090684,0.0,0.060307379214090684,0.006030737921409068,0.060307379214090684,0.25434027790382224,0.00556297854266948,0.00556297854266948,0.0,1.0,1.6,0,0,0,2,C3R,0.0,0.0,0.0959999999999998,1.0,1.0,0.0,0.0,0.0,0.0959999999999998
phaseflip,phaseflip,0.05,2,1.0,0.1,10,qiskit_aer,1,1,0.9039999999999999,0.13310416666666666,1.0,0.5,0.0,1.0,0.0,1.0,0.0959999999999998,0.0012247448713915085,0.09499999999999986,0.09499999999999986,0.0974999999999997,0.09499999999999986,0.09499999999999986,1.0,0.9,1.0,0.0,0.0,0.0,0.0,0.0,0.06584631039295445,0.0012247448713915085,0.06484631039295452,0.06484631039295452,0.06734631039295436,0.06484631039295452,0.06484631039295452,1.0,1.0,0.0,0.0,0.0,0.0,0.0,1.0,0.09298463103929526,0.008618929332609118,0.09499999999999986,0.09499999999999986,0.09687499999999974,0.07979047071612483,0.06734631039295436,1.0,1.0,0.9,0.0,0.0,0.0,0.0,0.1,0.0,0.003015368960704534,0.030153689607045342,0.016584529283874903,0.030153689607045342,0.09298463103929526,0.008618929332609118,0.09499999999999986,0.09499999999999986,0.09687499999999974,0.07979047071612483,0.06734631039295436,1.0,1.0,0.9,0.0,0.0,0.0,0.0,0.1,0.0,0.003015368960704534,0.030153689607045342,0.016584529283874903,0.030153689607045342,0.09298463103929526,0.008618929332609118,0.09499999999999986,0.09499999999999986,0.09687499999999974,0.07979047071612483,0.06734631039295436,1.0,1.0,0.9,0.0,0.0,0.0,0.0,0.1,0.0,0.003015368960704534,0.030153689607045342,0.016584529283874903,0.030153689607045342,0.0959999999999998,0.0012247448713915085,0.09499999999999986,0.09499999999999986,0.0974999999999997,0.09499999999999986,0.09499999999999986,1.0,0.9,1.0,0.0,0.0,0.0,0.0,0.0,2.166112591183837e-21,0.0,0.0,0.0,0.0,1.0,0.1,0.1,0.1,0.0,0.1,0.1,0.9,0.0,0.1,0.9,0.0,0.1,0.9,0.0,0.0,1.0,0.0,0.1,0.0,0.1,0.1,0.0,0.1,0.1,0.1,0.0,0.0,0.0,0.1,0.1,1.0,1.0,0.0,0.0,1.0,1.0,1.0,1.0,0.0,0.0,1,1,0.1,1.0,0.1,0.0,0.1,0.0,1.0,0.0,1.0,1.0,0.0,1.0,0.030153689607045342,0.0,0.030153689607045342,0.003015368960704534,0.030153689607045342,0.06689583345729642,2.166112591183837e-21,2.166112591183837e-21,0.0,1.0,1.7000000000000002,0,0,0,1,C3R,0.0,0.0,0.0959999999999998,1.0,1.0,0.0,0.0,0.0,0.0959999999999998
phaseflip,phaseflip,0.05,4,0.0,0.0,10,qiskit_aer,1,1,0.8202674999999998,0.8202674999999998,0.0,0.0,0.0,0.0,0.0,0.0,0.17973249999999985,0.004220086640105866,0.1819874999999999,0.1787249999999999,0.18299999999999983,0.17194999999999983,0.17194999999999983,1.0,0.9,1.0,0.0,0.0,0.0,0.0,0.0,0.1495788103929545,0.004220086640105866,0.15183381039295457,0.14857131039295457,0.1528463103929545,0.14179631039295448,0.14179631039295448,1.0,1.0,0.0,0.0,0.0,0.0,0.0,0.0,0.17671713103929532,0.010281884527091443,0.1819874999999999,0.17364374999999985,0.18299999999999983,0.15909172071612493,0.14857131039295457,1.0,1.0,0.9,0.0,0.0,0.0,0.0,0.0,0.0,0.003015368960704534,0.030153689607045342,0.016584529283874903,0.030153689607045342,0.17671713103929532,0.010281884527091443,0.1819874999999999,0.17364374999999985,0.18299999999999983,0.15909172071612493,0.14857131039295457,1.0,1.0,0.9,0.0,0.0,0.0,0.0,0.0,0.0,0.003015368960704534,0.030153689607045342,0.016584529283874903,0.030153689607045342,0.17671713103929532,0.010281884527091443,0.1819874999999999,0.17364374999999985,0.18299999999999983,0.15909172071612493,0.14857131039295457,1.0,1.0,0.9,0.0,0.0,0.0,0.0,0.0,0.0,0.003015368960704534,0.030153689607045342,0.016584529283874903,0.030153689607045342,0.17671713103929532,0.010281884527091443,0.1819874999999999,0.17364374999999985,0.18299999999999983,0.15909172071612493,0.14857131039295457,1.0,1.0,0.9,0.0,0.0,0.0,0.0,0.0,0.0,0.003015368960704534,0.030153689607045342,0.016584529283874903,0.030153689607045342,1.0,0.1,0.1,0.1,0.1,0.0,0.1,0.9,0.0,0.1,0.9,0.0,0.1,0.9,0.0,0.1,0.9,0.0,0.1,0.0,0.1,0.1,0.1,0.1,0.1,0.0,0.0,0.0,0.0,0.1,0.1,1.0,1.0,1.0,0.1,1.0,1.0,1.0,1.0,1.0,1.0,1,0,0.0,0.0,0.1,0.0,0.0,0.0,0.0,0.0,0.0,0.0,0.0,1.0,0.0,0.0,0.0,0.0,0.0,-0.620267499987558,2.166112591183837e-21,2.166112591183837e-21,0.0,0.0,0.0,0,0,0,0,C1,0.0,0.0,0.17671713103929532,0.9,1.0,0.1,0.0,0.0,0.17671713103929532
phaseflip,phaseflip,0.05,4,0.0,0.03,10,qiskit_aer,1,1,0.8202674999999998,0.6290758333333333,0.09999999999999999,0.0,0.0,0.0,0.0,0.0,0.17973249999999985,0.004220086640105866,0.1819874999999999,0.1787249999999999,0.18299999999999983,0.17194999999999983,0.17194999999999983,1.0,0.9,1.0,0.0,0.0,0.0,0.0,0.0,0.1495788103929545,0.004220086640105866,0.15183381039295457,0.14857131039295457,0.1528463103929545,0.14179631039295448,0.14179631039295448,1.0,1.0,0.0,0.0,0.0,0.0,0.0,0.0,0.17671713103929532,0.010281884527091443,0.1819874999999999,0.17364374999999985,0.18299999999999983,0.15909172071612493,0.14857131039295457,1.0,1.0,0.9,0.0,0.0,0.0,0.0,0.0,0.0,0.003015368960704534,0.030153689607045342,0.016584529283874903,0.030153689607045342,0.17671713103929532,0.010281884527091443,0.1819874999999999,0.17364374999999985,0.18299999999999983,0.15909172071612493,0.14857131039295457,1.0,1.0,0.9,0.0,0.0,0.0,0.0,0.0,0.0,0.003015368960704534,0.030153689607045342,0.016584529283874903,0.030153689607045342,0.17671713103929532,0.010281884527091443,0.1819874999999999,0.17364374999999985,0.18299999999999983,0.15909172071612493,0.14857131039295457,1.0,1.0,0.9,0.0,0.0,0.0,0.0,0.0,0.0,0.003015368960704534,0.030153689607045342,0.016584529283874903,0.030153689607045342,0.17671713103929532,0.010281884527091443,0.1819874999999999,0.17364374999999985,0.18299999999999983,0.15909172071612493,0.14857131039295457,1.0,1.0,0.9,0.0,0.0,0.0,0.0,0.0,0.0,0.003015368960704534,0.030153689607045342,0.016584529283874903,0.030153689607045342,1.0,0.1,0.1,0.1,0.1,0.0,0.1,0.9,0.0,0.1,0.9,0.0,0.1,0.9,0.0,0.1,0.9,0.0,0.1,0.0,0.1,0.1,0.1,0.1,0.1,0.0,0.0,0.0,0.0,0.1,0.1,1.0,1.0,1.0,0.1,1.0,1.0,1.0,1.0,1.0,1.0,1,0,0.0,0.0,0.1,0.0,0.0,0.0,0.0,0.0,0.0,0.0,0.0,1.0,0.0,0.0,0.0,0.0,0.0,-0.42907583332173377,2.166112591183837e-21,2.166112591183837e-21,0.0,0.06,0.06,0,0,0,0,C1,0.0,0.0,0.17671713103929532,0.9,1.0,0.1,0.0,0.0,0.17671713103929532
phaseflip,phaseflip,0.05,4,0.0,0.05,10,qiskit_aer,1,1,0.8202674999999998,0.5744441666666665,0.18888888888888888,0.0,0.0,0.0,0.0,0.0,0.17973249999999985,0.004220086640105866,0.1819874999999999,0.1787249999999999,0.18299999999999983,0.17194999999999983,0.17194999999999983,1.0,0.8,1.0,0.0,0.0,0.0,0.0,0.0,0.1495788103929545,0.004220086640105866,0.15183381039295457,0.14857131039295457,0.1528463103929545,0.14179631039295448,0.14179631039295448,1.0,1.0,0.0,0.0,0.0,0.0,0.0,0.0,0.17370176207859078,0.013245386656059694,0.1819874999999999,0.17194999999999983,0.18299999999999983,0.14857131039295457,0.14857131039295457,1.0,1.0,0.8,0.0,0.0,0.0,0.0,0.0,0.0,0.006030737921409068,0.060307379214090684,0.030153689607045342,0.030153689607045342,0.17370176207859078,0.013245386656059694,0.1819874999999999,0.17194999999999983,0.18299999999999983,0.14857131039295457,0.14857131039295457,1.0,1.0,0.8,0.0,0.0,0.0,0.0,0.0,0.0,0.006030737921409068,0.060307379214090684,0.030153689607045342,0.030153689607045342,0.17370176207859078,0.013245386656059694,0.1819874999999999,0.17194999999999983,0.18299999999999983,0.14857131039295457,0.14857131039295457,1.0,1.0,0.8,0.0,0.0,0.0,0.0,0.0,0.0,0.006030737921409068,0.060307379214090684,0.030153689607045342,0.030153689607045342,0.17370176207859078,0.013245386656059694,0.1819874999999999,0.17194999999999983,0.18299999999999983,0.14857131039295457,0.14857131039295457,1.0,1.0,0.8,0.0,0.0,0.0,0.0,0.0,0.0,0.006030737921409068,0.060307379214090684,0.030153689607045342,0.030153689607045342,1.0,0.2,0.2,0.2,0.2,0.0,0.2,0.8,0.0,0.2,0.8,0.0,0.2,0.8,0.0,0.2,0.8,0.0,0.2,0.0,0.2,0.2,0.2,0.2,0.2,0.0,0.0,0.0,0.0,0.2,0.2,1.0,1.0,1.0,0.2,1.0,1.0,1.0,1.0,1.0,1.0,2,0,0.0,0.0,0.2,0.0,0.0,0.0,0.0,0.0,0.0,0.0,0.0,1.0,0.0,0.0,0.0,0.0,0.0,-0.17444416665526305,3.099630017959843e-21,3.099630017959843e-21,0.0,0.1,0.1,0,0,0,0,C1,0.0,0.0,0.17370176207859078,0.8,1.0,0.2,0.0,0.0,0.17370176207859078
phaseflip,phaseflip,0.05,4,0.0,0.1,10,qiskit_aer,1,1,0.8202674999999998,0.5016819444444444,0.3333333333333333,0.0,0.0,0.0,0.0,0.0,0.17973249999999985,0.004220086640105866,0.1819874999999999,0.1787249999999999,0.18299999999999983,0.17194999999999983,0.17194999999999983,1.0,0.8,1.0,0.0,0.0,0.0,0.0,0.0,0.1495788103929545,0.004220086640105866,0.15183381039295457,0.14857131039295457,0.1528463103929545,0.14179631039295448,0.14179631039295448,1.0,1.0,0.0,0.0,0.0,0.0,0.0,0.0,0.17370176207859078,0.013245386656059694,0.1819874999999999,0.17194999999999983,0.18299999999999983,0.14857131039295457,0.14857131039295457,1.0,1.0,0.8,0.0,0.0,0.0,0.0,0.0,0.0,0.006030737921409068,0.060307379214090684,0.030153689607045342,0.030153689607045342,0.17370176207859078,0.013245386656059694,0.1819874999999999,0.17194999999999983,0.18299999999999983,0.14857131039295457,0.14857131039295457,1.0,1.0,0.8,0.0,0.0,0.0,0.0,0.0,0.0,0.006030737921409068,0.060307379214090684,0.030153689607045342,0.030153689607045342,0.17370176207859078,0.013245386656059694,0.1819874999999999,0.17194999999999983,0.18299999999999983,0.14857131039295457,0.14857131039295457,1.0,1.0,0.8,0.0,0.0,0.0,0.0,0.0,0.0,0.006030737921409068,0.060307379214090684,0.030153689607045342,0.030153689607045342,0.17370176207859078,0.013245386656059694,0.1819874999999999,0.17194999999999983,0.18299999999999983,0.14857131039295457,0.14857131039295457,1.0,1.0,0.8,0.0,0.0,0.0,0.0,0.0,0.0,0.006030737921409068,0.060307379214090684,0.030153689607045342,0.030153689607045342,1.0,0.2,0.2,0.2,0.2,0.0,0.2,0.8,0.0,0.2,0.8,0.0,0.2,0.8,0.0,0.2,0.8,0.0,0.2,0.0,0.2,0.2,0.2,0.2,0.2,0.0,0.0,0.0,0.0,0.2,0.2,1.0,1.0,1.0,0.2,1.0,1.0,1.0,1.0,1.0,1.0,2,0,0.0,0.0,0.2,0.0,0.0,0.0,0.0,0.0,0.0,0.0,0.0,1.0,0.0,0.0,0.0,0.0,0.0,-0.1016819444319435,1.867034853552012e-21,1.867034853552012e-21,0.0,0.2,0.2,0,0,0,0,C1,0.0,0.0,0.17370176207859078,0.8,1.0,0.2,0.0,0.0,0.17370176207859078
phaseflip,phaseflip,0.05,4,0.25,0.0,10,qiskit_aer,1,1,0.8202674999999998,0.5357813888888888,0.2222222222222222,0.11111111111111113,0.0,0.0,0.0,0.9,0.17973249999999985,0.004220086640105866,0.1819874999999999,0.1787249999999999,0.18299999999999983,0.17194999999999983,0.17194999999999983,1.0,0.9,1.0,0.0,0.0,0.0,0.0,0.0,0.1495788103929545,0.004220086640105866,0.15183381039295457,0.14857131039295457,0.1528463103929545,0.14179631039295448,0.14179631039295448,1.0,1.0,0.0,0.0,0.0,0.0,0.0,0.0,0.17671713103929532,0.010281884527091443,0.1819874999999999,0.17364374999999985,0.18299999999999983,0.15909172071612493,0.14857131039295457,1.0,1.0,0.9,0.0,0.0,0.0,0.0,0.0,0.0,0.003015368960704534,0.030153689607045342,0.016584529283874903,0.030153689607045342,0.17671713103929532,0.010281884527091443,0.1819874999999999,0.17364374999999985,0.18299999999999983,0.15909172071612493,0.14857131039295457,1.0,1.0,0.9,0.0,0.0,0.0,0.0,0.0,0.0,0.003015368960704534,0.030153689607045342,0.016584529283874903,0.030153689607045342,0.17671713103929532,0.010281884527091443,0.1819874999999999,0.17364374999999985,0.18299999999999983,0.15909172071612493,0.14857131039295457,1.0,1.0,0.9,0.0,0.0,0.0,0.0,0.0,0.0,0.003015368960704534,0.030153689607045342,0.016584529283874903,0.030153689607045342,0.17671713103929532,0.010281884527091443,0.1819874999999999,0.17364374999999985,0.18299999999999983,0.15909172071612493,0.14857131039295457,1.0,1.0,0.9,0.0,0.0,0.0,0.0,0.0,0.0,0.003015368960704534,0.030153689607045342,0.016584529283874903,0.030153689607045342,1.0,0.1,0.1,0.1,0.1,0.0,0.1,0.9,0.0,0.1,0.9,0.0,0.1,0.9,0.0,0.1,0.9,0.0,0.1,0.0,0.1,0.1,0.1,0.1,0.1,0.0,0.0,0.0,0.0,0.1,0.1,1.0,1.0,1.0,0.1,1.0,1.0,1.0,1.0,1.0,1.0,1,0,0.0,0.0,0.1,0.0,0.0,0.0,0.0,0.0,0.0,0.0,0.0,1.0,0.0,0.0,0.0,0.0,0.0,-0.33578138887678843,9.33517426776006e-22,9.33517426776006e-22,0.0,0.36111111111111116,0.36111111111111116,0,0,0,0,C1,0.0,0.0,0.17671713103929532,0.9,1.0,0.1,0.0,0.0,0.17671713103929532
phaseflip,phaseflip,0.05,4,0.25,0.03,10,qiskit_aer,1,1,0.8202674999999998,0.5084309027777777,0.3,0.11111111111111113,0.0,0.0,0.0,0.9,0.17973249999999985,0.004220086640105866,0.1819874999999999,0.1787249999999999,0.18299999999999983,0.17194999999999983,0.17194999999999983,1.0,0.8,1.0,0.0,0.0,0.0,0.0,0.0,0.1495788103929545,0.004220086640105866,0.15183381039295457,0.14857131039295457,0.1528463103929545,0.14179631039295448,0.14179631039295448,1.0,1.0,0.0,0.0,0.0,0.0,0.0,0.0,0.17370176207859078,0.013245386656059694,0.1819874999999999,0.17194999999999983,0.18299999999999983,0.14857131039295457,0.14857131039295457,1.0,1.0,0.8,0.0,0.0,0.0,0.0,0.0,0.0,0.006030737921409068,0.060307379214090684,0.030153689607045342,0.030153689607045342,0.17370176207859078,0.013245386656059694,0.1819874999999999,0.17194999999999983,0.18299999999999983,0.14857131039295457,0.14857131039295457,1.0,1.0,0.8,0.0,0.0,0.0,0.0,0.0,0.0,0.006030737921409068,0.060307379214090684,0.030153689607045342,0.030153689607045342,0.17370176207859078,0.013245386656059694,0.1819874999999999,0.17194999999999983,0.18299999999999983,0.14857131039295457,0.14857131039295457,1.0,1.0,0.8,0.0,0.0,0.0,0.0,0.0,0.0,0.006030737921409068,0.060307379214090684,0.030153689607045342,0.030153689607045342,0.17370176207859078,0.013245386656059694,0.1819874999999999,0.17194999999999983,0.18299999999999983,0.14857131039295457,0.14857131039295457,1.0,1.0,0.8,0.0,0.0,0.0,0.0,0.0,0.0,0.006030737921409068,0.060307379214090684,0.030153689607045342,0.030153689607045342,1.0,0.2,0.2,0.2,0.2,0.0,0.2,0.8,0.0,0.2,0.8,0.0,0.2,0.8,0.0,0.2,0.8,0.0,0.2,0.0,0.2,0.2,0.2,0.2,0.2,0.0,0.0,0.0,0.0,0.2,0.2,1.0,1.0,1.0,0.2,1.0,1.0,1.0,1.0,1.0,1.0,2,0,0.0,0.0,0.2,0.0,0.0,0.0,0.0,0.0,0.0,0.0,0.0,1.0,0.0,0.0,0.0,0.0,0.0,-0.1084309027647346,1.867034853552012e-21,1.867034853552012e-21,0.0,0.4211111111111112,0.4211111111111112,0,0,0,0,C1,0.0,0.0,0.17370176207859078,0.8,1.0,0.2,0.0,0.0,0.17370176207859078
phaseflip,phaseflip,0.05,4,0.25,0.05,10,qiskit_aer,1,1,0.8202674999999998,0.46750798611111105,0.36666666666666664,0.11111111111111113,0.0,0.0,0.0,0.9,0.17973249999999985,0.004220086640105866,0.1819874999999999,0.1787249999999999,0.18299999999999983,0.17194999999999983,0.17194999999999983,1.0,0.9,1.0,0.0,0.0,0.0,0.0,0.0,0.1495788103929545,0.004220086640105866,0.15183381039295457,0.14857131039295457,0.1528463103929545,0.14179631039295448,0.14179631039295448,1.0,1.0,0.0,0.0,0.0,0.0,0.0,0.0,0.17671713103929532,0.010281884527091443,0.1819874999999999,0.17364374999999985,0.18299999999999983,0.15909172071612493,0.14857131039295457,1.0,1.0,0.9,0.0,0.0,0.0,0.0,0.0,0.0,0.003015368960704534,0.030153689607045342,0.016584529283874903,0.030153689607045342,0.17671713103929532,0.010281884527091443,0.1819874999999999,0.17364374999999985,0.18299999999999983,0.15909172071612493,0.14857131039295457,1.0,1.0,0.9,0.0,0.0,0.0,0.0,0.0,0.0,0.003015368960704534,0.030153689607045342,0.016584529283874903,0.030153689607045342,0.17671713103929532,0.010281884527091443,0.1819874999999999,0.17364374999999985,0.18299999999999983,0.15909172071612493,0.14857131039295457,1.0,1.0,0.9,0.0,0.0,0.0,0.0,0.0,0.0,0.003015368960704534,0.030153689607045342,0.016584529283874903,0.030153689607045342,0.17671713103929532,0.010281884527091443,0.1819874999999999,0.17364374999999985,0.18299999999999983,0.15909172071612493,0.14857131039295457,1.0,1.0,0.9,0.0,0.0,0.0,0.0,0.0,0.0,0.003015368960704534,0.030153689607045342,0.016584529283874903,0.030153689607045342,1.0,0.1,0.1,0.1,0.1,0.0,0.1,0.9,0.0,0.1,0.9,0.0,0.1,0.9,0.0,0.1,0.9,0.0,0.1,0.0,0.1,0.1,0.1,0.1,0.1,0.0,0.0,0.0,0.0,0.1,0.1,1.0,1.0,1.0,0.1,1.0,1.0,1.0,1.0,1.0,1.0,1,0,0.0,0.0,0.1,0.0,0.0,0.0,0.0,0.0,0.0,0.0,0.0,1.0,0.0,0.0,0.0,0.0,0.0,-0.26750798609891524,2.166112591183837e-21,2.166112591183837e-21,0.0,0.46111111111111114,0.46111111111111114,0,0,0,0,C1,0.0,0.0,0.17671713103929532,0.9,1.0,0.1,0.0,0.0,0.17671713103929532
phaseflip,phaseflip,0.05,4,0.25,0.1,10,qiskit_aer,1,1,0.8202674999999998,0.39701520833333326,0.5111111111111111,0.11111111111111113,0.0,0.0,0.0,0.9,0.17973249999999985,0.004220086640105866,0.1819874999999999,0.1787249999999999,0.18299999999999983,0.17194999999999983,0.17194999999999983,1.0,0.8,1.0,0.0,0.0,0.0,0.0,0.0,0.1495788103929545,0.004220086640105866,0.15183381039295457,0.14857131039295457,0.1528463103929545,0.14179631039295448,0.14179631039295448,1.0,1.0,0.0,0.0,0.0,0.0,0.0,0.0,0.17370176207859078,0.013245386656059694,0.1819874999999999,0.17194999999999983,0.18299999999999983,0.14857131039295457,0.14857131039295457,1.0,1.0,0.8,0.0,0.0,0.0,0.0,0.0,0.0,0.006030737921409068,0.060307379214090684,0.030153689607045342,0.030153689607045342,0.17370176207859078,0.013245386656059694,0.1819874999999999,0.17194999999999983,0.18299999999999983,0.14857131039295457,0.14857131039295457,1.0,1.0,0.8,0.0,0.0,0.0,0.0,0.0,0.0,0.006030737921409068,0.060307379214090684,0.030153689607045342,0.030153689607045342,0.17370176207859078,0.013245386656059694,0.1819874999999999,0.17194999999999983,0.18299999999999983,0.14857131039295457,0.14857131039295457,1.0,1.0,0.8,0.0,0.0,0.0,0.0,0.0,0.0,0.006030737921409068,0.060307379214090684,0.030153689607045342,0.030153689607045342,0.17370176207859078,0.013245386656059694,0.1819874999999999,0.17194999999999983,0.18299999999999983,0.14857131039295457,0.14857131039295457,1.0,1.0,0.8,0.0,0.0,0.0,0.0,0.0,0.0,0.006030737921409068,0.060307379214090684,0.030153689607045342,0.030153689607045342,1.0,0.2,0.2,0.2,0.2,0.0,0.2,0.8,0.0,0.2,0.8,0.0,0.2,0.8,0.0,0.2,0.8,0.0,0.2,0.0,0.2,0.2,0.2,0.2,0.2,0.0,0.0,0.0,0.0,0.2,0.2,1.0,1.0,1.0,0.2,1.0,1.0,1.0,1.0,1.0,1.0,2,0,0.0,0.0,0.2,0.0,0.0,0.0,0.0,0.0,0.0,0.0,0.0,1.0,0.0,0.0,0.0,0.0,0.0,0.0029847916784293883,3.099630017959843e-21,3.099630017959843e-21,0.0,0.5611111111111111,0.5611111111111111,0,0,0,0,C1,0.0,0.0,0.17370176207859078,0.8,1.0,0.2,0.0,0.0,0.17370176207859078
phaseflip,phaseflip,0.05,4,0.5,0.0,10,qiskit_aer,1,1,0.8202674999999998,0.45813111111111104,0.43333333333333335,0.21666666666666667,0.0,0.0,0.0,1.0,0.17973249999999985,0.004220086640105866,0.1819874999999999,0.1787249999999999,0.18299999999999983,0.17194999999999983,0.17194999999999983,1.0,0.8,1.0,0.0,0.0,0.0,0.0,0.0,0.1495788103929545,0.004220086640105866,0.15183381039295457,0.14857131039295457,0.1528463103929545,0.14179631039295448,0.14179631039295448,1.0,1.0,0.0,0.0,0.0,0.0,0.0,0.0,0.17370176207859078,0.013245386656059694,0.1819874999999999,0.17194999999999983,0.18299999999999983,0.14857131039295457,0.14857131039295457,1.0,1.0,0.8,0.0,0.0,0.0,0.0,0.0,0.0,0.006030737921409068,0.060307379214090684,0.030153689607045342,0.030153689607045342,0.17370176207859078,0.013245386656059694,0.1819874999999999,0.17194999999999983,0.18299999999999983,0.14857131039295457,0.14857131039295457,1.0,1.0,0.8,0.0,0.0,0.0,0.0,0.0,0.0,0.006030737921409068,0.060307379214090684,0.030153689607045342,0.030153689607045342,0.17370176207859078,0.013245386656059694,0.1819874999999999,0.17194999999999983,0.18299999999999983,0.14857131039295457,0.14857131039295457,1.0,1.0,0.8,0.0,0.0,0.0,0.0,0.0,0.0,0.006030737921409068,0.060307379214090684,0.030153689607045342,0.030153689607045342,0.17370176207859078,0.013245386656059694,0.1819874999999999,0.17194999999999983,0.18299999999999983,0.14857131039295457,0.14857131039295457,1.0,1.0,0.8,0.0,0.0,0.0,0.0,0.0,0.0,0.006030737921409068,0.060307379214090684,0.030153689607045342,0.030153689607045342,1.0,0.2,0.2,0.2,0.2,0.0,0.2,0.8,0.0,0.2,0.8,0.0,0.2,0.8,0.0,0.2,0.8,0.0,0.2,0.0,0.2,0.2,0.2,0.2,0.2,0.0,0.0,0.0,0.0,0.2,0.2,1.0,1.0,1.0,0.2,1.0,1.0,1.0,1.0,1.0,1.0,2,0,0.0,0.0,0.2,0.0,0.0,0.0,0.0,0.0,0.0,0.0,0.0,1.0,0.0,0.0,0.0,0.0,0.0,-0.05813111109848844,1.867034853552012e-21,1.867034853552012e-21,0.0,0.7166666666666667,0.7166666666666667,0,0,0,0,C1,0.0,0.0,0.17370176207859078,0.8,1.0,0.2,0.0,0.0,0.17370176207859078
phaseflip,phaseflip,0.05,4,0.5,0.03,10,qiskit_aer,1,1,0.8202674999999998,0.42624173611111105,0.4888888888888889,0.21666666666666667,0.0,0.0,0.0,1.0,0.17973249999999985,0.004220086640105866,0.1819874999999999,0.1787249999999999,0.18299999999999983,0.17194999999999983,0.17194999999999983,1.0,0.8,1.0,0.0,0.0,0.0,0.0,0.0,0.1495788103929545,0.004220086640105866,0.15183381039295457,0.14857131039295457,0.1528463103929545,0.14179631039295448,0.14179631039295448,1.0,1.0,0.0,0.0,0.0,0.0,0.0,0.0,0.17370176207859078,0.013245386656059694,0.1819874999999999,0.17194999999999983,0.18299999999999983,0.14857131039295457,0.14857131039295457,1.0,1.0,0.8,0.0,0.0,0.0,0.0,0.0,0.0,0.006030737921409068,0.060307379214090684,0.030153689607045342,0.030153689607045342,0.17370176207859078,0.013245386656059694,0.1819874999999999,0.17194999999999983,0.18299999999999983,0.14857131039295457,0.14857131039295457,1.0,1.0,0.8,0.0,0.0,0.0,0.0,0.0,0.0,0.006030737921409068,0.060307379214090684,0.030153689607045342,0.030153689607045342,0.17370176207859078,0.013245386656059694,0.1819874999999999,0.17194999999999983,0.18299999999999983,0.14857131039295457,0.14857131039295457,1.0,1.0,0.8,0.0,0.0,0.0,0.0,0.0,0.0,0.006030737921409068,0.060307379214090684,0.030153689607045342,0.030153689607045342,0.17370176207859078,0.013245386656059694,0.1819874999999999,0.17194999999999983,0.18299999999999983,0.14857131039295457,0.14857131039295457,1.0,1.0,0.8,0.0,0.0,0.0,0.0,0.0,0.0,0.006030737921409068,0.060307379214090684,0.030153689607045342,0.030153689607045342,1.0,0.2,0.2,0.2,0.2,0.0,0.2,0.8,0.0,0.2,0.8,0.0,0.2,0.8,0.0,0.2,0.8,0.0,0.2,0.0,0.2,0.2,0.2,0.2,0.2,0.0,0.0,0.0,0.0,0.2,0.2,1.0,1.0,1.0,0.2,1.0,1.0,1.0,1.0,1.0,1.0,2,0,0.0,0.0,0.2,0.0,0.0,0.0,0.0,0.0,0.0,0.0,0.0,1.0,0.0,0.0,0.0,0.0,0.0,-0.026241736098434353,1.867034853552012e-21,1.867034853552012e-21,0.0,0.7766666666666667,0.7766666666666667,0,0,0,0,C1,0.0,0.0,0.17370176207859078,0.8,1.0,0.2,0.0,0.0,0.17370176207859078
phaseflip,phaseflip,0.05,4,0.5,0.05,10,qiskit_aer,1,1,0.8202674999999998,0.3784184027777777,0.5444444444444444,0.21666666666666667,0.0,0.0,0.0,1.0,0.17973249999999985,0.004220086640105866,0.1819874999999999,0.1787249999999999,0.18299999999999983,0.17194999999999983,0.17194999999999983,1.0,0.9,1.0,0.0,0.0,0.0,0.0,0.0,0.1495788103929545,0.004220086640105866,0.15183381039295457,0.14857131039295457,0.1528463103929545,0.14179631039295448,0.14179631039295448,1.0,1.0,0.0,0.0,0.0,0.0,0.0,0.0,0.17671713103929532,0.010281884527091443,0.1819874999999999,0.17364374999999985,0.18299999999999983,0.15909172071612493,0.14857131039295457,1.0,1.0,0.9,0.0,0.0,0.0,0.0,0.0,0.0,0.003015368960704534,0.030153689607045342,0.016584529283874903,0.030153689607045342,0.17671713103929532,0.010281884527091443,0.1819874999999999,0.17364374999999985,0.18299999999999983,0.15909172071612493,0.14857131039295457,1.0,1.0,0.9,0.0,0.0,0.0,0.0,0.0,0.0,0.003015368960704534,0.030153689607045342,0.016584529283874903,0.030153689607045342,0.17671713103929532,0.010281884527091443,0.1819874999999999,0.17364374999999985,0.18299999999999983,0.15909172071612493,0.14857131039295457,1.0,1.0,0.9,0.0,0.0,0.0,0.0,0.0,0.0,0.003015368960704534,0.030153689607045342,0.016584529283874903,0.030153689607045342,0.17671713103929532,0.010281884527091443,0.1819874999999999,0.17364374999999985,0.18299999999999983,0.15909172071612493,0.14857131039295457,1.0,1.0,0.9,0.0,0.0,0.0,0.0,0.0,0.0,0.003015368960704534,0.030153689607045342,0.016584529283874903,0.030153689607045342,1.0,0.1,0.1,0.1,0.1,0.0,0.1,0.9,0.0,0.1,0.9,0.0,0.1,0.9,0.0,0.1,0.9,0.0,0.1,0.0,0.1,0.1,0.1,0.1,0.1,0.0,0.0,0.0,0.0,0.1,0.1,1.0,1.0,1.0,0.1,1.0,1.0,1.0,1.0,1.0,1.0,1,0,0.0,0.0,0.1,0.0,0.0,0.0,0.0,0.0,0.0,0.0,0.0,1.0,0.0,0.0,0.0,0.0,0.0,-0.17841840276520277,9.33517426776006e-22,9.33517426776006e-22,0.0,0.8166666666666668,0.8166666666666668,0,0,0,0,C1,0.0,0.0,0.17671713103929532,0.9,1.0,0.1,0.0,0.0,0.17671713103929532
phaseflip,phaseflip,0.05,4,0.5,0.1,10,qiskit_aer,1,1,0.8202674999999998,0.3169915277777777,0.6555555555555556,0.21666666666666667,0.0,0.0,0.0,1.0,0.17973249999999985,0.004220086640105866,0.1819874999999999,0.1787249999999999,0.18299999999999983,0.17194999999999983,0.17194999999999983,1.0,0.8,1.0,0.0,0.0,0.0,0.0,0.0,0.1495788103929545,0.004220086640105866,0.15183381039295457,0.14857131039295457,0.1528463103929545,0.14179631039295448,0.14179631039295448,1.0,1.0,0.0,0.0,0.0,0.0,0.0,0.0,0.17370176207859078,0.013245386656059694,0.1819874999999999,0.17194999999999983,0.18299999999999983,0.14857131039295457,0.14857131039295457,1.0,1.0,0.8,0.0,0.0,0.0,0.0,0.0,0.0,0.006030737921409068,0.060307379214090684,0.030153689607045342,0.030153689607045342,0.17370176207859078,0.013245386656059694,0.1819874999999999,0.17194999999999983,0.18299999999999983,0.14857131039295457,0.14857131039295457,1.0,1.0,0.8,0.0,0.0,0.0,0.0,0.0,0.0,0.006030737921409068,0.060307379214090684,0.030153689607045342,0.030153689607045342,0.17370176207859078,0.013245386656059694,0.1819874999999999,0.17194999999999983,0.18299999999999983,0.14857131039295457,0.14857131039295457,1.0,1.0,0.8,0.0,0.0,0.0,0.0,0.0,0.0,0.006030737921409068,0.060307379214090684,0.030153689607045342,0.030153689607045342,0.17370176207859078,0.013245386656059694,0.1819874999999999,0.17194999999999983,0.18299999999999983,0.14857131039295457,0.14857131039295457,1.0,1.0,0.8,0.0,0.0,0.0,0.0,0.0,0.0,0.006030737921409068,0.060307379214090684,0.030153689607045342,0.030153689607045342,1.0,0.2,0.2,0.2,0.2,0.0,0.2,0.8,0.0,0.2,0.8,0.0,0.2,0.8,0.0,0.2,0.8,0.0,0.2,0.0,0.2,0.2,0.2,0.2,0.2,0.0,0.0,0.0,0.0,0.2,0.2,1.0,1.0,0.9,0.2,1.0,1.0,1.0,1.0,1.0,1.0,2,0,0.0,0.0,0.2,0.0,0.0,0.0,0.0,0.0,0.0,0.0,0.0,1.0,0.0,0.0,0.0,0.0,0.0,0.08300847223453997,1.867034853552012e-21,1.867034853552012e-21,0.0,0.9133333333333333,0.9166666666666666,0,0,0,0,C1,0.0,0.0,0.17370176207859078,0.8,1.0,0.2,0.0,0.0,0.17370176207859078
phaseflip,phaseflip,0.05,4,0.75,0.0,10,qiskit_aer,1,1,0.8202674999999998,0.3397189583333333,0.7,0.35,0.0,0.0,0.0,1.0,0.17973249999999985,0.004220086640105866,0.1819874999999999,0.1787249999999999,0.18299999999999983,0.17194999999999983,0.17194999999999983,1.0,1.0,1.0,0.0,0.0,0.0,0.0,0.0,0.1495788103929545,0.004220086640105866,0.15183381039295457,0.14857131039295457,0.1528463103929545,0.14179631039295448,0.14179631039295448,1.0,1.0,0.0,0.0,0.0,0.0,0.0,0.0,0.17973249999999985,0.004220086640105866,0.1819874999999999,0.1787249999999999,0.18299999999999983,0.17194999999999983,0.17194999999999983,1.0,1.0,1.0,0.0,0.0,0.0,0.0,0.0,0.0,0.0,0.0,0.0,0.0,0.17973249999999985,0.004220086640105866,0.1819874999999999,0.1787249999999999,0.18299999999999983,0.17194999999999983,0.17194999999999983,1.0,1.0,1.0,0.0,0.0,0.0,0.0,0.0,0.0,0.0,0.0,0.0,0.0,0.17973249999999985,0.004220086640105866,0.1819874999999999,0.1787249999999999,0.18299999999999983,0.17194999999999983,0.17194999999999983,1.0,1.0,1.0,0.0,0.0,0.0,0.0,0.0,0.0,0.0,0.0,0.0,0.0,0.17973249999999985,0.004220086640105866,0.1819874999999999,0.1787249999999999,0.18299999999999983,0.17194999999999983,0.17194999999999983,1.0,1.0,1.0,0.0,0.0,0.0,0.0,0.0,0.0,0.0,0.0,0.0,0.0,1.0,0.0,0.0,0.0,0.0,0.0,0.0,1.0,0.0,0.0,1.0,0.0,0.0,1.0,0.0,0.0,1.0,0.0,0.0,0.0,0.0,0.0,0.0,0.0,0.0,0.0,0.0,0.0,0.0,0.0,0.0,1.0,1.0,0.0,0.0,0.0,0.0,0.0,0.0,0.0,0.0,0,0,0.0,0.0,0.0,0.0,0.0,0.0,0.0,0.0,0.0,0.0,0.0,1.0,0.0,0.0,0.0,0.0,0.0,-0.339718958320196,0.0,0.0,0.0,1.0,1.1,0,0,0,0,C1,0.0,0.0,0.17973249999999985,1.0,1.0,0.0,0.0,0.0,0.17973249999999985
phaseflip,phaseflip,0.05,4,0.75,0.03,10,qiskit_aer,1,1,0.8202674999999998,0.32144624999999993,0.7333333333333333,0.35,0.0,0.0,0.0,1.0,0.17973249999999985,0.004220086640105866,0.1819874999999999,0.1787249999999999,0.18299999999999983,0.17194999999999983,0.17194999999999983,1.0,0.8,1.0,0.0,0.0,0.0,0.0,0.0,0.1495788103929545,0.004220086640105866,0.15183381039295457,0.14857131039295457,0.1528463103929545,0.14179631039295448,0.14179631039295448,1.0,1.0,0.0,0.0,0.0,0.0,0.0,0.0,0.17370176207859078,0.013245386656059694,0.1819874999999999,0.17194999999999983,0.18299999999999983,0.14857131039295457,0.14857131039295457,1.0,1.0,0.8,0.0,0.0,0.0,0.0,0.0,0.0,0.006030737921409068,0.060307379214090684,0.030153689607045342,0.030153689607045342,0.17370176207859078,0.013245386656059694,0.1819874999999999,0.17194999999999983,0.18299999999999983,0.14857131039295457,0.14857131039295457,1.0,1.0,0.8,0.0,0.0,0.0,0.0,0.0,0.0,0.006030737921409068,0.060307379214090684,0.030153689607045342,0.030153689607045342,0.17370176207859078,0.013245386656059694,0.1819874999999999,0.17194999999999983,0.18299999999999983,0.14857131039295457,0.14857131039295457,1.0,1.0,0.8,0.0,0.0,0.0,0.0,0.0,0.0,0.006030737921409068,0.060307379214090684,0.030153689607045342,0.030153689607045342,0.17973249999999985,0.004220086640105866,0.1819874999999999,0.1787249999999999,0.18299999999999983,0.17194999999999983,0.17194999999999983,1.0,0.8,1.0,0.0,0.0,0.0,0.0,0.0,3.099630017959843e-21,0.0,0.0,0.0,0.0,1.0,0.2,0.2,0.2,0.0,0.2,0.2,0.8,0.0,0.2,0.8,0.0,0.2,0.8,0.0,0.0,1.0,0.0,0.2,0.0,0.2,0.2,0.0,0.2,0.2,0.2,0.0,0.0,0.0,0.2,0.2,1.0,1.0,0.0,0.0,1.0,1.0,1.0,1.0,0.0,0.0,2,2,0.2,1.0,0.2,0.0,0.2,0.0,1.0,0.0,1.0,1.0,0.0,1.0,0.060307379214090684,0.0,0.060307379214090684,0.006030737921409068,0.060307379214090684,0.07855375001272681,3.099630017959843e-21,3.099630017959843e-21,0.0,1.0,1.1600000000000001,0,0,0,2,C3R,0.0,0.0,0.17973249999999985,1.0,1.0,0.0,0.0,0.0,0.17973249999999985
phaseflip,phaseflip,0.05,4,0.75,0.05,10,qiskit_aer,1,1,0.8202674999999998,0.28046687499999995,0.7777777777777778,0.35,0.0,0.0,0.0,1.0,0.17973249999999985,0.004220086640105866,0.1819874999999999,0.1787249999999999,0.18299999999999983,0.17194999999999983,0.17194999999999983,1.0,0.9,1.0,0.0,0.0,0.0,0.0,0.0,0.1495788103929545,0.004220086640105866,0.15183381039295457,0.14857131039295457,0.1528463103929545,0.14179631039295448,0.14179631039295448,1.0,1.0,0.0,0.0,0.0,0.0,0.0,0.0,0.17671713103929532,0.010281884527091443,0.1819874999999999,0.17364374999999985,0.18299999999999983,0.15909172071612493,0.14857131039295457,1.0,1.0,0.9,0.0,0.0,0.0,0.0,0.0,0.0,0.003015368960704534,0.030153689607045342,0.016584529283874903,0.030153689607045342,0.17671713103929532,0.010281884527091443,0.1819874999999999,0.17364374999999985,0.18299999999999983,0.15909172071612493,0.14857131039295457,1.0,1.0,0.9,0.0,0.0,0.0,0.0,0.0,0.0,0.003015368960704534,0.030153689607045342,0.016584529283874903,0.030153689607045342,0.17671713103929532,0.010281884527091443,0.1819874999999999,0.17364374999999985,0.18299999999999983,0.15909172071612493,0.14857131039295457,1.0,1.0,0.9,0.0,0.0,0.0,0.0,0.0,0.0,0.003015368960704534,0.030153689607045342,0.016584529283874903,0.030153689607045342,0.17973249999999985,0.004220086640105866,0.1819874999999999,0.1787249999999999,0.18299999999999983,0.17194999999999983,0.17194999999999983,1.0,0.9,1.0,0.0,0.0,0.0,0.0,0.0,9.33517426776006e-22,0.0,0.0,0.0,0.0,1.0,0.1,0.1,0.1,0.0,0.1,0.1,0.9,0.0,0.1,0.9,0.0,0.1,0.9,0.0,0.0,1.0,0.0,0.1,0.0,0.1,0.1,0.0,0.1,0.1,0.1,0.0,0.0,0.0,0.1,0.1,1.0,1.0,0.0,0.0,1.0,1.0,1.0,1.0,0.0,0.0,1,1,0.1,1.0,0.1,0.0,0.1,0.0,1.0,0.0,1.0,1.0,0.0,1.0,0.030153689607045342,0.0,0.030153689607045342,0.003015368960704534,0.030153689607045342,-0.08046687498735491,9.33517426776006e-22,9.33517426776006e-22,0.0,1.0,1.2000000000000002,0,0,0,1,C3R,0.0,0.0,0.17973249999999985,1.0,1.0,0.0,0.0,0.0,0.17973249999999985
phaseflip,phaseflip,0.05,4,0.75,0.1,10,qiskit_aer,1,1,0.8202674999999998,0.23727180555555552,0.8555555555555555,0.35,0.0,0.0,0.0,1.0,0.17973249999999985,0.004220086640105866,0.1819874999999999,0.1787249999999999,0.18299999999999983,0.17194999999999983,0.17194999999999983,1.0,0.9,1.0,0.0,0.0,0.0,0.0,0.0,0.1495788103929545,0.004220086640105866,0.15183381039295457,0.14857131039295457,0.1528463103929545,0.14179631039295448,0.14179631039295448,1.0,1.0,0.0,0.0,0.0,0.0,0.0,0.0,0.17671713103929532,0.010281884527091443,0.1819874999999999,0.17364374999999985,0.18299999999999983,0.15909172071612493,0.14857131039295457,1.0,1.0,0.9,0.0,0.0,0.0,0.0,0.0,0.0,0.003015368960704534,0.030153689607045342,0.016584529283874903,0.030153689607045342,0.17671713103929532,0.010281884527091443,0.1819874999999999,0.17364374999999985,0.18299999999999983,0.15909172071612493,0.14857131039295457,1.0,1.0,0.9,0.0,0.0,0.0,0.0,0.0,0.0,0.003015368960704534,0.030153689607045342,0.016584529283874903,0.030153689607045342,0.17671713103929532,0.010281884527091443,0.1819874999999999,0.17364374999999985,0.18299999999999983,0.15909172071612493,0.14857131039295457,1.0,1.0,0.9,0.0,0.0,0.0,0.0,0.0,0.0,0.003015368960704534,0.030153689607045342,0.016584529283874903,0.030153689607045342,0.17973249999999985,0.004220086640105866,0.1819874999999999,0.1787249999999999,0.18299999999999983,0.17194999999999983,0.17194999999999983,1.0,0.9,1.0,0.0,0.0,0.0,0.0,0.0,9.33517426776006e-22,0.0,0.0,0.0,0.0,1.0,0.1,0.1,0.1,0.0,0.1,0.1,0.9,0.0,0.1,0.9,0.0,0.1,0.9,0.0,0.0,1.0,0.0,0.1,0.0,0.1,0.1,0.0,0.1,0.1,0.1,0.0,0.0,0.0,0.1,0.1,1.0,1.0,0.0,0.0,1.0,1.0,1.0,1.0,0.0,0.0,1,1,0.1,1.0,0.1,0.0,0.1,0.0,1.0,0.0,1.0,1.0,0.0,1.0,0.030153689607045342,0.0,0.030153689607045342,0.003015368960704534,0.030153689607045342,-0.03727180554273692,9.33517426776006e-22,9.33517426776006e-22,0.0,1.0,1.3,0,0,0,1,C3R,0.0,0.0,0.17973249999999985,1.0,1.0,0.0,0.0,0.0,0.17973249999999985
phaseflip,phaseflip,0.05,4,1.0,0.0,10,qiskit_aer,1,1,0.8202674999999998,0.1754852083333333,1.0,0.5,0.0,0.0,0.0,1.0,0.17973249999999985,0.004220086640105866,0.1819874999999999,0.1787249999999999,0.18299999999999983,0.17194999999999983,0.17194999999999983,1.0,1.0,1.0,0.0,0.0,0.0,0.0,0.0,0.1495788103929545,0.004220086640105866,0.15183381039295457,0.14857131039295457,0.1528463103929545,0.14179631039295448,0.14179631039295448,1.0,1.0,0.0,0.0,0.0,0.0,0.0,0.0,0.17973249999999985,0.004220086640105866,0.1819874999999999,0.1787249999999999,0.18299999999999983,0.17194999999999983,0.17194999999999983,1.0,1.0,1.0,0.0,0.0,0.0,0.0,0.0,0.0,0.0,0.0,0.0,0.0,0.17973249999999985,0.004220086640105866,0.1819874999999999,0.1787249999999999,0.18299999999999983,0.17194999999999983,0.17194999999999983,1.0,1.0,1.0,0.0,0.0,0.0,0.0,0.0,0.0,0.0,0.0,0.0,0.0,0.17973249999999985,0.004220086640105866,0.1819874999999999,0.1787249999999999,0.18299999999999983,0.17194999999999983,0.17194999999999983,1.0,1.0,1.0,0.0,0.0,0.0,0.0,0.0,0.0,0.0,0.0,0.0,0.0,0.17973249999999985,0.004220086640105866,0.1819874999999999,0.1787249999999999,0.18299999999999983,0.17194999999999983,0.17194999999999983,1.0,1.0,1.0,0.0,0.0,0.0,0.0,0.0,0.0,0.0,0.0,0.0,0.0,1.0,0.0,0.0,0.0,0.0,0.0,0.0,1.0,0.0,0.0,1.0,0.0,0.0,1.0,0.0,0.0,1.0,0.0,0.0,0.0,0.0,0.0,0.0,0.0,0.0,0.0,0.0,0.0,0.0,0.0,0.0,1.0,1.0,0.0,0.0,0.0,0.0,0.0,0.0,0.0,0.0,0,0,0.0,0.0,0.0,0.0,0.0,0.0,0.0,0.0,0.0,0.0,0.0,1.0,0.0,0.0,0.0,0.0,0.0,-0.1754852083209756,0.0,0.0,0.0,1.0,1.5,0,0,0,0,C1,0.0,0.0,0.17973249999999985,1.0,1.0,0.0,0.0,0.0,0.17973249999999985
phaseflip,phaseflip,0.05,4,1.0,0.03,10,qiskit_aer,1,1,0.8202674999999998,0.17319069444444443,1.0,0.5,0.0,0.0,0.0,1.0,0.17973249999999985,0.004220086640105866,0.1819874999999999,0.1787249999999999,0.18299999999999983,0.17194999999999983,0.17194999999999983,1.0,0.8,1.0,0.0,0.0,0.0,0.0,0.0,0.1495788103929545,0.004220086640105866,0.15183381039295457,0.14857131039295457,0.1528463103929545,0.14179631039295448,0.14179631039295448,1.0,1.0,0.0,0.0,0.0,0.0,0.0,0.0,0.17370176207859078,0.013245386656059694,0.1819874999999999,0.17194999999999983,0.18299999999999983,0.14857131039295457,0.14857131039295457,1.0,1.0,0.8,0.0,0.0,0.0,0.0,0.0,0.0,0.006030737921409068,0.060307379214090684,0.030153689607045342,0.030153689607045342,0.17370176207859078,0.013245386656059694,0.1819874999999999,0.17194999999999983,0.18299999999999983,0.14857131039295457,0.14857131039295457,1.0,1.0,0.8,0.0,0.0,0.0,0.0,0.0,0.0,0.006030737921409068,0.060307379214090684,0.030153689607045342,0.030153689607045342,0.17370176207859078,0.013245386656059694,0.1819874999999999,0.17194999999999983,0.18299999999999983,0.14857131039295457,0.14857131039295457,1.0,1.0,0.8,0.0,0.0,0.0,0.0,0.0,0.0,0.006030737921409068,0.060307379214090684,0.030153689607045342,0.030153689607045342,0.17973249999999985,0.004220086640105866,0.1819874999999999,0.1787249999999999,0.18299999999999983,0.17194999999999983,0.17194999999999983,1.0,0.8,1.0,0.0,0.0,0.0,0.0,0.0,1.867034853552012e-21,0.0,0.0,0.0,0.0,1.0,0.2,0.2,0.2,0.0,0.2,0.2,0.8,0.0,0.2,0.8,0.0,0.2,0.8,0.0,0.0,1.0,0.0,0.2,0.0,0.2,0.2,0.0,0.2,0.2,0.2,0.0,0.0,0.0,0.2,0.2,1.0,1.0,0.0,0.0,1.0,1.0,1.0,1.0,0.0,0.0,2,2,0.2,1.0,0.2,0.0,0.2,0.0,1.0,0.0,1.0,1.0,0.0,1.0,0.060307379214090684,0.0,0.060307379214090684,0.006030737921409068,0.060307379214090684,0.22680930556794338,1.867034853552012e-21,1.867034853552012e-21,0.0,1.0,1.56,0,0,0,2,C3R,0.0,0.0,0.17973249999999985,1.0,1.0,0.0,0.0,0.0,0.17973249999999985
phaseflip,phaseflip,0.05,4,1.0,0.05,10,qiskit_aer,1,1,0.8202674999999998,0.1572633333333333,1.0,0.5,0.0,0.0,0.0,1.0,0.17973249999999985,0.004220086640105866,0.1819874999999999,0.1787249999999999,0.18299999999999983,0.17194999999999983,0.17194999999999983,1.0,0.8,1.0,0.0,0.0,0.0,0.0,0.0,0.1495788103929545,0.004220086640105866,0.15183381039295457,0.14857131039295457,0.1528463103929545,0.14179631039295448,0.14179631039295448,1.0,1.0,0.0,0.0,0.0,0.0,0.0,0.0,0.17370176207859078,0.013245386656059694,0.1819874999999999,0.17194999999999983,0.18299999999999983,0.14857131039295457,0.14857131039295457,1.0,1.0,0.8,0.0,0.0,0.0,0.0,0.0,0.0,0.006030737921409068,0.060307379214090684,0.030153689607045342,0.030153689607045342,0.17370176207859078,0.013245386656059694,0.1819874999999999,0.17194999999999983,0.18299999999999983,0.14857131039295457,0.14857131039295457,1.0,1.0,0.8,0.0,0.0,0.0,0.0,0.0,0.0,0.006030737921409068,0.060307379214090684,0.030153689607045342,0.030153689607045342,0.17370176207859078,0.013245386656059694,0.1819874999999999,0.17194999999999983,0.18299999999999983,0.14857131039295457,0.14857131039295457,1.0,1.0,0.8,0.0,0.0,0.0,0.0,0.0,0.0,0.006030737921409068,0.060307379214090684,0.030153689607045342,0.030153689607045342,0.17973249999999985,0.004220086640105866,0.1819874999999999,0.1787249999999999,0.18299999999999983,0.17194999999999983,0.17194999999999983,1.0,0.8,1.0,0.0,0.0,0.0,0.0,0.0,1.867034853552012e-21,0.0,0.0,0.0,0.0,1.0,0.2,0.2,0.2,0.0,0.2,0.2,0.8,0.0,0.2,0.8,0.0,0.2,0.8,0.0,0.0,1.0,0.0,0.2,0.0,0.2,0.2,0.0,0.2,0.2,0.2,0.0,0.0,0.0,0.2,0.2,1.0,1.0,0.0,0.0,1.0,1.0,1.0,1.0,0.0,0.0,2,2,0.2,1.0,0.2,0.0,0.2,0.0,1.0,0.0,1.0,1.0,0.0,1.0,0.060307379214090684,0.0,0.060307379214090684,0.006030737921409068,0.060307379214090684,0.24273666667862528,1.867034853552012e-21,1.867034853552012e-21,0.0,1.0,1.6,0,0,0,2,C3R,0.0,0.0,0.17973249999999985,1.0,1.0,0.0,0.0,0.0,0.17973249999999985
phaseflip,phaseflip,0.05,4,1.0,0.1,10,qiskit_aer,1,1,0.8202674999999998,0.1458929861111111,1.0,0.5,0.0,0.0,0.0,1.0,0.17973249999999985,0.004220086640105866,0.1819874999999999,0.1787249999999999,0.18299999999999983,0.17194999999999983,0.17194999999999983,1.0,1.0,1.0,0.0,0.0,0.0,0.0,0.0,0.1495788103929545,0.004220086640105866,0.15183381039295457,0.14857131039295457,0.1528463103929545,0.14179631039295448,0.14179631039295448,1.0,1.0,0.0,0.0,0.0,0.0,0.0,0.0,0.17973249999999985,0.004220086640105866,0.1819874999999999,0.1787249999999999,0.18299999999999983,0.17194999999999983,0.17194999999999983,1.0,1.0,1.0,0.0,0.0,0.0,0.0,0.0,0.0,0.0,0.0,0.0,0.0,0.17973249999999985,0.004220086640105866,0.1819874999999999,0.1787249999999999,0.18299999999999983,0.17194999999999983,0.17194999999999983,1.0,1.0,1.0,0.0,0.0,0.0,0.0,0.0,0.0,0.0,0.0,0.0,0.0,0.17973249999999985,0.004220086640105866,0.1819874999999999,0.1787249999999999,0.18299999999999983,0.17194999999999983,0.17194999999999983,1.0,1.0,1.0,0.0,0.0,0.0,0.0,0.0,0.0,0.0,0.0,0.0,0.0,0.17973249999999985,0.004220086640105866,0.1819874999999999,0.1787249999999999,0.18299999999999983,0.17194999999999983,0.17194999999999983,1.0,1.0,1.0,0.0,0.0,0.0,0.0,0.0,0.0,0.0,0.0,0.0,0.0,1.0,0.0,0.0,0.0,0.0,0.0,0.0,1.0,0.0,0.0,1.0,0.0,0.0,1.0,0.0,0.0,1.0,0.0,0.0,0.0,0.0,0.0,0.0,0.0,0.0,0.0,0.0,0.0,0.0,0.0,0.0,1.0,1.0,0.0,0.0,0.0,0.0,0.0,0.0,0.0,0.0,0,0,0.0,0.0,0.0,0.0,0.0,0.0,0.0,0.0,0.0,0.0,0.0,1.0,0.0,0.0,0.0,0.0,0.0,-0.1458929860984484,0.0,0.0,0.0,1.0,1.7000000000000002,0,0,0,0,C1,0.0,0.0,0.17973249999999985,1.0,1.0,0.0,0.0,0.0,0.17973249999999985
phaseflip,phaseflip,0.1,2,0.0,0.0,10,qiskit_aer,1,1,0.8160000000000001,0.8160000000000001,0.0,0.0,0.0,0.0,0.0,0.0,0.1839999999999997,0.00489897948556632,0.17999999999999972,0.17999999999999972,0.1899999999999996,0.17999999999999972,0.17999999999999972,1.0,0.7,1.0,0.0,0.0,0.0,0.0,0.0,0.15384631039295435,0.00489897948556632,0.14984631039295437,0.14984631039295437,0.15984631039295427,0.14984631039295437,0.14984631039295437,1.0,1.0,0.0,0.0,0.0,0.0,0.0,0.0,0.1749538931178861,0.01695023021701166,0.17999999999999972,0.1573847327947157,0.1899999999999996,0.14984631039295437,0.14984631039295437,1.0,1.0,0.7,0.0,0.0,0.0,0.0,0.0,0.0,0.009046106882113603,0.09046106882113603,0.030153689607045342,0.030153689607045342,0.1749538931178861,0.01695023021701166,0.17999999999999972,0.1573847327947157,0.1899999999999996,0.14984631039295437,0.14984631039295437,1.0,1.0,0.7,0.0,0.0,0.0,0.0,0.0,0.0,0.009046106882113603,0.09046106882113603,0.030153689607045342,0.030153689607045342,0.1749538931178861,0.01695023021701166,0.17999999999999972,0.1573847327947157,0.1899999999999996,0.14984631039295437,0.14984631039295437,1.0,1.0,0.7,0.0,0.0,0.0,0.0,0.0,0.0,0.009046106882113603,0.09046106882113603,0.030153689607045342,0.030153689607045342,0.1749538931178861,0.01695023021701166,0.17999999999999972,0.1573847327947157,0.1899999999999996,0.14984631039295437,0.14984631039295437,1.0,1.0,0.7,0.0,0.0,0.0,0.0,0.0,0.0,0.009046106882113603,0.09046106882113603,0.030153689607045342,0.030153689607045342,1.0,0.3,0.3,0.3,0.3,0.0,0.3,0.7,0.0,0.3,0.7,0.0,0.3,0.7,0.0,0.3,0.7,0.0,0.3,0.0,0.3,0.3,0.3,0.3,0.3,0.0,0.0,0.0,0.0,0.3,0.3,1.0,1.0,1.0,0.3,1.0,1.0,1.0,1.0,1.0,1.0,3,0,0.0,0.0,0.3,0.0,0.0,0.0,0.0,0.0,0.0,0.0,0.0,1.0,0.0,0.0,0.0,0.0,0.0,-0.21599999999179842,6.498337773551511e-21,6.498337773551511e-21,0.0,0.0,0.0,0,0,0,0,C1,0.0,0.0,0.1749538931178861,0.7,1.0,0.3,0.0,0.0,0.1749538931178861
phaseflip,phaseflip,0.1,2,0.0,0.03,10,qiskit_aer,1,1,0.8160000000000001,0.4802222222222223,0.17777777777777776,0.0,0.0,0.0,0.0,0.0,0.1839999999999997,0.00489897948556632,0.17999999999999972,0.17999999999999972,0.1899999999999996,0.17999999999999972,0.17999999999999972,1.0,0.7,1.0,0.0,0.0,0.0,0.0,0.0,0.15384631039295435,0.00489897948556632,0.14984631039295437,0.14984631039295437,0.15984631039295427,0.14984631039295437,0.14984631039295437,1.0,1.0,0.0,0.0,0.0,0.0,0.0,0.0,0.1749538931178861,0.01695023021701166,0.17999999999999972,0.1573847327947157,0.1899999999999996,0.14984631039295437,0.14984631039295437,1.0,1.0,0.7,0.0,0.0,0.0,0.0,0.0,0.0,0.009046106882113603,0.09046106882113603,0.030153689607045342,0.030153689607045342,0.1749538931178861,0.01695023021701166,0.17999999999999972,0.1573847327947157,0.1899999999999996,0.14984631039295437,0.14984631039295437,1.0,1.0,0.7,0.0,0.0,0.0,0.0,0.0,0.0,0.009046106882113603,0.09046106882113603,0.030153689607045342,0.030153689607045342,0.1749538931178861,0.01695023021701166,0.17999999999999972,0.1573847327947157,0.1899999999999996,0.14984631039295437,0.14984631039295437,1.0,1.0,0.7,0.0,0.0,0.0,0.0,0.0,0.0,0.009046106882113603,0.09046106882113603,0.030153689607045342,0.030153689607045342,0.1749538931178861,0.01695023021701166,0.17999999999999972,0.1573847327947157,0.1899999999999996,0.14984631039295437,0.14984631039295437,1.0,1.0,0.7,0.0,0.0,0.0,0.0,0.0,0.0,0.009046106882113603,0.09046106882113603,0.030153689607045342,0.030153689607045342,1.0,0.3,0.3,0.3,0.3,0.0,0.3,0.7,0.0,0.3,0.7,0.0,0.3,0.7,0.0,0.3,0.7,0.0,0.3,0.0,0.3,0.3,0.3,0.3,0.3,0.0,0.0,0.0,0.0,0.3,0.3,1.0,1.0,1.0,0.3,1.0,1.0,1.0,1.0,1.0,1.0,3,0,0.0,0.0,0.3,0.0,0.0,0.0,0.0,0.0,0.0,0.0,0.0,1.0,0.0,0.0,0.0,0.0,0.0,0.11977777778685289,6.498337773551511e-21,6.498337773551511e-21,0.0,0.06,0.06,0,0,0,0,C1,0.0,0.0,0.1749538931178861,0.7,1.0,0.3,0.0,0.0,0.1749538931178861
phaseflip,phaseflip,0.1,2,0.0,0.05,10,qiskit_aer,1,1,0.8160000000000001,0.43522222222222223,0.25555555555555554,0.0,0.0,0.0,0.0,0.0,0.1839999999999997,0.00489897948556632,0.17999999999999972,0.17999999999999972,0.1899999999999996,0.17999999999999972,0.17999999999999972,1.0,0.7,1.0,0.0,0.0,0.0,0.0,0.0,0.15384631039295435,0.00489897948556632,0.14984631039295437,0.14984631039295437,0.15984631039295427,0.14984631039295437,0.14984631039295437,1.0,1.0,0.0,0.0,0.0,0.0,0.0,0.0,0.1749538931178861,0.01695023021701166,0.17999999999999972,0.1573847327947157,0.1899999999999996,0.14984631039295437,0.14984631039295437,1.0,1.0,0.7,0.0,0.0,0.0,0.0,0.0,0.0,0.009046106882113603,0.09046106882113603,0.030153689607045342,0.030153689607045342,0.1749538931178861,0.01695023021701166,0.17999999999999972,0.1573847327947157,0.1899999999999996,0.14984631039295437,0.14984631039295437,1.0,1.0,0.7,0.0,0.0,0.0,0.0,0.0,0.0,0.009046106882113603,0.09046106882113603,0.030153689607045342,0.030153689607045342,0.1749538931178861,0.01695023021701166,0.17999999999999972,0.1573847327947157,0.1899999999999996,0.14984631039295437,0.14984631039295437,1.0,1.0,0.7,0.0,0.0,0.0,0.0,0.0,0.0,0.009046106882113603,0.09046106882113603,0.030153689607045342,0.030153689607045342,0.1749538931178861,0.01695023021701166,0.17999999999999972,0.1573847327947157,0.1899999999999996,0.14984631039295437,0.14984631039295437,1.0,1.0,0.7,0.0,0.0,0.0,0.0,0.0,0.0,0.009046106882113603,0.09046106882113603,0.030153689607045342,0.030153689607045342,1.0,0.3,0.3,0.3,0.3,0.0,0.3,0.7,0.0,0.3,0.7,0.0,0.3,0.7,0.0,0.3,0.7,0.0,0.3,0.0,0.3,0.3,0.3,0.3,0.3,0.0,0.0,0.0,0.0,0.3,0.3,1.0,1.0,1.0,0.3,1.0,1.0,1.0,1.0,1.0,1.0,3,0,0.0,0.0,0.3,0.0,0.0,0.0,0.0,0.0,0.0,0.0,0.0,1.0,0.0,0.0,0.0,0.0,0.0,0.1647777777865617,6.498337773551511e-21,6.498337773551511e-21,0.0,0.1,0.1,0,0,0,0,C1,0.0,0.0,0.1749538931178861,0.7,1.0,0.3,0.0,0.0,0.1749538931178861
phaseflip,phaseflip,0.1,2,0.0,0.1,10,qiskit_aer,1,1,0.8160000000000001,0.3717777777777778,0.36666666666666664,0.0,0.0,0.0,0.0,0.0,0.1839999999999997,0.00489897948556632,0.17999999999999972,0.17999999999999972,0.1899999999999996,0.17999999999999972,0.17999999999999972,1.0,0.7,1.0,0.0,0.0,0.0,0.0,0.0,0.15384631039295435,0.00489897948556632,0.14984631039295437,0.14984631039295437,0.15984631039295427,0.14984631039295437,0.14984631039295437,1.0,1.0,0.0,0.0,0.0,0.0,0.0,0.0,0.1749538931178861,0.01695023021701166,0.17999999999999972,0.1573847327947157,0.1899999999999996,0.14984631039295437,0.14984631039295437,1.0,1.0,0.7,0.0,0.0,0.0,0.0,0.0,0.0,0.009046106882113603,0.09046106882113603,0.030153689607045342,0.030153689607045342,0.1749538931178861,0.01695023021701166,0.17999999999999972,0.1573847327947157,0.1899999999999996,0.14984631039295437,0.14984631039295437,1.0,1.0,0.7,0.0,0.0,0.0,0.0,0.0,0.0,0.009046106882113603,0.09046106882113603,0.030153689607045342,0.030153689607045342,0.1749538931178861,0.01695023021701166,0.17999999999999972,0.1573847327947157,0.1899999999999996,0.14984631039295437,0.14984631039295437,1.0,1.0,0.7,0.0,0.0,0.0,0.0,0.0,0.0,0.009046106882113603,0.09046106882113603,0.030153689607045342,0.030153689607045342,0.1749538931178861,0.01695023021701166,0.17999999999999972,0.1573847327947157,0.1899999999999996,0.14984631039295437,0.14984631039295437,1.0,1.0,0.7,0.0,0.0,0.0,0.0,0.0,0.0,0.009046106882113603,0.09046106882113603,0.030153689607045342,0.030153689607045342,1.0,0.3,0.3,0.3,0.3,0.0,0.3,0.7,0.0,0.3,0.7,0.0,0.3,0.7,0.0,0.3,0.7,0.0,0.3,0.0,0.3,0.3,0.3,0.3,0.3,0.0,0.0,0.0,0.0,0.3,0.3,1.0,1.0,1.0,0.3,1.0,1.0,1.0,1.0,1.0,1.0,3,0,0.0,0.0,0.3,0.0,0.0,0.0,0.0,0.0,0.0,0.0,0.0,1.0,0.0,0.0,0.0,0.0,0.0,0.22822222223042388,6.498337773551511e-21,6.498337773551511e-21,0.0,0.2,0.2,0,0,0,0,C1,0.0,0.0,0.1749538931178861,0.7,1.0,0.3,0.0,0.0,0.1749538931178861
phaseflip,phaseflip,0.1,2,0.25,0.0,10,qiskit_aer,1,1,0.8160000000000001,0.4803888888888889,0.24444444444444444,0.12222222222222225,0.0,0.0,0.0,0.9,0.1839999999999997,0.00489897948556632,0.17999999999999972,0.17999999999999972,0.1899999999999996,0.17999999999999972,0.17999999999999972,1.0,0.7,1.0,0.0,0.0,0.0,0.0,0.0,0.15384631039295435,0.00489897948556632,0.14984631039295437,0.14984631039295437,0.15984631039295427,0.14984631039295437,0.14984631039295437,1.0,1.0,0.0,0.0,0.0,0.0,0.0,0.0,0.1749538931178861,0.01695023021701166,0.17999999999999972,0.1573847327947157,0.1899999999999996,0.14984631039295437,0.14984631039295437,1.0,1.0,0.7,0.0,0.0,0.0,0.0,0.0,0.0,0.009046106882113603,0.09046106882113603,0.030153689607045342,0.030153689607045342,0.1749538931178861,0.01695023021701166,0.17999999999999972,0.1573847327947157,0.1899999999999996,0.14984631039295437,0.14984631039295437,1.0,1.0,0.7,0.0,0.0,0.0,0.0,0.0,0.0,0.009046106882113603,0.09046106882113603,0.030153689607045342,0.030153689607045342,0.1749538931178861,0.01695023021701166,0.17999999999999972,0.1573847327947157,0.1899999999999996,0.14984631039295437,0.14984631039295437,1.0,1.0,0.7,0.0,0.0,0.0,0.0,0.0,0.0,0.009046106882113603,0.09046106882113603,0.030153689607045342,0.030153689607045342,0.1749538931178861,0.01695023021701166,0.17999999999999972,0.1573847327947157,0.1899999999999996,0.14984631039295437,0.14984631039295437,1.0,1.0,0.7,0.0,0.0,0.0,0.0,0.0,0.0,0.009046106882113603,0.09046106882113603,0.030153689607045342,0.030153689607045342,1.0,0.3,0.3,0.3,0.3,0.0,0.3,0.7,0.0,0.3,0.7,0.0,0.3,0.7,0.0,0.3,0.7,0.0,0.3,0.0,0.3,0.3,0.3,0.3,0.3,0.0,0.0,0.0,0.0,0.3,0.3,1.0,1.0,1.0,0.3,1.0,1.0,1.0,1.0,1.0,1.0,3,0,0.0,0.0,0.3,0.0,0.0,0.0,0.0,0.0,0.0,0.0,0.0,1.0,0.0,0.0,0.0,0.0,0.0,0.11961111111931275,6.498337773551511e-21,6.498337773551511e-21,0.0,0.37222222222222223,0.37222222222222223,0,0,0,0,C1,0.0,0.0,0.1749538931178861,0.7,1.0,0.3,0.0,0.0,0.1749538931178861
phaseflip,phaseflip,0.1,2,0.25,0.03,10,qiskit_aer,1,1,0.8160000000000001,0.4146944444444445,0.34444444444444444,0.12222222222222225,0.0,0.0,0.0,0.9,0.1839999999999997,0.00489897948556632,0.17999999999999972,0.17999999999999972,0.1899999999999996,0.17999999999999972,0.17999999999999972,1.0,0.7,1.0,0.0,0.0,0.0,0.0,0.0,0.15384631039295435,0.00489897948556632,0.14984631039295437,0.14984631039295437,0.15984631039295427,0.14984631039295437,0.14984631039295437,1.0,1.0,0.0,0.0,0.0,0.0,0.0,0.0,0.1749538931178861,0.01695023021701166,0.17999999999999972,0.1573847327947157,0.1899999999999996,0.14984631039295437,0.14984631039295437,1.0,1.0,0.7,0.0,0.0,0.0,0.0,0.0,0.0,0.009046106882113603,0.09046106882113603,0.030153689607045342,0.030153689607045342,0.1749538931178861,0.01695023021701166,0.17999999999999972,0.1573847327947157,0.1899999999999996,0.14984631039295437,0.14984631039295437,1.0,1.0,0.7,0.0,0.0,0.0,0.0,0.0,0.0,0.009046106882113603,0.09046106882113603,0.030153689607045342,0.030153689607045342,0.1749538931178861,0.01695023021701166,0.17999999999999972,0.1573847327947157,0.1899999999999996,0.14984631039295437,0.14984631039295437,1.0,1.0,0.7,0.0,0.0,0.0,0.0,0.0,0.0,0.009046106882113603,0.09046106882113603,0.030153689607045342,0.030153689607045342,0.1749538931178861,0.01695023021701166,0.17999999999999972,0.1573847327947157,0.1899999999999996,0.14984631039295437,0.14984631039295437,1.0,1.0,0.7,0.0,0.0,0.0,0.0,0.0,0.0,0.009046106882113603,0.09046106882113603,0.030153689607045342,0.030153689607045342,1.0,0.3,0.3,0.3,0.3,0.0,0.3,0.7,0.0,0.3,0.7,0.0,0.3,0.7,0.0,0.3,0.7,0.0,0.3,0.0,0.3,0.3,0.3,0.3,0.3,0.0,0.0,0.0,0.0,0.3,0.3,1.0,1.0,1.0,0.3,1.0,1.0,1.0,1.0,1.0,1.0,3,0,0.0,0.0,0.3,0.0,0.0,0.0,0.0,0.0,0.0,0.0,0.0,1.0,0.0,0.0,0.0,0.0,0.0,0.18530555556463063,6.498337773551511e-21,6.498337773551511e-21,0.0,0.4322222222222223,0.4322222222222223,0,0,0,0,C1,0.0,0.0,0.1749538931178861,0.7,1.0,0.3,0.0,0.0,0.1749538931178861
phaseflip,phaseflip,0.1,2,0.25,0.05,10,qiskit_aer,1,1,0.8160000000000001,0.38547222222222227,0.39999999999999997,0.12222222222222225,0.0,0.0,0.0,0.9,0.1839999999999997,0.00489897948556632,0.17999999999999972,0.17999999999999972,0.1899999999999996,0.17999999999999972,0.17999999999999972,1.0,0.7,1.0,0.0,0.0,0.0,0.0,0.0,0.15384631039295435,0.00489897948556632,0.14984631039295437,0.14984631039295437,0.15984631039295427,0.14984631039295437,0.14984631039295437,1.0,1.0,0.0,0.0,0.0,0.0,0.0,0.0,0.1749538931178861,0.01695023021701166,0.17999999999999972,0.1573847327947157,0.1899999999999996,0.14984631039295437,0.14984631039295437,1.0,1.0,0.7,0.0,0.0,0.0,0.0,0.0,0.0,0.009046106882113603,0.09046106882113603,0.030153689607045342,0.030153689607045342,0.1749538931178861,0.01695023021701166,0.17999999999999972,0.1573847327947157,0.1899999999999996,0.14984631039295437,0.14984631039295437,1.0,1.0,0.7,0.0,0.0,0.0,0.0,0.0,0.0,0.009046106882113603,0.09046106882113603,0.030153689607045342,0.030153689607045342,0.1749538931178861,0.01695023021701166,0.17999999999999972,0.1573847327947157,0.1899999999999996,0.14984631039295437,0.14984631039295437,1.0,1.0,0.7,0.0,0.0,0.0,0.0,0.0,0.0,0.009046106882113603,0.09046106882113603,0.030153689607045342,0.030153689607045342,0.1749538931178861,0.01695023021701166,0.17999999999999972,0.1573847327947157,0.1899999999999996,0.14984631039295437,0.14984631039295437,1.0,1.0,0.7,0.0,0.0,0.0,0.0,0.0,0.0,0.009046106882113603,0.09046106882113603,0.030153689607045342,0.030153689607045342,1.0,0.3,0.3,0.3,0.3,0.0,0.3,0.7,0.0,0.3,0.7,0.0,0.3,0.7,0.0,0.3,0.7,0.0,0.3,0.0,0.3,0.3,0.3,0.3,0.3,0.0,0.0,0.0,0.0,0.3,0.3,1.0,1.0,1.0,0.3,1.0,1.0,1.0,1.0,1.0,1.0,3,0,0.0,0.0,0.3,0.0,0.0,0.0,0.0,0.0,0.0,0.0,0.0,1.0,0.0,0.0,0.0,0.0,0.0,0.2145277777865617,6.498337773551511e-21,6.498337773551511e-21,0.0,0.4722222222222222,0.4722222222222222,0,0,0,0,C1,0.0,0.0,0.1749538931178861,0.7,1.0,0.3,0.0,0.0,0.1749538931178861
phaseflip,phaseflip,0.1,2,0.25,0.1,10,qiskit_aer,1,1,0.8160000000000001,0.3219444444444445,0.4888888888888889,0.12222222222222225,0.0,0.0,0.0,0.9,0.1839999999999997,0.00489897948556632,0.17999999999999972,0.17999999999999972,0.1899999999999996,0.17999999999999972,0.17999999999999972,1.0,0.7,1.0,0.0,0.0,0.0,0.0,0.0,0.15384631039295435,0.00489897948556632,0.14984631039295437,0.14984631039295437,0.15984631039295427,0.14984631039295437,0.14984631039295437,1.0,1.0,0.0,0.0,0.0,0.0,0.0,0.0,0.1749538931178861,0.01695023021701166,0.17999999999999972,0.1573847327947157,0.1899999999999996,0.14984631039295437,0.14984631039295437,1.0,1.0,0.7,0.0,0.0,0.0,0.0,0.0,0.0,0.009046106882113603,0.09046106882113603,0.030153689607045342,0.030153689607045342,0.1749538931178861,0.01695023021701166,0.17999999999999972,0.1573847327947157,0.1899999999999996,0.14984631039295437,0.14984631039295437,1.0,1.0,0.7,0.0,0.0,0.0,0.0,0.0,0.0,0.009046106882113603,0.09046106882113603,0.030153689607045342,0.030153689607045342,0.1749538931178861,0.01695023021701166,0.17999999999999972,0.1573847327947157,0.1899999999999996,0.14984631039295437,0.14984631039295437,1.0,1.0,0.7,0.0,0.0,0.0,0.0,0.0,0.0,0.009046106882113603,0.09046106882113603,0.030153689607045342,0.030153689607045342,0.1749538931178861,0.01695023021701166,0.17999999999999972,0.1573847327947157,0.1899999999999996,0.14984631039295437,0.14984631039295437,1.0,1.0,0.7,0.0,0.0,0.0,0.0,0.0,0.0,0.009046106882113603,0.09046106882113603,0.030153689607045342,0.030153689607045342,1.0,0.3,0.3,0.3,0.3,0.0,0.3,0.7,0.0,0.3,0.7,0.0,0.3,0.7,0.0,0.3,0.7,0.0,0.3,0.0,0.3,0.3,0.3,0.3,0.3,0.0,0.0,0.0,0.0,0.3,0.3,1.0,1.0,1.0,0.3,1.0,1.0,1.0,1.0,1.0,1.0,3,0,0.0,0.0,0.3,0.0,0.0,0.0,0.0,0.0,0.0,0.0,0.0,1.0,0.0,0.0,0.0,0.0,0.0,0.2780555555640484,6.498337773551511e-21,6.498337773551511e-21,0.0,0.5722222222222222,0.5722222222222222,0,0,0,0,C1,0.0,0.0,0.1749538931178861,0.7,1.0,0.3,0.0,0.0,0.1749538931178861
phaseflip,phaseflip,0.1,2,0.5,0.0,10,qiskit_aer,1,1,0.8160000000000001,0.37375,0.4444444444444444,0.22222222222222224,0.0,0.0,0.0,1.0,0.1839999999999997,0.00489897948556632,0.17999999999999972,0.17999999999999972,0.1899999999999996,0.17999999999999972,0.17999999999999972,1.0,0.7,1.0,0.0,0.0,0.0,0.0,0.0,0.15384631039295435,0.00489897948556632,0.14984631039295437,0.14984631039295437,0.15984631039295427,0.14984631039295437,0.14984631039295437,1.0,1.0,0.0,0.0,0.0,0.0,0.0,0.0,0.1749538931178861,0.01695023021701166,0.17999999999999972,0.1573847327947157,0.1899999999999996,0.14984631039295437,0.14984631039295437,1.0,1.0,0.7,0.0,0.0,0.0,0.0,0.0,0.0,0.009046106882113603,0.09046106882113603,0.030153689607045342,0.030153689607045342,0.1749538931178861,0.01695023021701166,0.17999999999999972,0.1573847327947157,0.1899999999999996,0.14984631039295437,0.14984631039295437,1.0,1.0,0.7,0.0,0.0,0.0,0.0,0.0,0.0,0.009046106882113603,0.09046106882113603,0.030153689607045342,0.030153689607045342,0.1749538931178861,0.01695023021701166,0.17999999999999972,0.1573847327947157,0.1899999999999996,0.14984631039295437,0.14984631039295437,1.0,1.0,0.7,0.0,0.0,0.0,0.0,0.0,0.0,0.009046106882113603,0.09046106882113603,0.030153689607045342,0.030153689607045342,0.1749538931178861,0.01695023021701166,0.17999999999999972,0.1573847327947157,0.1899999999999996,0.14984631039295437,0.14984631039295437,1.0,1.0,0.7,0.0,0.0,0.0,0.0,0.0,0.0,0.009046106882113603,0.09046106882113603,0.030153689607045342,0.030153689607045342,1.0,0.3,0.3,0.3,0.3,0.0,0.3,0.7,0.0,0.3,0.7,0.0,0.3,0.7,0.0,0.3,0.7,0.0,0.3,0.0,0.3,0.3,0.3,0.3,0.3,0.0,0.0,0.0,0.0,0.3,0.3,1.0,1.0,1.0,0.3,1.0,1.0,1.0,1.0,1.0,1.0,3,0,0.0,0.0,0.3,0.0,0.0,0.0,0.0,0.0,0.0,0.0,0.0,1.0,0.0,0.0,0.0,0.0,0.0,0.22625000000878395,6.498337773551511e-21,6.498337773551511e-21,0.0,0.7222222222222222,0.7222222222222222,0,0,0,0,C1,0.0,0.0,0.1749538931178861,0.7,1.0,0.3,0.0,0.0,0.1749538931178861
phaseflip,phaseflip,0.1,2,0.5,0.03,10,qiskit_aer,1,1,0.8160000000000001,0.31480555555555556,0.5333333333333333,0.22222222222222224,0.0,0.0,0.0,1.0,0.1839999999999997,0.00489897948556632,0.17999999999999972,0.17999999999999972,0.1899999999999996,0.17999999999999972,0.17999999999999972,1.0,0.7,1.0,0.0,0.0,0.0,0.0,0.0,0.15384631039295435,0.00489897948556632,0.14984631039295437,0.14984631039295437,0.15984631039295427,0.14984631039295437,0.14984631039295437,1.0,1.0,0.0,0.0,0.0,0.0,0.0,0.0,0.1749538931178861,0.01695023021701166,0.17999999999999972,0.1573847327947157,0.1899999999999996,0.14984631039295437,0.14984631039295437,1.0,1.0,0.7,0.0,0.0,0.0,0.0,0.0,0.0,0.009046106882113603,0.09046106882113603,0.030153689607045342,0.030153689607045342,0.1749538931178861,0.01695023021701166,0.17999999999999972,0.1573847327947157,0.1899999999999996,0.14984631039295437,0.14984631039295437,1.0,1.0,0.7,0.0,0.0,0.0,0.0,0.0,0.0,0.009046106882113603,0.09046106882113603,0.030153689607045342,0.030153689607045342,0.1749538931178861,0.01695023021701166,0.17999999999999972,0.1573847327947157,0.1899999999999996,0.14984631039295437,0.14984631039295437,1.0,1.0,0.7,0.0,0.0,0.0,0.0,0.0,0.0,0.009046106882113603,0.09046106882113603,0.030153689607045342,0.030153689607045342,0.1749538931178861,0.01695023021701166,0.17999999999999972,0.1573847327947157,0.1899999999999996,0.14984631039295437,0.14984631039295437,1.0,1.0,0.7,0.0,0.0,0.0,0.0,0.0,0.0,0.009046106882113603,0.09046106882113603,0.030153689607045342,0.030153689607045342,1.0,0.3,0.3,0.3,0.3,0.0,0.3,0.7,0.0,0.3,0.7,0.0,0.3,0.7,0.0,0.3,0.7,0.0,0.3,0.0,0.3,0.3,0.3,0.3,0.3,0.0,0.0,0.0,0.0,0.3,0.3,1.0,1.0,1.0,0.3,1.0,1.0,1.0,1.0,1.0,1.0,3,0,0.0,0.0,0.3,0.0,0.0,0.0,0.0,0.0,0.0,0.0,0.0,1.0,0.0,0.0,0.0,0.0,0.0,0.28519444445351955,6.498337773551511e-21,6.498337773551511e-21,0.0,0.7822222222222223,0.7822222222222223,0,0,0,0,C1,0.0,0.0,0.1749538931178861,0.7,1.0,0.3,0.0,0.0,0.1749538931178861
phaseflip,phaseflip,0.1,2,0.5,0.05,10,qiskit_aer,1,1,0.8160000000000001,0.28558333333333336,0.5888888888888889,0.22222222222222224,0.0,0.0,0.0,1.0,0.1839999999999997,0.00489897948556632,0.17999999999999972,0.17999999999999972,0.1899999999999996,0.17999999999999972,0.17999999999999972,1.0,0.7,1.0,0.0,0.0,0.0,0.0,0.0,0.15384631039295435,0.00489897948556632,0.14984631039295437,0.14984631039295437,0.15984631039295427,0.14984631039295437,0.14984631039295437,1.0,1.0,0.0,0.0,0.0,0.0,0.0,0.0,0.1749538931178861,0.01695023021701166,0.17999999999999972,0.1573847327947157,0.1899999999999996,0.14984631039295437,0.14984631039295437,1.0,1.0,0.7,0.0,0.0,0.0,0.0,0.0,0.0,0.009046106882113603,0.09046106882113603,0.030153689607045342,0.030153689607045342,0.1749538931178861,0.01695023021701166,0.17999999999999972,0.1573847327947157,0.1899999999999996,0.14984631039295437,0.14984631039295437,1.0,1.0,0.7,0.0,0.0,0.0,0.0,0.0,0.0,0.009046106882113603,0.09046106882113603,0.030153689607045342,0.030153689607045342,0.1749538931178861,0.01695023021701166,0.17999999999999972,0.1573847327947157,0.1899999999999996,0.14984631039295437,0.14984631039295437,1.0,1.0,0.7,0.0,0.0,0.0,0.0,0.0,0.0,0.009046106882113603,0.09046106882113603,0.030153689607045342,0.030153689607045342,0.1749538931178861,0.01695023021701166,0.17999999999999972,0.1573847327947157,0.1899999999999996,0.14984631039295437,0.14984631039295437,1.0,1.0,0.7,0.0,0.0,0.0,0.0,0.0,0.0,0.009046106882113603,0.09046106882113603,0.030153689607045342,0.030153689607045342,1.0,0.3,0.3,0.3,0.3,0.0,0.3,0.7,0.0,0.3,0.7,0.0,0.3,0.7,0.0,0.3,0.7,0.0,0.3,0.0,0.3,0.3,0.3,0.3,0.3,0.0,0.0,0.0,0.0,0.3,0.3,1.0,1.0,1.0,0.3,1.0,1.0,1.0,1.0,1.0,1.0,3,0,0.0,0.0,0.3,0.0,0.0,0.0,0.0,0.0,0.0,0.0,0.0,1.0,0.0,0.0,0.0,0.0,0.0,0.3144166666751595,6.498337773551511e-21,6.498337773551511e-21,0.0,0.8222222222222223,0.8222222222222223,0,0,0,0,C1,0.0,0.0,0.1749538931178861,0.7,1.0,0.3,0.0,0.0,0.1749538931178861
phaseflip,phaseflip,0.1,2,0.5,0.1,10,qiskit_aer,1,1,0.8160000000000001,0.24255555555555558,0.6444444444444444,0.22222222222222224,0.0,0.0,0.0,1.0,0.1839999999999997,0.00489897948556632,0.17999999999999972,0.17999999999999972,0.1899999999999996,0.17999999999999972,0.17999999999999972,1.0,0.7,1.0,0.0,0.0,0.0,0.0,0.0,0.15384631039295435,0.00489897948556632,0.14984631039295437,0.14984631039295437,0.15984631039295427,0.14984631039295437,0.14984631039295437,1.0,1.0,0.0,0.0,0.0,0.0,0.0,0.0,0.1749538931178861,0.01695023021701166,0.17999999999999972,0.1573847327947157,0.1899999999999996,0.14984631039295437,0.14984631039295437,1.0,1.0,0.7,0.0,0.0,0.0,0.0,0.0,0.0,0.009046106882113603,0.09046106882113603,0.030153689607045342,0.030153689607045342,0.1749538931178861,0.01695023021701166,0.17999999999999972,0.1573847327947157,0.1899999999999996,0.14984631039295437,0.14984631039295437,1.0,1.0,0.7,0.0,0.0,0.0,0.0,0.0,0.0,0.009046106882113603,0.09046106882113603,0.030153689607045342,0.030153689607045342,0.1749538931178861,0.01695023021701166,0.17999999999999972,0.1573847327947157,0.1899999999999996,0.14984631039295437,0.14984631039295437,1.0,1.0,0.7,0.0,0.0,0.0,0.0,0.0,0.0,0.009046106882113603,0.09046106882113603,0.030153689607045342,0.030153689607045342,0.1749538931178861,0.01695023021701166,0.17999999999999972,0.1573847327947157,0.1899999999999996,0.14984631039295437,0.14984631039295437,1.0,1.0,0.7,0.0,0.0,0.0,0.0,0.0,0.0,0.009046106882113603,0.09046106882113603,0.030153689607045342,0.030153689607045342,1.0,0.3,0.3,0.3,0.3,0.0,0.3,0.7,0.0,0.3,0.7,0.0,0.3,0.7,0.0,0.3,0.7,0.0,0.3,0.0,0.3,0.3,0.3,0.3,0.3,0.0,0.0,0.0,0.0,0.3,0.3,1.0,1.0,1.0,0.3,1.0,1.0,1.0,1.0,1.0,1.0,3,0,0.0,0.0,0.3,0.0,0.0,0.0,0.0,0.0,0.0,0.0,0.0,1.0,0.0,0.0,0.0,0.0,0.0,0.3574444444535196,6.498337773551511e-21,6.498337773551511e-21,0.0,0.9222222222222222,0.9222222222222222,0,0,0,0,C1,0.0,0.0,0.1749538931178861,0.7,1.0,0.3,0.0,0.0,0.1749538931178861
phaseflip,phaseflip,0.1,2,0.75,0.0,10,qiskit_aer,1,1,0.8160000000000001,0.2739166666666667,0.7444444444444445,0.37222222222222223,0.0,0.0,0.0,1.0,0.1839999999999997,0.00489897948556632,0.17999999999999972,0.17999999999999972,0.1899999999999996,0.17999999999999972,0.17999999999999972,1.0,0.7,1.0,0.0,0.0,0.0,0.0,0.0,0.15384631039295435,0.00489897948556632,0.14984631039295437,0.14984631039295437,0.15984631039295427,0.14984631039295437,0.14984631039295437,1.0,1.0,0.0,0.0,0.0,0.0,0.0,0.0,0.1749538931178861,0.01695023021701166,0.17999999999999972,0.1573847327947157,0.1899999999999996,0.14984631039295437,0.14984631039295437,1.0,1.0,0.7,0.0,0.0,0.0,0.0,0.0,0.0,0.009046106882113603,0.09046106882113603,0.030153689607045342,0.030153689607045342,0.1749538931178861,0.01695023021701166,0.17999999999999972,0.1573847327947157,0.1899999999999996,0.14984631039295437,0.14984631039295437,1.0,1.0,0.7,0.0,0.0,0.0,0.0,0.0,0.0,0.009046106882113603,0.09046106882113603,0.030153689607045342,0.030153689607045342,0.1749538931178861,0.01695023021701166,0.17999999999999972,0.1573847327947157,0.1899999999999996,0.14984631039295437,0.14984631039295437,1.0,1.0,0.7,0.0,0.0,0.0,0.0,0.0,0.0,0.009046106882113603,0.09046106882113603,0.030153689607045342,0.030153689607045342,0.1839999999999997,0.00489897948556632,0.17999999999999972,0.17999999999999972,0.1899999999999996,0.17999999999999972,0.17999999999999972,1.0,0.7,1.0,0.0,0.0,0.0,0.0,0.0,6.498337773551511e-21,0.0,0.0,0.0,0.0,1.0,0.3,0.3,0.3,0.0,0.3,0.3,0.7,0.0,0.3,0.7,0.0,0.3,0.7,0.0,0.0,1.0,0.0,0.3,0.0,0.3,0.3,0.0,0.3,0.3,0.3,0.0,0.0,0.0,0.3,0.3,1.0,1.0,0.0,0.0,1.0,1.0,1.0,1.0,0.0,0.0,3,3,0.3,1.0,0.3,0.0,0.3,0.0,1.0,0.0,1.0,1.0,0.0,1.0,0.09046106882113603,0.0,0.09046106882113603,0.009046106882113603,0.09046106882113603,0.3260833333421173,6.498337773551511e-21,6.498337773551511e-21,0.0,1.0,1.1222222222222222,0,0,0,3,C3R,0.0,0.0,0.1839999999999997,1.0,1.0,0.0,0.0,0.0,0.1839999999999997
phaseflip,phaseflip,0.1,2,0.75,0.03,10,qiskit_aer,1,1,0.8160000000000001,0.22861111111111113,0.7888888888888889,0.37222222222222223,0.0,0.0,0.0,1.0,0.1839999999999997,0.00489897948556632,0.17999999999999972,0.17999999999999972,0.1899999999999996,0.17999999999999972,0.17999999999999972,1.0,0.7,1.0,0.0,0.0,0.0,0.0,0.0,0.15384631039295435,0.00489897948556632,0.14984631039295437,0.14984631039295437,0.15984631039295427,0.14984631039295437,0.14984631039295437,1.0,1.0,0.0,0.0,0.0,0.0,0.0,0.0,0.1749538931178861,0.01695023021701166,0.17999999999999972,0.1573847327947157,0.1899999999999996,0.14984631039295437,0.14984631039295437,1.0,1.0,0.7,0.0,0.0,0.0,0.0,0.0,0.0,0.009046106882113603,0.09046106882113603,0.030153689607045342,0.030153689607045342,0.1749538931178861,0.01695023021701166,0.17999999999999972,0.1573847327947157,0.1899999999999996,0.14984631039295437,0.14984631039295437,1.0,1.0,0.7,0.0,0.0,0.0,0.0,0.0,0.0,0.009046106882113603,0.09046106882113603,0.030153689607045342,0.030153689607045342,0.1749538931178861,0.01695023021701166,0.17999999999999972,0.1573847327947157,0.1899999999999996,0.14984631039295437,0.14984631039295437,1.0,1.0,0.7,0.0,0.0,0.0,0.0,0.0,0.0,0.009046106882113603,0.09046106882113603,0.030153689607045342,0.030153689607045342,0.1839999999999997,0.00489897948556632,0.17999999999999972,0.17999999999999972,0.1899999999999996,0.17999999999999972,0.17999999999999972,1.0,0.7,1.0,0.0,0.0,0.0,0.0,0.0,6.498337773551511e-21,0.0,0.0,0.0,0.0,1.0,0.3,0.3,0.3,0.0,0.3,0.3,0.7,0.0,0.3,0.7,0.0,0.3,0.7,0.0,0.0,1.0,0.0,0.3,0.0,0.3,0.3,0.0,0.3,0.3,0.3,0.0,0.0,0.0,0.3,0.3,1.0,1.0,0.0,0.0,1.0,1.0,1.0,1.0,0.0,0.0,3,3,0.3,1.0,0.3,0.0,0.3,0.0,1.0,0.0,1.0,1.0,0.0,1.0,0.09046106882113603,0.0,0.09046106882113603,0.009046106882113603,0.09046106882113603,0.3713888888973817,6.498337773551511e-21,6.498337773551511e-21,0.0,1.0,1.1822222222222223,0,0,0,3,C3R,0.0,0.0,0.1839999999999997,1.0,1.0,0.0,0.0,0.0,0.1839999999999997
phaseflip,phaseflip,0.1,2,0.75,0.05,10,qiskit_aer,1,1,0.8160000000000001,0.2128888888888889,0.8222222222222222,0.37222222222222223,0.0,0.0,0.0,1.0,0.1839999999999997,0.00489897948556632,0.17999999999999972,0.17999999999999972,0.1899999999999996,0.17999999999999972,0.17999999999999972,1.0,0.7,1.0,0.0,0.0,0.0,0.0,0.0,0.15384631039295435,0.00489897948556632,0.14984631039295437,0.14984631039295437,0.15984631039295427,0.14984631039295437,0.14984631039295437,1.0,1.0,0.0,0.0,0.0,0.0,0.0,0.0,0.1749538931178861,0.01695023021701166,0.17999999999999972,0.1573847327947157,0.1899999999999996,0.14984631039295437,0.14984631039295437,1.0,1.0,0.7,0.0,0.0,0.0,0.0,0.0,0.0,0.009046106882113603,0.09046106882113603,0.030153689607045342,0.030153689607045342,0.1749538931178861,0.01695023021701166,0.17999999999999972,0.1573847327947157,0.1899999999999996,0.14984631039295437,0.14984631039295437,1.0,1.0,0.7,0.0,0.0,0.0,0.0,0.0,0.0,0.009046106882113603,0.09046106882113603,0.030153689607045342,0.030153689607045342,0.1749538931178861,0.01695023021701166,0.17999999999999972,0.1573847327947157,0.1899999999999996,0.14984631039295437,0.14984631039295437,1.0,1.0,0.7,0.0,0.0,0.0,0.0,0.0,0.0,0.009046106882113603,0.09046106882113603,0.030153689607045342,0.030153689607045342,0.1839999999999997,0.00489897948556632,0.17999999999999972,0.17999999999999972,0.1899999999999996,0.17999999999999972,0.17999999999999972,1.0,0.7,1.0,0.0,0.0,0.0,0.0,0.0,6.498337773551511e-21,0.0,0.0,0.0,0.0,1.0,0.3,0.3,0.3,0.0,0.3,0.3,0.7,0.0,0.3,0.7,0.0,0.3,0.7,0.0,0.0,1.0,0.0,0.3,0.0,0.3,0.3,0.0,0.3,0.3,0.3,0.0,0.0,0.0,0.3,0.3,1.0,1.0,0.0,0.0,1.0,1.0,1.0,1.0,0.0,0.0,3,3,0.3,1.0,0.3,0.0,0.3,0.0,1.0,0.0,1.0,1.0,0.0,1.0,0.09046106882113603,0.0,0.09046106882113603,0.009046106882113603,0.09046106882113603,0.3871111111193128,6.498337773551511e-21,6.498337773551511e-21,0.0,1.0,1.2222222222222223,0,0,0,3,C3R,0.0,0.0,0.1839999999999997,1.0,1.0,0.0,0.0,0.0,0.1839999999999997
phaseflip,phaseflip,0.1,2,0.75,0.1,10,qiskit_aer,1,1,0.8160000000000001,0.18347222222222223,0.8444444444444444,0.37222222222222223,0.0,0.0,0.0,1.0,0.1839999999999997,0.00489897948556632,0.17999999999999972,0.17999999999999972,0.1899999999999996,0.17999999999999972,0.17999999999999972,1.0,0.7,1.0,0.0,0.0,0.0,0.0,0.0,0.15384631039295435,0.00489897948556632,0.14984631039295437,0.14984631039295437,0.15984631039295427,0.14984631039295437,0.14984631039295437,1.0,1.0,0.0,0.0,0.0,0.0,0.0,0.0,0.1749538931178861,0.01695023021701166,0.17999999999999972,0.1573847327947157,0.1899999999999996,0.14984631039295437,0.14984631039295437,1.0,1.0,0.7,0.0,0.0,0.0,0.0,0.0,0.0,0.009046106882113603,0.09046106882113603,0.030153689607045342,0.030153689607045342,0.1749538931178861,0.01695023021701166,0.17999999999999972,0.1573847327947157,0.1899999999999996,0.14984631039295437,0.14984631039295437,1.0,1.0,0.7,0.0,0.0,0.0,0.0,0.0,0.0,0.009046106882113603,0.09046106882113603,0.030153689607045342,0.030153689607045342,0.1749538931178861,0.01695023021701166,0.17999999999999972,0.1573847327947157,0.1899999999999996,0.14984631039295437,0.14984631039295437,1.0,1.0,0.7,0.0,0.0,0.0,0.0,0.0,0.0,0.009046106882113603,0.09046106882113603,0.030153689607045342,0.030153689607045342,0.1839999999999997,0.00489897948556632,0.17999999999999972,0.17999999999999972,0.1899999999999996,0.17999999999999972,0.17999999999999972,1.0,0.7,1.0,0.0,0.0,0.0,0.0,0.0,6.498337773551511e-21,0.0,0.0,0.0,0.0,1.0,0.3,0.3,0.3,0.0,0.3,0.3,0.7,0.0,0.3,0.7,0.0,0.3,0.7,0.0,0.0,1.0,0.0,0.3,0.0,0.3,0.3,0.0,0.3,0.3,0.3,0.0,0.0,0.0,0.3,0.3,1.0,1.0,0.0,0.0,1.0,1.0,1.0,1.0,0.0,0.0,3,3,0.3,1.0,0.3,0.0,0.3,0.0,1.0,0.0,1.0,1.0,0.0,1.0,0.09046106882113603,0.0,0.09046106882113603,0.009046106882113603,0.09046106882113603,0.41652777778656175,6.498337773551511e-21,6.498337773551511e-21,0.0,1.0,1.3222222222222222,0,0,0,3,C3R,0.0,0.0,0.1839999999999997,1.0,1.0,0.0,0.0,0.0,0.1839999999999997
phaseflip,phaseflip,0.1,2,1.0,0.0,10,qiskit_aer,1,1,0.8160000000000001,0.17222222222222222,1.0,0.5,0.0,0.0,0.0,1.0,0.1839999999999997,0.00489897948556632,0.17999999999999972,0.17999999999999972,0.1899999999999996,0.17999999999999972,0.17999999999999972,1.0,0.7,1.0,0.0,0.0,0.0,0.0,0.0,0.15384631039295435,0.00489897948556632,0.14984631039295437,0.14984631039295437,0.15984631039295427,0.14984631039295437,0.14984631039295437,1.0,1.0,0.0,0.0,0.0,0.0,0.0,0.0,0.1749538931178861,0.01695023021701166,0.17999999999999972,0.1573847327947157,0.1899999999999996,0.14984631039295437,0.14984631039295437,1.0,1.0,0.7,0.0,0.0,0.0,0.0,0.0,0.0,0.009046106882113603,0.09046106882113603,0.030153689607045342,0.030153689607045342,0.1749538931178861,0.01695023021701166,0.17999999999999972,0.1573847327947157,0.1899999999999996,0.14984631039295437,0.14984631039295437,1.0,1.0,0.7,0.0,0.0,0.0,0.0,0.0,0.0,0.009046106882113603,0.09046106882113603,0.030153689607045342,0.030153689607045342,0.1749538931178861,0.01695023021701166,0.17999999999999972,0.1573847327947157,0.1899999999999996,0.14984631039295437,0.14984631039295437,1.0,1.0,0.7,0.0,0.0,0.0,0.0,0.0,0.0,0.009046106882113603,0.09046106882113603,0.030153689607045342,0.030153689607045342,0.1839999999999997,0.00489897948556632,0.17999999999999972,0.17999999999999972,0.1899999999999996,0.17999999999999972,0.17999999999999972,1.0,0.7,1.0,0.0,0.0,0.0,0.0,0.0,6.498337773551511e-21,0.0,0.0,0.0,0.0,1.0,0.3,0.3,0.3,0.0,0.3,0.3,0.7,0.0,0.3,0.7,0.0,0.3,0.7,0.0,0.0,1.0,0.0,0.3,0.0,0.3,0.3,0.0,0.3,0.3,0.3,0.0,0.0,0.0,0.3,0.3,1.0,1.0,0.0,0.0,1.0,1.0,1.0,1.0,0.0,0.0,3,3,0.3,1.0,0.3,0.0,0.3,0.0,1.0,0.0,1.0,1.0,0.0,1.0,0.09046106882113603,0.0,0.09046106882113603,0.009046106882113603,0.09046106882113603,0.4277777777868529,6.498337773551511e-21,6.498337773551511e-21,0.0,1.0,1.5,0,0,0,3,C3R,0.0,0.0,0.1839999999999997,1.0,1.0,0.0,0.0,0.0,0.1839999999999997
phaseflip,phaseflip,0.1,2,1.0,0.03,10,qiskit_aer,1,1,0.8160000000000001,0.1495277777777778,1.0,0.5,0.0,0.0,0.0,1.0,0.1839999999999997,0.00489897948556632,0.17999999999999972,0.17999999999999972,0.1899999999999996,0.17999999999999972,0.17999999999999972,1.0,0.7,1.0,0.0,0.0,0.0,0.0,0.0,0.15384631039295435,0.00489897948556632,0.14984631039295437,0.14984631039295437,0.15984631039295427,0.14984631039295437,0.14984631039295437,1.0,1.0,0.0,0.0,0.0,0.0,0.0,0.0,0.1749538931178861,0.01695023021701166,0.17999999999999972,0.1573847327947157,0.1899999999999996,0.14984631039295437,0.14984631039295437,1.0,1.0,0.7,0.0,0.0,0.0,0.0,0.0,0.0,0.009046106882113603,0.09046106882113603,0.030153689607045342,0.030153689607045342,0.1749538931178861,0.01695023021701166,0.17999999999999972,0.1573847327947157,0.1899999999999996,0.14984631039295437,0.14984631039295437,1.0,1.0,0.7,0.0,0.0,0.0,0.0,0.0,0.0,0.009046106882113603,0.09046106882113603,0.030153689607045342,0.030153689607045342,0.1749538931178861,0.01695023021701166,0.17999999999999972,0.1573847327947157,0.1899999999999996,0.14984631039295437,0.14984631039295437,1.0,1.0,0.7,0.0,0.0,0.0,0.0,0.0,0.0,0.009046106882113603,0.09046106882113603,0.030153689607045342,0.030153689607045342,0.1839999999999997,0.00489897948556632,0.17999999999999972,0.17999999999999972,0.1899999999999996,0.17999999999999972,0.17999999999999972,1.0,0.7,1.0,0.0,0.0,0.0,0.0,0.0,6.498337773551511e-21,0.0,0.0,0.0,0.0,1.0,0.3,0.3,0.3,0.0,0.3,0.3,0.7,0.0,0.3,0.7,0.0,0.3,0.7,0.0,0.0,1.0,0.0,0.3,0.0,0.3,0.3,0.0,0.3,0.3,0.3,0.0,0.0,0.0,0.3,0.3,1.0,1.0,0.0,0.0,1.0,1.0,1.0,1.0,0.0,0.0,3,3,0.3,1.0,0.3,0.0,0.3,0.0,1.0,0.0,1.0,1.0,0.0,1.0,0.09046106882113603,0.0,0.09046106882113603,0.009046106882113603,0.09046106882113603,0.4504722222307151,6.498337773551511e-21,6.498337773551511e-21,0.0,1.0,1.56,0,0,0,3,C3R,0.0,0.0,0.1839999999999997,1.0,1.0,0.0,0.0,0.0,0.1839999999999997
phaseflip,phaseflip,0.1,2,1.0,0.05,10,qiskit_aer,1,1,0.8160000000000001,0.136,1.0,0.5,0.0,0.0,0.0,1.0,0.1839999999999997,0.00489897948556632,0.17999999999999972,0.17999999999999972,0.1899999999999996,0.17999999999999972,0.17999999999999972,1.0,0.7,1.0,0.0,0.0,0.0,0.0,0.0,0.15384631039295435,0.00489897948556632,0.14984631039295437,0.14984631039295437,0.15984631039295427,0.14984631039295437,0.14984631039295437,1.0,1.0,0.0,0.0,0.0,0.0,0.0,0.0,0.1749538931178861,0.01695023021701166,0.17999999999999972,0.1573847327947157,0.1899999999999996,0.14984631039295437,0.14984631039295437,1.0,1.0,0.7,0.0,0.0,0.0,0.0,0.0,0.0,0.009046106882113603,0.09046106882113603,0.030153689607045342,0.030153689607045342,0.1749538931178861,0.01695023021701166,0.17999999999999972,0.1573847327947157,0.1899999999999996,0.14984631039295437,0.14984631039295437,1.0,1.0,0.7,0.0,0.0,0.0,0.0,0.0,0.0,0.009046106882113603,0.09046106882113603,0.030153689607045342,0.030153689607045342,0.1749538931178861,0.01695023021701166,0.17999999999999972,0.1573847327947157,0.1899999999999996,0.14984631039295437,0.14984631039295437,1.0,1.0,0.7,0.0,0.0,0.0,0.0,0.0,0.0,0.009046106882113603,0.09046106882113603,0.030153689607045342,0.030153689607045342,0.1839999999999997,0.00489897948556632,0.17999999999999972,0.17999999999999972,0.1899999999999996,0.17999999999999972,0.17999999999999972,1.0,0.7,1.0,0.0,0.0,0.0,0.0,0.0,6.498337773551511e-21,0.0,0.0,0.0,0.0,1.0,0.3,0.3,0.3,0.0,0.3,0.3,0.7,0.0,0.3,0.7,0.0,0.3,0.7,0.0,0.0,1.0,0.0,0.3,0.0,0.3,0.3,0.0,0.3,0.3,0.3,0.0,0.0,0.0,0.3,0.3,1.0,1.0,0.0,0.0,1.0,1.0,1.0,1.0,0.0,0.0,3,3,0.3,1.0,0.3,0.0,0.3,0.0,1.0,0.0,1.0,1.0,0.0,1.0,0.09046106882113603,0.0,0.09046106882113603,0.009046106882113603,0.09046106882113603,0.464000000008784,6.498337773551511e-21,6.498337773551511e-21,0.0,1.0,1.6,0,0,0,3,C3R,0.0,0.0,0.1839999999999997,1.0,1.0,0.0,0.0,0.0,0.1839999999999997
phaseflip,phaseflip,0.1,2,1.0,0.1,10,qiskit_aer,1,1,0.8160000000000001,0.12016666666666667,1.0,0.5,0.0,0.0,0.0,1.0,0.1839999999999997,0.00489897948556632,0.17999999999999972,0.17999999999999972,0.1899999999999996,0.17999999999999972,0.17999999999999972,1.0,0.7,1.0,0.0,0.0,0.0,0.0,0.0,0.15384631039295435,0.00489897948556632,0.14984631039295437,0.14984631039295437,0.15984631039295427,0.14984631039295437,0.14984631039295437,1.0,1.0,0.0,0.0,0.0,0.0,0.0,0.0,0.1749538931178861,0.01695023021701166,0.17999999999999972,0.1573847327947157,0.1899999999999996,0.14984631039295437,0.14984631039295437,1.0,1.0,0.7,0.0,0.0,0.0,0.0,0.0,0.0,0.009046106882113603,0.09046106882113603,0.030153689607045342,0.030153689607045342,0.1749538931178861,0.01695023021701166,0.17999999999999972,0.1573847327947157,0.1899999999999996,0.14984631039295437,0.14984631039295437,1.0,1.0,0.7,0.0,0.0,0.0,0.0,0.0,0.0,0.009046106882113603,0.09046106882113603,0.030153689607045342,0.030153689607045342,0.1749538931178861,0.01695023021701166,0.17999999999999972,0.1573847327947157,0.1899999999999996,0.14984631039295437,0.14984631039295437,1.0,1.0,0.7,0.0,0.0,0.0,0.0,0.0,0.0,0.009046106882113603,0.09046106882113603,0.030153689607045342,0.030153689607045342,0.1839999999999997,0.00489897948556632,0.17999999999999972,0.17999999999999972,0.1899999999999996,0.17999999999999972,0.17999999999999972,1.0,0.7,1.0,0.0,0.0,0.0,0.0,0.0,6.498337773551511e-21,0.0,0.0,0.0,0.0,1.0,0.3,0.3,0.3,0.0,0.3,0.3,0.7,0.0,0.3,0.7,0.0,0.3,0.7,0.0,0.0,1.0,0.0,0.3,0.0,0.3,0.3,0.0,0.3,0.3,0.3,0.0,0.0,0.0,0.3,0.3,1.0,1.0,0.0,0.0,1.0,1.0,1.0,1.0,0.0,0.0,3,3,0.3,1.0,0.3,0.0,0.3,0.0,1.0,0.0,1.0,1.0,0.0,1.0,0.09046106882113603,0.0,0.09046106882113603,0.009046106882113603,0.09046106882113603,0.47983333334182615,6.498337773551511e-21,6.498337773551511e-21,0.0,1.0,1.7000000000000002,0,0,0,3,C3R,0.0,0.0,0.1839999999999997,1.0,1.0,0.0,0.0,0.0,0.1839999999999997
phaseflip,phaseflip,0.1,4,0.0,0.0,10,qiskit_aer,1,1,0.6772800000000001,0.6772800000000001,0.0,0.0,0.0,0.0,0.0,0.0,0.3227199999999998,0.01481275126369163,0.33079999999999976,0.3195999999999999,0.33399999999999974,0.2951999999999999,0.2951999999999999,1.0,0.7,1.0,0.0,0.0,0.0,0.0,0.0,0.29256631039295444,0.01481275126369163,0.3006463103929544,0.28944631039295454,0.3038463103929544,0.26504631039295456,0.26504631039295456,1.0,1.0,0.0,0.0,0.0,0.0,0.0,0.0,0.3136738931178862,0.02669945436690913,0.3267999999999998,0.3029847327947158,0.33399999999999974,0.26504631039295456,0.26504631039295456,1.0,1.0,0.7,0.0,0.0,0.0,0.0,0.0,0.0,0.009046106882113603,0.09046106882113603,0.030153689607045342,0.030153689607045342,0.3136738931178862,0.02669945436690913,0.3267999999999998,0.3029847327947158,0.33399999999999974,0.26504631039295456,0.26504631039295456,1.0,1.0,0.7,0.0,0.0,0.0,0.0,0.0,0.0,0.009046106882113603,0.09046106882113603,0.030153689607045342,0.030153689607045342,0.3136738931178862,0.02669945436690913,0.3267999999999998,0.3029847327947158,0.33399999999999974,0.26504631039295456,0.26504631039295456,1.0,1.0,0.7,0.0,0.0,0.0,0.0,0.0,0.0,0.009046106882113603,0.09046106882113603,0.030153689607045342,0.030153689607045342,0.3136738931178862,0.02669945436690913,0.3267999999999998,0.3029847327947158,0.33399999999999974,0.26504631039295456,0.26504631039295456,1.0,1.0,0.7,0.0,0.0,0.0,0.0,0.0,0.0,0.009046106882113603,0.09046106882113603,0.030153689607045342,0.030153689607045342,1.0,0.3,0.3,0.3,0.3,0.0,0.3,0.7,0.0,0.3,0.7,0.0,0.3,0.7,0.0,0.3,0.7,0.0,0.3,0.0,0.3,0.3,0.3,0.3,0.3,0.0,0.0,0.0,0.0,0.3,0.3,1.0,1.0,1.0,0.3,1.0,1.0,1.0,1.0,1.0,1.0,3,0,0.0,0.0,0.3,0.0,0.0,0.0,0.0,0.0,0.0,0.0,0.0,1.0,0.0,0.0,0.0,0.0,0.0,-0.07727999999937532,6.498337773551511e-21,6.498337773551511e-21,0.0,0.0,0.0,0,0,0,0,C1,0.0,0.0,0.3136738931178862,0.7,1.0,0.3,0.0,0.0,0.3136738931178862
phaseflip,phaseflip,0.1,4,0.0,0.03,10,qiskit_aer,1,1,0.6772800000000001,0.4435288888888889,0.09999999999999999,0.0,0.0,0.0,0.0,0.0,0.3227199999999998,0.01481275126369163,0.33079999999999976,0.3195999999999999,0.33399999999999974,0.2951999999999999,0.2951999999999999,1.0,0.8,1.0,0.0,0.0,0.0,0.0,0.0,0.29256631039295444,0.01481275126369163,0.3006463103929544,0.28944631039295454,0.3038463103929544,0.26504631039295456,0.26504631039295456,1.0,1.0,0.0,0.0,0.0,0.0,0.0,0.0,0.3166892620785907,0.02639751152478653,0.33079999999999976,0.3195999999999999,0.33399999999999974,0.26504631039295456,0.26504631039295456,1.0,1.0,0.8,0.0,0.0,0.0,0.0,0.0,0.0,0.006030737921409068,0.060307379214090684,0.030153689607045342,0.030153689607045342,0.3166892620785907,0.02639751152478653,0.33079999999999976,0.3195999999999999,0.33399999999999974,0.26504631039295456,0.26504631039295456,1.0,1.0,0.8,0.0,0.0,0.0,0.0,0.0,0.0,0.006030737921409068,0.060307379214090684,0.030153689607045342,0.030153689607045342,0.3166892620785907,0.02639751152478653,0.33079999999999976,0.3195999999999999,0.33399999999999974,0.26504631039295456,0.26504631039295456,1.0,1.0,0.8,0.0,0.0,0.0,0.0,0.0,0.0,0.006030737921409068,0.060307379214090684,0.030153689607045342,0.030153689607045342,0.3166892620785907,0.02639751152478653,0.33079999999999976,0.3195999999999999,0.33399999999999974,0.26504631039295456,0.26504631039295456,1.0,1.0,0.8,0.0,0.0,0.0,0.0,0.0,0.0,0.006030737921409068,0.060307379214090684,0.030153689607045342,0.030153689607045342,1.0,0.2,0.2,0.2,0.2,0.0,0.2,0.8,0.0,0.2,0.8,0.0,0.2,0.8,0.0,0.2,0.8,0.0,0.2,0.0,0.2,0.2,0.2,0.2,0.2,0.0,0.0,0.0,0.0,0.2,0.2,1.0,1.0,1.0,0.2,1.0,1.0,1.0,1.0,1.0,1.0,2,0,0.0,0.0,0.2,0.0,0.0,0.0,0.0,0.0,0.0,0.0,0.0,1.0,0.0,0.0,0.0,0.0,0.0,-0.04352888888807409,4.332225182367674e-21,4.332225182367674e-21,0.0,0.06,0.06,0,0,0,0,C1,0.0,0.0,0.3166892620785907,0.8,1.0,0.2,0.0,0.0,0.3166892620785907
phaseflip,phaseflip,0.1,4,0.0,0.05,10,qiskit_aer,1,1,0.6772800000000001,0.43631111111111115,0.18888888888888888,0.0,0.0,0.0,0.0,0.0,0.3227199999999998,0.01481275126369163,0.33079999999999976,0.3195999999999999,0.33399999999999974,0.2951999999999999,0.2951999999999999,1.0,0.8,1.0,0.0,0.0,0.0,0.0,0.0,0.29256631039295444,0.01481275126369163,0.3006463103929544,0.28944631039295454,0.3038463103929544,0.26504631039295456,0.26504631039295456,1.0,1.0,0.0,0.0,0.0,0.0,0.0,0.0,0.3166892620785907,0.02639751152478653,0.33079999999999976,0.3195999999999999,0.33399999999999974,0.26504631039295456,0.26504631039295456,1.0,1.0,0.8,0.0,0.0,0.0,0.0,0.0,0.0,0.006030737921409068,0.060307379214090684,0.030153689607045342,0.030153689607045342,0.3166892620785907,0.02639751152478653,0.33079999999999976,0.3195999999999999,0.33399999999999974,0.26504631039295456,0.26504631039295456,1.0,1.0,0.8,0.0,0.0,0.0,0.0,0.0,0.0,0.006030737921409068,0.060307379214090684,0.030153689607045342,0.030153689607045342,0.3166892620785907,0.02639751152478653,0.33079999999999976,0.3195999999999999,0.33399999999999974,0.26504631039295456,0.26504631039295456,1.0,1.0,0.8,0.0,0.0,0.0,0.0,0.0,0.0,0.006030737921409068,0.060307379214090684,0.030153689607045342,0.030153689607045342,0.3166892620785907,0.02639751152478653,0.33079999999999976,0.3195999999999999,0.33399999999999974,0.26504631039295456,0.26504631039295456,1.0,1.0,0.8,0.0,0.0,0.0,0.0,0.0,0.0,0.006030737921409068,0.060307379214090684,0.030153689607045342,0.030153689607045342,1.0,0.2,0.2,0.2,0.2,0.0,0.2,0.8,0.0,0.2,0.8,0.0,0.2,0.8,0.0,0.2,0.8,0.0,0.2,0.0,0.2,0.2,0.2,0.2,0.2,0.0,0.0,0.0,0.0,0.2,0.2,1.0,1.0,1.0,0.2,1.0,1.0,1.0,1.0,1.0,1.0,2,0,0.0,0.0,0.2,0.0,0.0,0.0,0.0,0.0,0.0,0.0,0.0,1.0,0.0,0.0,0.0,0.0,0.0,-0.03631111111033532,4.332225182367674e-21,4.332225182367674e-21,0.0,0.1,0.1,0,0,0,0,C1,0.0,0.0,0.3166892620785907,0.8,1.0,0.2,0.0,0.0,0.3166892620785907
phaseflip,phaseflip,0.1,4,0.0,0.1,10,qiskit_aer,1,1,0.6772800000000001,0.3544488888888889,0.3333333333333333,0.0,0.0,0.0,0.0,0.0,0.3227199999999998,0.01481275126369163,0.33079999999999976,0.3195999999999999,0.33399999999999974,0.2951999999999999,0.2951999999999999,1.0,0.7,1.0,0.0,0.0,0.0,0.0,0.0,0.29256631039295444,0.01481275126369163,0.3006463103929544,0.28944631039295454,0.3038463103929544,0.26504631039295456,0.26504631039295456,1.0,1.0,0.0,0.0,0.0,0.0,0.0,0.0,0.3136738931178862,0.02669945436690913,0.3267999999999998,0.3029847327947158,0.33399999999999974,0.26504631039295456,0.26504631039295456,1.0,1.0,0.7,0.0,0.0,0.0,0.0,0.0,0.0,0.009046106882113603,0.09046106882113603,0.030153689607045342,0.030153689607045342,0.3136738931178862,0.02669945436690913,0.3267999999999998,0.3029847327947158,0.33399999999999974,0.26504631039295456,0.26504631039295456,1.0,1.0,0.7,0.0,0.0,0.0,0.0,0.0,0.0,0.009046106882113603,0.09046106882113603,0.030153689607045342,0.030153689607045342,0.3136738931178862,0.02669945436690913,0.3267999999999998,0.3029847327947158,0.33399999999999974,0.26504631039295456,0.26504631039295456,1.0,1.0,0.7,0.0,0.0,0.0,0.0,0.0,0.0,0.009046106882113603,0.09046106882113603,0.030153689607045342,0.030153689607045342,0.3136738931178862,0.02669945436690913,0.3267999999999998,0.3029847327947158,0.33399999999999974,0.26504631039295456,0.26504631039295456,1.0,1.0,0.7,0.0,0.0,0.0,0.0,0.0,0.0,0.009046106882113603,0.09046106882113603,0.030153689607045342,0.030153689607045342,1.0,0.3,0.3,0.3,0.3,0.0,0.3,0.7,0.0,0.3,0.7,0.0,0.3,0.7,0.0,0.3,0.7,0.0,0.3,0.0,0.3,0.3,0.3,0.3,0.3,0.0,0.0,0.0,0.0,0.3,0.3,1.0,1.0,1.0,0.3,1.0,1.0,1.0,1.0,1.0,1.0,3,0,0.0,0.0,0.3,0.0,0.0,0.0,0.0,0.0,0.0,0.0,0.0,1.0,0.0,0.0,0.0,0.0,0.0,0.24555111111180955,5.26574260914368e-21,5.26574260914368e-21,0.0,0.2,0.2,0,0,0,0,C1,0.0,0.0,0.3136738931178862,0.7,1.0,0.3,0.0,0.0,0.3136738931178862
phaseflip,phaseflip,0.1,4,0.25,0.0,10,qiskit_aer,1,1,0.6772800000000001,0.35242333333333337,0.2222222222222222,0.11111111111111113,0.0,0.0,0.0,0.9,0.3227199999999998,0.01481275126369163,0.33079999999999976,0.3195999999999999,0.33399999999999974,0.2951999999999999,0.2951999999999999,1.0,0.7,1.0,0.0,0.0,0.0,0.0,0.0,0.29256631039295444,0.01481275126369163,0.3006463103929544,0.28944631039295454,0.3038463103929544,0.26504631039295456,0.26504631039295456,1.0,1.0,0.0,0.0,0.0,0.0,0.0,0.0,0.3136738931178862,0.02669945436690913,0.3267999999999998,0.3029847327947158,0.33399999999999974,0.26504631039295456,0.26504631039295456,1.0,1.0,0.7,0.0,0.0,0.0,0.0,0.0,0.0,0.009046106882113603,0.09046106882113603,0.030153689607045342,0.030153689607045342,0.3136738931178862,0.02669945436690913,0.3267999999999998,0.3029847327947158,0.33399999999999974,0.26504631039295456,0.26504631039295456,1.0,1.0,0.7,0.0,0.0,0.0,0.0,0.0,0.0,0.009046106882113603,0.09046106882113603,0.030153689607045342,0.030153689607045342,0.3136738931178862,0.02669945436690913,0.3267999999999998,0.3029847327947158,0.33399999999999974,0.26504631039295456,0.26504631039295456,1.0,1.0,0.7,0.0,0.0,0.0,0.0,0.0,0.0,0.009046106882113603,0.09046106882113603,0.030153689607045342,0.030153689607045342,0.3136738931178862,0.02669945436690913,0.3267999999999998,0.3029847327947158,0.33399999999999974,0.26504631039295456,0.26504631039295456,1.0,1.0,0.7,0.0,0.0,0.0,0.0,0.0,0.0,0.009046106882113603,0.09046106882113603,0.030153689607045342,0.030153689607045342,1.0,0.3,0.3,0.3,0.3,0.0,0.3,0.7,0.0,0.3,0.7,0.0,0.3,0.7,0.0,0.3,0.7,0.0,0.3,0.0,0.3,0.3,0.3,0.3,0.3,0.0,0.0,0.0,0.0,0.3,0.3,1.0,1.0,1.0,0.3,1.0,1.0,1.0,1.0,1.0,1.0,3,0,0.0,0.0,0.3,0.0,0.0,0.0,0.0,0.0,0.0,0.0,0.0,1.0,0.0,0.0,0.0,0.0,0.0,0.24757666666732794,5.26574260914368e-21,5.26574260914368e-21,0.0,0.36111111111111116,0.36111111111111116,0,0,0,0,C1,0.0,0.0,0.3136738931178862,0.7,1.0,0.3,0.0,0.0,0.3136738931178862
phaseflip,phaseflip,0.1,4,0.25,0.03,10,qiskit_aer,1,1,0.6772800000000001,0.36311000000000004,0.3,0.11111111111111113,0.0,0.0,0.0,0.9,0.3227199999999998,0.01481275126369163,0.33079999999999976,0.3195999999999999,0.33399999999999974,0.2951999999999999,0.2951999999999999,1.0,0.7,1.0,0.0,0.0,0.0,0.0,0.0,0.29256631039295444,0.01481275126369163,0.3006463103929544,0.28944631039295454,0.3038463103929544,0.26504631039295456,0.26504631039295456,1.0,1.0,0.0,0.0,0.0,0.0,0.0,0.0,0.3136738931178862,0.02669945436690913,0.3267999999999998,0.3029847327947158,0.33399999999999974,0.26504631039295456,0.26504631039295456,1.0,1.0,0.7,0.0,0.0,0.0,0.0,0.0,0.0,0.009046106882113603,0.09046106882113603,0.030153689607045342,0.030153689607045342,0.3136738931178862,0.02669945436690913,0.3267999999999998,0.3029847327947158,0.33399999999999974,0.26504631039295456,0.26504631039295456,1.0,1.0,0.7,0.0,0.0,0.0,0.0,0.0,0.0,0.009046106882113603,0.09046106882113603,0.030153689607045342,0.030153689607045342,0.3136738931178862,0.02669945436690913,0.3267999999999998,0.3029847327947158,0.33399999999999974,0.26504631039295456,0.26504631039295456,1.0,1.0,0.7,0.0,0.0,0.0,0.0,0.0,0.0,0.009046106882113603,0.09046106882113603,0.030153689607045342,0.030153689607045342,0.3136738931178862,0.02669945436690913,0.3267999999999998,0.3029847327947158,0.33399999999999974,0.26504631039295456,0.26504631039295456,1.0,1.0,0.7,0.0,0.0,0.0,0.0,0.0,0.0,0.009046106882113603,0.09046106882113603,0.030153689607045342,0.030153689607045342,1.0,0.3,0.3,0.3,0.3,0.0,0.3,0.7,0.0,0.3,0.7,0.0,0.3,0.7,0.0,0.3,0.7,0.0,0.3,0.0,0.3,0.3,0.3,0.3,0.3,0.0,0.0,0.0,0.0,0.3,0.3,1.0,1.0,1.0,0.3,1.0,1.0,1.0,1.0,1.0,1.0,3,0,0.0,0.0,0.3,0.0,0.0,0.0,0.0,0.0,0.0,0.0,0.0,1.0,0.0,0.0,0.0,0.0,0.0,0.23689000000069835,5.26574260914368e-21,5.26574260914368e-21,0.0,0.4211111111111112,0.4211111111111112,0,0,0,0,C1,0.0,0.0,0.3136738931178862,0.7,1.0,0.3,0.0,0.0,0.3136738931178862
phaseflip,phaseflip,0.1,4,0.25,0.05,10,qiskit_aer,1,1,0.6772800000000001,0.3634,0.36666666666666664,0.11111111111111113,0.0,0.0,0.0,0.9,0.3227199999999998,0.01481275126369163,0.33079999999999976,0.3195999999999999,0.33399999999999974,0.2951999999999999,0.2951999999999999,1.0,0.7,1.0,0.0,0.0,0.0,0.0,0.0,0.29256631039295444,0.01481275126369163,0.3006463103929544,0.28944631039295454,0.3038463103929544,0.26504631039295456,0.26504631039295456,1.0,1.0,0.0,0.0,0.0,0.0,0.0,0.0,0.3136738931178862,0.02669945436690913,0.3267999999999998,0.3029847327947158,0.33399999999999974,0.26504631039295456,0.26504631039295456,1.0,1.0,0.7,0.0,0.0,0.0,0.0,0.0,0.0,0.009046106882113603,0.09046106882113603,0.030153689607045342,0.030153689607045342,0.3136738931178862,0.02669945436690913,0.3267999999999998,0.3029847327947158,0.33399999999999974,0.26504631039295456,0.26504631039295456,1.0,1.0,0.7,0.0,0.0,0.0,0.0,0.0,0.0,0.009046106882113603,0.09046106882113603,0.030153689607045342,0.030153689607045342,0.3136738931178862,0.02669945436690913,0.3267999999999998,0.3029847327947158,0.33399999999999974,0.26504631039295456,0.26504631039295456,1.0,1.0,0.7,0.0,0.0,0.0,0.0,0.0,0.0,0.009046106882113603,0.09046106882113603,0.030153689607045342,0.030153689607045342,0.3136738931178862,0.02669945436690913,0.3267999999999998,0.3029847327947158,0.33399999999999974,0.26504631039295456,0.26504631039295456,1.0,1.0,0.7,0.0,0.0,0.0,0.0,0.0,0.0,0.009046106882113603,0.09046106882113603,0.030153689607045342,0.030153689607045342,1.0,0.3,0.3,0.3,0.3,0.0,0.3,0.7,0.0,0.3,0.7,0.0,0.3,0.7,0.0,0.3,0.7,0.0,0.3,0.0,0.3,0.3,0.3,0.3,0.3,0.0,0.0,0.0,0.0,0.3,0.3,1.0,1.0,1.0,0.3,1.0,1.0,1.0,1.0,1.0,1.0,3,0,0.0,0.0,0.3,0.0,0.0,0.0,0.0,0.0,0.0,0.0,0.0,1.0,0.0,0.0,0.0,0.0,0.0,0.23660000000069842,5.26574260914368e-21,5.26574260914368e-21,0.0,0.46111111111111114,0.46111111111111114,0,0,0,0,C1,0.0,0.0,0.3136738931178862,0.7,1.0,0.3,0.0,0.0,0.3136738931178862
phaseflip,phaseflip,0.1,4,0.25,0.1,10,qiskit_aer,1,1,0.6772800000000001,0.2833877777777778,0.5111111111111111,0.11111111111111113,0.0,0.0,0.0,0.9,0.3227199999999998,0.01481275126369163,0.33079999999999976,0.3195999999999999,0.33399999999999974,0.2951999999999999,0.2951999999999999,1.0,0.7,1.0,0.0,0.0,0.0,0.0,0.0,0.29256631039295444,0.01481275126369163,0.3006463103929544,0.28944631039295454,0.3038463103929544,0.26504631039295456,0.26504631039295456,1.0,1.0,0.0,0.0,0.0,0.0,0.0,0.0,0.3136738931178862,0.02669945436690913,0.3267999999999998,0.3029847327947158,0.33399999999999974,0.26504631039295456,0.26504631039295456,1.0,1.0,0.7,0.0,0.0,0.0,0.0,0.0,0.0,0.009046106882113603,0.09046106882113603,0.030153689607045342,0.030153689607045342,0.3136738931178862,0.02669945436690913,0.3267999999999998,0.3029847327947158,0.33399999999999974,0.26504631039295456,0.26504631039295456,1.0,1.0,0.7,0.0,0.0,0.0,0.0,0.0,0.0,0.009046106882113603,0.09046106882113603,0.030153689607045342,0.030153689607045342,0.3136738931178862,0.02669945436690913,0.3267999999999998,0.3029847327947158,0.33399999999999974,0.26504631039295456,0.26504631039295456,1.0,1.0,0.7,0.0,0.0,0.0,0.0,0.0,0.0,0.009046106882113603,0.09046106882113603,0.030153689607045342,0.030153689607045342,0.3136738931178862,0.02669945436690913,0.3267999999999998,0.3029847327947158,0.33399999999999974,0.26504631039295456,0.26504631039295456,1.0,1.0,0.7,0.0,0.0,0.0,0.0,0.0,0.0,0.009046106882113603,0.09046106882113603,0.030153689607045342,0.030153689607045342,1.0,0.3,0.3,0.3,0.3,0.0,0.3,0.7,0.0,0.3,0.7,0.0,0.3,0.7,0.0,0.3,0.7,0.0,0.3,0.0,0.3,0.3,0.3,0.3,0.3,0.0,0.0,0.0,0.0,0.3,0.3,1.0,1.0,1.0,0.3,1.0,1.0,1.0,1.0,1.0,1.0,3,0,0.0,0.0,0.3,0.0,0.0,0.0,0.0,0.0,0.0,0.0,0.0,1.0,0.0,0.0,0.0,0.0,0.0,0.3166122222228821,6.498337773551511e-21,6.498337773551511e-21,0.0,0.5611111111111111,0.5611111111111111,0,0,0,0,C1,0.0,0.0,0.3136738931178862,0.7,1.0,0.3,0.0,0.0,0.3136738931178862
phaseflip,phaseflip,0.1,4,0.5,0.0,10,qiskit_aer,1,1,0.6772800000000001,0.31295333333333336,0.43333333333333335,0.21666666666666667,0.0,0.0,0.0,1.0,0.3227199999999998,0.01481275126369163,0.33079999999999976,0.3195999999999999,0.33399999999999974,0.2951999999999999,0.2951999999999999,1.0,0.7,1.0,0.0,0.0,0.0,0.0,0.0,0.29256631039295444,0.01481275126369163,0.3006463103929544,0.28944631039295454,0.3038463103929544,0.26504631039295456,0.26504631039295456,1.0,1.0,0.0,0.0,0.0,0.0,0.0,0.0,0.3136738931178862,0.02669945436690913,0.3267999999999998,0.3029847327947158,0.33399999999999974,0.26504631039295456,0.26504631039295456,1.0,1.0,0.7,0.0,0.0,0.0,0.0,0.0,0.0,0.009046106882113603,0.09046106882113603,0.030153689607045342,0.030153689607045342,0.3136738931178862,0.02669945436690913,0.3267999999999998,0.3029847327947158,0.33399999999999974,0.26504631039295456,0.26504631039295456,1.0,1.0,0.7,0.0,0.0,0.0,0.0,0.0,0.0,0.009046106882113603,0.09046106882113603,0.030153689607045342,0.030153689607045342,0.3136738931178862,0.02669945436690913,0.3267999999999998,0.3029847327947158,0.33399999999999974,0.26504631039295456,0.26504631039295456,1.0,1.0,0.7,0.0,0.0,0.0,0.0,0.0,0.0,0.009046106882113603,0.09046106882113603,0.030153689607045342,0.030153689607045342,0.3136738931178862,0.02669945436690913,0.3267999999999998,0.3029847327947158,0.33399999999999974,0.26504631039295456,0.26504631039295456,1.0,1.0,0.7,0.0,0.0,0.0,0.0,0.0,0.0,0.009046106882113603,0.09046106882113603,0.030153689607045342,0.030153689607045342,1.0,0.3,0.3,0.3,0.3,0.0,0.3,0.7,0.0,0.3,0.7,0.0,0.3,0.7,0.0,0.3,0.7,0.0,0.3,0.0,0.3,0.3,0.3,0.3,0.3,0.0,0.0,0.0,0.0,0.3,0.3,1.0,1.0,1.0,0.3,1.0,1.0,1.0,1.0,1.0,1.0,3,0,0.0,0.0,0.3,0.0,0.0,0.0,0.0,0.0,0.0,0.0,0.0,1.0,0.0,0.0,0.0,0.0,0.0,0.287046666667404,5.26574260914368e-21,5.26574260914368e-21,0.0,0.7166666666666667,0.7166666666666667,0,0,0,0,C1,0.0,0.0,0.3136738931178862,0.7,1.0,0.3,0.0,0.0,0.3136738931178862
phaseflip,phaseflip,0.1,4,0.5,0.03,10,qiskit_aer,1,1,0.6772800000000001,0.31254000000000004,0.4888888888888889,0.21666666666666667,0.0,0.0,0.0,1.0,0.3227199999999998,0.01481275126369163,0.33079999999999976,0.3195999999999999,0.33399999999999974,0.2951999999999999,0.2951999999999999,1.0,0.7,1.0,0.0,0.0,0.0,0.0,0.0,0.29256631039295444,0.01481275126369163,0.3006463103929544,0.28944631039295454,0.3038463103929544,0.26504631039295456,0.26504631039295456,1.0,1.0,0.0,0.0,0.0,0.0,0.0,0.0,0.3136738931178862,0.02669945436690913,0.3267999999999998,0.3029847327947158,0.33399999999999974,0.26504631039295456,0.26504631039295456,1.0,1.0,0.7,0.0,0.0,0.0,0.0,0.0,0.0,0.009046106882113603,0.09046106882113603,0.030153689607045342,0.030153689607045342,0.3136738931178862,0.02669945436690913,0.3267999999999998,0.3029847327947158,0.33399999999999974,0.26504631039295456,0.26504631039295456,1.0,1.0,0.7,0.0,0.0,0.0,0.0,0.0,0.0,0.009046106882113603,0.09046106882113603,0.030153689607045342,0.030153689607045342,0.3136738931178862,0.02669945436690913,0.3267999999999998,0.3029847327947158,0.33399999999999974,0.26504631039295456,0.26504631039295456,1.0,1.0,0.7,0.0,0.0,0.0,0.0,0.0,0.0,0.009046106882113603,0.09046106882113603,0.030153689607045342,0.030153689607045342,0.3136738931178862,0.02669945436690913,0.3267999999999998,0.3029847327947158,0.33399999999999974,0.26504631039295456,0.26504631039295456,1.0,1.0,0.7,0.0,0.0,0.0,0.0,0.0,0.0,0.009046106882113603,0.09046106882113603,0.030153689607045342,0.030153689607045342,1.0,0.3,0.3,0.3,0.3,0.0,0.3,0.7,0.0,0.3,0.7,0.0,0.3,0.7,0.0,0.3,0.7,0.0,0.3,0.0,0.3,0.3,0.3,0.3,0.3,0.0,0.0,0.0,0.0,0.3,0.3,1.0,1.0,1.0,0.3,1.0,1.0,1.0,1.0,1.0,1.0,3,0,0.0,0.0,0.3,0.0,0.0,0.0,0.0,0.0,0.0,0.0,0.0,1.0,0.0,0.0,0.0,0.0,0.0,0.2874600000006984,5.26574260914368e-21,5.26574260914368e-21,0.0,0.7766666666666667,0.7766666666666667,0,0,0,0,C1,0.0,0.0,0.3136738931178862,0.7,1.0,0.3,0.0,0.0,0.3136738931178862
phaseflip,phaseflip,0.1,4,0.5,0.05,10,qiskit_aer,1,1,0.6772800000000001,0.3069566666666667,0.5444444444444444,0.21666666666666667,0.0,0.0,0.0,1.0,0.3227199999999998,0.01481275126369163,0.33079999999999976,0.3195999999999999,0.33399999999999974,0.2951999999999999,0.2951999999999999,1.0,0.8,1.0,0.0,0.0,0.0,0.0,0.0,0.29256631039295444,0.01481275126369163,0.3006463103929544,0.28944631039295454,0.3038463103929544,0.26504631039295456,0.26504631039295456,1.0,1.0,0.0,0.0,0.0,0.0,0.0,0.0,0.3166892620785907,0.02639751152478653,0.33079999999999976,0.3195999999999999,0.33399999999999974,0.26504631039295456,0.26504631039295456,1.0,1.0,0.8,0.0,0.0,0.0,0.0,0.0,0.0,0.006030737921409068,0.060307379214090684,0.030153689607045342,0.030153689607045342,0.3166892620785907,0.02639751152478653,0.33079999999999976,0.3195999999999999,0.33399999999999974,0.26504631039295456,0.26504631039295456,1.0,1.0,0.8,0.0,0.0,0.0,0.0,0.0,0.0,0.006030737921409068,0.060307379214090684,0.030153689607045342,0.030153689607045342,0.3166892620785907,0.02639751152478653,0.33079999999999976,0.3195999999999999,0.33399999999999974,0.26504631039295456,0.26504631039295456,1.0,1.0,0.8,0.0,0.0,0.0,0.0,0.0,0.0,0.006030737921409068,0.060307379214090684,0.030153689607045342,0.030153689607045342,0.3166892620785907,0.02639751152478653,0.33079999999999976,0.3195999999999999,0.33399999999999974,0.26504631039295456,0.26504631039295456,1.0,1.0,0.8,0.0,0.0,0.0,0.0,0.0,0.0,0.006030737921409068,0.060307379214090684,0.030153689607045342,0.030153689607045342,1.0,0.2,0.2,0.2,0.2,0.0,0.2,0.8,0.0,0.2,0.8,0.0,0.2,0.8,0.0,0.2,0.8,0.0,0.2,0.0,0.2,0.2,0.2,0.2,0.2,0.0,0.0,0.0,0.0,0.2,0.2,1.0,1.0,1.0,0.2,1.0,1.0,1.0,1.0,1.0,1.0,2,0,0.0,0.0,0.2,0.0,0.0,0.0,0.0,0.0,0.0,0.0,0.0,1.0,0.0,0.0,0.0,0.0,0.0,0.0930433333340702,4.332225182367674e-21,4.332225182367674e-21,0.0,0.8166666666666668,0.8166666666666668,0,0,0,0,C1,0.0,0.0,0.3166892620785907,0.8,1.0,0.2,0.0,0.0,0.3166892620785907
phaseflip,phaseflip,0.1,4,0.5,0.1,10,qiskit_aer,1,1,0.6772800000000001,0.24170444444444447,0.6555555555555556,0.21666666666666667,0.0,0.0,0.0,1.0,0.3227199999999998,0.01481275126369163,0.33079999999999976,0.3195999999999999,0.33399999999999974,0.2951999999999999,0.2951999999999999,1.0,0.7,1.0,0.0,0.0,0.0,0.0,0.0,0.29256631039295444,0.01481275126369163,0.3006463103929544,0.28944631039295454,0.3038463103929544,0.26504631039295456,0.26504631039295456,1.0,1.0,0.0,0.0,0.0,0.0,0.0,0.0,0.3136738931178862,0.02669945436690913,0.3267999999999998,0.3029847327947158,0.33399999999999974,0.26504631039295456,0.26504631039295456,1.0,1.0,0.7,0.0,0.0,0.0,0.0,0.0,0.0,0.009046106882113603,0.09046106882113603,0.030153689607045342,0.030153689607045342,0.3136738931178862,0.02669945436690913,0.3267999999999998,0.3029847327947158,0.33399999999999974,0.26504631039295456,0.26504631039295456,1.0,1.0,0.7,0.0,0.0,0.0,0.0,0.0,0.0,0.009046106882113603,0.09046106882113603,0.030153689607045342,0.030153689607045342,0.3136738931178862,0.02669945436690913,0.3267999999999998,0.3029847327947158,0.33399999999999974,0.26504631039295456,0.26504631039295456,1.0,1.0,0.7,0.0,0.0,0.0,0.0,0.0,0.0,0.009046106882113603,0.09046106882113603,0.030153689607045342,0.030153689607045342,0.3136738931178862,0.02669945436690913,0.3267999999999998,0.3029847327947158,0.33399999999999974,0.26504631039295456,0.26504631039295456,1.0,1.0,0.7,0.0,0.0,0.0,0.0,0.0,0.0,0.009046106882113603,0.09046106882113603,0.030153689607045342,0.030153689607045342,1.0,0.3,0.3,0.3,0.3,0.0,0.3,0.7,0.0,0.3,0.7,0.0,0.3,0.7,0.0,0.3,0.7,0.0,0.3,0.0,0.3,0.3,0.3,0.3,0.3,0.0,0.0,0.0,0.0,0.3,0.3,1.0,1.0,0.9,0.3,1.0,1.0,1.0,1.0,1.0,1.0,3,0,0.0,0.0,0.3,0.0,0.0,0.0,0.0,0.0,0.0,0.0,0.0,1.0,0.0,0.0,0.0,0.0,0.0,0.358295555556254,5.26574260914368e-21,5.26574260914368e-21,0.0,0.9133333333333333,0.9166666666666666,0,0,0,0,C1,0.0,0.0,0.3136738931178862,0.7,1.0,0.3,0.0,0.0,0.3136738931178862
phaseflip,phaseflip,0.1,4,0.75,0.0,10,qiskit_aer,1,1,0.6772800000000001,0.23780000000000004,0.7,0.35,0.0,0.0,0.0,1.0,0.3227199999999998,0.01481275126369163,0.33079999999999976,0.3195999999999999,0.33399999999999974,0.2951999999999999,0.2951999999999999,1.0,0.7,1.0,0.0,0.0,0.0,0.0,0.0,0.29256631039295444,0.01481275126369163,0.3006463103929544,0.28944631039295454,0.3038463103929544,0.26504631039295456,0.26504631039295456,1.0,1.0,0.0,0.0,0.0,0.0,0.0,0.0,0.3136738931178862,0.02669945436690913,0.3267999999999998,0.3029847327947158,0.33399999999999974,0.26504631039295456,0.26504631039295456,1.0,1.0,0.7,0.0,0.0,0.0,0.0,0.0,0.0,0.009046106882113603,0.09046106882113603,0.030153689607045342,0.030153689607045342,0.3136738931178862,0.02669945436690913,0.3267999999999998,0.3029847327947158,0.33399999999999974,0.26504631039295456,0.26504631039295456,1.0,1.0,0.7,0.0,0.0,0.0,0.0,0.0,0.0,0.009046106882113603,0.09046106882113603,0.030153689607045342,0.030153689607045342,0.3136738931178862,0.02669945436690913,0.3267999999999998,0.3029847327947158,0.33399999999999974,0.26504631039295456,0.26504631039295456,1.0,1.0,0.7,0.0,0.0,0.0,0.0,0.0,0.0,0.009046106882113603,0.09046106882113603,0.030153689607045342,0.030153689607045342,0.3227199999999998,0.01481275126369163,0.33079999999999976,0.3195999999999999,0.33399999999999974,0.2951999999999999,0.2951999999999999,1.0,0.7,1.0,0.0,0.0,0.0,0.0,0.0,5.26574260914368e-21,0.0,0.0,0.0,0.0,1.0,0.3,0.3,0.3,0.0,0.3,0.3,0.7,0.0,0.3,0.7,0.0,0.3,0.7,0.0,0.0,1.0,0.0,0.3,0.0,0.3,0.3,0.0,0.3,0.3,0.3,0.0,0.0,0.0,0.3,0.3,1.0,1.0,0.0,0.0,1.0,1.0,1.0,1.0,0.0,0.0,3,3,0.3,1.0,0.3,0.0,0.3,0.0,1.0,0.0,1.0,1.0,0.0,1.0,0.09046106882113603,0.0,0.09046106882113603,0.009046106882113603,0.09046106882113603,0.36220000000070035,5.26574260914368e-21,5.26574260914368e-21,0.0,1.0,1.1,0,0,0,3,C3R,0.0,0.0,0.3227199999999998,1.0,1.0,0.0,0.0,0.0,0.3227199999999998
phaseflip,phaseflip,0.1,4,0.75,0.03,10,qiskit_aer,1,1,0.6772800000000001,0.2484866666666667,0.7333333333333333,0.35,0.0,0.0,0.0,1.0,0.3227199999999998,0.01481275126369163,0.33079999999999976,0.3195999999999999,0.33399999999999974,0.2951999999999999,0.2951999999999999,1.0,0.7,1.0,0.0,0.0,0.0,0.0,0.0,0.29256631039295444,0.01481275126369163,0.3006463103929544,0.28944631039295454,0.3038463103929544,0.26504631039295456,0.26504631039295456,1.0,1.0,0.0,0.0,0.0,0.0,0.0,0.0,0.3136738931178862,0.02669945436690913,0.3267999999999998,0.3029847327947158,0.33399999999999974,0.26504631039295456,0.26504631039295456,1.0,1.0,0.7,0.0,0.0,0.0,0.0,0.0,0.0,0.009046106882113603,0.09046106882113603,0.030153689607045342,0.030153689607045342,0.3136738931178862,0.02669945436690913,0.3267999999999998,0.3029847327947158,0.33399999999999974,0.26504631039295456,0.26504631039295456,1.0,1.0,0.7,0.0,0.0,0.0,0.0,0.0,0.0,0.009046106882113603,0.09046106882113603,0.030153689607045342,0.030153689607045342,0.3136738931178862,0.02669945436690913,0.3267999999999998,0.3029847327947158,0.33399999999999974,0.26504631039295456,0.26504631039295456,1.0,1.0,0.7,0.0,0.0,0.0,0.0,0.0,0.0,0.009046106882113603,0.09046106882113603,0.030153689607045342,0.030153689607045342,0.3227199999999998,0.01481275126369163,0.33079999999999976,0.3195999999999999,0.33399999999999974,0.2951999999999999,0.2951999999999999,1.0,0.7,1.0,0.0,0.0,0.0,0.0,0.0,5.26574260914368e-21,0.0,0.0,0.0,0.0,1.0,0.3,0.3,0.3,0.0,0.3,0.3,0.7,0.0,0.3,0.7,0.0,0.3,0.7,0.0,0.0,1.0,0.0,0.3,0.0,0.3,0.3,0.0,0.3,0.3,0.3,0.0,0.0,0.0,0.3,0.3,1.0,1.0,0.0,0.0,1.0,1.0,1.0,1.0,0.0,0.0,3,3,0.3,1.0,0.3,0.0,0.3,0.0,1.0,0.0,1.0,1.0,0.0,1.0,0.09046106882113603,0.0,0.09046106882113603,0.009046106882113603,0.09046106882113603,0.3515133333340318,5.26574260914368e-21,5.26574260914368e-21,0.0,1.0,1.1600000000000001,0,0,0,3,C3R,0.0,0.0,0.3227199999999998,1.0,1.0,0.0,0.0,0.0,0.3227199999999998
phaseflip,phaseflip,0.1,4,0.75,0.05,10,qiskit_aer,1,1,0.6772800000000001,0.24479333333333336,0.7777777777777778,0.35,0.0,0.0,0.0,1.0,0.3227199999999998,0.01481275126369163,0.33079999999999976,0.3195999999999999,0.33399999999999974,0.2951999999999999,0.2951999999999999,1.0,0.7,1.0,0.0,0.0,0.0,0.0,0.0,0.29256631039295444,0.01481275126369163,0.3006463103929544,0.28944631039295454,0.3038463103929544,0.26504631039295456,0.26504631039295456,1.0,1.0,0.0,0.0,0.0,0.0,0.0,0.0,0.3136738931178862,0.02669945436690913,0.3267999999999998,0.3029847327947158,0.33399999999999974,0.26504631039295456,0.26504631039295456,1.0,1.0,0.7,0.0,0.0,0.0,0.0,0.0,0.0,0.009046106882113603,0.09046106882113603,0.030153689607045342,0.030153689607045342,0.3136738931178862,0.02669945436690913,0.3267999999999998,0.3029847327947158,0.33399999999999974,0.26504631039295456,0.26504631039295456,1.0,1.0,0.7,0.0,0.0,0.0,0.0,0.0,0.0,0.009046106882113603,0.09046106882113603,0.030153689607045342,0.030153689607045342,0.3136738931178862,0.02669945436690913,0.3267999999999998,0.3029847327947158,0.33399999999999974,0.26504631039295456,0.26504631039295456,1.0,1.0,0.7,0.0,0.0,0.0,0.0,0.0,0.0,0.009046106882113603,0.09046106882113603,0.030153689607045342,0.030153689607045342,0.3227199999999998,0.01481275126369163,0.33079999999999976,0.3195999999999999,0.33399999999999974,0.2951999999999999,0.2951999999999999,1.0,0.7,1.0,0.0,0.0,0.0,0.0,0.0,6.498337773551511e-21,0.0,0.0,0.0,0.0,1.0,0.3,0.3,0.3,0.0,0.3,0.3,0.7,0.0,0.3,0.7,0.0,0.3,0.7,0.0,0.0,1.0,0.0,0.3,0.0,0.3,0.3,0.0,0.3,0.3,0.3,0.0,0.0,0.0,0.3,0.3,1.0,1.0,0.0,0.0,1.0,1.0,1.0,1.0,0.0,0.0,3,3,0.3,1.0,0.3,0.0,0.3,0.0,1.0,0.0,1.0,1.0,0.0,1.0,0.09046106882113603,0.0,0.09046106882113603,0.009046106882113603,0.09046106882113603,0.3552066666673656,6.498337773551511e-21,6.498337773551511e-21,0.0,1.0,1.2000000000000002,0,0,0,3,C3R,0.0,0.0,0.3227199999999998,1.0,1.0,0.0,0.0,0.0,0.3227199999999998
phaseflip,phaseflip,0.1,4,0.75,0.1,10,qiskit_aer,1,1,0.6772800000000001,0.19081444444444448,0.8555555555555555,0.35,0.0,0.0,0.0,1.0,0.3227199999999998,0.01481275126369163,0.33079999999999976,0.3195999999999999,0.33399999999999974,0.2951999999999999,0.2951999999999999,1.0,0.7,1.0,0.0,0.0,0.0,0.0,0.0,0.29256631039295444,0.01481275126369163,0.3006463103929544,0.28944631039295454,0.3038463103929544,0.26504631039295456,0.26504631039295456,1.0,1.0,0.0,0.0,0.0,0.0,0.0,0.0,0.3136738931178862,0.02669945436690913,0.3267999999999998,0.3029847327947158,0.33399999999999974,0.26504631039295456,0.26504631039295456,1.0,1.0,0.7,0.0,0.0,0.0,0.0,0.0,0.0,0.009046106882113603,0.09046106882113603,0.030153689607045342,0.030153689607045342,0.3136738931178862,0.02669945436690913,0.3267999999999998,0.3029847327947158,0.33399999999999974,0.26504631039295456,0.26504631039295456,1.0,1.0,0.7,0.0,0.0,0.0,0.0,0.0,0.0,0.009046106882113603,0.09046106882113603,0.030153689607045342,0.030153689607045342,0.3136738931178862,0.02669945436690913,0.3267999999999998,0.3029847327947158,0.33399999999999974,0.26504631039295456,0.26504631039295456,1.0,1.0,0.7,0.0,0.0,0.0,0.0,0.0,0.0,0.009046106882113603,0.09046106882113603,0.030153689607045342,0.030153689607045342,0.3227199999999998,0.01481275126369163,0.33079999999999976,0.3195999999999999,0.33399999999999974,0.2951999999999999,0.2951999999999999,1.0,0.7,1.0,0.0,0.0,0.0,0.0,0.0,5.26574260914368e-21,0.0,0.0,0.0,0.0,1.0,0.3,0.3,0.3,0.0,0.3,0.3,0.7,0.0,0.3,0.7,0.0,0.3,0.7,0.0,0.0,1.0,0.0,0.3,0.0,0.3,0.3,0.0,0.3,0.3,0.3,0.0,0.0,0.0,0.3,0.3,1.0,1.0,0.0,0.0,1.0,1.0,1.0,1.0,0.0,0.0,3,3,0.3,1.0,0.3,0.0,0.3,0.0,1.0,0.0,1.0,1.0,0.0,1.0,0.09046106882113603,0.0,0.09046106882113603,0.009046106882113603,0.09046106882113603,0.40918555555621683,5.26574260914368e-21,5.26574260914368e-21,0.0,1.0,1.3,0,0,0,3,C3R,0.0,0.0,0.3227199999999998,1.0,1.0,0.0,0.0,0.0,0.3227199999999998
phaseflip,phaseflip,0.1,4,1.0,0.0,10,qiskit_aer,1,1,0.6772800000000001,0.12410000000000002,1.0,0.5,0.0,0.0,0.0,1.0,0.3227199999999998,0.01481275126369163,0.33079999999999976,0.3195999999999999,0.33399999999999974,0.2951999999999999,0.2951999999999999,1.0,0.7,1.0,0.0,0.0,0.0,0.0,0.0,0.29256631039295444,0.01481275126369163,0.3006463103929544,0.28944631039295454,0.3038463103929544,0.26504631039295456,0.26504631039295456,1.0,1.0,0.0,0.0,0.0,0.0,0.0,0.0,0.3136738931178862,0.02669945436690913,0.3267999999999998,0.3029847327947158,0.33399999999999974,0.26504631039295456,0.26504631039295456,1.0,1.0,0.7,0.0,0.0,0.0,0.0,0.0,0.0,0.009046106882113603,0.09046106882113603,0.030153689607045342,0.030153689607045342,0.3136738931178862,0.02669945436690913,0.3267999999999998,0.3029847327947158,0.33399999999999974,0.26504631039295456,0.26504631039295456,1.0,1.0,0.7,0.0,0.0,0.0,0.0,0.0,0.0,0.009046106882113603,0.09046106882113603,0.030153689607045342,0.030153689607045342,0.3136738931178862,0.02669945436690913,0.3267999999999998,0.3029847327947158,0.33399999999999974,0.26504631039295456,0.26504631039295456,1.0,1.0,0.7,0.0,0.0,0.0,0.0,0.0,0.0,0.009046106882113603,0.09046106882113603,0.030153689607045342,0.030153689607045342,0.3227199999999998,0.01481275126369163,0.33079999999999976,0.3195999999999999,0.33399999999999974,0.2951999999999999,0.2951999999999999,1.0,0.7,1.0,0.0,0.0,0.0,0.0,0.0,5.26574260914368e-21,0.0,0.0,0.0,0.0,1.0,0.3,0.3,0.3,0.0,0.3,0.3,0.7,0.0,0.3,0.7,0.0,0.3,0.7,0.0,0.0,1.0,0.0,0.3,0.0,0.3,0.3,0.0,0.3,0.3,0.3,0.0,0.0,0.0,0.3,0.3,1.0,1.0,0.0,0.0,1.0,1.0,1.0,1.0,0.0,0.0,3,3,0.3,1.0,0.3,0.0,0.3,0.0,1.0,0.0,1.0,1.0,0.0,1.0,0.09046106882113603,0.0,0.09046106882113603,0.009046106882113603,0.09046106882113603,0.47590000000062416,5.26574260914368e-21,5.26574260914368e-21,0.0,1.0,1.5,0,0,0,3,C3R,0.0,0.0,0.3227199999999998,1.0,1.0,0.0,0.0,0.0,0.3227199999999998
phaseflip,phaseflip,0.1,4,1.0,0.03,10,qiskit_aer,1,1,0.6772800000000001,0.12956,1.0,0.5,0.0,0.0,0.0,1.0,0.3227199999999998,0.01481275126369163,0.33079999999999976,0.3195999999999999,0.33399999999999974,0.2951999999999999,0.2951999999999999,1.0,0.8,1.0,0.0,0.0,0.0,0.0,0.0,0.29256631039295444,0.01481275126369163,0.3006463103929544,0.28944631039295454,0.3038463103929544,0.26504631039295456,0.26504631039295456,1.0,1.0,0.0,0.0,0.0,0.0,0.0,0.0,0.3166892620785907,0.02639751152478653,0.33079999999999976,0.3195999999999999,0.33399999999999974,0.26504631039295456,0.26504631039295456,1.0,1.0,0.8,0.0,0.0,0.0,0.0,0.0,0.0,0.006030737921409068,0.060307379214090684,0.030153689607045342,0.030153689607045342,0.3166892620785907,0.02639751152478653,0.33079999999999976,0.3195999999999999,0.33399999999999974,0.26504631039295456,0.26504631039295456,1.0,1.0,0.8,0.0,0.0,0.0,0.0,0.0,0.0,0.006030737921409068,0.060307379214090684,0.030153689607045342,0.030153689607045342,0.3166892620785907,0.02639751152478653,0.33079999999999976,0.3195999999999999,0.33399999999999974,0.26504631039295456,0.26504631039295456,1.0,1.0,0.8,0.0,0.0,0.0,0.0,0.0,0.0,0.006030737921409068,0.060307379214090684,0.030153689607045342,0.030153689607045342,0.3227199999999998,0.01481275126369163,0.33079999999999976,0.3195999999999999,0.33399999999999974,0.2951999999999999,0.2951999999999999,1.0,0.8,1.0,0.0,0.0,0.0,0.0,0.0,4.332225182367674e-21,0.0,0.0,0.0,0.0,1.0,0.2,0.2,0.2,0.0,0.2,0.2,0.8,0.0,0.2,0.8,0.0,0.2,0.8,0.0,0.0,1.0,0.0,0.2,0.0,0.2,0.2,0.0,0.2,0.2,0.2,0.0,0.0,0.0,0.2,0.2,1.0,1.0,0.0,0.0,1.0,1.0,1.0,1.0,0.0,0.0,2,2,0.2,1.0,0.2,0.0,0.2,0.0,1.0,0.0,1.0,1.0,0.0,1.0,0.060307379214090684,0.0,0.060307379214090684,0.006030737921409068,0.060307379214090684,0.2704400000007758,4.332225182367674e-21,4.332225182367674e-21,0.0,1.0,1.56,0,0,0,2,C3R,0.0,0.0,0.3227199999999998,1.0,1.0,0.0,0.0,0.0,0.3227199999999998
phaseflip,phaseflip,0.1,4,1.0,0.05,10,qiskit_aer,1,1,0.6772800000000001,0.13160333333333335,1.0,0.5,0.0,0.0,0.0,1.0,0.3227199999999998,0.01481275126369163,0.33079999999999976,0.3195999999999999,0.33399999999999974,0.2951999999999999,0.2951999999999999,1.0,0.8,1.0,0.0,0.0,0.0,0.0,0.0,0.29256631039295444,0.01481275126369163,0.3006463103929544,0.28944631039295454,0.3038463103929544,0.26504631039295456,0.26504631039295456,1.0,1.0,0.0,0.0,0.0,0.0,0.0,0.0,0.3166892620785907,0.02639751152478653,0.33079999999999976,0.3195999999999999,0.33399999999999974,0.26504631039295456,0.26504631039295456,1.0,1.0,0.8,0.0,0.0,0.0,0.0,0.0,0.0,0.006030737921409068,0.060307379214090684,0.030153689607045342,0.030153689607045342,0.3166892620785907,0.02639751152478653,0.33079999999999976,0.3195999999999999,0.33399999999999974,0.26504631039295456,0.26504631039295456,1.0,1.0,0.8,0.0,0.0,0.0,0.0,0.0,0.0,0.006030737921409068,0.060307379214090684,0.030153689607045342,0.030153689607045342,0.3166892620785907,0.02639751152478653,0.33079999999999976,0.3195999999999999,0.33399999999999974,0.26504631039295456,0.26504631039295456,1.0,1.0,0.8,0.0,0.0,0.0,0.0,0.0,0.0,0.006030737921409068,0.060307379214090684,0.030153689607045342,0.030153689607045342,0.3227199999999998,0.01481275126369163,0.33079999999999976,0.3195999999999999,0.33399999999999974,0.2951999999999999,0.2951999999999999,1.0,0.8,1.0,0.0,0.0,0.0,0.0,0.0,4.332225182367674e-21,0.0,0.0,0.0,0.0,1.0,0.2,0.2,0.2,0.0,0.2,0.2,0.8,0.0,0.2,0.8,0.0,0.2,0.8,0.0,0.0,1.0,0.0,0.2,0.0,0.2,0.2,0.0,0.2,0.2,0.2,0.0,0.0,0.0,0.2,0.2,1.0,1.0,0.0,0.0,1.0,1.0,1.0,1.0,0.0,0.0,2,2,0.2,1.0,0.2,0.0,0.2,0.0,1.0,0.0,1.0,1.0,0.0,1.0,0.060307379214090684,0.0,0.060307379214090684,0.006030737921409068,0.060307379214090684,0.26839666666732737,4.332225182367674e-21,4.332225182367674e-21,0.0,1.0,1.6,0,0,0,2,C3R,0.0,0.0,0.3227199999999998,1.0,1.0,0.0,0.0,0.0,0.3227199999999998
phaseflip,phaseflip,0.1,4,1.0,0.1,10,qiskit_aer,1,1,0.6772800000000001,0.11479777777777779,1.0,0.5,0.0,0.0,0.0,1.0,0.3227199999999998,0.01481275126369163,0.33079999999999976,0.3195999999999999,0.33399999999999974,0.2951999999999999,0.2951999999999999,1.0,0.7,1.0,0.0,0.0,0.0,0.0,0.0,0.29256631039295444,0.01481275126369163,0.3006463103929544,0.28944631039295454,0.3038463103929544,0.26504631039295456,0.26504631039295456,1.0,1.0,0.0,0.0,0.0,0.0,0.0,0.0,0.3136738931178862,0.02669945436690913,0.3267999999999998,0.3029847327947158,0.33399999999999974,0.26504631039295456,0.26504631039295456,1.0,1.0,0.7,0.0,0.0,0.0,0.0,0.0,0.0,0.009046106882113603,0.09046106882113603,0.030153689607045342,0.030153689607045342,0.3136738931178862,0.02669945436690913,0.3267999999999998,0.3029847327947158,0.33399999999999974,0.26504631039295456,0.26504631039295456,1.0,1.0,0.7,0.0,0.0,0.0,0.0,0.0,0.0,0.009046106882113603,0.09046106882113603,0.030153689607045342,0.030153689607045342,0.3136738931178862,0.02669945436690913,0.3267999999999998,0.3029847327947158,0.33399999999999974,0.26504631039295456,0.26504631039295456,1.0,1.0,0.7,0.0,0.0,0.0,0.0,0.0,0.0,0.009046106882113603,0.09046106882113603,0.030153689607045342,0.030153689607045342,0.3227199999999998,0.01481275126369163,0.33079999999999976,0.3195999999999999,0.33399999999999974,0.2951999999999999,0.2951999999999999,1.0,0.7,1.0,0.0,0.0,0.0,0.0,0.0,5.26574260914368e-21,0.0,0.0,0.0,0.0,1.0,0.3,0.3,0.3,0.0,0.3,0.3,0.7,0.0,0.3,0.7,0.0,0.3,0.7,0.0,0.0,1.0,0.0,0.3,0.0,0.3,0.3,0.0,0.3,0.3,0.3,0.0,0.0,0.0,0.3,0.3,1.0,1.0,0.0,0.0,1.0,1.0,1.0,1.0,0.0,0.0,3,3,0.3,1.0,0.3,0.0,0.3,0.0,1.0,0.0,1.0,1.0,0.0,1.0,0.09046106882113603,0.0,0.09046106882113603,0.009046106882113603,0.09046106882113603,0.48520222222292064,5.26574260914368e-21,5.26574260914368e-21,0.0,1.0,1.7000000000000002,0,0,0,3,C3R,0.0,0.0,0.3227199999999998,1.0,1.0,0.0,0.0,0.0,0.3227199999999998
phaseflip,phaseflip,0.15,2,0.0,0.0,10,qiskit_aer,1,1,0.7360000000000001,0.7360000000000001,0.0,0.0,0.0,0.0,0.0,0.0,0.2639999999999998,0.011022703842524283,0.2549999999999998,0.2549999999999998,0.27749999999999975,0.2549999999999998,0.25499999999999984,1.0,0.3,1.0,0.0,0.0,0.0,0.0,0.0,0.23384631039295442,0.011022703842524285,0.22484631039295444,0.22484631039295444,0.2473463103929544,0.22484631039295444,0.2248463103929544,1.0,1.0,0.0,0.0,0.0,0.0,0.0,0.0,0.24289241727506802,0.02359420130391901,0.22484631039295444,0.22484631039295444,0.2699615775982384,0.22484631039295444,0.2248463103929544,1.0,1.0,0.3,0.0,0.0,0.0,0.0,0.0,0.0,0.02110758272493174,0.2110758272493174,0.030153689607045342,0.030153689607045342,0.24289241727506802,0.02359420130391901,0.22484631039295444,0.22484631039295444,0.2699615775982384,0.22484631039295444,0.2248463103929544,1.0,1.0,0.3,0.0,0.0,0.0,0.0,0.0,0.0,0.02110758272493174,0.2110758272493174,0.030153689607045342,0.030153689607045342,0.24289241727506802,0.02359420130391901,0.22484631039295444,0.22484631039295444,0.2699615775982384,0.22484631039295444,0.2248463103929544,1.0,1.0,0.3,0.0,0.0,0.0,0.0,0.0,0.0,0.02110758272493174,0.2110758272493174,0.030153689607045342,0.030153689607045342,0.24289241727506802,0.02359420130391901,0.22484631039295444,0.22484631039295444,0.2699615775982384,0.22484631039295444,0.2248463103929544,1.0,1.0,0.3,0.0,0.0,0.0,0.0,0.0,0.0,0.02110758272493174,0.2110758272493174,0.030153689607045342,0.030153689607045342,1.0,0.7,0.7,0.7,0.7,0.0,0.7,0.3,0.0,0.7,0.3,0.0,0.7,0.3,0.0,0.7,0.3,0.0,0.7,0.0,0.7,0.7,0.7,0.7,0.7,0.0,0.0,0.0,0.0,0.7,0.7,1.0,1.0,1.0,0.7,1.0,1.0,1.0,1.0,1.0,1.0,7,0,0.0,0.0,0.7,0.0,0.0,0.0,0.0,0.0,0.0,0.0,0.0,1.0,0.0,0.0,0.0,0.0,0.0,0.6640000000012111,0.0026948568852589666,0.0026948568852589666,0.0,0.0,0.0,0,0,0,0,C1,0.0,0.0,0.24289241727506802,0.3,1.0,0.7,0.0,0.0,0.24289241727506802
phaseflip,phaseflip,0.15,2,0.0,0.03,10,qiskit_aer,1,1,0.7360000000000001,0.3920833333333334,0.17777777777777776,0.0,0.0,0.0,0.0,0.0,0.2639999999999998,0.011022703842524283,0.2549999999999998,0.2549999999999998,0.27749999999999975,0.2549999999999998,0.25499999999999984,1.0,0.3,1.0,0.0,0.0,0.0,0.0,0.0,0.23384631039295442,0.011022703842524285,0.22484631039295444,0.22484631039295444,0.2473463103929544,0.22484631039295444,0.2248463103929544,1.0,1.0,0.0,0.0,0.0,0.0,0.0,0.0,0.24289241727506802,0.02359420130391901,0.22484631039295444,0.22484631039295444,0.2699615775982384,0.22484631039295444,0.2248463103929544,1.0,1.0,0.3,0.0,0.0,0.0,0.0,0.0,0.0,0.02110758272493174,0.2110758272493174,0.030153689607045342,0.030153689607045342,0.24289241727506802,0.02359420130391901,0.22484631039295444,0.22484631039295444,0.2699615775982384,0.22484631039295444,0.2248463103929544,1.0,1.0,0.3,0.0,0.0,0.0,0.0,0.0,0.0,0.02110758272493174,0.2110758272493174,0.030153689607045342,0.030153689607045342,0.24289241727506802,0.02359420130391901,0.22484631039295444,0.22484631039295444,0.2699615775982384,0.22484631039295444,0.2248463103929544,1.0,1.0,0.3,0.0,0.0,0.0,0.0,0.0,0.0,0.02110758272493174,0.2110758272493174,0.030153689607045342,0.030153689607045342,0.24289241727506802,0.02359420130391901,0.22484631039295444,0.22484631039295444,0.2699615775982384,0.22484631039295444,0.2248463103929544,1.0,1.0,0.3,0.0,0.0,0.0,0.0,0.0,0.0,0.02110758272493174,0.2110758272493174,0.030153689607045342,0.030153689607045342,1.0,0.7,0.7,0.7,0.7,0.0,0.7,0.3,0.0,0.7,0.3,0.0,0.7,0.3,0.0,0.7,0.3,0.0,0.7,0.0,0.7,0.7,0.7,0.7,0.7,0.0,0.0,0.0,0.0,0.7,0.7,1.0,1.0,1.0,0.7,1.0,1.0,1.0,1.0,1.0,1.0,7,0,0.0,0.0,0.7,0.0,0.0,0.0,0.0,0.0,0.0,0.0,0.0,1.0,0.0,0.0,0.0,0.0,0.0,1.007916666667912,0.0026948568852589666,0.0026948568852589666,0.0,0.06,0.06,0,0,0,0,C1,0.0,0.0,0.24289241727506802,0.3,1.0,0.7,0.0,0.0,0.24289241727506802
phaseflip,phaseflip,0.15,2,0.0,0.05,10,qiskit_aer,1,1,0.7360000000000001,0.3519444444444445,0.25555555555555554,0.0,0.0,0.0,0.0,0.0,0.2639999999999998,0.011022703842524283,0.2549999999999998,0.2549999999999998,0.27749999999999975,0.2549999999999998,0.25499999999999984,1.0,0.3,1.0,0.0,0.0,0.0,0.0,0.0,0.23384631039295442,0.011022703842524285,0.22484631039295444,0.22484631039295444,0.2473463103929544,0.22484631039295444,0.2248463103929544,1.0,1.0,0.0,0.0,0.0,0.0,0.0,0.0,0.24289241727506802,0.02359420130391901,0.22484631039295444,0.22484631039295444,0.2699615775982384,0.22484631039295444,0.2248463103929544,1.0,1.0,0.3,0.0,0.0,0.0,0.0,0.0,0.0,0.02110758272493174,0.2110758272493174,0.030153689607045342,0.030153689607045342,0.24289241727506802,0.02359420130391901,0.22484631039295444,0.22484631039295444,0.2699615775982384,0.22484631039295444,0.2248463103929544,1.0,1.0,0.3,0.0,0.0,0.0,0.0,0.0,0.0,0.02110758272493174,0.2110758272493174,0.030153689607045342,0.030153689607045342,0.24289241727506802,0.02359420130391901,0.22484631039295444,0.22484631039295444,0.2699615775982384,0.22484631039295444,0.2248463103929544,1.0,1.0,0.3,0.0,0.0,0.0,0.0,0.0,0.0,0.02110758272493174,0.2110758272493174,0.030153689607045342,0.030153689607045342,0.24289241727506802,0.02359420130391901,0.22484631039295444,0.22484631039295444,0.2699615775982384,0.22484631039295444,0.2248463103929544,1.0,1.0,0.3,0.0,0.0,0.0,0.0,0.0,0.0,0.02110758272493174,0.2110758272493174,0.030153689607045342,0.030153689607045342,1.0,0.7,0.7,0.7,0.7,0.0,0.7,0.3,0.0,0.7,0.3,0.0,0.7,0.3,0.0,0.7,0.3,0.0,0.7,0.0,0.7,0.7,0.7,0.7,0.7,0.0,0.0,0.0,0.0,0.7,0.7,1.0,1.0,1.0,0.7,1.0,1.0,1.0,1.0,1.0,1.0,7,0,0.0,0.0,0.7,0.0,0.0,0.0,0.0,0.0,0.0,0.0,0.0,1.0,0.0,0.0,0.0,0.0,0.0,1.0480555555567665,0.0026948568852589666,0.0026948568852589666,0.0,0.1,0.1,0,0,0,0,C1,0.0,0.0,0.24289241727506802,0.3,1.0,0.7,0.0,0.0,0.24289241727506802
phaseflip,phaseflip,0.15,2,0.0,0.1,10,qiskit_aer,1,1,0.7360000000000001,0.29475000000000007,0.36666666666666664,0.0,0.0,0.0,0.0,0.0,0.2639999999999998,0.011022703842524283,0.2549999999999998,0.2549999999999998,0.27749999999999975,0.2549999999999998,0.25499999999999984,1.0,0.3,1.0,0.0,0.0,0.0,0.0,0.0,0.23384631039295442,0.011022703842524285,0.22484631039295444,0.22484631039295444,0.2473463103929544,0.22484631039295444,0.2248463103929544,1.0,1.0,0.0,0.0,0.0,0.0,0.0,0.0,0.24289241727506802,0.02359420130391901,0.22484631039295444,0.22484631039295444,0.2699615775982384,0.22484631039295444,0.2248463103929544,1.0,1.0,0.3,0.0,0.0,0.0,0.0,0.0,0.0,0.02110758272493174,0.2110758272493174,0.030153689607045342,0.030153689607045342,0.24289241727506802,0.02359420130391901,0.22484631039295444,0.22484631039295444,0.2699615775982384,0.22484631039295444,0.2248463103929544,1.0,1.0,0.3,0.0,0.0,0.0,0.0,0.0,0.0,0.02110758272493174,0.2110758272493174,0.030153689607045342,0.030153689607045342,0.24289241727506802,0.02359420130391901,0.22484631039295444,0.22484631039295444,0.2699615775982384,0.22484631039295444,0.2248463103929544,1.0,1.0,0.3,0.0,0.0,0.0,0.0,0.0,0.0,0.02110758272493174,0.2110758272493174,0.030153689607045342,0.030153689607045342,0.24289241727506802,0.02359420130391901,0.22484631039295444,0.22484631039295444,0.2699615775982384,0.22484631039295444,0.2248463103929544,1.0,1.0,0.3,0.0,0.0,0.0,0.0,0.0,0.0,0.02110758272493174,0.2110758272493174,0.030153689607045342,0.030153689607045342,1.0,0.7,0.7,0.7,0.7,0.0,0.7,0.3,0.0,0.7,0.3,0.0,0.7,0.3,0.0,0.7,0.3,0.0,0.7,0.0,0.7,0.7,0.7,0.7,0.7,0.0,0.0,0.0,0.0,0.7,0.7,1.0,1.0,1.0,0.7,1.0,1.0,1.0,1.0,1.0,1.0,7,0,0.0,0.0,0.7,0.0,0.0,0.0,0.0,0.0,0.0,0.0,0.0,1.0,0.0,0.0,0.0,0.0,0.0,1.1052500000012453,0.0026948568852589666,0.0026948568852589666,0.0,0.2,0.2,0,0,0,0,C1,0.0,0.0,0.24289241727506802,0.3,1.0,0.7,0.0,0.0,0.24289241727506802
phaseflip,phaseflip,0.15,2,0.25,0.0,10,qiskit_aer,1,1,0.7360000000000001,0.38418055555555564,0.24444444444444444,0.12222222222222225,0.0,0.0,0.0,0.9,0.2639999999999998,0.011022703842524283,0.2549999999999998,0.2549999999999998,0.27749999999999975,0.2549999999999998,0.25499999999999984,1.0,0.3,1.0,0.0,0.0,0.0,0.0,0.0,0.23384631039295442,0.011022703842524285,0.22484631039295444,0.22484631039295444,0.2473463103929544,0.22484631039295444,0.2248463103929544,1.0,1.0,0.0,0.0,0.0,0.0,0.0,0.0,0.24289241727506802,0.02359420130391901,0.22484631039295444,0.22484631039295444,0.2699615775982384,0.22484631039295444,0.2248463103929544,1.0,1.0,0.3,0.0,0.0,0.0,0.0,0.0,0.0,0.02110758272493174,0.2110758272493174,0.030153689607045342,0.030153689607045342,0.24289241727506802,0.02359420130391901,0.22484631039295444,0.22484631039295444,0.2699615775982384,0.22484631039295444,0.2248463103929544,1.0,1.0,0.3,0.0,0.0,0.0,0.0,0.0,0.0,0.02110758272493174,0.2110758272493174,0.030153689607045342,0.030153689607045342,0.24289241727506802,0.02359420130391901,0.22484631039295444,0.22484631039295444,0.2699615775982384,0.22484631039295444,0.2248463103929544,1.0,1.0,0.3,0.0,0.0,0.0,0.0,0.0,0.0,0.02110758272493174,0.2110758272493174,0.030153689607045342,0.030153689607045342,0.24289241727506802,0.02359420130391901,0.22484631039295444,0.22484631039295444,0.2699615775982384,0.22484631039295444,0.2248463103929544,1.0,1.0,0.3,0.0,0.0,0.0,0.0,0.0,0.0,0.02110758272493174,0.2110758272493174,0.030153689607045342,0.030153689607045342,1.0,0.7,0.7,0.7,0.7,0.0,0.7,0.3,0.0,0.7,0.3,0.0,0.7,0.3,0.0,0.7,0.3,0.0,0.7,0.0,0.7,0.7,0.7,0.7,0.7,0.0,0.0,0.0,0.0,0.7,0.7,1.0,1.0,1.0,0.7,1.0,1.0,1.0,1.0,1.0,1.0,7,0,0.0,0.0,0.7,0.0,0.0,0.0,0.0,0.0,0.0,0.0,0.0,1.0,0.0,0.0,0.0,0.0,0.0,1.0158194444456898,0.0026948568852589666,0.0026948568852589666,0.0,0.37222222222222223,0.37222222222222223,0,0,0,0,C1,0.0,0.0,0.24289241727506802,0.3,1.0,0.7,0.0,0.0,0.24289241727506802
phaseflip,phaseflip,0.15,2,0.25,0.03,10,qiskit_aer,1,1,0.7360000000000001,0.3332569444444445,0.34444444444444444,0.12222222222222225,0.0,0.0,0.0,0.9,0.2639999999999998,0.011022703842524283,0.2549999999999998,0.2549999999999998,0.27749999999999975,0.2549999999999998,0.25499999999999984,1.0,0.3,1.0,0.0,0.0,0.0,0.0,0.0,0.23384631039295442,0.011022703842524285,0.22484631039295444,0.22484631039295444,0.2473463103929544,0.22484631039295444,0.2248463103929544,1.0,1.0,0.0,0.0,0.0,0.0,0.0,0.0,0.24289241727506802,0.02359420130391901,0.22484631039295444,0.22484631039295444,0.2699615775982384,0.22484631039295444,0.2248463103929544,1.0,1.0,0.3,0.0,0.0,0.0,0.0,0.0,0.0,0.02110758272493174,0.2110758272493174,0.030153689607045342,0.030153689607045342,0.24289241727506802,0.02359420130391901,0.22484631039295444,0.22484631039295444,0.2699615775982384,0.22484631039295444,0.2248463103929544,1.0,1.0,0.3,0.0,0.0,0.0,0.0,0.0,0.0,0.02110758272493174,0.2110758272493174,0.030153689607045342,0.030153689607045342,0.24289241727506802,0.02359420130391901,0.22484631039295444,0.22484631039295444,0.2699615775982384,0.22484631039295444,0.2248463103929544,1.0,1.0,0.3,0.0,0.0,0.0,0.0,0.0,0.0,0.02110758272493174,0.2110758272493174,0.030153689607045342,0.030153689607045342,0.24289241727506802,0.02359420130391901,0.22484631039295444,0.22484631039295444,0.2699615775982384,0.22484631039295444,0.2248463103929544,1.0,1.0,0.3,0.0,0.0,0.0,0.0,0.0,0.0,0.02110758272493174,0.2110758272493174,0.030153689607045342,0.030153689607045342,1.0,0.7,0.7,0.7,0.7,0.0,0.7,0.3,0.0,0.7,0.3,0.0,0.7,0.3,0.0,0.7,0.3,0.0,0.7,0.0,0.7,0.7,0.7,0.7,0.7,0.0,0.0,0.0,0.0,0.7,0.7,1.0,1.0,1.0,0.7,1.0,1.0,1.0,1.0,1.0,1.0,7,0,0.0,0.0,0.7,0.0,0.0,0.0,0.0,0.0,0.0,0.0,0.0,1.0,0.0,0.0,0.0,0.0,0.0,1.066743055556801,0.0026948568852589666,0.0026948568852589666,0.0,0.4322222222222223,0.4322222222222223,0,0,0,0,C1,0.0,0.0,0.24289241727506802,0.3,1.0,0.7,0.0,0.0,0.24289241727506802
phaseflip,phaseflip,0.15,2,0.25,0.05,10,qiskit_aer,1,1,0.7360000000000001,0.3072291666666667,0.39999999999999997,0.12222222222222225,0.0,0.0,0.0,0.9,0.2639999999999998,0.011022703842524283,0.2549999999999998,0.2549999999999998,0.27749999999999975,0.2549999999999998,0.25499999999999984,1.0,0.3,1.0,0.0,0.0,0.0,0.0,0.0,0.23384631039295442,0.011022703842524285,0.22484631039295444,0.22484631039295444,0.2473463103929544,0.22484631039295444,0.2248463103929544,1.0,1.0,0.0,0.0,0.0,0.0,0.0,0.0,0.24289241727506802,0.02359420130391901,0.22484631039295444,0.22484631039295444,0.2699615775982384,0.22484631039295444,0.2248463103929544,1.0,1.0,0.3,0.0,0.0,0.0,0.0,0.0,0.0,0.02110758272493174,0.2110758272493174,0.030153689607045342,0.030153689607045342,0.24289241727506802,0.02359420130391901,0.22484631039295444,0.22484631039295444,0.2699615775982384,0.22484631039295444,0.2248463103929544,1.0,1.0,0.3,0.0,0.0,0.0,0.0,0.0,0.0,0.02110758272493174,0.2110758272493174,0.030153689607045342,0.030153689607045342,0.24289241727506802,0.02359420130391901,0.22484631039295444,0.22484631039295444,0.2699615775982384,0.22484631039295444,0.2248463103929544,1.0,1.0,0.3,0.0,0.0,0.0,0.0,0.0,0.0,0.02110758272493174,0.2110758272493174,0.030153689607045342,0.030153689607045342,0.24289241727506802,0.02359420130391901,0.22484631039295444,0.22484631039295444,0.2699615775982384,0.22484631039295444,0.2248463103929544,1.0,1.0,0.3,0.0,0.0,0.0,0.0,0.0,0.0,0.02110758272493174,0.2110758272493174,0.030153689607045342,0.030153689607045342,1.0,0.7,0.7,0.7,0.7,0.0,0.7,0.3,0.0,0.7,0.3,0.0,0.7,0.3,0.0,0.7,0.3,0.0,0.7,0.0,0.7,0.7,0.7,0.7,0.7,0.0,0.0,0.0,0.0,0.7,0.7,1.0,1.0,1.0,0.7,1.0,1.0,1.0,1.0,1.0,1.0,7,0,0.0,0.0,0.7,0.0,0.0,0.0,0.0,0.0,0.0,0.0,0.0,1.0,0.0,0.0,0.0,0.0,0.0,1.0927708333345787,0.0026948568852589666,0.0026948568852589666,0.0,0.4722222222222222,0.4722222222222222,0,0,0,0,C1,0.0,0.0,0.24289241727506802,0.3,1.0,0.7,0.0,0.0,0.24289241727506802
phaseflip,phaseflip,0.15,2,0.25,0.1,10,qiskit_aer,1,1,0.7360000000000001,0.24984722222222228,0.4888888888888889,0.12222222222222225,0.0,0.0,0.0,0.9,0.2639999999999998,0.011022703842524283,0.2549999999999998,0.2549999999999998,0.27749999999999975,0.2549999999999998,0.25499999999999984,1.0,0.3,1.0,0.0,0.0,0.0,0.0,0.0,0.23384631039295442,0.011022703842524285,0.22484631039295444,0.22484631039295444,0.2473463103929544,0.22484631039295444,0.2248463103929544,1.0,1.0,0.0,0.0,0.0,0.0,0.0,0.0,0.24289241727506802,0.02359420130391901,0.22484631039295444,0.22484631039295444,0.2699615775982384,0.22484631039295444,0.2248463103929544,1.0,1.0,0.3,0.0,0.0,0.0,0.0,0.0,0.0,0.02110758272493174,0.2110758272493174,0.030153689607045342,0.030153689607045342,0.24289241727506802,0.02359420130391901,0.22484631039295444,0.22484631039295444,0.2699615775982384,0.22484631039295444,0.2248463103929544,1.0,1.0,0.3,0.0,0.0,0.0,0.0,0.0,0.0,0.02110758272493174,0.2110758272493174,0.030153689607045342,0.030153689607045342,0.24289241727506802,0.02359420130391901,0.22484631039295444,0.22484631039295444,0.2699615775982384,0.22484631039295444,0.2248463103929544,1.0,1.0,0.3,0.0,0.0,0.0,0.0,0.0,0.0,0.02110758272493174,0.2110758272493174,0.030153689607045342,0.030153689607045342,0.24289241727506802,0.02359420130391901,0.22484631039295444,0.22484631039295444,0.2699615775982384,0.22484631039295444,0.2248463103929544,1.0,1.0,0.3,0.0,0.0,0.0,0.0,0.0,0.0,0.02110758272493174,0.2110758272493174,0.030153689607045342,0.030153689607045342,1.0,0.7,0.7,0.7,0.7,0.0,0.7,0.3,0.0,0.7,0.3,0.0,0.7,0.3,0.0,0.7,0.3,0.0,0.7,0.0,0.7,0.7,0.7,0.7,0.7,0.0,0.0,0.0,0.0,0.7,0.7,1.0,1.0,1.0,0.7,1.0,1.0,1.0,1.0,1.0,1.0,7,0,0.0,0.0,0.7,0.0,0.0,0.0,0.0,0.0,0.0,0.0,0.0,1.0,0.0,0.0,0.0,0.0,0.0,1.1501527777790574,0.0026948568852589723,0.0026948568852589723,0.0,0.5722222222222222,0.5722222222222222,0,0,0,0,C1,0.0,0.0,0.24289241727506802,0.3,1.0,0.7,0.0,0.0,0.24289241727506802
phaseflip,phaseflip,0.15,2,0.5,0.0,10,qiskit_aer,1,1,0.7360000000000001,0.30227777777777787,0.4444444444444444,0.22222222222222224,0.0,0.0,0.0,1.0,0.2639999999999998,0.011022703842524283,0.2549999999999998,0.2549999999999998,0.27749999999999975,0.2549999999999998,0.25499999999999984,1.0,0.3,1.0,0.0,0.0,0.0,0.0,0.0,0.23384631039295442,0.011022703842524285,0.22484631039295444,0.22484631039295444,0.2473463103929544,0.22484631039295444,0.2248463103929544,1.0,1.0,0.0,0.0,0.0,0.0,0.0,0.0,0.24289241727506802,0.02359420130391901,0.22484631039295444,0.22484631039295444,0.2699615775982384,0.22484631039295444,0.2248463103929544,1.0,1.0,0.3,0.0,0.0,0.0,0.0,0.0,0.0,0.02110758272493174,0.2110758272493174,0.030153689607045342,0.030153689607045342,0.24289241727506802,0.02359420130391901,0.22484631039295444,0.22484631039295444,0.2699615775982384,0.22484631039295444,0.2248463103929544,1.0,1.0,0.3,0.0,0.0,0.0,0.0,0.0,0.0,0.02110758272493174,0.2110758272493174,0.030153689607045342,0.030153689607045342,0.24289241727506802,0.02359420130391901,0.22484631039295444,0.22484631039295444,0.2699615775982384,0.22484631039295444,0.2248463103929544,1.0,1.0,0.3,0.0,0.0,0.0,0.0,0.0,0.0,0.02110758272493174,0.2110758272493174,0.030153689607045342,0.030153689607045342,0.24289241727506802,0.02359420130391901,0.22484631039295444,0.22484631039295444,0.2699615775982384,0.22484631039295444,0.2248463103929544,1.0,1.0,0.3,0.0,0.0,0.0,0.0,0.0,0.0,0.02110758272493174,0.2110758272493174,0.030153689607045342,0.030153689607045342,1.0,0.7,0.7,0.7,0.7,0.0,0.7,0.3,0.0,0.7,0.3,0.0,0.7,0.3,0.0,0.7,0.3,0.0,0.7,0.0,0.7,0.7,0.7,0.7,0.7,0.0,0.0,0.0,0.0,0.7,0.7,1.0,1.0,1.0,0.7,1.0,1.0,1.0,1.0,1.0,1.0,7,0,0.0,0.0,0.7,0.0,0.0,0.0,0.0,0.0,0.0,0.0,0.0,1.0,0.0,0.0,0.0,0.0,0.0,1.0977222222234675,0.0026948568852589666,0.0026948568852589666,0.0,0.7222222222222222,0.7222222222222222,0,0,0,0,C1,0.0,0.0,0.24289241727506802,0.3,1.0,0.7,0.0,0.0,0.24289241727506802
phaseflip,phaseflip,0.15,2,0.5,0.03,10,qiskit_aer,1,1,0.7360000000000001,0.257375,0.5333333333333333,0.22222222222222224,0.0,0.0,0.0,1.0,0.2639999999999998,0.011022703842524283,0.2549999999999998,0.2549999999999998,0.27749999999999975,0.2549999999999998,0.25499999999999984,1.0,0.3,1.0,0.0,0.0,0.0,0.0,0.0,0.23384631039295442,0.011022703842524285,0.22484631039295444,0.22484631039295444,0.2473463103929544,0.22484631039295444,0.2248463103929544,1.0,1.0,0.0,0.0,0.0,0.0,0.0,0.0,0.24289241727506802,0.02359420130391901,0.22484631039295444,0.22484631039295444,0.2699615775982384,0.22484631039295444,0.2248463103929544,1.0,1.0,0.3,0.0,0.0,0.0,0.0,0.0,0.0,0.02110758272493174,0.2110758272493174,0.030153689607045342,0.030153689607045342,0.24289241727506802,0.02359420130391901,0.22484631039295444,0.22484631039295444,0.2699615775982384,0.22484631039295444,0.2248463103929544,1.0,1.0,0.3,0.0,0.0,0.0,0.0,0.0,0.0,0.02110758272493174,0.2110758272493174,0.030153689607045342,0.030153689607045342,0.24289241727506802,0.02359420130391901,0.22484631039295444,0.22484631039295444,0.2699615775982384,0.22484631039295444,0.2248463103929544,1.0,1.0,0.3,0.0,0.0,0.0,0.0,0.0,0.0,0.02110758272493174,0.2110758272493174,0.030153689607045342,0.030153689607045342,0.24289241727506802,0.02359420130391901,0.22484631039295444,0.22484631039295444,0.2699615775982384,0.22484631039295444,0.2248463103929544,1.0,1.0,0.3,0.0,0.0,0.0,0.0,0.0,0.0,0.02110758272493174,0.2110758272493174,0.030153689607045342,0.030153689607045342,1.0,0.7,0.7,0.7,0.7,0.0,0.7,0.3,0.0,0.7,0.3,0.0,0.7,0.3,0.0,0.7,0.3,0.0,0.7,0.0,0.7,0.7,0.7,0.7,0.7,0.0,0.0,0.0,0.0,0.7,0.7,1.0,1.0,1.0,0.7,1.0,1.0,1.0,1.0,1.0,1.0,7,0,0.0,0.0,0.7,0.0,0.0,0.0,0.0,0.0,0.0,0.0,0.0,1.0,0.0,0.0,0.0,0.0,0.0,1.1426250000012796,0.0026948568852589723,0.0026948568852589723,0.0,0.7822222222222223,0.7822222222222223,0,0,0,0,C1,0.0,0.0,0.24289241727506802,0.3,1.0,0.7,0.0,0.0,0.24289241727506802
phaseflip,phaseflip,0.15,2,0.5,0.05,10,qiskit_aer,1,1,0.7360000000000001,0.23134722222222226,0.5888888888888889,0.22222222222222224,0.0,0.0,0.0,1.0,0.2639999999999998,0.011022703842524283,0.2549999999999998,0.2549999999999998,0.27749999999999975,0.2549999999999998,0.25499999999999984,1.0,0.3,1.0,0.0,0.0,0.0,0.0,0.0,0.23384631039295442,0.011022703842524285,0.22484631039295444,0.22484631039295444,0.2473463103929544,0.22484631039295444,0.2248463103929544,1.0,1.0,0.0,0.0,0.0,0.0,0.0,0.0,0.24289241727506802,0.02359420130391901,0.22484631039295444,0.22484631039295444,0.2699615775982384,0.22484631039295444,0.2248463103929544,1.0,1.0,0.3,0.0,0.0,0.0,0.0,0.0,0.0,0.02110758272493174,0.2110758272493174,0.030153689607045342,0.030153689607045342,0.24289241727506802,0.02359420130391901,0.22484631039295444,0.22484631039295444,0.2699615775982384,0.22484631039295444,0.2248463103929544,1.0,1.0,0.3,0.0,0.0,0.0,0.0,0.0,0.0,0.02110758272493174,0.2110758272493174,0.030153689607045342,0.030153689607045342,0.24289241727506802,0.02359420130391901,0.22484631039295444,0.22484631039295444,0.2699615775982384,0.22484631039295444,0.2248463103929544,1.0,1.0,0.3,0.0,0.0,0.0,0.0,0.0,0.0,0.02110758272493174,0.2110758272493174,0.030153689607045342,0.030153689607045342,0.24289241727506802,0.02359420130391901,0.22484631039295444,0.22484631039295444,0.2699615775982384,0.22484631039295444,0.2248463103929544,1.0,1.0,0.3,0.0,0.0,0.0,0.0,0.0,0.0,0.02110758272493174,0.2110758272493174,0.030153689607045342,0.030153689607045342,1.0,0.7,0.7,0.7,0.7,0.0,0.7,0.3,0.0,0.7,0.3,0.0,0.7,0.3,0.0,0.7,0.3,0.0,0.7,0.0,0.7,0.7,0.7,0.7,0.7,0.0,0.0,0.0,0.0,0.7,0.7,1.0,1.0,1.0,0.7,1.0,1.0,1.0,1.0,1.0,1.0,7,0,0.0,0.0,0.7,0.0,0.0,0.0,0.0,0.0,0.0,0.0,0.0,1.0,0.0,0.0,0.0,0.0,0.0,1.1686527777790574,0.0026948568852589723,0.0026948568852589723,0.0,0.8222222222222223,0.8222222222222223,0,0,0,0,C1,0.0,0.0,0.24289241727506802,0.3,1.0,0.7,0.0,0.0,0.24289241727506802
phaseflip,phaseflip,0.15,2,0.5,0.1,10,qiskit_aer,1,1,0.7360000000000001,0.19259027777777782,0.6444444444444444,0.22222222222222224,0.0,0.0,0.0,1.0,0.2639999999999998,0.011022703842524283,0.2549999999999998,0.2549999999999998,0.27749999999999975,0.2549999999999998,0.25499999999999984,1.0,0.3,1.0,0.0,0.0,0.0,0.0,0.0,0.23384631039295442,0.011022703842524285,0.22484631039295444,0.22484631039295444,0.2473463103929544,0.22484631039295444,0.2248463103929544,1.0,1.0,0.0,0.0,0.0,0.0,0.0,0.0,0.24289241727506802,0.02359420130391901,0.22484631039295444,0.22484631039295444,0.2699615775982384,0.22484631039295444,0.2248463103929544,1.0,1.0,0.3,0.0,0.0,0.0,0.0,0.0,0.0,0.02110758272493174,0.2110758272493174,0.030153689607045342,0.030153689607045342,0.24289241727506802,0.02359420130391901,0.22484631039295444,0.22484631039295444,0.2699615775982384,0.22484631039295444,0.2248463103929544,1.0,1.0,0.3,0.0,0.0,0.0,0.0,0.0,0.0,0.02110758272493174,0.2110758272493174,0.030153689607045342,0.030153689607045342,0.24289241727506802,0.02359420130391901,0.22484631039295444,0.22484631039295444,0.2699615775982384,0.22484631039295444,0.2248463103929544,1.0,1.0,0.3,0.0,0.0,0.0,0.0,0.0,0.0,0.02110758272493174,0.2110758272493174,0.030153689607045342,0.030153689607045342,0.24289241727506802,0.02359420130391901,0.22484631039295444,0.22484631039295444,0.2699615775982384,0.22484631039295444,0.2248463103929544,1.0,1.0,0.3,0.0,0.0,0.0,0.0,0.0,0.0,0.02110758272493174,0.2110758272493174,0.030153689607045342,0.030153689607045342,1.0,0.7,0.7,0.7,0.7,0.0,0.7,0.3,0.0,0.7,0.3,0.0,0.7,0.3,0.0,0.7,0.3,0.0,0.7,0.0,0.7,0.7,0.7,0.7,0.7,0.0,0.0,0.0,0.0,0.7,0.7,1.0,1.0,1.0,0.7,1.0,1.0,1.0,1.0,1.0,1.0,7,0,0.0,0.0,0.7,0.0,0.0,0.0,0.0,0.0,0.0,0.0,0.0,1.0,0.0,0.0,0.0,0.0,0.0,1.2074097222235018,0.0026948568852589723,0.0026948568852589723,0.0,0.9222222222222222,0.9222222222222222,0,0,0,0,C1,0.0,0.0,0.24289241727506802,0.3,1.0,0.7,0.0,0.0,0.24289241727506802
phaseflip,phaseflip,0.15,2,0.75,0.0,10,qiskit_aer,1,1,0.7360000000000001,0.22633333333333336,0.7444444444444445,0.37222222222222223,0.0,0.0,0.0,1.0,0.2639999999999998,0.011022703842524283,0.2549999999999998,0.2549999999999998,0.27749999999999975,0.2549999999999998,0.25499999999999984,1.0,0.3,1.0,0.0,0.0,0.0,0.0,0.0,0.23384631039295442,0.011022703842524285,0.22484631039295444,0.22484631039295444,0.2473463103929544,0.22484631039295444,0.2248463103929544,1.0,1.0,0.0,0.0,0.0,0.0,0.0,0.0,0.24289241727506802,0.02359420130391901,0.22484631039295444,0.22484631039295444,0.2699615775982384,0.22484631039295444,0.2248463103929544,1.0,1.0,0.3,0.0,0.0,0.0,0.0,0.0,0.0,0.02110758272493174,0.2110758272493174,0.030153689607045342,0.030153689607045342,0.24289241727506802,0.02359420130391901,0.22484631039295444,0.22484631039295444,0.2699615775982384,0.22484631039295444,0.2248463103929544,1.0,1.0,0.3,0.0,0.0,0.0,0.0,0.0,0.0,0.02110758272493174,0.2110758272493174,0.030153689607045342,0.030153689607045342,0.24289241727506802,0.02359420130391901,0.22484631039295444,0.22484631039295444,0.2699615775982384,0.22484631039295444,0.2248463103929544,1.0,1.0,0.3,0.0,0.0,0.0,0.0,0.0,0.0,0.02110758272493174,0.2110758272493174,0.030153689607045342,0.030153689607045342,0.2639999999999998,0.011022703842524283,0.2549999999999998,0.2549999999999998,0.27749999999999975,0.2549999999999998,0.25499999999999984,1.0,0.3,1.0,0.0,0.0,0.0,0.0,0.0,0.0026948568852589723,0.0,0.0,0.0,0.0,1.0,0.7,0.7,0.7,0.0,0.7,0.7,0.3,0.0,0.7,0.3,0.0,0.7,0.3,0.0,0.0,1.0,0.0,0.7,0.0,0.7,0.7,0.0,0.7,0.7,0.7,0.0,0.0,0.0,0.7,0.7,1.0,1.0,0.0,0.0,1.0,1.0,1.0,1.0,0.0,0.0,7,7,0.7,1.0,0.7,0.0,0.7,0.0,1.0,0.0,1.0,1.0,0.0,1.0,0.2110758272493174,0.0,0.2110758272493174,0.02110758272493174,0.2110758272493174,1.1736666666679465,0.0026948568852589723,0.0026948568852589723,0.0,1.0,1.1222222222222222,0,0,0,7,C3R,0.0,0.0,0.2639999999999998,1.0,1.0,0.0,0.0,0.0,0.2639999999999998
phaseflip,phaseflip,0.15,2,0.75,0.03,10,qiskit_aer,1,1,0.7360000000000001,0.18563194444444447,0.7888888888888889,0.37222222222222223,0.0,0.0,0.0,1.0,0.2639999999999998,0.011022703842524283,0.2549999999999998,0.2549999999999998,0.27749999999999975,0.2549999999999998,0.25499999999999984,1.0,0.3,1.0,0.0,0.0,0.0,0.0,0.0,0.23384631039295442,0.011022703842524285,0.22484631039295444,0.22484631039295444,0.2473463103929544,0.22484631039295444,0.2248463103929544,1.0,1.0,0.0,0.0,0.0,0.0,0.0,0.0,0.24289241727506802,0.02359420130391901,0.22484631039295444,0.22484631039295444,0.2699615775982384,0.22484631039295444,0.2248463103929544,1.0,1.0,0.3,0.0,0.0,0.0,0.0,0.0,0.0,0.02110758272493174,0.2110758272493174,0.030153689607045342,0.030153689607045342,0.24289241727506802,0.02359420130391901,0.22484631039295444,0.22484631039295444,0.2699615775982384,0.22484631039295444,0.2248463103929544,1.0,1.0,0.3,0.0,0.0,0.0,0.0,0.0,0.0,0.02110758272493174,0.2110758272493174,0.030153689607045342,0.030153689607045342,0.24289241727506802,0.02359420130391901,0.22484631039295444,0.22484631039295444,0.2699615775982384,0.22484631039295444,0.2248463103929544,1.0,1.0,0.3,0.0,0.0,0.0,0.0,0.0,0.0,0.02110758272493174,0.2110758272493174,0.030153689607045342,0.030153689607045342,0.2639999999999998,0.011022703842524283,0.2549999999999998,0.2549999999999998,0.27749999999999975,0.2549999999999998,0.25499999999999984,1.0,0.3,1.0,0.0,0.0,0.0,0.0,0.0,0.0026948568852589666,0.0,0.0,0.0,0.0,1.0,0.7,0.7,0.7,0.0,0.7,0.7,0.3,0.0,0.7,0.3,0.0,0.7,0.3,0.0,0.0,1.0,0.0,0.7,0.0,0.7,0.7,0.0,0.7,0.7,0.7,0.0,0.0,0.0,0.7,0.7,1.0,1.0,0.0,0.0,1.0,1.0,1.0,1.0,0.0,0.0,7,7,0.7,1.0,0.7,0.0,0.7,0.0,1.0,0.0,1.0,1.0,0.0,1.0,0.2110758272493174,0.0,0.2110758272493174,0.02110758272493174,0.2110758272493174,1.2143680555568008,0.0026948568852589666,0.0026948568852589666,0.0,1.0,1.1822222222222223,0,0,0,7,C3R,0.0,0.0,0.2639999999999998,1.0,1.0,0.0,0.0,0.0,0.2639999999999998
phaseflip,phaseflip,0.15,2,0.75,0.05,10,qiskit_aer,1,1,0.7360000000000001,0.17164583333333336,0.8222222222222222,0.37222222222222223,0.0,0.0,0.0,1.0,0.2639999999999998,0.011022703842524283,0.2549999999999998,0.2549999999999998,0.27749999999999975,0.2549999999999998,0.25499999999999984,1.0,0.3,1.0,0.0,0.0,0.0,0.0,0.0,0.23384631039295442,0.011022703842524285,0.22484631039295444,0.22484631039295444,0.2473463103929544,0.22484631039295444,0.2248463103929544,1.0,1.0,0.0,0.0,0.0,0.0,0.0,0.0,0.24289241727506802,0.02359420130391901,0.22484631039295444,0.22484631039295444,0.2699615775982384,0.22484631039295444,0.2248463103929544,1.0,1.0,0.3,0.0,0.0,0.0,0.0,0.0,0.0,0.02110758272493174,0.2110758272493174,0.030153689607045342,0.030153689607045342,0.24289241727506802,0.02359420130391901,0.22484631039295444,0.22484631039295444,0.2699615775982384,0.22484631039295444,0.2248463103929544,1.0,1.0,0.3,0.0,0.0,0.0,0.0,0.0,0.0,0.02110758272493174,0.2110758272493174,0.030153689607045342,0.030153689607045342,0.24289241727506802,0.02359420130391901,0.22484631039295444,0.22484631039295444,0.2699615775982384,0.22484631039295444,0.2248463103929544,1.0,1.0,0.3,0.0,0.0,0.0,0.0,0.0,0.0,0.02110758272493174,0.2110758272493174,0.030153689607045342,0.030153689607045342,0.2639999999999998,0.011022703842524283,0.2549999999999998,0.2549999999999998,0.27749999999999975,0.2549999999999998,0.25499999999999984,1.0,0.3,1.0,0.0,0.0,0.0,0.0,0.0,0.0026948568852589666,0.0,0.0,0.0,0.0,1.0,0.7,0.7,0.7,0.0,0.7,0.7,0.3,0.0,0.7,0.3,0.0,0.7,0.3,0.0,0.0,1.0,0.0,0.7,0.0,0.7,0.7,0.0,0.7,0.7,0.7,0.0,0.0,0.0,0.7,0.7,1.0,1.0,0.0,0.0,1.0,1.0,1.0,1.0,0.0,0.0,7,7,0.7,1.0,0.7,0.0,0.7,0.0,1.0,0.0,1.0,1.0,0.0,1.0,0.2110758272493174,0.0,0.2110758272493174,0.02110758272493174,0.2110758272493174,1.228354166667912,0.0026948568852589666,0.0026948568852589666,0.0,1.0,1.2222222222222223,0,0,0,7,C3R,0.0,0.0,0.2639999999999998,1.0,1.0,0.0,0.0,0.0,0.2639999999999998
phaseflip,phaseflip,0.15,2,0.75,0.1,10,qiskit_aer,1,1,0.7360000000000001,0.14104166666666668,0.8444444444444444,0.37222222222222223,0.0,0.0,0.0,1.0,0.2639999999999998,0.011022703842524283,0.2549999999999998,0.2549999999999998,0.27749999999999975,0.2549999999999998,0.25499999999999984,1.0,0.3,1.0,0.0,0.0,0.0,0.0,0.0,0.23384631039295442,0.011022703842524285,0.22484631039295444,0.22484631039295444,0.2473463103929544,0.22484631039295444,0.2248463103929544,1.0,1.0,0.0,0.0,0.0,0.0,0.0,0.0,0.24289241727506802,0.02359420130391901,0.22484631039295444,0.22484631039295444,0.2699615775982384,0.22484631039295444,0.2248463103929544,1.0,1.0,0.3,0.0,0.0,0.0,0.0,0.0,0.0,0.02110758272493174,0.2110758272493174,0.030153689607045342,0.030153689607045342,0.24289241727506802,0.02359420130391901,0.22484631039295444,0.22484631039295444,0.2699615775982384,0.22484631039295444,0.2248463103929544,1.0,1.0,0.3,0.0,0.0,0.0,0.0,0.0,0.0,0.02110758272493174,0.2110758272493174,0.030153689607045342,0.030153689607045342,0.24289241727506802,0.02359420130391901,0.22484631039295444,0.22484631039295444,0.2699615775982384,0.22484631039295444,0.2248463103929544,1.0,1.0,0.3,0.0,0.0,0.0,0.0,0.0,0.0,0.02110758272493174,0.2110758272493174,0.030153689607045342,0.030153689607045342,0.2639999999999998,0.011022703842524283,0.2549999999999998,0.2549999999999998,0.27749999999999975,0.2549999999999998,0.25499999999999984,1.0,0.3,1.0,0.0,0.0,0.0,0.0,0.0,0.0026948568852589666,0.0,0.0,0.0,0.0,1.0,0.7,0.7,0.7,0.0,0.7,0.7,0.3,0.0,0.7,0.3,0.0,0.7,0.3,0.0,0.0,1.0,0.0,0.7,0.0,0.7,0.7,0.0,0.7,0.7,0.7,0.0,0.0,0.0,0.7,0.7,1.0,1.0,0.0,0.0,1.0,1.0,1.0,1.0,0.0,0.0,7,7,0.7,1.0,0.7,0.0,0.7,0.0,1.0,0.0,1.0,1.0,0.0,1.0,0.2110758272493174,0.0,0.2110758272493174,0.02110758272493174,0.2110758272493174,1.2589583333345786,0.0026948568852589666,0.0026948568852589666,0.0,1.0,1.3222222222222222,0,0,0,7,C3R,0.0,0.0,0.2639999999999998,1.0,1.0,0.0,0.0,0.0,0.2639999999999998
phaseflip,phaseflip,0.15,2,1.0,0.0,10,qiskit_aer,1,1,0.7360000000000001,0.14906944444444448,1.0,0.5,0.0,0.0,0.0,1.0,0.2639999999999998,0.011022703842524283,0.2549999999999998,0.2549999999999998,0.27749999999999975,0.2549999999999998,0.25499999999999984,1.0,0.3,1.0,0.0,0.0,0.0,0.0,0.0,0.23384631039295442,0.011022703842524285,0.22484631039295444,0.22484631039295444,0.2473463103929544,0.22484631039295444,0.2248463103929544,1.0,1.0,0.0,0.0,0.0,0.0,0.0,0.0,0.24289241727506802,0.02359420130391901,0.22484631039295444,0.22484631039295444,0.2699615775982384,0.22484631039295444,0.2248463103929544,1.0,1.0,0.3,0.0,0.0,0.0,0.0,0.0,0.0,0.02110758272493174,0.2110758272493174,0.030153689607045342,0.030153689607045342,0.24289241727506802,0.02359420130391901,0.22484631039295444,0.22484631039295444,0.2699615775982384,0.22484631039295444,0.2248463103929544,1.0,1.0,0.3,0.0,0.0,0.0,0.0,0.0,0.0,0.02110758272493174,0.2110758272493174,0.030153689607045342,0.030153689607045342,0.24289241727506802,0.02359420130391901,0.22484631039295444,0.22484631039295444,0.2699615775982384,0.22484631039295444,0.2248463103929544,1.0,1.0,0.3,0.0,0.0,0.0,0.0,0.0,0.0,0.02110758272493174,0.2110758272493174,0.030153689607045342,0.030153689607045342,0.2639999999999998,0.011022703842524283,0.2549999999999998,0.2549999999999998,0.27749999999999975,0.2549999999999998,0.25499999999999984,1.0,0.3,1.0,0.0,0.0,0.0,0.0,0.0,0.0026948568852589666,0.0,0.0,0.0,0.0,1.0,0.7,0.7,0.7,0.0,0.7,0.7,0.3,0.0,0.7,0.3,0.0,0.7,0.3,0.0,0.0,1.0,0.0,0.7,0.0,0.7,0.7,0.0,0.7,0.7,0.7,0.0,0.0,0.0,0.7,0.7,1.0,1.0,0.0,0.0,1.0,1.0,1.0,1.0,0.0,0.0,7,7,0.7,1.0,0.7,0.0,0.7,0.0,1.0,0.0,1.0,1.0,0.0,1.0,0.2110758272493174,0.0,0.2110758272493174,0.02110758272493174,0.2110758272493174,1.2509305555568009,0.0026948568852589666,0.0026948568852589666,0.0,1.0,1.5,0,0,0,7,C3R,0.0,0.0,0.2639999999999998,1.0,1.0,0.0,0.0,0.0,0.2639999999999998
phaseflip,phaseflip,0.15,2,1.0,0.03,10,qiskit_aer,1,1,0.7360000000000001,0.1286875,1.0,0.5,0.0,0.0,0.0,1.0,0.2639999999999998,0.011022703842524283,0.2549999999999998,0.2549999999999998,0.27749999999999975,0.2549999999999998,0.25499999999999984,1.0,0.3,1.0,0.0,0.0,0.0,0.0,0.0,0.23384631039295442,0.011022703842524285,0.22484631039295444,0.22484631039295444,0.2473463103929544,0.22484631039295444,0.2248463103929544,1.0,1.0,0.0,0.0,0.0,0.0,0.0,0.0,0.24289241727506802,0.02359420130391901,0.22484631039295444,0.22484631039295444,0.2699615775982384,0.22484631039295444,0.2248463103929544,1.0,1.0,0.3,0.0,0.0,0.0,0.0,0.0,0.0,0.02110758272493174,0.2110758272493174,0.030153689607045342,0.030153689607045342,0.24289241727506802,0.02359420130391901,0.22484631039295444,0.22484631039295444,0.2699615775982384,0.22484631039295444,0.2248463103929544,1.0,1.0,0.3,0.0,0.0,0.0,0.0,0.0,0.0,0.02110758272493174,0.2110758272493174,0.030153689607045342,0.030153689607045342,0.24289241727506802,0.02359420130391901,0.22484631039295444,0.22484631039295444,0.2699615775982384,0.22484631039295444,0.2248463103929544,1.0,1.0,0.3,0.0,0.0,0.0,0.0,0.0,0.0,0.02110758272493174,0.2110758272493174,0.030153689607045342,0.030153689607045342,0.2639999999999998,0.011022703842524283,0.2549999999999998,0.2549999999999998,0.27749999999999975,0.2549999999999998,0.25499999999999984,1.0,0.3,1.0,0.0,0.0,0.0,0.0,0.0,0.0026948568852589666,0.0,0.0,0.0,0.0,1.0,0.7,0.7,0.7,0.0,0.7,0.7,0.3,0.0,0.7,0.3,0.0,0.7,0.3,0.0,0.0,1.0,0.0,0.7,0.0,0.7,0.7,0.0,0.7,0.7,0.7,0.0,0.0,0.0,0.7,0.7,1.0,1.0,0.0,0.0,1.0,1.0,1.0,1.0,0.0,0.0,7,7,0.7,1.0,0.7,0.0,0.7,0.0,1.0,0.0,1.0,1.0,0.0,1.0,0.2110758272493174,0.0,0.2110758272493174,0.02110758272493174,0.2110758272493174,1.271312500001211,0.0026948568852589666,0.0026948568852589666,0.0,1.0,1.56,0,0,0,7,C3R,0.0,0.0,0.2639999999999998,1.0,1.0,0.0,0.0,0.0,0.2639999999999998
phaseflip,phaseflip,0.15,2,1.0,0.05,10,qiskit_aer,1,1,0.7360000000000001,0.11658333333333336,1.0,0.5,0.0,0.0,0.0,1.0,0.2639999999999998,0.011022703842524283,0.2549999999999998,0.2549999999999998,0.27749999999999975,0.2549999999999998,0.25499999999999984,1.0,0.3,1.0,0.0,0.0,0.0,0.0,0.0,0.23384631039295442,0.011022703842524285,0.22484631039295444,0.22484631039295444,0.2473463103929544,0.22484631039295444,0.2248463103929544,1.0,1.0,0.0,0.0,0.0,0.0,0.0,0.0,0.24289241727506802,0.02359420130391901,0.22484631039295444,0.22484631039295444,0.2699615775982384,0.22484631039295444,0.2248463103929544,1.0,1.0,0.3,0.0,0.0,0.0,0.0,0.0,0.0,0.02110758272493174,0.2110758272493174,0.030153689607045342,0.030153689607045342,0.24289241727506802,0.02359420130391901,0.22484631039295444,0.22484631039295444,0.2699615775982384,0.22484631039295444,0.2248463103929544,1.0,1.0,0.3,0.0,0.0,0.0,0.0,0.0,0.0,0.02110758272493174,0.2110758272493174,0.030153689607045342,0.030153689607045342,0.24289241727506802,0.02359420130391901,0.22484631039295444,0.22484631039295444,0.2699615775982384,0.22484631039295444,0.2248463103929544,1.0,1.0,0.3,0.0,0.0,0.0,0.0,0.0,0.0,0.02110758272493174,0.2110758272493174,0.030153689607045342,0.030153689607045342,0.2639999999999998,0.011022703842524283,0.2549999999999998,0.2549999999999998,0.27749999999999975,0.2549999999999998,0.25499999999999984,1.0,0.3,1.0,0.0,0.0,0.0,0.0,0.0,0.0026948568852589666,0.0,0.0,0.0,0.0,1.0,0.7,0.7,0.7,0.0,0.7,0.7,0.3,0.0,0.7,0.3,0.0,0.7,0.3,0.0,0.0,1.0,0.0,0.7,0.0,0.7,0.7,0.0,0.7,0.7,0.7,0.0,0.0,0.0,0.7,0.7,1.0,1.0,0.0,0.0,1.0,1.0,1.0,1.0,0.0,0.0,7,7,0.7,1.0,0.7,0.0,0.7,0.0,1.0,0.0,1.0,1.0,0.0,1.0,0.2110758272493174,0.0,0.2110758272493174,0.02110758272493174,0.2110758272493174,1.283416666667912,0.0026948568852589666,0.0026948568852589666,0.0,1.0,1.6,0,0,0,7,C3R,0.0,0.0,0.2639999999999998,1.0,1.0,0.0,0.0,0.0,0.2639999999999998
phaseflip,phaseflip,0.15,2,1.0,0.1,10,qiskit_aer,1,1,0.7360000000000001,0.09820833333333336,1.0,0.5,0.0,0.0,0.0,1.0,0.2639999999999998,0.011022703842524283,0.2549999999999998,0.2549999999999998,0.27749999999999975,0.2549999999999998,0.25499999999999984,1.0,0.3,1.0,0.0,0.0,0.0,0.0,0.0,0.23384631039295442,0.011022703842524285,0.22484631039295444,0.22484631039295444,0.2473463103929544,0.22484631039295444,0.2248463103929544,1.0,1.0,0.0,0.0,0.0,0.0,0.0,0.0,0.24289241727506802,0.02359420130391901,0.22484631039295444,0.22484631039295444,0.2699615775982384,0.22484631039295444,0.2248463103929544,1.0,1.0,0.3,0.0,0.0,0.0,0.0,0.0,0.0,0.02110758272493174,0.2110758272493174,0.030153689607045342,0.030153689607045342,0.24289241727506802,0.02359420130391901,0.22484631039295444,0.22484631039295444,0.2699615775982384,0.22484631039295444,0.2248463103929544,1.0,1.0,0.3,0.0,0.0,0.0,0.0,0.0,0.0,0.02110758272493174,0.2110758272493174,0.030153689607045342,0.030153689607045342,0.24289241727506802,0.02359420130391901,0.22484631039295444,0.22484631039295444,0.2699615775982384,0.22484631039295444,0.2248463103929544,1.0,1.0,0.3,0.0,0.0,0.0,0.0,0.0,0.0,0.02110758272493174,0.2110758272493174,0.030153689607045342,0.030153689607045342,0.2639999999999998,0.011022703842524283,0.2549999999999998,0.2549999999999998,0.27749999999999975,0.2549999999999998,0.25499999999999984,1.0,0.3,1.0,0.0,0.0,0.0,0.0,0.0,0.0026948568852589723,0.0,0.0,0.0,0.0,1.0,0.7,0.7,0.7,0.0,0.7,0.7,0.3,0.0,0.7,0.3,0.0,0.7,0.3,0.0,0.0,1.0,0.0,0.7,0.0,0.7,0.7,0.0,0.7,0.7,0.7,0.0,0.0,0.0,0.7,0.7,1.0,1.0,0.0,0.0,1.0,1.0,1.0,1.0,0.0,0.0,7,7,0.7,1.0,0.7,0.0,0.7,0.0,1.0,0.0,1.0,1.0,0.0,1.0,0.2110758272493174,0.0,0.2110758272493174,0.02110758272493174,0.2110758272493174,1.3017916666679463,0.0026948568852589723,0.0026948568852589723,0.0,1.0,1.7000000000000002,0,0,0,7,C3R,0.0,0.0,0.2639999999999998,1.0,1.0,0.0,0.0,0.0,0.2639999999999998
phaseflip,phaseflip,0.15,4,0.0,0.0,10,qiskit_aer,1,1,0.5656675,0.5656675,0.0,0.0,0.0,0.0,0.0,0.0,0.4343324999999998,0.02903058957806402,0.4504874999999998,0.42922499999999975,0.45599999999999974,0.3799499999999998,0.3799499999999998,1.0,1.0,1.0,0.0,0.0,0.0,0.0,0.0,0.40417881039295445,0.02903058957806402,0.4203338103929545,0.3990713103929544,0.4258463103929544,0.34979631039295445,0.34979631039295445,1.0,1.0,0.0,0.0,0.0,0.0,0.0,0.0,0.4343324999999998,0.02903058957806402,0.4504874999999998,0.42922499999999975,0.45599999999999974,0.3799499999999998,0.3799499999999998,1.0,1.0,1.0,0.0,0.0,0.0,0.0,0.0,0.0,0.0,0.0,0.0,0.0,0.4343324999999998,0.02903058957806402,0.4504874999999998,0.42922499999999975,0.45599999999999974,0.3799499999999998,0.3799499999999998,1.0,1.0,1.0,0.0,0.0,0.0,0.0,0.0,0.0,0.0,0.0,0.0,0.0,0.4343324999999998,0.02903058957806402,0.4504874999999998,0.42922499999999975,0.45599999999999974,0.3799499999999998,0.3799499999999998,1.0,1.0,1.0,0.0,0.0,0.0,0.0,0.0,0.0,0.0,0.0,0.0,0.0,0.4343324999999998,0.02903058957806402,0.4504874999999998,0.42922499999999975,0.45599999999999974,0.3799499999999998,0.3799499999999998,1.0,1.0,1.0,0.0,0.0,0.0,0.0,0.0,0.0,0.0,0.0,0.0,0.0,1.0,0.0,0.0,0.0,0.0,0.0,0.0,1.0,0.0,0.0,1.0,0.0,0.0,1.0,0.0,0.0,1.0,0.0,0.0,0.0,0.0,0.0,0.0,0.0,0.0,0.0,0.0,0.0,0.0,0.0,0.0,1.0,1.0,1.0,0.0,0.0,0.0,0.0,0.0,0.0,0.0,0,0,0.0,0.0,0.0,0.0,0.0,0.0,0.0,0.0,0.0,0.0,0.0,1.0,0.0,0.0,0.0,0.0,0.0,-0.5656674999999317,0.0,0.0,0.0,0.0,0.0,0,0,0,0,C1,0.0,0.0,0.4343324999999998,1.0,1.0,0.0,0.0,0.0,0.4343324999999998
phaseflip,phaseflip,0.15,4,0.0,0.03,10,qiskit_aer,1,1,0.5656675,0.2964288888888889,0.09999999999999999,0.0,0.0,0.0,0.0,0.0,0.4343324999999998,0.02903058957806402,0.4504874999999998,0.42922499999999975,0.45599999999999974,0.3799499999999998,0.3799499999999998,1.0,1.0,1.0,0.0,0.0,0.0,0.0,0.0,0.40417881039295445,0.02903058957806402,0.4203338103929545,0.3990713103929544,0.4258463103929544,0.34979631039295445,0.34979631039295445,1.0,1.0,0.0,0.0,0.0,0.0,0.0,0.0,0.4343324999999998,0.02903058957806402,0.4504874999999998,0.42922499999999975,0.45599999999999974,0.3799499999999998,0.3799499999999998,1.0,1.0,1.0,0.0,0.0,0.0,0.0,0.0,0.0,0.0,0.0,0.0,0.0,0.4343324999999998,0.02903058957806402,0.4504874999999998,0.42922499999999975,0.45599999999999974,0.3799499999999998,0.3799499999999998,1.0,1.0,1.0,0.0,0.0,0.0,0.0,0.0,0.0,0.0,0.0,0.0,0.0,0.4343324999999998,0.02903058957806402,0.4504874999999998,0.42922499999999975,0.45599999999999974,0.3799499999999998,0.3799499999999998,1.0,1.0,1.0,0.0,0.0,0.0,0.0,0.0,0.0,0.0,0.0,0.0,0.0,0.4343324999999998,0.02903058957806402,0.4504874999999998,0.42922499999999975,0.45599999999999974,0.3799499999999998,0.3799499999999998,1.0,1.0,1.0,0.0,0.0,0.0,0.0,0.0,0.0,0.0,0.0,0.0,0.0,1.0,0.0,0.0,0.0,0.0,0.0,0.0,1.0,0.0,0.0,1.0,0.0,0.0,1.0,0.0,0.0,1.0,0.0,0.0,0.0,0.0,0.0,0.0,0.0,0.0,0.0,0.0,0.0,0.0,0.0,0.0,1.0,1.0,1.0,0.0,0.0,0.0,0.0,0.0,0.0,0.0,0,0,0.0,0.0,0.0,0.0,0.0,0.0,0.0,0.0,0.0,0.0,0.0,1.0,0.0,0.0,0.0,0.0,0.0,-0.29642888888882063,0.0,0.0,0.0,0.06,0.06,0,0,0,0,C1,0.0,0.0,0.4343324999999998,1.0,1.0,0.0,0.0,0.0,0.4343324999999998
phaseflip,phaseflip,0.15,4,0.0,0.05,10,qiskit_aer,1,1,0.5656675,0.3276186111111111,0.18888888888888888,0.0,0.0,0.0,0.0,0.0,0.4343324999999998,0.02903058957806402,0.4504874999999998,0.42922499999999975,0.45599999999999974,0.3799499999999998,0.3799499999999998,1.0,1.0,1.0,0.0,0.0,0.0,0.0,0.0,0.40417881039295445,0.02903058957806402,0.4203338103929545,0.3990713103929544,0.4258463103929544,0.34979631039295445,0.34979631039295445,1.0,1.0,0.0,0.0,0.0,0.0,0.0,0.0,0.4343324999999998,0.02903058957806402,0.4504874999999998,0.42922499999999975,0.45599999999999974,0.3799499999999998,0.3799499999999998,1.0,1.0,1.0,0.0,0.0,0.0,0.0,0.0,0.0,0.0,0.0,0.0,0.0,0.4343324999999998,0.02903058957806402,0.4504874999999998,0.42922499999999975,0.45599999999999974,0.3799499999999998,0.3799499999999998,1.0,1.0,1.0,0.0,0.0,0.0,0.0,0.0,0.0,0.0,0.0,0.0,0.0,0.4343324999999998,0.02903058957806402,0.4504874999999998,0.42922499999999975,0.45599999999999974,0.3799499999999998,0.3799499999999998,1.0,1.0,1.0,0.0,0.0,0.0,0.0,0.0,0.0,0.0,0.0,0.0,0.0,0.4343324999999998,0.02903058957806402,0.4504874999999998,0.42922499999999975,0.45599999999999974,0.3799499999999998,0.3799499999999998,1.0,1.0,1.0,0.0,0.0,0.0,0.0,0.0,0.0,0.0,0.0,0.0,0.0,1.0,0.0,0.0,0.0,0.0,0.0,0.0,1.0,0.0,0.0,1.0,0.0,0.0,1.0,0.0,0.0,1.0,0.0,0.0,0.0,0.0,0.0,0.0,0.0,0.0,0.0,0.0,0.0,0.0,0.0,0.0,1.0,1.0,1.0,0.0,0.0,0.0,0.0,0.0,0.0,0.0,0,0,0.0,0.0,0.0,0.0,0.0,0.0,0.0,0.0,0.0,0.0,0.0,1.0,0.0,0.0,0.0,0.0,0.0,-0.32761861111104285,0.0,0.0,0.0,0.1,0.1,0,0,0,0,C1,0.0,0.0,0.4343324999999998,1.0,1.0,0.0,0.0,0.0,0.4343324999999998
phaseflip,phaseflip,0.15,4,0.0,0.1,10,qiskit_aer,1,1,0.5656675,0.2973963888888889,0.3333333333333333,0.0,0.0,0.0,0.0,0.0,0.4343324999999998,0.02903058957806402,0.4504874999999998,0.42922499999999975,0.45599999999999974,0.3799499999999998,0.3799499999999998,1.0,1.0,1.0,0.0,0.0,0.0,0.0,0.0,0.40417881039295445,0.02903058957806402,0.4203338103929545,0.3990713103929544,0.4258463103929544,0.34979631039295445,0.34979631039295445,1.0,1.0,0.0,0.0,0.0,0.0,0.0,0.0,0.4343324999999998,0.02903058957806402,0.4504874999999998,0.42922499999999975,0.45599999999999974,0.3799499999999998,0.3799499999999998,1.0,1.0,1.0,0.0,0.0,0.0,0.0,0.0,0.0,0.0,0.0,0.0,0.0,0.4343324999999998,0.02903058957806402,0.4504874999999998,0.42922499999999975,0.45599999999999974,0.3799499999999998,0.3799499999999998,1.0,1.0,1.0,0.0,0.0,0.0,0.0,0.0,0.0,0.0,0.0,0.0,0.0,0.4343324999999998,0.02903058957806402,0.4504874999999998,0.42922499999999975,0.45599999999999974,0.3799499999999998,0.3799499999999998,1.0,1.0,1.0,0.0,0.0,0.0,0.0,0.0,0.0,0.0,0.0,0.0,0.0,0.4343324999999998,0.02903058957806402,0.4504874999999998,0.42922499999999975,0.45599999999999974,0.3799499999999998,0.3799499999999998,1.0,1.0,1.0,0.0,0.0,0.0,0.0,0.0,0.0,0.0,0.0,0.0,0.0,1.0,0.0,0.0,0.0,0.0,0.0,0.0,1.0,0.0,0.0,1.0,0.0,0.0,1.0,0.0,0.0,1.0,0.0,0.0,0.0,0.0,0.0,0.0,0.0,0.0,0.0,0.0,0.0,0.0,0.0,0.0,1.0,1.0,1.0,0.0,0.0,0.0,0.0,0.0,0.0,0.0,0,0,0.0,0.0,0.0,0.0,0.0,0.0,0.0,0.0,0.0,0.0,0.0,1.0,0.0,0.0,0.0,0.0,0.0,-0.2973963888888089,0.0,0.0,0.0,0.2,0.2,0,0,0,0,C1,0.0,0.0,0.4343324999999998,1.0,1.0,0.0,0.0,0.0,0.4343324999999998
phaseflip,phaseflip,0.15,4,0.25,0.0,10,qiskit_aer,1,1,0.5656675,0.24333736111111115,0.2222222222222222,0.11111111111111113,0.0,0.0,0.0,0.9,0.4343324999999998,0.02903058957806402,0.4504874999999998,0.42922499999999975,0.45599999999999974,0.3799499999999998,0.3799499999999998,1.0,1.0,1.0,0.0,0.0,0.0,0.0,0.0,0.40417881039295445,0.02903058957806402,0.4203338103929545,0.3990713103929544,0.4258463103929544,0.34979631039295445,0.34979631039295445,1.0,1.0,0.0,0.0,0.0,0.0,0.0,0.0,0.4343324999999998,0.02903058957806402,0.4504874999999998,0.42922499999999975,0.45599999999999974,0.3799499999999998,0.3799499999999998,1.0,1.0,1.0,0.0,0.0,0.0,0.0,0.0,0.0,0.0,0.0,0.0,0.0,0.4343324999999998,0.02903058957806402,0.4504874999999998,0.42922499999999975,0.45599999999999974,0.3799499999999998,0.3799499999999998,1.0,1.0,1.0,0.0,0.0,0.0,0.0,0.0,0.0,0.0,0.0,0.0,0.0,0.4343324999999998,0.02903058957806402,0.4504874999999998,0.42922499999999975,0.45599999999999974,0.3799499999999998,0.3799499999999998,1.0,1.0,1.0,0.0,0.0,0.0,0.0,0.0,0.0,0.0,0.0,0.0,0.0,0.4343324999999998,0.02903058957806402,0.4504874999999998,0.42922499999999975,0.45599999999999974,0.3799499999999998,0.3799499999999998,1.0,1.0,1.0,0.0,0.0,0.0,0.0,0.0,0.0,0.0,0.0,0.0,0.0,1.0,0.0,0.0,0.0,0.0,0.0,0.0,1.0,0.0,0.0,1.0,0.0,0.0,1.0,0.0,0.0,1.0,0.0,0.0,0.0,0.0,0.0,0.0,0.0,0.0,0.0,0.0,0.0,0.0,0.0,0.0,1.0,1.0,1.0,0.0,0.0,0.0,0.0,0.0,0.0,0.0,0,0,0.0,0.0,0.0,0.0,0.0,0.0,0.0,0.0,0.0,0.0,0.0,1.0,0.0,0.0,0.0,0.0,0.0,-0.2433373611110429,0.0,0.0,0.0,0.36111111111111116,0.36111111111111116,0,0,0,0,C1,0.0,0.0,0.4343324999999998,1.0,1.0,0.0,0.0,0.0,0.4343324999999998
phaseflip,phaseflip,0.15,4,0.25,0.03,10,qiskit_aer,1,1,0.5656675,0.23430131944444446,0.3,0.11111111111111113,0.0,0.0,0.0,0.9,0.4343324999999998,0.02903058957806402,0.4504874999999998,0.42922499999999975,0.45599999999999974,0.3799499999999998,0.3799499999999998,1.0,0.9,1.0,0.0,0.0,0.0,0.0,0.0,0.40417881039295445,0.02903058957806402,0.4203338103929545,0.3990713103929544,0.4258463103929544,0.34979631039295445,0.34979631039295445,1.0,1.0,0.0,0.0,0.0,0.0,0.0,0.0,0.43131713103929525,0.029333002789418364,0.44261249999999974,0.41842223279471585,0.45599999999999974,0.3799499999999998,0.3799499999999998,1.0,1.0,0.9,0.0,0.0,0.0,0.0,0.0,0.0,0.003015368960704534,0.030153689607045342,0.016584529283874903,0.030153689607045342,0.43131713103929525,0.029333002789418364,0.44261249999999974,0.41842223279471585,0.45599999999999974,0.3799499999999998,0.3799499999999998,1.0,1.0,0.9,0.0,0.0,0.0,0.0,0.0,0.0,0.003015368960704534,0.030153689607045342,0.016584529283874903,0.030153689607045342,0.43131713103929525,0.029333002789418364,0.44261249999999974,0.41842223279471585,0.45599999999999974,0.3799499999999998,0.3799499999999998,1.0,1.0,0.9,0.0,0.0,0.0,0.0,0.0,0.0,0.003015368960704534,0.030153689607045342,0.016584529283874903,0.030153689607045342,0.43131713103929525,0.029333002789418364,0.44261249999999974,0.41842223279471585,0.45599999999999974,0.3799499999999998,0.3799499999999998,1.0,1.0,0.9,0.0,0.0,0.0,0.0,0.0,0.0,0.003015368960704534,0.030153689607045342,0.016584529283874903,0.030153689607045342,1.0,0.1,0.1,0.1,0.1,0.0,0.1,0.9,0.0,0.1,0.9,0.0,0.1,0.9,0.0,0.1,0.9,0.0,0.1,0.0,0.1,0.1,0.1,0.1,0.1,0.0,0.0,0.0,0.0,0.1,0.1,1.0,1.0,1.0,0.1,1.0,1.0,1.0,1.0,1.0,1.0,1,0,0.0,0.0,0.1,0.0,0.0,0.0,0.0,0.0,0.0,0.0,0.0,1.0,0.0,0.0,0.0,0.0,0.0,-0.034301319444365805,2.166112591183837e-21,2.166112591183837e-21,0.0,0.4211111111111112,0.4211111111111112,0,0,0,0,C1,0.0,0.0,0.43131713103929525,0.9,1.0,0.1,0.0,0.0,0.43131713103929525
phaseflip,phaseflip,0.15,4,0.25,0.05,10,qiskit_aer,1,1,0.5656675,0.26268006944444444,0.36666666666666664,0.11111111111111113,0.0,0.0,0.0,0.9,0.4343324999999998,0.02903058957806402,0.4504874999999998,0.42922499999999975,0.45599999999999974,0.3799499999999998,0.3799499999999998,1.0,1.0,1.0,0.0,0.0,0.0,0.0,0.0,0.40417881039295445,0.02903058957806402,0.4203338103929545,0.3990713103929544,0.4258463103929544,0.34979631039295445,0.34979631039295445,1.0,1.0,0.0,0.0,0.0,0.0,0.0,0.0,0.4343324999999998,0.02903058957806402,0.4504874999999998,0.42922499999999975,0.45599999999999974,0.3799499999999998,0.3799499999999998,1.0,1.0,1.0,0.0,0.0,0.0,0.0,0.0,0.0,0.0,0.0,0.0,0.0,0.4343324999999998,0.02903058957806402,0.4504874999999998,0.42922499999999975,0.45599999999999974,0.3799499999999998,0.3799499999999998,1.0,1.0,1.0,0.0,0.0,0.0,0.0,0.0,0.0,0.0,0.0,0.0,0.0,0.4343324999999998,0.02903058957806402,0.4504874999999998,0.42922499999999975,0.45599999999999974,0.3799499999999998,0.3799499999999998,1.0,1.0,1.0,0.0,0.0,0.0,0.0,0.0,0.0,0.0,0.0,0.0,0.0,0.4343324999999998,0.02903058957806402,0.4504874999999998,0.42922499999999975,0.45599999999999974,0.3799499999999998,0.3799499999999998,1.0,1.0,1.0,0.0,0.0,0.0,0.0,0.0,0.0,0.0,0.0,0.0,0.0,1.0,0.0,0.0,0.0,0.0,0.0,0.0,1.0,0.0,0.0,1.0,0.0,0.0,1.0,0.0,0.0,1.0,0.0,0.0,0.0,0.0,0.0,0.0,0.0,0.0,0.0,0.0,0.0,0.0,0.0,0.0,1.0,1.0,1.0,0.0,0.0,0.0,0.0,0.0,0.0,0.0,0,0,0.0,0.0,0.0,0.0,0.0,0.0,0.0,0.0,0.0,0.0,0.0,1.0,0.0,0.0,0.0,0.0,0.0,-0.2626800694443762,0.0,0.0,0.0,0.46111111111111114,0.46111111111111114,0,0,0,0,C1,0.0,0.0,0.4343324999999998,1.0,1.0,0.0,0.0,0.0,0.4343324999999998
phaseflip,phaseflip,0.15,4,0.25,0.1,10,qiskit_aer,1,1,0.5656675,0.23699118055555557,0.5111111111111111,0.11111111111111113,0.0,0.0,0.0,0.9,0.4343324999999998,0.02903058957806402,0.4504874999999998,0.42922499999999975,0.45599999999999974,0.3799499999999998,0.3799499999999998,1.0,1.0,1.0,0.0,0.0,0.0,0.0,0.0,0.40417881039295445,0.02903058957806402,0.4203338103929545,0.3990713103929544,0.4258463103929544,0.34979631039295445,0.34979631039295445,1.0,1.0,0.0,0.0,0.0,0.0,0.0,0.0,0.4343324999999998,0.02903058957806402,0.4504874999999998,0.42922499999999975,0.45599999999999974,0.3799499999999998,0.3799499999999998,1.0,1.0,1.0,0.0,0.0,0.0,0.0,0.0,0.0,0.0,0.0,0.0,0.0,0.4343324999999998,0.02903058957806402,0.4504874999999998,0.42922499999999975,0.45599999999999974,0.3799499999999998,0.3799499999999998,1.0,1.0,1.0,0.0,0.0,0.0,0.0,0.0,0.0,0.0,0.0,0.0,0.0,0.4343324999999998,0.02903058957806402,0.4504874999999998,0.42922499999999975,0.45599999999999974,0.3799499999999998,0.3799499999999998,1.0,1.0,1.0,0.0,0.0,0.0,0.0,0.0,0.0,0.0,0.0,0.0,0.0,0.4343324999999998,0.02903058957806402,0.4504874999999998,0.42922499999999975,0.45599999999999974,0.3799499999999998,0.3799499999999998,1.0,1.0,1.0,0.0,0.0,0.0,0.0,0.0,0.0,0.0,0.0,0.0,0.0,1.0,0.0,0.0,0.0,0.0,0.0,0.0,1.0,0.0,0.0,1.0,0.0,0.0,1.0,0.0,0.0,1.0,0.0,0.0,0.0,0.0,0.0,0.0,0.0,0.0,0.0,0.0,0.0,0.0,0.0,0.0,1.0,1.0,1.0,0.0,0.0,0.0,0.0,0.0,0.0,0.0,0,0,0.0,0.0,0.0,0.0,0.0,0.0,0.0,0.0,0.0,0.0,0.0,1.0,0.0,0.0,0.0,0.0,0.0,-0.23699118055548726,0.0,0.0,0.0,0.5611111111111111,0.5611111111111111,0,0,0,0,C1,0.0,0.0,0.4343324999999998,1.0,1.0,0.0,0.0,0.0,0.4343324999999998
phaseflip,phaseflip,0.15,4,0.5,0.0,10,qiskit_aer,1,1,0.5656675,0.22113743055555557,0.43333333333333335,0.21666666666666667,0.0,0.0,0.0,1.0,0.4343324999999998,0.02903058957806402,0.4504874999999998,0.42922499999999975,0.45599999999999974,0.3799499999999998,0.3799499999999998,1.0,0.9,1.0,0.0,0.0,0.0,0.0,0.0,0.40417881039295445,0.02903058957806402,0.4203338103929545,0.3990713103929544,0.4258463103929544,0.34979631039295445,0.34979631039295445,1.0,1.0,0.0,0.0,0.0,0.0,0.0,0.0,0.43131713103929525,0.029333002789418364,0.44261249999999974,0.41842223279471585,0.45599999999999974,0.3799499999999998,0.3799499999999998,1.0,1.0,0.9,0.0,0.0,0.0,0.0,0.0,0.0,0.003015368960704534,0.030153689607045342,0.016584529283874903,0.030153689607045342,0.43131713103929525,0.029333002789418364,0.44261249999999974,0.41842223279471585,0.45599999999999974,0.3799499999999998,0.3799499999999998,1.0,1.0,0.9,0.0,0.0,0.0,0.0,0.0,0.0,0.003015368960704534,0.030153689607045342,0.016584529283874903,0.030153689607045342,0.43131713103929525,0.029333002789418364,0.44261249999999974,0.41842223279471585,0.45599999999999974,0.3799499999999998,0.3799499999999998,1.0,1.0,0.9,0.0,0.0,0.0,0.0,0.0,0.0,0.003015368960704534,0.030153689607045342,0.016584529283874903,0.030153689607045342,0.43131713103929525,0.029333002789418364,0.44261249999999974,0.41842223279471585,0.45599999999999974,0.3799499999999998,0.3799499999999998,1.0,1.0,0.9,0.0,0.0,0.0,0.0,0.0,0.0,0.003015368960704534,0.030153689607045342,0.016584529283874903,0.030153689607045342,1.0,0.1,0.1,0.1,0.1,0.0,0.1,0.9,0.0,0.1,0.9,0.0,0.1,0.9,0.0,0.1,0.9,0.0,0.1,0.0,0.1,0.1,0.1,0.1,0.1,0.0,0.0,0.0,0.0,0.1,0.1,1.0,1.0,1.0,0.1,1.0,1.0,1.0,1.0,1.0,1.0,1,0,0.0,0.0,0.1,0.0,0.0,0.0,0.0,0.0,0.0,0.0,0.0,1.0,0.0,0.0,0.0,0.0,0.0,-0.02113743055547679,2.166112591183837e-21,2.166112591183837e-21,0.0,0.7166666666666667,0.7166666666666667,0,0,0,0,C1,0.0,0.0,0.43131713103929525,0.9,1.0,0.1,0.0,0.0,0.43131713103929525
phaseflip,phaseflip,0.15,4,0.5,0.03,10,qiskit_aer,1,1,0.5656675,0.20907916666666668,0.4888888888888889,0.21666666666666667,0.0,0.0,0.0,1.0,0.4343324999999998,0.02903058957806402,0.4504874999999998,0.42922499999999975,0.45599999999999974,0.3799499999999998,0.3799499999999998,1.0,0.9,1.0,0.0,0.0,0.0,0.0,0.0,0.40417881039295445,0.02903058957806402,0.4203338103929545,0.3990713103929544,0.4258463103929544,0.34979631039295445,0.34979631039295445,1.0,1.0,0.0,0.0,0.0,0.0,0.0,0.0,0.43131713103929525,0.029333002789418364,0.44261249999999974,0.41842223279471585,0.45599999999999974,0.3799499999999998,0.3799499999999998,1.0,1.0,0.9,0.0,0.0,0.0,0.0,0.0,0.0,0.003015368960704534,0.030153689607045342,0.016584529283874903,0.030153689607045342,0.43131713103929525,0.029333002789418364,0.44261249999999974,0.41842223279471585,0.45599999999999974,0.3799499999999998,0.3799499999999998,1.0,1.0,0.9,0.0,0.0,0.0,0.0,0.0,0.0,0.003015368960704534,0.030153689607045342,0.016584529283874903,0.030153689607045342,0.43131713103929525,0.029333002789418364,0.44261249999999974,0.41842223279471585,0.45599999999999974,0.3799499999999998,0.3799499999999998,1.0,1.0,0.9,0.0,0.0,0.0,0.0,0.0,0.0,0.003015368960704534,0.030153689607045342,0.016584529283874903,0.030153689607045342,0.43131713103929525,0.029333002789418364,0.44261249999999974,0.41842223279471585,0.45599999999999974,0.3799499999999998,0.3799499999999998,1.0,1.0,0.9,0.0,0.0,0.0,0.0,0.0,0.0,0.003015368960704534,0.030153689607045342,0.016584529283874903,0.030153689607045342,1.0,0.1,0.1,0.1,0.1,0.0,0.1,0.9,0.0,0.1,0.9,0.0,0.1,0.9,0.0,0.1,0.9,0.0,0.1,0.0,0.1,0.1,0.1,0.1,0.1,0.0,0.0,0.0,0.0,0.1,0.1,1.0,1.0,1.0,0.1,1.0,1.0,1.0,1.0,1.0,1.0,1,0,0.0,0.0,0.1,0.0,0.0,0.0,0.0,0.0,0.0,0.0,0.0,1.0,0.0,0.0,0.0,0.0,0.0,-0.009079166666587968,2.166112591183837e-21,2.166112591183837e-21,0.0,0.7766666666666667,0.7766666666666667,0,0,0,0,C1,0.0,0.0,0.43131713103929525,0.9,1.0,0.1,0.0,0.0,0.43131713103929525
phaseflip,phaseflip,0.15,4,0.5,0.05,10,qiskit_aer,1,1,0.5656675,0.23229083333333336,0.5444444444444444,0.21666666666666667,0.0,0.0,0.0,1.0,0.4343324999999998,0.02903058957806402,0.4504874999999998,0.42922499999999975,0.45599999999999974,0.3799499999999998,0.3799499999999998,1.0,1.0,1.0,0.0,0.0,0.0,0.0,0.0,0.40417881039295445,0.02903058957806402,0.4203338103929545,0.3990713103929544,0.4258463103929544,0.34979631039295445,0.34979631039295445,1.0,1.0,0.0,0.0,0.0,0.0,0.0,0.0,0.4343324999999998,0.02903058957806402,0.4504874999999998,0.42922499999999975,0.45599999999999974,0.3799499999999998,0.3799499999999998,1.0,1.0,1.0,0.0,0.0,0.0,0.0,0.0,0.0,0.0,0.0,0.0,0.0,0.4343324999999998,0.02903058957806402,0.4504874999999998,0.42922499999999975,0.45599999999999974,0.3799499999999998,0.3799499999999998,1.0,1.0,1.0,0.0,0.0,0.0,0.0,0.0,0.0,0.0,0.0,0.0,0.0,0.4343324999999998,0.02903058957806402,0.4504874999999998,0.42922499999999975,0.45599999999999974,0.3799499999999998,0.3799499999999998,1.0,1.0,1.0,0.0,0.0,0.0,0.0,0.0,0.0,0.0,0.0,0.0,0.0,0.4343324999999998,0.02903058957806402,0.4504874999999998,0.42922499999999975,0.45599999999999974,0.3799499999999998,0.3799499999999998,1.0,1.0,1.0,0.0,0.0,0.0,0.0,0.0,0.0,0.0,0.0,0.0,0.0,1.0,0.0,0.0,0.0,0.0,0.0,0.0,1.0,0.0,0.0,1.0,0.0,0.0,1.0,0.0,0.0,1.0,0.0,0.0,0.0,0.0,0.0,0.0,0.0,0.0,0.0,0.0,0.0,0.0,0.0,0.0,1.0,1.0,1.0,0.0,0.0,0.0,0.0,0.0,0.0,0.0,0,0,0.0,0.0,0.0,0.0,0.0,0.0,0.0,0.0,0.0,0.0,0.0,1.0,0.0,0.0,0.0,0.0,0.0,-0.23229083333326508,0.0,0.0,0.0,0.8166666666666668,0.8166666666666668,0,0,0,0,C1,0.0,0.0,0.4343324999999998,1.0,1.0,0.0,0.0,0.0,0.4343324999999998
phaseflip,phaseflip,0.15,4,0.5,0.1,10,qiskit_aer,1,1,0.5656675,0.20954979166666668,0.6555555555555556,0.21666666666666667,0.0,0.0,0.0,1.0,0.4343324999999998,0.02903058957806402,0.4504874999999998,0.42922499999999975,0.45599999999999974,0.3799499999999998,0.3799499999999998,1.0,0.9,1.0,0.0,0.0,0.0,0.0,0.0,0.40417881039295445,0.02903058957806402,0.4203338103929545,0.3990713103929544,0.4258463103929544,0.34979631039295445,0.34979631039295445,1.0,1.0,0.0,0.0,0.0,0.0,0.0,0.0,0.43131713103929525,0.029333002789418364,0.44261249999999974,0.41842223279471585,0.45599999999999974,0.3799499999999998,0.3799499999999998,1.0,1.0,0.9,0.0,0.0,0.0,0.0,0.0,0.0,0.003015368960704534,0.030153689607045342,0.016584529283874903,0.030153689607045342,0.43131713103929525,0.029333002789418364,0.44261249999999974,0.41842223279471585,0.45599999999999974,0.3799499999999998,0.3799499999999998,1.0,1.0,0.9,0.0,0.0,0.0,0.0,0.0,0.0,0.003015368960704534,0.030153689607045342,0.016584529283874903,0.030153689607045342,0.43131713103929525,0.029333002789418364,0.44261249999999974,0.41842223279471585,0.45599999999999974,0.3799499999999998,0.3799499999999998,1.0,1.0,0.9,0.0,0.0,0.0,0.0,0.0,0.0,0.003015368960704534,0.030153689607045342,0.016584529283874903,0.030153689607045342,0.43131713103929525,0.029333002789418364,0.44261249999999974,0.41842223279471585,0.45599999999999974,0.3799499999999998,0.3799499999999998,1.0,1.0,0.9,0.0,0.0,0.0,0.0,0.0,0.0,0.003015368960704534,0.030153689607045342,0.016584529283874903,0.030153689607045342,1.0,0.1,0.1,0.1,0.1,0.0,0.1,0.9,0.0,0.1,0.9,0.0,0.1,0.9,0.0,0.1,0.9,0.0,0.1,0.0,0.1,0.1,0.1,0.1,0.1,0.0,0.0,0.0,0.0,0.1,0.1,1.0,1.0,0.9,0.1,1.0,1.0,1.0,1.0,1.0,1.0,1,0,0.0,0.0,0.1,0.0,0.0,0.0,0.0,0.0,0.0,0.0,0.0,1.0,0.0,0.0,0.0,0.0,0.0,-0.009549791666587959,2.166112591183837e-21,2.166112591183837e-21,0.0,0.9133333333333333,0.9166666666666666,0,0,0,0,C1,0.0,0.0,0.43131713103929525,0.9,1.0,0.1,0.0,0.0,0.43131713103929525
phaseflip,phaseflip,0.15,4,0.75,0.0,10,qiskit_aer,1,1,0.5656675,0.1692420138888889,0.7,0.35,0.0,0.0,0.0,1.0,0.4343324999999998,0.02903058957806402,0.4504874999999998,0.42922499999999975,0.45599999999999974,0.3799499999999998,0.3799499999999998,1.0,1.0,1.0,0.0,0.0,0.0,0.0,0.0,0.40417881039295445,0.02903058957806402,0.4203338103929545,0.3990713103929544,0.4258463103929544,0.34979631039295445,0.34979631039295445,1.0,1.0,0.0,0.0,0.0,0.0,0.0,0.0,0.4343324999999998,0.02903058957806402,0.4504874999999998,0.42922499999999975,0.45599999999999974,0.3799499999999998,0.3799499999999998,1.0,1.0,1.0,0.0,0.0,0.0,0.0,0.0,0.0,0.0,0.0,0.0,0.0,0.4343324999999998,0.02903058957806402,0.4504874999999998,0.42922499999999975,0.45599999999999974,0.3799499999999998,0.3799499999999998,1.0,1.0,1.0,0.0,0.0,0.0,0.0,0.0,0.0,0.0,0.0,0.0,0.0,0.4343324999999998,0.02903058957806402,0.4504874999999998,0.42922499999999975,0.45599999999999974,0.3799499999999998,0.3799499999999998,1.0,1.0,1.0,0.0,0.0,0.0,0.0,0.0,0.0,0.0,0.0,0.0,0.0,0.4343324999999998,0.02903058957806402,0.4504874999999998,0.42922499999999975,0.45599999999999974,0.3799499999999998,0.3799499999999998,1.0,1.0,1.0,0.0,0.0,0.0,0.0,0.0,0.0,0.0,0.0,0.0,0.0,1.0,0.0,0.0,0.0,0.0,0.0,0.0,1.0,0.0,0.0,1.0,0.0,0.0,1.0,0.0,0.0,1.0,0.0,0.0,0.0,0.0,0.0,0.0,0.0,0.0,0.0,0.0,0.0,0.0,0.0,0.0,1.0,1.0,0.0,0.0,0.0,0.0,0.0,0.0,0.0,0.0,0,0,0.0,0.0,0.0,0.0,0.0,0.0,0.0,0.0,0.0,0.0,0.0,1.0,0.0,0.0,0.0,0.0,0.0,-0.1692420138888207,0.0,0.0,0.0,1.0,1.1,0,0,0,0,C1,0.0,0.0,0.4343324999999998,1.0,1.0,0.0,0.0,0.0,0.4343324999999998
phaseflip,phaseflip,0.15,4,0.75,0.03,10,qiskit_aer,1,1,0.5656675,0.16625041666666668,0.7333333333333333,0.35,0.0,0.0,0.0,1.0,0.4343324999999998,0.02903058957806402,0.4504874999999998,0.42922499999999975,0.45599999999999974,0.3799499999999998,0.3799499999999998,1.0,1.0,1.0,0.0,0.0,0.0,0.0,0.0,0.40417881039295445,0.02903058957806402,0.4203338103929545,0.3990713103929544,0.4258463103929544,0.34979631039295445,0.34979631039295445,1.0,1.0,0.0,0.0,0.0,0.0,0.0,0.0,0.4343324999999998,0.02903058957806402,0.4504874999999998,0.42922499999999975,0.45599999999999974,0.3799499999999998,0.3799499999999998,1.0,1.0,1.0,0.0,0.0,0.0,0.0,0.0,0.0,0.0,0.0,0.0,0.0,0.4343324999999998,0.02903058957806402,0.4504874999999998,0.42922499999999975,0.45599999999999974,0.3799499999999998,0.3799499999999998,1.0,1.0,1.0,0.0,0.0,0.0,0.0,0.0,0.0,0.0,0.0,0.0,0.0,0.4343324999999998,0.02903058957806402,0.4504874999999998,0.42922499999999975,0.45599999999999974,0.3799499999999998,0.3799499999999998,1.0,1.0,1.0,0.0,0.0,0.0,0.0,0.0,0.0,0.0,0.0,0.0,0.0,0.4343324999999998,0.02903058957806402,0.4504874999999998,0.42922499999999975,0.45599999999999974,0.3799499999999998,0.3799499999999998,1.0,1.0,1.0,0.0,0.0,0.0,0.0,0.0,0.0,0.0,0.0,0.0,0.0,1.0,0.0,0.0,0.0,0.0,0.0,0.0,1.0,0.0,0.0,1.0,0.0,0.0,1.0,0.0,0.0,1.0,0.0,0.0,0.0,0.0,0.0,0.0,0.0,0.0,0.0,0.0,0.0,0.0,0.0,0.0,1.0,1.0,0.0,0.0,0.0,0.0,0.0,0.0,0.0,0.0,0,0,0.0,0.0,0.0,0.0,0.0,0.0,0.0,0.0,0.0,0.0,0.0,1.0,0.0,0.0,0.0,0.0,0.0,-0.16625041666659843,0.0,0.0,0.0,1.0,1.1600000000000001,0,0,0,0,C1,0.0,0.0,0.4343324999999998,1.0,1.0,0.0,0.0,0.0,0.4343324999999998
phaseflip,phaseflip,0.15,4,0.75,0.05,10,qiskit_aer,1,1,0.5656675,0.18787659722222225,0.7777777777777778,0.35,0.0,0.0,0.0,1.0,0.4343324999999998,0.02903058957806402,0.4504874999999998,0.42922499999999975,0.45599999999999974,0.3799499999999998,0.3799499999999998,1.0,1.0,1.0,0.0,0.0,0.0,0.0,0.0,0.40417881039295445,0.02903058957806402,0.4203338103929545,0.3990713103929544,0.4258463103929544,0.34979631039295445,0.34979631039295445,1.0,1.0,0.0,0.0,0.0,0.0,0.0,0.0,0.4343324999999998,0.02903058957806402,0.4504874999999998,0.42922499999999975,0.45599999999999974,0.3799499999999998,0.3799499999999998,1.0,1.0,1.0,0.0,0.0,0.0,0.0,0.0,0.0,0.0,0.0,0.0,0.0,0.4343324999999998,0.02903058957806402,0.4504874999999998,0.42922499999999975,0.45599999999999974,0.3799499999999998,0.3799499999999998,1.0,1.0,1.0,0.0,0.0,0.0,0.0,0.0,0.0,0.0,0.0,0.0,0.0,0.4343324999999998,0.02903058957806402,0.4504874999999998,0.42922499999999975,0.45599999999999974,0.3799499999999998,0.3799499999999998,1.0,1.0,1.0,0.0,0.0,0.0,0.0,0.0,0.0,0.0,0.0,0.0,0.0,0.4343324999999998,0.02903058957806402,0.4504874999999998,0.42922499999999975,0.45599999999999974,0.3799499999999998,0.3799499999999998,1.0,1.0,1.0,0.0,0.0,0.0,0.0,0.0,0.0,0.0,0.0,0.0,0.0,1.0,0.0,0.0,0.0,0.0,0.0,0.0,1.0,0.0,0.0,1.0,0.0,0.0,1.0,0.0,0.0,1.0,0.0,0.0,0.0,0.0,0.0,0.0,0.0,0.0,0.0,0.0,0.0,0.0,0.0,0.0,1.0,1.0,0.0,0.0,0.0,0.0,0.0,0.0,0.0,0.0,0,0,0.0,0.0,0.0,0.0,0.0,0.0,0.0,0.0,0.0,0.0,0.0,1.0,0.0,0.0,0.0,0.0,0.0,-0.18787659722216432,0.0,0.0,0.0,1.0,1.2000000000000002,0,0,0,0,C1,0.0,0.0,0.4343324999999998,1.0,1.0,0.0,0.0,0.0,0.4343324999999998
phaseflip,phaseflip,0.15,4,0.75,0.1,10,qiskit_aer,1,1,0.5656675,0.17451722222222224,0.8555555555555555,0.35,0.0,0.0,0.0,1.0,0.4343324999999998,0.02903058957806402,0.4504874999999998,0.42922499999999975,0.45599999999999974,0.3799499999999998,0.3799499999999998,1.0,0.9,1.0,0.0,0.0,0.0,0.0,0.0,0.40417881039295445,0.02903058957806402,0.4203338103929545,0.3990713103929544,0.4258463103929544,0.34979631039295445,0.34979631039295445,1.0,1.0,0.0,0.0,0.0,0.0,0.0,0.0,0.43131713103929525,0.029333002789418364,0.44261249999999974,0.41842223279471585,0.45599999999999974,0.3799499999999998,0.3799499999999998,1.0,1.0,0.9,0.0,0.0,0.0,0.0,0.0,0.0,0.003015368960704534,0.030153689607045342,0.016584529283874903,0.030153689607045342,0.43131713103929525,0.029333002789418364,0.44261249999999974,0.41842223279471585,0.45599999999999974,0.3799499999999998,0.3799499999999998,1.0,1.0,0.9,0.0,0.0,0.0,0.0,0.0,0.0,0.003015368960704534,0.030153689607045342,0.016584529283874903,0.030153689607045342,0.43131713103929525,0.029333002789418364,0.44261249999999974,0.41842223279471585,0.45599999999999974,0.3799499999999998,0.3799499999999998,1.0,1.0,0.9,0.0,0.0,0.0,0.0,0.0,0.0,0.003015368960704534,0.030153689607045342,0.016584529283874903,0.030153689607045342,0.4343324999999998,0.02903058957806402,0.4504874999999998,0.42922499999999975,0.45599999999999974,0.3799499999999998,0.3799499999999998,1.0,0.9,1.0,0.0,0.0,0.0,0.0,0.0,2.166112591183837e-21,0.0,0.0,0.0,0.0,1.0,0.1,0.1,0.1,0.0,0.1,0.1,0.9,0.0,0.1,0.9,0.0,0.1,0.9,0.0,0.0,1.0,0.0,0.1,0.0,0.1,0.1,0.0,0.1,0.1,0.1,0.0,0.0,0.0,0.1,0.1,1.0,1.0,0.0,0.0,1.0,1.0,1.0,1.0,0.0,0.0,1,1,0.1,1.0,0.1,0.0,0.1,0.0,1.0,0.0,1.0,1.0,0.0,1.0,0.030153689607045342,0.0,0.030153689607045342,0.003015368960704534,0.030153689607045342,0.02548277777785657,2.166112591183837e-21,2.166112591183837e-21,0.0,1.0,1.3,0,0,0,1,C3R,0.0,0.0,0.4343324999999998,1.0,1.0,0.0,0.0,0.0,0.4343324999999998
phaseflip,phaseflip,0.15,4,1.0,0.0,10,qiskit_aer,1,1,0.5656675,0.10175347222222222,1.0,0.5,0.0,0.0,0.0,1.0,0.4343324999999998,0.02903058957806402,0.4504874999999998,0.42922499999999975,0.45599999999999974,0.3799499999999998,0.3799499999999998,1.0,1.0,1.0,0.0,0.0,0.0,0.0,0.0,0.40417881039295445,0.02903058957806402,0.4203338103929545,0.3990713103929544,0.4258463103929544,0.34979631039295445,0.34979631039295445,1.0,1.0,0.0,0.0,0.0,0.0,0.0,0.0,0.4343324999999998,0.02903058957806402,0.4504874999999998,0.42922499999999975,0.45599999999999974,0.3799499999999998,0.3799499999999998,1.0,1.0,1.0,0.0,0.0,0.0,0.0,0.0,0.0,0.0,0.0,0.0,0.0,0.4343324999999998,0.02903058957806402,0.4504874999999998,0.42922499999999975,0.45599999999999974,0.3799499999999998,0.3799499999999998,1.0,1.0,1.0,0.0,0.0,0.0,0.0,0.0,0.0,0.0,0.0,0.0,0.0,0.4343324999999998,0.02903058957806402,0.4504874999999998,0.42922499999999975,0.45599999999999974,0.3799499999999998,0.3799499999999998,1.0,1.0,1.0,0.0,0.0,0.0,0.0,0.0,0.0,0.0,0.0,0.0,0.0,0.4343324999999998,0.02903058957806402,0.4504874999999998,0.42922499999999975,0.45599999999999974,0.3799499999999998,0.3799499999999998,1.0,1.0,1.0,0.0,0.0,0.0,0.0,0.0,0.0,0.0,0.0,0.0,0.0,1.0,0.0,0.0,0.0,0.0,0.0,0.0,1.0,0.0,0.0,1.0,0.0,0.0,1.0,0.0,0.0,1.0,0.0,0.0,0.0,0.0,0.0,0.0,0.0,0.0,0.0,0.0,0.0,0.0,0.0,0.0,1.0,1.0,0.0,0.0,0.0,0.0,0.0,0.0,0.0,0.0,0,0,0.0,0.0,0.0,0.0,0.0,0.0,0.0,0.0,0.0,0.0,0.0,1.0,0.0,0.0,0.0,0.0,0.0,-0.10175347222215403,0.0,0.0,0.0,1.0,1.5,0,0,0,0,C1,0.0,0.0,0.4343324999999998,1.0,1.0,0.0,0.0,0.0,0.4343324999999998
phaseflip,phaseflip,0.15,4,1.0,0.03,10,qiskit_aer,1,1,0.5656675,0.10048423611111112,1.0,0.5,0.0,0.0,0.0,1.0,0.4343324999999998,0.02903058957806402,0.4504874999999998,0.42922499999999975,0.45599999999999974,0.3799499999999998,0.3799499999999998,1.0,0.9,1.0,0.0,0.0,0.0,0.0,0.0,0.40417881039295445,0.02903058957806402,0.4203338103929545,0.3990713103929544,0.4258463103929544,0.34979631039295445,0.34979631039295445,1.0,1.0,0.0,0.0,0.0,0.0,0.0,0.0,0.43131713103929525,0.029333002789418364,0.44261249999999974,0.41842223279471585,0.45599999999999974,0.3799499999999998,0.3799499999999998,1.0,1.0,0.9,0.0,0.0,0.0,0.0,0.0,0.0,0.003015368960704534,0.030153689607045342,0.016584529283874903,0.030153689607045342,0.43131713103929525,0.029333002789418364,0.44261249999999974,0.41842223279471585,0.45599999999999974,0.3799499999999998,0.3799499999999998,1.0,1.0,0.9,0.0,0.0,0.0,0.0,0.0,0.0,0.003015368960704534,0.030153689607045342,0.016584529283874903,0.030153689607045342,0.43131713103929525,0.029333002789418364,0.44261249999999974,0.41842223279471585,0.45599999999999974,0.3799499999999998,0.3799499999999998,1.0,1.0,0.9,0.0,0.0,0.0,0.0,0.0,0.0,0.003015368960704534,0.030153689607045342,0.016584529283874903,0.030153689607045342,0.4343324999999998,0.02903058957806402,0.4504874999999998,0.42922499999999975,0.45599999999999974,0.3799499999999998,0.3799499999999998,1.0,0.9,1.0,0.0,0.0,0.0,0.0,0.0,2.166112591183837e-21,0.0,0.0,0.0,0.0,1.0,0.1,0.1,0.1,0.0,0.1,0.1,0.9,0.0,0.1,0.9,0.0,0.1,0.9,0.0,0.0,1.0,0.0,0.1,0.0,0.1,0.1,0.0,0.1,0.1,0.1,0.0,0.0,0.0,0.1,0.1,1.0,1.0,0.0,0.0,1.0,1.0,1.0,1.0,0.0,0.0,1,1,0.1,1.0,0.1,0.0,0.1,0.0,1.0,0.0,1.0,1.0,0.0,1.0,0.030153689607045342,0.0,0.030153689607045342,0.003015368960704534,0.030153689607045342,0.0995157638889677,2.166112591183837e-21,2.166112591183837e-21,0.0,1.0,1.56,0,0,0,1,C3R,0.0,0.0,0.4343324999999998,1.0,1.0,0.0,0.0,0.0,0.4343324999999998
phaseflip,phaseflip,0.15,4,1.0,0.05,10,qiskit_aer,1,1,0.5656675,0.10841854166666667,1.0,0.5,0.0,0.0,0.0,1.0,0.4343324999999998,0.02903058957806402,0.4504874999999998,0.42922499999999975,0.45599999999999974,0.3799499999999998,0.3799499999999998,1.0,1.0,1.0,0.0,0.0,0.0,0.0,0.0,0.40417881039295445,0.02903058957806402,0.4203338103929545,0.3990713103929544,0.4258463103929544,0.34979631039295445,0.34979631039295445,1.0,1.0,0.0,0.0,0.0,0.0,0.0,0.0,0.4343324999999998,0.02903058957806402,0.4504874999999998,0.42922499999999975,0.45599999999999974,0.3799499999999998,0.3799499999999998,1.0,1.0,1.0,0.0,0.0,0.0,0.0,0.0,0.0,0.0,0.0,0.0,0.0,0.4343324999999998,0.02903058957806402,0.4504874999999998,0.42922499999999975,0.45599999999999974,0.3799499999999998,0.3799499999999998,1.0,1.0,1.0,0.0,0.0,0.0,0.0,0.0,0.0,0.0,0.0,0.0,0.0,0.4343324999999998,0.02903058957806402,0.4504874999999998,0.42922499999999975,0.45599999999999974,0.3799499999999998,0.3799499999999998,1.0,1.0,1.0,0.0,0.0,0.0,0.0,0.0,0.0,0.0,0.0,0.0,0.0,0.4343324999999998,0.02903058957806402,0.4504874999999998,0.42922499999999975,0.45599999999999974,0.3799499999999998,0.3799499999999998,1.0,1.0,1.0,0.0,0.0,0.0,0.0,0.0,0.0,0.0,0.0,0.0,0.0,1.0,0.0,0.0,0.0,0.0,0.0,0.0,1.0,0.0,0.0,1.0,0.0,0.0,1.0,0.0,0.0,1.0,0.0,0.0,0.0,0.0,0.0,0.0,0.0,0.0,0.0,0.0,0.0,0.0,0.0,0.0,1.0,1.0,0.0,0.0,0.0,0.0,0.0,0.0,0.0,0.0,0,0,0.0,0.0,0.0,0.0,0.0,0.0,0.0,0.0,0.0,0.0,0.0,1.0,0.0,0.0,0.0,0.0,0.0,-0.10841854166659837,0.0,0.0,0.0,1.0,1.6,0,0,0,0,C1,0.0,0.0,0.4343324999999998,1.0,1.0,0.0,0.0,0.0,0.4343324999999998
phaseflip,phaseflip,0.15,4,1.0,0.1,10,qiskit_aer,1,1,0.5656675,0.09474416666666667,1.0,0.5,0.0,0.0,0.0,1.0,0.4343324999999998,0.02903058957806402,0.4504874999999998,0.42922499999999975,0.45599999999999974,0.3799499999999998,0.3799499999999998,1.0,0.9,1.0,0.0,0.0,0.0,0.0,0.0,0.40417881039295445,0.02903058957806402,0.4203338103929545,0.3990713103929544,0.4258463103929544,0.34979631039295445,0.34979631039295445,1.0,1.0,0.0,0.0,0.0,0.0,0.0,0.0,0.43131713103929525,0.029333002789418364,0.44261249999999974,0.41842223279471585,0.45599999999999974,0.3799499999999998,0.3799499999999998,1.0,1.0,0.9,0.0,0.0,0.0,0.0,0.0,0.0,0.003015368960704534,0.030153689607045342,0.016584529283874903,0.030153689607045342,0.43131713103929525,0.029333002789418364,0.44261249999999974,0.41842223279471585,0.45599999999999974,0.3799499999999998,0.3799499999999998,1.0,1.0,0.9,0.0,0.0,0.0,0.0,0.0,0.0,0.003015368960704534,0.030153689607045342,0.016584529283874903,0.030153689607045342,0.43131713103929525,0.029333002789418364,0.44261249999999974,0.41842223279471585,0.45599999999999974,0.3799499999999998,0.3799499999999998,1.0,1.0,0.9,0.0,0.0,0.0,0.0,0.0,0.0,0.003015368960704534,0.030153689607045342,0.016584529283874903,0.030153689607045342,0.4343324999999998,0.02903058957806402,0.4504874999999998,0.42922499999999975,0.45599999999999974,0.3799499999999998,0.3799499999999998,1.0,0.9,1.0,0.0,0.0,0.0,0.0,0.0,2.166112591183837e-21,0.0,0.0,0.0,0.0,1.0,0.1,0.1,0.1,0.0,0.1,0.1,0.9,0.0,0.1,0.9,0.0,0.1,0.9,0.0,0.0,1.0,0.0,0.1,0.0,0.1,0.1,0.0,0.1,0.1,0.1,0.0,0.0,0.0,0.1,0.1,1.0,1.0,0.0,0.0,1.0,1.0,1.0,1.0,0.0,0.0,1,1,0.1,1.0,0.1,0.0,0.1,0.0,1.0,0.0,1.0,1.0,0.0,1.0,0.030153689607045342,0.0,0.030153689607045342,0.003015368960704534,0.030153689607045342,0.10525583333341207,2.166112591183837e-21,2.166112591183837e-21,0.0,1.0,1.7000000000000002,0,0,0,1,C3R,0.0,0.0,0.4343324999999998,1.0,1.0,0.0,0.0,0.0,0.4343324999999998
