code_family,noise_family,noise_strength,noise_depth,syndrome_noise_prob,cases,backend,code_count,noise_family_count,true_syndrome_mean_no_error_mean,observed_syndrome_mean_no_error_mean,syndrome_corruption_rate,syndrome_information_loss_mean,observed_syndrome_consistent_rate,true_syndrome_consistent_rate,partial_syndrome_case_rate,ambiguous_syndrome_case_rate,fid_gain_A_mean,fid_gain_A_std,fid_gain_A_median,fid_gain_A_p25,fid_gain_A_p75,fid_gain_q05_A,fid_gain_cvar05_A,nonworsen_rate_A,admissible_rate_A,logical_success_rate_A,false_safe_rate_A,false_safe_fidelity_rate_A,failure_boundary_rate_A,observed_failure_boundary_rate_A,true_failure_boundary_rate_A,fid_gain_B_mean,fid_gain_B_std,fid_gain_B_median,fid_gain_B_p25,fid_gain_B_p75,fid_gain_q05_B,fid_gain_cvar05_B,nonworsen_rate_B,admissible_rate_B,logical_success_rate_B,false_safe_rate_B,false_safe_fidelity_rate_B,failure_boundary_rate_B,observed_failure_boundary_rate_B,true_failure_boundary_rate_B,fid_gain_C1_mean,fid_gain_C1_std,fid_gain_C1_median,fid_gain_C1_p25,fid_gain_C1_p75,fid_gain_q05_C1,fid_gain_cvar05_C1,nonworsen_rate_C1,admissible_rate_C1,logical_success_rate_C1,false_safe_rate_C1,false_safe_fidelity_rate_C1,failure_boundary_rate_C1,observed_failure_boundary_rate_C1,true_failure_boundary_rate_C1,chosen_candidate_violation_mean_C1,oracle_regret_mean_C1,oracle_regret_sum_C1,oracle_regret_q95_C1,oracle_regret_cvar95_C1,fid_gain_C2_mean,fid_gain_C2_std,fid_gain_C2_median,fid_gain_C2_p25,fid_gain_C2_p75,fid_gain_q05_C2,fid_gain_cvar05_C2,nonworsen_rate_C2,admissible_rate_C2,logical_success_rate_C2,false_safe_rate_C2,false_safe_fidelity_rate_C2,failure_boundary_rate_C2,observed_failure_boundary_rate_C2,true_failure_boundary_rate_C2,chosen_candidate_violation_mean_C2,oracle_regret_mean_C2,oracle_regret_sum_C2,oracle_regret_q95_C2,oracle_regret_cvar95_C2,fid_gain_C3_mean,fid_gain_C3_std,fid_gain_C3_median,fid_gain_C3_p25,fid_gain_C3_p75,fid_gain_q05_C3,fid_gain_cvar05_C3,nonworsen_rate_C3,admissible_rate_C3,logical_success_rate_C3,false_safe_rate_C3,false_safe_fidelity_rate_C3,failure_boundary_rate_C3,observed_failure_boundary_rate_C3,true_failure_boundary_rate_C3,chosen_candidate_violation_mean_C3,oracle_regret_mean_C3,oracle_regret_sum_C3,oracle_regret_q95_C3,oracle_regret_cvar95_C3,fid_gain_C3R_mean,fid_gain_C3R_std,fid_gain_C3R_median,fid_gain_C3R_p25,fid_gain_C3R_p75,fid_gain_q05_C3R,fid_gain_cvar05_C3R,nonworsen_rate_C3R,admissible_rate_C3R,logical_success_rate_C3R,false_safe_rate_C3R,false_safe_fidelity_rate_C3R,failure_boundary_rate_C3R,observed_failure_boundary_rate_C3R,true_failure_boundary_rate_C3R,chosen_candidate_violation_mean_C3R,oracle_regret_mean_C3R,oracle_regret_sum_C3R,oracle_regret_q95_C3R,oracle_regret_cvar95_C3R,decision_disagreement_rate_AB,decision_disagreement_rate_C1A,decision_disagreement_rate_C2A,decision_disagreement_rate_C3A,decision_disagreement_rate_C3RA,decision_disagreement_rate_C3R_vs_C2,chosen_B_rate_C1,safe_case_retention_rate_C1,risky_case_capture_rate_C1,chosen_B_rate_C2,safe_case_retention_rate_C2,risky_case_capture_rate_C2,chosen_B_rate_C3,safe_case_retention_rate_C3,risky_case_capture_rate_C3,chosen_B_rate_C3R,safe_case_retention_rate_C3R,risky_case_capture_rate_C3R,veto_rate_C1,tie_break_rate_C1,weighted_score_switch_rate_C2,weighted_score_switch_rate_C3,weighted_score_switch_rate_C3R,veto_rate_C2,veto_rate_C3,veto_rate_C3R,tie_break_rate_C2,tie_break_rate_C3,tie_break_rate_C3R,c3r_gate_c2_switch_rate,c3r_gate_score_margin_rate,c3r_gate_leave_A_rate,c3r_gate_B_safe_rate,c3r_gate_uncertainty_rate,c3r_allow_B_rate,c3r_gate_c2_switch_rate_given_c2_B,c3r_gate_score_margin_rate_given_c2_B,c3r_gate_leave_A_rate_given_c2_B,c3r_gate_B_safe_rate_given_c2_B,c3r_gate_uncertainty_rate_given_c2_B,c3r_allow_B_rate_given_c2_B,c2_B_count,c3r_block_count,c3r_blocks_c2_switch_rate,c3r_block_rate_given_c2_B,c3r_harmful_c2_switch_rate,c3r_beneficial_c2_switch_rate,c3r_prevented_harmful_switch_rate,c3r_missed_beneficial_switch_rate,c3r_prevented_harmful_switch_rate_given_block,c3r_missed_beneficial_switch_rate_given_block,c3r_harmful_block_precision,c3r_harmful_switch_recall,c3r_beneficial_switch_block_rate,c3r_beneficial_switch_retention,c3r_prevented_loss_sum,c3r_missed_gain_sum,c3r_net_intervention_gain,c3r_intervention_gain_mean,c3r_intervention_gain_sum,c3r_score_margin_mean,c3r_structural_margin_mean,c3r_violation_A_mean,c3r_violation_B_mean,c3r_syndrome_uncertainty_mean,c3r_raw_syndrome_uncertainty_mean,c3r_blocked_by_score_margin_count,c3r_blocked_by_leave_A_count,c3r_blocked_by_B_safe_count,c3r_blocked_by_uncertainty_count,preferred_policy,preferred_false_safe_fidelity_rate,preferred_false_safe_rate,preferred_fid_gain_mean,preferred_logical_success_rate,preferred_nonworsen_rate,preferred_chosen_B_rate,min_false_safe_fidelity_rate,min_false_safe_rate,max_fid_gain_mean_within_safety_band
phaseflip,dephasing,0.01,1,0.0,10,qiskit_aer,1,1,0.9950000000000002,0.9950000000000002,0.0,0.0,1.0,1.0,0.0,0.0,0.004999999999999738,8.881801137644041e-17,0.004999999999999782,0.004999999999999782,0.004999999999999782,0.00499999999999956,0.004999999999999738,1.0,0.1,1.0,0.9,0.0,0.0,0.0,0.0,-0.025153689607045605,8.882055243408597e-17,-0.02515368960704556,-0.02515368960704556,-0.02515368960704556,-0.02515368960704578,-0.025153689607045605,0.0,1.0,0.0,0.0,1.0,1.0,1.0,1.0,-0.025153689607045605,8.882055243408597e-17,-0.02515368960704556,-0.02515368960704556,-0.02515368960704556,-0.02515368960704578,-0.025153689607045605,0.0,1.0,0.0,0.0,1.0,1.0,1.0,1.0,0.0,0.030153689607045342,0.3015368960704534,0.030153689607045342,0.030153689607045342,-0.02213832064634107,0.009046106882113544,-0.02515368960704556,-0.02515368960704556,-0.02515368960704556,-0.02515368960704568,-0.025153689607045584,0.1,1.0,0.1,0.0,0.9,0.9,0.9,0.9,0.0,0.027138320646340808,0.2713832064634081,0.030153689607045342,0.030153689607045342,-0.02213832064634107,0.009046106882113544,-0.02515368960704556,-0.02515368960704556,-0.02515368960704556,-0.02515368960704568,-0.025153689607045584,0.1,1.0,0.1,0.0,0.9,0.9,0.9,0.9,0.0,0.027138320646340808,0.2713832064634081,0.030153689607045342,0.030153689607045342,-0.02213832064634107,0.009046106882113544,-0.02515368960704556,-0.02515368960704556,-0.02515368960704556,-0.02515368960704568,-0.025153689607045584,0.1,1.0,0.1,0.0,0.9,0.9,0.9,0.9,0.0,0.027138320646340808,0.2713832064634081,0.030153689607045342,0.030153689607045342,1.0,1.0,0.9,0.9,0.9,0.0,1.0,0.0,1.0,0.9,1.0,1.0,0.9,1.0,1.0,0.9,1.0,1.0,0.9,0.1,0.9,0.9,0.9,0.9,0.9,0.0,0.0,0.0,0.0,0.9,0.9,1.0,1.0,1.0,0.9,1.0,1.0,1.0,1.0,1.0,1.0,9,0,0.0,0.0,0.9,0.0,0.0,0.0,0.0,0.0,0.0,0.0,0.0,1.0,0.0,0.0,0.0,0.0,0.0,0.8050000735983388,0.09355399591932642,0.09355399591932642,0.0,0.0,0.0,0,0,0,0,C2,0.9,0.0,-0.02213832064634107,0.1,0.1,0.9,0.9,0.0,-0.02213832064634107
phaseflip,dephasing,0.01,1,0.01,10,qiskit_aer,1,1,0.9950000000000002,0.9286666666666669,0.03333333333333333,0.0,0.4,1.0,0.0,0.0,0.004999999999999738,8.881801137644041e-17,0.004999999999999782,0.004999999999999782,0.004999999999999782,0.00499999999999956,0.004999999999999738,1.0,0.2,1.0,0.4,0.0,0.0,0.0,0.0,-0.025153689607045605,8.882055243408597e-17,-0.02515368960704556,-0.02515368960704556,-0.02515368960704556,-0.02515368960704578,-0.025153689607045605,0.0,1.0,0.0,0.0,1.0,0.4,0.4,1.0,-0.019122951685636536,0.012061475842818048,-0.02515368960704556,-0.02515368960704556,-0.02515368960704556,-0.02515368960704556,-0.02515368960704556,0.2,1.0,0.2,0.0,0.8,0.4,0.4,0.8,0.0,0.024122951685636274,0.24122951685636274,0.030153689607045342,0.030153689607045342,-0.019122951685636536,0.012061475842818048,-0.02515368960704556,-0.02515368960704556,-0.02515368960704556,-0.02515368960704556,-0.02515368960704556,0.2,1.0,0.2,0.0,0.8,0.4,0.4,0.8,0.0,0.024122951685636274,0.24122951685636274,0.030153689607045342,0.030153689607045342,-0.019122951685636536,0.012061475842818048,-0.02515368960704556,-0.02515368960704556,-0.02515368960704556,-0.02515368960704556,-0.02515368960704556,0.2,1.0,0.2,0.0,0.8,0.4,0.4,0.8,0.0,0.024122951685636274,0.24122951685636274,0.030153689607045342,0.030153689607045342,-0.019122951685636536,0.012061475842818048,-0.02515368960704556,-0.02515368960704556,-0.02515368960704556,-0.02515368960704556,-0.02515368960704556,0.2,1.0,0.2,0.0,0.8,0.4,0.4,0.8,0.0,0.024122951685636274,0.24122951685636274,0.030153689607045342,0.030153689607045342,1.0,0.8,0.8,0.8,0.8,0.0,0.8,0.3333333333333333,1.0,0.8,0.3333333333333333,1.0,0.8,0.3333333333333333,1.0,0.8,0.3333333333333333,1.0,0.8,0.0,0.8,0.8,0.8,0.8,0.8,0.0,0.0,0.0,0.0,0.8,0.8,1.0,1.0,1.0,0.8,1.0,1.0,1.0,1.0,1.0,1.0,8,0,0.0,0.0,0.8,0.0,0.0,0.0,0.0,0.0,0.0,0.0,0.0,1.0,0.0,0.0,0.0,0.0,0.0,0.6713334069316722,0.09490142436195588,0.09490142436195588,0.0,0.01,0.01,0,0,0,0,C1,0.8,0.0,-0.019122951685636536,0.2,0.2,0.8,0.8,0.0,-0.019122951685636536
phaseflip,dephasing,0.01,1,0.03,10,qiskit_aer,1,1,0.9950000000000002,0.8512777777777779,0.1111111111111111,0.0,0.4,1.0,0.0,0.0,0.004999999999999738,8.881801137644041e-17,0.004999999999999782,0.004999999999999782,0.004999999999999782,0.00499999999999956,0.004999999999999738,1.0,0.2,1.0,0.4,0.0,0.0,0.0,0.0,-0.025153689607045605,8.882055243408597e-17,-0.02515368960704556,-0.02515368960704556,-0.02515368960704556,-0.02515368960704578,-0.025153689607045605,0.0,1.0,0.0,0.0,1.0,0.4,0.4,1.0,-0.019122951685636536,0.012061475842818048,-0.02515368960704556,-0.02515368960704556,-0.02515368960704556,-0.02515368960704556,-0.02515368960704556,0.2,1.0,0.2,0.0,0.8,0.4,0.4,0.8,0.0,0.024122951685636274,0.24122951685636274,0.030153689607045342,0.030153689607045342,-0.019122951685636536,0.012061475842818048,-0.02515368960704556,-0.02515368960704556,-0.02515368960704556,-0.02515368960704556,-0.02515368960704556,0.2,1.0,0.2,0.0,0.8,0.4,0.4,0.8,0.0,0.024122951685636274,0.24122951685636274,0.030153689607045342,0.030153689607045342,-0.019122951685636536,0.012061475842818048,-0.02515368960704556,-0.02515368960704556,-0.02515368960704556,-0.02515368960704556,-0.02515368960704556,0.2,1.0,0.2,0.0,0.8,0.4,0.4,0.8,0.0,0.024122951685636274,0.24122951685636274,0.030153689607045342,0.030153689607045342,-0.019122951685636536,0.012061475842818048,-0.02515368960704556,-0.02515368960704556,-0.02515368960704556,-0.02515368960704556,-0.02515368960704556,0.2,1.0,0.2,0.0,0.8,0.4,0.4,0.8,0.0,0.024122951685636274,0.24122951685636274,0.030153689607045342,0.030153689607045342,1.0,0.8,0.8,0.8,0.8,0.0,0.8,0.3333333333333333,1.0,0.8,0.3333333333333333,1.0,0.8,0.3333333333333333,1.0,0.8,0.3333333333333333,1.0,0.8,0.0,0.8,0.8,0.8,0.8,0.8,0.0,0.0,0.0,0.0,0.8,0.8,1.0,1.0,1.0,0.8,1.0,1.0,1.0,1.0,1.0,1.0,8,0,0.0,0.0,0.8,0.0,0.0,0.0,0.0,0.0,0.0,0.0,0.0,1.0,0.0,0.0,0.0,0.0,0.0,0.7487222940635309,0.07807702499777189,0.07807702499777189,0.0,0.03,0.03,0,0,0,0,C1,0.8,0.0,-0.019122951685636536,0.2,0.2,0.8,0.8,0.0,-0.019122951685636536
phaseflip,dephasing,0.01,1,0.05,10,qiskit_aer,1,1,0.9950000000000002,0.8291666666666668,0.15555555555555556,0.0,0.2,1.0,0.0,0.0,0.004999999999999738,8.881801137644041e-17,0.004999999999999782,0.004999999999999782,0.004999999999999782,0.00499999999999956,0.004999999999999738,1.0,0.1,1.0,0.2,0.0,0.0,0.0,0.0,-0.025153689607045605,8.882055243408597e-17,-0.02515368960704556,-0.02515368960704556,-0.02515368960704556,-0.02515368960704578,-0.025153689607045605,0.0,1.0,0.0,0.0,1.0,0.2,0.2,1.0,-0.02213832064634107,0.009046106882113544,-0.02515368960704556,-0.02515368960704556,-0.02515368960704556,-0.02515368960704568,-0.025153689607045584,0.1,1.0,0.1,0.0,0.9,0.2,0.2,0.9,0.0,0.027138320646340808,0.2713832064634081,0.030153689607045342,0.030153689607045342,-0.02213832064634107,0.009046106882113544,-0.02515368960704556,-0.02515368960704556,-0.02515368960704556,-0.02515368960704568,-0.025153689607045584,0.1,1.0,0.1,0.0,0.9,0.2,0.2,0.9,0.0,0.027138320646340808,0.2713832064634081,0.030153689607045342,0.030153689607045342,-0.02213832064634107,0.009046106882113544,-0.02515368960704556,-0.02515368960704556,-0.02515368960704556,-0.02515368960704568,-0.025153689607045584,0.1,1.0,0.1,0.0,0.9,0.2,0.2,0.9,0.0,0.027138320646340808,0.2713832064634081,0.030153689607045342,0.030153689607045342,-0.02213832064634107,0.009046106882113544,-0.02515368960704556,-0.02515368960704556,-0.02515368960704556,-0.02515368960704568,-0.025153689607045584,0.1,1.0,0.1,0.0,0.9,0.2,0.2,0.9,0.0,0.027138320646340808,0.2713832064634081,0.030153689607045342,0.030153689607045342,1.0,0.9,0.9,0.9,0.9,0.0,0.9,0.125,1.0,0.9,0.125,1.0,0.9,0.125,1.0,0.9,0.125,1.0,0.9,0.0,0.9,0.9,0.9,0.9,0.9,0.0,0.0,0.0,0.0,0.9,0.9,1.0,1.0,1.0,0.9,1.0,1.0,1.0,1.0,1.0,1.0,9,0,0.0,0.0,0.9,0.0,0.0,0.0,0.0,0.0,0.0,0.0,0.0,1.0,0.0,0.0,0.0,0.0,0.0,0.9708334014555577,0.058557768748328944,0.058557768748328944,0.0,0.05,0.05,0,0,0,0,C1,0.9,0.0,-0.02213832064634107,0.1,0.1,0.9,0.9,0.0,-0.02213832064634107
phaseflip,dephasing,0.01,1,0.1,10,qiskit_aer,1,1,0.9950000000000002,0.7296666666666668,0.25555555555555554,0.0,0.1,1.0,0.0,0.0,0.004999999999999738,8.881801137644041e-17,0.004999999999999782,0.004999999999999782,0.004999999999999782,0.00499999999999956,0.004999999999999738,1.0,0.2,1.0,0.1,0.0,0.0,0.0,0.0,-0.025153689607045605,8.882055243408597e-17,-0.02515368960704556,-0.02515368960704556,-0.02515368960704556,-0.02515368960704578,-0.025153689607045605,0.0,1.0,0.0,0.0,1.0,0.1,0.1,1.0,-0.019122951685636536,0.012061475842818048,-0.02515368960704556,-0.02515368960704556,-0.02515368960704556,-0.02515368960704556,-0.02515368960704556,0.2,1.0,0.2,0.0,0.8,0.1,0.1,0.8,0.0,0.024122951685636274,0.24122951685636274,0.030153689607045342,0.030153689607045342,-0.019122951685636536,0.012061475842818048,-0.02515368960704556,-0.02515368960704556,-0.02515368960704556,-0.02515368960704556,-0.02515368960704556,0.2,1.0,0.2,0.0,0.8,0.1,0.1,0.8,0.0,0.024122951685636274,0.24122951685636274,0.030153689607045342,0.030153689607045342,-0.019122951685636536,0.012061475842818048,-0.02515368960704556,-0.02515368960704556,-0.02515368960704556,-0.02515368960704556,-0.02515368960704556,0.2,1.0,0.2,0.0,0.8,0.1,0.1,0.8,0.0,0.024122951685636274,0.24122951685636274,0.030153689607045342,0.030153689607045342,-0.019122951685636536,0.012061475842818048,-0.02515368960704556,-0.02515368960704556,-0.02515368960704556,-0.02515368960704556,-0.02515368960704556,0.2,1.0,0.2,0.0,0.8,0.1,0.1,0.8,0.0,0.024122951685636274,0.24122951685636274,0.030153689607045342,0.030153689607045342,1.0,0.8,0.8,0.8,0.8,0.0,0.8,0.2222222222222222,1.0,0.8,0.2222222222222222,1.0,0.8,0.2222222222222222,1.0,0.8,0.2222222222222222,1.0,0.8,0.0,0.8,0.8,0.8,0.8,0.8,0.0,0.0,0.0,0.0,0.8,0.8,1.0,1.0,1.0,0.8,1.0,1.0,1.0,1.0,1.0,1.0,8,0,0.0,0.0,0.8,0.0,0.0,0.0,0.0,0.0,0.0,0.0,0.0,1.0,0.0,0.0,0.0,0.0,0.0,0.8703334084836795,0.1272027946476944,0.1272027946476944,0.0,0.1,0.1,0,0,0,0,C1,0.8,0.0,-0.019122951685636536,0.2,0.2,0.8,0.8,0.0,-0.019122951685636536
phaseflip,dephasing,0.01,2,0.0,10,qiskit_aer,1,1,0.99004,0.99004,0.0,0.0,1.0,1.0,0.0,0.0,0.009959999999999835,1.2247448713832956e-05,0.009949999999999903,0.009949999999999903,0.009974999999999734,0.009949999999999903,0.009949999999999903,1.0,0.4,1.0,0.6,0.0,0.0,0.0,0.0,-0.020193689607045505,1.2247448713832958e-05,-0.02020368960704544,-0.02020368960704544,-0.020178689607045608,-0.02020368960704544,-0.02020368960704544,0.0,1.0,0.0,0.0,1.0,1.0,1.0,1.0,-0.020193689607045505,1.2247448713832958e-05,-0.02020368960704544,-0.02020368960704544,-0.020178689607045608,-0.02020368960704544,-0.02020368960704544,0.0,1.0,0.0,0.0,1.0,1.0,1.0,1.0,0.0,0.030153689607045342,0.3015368960704534,0.030153689607045342,0.030153689607045342,-0.00813221376422737,0.014769173578487988,-0.020178689607045608,-0.02019743960704548,0.009949999999999903,-0.02020368960704544,-0.02020368960704544,0.4,1.0,0.4,0.0,0.6,0.6,0.6,0.6,0.0,0.018092213764227205,0.18092213764227205,0.030153689607045342,0.030153689607045342,-0.00813221376422737,0.014769173578487988,-0.020178689607045608,-0.02019743960704548,0.009949999999999903,-0.02020368960704544,-0.02020368960704544,0.4,1.0,0.4,0.0,0.6,0.6,0.6,0.6,0.0,0.018092213764227205,0.18092213764227205,0.030153689607045342,0.030153689607045342,-0.00813221376422737,0.014769173578487988,-0.020178689607045608,-0.02019743960704548,0.009949999999999903,-0.02020368960704544,-0.02020368960704544,0.4,1.0,0.4,0.0,0.6,0.6,0.6,0.6,0.0,0.018092213764227205,0.18092213764227205,0.030153689607045342,0.030153689607045342,1.0,1.0,0.6,0.6,0.6,0.0,1.0,0.0,1.0,0.6,1.0,1.0,0.6,1.0,1.0,0.6,1.0,1.0,0.6,0.4,0.6,0.6,0.6,0.6,0.6,0.0,0.0,0.0,0.0,0.6,0.6,1.0,1.0,1.0,0.6,1.0,1.0,1.0,1.0,1.0,1.0,6,0,0.0,0.0,0.6,0.0,0.0,0.0,0.0,0.0,0.0,0.0,0.0,1.0,0.0,0.0,0.0,0.0,0.0,0.2099600393913402,0.059013310586515044,0.059013310586515044,0.0,0.0,0.0,0,0,0,0,C2,0.6,0.0,-0.00813221376422737,0.4,0.4,0.6,0.6,0.0,-0.00813221376422737
phaseflip,dephasing,0.01,2,0.01,10,qiskit_aer,1,1,0.99004,0.9020363888888889,0.03333333333333333,0.0,0.3,1.0,0.0,0.0,0.009959999999999835,1.2247448713832956e-05,0.009949999999999903,0.009949999999999903,0.009974999999999734,0.009949999999999903,0.009949999999999903,1.0,0.7,1.0,0.2,0.0,0.0,0.0,0.0,-0.020193689607045505,1.2247448713832958e-05,-0.02020368960704544,-0.02020368960704544,-0.020178689607045608,-0.02020368960704544,-0.02020368960704544,0.0,1.0,0.0,0.0,1.0,0.3,0.3,1.0,-0.002101475842818301,0.014775297300871775,0.009949999999999903,-0.02019743960704548,0.009968749999999776,-0.02020368960704544,-0.02020368960704544,0.6,1.0,0.6,0.0,0.4,0.3,0.3,0.4,0.0,0.012061475842818137,0.12061475842818137,0.030153689607045342,0.030153689607045342,0.000913893117886233,0.01381925298423884,0.009949999999999903,-0.01264651720528423,0.009968749999999776,-0.02020368960704544,-0.02020368960704544,0.7,1.0,0.7,0.0,0.3,0.2,0.2,0.3,0.0,0.009046106882113603,0.09046106882113603,0.030153689607045342,0.030153689607045342,0.000913893117886233,0.01381925298423884,0.009949999999999903,-0.01264651720528423,0.009968749999999776,-0.02020368960704544,-0.02020368960704544,0.7,1.0,0.7,0.0,0.3,0.2,0.2,0.3,0.0,0.009046106882113603,0.09046106882113603,0.030153689607045342,0.030153689607045342,0.000913893117886233,0.01381925298423884,0.009949999999999903,-0.01264651720528423,0.009968749999999776,-0.02020368960704544,-0.02020368960704544,0.7,1.0,0.7,0.0,0.3,0.2,0.2,0.3,0.0,0.009046106882113603,0.09046106882113603,0.030153689607045342,0.030153689607045342,1.0,0.4,0.3,0.3,0.3,0.0,0.4,0.75,1.0,0.3,0.875,1.0,0.3,0.875,1.0,0.3,0.875,1.0,0.3,0.1,0.3,0.3,0.3,0.3,0.3,0.0,0.0,0.0,0.0,0.3,0.3,1.0,1.0,1.0,0.3,1.0,1.0,1.0,1.0,1.0,1.0,3,0,0.0,0.0,0.3,0.0,0.0,0.0,0.0,0.0,0.0,0.0,0.0,1.0,0.0,0.0,0.0,0.0,0.0,-0.30203635167363935,5.26574260914368e-21,5.26574260914368e-21,0.0,0.01,0.01,0,0,0,0,C2,0.3,0.0,0.000913893117886233,0.7,0.7,0.3,0.3,0.0,0.000913893117886233
phaseflip,dephasing,0.01,2,0.03,10,qiskit_aer,1,1,0.99004,0.8250333333333334,0.1111111111111111,0.0,0.3,1.0,0.0,0.0,0.009959999999999835,1.2247448713832956e-05,0.009949999999999903,0.009949999999999903,0.009974999999999734,0.009949999999999903,0.009949999999999903,1.0,0.5,1.0,0.2,0.0,0.0,0.0,0.0,-0.020193689607045505,1.2247448713832958e-05,-0.02020368960704544,-0.02020368960704544,-0.020178689607045608,-0.02020368960704544,-0.02020368960704544,0.0,1.0,0.0,0.0,1.0,0.3,0.3,1.0,-0.00813221376422737,0.014769173578487988,-0.020178689607045608,-0.02019743960704548,0.009949999999999903,-0.02020368960704544,-0.02020368960704544,0.4,1.0,0.4,0.0,0.6,0.3,0.3,0.6,0.0,0.018092213764227205,0.18092213764227205,0.030153689607045342,0.030153689607045342,-0.005116844803522836,0.015076849778037471,-0.005114344803522852,-0.02019743960704548,0.009949999999999903,-0.02020368960704544,-0.02020368960704544,0.5,1.0,0.5,0.0,0.5,0.2,0.2,0.5,0.0,0.015076844803522671,0.1507684480352267,0.030153689607045342,0.030153689607045342,-0.005116844803522836,0.015076849778037471,-0.005114344803522852,-0.02019743960704548,0.009949999999999903,-0.02020368960704544,-0.02020368960704544,0.5,1.0,0.5,0.0,0.5,0.2,0.2,0.5,0.0,0.015076844803522671,0.1507684480352267,0.030153689607045342,0.030153689607045342,-0.005116844803522836,0.015076849778037471,-0.005114344803522852,-0.02019743960704548,0.009949999999999903,-0.02020368960704544,-0.02020368960704544,0.5,1.0,0.5,0.0,0.5,0.2,0.2,0.5,0.0,0.015076844803522671,0.1507684480352267,0.030153689607045342,0.030153689607045342,1.0,0.6,0.5,0.5,0.5,0.0,0.6,0.5,1.0,0.5,0.625,1.0,0.5,0.625,1.0,0.5,0.625,1.0,0.5,0.1,0.5,0.5,0.5,0.5,0.5,0.0,0.0,0.0,0.0,0.5,0.5,1.0,1.0,1.0,0.5,1.0,1.0,1.0,1.0,1.0,1.0,5,0,0.0,0.0,0.5,0.0,0.0,0.0,0.0,0.0,0.0,0.0,0.0,1.0,0.0,0.0,0.0,0.0,0.0,0.1749667148385514,0.11145666850053769,0.11145666850053769,0.0,0.03,0.03,0,0,0,0,C2,0.5,0.0,-0.005116844803522836,0.5,0.5,0.5,0.5,0.0,-0.005116844803522836
phaseflip,dephasing,0.01,2,0.05,10,qiskit_aer,1,1,0.99004,0.8030322222222223,0.15555555555555556,0.0,0.1,1.0,0.0,0.0,0.009959999999999835,1.2247448713832956e-05,0.009949999999999903,0.009949999999999903,0.009974999999999734,0.009949999999999903,0.009949999999999903,1.0,0.4,1.0,0.1,0.0,0.0,0.0,0.0,-0.020193689607045505,1.2247448713832958e-05,-0.02020368960704544,-0.02020368960704544,-0.020178689607045608,-0.02020368960704544,-0.02020368960704544,0.0,1.0,0.0,0.0,1.0,0.1,0.1,1.0,-0.00813221376422737,0.01476406853626308,-0.020178689607045608,-0.020178689607045608,0.009949999999999903,-0.02020368960704544,-0.02020368960704544,0.4,1.0,0.4,0.0,0.6,0.1,0.1,0.6,0.0,0.018092213764227205,0.18092213764227205,0.030153689607045342,0.030153689607045342,-0.00813221376422737,0.01476406853626308,-0.020178689607045608,-0.020178689607045608,0.009949999999999903,-0.02020368960704544,-0.02020368960704544,0.4,1.0,0.4,0.0,0.6,0.1,0.1,0.6,0.0,0.018092213764227205,0.18092213764227205,0.030153689607045342,0.030153689607045342,-0.00813221376422737,0.01476406853626308,-0.020178689607045608,-0.020178689607045608,0.009949999999999903,-0.02020368960704544,-0.02020368960704544,0.4,1.0,0.4,0.0,0.6,0.1,0.1,0.6,0.0,0.018092213764227205,0.18092213764227205,0.030153689607045342,0.030153689607045342,-0.00813221376422737,0.01476406853626308,-0.020178689607045608,-0.020178689607045608,0.009949999999999903,-0.02020368960704544,-0.02020368960704544,0.4,1.0,0.4,0.0,0.6,0.1,0.1,0.6,0.0,0.018092213764227205,0.18092213764227205,0.030153689607045342,0.030153689607045342,1.0,0.6,0.6,0.6,0.6,0.0,0.6,0.4444444444444444,1.0,0.6,0.4444444444444444,1.0,0.6,0.4444444444444444,1.0,0.6,0.4444444444444444,1.0,0.6,0.0,0.6,0.6,0.6,0.6,0.6,0.0,0.0,0.0,0.0,0.6,0.6,1.0,1.0,1.0,0.6,1.0,1.0,1.0,1.0,1.0,1.0,6,0,0.0,0.0,0.6,0.0,0.0,0.0,0.0,0.0,0.0,0.0,0.0,1.0,0.0,0.0,0.0,0.0,0.0,0.39696782363396027,0.04888111577831765,0.04888111577831765,0.0,0.05,0.05,0,0,0,0,C1,0.6,0.0,-0.00813221376422737,0.4,0.4,0.6,0.6,0.0,-0.00813221376422737
phaseflip,dephasing,0.01,2,0.1,10,qiskit_aer,1,1,0.99004,0.7040286111111111,0.25555555555555554,0.0,0.1,1.0,0.0,0.0,0.009959999999999835,1.2247448713832956e-05,0.009949999999999903,0.009949999999999903,0.009974999999999734,0.009949999999999903,0.009949999999999903,1.0,0.6,1.0,0.0,0.0,0.0,0.0,0.0,-0.020193689607045505,1.2247448713832958e-05,-0.02020368960704544,-0.02020368960704544,-0.020178689607045608,-0.02020368960704544,-0.02020368960704544,0.0,1.0,0.0,0.0,1.0,0.1,0.1,1.0,-0.005116844803522836,0.015071848950327042,-0.005114344803522852,-0.020178689607045608,0.009949999999999903,-0.02020368960704544,-0.02020368960704544,0.5,1.0,0.5,0.0,0.5,0.1,0.1,0.5,0.0,0.015076844803522671,0.1507684480352267,0.030153689607045342,0.030153689607045342,-0.002101475842818301,0.014770194375197455,0.009949999999999903,-0.020178689607045608,0.009949999999999903,-0.02020368960704544,-0.02020368960704544,0.6,1.0,0.6,0.0,0.4,0.0,0.0,0.4,0.0,0.012061475842818137,0.12061475842818137,0.030153689607045342,0.030153689607045342,-0.002101475842818301,0.014770194375197455,0.009949999999999903,-0.020178689607045608,0.009949999999999903,-0.02020368960704544,-0.02020368960704544,0.6,1.0,0.6,0.0,0.4,0.0,0.0,0.4,0.0,0.012061475842818137,0.12061475842818137,0.030153689607045342,0.030153689607045342,-0.002101475842818301,0.014770194375197455,0.009949999999999903,-0.020178689607045608,0.009949999999999903,-0.02020368960704544,-0.02020368960704544,0.6,1.0,0.6,0.0,0.4,0.0,0.0,0.4,0.0,0.012061475842818137,0.12061475842818137,0.030153689607045342,0.030153689607045342,1.0,0.5,0.4,0.4,0.4,0.0,0.5,0.5,0.0,0.4,0.6,0.0,0.4,0.6,0.0,0.4,0.6,0.0,0.4,0.1,0.4,0.4,0.4,0.4,0.4,0.0,0.0,0.0,0.0,0.4,0.4,1.0,1.0,1.0,0.4,1.0,1.0,1.0,1.0,1.0,1.0,4,0,0.0,0.0,0.4,0.0,0.0,0.0,0.0,0.0,0.0,0.0,0.0,1.0,0.0,0.0,0.0,0.0,0.0,0.09597142603589118,0.02287448884992178,0.02287448884992178,0.0,0.1,0.1,0,0,0,0,C2,0.4,0.0,-0.002101475842818301,0.6,0.6,0.4,0.4,0.0,-0.002101475842818301
phaseflip,dephasing,0.01,3,0.0,10,qiskit_aer,1,1,0.9851072500000002,0.9851072500000002,0.0,0.0,1.0,1.0,0.0,0.0,0.014892749999999632,2.9496398085178455e-05,0.014900249999999615,0.014862937499999646,0.014918812499999629,0.014850499999999656,0.014850499999999656,1.0,0.7,1.0,0.3,0.0,0.0,0.0,0.0,-0.01526093960704571,2.9496398085178455e-05,-0.015253439607045727,-0.015290752107045696,-0.015234877107045713,-0.015303189607045686,-0.015303189607045686,0.0,1.0,0.0,0.0,1.0,1.0,1.0,1.0,-0.01526093960704571,2.9496398085178455e-05,-0.015253439607045727,-0.015290752107045696,-0.015234877107045713,-0.015303189607045686,-0.015303189607045686,0.0,1.0,0.0,0.0,1.0,1.0,1.0,1.0,0.0,0.030153689607045342,0.3015368960704534,0.030153689607045342,0.030153689607045342,0.00584664311788603,0.013813277228342875,0.014850499999999656,-0.007727454705284381,0.014918812499999629,-0.015253439607045727,-0.015253439607045727,0.7,1.0,0.7,0.0,0.3,0.3,0.3,0.3,0.0,0.009046106882113603,0.09046106882113603,0.030153689607045342,0.030153689607045342,0.00584664311788603,0.013813277228342875,0.014850499999999656,-0.007727454705284381,0.014918812499999629,-0.015253439607045727,-0.015253439607045727,0.7,1.0,0.7,0.0,0.3,0.3,0.3,0.3,0.0,0.009046106882113603,0.09046106882113603,0.030153689607045342,0.030153689607045342,0.00584664311788603,0.013813277228342875,0.014850499999999656,-0.007727454705284381,0.014918812499999629,-0.015253439607045727,-0.015253439607045727,0.7,1.0,0.7,0.0,0.3,0.3,0.3,0.3,0.0,0.009046106882113603,0.09046106882113603,0.030153689607045342,0.030153689607045342,1.0,1.0,0.3,0.3,0.3,0.0,1.0,0.0,1.0,0.3,1.0,1.0,0.3,1.0,1.0,0.3,1.0,1.0,0.3,0.7,0.3,0.3,0.3,0.3,0.3,0.0,0.0,0.0,0.0,0.3,0.3,1.0,1.0,1.0,0.3,1.0,1.0,1.0,1.0,1.0,1.0,3,0,0.0,0.0,0.3,0.0,0.0,0.0,0.0,0.0,0.0,0.0,0.0,1.0,0.0,0.0,0.0,0.0,0.0,-0.385107226286569,0.008495877083870586,0.008495877083870586,0.0,0.0,0.0,0,0,0,0,C2,0.3,0.0,0.00584664311788603,0.7,0.7,0.3,0.3,0.0,0.00584664311788603
phaseflip,dephasing,0.01,3,0.01,10,qiskit_aer,1,1,0.9851072500000002,0.9632164194444446,0.02222222222222222,0.0,0.8,1.0,0.0,0.0,0.014892749999999632,2.9496398085178455e-05,0.014900249999999615,0.014862937499999646,0.014918812499999629,0.014850499999999656,0.014850499999999656,1.0,0.6,1.0,0.3,0.0,0.0,0.0,0.0,-0.01526093960704571,2.9496398085178455e-05,-0.015253439607045727,-0.015290752107045696,-0.015234877107045713,-0.015303189607045686,-0.015303189607045686,0.0,1.0,0.0,0.0,1.0,0.8,0.8,1.0,-0.012245570646341176,0.009056898534161048,-0.015253439607045727,-0.015290752107045696,-0.015234877107045713,-0.015303189607045686,-0.015303189607045686,0.1,1.0,0.1,0.0,0.9,0.8,0.8,0.9,0.0,0.027138320646340808,0.2713832064634081,0.030153689607045342,0.030153689607045342,0.002831274157181496,0.01476108012296632,0.014850499999999656,-0.015247252107045722,0.014887812499999625,-0.015253439607045727,-0.015253439607045727,0.6,1.0,0.6,0.0,0.4,0.3,0.3,0.4,0.0,0.012061475842818137,0.12061475842818137,0.030153689607045342,0.030153689607045342,0.002831274157181496,0.01476108012296632,0.014850499999999656,-0.015247252107045722,0.014887812499999625,-0.015253439607045727,-0.015253439607045727,0.6,1.0,0.6,0.0,0.4,0.3,0.3,0.4,0.0,0.012061475842818137,0.12061475842818137,0.030153689607045342,0.030153689607045342,0.002831274157181496,0.01476108012296632,0.014850499999999656,-0.015247252107045722,0.014887812499999625,-0.015253439607045727,-0.015253439607045727,0.6,1.0,0.6,0.0,0.4,0.3,0.3,0.4,0.0,0.012061475842818137,0.12061475842818137,0.030153689607045342,0.030153689607045342,1.0,0.9,0.4,0.4,0.4,0.0,0.9,0.14285714285714285,1.0,0.4,0.8571428571428571,1.0,0.4,0.8571428571428571,1.0,0.4,0.8571428571428571,1.0,0.4,0.5,0.4,0.4,0.4,0.4,0.4,0.0,0.0,0.0,0.0,0.4,0.4,1.0,1.0,1.0,0.4,1.0,1.0,1.0,1.0,1.0,1.0,4,0,0.0,0.0,0.4,0.0,0.0,0.0,0.0,0.0,0.0,0.0,0.0,1.0,0.0,0.0,0.0,0.0,0.0,-0.1632163931303701,0.03371385112095521,0.03371385112095521,0.0,0.01,0.01,0,0,0,0,C2,0.4,0.0,0.002831274157181496,0.6,0.6,0.4,0.4,0.0,0.002831274157181496
phaseflip,dephasing,0.01,3,0.03,10,qiskit_aer,1,1,0.9851072500000002,0.9413250361111113,0.04444444444444444,0.0,0.7,1.0,0.0,0.0,0.014892749999999632,2.9496398085178455e-05,0.014900249999999615,0.014862937499999646,0.014918812499999629,0.014850499999999656,0.014850499999999656,1.0,0.7,1.0,0.2,0.0,0.0,0.0,0.0,-0.01526093960704571,2.9496398085178455e-05,-0.015253439607045727,-0.015290752107045696,-0.015234877107045713,-0.015303189607045686,-0.015303189607045686,0.0,1.0,0.0,0.0,1.0,0.7,0.7,1.0,-0.009230201685636642,0.01205901165789185,-0.015253439607045727,-0.015253439607045727,-0.015228689607045709,-0.015303189607045686,-0.015303189607045686,0.2,1.0,0.2,0.0,0.8,0.7,0.7,0.8,0.0,0.024122951685636274,0.24122951685636274,0.030153689607045342,0.030153689607045342,0.00584664311788603,0.013813277228342875,0.014850499999999656,-0.007727454705284381,0.014918812499999629,-0.015253439607045727,-0.015253439607045727,0.7,1.0,0.7,0.0,0.3,0.2,0.2,0.3,0.0,0.009046106882113603,0.09046106882113603,0.030153689607045342,0.030153689607045342,0.00584664311788603,0.013813277228342875,0.014850499999999656,-0.007727454705284381,0.014918812499999629,-0.015253439607045727,-0.015253439607045727,0.7,1.0,0.7,0.0,0.3,0.2,0.2,0.3,0.0,0.009046106882113603,0.09046106882113603,0.030153689607045342,0.030153689607045342,0.00584664311788603,0.013813277228342875,0.014850499999999656,-0.007727454705284381,0.014918812499999629,-0.015253439607045727,-0.015253439607045727,0.7,1.0,0.7,0.0,0.3,0.2,0.2,0.3,0.0,0.009046106882113603,0.09046106882113603,0.030153689607045342,0.030153689607045342,1.0,0.8,0.3,0.3,0.3,0.0,0.8,0.25,1.0,0.3,0.875,1.0,0.3,0.875,1.0,0.3,0.875,1.0,0.3,0.5,0.3,0.3,0.3,0.3,0.3,0.0,0.0,0.0,0.0,0.3,0.3,1.0,1.0,1.0,0.3,1.0,1.0,1.0,1.0,1.0,1.0,3,0,0.0,0.0,0.3,0.0,0.0,0.0,0.0,0.0,0.0,0.0,0.0,1.0,0.0,0.0,0.0,0.0,0.0,-0.3413250136212916,0.005916920216954047,0.005916920216954047,0.0,0.03,0.03,0,0,0,0,C2,0.3,0.0,0.00584664311788603,0.7,0.7,0.3,0.3,0.0,0.00584664311788603
phaseflip,dephasing,0.01,3,0.05,10,qiskit_aer,1,1,0.9851072500000002,0.9084886527777779,0.07777777777777778,0.0,0.4,1.0,0.0,0.0,0.014892749999999632,2.9496398085178455e-05,0.014900249999999615,0.014862937499999646,0.014918812499999629,0.014850499999999656,0.014850499999999656,1.0,0.6,1.0,0.0,0.0,0.0,0.0,0.0,-0.01526093960704571,2.9496398085178455e-05,-0.015253439607045727,-0.015290752107045696,-0.015234877107045713,-0.015303189607045686,-0.015303189607045686,0.0,1.0,0.0,0.0,1.0,0.4,0.4,1.0,-0.0062148327249321065,0.013823042476569285,-0.015253439607045727,-0.015253439607045727,0.0073307025982383145,-0.015303189607045686,-0.015303189607045686,0.3,1.0,0.3,0.0,0.7,0.3,0.3,0.7,0.0,0.02110758272493174,0.2110758272493174,0.030153689607045342,0.030153689607045342,0.002831274157181496,0.01476108012296632,0.014850499999999656,-0.015247252107045722,0.014887812499999625,-0.015253439607045727,-0.015253439607045727,0.6,1.0,0.6,0.0,0.4,0.0,0.0,0.4,0.0,0.012061475842818137,0.12061475842818137,0.030153689607045342,0.030153689607045342,0.002831274157181496,0.01476108012296632,0.014850499999999656,-0.015247252107045722,0.014887812499999625,-0.015253439607045727,-0.015253439607045727,0.6,1.0,0.6,0.0,0.4,0.0,0.0,0.4,0.0,0.012061475842818137,0.12061475842818137,0.030153689607045342,0.030153689607045342,0.002831274157181496,0.01476108012296632,0.014850499999999656,-0.015247252107045722,0.014887812499999625,-0.015253439607045727,-0.015253439607045727,0.6,1.0,0.6,0.0,0.4,0.0,0.0,0.4,0.0,0.012061475842818137,0.12061475842818137,0.030153689607045342,0.030153689607045342,1.0,0.7,0.4,0.4,0.4,0.0,0.7,0.3,0.0,0.4,0.6,0.0,0.4,0.6,0.0,0.4,0.6,0.0,0.4,0.3,0.4,0.4,0.4,0.4,0.4,0.0,0.0,0.0,0.0,0.4,0.4,1.0,1.0,1.0,0.4,1.0,1.0,1.0,1.0,1.0,1.0,4,0,0.0,0.0,0.4,0.0,0.0,0.0,0.0,0.0,0.0,0.0,0.0,1.0,0.0,0.0,0.0,0.0,0.0,-0.10848863013217883,0.008849818758155152,0.008849818758155152,0.0,0.05,0.05,0,0,0,0,C2,0.4,0.0,0.002831274157181496,0.6,0.6,0.4,0.4,0.0,0.002831274157181496
phaseflip,dephasing,0.01,3,0.1,10,qiskit_aer,1,1,0.9851072500000002,0.7880864638888889,0.19999999999999998,0.0,0.0,1.0,0.0,0.0,0.014892749999999632,2.9496398085178455e-05,0.014900249999999615,0.014862937499999646,0.014918812499999629,0.014850499999999656,0.014850499999999656,1.0,0.6,1.0,0.0,0.0,0.0,0.0,0.0,-0.01526093960704571,2.9496398085178455e-05,-0.015253439607045727,-0.015290752107045696,-0.015234877107045713,-0.015303189607045686,-0.015303189607045686,0.0,1.0,0.0,0.0,1.0,0.0,0.0,1.0,0.002831274157181496,0.01476108012296632,0.014850499999999656,-0.015247252107045722,0.014887812499999625,-0.015253439607045727,-0.015253439607045727,0.6,1.0,0.6,0.0,0.4,0.0,0.0,0.4,0.0,0.012061475842818137,0.12061475842818137,0.030153689607045342,0.030153689607045342,0.002831274157181496,0.01476108012296632,0.014850499999999656,-0.015247252107045722,0.014887812499999625,-0.015253439607045727,-0.015253439607045727,0.6,1.0,0.6,0.0,0.4,0.0,0.0,0.4,0.0,0.012061475842818137,0.12061475842818137,0.030153689607045342,0.030153689607045342,0.002831274157181496,0.01476108012296632,0.014850499999999656,-0.015247252107045722,0.014887812499999625,-0.015253439607045727,-0.015253439607045727,0.6,1.0,0.6,0.0,0.4,0.0,0.0,0.4,0.0,0.012061475842818137,0.12061475842818137,0.030153689607045342,0.030153689607045342,0.002831274157181496,0.01476108012296632,0.014850499999999656,-0.015247252107045722,0.014887812499999625,-0.015253439607045727,-0.015253439607045727,0.6,1.0,0.6,0.0,0.4,0.0,0.0,0.4,0.0,0.012061475842818137,0.12061475842818137,0.030153689607045342,0.030153689607045342,1.0,0.4,0.4,0.4,0.4,0.0,0.4,0.6,0.0,0.4,0.6,0.0,0.4,0.6,0.0,0.4,0.6,0.0,0.4,0.0,0.4,0.4,0.4,0.4,0.4,0.0,0.0,0.0,0.0,0.4,0.4,1.0,1.0,1.0,0.4,1.0,1.0,1.0,1.0,1.0,1.0,4,0,0.0,0.0,0.4,0.0,0.0,0.0,0.0,0.0,0.0,0.0,0.0,1.0,0.0,0.0,0.0,0.0,0.0,0.011913558887336962,0.00035394167428456875,0.00035394167428456875,0.0,0.1,0.1,0,0,0,0,C1,0.4,0.0,0.002831274157181496,0.6,0.6,0.4,0.4,0.0,0.002831274157181496
phaseflip,dephasing,0.01,4,0.0,10,qiskit_aer,1,1,0.9802115017500002,0.9802115017500002,0.0,0.0,1.0,1.0,0.0,0.0,0.019788498249999655,4.718862684810869e-05,0.019813248749999735,0.019776247499999622,0.019825499999999607,0.019701994999999695,0.019701994999999695,1.0,0.6,1.0,0.4,0.0,0.0,0.0,0.0,-0.01036519135704569,4.718862684810869e-05,-0.010340440857045607,-0.01037744210704572,-0.010328189607045735,-0.010451694607045647,-0.010451694607045647,0.0,1.0,0.0,0.0,1.0,1.0,1.0,1.0,-0.007349822396341155,0.009058555312300638,-0.010340440857045607,-0.01037744210704572,-0.010328189607045735,-0.010451694607045647,-0.010451694607045647,0.1,1.0,0.1,0.0,0.9,0.9,0.9,0.9,0.0,0.027138320646340808,0.2713832064634081,0.030153689607045342,0.030153689607045342,0.007727022407181516,0.014772306151789573,0.019739121249999658,-0.010328189607045735,0.01981318687499961,-0.010407143482045573,-0.010451694607045647,0.6,1.0,0.6,0.0,0.4,0.4,0.4,0.4,0.0,0.012061475842818137,0.12061475842818137,0.030153689607045342,0.030153689607045342,0.007727022407181516,0.014772306151789573,0.019739121249999658,-0.010328189607045735,0.01981318687499961,-0.010407143482045573,-0.010451694607045647,0.6,1.0,0.6,0.0,0.4,0.4,0.4,0.4,0.0,0.012061475842818137,0.12061475842818137,0.030153689607045342,0.030153689607045342,0.007727022407181516,0.014772306151789573,0.019739121249999658,-0.010328189607045735,0.01981318687499961,-0.010407143482045573,-0.010451694607045647,0.6,1.0,0.6,0.0,0.4,0.4,0.4,0.4,0.0,0.012061475842818137,0.12061475842818137,0.030153689607045342,0.030153689607045342,1.0,0.9,0.4,0.4,0.4,0.0,0.9,0.16666666666666666,1.0,0.4,1.0,1.0,0.4,1.0,1.0,0.4,1.0,1.0,0.4,0.5,0.4,0.4,0.4,0.4,0.4,0.0,0.0,0.0,0.0,0.4,0.4,1.0,1.0,1.0,0.4,1.0,1.0,1.0,1.0,1.0,1.0,4,0,0.0,0.0,0.4,0.0,0.0,0.0,0.0,0.0,0.0,0.0,0.0,1.0,0.0,0.0,0.0,0.0,0.0,-0.1802114902944763,7.431855200327517e-21,7.431855200327517e-21,0.0,0.0,0.0,0,0,0,0,C2,0.4,0.0,0.007727022407181516,0.6,0.6,0.4,0.4,0.0,0.007727022407181516
phaseflip,dephasing,0.01,4,0.01,10,qiskit_aer,1,1,0.9802115017500002,0.9475387461666667,0.02222222222222222,0.0,0.7,1.0,0.0,0.0,0.019788498249999655,4.718862684810869e-05,0.019813248749999735,0.019776247499999622,0.019825499999999607,0.019701994999999695,0.019701994999999695,1.0,0.6,1.0,0.2,0.0,0.0,0.0,0.0,-0.01036519135704569,4.718862684810869e-05,-0.010340440857045607,-0.01037744210704572,-0.010328189607045735,-0.010451694607045647,-0.010451694607045647,0.0,1.0,0.0,0.0,1.0,0.7,0.7,1.0,-0.0013190844749320862,0.013842439080232236,-0.010340440857045607,-0.01037744210704572,0.012287077598238272,-0.010451694607045647,-0.010451694607045647,0.3,1.0,0.3,0.0,0.7,0.5,0.5,0.7,0.0,0.02110758272493174,0.2110758272493174,0.030153689607045342,0.030153689607045342,0.007727022407181516,0.014772306151789573,0.019739121249999658,-0.010328189607045735,0.01981318687499961,-0.010407143482045573,-0.010451694607045647,0.6,1.0,0.6,0.0,0.4,0.2,0.2,0.4,0.0,0.012061475842818137,0.12061475842818137,0.030153689607045342,0.030153689607045342,0.007727022407181516,0.014772306151789573,0.019739121249999658,-0.010328189607045735,0.01981318687499961,-0.010407143482045573,-0.010451694607045647,0.6,1.0,0.6,0.0,0.4,0.2,0.2,0.4,0.0,0.012061475842818137,0.12061475842818137,0.030153689607045342,0.030153689607045342,0.007727022407181516,0.014772306151789573,0.019739121249999658,-0.010328189607045735,0.01981318687499961,-0.010407143482045573,-0.010451694607045647,0.6,1.0,0.6,0.0,0.4,0.2,0.2,0.4,0.0,0.012061475842818137,0.12061475842818137,0.030153689607045342,0.030153689607045342,1.0,0.7,0.4,0.4,0.4,0.0,0.7,0.375,1.0,0.4,0.75,1.0,0.4,0.75,1.0,0.4,0.75,1.0,0.4,0.3,0.4,0.4,0.4,0.4,0.4,0.0,0.0,0.0,0.0,0.4,0.4,1.0,1.0,1.0,0.4,1.0,1.0,1.0,1.0,1.0,1.0,4,0,0.0,0.0,0.4,0.0,0.0,0.0,0.0,0.0,0.0,0.0,0.0,1.0,0.0,0.0,0.0,0.0,0.0,-0.14753873646292237,8.664450364735348e-21,8.664450364735348e-21,0.0,0.01,0.01,0,0,0,0,C2,0.4,0.0,0.007727022407181516,0.6,0.6,0.4,0.4,0.0,0.007727022407181516
phaseflip,dephasing,0.01,4,0.03,10,qiskit_aer,1,1,0.9802115017500002,0.9257557183333334,0.04444444444444444,0.0,0.6,1.0,0.0,0.0,0.019788498249999655,4.718862684810869e-05,0.019813248749999735,0.019776247499999622,0.019825499999999607,0.019701994999999695,0.019701994999999695,1.0,0.6,1.0,0.2,0.0,0.0,0.0,0.0,-0.01036519135704569,4.718862684810869e-05,-0.010340440857045607,-0.01037744210704572,-0.010328189607045735,-0.010451694607045647,-0.010451694607045647,0.0,1.0,0.0,0.0,1.0,0.6,0.6,1.0,0.001696284485772448,0.014777306627643002,-0.010328189607045735,-0.01037125460704566,0.01979462374999963,-0.01041828098204568,-0.010451694607045647,0.4,1.0,0.4,0.0,0.6,0.4,0.4,0.6,0.0,0.018092213764227205,0.18092213764227205,0.030153689607045342,0.030153689607045342,0.007727022407181516,0.014772306151789573,0.019739121249999658,-0.010328189607045735,0.01981318687499961,-0.010407143482045573,-0.010451694607045647,0.6,1.0,0.6,0.0,0.4,0.2,0.2,0.4,0.0,0.012061475842818137,0.12061475842818137,0.030153689607045342,0.030153689607045342,0.007727022407181516,0.014772306151789573,0.019739121249999658,-0.010328189607045735,0.01981318687499961,-0.010407143482045573,-0.010451694607045647,0.6,1.0,0.6,0.0,0.4,0.2,0.2,0.4,0.0,0.012061475842818137,0.12061475842818137,0.030153689607045342,0.030153689607045342,0.007727022407181516,0.014772306151789573,0.019739121249999658,-0.010328189607045735,0.01981318687499961,-0.010407143482045573,-0.010451694607045647,0.6,1.0,0.6,0.0,0.4,0.2,0.2,0.4,0.0,0.012061475842818137,0.12061475842818137,0.030153689607045342,0.030153689607045342,1.0,0.6,0.4,0.4,0.4,0.0,0.6,0.5,1.0,0.4,0.75,1.0,0.4,0.75,1.0,0.4,0.75,1.0,0.4,0.2,0.4,0.4,0.4,0.4,0.4,0.0,0.0,0.0,0.0,0.4,0.4,1.0,1.0,1.0,0.4,1.0,1.0,1.0,1.0,1.0,1.0,4,0,0.0,0.0,0.4,0.0,0.0,0.0,0.0,0.0,0.0,0.0,0.0,1.0,0.0,0.0,0.0,0.0,0.0,-0.12575570758994978,7.431855200327517e-21,7.431855200327517e-21,0.0,0.03,0.03,0,0,0,0,C2,0.4,0.0,0.007727022407181516,0.6,0.6,0.4,0.4,0.0,0.007727022407181516
phaseflip,dephasing,0.01,4,0.05,10,qiskit_aer,1,1,0.9802115017500002,0.8930832350000001,0.07777777777777778,0.0,0.4,1.0,0.0,0.0,0.019788498249999655,4.718862684810869e-05,0.019813248749999735,0.019776247499999622,0.019825499999999607,0.019701994999999695,0.019701994999999695,1.0,0.4,1.0,0.1,0.0,0.0,0.0,0.0,-0.01036519135704569,4.718862684810869e-05,-0.010340440857045607,-0.01037744210704572,-0.010328189607045735,-0.010451694607045647,-0.010451694607045647,0.0,1.0,0.0,0.0,1.0,0.4,0.4,1.0,-0.007349822396341155,0.009058555312300638,-0.010340440857045607,-0.01037744210704572,-0.010328189607045735,-0.010451694607045647,-0.010451694607045647,0.1,1.0,0.1,0.0,0.9,0.4,0.4,0.9,0.0,0.027138320646340808,0.2713832064634081,0.030153689607045342,0.030153689607045342,0.001696284485772448,0.014782407098149365,-0.010328189607045735,-0.010346566482045544,0.019776247499999622,-0.010451694607045647,-0.010451694607045647,0.4,1.0,0.4,0.0,0.6,0.1,0.1,0.6,0.0,0.018092213764227205,0.18092213764227205,0.030153689607045342,0.030153689607045342,0.001696284485772448,0.014782407098149365,-0.010328189607045735,-0.010346566482045544,0.019776247499999622,-0.010451694607045647,-0.010451694607045647,0.4,1.0,0.4,0.0,0.6,0.1,0.1,0.6,0.0,0.018092213764227205,0.18092213764227205,0.030153689607045342,0.030153689607045342,0.001696284485772448,0.014782407098149365,-0.010328189607045735,-0.010346566482045544,0.019776247499999622,-0.010451694607045647,-0.010451694607045647,0.4,1.0,0.4,0.0,0.6,0.1,0.1,0.6,0.0,0.018092213764227205,0.18092213764227205,0.030153689607045342,0.030153689607045342,1.0,0.9,0.6,0.6,0.6,0.0,0.9,0.1111111111111111,1.0,0.6,0.4444444444444444,1.0,0.6,0.4444444444444444,1.0,0.6,0.4444444444444444,1.0,0.6,0.3,0.6,0.6,0.6,0.6,0.6,0.0,0.0,0.0,0.0,0.6,0.6,1.0,1.0,1.0,0.6,1.0,1.0,1.0,1.0,1.0,1.0,6,0,0.0,0.0,0.6,0.0,0.0,0.0,0.0,0.0,0.0,0.0,0.0,1.0,0.0,0.0,0.0,0.0,0.0,0.3069167757134026,1.176408038269519e-20,1.176408038269519e-20,0.0,0.05,0.05,0,0,0,0,C2,0.6,0.0,0.001696284485772448,0.4,0.4,0.6,0.6,0.0,0.001696284485772448
phaseflip,dephasing,0.01,4,0.1,10,qiskit_aer,1,1,0.9802115017500002,0.7732794708888889,0.19999999999999998,0.0,0.0,1.0,0.0,0.0,0.019788498249999655,4.718862684810869e-05,0.019813248749999735,0.019776247499999622,0.019825499999999607,0.019701994999999695,0.019701994999999695,1.0,0.6,1.0,0.0,0.0,0.0,0.0,0.0,-0.01036519135704569,4.718862684810869e-05,-0.010340440857045607,-0.01037744210704572,-0.010328189607045735,-0.010451694607045647,-0.010451694607045647,0.0,1.0,0.0,0.0,1.0,0.0,0.0,1.0,0.007727022407181516,0.014772306151789573,0.019739121249999658,-0.010328189607045735,0.01981318687499961,-0.010407143482045573,-0.010451694607045647,0.6,1.0,0.6,0.0,0.4,0.0,0.0,0.4,0.0,0.012061475842818137,0.12061475842818137,0.030153689607045342,0.030153689607045342,0.007727022407181516,0.014772306151789573,0.019739121249999658,-0.010328189607045735,0.01981318687499961,-0.010407143482045573,-0.010451694607045647,0.6,1.0,0.6,0.0,0.4,0.0,0.0,0.4,0.0,0.012061475842818137,0.12061475842818137,0.030153689607045342,0.030153689607045342,0.007727022407181516,0.014772306151789573,0.019739121249999658,-0.010328189607045735,0.01981318687499961,-0.010407143482045573,-0.010451694607045647,0.6,1.0,0.6,0.0,0.4,0.0,0.0,0.4,0.0,0.012061475842818137,0.12061475842818137,0.030153689607045342,0.030153689607045342,0.007727022407181516,0.014772306151789573,0.019739121249999658,-0.010328189607045735,0.01981318687499961,-0.010407143482045573,-0.010451694607045647,0.6,1.0,0.6,0.0,0.4,0.0,0.0,0.4,0.0,0.012061475842818137,0.12061475842818137,0.030153689607045342,0.030153689607045342,1.0,0.4,0.4,0.4,0.4,0.0,0.4,0.6,0.0,0.4,0.6,0.0,0.4,0.6,0.0,0.4,0.6,0.0,0.4,0.0,0.4,0.4,0.4,0.4,0.4,0.0,0.0,0.0,0.0,0.4,0.4,1.0,1.0,1.0,0.4,1.0,1.0,1.0,1.0,1.0,1.0,4,0,0.0,0.0,0.4,0.0,0.0,0.0,0.0,0.0,0.0,0.0,0.0,1.0,0.0,0.0,0.0,0.0,0.0,0.026720539592356506,8.664450364735348e-21,8.664450364735348e-21,0.0,0.1,0.1,0,0,0,0,C1,0.4,0.0,0.007727022407181516,0.6,0.6,0.4,0.4,0.0,0.007727022407181516
phaseflip,dephasing,0.03,1,0.0,10,qiskit_aer,1,1,0.985,0.985,0.0,0.0,1.0,1.0,0.0,0.0,0.014999999999999791,0.0,0.014999999999999791,0.014999999999999791,0.014999999999999791,0.014999999999999791,0.014999999999999791,1.0,1.0,1.0,0.0,0.0,0.0,0.0,0.0,-0.01515368960704555,0.0,-0.01515368960704555,-0.01515368960704555,-0.01515368960704555,-0.01515368960704555,-0.01515368960704555,0.0,1.0,0.0,0.0,1.0,1.0,1.0,1.0,-0.01515368960704555,0.0,-0.01515368960704555,-0.01515368960704555,-0.01515368960704555,-0.01515368960704555,-0.01515368960704555,0.0,1.0,0.0,0.0,1.0,1.0,1.0,1.0,0.0,0.030153689607045342,0.3015368960704534,0.030153689607045342,0.030153689607045342,0.014999999999999791,0.0,0.014999999999999791,0.014999999999999791,0.014999999999999791,0.014999999999999791,0.014999999999999791,1.0,1.0,1.0,0.0,0.0,0.0,0.0,0.0,0.0,0.0,0.0,0.0,0.0,0.014999999999999791,0.0,0.014999999999999791,0.014999999999999791,0.014999999999999791,0.014999999999999791,0.014999999999999791,1.0,1.0,1.0,0.0,0.0,0.0,0.0,0.0,0.0,0.0,0.0,0.0,0.0,0.014999999999999791,0.0,0.014999999999999791,0.014999999999999791,0.014999999999999791,0.014999999999999791,0.014999999999999791,1.0,1.0,1.0,0.0,0.0,0.0,0.0,0.0,0.0,0.0,0.0,0.0,0.0,1.0,1.0,0.0,0.0,0.0,0.0,1.0,0.0,0.0,0.0,1.0,0.0,0.0,1.0,0.0,0.0,1.0,0.0,0.0,1.0,0.0,0.0,0.0,0.0,0.0,0.0,0.0,0.0,0.0,0.0,0.0,1.0,1.0,1.0,0.0,0.0,0.0,0.0,0.0,0.0,0.0,0,0,0.0,0.0,0.0,0.0,0.0,0.0,0.0,0.0,0.0,0.0,0.0,1.0,0.0,0.0,0.0,0.0,0.0,-0.9849999734412764,0.0,0.0,0.0,0.0,0.0,0,0,0,0,C2,0.0,0.0,0.014999999999999791,1.0,1.0,0.0,0.0,0.0,0.014999999999999791
phaseflip,dephasing,0.03,1,0.01,10,qiskit_aer,1,1,0.985,0.8755555555555556,0.03333333333333333,0.0,0.3,1.0,0.0,0.0,0.014999999999999791,0.0,0.014999999999999791,0.014999999999999791,0.014999999999999791,0.014999999999999791,0.014999999999999791,1.0,1.0,1.0,0.0,0.0,0.0,0.0,0.0,-0.01515368960704555,0.0,-0.01515368960704555,-0.01515368960704555,-0.01515368960704555,-0.01515368960704555,-0.01515368960704555,0.0,1.0,0.0,0.0,1.0,0.3,0.3,1.0,0.005953893117886189,0.013818156510648851,0.014999999999999791,-0.007615267205284215,0.014999999999999791,-0.01515368960704555,-0.01515368960704555,0.7,1.0,0.7,0.0,0.3,0.3,0.3,0.3,0.0,0.009046106882113603,0.09046106882113603,0.030153689607045342,0.030153689607045342,0.014999999999999791,0.0,0.014999999999999791,0.014999999999999791,0.014999999999999791,0.014999999999999791,0.014999999999999791,1.0,1.0,1.0,0.0,0.0,0.0,0.0,0.0,0.0,0.0,0.0,0.0,0.0,0.014999999999999791,0.0,0.014999999999999791,0.014999999999999791,0.014999999999999791,0.014999999999999791,0.014999999999999791,1.0,1.0,1.0,0.0,0.0,0.0,0.0,0.0,0.0,0.0,0.0,0.0,0.0,0.014999999999999791,0.0,0.014999999999999791,0.014999999999999791,0.014999999999999791,0.014999999999999791,0.014999999999999791,1.0,1.0,1.0,0.0,0.0,0.0,0.0,0.0,0.0,0.0,0.0,0.0,0.0,1.0,0.3,0.0,0.0,0.0,0.0,0.3,0.7,0.0,0.0,1.0,0.0,0.0,1.0,0.0,0.0,1.0,0.0,0.0,0.3,0.0,0.0,0.0,0.0,0.0,0.0,0.0,0.0,0.0,0.0,0.0,1.0,1.0,1.0,0.0,0.0,0.0,0.0,0.0,0.0,0.0,0,0,0.0,0.0,0.0,0.0,0.0,0.0,0.0,0.0,0.0,0.0,0.0,1.0,0.0,0.0,0.0,0.0,0.0,-0.875555528996832,0.0,0.0,0.0,0.01,0.01,0,0,0,0,C2,0.0,0.0,0.014999999999999791,1.0,1.0,0.0,0.0,0.0,0.014999999999999791
phaseflip,dephasing,0.03,1,0.03,10,qiskit_aer,1,1,0.985,0.7989444444444445,0.1111111111111111,0.0,0.3,1.0,0.0,0.0,0.014999999999999791,0.0,0.014999999999999791,0.014999999999999791,0.014999999999999791,0.014999999999999791,0.014999999999999791,1.0,0.9,1.0,0.0,0.0,0.0,0.0,0.0,-0.01515368960704555,0.0,-0.01515368960704555,-0.01515368960704555,-0.01515368960704555,-0.01515368960704555,-0.01515368960704555,0.0,1.0,0.0,0.0,1.0,0.3,0.3,1.0,0.0029385241571816545,0.014772230679905057,0.014999999999999791,-0.01515368960704555,0.014999999999999791,-0.01515368960704555,-0.01515368960704555,0.6,1.0,0.6,0.0,0.4,0.3,0.3,0.4,0.0,0.012061475842818137,0.12061475842818137,0.030153689607045342,0.030153689607045342,0.011984631039295257,0.009046106882113603,0.014999999999999791,0.014999999999999791,0.014999999999999791,-0.0015845292838751468,-0.01515368960704555,0.9,1.0,0.9,0.0,0.1,0.0,0.0,0.1,0.0,0.003015368960704534,0.030153689607045342,0.016584529283874903,0.030153689607045342,0.011984631039295257,0.009046106882113603,0.014999999999999791,0.014999999999999791,0.014999999999999791,-0.0015845292838751468,-0.01515368960704555,0.9,1.0,0.9,0.0,0.1,0.0,0.0,0.1,0.0,0.003015368960704534,0.030153689607045342,0.016584529283874903,0.030153689607045342,0.011984631039295257,0.009046106882113603,0.014999999999999791,0.014999999999999791,0.014999999999999791,-0.0015845292838751468,-0.01515368960704555,0.9,1.0,0.9,0.0,0.1,0.0,0.0,0.1,0.0,0.003015368960704534,0.030153689607045342,0.016584529283874903,0.030153689607045342,1.0,0.4,0.1,0.1,0.1,0.0,0.4,0.6,0.0,0.1,0.9,0.0,0.1,0.9,0.0,0.1,0.9,0.0,0.1,0.3,0.1,0.1,0.1,0.1,0.1,0.0,0.0,0.0,0.0,0.1,0.1,1.0,1.0,1.0,0.1,1.0,1.0,1.0,1.0,1.0,1.0,1,0,0.0,0.0,0.1,0.0,0.0,0.0,0.0,0.0,0.0,0.0,0.0,1.0,0.0,0.0,0.0,0.0,0.0,-0.5989444169914239,1.058794410427286e-17,1.058794410427286e-17,0.0,0.03,0.03,0,0,0,0,C2,0.1,0.0,0.011984631039295257,0.9,0.9,0.1,0.1,0.0,0.011984631039295257
phaseflip,dephasing,0.03,1,0.05,10,qiskit_aer,1,1,0.985,0.7770555555555556,0.15555555555555556,0.0,0.1,1.0,0.0,0.0,0.014999999999999791,0.0,0.014999999999999791,0.014999999999999791,0.014999999999999791,0.014999999999999791,0.014999999999999791,1.0,1.0,1.0,0.0,0.0,0.0,0.0,0.0,-0.01515368960704555,0.0,-0.01515368960704555,-0.01515368960704555,-0.01515368960704555,-0.01515368960704555,-0.01515368960704555,0.0,1.0,0.0,0.0,1.0,0.1,0.1,1.0,0.011984631039295257,0.009046106882113603,0.014999999999999791,0.014999999999999791,0.014999999999999791,-0.0015845292838751468,-0.01515368960704555,0.9,1.0,0.9,0.0,0.1,0.1,0.1,0.1,0.0,0.003015368960704534,0.030153689607045342,0.016584529283874903,0.030153689607045342,0.014999999999999791,0.0,0.014999999999999791,0.014999999999999791,0.014999999999999791,0.014999999999999791,0.014999999999999791,1.0,1.0,1.0,0.0,0.0,0.0,0.0,0.0,0.0,0.0,0.0,0.0,0.0,0.014999999999999791,0.0,0.014999999999999791,0.014999999999999791,0.014999999999999791,0.014999999999999791,0.014999999999999791,1.0,1.0,1.0,0.0,0.0,0.0,0.0,0.0,0.0,0.0,0.0,0.0,0.0,0.014999999999999791,0.0,0.014999999999999791,0.014999999999999791,0.014999999999999791,0.014999999999999791,0.014999999999999791,1.0,1.0,1.0,0.0,0.0,0.0,0.0,0.0,0.0,0.0,0.0,0.0,0.0,1.0,0.1,0.0,0.0,0.0,0.0,0.1,0.9,0.0,0.0,1.0,0.0,0.0,1.0,0.0,0.0,1.0,0.0,0.0,0.1,0.0,0.0,0.0,0.0,0.0,0.0,0.0,0.0,0.0,0.0,0.0,1.0,1.0,1.0,0.0,0.0,0.0,0.0,0.0,0.0,0.0,0,0,0.0,0.0,0.0,0.0,0.0,0.0,0.0,0.0,0.0,0.0,0.0,1.0,0.0,0.0,0.0,0.0,0.0,-0.7770555289968321,0.0,0.0,0.0,0.05,0.05,0,0,0,0,C2,0.0,0.0,0.014999999999999791,1.0,1.0,0.0,0.0,0.0,0.014999999999999791
phaseflip,dephasing,0.03,1,0.1,10,qiskit_aer,1,1,0.985,0.6785555555555556,0.25555555555555554,0.0,0.1,1.0,0.0,0.0,0.014999999999999791,0.0,0.014999999999999791,0.014999999999999791,0.014999999999999791,0.014999999999999791,0.014999999999999791,1.0,1.0,1.0,0.0,0.0,0.0,0.0,0.0,-0.01515368960704555,0.0,-0.01515368960704555,-0.01515368960704555,-0.01515368960704555,-0.01515368960704555,-0.01515368960704555,0.0,1.0,0.0,0.0,1.0,0.1,0.1,1.0,0.011984631039295257,0.009046106882113603,0.014999999999999791,0.014999999999999791,0.014999999999999791,-0.0015845292838751468,-0.01515368960704555,0.9,1.0,0.9,0.0,0.1,0.1,0.1,0.1,0.0,0.003015368960704534,0.030153689607045342,0.016584529283874903,0.030153689607045342,0.014999999999999791,0.0,0.014999999999999791,0.014999999999999791,0.014999999999999791,0.014999999999999791,0.014999999999999791,1.0,1.0,1.0,0.0,0.0,0.0,0.0,0.0,0.0,0.0,0.0,0.0,0.0,0.014999999999999791,0.0,0.014999999999999791,0.014999999999999791,0.014999999999999791,0.014999999999999791,0.014999999999999791,1.0,1.0,1.0,0.0,0.0,0.0,0.0,0.0,0.0,0.0,0.0,0.0,0.0,0.014999999999999791,0.0,0.014999999999999791,0.014999999999999791,0.014999999999999791,0.014999999999999791,0.014999999999999791,1.0,1.0,1.0,0.0,0.0,0.0,0.0,0.0,0.0,0.0,0.0,0.0,0.0,1.0,0.1,0.0,0.0,0.0,0.0,0.1,0.9,0.0,0.0,1.0,0.0,0.0,1.0,0.0,0.0,1.0,0.0,0.0,0.1,0.0,0.0,0.0,0.0,0.0,0.0,0.0,0.0,0.0,0.0,0.0,1.0,1.0,1.0,0.0,0.0,0.0,0.0,0.0,0.0,0.0,0,0,0.0,0.0,0.0,0.0,0.0,0.0,0.0,0.0,0.0,0.0,0.0,1.0,0.0,0.0,0.0,0.0,0.0,-0.678555528996832,0.0,0.0,0.0,0.1,0.1,0,0,0,0,C2,0.0,0.0,0.014999999999999791,1.0,1.0,0.0,0.0,0.0,0.014999999999999791
phaseflip,dephasing,0.03,2,0.0,10,qiskit_aer,1,1,0.97036,0.97036,0.0,0.0,1.0,1.0,0.0,0.0,0.0296399999999996,0.00011022703842520368,0.029549999999999632,0.029549999999999632,0.029774999999999552,0.029549999999999632,0.029549999999999632,1.0,0.6,1.0,0.4,0.0,0.0,0.0,0.0,-0.0005136896070457419,0.00011022703842520368,-0.0006036896070457098,-0.0006036896070457098,-0.00037868960704579013,-0.0006036896070457098,-0.0006036896070457098,0.0,1.0,0.0,0.0,0.0,1.0,1.0,1.0,-0.0005136896070457419,0.00011022703842520368,-0.0006036896070457098,-0.0006036896070457098,-0.00037868960704579013,-0.0006036896070457098,-0.0006036896070457098,0.0,1.0,0.0,0.0,0.0,1.0,1.0,1.0,0.0,0.030153689607045342,0.3015368960704534,0.030153689607045342,0.030153689607045342,0.017578524157181464,0.014754259820384131,0.029549999999999632,-0.00037868960704579013,0.029549999999999632,-0.0006036896070457098,-0.0006036896070457098,0.6,1.0,0.6,0.0,0.0,0.4,0.4,0.4,0.0,0.012061475842818137,0.12061475842818137,0.030153689607045342,0.030153689607045342,0.017578524157181464,0.014754259820384131,0.029549999999999632,-0.00037868960704579013,0.029549999999999632,-0.0006036896070457098,-0.0006036896070457098,0.6,1.0,0.6,0.0,0.0,0.4,0.4,0.4,0.0,0.012061475842818137,0.12061475842818137,0.030153689607045342,0.030153689607045342,0.017578524157181464,0.014754259820384131,0.029549999999999632,-0.00037868960704579013,0.029549999999999632,-0.0006036896070457098,-0.0006036896070457098,0.6,1.0,0.6,0.0,0.0,0.4,0.4,0.4,0.0,0.012061475842818137,0.12061475842818137,0.030153689607045342,0.030153689607045342,1.0,1.0,0.4,0.4,0.4,0.0,1.0,0.0,1.0,0.4,1.0,1.0,0.4,1.0,1.0,0.4,1.0,1.0,0.4,0.6,0.4,0.4,0.4,0.4,0.4,0.0,0.0,0.0,0.0,0.4,0.4,1.0,1.0,1.0,0.4,1.0,1.0,1.0,1.0,1.0,1.0,4,0,0.0,0.0,0.4,0.0,0.0,0.0,0.0,0.0,0.0,0.0,0.0,1.0,0.0,0.0,0.0,0.0,0.0,-0.17035999286610487,0.04915630686845529,0.04915630686845529,0.0,0.0,0.0,0,0,0,0,C2,0.0,0.0,0.017578524157181464,0.6,0.6,0.4,0.0,0.0,0.017578524157181464
phaseflip,dephasing,0.03,2,0.01,10,qiskit_aer,1,1,0.97036,0.8517594444444445,0.03333333333333333,0.0,0.2,1.0,0.0,0.0,0.0296399999999996,0.00011022703842520368,0.029549999999999632,0.029549999999999632,0.029774999999999552,0.029549999999999632,0.029549999999999632,1.0,0.7,1.0,0.1,0.0,0.0,0.0,0.0,-0.0005136896070457419,0.00011022703842520368,-0.0006036896070457098,-0.0006036896070457098,-0.00037868960704579013,-0.0006036896070457098,-0.0006036896070457098,0.0,1.0,0.0,0.0,0.0,0.2,0.2,1.0,0.017578524157181464,0.014754259820384131,0.029549999999999632,-0.00037868960704579013,0.029549999999999632,-0.0006036896070457098,-0.0006036896070457098,0.6,1.0,0.6,0.0,0.0,0.2,0.2,0.4,0.0,0.012061475842818137,0.12061475842818137,0.030153689607045342,0.030153689607045342,0.020593893117885998,0.0138284121488785,0.029549999999999632,0.007103482794715565,0.029718749999999572,-0.0006036896070457098,-0.0006036896070457098,0.7,1.0,0.7,0.0,0.0,0.1,0.1,0.3,0.0,0.009046106882113603,0.09046106882113603,0.030153689607045342,0.030153689607045342,0.020593893117885998,0.0138284121488785,0.029549999999999632,0.007103482794715565,0.029718749999999572,-0.0006036896070457098,-0.0006036896070457098,0.7,1.0,0.7,0.0,0.0,0.1,0.1,0.3,0.0,0.009046106882113603,0.09046106882113603,0.030153689607045342,0.030153689607045342,0.020593893117885998,0.0138284121488785,0.029549999999999632,0.007103482794715565,0.029718749999999572,-0.0006036896070457098,-0.0006036896070457098,0.7,1.0,0.7,0.0,0.0,0.1,0.1,0.3,0.0,0.009046106882113603,0.09046106882113603,0.030153689607045342,0.030153689607045342,1.0,0.4,0.3,0.3,0.3,0.0,0.4,0.6666666666666666,1.0,0.3,0.7777777777777778,1.0,0.3,0.7777777777777778,1.0,0.3,0.7777777777777778,1.0,0.3,0.1,0.3,0.3,0.3,0.3,0.3,0.0,0.0,0.0,0.0,0.3,0.3,1.0,1.0,1.0,0.3,1.0,1.0,1.0,1.0,1.0,1.0,3,0,0.0,0.0,0.3,0.0,0.0,0.0,0.0,0.0,0.0,0.0,0.0,1.0,0.0,0.0,0.0,0.0,0.0,-0.2517594377991214,0.04915630686845529,0.04915630686845529,0.0,0.01,0.01,0,0,0,0,C2,0.0,0.0,0.020593893117885998,0.7,0.7,0.3,0.0,0.0,0.020593893117885998
phaseflip,dephasing,0.03,2,0.03,10,qiskit_aer,1,1,0.97036,0.7762875,0.1111111111111111,0.0,0.2,1.0,0.0,0.0,0.0296399999999996,0.00011022703842520368,0.029549999999999632,0.029549999999999632,0.029774999999999552,0.029549999999999632,0.029549999999999632,1.0,0.7,1.0,0.1,0.0,0.0,0.0,0.0,-0.0005136896070457419,0.00011022703842520368,-0.0006036896070457098,-0.0006036896070457098,-0.00037868960704579013,-0.0006036896070457098,-0.0006036896070457098,0.0,1.0,0.0,0.0,0.0,0.2,0.2,1.0,0.017578524157181464,0.014754259820384131,0.029549999999999632,-0.00037868960704579013,0.029549999999999632,-0.0006036896070457098,-0.0006036896070457098,0.6,1.0,0.6,0.0,0.0,0.2,0.2,0.4,0.0,0.012061475842818137,0.12061475842818137,0.030153689607045342,0.030153689607045342,0.020593893117885998,0.013828412148878502,0.029549999999999632,0.007103482794715565,0.029718749999999572,-0.0006036896070457098,-0.0006036896070457098,0.7,1.0,0.7,0.0,0.0,0.1,0.1,0.3,0.0,0.009046106882113603,0.09046106882113603,0.030153689607045342,0.030153689607045342,0.020593893117885998,0.013828412148878502,0.029549999999999632,0.007103482794715565,0.029718749999999572,-0.0006036896070457098,-0.0006036896070457098,0.7,1.0,0.7,0.0,0.0,0.1,0.1,0.3,0.0,0.009046106882113603,0.09046106882113603,0.030153689607045342,0.030153689607045342,0.020593893117885998,0.013828412148878502,0.029549999999999632,0.007103482794715565,0.029718749999999572,-0.0006036896070457098,-0.0006036896070457098,0.7,1.0,0.7,0.0,0.0,0.1,0.1,0.3,0.0,0.009046106882113603,0.09046106882113603,0.030153689607045342,0.030153689607045342,1.0,0.4,0.3,0.3,0.3,0.0,0.4,0.6666666666666666,1.0,0.3,0.7777777777777778,1.0,0.3,0.7777777777777778,1.0,0.3,0.7777777777777778,1.0,0.3,0.1,0.3,0.3,0.3,0.3,0.3,0.0,0.0,0.0,0.0,0.3,0.3,1.0,1.0,1.0,0.3,1.0,1.0,1.0,1.0,1.0,1.0,3,0,0.0,0.0,0.3,0.0,0.0,0.0,0.0,0.0,0.0,0.0,0.0,1.0,0.0,0.0,0.0,0.0,0.0,-0.17628749323037016,0.04915630686845529,0.04915630686845529,0.0,0.03,0.03,0,0,0,0,C2,0.0,0.0,0.020593893117885998,0.7,0.7,0.3,0.0,0.0,0.020593893117885998
phaseflip,dephasing,0.03,2,0.05,10,qiskit_aer,1,1,0.97036,0.7547219444444445,0.15555555555555556,0.0,0.1,1.0,0.0,0.0,0.0296399999999996,0.00011022703842520368,0.029549999999999632,0.029549999999999632,0.029774999999999552,0.029549999999999632,0.029549999999999632,1.0,0.6,1.0,0.0,0.0,0.0,0.0,0.0,-0.0005136896070457419,0.00011022703842520368,-0.0006036896070457098,-0.0006036896070457098,-0.00037868960704579013,-0.0006036896070457098,-0.0006036896070457098,0.0,1.0,0.0,0.0,0.0,0.1,0.1,1.0,0.01456315519647693,0.015032181584759812,0.014585655196476921,-0.00037868960704579013,0.029549999999999632,-0.0006036896070457098,-0.0006036896070457098,0.5,1.0,0.5,0.0,0.0,0.1,0.1,0.5,0.0,0.015076844803522671,0.1507684480352267,0.030153689607045342,0.030153689607045342,0.017578524157181464,0.014754259820384131,0.029549999999999632,-0.00037868960704579013,0.029549999999999632,-0.0006036896070457098,-0.0006036896070457098,0.6,1.0,0.6,0.0,0.0,0.0,0.0,0.4,0.0,0.012061475842818137,0.12061475842818137,0.030153689607045342,0.030153689607045342,0.017578524157181464,0.014754259820384131,0.029549999999999632,-0.00037868960704579013,0.029549999999999632,-0.0006036896070457098,-0.0006036896070457098,0.6,1.0,0.6,0.0,0.0,0.0,0.0,0.4,0.0,0.012061475842818137,0.12061475842818137,0.030153689607045342,0.030153689607045342,0.017578524157181464,0.014754259820384131,0.029549999999999632,-0.00037868960704579013,0.029549999999999632,-0.0006036896070457098,-0.0006036896070457098,0.6,1.0,0.6,0.0,0.0,0.0,0.0,0.4,0.0,0.012061475842818137,0.12061475842818137,0.030153689607045342,0.030153689607045342,1.0,0.5,0.4,0.4,0.4,0.0,0.5,0.5,0.0,0.4,0.6,0.0,0.4,0.6,0.0,0.4,0.6,0.0,0.4,0.1,0.4,0.4,0.4,0.4,0.4,0.0,0.0,0.0,0.0,0.4,0.4,1.0,1.0,1.0,0.4,1.0,1.0,1.0,1.0,1.0,1.0,4,0,0.0,0.0,0.4,0.0,0.0,0.0,0.0,0.0,0.0,0.0,0.0,1.0,0.0,0.0,0.0,0.0,0.0,0.04527806271382462,0.04915630686845529,0.04915630686845529,0.0,0.05,0.05,0,0,0,0,C2,0.0,0.0,0.017578524157181464,0.6,0.6,0.4,0.0,0.0,0.017578524157181464
phaseflip,dephasing,0.03,2,0.1,10,qiskit_aer,1,1,0.97036,0.6576894444444444,0.25555555555555554,0.0,0.1,1.0,0.0,0.0,0.0296399999999996,0.00011022703842520368,0.029549999999999632,0.029549999999999632,0.029774999999999552,0.029549999999999632,0.029549999999999632,1.0,0.6,1.0,0.0,0.0,0.0,0.0,0.0,-0.0005136896070457419,0.00011022703842520368,-0.0006036896070457098,-0.0006036896070457098,-0.00037868960704579013,-0.0006036896070457098,-0.0006036896070457098,0.0,1.0,0.0,0.0,0.0,0.1,0.1,1.0,0.01456315519647693,0.015032181584759812,0.014585655196476921,-0.00037868960704579013,0.029549999999999632,-0.0006036896070457098,-0.0006036896070457098,0.5,1.0,0.5,0.0,0.0,0.1,0.1,0.5,0.0,0.015076844803522671,0.1507684480352267,0.030153689607045342,0.030153689607045342,0.017578524157181464,0.014754259820384131,0.029549999999999632,-0.00037868960704579013,0.029549999999999632,-0.0006036896070457098,-0.0006036896070457098,0.6,1.0,0.6,0.0,0.0,0.0,0.0,0.4,0.0,0.012061475842818137,0.12061475842818137,0.030153689607045342,0.030153689607045342,0.017578524157181464,0.014754259820384131,0.029549999999999632,-0.00037868960704579013,0.029549999999999632,-0.0006036896070457098,-0.0006036896070457098,0.6,1.0,0.6,0.0,0.0,0.0,0.0,0.4,0.0,0.012061475842818137,0.12061475842818137,0.030153689607045342,0.030153689607045342,0.017578524157181464,0.014754259820384131,0.029549999999999632,-0.00037868960704579013,0.029549999999999632,-0.0006036896070457098,-0.0006036896070457098,0.6,1.0,0.6,0.0,0.0,0.0,0.0,0.4,0.0,0.012061475842818137,0.12061475842818137,0.030153689607045342,0.030153689607045342,1.0,0.5,0.4,0.4,0.4,0.0,0.5,0.5,0.0,0.4,0.6,0.0,0.4,0.6,0.0,0.4,0.6,0.0,0.4,0.1,0.4,0.4,0.4,0.4,0.4,0.0,0.0,0.0,0.0,0.4,0.4,1.0,1.0,1.0,0.4,1.0,1.0,1.0,1.0,1.0,1.0,4,0,0.0,0.0,0.4,0.0,0.0,0.0,0.0,0.0,0.0,0.0,0.0,1.0,0.0,0.0,0.0,0.0,0.0,0.14231056240914983,0.04915630686845529,0.04915630686845529,0.0,0.1,0.1,0,0,0,0,C2,0.0,0.0,0.017578524157181464,0.6,0.6,0.4,0.0,0.0,0.017578524157181464
phaseflip,dephasing,0.03,3,0.0,10,qiskit_aer,1,1,0.9559607500000001,0.9559607500000001,0.0,0.0,1.0,1.0,0.0,0.0,0.04403924999999963,0.0002620588435828815,0.04410674999999964,0.043774312499999635,0.04427043749999962,0.04366349999999963,0.04366349999999963,1.0,0.7,1.0,0.3,0.0,0.0,0.0,0.0,0.013885560392954289,0.0002620588435828815,0.013953060392954297,0.013620622892954293,0.014116747892954279,0.013509810392954291,0.013509810392954291,1.0,1.0,0.0,0.0,0.0,1.0,1.0,1.0,0.013885560392954289,0.0002620588435828815,0.013953060392954297,0.013620622892954293,0.014116747892954279,0.013509810392954291,0.013509810392954291,1.0,1.0,0.0,0.0,0.0,1.0,1.0,1.0,0.0,0.030153689607045342,0.3015368960704534,0.030153689607045342,0.030153689607045342,0.034993143117886025,0.013776389213476865,0.04366349999999963,0.02138067029471563,0.04427043749999962,0.013953060392954297,0.013953060392954297,1.0,1.0,0.7,0.0,0.0,0.3,0.3,0.3,0.0,0.009046106882113603,0.09046106882113603,0.030153689607045342,0.030153689607045342,0.034993143117886025,0.013776389213476865,0.04366349999999963,0.02138067029471563,0.04427043749999962,0.013953060392954297,0.013953060392954297,1.0,1.0,0.7,0.0,0.0,0.3,0.3,0.3,0.0,0.009046106882113603,0.09046106882113603,0.030153689607045342,0.030153689607045342,0.034993143117886025,0.013776389213476865,0.04366349999999963,0.02138067029471563,0.04427043749999962,0.013953060392954297,0.013953060392954297,1.0,1.0,0.7,0.0,0.0,0.3,0.3,0.3,0.0,0.009046106882113603,0.09046106882113603,0.030153689607045342,0.030153689607045342,1.0,1.0,0.3,0.3,0.3,0.0,1.0,0.0,1.0,0.3,1.0,1.0,0.3,1.0,1.0,0.3,1.0,1.0,0.3,0.7,0.3,0.3,0.3,0.3,0.3,0.0,0.0,0.0,0.0,0.3,0.3,1.0,1.0,1.0,0.3,1.0,1.0,1.0,1.0,1.0,1.0,3,0,0.0,0.0,0.3,0.0,0.0,0.0,0.0,0.0,0.0,0.0,0.0,1.0,0.0,0.0,0.0,0.0,0.0,-0.35596074782717263,7.302824190281767e-19,7.302824190281767e-19,0.0,0.0,0.0,0,0,0,0,C2,0.0,0.0,0.034993143117886025,0.7,1.0,0.3,0.0,0.0,0.034993143117886025
phaseflip,dephasing,0.03,3,0.01,10,qiskit_aer,1,1,0.9559607500000001,0.8922393833333335,0.02222222222222222,0.0,0.5,1.0,0.0,0.0,0.04403924999999963,0.0002620588435828815,0.04410674999999964,0.043774312499999635,0.04427043749999962,0.04366349999999963,0.04366349999999963,1.0,0.7,1.0,0.1,0.0,0.0,0.0,0.0,0.013885560392954289,0.0002620588435828815,0.013953060392954297,0.013620622892954293,0.014116747892954279,0.013509810392954291,0.013509810392954291,1.0,1.0,0.0,0.0,0.0,0.5,0.5,1.0,0.02293166727506789,0.013959361221849211,0.013953060392954297,0.013620622892954293,0.0366228900982383,0.013509810392954291,0.013509810392954291,1.0,1.0,0.3,0.0,0.0,0.5,0.5,0.7,0.0,0.02110758272493174,0.2110758272493174,0.030153689607045342,0.030153689607045342,0.034993143117886025,0.013776389213476865,0.04366349999999963,0.02138067029471563,0.04427043749999962,0.013953060392954297,0.013953060392954297,1.0,1.0,0.7,0.0,0.0,0.1,0.1,0.3,0.0,0.009046106882113603,0.09046106882113603,0.030153689607045342,0.030153689607045342,0.034993143117886025,0.013776389213476865,0.04366349999999963,0.02138067029471563,0.04427043749999962,0.013953060392954297,0.013953060392954297,1.0,1.0,0.7,0.0,0.0,0.1,0.1,0.3,0.0,0.009046106882113603,0.09046106882113603,0.030153689607045342,0.030153689607045342,0.034993143117886025,0.013776389213476865,0.04366349999999963,0.02138067029471563,0.04427043749999962,0.013953060392954297,0.013953060392954297,1.0,1.0,0.7,0.0,0.0,0.1,0.1,0.3,0.0,0.009046106882113603,0.09046106882113603,0.030153689607045342,0.030153689607045342,1.0,0.7,0.3,0.3,0.3,0.0,0.7,0.3333333333333333,1.0,0.3,0.7777777777777778,1.0,0.3,0.7777777777777778,1.0,0.3,0.7777777777777778,1.0,0.3,0.4,0.3,0.3,0.3,0.3,0.3,0.0,0.0,0.0,0.0,0.3,0.3,1.0,1.0,1.0,0.3,1.0,1.0,1.0,1.0,1.0,1.0,3,0,0.0,0.0,0.3,0.0,0.0,0.0,0.0,0.0,0.0,0.0,0.0,1.0,0.0,0.0,0.0,0.0,0.0,-0.29223938127969556,0.004647966849674839,0.004647966849674839,0.0,0.01,0.01,0,0,0,0,C2,0.0,0.0,0.034993143117886025,0.7,1.0,0.3,0.0,0.0,0.034993143117886025
phaseflip,dephasing,0.03,3,0.03,10,qiskit_aer,1,1,0.9559607500000001,0.8709948111111113,0.04444444444444444,0.0,0.4,1.0,0.0,0.0,0.04403924999999963,0.0002620588435828815,0.04410674999999964,0.043774312499999635,0.04427043749999962,0.04366349999999963,0.04366349999999963,1.0,0.9,1.0,0.0,0.0,0.0,0.0,0.0,0.013885560392954289,0.0002620588435828815,0.013953060392954297,0.013620622892954293,0.014116747892954279,0.013509810392954291,0.013509810392954291,1.0,1.0,0.0,0.0,0.0,0.4,0.4,1.0,0.02896240519647696,0.01514511771609962,0.028917405196476953,0.013953060392954297,0.04410674999999964,0.013509810392954291,0.013509810392954291,1.0,1.0,0.5,0.0,0.0,0.4,0.4,0.5,0.0,0.015076844803522671,0.1507684480352267,0.030153689607045342,0.030153689607045342,0.04102388103929509,0.00902738332798757,0.04410674999999964,0.04366349999999963,0.04427043749999962,0.027322758216124697,0.013953060392954297,1.0,1.0,0.9,0.0,0.0,0.0,0.0,0.1,0.0,0.003015368960704534,0.030153689607045342,0.016584529283874903,0.030153689607045342,0.04102388103929509,0.00902738332798757,0.04410674999999964,0.04366349999999963,0.04427043749999962,0.027322758216124697,0.013953060392954297,1.0,1.0,0.9,0.0,0.0,0.0,0.0,0.1,0.0,0.003015368960704534,0.030153689607045342,0.016584529283874903,0.030153689607045342,0.04102388103929509,0.00902738332798757,0.04410674999999964,0.04366349999999963,0.04427043749999962,0.027322758216124697,0.013953060392954297,1.0,1.0,0.9,0.0,0.0,0.0,0.0,0.1,0.0,0.003015368960704534,0.030153689607045342,0.016584529283874903,0.030153689607045342,1.0,0.5,0.1,0.1,0.1,0.0,0.5,0.5,0.0,0.1,0.9,0.0,0.1,0.9,0.0,0.1,0.9,0.0,0.1,0.4,0.1,0.1,0.1,0.1,0.1,0.0,0.0,0.0,0.0,0.1,0.1,1.0,1.0,1.0,0.1,1.0,1.0,1.0,1.0,1.0,1.0,1,0,0.0,0.0,0.1,0.0,0.0,0.0,0.0,0.0,0.0,0.0,0.0,1.0,0.0,0.0,0.0,0.0,0.0,-0.6709948088053991,2.166112591183837e-21,2.166112591183837e-21,0.0,0.03,0.03,0,0,0,0,C2,0.0,0.0,0.04102388103929509,0.9,1.0,0.1,0.0,0.0,0.04102388103929509
phaseflip,dephasing,0.03,3,0.05,10,qiskit_aer,1,1,0.9559607500000001,0.839134127777778,0.07777777777777778,0.0,0.3,1.0,0.0,0.0,0.04403924999999963,0.0002620588435828815,0.04410674999999964,0.043774312499999635,0.04427043749999962,0.04366349999999963,0.04366349999999963,1.0,0.9,1.0,0.0,0.0,0.0,0.0,0.0,0.013885560392954289,0.0002620588435828815,0.013953060392954297,0.013620622892954293,0.014116747892954279,0.013509810392954291,0.013509810392954291,1.0,1.0,0.0,0.0,0.0,0.3,0.3,1.0,0.03197777415718149,0.014855612255138775,0.043885124999999636,0.014007622892954291,0.04410674999999964,0.013509810392954291,0.013509810392954291,1.0,1.0,0.6,0.0,0.0,0.3,0.3,0.4,0.0,0.012061475842818137,0.12061475842818137,0.030153689607045342,0.030153689607045342,0.04102388103929509,0.00902738332798757,0.04410674999999964,0.04366349999999963,0.04427043749999962,0.027322758216124697,0.013953060392954297,1.0,1.0,0.9,0.0,0.0,0.0,0.0,0.1,0.0,0.003015368960704534,0.030153689607045342,0.016584529283874903,0.030153689607045342,0.04102388103929509,0.00902738332798757,0.04410674999999964,0.04366349999999963,0.04427043749999962,0.027322758216124697,0.013953060392954297,1.0,1.0,0.9,0.0,0.0,0.0,0.0,0.1,0.0,0.003015368960704534,0.030153689607045342,0.016584529283874903,0.030153689607045342,0.04102388103929509,0.00902738332798757,0.04410674999999964,0.04366349999999963,0.04427043749999962,0.027322758216124697,0.013953060392954297,1.0,1.0,0.9,0.0,0.0,0.0,0.0,0.1,0.0,0.003015368960704534,0.030153689607045342,0.016584529283874903,0.030153689607045342,1.0,0.4,0.1,0.1,0.1,0.0,0.4,0.6,0.0,0.1,0.9,0.0,0.1,0.9,0.0,0.1,0.9,0.0,0.1,0.3,0.1,0.1,0.1,0.1,0.1,0.0,0.0,0.0,0.0,0.1,0.1,1.0,1.0,1.0,0.1,1.0,1.0,1.0,1.0,1.0,1.0,1,0,0.0,0.0,0.1,0.0,0.0,0.0,0.0,0.0,0.0,0.0,0.0,1.0,0.0,0.0,0.0,0.0,0.0,-0.6391341257275942,2.166112591183837e-21,2.166112591183837e-21,0.0,0.05,0.05,0,0,0,0,C2,0.0,0.0,0.04102388103929509,0.9,1.0,0.1,0.0,0.0,0.04102388103929509
phaseflip,dephasing,0.03,3,0.1,10,qiskit_aer,1,1,0.9559607500000001,0.7222928055555558,0.19999999999999998,0.0,0.0,1.0,0.0,0.0,0.04403924999999963,0.0002620588435828815,0.04410674999999964,0.043774312499999635,0.04427043749999962,0.04366349999999963,0.04366349999999963,1.0,0.7,1.0,0.0,0.0,0.0,0.0,0.0,0.013885560392954289,0.0002620588435828815,0.013953060392954297,0.013620622892954293,0.014116747892954279,0.013509810392954291,0.013509810392954291,1.0,1.0,0.0,0.0,0.0,0.0,0.0,1.0,0.034993143117886025,0.01387306831039429,0.043885124999999636,0.02138067029471563,0.04427043749999962,0.013709272892954294,0.013509810392954291,1.0,1.0,0.7,0.0,0.0,0.0,0.0,0.3,0.0,0.009046106882113603,0.09046106882113603,0.030153689607045342,0.030153689607045342,0.034993143117886025,0.01387306831039429,0.043885124999999636,0.02138067029471563,0.04427043749999962,0.013709272892954294,0.013509810392954291,1.0,1.0,0.7,0.0,0.0,0.0,0.0,0.3,0.0,0.009046106882113603,0.09046106882113603,0.030153689607045342,0.030153689607045342,0.034993143117886025,0.01387306831039429,0.043885124999999636,0.02138067029471563,0.04427043749999962,0.013709272892954294,0.013509810392954291,1.0,1.0,0.7,0.0,0.0,0.0,0.0,0.3,0.0,0.009046106882113603,0.09046106882113603,0.030153689607045342,0.030153689607045342,0.034993143117886025,0.01387306831039429,0.043885124999999636,0.02138067029471563,0.04427043749999962,0.013709272892954294,0.013509810392954291,1.0,1.0,0.7,0.0,0.0,0.0,0.0,0.3,0.0,0.009046106882113603,0.09046106882113603,0.030153689607045342,0.030153689607045342,1.0,0.3,0.3,0.3,0.3,0.0,0.3,0.7,0.0,0.3,0.7,0.0,0.3,0.7,0.0,0.3,0.7,0.0,0.3,0.0,0.3,0.3,0.3,0.3,0.3,0.0,0.0,0.0,0.0,0.3,0.3,1.0,1.0,1.0,0.3,1.0,1.0,1.0,1.0,1.0,1.0,3,0,0.0,0.0,0.3,0.0,0.0,0.0,0.0,0.0,0.0,0.0,0.0,1.0,0.0,0.0,0.0,0.0,0.0,-0.12229280354122662,4.033147444735849e-21,4.033147444735849e-21,0.0,0.1,0.1,0,0,0,0,C1,0.0,0.0,0.034993143117886025,0.7,1.0,0.3,0.0,0.0,0.034993143117886025
phaseflip,dephasing,0.03,4,0.0,10,qiskit_aer,1,1,0.9418856417500002,0.9418856417500002,0.0,0.0,1.0,1.0,0.0,0.0,0.058114358249999575,0.0004144749968500171,0.05833264874999955,0.05800854749999951,0.058438499999999616,0.05735359499999959,0.05735359499999959,1.0,0.8,1.0,0.2,0.0,0.0,0.0,0.0,0.027960668642954233,0.0004144749968500171,0.028178959142954207,0.027854857892954166,0.028284810392954274,0.02719990539295425,0.02719990539295425,1.0,1.0,0.0,0.0,0.0,1.0,1.0,1.0,0.030976037603658767,0.009162895458820538,0.028178959142954207,0.027854857892954166,0.028284810392954274,0.02719990539295425,0.02719990539295425,1.0,1.0,0.1,0.0,0.0,0.9,0.9,0.9,0.0,0.027138320646340808,0.2713832064634081,0.030153689607045342,0.030153689607045342,0.052083620328590506,0.011905518096354522,0.05800854749999951,0.05735359499999959,0.05838557437499958,0.028284810392954274,0.028284810392954274,1.0,1.0,0.8,0.0,0.0,0.2,0.2,0.2,0.0,0.006030737921409068,0.060307379214090684,0.030153689607045342,0.030153689607045342,0.052083620328590506,0.011905518096354522,0.05800854749999951,0.05735359499999959,0.05838557437499958,0.028284810392954274,0.028284810392954274,1.0,1.0,0.8,0.0,0.0,0.2,0.2,0.2,0.0,0.006030737921409068,0.060307379214090684,0.030153689607045342,0.030153689607045342,0.052083620328590506,0.011905518096354522,0.05800854749999951,0.05735359499999959,0.05838557437499958,0.028284810392954274,0.028284810392954274,1.0,1.0,0.8,0.0,0.0,0.2,0.2,0.2,0.0,0.006030737921409068,0.060307379214090684,0.030153689607045342,0.030153689607045342,1.0,0.9,0.2,0.2,0.2,0.0,0.9,0.125,1.0,0.2,1.0,1.0,0.2,1.0,1.0,0.2,1.0,1.0,0.2,0.7,0.2,0.2,0.2,0.2,0.2,0.0,0.0,0.0,0.0,0.2,0.2,1.0,1.0,1.0,0.2,1.0,1.0,1.0,1.0,1.0,1.0,2,0,0.0,0.0,0.2,0.0,0.0,0.0,0.0,0.0,0.0,0.0,0.0,1.0,0.0,0.0,0.0,0.0,0.0,-0.5418856410912782,4.332225182367674e-21,4.332225182367674e-21,0.0,0.0,0.0,0,0,0,0,C2,0.0,0.0,0.052083620328590506,0.8,1.0,0.2,0.0,0.0,0.052083620328590506
phaseflip,dephasing,0.03,4,0.01,10,qiskit_aer,1,1,0.9418856417500002,0.8372389588055558,0.02222222222222222,0.0,0.3,1.0,0.0,0.0,0.058114358249999575,0.0004144749968500171,0.05833264874999955,0.05800854749999951,0.058438499999999616,0.05735359499999959,0.05735359499999959,1.0,0.7,1.0,0.0,0.0,0.0,0.0,0.0,0.027960668642954233,0.0004144749968500171,0.028178959142954207,0.027854857892954166,0.028284810392954274,0.02719990539295425,0.02719990539295425,1.0,1.0,0.0,0.0,0.0,0.3,0.3,1.0,0.04002214448577237,0.014778035882296953,0.028284810392954274,0.027962346017954193,0.05800849687499951,0.02749463401795421,0.02719990539295425,1.0,1.0,0.4,0.0,0.0,0.3,0.3,0.6,0.0,0.018092213764227205,0.18092213764227205,0.030153689607045342,0.030153689607045342,0.04906825136788597,0.013705536395597398,0.05768107124999955,0.0355520065447156,0.05838557437499958,0.028048336517954214,0.027854857892954166,1.0,1.0,0.7,0.0,0.0,0.0,0.0,0.3,0.0,0.009046106882113603,0.09046106882113603,0.030153689607045342,0.030153689607045342,0.04906825136788597,0.013705536395597398,0.05768107124999955,0.0355520065447156,0.05838557437499958,0.028048336517954214,0.027854857892954166,1.0,1.0,0.7,0.0,0.0,0.0,0.0,0.3,0.0,0.009046106882113603,0.09046106882113603,0.030153689607045342,0.030153689607045342,0.04906825136788597,0.013705536395597398,0.05768107124999955,0.0355520065447156,0.05838557437499958,0.028048336517954214,0.027854857892954166,1.0,1.0,0.7,0.0,0.0,0.0,0.0,0.3,0.0,0.009046106882113603,0.09046106882113603,0.030153689607045342,0.030153689607045342,1.0,0.6,0.3,0.3,0.3,0.0,0.6,0.4,0.0,0.3,0.7,0.0,0.3,0.7,0.0,0.3,0.7,0.0,0.3,0.3,0.3,0.3,0.3,0.3,0.3,0.0,0.0,0.0,0.0,0.3,0.3,1.0,1.0,1.0,0.3,1.0,1.0,1.0,1.0,1.0,1.0,3,0,0.0,0.0,0.3,0.0,0.0,0.0,0.0,0.0,0.0,0.0,0.0,1.0,0.0,0.0,0.0,0.0,0.0,-0.23723895815355708,7.315150141925845e-19,7.315150141925845e-19,0.0,0.01,0.01,0,0,0,0,C2,0.0,0.0,0.04906825136788597,0.7,1.0,0.3,0.0,0.0,0.04906825136788597
phaseflip,dephasing,0.03,4,0.03,10,qiskit_aer,1,1,0.9418856417500002,0.8163033154166669,0.04444444444444444,0.0,0.2,1.0,0.0,0.0,0.058114358249999575,0.0004144749968500171,0.05833264874999955,0.05800854749999951,0.058438499999999616,0.05735359499999959,0.05735359499999959,1.0,0.5,1.0,0.1,0.0,0.0,0.0,0.0,0.027960668642954233,0.0004144749968500171,0.028178959142954207,0.027854857892954166,0.028284810392954274,0.02719990539295425,0.02719990539295425,1.0,1.0,0.0,0.0,0.0,0.2,0.2,1.0,0.04002214448577237,0.01459877697304256,0.028284810392954274,0.028126033517954174,0.05735359499999959,0.027854857892954166,0.027854857892954166,1.0,1.0,0.4,0.0,0.0,0.2,0.2,0.6,0.0,0.018092213764227205,0.18092213764227205,0.030153689607045342,0.030153689607045342,0.043037513446476904,0.014972359634388133,0.04281920269647693,0.028126033517954174,0.05816727374999961,0.027854857892954166,0.027854857892954166,1.0,1.0,0.5,0.0,0.0,0.1,0.1,0.5,0.0,0.015076844803522671,0.1507684480352267,0.030153689607045342,0.030153689607045342,0.043037513446476904,0.014972359634388133,0.04281920269647693,0.028126033517954174,0.05816727374999961,0.027854857892954166,0.027854857892954166,1.0,1.0,0.5,0.0,0.0,0.1,0.1,0.5,0.0,0.015076844803522671,0.1507684480352267,0.030153689607045342,0.030153689607045342,0.043037513446476904,0.014972359634388133,0.04281920269647693,0.028126033517954174,0.05816727374999961,0.027854857892954166,0.027854857892954166,1.0,1.0,0.5,0.0,0.0,0.1,0.1,0.5,0.0,0.015076844803522671,0.1507684480352267,0.030153689607045342,0.030153689607045342,1.0,0.6,0.5,0.5,0.5,0.0,0.6,0.4444444444444444,1.0,0.5,0.5555555555555556,1.0,0.5,0.5555555555555556,1.0,0.5,0.5555555555555556,1.0,0.5,0.1,0.5,0.5,0.5,0.5,0.5,0.0,0.0,0.0,0.0,0.5,0.5,1.0,1.0,1.0,0.5,1.0,1.0,1.0,1.0,1.0,1.0,5,0,0.0,0.0,0.5,0.0,0.0,0.0,0.0,0.0,0.0,0.0,0.0,1.0,0.0,0.0,0.0,0.0,0.0,0.18369668516753881,7.132777462695692e-21,7.132777462695692e-21,0.0,0.03,0.03,0,0,0,0,C2,0.0,0.0,0.043037513446476904,0.5,1.0,0.5,0.0,0.0,0.043037513446476904
phaseflip,dephasing,0.03,4,0.05,10,qiskit_aer,1,1,0.9418856417500002,0.7849179320833336,0.07777777777777778,0.0,0.1,1.0,0.0,0.0,0.058114358249999575,0.0004144749968500171,0.05833264874999955,0.05800854749999951,0.058438499999999616,0.05735359499999959,0.05735359499999959,1.0,0.7,1.0,0.0,0.0,0.0,0.0,0.0,0.027960668642954233,0.0004144749968500171,0.028178959142954207,0.027854857892954166,0.028284810392954274,0.02719990539295425,0.02719990539295425,1.0,1.0,0.0,0.0,0.0,0.1,0.1,1.0,0.04605288240718144,0.014688675730000444,0.05735359499999959,0.028284810392954274,0.05838557437499958,0.027854857892954166,0.027854857892954166,1.0,1.0,0.6,0.0,0.0,0.1,0.1,0.4,0.0,0.012061475842818137,0.12061475842818137,0.030153689607045342,0.030153689607045342,0.04906825136788597,0.013705536395597398,0.05768107124999955,0.0355520065447156,0.05838557437499958,0.028048336517954214,0.027854857892954166,1.0,1.0,0.7,0.0,0.0,0.0,0.0,0.3,0.0,0.009046106882113603,0.09046106882113603,0.030153689607045342,0.030153689607045342,0.04906825136788597,0.013705536395597398,0.05768107124999955,0.0355520065447156,0.05838557437499958,0.028048336517954214,0.027854857892954166,1.0,1.0,0.7,0.0,0.0,0.0,0.0,0.3,0.0,0.009046106882113603,0.09046106882113603,0.030153689607045342,0.030153689607045342,0.04906825136788597,0.013705536395597398,0.05768107124999955,0.0355520065447156,0.05838557437499958,0.028048336517954214,0.027854857892954166,1.0,1.0,0.7,0.0,0.0,0.0,0.0,0.3,0.0,0.009046106882113603,0.09046106882113603,0.030153689607045342,0.030153689607045342,1.0,0.4,0.3,0.3,0.3,0.0,0.4,0.6,0.0,0.3,0.7,0.0,0.3,0.7,0.0,0.3,0.7,0.0,0.3,0.1,0.3,0.3,0.3,0.3,0.3,0.0,0.0,0.0,0.0,0.3,0.3,1.0,1.0,1.0,0.3,1.0,1.0,1.0,1.0,1.0,1.0,3,0,0.0,0.0,0.3,0.0,0.0,0.0,0.0,0.0,0.0,0.0,0.0,1.0,0.0,0.0,0.0,0.0,0.0,-0.18491793141471594,7.315150141925845e-19,7.315150141925845e-19,0.0,0.05,0.05,0,0,0,0,C2,0.0,0.0,0.04906825136788597,0.7,1.0,0.3,0.0,0.0,0.04906825136788597
phaseflip,dephasing,0.03,4,0.1,10,qiskit_aer,1,1,0.9418856417500002,0.6697974001944447,0.19999999999999998,0.0,0.0,1.0,0.0,0.0,0.058114358249999575,0.0004144749968500171,0.05833264874999955,0.05800854749999951,0.058438499999999616,0.05735359499999959,0.05735359499999959,1.0,0.8,1.0,0.0,0.0,0.0,0.0,0.0,0.027960668642954233,0.0004144749968500171,0.028178959142954207,0.027854857892954166,0.028284810392954274,0.02719990539295425,0.02719990539295425,1.0,1.0,0.0,0.0,0.0,0.0,0.0,1.0,0.052083620328590506,0.011905518096354522,0.05800854749999951,0.05735359499999959,0.05838557437499958,0.028284810392954274,0.028284810392954274,1.0,1.0,0.8,0.0,0.0,0.0,0.0,0.2,0.0,0.006030737921409068,0.060307379214090684,0.030153689607045342,0.030153689607045342,0.052083620328590506,0.011905518096354522,0.05800854749999951,0.05735359499999959,0.05838557437499958,0.028284810392954274,0.028284810392954274,1.0,1.0,0.8,0.0,0.0,0.0,0.0,0.2,0.0,0.006030737921409068,0.060307379214090684,0.030153689607045342,0.030153689607045342,0.052083620328590506,0.011905518096354522,0.05800854749999951,0.05735359499999959,0.05838557437499958,0.028284810392954274,0.028284810392954274,1.0,1.0,0.8,0.0,0.0,0.0,0.0,0.2,0.0,0.006030737921409068,0.060307379214090684,0.030153689607045342,0.030153689607045342,0.052083620328590506,0.011905518096354522,0.05800854749999951,0.05735359499999959,0.05838557437499958,0.028284810392954274,0.028284810392954274,1.0,1.0,0.8,0.0,0.0,0.0,0.0,0.2,0.0,0.006030737921409068,0.060307379214090684,0.030153689607045342,0.030153689607045342,1.0,0.2,0.2,0.2,0.2,0.0,0.2,0.8,0.0,0.2,0.8,0.0,0.2,0.8,0.0,0.2,0.8,0.0,0.2,0.0,0.2,0.2,0.2,0.2,0.2,0.0,0.0,0.0,0.0,0.2,0.2,1.0,1.0,1.0,0.2,1.0,1.0,1.0,1.0,1.0,1.0,2,0,0.0,0.0,0.2,0.0,0.0,0.0,0.0,0.0,0.0,0.0,0.0,1.0,0.0,0.0,0.0,0.0,0.0,-0.2697973995545206,4.332225182367674e-21,4.332225182367674e-21,0.0,0.1,0.1,0,0,0,0,C1,0.0,0.0,0.052083620328590506,0.8,1.0,0.2,0.0,0.0,0.052083620328590506
phaseflip,dephasing,0.05,1,0.0,10,qiskit_aer,1,1,0.9750000000000001,0.9750000000000001,0.0,0.0,1.0,1.0,0.0,0.0,0.0249999999999998,0.0,0.0249999999999998,0.0249999999999998,0.0249999999999998,0.0249999999999998,0.0249999999999998,1.0,0.2,1.0,0.8,0.0,0.0,0.0,0.0,-0.005153689607045542,0.0,-0.005153689607045542,-0.005153689607045542,-0.005153689607045542,-0.005153689607045542,-0.005153689607045542,0.0,1.0,0.0,0.0,0.0,1.0,1.0,1.0,-0.005153689607045542,0.0,-0.005153689607045542,-0.005153689607045542,-0.005153689607045542,-0.005153689607045542,-0.005153689607045542,0.0,1.0,0.0,0.0,0.0,1.0,1.0,1.0,0.0,0.030153689607045342,0.3015368960704534,0.030153689607045342,0.030153689607045342,0.0008770483143635266,0.012061475842818137,-0.005153689607045542,-0.005153689607045542,-0.005153689607045542,-0.005153689607045542,-0.005153689607045542,0.2,1.0,0.2,0.0,0.0,0.8,0.8,0.8,0.0,0.024122951685636274,0.24122951685636274,0.030153689607045342,0.030153689607045342,0.0008770483143635266,0.012061475842818137,-0.005153689607045542,-0.005153689607045542,-0.005153689607045542,-0.005153689607045542,-0.005153689607045542,0.2,1.0,0.2,0.0,0.0,0.8,0.8,0.8,0.0,0.024122951685636274,0.24122951685636274,0.030153689607045342,0.030153689607045342,0.0008770483143635266,0.012061475842818137,-0.005153689607045542,-0.005153689607045542,-0.005153689607045542,-0.005153689607045542,-0.005153689607045542,0.2,1.0,0.2,0.0,0.0,0.8,0.8,0.8,0.0,0.024122951685636274,0.24122951685636274,0.030153689607045342,0.030153689607045342,1.0,1.0,0.8,0.8,0.8,0.0,1.0,0.0,1.0,0.8,1.0,1.0,0.8,1.0,1.0,0.8,1.0,1.0,0.8,0.2,0.8,0.8,0.8,0.8,0.8,0.0,0.0,0.0,0.0,0.8,0.8,1.0,1.0,1.0,0.8,1.0,1.0,1.0,1.0,1.0,1.0,8,0,0.0,0.0,0.8,0.0,0.0,0.0,0.0,0.0,0.0,0.0,0.0,1.0,0.0,0.0,0.0,0.0,0.0,0.6250000077855083,1.7539421322028446e-17,1.7539421322028446e-17,0.0,0.0,0.0,0,0,0,0,C2,0.0,0.0,0.0008770483143635266,0.2,0.2,0.8,0.0,0.0,0.0008770483143635266
phaseflip,dephasing,0.05,1,0.01,10,qiskit_aer,1,1,0.9750000000000001,0.8558333333333334,0.03333333333333333,0.0,0.2,1.0,0.0,0.0,0.0249999999999998,0.0,0.0249999999999998,0.0249999999999998,0.0249999999999998,0.0249999999999998,0.0249999999999998,1.0,0.4,1.0,0.2,0.0,0.0,0.0,0.0,-0.005153689607045542,0.0,-0.005153689607045542,-0.005153689607045542,-0.005153689607045542,-0.005153689607045542,-0.005153689607045542,0.0,1.0,0.0,0.0,0.0,0.2,0.2,1.0,0.006907786235772595,0.014772230679905057,-0.005153689607045542,-0.005153689607045542,0.0249999999999998,-0.005153689607045542,-0.005153689607045542,0.4,1.0,0.4,0.0,0.0,0.2,0.2,0.6,0.0,0.018092213764227205,0.18092213764227205,0.030153689607045342,0.030153689607045342,0.006907786235772595,0.014772230679905057,-0.005153689607045542,-0.005153689607045542,0.0249999999999998,-0.005153689607045542,-0.005153689607045542,0.4,1.0,0.4,0.0,0.0,0.2,0.2,0.6,0.0,0.018092213764227205,0.18092213764227205,0.030153689607045342,0.030153689607045342,0.006907786235772595,0.014772230679905057,-0.005153689607045542,-0.005153689607045542,0.0249999999999998,-0.005153689607045542,-0.005153689607045542,0.4,1.0,0.4,0.0,0.0,0.2,0.2,0.6,0.0,0.018092213764227205,0.18092213764227205,0.030153689607045342,0.030153689607045342,0.006907786235772595,0.014772230679905057,-0.005153689607045542,-0.005153689607045542,0.0249999999999998,-0.005153689607045542,-0.005153689607045542,0.4,1.0,0.4,0.0,0.0,0.2,0.2,0.6,0.0,0.018092213764227205,0.18092213764227205,0.030153689607045342,0.030153689607045342,1.0,0.6,0.6,0.6,0.6,0.0,0.6,0.5,1.0,0.6,0.5,1.0,0.6,0.5,1.0,0.6,0.5,1.0,0.6,0.0,0.6,0.6,0.6,0.6,0.6,0.0,0.0,0.0,0.0,0.6,0.6,1.0,1.0,1.0,0.6,1.0,1.0,1.0,1.0,1.0,1.0,6,0,0.0,0.0,0.6,0.0,0.0,0.0,0.0,0.0,0.0,0.0,0.0,1.0,0.0,0.0,0.0,0.0,0.0,0.34416667474105317,1.1710826225271858e-17,1.1710826225271858e-17,0.0,0.01,0.01,0,0,0,0,C1,0.0,0.0,0.006907786235772595,0.4,0.4,0.6,0.0,0.0,0.006907786235772595
phaseflip,dephasing,0.05,1,0.03,10,qiskit_aer,1,1,0.9750000000000001,0.78,0.1111111111111111,0.0,0.2,1.0,0.0,0.0,0.0249999999999998,0.0,0.0249999999999998,0.0249999999999998,0.0249999999999998,0.0249999999999998,0.0249999999999998,1.0,0.5,1.0,0.2,0.0,0.0,0.0,0.0,-0.005153689607045542,0.0,-0.005153689607045542,-0.005153689607045542,-0.005153689607045542,-0.005153689607045542,-0.005153689607045542,0.0,1.0,0.0,0.0,0.0,0.2,0.2,1.0,0.00992315519647713,0.015076844803522671,0.00992315519647713,-0.005153689607045542,0.0249999999999998,-0.005153689607045542,-0.005153689607045542,0.5,1.0,0.5,0.0,0.0,0.2,0.2,0.5,0.0,0.015076844803522671,0.1507684480352267,0.030153689607045342,0.030153689607045342,0.00992315519647713,0.015076844803522671,0.00992315519647713,-0.005153689607045542,0.0249999999999998,-0.005153689607045542,-0.005153689607045542,0.5,1.0,0.5,0.0,0.0,0.2,0.2,0.5,0.0,0.015076844803522671,0.1507684480352267,0.030153689607045342,0.030153689607045342,0.00992315519647713,0.015076844803522671,0.00992315519647713,-0.005153689607045542,0.0249999999999998,-0.005153689607045542,-0.005153689607045542,0.5,1.0,0.5,0.0,0.0,0.2,0.2,0.5,0.0,0.015076844803522671,0.1507684480352267,0.030153689607045342,0.030153689607045342,0.00992315519647713,0.015076844803522671,0.00992315519647713,-0.005153689607045542,0.0249999999999998,-0.005153689607045542,-0.005153689607045542,0.5,1.0,0.5,0.0,0.0,0.2,0.2,0.5,0.0,0.015076844803522671,0.1507684480352267,0.030153689607045342,0.030153689607045342,1.0,0.5,0.5,0.5,0.5,0.0,0.5,0.625,1.0,0.5,0.625,1.0,0.5,0.625,1.0,0.5,0.625,1.0,0.5,0.0,0.5,0.5,0.5,0.5,0.5,0.0,0.0,0.0,0.0,0.5,0.5,1.0,1.0,1.0,0.5,1.0,1.0,1.0,1.0,1.0,1.0,5,0,0.0,0.0,0.5,0.0,0.0,0.0,0.0,0.0,0.0,0.0,0.0,1.0,0.0,0.0,0.0,0.0,0.0,0.22000000821678467,1.7539085960076933e-17,1.7539085960076933e-17,0.0,0.03,0.03,0,0,0,0,C1,0.0,0.0,0.00992315519647713,0.5,0.5,0.5,0.0,0.0,0.00992315519647713
phaseflip,dephasing,0.05,1,0.05,10,qiskit_aer,1,1,0.9750000000000001,0.7583333333333333,0.15555555555555556,0.0,0.1,1.0,0.0,0.0,0.0249999999999998,0.0,0.0249999999999998,0.0249999999999998,0.0249999999999998,0.0249999999999998,0.0249999999999998,1.0,0.3,1.0,0.1,0.0,0.0,0.0,0.0,-0.005153689607045542,0.0,-0.005153689607045542,-0.005153689607045542,-0.005153689607045542,-0.005153689607045542,-0.005153689607045542,0.0,1.0,0.0,0.0,0.0,0.1,0.1,1.0,0.003892417275068061,0.013818156510648851,-0.005153689607045542,-0.005153689607045542,0.017461577598238465,-0.005153689607045542,-0.005153689607045542,0.3,1.0,0.3,0.0,0.0,0.1,0.1,0.7,0.0,0.02110758272493174,0.2110758272493174,0.030153689607045342,0.030153689607045342,0.003892417275068061,0.013818156510648851,-0.005153689607045542,-0.005153689607045542,0.017461577598238465,-0.005153689607045542,-0.005153689607045542,0.3,1.0,0.3,0.0,0.0,0.1,0.1,0.7,0.0,0.02110758272493174,0.2110758272493174,0.030153689607045342,0.030153689607045342,0.003892417275068061,0.013818156510648851,-0.005153689607045542,-0.005153689607045542,0.017461577598238465,-0.005153689607045542,-0.005153689607045542,0.3,1.0,0.3,0.0,0.0,0.1,0.1,0.7,0.0,0.02110758272493174,0.2110758272493174,0.030153689607045342,0.030153689607045342,0.003892417275068061,0.013818156510648851,-0.005153689607045542,-0.005153689607045542,0.017461577598238465,-0.005153689607045542,-0.005153689607045542,0.3,1.0,0.3,0.0,0.0,0.1,0.1,0.7,0.0,0.02110758272493174,0.2110758272493174,0.030153689607045342,0.030153689607045342,1.0,0.7,0.7,0.7,0.7,0.0,0.7,0.3333333333333333,1.0,0.7,0.3333333333333333,1.0,0.7,0.3333333333333333,1.0,0.7,0.3333333333333333,1.0,0.7,0.0,0.7,0.7,0.7,0.7,0.7,0.0,0.0,0.0,0.0,0.7,0.7,1.0,1.0,1.0,0.7,1.0,1.0,1.0,1.0,1.0,1.0,7,0,0.0,0.0,0.7,0.0,0.0,0.0,0.0,0.0,0.0,0.0,0.0,1.0,0.0,0.0,0.0,0.0,0.0,0.6416666744468035,1.1711759742698634e-17,1.1711759742698634e-17,0.0,0.05,0.05,0,0,0,0,C1,0.0,0.0,0.003892417275068061,0.3,0.3,0.7,0.0,0.0,0.003892417275068061
phaseflip,dephasing,0.05,1,0.1,10,qiskit_aer,1,1,0.9750000000000001,0.6608333333333334,0.25555555555555554,0.0,0.1,1.0,0.0,0.0,0.0249999999999998,0.0,0.0249999999999998,0.0249999999999998,0.0249999999999998,0.0249999999999998,0.0249999999999998,1.0,0.4,1.0,0.1,0.0,0.0,0.0,0.0,-0.005153689607045542,0.0,-0.005153689607045542,-0.005153689607045542,-0.005153689607045542,-0.005153689607045542,-0.005153689607045542,0.0,1.0,0.0,0.0,0.0,0.1,0.1,1.0,0.006907786235772595,0.014772230679905057,-0.005153689607045542,-0.005153689607045542,0.0249999999999998,-0.005153689607045542,-0.005153689607045542,0.4,1.0,0.4,0.0,0.0,0.1,0.1,0.6,0.0,0.018092213764227205,0.18092213764227205,0.030153689607045342,0.030153689607045342,0.006907786235772595,0.014772230679905057,-0.005153689607045542,-0.005153689607045542,0.0249999999999998,-0.005153689607045542,-0.005153689607045542,0.4,1.0,0.4,0.0,0.0,0.1,0.1,0.6,0.0,0.018092213764227205,0.18092213764227205,0.030153689607045342,0.030153689607045342,0.006907786235772595,0.014772230679905057,-0.005153689607045542,-0.005153689607045542,0.0249999999999998,-0.005153689607045542,-0.005153689607045542,0.4,1.0,0.4,0.0,0.0,0.1,0.1,0.6,0.0,0.018092213764227205,0.18092213764227205,0.030153689607045342,0.030153689607045342,0.006907786235772595,0.014772230679905057,-0.005153689607045542,-0.005153689607045542,0.0249999999999998,-0.005153689607045542,-0.005153689607045542,0.4,1.0,0.4,0.0,0.0,0.1,0.1,0.6,0.0,0.018092213764227205,0.18092213764227205,0.030153689607045342,0.030153689607045342,1.0,0.6,0.6,0.6,0.6,0.0,0.6,0.4444444444444444,1.0,0.6,0.4444444444444444,1.0,0.6,0.4444444444444444,1.0,0.6,0.4444444444444444,1.0,0.6,0.0,0.6,0.6,0.6,0.6,0.6,0.0,0.0,0.0,0.0,0.6,0.6,1.0,1.0,1.0,0.6,1.0,1.0,1.0,1.0,1.0,1.0,6,0,0.0,0.0,0.6,0.0,0.0,0.0,0.0,0.0,0.0,0.0,0.0,1.0,0.0,0.0,0.0,0.0,0.0,0.5391666748834514,1.7538786882339303e-17,1.7538786882339303e-17,0.0,0.1,0.1,0,0,0,0,C1,0.0,0.0,0.006907786235772595,0.4,0.4,0.6,0.0,0.0,0.006907786235772595
phaseflip,dephasing,0.05,2,0.0,10,qiskit_aer,1,1,0.951,0.951,0.0,0.0,1.0,1.0,0.0,0.0,0.04899999999999967,0.0003061862178479451,0.04874999999999963,0.04874999999999963,0.049374999999999725,0.04874999999999963,0.04874999999999963,1.0,0.6,1.0,0.4,0.0,0.0,0.0,0.0,0.018846310392954323,0.0003061862178479451,0.018596310392954285,0.018596310392954285,0.019221310392954383,0.018596310392954285,0.018596310392954285,1.0,1.0,0.0,0.0,0.0,1.0,1.0,1.0,0.018846310392954323,0.0003061862178479451,0.018596310392954285,0.018596310392954285,0.019221310392954383,0.018596310392954285,0.018596310392954285,1.0,1.0,0.0,0.0,0.0,1.0,1.0,1.0,0.0,0.030153689607045342,0.3015368960704534,0.030153689607045342,0.030153689607045342,0.03693852415718153,0.014851736463486585,0.04874999999999963,0.01875256039295431,0.0492187499999997,0.018596310392954285,0.018596310392954285,1.0,1.0,0.6,0.0,0.0,0.4,0.4,0.4,0.0,0.012061475842818137,0.12061475842818137,0.030153689607045342,0.030153689607045342,0.03693852415718153,0.014851736463486585,0.04874999999999963,0.01875256039295431,0.0492187499999997,0.018596310392954285,0.018596310392954285,1.0,1.0,0.6,0.0,0.0,0.4,0.4,0.4,0.0,0.012061475842818137,0.12061475842818137,0.030153689607045342,0.030153689607045342,0.03693852415718153,0.014851736463486585,0.04874999999999963,0.01875256039295431,0.0492187499999997,0.018596310392954285,0.018596310392954285,1.0,1.0,0.6,0.0,0.0,0.4,0.4,0.4,0.0,0.012061475842818137,0.12061475842818137,0.030153689607045342,0.030153689607045342,1.0,1.0,0.4,0.4,0.4,0.0,1.0,0.0,1.0,0.4,1.0,1.0,0.4,1.0,1.0,0.4,1.0,1.0,0.4,0.6,0.4,0.4,0.4,0.4,0.4,0.0,0.0,0.0,0.0,0.4,0.4,1.0,1.0,1.0,0.4,1.0,1.0,1.0,1.0,1.0,1.0,4,0,0.0,0.0,0.4,0.0,0.0,0.0,0.0,0.0,0.0,0.0,0.0,1.0,0.0,0.0,0.0,0.0,0.0,-0.15099999856014792,0.0026948568852589666,0.0026948568852589666,0.0,0.0,0.0,0,0,0,0,C2,0.0,0.0,0.03693852415718153,0.6,1.0,0.4,0.0,0.0,0.03693852415718153
phaseflip,dephasing,0.05,2,0.01,10,qiskit_aer,1,1,0.951,0.8347638888888889,0.03333333333333333,0.0,0.2,1.0,0.0,0.0,0.04899999999999967,0.0003061862178479451,0.04874999999999963,0.04874999999999963,0.049374999999999725,0.04874999999999963,0.04874999999999963,1.0,0.6,1.0,0.1,0.0,0.0,0.0,0.0,0.018846310392954323,0.0003061862178479451,0.018596310392954285,0.018596310392954285,0.019221310392954383,0.018596310392954285,0.018596310392954285,1.0,1.0,0.0,0.0,0.0,0.2,0.2,1.0,0.033923155196477,0.014954457129184843,0.033985655196477005,0.019221310392954383,0.04874999999999963,0.018596310392954285,0.018596310392954285,1.0,1.0,0.5,0.0,0.0,0.2,0.2,0.5,0.0,0.015076844803522671,0.1507684480352267,0.030153689607045342,0.030153689607045342,0.03693852415718153,0.01472429505205515,0.04874999999999963,0.019221310392954383,0.04874999999999963,0.018596310392954285,0.018596310392954285,1.0,1.0,0.6,0.0,0.0,0.1,0.1,0.4,0.0,0.012061475842818137,0.12061475842818137,0.030153689607045342,0.030153689607045342,0.03693852415718153,0.01472429505205515,0.04874999999999963,0.019221310392954383,0.04874999999999963,0.018596310392954285,0.018596310392954285,1.0,1.0,0.6,0.0,0.0,0.1,0.1,0.4,0.0,0.012061475842818137,0.12061475842818137,0.030153689607045342,0.030153689607045342,0.03693852415718153,0.01472429505205515,0.04874999999999963,0.019221310392954383,0.04874999999999963,0.018596310392954285,0.018596310392954285,1.0,1.0,0.6,0.0,0.0,0.1,0.1,0.4,0.0,0.012061475842818137,0.12061475842818137,0.030153689607045342,0.030153689607045342,1.0,0.5,0.4,0.4,0.4,0.0,0.5,0.5555555555555556,1.0,0.4,0.6666666666666666,1.0,0.4,0.6666666666666666,1.0,0.4,0.6666666666666666,1.0,0.4,0.1,0.4,0.4,0.4,0.4,0.4,0.0,0.0,0.0,0.0,0.4,0.4,1.0,1.0,1.0,0.4,1.0,1.0,1.0,1.0,1.0,1.0,4,0,0.0,0.0,0.4,0.0,0.0,0.0,0.0,0.0,0.0,0.0,0.0,1.0,0.0,0.0,0.0,0.0,0.0,-0.03476388743213547,0.010643362141979171,0.010643362141979171,0.0,0.01,0.01,0,0,0,0,C2,0.0,0.0,0.03693852415718153,0.6,1.0,0.4,0.0,0.0,0.03693852415718153
phaseflip,dephasing,0.05,2,0.03,10,qiskit_aer,1,1,0.951,0.7607986111111111,0.1111111111111111,0.0,0.2,1.0,0.0,0.0,0.04899999999999967,0.0003061862178479451,0.04874999999999963,0.04874999999999963,0.049374999999999725,0.04874999999999963,0.04874999999999963,1.0,0.7,1.0,0.1,0.0,0.0,0.0,0.0,0.018846310392954323,0.0003061862178479451,0.018596310392954285,0.018596310392954285,0.019221310392954383,0.018596310392954285,0.018596310392954285,1.0,1.0,0.0,0.0,0.0,0.2,0.2,1.0,0.03693852415718153,0.014724295052055148,0.04874999999999963,0.019221310392954383,0.04874999999999963,0.018596310392954285,0.018596310392954285,1.0,1.0,0.6,0.0,0.0,0.2,0.2,0.4,0.0,0.012061475842818137,0.12061475842818137,0.030153689607045342,0.030153689607045342,0.039953893117886066,0.013848792062593887,0.04874999999999963,0.026603482794715694,0.0492187499999997,0.018596310392954285,0.018596310392954285,1.0,1.0,0.7,0.0,0.0,0.1,0.1,0.3,0.0,0.009046106882113603,0.09046106882113603,0.030153689607045342,0.030153689607045342,0.039953893117886066,0.013848792062593887,0.04874999999999963,0.026603482794715694,0.0492187499999997,0.018596310392954285,0.018596310392954285,1.0,1.0,0.7,0.0,0.0,0.1,0.1,0.3,0.0,0.009046106882113603,0.09046106882113603,0.030153689607045342,0.030153689607045342,0.039953893117886066,0.013848792062593887,0.04874999999999963,0.026603482794715694,0.0492187499999997,0.018596310392954285,0.018596310392954285,1.0,1.0,0.7,0.0,0.0,0.1,0.1,0.3,0.0,0.009046106882113603,0.09046106882113603,0.030153689607045342,0.030153689607045342,1.0,0.4,0.3,0.3,0.3,0.0,0.4,0.6666666666666666,1.0,0.3,0.7777777777777778,1.0,0.3,0.7777777777777778,1.0,0.3,0.7777777777777778,1.0,0.3,0.1,0.3,0.3,0.3,0.3,0.3,0.0,0.0,0.0,0.0,0.3,0.3,1.0,1.0,1.0,0.3,1.0,1.0,1.0,1.0,1.0,1.0,3,0,0.0,0.0,0.3,0.0,0.0,0.0,0.0,0.0,0.0,0.0,0.0,1.0,0.0,0.0,0.0,0.0,0.0,-0.16079860967770565,0.005995395292304332,0.005995395292304332,0.0,0.03,0.03,0,0,0,0,C2,0.0,0.0,0.039953893117886066,0.7,1.0,0.3,0.0,0.0,0.039953893117886066
phaseflip,dephasing,0.05,2,0.05,10,qiskit_aer,1,1,0.951,0.7396597222222222,0.15555555555555556,0.0,0.1,1.0,0.0,0.0,0.04899999999999967,0.0003061862178479451,0.04874999999999963,0.04874999999999963,0.049374999999999725,0.04874999999999963,0.04874999999999963,1.0,0.6,1.0,0.1,0.0,0.0,0.0,0.0,0.018846310392954323,0.0003061862178479451,0.018596310392954285,0.018596310392954285,0.019221310392954383,0.018596310392954285,0.018596310392954285,1.0,1.0,0.0,0.0,0.0,0.1,0.1,1.0,0.03693852415718153,0.014851736463486585,0.04874999999999963,0.01875256039295431,0.0492187499999997,0.018596310392954285,0.018596310392954285,1.0,1.0,0.6,0.0,0.0,0.1,0.1,0.4,0.0,0.012061475842818137,0.12061475842818137,0.030153689607045342,0.030153689607045342,0.03693852415718153,0.014851736463486585,0.04874999999999963,0.01875256039295431,0.0492187499999997,0.018596310392954285,0.018596310392954285,1.0,1.0,0.6,0.0,0.0,0.1,0.1,0.4,0.0,0.012061475842818137,0.12061475842818137,0.030153689607045342,0.030153689607045342,0.03693852415718153,0.014851736463486585,0.04874999999999963,0.01875256039295431,0.0492187499999997,0.018596310392954285,0.018596310392954285,1.0,1.0,0.6,0.0,0.0,0.1,0.1,0.4,0.0,0.012061475842818137,0.12061475842818137,0.030153689607045342,0.030153689607045342,0.03693852415718153,0.014851736463486585,0.04874999999999963,0.01875256039295431,0.0492187499999997,0.018596310392954285,0.018596310392954285,1.0,1.0,0.6,0.0,0.0,0.1,0.1,0.4,0.0,0.012061475842818137,0.12061475842818137,0.030153689607045342,0.030153689607045342,1.0,0.4,0.4,0.4,0.4,0.0,0.4,0.6666666666666666,1.0,0.4,0.6666666666666666,1.0,0.4,0.6666666666666666,1.0,0.4,0.6666666666666666,1.0,0.4,0.0,0.4,0.4,0.4,0.4,0.4,0.0,0.0,0.0,0.0,0.4,0.4,1.0,1.0,1.0,0.4,1.0,1.0,1.0,1.0,1.0,1.0,4,0,0.0,0.0,0.4,0.0,0.0,0.0,0.0,0.0,0.0,0.0,0.0,1.0,0.0,0.0,0.0,0.0,0.0,0.060340279220190376,0.0013474284426294933,0.0013474284426294933,0.0,0.05,0.05,0,0,0,0,C1,0.0,0.0,0.03693852415718153,0.6,1.0,0.4,0.0,0.0,0.03693852415718153
phaseflip,dephasing,0.05,2,0.1,10,qiskit_aer,1,1,0.951,0.6445694444444444,0.25555555555555554,0.0,0.1,1.0,0.0,0.0,0.04899999999999967,0.0003061862178479451,0.04874999999999963,0.04874999999999963,0.049374999999999725,0.04874999999999963,0.04874999999999963,1.0,0.6,1.0,0.0,0.0,0.0,0.0,0.0,0.018846310392954323,0.0003061862178479451,0.018596310392954285,0.018596310392954285,0.019221310392954383,0.018596310392954285,0.018596310392954285,1.0,1.0,0.0,0.0,0.0,0.1,0.1,1.0,0.033923155196477,0.015204414175836893,0.033985655196477005,0.018596310392954285,0.0492187499999997,0.018596310392954285,0.018596310392954285,1.0,1.0,0.5,0.0,0.0,0.1,0.1,0.5,0.0,0.015076844803522671,0.1507684480352267,0.030153689607045342,0.030153689607045342,0.03693852415718153,0.014978093576344697,0.04874999999999963,0.018596310392954285,0.049374999999999725,0.018596310392954285,0.018596310392954285,1.0,1.0,0.6,0.0,0.0,0.0,0.0,0.4,0.0,0.012061475842818137,0.12061475842818137,0.030153689607045342,0.030153689607045342,0.03693852415718153,0.014978093576344697,0.04874999999999963,0.018596310392954285,0.049374999999999725,0.018596310392954285,0.018596310392954285,1.0,1.0,0.6,0.0,0.0,0.0,0.0,0.4,0.0,0.012061475842818137,0.12061475842818137,0.030153689607045342,0.030153689607045342,0.03693852415718153,0.014978093576344697,0.04874999999999963,0.018596310392954285,0.049374999999999725,0.018596310392954285,0.018596310392954285,1.0,1.0,0.6,0.0,0.0,0.0,0.0,0.4,0.0,0.012061475842818137,0.12061475842818137,0.030153689607045342,0.030153689607045342,1.0,0.5,0.4,0.4,0.4,0.0,0.5,0.5,0.0,0.4,0.6,0.0,0.4,0.6,0.0,0.4,0.6,0.0,0.4,0.1,0.4,0.4,0.4,0.4,0.4,0.0,0.0,0.0,0.0,0.4,0.4,1.0,1.0,1.0,0.4,1.0,1.0,1.0,1.0,1.0,1.0,4,0,0.0,0.0,0.4,0.0,0.0,0.0,0.0,0.0,0.0,0.0,0.0,1.0,0.0,0.0,0.0,0.0,0.0,0.15543055690363994,0.0013474284426294933,0.0013474284426294933,0.0,0.1,0.1,0,0,0,0,C2,0.0,0.0,0.03693852415718153,0.6,1.0,0.4,0.0,0.0,0.03693852415718153
phaseflip,dephasing,0.05,3,0.0,10,qiskit_aer,1,1,0.9276562499999998,0.9276562499999998,0.0,0.0,1.0,1.0,0.0,0.0,0.07234374999999979,0.0007184782094816984,0.07253124999999983,0.07161718749999987,0.07297656249999979,0.07131249999999967,0.07131249999999974,1.0,0.2,1.0,0.8,0.0,0.0,0.0,0.0,0.04219006039295444,0.0007184782094816984,0.04237756039295448,0.04146349789295453,0.042822872892954444,0.041158810392954326,0.0411588103929544,1.0,1.0,0.0,0.0,0.0,1.0,1.0,1.0,0.04219006039295444,0.0007184782094816984,0.04237756039295448,0.04146349789295453,0.042822872892954444,0.041158810392954326,0.0411588103929544,1.0,1.0,0.0,0.0,0.0,1.0,1.0,1.0,0.0,0.030153689607045342,0.3015368960704534,0.030153689607045342,0.030153689607045342,0.04822079831436351,0.012020304736737437,0.04237756039295448,0.04237756039295448,0.04297131039295443,0.04115881039295442,0.04115881039295444,1.0,1.0,0.2,0.0,0.0,0.8,0.8,0.8,0.0,0.024122951685636274,0.24122951685636274,0.030153689607045342,0.030153689607045342,0.04822079831436351,0.012020304736737437,0.04237756039295448,0.04237756039295448,0.04297131039295443,0.04115881039295442,0.04115881039295444,1.0,1.0,0.2,0.0,0.0,0.8,0.8,0.8,0.0,0.024122951685636274,0.24122951685636274,0.030153689607045342,0.030153689607045342,0.04822079831436351,0.012020304736737437,0.04237756039295448,0.04237756039295448,0.04297131039295443,0.04115881039295442,0.04115881039295444,1.0,1.0,0.2,0.0,0.0,0.8,0.8,0.8,0.0,0.024122951685636274,0.24122951685636274,0.030153689607045342,0.030153689607045342,1.0,1.0,0.8,0.8,0.8,0.0,1.0,0.0,1.0,0.8,1.0,1.0,0.8,1.0,1.0,0.8,1.0,1.0,0.8,0.2,0.8,0.8,0.8,0.8,0.8,0.0,0.0,0.0,0.0,0.8,0.8,1.0,1.0,1.0,0.8,1.0,1.0,1.0,1.0,1.0,1.0,8,0,0.0,0.0,0.8,0.0,0.0,0.0,0.0,0.0,0.0,0.0,0.0,1.0,0.0,0.0,0.0,0.0,0.0,0.6723437502952934,0.004647966849674839,0.004647966849674839,0.0,0.0,0.0,0,0,0,0,C2,0.0,0.0,0.04822079831436351,0.2,1.0,0.8,0.0,0.0,0.04822079831436351
phaseflip,dephasing,0.05,3,0.01,10,qiskit_aer,1,1,0.9276562499999998,0.8246104166666667,0.02222222222222222,0.0,0.3,1.0,0.0,0.0,0.07234374999999979,0.0007184782094816984,0.07253124999999983,0.07161718749999987,0.07297656249999979,0.07131249999999967,0.07131249999999974,1.0,0.6,1.0,0.2,0.0,0.0,0.0,0.0,0.04219006039295444,0.0007184782094816984,0.04237756039295448,0.04146349789295453,0.042822872892954444,0.041158810392954326,0.0411588103929544,1.0,1.0,0.0,0.0,0.0,0.3,0.3,1.0,0.05726690519647711,0.015390697419191945,0.056845030196477075,0.04237756039295448,0.07297656249999979,0.04115881039295442,0.04115881039295444,1.0,1.0,0.5,0.0,0.0,0.3,0.3,0.5,0.0,0.015076844803522671,0.1507684480352267,0.030153689607045342,0.030153689607045342,0.060282274157181646,0.014884956116780708,0.07131249999999967,0.04237756039295448,0.07297656249999979,0.04170724789295452,0.04115881039295455,1.0,1.0,0.6,0.0,0.0,0.2,0.2,0.4,0.0,0.012061475842818137,0.12061475842818137,0.030153689607045342,0.030153689607045342,0.060282274157181646,0.014884956116780708,0.07131249999999967,0.04237756039295448,0.07297656249999979,0.04170724789295452,0.04115881039295455,1.0,1.0,0.6,0.0,0.0,0.2,0.2,0.4,0.0,0.012061475842818137,0.12061475842818137,0.030153689607045342,0.030153689607045342,0.060282274157181646,0.014884956116780708,0.07131249999999967,0.04237756039295448,0.07297656249999979,0.04170724789295452,0.04115881039295455,1.0,1.0,0.6,0.0,0.0,0.2,0.2,0.4,0.0,0.012061475842818137,0.12061475842818137,0.030153689607045342,0.030153689607045342,1.0,0.5,0.4,0.4,0.4,0.0,0.5,0.625,1.0,0.4,0.75,1.0,0.4,0.75,1.0,0.4,0.75,1.0,0.4,0.1,0.4,0.4,0.4,0.4,0.4,0.0,0.0,0.0,0.0,0.4,0.4,1.0,1.0,1.0,0.4,1.0,1.0,1.0,1.0,1.0,1.0,4,0,0.0,0.0,0.4,0.0,0.0,0.0,0.0,0.0,0.0,0.0,0.0,1.0,0.0,0.0,0.0,0.0,0.0,-0.024610416362743172,8.664450364735348e-21,8.664450364735348e-21,0.0,0.01,0.01,0,0,0,0,C2,0.0,0.0,0.060282274157181646,0.6,1.0,0.4,0.0,0.0,0.060282274157181646
phaseflip,dephasing,0.05,3,0.03,10,qiskit_aer,1,1,0.9276562499999998,0.8039930555555556,0.04444444444444444,0.0,0.2,1.0,0.0,0.0,0.07234374999999979,0.0007184782094816984,0.07253124999999983,0.07161718749999987,0.07297656249999979,0.07131249999999967,0.07131249999999974,1.0,0.4,1.0,0.2,0.0,0.0,0.0,0.0,0.04219006039295444,0.0007184782094816984,0.04237756039295448,0.04146349789295453,0.042822872892954444,0.041158810392954326,0.0411588103929544,1.0,1.0,0.0,0.0,0.0,0.2,0.2,1.0,0.05425153623577258,0.014564988520293651,0.04297131039295443,0.04237756039295448,0.07131249999999967,0.04170724789295452,0.04115881039295455,1.0,1.0,0.4,0.0,0.0,0.2,0.2,0.6,0.0,0.018092213764227205,0.18092213764227205,0.030153689607045342,0.030153689607045342,0.05425153623577258,0.014564988520293651,0.04297131039295443,0.04237756039295448,0.07131249999999967,0.04170724789295452,0.04115881039295455,1.0,1.0,0.4,0.0,0.0,0.2,0.2,0.6,0.0,0.018092213764227205,0.18092213764227205,0.030153689607045342,0.030153689607045342,0.05425153623577258,0.014564988520293651,0.04297131039295443,0.04237756039295448,0.07131249999999967,0.04170724789295452,0.04115881039295455,1.0,1.0,0.4,0.0,0.0,0.2,0.2,0.6,0.0,0.018092213764227205,0.18092213764227205,0.030153689607045342,0.030153689607045342,0.05425153623577258,0.014564988520293651,0.04297131039295443,0.04237756039295448,0.07131249999999967,0.04170724789295452,0.04115881039295455,1.0,1.0,0.4,0.0,0.0,0.2,0.2,0.6,0.0,0.018092213764227205,0.18092213764227205,0.030153689607045342,0.030153689607045342,1.0,0.6,0.6,0.6,0.6,0.0,0.6,0.5,1.0,0.6,0.5,1.0,0.6,0.5,1.0,0.6,0.5,1.0,0.6,0.0,0.6,0.6,0.6,0.6,0.6,0.0,0.0,0.0,0.0,0.6,0.6,1.0,1.0,1.0,0.6,1.0,1.0,1.0,1.0,1.0,1.0,6,0,0.0,0.0,0.6,0.0,0.0,0.0,0.0,0.0,0.0,0.0,0.0,1.0,0.0,0.0,0.0,0.0,0.0,0.3960069447367145,1.053148521828736e-20,1.053148521828736e-20,0.0,0.03,0.03,0,0,0,0,C1,0.0,0.0,0.05425153623577258,0.4,1.0,0.6,0.0,0.0,0.05425153623577258
phaseflip,dephasing,0.05,3,0.05,10,qiskit_aer,1,1,0.9276562499999998,0.7730840277777777,0.07777777777777778,0.0,0.1,1.0,0.0,0.0,0.07234374999999979,0.0007184782094816984,0.07253124999999983,0.07161718749999987,0.07297656249999979,0.07131249999999967,0.07131249999999974,1.0,0.6,1.0,0.1,0.0,0.0,0.0,0.0,0.04219006039295444,0.0007184782094816984,0.04237756039295448,0.04146349789295453,0.042822872892954444,0.041158810392954326,0.0411588103929544,1.0,1.0,0.0,0.0,0.0,0.1,0.1,1.0,0.060282274157181646,0.014884956116780708,0.07131249999999967,0.04237756039295448,0.07297656249999979,0.04170724789295452,0.04115881039295455,1.0,1.0,0.6,0.0,0.0,0.1,0.1,0.4,0.0,0.012061475842818137,0.12061475842818137,0.030153689607045342,0.030153689607045342,0.060282274157181646,0.014884956116780708,0.07131249999999967,0.04237756039295448,0.07297656249999979,0.04170724789295452,0.04115881039295455,1.0,1.0,0.6,0.0,0.0,0.1,0.1,0.4,0.0,0.012061475842818137,0.12061475842818137,0.030153689607045342,0.030153689607045342,0.060282274157181646,0.014884956116780708,0.07131249999999967,0.04237756039295448,0.07297656249999979,0.04170724789295452,0.04115881039295455,1.0,1.0,0.6,0.0,0.0,0.1,0.1,0.4,0.0,0.012061475842818137,0.12061475842818137,0.030153689607045342,0.030153689607045342,0.060282274157181646,0.014884956116780708,0.07131249999999967,0.04237756039295448,0.07297656249999979,0.04170724789295452,0.04115881039295455,1.0,1.0,0.6,0.0,0.0,0.1,0.1,0.4,0.0,0.012061475842818137,0.12061475842818137,0.030153689607045342,0.030153689607045342,1.0,0.4,0.4,0.4,0.4,0.0,0.4,0.6666666666666666,1.0,0.4,0.6666666666666666,1.0,0.4,0.6666666666666666,1.0,0.4,0.6666666666666666,1.0,0.4,0.0,0.4,0.4,0.4,0.4,0.4,0.0,0.0,0.0,0.0,0.4,0.4,1.0,1.0,1.0,0.4,1.0,1.0,1.0,1.0,1.0,1.0,4,0,0.0,0.0,0.4,0.0,0.0,0.0,0.0,0.0,0.0,0.0,0.0,1.0,0.0,0.0,0.0,0.0,0.0,0.02691597252226523,8.664450364735348e-21,8.664450364735348e-21,0.0,0.05,0.05,0,0,0,0,C1,0.0,0.0,0.060282274157181646,0.6,1.0,0.4,0.0,0.0,0.060282274157181646
phaseflip,dephasing,0.05,3,0.1,10,qiskit_aer,1,1,0.9276562499999998,0.6596993055555556,0.19999999999999998,0.0,0.0,1.0,0.0,0.0,0.07234374999999979,0.0007184782094816984,0.07253124999999983,0.07161718749999987,0.07297656249999979,0.07131249999999967,0.07131249999999974,1.0,0.4,1.0,0.0,0.0,0.0,0.0,0.0,0.04219006039295444,0.0007184782094816984,0.04237756039295448,0.04146349789295453,0.042822872892954444,0.041158810392954326,0.0411588103929544,1.0,1.0,0.0,0.0,0.0,0.0,0.0,1.0,0.05425153623577258,0.014687397360905104,0.04267443539295446,0.04237756039295448,0.07131249999999967,0.04170724789295452,0.04115881039295455,1.0,1.0,0.4,0.0,0.0,0.0,0.0,0.6,0.0,0.018092213764227205,0.18092213764227205,0.030153689607045342,0.030153689607045342,0.05425153623577258,0.014687397360905104,0.04267443539295446,0.04237756039295448,0.07131249999999967,0.04170724789295452,0.04115881039295455,1.0,1.0,0.4,0.0,0.0,0.0,0.0,0.6,0.0,0.018092213764227205,0.18092213764227205,0.030153689607045342,0.030153689607045342,0.05425153623577258,0.014687397360905104,0.04267443539295446,0.04237756039295448,0.07131249999999967,0.04170724789295452,0.04115881039295455,1.0,1.0,0.4,0.0,0.0,0.0,0.0,0.6,0.0,0.018092213764227205,0.18092213764227205,0.030153689607045342,0.030153689607045342,0.05425153623577258,0.014687397360905104,0.04267443539295446,0.04237756039295448,0.07131249999999967,0.04170724789295452,0.04115881039295455,1.0,1.0,0.4,0.0,0.0,0.0,0.0,0.6,0.0,0.018092213764227205,0.18092213764227205,0.030153689607045342,0.030153689607045342,1.0,0.6,0.6,0.6,0.6,0.0,0.6,0.4,0.0,0.6,0.4,0.0,0.6,0.4,0.0,0.6,0.4,0.0,0.6,0.0,0.6,0.6,0.6,0.6,0.6,0.0,0.0,0.0,0.0,0.6,0.6,1.0,1.0,1.0,0.6,1.0,1.0,1.0,1.0,1.0,1.0,6,0,0.0,0.0,0.6,0.0,0.0,0.0,0.0,0.0,0.0,0.0,0.0,1.0,0.0,0.0,0.0,0.0,0.0,0.5403006947648575,0.011874890566266219,0.011874890566266219,0.0,0.1,0.1,0,0,0,0,C1,0.0,0.0,0.05425153623577258,0.4,1.0,0.6,0.0,0.0,0.05425153623577258
phaseflip,dephasing,0.05,4,0.0,10,qiskit_aer,1,1,0.9051885937499999,0.9051885937499999,0.0,0.0,1.0,1.0,0.0,0.0,0.09481140624999983,0.0011233153727951157,0.09540546874999983,0.0945296874999999,0.09568749999999981,0.09274687499999978,0.09274687499999978,1.0,0.6,1.0,0.4,0.0,0.0,0.0,0.0,0.06465771664295449,0.0011233153727951157,0.06525177914295449,0.06437599789295456,0.06553381039295447,0.06259318539295444,0.06259318539295444,1.0,1.0,0.0,0.0,0.0,1.0,1.0,1.0,0.06465771664295449,0.0011233153727951157,0.06525177914295449,0.06437599789295456,0.06553381039295447,0.06259318539295444,0.06259318539295444,1.0,1.0,0.0,0.0,0.0,1.0,1.0,1.0,0.0,0.030153689607045342,0.3015368960704534,0.030153689607045342,0.030153689607045342,0.08274993040718169,0.014687181829466293,0.09274687499999978,0.0651107635179545,0.09568749999999981,0.06437599789295456,0.06437599789295456,1.0,1.0,0.6,0.0,0.0,0.4,0.4,0.4,0.0,0.012061475842818137,0.12061475842818137,0.030153689607045342,0.030153689607045342,0.08274993040718169,0.014687181829466293,0.09274687499999978,0.0651107635179545,0.09568749999999981,0.06437599789295456,0.06437599789295456,1.0,1.0,0.6,0.0,0.0,0.4,0.4,0.4,0.0,0.012061475842818137,0.12061475842818137,0.030153689607045342,0.030153689607045342,0.08274993040718169,0.014687181829466293,0.09274687499999978,0.0651107635179545,0.09568749999999981,0.06437599789295456,0.06437599789295456,1.0,1.0,0.6,0.0,0.0,0.4,0.4,0.4,0.0,0.012061475842818137,0.12061475842818137,0.030153689607045342,0.030153689607045342,1.0,1.0,0.4,0.4,0.4,0.0,1.0,0.0,1.0,0.4,1.0,1.0,0.4,1.0,1.0,0.4,1.0,1.0,0.4,0.6,0.4,0.4,0.4,0.4,0.4,0.0,0.0,0.0,0.0,0.4,0.4,1.0,1.0,1.0,0.4,1.0,1.0,1.0,1.0,1.0,1.0,4,0,0.0,0.0,0.4,0.0,0.0,0.0,0.0,0.0,0.0,0.0,0.0,1.0,0.0,0.0,0.0,0.0,0.0,-0.10518859362123648,0.011455981289191994,0.011455981289191994,0.0,0.0,0.0,0,0,0,0,C2,0.0,0.0,0.08274993040718169,0.6,1.0,0.4,0.0,0.0,0.08274993040718169
phaseflip,dephasing,0.05,4,0.01,10,qiskit_aer,1,1,0.9051885937499999,0.7644075520833333,0.02222222222222222,0.0,0.3,1.0,0.0,0.0,0.09481140624999983,0.0011233153727951157,0.09540546874999983,0.0945296874999999,0.09568749999999981,0.09274687499999978,0.09274687499999978,1.0,0.7,1.0,0.1,0.0,0.0,0.0,0.0,0.06465771664295449,0.0011233153727951157,0.06525177914295449,0.06437599789295456,0.06553381039295447,0.06259318539295444,0.06259318539295444,1.0,1.0,0.0,0.0,0.0,0.3,0.3,1.0,0.07973456144647716,0.015292308323189799,0.07914034269647713,0.06466545101795454,0.09554648437499982,0.06339545101795449,0.06259318539295444,1.0,1.0,0.5,0.0,0.0,0.3,0.3,0.5,0.0,0.015076844803522671,0.1507684480352267,0.030153689607045342,0.030153689607045342,0.08576529936788622,0.013795569537946003,0.09393515624999982,0.0723370765447158,0.09568749999999981,0.06437599789295456,0.06437599789295456,1.0,1.0,0.7,0.0,0.0,0.1,0.1,0.3,0.0,0.009046106882113603,0.09046106882113603,0.030153689607045342,0.030153689607045342,0.08576529936788622,0.013795569537946003,0.09393515624999982,0.0723370765447158,0.09568749999999981,0.06437599789295456,0.06437599789295456,1.0,1.0,0.7,0.0,0.0,0.1,0.1,0.3,0.0,0.009046106882113603,0.09046106882113603,0.030153689607045342,0.030153689607045342,0.08576529936788622,0.013795569537946003,0.09393515624999982,0.0723370765447158,0.09568749999999981,0.06437599789295456,0.06437599789295456,1.0,1.0,0.7,0.0,0.0,0.1,0.1,0.3,0.0,0.009046106882113603,0.09046106882113603,0.030153689607045342,0.030153689607045342,1.0,0.5,0.3,0.3,0.3,0.0,0.5,0.5555555555555556,1.0,0.3,0.7777777777777778,1.0,0.3,0.7777777777777778,1.0,0.3,0.7777777777777778,1.0,0.3,0.2,0.3,0.3,0.3,0.3,0.3,0.0,0.0,0.0,0.0,0.3,0.3,1.0,1.0,1.0,0.3,1.0,1.0,1.0,1.0,1.0,1.0,3,0,0.0,0.0,0.3,0.0,0.0,0.0,0.0,0.0,0.0,0.0,0.0,1.0,0.0,0.0,0.0,0.0,0.0,-0.16440755196656812,1.9119620396575828e-17,1.9119620396575828e-17,0.0,0.01,0.01,0,0,0,0,C2,0.0,0.0,0.08576529936788622,0.7,1.0,0.3,0.0,0.0,0.08576529936788622
phaseflip,dephasing,0.05,4,0.03,10,qiskit_aer,1,1,0.9051885937499999,0.7442790451388889,0.04444444444444444,0.0,0.2,1.0,0.0,0.0,0.09481140624999983,0.0011233153727951157,0.09540546874999983,0.0945296874999999,0.09568749999999981,0.09274687499999978,0.09274687499999978,1.0,0.6,1.0,0.1,0.0,0.0,0.0,0.0,0.06465771664295449,0.0011233153727951157,0.06525177914295449,0.06437599789295456,0.06553381039295447,0.06259318539295444,0.06259318539295444,1.0,1.0,0.0,0.0,0.0,0.2,0.2,1.0,0.07973456144647716,0.014816283888349022,0.07914034269647713,0.0651107635179545,0.0949523437499998,0.06437599789295456,0.06437599789295456,1.0,1.0,0.5,0.0,0.0,0.2,0.2,0.5,0.0,0.015076844803522671,0.1507684480352267,0.030153689607045342,0.030153689607045342,0.08274993040718169,0.014687181829466293,0.09274687499999978,0.0651107635179545,0.09568749999999981,0.06437599789295456,0.06437599789295456,1.0,1.0,0.6,0.0,0.0,0.1,0.1,0.4,0.0,0.012061475842818137,0.12061475842818137,0.030153689607045342,0.030153689607045342,0.08274993040718169,0.014687181829466293,0.09274687499999978,0.0651107635179545,0.09568749999999981,0.06437599789295456,0.06437599789295456,1.0,1.0,0.6,0.0,0.0,0.1,0.1,0.4,0.0,0.012061475842818137,0.12061475842818137,0.030153689607045342,0.030153689607045342,0.08274993040718169,0.014687181829466293,0.09274687499999978,0.0651107635179545,0.09568749999999981,0.06437599789295456,0.06437599789295456,1.0,1.0,0.6,0.0,0.0,0.1,0.1,0.4,0.0,0.012061475842818137,0.12061475842818137,0.030153689607045342,0.030153689607045342,1.0,0.5,0.4,0.4,0.4,0.0,0.5,0.5555555555555556,1.0,0.4,0.6666666666666666,1.0,0.4,0.6666666666666666,1.0,0.4,0.6666666666666666,1.0,0.4,0.1,0.4,0.4,0.4,0.4,0.4,0.0,0.0,0.0,0.0,0.4,0.4,1.0,1.0,1.0,0.4,1.0,1.0,1.0,1.0,1.0,1.0,4,0,0.0,0.0,0.4,0.0,0.0,0.0,0.0,0.0,0.0,0.0,0.0,1.0,0.0,0.0,0.0,0.0,0.0,0.0557209549848144,0.0013474284426294942,0.0013474284426294942,0.0,0.03,0.03,0,0,0,0,C2,0.0,0.0,0.08274993040718169,0.6,1.0,0.4,0.0,0.0,0.08274993040718169
phaseflip,dephasing,0.05,4,0.05,10,qiskit_aer,1,1,0.9051885937499999,0.7141352951388888,0.07777777777777778,0.0,0.1,1.0,0.0,0.0,0.09481140624999983,0.0011233153727951157,0.09540546874999983,0.0945296874999999,0.09568749999999981,0.09274687499999978,0.09274687499999978,1.0,0.7,1.0,0.1,0.0,0.0,0.0,0.0,0.06465771664295449,0.0011233153727951157,0.06525177914295449,0.06437599789295456,0.06553381039295447,0.06259318539295444,0.06259318539295444,1.0,1.0,0.0,0.0,0.0,0.1,0.1,1.0,0.08576529936788622,0.013795569537946003,0.09393515624999982,0.0723370765447158,0.09568749999999981,0.06437599789295456,0.06437599789295456,1.0,1.0,0.7,0.0,0.0,0.1,0.1,0.3,0.0,0.009046106882113603,0.09046106882113603,0.030153689607045342,0.030153689607045342,0.08576529936788622,0.013795569537946003,0.09393515624999982,0.0723370765447158,0.09568749999999981,0.06437599789295456,0.06437599789295456,1.0,1.0,0.7,0.0,0.0,0.1,0.1,0.3,0.0,0.009046106882113603,0.09046106882113603,0.030153689607045342,0.030153689607045342,0.08576529936788622,0.013795569537946003,0.09393515624999982,0.0723370765447158,0.09568749999999981,0.06437599789295456,0.06437599789295456,1.0,1.0,0.7,0.0,0.0,0.1,0.1,0.3,0.0,0.009046106882113603,0.09046106882113603,0.030153689607045342,0.030153689607045342,0.08576529936788622,0.013795569537946003,0.09393515624999982,0.0723370765447158,0.09568749999999981,0.06437599789295456,0.06437599789295456,1.0,1.0,0.7,0.0,0.0,0.1,0.1,0.3,0.0,0.009046106882113603,0.09046106882113603,0.030153689607045342,0.030153689607045342,1.0,0.3,0.3,0.3,0.3,0.0,0.3,0.7777777777777778,1.0,0.3,0.7777777777777778,1.0,0.3,0.7777777777777778,1.0,0.3,0.7777777777777778,1.0,0.3,0.0,0.3,0.3,0.3,0.3,0.3,0.0,0.0,0.0,0.0,0.3,0.3,1.0,1.0,1.0,0.3,1.0,1.0,1.0,1.0,1.0,1.0,3,0,0.0,0.0,0.3,0.0,0.0,0.0,0.0,0.0,0.0,0.0,0.0,1.0,0.0,0.0,0.0,0.0,0.0,-0.11413529501920437,3.964232988396621e-17,3.964232988396621e-17,0.0,0.05,0.05,0,0,0,0,C1,0.0,0.0,0.08576529936788622,0.7,1.0,0.3,0.0,0.0,0.08576529936788622
phaseflip,dephasing,0.05,4,0.1,10,qiskit_aer,1,1,0.9051885937499999,0.6236591840277778,0.19999999999999998,0.0,0.0,1.0,0.0,0.0,0.09481140624999983,0.0011233153727951157,0.09540546874999983,0.0945296874999999,0.09568749999999981,0.09274687499999978,0.09274687499999978,1.0,0.6,1.0,0.0,0.0,0.0,0.0,0.0,0.06465771664295449,0.0011233153727951157,0.06525177914295449,0.06437599789295456,0.06553381039295447,0.06259318539295444,0.06259318539295444,1.0,1.0,0.0,0.0,0.0,0.0,0.0,1.0,0.08274993040718169,0.014687181829466293,0.09274687499999978,0.0651107635179545,0.09568749999999981,0.06437599789295456,0.06437599789295456,1.0,1.0,0.6,0.0,0.0,0.0,0.0,0.4,0.0,0.012061475842818137,0.12061475842818137,0.030153689607045342,0.030153689607045342,0.08274993040718169,0.014687181829466293,0.09274687499999978,0.0651107635179545,0.09568749999999981,0.06437599789295456,0.06437599789295456,1.0,1.0,0.6,0.0,0.0,0.0,0.0,0.4,0.0,0.012061475842818137,0.12061475842818137,0.030153689607045342,0.030153689607045342,0.08274993040718169,0.014687181829466293,0.09274687499999978,0.0651107635179545,0.09568749999999981,0.06437599789295456,0.06437599789295456,1.0,1.0,0.6,0.0,0.0,0.0,0.0,0.4,0.0,0.012061475842818137,0.12061475842818137,0.030153689607045342,0.030153689607045342,0.08274993040718169,0.014687181829466293,0.09274687499999978,0.0651107635179545,0.09568749999999981,0.06437599789295456,0.06437599789295456,1.0,1.0,0.6,0.0,0.0,0.0,0.0,0.4,0.0,0.012061475842818137,0.12061475842818137,0.030153689607045342,0.030153689607045342,1.0,0.4,0.4,0.4,0.4,0.0,0.4,0.6,0.0,0.4,0.6,0.0,0.4,0.6,0.0,0.4,0.6,0.0,0.4,0.0,0.4,0.4,0.4,0.4,0.4,0.0,0.0,0.0,0.0,0.4,0.4,1.0,1.0,1.0,0.4,1.0,1.0,1.0,1.0,1.0,1.0,4,0,0.0,0.0,0.4,0.0,0.0,0.0,0.0,0.0,0.0,0.0,0.0,1.0,0.0,0.0,0.0,0.0,0.0,0.1763408160917367,0.011874890566266231,0.011874890566266231,0.0,0.1,0.1,0,0,0,0,C1,0.0,0.0,0.08274993040718169,0.6,1.0,0.4,0.0,0.0,0.08274993040718169
phaseflip,dephasing,0.1,1,0.0,10,qiskit_aer,1,1,0.9499999999999998,0.9499999999999998,0.0,0.0,1.0,1.0,0.0,0.0,0.04999999999999971,0.0,0.04999999999999971,0.04999999999999971,0.04999999999999971,0.04999999999999971,0.04999999999999971,1.0,0.2,1.0,0.8,0.0,0.0,0.0,0.0,0.01984631039295437,0.0,0.01984631039295437,0.01984631039295437,0.01984631039295437,0.01984631039295437,0.01984631039295437,1.0,1.0,0.0,0.0,0.0,1.0,1.0,1.0,0.01984631039295437,0.0,0.01984631039295437,0.01984631039295437,0.01984631039295437,0.01984631039295437,0.01984631039295437,1.0,1.0,0.0,0.0,0.0,1.0,1.0,1.0,0.0,0.030153689607045342,0.3015368960704534,0.030153689607045342,0.030153689607045342,0.025877048314363438,0.012061475842818137,0.01984631039295437,0.01984631039295437,0.01984631039295437,0.01984631039295437,0.01984631039295437,1.0,1.0,0.2,0.0,0.0,0.8,0.8,0.8,0.0,0.024122951685636274,0.24122951685636274,0.030153689607045342,0.030153689607045342,0.025877048314363438,0.012061475842818137,0.01984631039295437,0.01984631039295437,0.01984631039295437,0.01984631039295437,0.01984631039295437,1.0,1.0,0.2,0.0,0.0,0.8,0.8,0.8,0.0,0.024122951685636274,0.24122951685636274,0.030153689607045342,0.030153689607045342,0.025877048314363438,0.012061475842818137,0.01984631039295437,0.01984631039295437,0.01984631039295437,0.01984631039295437,0.01984631039295437,1.0,1.0,0.2,0.0,0.0,0.8,0.8,0.8,0.0,0.024122951685636274,0.24122951685636274,0.030153689607045342,0.030153689607045342,1.0,1.0,0.8,0.8,0.8,0.0,1.0,0.0,1.0,0.8,1.0,1.0,0.8,1.0,1.0,0.8,1.0,1.0,0.8,0.2,0.8,0.8,0.8,0.8,0.8,0.0,0.0,0.0,0.0,0.8,0.8,1.0,1.0,1.0,0.8,1.0,1.0,1.0,1.0,1.0,1.0,8,0,0.0,0.0,0.8,0.0,0.0,0.0,0.0,0.0,0.0,0.0,0.0,1.0,0.0,0.0,0.0,0.0,0.0,0.6500000014234767,0.15815673649080345,0.15815673649080345,0.0,0.0,0.0,0,0,0,0,C2,0.0,0.0,0.025877048314363438,0.2,1.0,0.8,0.0,0.0,0.025877048314363438
phaseflip,dephasing,0.1,1,0.01,10,qiskit_aer,1,1,0.9499999999999998,0.8338888888888889,0.03333333333333333,0.0,0.2,1.0,0.0,0.0,0.04999999999999971,0.0,0.04999999999999971,0.04999999999999971,0.04999999999999971,0.04999999999999971,0.04999999999999971,1.0,0.2,1.0,0.2,0.0,0.0,0.0,0.0,0.01984631039295437,0.0,0.01984631039295437,0.01984631039295437,0.01984631039295437,0.01984631039295437,0.01984631039295437,1.0,1.0,0.0,0.0,0.0,0.2,0.2,1.0,0.025877048314363438,0.012061475842818137,0.01984631039295437,0.01984631039295437,0.01984631039295437,0.01984631039295437,0.01984631039295437,1.0,1.0,0.2,0.0,0.0,0.2,0.2,0.8,0.0,0.024122951685636274,0.24122951685636274,0.030153689607045342,0.030153689607045342,0.025877048314363438,0.012061475842818137,0.01984631039295437,0.01984631039295437,0.01984631039295437,0.01984631039295437,0.01984631039295437,1.0,1.0,0.2,0.0,0.0,0.2,0.2,0.8,0.0,0.024122951685636274,0.24122951685636274,0.030153689607045342,0.030153689607045342,0.025877048314363438,0.012061475842818137,0.01984631039295437,0.01984631039295437,0.01984631039295437,0.01984631039295437,0.01984631039295437,1.0,1.0,0.2,0.0,0.0,0.2,0.2,0.8,0.0,0.024122951685636274,0.24122951685636274,0.030153689607045342,0.030153689607045342,0.025877048314363438,0.012061475842818137,0.01984631039295437,0.01984631039295437,0.01984631039295437,0.01984631039295437,0.01984631039295437,1.0,1.0,0.2,0.0,0.0,0.2,0.2,0.8,0.0,0.024122951685636274,0.24122951685636274,0.030153689607045342,0.030153689607045342,1.0,0.8,0.8,0.8,0.8,0.0,0.8,0.25,1.0,0.8,0.25,1.0,0.8,0.25,1.0,0.8,0.25,1.0,0.8,0.0,0.8,0.8,0.8,0.8,0.8,0.0,0.0,0.0,0.0,0.8,0.8,1.0,1.0,1.0,0.8,1.0,1.0,1.0,1.0,1.0,1.0,8,0,0.0,0.0,0.8,0.0,0.0,0.0,0.0,0.0,0.0,0.0,0.0,1.0,0.0,0.0,0.0,0.0,0.0,0.7661111125345876,0.15815673649080345,0.15815673649080345,0.0,0.01,0.01,0,0,0,0,C1,0.0,0.0,0.025877048314363438,0.2,1.0,0.8,0.0,0.0,0.025877048314363438
phaseflip,dephasing,0.1,1,0.03,10,qiskit_aer,1,1,0.9499999999999998,0.76,0.1111111111111111,0.0,0.2,1.0,0.0,0.0,0.04999999999999971,0.0,0.04999999999999971,0.04999999999999971,0.04999999999999971,0.04999999999999971,0.04999999999999971,1.0,0.2,1.0,0.2,0.0,0.0,0.0,0.0,0.01984631039295437,0.0,0.01984631039295437,0.01984631039295437,0.01984631039295437,0.01984631039295437,0.01984631039295437,1.0,1.0,0.0,0.0,0.0,0.2,0.2,1.0,0.025877048314363438,0.012061475842818137,0.01984631039295437,0.01984631039295437,0.01984631039295437,0.01984631039295437,0.01984631039295437,1.0,1.0,0.2,0.0,0.0,0.2,0.2,0.8,0.0,0.024122951685636274,0.24122951685636274,0.030153689607045342,0.030153689607045342,0.025877048314363438,0.012061475842818137,0.01984631039295437,0.01984631039295437,0.01984631039295437,0.01984631039295437,0.01984631039295437,1.0,1.0,0.2,0.0,0.0,0.2,0.2,0.8,0.0,0.024122951685636274,0.24122951685636274,0.030153689607045342,0.030153689607045342,0.025877048314363438,0.012061475842818137,0.01984631039295437,0.01984631039295437,0.01984631039295437,0.01984631039295437,0.01984631039295437,1.0,1.0,0.2,0.0,0.0,0.2,0.2,0.8,0.0,0.024122951685636274,0.24122951685636274,0.030153689607045342,0.030153689607045342,0.025877048314363438,0.012061475842818137,0.01984631039295437,0.01984631039295437,0.01984631039295437,0.01984631039295437,0.01984631039295437,1.0,1.0,0.2,0.0,0.0,0.2,0.2,0.8,0.0,0.024122951685636274,0.24122951685636274,0.030153689607045342,0.030153689607045342,1.0,0.8,0.8,0.8,0.8,0.0,0.8,0.25,1.0,0.8,0.25,1.0,0.8,0.25,1.0,0.8,0.25,1.0,0.8,0.0,0.8,0.8,0.8,0.8,0.8,0.0,0.0,0.0,0.0,0.8,0.8,1.0,1.0,1.0,0.8,1.0,1.0,1.0,1.0,1.0,1.0,8,0,0.0,0.0,0.8,0.0,0.0,0.0,0.0,0.0,0.0,0.0,0.0,1.0,0.0,0.0,0.0,0.0,0.0,0.8400000014234765,0.15815673649080345,0.15815673649080345,0.0,0.03,0.03,0,0,0,0,C1,0.0,0.0,0.025877048314363438,0.2,1.0,0.8,0.0,0.0,0.025877048314363438
phaseflip,dephasing,0.1,1,0.05,10,qiskit_aer,1,1,0.9499999999999998,0.7388888888888889,0.15555555555555556,0.0,0.1,1.0,0.0,0.0,0.04999999999999971,0.0,0.04999999999999971,0.04999999999999971,0.04999999999999971,0.04999999999999971,0.04999999999999971,1.0,0.2,1.0,0.1,0.0,0.0,0.0,0.0,0.01984631039295437,0.0,0.01984631039295437,0.01984631039295437,0.01984631039295437,0.01984631039295437,0.01984631039295437,1.0,1.0,0.0,0.0,0.0,0.1,0.1,1.0,0.025877048314363438,0.012061475842818137,0.01984631039295437,0.01984631039295437,0.01984631039295437,0.01984631039295437,0.01984631039295437,1.0,1.0,0.2,0.0,0.0,0.1,0.1,0.8,0.0,0.024122951685636274,0.24122951685636274,0.030153689607045342,0.030153689607045342,0.025877048314363438,0.012061475842818137,0.01984631039295437,0.01984631039295437,0.01984631039295437,0.01984631039295437,0.01984631039295437,1.0,1.0,0.2,0.0,0.0,0.1,0.1,0.8,0.0,0.024122951685636274,0.24122951685636274,0.030153689607045342,0.030153689607045342,0.025877048314363438,0.012061475842818137,0.01984631039295437,0.01984631039295437,0.01984631039295437,0.01984631039295437,0.01984631039295437,1.0,1.0,0.2,0.0,0.0,0.1,0.1,0.8,0.0,0.024122951685636274,0.24122951685636274,0.030153689607045342,0.030153689607045342,0.025877048314363438,0.012061475842818137,0.01984631039295437,0.01984631039295437,0.01984631039295437,0.01984631039295437,0.01984631039295437,1.0,1.0,0.2,0.0,0.0,0.1,0.1,0.8,0.0,0.024122951685636274,0.24122951685636274,0.030153689607045342,0.030153689607045342,1.0,0.8,0.8,0.8,0.8,0.0,0.8,0.2222222222222222,1.0,0.8,0.2222222222222222,1.0,0.8,0.2222222222222222,1.0,0.8,0.2222222222222222,1.0,0.8,0.0,0.8,0.8,0.8,0.8,0.8,0.0,0.0,0.0,0.0,0.8,0.8,1.0,1.0,1.0,0.8,1.0,1.0,1.0,1.0,1.0,1.0,8,0,0.0,0.0,0.8,0.0,0.0,0.0,0.0,0.0,0.0,0.0,0.0,1.0,0.0,0.0,0.0,0.0,0.0,0.8611111125345876,0.15815673649080345,0.15815673649080345,0.0,0.05,0.05,0,0,0,0,C1,0.0,0.0,0.025877048314363438,0.2,1.0,0.8,0.0,0.0,0.025877048314363438
phaseflip,dephasing,0.1,1,0.1,10,qiskit_aer,1,1,0.9499999999999998,0.6438888888888888,0.25555555555555554,0.0,0.1,1.0,0.0,0.0,0.04999999999999971,0.0,0.04999999999999971,0.04999999999999971,0.04999999999999971,0.04999999999999971,0.04999999999999971,1.0,0.2,1.0,0.1,0.0,0.0,0.0,0.0,0.01984631039295437,0.0,0.01984631039295437,0.01984631039295437,0.01984631039295437,0.01984631039295437,0.01984631039295437,1.0,1.0,0.0,0.0,0.0,0.1,0.1,1.0,0.025877048314363438,0.012061475842818137,0.01984631039295437,0.01984631039295437,0.01984631039295437,0.01984631039295437,0.01984631039295437,1.0,1.0,0.2,0.0,0.0,0.1,0.1,0.8,0.0,0.024122951685636274,0.24122951685636274,0.030153689607045342,0.030153689607045342,0.025877048314363438,0.012061475842818137,0.01984631039295437,0.01984631039295437,0.01984631039295437,0.01984631039295437,0.01984631039295437,1.0,1.0,0.2,0.0,0.0,0.1,0.1,0.8,0.0,0.024122951685636274,0.24122951685636274,0.030153689607045342,0.030153689607045342,0.025877048314363438,0.012061475842818137,0.01984631039295437,0.01984631039295437,0.01984631039295437,0.01984631039295437,0.01984631039295437,1.0,1.0,0.2,0.0,0.0,0.1,0.1,0.8,0.0,0.024122951685636274,0.24122951685636274,0.030153689607045342,0.030153689607045342,0.025877048314363438,0.012061475842818137,0.01984631039295437,0.01984631039295437,0.01984631039295437,0.01984631039295437,0.01984631039295437,1.0,1.0,0.2,0.0,0.0,0.1,0.1,0.8,0.0,0.024122951685636274,0.24122951685636274,0.030153689607045342,0.030153689607045342,1.0,0.8,0.8,0.8,0.8,0.0,0.8,0.2222222222222222,1.0,0.8,0.2222222222222222,1.0,0.8,0.2222222222222222,1.0,0.8,0.2222222222222222,1.0,0.8,0.0,0.8,0.8,0.8,0.8,0.8,0.0,0.0,0.0,0.0,0.8,0.8,1.0,1.0,1.0,0.8,1.0,1.0,1.0,1.0,1.0,1.0,8,0,0.0,0.0,0.8,0.0,0.0,0.0,0.0,0.0,0.0,0.0,0.0,1.0,0.0,0.0,0.0,0.0,0.0,0.9561111125345877,0.15815673649080345,0.15815673649080345,0.0,0.1,0.1,0,0,0,0,C1,0.0,0.0,0.025877048314363438,0.2,1.0,0.8,0.0,0.0,0.025877048314363438
phaseflip,dephasing,0.1,2,0.0,10,qiskit_aer,1,1,0.9039999999999999,0.9039999999999999,0.0,0.0,1.0,1.0,0.0,0.0,0.0959999999999998,0.0012247448713915085,0.09499999999999986,0.09499999999999986,0.0974999999999997,0.09499999999999986,0.09499999999999986,1.0,0.8,1.0,0.2,0.0,0.0,0.0,0.0,0.06584631039295445,0.0012247448713915085,0.06484631039295452,0.06484631039295452,0.06734631039295436,0.06484631039295452,0.06484631039295452,1.0,1.0,0.0,0.0,0.0,1.0,1.0,1.0,0.06584631039295445,0.0012247448713915085,0.06484631039295452,0.06484631039295452,0.06734631039295436,0.06484631039295452,0.06484631039295452,1.0,1.0,0.0,0.0,0.0,1.0,1.0,1.0,0.0,0.030153689607045342,0.3015368960704534,0.030153689607045342,0.030153689607045342,0.08996926207859073,0.01135284042619552,0.09499999999999986,0.09499999999999986,0.09499999999999986,0.06734631039295436,0.06734631039295436,1.0,1.0,0.8,0.0,0.0,0.2,0.2,0.2,0.0,0.006030737921409068,0.060307379214090684,0.030153689607045342,0.030153689607045342,0.08996926207859073,0.01135284042619552,0.09499999999999986,0.09499999999999986,0.09499999999999986,0.06734631039295436,0.06734631039295436,1.0,1.0,0.8,0.0,0.0,0.2,0.2,0.2,0.0,0.006030737921409068,0.060307379214090684,0.030153689607045342,0.030153689607045342,0.08996926207859073,0.01135284042619552,0.09499999999999986,0.09499999999999986,0.09499999999999986,0.06734631039295436,0.06734631039295436,1.0,1.0,0.8,0.0,0.0,0.2,0.2,0.2,0.0,0.006030737921409068,0.060307379214090684,0.030153689607045342,0.030153689607045342,1.0,1.0,0.2,0.2,0.2,0.0,1.0,0.0,1.0,0.2,1.0,1.0,0.2,1.0,1.0,0.2,1.0,1.0,0.2,0.8,0.2,0.2,0.2,0.2,0.2,0.0,0.0,0.0,0.0,0.2,0.2,1.0,1.0,1.0,0.2,1.0,1.0,1.0,1.0,1.0,1.0,2,0,0.0,0.0,0.2,0.0,0.0,0.0,0.0,0.0,0.0,0.0,0.0,1.0,0.0,0.0,0.0,0.0,0.0,-0.5039999998792819,2.316931473358678e-18,2.316931473358678e-18,0.0,0.0,0.0,0,0,0,0,C2,0.0,0.0,0.08996926207859073,0.8,1.0,0.2,0.0,0.0,0.08996926207859073
phaseflip,dephasing,0.1,2,0.01,10,qiskit_aer,1,1,0.9039999999999999,0.7030833333333333,0.03333333333333333,0.0,0.0,1.0,0.0,0.0,0.0959999999999998,0.0012247448713915085,0.09499999999999986,0.09499999999999986,0.0974999999999997,0.09499999999999986,0.09499999999999986,1.0,0.8,1.0,0.0,0.0,0.0,0.0,0.0,0.06584631039295445,0.0012247448713915085,0.06484631039295452,0.06484631039295452,0.06734631039295436,0.06484631039295452,0.06484631039295452,1.0,1.0,0.0,0.0,0.0,0.0,0.0,1.0,0.08996926207859073,0.01135284042619552,0.09499999999999986,0.09499999999999986,0.09499999999999986,0.06734631039295436,0.06734631039295436,1.0,1.0,0.8,0.0,0.0,0.0,0.0,0.2,0.0,0.006030737921409068,0.060307379214090684,0.030153689607045342,0.030153689607045342,0.08996926207859073,0.01135284042619552,0.09499999999999986,0.09499999999999986,0.09499999999999986,0.06734631039295436,0.06734631039295436,1.0,1.0,0.8,0.0,0.0,0.0,0.0,0.2,0.0,0.006030737921409068,0.060307379214090684,0.030153689607045342,0.030153689607045342,0.08996926207859073,0.01135284042619552,0.09499999999999986,0.09499999999999986,0.09499999999999986,0.06734631039295436,0.06734631039295436,1.0,1.0,0.8,0.0,0.0,0.0,0.0,0.2,0.0,0.006030737921409068,0.060307379214090684,0.030153689607045342,0.030153689607045342,0.08996926207859073,0.01135284042619552,0.09499999999999986,0.09499999999999986,0.09499999999999986,0.06734631039295436,0.06734631039295436,1.0,1.0,0.8,0.0,0.0,0.0,0.0,0.2,0.0,0.006030737921409068,0.060307379214090684,0.030153689607045342,0.030153689607045342,1.0,0.2,0.2,0.2,0.2,0.0,0.2,0.8,0.0,0.2,0.8,0.0,0.2,0.8,0.0,0.2,0.8,0.0,0.2,0.0,0.2,0.2,0.2,0.2,0.2,0.0,0.0,0.0,0.0,0.2,0.2,1.0,1.0,1.0,0.2,1.0,1.0,1.0,1.0,1.0,1.0,2,0,0.0,0.0,0.2,0.0,0.0,0.0,0.0,0.0,0.0,0.0,0.0,1.0,0.0,0.0,0.0,0.0,0.0,-0.3030833332086204,0.0003539416742845664,0.0003539416742845664,0.0,0.01,0.01,0,0,0,0,C1,0.0,0.0,0.08996926207859073,0.8,1.0,0.2,0.0,0.0,0.08996926207859073
phaseflip,dephasing,0.1,2,0.03,10,qiskit_aer,1,1,0.9039999999999999,0.6327777777777777,0.1111111111111111,0.0,0.0,1.0,0.0,0.0,0.0959999999999998,0.0012247448713915085,0.09499999999999986,0.09499999999999986,0.0974999999999997,0.09499999999999986,0.09499999999999986,1.0,0.8,1.0,0.0,0.0,0.0,0.0,0.0,0.06584631039295445,0.0012247448713915085,0.06484631039295452,0.06484631039295452,0.06734631039295436,0.06484631039295452,0.06484631039295452,1.0,1.0,0.0,0.0,0.0,0.0,0.0,1.0,0.08996926207859073,0.01135284042619552,0.09499999999999986,0.09499999999999986,0.09499999999999986,0.06734631039295436,0.06734631039295436,1.0,1.0,0.8,0.0,0.0,0.0,0.0,0.2,0.0,0.006030737921409068,0.060307379214090684,0.030153689607045342,0.030153689607045342,0.08996926207859073,0.01135284042619552,0.09499999999999986,0.09499999999999986,0.09499999999999986,0.06734631039295436,0.06734631039295436,1.0,1.0,0.8,0.0,0.0,0.0,0.0,0.2,0.0,0.006030737921409068,0.060307379214090684,0.030153689607045342,0.030153689607045342,0.08996926207859073,0.01135284042619552,0.09499999999999986,0.09499999999999986,0.09499999999999986,0.06734631039295436,0.06734631039295436,1.0,1.0,0.8,0.0,0.0,0.0,0.0,0.2,0.0,0.006030737921409068,0.060307379214090684,0.030153689607045342,0.030153689607045342,0.08996926207859073,0.01135284042619552,0.09499999999999986,0.09499999999999986,0.09499999999999986,0.06734631039295436,0.06734631039295436,1.0,1.0,0.8,0.0,0.0,0.0,0.0,0.2,0.0,0.006030737921409068,0.060307379214090684,0.030153689607045342,0.030153689607045342,1.0,0.2,0.2,0.2,0.2,0.0,0.2,0.8,0.0,0.2,0.8,0.0,0.2,0.8,0.0,0.2,0.8,0.0,0.2,0.0,0.2,0.2,0.2,0.2,0.2,0.0,0.0,0.0,0.0,0.2,0.2,1.0,1.0,1.0,0.2,1.0,1.0,1.0,1.0,1.0,1.0,2,0,0.0,0.0,0.2,0.0,0.0,0.0,0.0,0.0,0.0,0.0,0.0,1.0,0.0,0.0,0.0,0.0,0.0,-0.2327777776517333,0.00556297854266948,0.00556297854266948,0.0,0.03,0.03,0,0,0,0,C1,0.0,0.0,0.08996926207859073,0.8,1.0,0.2,0.0,0.0,0.08996926207859073
phaseflip,dephasing,0.1,2,0.05,10,qiskit_aer,1,1,0.9039999999999999,0.6126666666666666,0.15555555555555556,0.0,0.0,1.0,0.0,0.0,0.0959999999999998,0.0012247448713915085,0.09499999999999986,0.09499999999999986,0.0974999999999997,0.09499999999999986,0.09499999999999986,1.0,0.8,1.0,0.0,0.0,0.0,0.0,0.0,0.06584631039295445,0.0012247448713915085,0.06484631039295452,0.06484631039295452,0.06734631039295436,0.06484631039295452,0.06484631039295452,1.0,1.0,0.0,0.0,0.0,0.0,0.0,1.0,0.08996926207859073,0.01135284042619552,0.09499999999999986,0.09499999999999986,0.09499999999999986,0.06734631039295436,0.06734631039295436,1.0,1.0,0.8,0.0,0.0,0.0,0.0,0.2,0.0,0.006030737921409068,0.060307379214090684,0.030153689607045342,0.030153689607045342,0.08996926207859073,0.01135284042619552,0.09499999999999986,0.09499999999999986,0.09499999999999986,0.06734631039295436,0.06734631039295436,1.0,1.0,0.8,0.0,0.0,0.0,0.0,0.2,0.0,0.006030737921409068,0.060307379214090684,0.030153689607045342,0.030153689607045342,0.08996926207859073,0.01135284042619552,0.09499999999999986,0.09499999999999986,0.09499999999999986,0.06734631039295436,0.06734631039295436,1.0,1.0,0.8,0.0,0.0,0.0,0.0,0.2,0.0,0.006030737921409068,0.060307379214090684,0.030153689607045342,0.030153689607045342,0.08996926207859073,0.01135284042619552,0.09499999999999986,0.09499999999999986,0.09499999999999986,0.06734631039295436,0.06734631039295436,1.0,1.0,0.8,0.0,0.0,0.0,0.0,0.2,0.0,0.006030737921409068,0.060307379214090684,0.030153689607045342,0.030153689607045342,1.0,0.2,0.2,0.2,0.2,0.0,0.2,0.8,0.0,0.2,0.8,0.0,0.2,0.8,0.0,0.2,0.8,0.0,0.2,0.0,0.2,0.2,0.2,0.2,0.2,0.0,0.0,0.0,0.0,0.2,0.2,1.0,1.0,1.0,0.2,1.0,1.0,1.0,1.0,1.0,1.0,2,0,0.0,0.0,0.2,0.0,0.0,0.0,0.0,0.0,0.0,0.0,0.0,1.0,0.0,0.0,0.0,0.0,0.0,-0.2126666665398724,0.008495877083870586,0.008495877083870586,0.0,0.05,0.05,0,0,0,0,C1,0.0,0.0,0.08996926207859073,0.8,1.0,0.2,0.0,0.0,0.08996926207859073
phaseflip,dephasing,0.1,2,0.1,10,qiskit_aer,1,1,0.9039999999999999,0.5424166666666667,0.25555555555555554,0.0,0.0,1.0,0.0,0.0,0.0959999999999998,0.0012247448713915085,0.09499999999999986,0.09499999999999986,0.0974999999999997,0.09499999999999986,0.09499999999999986,1.0,0.9,1.0,0.0,0.0,0.0,0.0,0.0,0.06584631039295445,0.0012247448713915085,0.06484631039295452,0.06484631039295452,0.06734631039295436,0.06484631039295452,0.06484631039295452,1.0,1.0,0.0,0.0,0.0,0.0,0.0,1.0,0.09298463103929526,0.008618929332609118,0.09499999999999986,0.09499999999999986,0.09687499999999974,0.07979047071612483,0.06734631039295436,1.0,1.0,0.9,0.0,0.0,0.0,0.0,0.1,0.0,0.003015368960704534,0.030153689607045342,0.016584529283874903,0.030153689607045342,0.09298463103929526,0.008618929332609118,0.09499999999999986,0.09499999999999986,0.09687499999999974,0.07979047071612483,0.06734631039295436,1.0,1.0,0.9,0.0,0.0,0.0,0.0,0.1,0.0,0.003015368960704534,0.030153689607045342,0.016584529283874903,0.030153689607045342,0.09298463103929526,0.008618929332609118,0.09499999999999986,0.09499999999999986,0.09687499999999974,0.07979047071612483,0.06734631039295436,1.0,1.0,0.9,0.0,0.0,0.0,0.0,0.1,0.0,0.003015368960704534,0.030153689607045342,0.016584529283874903,0.030153689607045342,0.09298463103929526,0.008618929332609118,0.09499999999999986,0.09499999999999986,0.09687499999999974,0.07979047071612483,0.06734631039295436,1.0,1.0,0.9,0.0,0.0,0.0,0.0,0.1,0.0,0.003015368960704534,0.030153689607045342,0.016584529283874903,0.030153689607045342,1.0,0.1,0.1,0.1,0.1,0.0,0.1,0.9,0.0,0.1,0.9,0.0,0.1,0.9,0.0,0.1,0.9,0.0,0.1,0.0,0.1,0.1,0.1,0.1,0.1,0.0,0.0,0.0,0.0,0.1,0.1,1.0,1.0,1.0,0.1,1.0,1.0,1.0,1.0,1.0,1.0,1,0,0.0,0.0,0.1,0.0,0.0,0.0,0.0,0.0,0.0,0.0,0.0,1.0,0.0,0.0,0.0,0.0,0.0,-0.3424166665440352,2.166112591183837e-21,2.166112591183837e-21,0.0,0.1,0.1,0,0,0,0,C1,0.0,0.0,0.09298463103929526,0.9,1.0,0.1,0.0,0.0,0.09298463103929526
phaseflip,dephasing,0.1,3,0.0,10,qiskit_aer,1,1,0.8604999999999999,0.8604999999999999,0.0,0.0,0.0,0.0,0.0,0.0,0.13949999999999982,0.002779388421937513,0.14024999999999987,0.13668749999999977,0.14193749999999986,0.13549999999999973,0.13549999999999973,1.0,0.5,1.0,0.0,0.0,0.0,0.0,0.0,0.10934631039295448,0.002779388421937513,0.11009631039295453,0.10653381039295443,0.11178381039295451,0.10534631039295439,0.10534631039295439,1.0,1.0,0.0,0.0,0.0,0.0,0.0,0.0,0.12442315519647715,0.01310394982647265,0.12392315519647712,0.11234631039295451,0.13549999999999973,0.11009631039295453,0.11009631039295453,1.0,1.0,0.5,0.0,0.0,0.0,0.0,0.0,0.0,0.015076844803522671,0.1507684480352267,0.030153689607045342,0.030153689607045342,0.12442315519647715,0.01310394982647265,0.12392315519647712,0.11234631039295451,0.13549999999999973,0.11009631039295453,0.11009631039295453,1.0,1.0,0.5,0.0,0.0,0.0,0.0,0.0,0.0,0.015076844803522671,0.1507684480352267,0.030153689607045342,0.030153689607045342,0.12442315519647715,0.01310394982647265,0.12392315519647712,0.11234631039295451,0.13549999999999973,0.11009631039295453,0.11009631039295453,1.0,1.0,0.5,0.0,0.0,0.0,0.0,0.0,0.0,0.015076844803522671,0.1507684480352267,0.030153689607045342,0.030153689607045342,0.12442315519647715,0.01310394982647265,0.12392315519647712,0.11234631039295451,0.13549999999999973,0.11009631039295453,0.11009631039295453,1.0,1.0,0.5,0.0,0.0,0.0,0.0,0.0,0.0,0.015076844803522671,0.1507684480352267,0.030153689607045342,0.030153689607045342,1.0,0.5,0.5,0.5,0.5,0.0,0.5,0.5,0.0,0.5,0.5,0.0,0.5,0.5,0.0,0.5,0.5,0.0,0.5,0.0,0.5,0.5,0.5,0.5,0.5,0.0,0.0,0.0,0.0,0.5,0.5,1.0,1.0,1.0,0.5,1.0,1.0,1.0,1.0,1.0,1.0,5,0,0.0,0.0,0.5,0.0,0.0,0.0,0.0,0.0,0.0,0.0,0.0,1.0,0.0,0.0,0.0,0.0,0.0,0.13950000003100543,0.027544488809430962,0.027544488809430962,0.0,0.0,0.0,0,0,0,0,C1,0.0,0.0,0.12442315519647715,0.5,1.0,0.5,0.0,0.0,0.12442315519647715
phaseflip,dephasing,0.1,3,0.01,10,qiskit_aer,1,1,0.8604999999999999,0.7172277777777778,0.02222222222222222,0.0,0.0,0.0,0.0,0.0,0.13949999999999982,0.002779388421937513,0.14024999999999987,0.13668749999999977,0.14193749999999986,0.13549999999999973,0.13549999999999973,1.0,0.5,1.0,0.0,0.0,0.0,0.0,0.0,0.10934631039295448,0.002779388421937513,0.11009631039295453,0.10653381039295443,0.11178381039295451,0.10534631039295439,0.10534631039295439,1.0,1.0,0.0,0.0,0.0,0.0,0.0,0.0,0.12442315519647715,0.01310394982647265,0.12392315519647712,0.11234631039295451,0.13549999999999973,0.11009631039295453,0.11009631039295453,1.0,1.0,0.5,0.0,0.0,0.0,0.0,0.0,0.0,0.015076844803522671,0.1507684480352267,0.030153689607045342,0.030153689607045342,0.12442315519647715,0.01310394982647265,0.12392315519647712,0.11234631039295451,0.13549999999999973,0.11009631039295453,0.11009631039295453,1.0,1.0,0.5,0.0,0.0,0.0,0.0,0.0,0.0,0.015076844803522671,0.1507684480352267,0.030153689607045342,0.030153689607045342,0.12442315519647715,0.01310394982647265,0.12392315519647712,0.11234631039295451,0.13549999999999973,0.11009631039295453,0.11009631039295453,1.0,1.0,0.5,0.0,0.0,0.0,0.0,0.0,0.0,0.015076844803522671,0.1507684480352267,0.030153689607045342,0.030153689607045342,0.12442315519647715,0.01310394982647265,0.12392315519647712,0.11234631039295451,0.13549999999999973,0.11009631039295453,0.11009631039295453,1.0,1.0,0.5,0.0,0.0,0.0,0.0,0.0,0.0,0.015076844803522671,0.1507684480352267,0.030153689607045342,0.030153689607045342,1.0,0.5,0.5,0.5,0.5,0.0,0.5,0.5,0.0,0.5,0.5,0.0,0.5,0.5,0.0,0.5,0.5,0.0,0.5,0.0,0.5,0.5,0.5,0.5,0.5,0.0,0.0,0.0,0.0,0.5,0.5,1.0,1.0,1.0,0.5,1.0,1.0,1.0,1.0,1.0,1.0,5,0,0.0,0.0,0.5,0.0,0.0,0.0,0.0,0.0,0.0,0.0,0.0,1.0,0.0,0.0,0.0,0.0,0.0,0.28277222225432447,0.027544488809430962,0.027544488809430962,0.0,0.01,0.01,0,0,0,0,C1,0.0,0.0,0.12442315519647715,0.5,1.0,0.5,0.0,0.0,0.12442315519647715
phaseflip,dephasing,0.1,3,0.03,10,qiskit_aer,1,1,0.8604999999999999,0.6980944444444445,0.04444444444444444,0.0,0.0,0.0,0.0,0.0,0.13949999999999982,0.002779388421937513,0.14024999999999987,0.13668749999999977,0.14193749999999986,0.13549999999999973,0.13549999999999973,1.0,0.5,1.0,0.0,0.0,0.0,0.0,0.0,0.10934631039295448,0.002779388421937513,0.11009631039295453,0.10653381039295443,0.11178381039295451,0.10534631039295439,0.10534631039295439,1.0,1.0,0.0,0.0,0.0,0.0,0.0,0.0,0.12442315519647715,0.01310394982647265,0.12392315519647712,0.11234631039295451,0.13549999999999973,0.11009631039295453,0.11009631039295453,1.0,1.0,0.5,0.0,0.0,0.0,0.0,0.0,0.0,0.015076844803522671,0.1507684480352267,0.030153689607045342,0.030153689607045342,0.12442315519647715,0.01310394982647265,0.12392315519647712,0.11234631039295451,0.13549999999999973,0.11009631039295453,0.11009631039295453,1.0,1.0,0.5,0.0,0.0,0.0,0.0,0.0,0.0,0.015076844803522671,0.1507684480352267,0.030153689607045342,0.030153689607045342,0.12442315519647715,0.01310394982647265,0.12392315519647712,0.11234631039295451,0.13549999999999973,0.11009631039295453,0.11009631039295453,1.0,1.0,0.5,0.0,0.0,0.0,0.0,0.0,0.0,0.015076844803522671,0.1507684480352267,0.030153689607045342,0.030153689607045342,0.12442315519647715,0.01310394982647265,0.12392315519647712,0.11234631039295451,0.13549999999999973,0.11009631039295453,0.11009631039295453,1.0,1.0,0.5,0.0,0.0,0.0,0.0,0.0,0.0,0.015076844803522671,0.1507684480352267,0.030153689607045342,0.030153689607045342,1.0,0.5,0.5,0.5,0.5,0.0,0.5,0.5,0.0,0.5,0.5,0.0,0.5,0.5,0.0,0.5,0.5,0.0,0.5,0.0,0.5,0.5,0.5,0.5,0.5,0.0,0.0,0.0,0.0,0.5,0.5,1.0,1.0,1.0,0.5,1.0,1.0,1.0,1.0,1.0,1.0,5,0,0.0,0.0,0.5,0.0,0.0,0.0,0.0,0.0,0.0,0.0,0.0,1.0,0.0,0.0,0.0,0.0,0.0,0.301905555589176,0.035686424219016966,0.035686424219016966,0.0,0.03,0.03,0,0,0,0,C1,0.0,0.0,0.12442315519647715,0.5,1.0,0.5,0.0,0.0,0.12442315519647715
phaseflip,dephasing,0.1,3,0.05,10,qiskit_aer,1,1,0.8604999999999999,0.6790138888888889,0.07777777777777778,0.0,0.0,0.0,0.0,0.0,0.13949999999999982,0.002779388421937513,0.14024999999999987,0.13668749999999977,0.14193749999999986,0.13549999999999973,0.13549999999999973,1.0,0.7,1.0,0.0,0.0,0.0,0.0,0.0,0.10934631039295448,0.002779388421937513,0.11009631039295453,0.10653381039295443,0.11178381039295451,0.10534631039295439,0.10534631039295439,1.0,1.0,0.0,0.0,0.0,0.0,0.0,0.0,0.13045389311788622,0.012568172833919642,0.13549999999999973,0.11813473279471581,0.14024999999999987,0.11110881039295452,0.11009631039295453,1.0,1.0,0.7,0.0,0.0,0.0,0.0,0.0,0.0,0.009046106882113603,0.09046106882113603,0.030153689607045342,0.030153689607045342,0.13045389311788622,0.012568172833919642,0.13549999999999973,0.11813473279471581,0.14024999999999987,0.11110881039295452,0.11009631039295453,1.0,1.0,0.7,0.0,0.0,0.0,0.0,0.0,0.0,0.009046106882113603,0.09046106882113603,0.030153689607045342,0.030153689607045342,0.13045389311788622,0.012568172833919642,0.13549999999999973,0.11813473279471581,0.14024999999999987,0.11110881039295452,0.11009631039295453,1.0,1.0,0.7,0.0,0.0,0.0,0.0,0.0,0.0,0.009046106882113603,0.09046106882113603,0.030153689607045342,0.030153689607045342,0.13045389311788622,0.012568172833919642,0.13549999999999973,0.11813473279471581,0.14024999999999987,0.11110881039295452,0.11009631039295453,1.0,1.0,0.7,0.0,0.0,0.0,0.0,0.0,0.0,0.009046106882113603,0.09046106882113603,0.030153689607045342,0.030153689607045342,1.0,0.3,0.3,0.3,0.3,0.0,0.3,0.7,0.0,0.3,0.7,0.0,0.3,0.7,0.0,0.3,0.7,0.0,0.3,0.0,0.3,0.3,0.3,0.3,0.3,0.0,0.0,0.0,0.0,0.3,0.3,1.0,1.0,1.0,0.3,1.0,1.0,1.0,1.0,1.0,1.0,3,0,0.0,0.0,0.3,0.0,0.0,0.0,0.0,0.0,0.0,0.0,0.0,1.0,0.0,0.0,0.0,0.0,0.0,-0.07901388885441232,0.027544488809430962,0.027544488809430962,0.0,0.05,0.05,0,0,0,0,C1,0.0,0.0,0.13045389311788622,0.7,1.0,0.3,0.0,0.0,0.13045389311788622
phaseflip,dephasing,0.1,3,0.1,10,qiskit_aer,1,1,0.8604999999999999,0.5930361111111111,0.19999999999999998,0.0,0.0,0.0,0.0,0.0,0.13949999999999982,0.002779388421937513,0.14024999999999987,0.13668749999999977,0.14193749999999986,0.13549999999999973,0.13549999999999973,1.0,0.6,1.0,0.0,0.0,0.0,0.0,0.0,0.10934631039295448,0.002779388421937513,0.11009631039295453,0.10653381039295443,0.11178381039295451,0.10534631039295439,0.10534631039295439,1.0,1.0,0.0,0.0,0.0,0.0,0.0,0.0,0.12743852415718168,0.013442963395388667,0.13549999999999973,0.11234631039295451,0.13906249999999984,0.11009631039295453,0.11009631039295453,1.0,1.0,0.6,0.0,0.0,0.0,0.0,0.0,0.0,0.012061475842818137,0.12061475842818137,0.030153689607045342,0.030153689607045342,0.12743852415718168,0.013442963395388667,0.13549999999999973,0.11234631039295451,0.13906249999999984,0.11009631039295453,0.11009631039295453,1.0,1.0,0.6,0.0,0.0,0.0,0.0,0.0,0.0,0.012061475842818137,0.12061475842818137,0.030153689607045342,0.030153689607045342,0.12743852415718168,0.013442963395388667,0.13549999999999973,0.11234631039295451,0.13906249999999984,0.11009631039295453,0.11009631039295453,1.0,1.0,0.6,0.0,0.0,0.0,0.0,0.0,0.0,0.012061475842818137,0.12061475842818137,0.030153689607045342,0.030153689607045342,0.12743852415718168,0.013442963395388667,0.13549999999999973,0.11234631039295451,0.13906249999999984,0.11009631039295453,0.11009631039295453,1.0,1.0,0.6,0.0,0.0,0.0,0.0,0.0,0.0,0.012061475842818137,0.12061475842818137,0.030153689607045342,0.030153689607045342,1.0,0.4,0.4,0.4,0.4,0.0,0.4,0.6,0.0,0.4,0.6,0.0,0.4,0.6,0.0,0.4,0.6,0.0,0.4,0.0,0.4,0.4,0.4,0.4,0.4,0.0,0.0,0.0,0.0,0.4,0.4,1.0,1.0,1.0,0.4,1.0,1.0,1.0,1.0,1.0,1.0,4,0,0.0,0.0,0.4,0.0,0.0,0.0,0.0,0.0,0.0,0.0,0.0,1.0,0.0,0.0,0.0,0.0,0.0,0.2069638889220879,0.027544488809430962,0.027544488809430962,0.0,0.1,0.1,0,0,0,0,C1,0.0,0.0,0.12743852415718168,0.6,1.0,0.4,0.0,0.0,0.12743852415718168
phaseflip,dephasing,0.1,4,0.0,10,qiskit_aer,1,1,0.8202674999999998,0.8202674999999998,0.0,0.0,0.0,0.0,0.0,0.0,0.17973249999999985,0.004220086640105866,0.1819874999999999,0.1787249999999999,0.18299999999999983,0.17194999999999983,0.17194999999999983,1.0,0.8,1.0,0.0,0.0,0.0,0.0,0.0,0.1495788103929545,0.004220086640105866,0.15183381039295457,0.14857131039295457,0.1528463103929545,0.14179631039295448,0.14179631039295448,1.0,1.0,0.0,0.0,0.0,0.0,0.0,0.0,0.17370176207859078,0.013245386656059694,0.1819874999999999,0.17194999999999983,0.18299999999999983,0.14857131039295457,0.14857131039295457,1.0,1.0,0.8,0.0,0.0,0.0,0.0,0.0,0.0,0.006030737921409068,0.060307379214090684,0.030153689607045342,0.030153689607045342,0.17370176207859078,0.013245386656059694,0.1819874999999999,0.17194999999999983,0.18299999999999983,0.14857131039295457,0.14857131039295457,1.0,1.0,0.8,0.0,0.0,0.0,0.0,0.0,0.0,0.006030737921409068,0.060307379214090684,0.030153689607045342,0.030153689607045342,0.17370176207859078,0.013245386656059694,0.1819874999999999,0.17194999999999983,0.18299999999999983,0.14857131039295457,0.14857131039295457,1.0,1.0,0.8,0.0,0.0,0.0,0.0,0.0,0.0,0.006030737921409068,0.060307379214090684,0.030153689607045342,0.030153689607045342,0.17370176207859078,0.013245386656059694,0.1819874999999999,0.17194999999999983,0.18299999999999983,0.14857131039295457,0.14857131039295457,1.0,1.0,0.8,0.0,0.0,0.0,0.0,0.0,0.0,0.006030737921409068,0.060307379214090684,0.030153689607045342,0.030153689607045342,1.0,0.2,0.2,0.2,0.2,0.0,0.2,0.8,0.0,0.2,0.8,0.0,0.2,0.8,0.0,0.2,0.8,0.0,0.2,0.0,0.2,0.2,0.2,0.2,0.2,0.0,0.0,0.0,0.0,0.2,0.2,1.0,1.0,1.0,0.2,1.0,1.0,1.0,1.0,1.0,1.0,2,0,0.0,0.0,0.2,0.0,0.0,0.0,0.0,0.0,0.0,0.0,0.0,1.0,0.0,0.0,0.0,0.0,0.0,-0.42026749998816304,1.867034853552012e-21,1.867034853552012e-21,0.0,0.0,0.0,0,0,0,0,C1,0.0,0.0,0.17370176207859078,0.8,1.0,0.2,0.0,0.0,0.17370176207859078
phaseflip,dephasing,0.1,4,0.01,10,qiskit_aer,1,1,0.8202674999999998,0.6655097222222222,0.02222222222222222,0.0,0.0,0.0,0.0,0.0,0.17973249999999985,0.004220086640105866,0.1819874999999999,0.1787249999999999,0.18299999999999983,0.17194999999999983,0.17194999999999983,1.0,0.9,1.0,0.0,0.0,0.0,0.0,0.0,0.1495788103929545,0.004220086640105866,0.15183381039295457,0.14857131039295457,0.1528463103929545,0.14179631039295448,0.14179631039295448,1.0,1.0,0.0,0.0,0.0,0.0,0.0,0.0,0.17671713103929532,0.010281884527091443,0.1819874999999999,0.17364374999999985,0.18299999999999983,0.15909172071612493,0.14857131039295457,1.0,1.0,0.9,0.0,0.0,0.0,0.0,0.0,0.0,0.003015368960704534,0.030153689607045342,0.016584529283874903,0.030153689607045342,0.17671713103929532,0.010281884527091443,0.1819874999999999,0.17364374999999985,0.18299999999999983,0.15909172071612493,0.14857131039295457,1.0,1.0,0.9,0.0,0.0,0.0,0.0,0.0,0.0,0.003015368960704534,0.030153689607045342,0.016584529283874903,0.030153689607045342,0.17671713103929532,0.010281884527091443,0.1819874999999999,0.17364374999999985,0.18299999999999983,0.15909172071612493,0.14857131039295457,1.0,1.0,0.9,0.0,0.0,0.0,0.0,0.0,0.0,0.003015368960704534,0.030153689607045342,0.016584529283874903,0.030153689607045342,0.17671713103929532,0.010281884527091443,0.1819874999999999,0.17364374999999985,0.18299999999999983,0.15909172071612493,0.14857131039295457,1.0,1.0,0.9,0.0,0.0,0.0,0.0,0.0,0.0,0.003015368960704534,0.030153689607045342,0.016584529283874903,0.030153689607045342,1.0,0.1,0.1,0.1,0.1,0.0,0.1,0.9,0.0,0.1,0.9,0.0,0.1,0.9,0.0,0.1,0.9,0.0,0.1,0.0,0.1,0.1,0.1,0.1,0.1,0.0,0.0,0.0,0.0,0.1,0.1,1.0,1.0,1.0,0.1,1.0,1.0,1.0,1.0,1.0,1.0,1,0,0.0,0.0,0.1,0.0,0.0,0.0,0.0,0.0,0.0,0.0,0.0,1.0,0.0,0.0,0.0,0.0,0.0,-0.46550972220885894,9.33517426776006e-22,9.33517426776006e-22,0.0,0.01,0.01,0,0,0,0,C1,0.0,0.0,0.17671713103929532,0.9,1.0,0.1,0.0,0.0,0.17671713103929532
phaseflip,dephasing,0.1,4,0.03,10,qiskit_aer,1,1,0.8202674999999998,0.6472313888888888,0.04444444444444444,0.0,0.0,0.0,0.0,0.0,0.17973249999999985,0.004220086640105866,0.1819874999999999,0.1787249999999999,0.18299999999999983,0.17194999999999983,0.17194999999999983,1.0,0.8,1.0,0.0,0.0,0.0,0.0,0.0,0.1495788103929545,0.004220086640105866,0.15183381039295457,0.14857131039295457,0.1528463103929545,0.14179631039295448,0.14179631039295448,1.0,1.0,0.0,0.0,0.0,0.0,0.0,0.0,0.17370176207859078,0.013245386656059694,0.1819874999999999,0.17194999999999983,0.18299999999999983,0.14857131039295457,0.14857131039295457,1.0,1.0,0.8,0.0,0.0,0.0,0.0,0.0,0.0,0.006030737921409068,0.060307379214090684,0.030153689607045342,0.030153689607045342,0.17370176207859078,0.013245386656059694,0.1819874999999999,0.17194999999999983,0.18299999999999983,0.14857131039295457,0.14857131039295457,1.0,1.0,0.8,0.0,0.0,0.0,0.0,0.0,0.0,0.006030737921409068,0.060307379214090684,0.030153689607045342,0.030153689607045342,0.17370176207859078,0.013245386656059694,0.1819874999999999,0.17194999999999983,0.18299999999999983,0.14857131039295457,0.14857131039295457,1.0,1.0,0.8,0.0,0.0,0.0,0.0,0.0,0.0,0.006030737921409068,0.060307379214090684,0.030153689607045342,0.030153689607045342,0.17370176207859078,0.013245386656059694,0.1819874999999999,0.17194999999999983,0.18299999999999983,0.14857131039295457,0.14857131039295457,1.0,1.0,0.8,0.0,0.0,0.0,0.0,0.0,0.0,0.006030737921409068,0.060307379214090684,0.030153689607045342,0.030153689607045342,1.0,0.2,0.2,0.2,0.2,0.0,0.2,0.8,0.0,0.2,0.8,0.0,0.2,0.8,0.0,0.2,0.8,0.0,0.2,0.0,0.2,0.2,0.2,0.2,0.2,0.0,0.0,0.0,0.0,0.2,0.2,1.0,1.0,1.0,0.2,1.0,1.0,1.0,1.0,1.0,1.0,2,0,0.0,0.0,0.2,0.0,0.0,0.0,0.0,0.0,0.0,0.0,0.0,1.0,0.0,0.0,0.0,0.0,0.0,-0.2472313888769302,1.867034853552012e-21,1.867034853552012e-21,0.0,0.03,0.03,0,0,0,0,C1,0.0,0.0,0.17370176207859078,0.8,1.0,0.2,0.0,0.0,0.17370176207859078
phaseflip,dephasing,0.1,4,0.05,10,qiskit_aer,1,1,0.8202674999999998,0.6472313888888888,0.07777777777777778,0.0,0.0,0.0,0.0,0.0,0.17973249999999985,0.004220086640105866,0.1819874999999999,0.1787249999999999,0.18299999999999983,0.17194999999999983,0.17194999999999983,1.0,0.9,1.0,0.0,0.0,0.0,0.0,0.0,0.1495788103929545,0.004220086640105866,0.15183381039295457,0.14857131039295457,0.1528463103929545,0.14179631039295448,0.14179631039295448,1.0,1.0,0.0,0.0,0.0,0.0,0.0,0.0,0.17671713103929532,0.010281884527091443,0.1819874999999999,0.17364374999999985,0.18299999999999983,0.15909172071612493,0.14857131039295457,1.0,1.0,0.9,0.0,0.0,0.0,0.0,0.0,0.0,0.003015368960704534,0.030153689607045342,0.016584529283874903,0.030153689607045342,0.17671713103929532,0.010281884527091443,0.1819874999999999,0.17364374999999985,0.18299999999999983,0.15909172071612493,0.14857131039295457,1.0,1.0,0.9,0.0,0.0,0.0,0.0,0.0,0.0,0.003015368960704534,0.030153689607045342,0.016584529283874903,0.030153689607045342,0.17671713103929532,0.010281884527091443,0.1819874999999999,0.17364374999999985,0.18299999999999983,0.15909172071612493,0.14857131039295457,1.0,1.0,0.9,0.0,0.0,0.0,0.0,0.0,0.0,0.003015368960704534,0.030153689607045342,0.016584529283874903,0.030153689607045342,0.17671713103929532,0.010281884527091443,0.1819874999999999,0.17364374999999985,0.18299999999999983,0.15909172071612493,0.14857131039295457,1.0,1.0,0.9,0.0,0.0,0.0,0.0,0.0,0.0,0.003015368960704534,0.030153689607045342,0.016584529283874903,0.030153689607045342,1.0,0.1,0.1,0.1,0.1,0.0,0.1,0.9,0.0,0.1,0.9,0.0,0.1,0.9,0.0,0.1,0.9,0.0,0.1,0.0,0.1,0.1,0.1,0.1,0.1,0.0,0.0,0.0,0.0,0.1,0.1,1.0,1.0,1.0,0.1,1.0,1.0,1.0,1.0,1.0,1.0,1,0,0.0,0.0,0.1,0.0,0.0,0.0,0.0,0.0,0.0,0.0,0.0,1.0,0.0,0.0,0.0,0.0,0.0,-0.447231388876192,9.33517426776006e-22,9.33517426776006e-22,0.0,0.05,0.05,0,0,0,0,C1,0.0,0.0,0.17671713103929532,0.9,1.0,0.1,0.0,0.0,0.17671713103929532
phaseflip,dephasing,0.1,4,0.1,10,qiskit_aer,1,1,0.8202674999999998,0.5653663888888888,0.19999999999999998,0.0,0.0,0.0,0.0,0.0,0.17973249999999985,0.004220086640105866,0.1819874999999999,0.1787249999999999,0.18299999999999983,0.17194999999999983,0.17194999999999983,1.0,0.8,1.0,0.0,0.0,0.0,0.0,0.0,0.1495788103929545,0.004220086640105866,0.15183381039295457,0.14857131039295457,0.1528463103929545,0.14179631039295448,0.14179631039295448,1.0,1.0,0.0,0.0,0.0,0.0,0.0,0.0,0.17370176207859078,0.013245386656059694,0.1819874999999999,0.17194999999999983,0.18299999999999983,0.14857131039295457,0.14857131039295457,1.0,1.0,0.8,0.0,0.0,0.0,0.0,0.0,0.0,0.006030737921409068,0.060307379214090684,0.030153689607045342,0.030153689607045342,0.17370176207859078,0.013245386656059694,0.1819874999999999,0.17194999999999983,0.18299999999999983,0.14857131039295457,0.14857131039295457,1.0,1.0,0.8,0.0,0.0,0.0,0.0,0.0,0.0,0.006030737921409068,0.060307379214090684,0.030153689607045342,0.030153689607045342,0.17370176207859078,0.013245386656059694,0.1819874999999999,0.17194999999999983,0.18299999999999983,0.14857131039295457,0.14857131039295457,1.0,1.0,0.8,0.0,0.0,0.0,0.0,0.0,0.0,0.006030737921409068,0.060307379214090684,0.030153689607045342,0.030153689607045342,0.17370176207859078,0.013245386656059694,0.1819874999999999,0.17194999999999983,0.18299999999999983,0.14857131039295457,0.14857131039295457,1.0,1.0,0.8,0.0,0.0,0.0,0.0,0.0,0.0,0.006030737921409068,0.060307379214090684,0.030153689607045342,0.030153689607045342,1.0,0.2,0.2,0.2,0.2,0.0,0.2,0.8,0.0,0.2,0.8,0.0,0.2,0.8,0.0,0.2,0.8,0.0,0.2,0.0,0.2,0.2,0.2,0.2,0.2,0.0,0.0,0.0,0.0,0.2,0.2,1.0,1.0,1.0,0.2,1.0,1.0,1.0,1.0,1.0,1.0,2,0,0.0,0.0,0.2,0.0,0.0,0.0,0.0,0.0,0.0,0.0,0.0,1.0,0.0,0.0,0.0,0.0,0.0,-0.1653663888772893,1.867034853552012e-21,1.867034853552012e-21,0.0,0.1,0.1,0,0,0,0,C1,0.0,0.0,0.17370176207859078,0.8,1.0,0.2,0.0,0.0,0.17370176207859078
phaseflip,dephasing,0.15,1,0.0,10,qiskit_aer,1,1,0.9250000000000002,0.9250000000000002,0.0,0.0,1.0,1.0,0.0,0.0,0.07499999999999973,0.0,0.07499999999999973,0.07499999999999973,0.07499999999999973,0.07499999999999973,0.07499999999999973,1.0,0.4,1.0,0.6,0.0,0.0,0.0,0.0,0.04484631039295439,0.0,0.04484631039295439,0.04484631039295439,0.04484631039295439,0.04484631039295439,0.04484631039295439,1.0,1.0,0.0,0.0,0.0,1.0,1.0,1.0,0.04484631039295439,0.0,0.04484631039295439,0.04484631039295439,0.04484631039295439,0.04484631039295439,0.04484631039295439,1.0,1.0,0.0,0.0,0.0,1.0,1.0,1.0,0.0,0.030153689607045342,0.3015368960704534,0.030153689607045342,0.030153689607045342,0.05690778623577253,0.014772230679905057,0.04484631039295439,0.04484631039295439,0.07499999999999973,0.04484631039295439,0.04484631039295439,1.0,1.0,0.4,0.0,0.0,0.6,0.6,0.6,0.0,0.018092213764227205,0.18092213764227205,0.030153689607045342,0.030153689607045342,0.05690778623577253,0.014772230679905057,0.04484631039295439,0.04484631039295439,0.07499999999999973,0.04484631039295439,0.04484631039295439,1.0,1.0,0.4,0.0,0.0,0.6,0.6,0.6,0.0,0.018092213764227205,0.18092213764227205,0.030153689607045342,0.030153689607045342,0.05690778623577253,0.014772230679905057,0.04484631039295439,0.04484631039295439,0.07499999999999973,0.04484631039295439,0.04484631039295439,1.0,1.0,0.4,0.0,0.0,0.6,0.6,0.6,0.0,0.018092213764227205,0.18092213764227205,0.030153689607045342,0.030153689607045342,1.0,1.0,0.6,0.6,0.6,0.0,1.0,0.0,1.0,0.6,1.0,1.0,0.6,1.0,1.0,0.6,1.0,1.0,0.6,0.4,0.6,0.6,0.6,0.6,0.6,0.0,0.0,0.0,0.0,0.6,0.6,1.0,1.0,1.0,0.6,1.0,1.0,1.0,1.0,1.0,1.0,6,0,0.0,0.0,0.6,0.0,0.0,0.0,0.0,0.0,0.0,0.0,0.0,1.0,0.0,0.0,0.0,0.0,0.0,0.2750000002512554,1.2683343809989637e-17,1.2683343809989637e-17,0.0,0.0,0.0,0,0,0,0,C2,0.0,0.0,0.05690778623577253,0.4,1.0,0.6,0.0,0.0,0.05690778623577253
phaseflip,dephasing,0.15,1,0.01,10,qiskit_aer,1,1,0.9250000000000002,0.7400000000000001,0.03333333333333333,0.0,0.0,1.0,0.0,0.0,0.07499999999999973,0.0,0.07499999999999973,0.07499999999999973,0.07499999999999973,0.07499999999999973,0.07499999999999973,1.0,0.5,1.0,0.0,0.0,0.0,0.0,0.0,0.04484631039295439,0.0,0.04484631039295439,0.04484631039295439,0.04484631039295439,0.04484631039295439,0.04484631039295439,1.0,1.0,0.0,0.0,0.0,0.0,0.0,1.0,0.05992315519647706,0.015076844803522671,0.05992315519647706,0.04484631039295439,0.07499999999999973,0.04484631039295439,0.04484631039295439,1.0,1.0,0.5,0.0,0.0,0.0,0.0,0.5,0.0,0.015076844803522671,0.1507684480352267,0.030153689607045342,0.030153689607045342,0.05992315519647706,0.015076844803522671,0.05992315519647706,0.04484631039295439,0.07499999999999973,0.04484631039295439,0.04484631039295439,1.0,1.0,0.5,0.0,0.0,0.0,0.0,0.5,0.0,0.015076844803522671,0.1507684480352267,0.030153689607045342,0.030153689607045342,0.05992315519647706,0.015076844803522671,0.05992315519647706,0.04484631039295439,0.07499999999999973,0.04484631039295439,0.04484631039295439,1.0,1.0,0.5,0.0,0.0,0.0,0.0,0.5,0.0,0.015076844803522671,0.1507684480352267,0.030153689607045342,0.030153689607045342,0.05992315519647706,0.015076844803522671,0.05992315519647706,0.04484631039295439,0.07499999999999973,0.04484631039295439,0.04484631039295439,1.0,1.0,0.5,0.0,0.0,0.0,0.0,0.5,0.0,0.015076844803522671,0.1507684480352267,0.030153689607045342,0.030153689607045342,1.0,0.5,0.5,0.5,0.5,0.0,0.5,0.5,0.0,0.5,0.5,0.0,0.5,0.5,0.0,0.5,0.5,0.0,0.5,0.0,0.5,0.5,0.5,0.5,0.5,0.0,0.0,0.0,0.0,0.5,0.5,1.0,1.0,1.0,0.5,1.0,1.0,1.0,1.0,1.0,1.0,5,0,0.0,0.0,0.5,0.0,0.0,0.0,0.0,0.0,0.0,0.0,0.0,1.0,0.0,0.0,0.0,0.0,0.0,0.2600000002596428,1.268241029256286e-17,1.268241029256286e-17,0.0,0.01,0.01,0,0,0,0,C1,0.0,0.0,0.05992315519647706,0.5,1.0,0.5,0.0,0.0,0.05992315519647706
phaseflip,dephasing,0.15,1,0.03,10,qiskit_aer,1,1,0.9250000000000002,0.6680555555555556,0.1111111111111111,0.0,0.0,1.0,0.0,0.0,0.07499999999999973,0.0,0.07499999999999973,0.07499999999999973,0.07499999999999973,0.07499999999999973,0.07499999999999973,1.0,0.5,1.0,0.0,0.0,0.0,0.0,0.0,0.04484631039295439,0.0,0.04484631039295439,0.04484631039295439,0.04484631039295439,0.04484631039295439,0.04484631039295439,1.0,1.0,0.0,0.0,0.0,0.0,0.0,1.0,0.05992315519647706,0.015076844803522671,0.05992315519647706,0.04484631039295439,0.07499999999999973,0.04484631039295439,0.04484631039295439,1.0,1.0,0.5,0.0,0.0,0.0,0.0,0.5,0.0,0.015076844803522671,0.1507684480352267,0.030153689607045342,0.030153689607045342,0.05992315519647706,0.015076844803522671,0.05992315519647706,0.04484631039295439,0.07499999999999973,0.04484631039295439,0.04484631039295439,1.0,1.0,0.5,0.0,0.0,0.0,0.0,0.5,0.0,0.015076844803522671,0.1507684480352267,0.030153689607045342,0.030153689607045342,0.05992315519647706,0.015076844803522671,0.05992315519647706,0.04484631039295439,0.07499999999999973,0.04484631039295439,0.04484631039295439,1.0,1.0,0.5,0.0,0.0,0.0,0.0,0.5,0.0,0.015076844803522671,0.1507684480352267,0.030153689607045342,0.030153689607045342,0.05992315519647706,0.015076844803522671,0.05992315519647706,0.04484631039295439,0.07499999999999973,0.04484631039295439,0.04484631039295439,1.0,1.0,0.5,0.0,0.0,0.0,0.0,0.5,0.0,0.015076844803522671,0.1507684480352267,0.030153689607045342,0.030153689607045342,1.0,0.5,0.5,0.5,0.5,0.0,0.5,0.5,0.0,0.5,0.5,0.0,0.5,0.5,0.0,0.5,0.5,0.0,0.5,0.0,0.5,0.5,0.5,0.5,0.5,0.0,0.0,0.0,0.0,0.5,0.5,1.0,1.0,1.0,0.5,1.0,1.0,1.0,1.0,1.0,1.0,5,0,0.0,0.0,0.5,0.0,0.0,0.0,0.0,0.0,0.0,0.0,0.0,1.0,0.0,0.0,0.0,0.0,0.0,0.3319444447040873,1.268241029256286e-17,1.268241029256286e-17,0.0,0.03,0.03,0,0,0,0,C1,0.0,0.0,0.05992315519647706,0.5,1.0,0.5,0.0,0.0,0.05992315519647706
phaseflip,dephasing,0.15,1,0.05,10,qiskit_aer,1,1,0.9250000000000002,0.6475000000000001,0.15555555555555556,0.0,0.0,1.0,0.0,0.0,0.07499999999999973,0.0,0.07499999999999973,0.07499999999999973,0.07499999999999973,0.07499999999999973,0.07499999999999973,1.0,0.3,1.0,0.0,0.0,0.0,0.0,0.0,0.04484631039295439,0.0,0.04484631039295439,0.04484631039295439,0.04484631039295439,0.04484631039295439,0.04484631039295439,1.0,1.0,0.0,0.0,0.0,0.0,0.0,1.0,0.053892417275067994,0.013818156510648851,0.04484631039295439,0.04484631039295439,0.0674615775982384,0.04484631039295439,0.04484631039295439,1.0,1.0,0.3,0.0,0.0,0.0,0.0,0.7,0.0,0.02110758272493174,0.2110758272493174,0.030153689607045342,0.030153689607045342,0.053892417275067994,0.013818156510648851,0.04484631039295439,0.04484631039295439,0.0674615775982384,0.04484631039295439,0.04484631039295439,1.0,1.0,0.3,0.0,0.0,0.0,0.0,0.7,0.0,0.02110758272493174,0.2110758272493174,0.030153689607045342,0.030153689607045342,0.053892417275067994,0.013818156510648851,0.04484631039295439,0.04484631039295439,0.0674615775982384,0.04484631039295439,0.04484631039295439,1.0,1.0,0.3,0.0,0.0,0.0,0.0,0.7,0.0,0.02110758272493174,0.2110758272493174,0.030153689607045342,0.030153689607045342,0.053892417275067994,0.013818156510648851,0.04484631039295439,0.04484631039295439,0.0674615775982384,0.04484631039295439,0.04484631039295439,1.0,1.0,0.3,0.0,0.0,0.0,0.0,0.7,0.0,0.02110758272493174,0.2110758272493174,0.030153689607045342,0.030153689607045342,1.0,0.7,0.7,0.7,0.7,0.0,0.7,0.3,0.0,0.7,0.3,0.0,0.7,0.3,0.0,0.7,0.3,0.0,0.7,0.0,0.7,0.7,0.7,0.7,0.7,0.0,0.0,0.0,0.0,0.7,0.7,1.0,1.0,1.0,0.7,1.0,1.0,1.0,1.0,1.0,1.0,7,0,0.0,0.0,0.7,0.0,0.0,0.0,0.0,0.0,0.0,0.0,0.0,1.0,0.0,0.0,0.0,0.0,0.0,0.7525000002428683,1.2684277327416412e-17,1.2684277327416412e-17,0.0,0.05,0.05,0,0,0,0,C1,0.0,0.0,0.053892417275067994,0.3,1.0,0.7,0.0,0.0,0.053892417275067994
phaseflip,dephasing,0.15,1,0.1,10,qiskit_aer,1,1,0.9250000000000002,0.5652777777777778,0.25555555555555554,0.0,0.0,1.0,0.0,0.0,0.07499999999999973,0.0,0.07499999999999973,0.07499999999999973,0.07499999999999973,0.07499999999999973,0.07499999999999973,1.0,0.4,1.0,0.0,0.0,0.0,0.0,0.0,0.04484631039295439,0.0,0.04484631039295439,0.04484631039295439,0.04484631039295439,0.04484631039295439,0.04484631039295439,1.0,1.0,0.0,0.0,0.0,0.0,0.0,1.0,0.05690778623577253,0.014772230679905057,0.04484631039295439,0.04484631039295439,0.07499999999999973,0.04484631039295439,0.04484631039295439,1.0,1.0,0.4,0.0,0.0,0.0,0.0,0.6,0.0,0.018092213764227205,0.18092213764227205,0.030153689607045342,0.030153689607045342,0.05690778623577253,0.014772230679905057,0.04484631039295439,0.04484631039295439,0.07499999999999973,0.04484631039295439,0.04484631039295439,1.0,1.0,0.4,0.0,0.0,0.0,0.0,0.6,0.0,0.018092213764227205,0.18092213764227205,0.030153689607045342,0.030153689607045342,0.05690778623577253,0.014772230679905057,0.04484631039295439,0.04484631039295439,0.07499999999999973,0.04484631039295439,0.04484631039295439,1.0,1.0,0.4,0.0,0.0,0.0,0.0,0.6,0.0,0.018092213764227205,0.18092213764227205,0.030153689607045342,0.030153689607045342,0.05690778623577253,0.014772230679905057,0.04484631039295439,0.04484631039295439,0.07499999999999973,0.04484631039295439,0.04484631039295439,1.0,1.0,0.4,0.0,0.0,0.0,0.0,0.6,0.0,0.018092213764227205,0.18092213764227205,0.030153689607045342,0.030153689607045342,1.0,0.6,0.6,0.6,0.6,0.0,0.6,0.4,0.0,0.6,0.4,0.0,0.6,0.4,0.0,0.6,0.4,0.0,0.6,0.0,0.6,0.6,0.6,0.6,0.6,0.0,0.0,0.0,0.0,0.6,0.6,1.0,1.0,1.0,0.6,1.0,1.0,1.0,1.0,1.0,1.0,6,0,0.0,0.0,0.6,0.0,0.0,0.0,0.0,0.0,0.0,0.0,0.0,1.0,0.0,0.0,0.0,0.0,0.0,0.6347222224734779,1.2683343809989637e-17,1.2683343809989637e-17,0.0,0.1,0.1,0,0,0,0,C1,0.0,0.0,0.05690778623577253,0.4,1.0,0.6,0.0,0.0,0.05690778623577253
phaseflip,dephasing,0.15,2,0.0,10,qiskit_aer,1,1,0.8590000000000001,0.8590000000000001,0.0,0.0,0.0,0.0,0.0,0.0,0.14099999999999968,0.00275567596063103,0.1387499999999997,0.1387499999999997,0.1443749999999996,0.1387499999999997,0.1387499999999997,1.0,0.5,1.0,0.0,0.0,0.0,0.0,0.0,0.11084631039295433,0.00275567596063103,0.10859631039295436,0.10859631039295436,0.11422131039295425,0.10859631039295436,0.10859631039295436,1.0,1.0,0.0,0.0,0.0,0.0,0.0,0.0,0.125923155196477,0.016395972067475412,0.12648565519647698,0.10859631039295436,0.14296874999999962,0.10859631039295436,0.10859631039295436,1.0,1.0,0.5,0.0,0.0,0.0,0.0,0.0,0.0,0.015076844803522671,0.1507684480352267,0.030153689607045342,0.030153689607045342,0.125923155196477,0.016395972067475412,0.12648565519647698,0.10859631039295436,0.14296874999999962,0.10859631039295436,0.10859631039295436,1.0,1.0,0.5,0.0,0.0,0.0,0.0,0.0,0.0,0.015076844803522671,0.1507684480352267,0.030153689607045342,0.030153689607045342,0.125923155196477,0.016395972067475412,0.12648565519647698,0.10859631039295436,0.14296874999999962,0.10859631039295436,0.10859631039295436,1.0,1.0,0.5,0.0,0.0,0.0,0.0,0.0,0.0,0.015076844803522671,0.1507684480352267,0.030153689607045342,0.030153689607045342,0.125923155196477,0.016395972067475412,0.12648565519647698,0.10859631039295436,0.14296874999999962,0.10859631039295436,0.10859631039295436,1.0,1.0,0.5,0.0,0.0,0.0,0.0,0.0,0.0,0.015076844803522671,0.1507684480352267,0.030153689607045342,0.030153689607045342,1.0,0.5,0.5,0.5,0.5,0.0,0.5,0.5,0.0,0.5,0.5,0.0,0.5,0.5,0.0,0.5,0.5,0.0,0.5,0.0,0.5,0.5,0.5,0.5,0.5,0.0,0.0,0.0,0.0,0.5,0.5,1.0,1.0,1.0,0.5,1.0,1.0,1.0,1.0,1.0,1.0,5,0,0.0,0.0,0.5,0.0,0.0,0.0,0.0,0.0,0.0,0.0,0.0,1.0,0.0,0.0,0.0,0.0,0.0,0.14100000001604096,9.597967791511354e-21,9.597967791511354e-21,0.0,0.0,0.0,0,0,0,0,C1,0.0,0.0,0.125923155196477,0.5,1.0,0.5,0.0,0.0,0.125923155196477
phaseflip,dephasing,0.15,2,0.01,10,qiskit_aer,1,1,0.8590000000000001,0.6394652777777778,0.03333333333333333,0.0,0.0,0.0,0.0,0.0,0.14099999999999968,0.00275567596063103,0.1387499999999997,0.1387499999999997,0.1443749999999996,0.1387499999999997,0.1387499999999997,1.0,0.3,1.0,0.0,0.0,0.0,0.0,0.0,0.11084631039295433,0.00275567596063103,0.10859631039295436,0.10859631039295436,0.11422131039295425,0.10859631039295436,0.10859631039295436,1.0,1.0,0.0,0.0,0.0,0.0,0.0,0.0,0.11989241727506793,0.01611199617698108,0.10859631039295436,0.10859631039295436,0.13683657759823825,0.10859631039295436,0.10859631039295436,1.0,1.0,0.3,0.0,0.0,0.0,0.0,0.0,0.0,0.02110758272493174,0.2110758272493174,0.030153689607045342,0.030153689607045342,0.11989241727506793,0.01611199617698108,0.10859631039295436,0.10859631039295436,0.13683657759823825,0.10859631039295436,0.10859631039295436,1.0,1.0,0.3,0.0,0.0,0.0,0.0,0.0,0.0,0.02110758272493174,0.2110758272493174,0.030153689607045342,0.030153689607045342,0.11989241727506793,0.01611199617698108,0.10859631039295436,0.10859631039295436,0.13683657759823825,0.10859631039295436,0.10859631039295436,1.0,1.0,0.3,0.0,0.0,0.0,0.0,0.0,0.0,0.02110758272493174,0.2110758272493174,0.030153689607045342,0.030153689607045342,0.11989241727506793,0.01611199617698108,0.10859631039295436,0.10859631039295436,0.13683657759823825,0.10859631039295436,0.10859631039295436,1.0,1.0,0.3,0.0,0.0,0.0,0.0,0.0,0.0,0.02110758272493174,0.2110758272493174,0.030153689607045342,0.030153689607045342,1.0,0.7,0.7,0.7,0.7,0.0,0.7,0.3,0.0,0.7,0.3,0.0,0.7,0.3,0.0,0.7,0.3,0.0,0.7,0.0,0.7,0.7,0.7,0.7,0.7,0.0,0.0,0.0,0.0,0.7,0.7,1.0,1.0,1.0,0.7,1.0,1.0,1.0,1.0,1.0,1.0,7,0,0.0,0.0,0.7,0.0,0.0,0.0,0.0,0.0,0.0,0.0,0.0,1.0,0.0,0.0,0.0,0.0,0.0,0.7605347222415709,1.3930192973879027e-20,1.3930192973879027e-20,0.0,0.01,0.01,0,0,0,0,C1,0.0,0.0,0.11989241727506793,0.3,1.0,0.7,0.0,0.0,0.11989241727506793
phaseflip,dephasing,0.15,2,0.03,10,qiskit_aer,1,1,0.8590000000000001,0.5821736111111112,0.1111111111111111,0.0,0.0,0.0,0.0,0.0,0.14099999999999968,0.00275567596063103,0.1387499999999997,0.1387499999999997,0.1443749999999996,0.1387499999999997,0.1387499999999997,1.0,0.4,1.0,0.0,0.0,0.0,0.0,0.0,0.11084631039295433,0.00275567596063103,0.10859631039295436,0.10859631039295436,0.11422131039295425,0.10859631039295436,0.10859631039295436,1.0,1.0,0.0,0.0,0.0,0.0,0.0,0.0,0.12290778623577246,0.016531927001757048,0.1114088103929543,0.10859631039295436,0.14296874999999962,0.10859631039295436,0.10859631039295436,1.0,1.0,0.4,0.0,0.0,0.0,0.0,0.0,0.0,0.018092213764227205,0.18092213764227205,0.030153689607045342,0.030153689607045342,0.12290778623577246,0.016531927001757048,0.1114088103929543,0.10859631039295436,0.14296874999999962,0.10859631039295436,0.10859631039295436,1.0,1.0,0.4,0.0,0.0,0.0,0.0,0.0,0.0,0.018092213764227205,0.18092213764227205,0.030153689607045342,0.030153689607045342,0.12290778623577246,0.016531927001757048,0.1114088103929543,0.10859631039295436,0.14296874999999962,0.10859631039295436,0.10859631039295436,1.0,1.0,0.4,0.0,0.0,0.0,0.0,0.0,0.0,0.018092213764227205,0.18092213764227205,0.030153689607045342,0.030153689607045342,0.12290778623577246,0.016531927001757048,0.1114088103929543,0.10859631039295436,0.14296874999999962,0.10859631039295436,0.10859631039295436,1.0,1.0,0.4,0.0,0.0,0.0,0.0,0.0,0.0,0.018092213764227205,0.18092213764227205,0.030153689607045342,0.030153689607045342,1.0,0.6,0.6,0.6,0.6,0.0,0.6,0.4,0.0,0.6,0.4,0.0,0.6,0.4,0.0,0.6,0.4,0.0,0.6,0.0,0.6,0.6,0.6,0.6,0.6,0.0,0.0,0.0,0.0,0.6,0.6,1.0,1.0,1.0,0.6,1.0,1.0,1.0,1.0,1.0,1.0,6,0,0.0,0.0,0.6,0.0,0.0,0.0,0.0,0.0,0.0,0.0,0.0,1.0,0.0,0.0,0.0,0.0,0.0,0.6178263889057336,1.2996675547103021e-20,1.2996675547103021e-20,0.0,0.03,0.03,0,0,0,0,C1,0.0,0.0,0.12290778623577246,0.4,1.0,0.6,0.0,0.0,0.12290778623577246
phaseflip,dephasing,0.15,2,0.05,10,qiskit_aer,1,1,0.8590000000000001,0.5630347222222223,0.15555555555555556,0.0,0.0,0.0,0.0,0.0,0.14099999999999968,0.00275567596063103,0.1387499999999997,0.1387499999999997,0.1443749999999996,0.1387499999999997,0.1387499999999997,1.0,0.4,1.0,0.0,0.0,0.0,0.0,0.0,0.11084631039295433,0.00275567596063103,0.10859631039295436,0.10859631039295436,0.11422131039295425,0.10859631039295436,0.10859631039295436,1.0,1.0,0.0,0.0,0.0,0.0,0.0,0.0,0.12290778623577246,0.016531927001757048,0.1114088103929543,0.10859631039295436,0.14296874999999962,0.10859631039295436,0.10859631039295436,1.0,1.0,0.4,0.0,0.0,0.0,0.0,0.0,0.0,0.018092213764227205,0.18092213764227205,0.030153689607045342,0.030153689607045342,0.12290778623577246,0.016531927001757048,0.1114088103929543,0.10859631039295436,0.14296874999999962,0.10859631039295436,0.10859631039295436,1.0,1.0,0.4,0.0,0.0,0.0,0.0,0.0,0.0,0.018092213764227205,0.18092213764227205,0.030153689607045342,0.030153689607045342,0.12290778623577246,0.016531927001757048,0.1114088103929543,0.10859631039295436,0.14296874999999962,0.10859631039295436,0.10859631039295436,1.0,1.0,0.4,0.0,0.0,0.0,0.0,0.0,0.0,0.018092213764227205,0.18092213764227205,0.030153689607045342,0.030153689607045342,0.12290778623577246,0.016531927001757048,0.1114088103929543,0.10859631039295436,0.14296874999999962,0.10859631039295436,0.10859631039295436,1.0,1.0,0.4,0.0,0.0,0.0,0.0,0.0,0.0,0.018092213764227205,0.18092213764227205,0.030153689607045342,0.030153689607045342,1.0,0.6,0.6,0.6,0.6,0.0,0.6,0.4,0.0,0.6,0.4,0.0,0.6,0.4,0.0,0.6,0.4,0.0,0.6,0.0,0.6,0.6,0.6,0.6,0.6,0.0,0.0,0.0,0.0,0.6,0.6,1.0,1.0,1.0,0.6,1.0,1.0,1.0,1.0,1.0,1.0,6,0,0.0,0.0,0.6,0.0,0.0,0.0,0.0,0.0,0.0,0.0,0.0,1.0,0.0,0.0,0.0,0.0,0.0,0.6369652777954726,1.176408038269519e-20,1.176408038269519e-20,0.0,0.05,0.05,0,0,0,0,C1,0.0,0.0,0.12290778623577246,0.4,1.0,0.6,0.0,0.0,0.12290778623577246
phaseflip,dephasing,0.15,2,0.1,10,qiskit_aer,1,1,0.8590000000000001,0.5059305555555557,0.25555555555555554,0.0,0.0,0.0,0.0,0.0,0.14099999999999968,0.00275567596063103,0.1387499999999997,0.1387499999999997,0.1443749999999996,0.1387499999999997,0.1387499999999997,1.0,0.3,1.0,0.0,0.0,0.0,0.0,0.0,0.11084631039295433,0.00275567596063103,0.10859631039295436,0.10859631039295436,0.11422131039295425,0.10859631039295436,0.10859631039295436,1.0,1.0,0.0,0.0,0.0,0.0,0.0,0.0,0.11989241727506793,0.015022433890655924,0.1114088103929543,0.10859631039295436,0.13261782759823834,0.10859631039295436,0.10859631039295436,1.0,1.0,0.3,0.0,0.0,0.0,0.0,0.0,0.0,0.02110758272493174,0.2110758272493174,0.030153689607045342,0.030153689607045342,0.11989241727506793,0.015022433890655924,0.1114088103929543,0.10859631039295436,0.13261782759823834,0.10859631039295436,0.10859631039295436,1.0,1.0,0.3,0.0,0.0,0.0,0.0,0.0,0.0,0.02110758272493174,0.2110758272493174,0.030153689607045342,0.030153689607045342,0.11989241727506793,0.015022433890655924,0.1114088103929543,0.10859631039295436,0.13261782759823834,0.10859631039295436,0.10859631039295436,1.0,1.0,0.3,0.0,0.0,0.0,0.0,0.0,0.0,0.02110758272493174,0.2110758272493174,0.030153689607045342,0.030153689607045342,0.11989241727506793,0.015022433890655924,0.1114088103929543,0.10859631039295436,0.13261782759823834,0.10859631039295436,0.10859631039295436,1.0,1.0,0.3,0.0,0.0,0.0,0.0,0.0,0.0,0.02110758272493174,0.2110758272493174,0.030153689607045342,0.030153689607045342,1.0,0.7,0.7,0.7,0.7,0.0,0.7,0.3,0.0,0.7,0.3,0.0,0.7,0.3,0.0,0.7,0.3,0.0,0.7,0.0,0.7,0.7,0.7,0.7,0.7,0.0,0.0,0.0,0.0,0.7,0.7,1.0,1.0,1.0,0.7,1.0,1.0,1.0,1.0,1.0,1.0,7,0,0.0,0.0,0.7,0.0,0.0,0.0,0.0,0.0,0.0,0.0,0.0,1.0,0.0,0.0,0.0,0.0,0.0,0.8940694444600457,1.3930192973879027e-20,1.3930192973879027e-20,0.0,0.1,0.1,0,0,0,0,C1,0.0,0.0,0.11989241727506793,0.3,1.0,0.7,0.0,0.0,0.11989241727506793
phaseflip,dephasing,0.15,3,0.0,10,qiskit_aer,1,1,0.79834375,0.79834375,0.0,0.0,0.0,0.0,0.0,0.0,0.20165624999999965,0.00604131284883512,0.2033437499999997,0.19553906249999972,0.20692968749999968,0.19293749999999954,0.19293749999999962,1.0,0.8,1.0,0.0,0.0,0.0,0.0,0.0,0.1715025603929543,0.00604131284883512,0.17319006039295437,0.16538537289295438,0.17677599789295434,0.1627838103929542,0.16278381039295428,1.0,1.0,0.0,0.0,0.0,0.0,0.0,0.0,0.19562551207859058,0.014979328638303289,0.2033437499999997,0.19293749999999954,0.20692968749999968,0.16746662289295436,0.16278381039295442,1.0,1.0,0.8,0.0,0.0,0.0,0.0,0.0,0.0,0.006030737921409068,0.060307379214090684,0.030153689607045342,0.030153689607045342,0.19562551207859058,0.014979328638303289,0.2033437499999997,0.19293749999999954,0.20692968749999968,0.16746662289295436,0.16278381039295442,1.0,1.0,0.8,0.0,0.0,0.0,0.0,0.0,0.0,0.006030737921409068,0.060307379214090684,0.030153689607045342,0.030153689607045342,0.19562551207859058,0.014979328638303289,0.2033437499999997,0.19293749999999954,0.20692968749999968,0.16746662289295436,0.16278381039295442,1.0,1.0,0.8,0.0,0.0,0.0,0.0,0.0,0.0,0.006030737921409068,0.060307379214090684,0.030153689607045342,0.030153689607045342,0.19562551207859058,0.014979328638303289,0.2033437499999997,0.19293749999999954,0.20692968749999968,0.16746662289295436,0.16278381039295442,1.0,1.0,0.8,0.0,0.0,0.0,0.0,0.0,0.0,0.006030737921409068,0.060307379214090684,0.030153689607045342,0.030153689607045342,1.0,0.2,0.2,0.2,0.2,0.0,0.2,0.8,0.0,0.2,0.8,0.0,0.2,0.8,0.0,0.2,0.8,0.0,0.2,0.0,0.2,0.2,0.2,0.2,0.2,0.0,0.0,0.0,0.0,0.2,0.2,1.0,1.0,1.0,0.2,1.0,1.0,1.0,1.0,1.0,1.0,2,0,0.0,0.0,0.2,0.0,0.0,0.0,0.0,0.0,0.0,0.0,0.0,1.0,0.0,0.0,0.0,0.0,0.0,-0.39834374999391814,4.332225182367674e-21,4.332225182367674e-21,0.0,0.0,0.0,0,0,0,0,C1,0.0,0.0,0.19562551207859058,0.8,1.0,0.2,0.0,0.0,0.19562551207859058
phaseflip,dephasing,0.15,3,0.01,10,qiskit_aer,1,1,0.79834375,0.638753125,0.02222222222222222,0.0,0.0,0.0,0.0,0.0,0.20165624999999965,0.00604131284883512,0.2033437499999997,0.19553906249999972,0.20692968749999968,0.19293749999999954,0.19293749999999962,1.0,0.8,1.0,0.0,0.0,0.0,0.0,0.0,0.1715025603929543,0.00604131284883512,0.17319006039295437,0.16538537289295438,0.17677599789295434,0.1627838103929542,0.16278381039295428,1.0,1.0,0.0,0.0,0.0,0.0,0.0,0.0,0.19562551207859058,0.014979328638303289,0.2033437499999997,0.19293749999999954,0.20692968749999968,0.16746662289295436,0.16278381039295442,1.0,1.0,0.8,0.0,0.0,0.0,0.0,0.0,0.0,0.006030737921409068,0.060307379214090684,0.030153689607045342,0.030153689607045342,0.19562551207859058,0.014979328638303289,0.2033437499999997,0.19293749999999954,0.20692968749999968,0.16746662289295436,0.16278381039295442,1.0,1.0,0.8,0.0,0.0,0.0,0.0,0.0,0.0,0.006030737921409068,0.060307379214090684,0.030153689607045342,0.030153689607045342,0.19562551207859058,0.014979328638303289,0.2033437499999997,0.19293749999999954,0.20692968749999968,0.16746662289295436,0.16278381039295442,1.0,1.0,0.8,0.0,0.0,0.0,0.0,0.0,0.0,0.006030737921409068,0.060307379214090684,0.030153689607045342,0.030153689607045342,0.19562551207859058,0.014979328638303289,0.2033437499999997,0.19293749999999954,0.20692968749999968,0.16746662289295436,0.16278381039295442,1.0,1.0,0.8,0.0,0.0,0.0,0.0,0.0,0.0,0.006030737921409068,0.060307379214090684,0.030153689607045342,0.030153689607045342,1.0,0.2,0.2,0.2,0.2,0.0,0.2,0.8,0.0,0.2,0.8,0.0,0.2,0.8,0.0,0.2,0.8,0.0,0.2,0.0,0.2,0.2,0.2,0.2,0.2,0.0,0.0,0.0,0.0,0.2,0.2,1.0,1.0,1.0,0.2,1.0,1.0,1.0,1.0,1.0,1.0,2,0,0.0,0.0,0.2,0.0,0.0,0.0,0.0,0.0,0.0,0.0,0.0,1.0,0.0,0.0,0.0,0.0,0.0,-0.2387531249939181,4.332225182367674e-21,4.332225182367674e-21,0.0,0.01,0.01,0,0,0,0,C1,0.0,0.0,0.19562551207859058,0.8,1.0,0.2,0.0,0.0,0.19562551207859058
phaseflip,dephasing,0.15,3,0.03,10,qiskit_aer,1,1,0.79834375,0.6209871527777778,0.04444444444444444,0.0,0.0,0.0,0.0,0.0,0.20165624999999965,0.00604131284883512,0.2033437499999997,0.19553906249999972,0.20692968749999968,0.19293749999999954,0.19293749999999962,1.0,0.8,1.0,0.0,0.0,0.0,0.0,0.0,0.1715025603929543,0.00604131284883512,0.17319006039295437,0.16538537289295438,0.17677599789295434,0.1627838103929542,0.16278381039295428,1.0,1.0,0.0,0.0,0.0,0.0,0.0,0.0,0.19562551207859058,0.014979328638303289,0.2033437499999997,0.19293749999999954,0.20692968749999968,0.16746662289295436,0.16278381039295442,1.0,1.0,0.8,0.0,0.0,0.0,0.0,0.0,0.0,0.006030737921409068,0.060307379214090684,0.030153689607045342,0.030153689607045342,0.19562551207859058,0.014979328638303289,0.2033437499999997,0.19293749999999954,0.20692968749999968,0.16746662289295436,0.16278381039295442,1.0,1.0,0.8,0.0,0.0,0.0,0.0,0.0,0.0,0.006030737921409068,0.060307379214090684,0.030153689607045342,0.030153689607045342,0.19562551207859058,0.014979328638303289,0.2033437499999997,0.19293749999999954,0.20692968749999968,0.16746662289295436,0.16278381039295442,1.0,1.0,0.8,0.0,0.0,0.0,0.0,0.0,0.0,0.006030737921409068,0.060307379214090684,0.030153689607045342,0.030153689607045342,0.19562551207859058,0.014979328638303289,0.2033437499999997,0.19293749999999954,0.20692968749999968,0.16746662289295436,0.16278381039295442,1.0,1.0,0.8,0.0,0.0,0.0,0.0,0.0,0.0,0.006030737921409068,0.060307379214090684,0.030153689607045342,0.030153689607045342,1.0,0.2,0.2,0.2,0.2,0.0,0.2,0.8,0.0,0.2,0.8,0.0,0.2,0.8,0.0,0.2,0.8,0.0,0.2,0.0,0.2,0.2,0.2,0.2,0.2,0.0,0.0,0.0,0.0,0.2,0.2,1.0,1.0,1.0,0.2,1.0,1.0,1.0,1.0,1.0,1.0,2,0,0.0,0.0,0.2,0.0,0.0,0.0,0.0,0.0,0.0,0.0,0.0,1.0,0.0,0.0,0.0,0.0,0.0,-0.22098715277204772,4.332225182367674e-21,4.332225182367674e-21,0.0,0.03,0.03,0,0,0,0,C1,0.0,0.0,0.19562551207859058,0.8,1.0,0.2,0.0,0.0,0.19562551207859058
phaseflip,dephasing,0.15,3,0.05,10,qiskit_aer,1,1,0.79834375,0.6209871527777778,0.07777777777777778,0.0,0.0,0.0,0.0,0.0,0.20165624999999965,0.00604131284883512,0.2033437499999997,0.19553906249999972,0.20692968749999968,0.19293749999999954,0.19293749999999962,1.0,0.6,1.0,0.0,0.0,0.0,0.0,0.0,0.1715025603929543,0.00604131284883512,0.17319006039295437,0.16538537289295438,0.17677599789295434,0.1627838103929542,0.16278381039295428,1.0,1.0,0.0,0.0,0.0,0.0,0.0,0.0,0.1895947741571815,0.01663629002280796,0.19293749999999954,0.17319006039295437,0.20692968749999968,0.16746662289295436,0.16278381039295442,1.0,1.0,0.6,0.0,0.0,0.0,0.0,0.0,0.0,0.012061475842818137,0.12061475842818137,0.030153689607045342,0.030153689607045342,0.1895947741571815,0.01663629002280796,0.19293749999999954,0.17319006039295437,0.20692968749999968,0.16746662289295436,0.16278381039295442,1.0,1.0,0.6,0.0,0.0,0.0,0.0,0.0,0.0,0.012061475842818137,0.12061475842818137,0.030153689607045342,0.030153689607045342,0.1895947741571815,0.01663629002280796,0.19293749999999954,0.17319006039295437,0.20692968749999968,0.16746662289295436,0.16278381039295442,1.0,1.0,0.6,0.0,0.0,0.0,0.0,0.0,0.0,0.012061475842818137,0.12061475842818137,0.030153689607045342,0.030153689607045342,0.1895947741571815,0.01663629002280796,0.19293749999999954,0.17319006039295437,0.20692968749999968,0.16746662289295436,0.16278381039295442,1.0,1.0,0.6,0.0,0.0,0.0,0.0,0.0,0.0,0.012061475842818137,0.12061475842818137,0.030153689607045342,0.030153689607045342,1.0,0.4,0.4,0.4,0.4,0.0,0.4,0.6,0.0,0.4,0.6,0.0,0.4,0.6,0.0,0.4,0.6,0.0,0.4,0.0,0.4,0.4,0.4,0.4,0.4,0.0,0.0,0.0,0.0,0.4,0.4,1.0,1.0,1.0,0.4,1.0,1.0,1.0,1.0,1.0,1.0,4,0,0.0,0.0,0.4,0.0,0.0,0.0,0.0,0.0,0.0,0.0,0.0,1.0,0.0,0.0,0.0,0.0,0.0,0.17901284722793576,6.199260035919686e-21,6.199260035919686e-21,0.0,0.05,0.05,0,0,0,0,C1,0.0,0.0,0.1895947741571815,0.6,1.0,0.4,0.0,0.0,0.1895947741571815
phaseflip,dephasing,0.15,3,0.1,10,qiskit_aer,1,1,0.79834375,0.550279513888889,0.19999999999999998,0.0,0.0,0.0,0.0,0.0,0.20165624999999965,0.00604131284883512,0.2033437499999997,0.19553906249999972,0.20692968749999968,0.19293749999999954,0.19293749999999962,1.0,0.8,1.0,0.0,0.0,0.0,0.0,0.0,0.1715025603929543,0.00604131284883512,0.17319006039295437,0.16538537289295438,0.17677599789295434,0.1627838103929542,0.16278381039295428,1.0,1.0,0.0,0.0,0.0,0.0,0.0,0.0,0.19562551207859058,0.014979328638303289,0.2033437499999997,0.19293749999999954,0.20692968749999968,0.16746662289295436,0.16278381039295442,1.0,1.0,0.8,0.0,0.0,0.0,0.0,0.0,0.0,0.006030737921409068,0.060307379214090684,0.030153689607045342,0.030153689607045342,0.19562551207859058,0.014979328638303289,0.2033437499999997,0.19293749999999954,0.20692968749999968,0.16746662289295436,0.16278381039295442,1.0,1.0,0.8,0.0,0.0,0.0,0.0,0.0,0.0,0.006030737921409068,0.060307379214090684,0.030153689607045342,0.030153689607045342,0.19562551207859058,0.014979328638303289,0.2033437499999997,0.19293749999999954,0.20692968749999968,0.16746662289295436,0.16278381039295442,1.0,1.0,0.8,0.0,0.0,0.0,0.0,0.0,0.0,0.006030737921409068,0.060307379214090684,0.030153689607045342,0.030153689607045342,0.19562551207859058,0.014979328638303289,0.2033437499999997,0.19293749999999954,0.20692968749999968,0.16746662289295436,0.16278381039295442,1.0,1.0,0.8,0.0,0.0,0.0,0.0,0.0,0.0,0.006030737921409068,0.060307379214090684,0.030153689607045342,0.030153689607045342,1.0,0.2,0.2,0.2,0.2,0.0,0.2,0.8,0.0,0.2,0.8,0.0,0.2,0.8,0.0,0.2,0.8,0.0,0.2,0.0,0.2,0.2,0.2,0.2,0.2,0.0,0.0,0.0,0.0,0.2,0.2,1.0,1.0,1.0,0.2,1.0,1.0,1.0,1.0,1.0,1.0,2,0,0.0,0.0,0.2,0.0,0.0,0.0,0.0,0.0,0.0,0.0,0.0,1.0,0.0,0.0,0.0,0.0,0.0,-0.15027951388304708,4.332225182367674e-21,4.332225182367674e-21,0.0,0.1,0.1,0,0,0,0,C1,0.0,0.0,0.19562551207859058,0.8,1.0,0.2,0.0,0.0,0.19562551207859058
phaseflip,dephasing,0.15,4,0.0,10,qiskit_aer,1,1,0.7445260937500001,0.7445260937500001,0.0,0.0,0.0,0.0,0.0,0.0,0.25547390624999966,0.00890263334050704,0.26028046874999966,0.25346718749999964,0.2623124999999996,0.23899687499999966,0.23899687499999966,1.0,1.0,1.0,0.0,0.0,0.0,0.0,0.0,0.2253202166429543,0.00890263334050704,0.23012677914295432,0.2233134978929543,0.23215881039295427,0.20884318539295432,0.20884318539295432,1.0,1.0,0.0,0.0,0.0,0.0,0.0,0.0,0.25547390624999966,0.00890263334050704,0.26028046874999966,0.25346718749999964,0.2623124999999996,0.23899687499999966,0.23899687499999966,1.0,1.0,1.0,0.0,0.0,0.0,0.0,0.0,0.0,0.0,0.0,0.0,0.0,0.25547390624999966,0.00890263334050704,0.26028046874999966,0.25346718749999964,0.2623124999999996,0.23899687499999966,0.23899687499999966,1.0,1.0,1.0,0.0,0.0,0.0,0.0,0.0,0.0,0.0,0.0,0.0,0.0,0.25547390624999966,0.00890263334050704,0.26028046874999966,0.25346718749999964,0.2623124999999996,0.23899687499999966,0.23899687499999966,1.0,1.0,1.0,0.0,0.0,0.0,0.0,0.0,0.0,0.0,0.0,0.0,0.0,0.25547390624999966,0.00890263334050704,0.26028046874999966,0.25346718749999964,0.2623124999999996,0.23899687499999966,0.23899687499999966,1.0,1.0,1.0,0.0,0.0,0.0,0.0,0.0,0.0,0.0,0.0,0.0,0.0,1.0,0.0,0.0,0.0,0.0,0.0,0.0,1.0,0.0,0.0,1.0,0.0,0.0,1.0,0.0,0.0,1.0,0.0,0.0,0.0,0.0,0.0,0.0,0.0,0.0,0.0,0.0,0.0,0.0,0.0,0.0,1.0,1.0,1.0,0.0,0.0,0.0,0.0,0.0,0.0,0.0,0,0,0.0,0.0,0.0,0.0,0.0,0.0,0.0,0.0,0.0,0.0,0.0,1.0,0.0,0.0,0.0,0.0,0.0,-0.7445260937487248,0.0,0.0,0.0,0.0,0.0,0,0,0,0,C1,0.0,0.0,0.25547390624999966,1.0,1.0,0.0,0.0,0.0,0.25547390624999966
phaseflip,dephasing,0.15,4,0.01,10,qiskit_aer,1,1,0.7445260937500001,0.562415763888889,0.02222222222222222,0.0,0.0,0.0,0.0,0.0,0.25547390624999966,0.00890263334050704,0.26028046874999966,0.25346718749999964,0.2623124999999996,0.23899687499999966,0.23899687499999966,1.0,1.0,1.0,0.0,0.0,0.0,0.0,0.0,0.2253202166429543,0.00890263334050704,0.23012677914295432,0.2233134978929543,0.23215881039295427,0.20884318539295432,0.20884318539295432,1.0,1.0,0.0,0.0,0.0,0.0,0.0,0.0,0.25547390624999966,0.00890263334050704,0.26028046874999966,0.25346718749999964,0.2623124999999996,0.23899687499999966,0.23899687499999966,1.0,1.0,1.0,0.0,0.0,0.0,0.0,0.0,0.0,0.0,0.0,0.0,0.0,0.25547390624999966,0.00890263334050704,0.26028046874999966,0.25346718749999964,0.2623124999999996,0.23899687499999966,0.23899687499999966,1.0,1.0,1.0,0.0,0.0,0.0,0.0,0.0,0.0,0.0,0.0,0.0,0.0,0.25547390624999966,0.00890263334050704,0.26028046874999966,0.25346718749999964,0.2623124999999996,0.23899687499999966,0.23899687499999966,1.0,1.0,1.0,0.0,0.0,0.0,0.0,0.0,0.0,0.0,0.0,0.0,0.0,0.25547390624999966,0.00890263334050704,0.26028046874999966,0.25346718749999964,0.2623124999999996,0.23899687499999966,0.23899687499999966,1.0,1.0,1.0,0.0,0.0,0.0,0.0,0.0,0.0,0.0,0.0,0.0,0.0,1.0,0.0,0.0,0.0,0.0,0.0,0.0,1.0,0.0,0.0,1.0,0.0,0.0,1.0,0.0,0.0,1.0,0.0,0.0,0.0,0.0,0.0,0.0,0.0,0.0,0.0,0.0,0.0,0.0,0.0,0.0,1.0,1.0,1.0,0.0,0.0,0.0,0.0,0.0,0.0,0.0,0,0,0.0,0.0,0.0,0.0,0.0,0.0,0.0,0.0,0.0,0.0,0.0,1.0,0.0,0.0,0.0,0.0,0.0,-0.5624157638876136,0.0,0.0,0.0,0.01,0.01,0,0,0,0,C1,0.0,0.0,0.25547390624999966,1.0,1.0,0.0,0.0,0.0,0.25547390624999966
phaseflip,dephasing,0.15,4,0.03,10,qiskit_aer,1,1,0.7445260937500001,0.562156701388889,0.04444444444444444,0.0,0.0,0.0,0.0,0.0,0.25547390624999966,0.00890263334050704,0.26028046874999966,0.25346718749999964,0.2623124999999996,0.23899687499999966,0.23899687499999966,1.0,1.0,1.0,0.0,0.0,0.0,0.0,0.0,0.2253202166429543,0.00890263334050704,0.23012677914295432,0.2233134978929543,0.23215881039295427,0.20884318539295432,0.20884318539295432,1.0,1.0,0.0,0.0,0.0,0.0,0.0,0.0,0.25547390624999966,0.00890263334050704,0.26028046874999966,0.25346718749999964,0.2623124999999996,0.23899687499999966,0.23899687499999966,1.0,1.0,1.0,0.0,0.0,0.0,0.0,0.0,0.0,0.0,0.0,0.0,0.0,0.25547390624999966,0.00890263334050704,0.26028046874999966,0.25346718749999964,0.2623124999999996,0.23899687499999966,0.23899687499999966,1.0,1.0,1.0,0.0,0.0,0.0,0.0,0.0,0.0,0.0,0.0,0.0,0.0,0.25547390624999966,0.00890263334050704,0.26028046874999966,0.25346718749999964,0.2623124999999996,0.23899687499999966,0.23899687499999966,1.0,1.0,1.0,0.0,0.0,0.0,0.0,0.0,0.0,0.0,0.0,0.0,0.0,0.25547390624999966,0.00890263334050704,0.26028046874999966,0.25346718749999964,0.2623124999999996,0.23899687499999966,0.23899687499999966,1.0,1.0,1.0,0.0,0.0,0.0,0.0,0.0,0.0,0.0,0.0,0.0,0.0,1.0,0.0,0.0,0.0,0.0,0.0,0.0,1.0,0.0,0.0,1.0,0.0,0.0,1.0,0.0,0.0,1.0,0.0,0.0,0.0,0.0,0.0,0.0,0.0,0.0,0.0,0.0,0.0,0.0,0.0,0.0,1.0,1.0,1.0,0.0,0.0,0.0,0.0,0.0,0.0,0.0,0,0,0.0,0.0,0.0,0.0,0.0,0.0,0.0,0.0,0.0,0.0,0.0,1.0,0.0,0.0,0.0,0.0,0.0,-0.5621567013877102,0.0,0.0,0.0,0.03,0.03,0,0,0,0,C1,0.0,0.0,0.25547390624999966,1.0,1.0,0.0,0.0,0.0,0.25547390624999966
phaseflip,dephasing,0.15,4,0.05,10,qiskit_aer,1,1,0.7445260937500001,0.5703532291666668,0.07777777777777778,0.0,0.0,0.0,0.0,0.0,0.25547390624999966,0.00890263334050704,0.26028046874999966,0.25346718749999964,0.2623124999999996,0.23899687499999966,0.23899687499999966,1.0,1.0,1.0,0.0,0.0,0.0,0.0,0.0,0.2253202166429543,0.00890263334050704,0.23012677914295432,0.2233134978929543,0.23215881039295427,0.20884318539295432,0.20884318539295432,1.0,1.0,0.0,0.0,0.0,0.0,0.0,0.0,0.25547390624999966,0.00890263334050704,0.26028046874999966,0.25346718749999964,0.2623124999999996,0.23899687499999966,0.23899687499999966,1.0,1.0,1.0,0.0,0.0,0.0,0.0,0.0,0.0,0.0,0.0,0.0,0.0,0.25547390624999966,0.00890263334050704,0.26028046874999966,0.25346718749999964,0.2623124999999996,0.23899687499999966,0.23899687499999966,1.0,1.0,1.0,0.0,0.0,0.0,0.0,0.0,0.0,0.0,0.0,0.0,0.0,0.25547390624999966,0.00890263334050704,0.26028046874999966,0.25346718749999964,0.2623124999999996,0.23899687499999966,0.23899687499999966,1.0,1.0,1.0,0.0,0.0,0.0,0.0,0.0,0.0,0.0,0.0,0.0,0.0,0.25547390624999966,0.00890263334050704,0.26028046874999966,0.25346718749999964,0.2623124999999996,0.23899687499999966,0.23899687499999966,1.0,1.0,1.0,0.0,0.0,0.0,0.0,0.0,0.0,0.0,0.0,0.0,0.0,1.0,0.0,0.0,0.0,0.0,0.0,0.0,1.0,0.0,0.0,1.0,0.0,0.0,1.0,0.0,0.0,1.0,0.0,0.0,0.0,0.0,0.0,0.0,0.0,0.0,0.0,0.0,0.0,0.0,0.0,0.0,1.0,1.0,1.0,0.0,0.0,0.0,0.0,0.0,0.0,0.0,0,0,0.0,0.0,0.0,0.0,0.0,0.0,0.0,0.0,0.0,0.0,0.0,1.0,0.0,0.0,0.0,0.0,0.0,-0.5703532291655845,0.0,0.0,0.0,0.05,0.05,0,0,0,0,C1,0.0,0.0,0.25547390624999966,1.0,1.0,0.0,0.0,0.0,0.25547390624999966
phaseflip,dephasing,0.15,4,0.1,10,qiskit_aer,1,1,0.7445260937500001,0.5130931597222224,0.19999999999999998,0.0,0.0,0.0,0.0,0.0,0.25547390624999966,0.00890263334050704,0.26028046874999966,0.25346718749999964,0.2623124999999996,0.23899687499999966,0.23899687499999966,1.0,1.0,1.0,0.0,0.0,0.0,0.0,0.0,0.2253202166429543,0.00890263334050704,0.23012677914295432,0.2233134978929543,0.23215881039295427,0.20884318539295432,0.20884318539295432,1.0,1.0,0.0,0.0,0.0,0.0,0.0,0.0,0.25547390624999966,0.00890263334050704,0.26028046874999966,0.25346718749999964,0.2623124999999996,0.23899687499999966,0.23899687499999966,1.0,1.0,1.0,0.0,0.0,0.0,0.0,0.0,0.0,0.0,0.0,0.0,0.0,0.25547390624999966,0.00890263334050704,0.26028046874999966,0.25346718749999964,0.2623124999999996,0.23899687499999966,0.23899687499999966,1.0,1.0,1.0,0.0,0.0,0.0,0.0,0.0,0.0,0.0,0.0,0.0,0.0,0.25547390624999966,0.00890263334050704,0.26028046874999966,0.25346718749999964,0.2623124999999996,0.23899687499999966,0.23899687499999966,1.0,1.0,1.0,0.0,0.0,0.0,0.0,0.0,0.0,0.0,0.0,0.0,0.0,0.25547390624999966,0.00890263334050704,0.26028046874999966,0.25346718749999964,0.2623124999999996,0.23899687499999966,0.23899687499999966,1.0,1.0,1.0,0.0,0.0,0.0,0.0,0.0,0.0,0.0,0.0,0.0,0.0,1.0,0.0,0.0,0.0,0.0,0.0,0.0,1.0,0.0,0.0,1.0,0.0,0.0,1.0,0.0,0.0,1.0,0.0,0.0,0.0,0.0,0.0,0.0,0.0,0.0,0.0,0.0,0.0,0.0,0.0,0.0,1.0,1.0,1.0,0.0,0.0,0.0,0.0,0.0,0.0,0.0,0,0,0.0,0.0,0.0,0.0,0.0,0.0,0.0,0.0,0.0,0.0,0.0,1.0,0.0,0.0,0.0,0.0,0.0,-0.5130931597212366,0.0,0.0,0.0,0.1,0.1,0,0,0,0,C1,0.0,0.0,0.25547390624999966,1.0,1.0,0.0,0.0,0.0,0.25547390624999966
phaseflip,dephasing,0.2,1,0.0,10,qiskit_aer,1,1,0.9000000000000001,0.9000000000000001,0.0,0.0,1.0,1.0,0.0,0.0,0.09999999999999964,0.0,0.09999999999999964,0.09999999999999964,0.09999999999999964,0.09999999999999964,0.09999999999999964,1.0,0.8,1.0,0.2,0.0,0.0,0.0,0.0,0.0698463103929543,0.0,0.0698463103929543,0.0698463103929543,0.0698463103929543,0.0698463103929543,0.0698463103929543,1.0,1.0,0.0,0.0,0.0,1.0,1.0,1.0,0.0698463103929543,0.0,0.0698463103929543,0.0698463103929543,0.0698463103929543,0.0698463103929543,0.0698463103929543,1.0,1.0,0.0,0.0,0.0,1.0,1.0,1.0,0.0,0.030153689607045342,0.3015368960704534,0.030153689607045342,0.030153689607045342,0.09396926207859058,0.012061475842818137,0.09999999999999964,0.09999999999999964,0.09999999999999964,0.0698463103929543,0.0698463103929543,1.0,1.0,0.8,0.0,0.0,0.2,0.2,0.2,0.0,0.006030737921409068,0.060307379214090684,0.030153689607045342,0.030153689607045342,0.09396926207859058,0.012061475842818137,0.09999999999999964,0.09999999999999964,0.09999999999999964,0.0698463103929543,0.0698463103929543,1.0,1.0,0.8,0.0,0.0,0.2,0.2,0.2,0.0,0.006030737921409068,0.060307379214090684,0.030153689607045342,0.030153689607045342,0.09396926207859058,0.012061475842818137,0.09999999999999964,0.09999999999999964,0.09999999999999964,0.0698463103929543,0.0698463103929543,1.0,1.0,0.8,0.0,0.0,0.2,0.2,0.2,0.0,0.006030737921409068,0.060307379214090684,0.030153689607045342,0.030153689607045342,1.0,1.0,0.2,0.2,0.2,0.0,1.0,0.0,1.0,0.2,1.0,1.0,0.2,1.0,1.0,0.2,1.0,1.0,0.2,0.8,0.2,0.2,0.2,0.2,0.2,0.0,0.0,0.0,0.0,0.2,0.2,1.0,1.0,1.0,0.2,1.0,1.0,1.0,1.0,1.0,1.0,2,0,0.0,0.0,0.2,0.0,0.0,0.0,0.0,0.0,0.0,0.0,0.0,1.0,0.0,0.0,0.0,0.0,0.0,-0.49999999989806265,0.003286840215485658,0.003286840215485658,0.0,0.0,0.0,0,0,0,0,C2,0.0,0.0,0.09396926207859058,0.8,1.0,0.2,0.0,0.0,0.09396926207859058
phaseflip,dephasing,0.2,1,0.01,10,qiskit_aer,1,1,0.9000000000000001,0.6900000000000001,0.03333333333333333,0.0,0.0,1.0,0.0,0.0,0.09999999999999964,0.0,0.09999999999999964,0.09999999999999964,0.09999999999999964,0.09999999999999964,0.09999999999999964,1.0,0.8,1.0,0.0,0.0,0.0,0.0,0.0,0.0698463103929543,0.0,0.0698463103929543,0.0698463103929543,0.0698463103929543,0.0698463103929543,0.0698463103929543,1.0,1.0,0.0,0.0,0.0,0.0,0.0,1.0,0.09396926207859058,0.012061475842818137,0.09999999999999964,0.09999999999999964,0.09999999999999964,0.0698463103929543,0.0698463103929543,1.0,1.0,0.8,0.0,0.0,0.0,0.0,0.2,0.0,0.006030737921409068,0.060307379214090684,0.030153689607045342,0.030153689607045342,0.09396926207859058,0.012061475842818137,0.09999999999999964,0.09999999999999964,0.09999999999999964,0.0698463103929543,0.0698463103929543,1.0,1.0,0.8,0.0,0.0,0.0,0.0,0.2,0.0,0.006030737921409068,0.060307379214090684,0.030153689607045342,0.030153689607045342,0.09396926207859058,0.012061475842818137,0.09999999999999964,0.09999999999999964,0.09999999999999964,0.0698463103929543,0.0698463103929543,1.0,1.0,0.8,0.0,0.0,0.0,0.0,0.2,0.0,0.006030737921409068,0.060307379214090684,0.030153689607045342,0.030153689607045342,0.09396926207859058,0.012061475842818137,0.09999999999999964,0.09999999999999964,0.09999999999999964,0.0698463103929543,0.0698463103929543,1.0,1.0,0.8,0.0,0.0,0.0,0.0,0.2,0.0,0.006030737921409068,0.060307379214090684,0.030153689607045342,0.030153689607045342,1.0,0.2,0.2,0.2,0.2,0.0,0.2,0.8,0.0,0.2,0.8,0.0,0.2,0.8,0.0,0.2,0.8,0.0,0.2,0.0,0.2,0.2,0.2,0.2,0.2,0.0,0.0,0.0,0.0,0.2,0.2,1.0,1.0,1.0,0.2,1.0,1.0,1.0,1.0,1.0,1.0,2,0,0.0,0.0,0.2,0.0,0.0,0.0,0.0,0.0,0.0,0.0,0.0,1.0,0.0,0.0,0.0,0.0,0.0,-0.2899999998980625,0.003286840215485658,0.003286840215485658,0.0,0.01,0.01,0,0,0,0,C1,0.0,0.0,0.09396926207859058,0.8,1.0,0.2,0.0,0.0,0.09396926207859058
phaseflip,dephasing,0.2,1,0.03,10,qiskit_aer,1,1,0.9000000000000001,0.6200000000000001,0.1111111111111111,0.0,0.0,1.0,0.0,0.0,0.09999999999999964,0.0,0.09999999999999964,0.09999999999999964,0.09999999999999964,0.09999999999999964,0.09999999999999964,1.0,0.8,1.0,0.0,0.0,0.0,0.0,0.0,0.0698463103929543,0.0,0.0698463103929543,0.0698463103929543,0.0698463103929543,0.0698463103929543,0.0698463103929543,1.0,1.0,0.0,0.0,0.0,0.0,0.0,1.0,0.09396926207859058,0.012061475842818137,0.09999999999999964,0.09999999999999964,0.09999999999999964,0.0698463103929543,0.0698463103929543,1.0,1.0,0.8,0.0,0.0,0.0,0.0,0.2,0.0,0.006030737921409068,0.060307379214090684,0.030153689607045342,0.030153689607045342,0.09396926207859058,0.012061475842818137,0.09999999999999964,0.09999999999999964,0.09999999999999964,0.0698463103929543,0.0698463103929543,1.0,1.0,0.8,0.0,0.0,0.0,0.0,0.2,0.0,0.006030737921409068,0.060307379214090684,0.030153689607045342,0.030153689607045342,0.09396926207859058,0.012061475842818137,0.09999999999999964,0.09999999999999964,0.09999999999999964,0.0698463103929543,0.0698463103929543,1.0,1.0,0.8,0.0,0.0,0.0,0.0,0.2,0.0,0.006030737921409068,0.060307379214090684,0.030153689607045342,0.030153689607045342,0.09396926207859058,0.012061475842818137,0.09999999999999964,0.09999999999999964,0.09999999999999964,0.0698463103929543,0.0698463103929543,1.0,1.0,0.8,0.0,0.0,0.0,0.0,0.2,0.0,0.006030737921409068,0.060307379214090684,0.030153689607045342,0.030153689607045342,1.0,0.2,0.2,0.2,0.2,0.0,0.2,0.8,0.0,0.2,0.8,0.0,0.2,0.8,0.0,0.2,0.8,0.0,0.2,0.0,0.2,0.2,0.2,0.2,0.2,0.0,0.0,0.0,0.0,0.2,0.2,1.0,1.0,1.0,0.2,1.0,1.0,1.0,1.0,1.0,1.0,2,0,0.0,0.0,0.2,0.0,0.0,0.0,0.0,0.0,0.0,0.0,0.0,1.0,0.0,0.0,0.0,0.0,0.0,-0.2199999998980625,0.003286840215485658,0.003286840215485658,0.0,0.03,0.03,0,0,0,0,C1,0.0,0.0,0.09396926207859058,0.8,1.0,0.2,0.0,0.0,0.09396926207859058
phaseflip,dephasing,0.2,1,0.05,10,qiskit_aer,1,1,0.9000000000000001,0.6000000000000001,0.15555555555555556,0.0,0.0,1.0,0.0,0.0,0.09999999999999964,0.0,0.09999999999999964,0.09999999999999964,0.09999999999999964,0.09999999999999964,0.09999999999999964,1.0,0.8,1.0,0.0,0.0,0.0,0.0,0.0,0.0698463103929543,0.0,0.0698463103929543,0.0698463103929543,0.0698463103929543,0.0698463103929543,0.0698463103929543,1.0,1.0,0.0,0.0,0.0,0.0,0.0,1.0,0.09396926207859058,0.012061475842818137,0.09999999999999964,0.09999999999999964,0.09999999999999964,0.0698463103929543,0.0698463103929543,1.0,1.0,0.8,0.0,0.0,0.0,0.0,0.2,0.0,0.006030737921409068,0.060307379214090684,0.030153689607045342,0.030153689607045342,0.09396926207859058,0.012061475842818137,0.09999999999999964,0.09999999999999964,0.09999999999999964,0.0698463103929543,0.0698463103929543,1.0,1.0,0.8,0.0,0.0,0.0,0.0,0.2,0.0,0.006030737921409068,0.060307379214090684,0.030153689607045342,0.030153689607045342,0.09396926207859058,0.012061475842818137,0.09999999999999964,0.09999999999999964,0.09999999999999964,0.0698463103929543,0.0698463103929543,1.0,1.0,0.8,0.0,0.0,0.0,0.0,0.2,0.0,0.006030737921409068,0.060307379214090684,0.030153689607045342,0.030153689607045342,0.09396926207859058,0.012061475842818137,0.09999999999999964,0.09999999999999964,0.09999999999999964,0.0698463103929543,0.0698463103929543,1.0,1.0,0.8,0.0,0.0,0.0,0.0,0.2,0.0,0.006030737921409068,0.060307379214090684,0.030153689607045342,0.030153689607045342,1.0,0.2,0.2,0.2,0.2,0.0,0.2,0.8,0.0,0.2,0.8,0.0,0.2,0.8,0.0,0.2,0.8,0.0,0.2,0.0,0.2,0.2,0.2,0.2,0.2,0.0,0.0,0.0,0.0,0.2,0.2,1.0,1.0,1.0,0.2,1.0,1.0,1.0,1.0,1.0,1.0,2,0,0.0,0.0,0.2,0.0,0.0,0.0,0.0,0.0,0.0,0.0,0.0,1.0,0.0,0.0,0.0,0.0,0.0,-0.1999999998980625,0.003286840215485658,0.003286840215485658,0.0,0.05,0.05,0,0,0,0,C1,0.0,0.0,0.09396926207859058,0.8,1.0,0.2,0.0,0.0,0.09396926207859058
phaseflip,dephasing,0.2,1,0.1,10,qiskit_aer,1,1,0.9000000000000001,0.54,0.25555555555555554,0.0,0.0,1.0,0.0,0.0,0.09999999999999964,0.0,0.09999999999999964,0.09999999999999964,0.09999999999999964,0.09999999999999964,0.09999999999999964,1.0,0.8,1.0,0.0,0.0,0.0,0.0,0.0,0.0698463103929543,0.0,0.0698463103929543,0.0698463103929543,0.0698463103929543,0.0698463103929543,0.0698463103929543,1.0,1.0,0.0,0.0,0.0,0.0,0.0,1.0,0.09396926207859058,0.012061475842818137,0.09999999999999964,0.09999999999999964,0.09999999999999964,0.0698463103929543,0.0698463103929543,1.0,1.0,0.8,0.0,0.0,0.0,0.0,0.2,0.0,0.006030737921409068,0.060307379214090684,0.030153689607045342,0.030153689607045342,0.09396926207859058,0.012061475842818137,0.09999999999999964,0.09999999999999964,0.09999999999999964,0.0698463103929543,0.0698463103929543,1.0,1.0,0.8,0.0,0.0,0.0,0.0,0.2,0.0,0.006030737921409068,0.060307379214090684,0.030153689607045342,0.030153689607045342,0.09396926207859058,0.012061475842818137,0.09999999999999964,0.09999999999999964,0.09999999999999964,0.0698463103929543,0.0698463103929543,1.0,1.0,0.8,0.0,0.0,0.0,0.0,0.2,0.0,0.006030737921409068,0.060307379214090684,0.030153689607045342,0.030153689607045342,0.09396926207859058,0.012061475842818137,0.09999999999999964,0.09999999999999964,0.09999999999999964,0.0698463103929543,0.0698463103929543,1.0,1.0,0.8,0.0,0.0,0.0,0.0,0.2,0.0,0.006030737921409068,0.060307379214090684,0.030153689607045342,0.030153689607045342,1.0,0.2,0.2,0.2,0.2,0.0,0.2,0.8,0.0,0.2,0.8,0.0,0.2,0.8,0.0,0.2,0.8,0.0,0.2,0.0,0.2,0.2,0.2,0.2,0.2,0.0,0.0,0.0,0.0,0.2,0.2,1.0,1.0,1.0,0.2,1.0,1.0,1.0,1.0,1.0,1.0,2,0,0.0,0.0,0.2,0.0,0.0,0.0,0.0,0.0,0.0,0.0,0.0,1.0,0.0,0.0,0.0,0.0,0.0,-0.13999999989806247,0.003286840215485658,0.003286840215485658,0.0,0.1,0.1,0,0,0,0,C1,0.0,0.0,0.09396926207859058,0.8,1.0,0.2,0.0,0.0,0.09396926207859058
phaseflip,dephasing,0.2,2,0.0,10,qiskit_aer,1,1,0.8160000000000001,0.8160000000000001,0.0,0.0,0.0,0.0,0.0,0.0,0.1839999999999997,0.00489897948556632,0.17999999999999972,0.17999999999999972,0.1899999999999996,0.17999999999999972,0.17999999999999972,1.0,0.7,1.0,0.0,0.0,0.0,0.0,0.0,0.15384631039295435,0.00489897948556632,0.14984631039295437,0.14984631039295437,0.15984631039295427,0.14984631039295437,0.14984631039295437,1.0,1.0,0.0,0.0,0.0,0.0,0.0,0.0,0.1749538931178861,0.01695023021701166,0.17999999999999972,0.1573847327947157,0.1899999999999996,0.14984631039295437,0.14984631039295437,1.0,1.0,0.7,0.0,0.0,0.0,0.0,0.0,0.0,0.009046106882113603,0.09046106882113603,0.030153689607045342,0.030153689607045342,0.1749538931178861,0.01695023021701166,0.17999999999999972,0.1573847327947157,0.1899999999999996,0.14984631039295437,0.14984631039295437,1.0,1.0,0.7,0.0,0.0,0.0,0.0,0.0,0.0,0.009046106882113603,0.09046106882113603,0.030153689607045342,0.030153689607045342,0.1749538931178861,0.01695023021701166,0.17999999999999972,0.1573847327947157,0.1899999999999996,0.14984631039295437,0.14984631039295437,1.0,1.0,0.7,0.0,0.0,0.0,0.0,0.0,0.0,0.009046106882113603,0.09046106882113603,0.030153689607045342,0.030153689607045342,0.1749538931178861,0.01695023021701166,0.17999999999999972,0.1573847327947157,0.1899999999999996,0.14984631039295437,0.14984631039295437,1.0,1.0,0.7,0.0,0.0,0.0,0.0,0.0,0.0,0.009046106882113603,0.09046106882113603,0.030153689607045342,0.030153689607045342,1.0,0.3,0.3,0.3,0.3,0.0,0.3,0.7,0.0,0.3,0.7,0.0,0.3,0.7,0.0,0.3,0.7,0.0,0.3,0.0,0.3,0.3,0.3,0.3,0.3,0.0,0.0,0.0,0.0,0.3,0.3,1.0,1.0,1.0,0.3,1.0,1.0,1.0,1.0,1.0,1.0,3,0,0.0,0.0,0.3,0.0,0.0,0.0,0.0,0.0,0.0,0.0,0.0,1.0,0.0,0.0,0.0,0.0,0.0,-0.2159999999915073,6.498337773551511e-21,6.498337773551511e-21,0.0,0.0,0.0,0,0,0,0,C1,0.0,0.0,0.1749538931178861,0.7,1.0,0.3,0.0,0.0,0.1749538931178861
phaseflip,dephasing,0.2,2,0.01,10,qiskit_aer,1,1,0.8160000000000001,0.562,0.03333333333333333,0.0,0.0,0.0,0.0,0.0,0.1839999999999997,0.00489897948556632,0.17999999999999972,0.17999999999999972,0.1899999999999996,0.17999999999999972,0.17999999999999972,1.0,0.7,1.0,0.0,0.0,0.0,0.0,0.0,0.15384631039295435,0.00489897948556632,0.14984631039295437,0.14984631039295437,0.15984631039295427,0.14984631039295437,0.14984631039295437,1.0,1.0,0.0,0.0,0.0,0.0,0.0,0.0,0.1749538931178861,0.01695023021701166,0.17999999999999972,0.1573847327947157,0.1899999999999996,0.14984631039295437,0.14984631039295437,1.0,1.0,0.7,0.0,0.0,0.0,0.0,0.0,0.0,0.009046106882113603,0.09046106882113603,0.030153689607045342,0.030153689607045342,0.1749538931178861,0.01695023021701166,0.17999999999999972,0.1573847327947157,0.1899999999999996,0.14984631039295437,0.14984631039295437,1.0,1.0,0.7,0.0,0.0,0.0,0.0,0.0,0.0,0.009046106882113603,0.09046106882113603,0.030153689607045342,0.030153689607045342,0.1749538931178861,0.01695023021701166,0.17999999999999972,0.1573847327947157,0.1899999999999996,0.14984631039295437,0.14984631039295437,1.0,1.0,0.7,0.0,0.0,0.0,0.0,0.0,0.0,0.009046106882113603,0.09046106882113603,0.030153689607045342,0.030153689607045342,0.1749538931178861,0.01695023021701166,0.17999999999999972,0.1573847327947157,0.1899999999999996,0.14984631039295437,0.14984631039295437,1.0,1.0,0.7,0.0,0.0,0.0,0.0,0.0,0.0,0.009046106882113603,0.09046106882113603,0.030153689607045342,0.030153689607045342,1.0,0.3,0.3,0.3,0.3,0.0,0.3,0.7,0.0,0.3,0.7,0.0,0.3,0.7,0.0,0.3,0.7,0.0,0.3,0.0,0.3,0.3,0.3,0.3,0.3,0.0,0.0,0.0,0.0,0.3,0.3,1.0,1.0,1.0,0.3,1.0,1.0,1.0,1.0,1.0,1.0,3,0,0.0,0.0,0.3,0.0,0.0,0.0,0.0,0.0,0.0,0.0,0.0,1.0,0.0,0.0,0.0,0.0,0.0,0.03800000000820166,6.498337773551511e-21,6.498337773551511e-21,0.0,0.01,0.01,0,0,0,0,C1,0.0,0.0,0.1749538931178861,0.7,1.0,0.3,0.0,0.0,0.1749538931178861
phaseflip,dephasing,0.2,2,0.03,10,qiskit_aer,1,1,0.8160000000000001,0.5075555555555555,0.1111111111111111,0.0,0.0,0.0,0.0,0.0,0.1839999999999997,0.00489897948556632,0.17999999999999972,0.17999999999999972,0.1899999999999996,0.17999999999999972,0.17999999999999972,1.0,0.7,1.0,0.0,0.0,0.0,0.0,0.0,0.15384631039295435,0.00489897948556632,0.14984631039295437,0.14984631039295437,0.15984631039295427,0.14984631039295437,0.14984631039295437,1.0,1.0,0.0,0.0,0.0,0.0,0.0,0.0,0.1749538931178861,0.01695023021701166,0.17999999999999972,0.1573847327947157,0.1899999999999996,0.14984631039295437,0.14984631039295437,1.0,1.0,0.7,0.0,0.0,0.0,0.0,0.0,0.0,0.009046106882113603,0.09046106882113603,0.030153689607045342,0.030153689607045342,0.1749538931178861,0.01695023021701166,0.17999999999999972,0.1573847327947157,0.1899999999999996,0.14984631039295437,0.14984631039295437,1.0,1.0,0.7,0.0,0.0,0.0,0.0,0.0,0.0,0.009046106882113603,0.09046106882113603,0.030153689607045342,0.030153689607045342,0.1749538931178861,0.01695023021701166,0.17999999999999972,0.1573847327947157,0.1899999999999996,0.14984631039295437,0.14984631039295437,1.0,1.0,0.7,0.0,0.0,0.0,0.0,0.0,0.0,0.009046106882113603,0.09046106882113603,0.030153689607045342,0.030153689607045342,0.1749538931178861,0.01695023021701166,0.17999999999999972,0.1573847327947157,0.1899999999999996,0.14984631039295437,0.14984631039295437,1.0,1.0,0.7,0.0,0.0,0.0,0.0,0.0,0.0,0.009046106882113603,0.09046106882113603,0.030153689607045342,0.030153689607045342,1.0,0.3,0.3,0.3,0.3,0.0,0.3,0.7,0.0,0.3,0.7,0.0,0.3,0.7,0.0,0.3,0.7,0.0,0.3,0.0,0.3,0.3,0.3,0.3,0.3,0.0,0.0,0.0,0.0,0.3,0.3,1.0,1.0,1.0,0.3,1.0,1.0,1.0,1.0,1.0,1.0,3,0,0.0,0.0,0.3,0.0,0.0,0.0,0.0,0.0,0.0,0.0,0.0,1.0,0.0,0.0,0.0,0.0,0.0,0.09244444445264609,6.498337773551511e-21,6.498337773551511e-21,0.0,0.03,0.03,0,0,0,0,C1,0.0,0.0,0.1749538931178861,0.7,1.0,0.3,0.0,0.0,0.1749538931178861
phaseflip,dephasing,0.2,2,0.05,10,qiskit_aer,1,1,0.8160000000000001,0.48933333333333334,0.15555555555555556,0.0,0.0,0.0,0.0,0.0,0.1839999999999997,0.00489897948556632,0.17999999999999972,0.17999999999999972,0.1899999999999996,0.17999999999999972,0.17999999999999972,1.0,0.7,1.0,0.0,0.0,0.0,0.0,0.0,0.15384631039295435,0.00489897948556632,0.14984631039295437,0.14984631039295437,0.15984631039295427,0.14984631039295437,0.14984631039295437,1.0,1.0,0.0,0.0,0.0,0.0,0.0,0.0,0.1749538931178861,0.01695023021701166,0.17999999999999972,0.1573847327947157,0.1899999999999996,0.14984631039295437,0.14984631039295437,1.0,1.0,0.7,0.0,0.0,0.0,0.0,0.0,0.0,0.009046106882113603,0.09046106882113603,0.030153689607045342,0.030153689607045342,0.1749538931178861,0.01695023021701166,0.17999999999999972,0.1573847327947157,0.1899999999999996,0.14984631039295437,0.14984631039295437,1.0,1.0,0.7,0.0,0.0,0.0,0.0,0.0,0.0,0.009046106882113603,0.09046106882113603,0.030153689607045342,0.030153689607045342,0.1749538931178861,0.01695023021701166,0.17999999999999972,0.1573847327947157,0.1899999999999996,0.14984631039295437,0.14984631039295437,1.0,1.0,0.7,0.0,0.0,0.0,0.0,0.0,0.0,0.009046106882113603,0.09046106882113603,0.030153689607045342,0.030153689607045342,0.1749538931178861,0.01695023021701166,0.17999999999999972,0.1573847327947157,0.1899999999999996,0.14984631039295437,0.14984631039295437,1.0,1.0,0.7,0.0,0.0,0.0,0.0,0.0,0.0,0.009046106882113603,0.09046106882113603,0.030153689607045342,0.030153689607045342,1.0,0.3,0.3,0.3,0.3,0.0,0.3,0.7,0.0,0.3,0.7,0.0,0.3,0.7,0.0,0.3,0.7,0.0,0.3,0.0,0.3,0.3,0.3,0.3,0.3,0.0,0.0,0.0,0.0,0.3,0.3,1.0,1.0,1.0,0.3,1.0,1.0,1.0,1.0,1.0,1.0,3,0,0.0,0.0,0.3,0.0,0.0,0.0,0.0,0.0,0.0,0.0,0.0,1.0,0.0,0.0,0.0,0.0,0.0,0.1106666666754506,6.498337773551511e-21,6.498337773551511e-21,0.0,0.05,0.05,0,0,0,0,C1,0.0,0.0,0.1749538931178861,0.7,1.0,0.3,0.0,0.0,0.1749538931178861
phaseflip,dephasing,0.2,2,0.1,10,qiskit_aer,1,1,0.8160000000000001,0.43522222222222223,0.25555555555555554,0.0,0.0,0.0,0.0,0.0,0.1839999999999997,0.00489897948556632,0.17999999999999972,0.17999999999999972,0.1899999999999996,0.17999999999999972,0.17999999999999972,1.0,0.7,1.0,0.0,0.0,0.0,0.0,0.0,0.15384631039295435,0.00489897948556632,0.14984631039295437,0.14984631039295437,0.15984631039295427,0.14984631039295437,0.14984631039295437,1.0,1.0,0.0,0.0,0.0,0.0,0.0,0.0,0.1749538931178861,0.01695023021701166,0.17999999999999972,0.1573847327947157,0.1899999999999996,0.14984631039295437,0.14984631039295437,1.0,1.0,0.7,0.0,0.0,0.0,0.0,0.0,0.0,0.009046106882113603,0.09046106882113603,0.030153689607045342,0.030153689607045342,0.1749538931178861,0.01695023021701166,0.17999999999999972,0.1573847327947157,0.1899999999999996,0.14984631039295437,0.14984631039295437,1.0,1.0,0.7,0.0,0.0,0.0,0.0,0.0,0.0,0.009046106882113603,0.09046106882113603,0.030153689607045342,0.030153689607045342,0.1749538931178861,0.01695023021701166,0.17999999999999972,0.1573847327947157,0.1899999999999996,0.14984631039295437,0.14984631039295437,1.0,1.0,0.7,0.0,0.0,0.0,0.0,0.0,0.0,0.009046106882113603,0.09046106882113603,0.030153689607045342,0.030153689607045342,0.1749538931178861,0.01695023021701166,0.17999999999999972,0.1573847327947157,0.1899999999999996,0.14984631039295437,0.14984631039295437,1.0,1.0,0.7,0.0,0.0,0.0,0.0,0.0,0.0,0.009046106882113603,0.09046106882113603,0.030153689607045342,0.030153689607045342,1.0,0.3,0.3,0.3,0.3,0.0,0.3,0.7,0.0,0.3,0.7,0.0,0.3,0.7,0.0,0.3,0.7,0.0,0.3,0.0,0.3,0.3,0.3,0.3,0.3,0.0,0.0,0.0,0.0,0.3,0.3,1.0,1.0,1.0,0.3,1.0,1.0,1.0,1.0,1.0,1.0,3,0,0.0,0.0,0.3,0.0,0.0,0.0,0.0,0.0,0.0,0.0,0.0,1.0,0.0,0.0,0.0,0.0,0.0,0.16477777778627056,6.498337773551511e-21,6.498337773551511e-21,0.0,0.1,0.1,0,0,0,0,C1,0.0,0.0,0.1749538931178861,0.7,1.0,0.3,0.0,0.0,0.1749538931178861
phaseflip,dephasing,0.2,3,0.0,10,qiskit_aer,1,1,0.7410000000000001,0.7410000000000001,0.0,0.0,0.0,0.0,0.0,0.0,0.2589999999999997,0.010363397126425285,0.2619999999999997,0.24849999999999975,0.2679999999999997,0.24399999999999966,0.2439999999999997,1.0,0.9,1.0,0.0,0.0,0.0,0.0,0.0,0.22884631039295433,0.010363397126425285,0.23184631039295434,0.2183463103929544,0.23784631039295434,0.21384631039295432,0.21384631039295435,1.0,1.0,0.0,0.0,0.0,0.0,0.0,0.0,0.25598463103929514,0.01672402817935196,0.2619999999999997,0.24849999999999967,0.2679999999999997,0.22741547071612478,0.21384631039295443,1.0,1.0,0.9,0.0,0.0,0.0,0.0,0.0,0.0,0.003015368960704534,0.030153689607045342,0.016584529283874903,0.030153689607045342,0.25598463103929514,0.01672402817935196,0.2619999999999997,0.24849999999999967,0.2679999999999997,0.22741547071612478,0.21384631039295443,1.0,1.0,0.9,0.0,0.0,0.0,0.0,0.0,0.0,0.003015368960704534,0.030153689607045342,0.016584529283874903,0.030153689607045342,0.25598463103929514,0.01672402817935196,0.2619999999999997,0.24849999999999967,0.2679999999999997,0.22741547071612478,0.21384631039295443,1.0,1.0,0.9,0.0,0.0,0.0,0.0,0.0,0.0,0.003015368960704534,0.030153689607045342,0.016584529283874903,0.030153689607045342,0.25598463103929514,0.01672402817935196,0.2619999999999997,0.24849999999999967,0.2679999999999997,0.22741547071612478,0.21384631039295443,1.0,1.0,0.9,0.0,0.0,0.0,0.0,0.0,0.0,0.003015368960704534,0.030153689607045342,0.016584529283874903,0.030153689607045342,1.0,0.1,0.1,0.1,0.1,0.0,0.1,0.9,0.0,0.1,0.9,0.0,0.1,0.9,0.0,0.1,0.9,0.0,0.1,0.0,0.1,0.1,0.1,0.1,0.1,0.0,0.0,0.0,0.0,0.1,0.1,1.0,1.0,1.0,0.1,1.0,1.0,1.0,1.0,1.0,1.0,1,0,0.0,0.0,0.1,0.0,0.0,0.0,0.0,0.0,0.0,0.0,0.0,1.0,0.0,0.0,0.0,0.0,0.0,-0.5409999999976682,2.166112591183837e-21,2.166112591183837e-21,0.0,0.0,0.0,0,0,0,0,C1,0.0,0.0,0.25598463103929514,0.9,1.0,0.1,0.0,0.0,0.25598463103929514
phaseflip,dephasing,0.2,3,0.01,10,qiskit_aer,1,1,0.7410000000000001,0.5600222222222223,0.02222222222222222,0.0,0.0,0.0,0.0,0.0,0.2589999999999997,0.010363397126425285,0.2619999999999997,0.24849999999999975,0.2679999999999997,0.24399999999999966,0.2439999999999997,1.0,0.8,1.0,0.0,0.0,0.0,0.0,0.0,0.22884631039295433,0.010363397126425285,0.23184631039295434,0.2183463103929544,0.23784631039295434,0.21384631039295432,0.21384631039295435,1.0,1.0,0.0,0.0,0.0,0.0,0.0,0.0,0.2529692620785906,0.01803463486083912,0.2619999999999997,0.24399999999999966,0.2679999999999997,0.2219463103929544,0.21384631039295443,1.0,1.0,0.8,0.0,0.0,0.0,0.0,0.0,0.0,0.006030737921409068,0.060307379214090684,0.030153689607045342,0.030153689607045342,0.2529692620785906,0.01803463486083912,0.2619999999999997,0.24399999999999966,0.2679999999999997,0.2219463103929544,0.21384631039295443,1.0,1.0,0.8,0.0,0.0,0.0,0.0,0.0,0.0,0.006030737921409068,0.060307379214090684,0.030153689607045342,0.030153689607045342,0.2529692620785906,0.01803463486083912,0.2619999999999997,0.24399999999999966,0.2679999999999997,0.2219463103929544,0.21384631039295443,1.0,1.0,0.8,0.0,0.0,0.0,0.0,0.0,0.0,0.006030737921409068,0.060307379214090684,0.030153689607045342,0.030153689607045342,0.2529692620785906,0.01803463486083912,0.2619999999999997,0.24399999999999966,0.2679999999999997,0.2219463103929544,0.21384631039295443,1.0,1.0,0.8,0.0,0.0,0.0,0.0,0.0,0.0,0.006030737921409068,0.060307379214090684,0.030153689607045342,0.030153689607045342,1.0,0.2,0.2,0.2,0.2,0.0,0.2,0.8,0.0,0.2,0.8,0.0,0.2,0.8,0.0,0.2,0.8,0.0,0.2,0.0,0.2,0.2,0.2,0.2,0.2,0.0,0.0,0.0,0.0,0.2,0.2,1.0,1.0,1.0,0.2,1.0,1.0,1.0,1.0,1.0,1.0,2,0,0.0,0.0,0.2,0.0,0.0,0.0,0.0,0.0,0.0,0.0,0.0,1.0,0.0,0.0,0.0,0.0,0.0,-0.1600222222200683,4.332225182367674e-21,4.332225182367674e-21,0.0,0.01,0.01,0,0,0,0,C1,0.0,0.0,0.2529692620785906,0.8,1.0,0.2,0.0,0.0,0.2529692620785906
phaseflip,dephasing,0.2,3,0.03,10,qiskit_aer,1,1,0.7410000000000001,0.5597333333333334,0.04444444444444444,0.0,0.0,0.0,0.0,0.0,0.2589999999999997,0.010363397126425285,0.2619999999999997,0.24849999999999975,0.2679999999999997,0.24399999999999966,0.2439999999999997,1.0,0.7,1.0,0.0,0.0,0.0,0.0,0.0,0.22884631039295433,0.010363397126425285,0.23184631039295434,0.2183463103929544,0.23784631039295434,0.21384631039295432,0.21384631039295435,1.0,1.0,0.0,0.0,0.0,0.0,0.0,0.0,0.24995389311788607,0.01877812798565044,0.25299999999999967,0.23488473279471567,0.2679999999999997,0.2219463103929544,0.21384631039295443,1.0,1.0,0.7,0.0,0.0,0.0,0.0,0.0,0.0,0.009046106882113603,0.09046106882113603,0.030153689607045342,0.030153689607045342,0.24995389311788607,0.01877812798565044,0.25299999999999967,0.23488473279471567,0.2679999999999997,0.2219463103929544,0.21384631039295443,1.0,1.0,0.7,0.0,0.0,0.0,0.0,0.0,0.0,0.009046106882113603,0.09046106882113603,0.030153689607045342,0.030153689607045342,0.24995389311788607,0.01877812798565044,0.25299999999999967,0.23488473279471567,0.2679999999999997,0.2219463103929544,0.21384631039295443,1.0,1.0,0.7,0.0,0.0,0.0,0.0,0.0,0.0,0.009046106882113603,0.09046106882113603,0.030153689607045342,0.030153689607045342,0.24995389311788607,0.01877812798565044,0.25299999999999967,0.23488473279471567,0.2679999999999997,0.2219463103929544,0.21384631039295443,1.0,1.0,0.7,0.0,0.0,0.0,0.0,0.0,0.0,0.009046106882113603,0.09046106882113603,0.030153689607045342,0.030153689607045342,1.0,0.3,0.3,0.3,0.3,0.0,0.3,0.7,0.0,0.3,0.7,0.0,0.3,0.7,0.0,0.3,0.7,0.0,0.3,0.0,0.3,0.3,0.3,0.3,0.3,0.0,0.0,0.0,0.0,0.3,0.3,1.0,1.0,1.0,0.3,1.0,1.0,1.0,1.0,1.0,1.0,3,0,0.0,0.0,0.3,0.0,0.0,0.0,0.0,0.0,0.0,0.0,0.0,1.0,0.0,0.0,0.0,0.0,0.0,0.04026666666873173,5.26574260914368e-21,5.26574260914368e-21,0.0,0.03,0.03,0,0,0,0,C1,0.0,0.0,0.24995389311788607,0.7,1.0,0.3,0.0,0.0,0.24995389311788607
phaseflip,dephasing,0.2,3,0.05,10,qiskit_aer,1,1,0.7410000000000001,0.5678444444444445,0.07777777777777778,0.0,0.0,0.0,0.0,0.0,0.2589999999999997,0.010363397126425285,0.2619999999999997,0.24849999999999975,0.2679999999999997,0.24399999999999966,0.2439999999999997,1.0,0.7,1.0,0.0,0.0,0.0,0.0,0.0,0.22884631039295433,0.010363397126425285,0.23184631039295434,0.2183463103929544,0.23784631039295434,0.21384631039295432,0.21384631039295435,1.0,1.0,0.0,0.0,0.0,0.0,0.0,0.0,0.24995389311788607,0.01877812798565044,0.25299999999999967,0.23488473279471567,0.2679999999999997,0.2219463103929544,0.21384631039295443,1.0,1.0,0.7,0.0,0.0,0.0,0.0,0.0,0.0,0.009046106882113603,0.09046106882113603,0.030153689607045342,0.030153689607045342,0.24995389311788607,0.01877812798565044,0.25299999999999967,0.23488473279471567,0.2679999999999997,0.2219463103929544,0.21384631039295443,1.0,1.0,0.7,0.0,0.0,0.0,0.0,0.0,0.0,0.009046106882113603,0.09046106882113603,0.030153689607045342,0.030153689607045342,0.24995389311788607,0.01877812798565044,0.25299999999999967,0.23488473279471567,0.2679999999999997,0.2219463103929544,0.21384631039295443,1.0,1.0,0.7,0.0,0.0,0.0,0.0,0.0,0.0,0.009046106882113603,0.09046106882113603,0.030153689607045342,0.030153689607045342,0.24995389311788607,0.01877812798565044,0.25299999999999967,0.23488473279471567,0.2679999999999997,0.2219463103929544,0.21384631039295443,1.0,1.0,0.7,0.0,0.0,0.0,0.0,0.0,0.0,0.009046106882113603,0.09046106882113603,0.030153689607045342,0.030153689607045342,1.0,0.3,0.3,0.3,0.3,0.0,0.3,0.7,0.0,0.3,0.7,0.0,0.3,0.7,0.0,0.3,0.7,0.0,0.3,0.0,0.3,0.3,0.3,0.3,0.3,0.0,0.0,0.0,0.0,0.3,0.3,1.0,1.0,1.0,0.3,1.0,1.0,1.0,1.0,1.0,1.0,3,0,0.0,0.0,0.3,0.0,0.0,0.0,0.0,0.0,0.0,0.0,0.0,1.0,0.0,0.0,0.0,0.0,0.0,0.03215555555770951,4.033147444735849e-21,4.033147444735849e-21,0.0,0.05,0.05,0,0,0,0,C1,0.0,0.0,0.24995389311788607,0.7,1.0,0.3,0.0,0.0,0.24995389311788607
phaseflip,dephasing,0.2,3,0.1,10,qiskit_aer,1,1,0.7410000000000001,0.5107111111111112,0.19999999999999998,0.0,0.0,0.0,0.0,0.0,0.2589999999999997,0.010363397126425285,0.2619999999999997,0.24849999999999975,0.2679999999999997,0.24399999999999966,0.2439999999999997,1.0,0.8,1.0,0.0,0.0,0.0,0.0,0.0,0.22884631039295433,0.010363397126425285,0.23184631039295434,0.2183463103929544,0.23784631039295434,0.21384631039295432,0.21384631039295435,1.0,1.0,0.0,0.0,0.0,0.0,0.0,0.0,0.2529692620785906,0.01803463486083912,0.2619999999999997,0.24399999999999966,0.2679999999999997,0.2219463103929544,0.21384631039295443,1.0,1.0,0.8,0.0,0.0,0.0,0.0,0.0,0.0,0.006030737921409068,0.060307379214090684,0.030153689607045342,0.030153689607045342,0.2529692620785906,0.01803463486083912,0.2619999999999997,0.24399999999999966,0.2679999999999997,0.2219463103929544,0.21384631039295443,1.0,1.0,0.8,0.0,0.0,0.0,0.0,0.0,0.0,0.006030737921409068,0.060307379214090684,0.030153689607045342,0.030153689607045342,0.2529692620785906,0.01803463486083912,0.2619999999999997,0.24399999999999966,0.2679999999999997,0.2219463103929544,0.21384631039295443,1.0,1.0,0.8,0.0,0.0,0.0,0.0,0.0,0.0,0.006030737921409068,0.060307379214090684,0.030153689607045342,0.030153689607045342,0.2529692620785906,0.01803463486083912,0.2619999999999997,0.24399999999999966,0.2679999999999997,0.2219463103929544,0.21384631039295443,1.0,1.0,0.8,0.0,0.0,0.0,0.0,0.0,0.0,0.006030737921409068,0.060307379214090684,0.030153689607045342,0.030153689607045342,1.0,0.2,0.2,0.2,0.2,0.0,0.2,0.8,0.0,0.2,0.8,0.0,0.2,0.8,0.0,0.2,0.8,0.0,0.2,0.0,0.2,0.2,0.2,0.2,0.2,0.0,0.0,0.0,0.0,0.2,0.2,1.0,1.0,1.0,0.2,1.0,1.0,1.0,1.0,1.0,1.0,2,0,0.0,0.0,0.2,0.0,0.0,0.0,0.0,0.0,0.0,0.0,0.0,1.0,0.0,0.0,0.0,0.0,0.0,-0.1107111111088682,3.099630017959843e-21,3.099630017959843e-21,0.0,0.1,0.1,0,0,0,0,C1,0.0,0.0,0.2529692620785906,0.8,1.0,0.2,0.0,0.0,0.2529692620785906
phaseflip,dephasing,0.2,4,0.0,10,qiskit_aer,1,1,0.6772800000000001,0.6772800000000001,0.0,0.0,0.0,0.0,0.0,0.0,0.3227199999999998,0.01481275126369163,0.33079999999999976,0.3195999999999999,0.33399999999999974,0.2951999999999999,0.2951999999999999,1.0,0.7,1.0,0.0,0.0,0.0,0.0,0.0,0.29256631039295444,0.01481275126369163,0.3006463103929544,0.28944631039295454,0.3038463103929544,0.26504631039295456,0.26504631039295456,1.0,1.0,0.0,0.0,0.0,0.0,0.0,0.0,0.3136738931178862,0.02669945436690913,0.3267999999999998,0.3029847327947158,0.33399999999999974,0.26504631039295456,0.26504631039295456,1.0,1.0,0.7,0.0,0.0,0.0,0.0,0.0,0.0,0.009046106882113603,0.09046106882113603,0.030153689607045342,0.030153689607045342,0.3136738931178862,0.02669945436690913,0.3267999999999998,0.3029847327947158,0.33399999999999974,0.26504631039295456,0.26504631039295456,1.0,1.0,0.7,0.0,0.0,0.0,0.0,0.0,0.0,0.009046106882113603,0.09046106882113603,0.030153689607045342,0.030153689607045342,0.3136738931178862,0.02669945436690913,0.3267999999999998,0.3029847327947158,0.33399999999999974,0.26504631039295456,0.26504631039295456,1.0,1.0,0.7,0.0,0.0,0.0,0.0,0.0,0.0,0.009046106882113603,0.09046106882113603,0.030153689607045342,0.030153689607045342,0.3136738931178862,0.02669945436690913,0.3267999999999998,0.3029847327947158,0.33399999999999974,0.26504631039295456,0.26504631039295456,1.0,1.0,0.7,0.0,0.0,0.0,0.0,0.0,0.0,0.009046106882113603,0.09046106882113603,0.030153689607045342,0.030153689607045342,1.0,0.3,0.3,0.3,0.3,0.0,0.3,0.7,0.0,0.3,0.7,0.0,0.3,0.7,0.0,0.3,0.7,0.0,0.3,0.0,0.3,0.3,0.3,0.3,0.3,0.0,0.0,0.0,0.0,0.3,0.3,1.0,1.0,1.0,0.3,1.0,1.0,1.0,1.0,1.0,1.0,3,0,0.0,0.0,0.3,0.0,0.0,0.0,0.0,0.0,0.0,0.0,0.0,1.0,0.0,0.0,0.0,0.0,0.0,-0.07727999999926269,5.26574260914368e-21,5.26574260914368e-21,0.0,0.0,0.0,0,0,0,0,C1,0.0,0.0,0.3136738931178862,0.7,1.0,0.3,0.0,0.0,0.3136738931178862
phaseflip,dephasing,0.2,4,0.01,10,qiskit_aer,1,1,0.6772800000000001,0.43656000000000006,0.02222222222222222,0.0,0.0,0.0,0.0,0.0,0.3227199999999998,0.01481275126369163,0.33079999999999976,0.3195999999999999,0.33399999999999974,0.2951999999999999,0.2951999999999999,1.0,0.7,1.0,0.0,0.0,0.0,0.0,0.0,0.29256631039295444,0.01481275126369163,0.3006463103929544,0.28944631039295454,0.3038463103929544,0.26504631039295456,0.26504631039295456,1.0,1.0,0.0,0.0,0.0,0.0,0.0,0.0,0.3136738931178862,0.02669945436690913,0.3267999999999998,0.3029847327947158,0.33399999999999974,0.26504631039295456,0.26504631039295456,1.0,1.0,0.7,0.0,0.0,0.0,0.0,0.0,0.0,0.009046106882113603,0.09046106882113603,0.030153689607045342,0.030153689607045342,0.3136738931178862,0.02669945436690913,0.3267999999999998,0.3029847327947158,0.33399999999999974,0.26504631039295456,0.26504631039295456,1.0,1.0,0.7,0.0,0.0,0.0,0.0,0.0,0.0,0.009046106882113603,0.09046106882113603,0.030153689607045342,0.030153689607045342,0.3136738931178862,0.02669945436690913,0.3267999999999998,0.3029847327947158,0.33399999999999974,0.26504631039295456,0.26504631039295456,1.0,1.0,0.7,0.0,0.0,0.0,0.0,0.0,0.0,0.009046106882113603,0.09046106882113603,0.030153689607045342,0.030153689607045342,0.3136738931178862,0.02669945436690913,0.3267999999999998,0.3029847327947158,0.33399999999999974,0.26504631039295456,0.26504631039295456,1.0,1.0,0.7,0.0,0.0,0.0,0.0,0.0,0.0,0.009046106882113603,0.09046106882113603,0.030153689607045342,0.030153689607045342,1.0,0.3,0.3,0.3,0.3,0.0,0.3,0.7,0.0,0.3,0.7,0.0,0.3,0.7,0.0,0.3,0.7,0.0,0.3,0.0,0.3,0.3,0.3,0.3,0.3,0.0,0.0,0.0,0.0,0.3,0.3,1.0,1.0,1.0,0.3,1.0,1.0,1.0,1.0,1.0,1.0,3,0,0.0,0.0,0.3,0.0,0.0,0.0,0.0,0.0,0.0,0.0,0.0,1.0,0.0,0.0,0.0,0.0,0.0,0.16344000000069842,5.26574260914368e-21,5.26574260914368e-21,0.0,0.01,0.01,0,0,0,0,C1,0.0,0.0,0.3136738931178862,0.7,1.0,0.3,0.0,0.0,0.3136738931178862
phaseflip,dephasing,0.2,4,0.03,10,qiskit_aer,1,1,0.6772800000000001,0.43612888888888895,0.04444444444444444,0.0,0.0,0.0,0.0,0.0,0.3227199999999998,0.01481275126369163,0.33079999999999976,0.3195999999999999,0.33399999999999974,0.2951999999999999,0.2951999999999999,1.0,0.8,1.0,0.0,0.0,0.0,0.0,0.0,0.29256631039295444,0.01481275126369163,0.3006463103929544,0.28944631039295454,0.3038463103929544,0.26504631039295456,0.26504631039295456,1.0,1.0,0.0,0.0,0.0,0.0,0.0,0.0,0.3166892620785907,0.02639751152478653,0.33079999999999976,0.3195999999999999,0.33399999999999974,0.26504631039295456,0.26504631039295456,1.0,1.0,0.8,0.0,0.0,0.0,0.0,0.0,0.0,0.006030737921409068,0.060307379214090684,0.030153689607045342,0.030153689607045342,0.3166892620785907,0.02639751152478653,0.33079999999999976,0.3195999999999999,0.33399999999999974,0.26504631039295456,0.26504631039295456,1.0,1.0,0.8,0.0,0.0,0.0,0.0,0.0,0.0,0.006030737921409068,0.060307379214090684,0.030153689607045342,0.030153689607045342,0.3166892620785907,0.02639751152478653,0.33079999999999976,0.3195999999999999,0.33399999999999974,0.26504631039295456,0.26504631039295456,1.0,1.0,0.8,0.0,0.0,0.0,0.0,0.0,0.0,0.006030737921409068,0.060307379214090684,0.030153689607045342,0.030153689607045342,0.3166892620785907,0.02639751152478653,0.33079999999999976,0.3195999999999999,0.33399999999999974,0.26504631039295456,0.26504631039295456,1.0,1.0,0.8,0.0,0.0,0.0,0.0,0.0,0.0,0.006030737921409068,0.060307379214090684,0.030153689607045342,0.030153689607045342,1.0,0.2,0.2,0.2,0.2,0.0,0.2,0.8,0.0,0.2,0.8,0.0,0.2,0.8,0.0,0.2,0.8,0.0,0.2,0.0,0.2,0.2,0.2,0.2,0.2,0.0,0.0,0.0,0.0,0.2,0.2,1.0,1.0,1.0,0.2,1.0,1.0,1.0,1.0,1.0,1.0,2,0,0.0,0.0,0.2,0.0,0.0,0.0,0.0,0.0,0.0,0.0,0.0,1.0,0.0,0.0,0.0,0.0,0.0,-0.036128888888113095,4.332225182367674e-21,4.332225182367674e-21,0.0,0.03,0.03,0,0,0,0,C1,0.0,0.0,0.3166892620785907,0.8,1.0,0.2,0.0,0.0,0.3166892620785907
phaseflip,dephasing,0.2,4,0.05,10,qiskit_aer,1,1,0.6772800000000001,0.4435288888888889,0.07777777777777778,0.0,0.0,0.0,0.0,0.0,0.3227199999999998,0.01481275126369163,0.33079999999999976,0.3195999999999999,0.33399999999999974,0.2951999999999999,0.2951999999999999,1.0,0.7,1.0,0.0,0.0,0.0,0.0,0.0,0.29256631039295444,0.01481275126369163,0.3006463103929544,0.28944631039295454,0.3038463103929544,0.26504631039295456,0.26504631039295456,1.0,1.0,0.0,0.0,0.0,0.0,0.0,0.0,0.3136738931178862,0.02669945436690913,0.3267999999999998,0.3029847327947158,0.33399999999999974,0.26504631039295456,0.26504631039295456,1.0,1.0,0.7,0.0,0.0,0.0,0.0,0.0,0.0,0.009046106882113603,0.09046106882113603,0.030153689607045342,0.030153689607045342,0.3136738931178862,0.02669945436690913,0.3267999999999998,0.3029847327947158,0.33399999999999974,0.26504631039295456,0.26504631039295456,1.0,1.0,0.7,0.0,0.0,0.0,0.0,0.0,0.0,0.009046106882113603,0.09046106882113603,0.030153689607045342,0.030153689607045342,0.3136738931178862,0.02669945436690913,0.3267999999999998,0.3029847327947158,0.33399999999999974,0.26504631039295456,0.26504631039295456,1.0,1.0,0.7,0.0,0.0,0.0,0.0,0.0,0.0,0.009046106882113603,0.09046106882113603,0.030153689607045342,0.030153689607045342,0.3136738931178862,0.02669945436690913,0.3267999999999998,0.3029847327947158,0.33399999999999974,0.26504631039295456,0.26504631039295456,1.0,1.0,0.7,0.0,0.0,0.0,0.0,0.0,0.0,0.009046106882113603,0.09046106882113603,0.030153689607045342,0.030153689607045342,1.0,0.3,0.3,0.3,0.3,0.0,0.3,0.7,0.0,0.3,0.7,0.0,0.3,0.7,0.0,0.3,0.7,0.0,0.3,0.0,0.3,0.3,0.3,0.3,0.3,0.0,0.0,0.0,0.0,0.3,0.3,1.0,1.0,1.0,0.3,1.0,1.0,1.0,1.0,1.0,1.0,3,0,0.0,0.0,0.3,0.0,0.0,0.0,0.0,0.0,0.0,0.0,0.0,1.0,0.0,0.0,0.0,0.0,0.0,0.1564711111117724,5.26574260914368e-21,5.26574260914368e-21,0.0,0.05,0.05,0,0,0,0,C1,0.0,0.0,0.3136738931178862,0.7,1.0,0.3,0.0,0.0,0.3136738931178862
phaseflip,dephasing,0.2,4,0.1,10,qiskit_aer,1,1,0.6772800000000001,0.42891111111111113,0.19999999999999998,0.0,0.0,0.0,0.0,0.0,0.3227199999999998,0.01481275126369163,0.33079999999999976,0.3195999999999999,0.33399999999999974,0.2951999999999999,0.2951999999999999,1.0,0.7,1.0,0.0,0.0,0.0,0.0,0.0,0.29256631039295444,0.01481275126369163,0.3006463103929544,0.28944631039295454,0.3038463103929544,0.26504631039295456,0.26504631039295456,1.0,1.0,0.0,0.0,0.0,0.0,0.0,0.0,0.3136738931178862,0.02669945436690913,0.3267999999999998,0.3029847327947158,0.33399999999999974,0.26504631039295456,0.26504631039295456,1.0,1.0,0.7,0.0,0.0,0.0,0.0,0.0,0.0,0.009046106882113603,0.09046106882113603,0.030153689607045342,0.030153689607045342,0.3136738931178862,0.02669945436690913,0.3267999999999998,0.3029847327947158,0.33399999999999974,0.26504631039295456,0.26504631039295456,1.0,1.0,0.7,0.0,0.0,0.0,0.0,0.0,0.0,0.009046106882113603,0.09046106882113603,0.030153689607045342,0.030153689607045342,0.3136738931178862,0.02669945436690913,0.3267999999999998,0.3029847327947158,0.33399999999999974,0.26504631039295456,0.26504631039295456,1.0,1.0,0.7,0.0,0.0,0.0,0.0,0.0,0.0,0.009046106882113603,0.09046106882113603,0.030153689607045342,0.030153689607045342,0.3136738931178862,0.02669945436690913,0.3267999999999998,0.3029847327947158,0.33399999999999974,0.26504631039295456,0.26504631039295456,1.0,1.0,0.7,0.0,0.0,0.0,0.0,0.0,0.0,0.009046106882113603,0.09046106882113603,0.030153689607045342,0.030153689607045342,1.0,0.3,0.3,0.3,0.3,0.0,0.3,0.7,0.0,0.3,0.7,0.0,0.3,0.7,0.0,0.3,0.7,0.0,0.3,0.0,0.3,0.3,0.3,0.3,0.3,0.0,0.0,0.0,0.0,0.3,0.3,1.0,1.0,1.0,0.3,1.0,1.0,1.0,1.0,1.0,1.0,3,0,0.0,0.0,0.3,0.0,0.0,0.0,0.0,0.0,0.0,0.0,0.0,1.0,0.0,0.0,0.0,0.0,0.0,0.17108888888962817,5.26574260914368e-21,5.26574260914368e-21,0.0,0.1,0.1,0,0,0,0,C1,0.0,0.0,0.3136738931178862,0.7,1.0,0.3,0.0,0.0,0.3136738931178862
phaseflip,mixed_pauli,0.01,1,0.0,10,qiskit_aer,1,1,0.9965,0.9965,0.0,0.0,1.0,1.0,0.0,0.0,0.0034999999999998253,0.0039051248379531485,0.00249999999999978,0.0,0.004999999999999782,0.0,0.0,1.0,0.1,1.0,0.9,0.0,0.0,0.0,0.0,-0.021653689607045733,0.0022912878474778543,-0.020153689607045777,-0.023903689607045614,-0.020153689607045777,-0.02515368960704568,-0.025153689607045632,0.0,1.0,0.0,0.0,1.0,1.0,1.0,1.0,-0.021653689607045733,0.0022912878474778543,-0.020153689607045777,-0.023903689607045614,-0.020153689607045777,-0.02515368960704568,-0.025153689607045632,0.0,1.0,0.0,0.0,1.0,1.0,1.0,1.0,0.0,0.02515368960704556,0.2515368960704556,0.030153689607045342,0.030153689607045342,-0.0186383206463412,0.00812246680496084,-0.020153689607045777,-0.020153689607045777,-0.020153689607045777,-0.02515368960704556,-0.02515368960704556,0.1,1.0,0.1,0.0,0.9,0.9,0.9,0.9,0.0,0.022138320646341025,0.22138320646341025,0.030153689607045342,0.030153689607045342,-0.0186383206463412,0.00812246680496084,-0.020153689607045777,-0.020153689607045777,-0.020153689607045777,-0.02515368960704556,-0.02515368960704556,0.1,1.0,0.1,0.0,0.9,0.9,0.9,0.9,0.0,0.022138320646341025,0.22138320646341025,0.030153689607045342,0.030153689607045342,-0.0186383206463412,0.00812246680496084,-0.020153689607045777,-0.020153689607045777,-0.020153689607045777,-0.02515368960704556,-0.02515368960704556,0.1,1.0,0.1,0.0,0.9,0.9,0.9,0.9,0.0,0.022138320646341025,0.22138320646341025,0.030153689607045342,0.030153689607045342,1.0,1.0,0.9,0.9,0.9,0.0,1.0,0.0,1.0,0.9,1.0,1.0,0.9,1.0,1.0,0.9,1.0,1.0,0.9,0.1,0.9,0.9,0.9,0.9,0.9,0.0,0.0,0.0,0.0,0.9,0.9,1.0,1.0,1.0,0.9,1.0,1.0,1.0,1.0,1.0,1.0,9,0,0.0,0.0,0.9,0.0,0.0,0.0,0.0,0.0,0.0,0.0,0.0,1.0,0.0,0.0,0.0,0.0,0.0,0.8035000412959805,0.0013474284426295035,0.0013474284426295035,0.0,0.0,0.0,0,0,0,0,C2,0.9,0.0,-0.0186383206463412,0.1,0.1,0.9,0.9,0.0,-0.0186383206463412
phaseflip,mixed_pauli,0.01,1,0.01,10,qiskit_aer,1,1,0.9965,0.9412222222222223,0.03333333333333333,0.0,0.5,1.0,0.0,0.0,0.0034999999999998253,0.0039051248379531485,0.00249999999999978,0.0,0.004999999999999782,0.0,0.0,1.0,0.0,1.0,0.5,0.0,0.0,0.0,0.0,-0.021653689607045733,0.0022912878474778543,-0.020153689607045777,-0.023903689607045614,-0.020153689607045777,-0.02515368960704568,-0.025153689607045632,0.0,1.0,0.0,0.0,1.0,0.5,0.5,1.0,-0.021653689607045733,0.0022912878474778543,-0.020153689607045777,-0.023903689607045614,-0.020153689607045777,-0.02515368960704568,-0.025153689607045632,0.0,1.0,0.0,0.0,1.0,0.5,0.5,1.0,0.0,0.02515368960704556,0.2515368960704556,0.030153689607045342,0.030153689607045342,-0.021653689607045733,0.0022912878474778543,-0.020153689607045777,-0.023903689607045614,-0.020153689607045777,-0.02515368960704568,-0.025153689607045632,0.0,1.0,0.0,0.0,1.0,0.5,0.5,1.0,0.0,0.02515368960704556,0.2515368960704556,0.030153689607045342,0.030153689607045342,-0.021653689607045733,0.0022912878474778543,-0.020153689607045777,-0.023903689607045614,-0.020153689607045777,-0.02515368960704568,-0.025153689607045632,0.0,1.0,0.0,0.0,1.0,0.5,0.5,1.0,0.0,0.02515368960704556,0.2515368960704556,0.030153689607045342,0.030153689607045342,-0.021653689607045733,0.0022912878474778543,-0.020153689607045777,-0.023903689607045614,-0.020153689607045777,-0.02515368960704568,-0.025153689607045632,0.0,1.0,0.0,0.0,1.0,0.5,0.5,1.0,0.0,0.02515368960704556,0.2515368960704556,0.030153689607045342,0.030153689607045342,1.0,1.0,1.0,1.0,1.0,0.0,1.0,0.0,1.0,1.0,0.0,1.0,1.0,0.0,1.0,1.0,0.0,1.0,1.0,0.0,1.0,1.0,1.0,1.0,1.0,0.0,0.0,0.0,0.0,1.0,1.0,1.0,1.0,1.0,1.0,1.0,1.0,1.0,1.0,1.0,1.0,10,0,0.0,0.0,1.0,0.0,0.0,0.0,0.0,0.0,0.0,0.0,0.0,1.0,0.0,0.0,0.0,0.0,0.0,1.0587778229978657,0.002694856885258987,0.002694856885258987,0.0,0.01,0.01,0,0,0,0,C1,1.0,0.0,-0.021653689607045733,0.0,0.0,1.0,1.0,0.0,-0.021653689607045733
phaseflip,mixed_pauli,0.01,1,0.03,10,qiskit_aer,1,1,0.9965,0.8638333333333333,0.1111111111111111,0.0,0.4,1.0,0.0,0.0,0.0034999999999998253,0.0039051248379531485,0.00249999999999978,0.0,0.004999999999999782,0.0,0.0,1.0,0.1,1.0,0.4,0.0,0.0,0.0,0.0,-0.021653689607045733,0.0022912878474778543,-0.020153689607045777,-0.023903689607045614,-0.020153689607045777,-0.02515368960704568,-0.025153689607045632,0.0,1.0,0.0,0.0,1.0,0.4,0.4,1.0,-0.0186383206463412,0.009804496754282502,-0.020153689607045777,-0.023903689607045614,-0.020153689607045777,-0.02515368960704568,-0.025153689607045632,0.1,1.0,0.1,0.0,0.9,0.4,0.4,0.9,0.0,0.022138320646341025,0.22138320646341025,0.030153689607045342,0.030153689607045342,-0.0186383206463412,0.009804496754282502,-0.020153689607045777,-0.023903689607045614,-0.020153689607045777,-0.02515368960704568,-0.025153689607045632,0.1,1.0,0.1,0.0,0.9,0.4,0.4,0.9,0.0,0.022138320646341025,0.22138320646341025,0.030153689607045342,0.030153689607045342,-0.0186383206463412,0.009804496754282502,-0.020153689607045777,-0.023903689607045614,-0.020153689607045777,-0.02515368960704568,-0.025153689607045632,0.1,1.0,0.1,0.0,0.9,0.4,0.4,0.9,0.0,0.022138320646341025,0.22138320646341025,0.030153689607045342,0.030153689607045342,-0.0186383206463412,0.009804496754282502,-0.020153689607045777,-0.023903689607045614,-0.020153689607045777,-0.02515368960704568,-0.025153689607045632,0.1,1.0,0.1,0.0,0.9,0.4,0.4,0.9,0.0,0.022138320646341025,0.22138320646341025,0.030153689607045342,0.030153689607045342,1.0,0.9,0.9,0.9,0.9,0.0,0.9,0.16666666666666666,1.0,0.9,0.16666666666666666,1.0,0.9,0.16666666666666666,1.0,0.9,0.16666666666666666,1.0,0.9,0.0,0.9,0.9,0.9,0.9,0.9,0.0,0.0,0.0,0.0,0.9,0.9,1.0,1.0,1.0,0.9,1.0,1.0,1.0,1.0,1.0,1.0,9,0,0.0,0.0,0.9,0.0,0.0,0.0,0.0,0.0,0.0,0.0,0.0,1.0,0.0,0.0,0.0,0.0,0.0,0.9361667131476624,0.002694856885258987,0.002694856885258987,0.0,0.03,0.03,0,0,0,0,C1,0.9,0.0,-0.0186383206463412,0.1,0.1,0.9,0.9,0.0,-0.0186383206463412
phaseflip,mixed_pauli,0.01,1,0.05,10,qiskit_aer,1,1,0.9965,0.8305555555555556,0.15555555555555556,0.0,0.2,1.0,0.0,0.0,0.0034999999999998253,0.0039051248379531485,0.00249999999999978,0.0,0.004999999999999782,0.0,0.0,1.0,0.2,1.0,0.1,0.0,0.0,0.0,0.0,-0.021653689607045733,0.0022912878474778543,-0.020153689607045777,-0.023903689607045614,-0.020153689607045777,-0.02515368960704568,-0.025153689607045632,0.0,1.0,0.0,0.0,1.0,0.2,0.2,1.0,-0.0186383206463412,0.009804496754282502,-0.020153689607045777,-0.023903689607045614,-0.020153689607045777,-0.02515368960704568,-0.025153689607045632,0.1,1.0,0.1,0.0,0.9,0.2,0.2,0.9,0.0,0.022138320646341025,0.22138320646341025,0.030153689607045342,0.030153689607045342,-0.015622951685636665,0.011775726035538807,-0.020153689607045777,-0.020153689607045777,-0.020153689607045777,-0.02515368960704556,-0.02515368960704556,0.2,1.0,0.2,0.0,0.8,0.1,0.1,0.8,0.0,0.01912295168563649,0.1912295168563649,0.030153689607045342,0.030153689607045342,-0.015622951685636665,0.011775726035538807,-0.020153689607045777,-0.020153689607045777,-0.020153689607045777,-0.02515368960704556,-0.02515368960704556,0.2,1.0,0.2,0.0,0.8,0.1,0.1,0.8,0.0,0.01912295168563649,0.1912295168563649,0.030153689607045342,0.030153689607045342,-0.015622951685636665,0.011775726035538807,-0.020153689607045777,-0.020153689607045777,-0.020153689607045777,-0.02515368960704556,-0.02515368960704556,0.2,1.0,0.2,0.0,0.8,0.1,0.1,0.8,0.0,0.01912295168563649,0.1912295168563649,0.030153689607045342,0.030153689607045342,1.0,0.9,0.8,0.8,0.8,0.0,0.9,0.1111111111111111,1.0,0.8,0.2222222222222222,1.0,0.8,0.2222222222222222,1.0,0.8,0.2222222222222222,1.0,0.8,0.1,0.8,0.8,0.8,0.8,0.8,0.0,0.0,0.0,0.0,0.8,0.8,1.0,1.0,1.0,0.8,1.0,1.0,1.0,1.0,1.0,1.0,8,0,0.0,0.0,0.8,0.0,0.0,0.0,0.0,0.0,0.0,0.0,0.0,1.0,0.0,0.0,0.0,0.0,0.0,0.769444485593293,0.0013474284426294933,0.0013474284426294933,0.0,0.05,0.05,0,0,0,0,C2,0.8,0.0,-0.015622951685636665,0.2,0.2,0.8,0.8,0.0,-0.015622951685636665
phaseflip,mixed_pauli,0.01,1,0.1,10,qiskit_aer,1,1,0.9965,0.7308333333333333,0.25555555555555554,0.0,0.1,1.0,0.0,0.0,0.0034999999999998253,0.0039051248379531485,0.00249999999999978,0.0,0.004999999999999782,0.0,0.0,1.0,0.2,1.0,0.0,0.0,0.0,0.0,0.0,-0.021653689607045733,0.0022912878474778543,-0.020153689607045777,-0.023903689607045614,-0.020153689607045777,-0.02515368960704568,-0.025153689607045632,0.0,1.0,0.0,0.0,1.0,0.1,0.1,1.0,-0.0186383206463412,0.009804496754282502,-0.020153689607045777,-0.023903689607045614,-0.020153689607045777,-0.02515368960704568,-0.025153689607045632,0.1,1.0,0.1,0.0,0.9,0.1,0.1,0.9,0.0,0.022138320646341025,0.22138320646341025,0.030153689607045342,0.030153689607045342,-0.015622951685636665,0.011775726035538807,-0.020153689607045777,-0.020153689607045777,-0.020153689607045777,-0.02515368960704556,-0.02515368960704556,0.2,1.0,0.2,0.0,0.8,0.0,0.0,0.8,0.0,0.01912295168563649,0.1912295168563649,0.030153689607045342,0.030153689607045342,-0.015622951685636665,0.011775726035538807,-0.020153689607045777,-0.020153689607045777,-0.020153689607045777,-0.02515368960704556,-0.02515368960704556,0.2,1.0,0.2,0.0,0.8,0.0,0.0,0.8,0.0,0.01912295168563649,0.1912295168563649,0.030153689607045342,0.030153689607045342,-0.015622951685636665,0.011775726035538807,-0.020153689607045777,-0.020153689607045777,-0.020153689607045777,-0.02515368960704556,-0.02515368960704556,0.2,1.0,0.2,0.0,0.8,0.0,0.0,0.8,0.0,0.01912295168563649,0.1912295168563649,0.030153689607045342,0.030153689607045342,1.0,0.9,0.8,0.8,0.8,0.0,0.9,0.1,0.0,0.8,0.2,0.0,0.8,0.2,0.0,0.8,0.2,0.0,0.8,0.1,0.8,0.8,0.8,0.8,0.8,0.0,0.0,0.0,0.0,0.8,0.8,1.0,1.0,1.0,0.8,1.0,1.0,1.0,1.0,1.0,1.0,8,0,0.0,0.0,0.8,0.0,0.0,0.0,0.0,0.0,0.0,0.0,0.0,1.0,0.0,0.0,0.0,0.0,0.0,0.8691667058534616,2.020280875256656e-17,2.020280875256656e-17,0.0,0.1,0.1,0,0,0,0,C2,0.8,0.0,-0.015622951685636665,0.2,0.2,0.8,0.8,0.0,-0.015622951685636665
phaseflip,mixed_pauli,0.01,2,0.0,10,qiskit_aer,1,1,0.9925075000000001,0.9925075000000001,0.0,0.0,1.0,1.0,0.0,0.0,0.007442500000000063,0.004584103647388413,0.009900000000000242,0.004950000000000121,0.009900000000000242,0.0,0.0,1.0,0.6,0.8,0.4,0.0,0.2,0.2,0.2,-0.012751189607045577,0.003311465876315245,-0.010353689607045524,-0.015203689607045656,-0.010253689607045535,-0.01793993960704563,-0.020178689607045608,0.0,1.0,0.0,0.0,1.0,1.0,1.0,1.0,-0.010735820646340998,0.007588674629911529,-0.010353689607045524,-0.015203689607045656,-0.010253689607045535,-0.01793993960704563,-0.020178689607045608,0.1,1.0,0.1,0.0,0.9,0.9,0.9,0.9,0.0,0.018178320646341062,0.18178320646341062,0.030153689607045342,0.030153689607045342,-0.0026189758428181607,0.010124438988840353,0.0,-0.010253689607045535,0.004950000000000121,-0.01793993960704563,-0.020178689607045608,0.6,1.0,0.4,0.0,0.4,0.6,0.6,0.6,0.0,0.010061475842818223,0.10061475842818224,0.030153689607045342,0.030153689607045342,-0.0026189758428181607,0.010124438988840353,0.0,-0.010253689607045535,0.004950000000000121,-0.01793993960704563,-0.020178689607045608,0.6,1.0,0.4,0.0,0.4,0.6,0.6,0.6,0.0,0.010061475842818223,0.10061475842818224,0.030153689607045342,0.030153689607045342,-0.0026189758428181607,0.010124438988840353,0.0,-0.010253689607045535,0.004950000000000121,-0.01793993960704563,-0.020178689607045608,0.6,1.0,0.4,0.0,0.4,0.6,0.6,0.6,0.0,0.010061475842818223,0.10061475842818224,0.030153689607045342,0.030153689607045342,1.0,0.9,0.4,0.4,0.4,0.0,0.9,0.16666666666666666,1.0,0.4,1.0,1.0,0.4,1.0,1.0,0.4,1.0,1.0,0.4,0.5,0.4,0.4,0.4,0.4,0.4,0.0,0.0,0.0,0.0,0.4,0.4,1.0,1.0,1.0,0.4,1.0,1.0,1.0,1.0,1.0,1.0,4,0,0.0,0.0,0.4,0.0,0.0,0.0,0.0,0.0,0.0,0.0,0.0,1.0,0.0,0.0,0.0,0.0,0.0,-0.19250746656478795,0.01099959828365556,0.01099959828365556,0.0,0.0,0.0,0,0,0,0,C2,0.4,0.0,-0.0026189758428181607,0.4,0.6,0.4,0.4,0.0,-0.0026189758428181607
phaseflip,mixed_pauli,0.01,2,0.01,10,qiskit_aer,1,1,0.9925075000000001,0.9704519444444445,0.02222222222222222,0.0,0.8,1.0,0.0,0.0,0.007442500000000063,0.004584103647388413,0.009900000000000242,0.004950000000000121,0.009900000000000242,0.0,0.0,1.0,0.6,0.8,0.3,0.0,0.2,0.2,0.2,-0.012751189607045577,0.003311465876315245,-0.010353689607045524,-0.015203689607045656,-0.010253689607045535,-0.01793993960704563,-0.020178689607045608,0.0,1.0,0.0,0.0,1.0,0.8,0.8,1.0,-0.008720451685636421,0.00872551329268409,-0.01030368960704553,-0.013991189607045623,-0.010253689607045535,-0.01793993960704563,-0.020178689607045608,0.2,1.0,0.2,0.0,0.8,0.7,0.7,0.8,0.0,0.016162951685636483,0.16162951685636484,0.030153689607045342,0.030153689607045342,-0.0026189758428181607,0.010124438988840353,0.0,-0.010253689607045535,0.004950000000000121,-0.01793993960704563,-0.020178689607045608,0.6,1.0,0.4,0.0,0.4,0.5,0.5,0.6,0.0,0.010061475842818223,0.10061475842818224,0.030153689607045342,0.030153689607045342,-0.0026189758428181607,0.010124438988840353,0.0,-0.010253689607045535,0.004950000000000121,-0.01793993960704563,-0.020178689607045608,0.6,1.0,0.4,0.0,0.4,0.5,0.5,0.6,0.0,0.010061475842818223,0.10061475842818224,0.030153689607045342,0.030153689607045342,-0.0026189758428181607,0.010124438988840353,0.0,-0.010253689607045535,0.004950000000000121,-0.01793993960704563,-0.020178689607045608,0.6,1.0,0.4,0.0,0.4,0.5,0.5,0.6,0.0,0.010061475842818223,0.10061475842818224,0.030153689607045342,0.030153689607045342,1.0,0.8,0.4,0.4,0.4,0.0,0.8,0.2857142857142857,1.0,0.4,0.8571428571428571,1.0,0.4,0.8571428571428571,1.0,0.4,0.8571428571428571,1.0,0.4,0.4,0.4,0.4,0.4,0.4,0.4,0.0,0.0,0.0,0.0,0.4,0.4,1.0,1.0,1.0,0.4,1.0,1.0,1.0,1.0,1.0,1.0,4,0,0.0,0.0,0.4,0.0,0.0,0.0,0.0,0.0,0.0,0.0,0.0,1.0,0.0,0.0,0.0,0.0,0.0,-0.17045191194096532,0.01099959828365556,0.01099959828365556,0.0,0.01,0.01,0,0,0,0,C2,0.4,0.0,-0.0026189758428181607,0.4,0.6,0.4,0.4,0.0,-0.0026189758428181607
phaseflip,mixed_pauli,0.01,2,0.03,10,qiskit_aer,1,1,0.9925075000000001,0.9482852777777778,0.04444444444444444,0.0,0.7,1.0,0.0,0.0,0.007442500000000063,0.004584103647388413,0.009900000000000242,0.004950000000000121,0.009900000000000242,0.0,0.0,1.0,0.8,0.8,0.1,0.0,0.1,0.1,0.2,-0.012751189607045577,0.003311465876315245,-0.010353689607045524,-0.015203689607045656,-0.010253689607045535,-0.01793993960704563,-0.020178689607045608,0.0,1.0,0.0,0.0,1.0,0.7,0.7,1.0,-0.004669713764227335,0.01090365886149542,-0.010253689607045535,-0.010328689607045527,0.0037125000000000907,-0.01793993960704563,-0.020178689607045608,0.4,1.0,0.3,0.0,0.6,0.5,0.5,0.7,0.0,0.012112213764227397,0.12112213764227397,0.025653689607045525,0.030153689607045342,0.0034117620785909077,0.008135743489725785,0.004950000000000121,0.0,0.009900000000000242,-0.010253689607045535,-0.010253689607045535,0.8,1.0,0.6,0.0,0.2,0.2,0.2,0.4,0.0,0.004030737921409155,0.040307379214091554,0.020153689607045777,0.020153689607045777,0.0034117620785909077,0.008135743489725785,0.004950000000000121,0.0,0.009900000000000242,-0.010253689607045535,-0.010253689607045535,0.8,1.0,0.6,0.0,0.2,0.2,0.2,0.4,0.0,0.004030737921409155,0.040307379214091554,0.020153689607045777,0.020153689607045777,0.0034117620785909077,0.008135743489725785,0.004950000000000121,0.0,0.009900000000000242,-0.010253689607045535,-0.010253689607045535,0.8,1.0,0.6,0.0,0.2,0.2,0.2,0.4,0.0,0.004030737921409155,0.040307379214091554,0.020153689607045777,0.020153689607045777,1.0,0.6,0.2,0.2,0.2,0.0,0.6,0.4444444444444444,1.0,0.2,0.8888888888888888,1.0,0.2,0.8888888888888888,1.0,0.2,0.8888888888888888,1.0,0.2,0.4,0.2,0.2,0.2,0.2,0.2,0.0,0.0,0.0,0.0,0.2,0.2,1.0,1.0,1.0,0.2,1.0,1.0,1.0,1.0,1.0,1.0,2,0,0.0,0.0,0.2,0.0,0.0,0.0,0.0,0.0,0.0,0.0,0.0,1.0,0.0,0.0,0.0,0.0,0.0,-0.5482852499198528,4.332225182367674e-21,4.332225182367674e-21,0.0,0.03,0.03,0,0,0,0,C2,0.2,0.0,0.0034117620785909077,0.6,0.8,0.2,0.2,0.0,0.0034117620785909077
phaseflip,mixed_pauli,0.01,2,0.05,10,qiskit_aer,1,1,0.9925075000000001,0.9153402777777778,0.07777777777777778,0.0,0.4,1.0,0.0,0.0,0.007442500000000063,0.004584103647388413,0.009900000000000242,0.004950000000000121,0.009900000000000242,0.0,0.0,1.0,0.7,0.8,0.0,0.0,0.1,0.1,0.2,-0.012751189607045577,0.003311465876315245,-0.010353689607045524,-0.015203689607045656,-0.010253689607045535,-0.01793993960704563,-0.020178689607045608,0.0,1.0,0.0,0.0,1.0,0.4,0.4,1.0,-0.005669713764227291,0.010421252407958954,-0.010253689607045535,-0.013991189607045623,0.0037125000000000907,-0.01793993960704563,-0.020178689607045608,0.4,1.0,0.3,0.0,0.6,0.3,0.3,0.7,0.0,0.013112213764227354,0.13112213764227354,0.030153689607045342,0.030153689607045342,0.00039639311788637334,0.008856538989603022,0.0024750000000000605,-0.007690267205284151,0.008662500000000212,-0.012976189607045602,-0.015203689607045656,0.7,1.0,0.5,0.0,0.3,0.1,0.1,0.5,0.0,0.007046106882113689,0.0704610688211369,0.025653689607045525,0.030153689607045342,0.00039639311788637334,0.008856538989603022,0.0024750000000000605,-0.007690267205284151,0.008662500000000212,-0.012976189607045602,-0.015203689607045656,0.7,1.0,0.5,0.0,0.3,0.1,0.1,0.5,0.0,0.007046106882113689,0.0704610688211369,0.025653689607045525,0.030153689607045342,0.00039639311788637334,0.008856538989603022,0.0024750000000000605,-0.007690267205284151,0.008662500000000212,-0.012976189607045602,-0.015203689607045656,0.7,1.0,0.5,0.0,0.3,0.1,0.1,0.5,0.0,0.007046106882113689,0.0704610688211369,0.025653689607045525,0.030153689607045342,1.0,0.6,0.3,0.3,0.3,0.0,0.6,0.4,0.0,0.3,0.7,0.0,0.3,0.7,0.0,0.3,0.7,0.0,0.3,0.3,0.3,0.3,0.3,0.3,0.3,0.0,0.0,0.0,0.0,0.3,0.3,1.0,1.0,1.0,0.3,1.0,1.0,1.0,1.0,1.0,1.0,3,0,0.0,0.0,0.3,0.0,0.0,0.0,0.0,0.0,0.0,0.0,0.0,1.0,0.0,0.0,0.0,0.0,0.0,-0.3153402453451752,0.014445958626030231,0.014445958626030231,0.0,0.05,0.05,0,0,0,0,C2,0.3,0.0,0.00039639311788637334,0.5,0.7,0.3,0.3,0.0,0.00039639311788637334
phaseflip,mixed_pauli,0.01,2,0.1,10,qiskit_aer,1,1,0.9925075000000001,0.7939511111111112,0.19999999999999998,0.0,0.0,1.0,0.0,0.0,0.007442500000000063,0.004584103647388413,0.009900000000000242,0.004950000000000121,0.009900000000000242,0.0,0.0,1.0,0.6,0.8,0.0,0.0,0.0,0.0,0.2,-0.012751189607045577,0.003311465876315245,-0.010353689607045524,-0.015203689607045656,-0.010253689607045535,-0.01793993960704563,-0.020178689607045608,0.0,1.0,0.0,0.0,1.0,0.0,0.0,1.0,-0.0026189758428181607,0.010124438988840353,0.0,-0.010253689607045535,0.004950000000000121,-0.01793993960704563,-0.020178689607045608,0.6,1.0,0.4,0.0,0.4,0.0,0.0,0.6,0.0,0.010061475842818223,0.10061475842818224,0.030153689607045342,0.030153689607045342,-0.0026189758428181607,0.010124438988840353,0.0,-0.010253689607045535,0.004950000000000121,-0.01793993960704563,-0.020178689607045608,0.6,1.0,0.4,0.0,0.4,0.0,0.0,0.6,0.0,0.010061475842818223,0.10061475842818224,0.030153689607045342,0.030153689607045342,-0.0026189758428181607,0.010124438988840353,0.0,-0.010253689607045535,0.004950000000000121,-0.01793993960704563,-0.020178689607045608,0.6,1.0,0.4,0.0,0.4,0.0,0.0,0.6,0.0,0.010061475842818223,0.10061475842818224,0.030153689607045342,0.030153689607045342,-0.0026189758428181607,0.010124438988840353,0.0,-0.010253689607045535,0.004950000000000121,-0.01793993960704563,-0.020178689607045608,0.6,1.0,0.4,0.0,0.4,0.0,0.0,0.6,0.0,0.010061475842818223,0.10061475842818224,0.030153689607045342,0.030153689607045342,1.0,0.4,0.4,0.4,0.4,0.0,0.4,0.6,0.0,0.4,0.6,0.0,0.4,0.6,0.0,0.4,0.6,0.0,0.4,0.0,0.4,0.4,0.4,0.4,0.4,0.0,0.0,0.0,0.0,0.4,0.4,1.0,1.0,1.0,0.4,1.0,1.0,1.0,1.0,1.0,1.0,4,0,0.0,0.0,0.4,0.0,0.0,0.0,0.0,0.0,0.0,0.0,0.0,1.0,0.0,0.0,0.0,0.0,0.0,0.006048924241779052,0.03499622717099749,0.03499622717099749,0.0,0.1,0.1,0,0,0,0,C1,0.4,0.0,-0.0026189758428181607,0.4,0.6,0.4,0.4,0.0,-0.0026189758428181607
phaseflip,mixed_pauli,0.01,3,0.0,10,qiskit_aer,1,1,0.9870574,0.9870574,0.0,0.0,1.0,1.0,0.0,0.0,0.01280869999999995,0.005062660245365031,0.012276500000000135,0.009802000000000033,0.014800499999999994,0.007106449999999831,0.004900999999999711,1.0,0.7,0.5,0.3,0.0,0.5,0.5,0.5,-0.0044449896070456575,0.004260482221533207,-0.005353189607045783,-0.00544018960704562,-0.0005516896070455468,-0.010829489607045755,-0.015228689607045709,0.0,1.0,0.0,0.0,0.1,1.0,1.0,1.0,-0.0014296206463411231,0.005911860109942076,-0.002952439607045665,-0.005390314607045726,-0.0005516896070455468,-0.005452689607045713,-0.005452689607045702,0.1,1.0,0.1,0.0,0.0,0.9,0.9,0.9,0.0,0.014238320646341073,0.14238320646341074,0.025653689607045525,0.030153689607045342,0.008722593117886224,0.008695655848371274,0.009801999999999977,0.0008114827947157677,0.014800499999999994,-0.0032197396070456352,-0.0054026896070457076,0.7,1.0,0.4,0.0,0.0,0.6,0.6,0.6,0.0,0.004086106882113727,0.04086106882113727,0.015743689607045752,0.020153689607045777,0.008722593117886224,0.008695655848371274,0.009801999999999977,0.0008114827947157677,0.014800499999999994,-0.0032197396070456352,-0.0054026896070457076,0.7,1.0,0.4,0.0,0.0,0.6,0.6,0.6,0.0,0.004086106882113727,0.04086106882113727,0.015743689607045752,0.020153689607045777,0.008722593117886224,0.008695655848371274,0.009801999999999977,0.0008114827947157677,0.014800499999999994,-0.0032197396070456352,-0.0054026896070457076,0.7,1.0,0.4,0.0,0.0,0.6,0.6,0.6,0.0,0.004086106882113727,0.04086106882113727,0.015743689607045752,0.020153689607045777,1.0,0.9,0.3,0.3,0.3,0.0,0.9,0.14285714285714285,1.0,0.3,1.0,1.0,0.3,1.0,1.0,0.3,1.0,1.0,0.3,0.6,0.3,0.3,0.3,0.3,0.3,0.0,0.0,0.0,0.0,0.3,0.3,1.0,1.0,1.0,0.3,1.0,1.0,1.0,1.0,1.0,1.0,3,0,0.0,0.0,0.3,0.0,0.0,0.0,0.0,0.0,0.0,0.0,0.0,1.0,0.0,0.0,0.0,0.0,0.0,-0.38705737683273767,6.498337773551511e-21,6.498337773551511e-21,0.0,0.0,0.0,0,0,0,0,C2,0.0,0.0,0.008722593117886224,0.4,0.7,0.3,0.0,0.0,0.008722593117886224
phaseflip,mixed_pauli,0.01,3,0.01,10,qiskit_aer,1,1,0.9870574,0.9540574,0.03333333333333333,0.0,0.7,1.0,0.0,0.0,0.012808699999999928,0.005062660245365023,0.012276500000000135,0.009802000000000033,0.014800499999999939,0.007106449999999831,0.004900999999999711,1.0,0.7,0.5,0.2,0.0,0.2,0.2,0.5,-0.0044449896070456575,0.004260482221533207,-0.005353189607045783,-0.00544018960704562,-0.0005516896070455468,-0.010829489607045755,-0.015228689607045709,0.0,1.0,0.0,0.0,0.1,0.7,0.7,1.0,-0.0023742516856365527,0.007171299660137759,-0.005353189607045783,-0.00544018960704562,-0.0005516896070455468,-0.010829489607045755,-0.015228689607045709,0.2,1.0,0.0,0.0,0.1,0.7,0.7,1.0,0.0,0.015182951685636482,0.1518295168563648,0.030153689607045342,0.030153689607045342,0.008722593117886202,0.008695655848371259,0.009801999999999977,0.0008114827947157677,0.014800499999999939,-0.0032197396070456352,-0.0054026896070457076,0.7,1.0,0.4,0.0,0.0,0.3,0.3,0.6,0.0,0.004086106882113727,0.04086106882113727,0.015743689607045752,0.020153689607045777,0.008722593117886202,0.008695655848371259,0.009801999999999977,0.0008114827947157677,0.014800499999999939,-0.0032197396070456352,-0.0054026896070457076,0.7,1.0,0.4,0.0,0.0,0.3,0.3,0.6,0.0,0.004086106882113727,0.04086106882113727,0.015743689607045752,0.020153689607045777,0.008722593117886202,0.008695655848371259,0.009801999999999977,0.0008114827947157677,0.014800499999999939,-0.0032197396070456352,-0.0054026896070457076,0.7,1.0,0.4,0.0,0.0,0.3,0.3,0.6,0.0,0.004086106882113727,0.04086106882113727,0.015743689607045752,0.020153689607045777,1.0,0.8,0.3,0.3,0.3,0.0,0.8,0.25,1.0,0.3,0.875,1.0,0.3,0.875,1.0,0.3,0.875,1.0,0.3,0.5,0.3,0.3,0.3,0.3,0.3,0.0,0.0,0.0,0.0,0.3,0.3,1.0,1.0,1.0,0.3,1.0,1.0,1.0,1.0,1.0,1.0,3,0,0.0,0.0,0.3,0.0,0.0,0.0,0.0,0.0,0.0,0.0,0.0,1.0,0.0,0.0,0.0,0.0,0.0,-0.35405737577795854,6.498337773551511e-21,6.498337773551511e-21,0.0,0.01,0.01,0,0,0,0,C2,0.0,0.0,0.008722593117886202,0.4,0.7,0.3,0.0,0.0,0.008722593117886202
phaseflip,mixed_pauli,0.01,3,0.03,10,qiskit_aer,1,1,0.9870574,0.8992201888888889,0.08888888888888888,0.0,0.4,1.0,0.0,0.0,0.01280869999999995,0.005062660245365031,0.012276500000000135,0.009802000000000033,0.014800499999999994,0.007106449999999831,0.004900999999999711,1.0,0.6,0.5,0.3,0.0,0.1,0.1,0.5,-0.0044449896070456575,0.004260482221533207,-0.005353189607045783,-0.00544018960704562,-0.0005516896070455468,-0.010829489607045755,-0.015228689607045709,0.0,1.0,0.0,0.0,0.1,0.4,0.4,1.0,0.006707224157181646,0.00936330012926676,0.007351499999999844,-0.0005516896070455468,0.01355087499999999,-0.005380414607045742,-0.0054026896070457076,0.6,1.0,0.3,0.0,0.0,0.3,0.3,0.7,0.0,0.006101475842818305,0.06101475842818305,0.020153689607045777,0.020153689607045777,0.006707224157181646,0.00936330012926676,0.007351499999999844,-0.0005516896070455468,0.01355087499999999,-0.005380414607045742,-0.0054026896070457076,0.6,1.0,0.3,0.0,0.0,0.3,0.3,0.7,0.0,0.006101475842818305,0.06101475842818305,0.020153689607045777,0.020153689607045777,0.006707224157181646,0.00936330012926676,0.007351499999999844,-0.0005516896070455468,0.01355087499999999,-0.005380414607045742,-0.0054026896070457076,0.6,1.0,0.3,0.0,0.0,0.3,0.3,0.7,0.0,0.006101475842818305,0.06101475842818305,0.020153689607045777,0.020153689607045777,0.006707224157181646,0.00936330012926676,0.007351499999999844,-0.0005516896070455468,0.01355087499999999,-0.005380414607045742,-0.0054026896070457076,0.6,1.0,0.3,0.0,0.0,0.3,0.3,0.7,0.0,0.006101475842818305,0.06101475842818305,0.020153689607045777,0.020153689607045777,1.0,0.4,0.4,0.4,0.4,0.0,0.4,0.8571428571428571,1.0,0.4,0.8571428571428571,1.0,0.4,0.8571428571428571,1.0,0.4,0.8571428571428571,1.0,0.4,0.0,0.4,0.4,0.4,0.4,0.4,0.0,0.0,0.0,0.0,0.4,0.4,1.0,1.0,1.0,0.4,1.0,1.0,1.0,1.0,1.0,1.0,4,0,0.0,0.0,0.4,0.0,0.0,0.0,0.0,0.0,0.0,0.0,0.0,1.0,0.0,0.0,0.0,0.0,0.0,-0.09922016398314862,0.015415664512458307,0.015415664512458307,0.0,0.03,0.03,0,0,0,0,C1,0.0,0.0,0.006707224157181646,0.3,0.6,0.4,0.0,0.0,0.006707224157181646
phaseflip,mixed_pauli,0.01,3,0.05,10,qiskit_aer,1,1,0.9870574,0.8774385333333333,0.1111111111111111,0.0,0.4,1.0,0.0,0.0,0.01280869999999995,0.005062660245365031,0.012276500000000135,0.009802000000000033,0.014800499999999994,0.007106449999999831,0.004900999999999711,1.0,0.7,0.5,0.2,0.0,0.1,0.1,0.5,-0.0044449896070456575,0.004260482221533207,-0.005353189607045783,-0.00544018960704562,-0.0005516896070455468,-0.010829489607045755,-0.015228689607045709,0.0,1.0,0.0,0.0,0.1,0.4,0.4,1.0,0.006707224157181646,0.00936330012926676,0.007351499999999844,-0.0005516896070455468,0.01355087499999999,-0.005380414607045742,-0.0054026896070457076,0.6,1.0,0.3,0.0,0.0,0.3,0.3,0.7,0.0,0.006101475842818305,0.06101475842818305,0.020153689607045777,0.020153689607045777,0.008722593117886224,0.008695655848371274,0.009801999999999977,0.0008114827947157677,0.014800499999999994,-0.0032197396070456352,-0.0054026896070457076,0.7,1.0,0.4,0.0,0.0,0.2,0.2,0.6,0.0,0.004086106882113727,0.04086106882113727,0.015743689607045752,0.020153689607045777,0.008722593117886224,0.008695655848371274,0.009801999999999977,0.0008114827947157677,0.014800499999999994,-0.0032197396070456352,-0.0054026896070457076,0.7,1.0,0.4,0.0,0.0,0.2,0.2,0.6,0.0,0.004086106882113727,0.04086106882113727,0.015743689607045752,0.020153689607045777,0.008722593117886224,0.008695655848371274,0.009801999999999977,0.0008114827947157677,0.014800499999999994,-0.0032197396070456352,-0.0054026896070457076,0.7,1.0,0.4,0.0,0.0,0.2,0.2,0.6,0.0,0.004086106882113727,0.04086106882113727,0.015743689607045752,0.020153689607045777,1.0,0.4,0.3,0.3,0.3,0.0,0.4,0.75,1.0,0.3,0.875,1.0,0.3,0.875,1.0,0.3,0.875,1.0,0.3,0.1,0.3,0.3,0.3,0.3,0.3,0.0,0.0,0.0,0.0,0.3,0.3,1.0,1.0,1.0,0.3,1.0,1.0,1.0,1.0,1.0,1.0,3,0,0.0,0.0,0.3,0.0,0.0,0.0,0.0,0.0,0.0,0.0,0.0,1.0,0.0,0.0,0.0,0.0,0.0,-0.27743851224527594,6.498337773551511e-21,6.498337773551511e-21,0.0,0.05,0.05,0,0,0,0,C2,0.0,0.0,0.008722593117886224,0.4,0.7,0.3,0.0,0.0,0.008722593117886224
phaseflip,mixed_pauli,0.01,3,0.1,10,qiskit_aer,1,1,0.9870574,0.7786010444444444,0.2111111111111111,0.0,0.2,1.0,0.0,0.0,0.012808699999999973,0.005062660245364997,0.012276500000000135,0.009802000000000033,0.014800499999999994,0.007106449999999953,0.004900999999999933,1.0,0.5,0.5,0.1,0.0,0.0,0.0,0.5,-0.0044449896070456575,0.004260482221533207,-0.005353189607045783,-0.00544018960704562,-0.0005516896070455468,-0.010829489607045755,-0.015228689607045709,0.0,1.0,0.0,0.0,0.1,0.2,0.2,1.0,0.0006764862357725998,0.008664617134534753,-0.0005516896070455468,-0.005390314607045726,0.008576749999999966,-0.010829489607045654,-0.015228689607045709,0.4,1.0,0.1,0.0,0.1,0.2,0.2,0.9,0.0,0.012132213764227373,0.12132213764227373,0.030153689607045342,0.030153689607045342,0.0026918551964771774,0.009344889268716003,0.002174655196477193,-0.004189939607045667,0.009801999999999977,-0.010829489607045654,-0.015228689607045709,0.5,1.0,0.2,0.0,0.1,0.1,0.1,0.8,0.0,0.010116844803522795,0.10116844803522795,0.030153689607045342,0.030153689607045342,0.0026918551964771774,0.009344889268716003,0.002174655196477193,-0.004189939607045667,0.009801999999999977,-0.010829489607045654,-0.015228689607045709,0.5,1.0,0.2,0.0,0.1,0.1,0.1,0.8,0.0,0.010116844803522795,0.10116844803522795,0.030153689607045342,0.030153689607045342,0.0026918551964771774,0.009344889268716003,0.002174655196477193,-0.004189939607045667,0.009801999999999977,-0.010829489607045654,-0.015228689607045709,0.5,1.0,0.2,0.0,0.1,0.1,0.1,0.8,0.0,0.010116844803522795,0.10116844803522795,0.030153689607045342,0.030153689607045342,1.0,0.6,0.5,0.5,0.5,0.0,0.6,0.4444444444444444,1.0,0.5,0.5555555555555556,1.0,0.5,0.5555555555555556,1.0,0.5,0.5555555555555556,1.0,0.5,0.1,0.5,0.5,0.5,0.5,0.5,0.0,0.0,0.0,0.0,0.5,0.5,1.0,1.0,1.0,0.5,1.0,1.0,1.0,1.0,1.0,1.0,5,0,0.0,0.0,0.5,0.0,0.0,0.0,0.0,0.0,0.0,0.0,0.0,1.0,0.0,0.0,0.0,0.0,0.0,0.22139897981110346,0.01099959828365556,0.01099959828365556,0.0,0.1,0.1,0,0,0,0,C2,0.1,0.0,0.0026918551964771774,0.2,0.5,0.5,0.1,0.0,0.0026918551964771774
phaseflip,mixed_pauli,0.01,4,0.0,10,qiskit_aer,1,1,0.982649401,0.982649401,0.0,0.0,1.0,1.0,0.0,0.0,0.017094557999999937,0.005907666023340829,0.014714869999999936,0.014653989999999839,0.019481474999999998,0.00972712349999994,0.009705960000000013,1.0,0.9,0.3,0.1,0.0,0.7,0.7,0.7,0.0037612683929543313,0.004553711682236412,0.004300300392954259,0.000600047892954314,0.007792277892954391,-0.0032614816070456907,-0.00537793960704569,0.7,1.0,0.0,0.0,0.0,1.0,1.0,1.0,0.007847375275068036,0.00837298936536313,0.009005270392954456,0.0006245503929543095,0.013278565098238437,-0.0032614816070456907,-0.00537793960704569,0.7,1.0,0.1,0.0,0.0,0.9,0.9,0.9,0.0,0.009247182724931902,0.09247182724931902,0.025653689607045428,0.030153689607045342,0.016059189039295364,0.006305392022514184,0.014653990000000006,0.010978239999999834,0.01832342249999991,0.009347530716124968,0.009054270392954478,1.0,1.0,0.3,0.0,0.0,0.7,0.7,0.7,0.0,0.0010353689607045745,0.010353689607045746,0.005694529283875149,0.010353689607045746,0.016059189039295364,0.006305392022514184,0.014653990000000006,0.010978239999999834,0.01832342249999991,0.009347530716124968,0.009054270392954478,1.0,1.0,0.3,0.0,0.0,0.7,0.7,0.7,0.0,0.0010353689607045745,0.010353689607045746,0.005694529283875149,0.010353689607045746,0.016059189039295364,0.006305392022514184,0.014653990000000006,0.010978239999999834,0.01832342249999991,0.009347530716124968,0.009054270392954478,1.0,1.0,0.3,0.0,0.0,0.7,0.7,0.7,0.0,0.0010353689607045745,0.010353689607045746,0.005694529283875149,0.010353689607045746,0.9,0.7,0.1,0.1,0.1,0.0,0.7,0.3333333333333333,1.0,0.1,1.0,1.0,0.1,1.0,1.0,0.1,1.0,1.0,0.1,0.6,0.1,0.1,0.1,0.1,0.1,0.0,0.0,0.0,0.0,0.1,0.1,1.0,1.0,1.0,0.1,1.0,1.0,1.0,1.0,1.0,1.0,1,0,0.0,0.0,0.1,0.0,0.0,0.0,0.0,0.0,0.0,0.0,0.0,1.0,0.0,0.0,0.0,0.0,0.0,-0.7826493879364952,2.166112591183837e-21,2.166112591183837e-21,0.0,0.0,0.0,0,0,0,0,C2,0.0,0.0,0.016059189039295364,0.3,1.0,0.1,0.0,0.0,0.016059189039295364
phaseflip,mixed_pauli,0.01,4,0.01,10,qiskit_aer,1,1,0.982649401,0.971704401,0.01111111111111111,0.0,0.9,1.0,0.0,0.0,0.017094557999999916,0.005907666023340838,0.014714869999999936,0.014653989999999784,0.019481474999999998,0.00972712349999994,0.009705960000000013,1.0,0.7,0.3,0.2,0.0,0.6,0.6,0.7,0.0037612683929543313,0.004553711682236412,0.004300300392954259,0.000600047892954314,0.007792277892954391,-0.0032614816070456907,-0.00537793960704569,0.7,1.0,0.0,0.0,0.0,0.9,0.9,1.0,0.006812006314363461,0.008103094202109449,0.006628285392954347,0.0006245503929543095,0.009127785392954418,-0.0032614816070456907,-0.00537793960704569,0.7,1.0,0.1,0.0,0.0,0.8,0.8,0.9,0.0,0.010282551685636455,0.10282551685636454,0.025653689607045428,0.030153689607045342,0.013988451117886236,0.0072582497134314845,0.012203489999999817,0.009290707794715802,0.0147453099999999,0.006439586892954358,0.004300300392954259,1.0,1.0,0.3,0.0,0.0,0.6,0.6,0.7,0.0,0.0031061068821136794,0.031061068821136795,0.010353689607045646,0.010353689607045599,0.013988451117886236,0.0072582497134314845,0.012203489999999817,0.009290707794715802,0.0147453099999999,0.006439586892954358,0.004300300392954259,1.0,1.0,0.3,0.0,0.0,0.6,0.6,0.7,0.0,0.0031061068821136794,0.031061068821136795,0.010353689607045646,0.010353689607045599,0.013988451117886236,0.0072582497134314845,0.012203489999999817,0.009290707794715802,0.0147453099999999,0.006439586892954358,0.004300300392954259,1.0,1.0,0.3,0.0,0.0,0.6,0.6,0.7,0.0,0.0031061068821136794,0.031061068821136795,0.010353689607045646,0.010353689607045599,0.9,0.8,0.3,0.3,0.3,0.0,0.8,0.25,1.0,0.3,0.875,1.0,0.3,0.875,1.0,0.3,0.875,1.0,0.3,0.5,0.3,0.3,0.3,0.3,0.3,0.0,0.0,0.0,0.0,0.3,0.3,1.0,1.0,1.0,0.3,1.0,1.0,1.0,1.0,1.0,1.0,3,0,0.0,0.0,0.3,0.0,0.0,0.0,0.0,0.0,0.0,0.0,0.0,1.0,0.0,0.0,0.0,0.0,0.0,-0.3717043815817504,0.04988485557528173,0.04988485557528173,0.0,0.01,0.01,0,0,0,0,C2,0.0,0.0,0.013988451117886236,0.3,1.0,0.3,0.0,0.0,0.013988451117886236
phaseflip,mixed_pauli,0.01,4,0.03,10,qiskit_aer,1,1,0.982649401,0.9280866454444444,0.05555555555555555,0.0,0.7,1.0,0.0,0.0,0.017094557999999937,0.005907666023340829,0.014714870000000047,0.014653989999999784,0.019481474999999998,0.00972712349999994,0.009705960000000013,1.0,0.7,0.3,0.2,0.0,0.5,0.5,0.7,0.0037612683929543313,0.004553711682236412,0.004300300392954259,0.000600047892954314,0.007792277892954391,-0.0032614816070456907,-0.00537793960704569,0.7,1.0,0.0,0.0,0.0,0.7,0.7,1.0,0.007847375275068014,0.00837298936536311,0.009005270392954456,0.0006245503929543095,0.013278565098238437,-0.0032614816070456907,-0.00537793960704569,0.7,1.0,0.1,0.0,0.0,0.7,0.7,0.9,0.0,0.009247182724931923,0.09247182724931924,0.025653689607045525,0.030153689607045342,0.013988451117886236,0.0072582497134314845,0.012203489999999817,0.009290707794715802,0.014745310000000011,0.006439586892954358,0.004300300392954259,1.0,1.0,0.3,0.0,0.0,0.5,0.5,0.7,0.0,0.0031061068821137015,0.031061068821137017,0.010353689607045746,0.010353689607045672,0.013988451117886236,0.0072582497134314845,0.012203489999999817,0.009290707794715802,0.014745310000000011,0.006439586892954358,0.004300300392954259,1.0,1.0,0.3,0.0,0.0,0.5,0.5,0.7,0.0,0.0031061068821137015,0.031061068821137017,0.010353689607045746,0.010353689607045672,0.013988451117886236,0.0072582497134314845,0.012203489999999817,0.009290707794715802,0.014745310000000011,0.006439586892954358,0.004300300392954259,1.0,1.0,0.3,0.0,0.0,0.5,0.5,0.7,0.0,0.0031061068821137015,0.031061068821137017,0.010353689607045746,0.010353689607045672,0.9,0.7,0.3,0.3,0.3,0.0,0.7,0.375,1.0,0.3,0.875,1.0,0.3,0.875,1.0,0.3,0.875,1.0,0.3,0.4,0.3,0.3,0.3,0.3,0.3,0.0,0.0,0.0,0.0,0.3,0.3,1.0,1.0,1.0,0.3,1.0,1.0,1.0,1.0,1.0,1.0,3,0,0.0,0.0,0.3,0.0,0.0,0.0,0.0,0.0,0.0,0.0,0.0,1.0,0.0,0.0,0.0,0.0,0.0,-0.3280866277924306,0.015415664512458307,0.015415664512458307,0.0,0.03,0.03,0,0,0,0,C2,0.0,0.0,0.013988451117886236,0.3,1.0,0.3,0.0,0.0,0.013988451117886236
phaseflip,mixed_pauli,0.01,4,0.05,10,qiskit_aer,1,1,0.982649401,0.8842508121111111,0.09999999999999999,0.0,0.4,1.0,0.0,0.0,0.017094557999999982,0.005907666023340811,0.014714870000000047,0.014653990000000006,0.019481474999999998,0.00972712349999994,0.009705960000000013,1.0,0.9,0.3,0.1,0.0,0.3,0.3,0.7,0.0037612683929543313,0.004553711682236412,0.004300300392954259,0.000600047892954314,0.007792277892954391,-0.0032614816070456907,-0.00537793960704569,0.7,1.0,0.0,0.0,0.0,0.4,0.4,1.0,0.010973082157181725,0.007151367565230202,0.009729474999999932,0.005488792892954314,0.014745310000000067,0.0015640503929542859,-0.0006746996070456923,0.9,1.0,0.2,0.0,0.0,0.4,0.4,0.8,0.0,0.006121475842818258,0.06121475842818258,0.0212436896070455,0.030153689607045342,0.01605918903929541,0.006305392022514175,0.014653990000000006,0.01097823999999989,0.018323422499999964,0.009347530716124968,0.009054270392954478,1.0,1.0,0.3,0.0,0.0,0.3,0.3,0.7,0.0,0.0010353689607045745,0.010353689607045746,0.005694529283875149,0.010353689607045746,0.01605918903929541,0.006305392022514175,0.014653990000000006,0.01097823999999989,0.018323422499999964,0.009347530716124968,0.009054270392954478,1.0,1.0,0.3,0.0,0.0,0.3,0.3,0.7,0.0,0.0010353689607045745,0.010353689607045746,0.005694529283875149,0.010353689607045746,0.01605918903929541,0.006305392022514175,0.014653990000000006,0.01097823999999989,0.018323422499999964,0.009347530716124968,0.009054270392954478,1.0,1.0,0.3,0.0,0.0,0.3,0.3,0.7,0.0,0.0010353689607045745,0.010353689607045746,0.005694529283875149,0.010353689607045746,0.9,0.4,0.1,0.1,0.1,0.0,0.4,0.6666666666666666,1.0,0.1,1.0,1.0,0.1,1.0,1.0,0.1,1.0,1.0,0.1,0.3,0.1,0.1,0.1,0.1,0.1,0.0,0.0,0.0,0.0,0.1,0.1,1.0,1.0,1.0,0.1,1.0,1.0,1.0,1.0,1.0,1.0,1,0,0.0,0.0,0.1,0.0,0.0,0.0,0.0,0.0,0.0,0.0,0.0,1.0,0.0,0.0,0.0,0.0,0.0,-0.684250795587776,2.166112591183837e-21,2.166112591183837e-21,0.0,0.05,0.05,0,0,0,0,C2,0.0,0.0,0.01605918903929541,0.3,1.0,0.1,0.0,0.0,0.01605918903929541
phaseflip,mixed_pauli,0.01,4,0.1,10,qiskit_aer,1,1,0.982649401,0.7093944897777777,0.2777777777777778,0.0,0.0,1.0,0.0,0.0,0.017094557999999982,0.005907666023340829,0.014714870000000047,0.014653989999999839,0.019481475000000165,0.00972712349999994,0.009705960000000013,1.0,0.7,0.3,0.0,0.0,0.0,0.0,0.7,0.0037612683929543313,0.004553711682236412,0.004300300392954259,0.000600047892954314,0.007792277892954391,-0.0032614816070456907,-0.00537793960704569,0.7,1.0,0.0,0.0,0.0,0.0,0.0,1.0,0.013988451117886259,0.007258249713431487,0.012203489999999817,0.009290707794715802,0.014745310000000067,0.006439586892954358,0.004300300392954259,1.0,1.0,0.3,0.0,0.0,0.0,0.0,0.7,0.0,0.003106106882113724,0.03106106882113724,0.010353689607045746,0.010353689607045746,0.013988451117886259,0.007258249713431487,0.012203489999999817,0.009290707794715802,0.014745310000000067,0.006439586892954358,0.004300300392954259,1.0,1.0,0.3,0.0,0.0,0.0,0.0,0.7,0.0,0.003106106882113724,0.03106106882113724,0.010353689607045746,0.010353689607045746,0.013988451117886259,0.007258249713431487,0.012203489999999817,0.009290707794715802,0.014745310000000067,0.006439586892954358,0.004300300392954259,1.0,1.0,0.3,0.0,0.0,0.0,0.0,0.7,0.0,0.003106106882113724,0.03106106882113724,0.010353689607045746,0.010353689607045746,0.013988451117886259,0.007258249713431487,0.012203489999999817,0.009290707794715802,0.014745310000000067,0.006439586892954358,0.004300300392954259,1.0,1.0,0.3,0.0,0.0,0.0,0.0,0.7,0.0,0.003106106882113724,0.03106106882113724,0.010353689607045746,0.010353689607045746,0.9,0.3,0.3,0.3,0.3,0.0,0.3,0.7,0.0,0.3,0.7,0.0,0.3,0.7,0.0,0.3,0.7,0.0,0.3,0.0,0.3,0.3,0.3,0.3,0.3,0.0,0.0,0.0,0.0,0.3,0.3,1.0,1.0,1.0,0.3,1.0,1.0,1.0,1.0,1.0,1.0,3,0,0.0,0.0,0.3,0.0,0.0,0.0,0.0,0.0,0.0,0.0,0.0,1.0,0.0,0.0,0.0,0.0,0.0,-0.10939447042648995,0.0440602602494751,0.0440602602494751,0.0,0.1,0.1,0,0,0,0,C1,0.0,0.0,0.013988451117886259,0.3,1.0,0.3,0.0,0.0,0.013988451117886259
phaseflip,mixed_pauli,0.03,1,0.0,10,qiskit_aer,1,1,0.9895,0.9895,0.0,0.0,1.0,1.0,0.0,0.0,0.010499999999999898,0.011715374513859893,0.007499999999999896,0.0,0.014999999999999791,0.0,0.0,1.0,0.4,0.5,0.6,0.0,0.5,0.5,0.5,-0.004653689607045541,0.006873863542433766,-0.00015368960704553736,-0.011403689607045547,-0.00015368960704553736,-0.01515368960704555,-0.01515368960704555,0.0,1.0,0.0,0.0,0.3,1.0,1.0,1.0,-0.004653689607045541,0.006873863542433766,-0.00015368960704553736,-0.011403689607045547,-0.00015368960704553736,-0.01515368960704555,-0.01515368960704555,0.0,1.0,0.0,0.0,0.3,1.0,1.0,1.0,0.0,0.01515368960704544,0.1515368960704544,0.030153689607045342,0.030153689607045342,0.007407786235772595,0.010131084610360499,-0.00015368960704553736,-0.00015368960704553736,0.014999999999999791,-0.00015368960704553736,-0.00015368960704553736,0.4,1.0,0.4,0.0,0.0,0.6,0.6,0.6,0.0,0.003092213764227303,0.03092213764227303,0.0166536896070454,0.030153689607045342,0.007407786235772595,0.010131084610360499,-0.00015368960704553736,-0.00015368960704553736,0.014999999999999791,-0.00015368960704553736,-0.00015368960704553736,0.4,1.0,0.4,0.0,0.0,0.6,0.6,0.6,0.0,0.003092213764227303,0.03092213764227303,0.0166536896070454,0.030153689607045342,0.007407786235772595,0.010131084610360499,-0.00015368960704553736,-0.00015368960704553736,0.014999999999999791,-0.00015368960704553736,-0.00015368960704553736,0.4,1.0,0.4,0.0,0.0,0.6,0.6,0.6,0.0,0.003092213764227303,0.03092213764227303,0.0166536896070454,0.030153689607045342,1.0,1.0,0.6,0.6,0.6,0.0,1.0,0.0,1.0,0.6,1.0,1.0,0.6,1.0,1.0,0.6,1.0,1.0,0.6,0.4,0.6,0.6,0.6,0.6,0.6,0.0,0.0,0.0,0.0,0.6,0.6,1.0,1.0,1.0,0.6,1.0,1.0,1.0,1.0,1.0,1.0,6,0,0.0,0.0,0.1,0.0,0.0,0.0,0.0,0.0,0.0,0.0,0.0,1.0,0.0,0.0,0.0,0.0,0.0,0.21050002611089125,0.018171827806813486,0.018171827806813486,0.0,0.0,0.0,0,0,0,0,C2,0.0,0.0,0.007407786235772595,0.4,0.4,0.6,0.0,0.0,0.007407786235772595
phaseflip,mixed_pauli,0.03,1,0.01,10,qiskit_aer,1,1,0.9895,0.9238333333333333,0.03333333333333333,0.0,0.5,1.0,0.0,0.0,0.010499999999999898,0.011715374513859893,0.007499999999999896,0.0,0.014999999999999791,0.0,0.0,1.0,0.4,0.5,0.3,0.0,0.3,0.3,0.5,-0.004653689607045541,0.006873863542433766,-0.00015368960704553736,-0.011403689607045547,-0.00015368960704553736,-0.01515368960704555,-0.01515368960704555,0.0,1.0,0.0,0.0,0.3,0.5,0.5,1.0,0.001377048314363527,0.012511785323383354,-0.00015368960704553736,-0.00015368960704553736,-0.00015368960704553736,-0.01515368960704555,-0.01515368960704555,0.2,1.0,0.2,0.0,0.2,0.5,0.5,0.8,0.0,0.009122951685636371,0.09122951685636371,0.030153689607045342,0.030153689607045342,0.007407786235772595,0.010131084610360499,-0.00015368960704553736,-0.00015368960704553736,0.014999999999999791,-0.00015368960704553736,-0.00015368960704553736,0.4,1.0,0.4,0.0,0.0,0.3,0.3,0.6,0.0,0.003092213764227303,0.03092213764227303,0.0166536896070454,0.030153689607045342,0.007407786235772595,0.010131084610360499,-0.00015368960704553736,-0.00015368960704553736,0.014999999999999791,-0.00015368960704553736,-0.00015368960704553736,0.4,1.0,0.4,0.0,0.0,0.3,0.3,0.6,0.0,0.003092213764227303,0.03092213764227303,0.0166536896070454,0.030153689607045342,0.007407786235772595,0.010131084610360499,-0.00015368960704553736,-0.00015368960704553736,0.014999999999999791,-0.00015368960704553736,-0.00015368960704553736,0.4,1.0,0.4,0.0,0.0,0.3,0.3,0.6,0.0,0.003092213764227303,0.03092213764227303,0.0166536896070454,0.030153689607045342,1.0,0.8,0.6,0.6,0.6,0.0,0.8,0.2857142857142857,1.0,0.6,0.5714285714285714,1.0,0.6,0.5714285714285714,1.0,0.6,0.5714285714285714,1.0,0.6,0.2,0.6,0.6,0.6,0.6,0.6,0.0,0.0,0.0,0.0,0.6,0.6,1.0,1.0,1.0,0.6,1.0,1.0,1.0,1.0,1.0,1.0,6,0,0.0,0.0,0.1,0.0,0.0,0.0,0.0,0.0,0.0,0.0,0.0,1.0,0.0,0.0,0.0,0.0,0.0,0.2761666925868327,0.03499622717099749,0.03499622717099749,0.0,0.01,0.01,0,0,0,0,C2,0.0,0.0,0.007407786235772595,0.4,0.4,0.6,0.0,0.0,0.007407786235772595
phaseflip,mixed_pauli,0.03,1,0.03,10,qiskit_aer,1,1,0.9895,0.8472222222222222,0.1111111111111111,0.0,0.4,1.0,0.0,0.0,0.010499999999999898,0.011715374513859893,0.007499999999999896,0.0,0.014999999999999791,0.0,0.0,1.0,0.3,0.5,0.2,0.0,0.2,0.2,0.5,-0.004653689607045541,0.006873863542433766,-0.00015368960704553736,-0.011403689607045547,-0.00015368960704553736,-0.01515368960704555,-0.01515368960704555,0.0,1.0,0.0,0.0,0.3,0.4,0.4,1.0,-0.0016383206463410072,0.008109210907839793,-0.00015368960704553736,-0.00015368960704553736,-0.00015368960704553736,-0.01515368960704555,-0.01515368960704555,0.1,1.0,0.1,0.0,0.2,0.4,0.4,0.9,0.0,0.012138320646340905,0.12138320646340905,0.030153689607045342,0.030153689607045342,0.004392417275068061,0.006944292968215083,-0.00015368960704553736,-0.00015368960704553736,0.011211577598238459,-0.00015368960704553736,-0.00015368960704553736,0.3,1.0,0.3,0.0,0.0,0.2,0.2,0.7,0.0,0.006107582724931837,0.06107582724931837,0.030153689607045342,0.030153689607045342,0.004392417275068061,0.006944292968215083,-0.00015368960704553736,-0.00015368960704553736,0.011211577598238459,-0.00015368960704553736,-0.00015368960704553736,0.3,1.0,0.3,0.0,0.0,0.2,0.2,0.7,0.0,0.006107582724931837,0.06107582724931837,0.030153689607045342,0.030153689607045342,0.004392417275068061,0.006944292968215083,-0.00015368960704553736,-0.00015368960704553736,0.011211577598238459,-0.00015368960704553736,-0.00015368960704553736,0.3,1.0,0.3,0.0,0.0,0.2,0.2,0.7,0.0,0.006107582724931837,0.06107582724931837,0.030153689607045342,0.030153689607045342,1.0,0.9,0.7,0.7,0.7,0.0,0.9,0.125,1.0,0.7,0.375,1.0,0.7,0.375,1.0,0.7,0.375,1.0,0.7,0.2,0.7,0.7,0.7,0.7,0.7,0.0,0.0,0.0,0.0,0.7,0.7,1.0,1.0,1.0,0.7,1.0,1.0,1.0,1.0,1.0,1.0,7,0,0.0,0.0,0.2,0.0,0.0,0.0,0.0,0.0,0.0,0.0,0.0,1.0,0.0,0.0,0.0,0.0,0.0,0.5527778044778364,0.04573411962343434,0.04573411962343434,0.0,0.03,0.03,0,0,0,0,C2,0.0,0.0,0.004392417275068061,0.3,0.3,0.7,0.0,0.0,0.004392417275068061
phaseflip,mixed_pauli,0.03,1,0.05,10,qiskit_aer,1,1,0.9895,0.8140555555555555,0.15555555555555556,0.0,0.2,1.0,0.0,0.0,0.010499999999999898,0.011715374513859893,0.007499999999999896,0.0,0.014999999999999791,0.0,0.0,1.0,0.4,0.5,0.1,0.0,0.1,0.1,0.5,-0.004653689607045541,0.006873863542433766,-0.00015368960704553736,-0.011403689607045547,-0.00015368960704553736,-0.01515368960704555,-0.01515368960704555,0.0,1.0,0.0,0.0,0.3,0.2,0.2,1.0,0.004392417275068061,0.011776428730711937,-0.00015368960704553736,-0.00015368960704553736,0.011211577598238459,-0.008403689607045545,-0.01515368960704555,0.3,1.0,0.3,0.0,0.1,0.2,0.2,0.7,0.0,0.006107582724931837,0.06107582724931837,0.030153689607045342,0.030153689607045342,0.007407786235772595,0.010131084610360499,-0.00015368960704553736,-0.00015368960704553736,0.014999999999999791,-0.00015368960704553736,-0.00015368960704553736,0.4,1.0,0.4,0.0,0.0,0.1,0.1,0.6,0.0,0.003092213764227303,0.03092213764227303,0.0166536896070454,0.030153689607045342,0.007407786235772595,0.010131084610360499,-0.00015368960704553736,-0.00015368960704553736,0.014999999999999791,-0.00015368960704553736,-0.00015368960704553736,0.4,1.0,0.4,0.0,0.0,0.1,0.1,0.6,0.0,0.003092213764227303,0.03092213764227303,0.0166536896070454,0.030153689607045342,0.007407786235772595,0.010131084610360499,-0.00015368960704553736,-0.00015368960704553736,0.014999999999999791,-0.00015368960704553736,-0.00015368960704553736,0.4,1.0,0.4,0.0,0.0,0.1,0.1,0.6,0.0,0.003092213764227303,0.03092213764227303,0.0166536896070454,0.030153689607045342,1.0,0.7,0.6,0.6,0.6,0.0,0.7,0.3333333333333333,1.0,0.6,0.4444444444444444,1.0,0.6,0.4444444444444444,1.0,0.6,0.4444444444444444,1.0,0.6,0.1,0.6,0.6,0.6,0.6,0.6,0.0,0.0,0.0,0.0,0.6,0.6,1.0,1.0,1.0,0.6,1.0,1.0,1.0,1.0,1.0,1.0,6,0,0.0,0.0,0.1,0.0,0.0,0.0,0.0,0.0,0.0,0.0,0.0,1.0,0.0,0.0,0.0,0.0,0.0,0.38594447055533576,0.018171827806813486,0.018171827806813486,0.0,0.05,0.05,0,0,0,0,C2,0.0,0.0,0.007407786235772595,0.4,0.4,0.6,0.0,0.0,0.007407786235772595
phaseflip,mixed_pauli,0.03,1,0.1,10,qiskit_aer,1,1,0.9895,0.7148888888888889,0.25555555555555554,0.0,0.1,1.0,0.0,0.0,0.010499999999999898,0.011715374513859893,0.007499999999999896,0.0,0.014999999999999791,0.0,0.0,1.0,0.3,0.5,0.0,0.0,0.0,0.0,0.5,-0.004653689607045541,0.006873863542433766,-0.00015368960704553736,-0.011403689607045547,-0.00015368960704553736,-0.01515368960704555,-0.01515368960704555,0.0,1.0,0.0,0.0,0.3,0.1,0.1,1.0,0.001377048314363527,0.008129188345541946,-0.00015368960704553736,-0.00015368960704553736,-0.00015368960704553736,-0.008403689607045545,-0.01515368960704555,0.2,1.0,0.2,0.0,0.1,0.1,0.1,0.8,0.0,0.009122951685636371,0.09122951685636371,0.030153689607045342,0.030153689607045342,0.004392417275068061,0.006944292968215083,-0.00015368960704553736,-0.00015368960704553736,0.011211577598238459,-0.00015368960704553736,-0.00015368960704553736,0.3,1.0,0.3,0.0,0.0,0.0,0.0,0.7,0.0,0.006107582724931837,0.06107582724931837,0.030153689607045342,0.030153689607045342,0.004392417275068061,0.006944292968215083,-0.00015368960704553736,-0.00015368960704553736,0.011211577598238459,-0.00015368960704553736,-0.00015368960704553736,0.3,1.0,0.3,0.0,0.0,0.0,0.0,0.7,0.0,0.006107582724931837,0.06107582724931837,0.030153689607045342,0.030153689607045342,0.004392417275068061,0.006944292968215083,-0.00015368960704553736,-0.00015368960704553736,0.011211577598238459,-0.00015368960704553736,-0.00015368960704553736,0.3,1.0,0.3,0.0,0.0,0.0,0.0,0.7,0.0,0.006107582724931837,0.06107582724931837,0.030153689607045342,0.030153689607045342,1.0,0.8,0.7,0.7,0.7,0.0,0.8,0.2,0.0,0.7,0.3,0.0,0.7,0.3,0.0,0.7,0.3,0.0,0.7,0.1,0.7,0.7,0.7,0.7,0.7,0.0,0.0,0.0,0.0,0.7,0.7,1.0,1.0,1.0,0.7,1.0,1.0,1.0,1.0,1.0,1.0,7,0,0.0,0.0,0.2,0.0,0.0,0.0,0.0,0.0,0.0,0.0,0.0,1.0,0.0,0.0,0.0,0.0,0.0,0.6851111374254789,0.018171827806813496,0.018171827806813496,0.0,0.1,0.1,0,0,0,0,C2,0.0,0.0,0.004392417275068061,0.3,0.3,0.7,0.0,0.0,0.004392417275068061
phaseflip,mixed_pauli,0.03,2,0.0,10,qiskit_aer,1,1,0.9775675,0.9775675,0.0,0.0,1.0,1.0,0.0,0.0,0.02198249999999994,0.013599981847414221,0.029100000000000015,0.01454999999999984,0.029100000000000015,2.220446049250313e-16,2.220446049250313e-16,1.0,0.4,0.2,0.6,0.0,0.8,0.8,0.8,0.021468810392954396,0.009682732375213202,0.028046310392954465,0.014396310392954303,0.028946310392954477,0.0062700603929542525,-0.00037868960704579013,0.9,1.0,0.0,0.0,0.0,1.0,1.0,1.0,0.021468810392954396,0.009682732375213202,0.028046310392954465,0.014396310392954303,0.028946310392954477,0.0062700603929542525,-0.00037868960704579013,0.9,1.0,0.0,0.0,0.0,1.0,1.0,1.0,0.0,0.006122951685636391,0.06122951685636391,0.030153689607045342,0.030153689607045342,0.02453028623577259,0.006618157045716097,0.02849631039295447,0.017924077598238497,0.02906157759823863,0.014396310392954303,0.014396310392954303,1.0,1.0,0.1,0.0,0.0,0.9,0.9,0.9,0.0,0.0030614758428181956,0.030614758428181954,0.0166536896070454,0.030153689607045342,0.02453028623577259,0.006618157045716097,0.02849631039295447,0.017924077598238497,0.02906157759823863,0.014396310392954303,0.014396310392954303,1.0,1.0,0.1,0.0,0.0,0.9,0.9,0.9,0.0,0.0030614758428181956,0.030614758428181954,0.0166536896070454,0.030153689607045342,0.02453028623577259,0.006618157045716097,0.02849631039295447,0.017924077598238497,0.02906157759823863,0.014396310392954303,0.014396310392954303,1.0,1.0,0.1,0.0,0.0,0.9,0.9,0.9,0.0,0.0030614758428181956,0.030614758428181954,0.0166536896070454,0.030153689607045342,0.7,1.0,0.6,0.6,0.6,0.0,1.0,0.0,1.0,0.6,1.0,1.0,0.6,1.0,1.0,0.6,1.0,1.0,0.6,0.4,0.6,0.6,0.6,0.6,0.6,0.0,0.0,0.0,0.0,0.6,0.6,1.0,1.0,1.0,0.6,1.0,1.0,1.0,1.0,1.0,1.0,6,0,0.0,0.0,0.1,0.2,0.0,0.0,0.0,0.0,0.0,0.0,0.0,1.0,0.0,0.0,0.0,0.0,0.0,0.2224325187441804,7.243954109037755e-20,7.243954109037755e-20,0.0,0.0,0.0,0,0,0,0,C2,0.0,0.0,0.02453028623577259,0.1,1.0,0.6,0.0,0.0,0.02453028623577259
phaseflip,mixed_pauli,0.03,2,0.01,10,qiskit_aer,1,1,0.9775675,0.9344513888888889,0.02222222222222222,0.0,0.6,1.0,0.0,0.0,0.02198249999999994,0.013599981847414221,0.029100000000000015,0.01454999999999984,0.029100000000000015,2.220446049250313e-16,2.220446049250313e-16,1.0,0.4,0.2,0.2,0.0,0.5,0.5,0.8,0.021468810392954396,0.009682732375213202,0.028046310392954465,0.014396310392954303,0.028946310392954477,0.0062700603929542525,-0.00037868960704579013,0.9,1.0,0.0,0.0,0.0,0.6,0.6,1.0,0.021468810392954396,0.009682732375213202,0.028046310392954465,0.014396310392954303,0.028946310392954477,0.0062700603929542525,-0.00037868960704579013,0.9,1.0,0.0,0.0,0.0,0.6,0.6,1.0,0.0,0.006122951685636391,0.06122951685636391,0.030153689607045342,0.030153689607045342,0.02453028623577259,0.006618157045716097,0.02849631039295447,0.017924077598238497,0.02906157759823863,0.014396310392954303,0.014396310392954303,1.0,1.0,0.1,0.0,0.0,0.5,0.5,0.9,0.0,0.0030614758428181956,0.030614758428181954,0.0166536896070454,0.030153689607045342,0.02453028623577259,0.006618157045716097,0.02849631039295447,0.017924077598238497,0.02906157759823863,0.014396310392954303,0.014396310392954303,1.0,1.0,0.1,0.0,0.0,0.5,0.5,0.9,0.0,0.0030614758428181956,0.030614758428181954,0.0166536896070454,0.030153689607045342,0.02453028623577259,0.006618157045716097,0.02849631039295447,0.017924077598238497,0.02906157759823863,0.014396310392954303,0.014396310392954303,1.0,1.0,0.1,0.0,0.0,0.5,0.5,0.9,0.0,0.0030614758428181956,0.030614758428181954,0.0166536896070454,0.030153689607045342,0.7,1.0,0.6,0.6,0.6,0.0,1.0,0.0,1.0,0.6,0.5,1.0,0.6,0.5,1.0,0.6,0.5,1.0,0.6,0.4,0.6,0.6,0.6,0.6,0.6,0.0,0.0,0.0,0.0,0.6,0.6,1.0,1.0,1.0,0.6,1.0,1.0,1.0,1.0,1.0,1.0,6,0,0.0,0.0,0.1,0.2,0.0,0.0,0.0,0.0,0.0,0.0,0.0,1.0,0.0,0.0,0.0,0.0,0.0,0.2655486297832618,7.243954109037755e-20,7.243954109037755e-20,0.0,0.01,0.01,0,0,0,0,C2,0.0,0.0,0.02453028623577259,0.1,1.0,0.6,0.0,0.0,0.02453028623577259
phaseflip,mixed_pauli,0.03,2,0.03,10,qiskit_aer,1,1,0.9775675,0.9123958333333333,0.04444444444444444,0.0,0.5,1.0,0.0,0.0,0.02198249999999994,0.013599981847414221,0.029100000000000015,0.01454999999999984,0.029100000000000015,2.220446049250313e-16,2.220446049250313e-16,1.0,0.4,0.2,0.1,0.0,0.4,0.4,0.8,0.021468810392954396,0.009682732375213202,0.028046310392954465,0.014396310392954303,0.028946310392954477,0.0062700603929542525,-0.00037868960704579013,0.9,1.0,0.0,0.0,0.0,0.5,0.5,1.0,0.021468810392954396,0.009682732375213202,0.028046310392954465,0.014396310392954303,0.028946310392954477,0.0062700603929542525,-0.00037868960704579013,0.9,1.0,0.0,0.0,0.0,0.5,0.5,1.0,0.0,0.006122951685636391,0.06122951685636391,0.030153689607045342,0.030153689607045342,0.02453028623577259,0.006618157045716097,0.02849631039295447,0.017924077598238497,0.02906157759823863,0.014396310392954303,0.014396310392954303,1.0,1.0,0.1,0.0,0.0,0.4,0.4,0.9,0.0,0.0030614758428181956,0.030614758428181954,0.0166536896070454,0.030153689607045342,0.02453028623577259,0.006618157045716097,0.02849631039295447,0.017924077598238497,0.02906157759823863,0.014396310392954303,0.014396310392954303,1.0,1.0,0.1,0.0,0.0,0.4,0.4,0.9,0.0,0.0030614758428181956,0.030614758428181954,0.0166536896070454,0.030153689607045342,0.02453028623577259,0.006618157045716097,0.02849631039295447,0.017924077598238497,0.02906157759823863,0.014396310392954303,0.014396310392954303,1.0,1.0,0.1,0.0,0.0,0.4,0.4,0.9,0.0,0.0030614758428181956,0.030614758428181954,0.0166536896070454,0.030153689607045342,0.7,1.0,0.6,0.6,0.6,0.0,1.0,0.0,1.0,0.6,0.5,1.0,0.6,0.5,1.0,0.6,0.5,1.0,0.6,0.4,0.6,0.6,0.6,0.6,0.6,0.0,0.0,0.0,0.0,0.6,0.6,1.0,1.0,1.0,0.6,1.0,1.0,1.0,1.0,1.0,1.0,6,0,0.0,0.0,0.1,0.2,0.0,0.0,0.0,0.0,0.0,0.0,0.0,1.0,0.0,0.0,0.0,0.0,0.0,0.28760418533881743,7.243954109037755e-20,7.243954109037755e-20,0.0,0.03,0.03,0,0,0,0,C2,0.0,0.0,0.02453028623577259,0.1,1.0,0.6,0.0,0.0,0.02453028623577259
phaseflip,mixed_pauli,0.03,2,0.05,10,qiskit_aer,1,1,0.9775675,0.8802241666666667,0.07777777777777778,0.0,0.4,1.0,0.0,0.0,0.02198249999999994,0.013599981847414221,0.029100000000000015,0.01454999999999984,0.029100000000000015,2.220446049250313e-16,2.220446049250313e-16,1.0,0.4,0.2,0.1,0.0,0.3,0.3,0.8,0.021468810392954396,0.009682732375213202,0.028046310392954465,0.014396310392954303,0.028946310392954477,0.0062700603929542525,-0.00037868960704579013,0.9,1.0,0.0,0.0,0.0,0.4,0.4,1.0,0.02148417935365895,0.009694703445795375,0.028046310392954465,0.014396310392954303,0.028946310392954477,0.0062700603929542525,-0.00037868960704579013,0.9,1.0,0.0,0.0,0.0,0.4,0.4,1.0,0.0,0.006107582724931837,0.06107582724931837,0.030153689607045342,0.030153689607045342,0.02453028623577259,0.006618157045716097,0.02849631039295447,0.017924077598238497,0.02906157759823863,0.014396310392954303,0.014396310392954303,1.0,1.0,0.1,0.0,0.0,0.3,0.3,0.9,0.0,0.0030614758428181956,0.030614758428181954,0.0166536896070454,0.030153689607045342,0.02453028623577259,0.006618157045716097,0.02849631039295447,0.017924077598238497,0.02906157759823863,0.014396310392954303,0.014396310392954303,1.0,1.0,0.1,0.0,0.0,0.3,0.3,0.9,0.0,0.0030614758428181956,0.030614758428181954,0.0166536896070454,0.030153689607045342,0.02453028623577259,0.006618157045716097,0.02849631039295447,0.017924077598238497,0.02906157759823863,0.014396310392954303,0.014396310392954303,1.0,1.0,0.1,0.0,0.0,0.3,0.3,0.9,0.0,0.0030614758428181956,0.030614758428181954,0.0166536896070454,0.030153689607045342,0.7,0.9,0.6,0.6,0.6,0.0,0.9,0.125,1.0,0.6,0.5,1.0,0.6,0.5,1.0,0.6,0.5,1.0,0.6,0.3,0.6,0.6,0.6,0.6,0.6,0.0,0.0,0.0,0.0,0.6,0.6,1.0,1.0,1.0,0.6,1.0,1.0,1.0,1.0,1.0,1.0,6,0,0.0,0.0,0.1,0.2,0.0,0.0,0.0,0.0,0.0,0.0,0.0,1.0,0.0,0.0,0.0,0.0,0.0,0.3197758520775138,7.243954109037755e-20,7.243954109037755e-20,0.0,0.05,0.05,0,0,0,0,C2,0.0,0.0,0.02453028623577259,0.1,1.0,0.6,0.0,0.0,0.02453028623577259
phaseflip,mixed_pauli,0.03,2,0.1,10,qiskit_aer,1,1,0.9775675,0.7604994444444445,0.19999999999999998,0.0,0.0,1.0,0.0,0.0,0.02198249999999994,0.013599981847414221,0.029100000000000015,0.01454999999999984,0.029100000000000015,2.220446049250313e-16,2.220446049250313e-16,1.0,0.4,0.2,0.0,0.0,0.0,0.0,0.8,0.021468810392954396,0.009682732375213202,0.028046310392954465,0.014396310392954303,0.028946310392954477,0.0062700603929542525,-0.00037868960704579013,0.9,1.0,0.0,0.0,0.0,0.0,0.0,1.0,0.02453028623577259,0.006618157045716097,0.02849631039295447,0.017924077598238497,0.02906157759823863,0.014396310392954303,0.014396310392954303,1.0,1.0,0.1,0.0,0.0,0.0,0.0,0.9,0.0,0.0030614758428181956,0.030614758428181954,0.0166536896070454,0.030153689607045342,0.02453028623577259,0.006618157045716097,0.02849631039295447,0.017924077598238497,0.02906157759823863,0.014396310392954303,0.014396310392954303,1.0,1.0,0.1,0.0,0.0,0.0,0.0,0.9,0.0,0.0030614758428181956,0.030614758428181954,0.0166536896070454,0.030153689607045342,0.02453028623577259,0.006618157045716097,0.02849631039295447,0.017924077598238497,0.02906157759823863,0.014396310392954303,0.014396310392954303,1.0,1.0,0.1,0.0,0.0,0.0,0.0,0.9,0.0,0.0030614758428181956,0.030614758428181954,0.0166536896070454,0.030153689607045342,0.02453028623577259,0.006618157045716097,0.02849631039295447,0.017924077598238497,0.02906157759823863,0.014396310392954303,0.014396310392954303,1.0,1.0,0.1,0.0,0.0,0.0,0.0,0.9,0.0,0.0030614758428181956,0.030614758428181954,0.0166536896070454,0.030153689607045342,0.7,0.6,0.6,0.6,0.6,0.0,0.6,0.5,1.0,0.6,0.5,1.0,0.6,0.5,1.0,0.6,0.5,1.0,0.6,0.0,0.6,0.6,0.6,0.6,0.6,0.0,0.0,0.0,0.0,0.6,0.6,1.0,1.0,1.0,0.6,1.0,1.0,1.0,1.0,1.0,1.0,6,0,0.0,0.0,0.1,0.2,0.0,0.0,0.0,0.0,0.0,0.0,0.0,1.0,0.0,0.0,0.0,0.0,0.0,0.43950057435058704,7.120694592596972e-20,7.120694592596972e-20,0.0,0.1,0.1,0,0,0,0,C1,0.0,0.0,0.02453028623577259,0.1,1.0,0.6,0.0,0.0,0.02453028623577259
phaseflip,mixed_pauli,0.03,3,0.0,10,qiskit_aer,1,1,0.9615148000000001,0.9615148000000001,0.0,0.0,1.0,1.0,0.0,0.0,0.03729990000000012,0.014968253874116252,0.0355155000000002,0.028254000000000223,0.04321350000000024,0.02048415000000022,0.014127000000000223,1.0,0.5,0.2,0.5,0.0,0.8,0.8,0.8,0.04524621039295444,0.012205521866761831,0.04305981039295448,0.042285810392954454,0.05630031039295447,0.02677221039295436,0.014171310392954273,1.0,1.0,0.0,0.0,0.0,1.0,1.0,1.0,0.039636948314363596,0.012280853407616593,0.04239831039295444,0.031733827598238784,0.04305981039295448,0.02050852071612495,0.014171310392954273,1.0,1.0,0.0,0.0,0.0,1.0,1.0,1.0,0.0,0.011686106882113644,0.11686106882113645,0.030153689607045342,0.030153689607045342,0.04286305519647724,0.01576110953877288,0.04305981039295448,0.03184632759823877,0.053306482794715754,0.02048415000000022,0.014127000000000223,1.0,1.0,0.2,0.0,0.0,0.8,0.8,0.8,0.0,0.00846,0.08460000000000001,0.028046310392954243,0.028046310392954243,0.04286305519647724,0.01576110953877288,0.04305981039295448,0.03184632759823877,0.053306482794715754,0.02048415000000022,0.014127000000000223,1.0,1.0,0.2,0.0,0.0,0.8,0.8,0.8,0.0,0.00846,0.08460000000000001,0.028046310392954243,0.028046310392954243,0.04286305519647724,0.01576110953877288,0.04305981039295448,0.03184632759823877,0.053306482794715754,0.02048415000000022,0.014127000000000223,1.0,1.0,0.2,0.0,0.0,0.8,0.8,0.8,0.0,0.00846,0.08460000000000001,0.028046310392954243,0.028046310392954243,1.0,0.8,0.5,0.5,0.5,0.0,0.8,0.0,0.75,0.5,1.0,0.625,0.5,1.0,0.625,0.5,1.0,0.625,0.5,0.3,0.5,0.5,0.5,0.5,0.5,0.0,0.0,0.0,0.0,0.5,0.5,1.0,1.0,1.0,0.5,1.0,1.0,1.0,1.0,1.0,1.0,5,0,0.0,0.0,0.0,0.2,0.0,0.0,0.0,0.0,0.0,0.0,0.0,1.0,0.0,0.0,0.0,0.0,0.0,0.038485204840212915,0.028158761385438224,0.028158761385438224,0.0,0.0,0.0,0,0,0,0,C2,0.0,0.0,0.04286305519647724,0.2,1.0,0.5,0.0,0.0,0.04286305519647724
phaseflip,mixed_pauli,0.03,3,0.01,10,qiskit_aer,1,1,0.9615148000000001,0.9076259111111111,0.03333333333333333,0.0,0.6,1.0,0.0,0.0,0.03729990000000012,0.014968253874116252,0.0355155000000002,0.028254000000000223,0.04321350000000024,0.02048415000000022,0.014127000000000223,1.0,0.5,0.2,0.4,0.0,0.4,0.4,0.8,0.04524621039295444,0.012205521866761831,0.04305981039295448,0.042285810392954454,0.05630031039295447,0.02677221039295436,0.014171310392954273,1.0,1.0,0.0,0.0,0.0,0.6,0.6,1.0,0.03683231727506817,0.011320061519678836,0.042173310392954466,0.028254000000000223,0.04295068539295446,0.02050852071612495,0.014171310392954273,1.0,1.0,0.0,0.0,0.0,0.6,0.6,1.0,0.0,0.014490737921409069,0.1449073792140907,0.030153689607045342,0.030153689607045342,0.037043055196477284,0.011448223049711251,0.04239831039295444,0.028254000000000223,0.04305981039295448,0.02048415000000022,0.014127000000000223,1.0,1.0,0.1,0.0,0.0,0.5,0.5,0.9,0.0,0.01427999999999996,0.1427999999999996,0.029205368960704345,0.030153689607045342,0.037043055196477284,0.011448223049711251,0.04239831039295444,0.028254000000000223,0.04305981039295448,0.02048415000000022,0.014127000000000223,1.0,1.0,0.1,0.0,0.0,0.5,0.5,0.9,0.0,0.01427999999999996,0.1427999999999996,0.029205368960704345,0.030153689607045342,0.037043055196477284,0.011448223049711251,0.04239831039295444,0.028254000000000223,0.04305981039295448,0.02048415000000022,0.014127000000000223,1.0,1.0,0.1,0.0,0.0,0.5,0.5,0.9,0.0,0.01427999999999996,0.1427999999999996,0.029205368960704345,0.030153689607045342,1.0,0.7,0.5,0.5,0.5,0.0,0.7,0.0,0.6666666666666666,0.5,1.0,0.5555555555555556,0.5,1.0,0.5555555555555556,0.5,1.0,0.5555555555555556,0.5,0.2,0.5,0.5,0.5,0.5,0.5,0.0,0.0,0.0,0.0,0.5,0.5,1.0,1.0,1.0,0.5,1.0,1.0,1.0,1.0,1.0,1.0,5,0,0.0,0.0,0.1,0.1,0.0,0.0,0.0,0.0,0.0,0.0,0.0,1.0,0.0,0.0,0.0,0.0,0.0,0.09237409349106189,0.02093183766884686,0.02093183766884686,0.0,0.01,0.01,0,0,0,0,C2,0.0,0.0,0.037043055196477284,0.1,1.0,0.5,0.0,0.0,0.037043055196477284
phaseflip,mixed_pauli,0.03,3,0.03,10,qiskit_aer,1,1,0.9615148000000001,0.8542023222222223,0.08888888888888888,0.0,0.3,1.0,0.0,0.0,0.03729990000000012,0.014968253874116252,0.0355155000000002,0.028254000000000223,0.04321350000000024,0.02048415000000022,0.014127000000000223,1.0,0.5,0.2,0.2,0.0,0.2,0.2,0.8,0.04524621039295444,0.012205521866761831,0.04305981039295448,0.042285810392954454,0.05630031039295447,0.02677221039295436,0.014171310392954273,1.0,1.0,0.0,0.0,0.0,0.3,0.3,1.0,0.036847686235772746,0.014407615494320299,0.04239831039295444,0.028254000000000223,0.0431750775982388,0.014146939676829545,0.014127000000000223,1.0,1.0,0.0,0.0,0.0,0.3,0.3,1.0,0.0,0.014475368960704494,0.14475368960704493,0.030153689607045342,0.030153689607045342,0.03986305519647728,0.012355409917902016,0.04284156039295445,0.031733827598238784,0.04404712499999977,0.02048415000000022,0.014127000000000223,1.0,1.0,0.1,0.0,0.0,0.2,0.2,0.9,0.0,0.01145999999999996,0.11459999999999959,0.029205368960704345,0.030153689607045342,0.03986305519647728,0.012355409917902016,0.04284156039295445,0.031733827598238784,0.04404712499999977,0.02048415000000022,0.014127000000000223,1.0,1.0,0.1,0.0,0.0,0.2,0.2,0.9,0.0,0.01145999999999996,0.11459999999999959,0.029205368960704345,0.030153689607045342,0.03986305519647728,0.012355409917902016,0.04284156039295445,0.031733827598238784,0.04404712499999977,0.02048415000000022,0.014127000000000223,1.0,1.0,0.1,0.0,0.0,0.2,0.2,0.9,0.0,0.01145999999999996,0.11459999999999959,0.029205368960704345,0.030153689607045342,0.9,0.6,0.5,0.5,0.5,0.0,0.6,0.3333333333333333,0.5714285714285714,0.5,0.6666666666666666,0.5714285714285714,0.5,0.6666666666666666,0.5714285714285714,0.5,0.6666666666666666,0.5714285714285714,0.5,0.1,0.5,0.5,0.5,0.5,0.5,0.0,0.0,0.0,0.0,0.5,0.5,1.0,1.0,1.0,0.5,1.0,1.0,1.0,1.0,1.0,1.0,5,0,0.0,0.0,0.1,0.2,0.0,0.0,0.0,0.0,0.0,0.0,0.0,1.0,0.0,0.0,0.0,0.0,0.0,0.14579768241139518,0.01572280080046193,0.01572280080046193,0.0,0.03,0.03,0,0,0,0,C2,0.0,0.0,0.03986305519647728,0.1,1.0,0.5,0.0,0.0,0.03986305519647728
phaseflip,mixed_pauli,0.03,3,0.05,10,qiskit_aer,1,1,0.9615148000000001,0.8332787333333334,0.1111111111111111,0.0,0.3,1.0,0.0,0.0,0.03729990000000012,0.014968253874116252,0.0355155000000002,0.028254000000000223,0.04321350000000024,0.02048415000000022,0.014127000000000223,1.0,0.6,0.2,0.2,0.0,0.2,0.2,0.8,0.04524621039295444,0.012205521866761831,0.04305981039295448,0.042285810392954454,0.05630031039295447,0.02677221039295436,0.014171310392954273,1.0,1.0,0.0,0.0,0.0,0.3,0.3,1.0,0.03986305519647728,0.017931226324897288,0.04284156039295445,0.028254000000000223,0.05302860779471591,0.014146939676829545,0.014127000000000223,1.0,1.0,0.1,0.0,0.0,0.3,0.3,0.9,0.0,0.01145999999999996,0.11459999999999959,0.029205368960704345,0.030153689607045342,0.042878424157181814,0.015761368835971762,0.04313665519647736,0.03184632759823877,0.053306482794715754,0.02048415000000022,0.014127000000000223,1.0,1.0,0.2,0.0,0.0,0.2,0.2,0.8,0.0,0.008444631039295426,0.08444631039295425,0.028046310392954243,0.028046310392954243,0.042878424157181814,0.015761368835971762,0.04313665519647736,0.03184632759823877,0.053306482794715754,0.02048415000000022,0.014127000000000223,1.0,1.0,0.2,0.0,0.0,0.2,0.2,0.8,0.0,0.008444631039295426,0.08444631039295425,0.028046310392954243,0.028046310392954243,0.042878424157181814,0.015761368835971762,0.04313665519647736,0.03184632759823877,0.053306482794715754,0.02048415000000022,0.014127000000000223,1.0,1.0,0.2,0.0,0.0,0.2,0.2,0.8,0.0,0.008444631039295426,0.08444631039295425,0.028046310392954243,0.028046310392954243,0.9,0.5,0.4,0.4,0.4,0.0,0.5,0.6666666666666666,0.5714285714285714,0.4,1.0,0.5714285714285714,0.4,1.0,0.5714285714285714,0.4,1.0,0.5714285714285714,0.4,0.1,0.4,0.4,0.4,0.4,0.4,0.0,0.0,0.0,0.0,0.4,0.4,1.0,1.0,1.0,0.4,1.0,1.0,1.0,1.0,1.0,1.0,4,0,0.0,0.0,0.0,0.2,0.0,0.0,0.0,0.0,0.0,0.0,0.0,1.0,0.0,0.0,0.0,0.0,0.0,-0.03327872880257478,0.028158761385438224,0.028158761385438224,0.0,0.05,0.05,0,0,0,0,C2,0.0,0.0,0.042878424157181814,0.2,1.0,0.4,0.0,0.0,0.042878424157181814
phaseflip,mixed_pauli,0.03,3,0.1,10,qiskit_aer,1,1,0.9615148000000001,0.7367415333333334,0.2111111111111111,0.0,0.2,1.0,0.0,0.0,0.03729990000000012,0.014968253874116252,0.0355155000000002,0.028254000000000223,0.04321350000000024,0.02048415000000022,0.014127000000000223,1.0,0.4,0.2,0.2,0.0,0.2,0.2,0.8,0.04524621039295444,0.012205521866761831,0.04305981039295448,0.042285810392954454,0.05630031039295447,0.02677221039295436,0.014171310392954273,1.0,1.0,0.0,0.0,0.0,0.2,0.2,1.0,0.03984768623577271,0.012351327636125332,0.04284156039295445,0.031733827598238784,0.04400870259823833,0.02048415000000022,0.014127000000000223,1.0,1.0,0.1,0.0,0.0,0.2,0.2,0.9,0.0,0.011475368960704535,0.11475368960704535,0.029205368960704345,0.030153689607045342,0.03984768623577271,0.012351327636125332,0.04284156039295445,0.031733827598238784,0.04400870259823833,0.02048415000000022,0.014127000000000223,1.0,1.0,0.1,0.0,0.0,0.2,0.2,0.9,0.0,0.011475368960704535,0.11475368960704535,0.029205368960704345,0.030153689607045342,0.03984768623577271,0.012351327636125332,0.04284156039295445,0.031733827598238784,0.04400870259823833,0.02048415000000022,0.014127000000000223,1.0,1.0,0.1,0.0,0.0,0.2,0.2,0.9,0.0,0.011475368960704535,0.11475368960704535,0.029205368960704345,0.030153689607045342,0.03984768623577271,0.012351327636125332,0.04284156039295445,0.031733827598238784,0.04400870259823833,0.02048415000000022,0.014127000000000223,1.0,1.0,0.1,0.0,0.0,0.2,0.2,0.9,0.0,0.011475368960704535,0.11475368960704535,0.029205368960704345,0.030153689607045342,1.0,0.6,0.6,0.6,0.6,0.0,0.6,0.3333333333333333,0.5714285714285714,0.6,0.3333333333333333,0.5714285714285714,0.6,0.3333333333333333,0.5714285714285714,0.6,0.3333333333333333,0.5714285714285714,0.6,0.0,0.6,0.6,0.6,0.6,0.6,0.0,0.0,0.0,0.0,0.6,0.6,1.0,1.0,1.0,0.6,1.0,1.0,1.0,1.0,1.0,1.0,6,0,0.0,0.0,0.1,0.2,0.0,0.0,0.0,0.0,0.0,0.0,0.0,1.0,0.0,0.0,0.0,0.0,0.0,0.46325847090197586,0.028158761385438224,0.028158761385438224,0.0,0.1,0.1,0,0,0,0,C1,0.0,0.0,0.03984768623577271,0.1,1.0,0.6,0.0,0.0,0.03984768623577271
phaseflip,mixed_pauli,0.03,4,0.0,10,qiskit_aer,1,1,0.9488338810000001,0.9488338810000001,0.0,0.0,1.0,1.0,0.0,0.0,0.04893214800000002,0.017062603855765815,0.04247622000000001,0.04195718999999992,0.05544847500000019,0.027625903500000056,0.027458760000000026,1.0,0.8,0.1,0.2,0.0,0.9,0.9,0.9,0.06816925839295436,0.012727879856362473,0.07000350039295433,0.059196547892954365,0.07901067789295435,0.048415683392954253,0.04284156039295417,1.0,1.0,0.0,0.0,0.0,1.0,1.0,1.0,0.06839536527506804,0.015595945089486023,0.07000350039295433,0.059234970294715805,0.08264757039295437,0.042355156676829424,0.04195719000000009,1.0,1.0,0.1,0.0,0.0,0.9,0.9,0.9,0.0,0.0028200000000000005,0.028200000000000003,0.015494631039295395,0.028046310392954243,0.05172141007859089,0.01987920430766029,0.04239937519647713,0.04195718999999992,0.06589788000000024,0.027625903500000056,0.027458760000000026,1.0,1.0,0.1,0.0,0.0,0.9,0.9,0.9,0.0,0.019493955196477154,0.19493955196477153,0.04262571039295436,0.05455431039295433,0.05172141007859089,0.01987920430766029,0.04239937519647713,0.04195718999999992,0.06589788000000024,0.027625903500000056,0.027458760000000026,1.0,1.0,0.1,0.0,0.0,0.9,0.9,0.9,0.0,0.019493955196477154,0.19493955196477153,0.04262571039295436,0.05455431039295433,0.05172141007859089,0.01987920430766029,0.04239937519647713,0.04195718999999992,0.06589788000000024,0.027625903500000056,0.027458760000000026,1.0,1.0,0.1,0.0,0.0,0.9,0.9,0.9,0.0,0.019493955196477154,0.19493955196477153,0.04262571039295436,0.05455431039295433,0.9,0.7,0.2,0.2,0.2,0.0,0.7,1.0,0.875,0.2,1.0,0.25,0.2,1.0,0.25,0.2,1.0,0.25,0.2,0.5,0.2,0.2,0.2,0.2,0.2,0.0,0.0,0.0,0.0,0.2,0.2,1.0,1.0,1.0,0.2,1.0,1.0,1.0,1.0,1.0,1.0,2,0,0.0,0.0,0.0,0.1,0.0,0.0,0.0,0.0,0.0,0.0,0.0,1.0,0.0,0.0,0.0,0.0,0.0,-0.5488338796307867,1.5425581662038152e-20,1.5425581662038152e-20,0.0,0.0,0.0,0,0,0,0,C1,0.0,0.0,0.06839536527506804,0.1,1.0,0.7,0.0,0.0,0.06839536527506804
phaseflip,mixed_pauli,0.03,4,0.01,10,qiskit_aer,1,1,0.9488338810000001,0.9066614608888889,0.01111111111111111,0.0,0.6,1.0,0.0,0.0,0.048932147999999995,0.017062603855765825,0.04247622000000001,0.04195718999999987,0.05544847500000019,0.027625903500000056,0.027458760000000026,1.0,0.9,0.1,0.1,0.0,0.6,0.6,0.9,0.06816925839295436,0.012727879856362473,0.07000350039295433,0.059196547892954365,0.07901067789295435,0.048415683392954253,0.04284156039295417,1.0,1.0,0.0,0.0,0.0,0.6,0.6,1.0,0.06013530319647716,0.0198413798638294,0.06259344019647728,0.04217828259823861,0.07964517789295436,0.03398305349999996,0.027458760000000026,1.0,1.0,0.1,0.0,0.0,0.6,0.6,0.9,0.0,0.01108006207859088,0.1108006207859088,0.04262571039295436,0.05455431039295433,0.051736779039295445,0.01987239144211174,0.04247622000000001,0.04195718999999987,0.06589788000000024,0.027625903500000056,0.027458760000000026,1.0,1.0,0.1,0.0,0.0,0.6,0.6,0.9,0.0,0.0194785862357726,0.194785862357726,0.04262571039295436,0.05455431039295433,0.051736779039295445,0.01987239144211174,0.04247622000000001,0.04195718999999987,0.06589788000000024,0.027625903500000056,0.027458760000000026,1.0,1.0,0.1,0.0,0.0,0.6,0.6,0.9,0.0,0.0194785862357726,0.194785862357726,0.04262571039295436,0.05455431039295433,0.051736779039295445,0.01987239144211174,0.04247622000000001,0.04195718999999987,0.06589788000000024,0.027625903500000056,0.027458760000000026,1.0,1.0,0.1,0.0,0.0,0.6,0.6,0.9,0.0,0.0194785862357726,0.194785862357726,0.04262571039295436,0.05455431039295433,0.8,0.5,0.1,0.1,0.1,0.0,0.5,0.6666666666666666,0.5714285714285714,0.1,1.0,0.14285714285714285,0.1,1.0,0.14285714285714285,0.1,1.0,0.14285714285714285,0.1,0.4,0.1,0.1,0.1,0.1,0.1,0.0,0.0,0.0,0.0,0.1,0.1,1.0,1.0,1.0,0.1,1.0,1.0,1.0,1.0,1.0,1.0,1,0,0.0,0.0,0.0,0.1,0.0,0.0,0.0,0.0,0.0,0.0,0.0,1.0,0.0,0.0,0.0,0.0,0.0,-0.7066614595122661,2.166112591183837e-21,2.166112591183837e-21,0.0,0.01,0.01,0,0,0,0,C1,0.0,0.0,0.06013530319647716,0.1,1.0,0.5,0.0,0.0,0.06013530319647716
phaseflip,mixed_pauli,0.03,4,0.03,10,qiskit_aer,1,1,0.9488338810000001,0.8646576164444445,0.05555555555555555,0.0,0.4,1.0,0.0,0.0,0.048932147999999995,0.017062603855765825,0.04247622000000001,0.04195718999999987,0.05544847500000019,0.027625903500000056,0.027458760000000026,1.0,0.8,0.1,0.2,0.0,0.4,0.4,0.9,0.06816925839295436,0.012727879856362473,0.07000350039295433,0.059196547892954365,0.07901067789295435,0.048415683392954253,0.04284156039295417,1.0,1.0,0.0,0.0,0.0,0.4,0.4,1.0,0.05733067215718174,0.01822788698557807,0.05576844019647731,0.04217828259823861,0.0698302202947158,0.03398305349999996,0.027458760000000026,1.0,1.0,0.1,0.0,0.0,0.4,0.4,0.9,0.0,0.013884693117886305,0.13884693117886304,0.04262571039295436,0.05455431039295433,0.051721410078590865,0.0198792043076603,0.04239937519647713,0.04195718999999987,0.06589788000000024,0.027625903500000056,0.027458760000000026,1.0,1.0,0.1,0.0,0.0,0.4,0.4,0.9,0.0,0.019493955196477175,0.19493955196477175,0.04262571039295436,0.05455431039295433,0.051721410078590865,0.0198792043076603,0.04239937519647713,0.04195718999999987,0.06589788000000024,0.027625903500000056,0.027458760000000026,1.0,1.0,0.1,0.0,0.0,0.4,0.4,0.9,0.0,0.019493955196477175,0.19493955196477175,0.04262571039295436,0.05455431039295433,0.051721410078590865,0.0198792043076603,0.04239937519647713,0.04195718999999987,0.06589788000000024,0.027625903500000056,0.027458760000000026,1.0,1.0,0.1,0.0,0.0,0.4,0.4,0.9,0.0,0.019493955196477175,0.19493955196477175,0.04262571039295436,0.05455431039295433,0.9,0.4,0.2,0.2,0.2,0.0,0.4,1.0,0.5,0.2,1.0,0.25,0.2,1.0,0.25,0.2,1.0,0.25,0.2,0.2,0.2,0.2,0.2,0.2,0.2,0.0,0.0,0.0,0.0,0.2,0.2,1.0,1.0,1.0,0.2,1.0,1.0,1.0,1.0,1.0,1.0,2,0,0.0,0.0,0.0,0.1,0.0,0.0,0.0,0.0,0.0,0.0,0.0,1.0,0.0,0.0,0.0,0.0,0.0,-0.46465761504979514,1.5425581662038152e-20,1.5425581662038152e-20,0.0,0.03,0.03,0,0,0,0,C1,0.0,0.0,0.05733067215718174,0.1,1.0,0.4,0.0,0.0,0.05733067215718174
phaseflip,mixed_pauli,0.03,4,0.05,10,qiskit_aer,1,1,0.9488338810000001,0.843579560888889,0.09999999999999999,0.0,0.3,1.0,0.0,0.0,0.04893214800000002,0.017062603855765815,0.04247622000000001,0.04195718999999992,0.05544847500000019,0.027625903500000056,0.027458760000000026,1.0,0.8,0.1,0.1,0.0,0.3,0.3,0.9,0.06816925839295436,0.012727879856362473,0.07000350039295433,0.059196547892954365,0.07901067789295435,0.048415683392954253,0.04284156039295417,1.0,1.0,0.0,0.0,0.0,0.3,0.3,1.0,0.05998147215718177,0.019589141665522922,0.06248538000000026,0.04217828259823861,0.07901067789295435,0.03418734000000009,0.027830190000000088,1.0,1.0,0.1,0.0,0.0,0.3,0.3,0.9,0.0,0.011233893117886274,0.11233893117886273,0.028046310392954243,0.028046310392954243,0.05172141007859089,0.01987920430766029,0.04239937519647713,0.04195718999999992,0.06589788000000024,0.027625903500000056,0.027458760000000026,1.0,1.0,0.1,0.0,0.0,0.3,0.3,0.9,0.0,0.019493955196477154,0.19493955196477153,0.04262571039295436,0.05455431039295433,0.05172141007859089,0.01987920430766029,0.04239937519647713,0.04195718999999992,0.06589788000000024,0.027625903500000056,0.027458760000000026,1.0,1.0,0.1,0.0,0.0,0.3,0.3,0.9,0.0,0.019493955196477154,0.19493955196477153,0.04262571039295436,0.05455431039295433,0.05172141007859089,0.01987920430766029,0.04239937519647713,0.04195718999999992,0.06589788000000024,0.027625903500000056,0.027458760000000026,1.0,1.0,0.1,0.0,0.0,0.3,0.3,0.9,0.0,0.019493955196477154,0.19493955196477153,0.04262571039295436,0.05455431039295433,0.9,0.4,0.2,0.2,0.2,0.0,0.4,0.6666666666666666,0.42857142857142855,0.2,0.6666666666666666,0.14285714285714285,0.2,0.6666666666666666,0.14285714285714285,0.2,0.6666666666666666,0.14285714285714285,0.2,0.2,0.2,0.2,0.2,0.2,0.2,0.0,0.0,0.0,0.0,0.2,0.2,1.0,1.0,1.0,0.2,1.0,1.0,1.0,1.0,1.0,1.0,2,0,0.0,0.0,0.0,0.1,0.0,0.0,0.0,0.0,0.0,0.0,0.0,1.0,0.0,0.0,0.0,0.0,0.0,-0.44357955940150273,1.5425581662038152e-20,1.5425581662038152e-20,0.0,0.05,0.05,0,0,0,0,C1,0.0,0.0,0.05998147215718177,0.1,1.0,0.4,0.0,0.0,0.05998147215718177
phaseflip,mixed_pauli,0.03,4,0.1,10,qiskit_aer,1,1,0.9488338810000001,0.6744294074444445,0.2777777777777778,0.0,0.0,1.0,0.0,0.0,0.048932147999999995,0.017062603855765825,0.04247622000000001,0.04195718999999987,0.05544847500000019,0.027625903500000056,0.027458760000000026,1.0,0.9,0.1,0.0,0.0,0.0,0.0,0.9,0.06816925839295436,0.012727879856362473,0.07000350039295433,0.059196547892954365,0.07901067789295435,0.048415683392954253,0.04284156039295417,1.0,1.0,0.0,0.0,0.0,0.0,0.0,1.0,0.051736779039295445,0.01987239144211174,0.04247622000000001,0.04195718999999987,0.06589788000000024,0.027625903500000056,0.027458760000000026,1.0,1.0,0.1,0.0,0.0,0.0,0.0,0.9,0.0,0.0194785862357726,0.194785862357726,0.04262571039295436,0.05455431039295433,0.051736779039295445,0.01987239144211174,0.04247622000000001,0.04195718999999987,0.06589788000000024,0.027625903500000056,0.027458760000000026,1.0,1.0,0.1,0.0,0.0,0.0,0.0,0.9,0.0,0.0194785862357726,0.194785862357726,0.04262571039295436,0.05455431039295433,0.051736779039295445,0.01987239144211174,0.04247622000000001,0.04195718999999987,0.06589788000000024,0.027625903500000056,0.027458760000000026,1.0,1.0,0.1,0.0,0.0,0.0,0.0,0.9,0.0,0.0194785862357726,0.194785862357726,0.04262571039295436,0.05455431039295433,0.051736779039295445,0.01987239144211174,0.04247622000000001,0.04195718999999987,0.06589788000000024,0.027625903500000056,0.027458760000000026,1.0,1.0,0.1,0.0,0.0,0.0,0.0,0.9,0.0,0.0194785862357726,0.194785862357726,0.04262571039295436,0.05455431039295433,0.8,0.1,0.1,0.1,0.1,0.0,0.1,1.0,0.14285714285714285,0.1,1.0,0.14285714285714285,0.1,1.0,0.14285714285714285,0.1,1.0,0.14285714285714285,0.1,0.0,0.1,0.1,0.1,0.1,0.1,0.0,0.0,0.0,0.0,0.1,0.1,1.0,1.0,1.0,0.1,1.0,1.0,1.0,1.0,1.0,1.0,1,0,0.0,0.0,0.0,0.1,0.0,0.0,0.0,0.0,0.0,0.0,0.0,1.0,0.0,0.0,0.0,0.0,0.0,-0.4744294061567921,2.166112591183837e-21,2.166112591183837e-21,0.0,0.1,0.1,0,0,0,0,C1,0.0,0.0,0.051736779039295445,0.1,1.0,0.1,0.0,0.0,0.051736779039295445
phaseflip,mixed_pauli,0.05,1,0.0,10,qiskit_aer,1,1,0.9825,0.9825,0.0,0.0,1.0,1.0,0.0,0.0,0.017499999999999884,0.019525624189766517,0.0124999999999999,0.0,0.0249999999999998,0.0,0.0,1.0,0.7,0.5,0.3,0.0,0.5,0.5,0.5,0.012346310392954396,0.01145643923738956,0.01984631039295437,0.001096310392954436,0.01984631039295437,-0.005153689607045542,-0.005153689607045542,0.7,1.0,0.0,0.0,0.0,1.0,1.0,1.0,0.0024231551964772114,0.008992868346985513,0.0,-0.0038652672052841563,0.0,-0.005153689607045542,-0.005153689607045542,0.7,1.0,0.0,0.0,0.0,1.0,1.0,1.0,0.0,0.024999999999999856,0.24999999999999856,0.030153689607045342,0.030153689607045342,0.00845389311788628,0.016903591277768575,0.0,0.0,0.014884732794715777,-0.005153689607045542,-0.005153689607045542,0.8,1.0,0.2,0.0,0.0,0.8,0.8,0.8,0.0,0.018969262078590787,0.18969262078590787,0.030153689607045342,0.030153689607045342,0.00845389311788628,0.016903591277768575,0.0,0.0,0.014884732794715777,-0.005153689607045542,-0.005153689607045542,0.8,1.0,0.2,0.0,0.0,0.8,0.8,0.8,0.0,0.018969262078590787,0.18969262078590787,0.030153689607045342,0.030153689607045342,0.00845389311788628,0.016903591277768575,0.0,0.0,0.014884732794715777,-0.005153689607045542,-0.005153689607045542,0.8,1.0,0.2,0.0,0.0,0.8,0.8,0.8,0.0,0.018969262078590787,0.18969262078590787,0.030153689607045342,0.030153689607045342,1.0,0.5,0.3,0.3,0.3,0.0,0.5,0.0,0.375,0.3,1.0,0.375,0.3,1.0,0.375,0.3,1.0,0.375,0.3,0.2,0.3,0.3,0.3,0.3,0.3,0.0,0.0,0.0,0.0,0.3,0.3,1.0,1.0,1.0,0.3,1.0,1.0,1.0,1.0,1.0,1.0,3,0,0.0,0.0,0.3,0.0,0.0,0.0,0.0,0.0,0.0,0.0,0.0,1.0,0.0,0.0,0.0,0.0,0.0,-0.38249999738151985,0.0349962271709975,0.0349962271709975,0.0,0.0,0.0,0,0,0,0,C2,0.0,0.0,0.00845389311788628,0.2,0.8,0.3,0.0,0.0,0.00845389311788628
phaseflip,mixed_pauli,0.05,1,0.01,10,qiskit_aer,1,1,0.9825,0.9175,0.03333333333333333,0.0,0.5,1.0,0.0,0.0,0.017499999999999884,0.019525624189766517,0.0124999999999999,0.0,0.0249999999999998,0.0,0.0,1.0,0.7,0.5,0.1,0.0,0.3,0.3,0.5,0.012346310392954396,0.01145643923738956,0.01984631039295437,0.001096310392954436,0.01984631039295437,-0.005153689607045542,-0.005153689607045542,0.7,1.0,0.0,0.0,0.0,0.5,0.5,1.0,0.005438524157181745,0.01636393026087643,0.0,-0.0038652672052841563,0.0,-0.005153689607045542,-0.005153689607045542,0.7,1.0,0.1,0.0,0.0,0.5,0.5,0.9,0.0,0.02198463103929532,0.21984631039295321,0.030153689607045342,0.030153689607045342,0.00845389311788628,0.016903591277768575,0.0,0.0,0.014884732794715777,-0.005153689607045542,-0.005153689607045542,0.8,1.0,0.2,0.0,0.0,0.4,0.4,0.8,0.0,0.018969262078590787,0.18969262078590787,0.030153689607045342,0.030153689607045342,0.00845389311788628,0.016903591277768575,0.0,0.0,0.014884732794715777,-0.005153689607045542,-0.005153689607045542,0.8,1.0,0.2,0.0,0.0,0.4,0.4,0.8,0.0,0.018969262078590787,0.18969262078590787,0.030153689607045342,0.030153689607045342,0.00845389311788628,0.016903591277768575,0.0,0.0,0.014884732794715777,-0.005153689607045542,-0.005153689607045542,0.8,1.0,0.2,0.0,0.0,0.4,0.4,0.8,0.0,0.018969262078590787,0.18969262078590787,0.030153689607045342,0.030153689607045342,1.0,0.4,0.3,0.3,0.3,0.0,0.4,0.25,0.16666666666666666,0.3,0.5,0.16666666666666666,0.3,0.5,0.16666666666666666,0.3,0.5,0.16666666666666666,0.3,0.1,0.3,0.3,0.3,0.3,0.3,0.0,0.0,0.0,0.0,0.3,0.3,1.0,1.0,1.0,0.3,1.0,1.0,1.0,1.0,1.0,1.0,3,0,0.0,0.0,0.3,0.0,0.0,0.0,0.0,0.0,0.0,0.0,0.0,1.0,0.0,0.0,0.0,0.0,0.0,-0.31749999752391794,0.0349962271709975,0.0349962271709975,0.0,0.01,0.01,0,0,0,0,C2,0.0,0.0,0.00845389311788628,0.2,0.8,0.3,0.0,0.0,0.00845389311788628
phaseflip,mixed_pauli,0.05,1,0.03,10,qiskit_aer,1,1,0.9825,0.8416666666666667,0.1111111111111111,0.0,0.4,1.0,0.0,0.0,0.017499999999999884,0.019525624189766517,0.0124999999999999,0.0,0.0249999999999998,0.0,0.0,1.0,0.7,0.5,0.1,0.0,0.2,0.2,0.5,0.012346310392954396,0.01145643923738956,0.01984631039295437,0.001096310392954436,0.01984631039295437,-0.005153689607045542,-0.005153689607045542,0.7,1.0,0.0,0.0,0.0,0.4,0.4,1.0,0.005438524157181745,0.01636393026087643,0.0,-0.0038652672052841563,0.0,-0.005153689607045542,-0.005153689607045542,0.7,1.0,0.1,0.0,0.0,0.4,0.4,0.9,0.0,0.02198463103929532,0.21984631039295321,0.030153689607045342,0.030153689607045342,0.00845389311788628,0.016903591277768575,0.0,0.0,0.014884732794715777,-0.005153689607045542,-0.005153689607045542,0.8,1.0,0.2,0.0,0.0,0.3,0.3,0.8,0.0,0.018969262078590787,0.18969262078590787,0.030153689607045342,0.030153689607045342,0.00845389311788628,0.016903591277768575,0.0,0.0,0.014884732794715777,-0.005153689607045542,-0.005153689607045542,0.8,1.0,0.2,0.0,0.0,0.3,0.3,0.8,0.0,0.018969262078590787,0.18969262078590787,0.030153689607045342,0.030153689607045342,0.00845389311788628,0.016903591277768575,0.0,0.0,0.014884732794715777,-0.005153689607045542,-0.005153689607045542,0.8,1.0,0.2,0.0,0.0,0.3,0.3,0.8,0.0,0.018969262078590787,0.18969262078590787,0.030153689607045342,0.030153689607045342,1.0,0.4,0.3,0.3,0.3,0.0,0.4,0.25,0.16666666666666666,0.3,0.5,0.16666666666666666,0.3,0.5,0.16666666666666666,0.3,0.5,0.16666666666666666,0.3,0.1,0.3,0.3,0.3,0.3,0.3,0.0,0.0,0.0,0.0,0.3,0.3,1.0,1.0,1.0,0.3,1.0,1.0,1.0,1.0,1.0,1.0,3,0,0.0,0.0,0.3,0.0,0.0,0.0,0.0,0.0,0.0,0.0,0.0,1.0,0.0,0.0,0.0,0.0,0.0,-0.241666664084511,0.0181718278068135,0.0181718278068135,0.0,0.03,0.03,0,0,0,0,C2,0.0,0.0,0.00845389311788628,0.2,0.8,0.3,0.0,0.0,0.00845389311788628
phaseflip,mixed_pauli,0.05,1,0.05,10,qiskit_aer,1,1,0.9825,0.8086111111111112,0.15555555555555556,0.0,0.2,1.0,0.0,0.0,0.017499999999999884,0.019525624189766517,0.0124999999999999,0.0,0.0249999999999998,0.0,0.0,1.0,0.7,0.5,0.0,0.0,0.1,0.1,0.5,0.012346310392954396,0.01145643923738956,0.01984631039295437,0.001096310392954436,0.01984631039295437,-0.005153689607045542,-0.005153689607045542,0.7,1.0,0.0,0.0,0.0,0.2,0.2,1.0,0.005438524157181745,0.01636393026087643,0.0,-0.0038652672052841563,0.0,-0.005153689607045542,-0.005153689607045542,0.7,1.0,0.1,0.0,0.0,0.2,0.2,0.9,0.0,0.02198463103929532,0.21984631039295321,0.030153689607045342,0.030153689607045342,0.00845389311788628,0.016903591277768575,0.0,0.0,0.014884732794715777,-0.005153689607045542,-0.005153689607045542,0.8,1.0,0.2,0.0,0.0,0.1,0.1,0.8,0.0,0.018969262078590787,0.18969262078590787,0.030153689607045342,0.030153689607045342,0.00845389311788628,0.016903591277768575,0.0,0.0,0.014884732794715777,-0.005153689607045542,-0.005153689607045542,0.8,1.0,0.2,0.0,0.0,0.1,0.1,0.8,0.0,0.018969262078590787,0.18969262078590787,0.030153689607045342,0.030153689607045342,0.00845389311788628,0.016903591277768575,0.0,0.0,0.014884732794715777,-0.005153689607045542,-0.005153689607045542,0.8,1.0,0.2,0.0,0.0,0.1,0.1,0.8,0.0,0.018969262078590787,0.18969262078590787,0.030153689607045342,0.030153689607045342,1.0,0.4,0.3,0.3,0.3,0.0,0.4,0.2,0.0,0.3,0.4,0.0,0.3,0.4,0.0,0.3,0.4,0.0,0.3,0.1,0.3,0.3,0.3,0.3,0.3,0.0,0.0,0.0,0.0,0.3,0.3,1.0,1.0,1.0,0.3,1.0,1.0,1.0,1.0,1.0,1.0,3,0,0.0,0.0,0.3,0.0,0.0,0.0,0.0,0.0,0.0,0.0,0.0,1.0,0.0,0.0,0.0,0.0,0.0,-0.20861110852895542,0.0181718278068135,0.0181718278068135,0.0,0.05,0.05,0,0,0,0,C2,0.0,0.0,0.00845389311788628,0.2,0.8,0.3,0.0,0.0,0.00845389311788628
phaseflip,mixed_pauli,0.05,1,0.1,10,qiskit_aer,1,1,0.9825,0.71,0.25555555555555554,0.0,0.1,1.0,0.0,0.0,0.017499999999999884,0.019525624189766517,0.0124999999999999,0.0,0.0249999999999998,0.0,0.0,1.0,0.7,0.5,0.0,0.0,0.0,0.0,0.5,0.012346310392954396,0.01145643923738956,0.01984631039295437,0.001096310392954436,0.01984631039295437,-0.005153689607045542,-0.005153689607045542,0.7,1.0,0.0,0.0,0.0,0.1,0.1,1.0,0.005438524157181745,0.01636393026087643,0.0,-0.0038652672052841563,0.0,-0.005153689607045542,-0.005153689607045542,0.7,1.0,0.1,0.0,0.0,0.1,0.1,0.9,0.0,0.02198463103929532,0.21984631039295321,0.030153689607045342,0.030153689607045342,0.00845389311788628,0.016903591277768575,0.0,0.0,0.014884732794715777,-0.005153689607045542,-0.005153689607045542,0.8,1.0,0.2,0.0,0.0,0.0,0.0,0.8,0.0,0.018969262078590787,0.18969262078590787,0.030153689607045342,0.030153689607045342,0.00845389311788628,0.016903591277768575,0.0,0.0,0.014884732794715777,-0.005153689607045542,-0.005153689607045542,0.8,1.0,0.2,0.0,0.0,0.0,0.0,0.8,0.0,0.018969262078590787,0.18969262078590787,0.030153689607045342,0.030153689607045342,0.00845389311788628,0.016903591277768575,0.0,0.0,0.014884732794715777,-0.005153689607045542,-0.005153689607045542,0.8,1.0,0.2,0.0,0.0,0.0,0.0,0.8,0.0,0.018969262078590787,0.18969262078590787,0.030153689607045342,0.030153689607045342,1.0,0.4,0.3,0.3,0.3,0.0,0.4,0.2,0.0,0.3,0.4,0.0,0.3,0.4,0.0,0.3,0.4,0.0,0.3,0.1,0.3,0.3,0.3,0.3,0.3,0.0,0.0,0.0,0.0,0.3,0.3,1.0,1.0,1.0,0.3,1.0,1.0,1.0,1.0,1.0,1.0,3,0,0.0,0.0,0.3,0.0,0.0,0.0,0.0,0.0,0.0,0.0,0.0,1.0,0.0,0.0,0.0,0.0,0.0,-0.10999999752391791,0.0349962271709975,0.0349962271709975,0.0,0.1,0.1,0,0,0,0,C2,0.0,0.0,0.00845389311788628,0.2,0.8,0.3,0.0,0.0,0.00845389311788628
phaseflip,mixed_pauli,0.05,2,0.0,10,qiskit_aer,1,1,0.9626874999999999,0.9626874999999999,0.0,0.0,1.0,1.0,0.0,0.0,0.03606250000000005,0.02241659890014528,0.0475000000000001,0.023749999999999993,0.04750000000000021,2.220446049250313e-16,2.220446049250313e-16,1.0,0.5,0.2,0.5,0.0,0.8,0.8,0.8,0.05490881039295442,0.01572828363967289,0.06484631039295452,0.04359631039295431,0.06734631039295436,0.030190060392954347,0.019221310392954383,1.0,1.0,0.0,0.0,0.0,1.0,1.0,1.0,0.03995491727506815,0.024434086925678007,0.04359631039295431,0.025315060392954364,0.06238473279471582,2.220446049250313e-16,2.220446049250313e-16,1.0,1.0,0.0,0.0,0.0,1.0,1.0,1.0,0.0,0.02098463103929534,0.20984631039295343,0.0648463103929543,0.0648463103929543,0.04098565519647725,0.02422357722662967,0.04554815519647726,0.02871157759823853,0.0628534827947157,2.220446049250313e-16,2.220446049250313e-16,1.0,1.0,0.1,0.0,0.0,0.9,0.9,0.9,0.0,0.019953893117886246,0.19953893117886246,0.0648463103929543,0.0648463103929543,0.04098565519647725,0.02422357722662967,0.04554815519647726,0.02871157759823853,0.0628534827947157,2.220446049250313e-16,2.220446049250313e-16,1.0,1.0,0.1,0.0,0.0,0.9,0.9,0.9,0.0,0.019953893117886246,0.19953893117886246,0.0648463103929543,0.0648463103929543,0.04098565519647725,0.02422357722662967,0.04554815519647726,0.02871157759823853,0.0628534827947157,2.220446049250313e-16,2.220446049250313e-16,1.0,1.0,0.1,0.0,0.0,0.9,0.9,0.9,0.0,0.019953893117886246,0.19953893117886246,0.0648463103929543,0.0648463103929543,1.0,0.7,0.5,0.5,0.5,0.0,0.7,0.0,0.6666666666666666,0.5,1.0,0.5555555555555556,0.5,1.0,0.5555555555555556,0.5,1.0,0.5555555555555556,0.5,0.2,0.5,0.5,0.5,0.5,0.5,0.0,0.0,0.0,0.0,0.5,0.5,1.0,1.0,1.0,0.5,1.0,1.0,1.0,1.0,1.0,1.0,5,0,0.0,0.0,0.1,0.4,0.0,0.0,0.0,0.0,0.0,0.0,0.0,1.0,0.0,0.0,0.0,0.0,0.0,0.037312502024188385,1.395218995487814e-19,1.395218995487814e-19,0.0,0.0,0.0,0,0,0,0,C2,0.0,0.0,0.04098565519647725,0.1,1.0,0.5,0.0,0.0,0.04098565519647725
phaseflip,mixed_pauli,0.05,2,0.01,10,qiskit_aer,1,1,0.9626874999999999,0.9204513888888889,0.02222222222222222,0.0,0.6,1.0,0.0,0.0,0.03606250000000005,0.02241659890014528,0.0475000000000001,0.023749999999999993,0.04750000000000021,2.220446049250313e-16,2.220446049250313e-16,1.0,0.5,0.2,0.2,0.0,0.5,0.5,0.8,0.05490881039295442,0.01572828363967289,0.06484631039295452,0.04359631039295431,0.06734631039295436,0.030190060392954347,0.019221310392954383,1.0,1.0,0.0,0.0,0.0,0.6,0.6,1.0,0.03797028623577271,0.02486000409361864,0.04359631039295431,0.02035348279471577,0.06238473279471582,2.220446049250313e-16,2.220446049250313e-16,1.0,1.0,0.0,0.0,0.0,0.6,0.6,1.0,0.0,0.02296926207859078,0.2296926207859078,0.0648463103929543,0.0648463103929543,0.04098565519647725,0.02422357722662967,0.04554815519647726,0.02871157759823853,0.0628534827947157,2.220446049250313e-16,2.220446049250313e-16,1.0,1.0,0.1,0.0,0.0,0.5,0.5,0.9,0.0,0.019953893117886246,0.19953893117886246,0.0648463103929543,0.0648463103929543,0.04098565519647725,0.02422357722662967,0.04554815519647726,0.02871157759823853,0.0628534827947157,2.220446049250313e-16,2.220446049250313e-16,1.0,1.0,0.1,0.0,0.0,0.5,0.5,0.9,0.0,0.019953893117886246,0.19953893117886246,0.0648463103929543,0.0648463103929543,0.04098565519647725,0.02422357722662967,0.04554815519647726,0.02871157759823853,0.0628534827947157,2.220446049250313e-16,2.220446049250313e-16,1.0,1.0,0.1,0.0,0.0,0.5,0.5,0.9,0.0,0.019953893117886246,0.19953893117886246,0.0648463103929543,0.0648463103929543,1.0,0.6,0.5,0.5,0.5,0.0,0.6,0.0,0.5,0.5,0.5,0.5,0.5,0.5,0.5,0.5,0.5,0.5,0.5,0.1,0.5,0.5,0.5,0.5,0.5,0.0,0.0,0.0,0.0,0.5,0.5,1.0,1.0,1.0,0.5,1.0,1.0,1.0,1.0,1.0,1.0,5,0,0.0,0.0,0.1,0.4,0.0,0.0,0.0,0.0,0.0,0.0,0.0,1.0,0.0,0.0,0.0,0.0,0.0,0.07954861311969172,1.395218995487814e-19,1.395218995487814e-19,0.0,0.01,0.01,0,0,0,0,C2,0.0,0.0,0.04098565519647725,0.1,1.0,0.5,0.0,0.0,0.04098565519647725
phaseflip,mixed_pauli,0.05,2,0.03,10,qiskit_aer,1,1,0.9626874999999999,0.8985069444444445,0.04444444444444444,0.0,0.5,1.0,0.0,0.0,0.03606250000000005,0.02241659890014528,0.0475000000000001,0.023749999999999993,0.04750000000000021,2.220446049250313e-16,2.220446049250313e-16,1.0,0.5,0.2,0.2,0.0,0.4,0.4,0.8,0.05490881039295442,0.01572828363967289,0.06484631039295452,0.04359631039295431,0.06734631039295436,0.030190060392954347,0.019221310392954383,1.0,1.0,0.0,0.0,0.0,0.5,0.5,1.0,0.03797028623577271,0.02486000409361864,0.04359631039295431,0.02035348279471577,0.06238473279471582,2.220446049250313e-16,2.220446049250313e-16,1.0,1.0,0.0,0.0,0.0,0.5,0.5,1.0,0.0,0.02296926207859078,0.2296926207859078,0.0648463103929543,0.0648463103929543,0.04098565519647725,0.02422357722662967,0.04554815519647726,0.02871157759823853,0.0628534827947157,2.220446049250313e-16,2.220446049250313e-16,1.0,1.0,0.1,0.0,0.0,0.4,0.4,0.9,0.0,0.019953893117886246,0.19953893117886246,0.0648463103929543,0.0648463103929543,0.04098565519647725,0.02422357722662967,0.04554815519647726,0.02871157759823853,0.0628534827947157,2.220446049250313e-16,2.220446049250313e-16,1.0,1.0,0.1,0.0,0.0,0.4,0.4,0.9,0.0,0.019953893117886246,0.19953893117886246,0.0648463103929543,0.0648463103929543,0.04098565519647725,0.02422357722662967,0.04554815519647726,0.02871157759823853,0.0628534827947157,2.220446049250313e-16,2.220446049250313e-16,1.0,1.0,0.1,0.0,0.0,0.4,0.4,0.9,0.0,0.019953893117886246,0.19953893117886246,0.0648463103929543,0.0648463103929543,1.0,0.6,0.5,0.5,0.5,0.0,0.6,0.0,0.5,0.5,0.5,0.5,0.5,0.5,0.5,0.5,0.5,0.5,0.5,0.1,0.5,0.5,0.5,0.5,0.5,0.0,0.0,0.0,0.0,0.5,0.5,1.0,1.0,1.0,0.5,1.0,1.0,1.0,1.0,1.0,1.0,5,0,0.0,0.0,0.1,0.4,0.0,0.0,0.0,0.0,0.0,0.0,0.0,1.0,0.0,0.0,0.0,0.0,0.0,0.10149305756413615,1.395218995487814e-19,1.395218995487814e-19,0.0,0.03,0.03,0,0,0,0,C2,0.0,0.0,0.04098565519647725,0.1,1.0,0.5,0.0,0.0,0.04098565519647725
phaseflip,mixed_pauli,0.05,2,0.05,10,qiskit_aer,1,1,0.9626874999999999,0.8671041666666667,0.07777777777777778,0.0,0.4,1.0,0.0,0.0,0.03606250000000005,0.02241659890014528,0.0475000000000001,0.023749999999999993,0.04750000000000021,2.220446049250313e-16,2.220446049250313e-16,1.0,0.5,0.2,0.1,0.0,0.3,0.3,0.8,0.05490881039295442,0.01572828363967289,0.06484631039295452,0.04359631039295431,0.06734631039295436,0.030190060392954347,0.019221310392954383,1.0,1.0,0.0,0.0,0.0,0.4,0.4,1.0,0.03797028623577271,0.02486000409361864,0.04359631039295431,0.02035348279471577,0.06238473279471582,2.220446049250313e-16,2.220446049250313e-16,1.0,1.0,0.0,0.0,0.0,0.4,0.4,1.0,0.0,0.02296926207859078,0.2296926207859078,0.0648463103929543,0.0648463103929543,0.04098565519647725,0.02422357722662967,0.04554815519647726,0.02871157759823853,0.0628534827947157,2.220446049250313e-16,2.220446049250313e-16,1.0,1.0,0.1,0.0,0.0,0.3,0.3,0.9,0.0,0.019953893117886246,0.19953893117886246,0.0648463103929543,0.0648463103929543,0.04098565519647725,0.02422357722662967,0.04554815519647726,0.02871157759823853,0.0628534827947157,2.220446049250313e-16,2.220446049250313e-16,1.0,1.0,0.1,0.0,0.0,0.3,0.3,0.9,0.0,0.019953893117886246,0.19953893117886246,0.0648463103929543,0.0648463103929543,0.04098565519647725,0.02422357722662967,0.04554815519647726,0.02871157759823853,0.0628534827947157,2.220446049250313e-16,2.220446049250313e-16,1.0,1.0,0.1,0.0,0.0,0.3,0.3,0.9,0.0,0.019953893117886246,0.19953893117886246,0.0648463103929543,0.0648463103929543,1.0,0.6,0.5,0.5,0.5,0.0,0.6,0.0,0.5,0.5,0.5,0.5,0.5,0.5,0.5,0.5,0.5,0.5,0.5,0.1,0.5,0.5,0.5,0.5,0.5,0.0,0.0,0.0,0.0,0.5,0.5,1.0,1.0,1.0,0.5,1.0,1.0,1.0,1.0,1.0,1.0,5,0,0.0,0.0,0.1,0.4,0.0,0.0,0.0,0.0,0.0,0.0,0.0,1.0,0.0,0.0,0.0,0.0,0.0,0.13289583537435531,1.3828930438437358e-19,1.3828930438437358e-19,0.0,0.05,0.05,0,0,0,0,C2,0.0,0.0,0.04098565519647725,0.1,1.0,0.5,0.0,0.0,0.04098565519647725
phaseflip,mixed_pauli,0.05,2,0.1,10,qiskit_aer,1,1,0.9626874999999999,0.7490416666666666,0.19999999999999998,0.0,0.0,1.0,0.0,0.0,0.03606250000000005,0.02241659890014528,0.0475000000000001,0.023749999999999993,0.04750000000000021,2.220446049250313e-16,2.220446049250313e-16,1.0,0.5,0.2,0.0,0.0,0.0,0.0,0.8,0.05490881039295442,0.01572828363967289,0.06484631039295452,0.04359631039295431,0.06734631039295436,0.030190060392954347,0.019221310392954383,1.0,1.0,0.0,0.0,0.0,0.0,0.0,1.0,0.04098565519647725,0.02422357722662967,0.04554815519647726,0.02871157759823853,0.0628534827947157,2.220446049250313e-16,2.220446049250313e-16,1.0,1.0,0.1,0.0,0.0,0.0,0.0,0.9,0.0,0.019953893117886246,0.19953893117886246,0.0648463103929543,0.0648463103929543,0.04098565519647725,0.02422357722662967,0.04554815519647726,0.02871157759823853,0.0628534827947157,2.220446049250313e-16,2.220446049250313e-16,1.0,1.0,0.1,0.0,0.0,0.0,0.0,0.9,0.0,0.019953893117886246,0.19953893117886246,0.0648463103929543,0.0648463103929543,0.04098565519647725,0.02422357722662967,0.04554815519647726,0.02871157759823853,0.0628534827947157,2.220446049250313e-16,2.220446049250313e-16,1.0,1.0,0.1,0.0,0.0,0.0,0.0,0.9,0.0,0.019953893117886246,0.19953893117886246,0.0648463103929543,0.0648463103929543,0.04098565519647725,0.02422357722662967,0.04554815519647726,0.02871157759823853,0.0628534827947157,2.220446049250313e-16,2.220446049250313e-16,1.0,1.0,0.1,0.0,0.0,0.0,0.0,0.9,0.0,0.019953893117886246,0.19953893117886246,0.0648463103929543,0.0648463103929543,1.0,0.5,0.5,0.5,0.5,0.0,0.5,0.5,0.5,0.5,0.5,0.5,0.5,0.5,0.5,0.5,0.5,0.5,0.5,0.0,0.5,0.5,0.5,0.5,0.5,0.0,0.0,0.0,0.0,0.5,0.5,1.0,1.0,1.0,0.5,1.0,1.0,1.0,1.0,1.0,1.0,5,0,0.0,0.0,0.1,0.4,0.0,0.0,0.0,0.0,0.0,0.0,0.0,1.0,0.0,0.0,0.0,0.0,0.0,0.2509583353843759,1.395218995487814e-19,1.395218995487814e-19,0.0,0.1,0.1,0,0,0,0,C1,0.0,0.0,0.04098565519647725,0.1,1.0,0.5,0.0,0.0,0.04098565519647725
phaseflip,mixed_pauli,0.05,3,0.0,10,qiskit_aer,1,1,0.936425,0.936425,0.0,0.0,0.9,0.9,0.0,0.0,0.06033750000000012,0.024576780200017922,0.05706250000000018,0.045250000000000234,0.07006250000000022,0.03280625000000023,0.022625000000000228,1.0,0.8,0.2,0.2,0.0,0.8,0.8,0.8,0.0926838103929545,0.019415345090932616,0.08990881039295445,0.08778381039295452,0.11009631039295453,0.06299631039295442,0.04297131039295443,1.0,1.0,0.0,0.0,0.0,0.9,0.9,0.9,0.09569917935365903,0.020672504766168977,0.10000256039295452,0.08901818539295447,0.11009631039295453,0.06299631039295447,0.04297131039295443,1.0,1.0,0.1,0.0,0.0,0.9,0.9,0.9,0.0,0.003015368960704534,0.030153689607045342,0.016584529283874903,0.030153689607045342,0.06430676207859097,0.02719424460257016,0.057656250000000187,0.045250000000000234,0.08482223279471582,0.03280625000000023,0.022625000000000228,1.0,1.0,0.2,0.0,0.0,0.8,0.8,0.8,0.0,0.034407786235772585,0.34407786235772586,0.0648463103929543,0.0648463103929543,0.06430676207859097,0.02719424460257016,0.057656250000000187,0.045250000000000234,0.08482223279471582,0.03280625000000023,0.022625000000000228,1.0,1.0,0.2,0.0,0.0,0.8,0.8,0.8,0.0,0.034407786235772585,0.34407786235772586,0.0648463103929543,0.0648463103929543,0.06430676207859097,0.02719424460257016,0.057656250000000187,0.045250000000000234,0.08482223279471582,0.03280625000000023,0.022625000000000228,1.0,1.0,0.2,0.0,0.0,0.8,0.8,0.8,0.0,0.034407786235772585,0.34407786235772586,0.0648463103929543,0.0648463103929543,1.0,0.9,0.2,0.2,0.2,0.0,0.9,0.5,1.0,0.2,1.0,0.25,0.2,1.0,0.25,0.2,1.0,0.25,0.2,0.7,0.2,0.2,0.2,0.2,0.2,0.0,0.0,0.0,0.0,0.2,0.2,1.0,1.0,1.0,0.2,1.0,1.0,1.0,1.0,1.0,1.0,2,0,0.0,0.0,0.0,0.2,0.0,0.0,0.0,0.0,0.0,0.0,0.0,1.0,0.0,0.0,0.0,0.0,0.0,-0.536424998787191,6.744529831439096e-20,6.744529831439096e-20,0.0,0.0,0.0,0,0,0,0,C1,0.0,0.0,0.09569917935365903,0.1,1.0,0.9,0.0,0.0,0.09569917935365903
phaseflip,mixed_pauli,0.05,3,0.01,10,qiskit_aer,1,1,0.936425,0.83185,0.03333333333333333,0.0,0.2,0.9,0.0,0.0,0.0603375000000001,0.02457678020001792,0.05706250000000018,0.045250000000000234,0.07006250000000011,0.03280625000000023,0.022625000000000228,1.0,0.8,0.2,0.1,0.0,0.2,0.2,0.8,0.0926838103929545,0.019415345090932616,0.08990881039295445,0.08778381039295452,0.11009631039295453,0.06299631039295442,0.04297131039295443,1.0,1.0,0.0,0.0,0.0,0.2,0.2,0.9,0.06629139311788641,0.028245739767784227,0.059187500000000004,0.045250000000000234,0.08961193539295442,0.03280625000000023,0.022625000000000228,1.0,1.0,0.2,0.0,0.0,0.2,0.2,0.8,0.0,0.03242315519647715,0.3242315519647715,0.0648463103929543,0.0648463103929543,0.06430676207859097,0.02719424460257016,0.057656250000000187,0.045250000000000234,0.08482223279471582,0.03280625000000023,0.022625000000000228,1.0,1.0,0.2,0.0,0.0,0.2,0.2,0.8,0.0,0.034407786235772585,0.34407786235772586,0.0648463103929543,0.0648463103929543,0.06430676207859097,0.02719424460257016,0.057656250000000187,0.045250000000000234,0.08482223279471582,0.03280625000000023,0.022625000000000228,1.0,1.0,0.2,0.0,0.0,0.2,0.2,0.8,0.0,0.034407786235772585,0.34407786235772586,0.0648463103929543,0.0648463103929543,0.06430676207859097,0.02719424460257016,0.057656250000000187,0.045250000000000234,0.08482223279471582,0.03280625000000023,0.022625000000000228,1.0,1.0,0.2,0.0,0.0,0.2,0.2,0.8,0.0,0.034407786235772585,0.34407786235772586,0.0648463103929543,0.0648463103929543,1.0,0.3,0.2,0.2,0.2,0.0,0.3,1.0,0.375,0.2,1.0,0.25,0.2,1.0,0.25,0.2,1.0,0.25,0.2,0.1,0.2,0.2,0.2,0.2,0.2,0.0,0.0,0.0,0.0,0.2,0.2,1.0,1.0,1.0,0.2,1.0,1.0,1.0,1.0,1.0,1.0,2,0,0.0,0.0,0.0,0.2,0.0,0.0,0.0,0.0,0.0,0.0,0.0,1.0,0.0,0.0,0.0,0.0,0.0,-0.4318499987755901,6.744529831439096e-20,6.744529831439096e-20,0.0,0.01,0.01,0,0,0,0,C2,0.0,0.0,0.06430676207859097,0.2,1.0,0.2,0.0,0.0,0.06629139311788641
phaseflip,mixed_pauli,0.05,3,0.03,10,qiskit_aer,1,1,0.936425,0.7798097222222222,0.08888888888888888,0.0,0.1,0.9,0.0,0.0,0.0603375000000001,0.02457678020001792,0.05706250000000018,0.045250000000000234,0.07006250000000011,0.03280625000000023,0.022625000000000228,1.0,0.9,0.2,0.0,0.0,0.1,0.1,0.8,0.0926838103929545,0.019415345090932616,0.08990881039295445,0.08778381039295452,0.11009631039295453,0.06299631039295442,0.04297131039295443,1.0,1.0,0.0,0.0,0.0,0.1,0.1,0.9,0.06430676207859097,0.02719424460257017,0.05765625000000013,0.045250000000000234,0.08482223279471582,0.03280625000000023,0.022625000000000228,1.0,1.0,0.2,0.0,0.0,0.1,0.1,0.8,0.0,0.034407786235772585,0.34407786235772586,0.0648463103929543,0.0648463103929543,0.062322131039295535,0.025949075961489966,0.05765625000000013,0.045250000000000234,0.07235937499999986,0.03280625000000023,0.022625000000000228,1.0,1.0,0.2,0.0,0.0,0.1,0.1,0.8,0.0,0.03639241727506802,0.36392417275068023,0.0648463103929543,0.0648463103929543,0.062322131039295535,0.025949075961489966,0.05765625000000013,0.045250000000000234,0.07235937499999986,0.03280625000000023,0.022625000000000228,1.0,1.0,0.2,0.0,0.0,0.1,0.1,0.8,0.0,0.03639241727506802,0.36392417275068023,0.0648463103929543,0.0648463103929543,0.062322131039295535,0.025949075961489966,0.05765625000000013,0.045250000000000234,0.07235937499999986,0.03280625000000023,0.022625000000000228,1.0,1.0,0.2,0.0,0.0,0.1,0.1,0.8,0.0,0.03639241727506802,0.36392417275068023,0.0648463103929543,0.0648463103929543,1.0,0.2,0.1,0.1,0.1,0.0,0.2,1.0,0.25,0.1,1.0,0.125,0.1,1.0,0.125,0.1,1.0,0.125,0.1,0.1,0.1,0.1,0.1,0.1,0.1,0.0,0.0,0.0,0.0,0.1,0.1,1.0,1.0,1.0,0.1,1.0,1.0,1.0,1.0,1.0,1.0,1,0,0.0,0.0,0.0,0.1,0.0,0.0,0.0,0.0,0.0,0.0,0.0,1.0,0.0,0.0,0.0,0.0,0.0,-0.5798097211004721,9.33517426776006e-22,9.33517426776006e-22,0.0,0.03,0.03,0,0,0,0,C2,0.0,0.0,0.062322131039295535,0.2,1.0,0.1,0.0,0.0,0.06430676207859097
phaseflip,mixed_pauli,0.05,3,0.05,10,qiskit_aer,1,1,0.936425,0.7793222222222222,0.1111111111111111,0.0,0.1,0.9,0.0,0.0,0.0603375000000001,0.02457678020001792,0.05706250000000018,0.045250000000000234,0.07006250000000011,0.03280625000000023,0.022625000000000228,1.0,0.9,0.2,0.0,0.0,0.1,0.1,0.8,0.0926838103929545,0.019415345090932616,0.08990881039295445,0.08778381039295452,0.11009631039295453,0.06299631039295442,0.04297131039295443,1.0,1.0,0.0,0.0,0.0,0.1,0.1,0.9,0.059306762078591,0.026358126264869327,0.045250000000000234,0.045250000000000234,0.06976562500000005,0.03178083967682962,0.022625000000000228,1.0,1.0,0.1,0.0,0.0,0.1,0.1,0.9,0.0,0.039407786235772554,0.3940778623577256,0.0648463103929543,0.0648463103929543,0.057322131039295565,0.02467249710816883,0.045250000000000234,0.045250000000000234,0.06976562500000005,0.03178083967682962,0.022625000000000228,1.0,1.0,0.1,0.0,0.0,0.1,0.1,0.9,0.0,0.041392417275068,0.41392417275067994,0.0648463103929543,0.0648463103929543,0.057322131039295565,0.02467249710816883,0.045250000000000234,0.045250000000000234,0.06976562500000005,0.03178083967682962,0.022625000000000228,1.0,1.0,0.1,0.0,0.0,0.1,0.1,0.9,0.0,0.041392417275068,0.41392417275067994,0.0648463103929543,0.0648463103929543,0.057322131039295565,0.02467249710816883,0.045250000000000234,0.045250000000000234,0.06976562500000005,0.03178083967682962,0.022625000000000228,1.0,1.0,0.1,0.0,0.0,0.1,0.1,0.9,0.0,0.041392417275068,0.41392417275067994,0.0648463103929543,0.0648463103929543,1.0,0.2,0.1,0.1,0.1,0.0,0.2,0.5,0.125,0.1,0.5,0.0,0.1,0.5,0.0,0.1,0.5,0.0,0.1,0.1,0.1,0.1,0.1,0.1,0.1,0.0,0.0,0.0,0.0,0.1,0.1,1.0,1.0,1.0,0.1,1.0,1.0,1.0,1.0,1.0,1.0,1,0,0.0,0.0,0.1,0.0,0.0,0.0,0.0,0.0,0.0,0.0,0.0,1.0,0.0,0.0,0.0,0.0,0.0,-0.5793222210271523,9.33517426776006e-22,9.33517426776006e-22,0.0,0.05,0.05,0,0,0,0,C2,0.0,0.0,0.057322131039295565,0.1,1.0,0.1,0.0,0.0,0.059306762078591
phaseflip,mixed_pauli,0.05,3,0.1,10,qiskit_aer,1,1,0.936425,0.6850527777777777,0.2111111111111111,0.0,0.1,0.9,0.0,0.0,0.0603375000000001,0.02457678020001792,0.05706250000000018,0.045250000000000234,0.07006250000000011,0.03280625000000023,0.022625000000000228,1.0,0.9,0.2,0.0,0.0,0.1,0.1,0.8,0.0926838103929545,0.019415345090932616,0.08990881039295445,0.08778381039295452,0.11009631039295453,0.06299631039295442,0.04297131039295443,1.0,1.0,0.0,0.0,0.0,0.1,0.1,0.9,0.06430676207859097,0.02719424460257017,0.05765625000000013,0.045250000000000234,0.08482223279471582,0.03280625000000023,0.022625000000000228,1.0,1.0,0.2,0.0,0.0,0.1,0.1,0.8,0.0,0.034407786235772585,0.34407786235772586,0.0648463103929543,0.0648463103929543,0.062322131039295535,0.025949075961489966,0.05765625000000013,0.045250000000000234,0.07235937499999986,0.03280625000000023,0.022625000000000228,1.0,1.0,0.2,0.0,0.0,0.1,0.1,0.8,0.0,0.03639241727506802,0.36392417275068023,0.0648463103929543,0.0648463103929543,0.062322131039295535,0.025949075961489966,0.05765625000000013,0.045250000000000234,0.07235937499999986,0.03280625000000023,0.022625000000000228,1.0,1.0,0.2,0.0,0.0,0.1,0.1,0.8,0.0,0.03639241727506802,0.36392417275068023,0.0648463103929543,0.0648463103929543,0.062322131039295535,0.025949075961489966,0.05765625000000013,0.045250000000000234,0.07235937499999986,0.03280625000000023,0.022625000000000228,1.0,1.0,0.2,0.0,0.0,0.1,0.1,0.8,0.0,0.03639241727506802,0.36392417275068023,0.0648463103929543,0.0648463103929543,1.0,0.2,0.1,0.1,0.1,0.0,0.2,1.0,0.25,0.1,1.0,0.125,0.1,1.0,0.125,0.1,1.0,0.125,0.1,0.1,0.1,0.1,0.1,0.1,0.1,0.0,0.0,0.0,0.0,0.1,0.1,1.0,1.0,1.0,0.1,1.0,1.0,1.0,1.0,1.0,1.0,1,0,0.0,0.0,0.0,0.1,0.0,0.0,0.0,0.0,0.0,0.0,0.0,1.0,0.0,0.0,0.0,0.0,0.0,-0.48505277662152246,2.166112591183837e-21,2.166112591183837e-21,0.0,0.1,0.1,0,0,0,0,C2,0.0,0.0,0.062322131039295535,0.2,1.0,0.1,0.0,0.0,0.06430676207859097
phaseflip,mixed_pauli,0.05,4,0.0,10,qiskit_aer,1,1,0.9161756249999999,0.9161756249999999,0.0,0.0,0.8,0.8,0.0,0.0,0.0778112500000001,0.027375707011417928,0.06810625000000037,0.06674375000000005,0.08767187499999998,0.04362718750000001,0.04322499999999985,1.0,0.9,0.1,0.1,0.0,0.8,0.8,0.8,0.12820756039295444,0.01975871856611656,0.1315900603929544,0.11405724789295452,0.14432599789295447,0.09737006039295446,0.08931506039295445,1.0,1.0,0.0,0.0,0.0,0.8,0.8,0.8,0.11221903623577266,0.030691555569054257,0.12053878019647724,0.09422756039295446,0.1315900603929545,0.06246249999999993,0.04322499999999985,1.0,1.0,0.1,0.0,0.0,0.8,0.8,0.8,0.0,0.019003893117886327,0.19003893117886328,0.08712131039295443,0.10534631039295461,0.08429588103929553,0.0313742885777883,0.07772187500000016,0.0667437500000001,0.10417500000000013,0.04362718750000001,0.04322499999999985,1.0,1.0,0.1,0.0,0.0,0.8,0.8,0.8,0.0,0.046927048314363465,0.4692704831436346,0.08712131039295452,0.10534631039295461,0.08429588103929553,0.0313742885777883,0.07772187500000016,0.0667437500000001,0.10417500000000013,0.04362718750000001,0.04322499999999985,1.0,1.0,0.1,0.0,0.0,0.8,0.8,0.8,0.0,0.046927048314363465,0.4692704831436346,0.08712131039295452,0.10534631039295461,0.08429588103929553,0.0313742885777883,0.07772187500000016,0.0667437500000001,0.10417500000000013,0.04362718750000001,0.04322499999999985,1.0,1.0,0.1,0.0,0.0,0.8,0.8,0.8,0.0,0.046927048314363465,0.4692704831436346,0.08712131039295452,0.10534631039295461,1.0,0.6,0.1,0.1,0.1,0.0,0.6,1.0,0.6666666666666666,0.1,1.0,0.1111111111111111,0.1,1.0,0.1111111111111111,0.1,1.0,0.1111111111111111,0.1,0.5,0.1,0.1,0.1,0.1,0.1,0.0,0.0,0.0,0.0,0.1,0.1,1.0,1.0,1.0,0.1,1.0,1.0,1.0,1.0,1.0,1.0,1,0,0.0,0.0,0.0,0.1,0.0,0.0,0.0,0.0,0.0,0.0,0.0,1.0,0.0,0.0,0.0,0.0,0.0,-0.7161756247522562,0.004647966849674839,0.004647966849674839,0.0,0.0,0.0,0,0,0,0,C1,0.0,0.0,0.11221903623577266,0.1,1.0,0.6,0.0,0.0,0.11221903623577266
phaseflip,mixed_pauli,0.05,4,0.01,10,qiskit_aer,1,1,0.9161756249999999,0.8347116666666666,0.01111111111111111,0.0,0.3,0.8,0.0,0.0,0.07781125000000012,0.027375707011417935,0.06810625000000037,0.06674375000000005,0.08767187500000015,0.04362718750000001,0.04322499999999985,1.0,0.8,0.1,0.1,0.0,0.3,0.3,0.8,0.12820756039295444,0.01975871856611656,0.1315900603929544,0.11405724789295452,0.14432599789295447,0.09737006039295446,0.08931506039295445,1.0,1.0,0.0,0.0,0.0,0.3,0.3,0.8,0.10374977415718184,0.03420261945536372,0.10922628019647734,0.07359531250000023,0.13159006039295446,0.05380843750000011,0.04322499999999985,1.0,1.0,0.1,0.0,0.0,0.3,0.3,0.8,0.0,0.02747315519647715,0.2747315519647715,0.08712131039295443,0.10534631039295461,0.09078051207859097,0.03760212534578069,0.07772187500000016,0.0667437500000001,0.12606442029471593,0.04362718750000001,0.04322499999999985,1.0,1.0,0.1,0.0,0.0,0.3,0.3,0.8,0.0,0.04044241727506801,0.4044241727506801,0.08712131039295443,0.10534631039295461,0.09078051207859097,0.03760212534578069,0.07772187500000016,0.0667437500000001,0.12606442029471593,0.04362718750000001,0.04322499999999985,1.0,1.0,0.1,0.0,0.0,0.3,0.3,0.8,0.0,0.04044241727506801,0.4044241727506801,0.08712131039295443,0.10534631039295461,0.09078051207859097,0.03760212534578069,0.07772187500000016,0.0667437500000001,0.12606442029471593,0.04362718750000001,0.04322499999999985,1.0,1.0,0.1,0.0,0.0,0.3,0.3,0.8,0.0,0.04044241727506801,0.4044241727506801,0.08712131039295443,0.10534631039295461,1.0,0.4,0.2,0.2,0.2,0.0,0.4,1.0,0.4444444444444444,0.2,1.0,0.2222222222222222,0.2,1.0,0.2222222222222222,0.2,1.0,0.2222222222222222,0.2,0.2,0.2,0.2,0.2,0.2,0.2,0.0,0.0,0.0,0.0,0.2,0.2,1.0,1.0,1.0,0.2,1.0,1.0,1.0,1.0,1.0,1.0,2,0,0.0,0.0,0.0,0.2,0.0,0.0,0.0,0.0,0.0,0.0,0.0,1.0,0.0,0.0,0.0,0.0,0.0,-0.4347116664221543,3.099630017959843e-21,3.099630017959843e-21,0.0,0.01,0.01,0,0,0,0,C1,0.0,0.0,0.10374977415718184,0.1,1.0,0.4,0.0,0.0,0.10374977415718184
phaseflip,mixed_pauli,0.05,4,0.03,10,qiskit_aer,1,1,0.9161756249999999,0.7942699999999999,0.05555555555555555,0.0,0.2,0.8,0.0,0.0,0.07781125000000014,0.027375707011417907,0.06810625000000037,0.06674375000000027,0.08767187499999998,0.04362718750000001,0.04322499999999985,1.0,0.9,0.1,0.0,0.0,0.2,0.2,0.8,0.12820756039295444,0.01975871856611656,0.1315900603929544,0.11405724789295452,0.14432599789295447,0.09737006039295446,0.08931506039295445,1.0,1.0,0.0,0.0,0.0,0.2,0.2,0.8,0.0972651431178864,0.030140456030294818,0.09860128019647724,0.07359531250000023,0.12606442029471576,0.05380843750000011,0.04322499999999985,1.0,1.0,0.1,0.0,0.0,0.2,0.2,0.8,0.0,0.0339577862357726,0.339577862357726,0.08712131039295452,0.10534631039295461,0.08429588103929556,0.03137428857778829,0.07772187500000016,0.06674375000000027,0.10417500000000013,0.04362718750000001,0.04322499999999985,1.0,1.0,0.1,0.0,0.0,0.2,0.2,0.8,0.0,0.04692704831436344,0.4692704831436344,0.08712131039295452,0.10534631039295461,0.08429588103929556,0.03137428857778829,0.07772187500000016,0.06674375000000027,0.10417500000000013,0.04362718750000001,0.04322499999999985,1.0,1.0,0.1,0.0,0.0,0.2,0.2,0.8,0.0,0.04692704831436344,0.4692704831436344,0.08712131039295452,0.10534631039295461,0.08429588103929556,0.03137428857778829,0.07772187500000016,0.06674375000000027,0.10417500000000013,0.04362718750000001,0.04322499999999985,1.0,1.0,0.1,0.0,0.0,0.2,0.2,0.8,0.0,0.04692704831436344,0.4692704831436344,0.08712131039295452,0.10534631039295461,1.0,0.3,0.1,0.1,0.1,0.0,0.3,1.0,0.3333333333333333,0.1,1.0,0.1111111111111111,0.1,1.0,0.1111111111111111,0.1,1.0,0.1111111111111111,0.1,0.2,0.1,0.1,0.1,0.1,0.1,0.0,0.0,0.0,0.0,0.1,0.1,1.0,1.0,1.0,0.1,1.0,1.0,1.0,1.0,1.0,1.0,1,0,0.0,0.0,0.0,0.1,0.0,0.0,0.0,0.0,0.0,0.0,0.0,1.0,0.0,0.0,0.0,0.0,0.0,-0.5942699997510827,1.2026873906446486e-20,1.2026873906446486e-20,0.0,0.03,0.03,0,0,0,0,C1,0.0,0.0,0.0972651431178864,0.1,1.0,0.3,0.0,0.0,0.0972651431178864
phaseflip,mixed_pauli,0.05,4,0.05,10,qiskit_aer,1,1,0.9161756249999999,0.7739297222222222,0.09999999999999999,0.0,0.1,0.8,0.0,0.0,0.07781125000000012,0.027375707011417935,0.06810625000000037,0.06674375000000005,0.08767187500000015,0.04362718750000001,0.04322499999999985,1.0,0.8,0.1,0.0,0.0,0.1,0.1,0.8,0.12820756039295444,0.01975871856611656,0.1315900603929544,0.11405724789295452,0.14432599789295447,0.09737006039295446,0.08931506039295445,1.0,1.0,0.0,0.0,0.0,0.1,0.1,0.8,0.0972651431178864,0.03466809259596286,0.09886250000000019,0.07359531250000023,0.13159006039295446,0.04362718750000001,0.04322499999999985,1.0,1.0,0.1,0.0,0.0,0.1,0.1,0.8,0.0,0.0339577862357726,0.339577862357726,0.08712131039295443,0.10534631039295461,0.09078051207859096,0.03369216160649375,0.08710625000000011,0.06742500000000007,0.12606442029471593,0.04362718750000001,0.04322499999999985,1.0,1.0,0.1,0.0,0.0,0.1,0.1,0.8,0.0,0.04044241727506803,0.4044241727506803,0.08712131039295443,0.10534631039295461,0.09078051207859096,0.03369216160649375,0.08710625000000011,0.06742500000000007,0.12606442029471593,0.04362718750000001,0.04322499999999985,1.0,1.0,0.1,0.0,0.0,0.1,0.1,0.8,0.0,0.04044241727506803,0.4044241727506803,0.08712131039295443,0.10534631039295461,0.09078051207859096,0.03369216160649375,0.08710625000000011,0.06742500000000007,0.12606442029471593,0.04362718750000001,0.04322499999999985,1.0,1.0,0.1,0.0,0.0,0.1,0.1,0.8,0.0,0.04044241727506803,0.4044241727506803,0.08712131039295443,0.10534631039295461,1.0,0.3,0.2,0.2,0.2,0.0,0.3,1.0,0.3333333333333333,0.2,1.0,0.2222222222222222,0.2,1.0,0.2222222222222222,0.2,1.0,0.2222222222222222,0.2,0.1,0.2,0.2,0.2,0.2,0.2,0.0,0.0,0.0,0.0,0.2,0.2,1.0,1.0,1.0,0.2,1.0,1.0,1.0,1.0,1.0,1.0,2,0,0.0,0.0,0.0,0.2,0.0,0.0,0.0,0.0,0.0,0.0,0.0,1.0,0.0,0.0,0.0,0.0,0.0,-0.3739297219562174,0.005082441128863887,0.005082441128863887,0.0,0.05,0.05,0,0,0,0,C1,0.0,0.0,0.0972651431178864,0.1,1.0,0.3,0.0,0.0,0.0972651431178864
phaseflip,mixed_pauli,0.05,4,0.1,10,qiskit_aer,1,1,0.9161756249999999,0.6299671527777777,0.2777777777777778,0.0,0.0,0.8,0.0,0.0,0.07781125000000017,0.02737570701141792,0.06810625000000037,0.06674375000000027,0.08767187500000015,0.04362718750000001,0.04322499999999985,1.0,0.8,0.1,0.0,0.0,0.0,0.0,0.8,0.12820756039295444,0.01975871856611656,0.1315900603929544,0.11405724789295452,0.14432599789295447,0.09737006039295446,0.08931506039295445,1.0,1.0,0.0,0.0,0.0,0.0,0.0,0.8,0.09078051207859097,0.033692161606493735,0.08710625000000011,0.06742500000000023,0.12606442029471593,0.04362718750000001,0.04322499999999985,1.0,1.0,0.1,0.0,0.0,0.0,0.0,0.8,0.0,0.04044241727506801,0.4044241727506801,0.08712131039295443,0.10534631039295461,0.09078051207859097,0.033692161606493735,0.08710625000000011,0.06742500000000023,0.12606442029471593,0.04362718750000001,0.04322499999999985,1.0,1.0,0.1,0.0,0.0,0.0,0.0,0.8,0.0,0.04044241727506801,0.4044241727506801,0.08712131039295443,0.10534631039295461,0.09078051207859097,0.033692161606493735,0.08710625000000011,0.06742500000000023,0.12606442029471593,0.04362718750000001,0.04322499999999985,1.0,1.0,0.1,0.0,0.0,0.0,0.0,0.8,0.0,0.04044241727506801,0.4044241727506801,0.08712131039295443,0.10534631039295461,0.09078051207859097,0.033692161606493735,0.08710625000000011,0.06742500000000023,0.12606442029471593,0.04362718750000001,0.04322499999999985,1.0,1.0,0.1,0.0,0.0,0.0,0.0,0.8,0.0,0.04044241727506801,0.4044241727506801,0.08712131039295443,0.10534631039295461,1.0,0.2,0.2,0.2,0.2,0.0,0.2,1.0,0.2222222222222222,0.2,1.0,0.2222222222222222,0.2,1.0,0.2222222222222222,0.2,1.0,0.2222222222222222,0.2,0.0,0.2,0.2,0.2,0.2,0.2,0.0,0.0,0.0,0.0,0.2,0.2,1.0,1.0,1.0,0.2,1.0,1.0,1.0,1.0,1.0,1.0,2,0,0.0,0.0,0.0,0.2,0.0,0.0,0.0,0.0,0.0,0.0,0.0,1.0,0.0,0.0,0.0,0.0,0.0,-0.22996715250957317,0.004647966849674845,0.004647966849674845,0.0,0.1,0.1,0,0,0,0,C1,0.0,0.0,0.09078051207859097,0.1,1.0,0.2,0.0,0.0,0.09078051207859097
phaseflip,mixed_pauli,0.1,1,0.0,10,qiskit_aer,1,1,0.965,0.965,0.0,0.0,1.0,1.0,0.0,0.0,0.034999999999999844,0.039051248379533124,0.024999999999999856,0.0,0.04999999999999971,0.0,0.0,1.0,0.7,0.5,0.3,0.0,0.5,0.5,0.5,0.05484631039295421,0.0229128784747791,0.06984631039295408,0.0323463103929543,0.06984631039295408,0.01984631039295437,0.01984631039295437,1.0,1.0,0.0,0.0,0.0,1.0,1.0,1.0,0.05484631039295421,0.0229128784747791,0.06984631039295408,0.0323463103929543,0.06984631039295408,0.01984631039295437,0.01984631039295437,1.0,1.0,0.0,0.0,0.0,1.0,1.0,1.0,0.0,0.015076844803522671,0.1507684480352267,0.030153689607045342,0.030153689607045342,0.02595389311788624,0.0338085987112586,0.009923155196477185,0.0,0.042461577598238376,0.0,0.0,1.0,1.0,0.2,0.0,0.0,0.8,0.8,0.8,0.0,0.04396926207859064,0.43969262078590643,0.06984631039295408,0.06984631039295408,0.02595389311788624,0.0338085987112586,0.009923155196477185,0.0,0.042461577598238376,0.0,0.0,1.0,1.0,0.2,0.0,0.0,0.8,0.8,0.8,0.0,0.04396926207859064,0.43969262078590643,0.06984631039295408,0.06984631039295408,0.02595389311788624,0.0338085987112586,0.009923155196477185,0.0,0.042461577598238376,0.0,0.0,1.0,1.0,0.2,0.0,0.0,0.8,0.8,0.8,0.0,0.04396926207859064,0.43969262078590643,0.06984631039295408,0.06984631039295408,1.0,1.0,0.3,0.3,0.3,0.0,1.0,0.0,1.0,0.3,1.0,0.375,0.3,1.0,0.375,0.3,1.0,0.375,0.3,0.7,0.3,0.3,0.3,0.3,0.3,0.0,0.0,0.0,0.0,0.3,0.3,1.0,1.0,1.0,0.3,1.0,1.0,1.0,1.0,1.0,1.0,3,0,0.0,0.0,0.3,0.0,0.0,0.0,0.0,0.0,0.0,0.0,0.0,1.0,0.0,0.0,0.0,0.0,0.0,-0.3649999620637617,0.0032868402154856554,0.0032868402154856554,0.0,0.0,0.0,0,0,0,0,C1,0.0,0.0,0.05484631039295421,0.0,1.0,1.0,0.0,0.0,0.05484631039295421
phaseflip,mixed_pauli,0.1,1,0.01,10,qiskit_aer,1,1,0.965,0.9016666666666666,0.03333333333333333,0.0,0.5,1.0,0.0,0.0,0.034999999999999844,0.039051248379533124,0.024999999999999856,0.0,0.04999999999999971,0.0,0.0,1.0,0.7,0.5,0.1,0.0,0.3,0.3,0.5,0.05484631039295421,0.0229128784747791,0.06984631039295408,0.0323463103929543,0.06984631039295408,0.01984631039295437,0.01984631039295437,1.0,1.0,0.0,0.0,0.0,0.5,0.5,1.0,0.04389241727506793,0.033808598711258575,0.044846310392954225,0.01984631039295437,0.06984631039295408,0.0,0.0,1.0,1.0,0.1,0.0,0.0,0.5,0.5,0.9,0.0,0.026030737921408954,0.26030737921408953,0.06984631039295408,0.06984631039295408,0.02595389311788624,0.0338085987112586,0.009923155196477185,0.0,0.042461577598238376,0.0,0.0,1.0,1.0,0.2,0.0,0.0,0.4,0.4,0.8,0.0,0.04396926207859064,0.43969262078590643,0.06984631039295408,0.06984631039295408,0.02595389311788624,0.0338085987112586,0.009923155196477185,0.0,0.042461577598238376,0.0,0.0,1.0,1.0,0.2,0.0,0.0,0.4,0.4,0.8,0.0,0.04396926207859064,0.43969262078590643,0.06984631039295408,0.06984631039295408,0.02595389311788624,0.0338085987112586,0.009923155196477185,0.0,0.042461577598238376,0.0,0.0,1.0,1.0,0.2,0.0,0.0,0.4,0.4,0.8,0.0,0.04396926207859064,0.43969262078590643,0.06984631039295408,0.06984631039295408,1.0,0.7,0.3,0.3,0.3,0.0,0.7,0.25,0.6666666666666666,0.3,0.5,0.16666666666666666,0.3,0.5,0.16666666666666666,0.3,0.5,0.16666666666666666,0.3,0.4,0.3,0.3,0.3,0.3,0.3,0.0,0.0,0.0,0.0,0.3,0.3,1.0,1.0,1.0,0.3,1.0,1.0,1.0,1.0,1.0,1.0,3,0,0.0,0.0,0.3,0.0,0.0,0.0,0.0,0.0,0.0,0.0,0.0,1.0,0.0,0.0,0.0,0.0,0.0,-0.3016666287304283,0.0032868402154856554,0.0032868402154856554,0.0,0.01,0.01,0,0,0,0,C1,0.0,0.0,0.04389241727506793,0.1,1.0,0.7,0.0,0.0,0.04389241727506793
phaseflip,mixed_pauli,0.1,1,0.03,10,qiskit_aer,1,1,0.965,0.8277777777777777,0.1111111111111111,0.0,0.4,1.0,0.0,0.0,0.034999999999999844,0.039051248379533124,0.024999999999999856,0.0,0.04999999999999971,0.0,0.0,1.0,0.7,0.5,0.1,0.0,0.2,0.2,0.5,0.05484631039295421,0.0229128784747791,0.06984631039295408,0.0323463103929543,0.06984631039295408,0.01984631039295437,0.01984631039295437,1.0,1.0,0.0,0.0,0.0,0.4,0.4,1.0,0.036907786235772524,0.034921773275296726,0.01984631039295437,0.004961577598238592,0.06984631039295408,0.0,0.0,1.0,1.0,0.1,0.0,0.0,0.4,0.4,0.9,0.0,0.03301536896070436,0.3301536896070436,0.06984631039295408,0.06984631039295408,0.02595389311788624,0.0338085987112586,0.009923155196477185,0.0,0.042461577598238376,0.0,0.0,1.0,1.0,0.2,0.0,0.0,0.3,0.3,0.8,0.0,0.04396926207859064,0.43969262078590643,0.06984631039295408,0.06984631039295408,0.02595389311788624,0.0338085987112586,0.009923155196477185,0.0,0.042461577598238376,0.0,0.0,1.0,1.0,0.2,0.0,0.0,0.3,0.3,0.8,0.0,0.04396926207859064,0.43969262078590643,0.06984631039295408,0.06984631039295408,0.02595389311788624,0.0338085987112586,0.009923155196477185,0.0,0.042461577598238376,0.0,0.0,1.0,1.0,0.2,0.0,0.0,0.3,0.3,0.8,0.0,0.04396926207859064,0.43969262078590643,0.06984631039295408,0.06984631039295408,1.0,0.6,0.3,0.3,0.3,0.0,0.6,0.25,0.5,0.3,0.5,0.16666666666666666,0.3,0.5,0.16666666666666666,0.3,0.5,0.16666666666666666,0.3,0.3,0.3,0.3,0.3,0.3,0.3,0.0,0.0,0.0,0.0,0.3,0.3,1.0,1.0,1.0,0.3,1.0,1.0,1.0,1.0,1.0,1.0,3,0,0.0,0.0,0.3,0.0,0.0,0.0,0.0,0.0,0.0,0.0,0.0,1.0,0.0,0.0,0.0,0.0,0.0,-0.22777773984153937,0.0032868402154856554,0.0032868402154856554,0.0,0.03,0.03,0,0,0,0,C1,0.0,0.0,0.036907786235772524,0.1,1.0,0.6,0.0,0.0,0.036907786235772524
phaseflip,mixed_pauli,0.1,1,0.05,10,qiskit_aer,1,1,0.965,0.795,0.15555555555555556,0.0,0.2,1.0,0.0,0.0,0.034999999999999844,0.039051248379533124,0.024999999999999856,0.0,0.04999999999999971,0.0,0.0,1.0,0.7,0.5,0.0,0.0,0.1,0.1,0.5,0.05484631039295421,0.0229128784747791,0.06984631039295408,0.0323463103929543,0.06984631039295408,0.01984631039295437,0.01984631039295437,1.0,1.0,0.0,0.0,0.0,0.2,0.2,1.0,0.029923155196477112,0.03461891114771469,0.01984631039295437,0.0,0.05734631039295415,0.0,0.0,1.0,1.0,0.1,0.0,0.0,0.2,0.2,0.9,0.0,0.03999999999999977,0.3999999999999977,0.06984631039295408,0.06984631039295408,0.02595389311788624,0.0338085987112586,0.009923155196477185,0.0,0.042461577598238376,0.0,0.0,1.0,1.0,0.2,0.0,0.0,0.1,0.1,0.8,0.0,0.04396926207859064,0.43969262078590643,0.06984631039295408,0.06984631039295408,0.02595389311788624,0.0338085987112586,0.009923155196477185,0.0,0.042461577598238376,0.0,0.0,1.0,1.0,0.2,0.0,0.0,0.1,0.1,0.8,0.0,0.04396926207859064,0.43969262078590643,0.06984631039295408,0.06984631039295408,0.02595389311788624,0.0338085987112586,0.009923155196477185,0.0,0.042461577598238376,0.0,0.0,1.0,1.0,0.2,0.0,0.0,0.1,0.1,0.8,0.0,0.04396926207859064,0.43969262078590643,0.06984631039295408,0.06984631039295408,1.0,0.5,0.3,0.3,0.3,0.0,0.5,0.2,0.2,0.3,0.4,0.0,0.3,0.4,0.0,0.3,0.4,0.0,0.3,0.2,0.3,0.3,0.3,0.3,0.3,0.0,0.0,0.0,0.0,0.3,0.3,1.0,1.0,1.0,0.3,1.0,1.0,1.0,1.0,1.0,1.0,3,0,0.0,0.0,0.3,0.0,0.0,0.0,0.0,0.0,0.0,0.0,0.0,1.0,0.0,0.0,0.0,0.0,0.0,-0.19499996206512205,2.319097585949862e-18,2.319097585949862e-18,0.0,0.05,0.05,0,0,0,0,C2,0.0,0.0,0.02595389311788624,0.2,1.0,0.3,0.0,0.0,0.029923155196477112
phaseflip,mixed_pauli,0.1,1,0.1,10,qiskit_aer,1,1,0.965,0.6977777777777778,0.25555555555555554,0.0,0.1,1.0,0.0,0.0,0.034999999999999844,0.039051248379533124,0.024999999999999856,0.0,0.04999999999999971,0.0,0.0,1.0,0.7,0.5,0.0,0.0,0.0,0.0,0.5,0.05484631039295421,0.0229128784747791,0.06984631039295408,0.0323463103929543,0.06984631039295408,0.01984631039295437,0.01984631039295437,1.0,1.0,0.0,0.0,0.0,0.1,0.1,1.0,0.022938524157181707,0.03286088294470072,0.009923155196477185,0.0,0.01984631039295437,0.0,0.0,1.0,1.0,0.1,0.0,0.0,0.1,0.1,0.9,0.0,0.04698463103929518,0.46984631039295177,0.06984631039295408,0.06984631039295408,0.02595389311788624,0.0338085987112586,0.009923155196477185,0.0,0.042461577598238376,0.0,0.0,1.0,1.0,0.2,0.0,0.0,0.0,0.0,0.8,0.0,0.04396926207859064,0.43969262078590643,0.06984631039295408,0.06984631039295408,0.02595389311788624,0.0338085987112586,0.009923155196477185,0.0,0.042461577598238376,0.0,0.0,1.0,1.0,0.2,0.0,0.0,0.0,0.0,0.8,0.0,0.04396926207859064,0.43969262078590643,0.06984631039295408,0.06984631039295408,0.02595389311788624,0.0338085987112586,0.009923155196477185,0.0,0.042461577598238376,0.0,0.0,1.0,1.0,0.2,0.0,0.0,0.0,0.0,0.8,0.0,0.04396926207859064,0.43969262078590643,0.06984631039295408,0.06984631039295408,1.0,0.4,0.3,0.3,0.3,0.0,0.4,0.2,0.0,0.3,0.4,0.0,0.3,0.4,0.0,0.3,0.4,0.0,0.3,0.1,0.3,0.3,0.3,0.3,0.3,0.0,0.0,0.0,0.0,0.3,0.3,1.0,1.0,1.0,0.3,1.0,1.0,1.0,1.0,1.0,1.0,3,0,0.0,0.0,0.3,0.0,0.0,0.0,0.0,0.0,0.0,0.0,0.0,1.0,0.0,0.0,0.0,0.0,0.0,-0.0977777398415394,0.0032868402154856554,0.0032868402154856554,0.0,0.1,0.1,0,0,0,0,C2,0.0,0.0,0.02595389311788624,0.2,1.0,0.3,0.0,0.0,0.02595389311788624
phaseflip,mixed_pauli,0.1,2,0.0,10,qiskit_aer,1,1,0.92575,0.92575,0.0,0.0,0.5,0.5,0.0,0.0,0.06925000000000003,0.043618373422217444,0.09000000000000025,0.04500000000000007,0.0900000000000003,-2.220446049250313e-16,-2.220446049250313e-16,1.0,0.9,0.2,0.1,0.0,0.4,0.4,0.4,0.1350963103929544,0.029505296134761966,0.14984631039295437,0.11484631039295445,0.15984631039295435,0.08872131039295435,0.06734631039295436,1.0,1.0,0.0,0.0,0.0,0.5,0.5,0.5,0.08020389311788637,0.04473614962492923,0.0900000000000003,0.07300973279471581,0.10863473279471583,-2.220446049250313e-16,-2.220446049250313e-16,1.0,1.0,0.1,0.0,0.0,0.5,0.5,0.5,0.0,0.060923155196477084,0.6092315519647709,0.1498463103929546,0.1498463103929546,0.0662346310392955,0.04259138649354848,0.07867315519647727,0.04500000000000007,0.0900000000000003,-2.220446049250313e-16,-2.220446049250313e-16,1.0,1.0,0.1,0.0,0.0,0.5,0.5,0.5,0.0,0.07489241727506794,0.7489241727506795,0.1498463103929546,0.1498463103929546,0.0662346310392955,0.04259138649354848,0.07867315519647727,0.04500000000000007,0.0900000000000003,-2.220446049250313e-16,-2.220446049250313e-16,1.0,1.0,0.1,0.0,0.0,0.5,0.5,0.5,0.0,0.07489241727506794,0.7489241727506795,0.1498463103929546,0.1498463103929546,0.0662346310392955,0.04259138649354848,0.07867315519647727,0.04500000000000007,0.0900000000000003,-2.220446049250313e-16,-2.220446049250313e-16,1.0,1.0,0.1,0.0,0.0,0.5,0.5,0.5,0.0,0.07489241727506794,0.7489241727506795,0.1498463103929546,0.1498463103929546,1.0,0.3,0.1,0.1,0.1,0.0,0.3,1.0,0.3333333333333333,0.1,1.0,0.1111111111111111,0.1,1.0,0.1111111111111111,0.1,1.0,0.1111111111111111,0.1,0.2,0.1,0.1,0.1,0.1,0.1,0.0,0.0,0.0,0.0,0.1,0.1,1.0,1.0,1.0,0.1,1.0,1.0,1.0,1.0,1.0,1.0,1,0,0.0,0.0,0.1,0.0,0.0,0.0,0.0,0.0,0.0,0.0,0.0,1.0,0.0,0.0,0.0,0.0,0.0,-0.725749999819827,0.008495877083870586,0.008495877083870586,0.0,0.0,0.0,0,0,0,0,C1,0.0,0.0,0.08020389311788637,0.1,1.0,0.3,0.0,0.0,0.08020389311788637
phaseflip,mixed_pauli,0.1,2,0.01,10,qiskit_aer,1,1,0.92575,0.8140277777777778,0.02222222222222222,0.0,0.4,0.5,0.0,0.0,0.06925000000000003,0.043618373422217444,0.09000000000000025,0.04500000000000007,0.0900000000000003,-2.220446049250313e-16,-2.220446049250313e-16,1.0,0.9,0.2,0.1,0.0,0.3,0.3,0.4,0.1350963103929544,0.029505296134761966,0.14984631039295437,0.11484631039295445,0.15984631039295435,0.08872131039295435,0.06734631039295436,1.0,1.0,0.0,0.0,0.0,0.4,0.4,0.5,0.0732192620785909,0.05084364766266398,0.07867315519647727,0.04500000000000007,0.0900000000000003,-2.220446049250313e-16,-2.220446049250313e-16,1.0,1.0,0.1,0.0,0.0,0.4,0.4,0.5,0.0,0.06790778623577254,0.6790778623577254,0.1498463103929546,0.1498463103929546,0.0662346310392955,0.04259138649354848,0.07867315519647727,0.04500000000000007,0.0900000000000003,-2.220446049250313e-16,-2.220446049250313e-16,1.0,1.0,0.1,0.0,0.0,0.4,0.4,0.5,0.0,0.07489241727506794,0.7489241727506795,0.1498463103929546,0.1498463103929546,0.0662346310392955,0.04259138649354848,0.07867315519647727,0.04500000000000007,0.0900000000000003,-2.220446049250313e-16,-2.220446049250313e-16,1.0,1.0,0.1,0.0,0.0,0.4,0.4,0.5,0.0,0.07489241727506794,0.7489241727506795,0.1498463103929546,0.1498463103929546,0.0662346310392955,0.04259138649354848,0.07867315519647727,0.04500000000000007,0.0900000000000003,-2.220446049250313e-16,-2.220446049250313e-16,1.0,1.0,0.1,0.0,0.0,0.4,0.4,0.5,0.0,0.07489241727506794,0.7489241727506795,0.1498463103929546,0.1498463103929546,1.0,0.2,0.1,0.1,0.1,0.0,0.2,1.0,0.2222222222222222,0.1,1.0,0.1111111111111111,0.1,1.0,0.1111111111111111,0.1,1.0,0.1111111111111111,0.1,0.1,0.1,0.1,0.1,0.1,0.1,0.0,0.0,0.0,0.0,0.1,0.1,1.0,1.0,1.0,0.1,1.0,1.0,1.0,1.0,1.0,1.0,1,0,0.0,0.0,0.1,0.0,0.0,0.0,0.0,0.0,0.0,0.0,0.0,1.0,0.0,0.0,0.0,0.0,0.0,-0.6140277775994584,0.0003539416742845664,0.0003539416742845664,0.0,0.01,0.01,0,0,0,0,C1,0.0,0.0,0.0732192620785909,0.1,1.0,0.2,0.0,0.0,0.0732192620785909
phaseflip,mixed_pauli,0.1,2,0.03,10,qiskit_aer,1,1,0.92575,0.7923611111111112,0.04444444444444444,0.0,0.3,0.5,0.0,0.0,0.06925,0.04361837342221746,0.09000000000000025,0.0449999999999999,0.0900000000000003,-2.220446049250313e-16,-2.220446049250313e-16,1.0,0.8,0.2,0.1,0.0,0.2,0.2,0.4,0.1350963103929544,0.029505296134761966,0.14984631039295437,0.11484631039295445,0.15984631039295435,0.08872131039295435,0.06734631039295436,1.0,1.0,0.0,0.0,0.0,0.3,0.3,0.5,0.08020389311788631,0.05128293943214103,0.09000000000000025,0.05058657759823845,0.10863473279471592,-2.220446049250313e-16,-2.220446049250313e-16,1.0,1.0,0.1,0.0,0.0,0.3,0.3,0.5,0.0,0.06092315519647713,0.6092315519647713,0.1498463103929546,0.1498463103929546,0.0732192620785909,0.04423188571730275,0.09000000000000025,0.05058657759823845,0.0900000000000003,-2.220446049250313e-16,-2.220446049250313e-16,1.0,1.0,0.1,0.0,0.0,0.3,0.3,0.5,0.0,0.06790778623577254,0.6790778623577254,0.1498463103929546,0.1498463103929546,0.0732192620785909,0.04423188571730275,0.09000000000000025,0.05058657759823845,0.0900000000000003,-2.220446049250313e-16,-2.220446049250313e-16,1.0,1.0,0.1,0.0,0.0,0.3,0.3,0.5,0.0,0.06790778623577254,0.6790778623577254,0.1498463103929546,0.1498463103929546,0.0732192620785909,0.04423188571730275,0.09000000000000025,0.05058657759823845,0.0900000000000003,-2.220446049250313e-16,-2.220446049250313e-16,1.0,1.0,0.1,0.0,0.0,0.3,0.3,0.5,0.0,0.06790778623577254,0.6790778623577254,0.1498463103929546,0.1498463103929546,1.0,0.3,0.2,0.2,0.2,0.0,0.3,1.0,0.3333333333333333,0.2,1.0,0.2222222222222222,0.2,1.0,0.2222222222222222,0.2,1.0,0.2222222222222222,0.2,0.1,0.2,0.2,0.2,0.2,0.2,0.0,0.0,0.0,0.0,0.2,0.2,1.0,1.0,1.0,0.2,1.0,1.0,1.0,1.0,1.0,1.0,2,0,0.0,0.0,0.1,0.1,0.0,0.0,0.0,0.0,0.0,0.0,0.0,1.0,0.0,0.0,0.0,0.0,0.0,-0.3923611109621219,2.3156988781942745e-18,2.3156988781942745e-18,0.0,0.03,0.03,0,0,0,0,C1,0.0,0.0,0.08020389311788631,0.1,1.0,0.3,0.0,0.0,0.08020389311788631
phaseflip,mixed_pauli,0.1,2,0.05,10,qiskit_aer,1,1,0.92575,0.7828611111111111,0.07777777777777778,0.0,0.2,0.5,0.0,0.0,0.06925,0.04361837342221746,0.09000000000000025,0.0449999999999999,0.0900000000000003,-2.220446049250313e-16,-2.220446049250313e-16,1.0,0.9,0.2,0.1,0.0,0.1,0.1,0.4,0.1350963103929544,0.029505296134761966,0.14984631039295437,0.11484631039295445,0.15984631039295435,0.08872131039295435,0.06734631039295436,1.0,1.0,0.0,0.0,0.0,0.2,0.2,0.5,0.06623463103929547,0.04259138649354849,0.07867315519647727,0.0449999999999999,0.0900000000000003,-2.220446049250313e-16,-2.220446049250313e-16,1.0,1.0,0.1,0.0,0.0,0.2,0.2,0.5,0.0,0.07489241727506797,0.7489241727506797,0.1498463103929546,0.1498463103929546,0.06623463103929547,0.04259138649354849,0.07867315519647727,0.0449999999999999,0.0900000000000003,-2.220446049250313e-16,-2.220446049250313e-16,1.0,1.0,0.1,0.0,0.0,0.2,0.2,0.5,0.0,0.07489241727506797,0.7489241727506797,0.1498463103929546,0.1498463103929546,0.06623463103929547,0.04259138649354849,0.07867315519647727,0.0449999999999999,0.0900000000000003,-2.220446049250313e-16,-2.220446049250313e-16,1.0,1.0,0.1,0.0,0.0,0.2,0.2,0.5,0.0,0.07489241727506797,0.7489241727506797,0.1498463103929546,0.1498463103929546,0.06623463103929547,0.04259138649354849,0.07867315519647727,0.0449999999999999,0.0900000000000003,-2.220446049250313e-16,-2.220446049250313e-16,1.0,1.0,0.1,0.0,0.0,0.2,0.2,0.5,0.0,0.07489241727506797,0.7489241727506797,0.1498463103929546,0.1498463103929546,1.0,0.1,0.1,0.1,0.1,0.0,0.1,1.0,0.1111111111111111,0.1,1.0,0.1111111111111111,0.1,1.0,0.1111111111111111,0.1,1.0,0.1111111111111111,0.1,0.0,0.1,0.1,0.1,0.1,0.1,0.0,0.0,0.0,0.0,0.1,0.1,1.0,1.0,1.0,0.1,1.0,1.0,1.0,1.0,1.0,1.0,1,0,0.0,0.0,0.1,0.0,0.0,0.0,0.0,0.0,0.0,0.0,0.0,1.0,0.0,0.0,0.0,0.0,0.0,-0.5828611109338195,0.0003539416742845664,0.0003539416742845664,0.0,0.05,0.05,0,0,0,0,C1,0.0,0.0,0.06623463103929547,0.1,1.0,0.1,0.0,0.0,0.06623463103929547
phaseflip,mixed_pauli,0.1,2,0.1,10,qiskit_aer,1,1,0.92575,0.6689444444444445,0.19999999999999998,0.0,0.0,0.5,0.0,0.0,0.06925,0.04361837342221746,0.09000000000000025,0.0449999999999999,0.0900000000000003,-2.220446049250313e-16,-2.220446049250313e-16,1.0,1.0,0.2,0.0,0.0,0.0,0.0,0.4,0.1350963103929544,0.029505296134761966,0.14984631039295437,0.11484631039295445,0.15984631039295435,0.08872131039295435,0.06734631039295436,1.0,1.0,0.0,0.0,0.0,0.0,0.0,0.5,0.06925,0.04361837342221746,0.09000000000000025,0.0449999999999999,0.0900000000000003,-2.220446049250313e-16,-2.220446049250313e-16,1.0,1.0,0.2,0.0,0.0,0.0,0.0,0.4,0.0,0.07187704831436344,0.7187704831436343,0.1498463103929546,0.1498463103929546,0.06925,0.04361837342221746,0.09000000000000025,0.0449999999999999,0.0900000000000003,-2.220446049250313e-16,-2.220446049250313e-16,1.0,1.0,0.2,0.0,0.0,0.0,0.0,0.4,0.0,0.07187704831436344,0.7187704831436343,0.1498463103929546,0.1498463103929546,0.06925,0.04361837342221746,0.09000000000000025,0.0449999999999999,0.0900000000000003,-2.220446049250313e-16,-2.220446049250313e-16,1.0,1.0,0.2,0.0,0.0,0.0,0.0,0.4,0.0,0.07187704831436344,0.7187704831436343,0.1498463103929546,0.1498463103929546,0.06925,0.04361837342221746,0.09000000000000025,0.0449999999999999,0.0900000000000003,-2.220446049250313e-16,-2.220446049250313e-16,1.0,1.0,0.2,0.0,0.0,0.0,0.0,0.4,0.0,0.07187704831436344,0.7187704831436343,0.1498463103929546,0.1498463103929546,1.0,0.0,0.0,0.0,0.0,0.0,0.0,1.0,0.0,0.0,1.0,0.0,0.0,1.0,0.0,0.0,1.0,0.0,0.0,0.0,0.0,0.0,0.0,0.0,0.0,0.0,0.0,0.0,0.0,0.0,0.0,1.0,1.0,1.0,0.0,0.0,0.0,0.0,0.0,0.0,0.0,0,0,0.0,0.0,0.0,0.0,0.0,0.0,0.0,0.0,0.0,0.0,0.0,1.0,0.0,0.0,0.0,0.0,0.0,-0.6689444442673933,0.0,0.0,0.0,0.1,0.1,0,0,0,0,C1,0.0,0.0,0.06925,0.2,1.0,0.0,0.0,0.0,0.06925
phaseflip,mixed_pauli,0.1,3,0.0,10,qiskit_aer,1,1,0.87565,0.87565,0.0,0.0,0.5,0.5,0.0,0.0,0.11195000000000012,0.047257512630268485,0.10400000000000026,0.08200000000000018,0.13050000000000023,0.059450000000000225,0.04100000000000026,1.0,0.7,0.2,0.2,0.0,0.5,0.5,0.5,0.20179631039295437,0.03448583042352318,0.20034631039295436,0.1920963103929544,0.23184631039295434,0.14767131039295442,0.11234631039295451,1.0,1.0,0.0,0.0,0.0,0.5,0.5,0.5,0.18385778623577265,0.04979507869822856,0.20592315519647703,0.13050000000000012,0.23184631039295434,0.11849047071612513,0.11234631039295451,1.0,1.0,0.1,0.0,0.0,0.5,0.5,0.5,0.0,0.02396926207859078,0.2396926207859078,0.0698463103929542,0.06984631039295415,0.13890389311788642,0.06410202922802857,0.1282500000000002,0.08958657759823876,0.1983749999999998,0.059450000000000225,0.04100000000000026,1.0,1.0,0.1,0.0,0.0,0.5,0.5,0.5,0.0,0.06892315519647703,0.6892315519647703,0.14984631039295415,0.14984631039295415,0.13890389311788642,0.06410202922802857,0.1282500000000002,0.08958657759823876,0.1983749999999998,0.059450000000000225,0.04100000000000026,1.0,1.0,0.1,0.0,0.0,0.5,0.5,0.5,0.0,0.06892315519647703,0.6892315519647703,0.14984631039295415,0.14984631039295415,0.13890389311788642,0.06410202922802857,0.1282500000000002,0.08958657759823876,0.1983749999999998,0.059450000000000225,0.04100000000000026,1.0,1.0,0.1,0.0,0.0,0.5,0.5,0.5,0.0,0.06892315519647703,0.6892315519647703,0.14984631039295415,0.14984631039295415,1.0,0.6,0.3,0.3,0.3,0.0,0.6,0.5,0.625,0.3,0.5,0.25,0.3,0.5,0.25,0.3,0.5,0.25,0.3,0.3,0.3,0.3,0.3,0.3,0.3,0.0,0.0,0.0,0.0,0.3,0.3,1.0,1.0,1.0,0.3,1.0,1.0,1.0,1.0,1.0,1.0,3,0,0.0,0.0,0.1,0.2,0.0,0.0,0.0,0.0,0.0,0.0,0.0,1.0,0.0,0.0,0.0,0.0,0.0,-0.27564999983057464,4.8406573363417764e-20,4.8406573363417764e-20,0.0,0.0,0.0,0,0,0,0,C1,0.0,0.0,0.18385778623577265,0.1,1.0,0.6,0.0,0.0,0.18385778623577265
phaseflip,mixed_pauli,0.1,3,0.01,10,qiskit_aer,1,1,0.87565,0.7214611111111112,0.03333333333333333,0.0,0.0,0.5,0.0,0.0,0.11195000000000009,0.04725751263026848,0.10400000000000026,0.08200000000000018,0.13050000000000006,0.059450000000000225,0.04100000000000026,1.0,0.6,0.2,0.0,0.0,0.0,0.0,0.5,0.20179631039295437,0.03448583042352318,0.20034631039295436,0.1920963103929544,0.23184631039295434,0.14767131039295442,0.11234631039295451,1.0,1.0,0.0,0.0,0.0,0.0,0.0,0.5,0.1538885241571818,0.056531541870367345,0.13050000000000006,0.11575973279471596,0.21346157759823833,0.08200000000000018,0.08200000000000018,1.0,1.0,0.1,0.0,0.0,0.0,0.0,0.5,0.0,0.05393852415718163,0.5393852415718163,0.14984631039295415,0.14984631039295415,0.1538885241571818,0.056531541870367345,0.13050000000000006,0.11575973279471596,0.21346157759823833,0.08200000000000018,0.08200000000000018,1.0,1.0,0.1,0.0,0.0,0.0,0.0,0.5,0.0,0.05393852415718163,0.5393852415718163,0.14984631039295415,0.14984631039295415,0.1538885241571818,0.056531541870367345,0.13050000000000006,0.11575973279471596,0.21346157759823833,0.08200000000000018,0.08200000000000018,1.0,1.0,0.1,0.0,0.0,0.0,0.0,0.5,0.0,0.05393852415718163,0.5393852415718163,0.14984631039295415,0.14984631039295415,0.1538885241571818,0.056531541870367345,0.13050000000000006,0.11575973279471596,0.21346157759823833,0.08200000000000018,0.08200000000000018,1.0,1.0,0.1,0.0,0.0,0.0,0.0,0.5,0.0,0.05393852415718163,0.5393852415718163,0.14984631039295415,0.14984631039295415,1.0,0.4,0.4,0.4,0.4,0.0,0.4,0.5,0.375,0.4,0.5,0.375,0.4,0.5,0.375,0.4,0.5,0.375,0.4,0.0,0.4,0.4,0.4,0.4,0.4,0.0,0.0,0.0,0.0,0.4,0.4,1.0,1.0,1.0,0.4,1.0,1.0,1.0,1.0,1.0,1.0,4,0,0.0,0.0,0.1,0.3,0.0,0.0,0.0,0.0,0.0,0.0,0.0,1.0,0.0,0.0,0.0,0.0,0.0,0.07853888907328989,0.00556297854266948,0.00556297854266948,0.0,0.01,0.01,0,0,0,0,C1,0.0,0.0,0.1538885241571818,0.1,1.0,0.4,0.0,0.0,0.1538885241571818
phaseflip,mixed_pauli,0.1,3,0.03,10,qiskit_aer,1,1,0.87565,0.6814055555555556,0.08888888888888888,0.0,0.0,0.5,0.0,0.0,0.11195000000000009,0.04725751263026848,0.10400000000000026,0.08200000000000018,0.13050000000000006,0.059450000000000225,0.04100000000000026,1.0,0.7,0.2,0.0,0.0,0.0,0.0,0.5,0.20179631039295437,0.03448583042352318,0.20034631039295436,0.1920963103929544,0.23184631039295434,0.14767131039295442,0.11234631039295451,1.0,1.0,0.0,0.0,0.0,0.0,0.0,0.5,0.1389038931178864,0.06410202922802857,0.1282500000000002,0.08958657759823876,0.19837499999999975,0.059450000000000225,0.04100000000000026,1.0,1.0,0.1,0.0,0.0,0.0,0.0,0.5,0.0,0.06892315519647704,0.6892315519647705,0.14984631039295415,0.14984631039295415,0.1389038931178864,0.06410202922802857,0.1282500000000002,0.08958657759823876,0.19837499999999975,0.059450000000000225,0.04100000000000026,1.0,1.0,0.1,0.0,0.0,0.0,0.0,0.5,0.0,0.06892315519647704,0.6892315519647705,0.14984631039295415,0.14984631039295415,0.1389038931178864,0.06410202922802857,0.1282500000000002,0.08958657759823876,0.19837499999999975,0.059450000000000225,0.04100000000000026,1.0,1.0,0.1,0.0,0.0,0.0,0.0,0.5,0.0,0.06892315519647704,0.6892315519647705,0.14984631039295415,0.14984631039295415,0.1389038931178864,0.06410202922802857,0.1282500000000002,0.08958657759823876,0.19837499999999975,0.059450000000000225,0.04100000000000026,1.0,1.0,0.1,0.0,0.0,0.0,0.0,0.5,0.0,0.06892315519647704,0.6892315519647705,0.14984631039295415,0.14984631039295415,1.0,0.3,0.3,0.3,0.3,0.0,0.3,0.5,0.25,0.3,0.5,0.25,0.3,0.5,0.25,0.3,0.5,0.25,0.3,0.0,0.3,0.3,0.3,0.3,0.3,0.0,0.0,0.0,0.0,0.3,0.3,1.0,1.0,1.0,0.3,1.0,1.0,1.0,1.0,1.0,1.0,3,0,0.0,0.0,0.1,0.2,0.0,0.0,0.0,0.0,0.0,0.0,0.0,1.0,0.0,0.0,0.0,0.0,0.0,-0.0814055553860992,4.8406573363417764e-20,4.8406573363417764e-20,0.0,0.03,0.03,0,0,0,0,C1,0.0,0.0,0.1389038931178864,0.1,1.0,0.3,0.0,0.0,0.1389038931178864
phaseflip,mixed_pauli,0.1,3,0.05,10,qiskit_aer,1,1,0.87565,0.6805611111111112,0.1111111111111111,0.0,0.0,0.5,0.0,0.0,0.11195000000000009,0.04725751263026848,0.10400000000000026,0.08200000000000018,0.13050000000000006,0.059450000000000225,0.04100000000000026,1.0,0.7,0.2,0.0,0.0,0.0,0.0,0.5,0.20179631039295437,0.03448583042352318,0.20034631039295436,0.1920963103929544,0.23184631039295434,0.14767131039295442,0.11234631039295451,1.0,1.0,0.0,0.0,0.0,0.0,0.0,0.5,0.1389038931178864,0.06410202922802857,0.1282500000000002,0.08958657759823876,0.19837499999999975,0.059450000000000225,0.04100000000000026,1.0,1.0,0.1,0.0,0.0,0.0,0.0,0.5,0.0,0.06892315519647704,0.6892315519647705,0.14984631039295415,0.14984631039295415,0.1389038931178864,0.06410202922802857,0.1282500000000002,0.08958657759823876,0.19837499999999975,0.059450000000000225,0.04100000000000026,1.0,1.0,0.1,0.0,0.0,0.0,0.0,0.5,0.0,0.06892315519647704,0.6892315519647705,0.14984631039295415,0.14984631039295415,0.1389038931178864,0.06410202922802857,0.1282500000000002,0.08958657759823876,0.19837499999999975,0.059450000000000225,0.04100000000000026,1.0,1.0,0.1,0.0,0.0,0.0,0.0,0.5,0.0,0.06892315519647704,0.6892315519647705,0.14984631039295415,0.14984631039295415,0.1389038931178864,0.06410202922802857,0.1282500000000002,0.08958657759823876,0.19837499999999975,0.059450000000000225,0.04100000000000026,1.0,1.0,0.1,0.0,0.0,0.0,0.0,0.5,0.0,0.06892315519647704,0.6892315519647705,0.14984631039295415,0.14984631039295415,1.0,0.3,0.3,0.3,0.3,0.0,0.3,0.5,0.25,0.3,0.5,0.25,0.3,0.5,0.25,0.3,0.5,0.25,0.3,0.0,0.3,0.3,0.3,0.3,0.3,0.0,0.0,0.0,0.0,0.3,0.3,1.0,1.0,1.0,0.3,1.0,1.0,1.0,1.0,1.0,1.0,3,0,0.0,0.0,0.1,0.2,0.0,0.0,0.0,0.0,0.0,0.0,0.0,1.0,0.0,0.0,0.0,0.0,0.0,-0.08056111094054771,4.717397819900993e-20,4.717397819900993e-20,0.0,0.05,0.05,0,0,0,0,C1,0.0,0.0,0.1389038931178864,0.1,1.0,0.3,0.0,0.0,0.1389038931178864
phaseflip,mixed_pauli,0.1,3,0.1,10,qiskit_aer,1,1,0.87565,0.5918222222222222,0.2111111111111111,0.0,0.0,0.5,0.0,0.0,0.11195000000000009,0.04725751263026848,0.10400000000000026,0.08200000000000018,0.13050000000000006,0.059450000000000225,0.04100000000000026,1.0,0.7,0.2,0.0,0.0,0.0,0.0,0.5,0.20179631039295437,0.03448583042352318,0.20034631039295436,0.1920963103929544,0.23184631039295434,0.14767131039295442,0.11234631039295451,1.0,1.0,0.0,0.0,0.0,0.0,0.0,0.5,0.1389038931178864,0.06410202922802857,0.1282500000000002,0.08958657759823876,0.19837499999999975,0.059450000000000225,0.04100000000000026,1.0,1.0,0.1,0.0,0.0,0.0,0.0,0.5,0.0,0.06892315519647704,0.6892315519647705,0.14984631039295415,0.14984631039295415,0.1389038931178864,0.06410202922802857,0.1282500000000002,0.08958657759823876,0.19837499999999975,0.059450000000000225,0.04100000000000026,1.0,1.0,0.1,0.0,0.0,0.0,0.0,0.5,0.0,0.06892315519647704,0.6892315519647705,0.14984631039295415,0.14984631039295415,0.1389038931178864,0.06410202922802857,0.1282500000000002,0.08958657759823876,0.19837499999999975,0.059450000000000225,0.04100000000000026,1.0,1.0,0.1,0.0,0.0,0.0,0.0,0.5,0.0,0.06892315519647704,0.6892315519647705,0.14984631039295415,0.14984631039295415,0.1389038931178864,0.06410202922802857,0.1282500000000002,0.08958657759823876,0.19837499999999975,0.059450000000000225,0.04100000000000026,1.0,1.0,0.1,0.0,0.0,0.0,0.0,0.5,0.0,0.06892315519647704,0.6892315519647705,0.14984631039295415,0.14984631039295415,1.0,0.3,0.3,0.3,0.3,0.0,0.3,0.5,0.25,0.3,0.5,0.25,0.3,0.5,0.25,0.3,0.5,0.25,0.3,0.0,0.3,0.3,0.3,0.3,0.3,0.0,0.0,0.0,0.0,0.3,0.3,1.0,1.0,1.0,0.3,1.0,1.0,1.0,1.0,1.0,1.0,3,0,0.0,0.0,0.1,0.2,0.0,0.0,0.0,0.0,0.0,0.0,0.0,1.0,0.0,0.0,0.0,0.0,0.0,0.008177777945836772,3.361543139052379e-20,3.361543139052379e-20,0.0,0.1,0.1,0,0,0,0,C1,0.0,0.0,0.1389038931178864,0.1,1.0,0.3,0.0,0.0,0.1389038931178864
phaseflip,mixed_pauli,0.1,4,0.0,10,qiskit_aer,1,1,0.83941,0.83941,0.0,0.0,0.1,0.1,0.0,0.0,0.13840500000000017,0.04974939421741725,0.12357500000000032,0.11890000000000003,0.15375000000000014,0.07663500000000031,0.07560000000000033,1.0,0.8,0.1,0.0,0.0,0.1,0.1,0.1,0.26065131039295447,0.03309498791357987,0.26874631039295444,0.23597131039295446,0.2842713103929545,0.20851381039295455,0.1980963103929546,1.0,1.0,0.0,0.0,0.0,0.1,0.1,0.1,0.18335889311788645,0.07289581191679781,0.16920000000000013,0.12123750000000022,0.2454865775982385,0.09508500000000018,0.07560000000000033,1.0,1.0,0.1,0.0,0.0,0.1,0.1,0.1,0.0,0.08030778623577257,0.8030778623577257,0.18504631039295422,0.2138463103929542,0.16837426207859102,0.0774880233336431,0.1379250000000003,0.11890000000000003,0.23624999999999993,0.07663500000000031,0.07560000000000033,1.0,1.0,0.1,0.0,0.0,0.1,0.1,0.1,0.0,0.09529241727506799,0.9529241727506799,0.18504631039295422,0.2138463103929542,0.16837426207859102,0.0774880233336431,0.1379250000000003,0.11890000000000003,0.23624999999999993,0.07663500000000031,0.07560000000000033,1.0,1.0,0.1,0.0,0.0,0.1,0.1,0.1,0.0,0.09529241727506799,0.9529241727506799,0.18504631039295422,0.2138463103929542,0.16837426207859102,0.0774880233336431,0.1379250000000003,0.11890000000000003,0.23624999999999993,0.07663500000000031,0.07560000000000033,1.0,1.0,0.1,0.0,0.0,0.1,0.1,0.1,0.0,0.09529241727506799,0.9529241727506799,0.18504631039295422,0.2138463103929542,1.0,0.3,0.2,0.2,0.2,0.0,0.3,1.0,0.3333333333333333,0.2,1.0,0.2222222222222222,0.2,1.0,0.2222222222222222,0.2,1.0,0.2222222222222222,0.2,0.1,0.2,0.2,0.2,0.2,0.2,0.0,0.0,0.0,0.0,0.2,0.2,1.0,1.0,1.0,0.2,1.0,1.0,1.0,1.0,1.0,1.0,2,0,0.0,0.0,0.0,0.2,0.0,0.0,0.0,0.0,0.0,0.0,0.0,1.0,0.0,0.0,0.0,0.0,0.0,-0.43940999997776453,1.5128707549175558e-18,1.5128707549175558e-18,0.0,0.0,0.0,0,0,0,0,C1,0.0,0.0,0.18335889311788645,0.1,1.0,0.3,0.0,0.0,0.18335889311788645
phaseflip,mixed_pauli,0.1,4,0.01,10,qiskit_aer,1,1,0.83941,0.7451422222222222,0.01111111111111111,0.0,0.0,0.1,0.0,0.0,0.13840500000000017,0.04974939421741725,0.12357500000000032,0.11890000000000012,0.15375000000000014,0.07663500000000031,0.07560000000000033,1.0,0.7,0.1,0.0,0.0,0.0,0.0,0.1,0.26065131039295447,0.03309498791357987,0.26874631039295444,0.23597131039295446,0.2842713103929545,0.20851381039295455,0.1980963103929546,1.0,1.0,0.0,0.0,0.0,0.0,0.0,0.1,0.18335889311788647,0.0648685873463355,0.17330000000000018,0.1330875000000004,0.2454865775982385,0.09508500000000024,0.07560000000000033,1.0,1.0,0.1,0.0,0.0,0.0,0.0,0.1,0.0,0.08030778623577255,0.8030778623577255,0.18504631039295422,0.2138463103929542,0.18335889311788647,0.0648685873463355,0.17330000000000018,0.1330875000000004,0.2454865775982385,0.09508500000000024,0.07560000000000033,1.0,1.0,0.1,0.0,0.0,0.0,0.0,0.1,0.0,0.08030778623577255,0.8030778623577255,0.18504631039295422,0.2138463103929542,0.18335889311788647,0.0648685873463355,0.17330000000000018,0.1330875000000004,0.2454865775982385,0.09508500000000024,0.07560000000000033,1.0,1.0,0.1,0.0,0.0,0.0,0.0,0.1,0.0,0.08030778623577255,0.8030778623577255,0.18504631039295422,0.2138463103929542,0.18335889311788647,0.0648685873463355,0.17330000000000018,0.1330875000000004,0.2454865775982385,0.09508500000000024,0.07560000000000033,1.0,1.0,0.1,0.0,0.0,0.0,0.0,0.1,0.0,0.08030778623577255,0.8030778623577255,0.18504631039295422,0.2138463103929542,1.0,0.3,0.3,0.3,0.3,0.0,0.3,1.0,0.3333333333333333,0.3,1.0,0.3333333333333333,0.3,1.0,0.3333333333333333,0.3,1.0,0.3333333333333333,0.3,0.0,0.3,0.3,0.3,0.3,0.3,0.0,0.0,0.0,0.0,0.3,0.3,1.0,1.0,1.0,0.3,1.0,1.0,1.0,1.0,1.0,1.0,3,0,0.0,0.0,0.0,0.3,0.0,0.0,0.0,0.0,0.0,0.0,0.0,1.0,0.0,0.0,0.0,0.0,0.0,-0.14514222219222706,0.0004182789172422604,0.0004182789172422604,0.0,0.01,0.01,0,0,0,0,C1,0.0,0.0,0.18335889311788647,0.1,1.0,0.3,0.0,0.0,0.18335889311788647
phaseflip,mixed_pauli,0.1,4,0.03,10,qiskit_aer,1,1,0.83941,0.7083866666666666,0.05555555555555555,0.0,0.0,0.1,0.0,0.0,0.13840500000000017,0.049749394217417246,0.12357500000000032,0.11890000000000012,0.15375000000000005,0.07663500000000031,0.07560000000000033,1.0,0.7,0.1,0.0,0.0,0.0,0.0,0.1,0.26065131039295447,0.03309498791357987,0.26874631039295444,0.23597131039295446,0.2842713103929545,0.20851381039295455,0.1980963103929546,1.0,1.0,0.0,0.0,0.0,0.0,0.0,0.1,0.18335889311788645,0.0728958119167978,0.16920000000000013,0.12123750000000022,0.2454865775982385,0.09508500000000024,0.07560000000000033,1.0,1.0,0.1,0.0,0.0,0.0,0.0,0.1,0.0,0.08030778623577256,0.8030778623577256,0.18504631039295422,0.2138463103929542,0.18335889311788645,0.0728958119167978,0.16920000000000013,0.12123750000000022,0.2454865775982385,0.09508500000000024,0.07560000000000033,1.0,1.0,0.1,0.0,0.0,0.0,0.0,0.1,0.0,0.08030778623577256,0.8030778623577256,0.18504631039295422,0.2138463103929542,0.18335889311788645,0.0728958119167978,0.16920000000000013,0.12123750000000022,0.2454865775982385,0.09508500000000024,0.07560000000000033,1.0,1.0,0.1,0.0,0.0,0.0,0.0,0.1,0.0,0.08030778623577256,0.8030778623577256,0.18504631039295422,0.2138463103929542,0.18335889311788645,0.0728958119167978,0.16920000000000013,0.12123750000000022,0.2454865775982385,0.09508500000000024,0.07560000000000033,1.0,1.0,0.1,0.0,0.0,0.0,0.0,0.1,0.0,0.08030778623577256,0.8030778623577256,0.18504631039295422,0.2138463103929542,1.0,0.3,0.3,0.3,0.3,0.0,0.3,1.0,0.3333333333333333,0.3,1.0,0.3333333333333333,0.3,1.0,0.3333333333333333,0.3,1.0,0.3333333333333333,0.3,0.0,0.3,0.3,0.3,0.3,0.3,0.0,0.0,0.0,0.0,0.3,0.3,1.0,1.0,1.0,0.3,1.0,1.0,1.0,1.0,1.0,1.0,3,0,0.0,0.0,0.0,0.3,0.0,0.0,0.0,0.0,0.0,0.0,0.0,1.0,0.0,0.0,0.0,0.0,0.0,-0.10838666664190813,0.014016714636804943,0.014016714636804943,0.0,0.03,0.03,0,0,0,0,C1,0.0,0.0,0.18335889311788645,0.1,1.0,0.3,0.0,0.0,0.18335889311788645
phaseflip,mixed_pauli,0.1,4,0.05,10,qiskit_aer,1,1,0.83941,0.6898033333333333,0.09999999999999999,0.0,0.0,0.1,0.0,0.0,0.13840500000000017,0.04974939421741725,0.12357500000000032,0.11890000000000003,0.15375000000000014,0.07663500000000031,0.07560000000000033,1.0,0.8,0.1,0.0,0.0,0.0,0.0,0.1,0.26065131039295447,0.03309498791357987,0.26874631039295444,0.23597131039295446,0.2842713103929545,0.20851381039295455,0.1980963103929546,1.0,1.0,0.0,0.0,0.0,0.0,0.0,0.1,0.16837426207859102,0.0774880233336431,0.1379250000000003,0.11890000000000003,0.23624999999999993,0.07663500000000031,0.07560000000000033,1.0,1.0,0.1,0.0,0.0,0.0,0.0,0.1,0.0,0.09529241727506799,0.9529241727506799,0.18504631039295422,0.2138463103929542,0.16837426207859102,0.0774880233336431,0.1379250000000003,0.11890000000000003,0.23624999999999993,0.07663500000000031,0.07560000000000033,1.0,1.0,0.1,0.0,0.0,0.0,0.0,0.1,0.0,0.09529241727506799,0.9529241727506799,0.18504631039295422,0.2138463103929542,0.16837426207859102,0.0774880233336431,0.1379250000000003,0.11890000000000003,0.23624999999999993,0.07663500000000031,0.07560000000000033,1.0,1.0,0.1,0.0,0.0,0.0,0.0,0.1,0.0,0.09529241727506799,0.9529241727506799,0.18504631039295422,0.2138463103929542,0.16837426207859102,0.0774880233336431,0.1379250000000003,0.11890000000000003,0.23624999999999993,0.07663500000000031,0.07560000000000033,1.0,1.0,0.1,0.0,0.0,0.0,0.0,0.1,0.0,0.09529241727506799,0.9529241727506799,0.18504631039295422,0.2138463103929542,1.0,0.2,0.2,0.2,0.2,0.0,0.2,1.0,0.2222222222222222,0.2,1.0,0.2222222222222222,0.2,1.0,0.2222222222222222,0.2,1.0,0.2222222222222222,0.2,0.0,0.2,0.2,0.2,0.2,0.2,0.0,0.0,0.0,0.0,0.2,0.2,1.0,1.0,1.0,0.2,1.0,1.0,1.0,1.0,1.0,1.0,2,0,0.0,0.0,0.0,0.2,0.0,0.0,0.0,0.0,0.0,0.0,0.0,1.0,0.0,0.0,0.0,0.0,0.0,-0.28980333330922703,0.014996006277690078,0.014996006277690078,0.0,0.05,0.05,0,0,0,0,C1,0.0,0.0,0.16837426207859102,0.1,1.0,0.2,0.0,0.0,0.16837426207859102
phaseflip,mixed_pauli,0.1,4,0.1,10,qiskit_aer,1,1,0.83941,0.5762966666666667,0.2777777777777778,0.0,0.0,0.1,0.0,0.0,0.13840500000000017,0.049749394217417246,0.12357500000000032,0.11890000000000012,0.15375000000000005,0.07663500000000031,0.07560000000000033,1.0,0.7,0.1,0.0,0.0,0.0,0.0,0.1,0.26065131039295447,0.03309498791357987,0.26874631039295444,0.23597131039295446,0.2842713103929545,0.20851381039295455,0.1980963103929546,1.0,1.0,0.0,0.0,0.0,0.0,0.0,0.1,0.18335889311788645,0.06486858734633551,0.17330000000000012,0.1330875000000004,0.2454865775982385,0.09508500000000024,0.07560000000000033,1.0,1.0,0.1,0.0,0.0,0.0,0.0,0.1,0.0,0.08030778623577256,0.8030778623577256,0.18504631039295422,0.2138463103929542,0.18335889311788645,0.06486858734633551,0.17330000000000012,0.1330875000000004,0.2454865775982385,0.09508500000000024,0.07560000000000033,1.0,1.0,0.1,0.0,0.0,0.0,0.0,0.1,0.0,0.08030778623577256,0.8030778623577256,0.18504631039295422,0.2138463103929542,0.18335889311788645,0.06486858734633551,0.17330000000000012,0.1330875000000004,0.2454865775982385,0.09508500000000024,0.07560000000000033,1.0,1.0,0.1,0.0,0.0,0.0,0.0,0.1,0.0,0.08030778623577256,0.8030778623577256,0.18504631039295422,0.2138463103929542,0.18335889311788645,0.06486858734633551,0.17330000000000012,0.1330875000000004,0.2454865775982385,0.09508500000000024,0.07560000000000033,1.0,1.0,0.1,0.0,0.0,0.0,0.0,0.1,0.0,0.08030778623577256,0.8030778623577256,0.18504631039295422,0.2138463103929542,1.0,0.3,0.3,0.3,0.3,0.0,0.3,1.0,0.3333333333333333,0.3,1.0,0.3333333333333333,0.3,1.0,0.3333333333333333,0.3,1.0,0.3333333333333333,0.3,0.0,0.3,0.3,0.3,0.3,0.3,0.0,0.0,0.0,0.0,0.3,0.3,1.0,1.0,1.0,0.3,1.0,1.0,1.0,1.0,1.0,1.0,3,0,0.0,0.0,0.0,0.3,0.0,0.0,0.0,0.0,0.0,0.0,0.0,1.0,0.0,0.0,0.0,0.0,0.0,0.023703333356434007,0.005309446089239521,0.005309446089239521,0.0,0.1,0.1,0,0,0,0,C1,0.0,0.0,0.18335889311788645,0.1,1.0,0.3,0.0,0.0,0.18335889311788645
phaseflip,mixed_pauli,0.15,1,0.0,10,qiskit_aer,1,1,0.9475,0.9475,0.0,0.0,0.8,0.8,0.0,0.0,0.052499999999999804,0.058576872569299825,0.03749999999999981,-1.1102230246251565e-16,0.07499999999999973,-1.1102230246251565e-16,-1.1102230246251565e-16,1.0,0.6,0.5,0.3,0.0,0.5,0.5,0.5,0.09734631039295435,0.03436931771216878,0.11984631039295435,0.06359631039295438,0.11984631039295435,0.04484631039295439,0.04484631039295439,1.0,1.0,0.0,0.0,0.0,0.8,0.8,0.8,0.04043852415718167,0.05152084085326854,0.02242315519647714,-1.1102230246251565e-16,0.04484631039295439,-1.1102230246251565e-16,-1.1102230246251565e-16,1.0,1.0,0.1,0.0,0.0,0.8,0.8,0.8,0.0,0.07198463103929537,0.7198463103929537,0.11984631039295446,0.11984631039295446,0.04043852415718167,0.05152084085326854,0.02242315519647714,-1.1102230246251565e-16,0.04484631039295439,-1.1102230246251565e-16,-1.1102230246251565e-16,1.0,1.0,0.1,0.0,0.0,0.8,0.8,0.8,0.0,0.07198463103929537,0.7198463103929537,0.11984631039295446,0.11984631039295446,0.04043852415718167,0.05152084085326854,0.02242315519647714,-1.1102230246251565e-16,0.04484631039295439,-1.1102230246251565e-16,-1.1102230246251565e-16,1.0,1.0,0.1,0.0,0.0,0.8,0.8,0.8,0.0,0.07198463103929537,0.7198463103929537,0.11984631039295446,0.11984631039295446,0.04043852415718167,0.05152084085326854,0.02242315519647714,-1.1102230246251565e-16,0.04484631039295439,-1.1102230246251565e-16,-1.1102230246251565e-16,1.0,1.0,0.1,0.0,0.0,0.8,0.8,0.8,0.0,0.07198463103929537,0.7198463103929537,0.11984631039295446,0.11984631039295446,1.0,0.4,0.4,0.4,0.4,0.0,0.4,0.5,0.375,0.4,0.5,0.375,0.4,0.5,0.375,0.4,0.5,0.375,0.4,0.0,0.4,0.4,0.4,0.4,0.4,0.0,0.0,0.0,0.0,0.4,0.4,1.0,1.0,1.0,0.4,1.0,1.0,1.0,1.0,1.0,1.0,4,0,0.0,0.0,0.4,0.0,0.0,0.0,0.0,0.0,0.0,0.0,0.0,1.0,0.0,0.0,0.0,0.0,0.0,-0.14749999993891655,6.344454315168206e-18,6.344454315168206e-18,0.0,0.0,0.0,0,0,0,0,C1,0.0,0.0,0.04043852415718167,0.1,1.0,0.4,0.0,0.0,0.04043852415718167
phaseflip,mixed_pauli,0.15,1,0.01,10,qiskit_aer,1,1,0.9475,0.8447222222222223,0.03333333333333333,0.0,0.3,0.8,0.0,0.0,0.052499999999999804,0.058576872569299825,0.03749999999999981,-1.1102230246251565e-16,0.07499999999999973,-1.1102230246251565e-16,-1.1102230246251565e-16,1.0,0.6,0.5,0.0,0.0,0.3,0.3,0.5,0.09734631039295435,0.03436931771216878,0.11984631039295435,0.06359631039295438,0.11984631039295435,0.04484631039295439,0.04484631039295439,1.0,1.0,0.0,0.0,0.0,0.3,0.3,0.8,0.04043852415718167,0.05152084085326854,0.02242315519647714,-1.1102230246251565e-16,0.04484631039295439,-1.1102230246251565e-16,-1.1102230246251565e-16,1.0,1.0,0.1,0.0,0.0,0.3,0.3,0.8,0.0,0.07198463103929537,0.7198463103929537,0.11984631039295446,0.11984631039295446,0.04043852415718167,0.05152084085326854,0.02242315519647714,-1.1102230246251565e-16,0.04484631039295439,-1.1102230246251565e-16,-1.1102230246251565e-16,1.0,1.0,0.1,0.0,0.0,0.3,0.3,0.8,0.0,0.07198463103929537,0.7198463103929537,0.11984631039295446,0.11984631039295446,0.04043852415718167,0.05152084085326854,0.02242315519647714,-1.1102230246251565e-16,0.04484631039295439,-1.1102230246251565e-16,-1.1102230246251565e-16,1.0,1.0,0.1,0.0,0.0,0.3,0.3,0.8,0.0,0.07198463103929537,0.7198463103929537,0.11984631039295446,0.11984631039295446,0.04043852415718167,0.05152084085326854,0.02242315519647714,-1.1102230246251565e-16,0.04484631039295439,-1.1102230246251565e-16,-1.1102230246251565e-16,1.0,1.0,0.1,0.0,0.0,0.3,0.3,0.8,0.0,0.07198463103929537,0.7198463103929537,0.11984631039295446,0.11984631039295446,1.0,0.4,0.4,0.4,0.4,0.0,0.4,0.2,0.0,0.4,0.2,0.0,0.4,0.2,0.0,0.4,0.2,0.0,0.4,0.0,0.4,0.4,0.4,0.4,0.4,0.0,0.0,0.0,0.0,0.4,0.4,1.0,1.0,1.0,0.4,1.0,1.0,1.0,1.0,1.0,1.0,4,0,0.0,0.0,0.4,0.0,0.0,0.0,0.0,0.0,0.0,0.0,0.0,1.0,0.0,0.0,0.0,0.0,0.0,-0.04472222216113871,6.344454315168206e-18,6.344454315168206e-18,0.0,0.01,0.01,0,0,0,0,C1,0.0,0.0,0.04043852415718167,0.1,1.0,0.4,0.0,0.0,0.04043852415718167
phaseflip,mixed_pauli,0.15,1,0.03,10,qiskit_aer,1,1,0.9475,0.7727777777777778,0.1111111111111111,0.0,0.2,0.8,0.0,0.0,0.052499999999999804,0.058576872569299825,0.03749999999999981,-1.1102230246251565e-16,0.07499999999999973,-1.1102230246251565e-16,-1.1102230246251565e-16,1.0,0.6,0.5,0.0,0.0,0.2,0.2,0.5,0.09734631039295435,0.03436931771216878,0.11984631039295435,0.06359631039295438,0.11984631039295435,0.04484631039295439,0.04484631039295439,1.0,1.0,0.0,0.0,0.0,0.2,0.2,0.8,0.04043852415718167,0.05152084085326854,0.02242315519647714,-1.1102230246251565e-16,0.04484631039295439,-1.1102230246251565e-16,-1.1102230246251565e-16,1.0,1.0,0.1,0.0,0.0,0.2,0.2,0.8,0.0,0.07198463103929537,0.7198463103929537,0.11984631039295446,0.11984631039295446,0.04043852415718167,0.05152084085326854,0.02242315519647714,-1.1102230246251565e-16,0.04484631039295439,-1.1102230246251565e-16,-1.1102230246251565e-16,1.0,1.0,0.1,0.0,0.0,0.2,0.2,0.8,0.0,0.07198463103929537,0.7198463103929537,0.11984631039295446,0.11984631039295446,0.04043852415718167,0.05152084085326854,0.02242315519647714,-1.1102230246251565e-16,0.04484631039295439,-1.1102230246251565e-16,-1.1102230246251565e-16,1.0,1.0,0.1,0.0,0.0,0.2,0.2,0.8,0.0,0.07198463103929537,0.7198463103929537,0.11984631039295446,0.11984631039295446,0.04043852415718167,0.05152084085326854,0.02242315519647714,-1.1102230246251565e-16,0.04484631039295439,-1.1102230246251565e-16,-1.1102230246251565e-16,1.0,1.0,0.1,0.0,0.0,0.2,0.2,0.8,0.0,0.07198463103929537,0.7198463103929537,0.11984631039295446,0.11984631039295446,1.0,0.4,0.4,0.4,0.4,0.0,0.4,0.2,0.0,0.4,0.2,0.0,0.4,0.2,0.0,0.4,0.2,0.0,0.4,0.0,0.4,0.4,0.4,0.4,0.4,0.0,0.0,0.0,0.0,0.4,0.4,1.0,1.0,1.0,0.4,1.0,1.0,1.0,1.0,1.0,1.0,4,0,0.0,0.0,0.4,0.0,0.0,0.0,0.0,0.0,0.0,0.0,0.0,1.0,0.0,0.0,0.0,0.0,0.0,0.027222222283305775,6.344454315168206e-18,6.344454315168206e-18,0.0,0.03,0.03,0,0,0,0,C1,0.0,0.0,0.04043852415718167,0.1,1.0,0.4,0.0,0.0,0.04043852415718167
phaseflip,mixed_pauli,0.15,1,0.05,10,qiskit_aer,1,1,0.9475,0.7402777777777778,0.15555555555555556,0.0,0.1,0.8,0.0,0.0,0.052499999999999804,0.058576872569299825,0.03749999999999981,-1.1102230246251565e-16,0.07499999999999973,-1.1102230246251565e-16,-1.1102230246251565e-16,1.0,0.6,0.5,0.0,0.0,0.1,0.1,0.5,0.09734631039295435,0.03436931771216878,0.11984631039295435,0.06359631039295438,0.11984631039295435,0.04484631039295439,0.04484631039295439,1.0,1.0,0.0,0.0,0.0,0.1,0.1,0.8,0.04043852415718167,0.05152084085326854,0.02242315519647714,-1.1102230246251565e-16,0.04484631039295439,-1.1102230246251565e-16,-1.1102230246251565e-16,1.0,1.0,0.1,0.0,0.0,0.1,0.1,0.8,0.0,0.07198463103929537,0.7198463103929537,0.11984631039295446,0.11984631039295446,0.04043852415718167,0.05152084085326854,0.02242315519647714,-1.1102230246251565e-16,0.04484631039295439,-1.1102230246251565e-16,-1.1102230246251565e-16,1.0,1.0,0.1,0.0,0.0,0.1,0.1,0.8,0.0,0.07198463103929537,0.7198463103929537,0.11984631039295446,0.11984631039295446,0.04043852415718167,0.05152084085326854,0.02242315519647714,-1.1102230246251565e-16,0.04484631039295439,-1.1102230246251565e-16,-1.1102230246251565e-16,1.0,1.0,0.1,0.0,0.0,0.1,0.1,0.8,0.0,0.07198463103929537,0.7198463103929537,0.11984631039295446,0.11984631039295446,0.04043852415718167,0.05152084085326854,0.02242315519647714,-1.1102230246251565e-16,0.04484631039295439,-1.1102230246251565e-16,-1.1102230246251565e-16,1.0,1.0,0.1,0.0,0.0,0.1,0.1,0.8,0.0,0.07198463103929537,0.7198463103929537,0.11984631039295446,0.11984631039295446,1.0,0.4,0.4,0.4,0.4,0.0,0.4,0.2,0.0,0.4,0.2,0.0,0.4,0.2,0.0,0.4,0.2,0.0,0.4,0.0,0.4,0.4,0.4,0.4,0.4,0.0,0.0,0.0,0.0,0.4,0.4,1.0,1.0,1.0,0.4,1.0,1.0,1.0,1.0,1.0,1.0,4,0,0.0,0.0,0.4,0.0,0.0,0.0,0.0,0.0,0.0,0.0,0.0,1.0,0.0,0.0,0.0,0.0,0.0,0.059722222283305794,6.344454315168206e-18,6.344454315168206e-18,0.0,0.05,0.05,0,0,0,0,C1,0.0,0.0,0.04043852415718167,0.1,1.0,0.4,0.0,0.0,0.04043852415718167
phaseflip,mixed_pauli,0.15,1,0.1,10,qiskit_aer,1,1,0.9475,0.6547222222222222,0.25555555555555554,0.0,0.0,0.8,0.0,0.0,0.052499999999999804,0.058576872569299825,0.03749999999999981,-1.1102230246251565e-16,0.07499999999999973,-1.1102230246251565e-16,-1.1102230246251565e-16,1.0,0.6,0.5,0.0,0.0,0.0,0.0,0.5,0.09734631039295435,0.03436931771216878,0.11984631039295435,0.06359631039295438,0.11984631039295435,0.04484631039295439,0.04484631039295439,1.0,1.0,0.0,0.0,0.0,0.0,0.0,0.8,0.04043852415718167,0.05152084085326854,0.02242315519647714,-1.1102230246251565e-16,0.04484631039295439,-1.1102230246251565e-16,-1.1102230246251565e-16,1.0,1.0,0.1,0.0,0.0,0.0,0.0,0.8,0.0,0.07198463103929537,0.7198463103929537,0.11984631039295446,0.11984631039295446,0.04043852415718167,0.05152084085326854,0.02242315519647714,-1.1102230246251565e-16,0.04484631039295439,-1.1102230246251565e-16,-1.1102230246251565e-16,1.0,1.0,0.1,0.0,0.0,0.0,0.0,0.8,0.0,0.07198463103929537,0.7198463103929537,0.11984631039295446,0.11984631039295446,0.04043852415718167,0.05152084085326854,0.02242315519647714,-1.1102230246251565e-16,0.04484631039295439,-1.1102230246251565e-16,-1.1102230246251565e-16,1.0,1.0,0.1,0.0,0.0,0.0,0.0,0.8,0.0,0.07198463103929537,0.7198463103929537,0.11984631039295446,0.11984631039295446,0.04043852415718167,0.05152084085326854,0.02242315519647714,-1.1102230246251565e-16,0.04484631039295439,-1.1102230246251565e-16,-1.1102230246251565e-16,1.0,1.0,0.1,0.0,0.0,0.0,0.0,0.8,0.0,0.07198463103929537,0.7198463103929537,0.11984631039295446,0.11984631039295446,1.0,0.4,0.4,0.4,0.4,0.0,0.4,0.2,0.0,0.4,0.2,0.0,0.4,0.2,0.0,0.4,0.2,0.0,0.4,0.0,0.4,0.4,0.4,0.4,0.4,0.0,0.0,0.0,0.0,0.4,0.4,1.0,1.0,1.0,0.4,1.0,1.0,1.0,1.0,1.0,1.0,4,0,0.0,0.0,0.4,0.0,0.0,0.0,0.0,0.0,0.0,0.0,0.0,1.0,0.0,0.0,0.0,0.0,0.0,0.1452777778388613,6.344454315168206e-18,6.344454315168206e-18,0.0,0.1,0.1,0,0,0,0,C1,0.0,0.0,0.04043852415718167,0.1,1.0,0.4,0.0,0.0,0.04043852415718167
phaseflip,mixed_pauli,0.15,2,0.0,10,qiskit_aer,1,1,0.8891875000000001,0.8891875000000001,0.0,0.0,0.4,0.4,0.0,0.0,0.0995624999999998,0.0636862732953499,0.12749999999999984,0.06374999999999978,0.12749999999999992,-2.220446049250313e-16,-2.220446049250313e-16,1.0,0.9,0.2,0.1,0.0,0.4,0.4,0.4,0.21040881039295437,0.04157302498315466,0.22484631039295433,0.18359631039295432,0.2473463103929544,0.14544006039295435,0.11422131039295436,1.0,1.0,0.0,0.0,0.0,0.4,0.4,0.4,0.1235317620785907,0.06809732085948483,0.1274999999999999,0.12749999999999984,0.17379098279471566,-2.220446049250313e-16,-2.220446049250313e-16,1.0,1.0,0.2,0.0,0.0,0.4,0.4,0.4,0.0,0.09290778623577273,0.9290778623577273,0.22484631039295455,0.22484631039295455,0.11154713103929524,0.06700913846926297,0.12749999999999984,0.07968749999999977,0.14015624999999976,-2.220446049250313e-16,-2.220446049250313e-16,1.0,1.0,0.2,0.0,0.0,0.4,0.4,0.4,0.0,0.10489241727506818,1.0489241727506817,0.22484631039295455,0.22484631039295455,0.11154713103929524,0.06700913846926297,0.12749999999999984,0.07968749999999977,0.14015624999999976,-2.220446049250313e-16,-2.220446049250313e-16,1.0,1.0,0.2,0.0,0.0,0.4,0.4,0.4,0.0,0.10489241727506818,1.0489241727506817,0.22484631039295455,0.22484631039295455,0.11154713103929524,0.06700913846926297,0.12749999999999984,0.07968749999999977,0.14015624999999976,-2.220446049250313e-16,-2.220446049250313e-16,1.0,1.0,0.2,0.0,0.0,0.4,0.4,0.4,0.0,0.10489241727506818,1.0489241727506817,0.22484631039295455,0.22484631039295455,1.0,0.2,0.1,0.1,0.1,0.0,0.2,1.0,0.25,0.1,1.0,0.125,0.1,1.0,0.125,0.1,1.0,0.125,0.1,0.1,0.1,0.1,0.1,0.1,0.1,0.0,0.0,0.0,0.0,0.1,0.1,1.0,1.0,1.0,0.1,1.0,1.0,1.0,1.0,1.0,1.0,1,0,0.0,0.0,0.0,0.1,0.0,0.0,0.0,0.0,0.0,0.0,0.0,1.0,0.0,0.0,0.0,0.0,0.0,-0.6891874999633725,2.166112591183837e-21,2.166112591183837e-21,0.0,0.0,0.0,0,0,0,0,C1,0.0,0.0,0.1235317620785907,0.2,1.0,0.2,0.0,0.0,0.1235317620785907
phaseflip,mixed_pauli,0.15,2,0.01,10,qiskit_aer,1,1,0.8891875000000001,0.7652013888888889,0.02222222222222222,0.0,0.2,0.4,0.0,0.0,0.0995624999999998,0.0636862732953499,0.12749999999999984,0.06374999999999978,0.12749999999999992,-2.220446049250313e-16,-2.220446049250313e-16,1.0,0.9,0.2,0.0,0.0,0.2,0.2,0.4,0.21040881039295437,0.04157302498315466,0.22484631039295433,0.18359631039295432,0.2473463103929544,0.14544006039295435,0.11422131039295436,1.0,1.0,0.0,0.0,0.0,0.2,0.2,0.4,0.11154713103929524,0.06700913846926297,0.12749999999999984,0.07968749999999977,0.14015624999999976,-2.220446049250313e-16,-2.220446049250313e-16,1.0,1.0,0.2,0.0,0.0,0.2,0.2,0.4,0.0,0.10489241727506818,1.0489241727506817,0.22484631039295455,0.22484631039295455,0.11154713103929524,0.06700913846926297,0.12749999999999984,0.07968749999999977,0.14015624999999976,-2.220446049250313e-16,-2.220446049250313e-16,1.0,1.0,0.2,0.0,0.0,0.2,0.2,0.4,0.0,0.10489241727506818,1.0489241727506817,0.22484631039295455,0.22484631039295455,0.11154713103929524,0.06700913846926297,0.12749999999999984,0.07968749999999977,0.14015624999999976,-2.220446049250313e-16,-2.220446049250313e-16,1.0,1.0,0.2,0.0,0.0,0.2,0.2,0.4,0.0,0.10489241727506818,1.0489241727506817,0.22484631039295455,0.22484631039295455,0.11154713103929524,0.06700913846926297,0.12749999999999984,0.07968749999999977,0.14015624999999976,-2.220446049250313e-16,-2.220446049250313e-16,1.0,1.0,0.2,0.0,0.0,0.2,0.2,0.4,0.0,0.10489241727506818,1.0489241727506817,0.22484631039295455,0.22484631039295455,1.0,0.1,0.1,0.1,0.1,0.0,0.1,1.0,0.125,0.1,1.0,0.125,0.1,1.0,0.125,0.1,1.0,0.125,0.1,0.0,0.1,0.1,0.1,0.1,0.1,0.0,0.0,0.0,0.0,0.1,0.1,1.0,1.0,1.0,0.1,1.0,1.0,1.0,1.0,1.0,1.0,1,0,0.0,0.0,0.0,0.1,0.0,0.0,0.0,0.0,0.0,0.0,0.0,1.0,0.0,0.0,0.0,0.0,0.0,-0.5652013888519564,2.166112591183837e-21,2.166112591183837e-21,0.0,0.01,0.01,0,0,0,0,C1,0.0,0.0,0.11154713103929524,0.2,1.0,0.1,0.0,0.0,0.11154713103929524
phaseflip,mixed_pauli,0.15,2,0.03,10,qiskit_aer,1,1,0.8891875000000001,0.7438125,0.04444444444444444,0.0,0.1,0.4,0.0,0.0,0.0995624999999998,0.0636862732953499,0.12749999999999984,0.06374999999999986,0.12749999999999992,-2.220446049250313e-16,-2.220446049250313e-16,1.0,0.9,0.2,0.0,0.0,0.1,0.1,0.4,0.21040881039295437,0.04157302498315466,0.22484631039295433,0.18359631039295432,0.2473463103929544,0.14544006039295435,0.11422131039295436,1.0,1.0,0.0,0.0,0.0,0.1,0.1,0.4,0.11154713103929526,0.06700913846926296,0.12749999999999984,0.07968749999999986,0.14015624999999976,-2.220446049250313e-16,-2.220446049250313e-16,1.0,1.0,0.2,0.0,0.0,0.1,0.1,0.4,0.0,0.10489241727506818,1.0489241727506817,0.22484631039295455,0.22484631039295455,0.11154713103929526,0.06700913846926296,0.12749999999999984,0.07968749999999986,0.14015624999999976,-2.220446049250313e-16,-2.220446049250313e-16,1.0,1.0,0.2,0.0,0.0,0.1,0.1,0.4,0.0,0.10489241727506818,1.0489241727506817,0.22484631039295455,0.22484631039295455,0.11154713103929526,0.06700913846926296,0.12749999999999984,0.07968749999999986,0.14015624999999976,-2.220446049250313e-16,-2.220446049250313e-16,1.0,1.0,0.2,0.0,0.0,0.1,0.1,0.4,0.0,0.10489241727506818,1.0489241727506817,0.22484631039295455,0.22484631039295455,0.11154713103929526,0.06700913846926296,0.12749999999999984,0.07968749999999986,0.14015624999999976,-2.220446049250313e-16,-2.220446049250313e-16,1.0,1.0,0.2,0.0,0.0,0.1,0.1,0.4,0.0,0.10489241727506818,1.0489241727506817,0.22484631039295455,0.22484631039295455,1.0,0.1,0.1,0.1,0.1,0.0,0.1,1.0,0.125,0.1,1.0,0.125,0.1,1.0,0.125,0.1,1.0,0.125,0.1,0.0,0.1,0.1,0.1,0.1,0.1,0.0,0.0,0.0,0.0,0.1,0.1,1.0,1.0,1.0,0.1,1.0,1.0,1.0,1.0,1.0,1.0,1,0,0.0,0.0,0.0,0.1,0.0,0.0,0.0,0.0,0.0,0.0,0.0,1.0,0.0,0.0,0.0,0.0,0.0,-0.5438124999634405,2.166112591183837e-21,2.166112591183837e-21,0.0,0.03,0.03,0,0,0,0,C1,0.0,0.0,0.11154713103929526,0.2,1.0,0.1,0.0,0.0,0.11154713103929526
phaseflip,mixed_pauli,0.15,2,0.05,10,qiskit_aer,1,1,0.8891875000000001,0.7438125,0.07777777777777778,0.0,0.1,0.4,0.0,0.0,0.0995624999999998,0.0636862732953499,0.12749999999999984,0.06374999999999978,0.12749999999999992,-2.220446049250313e-16,-2.220446049250313e-16,1.0,0.9,0.2,0.0,0.0,0.1,0.1,0.4,0.21040881039295437,0.04157302498315466,0.22484631039295433,0.18359631039295432,0.2473463103929544,0.14544006039295435,0.11422131039295436,1.0,1.0,0.0,0.0,0.0,0.1,0.1,0.4,0.11154713103929524,0.06700913846926297,0.12749999999999984,0.07968749999999977,0.14015624999999976,-2.220446049250313e-16,-2.220446049250313e-16,1.0,1.0,0.2,0.0,0.0,0.1,0.1,0.4,0.0,0.10489241727506818,1.0489241727506817,0.22484631039295455,0.22484631039295455,0.11154713103929524,0.06700913846926297,0.12749999999999984,0.07968749999999977,0.14015624999999976,-2.220446049250313e-16,-2.220446049250313e-16,1.0,1.0,0.2,0.0,0.0,0.1,0.1,0.4,0.0,0.10489241727506818,1.0489241727506817,0.22484631039295455,0.22484631039295455,0.11154713103929524,0.06700913846926297,0.12749999999999984,0.07968749999999977,0.14015624999999976,-2.220446049250313e-16,-2.220446049250313e-16,1.0,1.0,0.2,0.0,0.0,0.1,0.1,0.4,0.0,0.10489241727506818,1.0489241727506817,0.22484631039295455,0.22484631039295455,0.11154713103929524,0.06700913846926297,0.12749999999999984,0.07968749999999977,0.14015624999999976,-2.220446049250313e-16,-2.220446049250313e-16,1.0,1.0,0.2,0.0,0.0,0.1,0.1,0.4,0.0,0.10489241727506818,1.0489241727506817,0.22484631039295455,0.22484631039295455,1.0,0.1,0.1,0.1,0.1,0.0,0.1,1.0,0.125,0.1,1.0,0.125,0.1,1.0,0.125,0.1,1.0,0.125,0.1,0.0,0.1,0.1,0.1,0.1,0.1,0.0,0.0,0.0,0.0,0.1,0.1,1.0,1.0,1.0,0.1,1.0,1.0,1.0,1.0,1.0,1.0,1,0,0.0,0.0,0.0,0.1,0.0,0.0,0.0,0.0,0.0,0.0,0.0,1.0,0.0,0.0,0.0,0.0,0.0,-0.5438124999632612,2.166112591183837e-21,2.166112591183837e-21,0.0,0.05,0.05,0,0,0,0,C1,0.0,0.0,0.11154713103929524,0.2,1.0,0.1,0.0,0.0,0.11154713103929524
phaseflip,mixed_pauli,0.15,2,0.1,10,qiskit_aer,1,1,0.8891875000000001,0.6340277777777779,0.19999999999999998,0.0,0.0,0.4,0.0,0.0,0.0995624999999998,0.0636862732953499,0.12749999999999984,0.06374999999999986,0.12749999999999992,-2.220446049250313e-16,-2.220446049250313e-16,1.0,0.9,0.2,0.0,0.0,0.0,0.0,0.4,0.21040881039295437,0.04157302498315466,0.22484631039295433,0.18359631039295432,0.2473463103929544,0.14544006039295435,0.11422131039295436,1.0,1.0,0.0,0.0,0.0,0.0,0.0,0.4,0.11154713103929526,0.06700913846926296,0.12749999999999984,0.07968749999999986,0.14015624999999976,-2.220446049250313e-16,-2.220446049250313e-16,1.0,1.0,0.2,0.0,0.0,0.0,0.0,0.4,0.0,0.10489241727506818,1.0489241727506817,0.22484631039295455,0.22484631039295455,0.11154713103929526,0.06700913846926296,0.12749999999999984,0.07968749999999986,0.14015624999999976,-2.220446049250313e-16,-2.220446049250313e-16,1.0,1.0,0.2,0.0,0.0,0.0,0.0,0.4,0.0,0.10489241727506818,1.0489241727506817,0.22484631039295455,0.22484631039295455,0.11154713103929526,0.06700913846926296,0.12749999999999984,0.07968749999999986,0.14015624999999976,-2.220446049250313e-16,-2.220446049250313e-16,1.0,1.0,0.2,0.0,0.0,0.0,0.0,0.4,0.0,0.10489241727506818,1.0489241727506817,0.22484631039295455,0.22484631039295455,0.11154713103929526,0.06700913846926296,0.12749999999999984,0.07968749999999986,0.14015624999999976,-2.220446049250313e-16,-2.220446049250313e-16,1.0,1.0,0.2,0.0,0.0,0.0,0.0,0.4,0.0,0.10489241727506818,1.0489241727506817,0.22484631039295455,0.22484631039295455,1.0,0.1,0.1,0.1,0.1,0.0,0.1,1.0,0.125,0.1,1.0,0.125,0.1,1.0,0.125,0.1,1.0,0.125,0.1,0.0,0.1,0.1,0.1,0.1,0.1,0.0,0.0,0.0,0.0,0.1,0.1,1.0,1.0,1.0,0.1,1.0,1.0,1.0,1.0,1.0,1.0,1,0,0.0,0.0,0.0,0.1,0.0,0.0,0.0,0.0,0.0,0.0,0.0,1.0,0.0,0.0,0.0,0.0,0.0,-0.43402777774115014,2.166112591183837e-21,2.166112591183837e-21,0.0,0.1,0.1,0,0,0,0,C1,0.0,0.0,0.11154713103929526,0.2,1.0,0.1,0.0,0.0,0.11154713103929526
phaseflip,mixed_pauli,0.15,3,0.0,10,qiskit_aer,1,1,0.8176000000000001,0.8176000000000001,0.0,0.0,0.1,0.1,0.0,0.0,0.1557374999999998,0.0679261133511995,0.14193749999999983,0.1117499999999998,0.1816874999999999,0.08101874999999972,0.055874999999999675,1.0,1.0,0.2,0.0,0.0,0.1,0.1,0.1,0.29808381039295434,0.045851874280120775,0.30153381039295435,0.28353381039295444,0.33659631039295435,0.2242088103929543,0.17797131039295433,1.0,1.0,0.0,0.0,0.0,0.1,0.1,0.1,0.17822213103929524,0.06836111202603386,0.17690624999999988,0.1117499999999998,0.20151562499999973,0.1117499999999998,0.1117499999999998,1.0,1.0,0.2,0.0,0.0,0.1,0.1,0.1,0.0,0.12589241727506817,1.2589241727506815,0.22484631039295455,0.22484631039295455,0.1557374999999998,0.0679261133511995,0.14193749999999983,0.1117499999999998,0.1816874999999999,0.08101874999999972,0.055874999999999675,1.0,1.0,0.2,0.0,0.0,0.1,0.1,0.1,0.0,0.1483770483143636,1.483770483143636,0.22484631039295455,0.22484631039295455,0.1557374999999998,0.0679261133511995,0.14193749999999983,0.1117499999999998,0.1816874999999999,0.08101874999999972,0.055874999999999675,1.0,1.0,0.2,0.0,0.0,0.1,0.1,0.1,0.0,0.1483770483143636,1.483770483143636,0.22484631039295455,0.22484631039295455,0.1557374999999998,0.0679261133511995,0.14193749999999983,0.1117499999999998,0.1816874999999999,0.08101874999999972,0.055874999999999675,1.0,1.0,0.2,0.0,0.0,0.1,0.1,0.1,0.0,0.1483770483143636,1.483770483143636,0.22484631039295455,0.22484631039295455,1.0,0.1,0.0,0.0,0.0,0.0,0.1,1.0,0.125,0.0,1.0,0.0,0.0,1.0,0.0,0.0,1.0,0.0,0.0,0.1,0.0,0.0,0.0,0.0,0.0,0.0,0.0,0.0,0.0,0.0,0.0,1.0,1.0,1.0,0.0,0.0,0.0,0.0,0.0,0.0,0.0,0,0,0.0,0.0,0.0,0.0,0.0,0.0,0.0,0.0,0.0,0.0,0.0,1.0,0.0,0.0,0.0,0.0,0.0,-0.8175999999602112,0.0,0.0,0.0,0.0,0.0,0,0,0,0,C1,0.0,0.0,0.17822213103929524,0.2,1.0,0.1,0.0,0.0,0.17822213103929524
phaseflip,mixed_pauli,0.15,3,0.01,10,qiskit_aer,1,1,0.8176000000000001,0.5859611111111112,0.03333333333333333,0.0,0.0,0.1,0.0,0.0,0.1557374999999998,0.0679261133511995,0.14193749999999983,0.1117499999999998,0.1816874999999999,0.08101874999999972,0.055874999999999675,1.0,1.0,0.2,0.0,0.0,0.0,0.0,0.1,0.29808381039295434,0.045851874280120775,0.30153381039295435,0.28353381039295444,0.33659631039295435,0.2242088103929543,0.17797131039295433,1.0,1.0,0.0,0.0,0.0,0.0,0.0,0.1,0.1557374999999998,0.0679261133511995,0.14193749999999983,0.1117499999999998,0.1816874999999999,0.08101874999999972,0.055874999999999675,1.0,1.0,0.2,0.0,0.0,0.0,0.0,0.1,0.0,0.1483770483143636,1.483770483143636,0.22484631039295455,0.22484631039295455,0.1557374999999998,0.0679261133511995,0.14193749999999983,0.1117499999999998,0.1816874999999999,0.08101874999999972,0.055874999999999675,1.0,1.0,0.2,0.0,0.0,0.0,0.0,0.1,0.0,0.1483770483143636,1.483770483143636,0.22484631039295455,0.22484631039295455,0.1557374999999998,0.0679261133511995,0.14193749999999983,0.1117499999999998,0.1816874999999999,0.08101874999999972,0.055874999999999675,1.0,1.0,0.2,0.0,0.0,0.0,0.0,0.1,0.0,0.1483770483143636,1.483770483143636,0.22484631039295455,0.22484631039295455,0.1557374999999998,0.0679261133511995,0.14193749999999983,0.1117499999999998,0.1816874999999999,0.08101874999999972,0.055874999999999675,1.0,1.0,0.2,0.0,0.0,0.0,0.0,0.1,0.0,0.1483770483143636,1.483770483143636,0.22484631039295455,0.22484631039295455,1.0,0.0,0.0,0.0,0.0,0.0,0.0,1.0,0.0,0.0,1.0,0.0,0.0,1.0,0.0,0.0,1.0,0.0,0.0,0.0,0.0,0.0,0.0,0.0,0.0,0.0,0.0,0.0,0.0,0.0,0.0,1.0,1.0,1.0,0.0,0.0,0.0,0.0,0.0,0.0,0.0,0,0,0.0,0.0,0.0,0.0,0.0,0.0,0.0,0.0,0.0,0.0,0.0,1.0,0.0,0.0,0.0,0.0,0.0,-0.5859611110713961,0.0,0.0,0.0,0.01,0.01,0,0,0,0,C1,0.0,0.0,0.1557374999999998,0.2,1.0,0.0,0.0,0.0,0.1557374999999998
phaseflip,mixed_pauli,0.15,3,0.03,10,qiskit_aer,1,1,0.8176000000000001,0.5480583333333334,0.08888888888888888,0.0,0.0,0.1,0.0,0.0,0.1557374999999998,0.0679261133511995,0.14193749999999983,0.1117499999999998,0.1816874999999999,0.08101874999999972,0.055874999999999675,1.0,1.0,0.2,0.0,0.0,0.0,0.0,0.1,0.29808381039295434,0.045851874280120775,0.30153381039295435,0.28353381039295444,0.33659631039295435,0.2242088103929543,0.17797131039295433,1.0,1.0,0.0,0.0,0.0,0.0,0.0,0.1,0.1557374999999998,0.0679261133511995,0.14193749999999983,0.1117499999999998,0.1816874999999999,0.08101874999999972,0.055874999999999675,1.0,1.0,0.2,0.0,0.0,0.0,0.0,0.1,0.0,0.1483770483143636,1.483770483143636,0.22484631039295455,0.22484631039295455,0.1557374999999998,0.0679261133511995,0.14193749999999983,0.1117499999999998,0.1816874999999999,0.08101874999999972,0.055874999999999675,1.0,1.0,0.2,0.0,0.0,0.0,0.0,0.1,0.0,0.1483770483143636,1.483770483143636,0.22484631039295455,0.22484631039295455,0.1557374999999998,0.0679261133511995,0.14193749999999983,0.1117499999999998,0.1816874999999999,0.08101874999999972,0.055874999999999675,1.0,1.0,0.2,0.0,0.0,0.0,0.0,0.1,0.0,0.1483770483143636,1.483770483143636,0.22484631039295455,0.22484631039295455,0.1557374999999998,0.0679261133511995,0.14193749999999983,0.1117499999999998,0.1816874999999999,0.08101874999999972,0.055874999999999675,1.0,1.0,0.2,0.0,0.0,0.0,0.0,0.1,0.0,0.1483770483143636,1.483770483143636,0.22484631039295455,0.22484631039295455,1.0,0.0,0.0,0.0,0.0,0.0,0.0,1.0,0.0,0.0,1.0,0.0,0.0,1.0,0.0,0.0,1.0,0.0,0.0,0.0,0.0,0.0,0.0,0.0,0.0,0.0,0.0,0.0,0.0,0.0,0.0,1.0,1.0,1.0,0.0,0.0,0.0,0.0,0.0,0.0,0.0,0,0,0.0,0.0,0.0,0.0,0.0,0.0,0.0,0.0,0.0,0.0,0.0,1.0,0.0,0.0,0.0,0.0,0.0,-0.5480583332935489,0.0,0.0,0.0,0.03,0.03,0,0,0,0,C1,0.0,0.0,0.1557374999999998,0.2,1.0,0.0,0.0,0.0,0.1557374999999998
phaseflip,mixed_pauli,0.15,3,0.05,10,qiskit_aer,1,1,0.8176000000000001,0.5469791666666667,0.1111111111111111,0.0,0.0,0.1,0.0,0.0,0.1557374999999998,0.0679261133511995,0.14193749999999983,0.1117499999999998,0.1816874999999999,0.08101874999999972,0.055874999999999675,1.0,1.0,0.2,0.0,0.0,0.0,0.0,0.1,0.29808381039295434,0.045851874280120775,0.30153381039295435,0.28353381039295444,0.33659631039295435,0.2242088103929543,0.17797131039295433,1.0,1.0,0.0,0.0,0.0,0.0,0.0,0.1,0.1557374999999998,0.0679261133511995,0.14193749999999983,0.1117499999999998,0.1816874999999999,0.08101874999999972,0.055874999999999675,1.0,1.0,0.2,0.0,0.0,0.0,0.0,0.1,0.0,0.1483770483143636,1.483770483143636,0.22484631039295455,0.22484631039295455,0.1557374999999998,0.0679261133511995,0.14193749999999983,0.1117499999999998,0.1816874999999999,0.08101874999999972,0.055874999999999675,1.0,1.0,0.2,0.0,0.0,0.0,0.0,0.1,0.0,0.1483770483143636,1.483770483143636,0.22484631039295455,0.22484631039295455,0.1557374999999998,0.0679261133511995,0.14193749999999983,0.1117499999999998,0.1816874999999999,0.08101874999999972,0.055874999999999675,1.0,1.0,0.2,0.0,0.0,0.0,0.0,0.1,0.0,0.1483770483143636,1.483770483143636,0.22484631039295455,0.22484631039295455,0.1557374999999998,0.0679261133511995,0.14193749999999983,0.1117499999999998,0.1816874999999999,0.08101874999999972,0.055874999999999675,1.0,1.0,0.2,0.0,0.0,0.0,0.0,0.1,0.0,0.1483770483143636,1.483770483143636,0.22484631039295455,0.22484631039295455,1.0,0.0,0.0,0.0,0.0,0.0,0.0,1.0,0.0,0.0,1.0,0.0,0.0,1.0,0.0,0.0,1.0,0.0,0.0,0.0,0.0,0.0,0.0,0.0,0.0,0.0,0.0,0.0,0.0,0.0,0.0,1.0,1.0,1.0,0.0,0.0,0.0,0.0,0.0,0.0,0.0,0,0,0.0,0.0,0.0,0.0,0.0,0.0,0.0,0.0,0.0,0.0,0.0,1.0,0.0,0.0,0.0,0.0,0.0,-0.5469791666269562,0.0,0.0,0.0,0.05,0.05,0,0,0,0,C1,0.0,0.0,0.1557374999999998,0.2,1.0,0.0,0.0,0.0,0.1557374999999998
phaseflip,mixed_pauli,0.15,3,0.1,10,qiskit_aer,1,1,0.8176000000000001,0.4635791666666667,0.2111111111111111,0.0,0.0,0.1,0.0,0.0,0.1557374999999998,0.0679261133511995,0.14193749999999983,0.1117499999999998,0.1816874999999999,0.08101874999999972,0.055874999999999675,1.0,1.0,0.2,0.0,0.0,0.0,0.0,0.1,0.29808381039295434,0.045851874280120775,0.30153381039295435,0.28353381039295444,0.33659631039295435,0.2242088103929543,0.17797131039295433,1.0,1.0,0.0,0.0,0.0,0.0,0.0,0.1,0.1557374999999998,0.0679261133511995,0.14193749999999983,0.1117499999999998,0.1816874999999999,0.08101874999999972,0.055874999999999675,1.0,1.0,0.2,0.0,0.0,0.0,0.0,0.1,0.0,0.1483770483143636,1.483770483143636,0.22484631039295455,0.22484631039295455,0.1557374999999998,0.0679261133511995,0.14193749999999983,0.1117499999999998,0.1816874999999999,0.08101874999999972,0.055874999999999675,1.0,1.0,0.2,0.0,0.0,0.0,0.0,0.1,0.0,0.1483770483143636,1.483770483143636,0.22484631039295455,0.22484631039295455,0.1557374999999998,0.0679261133511995,0.14193749999999983,0.1117499999999998,0.1816874999999999,0.08101874999999972,0.055874999999999675,1.0,1.0,0.2,0.0,0.0,0.0,0.0,0.1,0.0,0.1483770483143636,1.483770483143636,0.22484631039295455,0.22484631039295455,0.1557374999999998,0.0679261133511995,0.14193749999999983,0.1117499999999998,0.1816874999999999,0.08101874999999972,0.055874999999999675,1.0,1.0,0.2,0.0,0.0,0.0,0.0,0.1,0.0,0.1483770483143636,1.483770483143636,0.22484631039295455,0.22484631039295455,1.0,0.0,0.0,0.0,0.0,0.0,0.0,1.0,0.0,0.0,1.0,0.0,0.0,1.0,0.0,0.0,1.0,0.0,0.0,0.0,0.0,0.0,0.0,0.0,0.0,0.0,0.0,0.0,0.0,0.0,0.0,1.0,1.0,1.0,0.0,0.0,0.0,0.0,0.0,0.0,0.0,0,0,0.0,0.0,0.0,0.0,0.0,0.0,0.0,0.0,0.0,0.0,0.0,1.0,0.0,0.0,0.0,0.0,0.0,-0.46357916662695847,0.0,0.0,0.0,0.1,0.1,0,0,0,0,C1,0.0,0.0,0.1557374999999998,0.2,1.0,0.0,0.0,0.0,0.1557374999999998
phaseflip,mixed_pauli,0.15,4,0.0,10,qiskit_aer,1,1,0.7692756250000001,0.7692756250000001,0.0,0.0,0.0,0.0,0.0,0.0,0.18482999999999986,0.06770821334732957,0.1680749999999998,0.1592437499999998,0.20254687499999985,0.1019146874999999,0.10072500000000018,1.0,0.9,0.1,0.0,0.0,0.0,0.0,0.0,0.37052631039295436,0.041727402922869576,0.38409006039295435,0.3381197478929542,0.3953259978929544,0.3048356853929543,0.2967525603929543,1.0,1.0,0.0,0.0,0.0,0.0,0.0,0.0,0.20731463103929532,0.10059619257423942,0.1680749999999998,0.1592437499999998,0.23348437500000002,0.1019146874999999,0.10072500000000018,1.0,1.0,0.1,0.0,0.0,0.0,0.0,0.0,0.0,0.16622704831436358,1.662270483143636,0.2652713103929543,0.29834631039295423,0.20731463103929532,0.10059619257423942,0.1680749999999998,0.1592437499999998,0.23348437500000002,0.1019146874999999,0.10072500000000018,1.0,1.0,0.1,0.0,0.0,0.0,0.0,0.0,0.0,0.16622704831436358,1.662270483143636,0.2652713103929543,0.29834631039295423,0.20731463103929532,0.10059619257423942,0.1680749999999998,0.1592437499999998,0.23348437500000002,0.1019146874999999,0.10072500000000018,1.0,1.0,0.1,0.0,0.0,0.0,0.0,0.0,0.0,0.16622704831436358,1.662270483143636,0.2652713103929543,0.29834631039295423,0.20731463103929532,0.10059619257423942,0.1680749999999998,0.1592437499999998,0.23348437500000002,0.1019146874999999,0.10072500000000018,1.0,1.0,0.1,0.0,0.0,0.0,0.0,0.0,0.0,0.16622704831436358,1.662270483143636,0.2652713103929543,0.29834631039295423,1.0,0.1,0.1,0.1,0.1,0.0,0.1,1.0,0.1111111111111111,0.1,1.0,0.1111111111111111,0.1,1.0,0.1111111111111111,0.1,1.0,0.1111111111111111,0.1,0.0,0.1,0.1,0.1,0.1,0.1,0.0,0.0,0.0,0.0,0.1,0.1,1.0,1.0,1.0,0.1,1.0,1.0,1.0,1.0,1.0,1.0,1,0,0.0,0.0,0.0,0.1,0.0,0.0,0.0,0.0,0.0,0.0,0.0,1.0,0.0,0.0,0.0,0.0,0.0,-0.5692756249953402,2.166112591183837e-21,2.166112591183837e-21,0.0,0.0,0.0,0,0,0,0,C1,0.0,0.0,0.20731463103929532,0.1,1.0,0.1,0.0,0.0,0.20731463103929532
phaseflip,mixed_pauli,0.15,4,0.01,10,qiskit_aer,1,1,0.7692756250000001,0.6413268750000001,0.01111111111111111,0.0,0.0,0.0,0.0,0.0,0.18482999999999983,0.06770821334732956,0.1680749999999998,0.1592437499999998,0.20254687499999985,0.1019146874999999,0.10072500000000018,1.0,0.9,0.1,0.0,0.0,0.0,0.0,0.0,0.37052631039295436,0.041727402922869576,0.38409006039295435,0.3381197478929542,0.3953259978929544,0.3048356853929543,0.2967525603929543,1.0,1.0,0.0,0.0,0.0,0.0,0.0,0.0,0.2073146310392953,0.10059619257423942,0.1680749999999998,0.1592437499999998,0.23348437499999994,0.1019146874999999,0.10072500000000018,1.0,1.0,0.1,0.0,0.0,0.0,0.0,0.0,0.0,0.16622704831436358,1.662270483143636,0.2652713103929543,0.29834631039295423,0.2073146310392953,0.10059619257423942,0.1680749999999998,0.1592437499999998,0.23348437499999994,0.1019146874999999,0.10072500000000018,1.0,1.0,0.1,0.0,0.0,0.0,0.0,0.0,0.0,0.16622704831436358,1.662270483143636,0.2652713103929543,0.29834631039295423,0.2073146310392953,0.10059619257423942,0.1680749999999998,0.1592437499999998,0.23348437499999994,0.1019146874999999,0.10072500000000018,1.0,1.0,0.1,0.0,0.0,0.0,0.0,0.0,0.0,0.16622704831436358,1.662270483143636,0.2652713103929543,0.29834631039295423,0.2073146310392953,0.10059619257423942,0.1680749999999998,0.1592437499999998,0.23348437499999994,0.1019146874999999,0.10072500000000018,1.0,1.0,0.1,0.0,0.0,0.0,0.0,0.0,0.0,0.16622704831436358,1.662270483143636,0.2652713103929543,0.29834631039295423,1.0,0.1,0.1,0.1,0.1,0.0,0.1,1.0,0.1111111111111111,0.1,1.0,0.1111111111111111,0.1,1.0,0.1111111111111111,0.1,1.0,0.1111111111111111,0.1,0.0,0.1,0.1,0.1,0.1,0.1,0.0,0.0,0.0,0.0,0.1,0.1,1.0,1.0,1.0,0.1,1.0,1.0,1.0,1.0,1.0,1.0,1,0,0.0,0.0,0.0,0.1,0.0,0.0,0.0,0.0,0.0,0.0,0.0,1.0,0.0,0.0,0.0,0.0,0.0,-0.44132687499573303,2.166112591183837e-21,2.166112591183837e-21,0.0,0.01,0.01,0,0,0,0,C1,0.0,0.0,0.2073146310392953,0.1,1.0,0.1,0.0,0.0,0.2073146310392953
phaseflip,mixed_pauli,0.15,4,0.03,10,qiskit_aer,1,1,0.7692756250000001,0.6247213194444445,0.05555555555555555,0.0,0.0,0.0,0.0,0.0,0.18482999999999983,0.06770821334732956,0.1680749999999998,0.1592437499999998,0.20254687499999985,0.1019146874999999,0.10072500000000018,1.0,0.9,0.1,0.0,0.0,0.0,0.0,0.0,0.37052631039295436,0.041727402922869576,0.38409006039295435,0.3381197478929542,0.3953259978929544,0.3048356853929543,0.2967525603929543,1.0,1.0,0.0,0.0,0.0,0.0,0.0,0.0,0.2073146310392953,0.10059619257423942,0.1680749999999998,0.1592437499999998,0.23348437499999994,0.1019146874999999,0.10072500000000018,1.0,1.0,0.1,0.0,0.0,0.0,0.0,0.0,0.0,0.16622704831436358,1.662270483143636,0.2652713103929543,0.29834631039295423,0.2073146310392953,0.10059619257423942,0.1680749999999998,0.1592437499999998,0.23348437499999994,0.1019146874999999,0.10072500000000018,1.0,1.0,0.1,0.0,0.0,0.0,0.0,0.0,0.0,0.16622704831436358,1.662270483143636,0.2652713103929543,0.29834631039295423,0.2073146310392953,0.10059619257423942,0.1680749999999998,0.1592437499999998,0.23348437499999994,0.1019146874999999,0.10072500000000018,1.0,1.0,0.1,0.0,0.0,0.0,0.0,0.0,0.0,0.16622704831436358,1.662270483143636,0.2652713103929543,0.29834631039295423,0.2073146310392953,0.10059619257423942,0.1680749999999998,0.1592437499999998,0.23348437499999994,0.1019146874999999,0.10072500000000018,1.0,1.0,0.1,0.0,0.0,0.0,0.0,0.0,0.0,0.16622704831436358,1.662270483143636,0.2652713103929543,0.29834631039295423,1.0,0.1,0.1,0.1,0.1,0.0,0.1,1.0,0.1111111111111111,0.1,1.0,0.1111111111111111,0.1,1.0,0.1111111111111111,0.1,1.0,0.1111111111111111,0.1,0.0,0.1,0.1,0.1,0.1,0.1,0.0,0.0,0.0,0.0,0.1,0.1,1.0,1.0,1.0,0.1,1.0,1.0,1.0,1.0,1.0,1.0,1,0,0.0,0.0,0.0,0.1,0.0,0.0,0.0,0.0,0.0,0.0,0.0,1.0,0.0,0.0,0.0,0.0,0.0,-0.42472131943993385,2.166112591183837e-21,2.166112591183837e-21,0.0,0.03,0.03,0,0,0,0,C1,0.0,0.0,0.2073146310392953,0.1,1.0,0.1,0.0,0.0,0.2073146310392953
phaseflip,mixed_pauli,0.15,4,0.05,10,qiskit_aer,1,1,0.7692756250000001,0.6077699305555556,0.09999999999999999,0.0,0.0,0.0,0.0,0.0,0.18482999999999983,0.06770821334732956,0.1680749999999998,0.1592437499999998,0.20254687499999985,0.1019146874999999,0.10072500000000018,1.0,0.9,0.1,0.0,0.0,0.0,0.0,0.0,0.37052631039295436,0.041727402922869576,0.38409006039295435,0.3381197478929542,0.3953259978929544,0.3048356853929543,0.2967525603929543,1.0,1.0,0.0,0.0,0.0,0.0,0.0,0.0,0.2073146310392953,0.10059619257423942,0.1680749999999998,0.1592437499999998,0.23348437499999994,0.1019146874999999,0.10072500000000018,1.0,1.0,0.1,0.0,0.0,0.0,0.0,0.0,0.0,0.16622704831436358,1.662270483143636,0.2652713103929543,0.29834631039295423,0.2073146310392953,0.10059619257423942,0.1680749999999998,0.1592437499999998,0.23348437499999994,0.1019146874999999,0.10072500000000018,1.0,1.0,0.1,0.0,0.0,0.0,0.0,0.0,0.0,0.16622704831436358,1.662270483143636,0.2652713103929543,0.29834631039295423,0.2073146310392953,0.10059619257423942,0.1680749999999998,0.1592437499999998,0.23348437499999994,0.1019146874999999,0.10072500000000018,1.0,1.0,0.1,0.0,0.0,0.0,0.0,0.0,0.0,0.16622704831436358,1.662270483143636,0.2652713103929543,0.29834631039295423,0.2073146310392953,0.10059619257423942,0.1680749999999998,0.1592437499999998,0.23348437499999994,0.1019146874999999,0.10072500000000018,1.0,1.0,0.1,0.0,0.0,0.0,0.0,0.0,0.0,0.16622704831436358,1.662270483143636,0.2652713103929543,0.29834631039295423,1.0,0.1,0.1,0.1,0.1,0.0,0.1,1.0,0.1111111111111111,0.1,1.0,0.1111111111111111,0.1,1.0,0.1111111111111111,0.1,1.0,0.1111111111111111,0.1,0.0,0.1,0.1,0.1,0.1,0.1,0.0,0.0,0.0,0.0,0.1,0.1,1.0,1.0,1.0,0.1,1.0,1.0,1.0,1.0,1.0,1.0,1,0,0.0,0.0,0.0,0.1,0.0,0.0,0.0,0.0,0.0,0.0,0.0,1.0,0.0,0.0,0.0,0.0,0.0,-0.4077699305510778,2.166112591183837e-21,2.166112591183837e-21,0.0,0.05,0.05,0,0,0,0,C1,0.0,0.0,0.2073146310392953,0.1,1.0,0.1,0.0,0.0,0.2073146310392953
phaseflip,mixed_pauli,0.15,4,0.1,10,qiskit_aer,1,1,0.7692756250000001,0.5032351388888889,0.2777777777777778,0.0,0.0,0.0,0.0,0.0,0.18482999999999986,0.06770821334732957,0.1680749999999998,0.1592437499999998,0.20254687499999985,0.1019146874999999,0.10072500000000018,1.0,1.0,0.1,0.0,0.0,0.0,0.0,0.0,0.37052631039295436,0.041727402922869576,0.38409006039295435,0.3381197478929542,0.3953259978929544,0.3048356853929543,0.2967525603929543,1.0,1.0,0.0,0.0,0.0,0.0,0.0,0.0,0.18482999999999986,0.06770821334732957,0.1680749999999998,0.1592437499999998,0.20254687499999985,0.1019146874999999,0.10072500000000018,1.0,1.0,0.1,0.0,0.0,0.0,0.0,0.0,0.0,0.18871167935365904,1.8871167935365902,0.2652713103929543,0.29834631039295423,0.18482999999999986,0.06770821334732957,0.1680749999999998,0.1592437499999998,0.20254687499999985,0.1019146874999999,0.10072500000000018,1.0,1.0,0.1,0.0,0.0,0.0,0.0,0.0,0.0,0.18871167935365904,1.8871167935365902,0.2652713103929543,0.29834631039295423,0.18482999999999986,0.06770821334732957,0.1680749999999998,0.1592437499999998,0.20254687499999985,0.1019146874999999,0.10072500000000018,1.0,1.0,0.1,0.0,0.0,0.0,0.0,0.0,0.0,0.18871167935365904,1.8871167935365902,0.2652713103929543,0.29834631039295423,0.18482999999999986,0.06770821334732957,0.1680749999999998,0.1592437499999998,0.20254687499999985,0.1019146874999999,0.10072500000000018,1.0,1.0,0.1,0.0,0.0,0.0,0.0,0.0,0.0,0.18871167935365904,1.8871167935365902,0.2652713103929543,0.29834631039295423,1.0,0.0,0.0,0.0,0.0,0.0,0.0,1.0,0.0,0.0,1.0,0.0,0.0,1.0,0.0,0.0,1.0,0.0,0.0,0.0,0.0,0.0,0.0,0.0,0.0,0.0,0.0,0.0,0.0,0.0,0.0,1.0,1.0,1.0,0.0,0.0,0.0,0.0,0.0,0.0,0.0,0,0,0.0,0.0,0.0,0.0,0.0,0.0,0.0,0.0,0.0,0.0,0.0,1.0,0.0,0.0,0.0,0.0,0.0,-0.5032351388844628,0.0,0.0,0.0,0.1,0.1,0,0,0,0,C1,0.0,0.0,0.18482999999999986,0.1,1.0,0.0,0.0,0.0,0.18482999999999986
phaseflip,mixed_pauli,0.2,1,0.0,10,qiskit_aer,1,1,0.93,0.93,0.0,0.0,0.8,0.8,0.0,0.0,0.06999999999999995,0.07810249675906632,0.04999999999999993,2.220446049250313e-16,0.09999999999999964,2.220446049250313e-16,2.220446049250313e-16,1.0,0.7,0.5,0.1,0.0,0.5,0.5,0.5,0.13984631039295436,0.04582575694955844,0.1698463103929544,0.09484631039295432,0.1698463103929544,0.0698463103929543,0.0698463103929543,1.0,1.0,0.0,0.0,0.0,0.8,0.8,0.8,0.13984631039295436,0.04582575694955844,0.1698463103929544,0.09484631039295432,0.1698463103929544,0.0698463103929543,0.0698463103929543,1.0,1.0,0.0,0.0,0.0,0.8,0.8,0.8,0.0,0.015076844803522671,0.1507684480352267,0.030153689607045342,0.030153689607045342,0.06095389311788635,0.06739456544962752,0.03492315519647726,2.220446049250313e-16,0.09999999999999964,2.220446049250313e-16,2.220446049250313e-16,1.0,1.0,0.2,0.0,0.0,0.6,0.6,0.6,0.0,0.09396926207859069,0.9396926207859069,0.16984631039295417,0.16984631039295417,0.06095389311788635,0.06739456544962752,0.03492315519647726,2.220446049250313e-16,0.09999999999999964,2.220446049250313e-16,2.220446049250313e-16,1.0,1.0,0.2,0.0,0.0,0.6,0.6,0.6,0.0,0.09396926207859069,0.9396926207859069,0.16984631039295417,0.16984631039295417,0.06095389311788635,0.06739456544962752,0.03492315519647726,2.220446049250313e-16,0.09999999999999964,2.220446049250313e-16,2.220446049250313e-16,1.0,1.0,0.2,0.0,0.0,0.6,0.6,0.6,0.0,0.09396926207859069,0.9396926207859069,0.16984631039295417,0.16984631039295417,1.0,1.0,0.3,0.3,0.3,0.0,1.0,0.0,1.0,0.3,0.5,0.16666666666666666,0.3,0.5,0.16666666666666666,0.3,0.5,0.16666666666666666,0.3,0.7,0.3,0.3,0.3,0.3,0.3,0.0,0.0,0.0,0.0,0.3,0.3,1.0,1.0,1.0,0.3,1.0,1.0,1.0,1.0,1.0,1.0,3,0,0.0,0.0,0.3,0.0,0.0,0.0,0.0,0.0,0.0,0.0,0.0,1.0,0.0,0.0,0.0,0.0,0.0,-0.3299999622721368,0.011874890566266222,0.011874890566266222,0.0,0.0,0.0,0,0,0,0,C1,0.0,0.0,0.13984631039295436,0.0,1.0,1.0,0.0,0.0,0.13984631039295436
phaseflip,mixed_pauli,0.2,1,0.01,10,qiskit_aer,1,1,0.93,0.8011111111111111,0.03333333333333333,0.0,0.3,0.8,0.0,0.0,0.06999999999999995,0.07810249675906632,0.04999999999999993,2.220446049250313e-16,0.09999999999999964,2.220446049250313e-16,2.220446049250313e-16,1.0,0.7,0.5,0.0,0.0,0.3,0.3,0.5,0.13984631039295436,0.04582575694955844,0.1698463103929544,0.09484631039295432,0.1698463103929544,0.0698463103929543,0.0698463103929543,1.0,1.0,0.0,0.0,0.0,0.3,0.3,0.8,0.1119077862357726,0.06624486896665586,0.13492315519647702,0.07738473279471564,0.1698463103929544,2.220446049250313e-16,2.220446049250313e-16,1.0,1.0,0.2,0.0,0.0,0.3,0.3,0.6,0.0,0.04301536896070444,0.43015368960704436,0.16984631039295417,0.16984631039295417,0.06095389311788635,0.06739456544962752,0.03492315519647726,2.220446049250313e-16,0.09999999999999964,2.220446049250313e-16,2.220446049250313e-16,1.0,1.0,0.2,0.0,0.0,0.3,0.3,0.6,0.0,0.09396926207859069,0.9396926207859069,0.16984631039295417,0.16984631039295417,0.06095389311788635,0.06739456544962752,0.03492315519647726,2.220446049250313e-16,0.09999999999999964,2.220446049250313e-16,2.220446049250313e-16,1.0,1.0,0.2,0.0,0.0,0.3,0.3,0.6,0.0,0.09396926207859069,0.9396926207859069,0.16984631039295417,0.16984631039295417,0.06095389311788635,0.06739456544962752,0.03492315519647726,2.220446049250313e-16,0.09999999999999964,2.220446049250313e-16,2.220446049250313e-16,1.0,1.0,0.2,0.0,0.0,0.3,0.3,0.6,0.0,0.09396926207859069,0.9396926207859069,0.16984631039295417,0.16984631039295417,1.0,0.6,0.3,0.3,0.3,0.0,0.6,0.4,0.6,0.3,0.4,0.0,0.3,0.4,0.0,0.3,0.4,0.0,0.3,0.3,0.3,0.3,0.3,0.3,0.3,0.0,0.0,0.0,0.0,0.3,0.3,1.0,1.0,1.0,0.3,1.0,1.0,1.0,1.0,1.0,1.0,3,0,0.0,0.0,0.3,0.0,0.0,0.0,0.0,0.0,0.0,0.0,0.0,1.0,0.0,0.0,0.0,0.0,0.0,-0.20111107338188736,0.015161730781751875,0.015161730781751875,0.0,0.01,0.01,0,0,0,0,C1,0.0,0.0,0.1119077862357726,0.2,1.0,0.6,0.0,0.0,0.1119077862357726
phaseflip,mixed_pauli,0.2,1,0.03,10,qiskit_aer,1,1,0.93,0.7311111111111112,0.1111111111111111,0.0,0.2,0.8,0.0,0.0,0.06999999999999995,0.07810249675906632,0.04999999999999993,2.220446049250313e-16,0.09999999999999964,2.220446049250313e-16,2.220446049250313e-16,1.0,0.7,0.5,0.0,0.0,0.2,0.2,0.5,0.13984631039295436,0.04582575694955844,0.1698463103929544,0.09484631039295432,0.1698463103929544,0.0698463103929543,0.0698463103929543,1.0,1.0,0.0,0.0,0.0,0.2,0.2,0.8,0.09492315519647718,0.07082762862567338,0.09999999999999964,0.017461577598238742,0.1698463103929544,2.220446049250313e-16,2.220446049250313e-16,1.0,1.0,0.2,0.0,0.0,0.2,0.2,0.6,0.0,0.05999999999999985,0.5999999999999985,0.16984631039295417,0.16984631039295417,0.06095389311788635,0.06739456544962752,0.03492315519647726,2.220446049250313e-16,0.09999999999999964,2.220446049250313e-16,2.220446049250313e-16,1.0,1.0,0.2,0.0,0.0,0.2,0.2,0.6,0.0,0.09396926207859069,0.9396926207859069,0.16984631039295417,0.16984631039295417,0.06095389311788635,0.06739456544962752,0.03492315519647726,2.220446049250313e-16,0.09999999999999964,2.220446049250313e-16,2.220446049250313e-16,1.0,1.0,0.2,0.0,0.0,0.2,0.2,0.6,0.0,0.09396926207859069,0.9396926207859069,0.16984631039295417,0.16984631039295417,0.06095389311788635,0.06739456544962752,0.03492315519647726,2.220446049250313e-16,0.09999999999999964,2.220446049250313e-16,2.220446049250313e-16,1.0,1.0,0.2,0.0,0.0,0.2,0.2,0.6,0.0,0.09396926207859069,0.9396926207859069,0.16984631039295417,0.16984631039295417,1.0,0.5,0.3,0.3,0.3,0.0,0.5,0.4,0.4,0.3,0.4,0.0,0.3,0.4,0.0,0.3,0.4,0.0,0.3,0.2,0.3,0.3,0.3,0.3,0.3,0.0,0.0,0.0,0.0,0.3,0.3,1.0,1.0,1.0,0.3,1.0,1.0,1.0,1.0,1.0,1.0,3,0,0.0,0.0,0.3,0.0,0.0,0.0,0.0,0.0,0.0,0.0,0.0,1.0,0.0,0.0,0.0,0.0,0.0,-0.13111107338188735,0.015161730781751875,0.015161730781751875,0.0,0.03,0.03,0,0,0,0,C1,0.0,0.0,0.09492315519647718,0.2,1.0,0.5,0.0,0.0,0.09492315519647718
phaseflip,mixed_pauli,0.2,1,0.05,10,qiskit_aer,1,1,0.93,0.6988888888888889,0.15555555555555556,0.0,0.1,0.8,0.0,0.0,0.06999999999999995,0.07810249675906632,0.04999999999999993,2.220446049250313e-16,0.09999999999999964,2.220446049250313e-16,2.220446049250313e-16,1.0,0.7,0.5,0.0,0.0,0.1,0.1,0.5,0.13984631039295436,0.04582575694955844,0.1698463103929544,0.09484631039295432,0.1698463103929544,0.0698463103929543,0.0698463103929543,1.0,1.0,0.0,0.0,0.0,0.1,0.1,0.8,0.07793852415718176,0.07118825679830355,0.08492315519647697,2.220446049250313e-16,0.1523847327947157,2.220446049250313e-16,2.220446049250313e-16,1.0,1.0,0.2,0.0,0.0,0.1,0.1,0.6,0.0,0.07698463103929527,0.7698463103929527,0.16984631039295417,0.16984631039295417,0.06095389311788635,0.06739456544962752,0.03492315519647726,2.220446049250313e-16,0.09999999999999964,2.220446049250313e-16,2.220446049250313e-16,1.0,1.0,0.2,0.0,0.0,0.1,0.1,0.6,0.0,0.09396926207859069,0.9396926207859069,0.16984631039295417,0.16984631039295417,0.06095389311788635,0.06739456544962752,0.03492315519647726,2.220446049250313e-16,0.09999999999999964,2.220446049250313e-16,2.220446049250313e-16,1.0,1.0,0.2,0.0,0.0,0.1,0.1,0.6,0.0,0.09396926207859069,0.9396926207859069,0.16984631039295417,0.16984631039295417,0.06095389311788635,0.06739456544962752,0.03492315519647726,2.220446049250313e-16,0.09999999999999964,2.220446049250313e-16,2.220446049250313e-16,1.0,1.0,0.2,0.0,0.0,0.1,0.1,0.6,0.0,0.09396926207859069,0.9396926207859069,0.16984631039295417,0.16984631039295417,1.0,0.4,0.3,0.3,0.3,0.0,0.4,0.4,0.2,0.3,0.4,0.0,0.3,0.4,0.0,0.3,0.4,0.0,0.3,0.1,0.3,0.3,0.3,0.3,0.3,0.0,0.0,0.0,0.0,0.3,0.3,1.0,1.0,1.0,0.3,1.0,1.0,1.0,1.0,1.0,1.0,3,0,0.0,0.0,0.3,0.0,0.0,0.0,0.0,0.0,0.0,0.0,0.0,1.0,0.0,0.0,0.0,0.0,0.0,-0.09888885115966511,0.015161730781751875,0.015161730781751875,0.0,0.05,0.05,0,0,0,0,C1,0.0,0.0,0.07793852415718176,0.2,1.0,0.4,0.0,0.0,0.07793852415718176
phaseflip,mixed_pauli,0.2,1,0.1,10,qiskit_aer,1,1,0.93,0.6344444444444445,0.25555555555555554,0.0,0.0,0.8,0.0,0.0,0.06999999999999995,0.07810249675906632,0.04999999999999993,2.220446049250313e-16,0.09999999999999964,2.220446049250313e-16,2.220446049250313e-16,1.0,0.7,0.5,0.0,0.0,0.0,0.0,0.5,0.13984631039295436,0.04582575694955844,0.1698463103929544,0.09484631039295432,0.1698463103929544,0.0698463103929543,0.0698463103929543,1.0,1.0,0.0,0.0,0.0,0.0,0.0,0.8,0.06095389311788635,0.06739456544962752,0.03492315519647726,2.220446049250313e-16,0.09999999999999964,2.220446049250313e-16,2.220446049250313e-16,1.0,1.0,0.2,0.0,0.0,0.0,0.0,0.6,0.0,0.09396926207859069,0.9396926207859069,0.16984631039295417,0.16984631039295417,0.06095389311788635,0.06739456544962752,0.03492315519647726,2.220446049250313e-16,0.09999999999999964,2.220446049250313e-16,2.220446049250313e-16,1.0,1.0,0.2,0.0,0.0,0.0,0.0,0.6,0.0,0.09396926207859069,0.9396926207859069,0.16984631039295417,0.16984631039295417,0.06095389311788635,0.06739456544962752,0.03492315519647726,2.220446049250313e-16,0.09999999999999964,2.220446049250313e-16,2.220446049250313e-16,1.0,1.0,0.2,0.0,0.0,0.0,0.0,0.6,0.0,0.09396926207859069,0.9396926207859069,0.16984631039295417,0.16984631039295417,0.06095389311788635,0.06739456544962752,0.03492315519647726,2.220446049250313e-16,0.09999999999999964,2.220446049250313e-16,2.220446049250313e-16,1.0,1.0,0.2,0.0,0.0,0.0,0.0,0.6,0.0,0.09396926207859069,0.9396926207859069,0.16984631039295417,0.16984631039295417,1.0,0.3,0.3,0.3,0.3,0.0,0.3,0.4,0.0,0.3,0.4,0.0,0.3,0.4,0.0,0.3,0.4,0.0,0.3,0.0,0.3,0.3,0.3,0.3,0.3,0.0,0.0,0.0,0.0,0.3,0.3,1.0,1.0,1.0,0.3,1.0,1.0,1.0,1.0,1.0,1.0,3,0,0.0,0.0,0.3,0.0,0.0,0.0,0.0,0.0,0.0,0.0,0.0,1.0,0.0,0.0,0.0,0.0,0.0,-0.034444406715220685,0.015161730781751875,0.015161730781751875,0.0,0.1,0.1,0,0,0,0,C1,0.0,0.0,0.06095389311788635,0.2,1.0,0.3,0.0,0.0,0.06095389311788635
phaseflip,mixed_pauli,0.2,2,0.0,10,qiskit_aer,1,1,0.8530000000000001,0.8530000000000001,0.0,0.0,0.4,0.4,0.0,0.0,0.1269999999999999,0.08271033792700883,0.15999999999999992,0.07999999999999999,0.15999999999999992,-1.1102230246251565e-16,-1.1102230246251565e-16,1.0,0.8,0.2,0.0,0.0,0.4,0.4,0.4,0.2808463103929545,0.052239831546435946,0.2898463103929544,0.24984631039295446,0.32984631039295453,0.20034631039295442,0.15984631039295438,1.0,1.0,0.0,0.0,0.0,0.4,0.4,0.4,0.19493852415718171,0.11319595955149381,0.2199231551964771,0.15999999999999992,0.27246157759823847,-1.1102230246251565e-16,-1.1102230246251565e-16,1.0,1.0,0.2,0.0,0.0,0.4,0.4,0.4,0.0,0.09193852415718182,0.9193852415718182,0.2898463103929545,0.2898463103929545,0.16096926207859083,0.11704107980466935,0.15999999999999992,0.07999999999999999,0.2574999999999998,-1.1102230246251565e-16,-1.1102230246251565e-16,1.0,1.0,0.2,0.0,0.0,0.4,0.4,0.4,0.0,0.1259077862357727,1.259077862357727,0.2898463103929545,0.2898463103929545,0.16096926207859083,0.11704107980466935,0.15999999999999992,0.07999999999999999,0.2574999999999998,-1.1102230246251565e-16,-1.1102230246251565e-16,1.0,1.0,0.2,0.0,0.0,0.4,0.4,0.4,0.0,0.1259077862357727,1.259077862357727,0.2898463103929545,0.2898463103929545,0.16096926207859083,0.11704107980466935,0.15999999999999992,0.07999999999999999,0.2574999999999998,-1.1102230246251565e-16,-1.1102230246251565e-16,1.0,1.0,0.2,0.0,0.0,0.4,0.4,0.4,0.0,0.1259077862357727,1.259077862357727,0.2898463103929545,0.2898463103929545,1.0,0.4,0.2,0.2,0.2,0.0,0.4,1.0,0.5,0.2,1.0,0.25,0.2,1.0,0.25,0.2,1.0,0.25,0.2,0.2,0.2,0.2,0.2,0.2,0.2,0.0,0.0,0.0,0.0,0.2,0.2,1.0,1.0,1.0,0.2,1.0,1.0,1.0,1.0,1.0,1.0,2,0,0.0,0.0,0.0,0.2,0.0,0.0,0.0,0.0,0.0,0.0,0.0,1.0,0.0,0.0,0.0,0.0,0.0,-0.45299999997713103,0.03189171654211844,0.03189171654211844,0.0,0.0,0.0,0,0,0,0,C1,0.0,0.0,0.19493852415718171,0.2,1.0,0.4,0.0,0.0,0.19493852415718171
phaseflip,mixed_pauli,0.2,2,0.01,10,qiskit_aer,1,1,0.8530000000000001,0.7066666666666667,0.02222222222222222,0.0,0.2,0.4,0.0,0.0,0.12699999999999992,0.08271033792700883,0.15999999999999992,0.08000000000000007,0.15999999999999992,-1.1102230246251565e-16,-1.1102230246251565e-16,1.0,0.8,0.2,0.0,0.0,0.2,0.2,0.4,0.2808463103929545,0.052239831546435946,0.2898463103929544,0.24984631039295446,0.32984631039295453,0.20034631039295442,0.15984631039295438,1.0,1.0,0.0,0.0,0.0,0.2,0.2,0.4,0.16096926207859083,0.11704107980466934,0.15999999999999992,0.08000000000000007,0.2574999999999998,-1.1102230246251565e-16,-1.1102230246251565e-16,1.0,1.0,0.2,0.0,0.0,0.2,0.2,0.4,0.0,0.1259077862357727,1.259077862357727,0.2898463103929545,0.2898463103929545,0.16096926207859083,0.11704107980466934,0.15999999999999992,0.08000000000000007,0.2574999999999998,-1.1102230246251565e-16,-1.1102230246251565e-16,1.0,1.0,0.2,0.0,0.0,0.2,0.2,0.4,0.0,0.1259077862357727,1.259077862357727,0.2898463103929545,0.2898463103929545,0.16096926207859083,0.11704107980466934,0.15999999999999992,0.08000000000000007,0.2574999999999998,-1.1102230246251565e-16,-1.1102230246251565e-16,1.0,1.0,0.2,0.0,0.0,0.2,0.2,0.4,0.0,0.1259077862357727,1.259077862357727,0.2898463103929545,0.2898463103929545,0.16096926207859083,0.11704107980466934,0.15999999999999992,0.08000000000000007,0.2574999999999998,-1.1102230246251565e-16,-1.1102230246251565e-16,1.0,1.0,0.2,0.0,0.0,0.2,0.2,0.4,0.0,0.1259077862357727,1.259077862357727,0.2898463103929545,0.2898463103929545,1.0,0.2,0.2,0.2,0.2,0.0,0.2,1.0,0.25,0.2,1.0,0.25,0.2,1.0,0.25,0.2,1.0,0.25,0.2,0.0,0.2,0.2,0.2,0.2,0.2,0.0,0.0,0.0,0.0,0.2,0.2,1.0,1.0,1.0,0.2,1.0,1.0,1.0,1.0,1.0,1.0,2,0,0.0,0.0,0.0,0.2,0.0,0.0,0.0,0.0,0.0,0.0,0.0,1.0,0.0,0.0,0.0,0.0,0.0,-0.3066666666416303,0.0174378691089357,0.0174378691089357,0.0,0.01,0.01,0,0,0,0,C1,0.0,0.0,0.16096926207859083,0.2,1.0,0.2,0.0,0.0,0.16096926207859083
phaseflip,mixed_pauli,0.2,2,0.03,10,qiskit_aer,1,1,0.8530000000000001,0.6855555555555556,0.04444444444444444,0.0,0.1,0.4,0.0,0.0,0.12699999999999992,0.08271033792700883,0.15999999999999992,0.08000000000000007,0.15999999999999992,-1.1102230246251565e-16,-1.1102230246251565e-16,1.0,0.9,0.2,0.0,0.0,0.1,0.1,0.4,0.2808463103929545,0.052239831546435946,0.2898463103929544,0.24984631039295446,0.32984631039295453,0.20034631039295442,0.15984631039295438,1.0,1.0,0.0,0.0,0.0,0.1,0.1,0.4,0.14398463103929537,0.10275351513433728,0.15999999999999992,0.08000000000000007,0.18249999999999977,-1.1102230246251565e-16,-1.1102230246251565e-16,1.0,1.0,0.2,0.0,0.0,0.1,0.1,0.4,0.0,0.14289241727506816,1.4289241727506816,0.2898463103929545,0.2898463103929545,0.14398463103929537,0.10275351513433728,0.15999999999999992,0.08000000000000007,0.18249999999999977,-1.1102230246251565e-16,-1.1102230246251565e-16,1.0,1.0,0.2,0.0,0.0,0.1,0.1,0.4,0.0,0.14289241727506816,1.4289241727506816,0.2898463103929545,0.2898463103929545,0.14398463103929537,0.10275351513433728,0.15999999999999992,0.08000000000000007,0.18249999999999977,-1.1102230246251565e-16,-1.1102230246251565e-16,1.0,1.0,0.2,0.0,0.0,0.1,0.1,0.4,0.0,0.14289241727506816,1.4289241727506816,0.2898463103929545,0.2898463103929545,0.14398463103929537,0.10275351513433728,0.15999999999999992,0.08000000000000007,0.18249999999999977,-1.1102230246251565e-16,-1.1102230246251565e-16,1.0,1.0,0.2,0.0,0.0,0.1,0.1,0.4,0.0,0.14289241727506816,1.4289241727506816,0.2898463103929545,0.2898463103929545,1.0,0.1,0.1,0.1,0.1,0.0,0.1,1.0,0.125,0.1,1.0,0.125,0.1,1.0,0.125,0.1,1.0,0.125,0.1,0.0,0.1,0.1,0.1,0.1,0.1,0.0,0.0,0.0,0.0,0.1,0.1,1.0,1.0,1.0,0.1,1.0,1.0,1.0,1.0,1.0,1.0,1,0,0.0,0.0,0.0,0.1,0.0,0.0,0.0,0.0,0.0,0.0,0.0,1.0,0.0,0.0,0.0,0.0,0.0,-0.48555555553047797,0.004647966849674839,0.004647966849674839,0.0,0.03,0.03,0,0,0,0,C1,0.0,0.0,0.14398463103929537,0.2,1.0,0.1,0.0,0.0,0.14398463103929537
phaseflip,mixed_pauli,0.2,2,0.05,10,qiskit_aer,1,1,0.8530000000000001,0.6855555555555556,0.07777777777777778,0.0,0.1,0.4,0.0,0.0,0.12699999999999992,0.08271033792700883,0.15999999999999992,0.08000000000000007,0.15999999999999992,-1.1102230246251565e-16,-1.1102230246251565e-16,1.0,0.8,0.2,0.0,0.0,0.1,0.1,0.4,0.2808463103929545,0.052239831546435946,0.2898463103929544,0.24984631039295446,0.32984631039295453,0.20034631039295442,0.15984631039295438,1.0,1.0,0.0,0.0,0.0,0.1,0.1,0.4,0.16096926207859083,0.11704107980466934,0.15999999999999992,0.08000000000000007,0.2574999999999998,-1.1102230246251565e-16,-1.1102230246251565e-16,1.0,1.0,0.2,0.0,0.0,0.1,0.1,0.4,0.0,0.1259077862357727,1.259077862357727,0.2898463103929545,0.2898463103929545,0.16096926207859083,0.11704107980466934,0.15999999999999992,0.08000000000000007,0.2574999999999998,-1.1102230246251565e-16,-1.1102230246251565e-16,1.0,1.0,0.2,0.0,0.0,0.1,0.1,0.4,0.0,0.1259077862357727,1.259077862357727,0.2898463103929545,0.2898463103929545,0.16096926207859083,0.11704107980466934,0.15999999999999992,0.08000000000000007,0.2574999999999998,-1.1102230246251565e-16,-1.1102230246251565e-16,1.0,1.0,0.2,0.0,0.0,0.1,0.1,0.4,0.0,0.1259077862357727,1.259077862357727,0.2898463103929545,0.2898463103929545,0.16096926207859083,0.11704107980466934,0.15999999999999992,0.08000000000000007,0.2574999999999998,-1.1102230246251565e-16,-1.1102230246251565e-16,1.0,1.0,0.2,0.0,0.0,0.1,0.1,0.4,0.0,0.1259077862357727,1.259077862357727,0.2898463103929545,0.2898463103929545,1.0,0.2,0.2,0.2,0.2,0.0,0.2,1.0,0.25,0.2,1.0,0.25,0.2,1.0,0.25,0.2,1.0,0.25,0.2,0.0,0.2,0.2,0.2,0.2,0.2,0.0,0.0,0.0,0.0,0.2,0.2,1.0,1.0,1.0,0.2,1.0,1.0,1.0,1.0,1.0,1.0,2,0,0.0,0.0,0.0,0.2,0.0,0.0,0.0,0.0,0.0,0.0,0.0,1.0,0.0,0.0,0.0,0.0,0.0,-0.28555555553014816,0.02466479282552706,0.02466479282552706,0.0,0.05,0.05,0,0,0,0,C1,0.0,0.0,0.16096926207859083,0.2,1.0,0.2,0.0,0.0,0.16096926207859083
phaseflip,mixed_pauli,0.2,2,0.1,10,qiskit_aer,1,1,0.8530000000000001,0.5798888888888889,0.19999999999999998,0.0,0.0,0.4,0.0,0.0,0.12699999999999992,0.08271033792700883,0.15999999999999992,0.08000000000000007,0.15999999999999992,-1.1102230246251565e-16,-1.1102230246251565e-16,1.0,0.8,0.2,0.0,0.0,0.0,0.0,0.4,0.2808463103929545,0.052239831546435946,0.2898463103929544,0.24984631039295446,0.32984631039295453,0.20034631039295442,0.15984631039295438,1.0,1.0,0.0,0.0,0.0,0.0,0.0,0.4,0.16096926207859083,0.11704107980466934,0.15999999999999992,0.08000000000000007,0.2574999999999998,-1.1102230246251565e-16,-1.1102230246251565e-16,1.0,1.0,0.2,0.0,0.0,0.0,0.0,0.4,0.0,0.1259077862357727,1.259077862357727,0.2898463103929545,0.2898463103929545,0.16096926207859083,0.11704107980466934,0.15999999999999992,0.08000000000000007,0.2574999999999998,-1.1102230246251565e-16,-1.1102230246251565e-16,1.0,1.0,0.2,0.0,0.0,0.0,0.0,0.4,0.0,0.1259077862357727,1.259077862357727,0.2898463103929545,0.2898463103929545,0.16096926207859083,0.11704107980466934,0.15999999999999992,0.08000000000000007,0.2574999999999998,-1.1102230246251565e-16,-1.1102230246251565e-16,1.0,1.0,0.2,0.0,0.0,0.0,0.0,0.4,0.0,0.1259077862357727,1.259077862357727,0.2898463103929545,0.2898463103929545,0.16096926207859083,0.11704107980466934,0.15999999999999992,0.08000000000000007,0.2574999999999998,-1.1102230246251565e-16,-1.1102230246251565e-16,1.0,1.0,0.2,0.0,0.0,0.0,0.0,0.4,0.0,0.1259077862357727,1.259077862357727,0.2898463103929545,0.2898463103929545,1.0,0.2,0.2,0.2,0.2,0.0,0.2,1.0,0.25,0.2,1.0,0.25,0.2,1.0,0.25,0.2,1.0,0.25,0.2,0.0,0.2,0.2,0.2,0.2,0.2,0.0,0.0,0.0,0.0,0.2,0.2,1.0,1.0,1.0,0.2,1.0,1.0,1.0,1.0,1.0,1.0,2,0,0.0,0.0,0.0,0.2,0.0,0.0,0.0,0.0,0.0,0.0,0.0,1.0,0.0,0.0,0.0,0.0,0.0,-0.17988888886495047,0.0174378691089357,0.0174378691089357,0.0,0.1,0.1,0,0,0,0,C1,0.0,0.0,0.16096926207859083,0.2,1.0,0.2,0.0,0.0,0.16096926207859083
phaseflip,mixed_pauli,0.2,3,0.0,10,qiskit_aer,1,1,0.7622000000000001,0.7622000000000001,0.0,0.0,0.0,0.0,0.0,0.0,0.19260000000000005,0.08644096251199417,0.17200000000000004,0.13600000000000012,0.2240000000000002,0.09860000000000009,0.06800000000000006,1.0,0.6,0.2,0.0,0.0,0.0,0.0,0.0,0.38244631039295457,0.054185237842054444,0.3938463103929546,0.36284631039295456,0.4258463103929546,0.2929463103929544,0.23984631039295434,1.0,1.0,0.0,0.0,0.0,0.0,0.0,0.0,0.29653852415718185,0.10721427759249685,0.3139231551964771,0.2240000000000002,0.3854615775982385,0.13600000000000012,0.13600000000000012,1.0,1.0,0.2,0.0,0.0,0.0,0.0,0.0,0.0,0.09193852415718178,0.9193852415718178,0.2898463103929545,0.2898463103929545,0.29653852415718185,0.10721427759249685,0.3139231551964771,0.2240000000000002,0.3854615775982385,0.13600000000000012,0.13600000000000012,1.0,1.0,0.2,0.0,0.0,0.0,0.0,0.0,0.0,0.09193852415718178,0.9193852415718178,0.2898463103929545,0.2898463103929545,0.29653852415718185,0.10721427759249685,0.3139231551964771,0.2240000000000002,0.3854615775982385,0.13600000000000012,0.13600000000000012,1.0,1.0,0.2,0.0,0.0,0.0,0.0,0.0,0.0,0.09193852415718178,0.9193852415718178,0.2898463103929545,0.2898463103929545,0.29653852415718185,0.10721427759249685,0.3139231551964771,0.2240000000000002,0.3854615775982385,0.13600000000000012,0.13600000000000012,1.0,1.0,0.2,0.0,0.0,0.0,0.0,0.0,0.0,0.09193852415718178,0.9193852415718178,0.2898463103929545,0.2898463103929545,1.0,0.4,0.4,0.4,0.4,0.0,0.4,1.0,0.5,0.4,1.0,0.5,0.4,1.0,0.5,0.4,1.0,0.5,0.4,0.0,0.4,0.4,0.4,0.4,0.4,0.0,0.0,0.0,0.0,0.4,0.4,1.0,1.0,1.0,0.4,1.0,1.0,1.0,1.0,1.0,1.0,4,0,0.0,0.0,0.0,0.4,0.0,0.0,0.0,0.0,0.0,0.0,0.0,1.0,0.0,0.0,0.0,0.0,0.0,0.037800000006550025,5.851416249405074e-18,5.851416249405074e-18,0.0,0.0,0.0,0,0,0,0,C1,0.0,0.0,0.29653852415718185,0.2,1.0,0.4,0.0,0.0,0.29653852415718185
phaseflip,mixed_pauli,0.2,3,0.01,10,qiskit_aer,1,1,0.7622000000000001,0.5474222222222223,0.03333333333333333,0.0,0.0,0.0,0.0,0.0,0.19260000000000005,0.08644096251199417,0.17200000000000004,0.13600000000000012,0.2240000000000002,0.09860000000000009,0.06800000000000006,1.0,0.5,0.2,0.0,0.0,0.0,0.0,0.0,0.38244631039295457,0.054185237842054444,0.3938463103929546,0.36284631039295456,0.4258463103929546,0.2929463103929544,0.23984631039295434,1.0,1.0,0.0,0.0,0.0,0.0,0.0,0.0,0.3135231551964773,0.10782912596168281,0.36784631039295457,0.23550000000000007,0.39238473279471586,0.13600000000000012,0.13600000000000012,1.0,1.0,0.2,0.0,0.0,0.0,0.0,0.0,0.0,0.07495389311788633,0.7495389311788634,0.2898463103929545,0.2898463103929545,0.3135231551964773,0.10782912596168281,0.36784631039295457,0.23550000000000007,0.39238473279471586,0.13600000000000012,0.13600000000000012,1.0,1.0,0.2,0.0,0.0,0.0,0.0,0.0,0.0,0.07495389311788633,0.7495389311788634,0.2898463103929545,0.2898463103929545,0.3135231551964773,0.10782912596168281,0.36784631039295457,0.23550000000000007,0.39238473279471586,0.13600000000000012,0.13600000000000012,1.0,1.0,0.2,0.0,0.0,0.0,0.0,0.0,0.0,0.07495389311788633,0.7495389311788634,0.2898463103929545,0.2898463103929545,0.3135231551964773,0.10782912596168281,0.36784631039295457,0.23550000000000007,0.39238473279471586,0.13600000000000012,0.13600000000000012,1.0,1.0,0.2,0.0,0.0,0.0,0.0,0.0,0.0,0.07495389311788633,0.7495389311788634,0.2898463103929545,0.2898463103929545,1.0,0.5,0.5,0.5,0.5,0.0,0.5,1.0,0.625,0.5,1.0,0.625,0.5,1.0,0.625,0.5,1.0,0.625,0.5,0.0,0.5,0.5,0.5,0.5,0.5,0.0,0.0,0.0,0.0,0.5,0.5,1.0,1.0,1.0,0.5,1.0,1.0,1.0,1.0,1.0,1.0,5,0,0.0,0.0,0.0,0.5,0.0,0.0,0.0,0.0,0.0,0.0,0.0,1.0,0.0,0.0,0.0,0.0,0.0,0.45257777778476754,5.862210528147112e-18,5.862210528147112e-18,0.0,0.01,0.01,0,0,0,0,C1,0.0,0.0,0.3135231551964773,0.2,1.0,0.5,0.0,0.0,0.3135231551964773
phaseflip,mixed_pauli,0.2,3,0.03,10,qiskit_aer,1,1,0.7622000000000001,0.5116444444444445,0.08888888888888888,0.0,0.0,0.0,0.0,0.0,0.19260000000000005,0.08644096251199417,0.17200000000000004,0.13600000000000012,0.2240000000000002,0.09860000000000009,0.06800000000000006,1.0,0.6,0.2,0.0,0.0,0.0,0.0,0.0,0.38244631039295457,0.054185237842054444,0.3938463103929546,0.36284631039295456,0.4258463103929546,0.2929463103929544,0.23984631039295434,1.0,1.0,0.0,0.0,0.0,0.0,0.0,0.0,0.29653852415718185,0.10721427759249685,0.3139231551964771,0.2240000000000002,0.3854615775982385,0.13600000000000012,0.13600000000000012,1.0,1.0,0.2,0.0,0.0,0.0,0.0,0.0,0.0,0.09193852415718178,0.9193852415718178,0.2898463103929545,0.2898463103929545,0.29653852415718185,0.10721427759249685,0.3139231551964771,0.2240000000000002,0.3854615775982385,0.13600000000000012,0.13600000000000012,1.0,1.0,0.2,0.0,0.0,0.0,0.0,0.0,0.0,0.09193852415718178,0.9193852415718178,0.2898463103929545,0.2898463103929545,0.29653852415718185,0.10721427759249685,0.3139231551964771,0.2240000000000002,0.3854615775982385,0.13600000000000012,0.13600000000000012,1.0,1.0,0.2,0.0,0.0,0.0,0.0,0.0,0.0,0.09193852415718178,0.9193852415718178,0.2898463103929545,0.2898463103929545,0.29653852415718185,0.10721427759249685,0.3139231551964771,0.2240000000000002,0.3854615775982385,0.13600000000000012,0.13600000000000012,1.0,1.0,0.2,0.0,0.0,0.0,0.0,0.0,0.0,0.09193852415718178,0.9193852415718178,0.2898463103929545,0.2898463103929545,1.0,0.4,0.4,0.4,0.4,0.0,0.4,1.0,0.5,0.4,1.0,0.5,0.4,1.0,0.5,0.4,1.0,0.5,0.4,0.0,0.4,0.4,0.4,0.4,0.4,0.0,0.0,0.0,0.0,0.4,0.4,1.0,1.0,1.0,0.4,1.0,1.0,1.0,1.0,1.0,1.0,4,0,0.0,0.0,0.0,0.4,0.0,0.0,0.0,0.0,0.0,0.0,0.0,1.0,0.0,0.0,0.0,0.0,0.0,0.2883555555625114,2.345559233762932e-20,2.345559233762932e-20,0.0,0.03,0.03,0,0,0,0,C1,0.0,0.0,0.29653852415718185,0.2,1.0,0.4,0.0,0.0,0.29653852415718185
phaseflip,mixed_pauli,0.2,3,0.05,10,qiskit_aer,1,1,0.7622000000000001,0.5104444444444445,0.1111111111111111,0.0,0.0,0.0,0.0,0.0,0.19260000000000005,0.08644096251199417,0.17200000000000004,0.13600000000000012,0.2240000000000002,0.09860000000000009,0.06800000000000006,1.0,0.6,0.2,0.0,0.0,0.0,0.0,0.0,0.38244631039295457,0.054185237842054444,0.3938463103929546,0.36284631039295456,0.4258463103929546,0.2929463103929544,0.23984631039295434,1.0,1.0,0.0,0.0,0.0,0.0,0.0,0.0,0.29653852415718185,0.10721427759249685,0.3139231551964771,0.2240000000000002,0.3854615775982385,0.13600000000000012,0.13600000000000012,1.0,1.0,0.2,0.0,0.0,0.0,0.0,0.0,0.0,0.09193852415718178,0.9193852415718178,0.2898463103929545,0.2898463103929545,0.29653852415718185,0.10721427759249685,0.3139231551964771,0.2240000000000002,0.3854615775982385,0.13600000000000012,0.13600000000000012,1.0,1.0,0.2,0.0,0.0,0.0,0.0,0.0,0.0,0.09193852415718178,0.9193852415718178,0.2898463103929545,0.2898463103929545,0.29653852415718185,0.10721427759249685,0.3139231551964771,0.2240000000000002,0.3854615775982385,0.13600000000000012,0.13600000000000012,1.0,1.0,0.2,0.0,0.0,0.0,0.0,0.0,0.0,0.09193852415718178,0.9193852415718178,0.2898463103929545,0.2898463103929545,0.29653852415718185,0.10721427759249685,0.3139231551964771,0.2240000000000002,0.3854615775982385,0.13600000000000012,0.13600000000000012,1.0,1.0,0.2,0.0,0.0,0.0,0.0,0.0,0.0,0.09193852415718178,0.9193852415718178,0.2898463103929545,0.2898463103929545,1.0,0.4,0.4,0.4,0.4,0.0,0.4,1.0,0.5,0.4,1.0,0.5,0.4,1.0,0.5,0.4,1.0,0.5,0.4,0.0,0.4,0.4,0.4,0.4,0.4,0.0,0.0,0.0,0.0,0.4,0.4,1.0,1.0,1.0,0.4,1.0,1.0,1.0,1.0,1.0,1.0,4,0,0.0,0.0,0.0,0.4,0.0,0.0,0.0,0.0,0.0,0.0,0.0,1.0,0.0,0.0,0.0,0.0,0.0,0.28955555556260987,5.851416249405074e-18,5.851416249405074e-18,0.0,0.05,0.05,0,0,0,0,C1,0.0,0.0,0.29653852415718185,0.2,1.0,0.4,0.0,0.0,0.29653852415718185
phaseflip,mixed_pauli,0.2,3,0.1,10,qiskit_aer,1,1,0.7622000000000001,0.4410888888888889,0.2111111111111111,0.0,0.0,0.0,0.0,0.0,0.19260000000000005,0.08644096251199417,0.17200000000000004,0.13600000000000012,0.2240000000000002,0.09860000000000009,0.06800000000000006,1.0,0.5,0.2,0.0,0.0,0.0,0.0,0.0,0.38244631039295457,0.054185237842054444,0.3938463103929546,0.36284631039295456,0.4258463103929546,0.2929463103929544,0.23984631039295434,1.0,1.0,0.0,0.0,0.0,0.0,0.0,0.0,0.3135231551964773,0.10782912596168281,0.36784631039295457,0.23550000000000007,0.39238473279471586,0.13600000000000012,0.13600000000000012,1.0,1.0,0.2,0.0,0.0,0.0,0.0,0.0,0.0,0.07495389311788633,0.7495389311788634,0.2898463103929545,0.2898463103929545,0.3135231551964773,0.10782912596168281,0.36784631039295457,0.23550000000000007,0.39238473279471586,0.13600000000000012,0.13600000000000012,1.0,1.0,0.2,0.0,0.0,0.0,0.0,0.0,0.0,0.07495389311788633,0.7495389311788634,0.2898463103929545,0.2898463103929545,0.3135231551964773,0.10782912596168281,0.36784631039295457,0.23550000000000007,0.39238473279471586,0.13600000000000012,0.13600000000000012,1.0,1.0,0.2,0.0,0.0,0.0,0.0,0.0,0.0,0.07495389311788633,0.7495389311788634,0.2898463103929545,0.2898463103929545,0.3135231551964773,0.10782912596168281,0.36784631039295457,0.23550000000000007,0.39238473279471586,0.13600000000000012,0.13600000000000012,1.0,1.0,0.2,0.0,0.0,0.0,0.0,0.0,0.0,0.07495389311788633,0.7495389311788634,0.2898463103929545,0.2898463103929545,1.0,0.5,0.5,0.5,0.5,0.0,0.5,1.0,0.625,0.5,1.0,0.625,0.5,1.0,0.625,0.5,1.0,0.625,0.5,0.0,0.5,0.5,0.5,0.5,0.5,0.0,0.0,0.0,0.0,0.5,0.5,1.0,1.0,1.0,0.5,1.0,1.0,1.0,1.0,1.0,1.0,5,0,0.0,0.0,0.0,0.5,0.0,0.0,0.0,0.0,0.0,0.0,0.0,1.0,0.0,0.0,0.0,0.0,0.0,0.5589111111176969,0.005562978542669485,0.005562978542669485,0.0,0.1,0.1,0,0,0,0,C1,0.0,0.0,0.3135231551964773,0.2,1.0,0.5,0.0,0.0,0.3135231551964773
phaseflip,mixed_pauli,0.2,4,0.0,10,qiskit_aer,1,1,0.70536,0.70536,0.0,0.0,0.0,0.0,0.0,0.0,0.21988000000000002,0.08175124219239724,0.20320000000000005,0.1904,0.23800000000000004,0.12196000000000015,0.12160000000000032,1.0,0.4,0.1,0.0,0.0,0.0,0.0,0.0,0.4609263103929545,0.047188490122062623,0.4802463103929545,0.4228463103929545,0.48264631039295447,0.3878263103929545,0.3858463103929545,1.0,1.0,0.0,0.0,0.0,0.0,0.0,0.0,0.36978778623577274,0.14003913329249074,0.41632315519647717,0.23926157759823863,0.47384631039295455,0.1525600000000002,0.12160000000000032,1.0,1.0,0.1,0.0,0.0,0.0,0.0,0.0,0.0,0.09415389311788631,0.9415389311788631,0.3294463103929542,0.3618463103929541,0.36978778623577274,0.14003913329249074,0.41632315519647717,0.23926157759823863,0.47384631039295455,0.1525600000000002,0.12160000000000032,1.0,1.0,0.1,0.0,0.0,0.0,0.0,0.0,0.0,0.09415389311788631,0.9415389311788631,0.3294463103929542,0.3618463103929541,0.36978778623577274,0.14003913329249074,0.41632315519647717,0.23926157759823863,0.47384631039295455,0.1525600000000002,0.12160000000000032,1.0,1.0,0.1,0.0,0.0,0.0,0.0,0.0,0.0,0.09415389311788631,0.9415389311788631,0.3294463103929542,0.3618463103929541,0.36978778623577274,0.14003913329249074,0.41632315519647717,0.23926157759823863,0.47384631039295455,0.1525600000000002,0.12160000000000032,1.0,1.0,0.1,0.0,0.0,0.0,0.0,0.0,0.0,0.09415389311788631,0.9415389311788631,0.3294463103929542,0.3618463103929541,1.0,0.6,0.6,0.6,0.6,0.0,0.6,1.0,0.6666666666666666,0.6,1.0,0.6666666666666666,0.6,1.0,0.6666666666666666,0.6,1.0,0.6666666666666666,0.6,0.0,0.6,0.6,0.6,0.6,0.6,0.0,0.0,0.0,0.0,0.6,0.6,1.0,1.0,1.0,0.6,1.0,1.0,1.0,1.0,1.0,1.0,6,0,0.0,0.0,0.0,0.6,0.0,0.0,0.0,0.0,0.0,0.0,0.0,1.0,0.0,0.0,0.0,0.0,0.0,0.4946400000017326,0.0137049139522555,0.0137049139522555,0.0,0.0,0.0,0,0,0,0,C1,0.0,0.0,0.36978778623577274,0.1,1.0,0.6,0.0,0.0,0.36978778623577274
phaseflip,mixed_pauli,0.2,4,0.01,10,qiskit_aer,1,1,0.70536,0.544,0.01111111111111111,0.0,0.0,0.0,0.0,0.0,0.21988000000000002,0.08175124219239724,0.20320000000000005,0.1904,0.23800000000000004,0.12196000000000015,0.12160000000000032,1.0,0.4,0.1,0.0,0.0,0.0,0.0,0.0,0.4609263103929545,0.047188490122062623,0.4802463103929545,0.4228463103929545,0.48264631039295447,0.3878263103929545,0.3858463103929545,1.0,1.0,0.0,0.0,0.0,0.0,0.0,0.0,0.36978778623577274,0.14003913329249074,0.41632315519647717,0.23926157759823863,0.47384631039295455,0.1525600000000002,0.12160000000000032,1.0,1.0,0.1,0.0,0.0,0.0,0.0,0.0,0.0,0.09415389311788631,0.9415389311788631,0.3294463103929542,0.3618463103929541,0.36978778623577274,0.14003913329249074,0.41632315519647717,0.23926157759823863,0.47384631039295455,0.1525600000000002,0.12160000000000032,1.0,1.0,0.1,0.0,0.0,0.0,0.0,0.0,0.0,0.09415389311788631,0.9415389311788631,0.3294463103929542,0.3618463103929541,0.36978778623577274,0.14003913329249074,0.41632315519647717,0.23926157759823863,0.47384631039295455,0.1525600000000002,0.12160000000000032,1.0,1.0,0.1,0.0,0.0,0.0,0.0,0.0,0.0,0.09415389311788631,0.9415389311788631,0.3294463103929542,0.3618463103929541,0.36978778623577274,0.14003913329249074,0.41632315519647717,0.23926157759823863,0.47384631039295455,0.1525600000000002,0.12160000000000032,1.0,1.0,0.1,0.0,0.0,0.0,0.0,0.0,0.0,0.09415389311788631,0.9415389311788631,0.3294463103929542,0.3618463103929541,1.0,0.6,0.6,0.6,0.6,0.0,0.6,1.0,0.6666666666666666,0.6,1.0,0.6666666666666666,0.6,1.0,0.6666666666666666,0.6,1.0,0.6666666666666666,0.6,0.0,0.6,0.6,0.6,0.6,0.6,0.0,0.0,0.0,0.0,0.6,0.6,1.0,1.0,1.0,0.6,1.0,1.0,1.0,1.0,1.0,1.0,6,0,0.0,0.0,0.0,0.6,0.0,0.0,0.0,0.0,0.0,0.0,0.0,1.0,0.0,0.0,0.0,0.0,0.0,0.6560000000017051,0.00556297854266948,0.00556297854266948,0.0,0.01,0.01,0,0,0,0,C1,0.0,0.0,0.36978778623577274,0.1,1.0,0.6,0.0,0.0,0.36978778623577274
phaseflip,mixed_pauli,0.2,4,0.03,10,qiskit_aer,1,1,0.70536,0.5288444444444445,0.05555555555555555,0.0,0.0,0.0,0.0,0.0,0.21988000000000002,0.08175124219239724,0.20320000000000005,0.1904,0.23800000000000004,0.12196000000000015,0.12160000000000032,1.0,0.4,0.1,0.0,0.0,0.0,0.0,0.0,0.4609263103929545,0.047188490122062623,0.4802463103929545,0.4228463103929545,0.48264631039295447,0.3878263103929545,0.3858463103929545,1.0,1.0,0.0,0.0,0.0,0.0,0.0,0.0,0.36978778623577274,0.14003913329249074,0.41632315519647717,0.23926157759823863,0.47384631039295455,0.1525600000000002,0.12160000000000032,1.0,1.0,0.1,0.0,0.0,0.0,0.0,0.0,0.0,0.09415389311788631,0.9415389311788631,0.3294463103929542,0.3618463103929541,0.36978778623577274,0.14003913329249074,0.41632315519647717,0.23926157759823863,0.47384631039295455,0.1525600000000002,0.12160000000000032,1.0,1.0,0.1,0.0,0.0,0.0,0.0,0.0,0.0,0.09415389311788631,0.9415389311788631,0.3294463103929542,0.3618463103929541,0.36978778623577274,0.14003913329249074,0.41632315519647717,0.23926157759823863,0.47384631039295455,0.1525600000000002,0.12160000000000032,1.0,1.0,0.1,0.0,0.0,0.0,0.0,0.0,0.0,0.09415389311788631,0.9415389311788631,0.3294463103929542,0.3618463103929541,0.36978778623577274,0.14003913329249074,0.41632315519647717,0.23926157759823863,0.47384631039295455,0.1525600000000002,0.12160000000000032,1.0,1.0,0.1,0.0,0.0,0.0,0.0,0.0,0.0,0.09415389311788631,0.9415389311788631,0.3294463103929542,0.3618463103929541,1.0,0.6,0.6,0.6,0.6,0.0,0.6,1.0,0.6666666666666666,0.6,1.0,0.6666666666666666,0.6,1.0,0.6666666666666666,0.6,1.0,0.6666666666666666,0.6,0.0,0.6,0.6,0.6,0.6,0.6,0.0,0.0,0.0,0.0,0.6,0.6,1.0,1.0,1.0,0.6,1.0,1.0,1.0,1.0,1.0,1.0,6,0,0.0,0.0,0.0,0.6,0.0,0.0,0.0,0.0,0.0,0.0,0.0,1.0,0.0,0.0,0.0,0.0,0.0,0.6711555555573032,0.0137049139522555,0.0137049139522555,0.0,0.03,0.03,0,0,0,0,C1,0.0,0.0,0.36978778623577274,0.1,1.0,0.6,0.0,0.0,0.36978778623577274
phaseflip,mixed_pauli,0.2,4,0.05,10,qiskit_aer,1,1,0.70536,0.5134,0.09999999999999999,0.0,0.0,0.0,0.0,0.0,0.21988000000000002,0.08175124219239724,0.20320000000000005,0.1904,0.23800000000000004,0.12196000000000015,0.12160000000000032,1.0,0.4,0.1,0.0,0.0,0.0,0.0,0.0,0.4609263103929545,0.047188490122062623,0.4802463103929545,0.4228463103929545,0.48264631039295447,0.3878263103929545,0.3858463103929545,1.0,1.0,0.0,0.0,0.0,0.0,0.0,0.0,0.36978778623577274,0.14003913329249074,0.41632315519647717,0.23926157759823863,0.47384631039295455,0.1525600000000002,0.12160000000000032,1.0,1.0,0.1,0.0,0.0,0.0,0.0,0.0,0.0,0.09415389311788631,0.9415389311788631,0.3294463103929542,0.3618463103929541,0.36978778623577274,0.14003913329249074,0.41632315519647717,0.23926157759823863,0.47384631039295455,0.1525600000000002,0.12160000000000032,1.0,1.0,0.1,0.0,0.0,0.0,0.0,0.0,0.0,0.09415389311788631,0.9415389311788631,0.3294463103929542,0.3618463103929541,0.36978778623577274,0.14003913329249074,0.41632315519647717,0.23926157759823863,0.47384631039295455,0.1525600000000002,0.12160000000000032,1.0,1.0,0.1,0.0,0.0,0.0,0.0,0.0,0.0,0.09415389311788631,0.9415389311788631,0.3294463103929542,0.3618463103929541,0.36978778623577274,0.14003913329249074,0.41632315519647717,0.23926157759823863,0.47384631039295455,0.1525600000000002,0.12160000000000032,1.0,1.0,0.1,0.0,0.0,0.0,0.0,0.0,0.0,0.09415389311788631,0.9415389311788631,0.3294463103929542,0.3618463103929541,1.0,0.6,0.6,0.6,0.6,0.0,0.6,1.0,0.6666666666666666,0.6,1.0,0.6666666666666666,0.6,1.0,0.6666666666666666,0.6,1.0,0.6666666666666666,0.6,0.0,0.6,0.6,0.6,0.6,0.6,0.0,0.0,0.0,0.0,0.6,0.6,1.0,1.0,1.0,0.6,1.0,1.0,1.0,1.0,1.0,1.0,6,0,0.0,0.0,0.0,0.6,0.0,0.0,0.0,0.0,0.0,0.0,0.0,1.0,0.0,0.0,0.0,0.0,0.0,0.6866000000017477,0.0137049139522555,0.0137049139522555,0.0,0.05,0.05,0,0,0,0,C1,0.0,0.0,0.36978778623577274,0.1,1.0,0.6,0.0,0.0,0.36978778623577274
phaseflip,mixed_pauli,0.2,4,0.1,10,qiskit_aer,1,1,0.70536,0.4172266666666667,0.2777777777777778,0.0,0.0,0.0,0.0,0.0,0.21988000000000002,0.08175124219239724,0.20320000000000005,0.1904,0.23800000000000004,0.12196000000000015,0.12160000000000032,1.0,0.4,0.1,0.0,0.0,0.0,0.0,0.0,0.4609263103929545,0.047188490122062623,0.4802463103929545,0.4228463103929545,0.48264631039295447,0.3878263103929545,0.3858463103929545,1.0,1.0,0.0,0.0,0.0,0.0,0.0,0.0,0.36978778623577274,0.14003913329249074,0.41632315519647717,0.23926157759823863,0.47384631039295455,0.1525600000000002,0.12160000000000032,1.0,1.0,0.1,0.0,0.0,0.0,0.0,0.0,0.0,0.09415389311788631,0.9415389311788631,0.3294463103929542,0.3618463103929541,0.36978778623577274,0.14003913329249074,0.41632315519647717,0.23926157759823863,0.47384631039295455,0.1525600000000002,0.12160000000000032,1.0,1.0,0.1,0.0,0.0,0.0,0.0,0.0,0.0,0.09415389311788631,0.9415389311788631,0.3294463103929542,0.3618463103929541,0.36978778623577274,0.14003913329249074,0.41632315519647717,0.23926157759823863,0.47384631039295455,0.1525600000000002,0.12160000000000032,1.0,1.0,0.1,0.0,0.0,0.0,0.0,0.0,0.0,0.09415389311788631,0.9415389311788631,0.3294463103929542,0.3618463103929541,0.36978778623577274,0.14003913329249074,0.41632315519647717,0.23926157759823863,0.47384631039295455,0.1525600000000002,0.12160000000000032,1.0,1.0,0.1,0.0,0.0,0.0,0.0,0.0,0.0,0.09415389311788631,0.9415389311788631,0.3294463103929542,0.3618463103929541,1.0,0.6,0.6,0.6,0.6,0.0,0.6,1.0,0.6666666666666666,0.6,1.0,0.6666666666666666,0.6,1.0,0.6666666666666666,0.6,1.0,0.6666666666666666,0.6,0.0,0.6,0.6,0.6,0.6,0.6,0.0,0.0,0.0,0.0,0.6,0.6,1.0,1.0,1.0,0.6,1.0,1.0,1.0,1.0,1.0,1.0,6,0,0.0,0.0,0.0,0.6,0.0,0.0,0.0,0.0,0.0,0.0,0.0,1.0,0.0,0.0,0.0,0.0,0.0,0.7827733333350384,0.00556297854266948,0.00556297854266948,0.0,0.1,0.1,0,0,0,0,C1,0.0,0.0,0.36978778623577274,0.1,1.0,0.6,0.0,0.0,0.36978778623577274
phaseflip,phaseflip,0.01,1,0.0,10,qiskit_aer,1,1,0.99,0.99,0.0,0.0,1.0,1.0,0.0,0.0,0.009999999999999565,0.0,0.009999999999999565,0.009999999999999565,0.009999999999999565,0.009999999999999565,0.009999999999999565,1.0,0.1,1.0,0.9,0.0,0.0,0.0,0.0,-0.020153689607045777,0.0,-0.020153689607045777,-0.020153689607045777,-0.020153689607045777,-0.020153689607045777,-0.020153689607045777,0.0,1.0,0.0,0.0,1.0,1.0,1.0,1.0,-0.020153689607045777,0.0,-0.020153689607045777,-0.020153689607045777,-0.020153689607045777,-0.020153689607045777,-0.020153689607045777,0.0,1.0,0.0,0.0,1.0,1.0,1.0,1.0,0.0,0.030153689607045342,0.3015368960704534,0.030153689607045342,0.030153689607045342,-0.017138320646341243,0.009046106882113603,-0.020153689607045777,-0.020153689607045777,-0.020153689607045777,-0.020153689607045777,-0.020153689607045777,0.1,1.0,0.1,0.0,0.9,0.9,0.9,0.9,0.0,0.027138320646340808,0.2713832064634081,0.030153689607045342,0.030153689607045342,-0.017138320646341243,0.009046106882113603,-0.020153689607045777,-0.020153689607045777,-0.020153689607045777,-0.020153689607045777,-0.020153689607045777,0.1,1.0,0.1,0.0,0.9,0.9,0.9,0.9,0.0,0.027138320646340808,0.2713832064634081,0.030153689607045342,0.030153689607045342,-0.017138320646341243,0.009046106882113603,-0.020153689607045777,-0.020153689607045777,-0.020153689607045777,-0.020153689607045777,-0.020153689607045777,0.1,1.0,0.1,0.0,0.9,0.9,0.9,0.9,0.0,0.027138320646340808,0.2713832064634081,0.030153689607045342,0.030153689607045342,1.0,1.0,0.9,0.9,0.9,0.0,1.0,0.0,1.0,0.9,1.0,1.0,0.9,1.0,1.0,0.9,1.0,1.0,0.9,0.1,0.9,0.9,0.9,0.9,0.9,0.0,0.0,0.0,0.0,0.9,0.9,1.0,1.0,1.0,0.9,1.0,1.0,1.0,1.0,1.0,1.0,9,0,0.0,0.0,0.9,0.0,0.0,0.0,0.0,0.0,0.0,0.0,0.0,1.0,0.0,0.0,0.0,0.0,0.0,0.810000032957605,2.020004448450011e-17,2.020004448450011e-17,0.0,0.0,0.0,0,0,0,0,C2,0.9,0.0,-0.017138320646341243,0.1,0.1,0.9,0.9,0.0,-0.017138320646341243
phaseflip,phaseflip,0.01,1,0.01,10,qiskit_aer,1,1,0.99,0.902,0.03333333333333333,0.0,0.3,1.0,0.0,0.0,0.009999999999999565,0.0,0.009999999999999565,0.009999999999999565,0.009999999999999565,0.009999999999999565,0.009999999999999565,1.0,0.2,1.0,0.3,0.0,0.0,0.0,0.0,-0.020153689607045777,0.0,-0.020153689607045777,-0.020153689607045777,-0.020153689607045777,-0.020153689607045777,-0.020153689607045777,0.0,1.0,0.0,0.0,1.0,0.3,0.3,1.0,-0.014122951685636709,0.012061475842818137,-0.020153689607045777,-0.020153689607045777,-0.020153689607045777,-0.020153689607045777,-0.020153689607045777,0.2,1.0,0.2,0.0,0.8,0.3,0.3,0.8,0.0,0.024122951685636274,0.24122951685636274,0.030153689607045342,0.030153689607045342,-0.014122951685636709,0.012061475842818137,-0.020153689607045777,-0.020153689607045777,-0.020153689607045777,-0.020153689607045777,-0.020153689607045777,0.2,1.0,0.2,0.0,0.8,0.3,0.3,0.8,0.0,0.024122951685636274,0.24122951685636274,0.030153689607045342,0.030153689607045342,-0.014122951685636709,0.012061475842818137,-0.020153689607045777,-0.020153689607045777,-0.020153689607045777,-0.020153689607045777,-0.020153689607045777,0.2,1.0,0.2,0.0,0.8,0.3,0.3,0.8,0.0,0.024122951685636274,0.24122951685636274,0.030153689607045342,0.030153689607045342,-0.014122951685636709,0.012061475842818137,-0.020153689607045777,-0.020153689607045777,-0.020153689607045777,-0.020153689607045777,-0.020153689607045777,0.2,1.0,0.2,0.0,0.8,0.3,0.3,0.8,0.0,0.024122951685636274,0.24122951685636274,0.030153689607045342,0.030153689607045342,1.0,0.8,0.8,0.8,0.8,0.0,0.8,0.2857142857142857,1.0,0.8,0.2857142857142857,1.0,0.8,0.2857142857142857,1.0,0.8,0.2857142857142857,1.0,0.8,0.0,0.8,0.8,0.8,0.8,0.8,0.0,0.0,0.0,0.0,0.8,0.8,1.0,1.0,1.0,0.8,1.0,1.0,1.0,1.0,1.0,1.0,8,0,0.0,0.0,0.8,0.0,0.0,0.0,0.0,0.0,0.0,0.0,0.0,1.0,0.0,0.0,0.0,0.0,0.0,0.698000032810473,1.0106371041154791e-17,1.0106371041154791e-17,0.0,0.01,0.01,0,0,0,0,C1,0.8,0.0,-0.014122951685636709,0.2,0.2,0.8,0.8,0.0,-0.014122951685636709
phaseflip,phaseflip,0.01,1,0.03,10,qiskit_aer,1,1,0.99,0.825,0.1111111111111111,0.0,0.3,1.0,0.0,0.0,0.009999999999999565,0.0,0.009999999999999565,0.009999999999999565,0.009999999999999565,0.009999999999999565,0.009999999999999565,1.0,0.3,1.0,0.3,0.0,0.0,0.0,0.0,-0.020153689607045777,0.0,-0.020153689607045777,-0.020153689607045777,-0.020153689607045777,-0.020153689607045777,-0.020153689607045777,0.0,1.0,0.0,0.0,1.0,0.3,0.3,1.0,-0.011107582724932175,0.013818156510648851,-0.020153689607045777,-0.020153689607045777,0.0024615775982382293,-0.020153689607045777,-0.020153689607045777,0.3,1.0,0.3,0.0,0.7,0.3,0.3,0.7,0.0,0.02110758272493174,0.2110758272493174,0.030153689607045342,0.030153689607045342,-0.011107582724932175,0.013818156510648851,-0.020153689607045777,-0.020153689607045777,0.0024615775982382293,-0.020153689607045777,-0.020153689607045777,0.3,1.0,0.3,0.0,0.7,0.3,0.3,0.7,0.0,0.02110758272493174,0.2110758272493174,0.030153689607045342,0.030153689607045342,-0.011107582724932175,0.013818156510648851,-0.020153689607045777,-0.020153689607045777,0.0024615775982382293,-0.020153689607045777,-0.020153689607045777,0.3,1.0,0.3,0.0,0.7,0.3,0.3,0.7,0.0,0.02110758272493174,0.2110758272493174,0.030153689607045342,0.030153689607045342,-0.011107582724932175,0.013818156510648851,-0.020153689607045777,-0.020153689607045777,0.0024615775982382293,-0.020153689607045777,-0.020153689607045777,0.3,1.0,0.3,0.0,0.7,0.3,0.3,0.7,0.0,0.02110758272493174,0.2110758272493174,0.030153689607045342,0.030153689607045342,1.0,0.7,0.7,0.7,0.7,0.0,0.7,0.42857142857142855,1.0,0.7,0.42857142857142855,1.0,0.7,0.42857142857142855,1.0,0.7,0.42857142857142855,1.0,0.7,0.0,0.7,0.7,0.7,0.7,0.7,0.0,0.0,0.0,0.0,0.7,0.7,1.0,1.0,1.0,0.7,1.0,1.0,1.0,1.0,1.0,1.0,7,0,0.0,0.0,0.7,0.0,0.0,0.0,0.0,0.0,0.0,0.0,0.0,1.0,0.0,0.0,0.0,0.0,0.0,0.5750000340713808,1.0105437523728016e-17,1.0105437523728016e-17,0.0,0.03,0.03,0,0,0,0,C1,0.7,0.0,-0.011107582724932175,0.3,0.3,0.7,0.7,0.0,-0.011107582724932175
phaseflip,phaseflip,0.01,1,0.05,10,qiskit_aer,1,1,0.99,0.803,0.15555555555555556,0.0,0.1,1.0,0.0,0.0,0.009999999999999565,0.0,0.009999999999999565,0.009999999999999565,0.009999999999999565,0.009999999999999565,0.009999999999999565,1.0,0.3,1.0,0.1,0.0,0.0,0.0,0.0,-0.020153689607045777,0.0,-0.020153689607045777,-0.020153689607045777,-0.020153689607045777,-0.020153689607045777,-0.020153689607045777,0.0,1.0,0.0,0.0,1.0,0.1,0.1,1.0,-0.011107582724932175,0.013818156510648851,-0.020153689607045777,-0.020153689607045777,0.0024615775982382293,-0.020153689607045777,-0.020153689607045777,0.3,1.0,0.3,0.0,0.7,0.1,0.1,0.7,0.0,0.02110758272493174,0.2110758272493174,0.030153689607045342,0.030153689607045342,-0.011107582724932175,0.013818156510648851,-0.020153689607045777,-0.020153689607045777,0.0024615775982382293,-0.020153689607045777,-0.020153689607045777,0.3,1.0,0.3,0.0,0.7,0.1,0.1,0.7,0.0,0.02110758272493174,0.2110758272493174,0.030153689607045342,0.030153689607045342,-0.011107582724932175,0.013818156510648851,-0.020153689607045777,-0.020153689607045777,0.0024615775982382293,-0.020153689607045777,-0.020153689607045777,0.3,1.0,0.3,0.0,0.7,0.1,0.1,0.7,0.0,0.02110758272493174,0.2110758272493174,0.030153689607045342,0.030153689607045342,-0.011107582724932175,0.013818156510648851,-0.020153689607045777,-0.020153689607045777,0.0024615775982382293,-0.020153689607045777,-0.020153689607045777,0.3,1.0,0.3,0.0,0.7,0.1,0.1,0.7,0.0,0.02110758272493174,0.2110758272493174,0.030153689607045342,0.030153689607045342,1.0,0.7,0.7,0.7,0.7,0.0,0.7,0.3333333333333333,1.0,0.7,0.3333333333333333,1.0,0.7,0.3333333333333333,1.0,0.7,0.3333333333333333,1.0,0.7,0.0,0.7,0.7,0.7,0.7,0.7,0.0,0.0,0.0,0.0,0.7,0.7,1.0,1.0,1.0,0.7,1.0,1.0,1.0,1.0,1.0,1.0,7,0,0.0,0.0,0.7,0.0,0.0,0.0,0.0,0.0,0.0,0.0,0.0,1.0,0.0,0.0,0.0,0.0,0.0,0.5970000368874602,0.0013474284426294933,0.0013474284426294933,0.0,0.05,0.05,0,0,0,0,C1,0.7,0.0,-0.011107582724932175,0.3,0.3,0.7,0.7,0.0,-0.011107582724932175
phaseflip,phaseflip,0.01,1,0.1,10,qiskit_aer,1,1,0.99,0.7040000000000001,0.25555555555555554,0.0,0.1,1.0,0.0,0.0,0.009999999999999565,0.0,0.009999999999999565,0.009999999999999565,0.009999999999999565,0.009999999999999565,0.009999999999999565,1.0,0.4,1.0,0.1,0.0,0.0,0.0,0.0,-0.020153689607045777,0.0,-0.020153689607045777,-0.020153689607045777,-0.020153689607045777,-0.020153689607045777,-0.020153689607045777,0.0,1.0,0.0,0.0,1.0,0.1,0.1,1.0,-0.00809221376422764,0.014772230679905057,-0.020153689607045777,-0.020153689607045777,0.009999999999999565,-0.020153689607045777,-0.020153689607045777,0.4,1.0,0.4,0.0,0.6,0.1,0.1,0.6,0.0,0.018092213764227205,0.18092213764227205,0.030153689607045342,0.030153689607045342,-0.00809221376422764,0.014772230679905057,-0.020153689607045777,-0.020153689607045777,0.009999999999999565,-0.020153689607045777,-0.020153689607045777,0.4,1.0,0.4,0.0,0.6,0.1,0.1,0.6,0.0,0.018092213764227205,0.18092213764227205,0.030153689607045342,0.030153689607045342,-0.00809221376422764,0.014772230679905057,-0.020153689607045777,-0.020153689607045777,0.009999999999999565,-0.020153689607045777,-0.020153689607045777,0.4,1.0,0.4,0.0,0.6,0.1,0.1,0.6,0.0,0.018092213764227205,0.18092213764227205,0.030153689607045342,0.030153689607045342,-0.00809221376422764,0.014772230679905057,-0.020153689607045777,-0.020153689607045777,0.009999999999999565,-0.020153689607045777,-0.020153689607045777,0.4,1.0,0.4,0.0,0.6,0.1,0.1,0.6,0.0,0.018092213764227205,0.18092213764227205,0.030153689607045342,0.030153689607045342,1.0,0.6,0.6,0.6,0.6,0.0,0.6,0.4444444444444444,1.0,0.6,0.4444444444444444,1.0,0.6,0.4444444444444444,1.0,0.6,0.4444444444444444,1.0,0.6,0.0,0.6,0.6,0.6,0.6,0.6,0.0,0.0,0.0,0.0,0.6,0.6,1.0,1.0,1.0,0.6,1.0,1.0,1.0,1.0,1.0,1.0,6,0,0.0,0.0,0.6,0.0,0.0,0.0,0.0,0.0,0.0,0.0,0.0,1.0,0.0,0.0,0.0,0.0,0.0,0.4960000367403284,2.0197243932219785e-17,2.0197243932219785e-17,0.0,0.1,0.1,0,0,0,0,C1,0.6,0.0,-0.00809221376422764,0.4,0.4,0.6,0.6,0.0,-0.00809221376422764
phaseflip,phaseflip,0.01,2,0.0,10,qiskit_aer,1,1,0.9801599999999999,0.9801599999999999,0.0,0.0,1.0,1.0,0.0,0.0,0.01983999999999968,4.898979485576694e-05,0.019799999999999596,0.019799999999999596,0.019899999999999807,0.019799999999999596,0.019799999999999596,1.0,0.2,1.0,0.8,0.0,0.0,0.0,0.0,-0.010313689607045661,4.898979485576694e-05,-0.010353689607045746,-0.010353689607045746,-0.010253689607045535,-0.010353689607045746,-0.010353689607045746,0.0,1.0,0.0,0.0,1.0,1.0,1.0,1.0,-0.010313689607045661,4.898979485576694e-05,-0.010353689607045746,-0.010353689607045746,-0.010253689607045535,-0.010353689607045746,-0.010353689607045746,0.0,1.0,0.0,0.0,1.0,1.0,1.0,1.0,0.0,0.030153689607045342,0.3015368960704534,0.030153689607045342,0.030153689607045342,-0.004282951685636594,0.01209153786982682,-0.010353689607045746,-0.010353689607045746,-0.010253689607045535,-0.010353689607045746,-0.010353689607045746,0.2,1.0,0.2,0.0,0.8,0.8,0.8,0.8,0.0,0.024122951685636274,0.24122951685636274,0.030153689607045342,0.030153689607045342,-0.004282951685636594,0.01209153786982682,-0.010353689607045746,-0.010353689607045746,-0.010253689607045535,-0.010353689607045746,-0.010353689607045746,0.2,1.0,0.2,0.0,0.8,0.8,0.8,0.8,0.0,0.024122951685636274,0.24122951685636274,0.030153689607045342,0.030153689607045342,-0.004282951685636594,0.01209153786982682,-0.010353689607045746,-0.010353689607045746,-0.010253689607045535,-0.010353689607045746,-0.010353689607045746,0.2,1.0,0.2,0.0,0.8,0.8,0.8,0.8,0.0,0.024122951685636274,0.24122951685636274,0.030153689607045342,0.030153689607045342,1.0,1.0,0.8,0.8,0.8,0.0,1.0,0.0,1.0,0.8,1.0,1.0,0.8,1.0,1.0,0.8,1.0,1.0,0.8,0.2,0.8,0.8,0.8,0.8,0.8,0.0,0.0,0.0,0.0,0.8,0.8,1.0,1.0,1.0,0.8,1.0,1.0,1.0,1.0,1.0,1.0,8,0,0.0,0.0,0.8,0.0,0.0,0.0,0.0,0.0,0.0,0.0,0.0,1.0,0.0,0.0,0.0,0.0,0.0,0.6198400174481717,0.054515483420440485,0.054515483420440485,0.0,0.0,0.0,0,0,0,0,C2,0.8,0.0,-0.004282951685636594,0.2,0.2,0.8,0.8,0.0,-0.004282951685636594
phaseflip,phaseflip,0.01,2,0.01,10,qiskit_aer,1,1,0.9801599999999999,0.8712533333333333,0.03333333333333333,0.0,0.3,1.0,0.0,0.0,0.01983999999999968,4.898979485576694e-05,0.019799999999999596,0.019799999999999596,0.019899999999999807,0.019799999999999596,0.019799999999999596,1.0,0.2,1.0,0.2,0.0,0.0,0.0,0.0,-0.010313689607045661,4.898979485576694e-05,-0.010353689607045746,-0.010353689607045746,-0.010253689607045535,-0.010353689607045746,-0.010353689607045746,0.0,1.0,0.0,0.0,1.0,0.3,0.3,1.0,-0.007298320646341128,0.009066217182370407,-0.010353689607045746,-0.010353689607045746,-0.010253689607045535,-0.010353689607045746,-0.010353689607045746,0.1,1.0,0.1,0.0,0.9,0.3,0.3,0.9,0.0,0.027138320646340808,0.2713832064634081,0.030153689607045342,0.030153689607045342,-0.004282951685636594,0.01209153786982682,-0.010353689607045746,-0.010353689607045746,-0.010253689607045535,-0.010353689607045746,-0.010353689607045746,0.2,1.0,0.2,0.0,0.8,0.2,0.2,0.8,0.0,0.024122951685636274,0.24122951685636274,0.030153689607045342,0.030153689607045342,-0.004282951685636594,0.01209153786982682,-0.010353689607045746,-0.010353689607045746,-0.010253689607045535,-0.010353689607045746,-0.010353689607045746,0.2,1.0,0.2,0.0,0.8,0.2,0.2,0.8,0.0,0.024122951685636274,0.24122951685636274,0.030153689607045342,0.030153689607045342,-0.004282951685636594,0.01209153786982682,-0.010353689607045746,-0.010353689607045746,-0.010253689607045535,-0.010353689607045746,-0.010353689607045746,0.2,1.0,0.2,0.0,0.8,0.2,0.2,0.8,0.0,0.024122951685636274,0.24122951685636274,0.030153689607045342,0.030153689607045342,1.0,0.9,0.8,0.8,0.8,0.0,0.9,0.125,1.0,0.8,0.25,1.0,0.8,0.25,1.0,0.8,0.25,1.0,0.8,0.1,0.8,0.8,0.8,0.8,0.8,0.0,0.0,0.0,0.0,0.8,0.8,1.0,1.0,1.0,0.8,1.0,1.0,1.0,1.0,1.0,1.0,8,0,0.0,0.0,0.8,0.0,0.0,0.0,0.0,0.0,0.0,0.0,0.0,1.0,0.0,0.0,0.0,0.0,0.0,0.7287466856005097,0.06525337587287733,0.06525337587287733,0.0,0.01,0.01,0,0,0,0,C2,0.8,0.0,-0.004282951685636594,0.2,0.2,0.8,0.8,0.0,-0.004282951685636594
phaseflip,phaseflip,0.01,2,0.03,10,qiskit_aer,1,1,0.9801599999999999,0.7950188888888889,0.1111111111111111,0.0,0.3,1.0,0.0,0.0,0.01983999999999968,4.898979485576694e-05,0.019799999999999596,0.019799999999999596,0.019899999999999807,0.019799999999999596,0.019799999999999596,1.0,0.2,1.0,0.2,0.0,0.0,0.0,0.0,-0.010313689607045661,4.898979485576694e-05,-0.010353689607045746,-0.010353689607045746,-0.010253689607045535,-0.010353689607045746,-0.010353689607045746,0.0,1.0,0.0,0.0,1.0,0.3,0.3,1.0,-0.007298320646341128,0.009066217182370407,-0.010353689607045746,-0.010353689607045746,-0.010253689607045535,-0.010353689607045746,-0.010353689607045746,0.1,1.0,0.1,0.0,0.9,0.3,0.3,0.9,0.0,0.027138320646340808,0.2713832064634081,0.030153689607045342,0.030153689607045342,-0.004282951685636594,0.01209153786982682,-0.010353689607045746,-0.010353689607045746,-0.010253689607045535,-0.010353689607045746,-0.010353689607045746,0.2,1.0,0.2,0.0,0.8,0.2,0.2,0.8,0.0,0.024122951685636274,0.24122951685636274,0.030153689607045342,0.030153689607045342,-0.004282951685636594,0.01209153786982682,-0.010353689607045746,-0.010353689607045746,-0.010253689607045535,-0.010353689607045746,-0.010353689607045746,0.2,1.0,0.2,0.0,0.8,0.2,0.2,0.8,0.0,0.024122951685636274,0.24122951685636274,0.030153689607045342,0.030153689607045342,-0.004282951685636594,0.01209153786982682,-0.010353689607045746,-0.010353689607045746,-0.010253689607045535,-0.010353689607045746,-0.010353689607045746,0.2,1.0,0.2,0.0,0.8,0.2,0.2,0.8,0.0,0.024122951685636274,0.24122951685636274,0.030153689607045342,0.030153689607045342,1.0,0.9,0.8,0.8,0.8,0.0,0.9,0.125,1.0,0.8,0.25,1.0,0.8,0.25,1.0,0.8,0.25,1.0,0.8,0.1,0.8,0.8,0.8,0.8,0.8,0.0,0.0,0.0,0.0,0.8,0.8,1.0,1.0,1.0,0.8,1.0,1.0,1.0,1.0,1.0,1.0,8,0,0.0,0.0,0.8,0.0,0.0,0.0,0.0,0.0,0.0,0.0,0.0,1.0,0.0,0.0,0.0,0.0,0.0,0.8049811294618769,0.055862911863069964,0.055862911863069964,0.0,0.03,0.03,0,0,0,0,C2,0.8,0.0,-0.004282951685636594,0.2,0.2,0.8,0.8,0.0,-0.004282951685636594
phaseflip,phaseflip,0.01,2,0.05,10,qiskit_aer,1,1,0.9801599999999999,0.7732366666666667,0.15555555555555556,0.0,0.1,1.0,0.0,0.0,0.01983999999999968,4.898979485576694e-05,0.019799999999999596,0.019799999999999596,0.019899999999999807,0.019799999999999596,0.019799999999999596,1.0,0.2,1.0,0.0,0.0,0.0,0.0,0.0,-0.010313689607045661,4.898979485576694e-05,-0.010353689607045746,-0.010353689607045746,-0.010253689607045535,-0.010353689607045746,-0.010353689607045746,0.0,1.0,0.0,0.0,1.0,0.1,0.1,1.0,-0.007298320646341128,0.009066217182370407,-0.010353689607045746,-0.010353689607045746,-0.010253689607045535,-0.010353689607045746,-0.010353689607045746,0.1,1.0,0.1,0.0,0.9,0.1,0.1,0.9,0.0,0.027138320646340808,0.2713832064634081,0.030153689607045342,0.030153689607045342,-0.004282951685636594,0.01209153786982682,-0.010353689607045746,-0.010353689607045746,-0.010253689607045535,-0.010353689607045746,-0.010353689607045746,0.2,1.0,0.2,0.0,0.8,0.0,0.0,0.8,0.0,0.024122951685636274,0.24122951685636274,0.030153689607045342,0.030153689607045342,-0.004282951685636594,0.01209153786982682,-0.010353689607045746,-0.010353689607045746,-0.010253689607045535,-0.010353689607045746,-0.010353689607045746,0.2,1.0,0.2,0.0,0.8,0.0,0.0,0.8,0.0,0.024122951685636274,0.24122951685636274,0.030153689607045342,0.030153689607045342,-0.004282951685636594,0.01209153786982682,-0.010353689607045746,-0.010353689607045746,-0.010253689607045535,-0.010353689607045746,-0.010353689607045746,0.2,1.0,0.2,0.0,0.8,0.0,0.0,0.8,0.0,0.024122951685636274,0.24122951685636274,0.030153689607045342,0.030153689607045342,1.0,0.9,0.8,0.8,0.8,0.0,0.9,0.1,0.0,0.8,0.2,0.0,0.8,0.2,0.0,0.8,0.2,0.0,0.8,0.1,0.8,0.8,0.8,0.8,0.8,0.0,0.0,0.0,0.0,0.8,0.8,1.0,1.0,1.0,0.8,1.0,1.0,1.0,1.0,1.0,1.0,8,0,0.0,0.0,0.8,0.0,0.0,0.0,0.0,0.0,0.0,0.0,0.0,1.0,0.0,0.0,0.0,0.0,0.0,0.8267633534168457,0.06525337587287733,0.06525337587287733,0.0,0.05,0.05,0,0,0,0,C2,0.8,0.0,-0.004282951685636594,0.2,0.2,0.8,0.8,0.0,-0.004282951685636594
phaseflip,phaseflip,0.01,2,0.1,10,qiskit_aer,1,1,0.9801599999999999,0.6752222222222223,0.25555555555555554,0.0,0.1,1.0,0.0,0.0,0.01983999999999968,4.898979485576694e-05,0.019799999999999596,0.019799999999999596,0.019899999999999807,0.019799999999999596,0.019799999999999596,1.0,0.4,1.0,0.0,0.0,0.0,0.0,0.0,-0.010313689607045661,4.898979485576694e-05,-0.010353689607045746,-0.010353689607045746,-0.010253689607045535,-0.010353689607045746,-0.010353689607045746,0.0,1.0,0.0,0.0,1.0,0.1,0.1,1.0,-0.0012675827249320592,0.013835689660674706,-0.01030368960704564,-0.010353689607045746,0.012286577598238313,-0.010353689607045746,-0.010353689607045746,0.3,1.0,0.3,0.0,0.7,0.1,0.1,0.7,0.0,0.02110758272493174,0.2110758272493174,0.030153689607045342,0.030153689607045342,0.001747786235772475,0.014800861548211553,-0.01030368960704564,-0.010353689607045746,0.019874999999999754,-0.010353689607045746,-0.010353689607045746,0.4,1.0,0.4,0.0,0.6,0.0,0.0,0.6,0.0,0.018092213764227205,0.18092213764227205,0.030153689607045342,0.030153689607045342,0.001747786235772475,0.014800861548211553,-0.01030368960704564,-0.010353689607045746,0.019874999999999754,-0.010353689607045746,-0.010353689607045746,0.4,1.0,0.4,0.0,0.6,0.0,0.0,0.6,0.0,0.018092213764227205,0.18092213764227205,0.030153689607045342,0.030153689607045342,0.001747786235772475,0.014800861548211553,-0.01030368960704564,-0.010353689607045746,0.019874999999999754,-0.010353689607045746,-0.010353689607045746,0.4,1.0,0.4,0.0,0.6,0.0,0.0,0.6,0.0,0.018092213764227205,0.18092213764227205,0.030153689607045342,0.030153689607045342,1.0,0.7,0.6,0.6,0.6,0.0,0.7,0.3,0.0,0.6,0.4,0.0,0.6,0.4,0.0,0.6,0.4,0.0,0.6,0.1,0.6,0.6,0.6,0.6,0.6,0.0,0.0,0.0,0.0,0.6,0.6,1.0,1.0,1.0,0.6,1.0,1.0,1.0,1.0,1.0,1.0,6,0,0.0,0.0,0.6,0.0,0.0,0.0,0.0,0.0,0.0,0.0,0.0,1.0,0.0,0.0,0.0,0.0,0.0,0.5247777955651226,0.07133988278462447,0.07133988278462447,0.0,0.1,0.1,0,0,0,0,C2,0.6,0.0,0.001747786235772475,0.4,0.4,0.6,0.6,0.0,0.001747786235772475
phaseflip,phaseflip,0.01,3,0.0,10,qiskit_aer,1,1,0.970428,0.970428,0.0,0.0,1.0,1.0,0.0,0.0,0.02957199999999973,0.0001172279830074261,0.029601999999999795,0.02945349999999977,0.02967549999999966,0.029403999999999764,0.029403999999999764,1.0,0.3,1.0,0.7,0.0,0.0,0.0,0.0,-0.0005816896070456101,0.0001172279830074261,-0.0005516896070455468,-0.0007001896070455704,-0.0004781896070456815,-0.0007496896070455783,-0.0007496896070455783,0.0,1.0,0.0,0.0,0.0,1.0,1.0,1.0,-0.0005816896070456101,0.0001172279830074261,-0.0005516896070455468,-0.0007001896070455704,-0.0004781896070456815,-0.0007496896070455783,-0.0007496896070455783,0.0,1.0,0.0,0.0,0.0,1.0,1.0,1.0,0.0,0.030153689607045342,0.3015368960704534,0.030153689607045342,0.030153689607045342,0.008464417275067993,0.01377319128833742,-0.0005026896070456366,-0.0005516896070455468,0.02193957759823839,-0.0006605896070455642,-0.0007496896070455783,0.3,1.0,0.3,0.0,0.0,0.7,0.7,0.7,0.0,0.02110758272493174,0.2110758272493174,0.030153689607045342,0.030153689607045342,0.008464417275067993,0.01377319128833742,-0.0005026896070456366,-0.0005516896070455468,0.02193957759823839,-0.0006605896070455642,-0.0007496896070455783,0.3,1.0,0.3,0.0,0.0,0.7,0.7,0.7,0.0,0.02110758272493174,0.2110758272493174,0.030153689607045342,0.030153689607045342,0.008464417275067993,0.01377319128833742,-0.0005026896070456366,-0.0005516896070455468,0.02193957759823839,-0.0006605896070455642,-0.0007496896070455783,0.3,1.0,0.3,0.0,0.0,0.7,0.7,0.7,0.0,0.02110758272493174,0.2110758272493174,0.030153689607045342,0.030153689607045342,1.0,1.0,0.7,0.7,0.7,0.0,1.0,0.0,1.0,0.7,1.0,1.0,0.7,1.0,1.0,0.7,1.0,1.0,0.7,0.3,0.7,0.7,0.7,0.7,0.7,0.0,0.0,0.0,0.0,0.7,0.7,1.0,1.0,1.0,0.7,1.0,1.0,1.0,1.0,1.0,1.0,7,0,0.0,0.0,0.7,0.0,0.0,0.0,0.0,0.0,0.0,0.0,0.0,1.0,0.0,0.0,0.0,0.0,0.0,0.4295720050451967,1.1465002645063365e-20,1.1465002645063365e-20,0.0,0.0,0.0,0,0,0,0,C2,0.0,0.0,0.008464417275067993,0.3,0.3,0.7,0.0,0.0,0.008464417275067993
phaseflip,phaseflip,0.01,3,0.01,10,qiskit_aer,1,1,0.970428,0.9273013777777779,0.02222222222222222,0.0,0.6,1.0,0.0,0.0,0.02957199999999973,0.0001172279830074261,0.029601999999999795,0.02945349999999977,0.02967549999999966,0.029403999999999764,0.029403999999999764,1.0,0.4,1.0,0.4,0.0,0.0,0.0,0.0,-0.0005816896070456101,0.0001172279830074261,-0.0005516896070455468,-0.0007001896070455704,-0.0004781896070456815,-0.0007496896070455783,-0.0007496896070455783,0.0,1.0,0.0,0.0,0.0,0.6,0.6,1.0,0.005449048314363459,0.012101479186383282,-0.0005516896070455468,-0.0007001896070455704,-0.00045368960704572636,-0.0007496896070455783,-0.0007496896070455783,0.2,1.0,0.2,0.0,0.0,0.6,0.6,0.8,0.0,0.024122951685636274,0.24122951685636274,0.030153689607045342,0.030153689607045342,0.011479786235772527,0.014736318071700186,-0.00045368960704572636,-0.0005516896070455468,0.029403999999999764,-0.0006605896070455642,-0.0007496896070455783,0.4,1.0,0.4,0.0,0.0,0.4,0.4,0.6,0.0,0.018092213764227205,0.18092213764227205,0.030153689607045342,0.030153689607045342,0.011479786235772527,0.014736318071700186,-0.00045368960704572636,-0.0005516896070455468,0.029403999999999764,-0.0006605896070455642,-0.0007496896070455783,0.4,1.0,0.4,0.0,0.0,0.4,0.4,0.6,0.0,0.018092213764227205,0.18092213764227205,0.030153689607045342,0.030153689607045342,0.011479786235772527,0.014736318071700186,-0.00045368960704572636,-0.0005516896070455468,0.029403999999999764,-0.0006605896070455642,-0.0007496896070455783,0.4,1.0,0.4,0.0,0.0,0.4,0.4,0.6,0.0,0.018092213764227205,0.18092213764227205,0.030153689607045342,0.030153689607045342,1.0,0.8,0.6,0.6,0.6,0.0,0.8,0.3333333333333333,1.0,0.6,0.6666666666666666,1.0,0.6,0.6666666666666666,1.0,0.6,0.6666666666666666,1.0,0.6,0.2,0.6,0.6,0.6,0.6,0.6,0.0,0.0,0.0,0.0,0.6,0.6,1.0,1.0,1.0,0.6,1.0,1.0,1.0,1.0,1.0,1.0,6,0,0.0,0.0,0.6,0.0,0.0,0.0,0.0,0.0,0.0,0.0,0.0,1.0,0.0,0.0,0.0,0.0,0.0,0.27269862762319264,8.066294889471698e-21,8.066294889471698e-21,0.0,0.01,0.01,0,0,0,0,C2,0.0,0.0,0.011479786235772527,0.4,0.4,0.6,0.0,0.0,0.011479786235772527
phaseflip,phaseflip,0.01,3,0.03,10,qiskit_aer,1,1,0.970428,0.9057358666666667,0.04444444444444444,0.0,0.5,1.0,0.0,0.0,0.02957199999999973,0.0001172279830074261,0.029601999999999795,0.02945349999999977,0.02967549999999966,0.029403999999999764,0.029403999999999764,1.0,0.5,1.0,0.2,0.0,0.0,0.0,0.0,-0.0005816896070456101,0.0001172279830074261,-0.0005516896070455468,-0.0007001896070455704,-0.0004781896070456815,-0.0007496896070455783,-0.0007496896070455783,0.0,1.0,0.0,0.0,0.0,0.5,0.5,1.0,0.005449048314363459,0.012101479186383282,-0.0005516896070455468,-0.0007001896070455704,-0.00045368960704572636,-0.0007496896070455783,-0.0007496896070455783,0.2,1.0,0.2,0.0,0.0,0.5,0.5,0.8,0.0,0.024122951685636274,0.24122951685636274,0.030153689607045342,0.030153689607045342,0.014495155196477061,0.01506729752588159,0.014475155196477019,-0.0005516896070455468,0.029552499999999787,-0.0006605896070455642,-0.0007496896070455783,0.5,1.0,0.5,0.0,0.0,0.2,0.2,0.5,0.0,0.015076844803522671,0.1507684480352267,0.030153689607045342,0.030153689607045342,0.014495155196477061,0.01506729752588159,0.014475155196477019,-0.0005516896070455468,0.029552499999999787,-0.0006605896070455642,-0.0007496896070455783,0.5,1.0,0.5,0.0,0.0,0.2,0.2,0.5,0.0,0.015076844803522671,0.1507684480352267,0.030153689607045342,0.030153689607045342,0.014495155196477061,0.01506729752588159,0.014475155196477019,-0.0005516896070455468,0.029552499999999787,-0.0006605896070455642,-0.0007496896070455783,0.5,1.0,0.5,0.0,0.0,0.2,0.2,0.5,0.0,0.015076844803522671,0.1507684480352267,0.030153689607045342,0.030153689607045342,1.0,0.8,0.5,0.5,0.5,0.0,0.8,0.25,1.0,0.5,0.625,1.0,0.5,0.625,1.0,0.5,0.625,1.0,0.5,0.3,0.5,0.5,0.5,0.5,0.5,0.0,0.0,0.0,0.0,0.5,0.5,1.0,1.0,1.0,0.5,1.0,1.0,1.0,1.0,1.0,1.0,5,0,0.0,0.0,0.5,0.0,0.0,0.0,0.0,0.0,0.0,0.0,0.0,1.0,0.0,0.0,0.0,0.0,0.0,0.09426413910214845,7.132777462695692e-21,7.132777462695692e-21,0.0,0.03,0.03,0,0,0,0,C2,0.0,0.0,0.014495155196477061,0.5,0.5,0.5,0.0,0.0,0.014495155196477061
phaseflip,phaseflip,0.01,3,0.05,10,qiskit_aer,1,1,0.970428,0.8733903555555556,0.07777777777777778,0.0,0.4,1.0,0.0,0.0,0.02957199999999973,0.0001172279830074261,0.029601999999999795,0.02945349999999977,0.02967549999999966,0.029403999999999764,0.029403999999999764,1.0,0.2,1.0,0.2,0.0,0.0,0.0,0.0,-0.0005816896070456101,0.0001172279830074261,-0.0005516896070455468,-0.0007001896070455704,-0.0004781896070456815,-0.0007496896070455783,-0.0007496896070455783,0.0,1.0,0.0,0.0,0.0,0.4,0.4,1.0,-0.0005816896070456101,0.0001172279830074261,-0.0005516896070455468,-0.0007001896070455704,-0.0004781896070456815,-0.0007496896070455783,-0.0007496896070455783,0.0,1.0,0.0,0.0,0.0,0.4,0.4,1.0,0.0,0.030153689607045342,0.3015368960704534,0.030153689607045342,0.030153689607045342,0.005449048314363459,0.01205204183489373,-0.0005516896070455468,-0.0005516896070455468,-0.00045368960704572636,-0.0007496896070455783,-0.0007496896070455783,0.2,1.0,0.2,0.0,0.0,0.2,0.2,0.8,0.0,0.024122951685636274,0.24122951685636274,0.030153689607045342,0.030153689607045342,0.005449048314363459,0.01205204183489373,-0.0005516896070455468,-0.0005516896070455468,-0.00045368960704572636,-0.0007496896070455783,-0.0007496896070455783,0.2,1.0,0.2,0.0,0.0,0.2,0.2,0.8,0.0,0.024122951685636274,0.24122951685636274,0.030153689607045342,0.030153689607045342,0.005449048314363459,0.01205204183489373,-0.0005516896070455468,-0.0005516896070455468,-0.00045368960704572636,-0.0007496896070455783,-0.0007496896070455783,0.2,1.0,0.2,0.0,0.0,0.2,0.2,0.8,0.0,0.024122951685636274,0.24122951685636274,0.030153689607045342,0.030153689607045342,1.0,1.0,0.8,0.8,0.8,0.0,1.0,0.0,1.0,0.8,0.25,1.0,0.8,0.25,1.0,0.8,0.25,1.0,0.8,0.2,0.8,0.8,0.8,0.8,0.8,0.0,0.0,0.0,0.0,0.8,0.8,1.0,1.0,1.0,0.8,1.0,1.0,1.0,1.0,1.0,1.0,8,0,0.0,0.0,0.8,0.0,0.0,0.0,0.0,0.0,0.0,0.0,0.0,1.0,0.0,0.0,0.0,0.0,0.0,0.7266096499770122,0.016208635152040473,0.016208635152040473,0.0,0.05,0.05,0,0,0,0,C2,0.0,0.0,0.005449048314363459,0.2,0.2,0.8,0.0,0.0,0.005449048314363459
phaseflip,phaseflip,0.01,3,0.1,10,qiskit_aer,1,1,0.970428,0.7547817333333333,0.19999999999999998,0.0,0.0,1.0,0.0,0.0,0.02957199999999973,0.0001172279830074261,0.029601999999999795,0.02945349999999977,0.02967549999999966,0.029403999999999764,0.029403999999999764,1.0,0.6,1.0,0.0,0.0,0.0,0.0,0.0,-0.0005816896070456101,0.0001172279830074261,-0.0005516896070455468,-0.0007001896070455704,-0.0004781896070456815,-0.0007496896070455783,-0.0007496896070455783,0.0,1.0,0.0,0.0,0.0,0.0,0.0,1.0,0.017510524157181594,0.01472813093347084,0.029403999999999764,-0.0005271896070455917,0.029552499999999787,-0.0005516896070455468,-0.0005516896070455468,0.6,1.0,0.6,0.0,0.0,0.0,0.0,0.4,0.0,0.012061475842818137,0.12061475842818137,0.030153689607045342,0.030153689607045342,0.017510524157181594,0.01472813093347084,0.029403999999999764,-0.0005271896070455917,0.029552499999999787,-0.0005516896070455468,-0.0005516896070455468,0.6,1.0,0.6,0.0,0.0,0.0,0.0,0.4,0.0,0.012061475842818137,0.12061475842818137,0.030153689607045342,0.030153689607045342,0.017510524157181594,0.01472813093347084,0.029403999999999764,-0.0005271896070455917,0.029552499999999787,-0.0005516896070455468,-0.0005516896070455468,0.6,1.0,0.6,0.0,0.0,0.0,0.0,0.4,0.0,0.012061475842818137,0.12061475842818137,0.030153689607045342,0.030153689607045342,0.017510524157181594,0.01472813093347084,0.029403999999999764,-0.0005271896070455917,0.029552499999999787,-0.0005516896070455468,-0.0005516896070455468,0.6,1.0,0.6,0.0,0.0,0.0,0.0,0.4,0.0,0.012061475842818137,0.12061475842818137,0.030153689607045342,0.030153689607045342,1.0,0.4,0.4,0.4,0.4,0.0,0.4,0.6,0.0,0.4,0.6,0.0,0.4,0.6,0.0,0.4,0.6,0.0,0.4,0.0,0.4,0.4,0.4,0.4,0.4,0.0,0.0,0.0,0.0,0.4,0.4,1.0,1.0,1.0,0.4,1.0,1.0,1.0,1.0,1.0,1.0,4,0,0.0,0.0,0.4,0.0,0.0,0.0,0.0,0.0,0.0,0.0,0.0,1.0,0.0,0.0,0.0,0.0,0.0,0.04521827239786848,7.431855200327517e-21,7.431855200327517e-21,0.0,0.1,0.1,0,0,0,0,C1,0.0,0.0,0.017510524157181594,0.6,0.6,0.4,0.0,0.0,0.017510524157181594
phaseflip,phaseflip,0.01,4,0.0,10,qiskit_aer,1,1,0.9608420280000001,0.9608420280000001,0.0,0.0,1.0,1.0,0.0,0.0,0.039157971999999784,0.00018647496608392434,0.0392559799999998,0.03910995999999978,0.039303999999999784,0.03881591999999978,0.03881591999999978,1.0,0.7,1.0,0.3,0.0,0.0,0.0,0.0,0.009004282392954444,0.00018647496608392437,0.00910229039295446,0.008956270392954435,0.009150310392954442,0.00866223039295444,0.00866223039295444,1.0,1.0,0.0,0.0,0.0,1.0,1.0,1.0,0.009004282392954444,0.00018647496608392437,0.00910229039295446,0.008956270392954435,0.009150310392954442,0.00866223039295444,0.00866223039295444,1.0,1.0,0.0,0.0,0.0,1.0,1.0,1.0,0.0,0.030153689607045342,0.3015368960704534,0.030153689607045342,0.030153689607045342,0.03011186511788618,0.013723492721395695,0.03896293999999978,0.016566712794715777,0.03918345999999981,0.009150310392954442,0.009150310392954442,1.0,1.0,0.7,0.0,0.0,0.3,0.3,0.3,0.0,0.009046106882113603,0.09046106882113603,0.030153689607045342,0.030153689607045342,0.03011186511788618,0.013723492721395695,0.03896293999999978,0.016566712794715777,0.03918345999999981,0.009150310392954442,0.009150310392954442,1.0,1.0,0.7,0.0,0.0,0.3,0.3,0.3,0.0,0.009046106882113603,0.09046106882113603,0.030153689607045342,0.030153689607045342,0.03011186511788618,0.013723492721395695,0.03896293999999978,0.016566712794715777,0.03918345999999981,0.009150310392954442,0.009150310392954442,1.0,1.0,0.7,0.0,0.0,0.3,0.3,0.3,0.0,0.009046106882113603,0.09046106882113603,0.030153689607045342,0.030153689607045342,1.0,1.0,0.3,0.3,0.3,0.0,1.0,0.0,1.0,0.3,1.0,1.0,0.3,1.0,1.0,0.3,1.0,1.0,0.3,0.7,0.3,0.3,0.3,0.3,0.3,0.0,0.0,0.0,0.0,0.3,0.3,1.0,1.0,1.0,0.3,1.0,1.0,1.0,1.0,1.0,1.0,3,0,0.0,0.0,0.3,0.0,0.0,0.0,0.0,0.0,0.0,0.0,0.0,1.0,0.0,0.0,0.0,0.0,0.0,-0.36084202488866224,6.498337773551511e-21,6.498337773551511e-21,0.0,0.0,0.0,0,0,0,0,C2,0.0,0.0,0.03011186511788618,0.7,1.0,0.3,0.0,0.0,0.03011186511788618
phaseflip,phaseflip,0.01,4,0.01,10,qiskit_aer,1,1,0.9608420280000001,0.907466804888889,0.02222222222222222,0.0,0.5,1.0,0.0,0.0,0.039157971999999784,0.00018647496608392434,0.0392559799999998,0.03910995999999978,0.039303999999999784,0.03881591999999978,0.03881591999999978,1.0,0.6,1.0,0.2,0.0,0.0,0.0,0.0,0.009004282392954444,0.00018647496608392437,0.00910229039295446,0.008956270392954435,0.009150310392954442,0.00866223039295444,0.00866223039295444,1.0,1.0,0.0,0.0,0.0,0.5,0.5,1.0,0.018050389275068045,0.013851671220509227,0.009150310392954442,0.009004780392954437,0.03162004759823844,0.00866223039295444,0.00866223039295444,1.0,1.0,0.3,0.0,0.0,0.5,0.5,0.7,0.0,0.02110758272493174,0.2110758272493174,0.030153689607045342,0.030153689607045342,0.027096496157181647,0.014693575132377566,0.03881591999999978,0.009150310392954442,0.03918345999999981,0.009043588392954438,0.008956270392954435,1.0,1.0,0.6,0.0,0.0,0.2,0.2,0.4,0.0,0.012061475842818137,0.12061475842818137,0.030153689607045342,0.030153689607045342,0.027096496157181647,0.014693575132377566,0.03881591999999978,0.009150310392954442,0.03918345999999981,0.009043588392954438,0.008956270392954435,1.0,1.0,0.6,0.0,0.0,0.2,0.2,0.4,0.0,0.012061475842818137,0.12061475842818137,0.030153689607045342,0.030153689607045342,0.027096496157181647,0.014693575132377566,0.03881591999999978,0.009150310392954442,0.03918345999999981,0.009043588392954438,0.008956270392954435,1.0,1.0,0.6,0.0,0.0,0.2,0.2,0.4,0.0,0.012061475842818137,0.12061475842818137,0.030153689607045342,0.030153689607045342,1.0,0.7,0.4,0.4,0.4,0.0,0.7,0.375,1.0,0.4,0.75,1.0,0.4,0.75,1.0,0.4,0.75,1.0,0.4,0.3,0.4,0.4,0.4,0.4,0.4,0.0,0.0,0.0,0.0,0.4,0.4,1.0,1.0,1.0,0.4,1.0,1.0,1.0,1.0,1.0,1.0,4,0,0.0,0.0,0.4,0.0,0.0,0.0,0.0,0.0,0.0,0.0,0.0,1.0,0.0,0.0,0.0,0.0,0.0,-0.10746680187735991,7.431855200327517e-21,7.431855200327517e-21,0.0,0.01,0.01,0,0,0,0,C2,0.0,0.0,0.027096496157181647,0.6,1.0,0.4,0.0,0.0,0.027096496157181647
phaseflip,phaseflip,0.01,4,0.03,10,qiskit_aer,1,1,0.9608420280000001,0.8861125817777779,0.04444444444444444,0.0,0.4,1.0,0.0,0.0,0.039157971999999784,0.00018647496608392434,0.0392559799999998,0.03910995999999978,0.039303999999999784,0.03881591999999978,0.03881591999999978,1.0,0.5,1.0,0.2,0.0,0.0,0.0,0.0,0.009004282392954444,0.00018647496608392437,0.00910229039295446,0.008956270392954435,0.009150310392954442,0.00866223039295444,0.00866223039295444,1.0,1.0,0.0,0.0,0.0,0.4,0.4,1.0,0.018050389275068045,0.013766063529795805,0.009150310392954442,0.009078280392954469,0.03139951759823845,0.008794548392954437,0.00866223039295444,1.0,1.0,0.3,0.0,0.0,0.4,0.4,0.7,0.0,0.02110758272493174,0.2110758272493174,0.030153689607045342,0.030153689607045342,0.024081127196477113,0.014989734340967793,0.02398311519647711,0.009150310392954442,0.03903644999999978,0.009000370392954454,0.008956270392954435,1.0,1.0,0.5,0.0,0.0,0.2,0.2,0.5,0.0,0.015076844803522671,0.1507684480352267,0.030153689607045342,0.030153689607045342,0.024081127196477113,0.014989734340967793,0.02398311519647711,0.009150310392954442,0.03903644999999978,0.009000370392954454,0.008956270392954435,1.0,1.0,0.5,0.0,0.0,0.2,0.2,0.5,0.0,0.015076844803522671,0.1507684480352267,0.030153689607045342,0.030153689607045342,0.024081127196477113,0.014989734340967793,0.02398311519647711,0.009150310392954442,0.03903644999999978,0.009000370392954454,0.008956270392954435,1.0,1.0,0.5,0.0,0.0,0.2,0.2,0.5,0.0,0.015076844803522671,0.1507684480352267,0.030153689607045342,0.030153689607045342,1.0,0.7,0.5,0.5,0.5,0.0,0.7,0.375,1.0,0.5,0.625,1.0,0.5,0.625,1.0,0.5,0.625,1.0,0.5,0.2,0.5,0.5,0.5,0.5,0.5,0.0,0.0,0.0,0.0,0.5,0.5,1.0,1.0,1.0,0.5,1.0,1.0,1.0,1.0,1.0,1.0,5,0,0.0,0.0,0.5,0.0,0.0,0.0,0.0,0.0,0.0,0.0,0.0,1.0,0.0,0.0,0.0,0.0,0.0,0.1138874212792508,0.004647966849674839,0.004647966849674839,0.0,0.03,0.03,0,0,0,0,C2,0.0,0.0,0.024081127196477113,0.5,1.0,0.5,0.0,0.0,0.024081127196477113
phaseflip,phaseflip,0.01,4,0.05,10,qiskit_aer,1,1,0.9608420280000001,0.8540893817777778,0.07777777777777778,0.0,0.3,1.0,0.0,0.0,0.039157971999999784,0.00018647496608392434,0.0392559799999998,0.03910995999999978,0.039303999999999784,0.03881591999999978,0.03881591999999978,1.0,0.7,1.0,0.1,0.0,0.0,0.0,0.0,0.009004282392954444,0.00018647496608392437,0.00910229039295446,0.008956270392954435,0.009150310392954442,0.00866223039295444,0.00866223039295444,1.0,1.0,0.0,0.0,0.0,0.3,0.3,1.0,0.024081127196477113,0.015068391623112886,0.02398311519647711,0.009150310392954442,0.03918345999999981,0.008794548392954437,0.00866223039295444,1.0,1.0,0.5,0.0,0.0,0.3,0.3,0.5,0.0,0.015076844803522671,0.1507684480352267,0.030153689607045342,0.030153689607045342,0.03011186511788618,0.013723492721395695,0.03896293999999978,0.016566712794715777,0.03918345999999981,0.009150310392954442,0.009150310392954442,1.0,1.0,0.7,0.0,0.0,0.1,0.1,0.3,0.0,0.009046106882113603,0.09046106882113603,0.030153689607045342,0.030153689607045342,0.03011186511788618,0.013723492721395695,0.03896293999999978,0.016566712794715777,0.03918345999999981,0.009150310392954442,0.009150310392954442,1.0,1.0,0.7,0.0,0.0,0.1,0.1,0.3,0.0,0.009046106882113603,0.09046106882113603,0.030153689607045342,0.030153689607045342,0.03011186511788618,0.013723492721395695,0.03896293999999978,0.016566712794715777,0.03918345999999981,0.009150310392954442,0.009150310392954442,1.0,1.0,0.7,0.0,0.0,0.1,0.1,0.3,0.0,0.009046106882113603,0.09046106882113603,0.030153689607045342,0.030153689607045342,1.0,0.5,0.3,0.3,0.3,0.0,0.5,0.5555555555555556,1.0,0.3,0.7777777777777778,1.0,0.3,0.7777777777777778,1.0,0.3,0.7777777777777778,1.0,0.3,0.2,0.3,0.3,0.3,0.3,0.3,0.0,0.0,0.0,0.0,0.3,0.3,1.0,1.0,1.0,0.3,1.0,1.0,1.0,1.0,1.0,1.0,3,0,0.0,0.0,0.3,0.0,0.0,0.0,0.0,0.0,0.0,0.0,0.0,1.0,0.0,0.0,0.0,0.0,0.0,-0.25408937863170933,6.498337773551511e-21,6.498337773551511e-21,0.0,0.05,0.05,0,0,0,0,C2,0.0,0.0,0.03011186511788618,0.7,1.0,0.3,0.0,0.0,0.03011186511788618
phaseflip,phaseflip,0.01,4,0.1,10,qiskit_aer,1,1,0.9608420280000001,0.7366526004444445,0.19999999999999998,0.0,0.0,1.0,0.0,0.0,0.039157971999999784,0.00018647496608392434,0.0392559799999998,0.03910995999999978,0.039303999999999784,0.03881591999999978,0.03881591999999978,1.0,0.7,1.0,0.0,0.0,0.0,0.0,0.0,0.009004282392954444,0.00018647496608392437,0.00910229039295446,0.008956270392954435,0.009150310392954442,0.00866223039295444,0.00866223039295444,1.0,1.0,0.0,0.0,0.0,0.0,0.0,1.0,0.03011186511788618,0.013723492721395695,0.03896293999999978,0.016566712794715777,0.03918345999999981,0.009150310392954442,0.009150310392954442,1.0,1.0,0.7,0.0,0.0,0.0,0.0,0.3,0.0,0.009046106882113603,0.09046106882113603,0.030153689607045342,0.030153689607045342,0.03011186511788618,0.013723492721395695,0.03896293999999978,0.016566712794715777,0.03918345999999981,0.009150310392954442,0.009150310392954442,1.0,1.0,0.7,0.0,0.0,0.0,0.0,0.3,0.0,0.009046106882113603,0.09046106882113603,0.030153689607045342,0.030153689607045342,0.03011186511788618,0.013723492721395695,0.03896293999999978,0.016566712794715777,0.03918345999999981,0.009150310392954442,0.009150310392954442,1.0,1.0,0.7,0.0,0.0,0.0,0.0,0.3,0.0,0.009046106882113603,0.09046106882113603,0.030153689607045342,0.030153689607045342,0.03011186511788618,0.013723492721395695,0.03896293999999978,0.016566712794715777,0.03918345999999981,0.009150310392954442,0.009150310392954442,1.0,1.0,0.7,0.0,0.0,0.0,0.0,0.3,0.0,0.009046106882113603,0.09046106882113603,0.030153689607045342,0.030153689607045342,1.0,0.3,0.3,0.3,0.3,0.0,0.3,0.7,0.0,0.3,0.7,0.0,0.3,0.7,0.0,0.3,0.7,0.0,0.3,0.0,0.3,0.3,0.3,0.3,0.3,0.0,0.0,0.0,0.0,0.3,0.3,1.0,1.0,1.0,0.3,1.0,1.0,1.0,1.0,1.0,1.0,3,0,0.0,0.0,0.3,0.0,0.0,0.0,0.0,0.0,0.0,0.0,0.0,1.0,0.0,0.0,0.0,0.0,0.0,-0.13665259752226733,6.498337773551511e-21,6.498337773551511e-21,0.0,0.1,0.1,0,0,0,0,C1,0.0,0.0,0.03011186511788618,0.7,1.0,0.3,0.0,0.0,0.03011186511788618
phaseflip,phaseflip,0.03,1,0.0,10,qiskit_aer,1,1,0.9700000000000001,0.9700000000000001,0.0,0.0,1.0,1.0,0.0,0.0,0.029999999999999805,0.0,0.029999999999999805,0.029999999999999805,0.029999999999999805,0.029999999999999805,0.029999999999999805,1.0,0.2,1.0,0.8,0.0,0.0,0.0,0.0,-0.00015368960704553736,0.0,-0.00015368960704553736,-0.00015368960704553736,-0.00015368960704553736,-0.00015368960704553736,-0.00015368960704553736,0.0,1.0,0.0,0.0,0.0,1.0,1.0,1.0,-0.00015368960704553736,0.0,-0.00015368960704553736,-0.00015368960704553736,-0.00015368960704553736,-0.00015368960704553736,-0.00015368960704553736,0.0,1.0,0.0,0.0,0.0,1.0,1.0,1.0,0.0,0.030153689607045342,0.3015368960704534,0.030153689607045342,0.030153689607045342,0.005877048314363531,0.012061475842818137,-0.00015368960704553736,-0.00015368960704553736,-0.00015368960704553736,-0.00015368960704553736,-0.00015368960704553736,0.2,1.0,0.2,0.0,0.0,0.8,0.8,0.8,0.0,0.024122951685636274,0.24122951685636274,0.030153689607045342,0.030153689607045342,0.005877048314363531,0.012061475842818137,-0.00015368960704553736,-0.00015368960704553736,-0.00015368960704553736,-0.00015368960704553736,-0.00015368960704553736,0.2,1.0,0.2,0.0,0.0,0.8,0.8,0.8,0.0,0.024122951685636274,0.24122951685636274,0.030153689607045342,0.030153689607045342,0.005877048314363531,0.012061475842818137,-0.00015368960704553736,-0.00015368960704553736,-0.00015368960704553736,-0.00015368960704553736,-0.00015368960704553736,0.2,1.0,0.2,0.0,0.0,0.8,0.8,0.8,0.0,0.024122951685636274,0.24122951685636274,0.030153689607045342,0.030153689607045342,1.0,1.0,0.8,0.8,0.8,0.0,1.0,0.0,1.0,0.8,1.0,1.0,0.8,1.0,1.0,0.8,1.0,1.0,0.8,0.2,0.8,0.8,0.8,0.8,0.8,0.0,0.0,0.0,0.0,0.8,0.8,1.0,1.0,1.0,0.8,1.0,1.0,1.0,1.0,1.0,1.0,8,0,0.0,0.0,0.8,0.0,0.0,0.0,0.0,0.0,0.0,0.0,0.0,1.0,0.0,0.0,0.0,0.0,0.0,0.6300000073110849,0.14133233712661944,0.14133233712661944,0.0,0.0,0.0,0,0,0,0,C2,0.0,0.0,0.005877048314363531,0.2,0.2,0.8,0.0,0.0,0.005877048314363531
phaseflip,phaseflip,0.03,1,0.01,10,qiskit_aer,1,1,0.9700000000000001,0.8514444444444444,0.03333333333333333,0.0,0.2,1.0,0.0,0.0,0.029999999999999805,0.0,0.029999999999999805,0.029999999999999805,0.029999999999999805,0.029999999999999805,0.029999999999999805,1.0,0.2,1.0,0.2,0.0,0.0,0.0,0.0,-0.00015368960704553736,0.0,-0.00015368960704553736,-0.00015368960704553736,-0.00015368960704553736,-0.00015368960704553736,-0.00015368960704553736,0.0,1.0,0.0,0.0,0.0,0.2,0.2,1.0,0.005877048314363531,0.012061475842818137,-0.00015368960704553736,-0.00015368960704553736,-0.00015368960704553736,-0.00015368960704553736,-0.00015368960704553736,0.2,1.0,0.2,0.0,0.0,0.2,0.2,0.8,0.0,0.024122951685636274,0.24122951685636274,0.030153689607045342,0.030153689607045342,0.005877048314363531,0.012061475842818137,-0.00015368960704553736,-0.00015368960704553736,-0.00015368960704553736,-0.00015368960704553736,-0.00015368960704553736,0.2,1.0,0.2,0.0,0.0,0.2,0.2,0.8,0.0,0.024122951685636274,0.24122951685636274,0.030153689607045342,0.030153689607045342,0.005877048314363531,0.012061475842818137,-0.00015368960704553736,-0.00015368960704553736,-0.00015368960704553736,-0.00015368960704553736,-0.00015368960704553736,0.2,1.0,0.2,0.0,0.0,0.2,0.2,0.8,0.0,0.024122951685636274,0.24122951685636274,0.030153689607045342,0.030153689607045342,0.005877048314363531,0.012061475842818137,-0.00015368960704553736,-0.00015368960704553736,-0.00015368960704553736,-0.00015368960704553736,-0.00015368960704553736,0.2,1.0,0.2,0.0,0.0,0.2,0.2,0.8,0.0,0.024122951685636274,0.24122951685636274,0.030153689607045342,0.030153689607045342,1.0,0.8,0.8,0.8,0.8,0.0,0.8,0.25,1.0,0.8,0.25,1.0,0.8,0.25,1.0,0.8,0.25,1.0,0.8,0.0,0.8,0.8,0.8,0.8,0.8,0.0,0.0,0.0,0.0,0.8,0.8,1.0,1.0,1.0,0.8,1.0,1.0,1.0,1.0,1.0,1.0,8,0,0.0,0.0,0.8,0.0,0.0,0.0,0.0,0.0,0.0,0.0,0.0,1.0,0.0,0.0,0.0,0.0,0.0,0.7485555624963576,0.09085913903406745,0.09085913903406745,0.0,0.01,0.01,0,0,0,0,C1,0.0,0.0,0.005877048314363531,0.2,0.2,0.8,0.0,0.0,0.005877048314363531
phaseflip,phaseflip,0.03,1,0.03,10,qiskit_aer,1,1,0.9700000000000001,0.776,0.1111111111111111,0.0,0.2,1.0,0.0,0.0,0.029999999999999805,0.0,0.029999999999999805,0.029999999999999805,0.029999999999999805,0.029999999999999805,0.029999999999999805,1.0,0.1,1.0,0.2,0.0,0.0,0.0,0.0,-0.00015368960704553736,0.0,-0.00015368960704553736,-0.00015368960704553736,-0.00015368960704553736,-0.00015368960704553736,-0.00015368960704553736,0.0,1.0,0.0,0.0,0.0,0.2,0.2,1.0,0.002861679353658997,0.009046106882113603,-0.00015368960704553736,-0.00015368960704553736,-0.00015368960704553736,-0.00015368960704553736,-0.00015368960704553736,0.1,1.0,0.1,0.0,0.0,0.2,0.2,0.9,0.0,0.027138320646340808,0.2713832064634081,0.030153689607045342,0.030153689607045342,0.002861679353658997,0.009046106882113603,-0.00015368960704553736,-0.00015368960704553736,-0.00015368960704553736,-0.00015368960704553736,-0.00015368960704553736,0.1,1.0,0.1,0.0,0.0,0.2,0.2,0.9,0.0,0.027138320646340808,0.2713832064634081,0.030153689607045342,0.030153689607045342,0.002861679353658997,0.009046106882113603,-0.00015368960704553736,-0.00015368960704553736,-0.00015368960704553736,-0.00015368960704553736,-0.00015368960704553736,0.1,1.0,0.1,0.0,0.0,0.2,0.2,0.9,0.0,0.027138320646340808,0.2713832064634081,0.030153689607045342,0.030153689607045342,0.002861679353658997,0.009046106882113603,-0.00015368960704553736,-0.00015368960704553736,-0.00015368960704553736,-0.00015368960704553736,-0.00015368960704553736,0.1,1.0,0.1,0.0,0.0,0.2,0.2,0.9,0.0,0.027138320646340808,0.2713832064634081,0.030153689607045342,0.030153689607045342,1.0,0.9,0.9,0.9,0.9,0.0,0.9,0.125,1.0,0.9,0.125,1.0,0.9,0.125,1.0,0.9,0.125,1.0,0.9,0.0,0.9,0.9,0.9,0.9,0.9,0.0,0.0,0.0,0.0,0.9,0.9,1.0,1.0,1.0,0.9,1.0,1.0,1.0,1.0,1.0,1.0,9,0,0.0,0.0,0.9,0.0,0.0,0.0,0.0,0.0,0.0,0.0,0.0,1.0,0.0,0.0,0.0,0.0,0.0,1.0240000076909217,0.14133233712661947,0.14133233712661947,0.0,0.03,0.03,0,0,0,0,C1,0.0,0.0,0.002861679353658997,0.1,0.1,0.9,0.0,0.0,0.002861679353658997
phaseflip,phaseflip,0.03,1,0.05,10,qiskit_aer,1,1,0.9700000000000001,0.7544444444444445,0.15555555555555556,0.0,0.1,1.0,0.0,0.0,0.029999999999999805,0.0,0.029999999999999805,0.029999999999999805,0.029999999999999805,0.029999999999999805,0.029999999999999805,1.0,0.0,1.0,0.1,0.0,0.0,0.0,0.0,-0.00015368960704553736,0.0,-0.00015368960704553736,-0.00015368960704553736,-0.00015368960704553736,-0.00015368960704553736,-0.00015368960704553736,0.0,1.0,0.0,0.0,0.0,0.1,0.1,1.0,-0.00015368960704553736,0.0,-0.00015368960704553736,-0.00015368960704553736,-0.00015368960704553736,-0.00015368960704553736,-0.00015368960704553736,0.0,1.0,0.0,0.0,0.0,0.1,0.1,1.0,0.0,0.030153689607045342,0.3015368960704534,0.030153689607045342,0.030153689607045342,-0.00015368960704553736,0.0,-0.00015368960704553736,-0.00015368960704553736,-0.00015368960704553736,-0.00015368960704553736,-0.00015368960704553736,0.0,1.0,0.0,0.0,0.0,0.1,0.1,1.0,0.0,0.030153689607045342,0.3015368960704534,0.030153689607045342,0.030153689607045342,-0.00015368960704553736,0.0,-0.00015368960704553736,-0.00015368960704553736,-0.00015368960704553736,-0.00015368960704553736,-0.00015368960704553736,0.0,1.0,0.0,0.0,0.0,0.1,0.1,1.0,0.0,0.030153689607045342,0.3015368960704534,0.030153689607045342,0.030153689607045342,-0.00015368960704553736,0.0,-0.00015368960704553736,-0.00015368960704553736,-0.00015368960704553736,-0.00015368960704553736,-0.00015368960704553736,0.0,1.0,0.0,0.0,0.0,0.1,0.1,1.0,0.0,0.030153689607045342,0.3015368960704534,0.030153689607045342,0.030153689607045342,1.0,1.0,1.0,1.0,1.0,0.0,1.0,0.0,1.0,1.0,0.0,1.0,1.0,0.0,1.0,1.0,0.0,1.0,1.0,0.0,1.0,1.0,1.0,1.0,1.0,0.0,0.0,0.0,0.0,1.0,1.0,1.0,1.0,1.0,1.0,1.0,1.0,1.0,1.0,1.0,1.0,10,0,0.0,0.0,1.0,0.0,0.0,0.0,0.0,0.0,0.0,0.0,0.0,1.0,0.0,0.0,0.0,0.0,0.0,1.2455555631795592,0.12450793776243547,0.12450793776243547,0.0,0.05,0.05,0,0,0,0,C1,0.0,0.0,-0.00015368960704553736,0.0,0.0,1.0,0.0,0.0,-0.00015368960704553736
phaseflip,phaseflip,0.03,1,0.1,10,qiskit_aer,1,1,0.9700000000000001,0.6574444444444445,0.25555555555555554,0.0,0.1,1.0,0.0,0.0,0.029999999999999805,0.0,0.029999999999999805,0.029999999999999805,0.029999999999999805,0.029999999999999805,0.029999999999999805,1.0,0.1,1.0,0.1,0.0,0.0,0.0,0.0,-0.00015368960704553736,0.0,-0.00015368960704553736,-0.00015368960704553736,-0.00015368960704553736,-0.00015368960704553736,-0.00015368960704553736,0.0,1.0,0.0,0.0,0.0,0.1,0.1,1.0,0.002861679353658997,0.009046106882113603,-0.00015368960704553736,-0.00015368960704553736,-0.00015368960704553736,-0.00015368960704553736,-0.00015368960704553736,0.1,1.0,0.1,0.0,0.0,0.1,0.1,0.9,0.0,0.027138320646340808,0.2713832064634081,0.030153689607045342,0.030153689607045342,0.002861679353658997,0.009046106882113603,-0.00015368960704553736,-0.00015368960704553736,-0.00015368960704553736,-0.00015368960704553736,-0.00015368960704553736,0.1,1.0,0.1,0.0,0.0,0.1,0.1,0.9,0.0,0.027138320646340808,0.2713832064634081,0.030153689607045342,0.030153689607045342,0.002861679353658997,0.009046106882113603,-0.00015368960704553736,-0.00015368960704553736,-0.00015368960704553736,-0.00015368960704553736,-0.00015368960704553736,0.1,1.0,0.1,0.0,0.0,0.1,0.1,0.9,0.0,0.027138320646340808,0.2713832064634081,0.030153689607045342,0.030153689607045342,0.002861679353658997,0.009046106882113603,-0.00015368960704553736,-0.00015368960704553736,-0.00015368960704553736,-0.00015368960704553736,-0.00015368960704553736,0.1,1.0,0.1,0.0,0.0,0.1,0.1,0.9,0.0,0.027138320646340808,0.2713832064634081,0.030153689607045342,0.030153689607045342,1.0,0.9,0.9,0.9,0.9,0.0,0.9,0.1111111111111111,1.0,0.9,0.1111111111111111,1.0,0.9,0.1111111111111111,1.0,0.9,0.1111111111111111,1.0,0.9,0.0,0.9,0.9,0.9,0.9,0.9,0.0,0.0,0.0,0.0,0.9,0.9,1.0,1.0,1.0,0.9,1.0,1.0,1.0,1.0,1.0,1.0,9,0,0.0,0.0,0.9,0.0,0.0,0.0,0.0,0.0,0.0,0.0,0.0,1.0,0.0,0.0,0.0,0.0,0.0,1.1425555632464772,0.14133233712661947,0.14133233712661947,0.0,0.1,0.1,0,0,0,0,C1,0.0,0.0,0.002861679353658997,0.1,0.1,0.9,0.0,0.0,0.002861679353658997
phaseflip,phaseflip,0.03,2,0.0,10,qiskit_aer,1,1,0.94144,0.94144,0.0,0.0,1.0,1.0,0.0,0.0,0.05855999999999972,0.00044090815370086914,0.05819999999999981,0.05819999999999981,0.0590999999999996,0.05819999999999981,0.05819999999999981,1.0,0.5,1.0,0.5,0.0,0.0,0.0,0.0,0.02840631039295438,0.00044090815370086914,0.028046310392954465,0.028046310392954465,0.028946310392954255,0.028046310392954465,0.028046310392954465,1.0,1.0,0.0,0.0,0.0,1.0,1.0,1.0,0.031421679353658916,0.009234882143275199,0.028046310392954465,0.028046310392954465,0.028946310392954255,0.028046310392954465,0.028046310392954465,1.0,1.0,0.1,0.0,0.0,0.9,0.9,0.9,0.0,0.027138320646340808,0.2713832064634081,0.030153689607045342,0.030153689607045342,0.04348315519647705,0.015083290397970479,0.04357315519647703,0.028271310392954413,0.05819999999999981,0.028046310392954465,0.028046310392954465,1.0,1.0,0.5,0.0,0.0,0.5,0.5,0.5,0.0,0.015076844803522671,0.1507684480352267,0.030153689607045342,0.030153689607045342,0.04348315519647705,0.015083290397970479,0.04357315519647703,0.028271310392954413,0.05819999999999981,0.028046310392954465,0.028046310392954465,1.0,1.0,0.5,0.0,0.0,0.5,0.5,0.5,0.0,0.015076844803522671,0.1507684480352267,0.030153689607045342,0.030153689607045342,0.04348315519647705,0.015083290397970479,0.04357315519647703,0.028271310392954413,0.05819999999999981,0.028046310392954465,0.028046310392954465,1.0,1.0,0.5,0.0,0.0,0.5,0.5,0.5,0.0,0.015076844803522671,0.1507684480352267,0.030153689607045342,0.030153689607045342,1.0,0.9,0.5,0.5,0.5,0.0,0.9,0.2,1.0,0.5,1.0,1.0,0.5,1.0,1.0,0.5,1.0,1.0,0.5,0.4,0.5,0.5,0.5,0.5,0.5,0.0,0.0,0.0,0.0,0.5,0.5,1.0,1.0,1.0,0.5,1.0,1.0,1.0,1.0,1.0,1.0,5,0,0.0,0.0,0.5,0.0,0.0,0.0,0.0,0.0,0.0,0.0,0.0,1.0,0.0,0.0,0.0,0.0,0.0,0.058560000547739285,1.0830562955919185e-20,1.0830562955919185e-20,0.0,0.0,0.0,0,0,0,0,C2,0.0,0.0,0.04348315519647705,0.5,1.0,0.5,0.0,0.0,0.04348315519647705
phaseflip,phaseflip,0.03,2,0.01,10,qiskit_aer,1,1,0.94144,0.7949977777777778,0.03333333333333333,0.0,0.1,1.0,0.0,0.0,0.05855999999999972,0.00044090815370086914,0.05819999999999981,0.05819999999999981,0.0590999999999996,0.05819999999999981,0.05819999999999981,1.0,0.5,1.0,0.1,0.0,0.0,0.0,0.0,0.02840631039295438,0.00044090815370086914,0.028046310392954465,0.028046310392954465,0.028946310392954255,0.028046310392954465,0.028046310392954465,1.0,1.0,0.0,0.0,0.0,0.1,0.1,1.0,0.04348315519647705,0.015083290397970479,0.04357315519647703,0.028271310392954413,0.05819999999999981,0.028046310392954465,0.028046310392954465,1.0,1.0,0.5,0.0,0.0,0.1,0.1,0.5,0.0,0.015076844803522671,0.1507684480352267,0.030153689607045342,0.030153689607045342,0.04348315519647705,0.015083290397970479,0.04357315519647703,0.028271310392954413,0.05819999999999981,0.028046310392954465,0.028046310392954465,1.0,1.0,0.5,0.0,0.0,0.1,0.1,0.5,0.0,0.015076844803522671,0.1507684480352267,0.030153689607045342,0.030153689607045342,0.04348315519647705,0.015083290397970479,0.04357315519647703,0.028271310392954413,0.05819999999999981,0.028046310392954465,0.028046310392954465,1.0,1.0,0.5,0.0,0.0,0.1,0.1,0.5,0.0,0.015076844803522671,0.1507684480352267,0.030153689607045342,0.030153689607045342,0.04348315519647705,0.015083290397970479,0.04357315519647703,0.028271310392954413,0.05819999999999981,0.028046310392954465,0.028046310392954465,1.0,1.0,0.5,0.0,0.0,0.1,0.1,0.5,0.0,0.015076844803522671,0.1507684480352267,0.030153689607045342,0.030153689607045342,1.0,0.5,0.5,0.5,0.5,0.0,0.5,0.5555555555555556,1.0,0.5,0.5555555555555556,1.0,0.5,0.5555555555555556,1.0,0.5,0.5555555555555556,1.0,0.5,0.0,0.5,0.5,0.5,0.5,0.5,0.0,0.0,0.0,0.0,0.5,0.5,1.0,1.0,1.0,0.5,1.0,1.0,1.0,1.0,1.0,1.0,5,0,0.0,0.0,0.5,0.0,0.0,0.0,0.0,0.0,0.0,0.0,0.0,1.0,0.0,0.0,0.0,0.0,0.0,0.20500222276996144,1.0830562955919185e-20,1.0830562955919185e-20,0.0,0.01,0.01,0,0,0,0,C1,0.0,0.0,0.04348315519647705,0.5,1.0,0.5,0.0,0.0,0.04348315519647705
phaseflip,phaseflip,0.03,2,0.03,10,qiskit_aer,1,1,0.94144,0.7217766666666667,0.1111111111111111,0.0,0.1,1.0,0.0,0.0,0.05855999999999972,0.00044090815370086914,0.05819999999999981,0.05819999999999981,0.0590999999999996,0.05819999999999981,0.05819999999999981,1.0,0.5,1.0,0.1,0.0,0.0,0.0,0.0,0.02840631039295438,0.00044090815370086914,0.028046310392954465,0.028046310392954465,0.028946310392954255,0.028046310392954465,0.028046310392954465,1.0,1.0,0.0,0.0,0.0,0.1,0.1,1.0,0.04348315519647705,0.015083290397970479,0.04357315519647703,0.028271310392954413,0.05819999999999981,0.028046310392954465,0.028046310392954465,1.0,1.0,0.5,0.0,0.0,0.1,0.1,0.5,0.0,0.015076844803522671,0.1507684480352267,0.030153689607045342,0.030153689607045342,0.04348315519647705,0.015083290397970479,0.04357315519647703,0.028271310392954413,0.05819999999999981,0.028046310392954465,0.028046310392954465,1.0,1.0,0.5,0.0,0.0,0.1,0.1,0.5,0.0,0.015076844803522671,0.1507684480352267,0.030153689607045342,0.030153689607045342,0.04348315519647705,0.015083290397970479,0.04357315519647703,0.028271310392954413,0.05819999999999981,0.028046310392954465,0.028046310392954465,1.0,1.0,0.5,0.0,0.0,0.1,0.1,0.5,0.0,0.015076844803522671,0.1507684480352267,0.030153689607045342,0.030153689607045342,0.04348315519647705,0.015083290397970479,0.04357315519647703,0.028271310392954413,0.05819999999999981,0.028046310392954465,0.028046310392954465,1.0,1.0,0.5,0.0,0.0,0.1,0.1,0.5,0.0,0.015076844803522671,0.1507684480352267,0.030153689607045342,0.030153689607045342,1.0,0.5,0.5,0.5,0.5,0.0,0.5,0.5555555555555556,1.0,0.5,0.5555555555555556,1.0,0.5,0.5555555555555556,1.0,0.5,0.5555555555555556,1.0,0.5,0.0,0.5,0.5,0.5,0.5,0.5,0.0,0.0,0.0,0.0,0.5,0.5,1.0,1.0,1.0,0.5,1.0,1.0,1.0,1.0,1.0,1.0,5,0,0.0,0.0,0.5,0.0,0.0,0.0,0.0,0.0,0.0,0.0,0.0,1.0,0.0,0.0,0.0,0.0,0.0,0.2782233338894766,1.0830562955919185e-20,1.0830562955919185e-20,0.0,0.03,0.03,0,0,0,0,C1,0.0,0.0,0.04348315519647705,0.5,1.0,0.5,0.0,0.0,0.04348315519647705
phaseflip,phaseflip,0.03,2,0.05,10,qiskit_aer,1,1,0.94144,0.7008477777777778,0.15555555555555556,0.0,0.0,1.0,0.0,0.0,0.05855999999999972,0.00044090815370086914,0.05819999999999981,0.05819999999999981,0.0590999999999996,0.05819999999999981,0.05819999999999981,1.0,0.5,1.0,0.0,0.0,0.0,0.0,0.0,0.02840631039295438,0.00044090815370086914,0.028046310392954465,0.028046310392954465,0.028946310392954255,0.028046310392954465,0.028046310392954465,1.0,1.0,0.0,0.0,0.0,0.0,0.0,1.0,0.04348315519647705,0.015083290397970479,0.04357315519647703,0.028271310392954413,0.05819999999999981,0.028046310392954465,0.028046310392954465,1.0,1.0,0.5,0.0,0.0,0.0,0.0,0.5,0.0,0.015076844803522671,0.1507684480352267,0.030153689607045342,0.030153689607045342,0.04348315519647705,0.015083290397970479,0.04357315519647703,0.028271310392954413,0.05819999999999981,0.028046310392954465,0.028046310392954465,1.0,1.0,0.5,0.0,0.0,0.0,0.0,0.5,0.0,0.015076844803522671,0.1507684480352267,0.030153689607045342,0.030153689607045342,0.04348315519647705,0.015083290397970479,0.04357315519647703,0.028271310392954413,0.05819999999999981,0.028046310392954465,0.028046310392954465,1.0,1.0,0.5,0.0,0.0,0.0,0.0,0.5,0.0,0.015076844803522671,0.1507684480352267,0.030153689607045342,0.030153689607045342,0.04348315519647705,0.015083290397970479,0.04357315519647703,0.028271310392954413,0.05819999999999981,0.028046310392954465,0.028046310392954465,1.0,1.0,0.5,0.0,0.0,0.0,0.0,0.5,0.0,0.015076844803522671,0.1507684480352267,0.030153689607045342,0.030153689607045342,1.0,0.5,0.5,0.5,0.5,0.0,0.5,0.5,0.0,0.5,0.5,0.0,0.5,0.5,0.0,0.5,0.5,0.0,0.5,0.0,0.5,0.5,0.5,0.5,0.5,0.0,0.0,0.0,0.0,0.5,0.5,1.0,1.0,1.0,0.5,1.0,1.0,1.0,1.0,1.0,1.0,5,0,0.0,0.0,0.5,0.0,0.0,0.0,0.0,0.0,0.0,0.0,0.0,1.0,0.0,0.0,0.0,0.0,0.0,0.29915222276996145,1.0830562955919185e-20,1.0830562955919185e-20,0.0,0.05,0.05,0,0,0,0,C1,0.0,0.0,0.04348315519647705,0.5,1.0,0.5,0.0,0.0,0.04348315519647705
phaseflip,phaseflip,0.03,2,0.1,10,qiskit_aer,1,1,0.94144,0.6067177777777778,0.25555555555555554,0.0,0.0,1.0,0.0,0.0,0.05855999999999972,0.00044090815370086914,0.05819999999999981,0.05819999999999981,0.0590999999999996,0.05819999999999981,0.05819999999999981,1.0,0.5,1.0,0.0,0.0,0.0,0.0,0.0,0.02840631039295438,0.00044090815370086914,0.028046310392954465,0.028046310392954465,0.028946310392954255,0.028046310392954465,0.028046310392954465,1.0,1.0,0.0,0.0,0.0,0.0,0.0,1.0,0.04348315519647705,0.015083290397970479,0.04357315519647703,0.028271310392954413,0.05819999999999981,0.028046310392954465,0.028046310392954465,1.0,1.0,0.5,0.0,0.0,0.0,0.0,0.5,0.0,0.015076844803522671,0.1507684480352267,0.030153689607045342,0.030153689607045342,0.04348315519647705,0.015083290397970479,0.04357315519647703,0.028271310392954413,0.05819999999999981,0.028046310392954465,0.028046310392954465,1.0,1.0,0.5,0.0,0.0,0.0,0.0,0.5,0.0,0.015076844803522671,0.1507684480352267,0.030153689607045342,0.030153689607045342,0.04348315519647705,0.015083290397970479,0.04357315519647703,0.028271310392954413,0.05819999999999981,0.028046310392954465,0.028046310392954465,1.0,1.0,0.5,0.0,0.0,0.0,0.0,0.5,0.0,0.015076844803522671,0.1507684480352267,0.030153689607045342,0.030153689607045342,0.04348315519647705,0.015083290397970479,0.04357315519647703,0.028271310392954413,0.05819999999999981,0.028046310392954465,0.028046310392954465,1.0,1.0,0.5,0.0,0.0,0.0,0.0,0.5,0.0,0.015076844803522671,0.1507684480352267,0.030153689607045342,0.030153689607045342,1.0,0.5,0.5,0.5,0.5,0.0,0.5,0.5,0.0,0.5,0.5,0.0,0.5,0.5,0.0,0.5,0.5,0.0,0.5,0.0,0.5,0.5,0.5,0.5,0.5,0.0,0.0,0.0,0.0,0.5,0.5,1.0,1.0,1.0,0.5,1.0,1.0,1.0,1.0,1.0,1.0,5,0,0.0,0.0,0.5,0.0,0.0,0.0,0.0,0.0,0.0,0.0,0.0,1.0,0.0,0.0,0.0,0.0,0.0,0.39328222277836555,1.0830562955919185e-20,1.0830562955919185e-20,0.0,0.1,0.1,0,0,0,0,C1,0.0,0.0,0.04348315519647705,0.5,1.0,0.5,0.0,0.0,0.04348315519647705
phaseflip,phaseflip,0.03,3,0.0,10,qiskit_aer,1,1,0.913816,0.913816,0.0,0.0,1.0,1.0,0.0,0.0,0.08618399999999984,0.0010277984238166223,0.08645399999999981,0.08514449999999987,0.08708849999999982,0.0847079999999999,0.0847079999999999,1.0,0.5,1.0,0.5,0.0,0.0,0.0,0.0,0.056030310392954495,0.0010277984238166223,0.05630031039295447,0.05499081039295453,0.05693481039295448,0.05455431039295455,0.05455431039295455,1.0,1.0,0.0,0.0,0.0,1.0,1.0,1.0,0.056030310392954495,0.0010277984238166223,0.05630031039295447,0.05499081039295453,0.05693481039295448,0.05455431039295455,0.05455431039295455,1.0,1.0,0.0,0.0,0.0,1.0,1.0,1.0,0.0,0.030153689607045342,0.3015368960704534,0.030153689607045342,0.030153689607045342,0.07110715519647717,0.014667110088701694,0.07092715519647719,0.05630031039295447,0.0847079999999999,0.05630031039295447,0.05630031039295447,1.0,1.0,0.5,0.0,0.0,0.5,0.5,0.5,0.0,0.015076844803522671,0.1507684480352267,0.030153689607045342,0.030153689607045342,0.07110715519647717,0.014667110088701694,0.07092715519647719,0.05630031039295447,0.0847079999999999,0.05630031039295447,0.05630031039295447,1.0,1.0,0.5,0.0,0.0,0.5,0.5,0.5,0.0,0.015076844803522671,0.1507684480352267,0.030153689607045342,0.030153689607045342,0.07110715519647717,0.014667110088701694,0.07092715519647719,0.05630031039295447,0.0847079999999999,0.05630031039295447,0.05630031039295447,1.0,1.0,0.5,0.0,0.0,0.5,0.5,0.5,0.0,0.015076844803522671,0.1507684480352267,0.030153689607045342,0.030153689607045342,1.0,1.0,0.5,0.5,0.5,0.0,1.0,0.0,1.0,0.5,1.0,1.0,0.5,1.0,1.0,0.5,1.0,1.0,0.5,0.5,0.5,0.5,0.5,0.5,0.5,0.0,0.0,0.0,0.0,0.5,0.5,1.0,1.0,1.0,0.5,1.0,1.0,1.0,1.0,1.0,1.0,5,0,0.0,0.0,0.5,0.0,0.0,0.0,0.0,0.0,0.0,0.0,0.0,1.0,0.0,0.0,0.0,0.0,0.0,0.08618400013141136,1.0830562955919185e-20,1.0830562955919185e-20,0.0,0.0,0.0,0,0,0,0,C2,0.0,0.0,0.07110715519647717,0.5,1.0,0.5,0.0,0.0,0.07110715519647717
phaseflip,phaseflip,0.03,3,0.01,10,qiskit_aer,1,1,0.913816,0.8021785777777778,0.02222222222222222,0.0,0.3,1.0,0.0,0.0,0.08618399999999984,0.0010277984238166223,0.08645399999999981,0.08514449999999987,0.08708849999999982,0.0847079999999999,0.0847079999999999,1.0,0.6,1.0,0.1,0.0,0.0,0.0,0.0,0.056030310392954495,0.0010277984238166223,0.05630031039295447,0.05499081039295453,0.05693481039295448,0.05455431039295455,0.05455431039295455,1.0,1.0,0.0,0.0,0.0,0.3,0.3,1.0,0.06809178623577264,0.01518435741970025,0.05630031039295447,0.05630031039295447,0.08665199999999984,0.05455431039295455,0.05455431039295455,1.0,1.0,0.4,0.0,0.0,0.3,0.3,0.6,0.0,0.018092213764227205,0.18092213764227205,0.030153689607045342,0.030153689607045342,0.07412252415718171,0.014586362531666595,0.0847079999999999,0.05630031039295447,0.08665199999999984,0.05630031039295447,0.05630031039295447,1.0,1.0,0.6,0.0,0.0,0.1,0.1,0.4,0.0,0.012061475842818137,0.12061475842818137,0.030153689607045342,0.030153689607045342,0.07412252415718171,0.014586362531666595,0.0847079999999999,0.05630031039295447,0.08665199999999984,0.05630031039295447,0.05630031039295447,1.0,1.0,0.6,0.0,0.0,0.1,0.1,0.4,0.0,0.012061475842818137,0.12061475842818137,0.030153689607045342,0.030153689607045342,0.07412252415718171,0.014586362531666595,0.0847079999999999,0.05630031039295447,0.08665199999999984,0.05630031039295447,0.05630031039295447,1.0,1.0,0.6,0.0,0.0,0.1,0.1,0.4,0.0,0.012061475842818137,0.12061475842818137,0.030153689607045342,0.030153689607045342,1.0,0.6,0.4,0.4,0.4,0.0,0.6,0.4444444444444444,1.0,0.4,0.6666666666666666,1.0,0.4,0.6666666666666666,1.0,0.4,0.6666666666666666,1.0,0.4,0.2,0.4,0.4,0.4,0.4,0.4,0.0,0.0,0.0,0.0,0.4,0.4,1.0,1.0,1.0,0.4,1.0,1.0,1.0,1.0,1.0,1.0,4,0,0.0,0.0,0.4,0.0,0.0,0.0,0.0,0.0,0.0,0.0,0.0,1.0,0.0,0.0,0.0,0.0,0.0,-0.0021785776457938556,1.010140437628328e-17,1.010140437628328e-17,0.0,0.01,0.01,0,0,0,0,C2,0.0,0.0,0.07412252415718171,0.6,1.0,0.4,0.0,0.0,0.07412252415718171
phaseflip,phaseflip,0.03,3,0.03,10,qiskit_aer,1,1,0.913816,0.7818675555555555,0.04444444444444444,0.0,0.2,1.0,0.0,0.0,0.08618399999999984,0.0010277984238166223,0.08645399999999981,0.08514449999999987,0.08708849999999982,0.0847079999999999,0.0847079999999999,1.0,0.5,1.0,0.1,0.0,0.0,0.0,0.0,0.056030310392954495,0.0010277984238166223,0.05630031039295447,0.05499081039295453,0.05693481039295448,0.05455431039295455,0.05455431039295455,1.0,1.0,0.0,0.0,0.0,0.2,0.2,1.0,0.06809178623577264,0.014660594720437303,0.056723310392954474,0.05630031039295447,0.0847079999999999,0.05534001039295451,0.05455431039295455,1.0,1.0,0.4,0.0,0.0,0.2,0.2,0.6,0.0,0.018092213764227205,0.18092213764227205,0.030153689607045342,0.030153689607045342,0.07110715519647717,0.014667110088701694,0.07092715519647719,0.05630031039295447,0.0847079999999999,0.05630031039295447,0.05630031039295447,1.0,1.0,0.5,0.0,0.0,0.1,0.1,0.5,0.0,0.015076844803522671,0.1507684480352267,0.030153689607045342,0.030153689607045342,0.07110715519647717,0.014667110088701694,0.07092715519647719,0.05630031039295447,0.0847079999999999,0.05630031039295447,0.05630031039295447,1.0,1.0,0.5,0.0,0.0,0.1,0.1,0.5,0.0,0.015076844803522671,0.1507684480352267,0.030153689607045342,0.030153689607045342,0.07110715519647717,0.014667110088701694,0.07092715519647719,0.05630031039295447,0.0847079999999999,0.05630031039295447,0.05630031039295447,1.0,1.0,0.5,0.0,0.0,0.1,0.1,0.5,0.0,0.015076844803522671,0.1507684480352267,0.030153689607045342,0.030153689607045342,1.0,0.6,0.5,0.5,0.5,0.0,0.6,0.4444444444444444,1.0,0.5,0.5555555555555556,1.0,0.5,0.5555555555555556,1.0,0.5,0.5555555555555556,1.0,0.5,0.1,0.5,0.5,0.5,0.5,0.5,0.0,0.0,0.0,0.0,0.5,0.5,1.0,1.0,1.0,0.5,1.0,1.0,1.0,1.0,1.0,1.0,5,0,0.0,0.0,0.5,0.0,0.0,0.0,0.0,0.0,0.0,0.0,0.0,1.0,0.0,0.0,0.0,0.0,0.0,0.21813244458314462,1.0103570488874464e-17,1.0103570488874464e-17,0.0,0.03,0.03,0,0,0,0,C2,0.0,0.0,0.07110715519647717,0.5,1.0,0.5,0.0,0.0,0.07110715519647717
phaseflip,phaseflip,0.03,3,0.05,10,qiskit_aer,1,1,0.913816,0.7514254222222222,0.07777777777777778,0.0,0.1,1.0,0.0,0.0,0.08618399999999984,0.0010277984238166223,0.08645399999999981,0.08514449999999987,0.08708849999999982,0.0847079999999999,0.0847079999999999,1.0,0.3,1.0,0.0,0.0,0.0,0.0,0.0,0.056030310392954495,0.0010277984238166223,0.05630031039295447,0.05499081039295453,0.05693481039295448,0.05455431039295455,0.05455431039295455,1.0,1.0,0.0,0.0,0.0,0.1,0.1,1.0,0.062061048314363564,0.011346049125703913,0.056723310392954474,0.05630031039295447,0.05714631039295448,0.05534001039295451,0.05455431039295455,1.0,1.0,0.2,0.0,0.0,0.1,0.1,0.8,0.0,0.024122951685636274,0.24122951685636274,0.030153689607045342,0.030153689607045342,0.0650764172750681,0.012856660197609206,0.05714631039295448,0.05630031039295447,0.07781757759823854,0.05630031039295447,0.05630031039295447,1.0,1.0,0.3,0.0,0.0,0.0,0.0,0.7,0.0,0.02110758272493174,0.2110758272493174,0.030153689607045342,0.030153689607045342,0.0650764172750681,0.012856660197609206,0.05714631039295448,0.05630031039295447,0.07781757759823854,0.05630031039295447,0.05630031039295447,1.0,1.0,0.3,0.0,0.0,0.0,0.0,0.7,0.0,0.02110758272493174,0.2110758272493174,0.030153689607045342,0.030153689607045342,0.0650764172750681,0.012856660197609206,0.05714631039295448,0.05630031039295447,0.07781757759823854,0.05630031039295447,0.05630031039295447,1.0,1.0,0.3,0.0,0.0,0.0,0.0,0.7,0.0,0.02110758272493174,0.2110758272493174,0.030153689607045342,0.030153689607045342,1.0,0.8,0.7,0.7,0.7,0.0,0.8,0.2,0.0,0.7,0.3,0.0,0.7,0.3,0.0,0.7,0.3,0.0,0.7,0.1,0.7,0.7,0.7,0.7,0.7,0.0,0.0,0.0,0.0,0.7,0.7,1.0,1.0,1.0,0.7,1.0,1.0,1.0,1.0,1.0,1.0,7,0,0.0,0.0,0.7,0.0,0.0,0.0,0.0,0.0,0.0,0.0,0.0,1.0,0.0,0.0,0.0,0.0,0.0,0.6485745779159054,1.5162788138286858e-20,1.5162788138286858e-20,0.0,0.05,0.05,0,0,0,0,C2,0.0,0.0,0.0650764172750681,0.3,1.0,0.7,0.0,0.0,0.0650764172750681
phaseflip,phaseflip,0.03,3,0.1,10,qiskit_aer,1,1,0.913816,0.6397304,0.19999999999999998,0.0,0.0,1.0,0.0,0.0,0.08618399999999984,0.0010277984238166223,0.08645399999999981,0.08514449999999987,0.08708849999999982,0.0847079999999999,0.0847079999999999,1.0,0.5,1.0,0.0,0.0,0.0,0.0,0.0,0.056030310392954495,0.0010277984238166223,0.05630031039295447,0.05499081039295453,0.05693481039295448,0.05455431039295455,0.05455431039295455,1.0,1.0,0.0,0.0,0.0,0.0,0.0,1.0,0.07110715519647717,0.014667110088701694,0.07092715519647719,0.05630031039295447,0.0847079999999999,0.05630031039295447,0.05630031039295447,1.0,1.0,0.5,0.0,0.0,0.0,0.0,0.5,0.0,0.015076844803522671,0.1507684480352267,0.030153689607045342,0.030153689607045342,0.07110715519647717,0.014667110088701694,0.07092715519647719,0.05630031039295447,0.0847079999999999,0.05630031039295447,0.05630031039295447,1.0,1.0,0.5,0.0,0.0,0.0,0.0,0.5,0.0,0.015076844803522671,0.1507684480352267,0.030153689607045342,0.030153689607045342,0.07110715519647717,0.014667110088701694,0.07092715519647719,0.05630031039295447,0.0847079999999999,0.05630031039295447,0.05630031039295447,1.0,1.0,0.5,0.0,0.0,0.0,0.0,0.5,0.0,0.015076844803522671,0.1507684480352267,0.030153689607045342,0.030153689607045342,0.07110715519647717,0.014667110088701694,0.07092715519647719,0.05630031039295447,0.0847079999999999,0.05630031039295447,0.05630031039295447,1.0,1.0,0.5,0.0,0.0,0.0,0.0,0.5,0.0,0.015076844803522671,0.1507684480352267,0.030153689607045342,0.030153689607045342,1.0,0.5,0.5,0.5,0.5,0.0,0.5,0.5,0.0,0.5,0.5,0.0,0.5,0.5,0.0,0.5,0.5,0.0,0.5,0.0,0.5,0.5,0.5,0.5,0.5,0.0,0.0,0.0,0.0,0.5,0.5,1.0,1.0,1.0,0.5,1.0,1.0,1.0,1.0,1.0,1.0,5,0,0.0,0.0,0.5,0.0,0.0,0.0,0.0,0.0,0.0,0.0,0.0,1.0,0.0,0.0,0.0,0.0,0.0,0.3602696001314114,1.0830562955919185e-20,1.0830562955919185e-20,0.0,0.1,0.1,0,0,0,0,C1,0.0,0.0,0.07110715519647717,0.5,1.0,0.5,0.0,0.0,0.07110715519647717
phaseflip,phaseflip,0.03,4,0.0,10,qiskit_aer,1,1,0.8874362680000001,0.8874362680000001,0.0,0.0,0.0,0.0,0.0,0.0,0.11256373199999978,0.0015976230304849519,0.1134103799999997,0.11216675999999981,0.11380799999999977,0.10962551999999981,0.10962551999999981,1.0,0.5,1.0,0.0,0.0,0.0,0.0,0.0,0.08241004239295444,0.0015976230304849519,0.08325669039295436,0.08201307039295447,0.08365431039295443,0.07947183039295447,0.07947183039295447,1.0,1.0,0.0,0.0,0.0,0.0,0.0,0.0,0.0974868871964771,0.01558176045895122,0.09791053519647713,0.08365431039295435,0.11280125999999974,0.07947183039295447,0.07947183039295447,1.0,1.0,0.5,0.0,0.0,0.0,0.0,0.0,0.0,0.015076844803522671,0.1507684480352267,0.030153689607045342,0.030153689607045342,0.0974868871964771,0.01558176045895122,0.09791053519647713,0.08365431039295435,0.11280125999999974,0.07947183039295447,0.07947183039295447,1.0,1.0,0.5,0.0,0.0,0.0,0.0,0.0,0.0,0.015076844803522671,0.1507684480352267,0.030153689607045342,0.030153689607045342,0.0974868871964771,0.01558176045895122,0.09791053519647713,0.08365431039295435,0.11280125999999974,0.07947183039295447,0.07947183039295447,1.0,1.0,0.5,0.0,0.0,0.0,0.0,0.0,0.0,0.015076844803522671,0.1507684480352267,0.030153689607045342,0.030153689607045342,0.0974868871964771,0.01558176045895122,0.09791053519647713,0.08365431039295435,0.11280125999999974,0.07947183039295447,0.07947183039295447,1.0,1.0,0.5,0.0,0.0,0.0,0.0,0.0,0.0,0.015076844803522671,0.1507684480352267,0.030153689607045342,0.030153689607045342,1.0,0.5,0.5,0.5,0.5,0.0,0.5,0.5,0.0,0.5,0.5,0.0,0.5,0.5,0.0,0.5,0.5,0.0,0.5,0.0,0.5,0.5,0.5,0.5,0.5,0.0,0.0,0.0,0.0,0.5,0.5,1.0,1.0,1.0,0.5,1.0,1.0,1.0,1.0,1.0,1.0,5,0,0.0,0.0,0.5,0.0,0.0,0.0,0.0,0.0,0.0,0.0,0.0,1.0,0.0,0.0,0.0,0.0,0.0,0.11256373204807787,9.597967791511354e-21,9.597967791511354e-21,0.0,0.0,0.0,0,0,0,0,C1,0.0,0.0,0.0974868871964771,0.5,1.0,0.5,0.0,0.0,0.0974868871964771
phaseflip,phaseflip,0.03,4,0.01,10,qiskit_aer,1,1,0.8874362680000001,0.7395811133333333,0.02222222222222222,0.0,0.0,0.0,0.0,0.0,0.11256373199999978,0.0015976230304849519,0.1134103799999997,0.11216675999999981,0.11380799999999977,0.10962551999999981,0.10962551999999981,1.0,0.5,1.0,0.0,0.0,0.0,0.0,0.0,0.08241004239295444,0.0015976230304849519,0.08325669039295436,0.08201307039295447,0.08365431039295443,0.07947183039295447,0.07947183039295447,1.0,1.0,0.0,0.0,0.0,0.0,0.0,0.0,0.0974868871964771,0.01558176045895122,0.09791053519647713,0.08365431039295435,0.11280125999999974,0.07947183039295447,0.07947183039295447,1.0,1.0,0.5,0.0,0.0,0.0,0.0,0.0,0.0,0.015076844803522671,0.1507684480352267,0.030153689607045342,0.030153689607045342,0.0974868871964771,0.01558176045895122,0.09791053519647713,0.08365431039295435,0.11280125999999974,0.07947183039295447,0.07947183039295447,1.0,1.0,0.5,0.0,0.0,0.0,0.0,0.0,0.0,0.015076844803522671,0.1507684480352267,0.030153689607045342,0.030153689607045342,0.0974868871964771,0.01558176045895122,0.09791053519647713,0.08365431039295435,0.11280125999999974,0.07947183039295447,0.07947183039295447,1.0,1.0,0.5,0.0,0.0,0.0,0.0,0.0,0.0,0.015076844803522671,0.1507684480352267,0.030153689607045342,0.030153689607045342,0.0974868871964771,0.01558176045895122,0.09791053519647713,0.08365431039295435,0.11280125999999974,0.07947183039295447,0.07947183039295447,1.0,1.0,0.5,0.0,0.0,0.0,0.0,0.0,0.0,0.015076844803522671,0.1507684480352267,0.030153689607045342,0.030153689607045342,1.0,0.5,0.5,0.5,0.5,0.0,0.5,0.5,0.0,0.5,0.5,0.0,0.5,0.5,0.0,0.5,0.5,0.0,0.5,0.0,0.5,0.5,0.5,0.5,0.5,0.0,0.0,0.0,0.0,0.5,0.5,1.0,1.0,1.0,0.5,1.0,1.0,1.0,1.0,1.0,1.0,5,0,0.0,0.0,0.5,0.0,0.0,0.0,0.0,0.0,0.0,0.0,0.0,1.0,0.0,0.0,0.0,0.0,0.0,0.2604188867155763,8.365372627103523e-21,8.365372627103523e-21,0.0,0.01,0.01,0,0,0,0,C1,0.0,0.0,0.0974868871964771,0.5,1.0,0.5,0.0,0.0,0.0974868871964771
phaseflip,phaseflip,0.03,4,0.03,10,qiskit_aer,1,1,0.8874362680000001,0.7198414857777778,0.04444444444444444,0.0,0.0,0.0,0.0,0.0,0.11256373199999978,0.0015976230304849519,0.1134103799999997,0.11216675999999981,0.11380799999999977,0.10962551999999981,0.10962551999999981,1.0,0.5,1.0,0.0,0.0,0.0,0.0,0.0,0.08241004239295444,0.0015976230304849519,0.08325669039295436,0.08201307039295447,0.08365431039295443,0.07947183039295447,0.07947183039295447,1.0,1.0,0.0,0.0,0.0,0.0,0.0,0.0,0.0974868871964771,0.01558176045895122,0.09791053519647713,0.08365431039295435,0.11280125999999974,0.07947183039295447,0.07947183039295447,1.0,1.0,0.5,0.0,0.0,0.0,0.0,0.0,0.0,0.015076844803522671,0.1507684480352267,0.030153689607045342,0.030153689607045342,0.0974868871964771,0.01558176045895122,0.09791053519647713,0.08365431039295435,0.11280125999999974,0.07947183039295447,0.07947183039295447,1.0,1.0,0.5,0.0,0.0,0.0,0.0,0.0,0.0,0.015076844803522671,0.1507684480352267,0.030153689607045342,0.030153689607045342,0.0974868871964771,0.01558176045895122,0.09791053519647713,0.08365431039295435,0.11280125999999974,0.07947183039295447,0.07947183039295447,1.0,1.0,0.5,0.0,0.0,0.0,0.0,0.0,0.0,0.015076844803522671,0.1507684480352267,0.030153689607045342,0.030153689607045342,0.0974868871964771,0.01558176045895122,0.09791053519647713,0.08365431039295435,0.11280125999999974,0.07947183039295447,0.07947183039295447,1.0,1.0,0.5,0.0,0.0,0.0,0.0,0.0,0.0,0.015076844803522671,0.1507684480352267,0.030153689607045342,0.030153689607045342,1.0,0.5,0.5,0.5,0.5,0.0,0.5,0.5,0.0,0.5,0.5,0.0,0.5,0.5,0.0,0.5,0.5,0.0,0.5,0.0,0.5,0.5,0.5,0.5,0.5,0.0,0.0,0.0,0.0,0.5,0.5,1.0,1.0,1.0,0.5,1.0,1.0,1.0,1.0,1.0,1.0,5,0,0.0,0.0,0.5,0.0,0.0,0.0,0.0,0.0,0.0,0.0,0.0,1.0,0.0,0.0,0.0,0.0,0.0,0.2801585142722714,8.365372627103523e-21,8.365372627103523e-21,0.0,0.03,0.03,0,0,0,0,C1,0.0,0.0,0.0974868871964771,0.5,1.0,0.5,0.0,0.0,0.0974868871964771
phaseflip,phaseflip,0.03,4,0.05,10,qiskit_aer,1,1,0.8874362680000001,0.7001483302222222,0.07777777777777778,0.0,0.0,0.0,0.0,0.0,0.11256373199999978,0.0015976230304849519,0.1134103799999997,0.11216675999999981,0.11380799999999977,0.10962551999999981,0.10962551999999981,1.0,0.5,1.0,0.0,0.0,0.0,0.0,0.0,0.08241004239295444,0.0015976230304849519,0.08325669039295436,0.08201307039295447,0.08365431039295443,0.07947183039295447,0.07947183039295447,1.0,1.0,0.0,0.0,0.0,0.0,0.0,0.0,0.0974868871964771,0.01558176045895122,0.09791053519647713,0.08365431039295435,0.11280125999999974,0.07947183039295447,0.07947183039295447,1.0,1.0,0.5,0.0,0.0,0.0,0.0,0.0,0.0,0.015076844803522671,0.1507684480352267,0.030153689607045342,0.030153689607045342,0.0974868871964771,0.01558176045895122,0.09791053519647713,0.08365431039295435,0.11280125999999974,0.07947183039295447,0.07947183039295447,1.0,1.0,0.5,0.0,0.0,0.0,0.0,0.0,0.0,0.015076844803522671,0.1507684480352267,0.030153689607045342,0.030153689607045342,0.0974868871964771,0.01558176045895122,0.09791053519647713,0.08365431039295435,0.11280125999999974,0.07947183039295447,0.07947183039295447,1.0,1.0,0.5,0.0,0.0,0.0,0.0,0.0,0.0,0.015076844803522671,0.1507684480352267,0.030153689607045342,0.030153689607045342,0.0974868871964771,0.01558176045895122,0.09791053519647713,0.08365431039295435,0.11280125999999974,0.07947183039295447,0.07947183039295447,1.0,1.0,0.5,0.0,0.0,0.0,0.0,0.0,0.0,0.015076844803522671,0.1507684480352267,0.030153689607045342,0.030153689607045342,1.0,0.5,0.5,0.5,0.5,0.0,0.5,0.5,0.0,0.5,0.5,0.0,0.5,0.5,0.0,0.5,0.5,0.0,0.5,0.0,0.5,0.5,0.5,0.5,0.5,0.0,0.0,0.0,0.0,0.5,0.5,1.0,1.0,1.0,0.5,1.0,1.0,1.0,1.0,1.0,1.0,5,0,0.0,0.0,0.5,0.0,0.0,0.0,0.0,0.0,0.0,0.0,0.0,1.0,0.0,0.0,0.0,0.0,0.0,0.29985166982630546,8.365372627103523e-21,8.365372627103523e-21,0.0,0.05,0.05,0,0,0,0,C1,0.0,0.0,0.0974868871964771,0.5,1.0,0.5,0.0,0.0,0.0974868871964771
phaseflip,phaseflip,0.03,4,0.1,10,qiskit_aer,1,1,0.8874362680000001,0.6114655862222222,0.19999999999999998,0.0,0.0,0.0,0.0,0.0,0.11256373199999978,0.0015976230304849519,0.1134103799999997,0.11216675999999981,0.11380799999999977,0.10962551999999981,0.10962551999999981,1.0,0.6,1.0,0.0,0.0,0.0,0.0,0.0,0.08241004239295444,0.0015976230304849519,0.08325669039295436,0.08201307039295447,0.08365431039295443,0.07947183039295447,0.07947183039295447,1.0,1.0,0.0,0.0,0.0,0.0,0.0,0.0,0.10050225615718164,0.01469623157484314,0.11089613999999981,0.08365431039295437,0.11280125999999974,0.08135394639295442,0.07947183039295447,1.0,1.0,0.6,0.0,0.0,0.0,0.0,0.0,0.0,0.012061475842818137,0.12061475842818137,0.030153689607045342,0.030153689607045342,0.10050225615718164,0.01469623157484314,0.11089613999999981,0.08365431039295437,0.11280125999999974,0.08135394639295442,0.07947183039295447,1.0,1.0,0.6,0.0,0.0,0.0,0.0,0.0,0.0,0.012061475842818137,0.12061475842818137,0.030153689607045342,0.030153689607045342,0.10050225615718164,0.01469623157484314,0.11089613999999981,0.08365431039295437,0.11280125999999974,0.08135394639295442,0.07947183039295447,1.0,1.0,0.6,0.0,0.0,0.0,0.0,0.0,0.0,0.012061475842818137,0.12061475842818137,0.030153689607045342,0.030153689607045342,0.10050225615718164,0.01469623157484314,0.11089613999999981,0.08365431039295437,0.11280125999999974,0.08135394639295442,0.07947183039295447,1.0,1.0,0.6,0.0,0.0,0.0,0.0,0.0,0.0,0.012061475842818137,0.12061475842818137,0.030153689607045342,0.030153689607045342,1.0,0.4,0.4,0.4,0.4,0.0,0.4,0.6,0.0,0.4,0.6,0.0,0.4,0.6,0.0,0.4,0.6,0.0,0.4,0.0,0.4,0.4,0.4,0.4,0.4,0.0,0.0,0.0,0.0,0.4,0.4,1.0,1.0,1.0,0.4,1.0,1.0,1.0,1.0,1.0,1.0,4,0,0.0,0.0,0.4,0.0,0.0,0.0,0.0,0.0,0.0,0.0,0.0,1.0,0.0,0.0,0.0,0.0,0.0,0.18853441382744515,8.664450364735348e-21,8.664450364735348e-21,0.0,0.1,0.1,0,0,0,0,C1,0.0,0.0,0.10050225615718164,0.6,1.0,0.4,0.0,0.0,0.10050225615718164
phaseflip,phaseflip,0.05,1,0.0,10,qiskit_aer,1,1,0.9499999999999998,0.9499999999999998,0.0,0.0,1.0,1.0,0.0,0.0,0.04999999999999971,0.0,0.04999999999999971,0.04999999999999971,0.04999999999999971,0.04999999999999971,0.04999999999999971,1.0,0.2,1.0,0.8,0.0,0.0,0.0,0.0,0.01984631039295437,0.0,0.01984631039295437,0.01984631039295437,0.01984631039295437,0.01984631039295437,0.01984631039295437,1.0,1.0,0.0,0.0,0.0,1.0,1.0,1.0,0.01984631039295437,0.0,0.01984631039295437,0.01984631039295437,0.01984631039295437,0.01984631039295437,0.01984631039295437,1.0,1.0,0.0,0.0,0.0,1.0,1.0,1.0,0.0,0.030153689607045342,0.3015368960704534,0.030153689607045342,0.030153689607045342,0.025877048314363438,0.012061475842818137,0.01984631039295437,0.01984631039295437,0.01984631039295437,0.01984631039295437,0.01984631039295437,1.0,1.0,0.2,0.0,0.0,0.8,0.8,0.8,0.0,0.024122951685636274,0.24122951685636274,0.030153689607045342,0.030153689607045342,0.025877048314363438,0.012061475842818137,0.01984631039295437,0.01984631039295437,0.01984631039295437,0.01984631039295437,0.01984631039295437,1.0,1.0,0.2,0.0,0.0,0.8,0.8,0.8,0.0,0.024122951685636274,0.24122951685636274,0.030153689607045342,0.030153689607045342,0.025877048314363438,0.012061475842818137,0.01984631039295437,0.01984631039295437,0.01984631039295437,0.01984631039295437,0.01984631039295437,1.0,1.0,0.2,0.0,0.0,0.8,0.8,0.8,0.0,0.024122951685636274,0.24122951685636274,0.030153689607045342,0.030153689607045342,1.0,1.0,0.8,0.8,0.8,0.0,1.0,0.0,1.0,0.8,1.0,1.0,0.8,1.0,1.0,0.8,1.0,1.0,0.8,0.2,0.8,0.8,0.8,0.8,0.8,0.0,0.0,0.0,0.0,0.8,0.8,1.0,1.0,1.0,0.8,1.0,1.0,1.0,1.0,1.0,1.0,8,0,0.0,0.0,0.8,0.0,0.0,0.0,0.0,0.0,0.0,0.0,0.0,1.0,0.0,0.0,0.0,0.0,0.0,0.6500000013871522,0.14133233712661944,0.14133233712661944,0.0,0.0,0.0,0,0,0,0,C2,0.0,0.0,0.025877048314363438,0.2,1.0,0.8,0.0,0.0,0.025877048314363438
phaseflip,phaseflip,0.05,1,0.01,10,qiskit_aer,1,1,0.9499999999999998,0.8338888888888889,0.03333333333333333,0.0,0.2,1.0,0.0,0.0,0.04999999999999971,0.0,0.04999999999999971,0.04999999999999971,0.04999999999999971,0.04999999999999971,0.04999999999999971,1.0,0.2,1.0,0.2,0.0,0.0,0.0,0.0,0.01984631039295437,0.0,0.01984631039295437,0.01984631039295437,0.01984631039295437,0.01984631039295437,0.01984631039295437,1.0,1.0,0.0,0.0,0.0,0.2,0.2,1.0,0.025877048314363438,0.012061475842818137,0.01984631039295437,0.01984631039295437,0.01984631039295437,0.01984631039295437,0.01984631039295437,1.0,1.0,0.2,0.0,0.0,0.2,0.2,0.8,0.0,0.024122951685636274,0.24122951685636274,0.030153689607045342,0.030153689607045342,0.025877048314363438,0.012061475842818137,0.01984631039295437,0.01984631039295437,0.01984631039295437,0.01984631039295437,0.01984631039295437,1.0,1.0,0.2,0.0,0.0,0.2,0.2,0.8,0.0,0.024122951685636274,0.24122951685636274,0.030153689607045342,0.030153689607045342,0.025877048314363438,0.012061475842818137,0.01984631039295437,0.01984631039295437,0.01984631039295437,0.01984631039295437,0.01984631039295437,1.0,1.0,0.2,0.0,0.0,0.2,0.2,0.8,0.0,0.024122951685636274,0.24122951685636274,0.030153689607045342,0.030153689607045342,0.025877048314363438,0.012061475842818137,0.01984631039295437,0.01984631039295437,0.01984631039295437,0.01984631039295437,0.01984631039295437,1.0,1.0,0.2,0.0,0.0,0.2,0.2,0.8,0.0,0.024122951685636274,0.24122951685636274,0.030153689607045342,0.030153689607045342,1.0,0.8,0.8,0.8,0.8,0.0,0.8,0.25,1.0,0.8,0.25,1.0,0.8,0.25,1.0,0.8,0.25,1.0,0.8,0.0,0.8,0.8,0.8,0.8,0.8,0.0,0.0,0.0,0.0,0.8,0.8,1.0,1.0,1.0,0.8,1.0,1.0,1.0,1.0,1.0,1.0,8,0,0.0,0.0,0.8,0.0,0.0,0.0,0.0,0.0,0.0,0.0,0.0,1.0,0.0,0.0,0.0,0.0,0.0,0.7661111125709121,0.17498113585498745,0.17498113585498745,0.0,0.01,0.01,0,0,0,0,C1,0.0,0.0,0.025877048314363438,0.2,1.0,0.8,0.0,0.0,0.025877048314363438
phaseflip,phaseflip,0.05,1,0.03,10,qiskit_aer,1,1,0.9499999999999998,0.76,0.1111111111111111,0.0,0.2,1.0,0.0,0.0,0.04999999999999971,0.0,0.04999999999999971,0.04999999999999971,0.04999999999999971,0.04999999999999971,0.04999999999999971,1.0,0.2,1.0,0.2,0.0,0.0,0.0,0.0,0.01984631039295437,0.0,0.01984631039295437,0.01984631039295437,0.01984631039295437,0.01984631039295437,0.01984631039295437,1.0,1.0,0.0,0.0,0.0,0.2,0.2,1.0,0.025877048314363438,0.012061475842818137,0.01984631039295437,0.01984631039295437,0.01984631039295437,0.01984631039295437,0.01984631039295437,1.0,1.0,0.2,0.0,0.0,0.2,0.2,0.8,0.0,0.024122951685636274,0.24122951685636274,0.030153689607045342,0.030153689607045342,0.025877048314363438,0.012061475842818137,0.01984631039295437,0.01984631039295437,0.01984631039295437,0.01984631039295437,0.01984631039295437,1.0,1.0,0.2,0.0,0.0,0.2,0.2,0.8,0.0,0.024122951685636274,0.24122951685636274,0.030153689607045342,0.030153689607045342,0.025877048314363438,0.012061475842818137,0.01984631039295437,0.01984631039295437,0.01984631039295437,0.01984631039295437,0.01984631039295437,1.0,1.0,0.2,0.0,0.0,0.2,0.2,0.8,0.0,0.024122951685636274,0.24122951685636274,0.030153689607045342,0.030153689607045342,0.025877048314363438,0.012061475842818137,0.01984631039295437,0.01984631039295437,0.01984631039295437,0.01984631039295437,0.01984631039295437,1.0,1.0,0.2,0.0,0.0,0.2,0.2,0.8,0.0,0.024122951685636274,0.24122951685636274,0.030153689607045342,0.030153689607045342,1.0,0.8,0.8,0.8,0.8,0.0,0.8,0.25,1.0,0.8,0.25,1.0,0.8,0.25,1.0,0.8,0.25,1.0,0.8,0.0,0.8,0.8,0.8,0.8,0.8,0.0,0.0,0.0,0.0,0.8,0.8,1.0,1.0,1.0,0.8,1.0,1.0,1.0,1.0,1.0,1.0,8,0,0.0,0.0,0.8,0.0,0.0,0.0,0.0,0.0,0.0,0.0,0.0,1.0,0.0,0.0,0.0,0.0,0.0,0.8400000014234765,0.15815673649080345,0.15815673649080345,0.0,0.03,0.03,0,0,0,0,C1,0.0,0.0,0.025877048314363438,0.2,1.0,0.8,0.0,0.0,0.025877048314363438
phaseflip,phaseflip,0.05,1,0.05,10,qiskit_aer,1,1,0.9499999999999998,0.7388888888888889,0.15555555555555556,0.0,0.1,1.0,0.0,0.0,0.04999999999999971,0.0,0.04999999999999971,0.04999999999999971,0.04999999999999971,0.04999999999999971,0.04999999999999971,1.0,0.2,1.0,0.1,0.0,0.0,0.0,0.0,0.01984631039295437,0.0,0.01984631039295437,0.01984631039295437,0.01984631039295437,0.01984631039295437,0.01984631039295437,1.0,1.0,0.0,0.0,0.0,0.1,0.1,1.0,0.025877048314363438,0.012061475842818137,0.01984631039295437,0.01984631039295437,0.01984631039295437,0.01984631039295437,0.01984631039295437,1.0,1.0,0.2,0.0,0.0,0.1,0.1,0.8,0.0,0.024122951685636274,0.24122951685636274,0.030153689607045342,0.030153689607045342,0.025877048314363438,0.012061475842818137,0.01984631039295437,0.01984631039295437,0.01984631039295437,0.01984631039295437,0.01984631039295437,1.0,1.0,0.2,0.0,0.0,0.1,0.1,0.8,0.0,0.024122951685636274,0.24122951685636274,0.030153689607045342,0.030153689607045342,0.025877048314363438,0.012061475842818137,0.01984631039295437,0.01984631039295437,0.01984631039295437,0.01984631039295437,0.01984631039295437,1.0,1.0,0.2,0.0,0.0,0.1,0.1,0.8,0.0,0.024122951685636274,0.24122951685636274,0.030153689607045342,0.030153689607045342,0.025877048314363438,0.012061475842818137,0.01984631039295437,0.01984631039295437,0.01984631039295437,0.01984631039295437,0.01984631039295437,1.0,1.0,0.2,0.0,0.0,0.1,0.1,0.8,0.0,0.024122951685636274,0.24122951685636274,0.030153689607045342,0.030153689607045342,1.0,0.8,0.8,0.8,0.8,0.0,0.8,0.2222222222222222,1.0,0.8,0.2222222222222222,1.0,0.8,0.2222222222222222,1.0,0.8,0.2222222222222222,1.0,0.8,0.0,0.8,0.8,0.8,0.8,0.8,0.0,0.0,0.0,0.0,0.8,0.8,1.0,1.0,1.0,0.8,1.0,1.0,1.0,1.0,1.0,1.0,8,0,0.0,0.0,0.8,0.0,0.0,0.0,0.0,0.0,0.0,0.0,0.0,1.0,0.0,0.0,0.0,0.0,0.0,0.8611111125709121,0.17498113585498745,0.17498113585498745,0.0,0.05,0.05,0,0,0,0,C1,0.0,0.0,0.025877048314363438,0.2,1.0,0.8,0.0,0.0,0.025877048314363438
phaseflip,phaseflip,0.05,1,0.1,10,qiskit_aer,1,1,0.9499999999999998,0.6438888888888888,0.25555555555555554,0.0,0.1,1.0,0.0,0.0,0.04999999999999971,0.0,0.04999999999999971,0.04999999999999971,0.04999999999999971,0.04999999999999971,0.04999999999999971,1.0,0.2,1.0,0.1,0.0,0.0,0.0,0.0,0.01984631039295437,0.0,0.01984631039295437,0.01984631039295437,0.01984631039295437,0.01984631039295437,0.01984631039295437,1.0,1.0,0.0,0.0,0.0,0.1,0.1,1.0,0.025877048314363438,0.012061475842818137,0.01984631039295437,0.01984631039295437,0.01984631039295437,0.01984631039295437,0.01984631039295437,1.0,1.0,0.2,0.0,0.0,0.1,0.1,0.8,0.0,0.024122951685636274,0.24122951685636274,0.030153689607045342,0.030153689607045342,0.025877048314363438,0.012061475842818137,0.01984631039295437,0.01984631039295437,0.01984631039295437,0.01984631039295437,0.01984631039295437,1.0,1.0,0.2,0.0,0.0,0.1,0.1,0.8,0.0,0.024122951685636274,0.24122951685636274,0.030153689607045342,0.030153689607045342,0.025877048314363438,0.012061475842818137,0.01984631039295437,0.01984631039295437,0.01984631039295437,0.01984631039295437,0.01984631039295437,1.0,1.0,0.2,0.0,0.0,0.1,0.1,0.8,0.0,0.024122951685636274,0.24122951685636274,0.030153689607045342,0.030153689607045342,0.025877048314363438,0.012061475842818137,0.01984631039295437,0.01984631039295437,0.01984631039295437,0.01984631039295437,0.01984631039295437,1.0,1.0,0.2,0.0,0.0,0.1,0.1,0.8,0.0,0.024122951685636274,0.24122951685636274,0.030153689607045342,0.030153689607045342,1.0,0.8,0.8,0.8,0.8,0.0,0.8,0.2222222222222222,1.0,0.8,0.2222222222222222,1.0,0.8,0.2222222222222222,1.0,0.8,0.2222222222222222,1.0,0.8,0.0,0.8,0.8,0.8,0.8,0.8,0.0,0.0,0.0,0.0,0.8,0.8,1.0,1.0,1.0,0.8,1.0,1.0,1.0,1.0,1.0,1.0,8,0,0.0,0.0,0.8,0.0,0.0,0.0,0.0,0.0,0.0,0.0,0.0,1.0,0.0,0.0,0.0,0.0,0.0,0.9561111125345877,0.15815673649080345,0.15815673649080345,0.0,0.1,0.1,0,0,0,0,C1,0.0,0.0,0.025877048314363438,0.2,1.0,0.8,0.0,0.0,0.025877048314363438
phaseflip,phaseflip,0.05,2,0.0,10,qiskit_aer,1,1,0.9039999999999999,0.9039999999999999,0.0,0.0,1.0,1.0,0.0,0.0,0.0959999999999998,0.0012247448713915085,0.09499999999999986,0.09499999999999986,0.0974999999999997,0.09499999999999986,0.09499999999999986,1.0,0.8,1.0,0.2,0.0,0.0,0.0,0.0,0.06584631039295445,0.0012247448713915085,0.06484631039295452,0.06484631039295452,0.06734631039295436,0.06484631039295452,0.06484631039295452,1.0,1.0,0.0,0.0,0.0,1.0,1.0,1.0,0.06584631039295445,0.0012247448713915085,0.06484631039295452,0.06484631039295452,0.06734631039295436,0.06484631039295452,0.06484631039295452,1.0,1.0,0.0,0.0,0.0,1.0,1.0,1.0,0.0,0.030153689607045342,0.3015368960704534,0.030153689607045342,0.030153689607045342,0.08996926207859073,0.01135284042619552,0.09499999999999986,0.09499999999999986,0.09499999999999986,0.06734631039295436,0.06734631039295436,1.0,1.0,0.8,0.0,0.0,0.2,0.2,0.2,0.0,0.006030737921409068,0.060307379214090684,0.030153689607045342,0.030153689607045342,0.08996926207859073,0.01135284042619552,0.09499999999999986,0.09499999999999986,0.09499999999999986,0.06734631039295436,0.06734631039295436,1.0,1.0,0.8,0.0,0.0,0.2,0.2,0.2,0.0,0.006030737921409068,0.060307379214090684,0.030153689607045342,0.030153689607045342,0.08996926207859073,0.01135284042619552,0.09499999999999986,0.09499999999999986,0.09499999999999986,0.06734631039295436,0.06734631039295436,1.0,1.0,0.8,0.0,0.0,0.2,0.2,0.2,0.0,0.006030737921409068,0.060307379214090684,0.030153689607045342,0.030153689607045342,1.0,1.0,0.2,0.2,0.2,0.0,1.0,0.0,1.0,0.2,1.0,1.0,0.2,1.0,1.0,0.2,1.0,1.0,0.2,0.8,0.2,0.2,0.2,0.2,0.2,0.0,0.0,0.0,0.0,0.2,0.2,1.0,1.0,1.0,0.2,1.0,1.0,1.0,1.0,1.0,1.0,2,0,0.0,0.0,0.2,0.0,0.0,0.0,0.0,0.0,0.0,0.0,0.0,1.0,0.0,0.0,0.0,0.0,0.0,-0.5039999998704843,0.01914153369324158,0.01914153369324158,0.0,0.0,0.0,0,0,0,0,C2,0.0,0.0,0.08996926207859073,0.8,1.0,0.2,0.0,0.0,0.08996926207859073
phaseflip,phaseflip,0.05,2,0.01,10,qiskit_aer,1,1,0.9039999999999999,0.7030833333333333,0.03333333333333333,0.0,0.0,1.0,0.0,0.0,0.0959999999999998,0.0012247448713915085,0.09499999999999986,0.09499999999999986,0.0974999999999997,0.09499999999999986,0.09499999999999986,1.0,0.8,1.0,0.0,0.0,0.0,0.0,0.0,0.06584631039295445,0.0012247448713915085,0.06484631039295452,0.06484631039295452,0.06734631039295436,0.06484631039295452,0.06484631039295452,1.0,1.0,0.0,0.0,0.0,0.0,0.0,1.0,0.08996926207859073,0.01135284042619552,0.09499999999999986,0.09499999999999986,0.09499999999999986,0.06734631039295436,0.06734631039295436,1.0,1.0,0.8,0.0,0.0,0.0,0.0,0.2,0.0,0.006030737921409068,0.060307379214090684,0.030153689607045342,0.030153689607045342,0.08996926207859073,0.01135284042619552,0.09499999999999986,0.09499999999999986,0.09499999999999986,0.06734631039295436,0.06734631039295436,1.0,1.0,0.8,0.0,0.0,0.0,0.0,0.2,0.0,0.006030737921409068,0.060307379214090684,0.030153689607045342,0.030153689607045342,0.08996926207859073,0.01135284042619552,0.09499999999999986,0.09499999999999986,0.09499999999999986,0.06734631039295436,0.06734631039295436,1.0,1.0,0.8,0.0,0.0,0.0,0.0,0.2,0.0,0.006030737921409068,0.060307379214090684,0.030153689607045342,0.030153689607045342,0.08996926207859073,0.01135284042619552,0.09499999999999986,0.09499999999999986,0.09499999999999986,0.06734631039295436,0.06734631039295436,1.0,1.0,0.8,0.0,0.0,0.0,0.0,0.2,0.0,0.006030737921409068,0.060307379214090684,0.030153689607045342,0.030153689607045342,1.0,0.2,0.2,0.2,0.2,0.0,0.2,0.8,0.0,0.2,0.8,0.0,0.2,0.8,0.0,0.2,0.8,0.0,0.2,0.0,0.2,0.2,0.2,0.2,0.2,0.0,0.0,0.0,0.0,0.2,0.2,1.0,1.0,1.0,0.2,1.0,1.0,1.0,1.0,1.0,1.0,2,0,0.0,0.0,0.2,0.0,0.0,0.0,0.0,0.0,0.0,0.0,0.0,1.0,0.0,0.0,0.0,0.0,0.0,-0.3030833332065391,0.0137049139522555,0.0137049139522555,0.0,0.01,0.01,0,0,0,0,C1,0.0,0.0,0.08996926207859073,0.8,1.0,0.2,0.0,0.0,0.08996926207859073
phaseflip,phaseflip,0.05,2,0.03,10,qiskit_aer,1,1,0.9039999999999999,0.6327777777777777,0.1111111111111111,0.0,0.0,1.0,0.0,0.0,0.0959999999999998,0.0012247448713915085,0.09499999999999986,0.09499999999999986,0.0974999999999997,0.09499999999999986,0.09499999999999986,1.0,0.9,1.0,0.0,0.0,0.0,0.0,0.0,0.06584631039295445,0.0012247448713915085,0.06484631039295452,0.06484631039295452,0.06734631039295436,0.06484631039295452,0.06484631039295452,1.0,1.0,0.0,0.0,0.0,0.0,0.0,1.0,0.09298463103929526,0.008618929332609118,0.09499999999999986,0.09499999999999986,0.09687499999999974,0.07979047071612483,0.06734631039295436,1.0,1.0,0.9,0.0,0.0,0.0,0.0,0.1,0.0,0.003015368960704534,0.030153689607045342,0.016584529283874903,0.030153689607045342,0.09298463103929526,0.008618929332609118,0.09499999999999986,0.09499999999999986,0.09687499999999974,0.07979047071612483,0.06734631039295436,1.0,1.0,0.9,0.0,0.0,0.0,0.0,0.1,0.0,0.003015368960704534,0.030153689607045342,0.016584529283874903,0.030153689607045342,0.09298463103929526,0.008618929332609118,0.09499999999999986,0.09499999999999986,0.09687499999999974,0.07979047071612483,0.06734631039295436,1.0,1.0,0.9,0.0,0.0,0.0,0.0,0.1,0.0,0.003015368960704534,0.030153689607045342,0.016584529283874903,0.030153689607045342,0.09298463103929526,0.008618929332609118,0.09499999999999986,0.09499999999999986,0.09687499999999974,0.07979047071612483,0.06734631039295436,1.0,1.0,0.9,0.0,0.0,0.0,0.0,0.1,0.0,0.003015368960704534,0.030153689607045342,0.016584529283874903,0.030153689607045342,1.0,0.1,0.1,0.1,0.1,0.0,0.1,0.9,0.0,0.1,0.9,0.0,0.1,0.9,0.0,0.1,0.9,0.0,0.1,0.0,0.1,0.1,0.1,0.1,0.1,0.0,0.0,0.0,0.0,0.1,0.1,1.0,1.0,1.0,0.1,1.0,1.0,1.0,1.0,1.0,1.0,1,0,0.0,0.0,0.1,0.0,0.0,0.0,0.0,0.0,0.0,0.0,0.0,1.0,0.0,0.0,0.0,0.0,0.0,-0.43277777765514625,2.166112591183837e-21,2.166112591183837e-21,0.0,0.03,0.03,0,0,0,0,C1,0.0,0.0,0.09298463103929526,0.9,1.0,0.1,0.0,0.0,0.09298463103929526
phaseflip,phaseflip,0.05,2,0.05,10,qiskit_aer,1,1,0.9039999999999999,0.6126666666666666,0.15555555555555556,0.0,0.0,1.0,0.0,0.0,0.0959999999999998,0.0012247448713915085,0.09499999999999986,0.09499999999999986,0.0974999999999997,0.09499999999999986,0.09499999999999986,1.0,0.8,1.0,0.0,0.0,0.0,0.0,0.0,0.06584631039295445,0.0012247448713915085,0.06484631039295452,0.06484631039295452,0.06734631039295436,0.06484631039295452,0.06484631039295452,1.0,1.0,0.0,0.0,0.0,0.0,0.0,1.0,0.08996926207859073,0.01135284042619552,0.09499999999999986,0.09499999999999986,0.09499999999999986,0.06734631039295436,0.06734631039295436,1.0,1.0,0.8,0.0,0.0,0.0,0.0,0.2,0.0,0.006030737921409068,0.060307379214090684,0.030153689607045342,0.030153689607045342,0.08996926207859073,0.01135284042619552,0.09499999999999986,0.09499999999999986,0.09499999999999986,0.06734631039295436,0.06734631039295436,1.0,1.0,0.8,0.0,0.0,0.0,0.0,0.2,0.0,0.006030737921409068,0.060307379214090684,0.030153689607045342,0.030153689607045342,0.08996926207859073,0.01135284042619552,0.09499999999999986,0.09499999999999986,0.09499999999999986,0.06734631039295436,0.06734631039295436,1.0,1.0,0.8,0.0,0.0,0.0,0.0,0.2,0.0,0.006030737921409068,0.060307379214090684,0.030153689607045342,0.030153689607045342,0.08996926207859073,0.01135284042619552,0.09499999999999986,0.09499999999999986,0.09499999999999986,0.06734631039295436,0.06734631039295436,1.0,1.0,0.8,0.0,0.0,0.0,0.0,0.2,0.0,0.006030737921409068,0.060307379214090684,0.030153689607045342,0.030153689607045342,1.0,0.2,0.2,0.2,0.2,0.0,0.2,0.8,0.0,0.2,0.8,0.0,0.2,0.8,0.0,0.2,0.8,0.0,0.2,0.0,0.2,0.2,0.2,0.2,0.2,0.0,0.0,0.0,0.0,0.2,0.2,1.0,1.0,1.0,0.2,1.0,1.0,1.0,1.0,1.0,1.0,2,0,0.0,0.0,0.2,0.0,0.0,0.0,0.0,0.0,0.0,0.0,0.0,1.0,0.0,0.0,0.0,0.0,0.0,-0.21266666654120403,0.0032868402154856554,0.0032868402154856554,0.0,0.05,0.05,0,0,0,0,C1,0.0,0.0,0.08996926207859073,0.8,1.0,0.2,0.0,0.0,0.08996926207859073
phaseflip,phaseflip,0.05,2,0.1,10,qiskit_aer,1,1,0.9039999999999999,0.5424166666666667,0.25555555555555554,0.0,0.0,1.0,0.0,0.0,0.0959999999999998,0.0012247448713915085,0.09499999999999986,0.09499999999999986,0.0974999999999997,0.09499999999999986,0.09499999999999986,1.0,0.8,1.0,0.0,0.0,0.0,0.0,0.0,0.06584631039295445,0.0012247448713915085,0.06484631039295452,0.06484631039295452,0.06734631039295436,0.06484631039295452,0.06484631039295452,1.0,1.0,0.0,0.0,0.0,0.0,0.0,1.0,0.08996926207859073,0.01135284042619552,0.09499999999999986,0.09499999999999986,0.09499999999999986,0.06734631039295436,0.06734631039295436,1.0,1.0,0.8,0.0,0.0,0.0,0.0,0.2,0.0,0.006030737921409068,0.060307379214090684,0.030153689607045342,0.030153689607045342,0.08996926207859073,0.01135284042619552,0.09499999999999986,0.09499999999999986,0.09499999999999986,0.06734631039295436,0.06734631039295436,1.0,1.0,0.8,0.0,0.0,0.0,0.0,0.2,0.0,0.006030737921409068,0.060307379214090684,0.030153689607045342,0.030153689607045342,0.08996926207859073,0.01135284042619552,0.09499999999999986,0.09499999999999986,0.09499999999999986,0.06734631039295436,0.06734631039295436,1.0,1.0,0.8,0.0,0.0,0.0,0.0,0.2,0.0,0.006030737921409068,0.060307379214090684,0.030153689607045342,0.030153689607045342,0.08996926207859073,0.01135284042619552,0.09499999999999986,0.09499999999999986,0.09499999999999986,0.06734631039295436,0.06734631039295436,1.0,1.0,0.8,0.0,0.0,0.0,0.0,0.2,0.0,0.006030737921409068,0.060307379214090684,0.030153689607045342,0.030153689607045342,1.0,0.2,0.2,0.2,0.2,0.0,0.2,0.8,0.0,0.2,0.8,0.0,0.2,0.8,0.0,0.2,0.8,0.0,0.2,0.0,0.2,0.2,0.2,0.2,0.2,0.0,0.0,0.0,0.0,0.2,0.2,1.0,1.0,1.0,0.2,1.0,1.0,1.0,1.0,1.0,1.0,2,0,0.0,0.0,0.2,0.0,0.0,0.0,0.0,0.0,0.0,0.0,0.0,1.0,0.0,0.0,0.0,0.0,0.0,-0.14241666653987245,0.0032868402154856554,0.0032868402154856554,0.0,0.1,0.1,0,0,0,0,C1,0.0,0.0,0.08996926207859073,0.8,1.0,0.2,0.0,0.0,0.08996926207859073
phaseflip,phaseflip,0.05,3,0.0,10,qiskit_aer,1,1,0.8604999999999999,0.8604999999999999,0.0,0.0,0.0,0.0,0.0,0.0,0.13949999999999982,0.002779388421937513,0.14024999999999987,0.13668749999999977,0.14193749999999986,0.13549999999999973,0.13549999999999973,1.0,0.6,1.0,0.0,0.0,0.0,0.0,0.0,0.10934631039295448,0.002779388421937513,0.11009631039295453,0.10653381039295443,0.11178381039295451,0.10534631039295439,0.10534631039295439,1.0,1.0,0.0,0.0,0.0,0.0,0.0,0.0,0.12743852415718168,0.0129284223525761,0.13549999999999973,0.11234631039295451,0.13906249999999984,0.11110881039295452,0.11009631039295453,1.0,1.0,0.6,0.0,0.0,0.0,0.0,0.0,0.0,0.012061475842818137,0.12061475842818137,0.030153689607045342,0.030153689607045342,0.12743852415718168,0.0129284223525761,0.13549999999999973,0.11234631039295451,0.13906249999999984,0.11110881039295452,0.11009631039295453,1.0,1.0,0.6,0.0,0.0,0.0,0.0,0.0,0.0,0.012061475842818137,0.12061475842818137,0.030153689607045342,0.030153689607045342,0.12743852415718168,0.0129284223525761,0.13549999999999973,0.11234631039295451,0.13906249999999984,0.11110881039295452,0.11009631039295453,1.0,1.0,0.6,0.0,0.0,0.0,0.0,0.0,0.0,0.012061475842818137,0.12061475842818137,0.030153689607045342,0.030153689607045342,0.12743852415718168,0.0129284223525761,0.13549999999999973,0.11234631039295451,0.13906249999999984,0.11110881039295452,0.11009631039295453,1.0,1.0,0.6,0.0,0.0,0.0,0.0,0.0,0.0,0.012061475842818137,0.12061475842818137,0.030153689607045342,0.030153689607045342,1.0,0.4,0.4,0.4,0.4,0.0,0.4,0.6,0.0,0.4,0.6,0.0,0.4,0.6,0.0,0.4,0.6,0.0,0.4,0.0,0.4,0.4,0.4,0.4,0.4,0.0,0.0,0.0,0.0,0.4,0.4,1.0,1.0,1.0,0.4,1.0,1.0,1.0,1.0,1.0,1.0,4,0,0.0,0.0,0.4,0.0,0.0,0.0,0.0,0.0,0.0,0.0,0.0,1.0,0.0,0.0,0.0,0.0,0.0,-0.06049999996991049,0.027544488809430962,0.027544488809430962,0.0,0.0,0.0,0,0,0,0,C1,0.0,0.0,0.12743852415718168,0.6,1.0,0.4,0.0,0.0,0.12743852415718168
phaseflip,phaseflip,0.05,3,0.01,10,qiskit_aer,1,1,0.8604999999999999,0.7172277777777778,0.02222222222222222,0.0,0.0,0.0,0.0,0.0,0.13949999999999982,0.002779388421937513,0.14024999999999987,0.13668749999999977,0.14193749999999986,0.13549999999999973,0.13549999999999973,1.0,0.5,1.0,0.0,0.0,0.0,0.0,0.0,0.10934631039295448,0.002779388421937513,0.11009631039295453,0.10653381039295443,0.11178381039295451,0.10534631039295439,0.10534631039295439,1.0,1.0,0.0,0.0,0.0,0.0,0.0,0.0,0.12442315519647715,0.01310394982647265,0.12392315519647712,0.11234631039295451,0.13549999999999973,0.11009631039295453,0.11009631039295453,1.0,1.0,0.5,0.0,0.0,0.0,0.0,0.0,0.0,0.015076844803522671,0.1507684480352267,0.030153689607045342,0.030153689607045342,0.12442315519647715,0.01310394982647265,0.12392315519647712,0.11234631039295451,0.13549999999999973,0.11009631039295453,0.11009631039295453,1.0,1.0,0.5,0.0,0.0,0.0,0.0,0.0,0.0,0.015076844803522671,0.1507684480352267,0.030153689607045342,0.030153689607045342,0.12442315519647715,0.01310394982647265,0.12392315519647712,0.11234631039295451,0.13549999999999973,0.11009631039295453,0.11009631039295453,1.0,1.0,0.5,0.0,0.0,0.0,0.0,0.0,0.0,0.015076844803522671,0.1507684480352267,0.030153689607045342,0.030153689607045342,0.12442315519647715,0.01310394982647265,0.12392315519647712,0.11234631039295451,0.13549999999999973,0.11009631039295453,0.11009631039295453,1.0,1.0,0.5,0.0,0.0,0.0,0.0,0.0,0.0,0.015076844803522671,0.1507684480352267,0.030153689607045342,0.030153689607045342,1.0,0.5,0.5,0.5,0.5,0.0,0.5,0.5,0.0,0.5,0.5,0.0,0.5,0.5,0.0,0.5,0.5,0.0,0.5,0.0,0.5,0.5,0.5,0.5,0.5,0.0,0.0,0.0,0.0,0.5,0.5,1.0,1.0,1.0,0.5,1.0,1.0,1.0,1.0,1.0,1.0,5,0,0.0,0.0,0.5,0.0,0.0,0.0,0.0,0.0,0.0,0.0,0.0,1.0,0.0,0.0,0.0,0.0,0.0,0.2827722222564443,0.027544488809430962,0.027544488809430962,0.0,0.01,0.01,0,0,0,0,C1,0.0,0.0,0.12442315519647715,0.5,1.0,0.5,0.0,0.0,0.12442315519647715
phaseflip,phaseflip,0.05,3,0.03,10,qiskit_aer,1,1,0.8604999999999999,0.6980944444444445,0.04444444444444444,0.0,0.0,0.0,0.0,0.0,0.13949999999999982,0.002779388421937513,0.14024999999999987,0.13668749999999977,0.14193749999999986,0.13549999999999973,0.13549999999999973,1.0,0.7,1.0,0.0,0.0,0.0,0.0,0.0,0.10934631039295448,0.002779388421937513,0.11009631039295453,0.10653381039295443,0.11178381039295451,0.10534631039295439,0.10534631039295439,1.0,1.0,0.0,0.0,0.0,0.0,0.0,0.0,0.13045389311788622,0.012568172833919642,0.13549999999999973,0.11813473279471581,0.14024999999999987,0.11110881039295452,0.11009631039295453,1.0,1.0,0.7,0.0,0.0,0.0,0.0,0.0,0.0,0.009046106882113603,0.09046106882113603,0.030153689607045342,0.030153689607045342,0.13045389311788622,0.012568172833919642,0.13549999999999973,0.11813473279471581,0.14024999999999987,0.11110881039295452,0.11009631039295453,1.0,1.0,0.7,0.0,0.0,0.0,0.0,0.0,0.0,0.009046106882113603,0.09046106882113603,0.030153689607045342,0.030153689607045342,0.13045389311788622,0.012568172833919642,0.13549999999999973,0.11813473279471581,0.14024999999999987,0.11110881039295452,0.11009631039295453,1.0,1.0,0.7,0.0,0.0,0.0,0.0,0.0,0.0,0.009046106882113603,0.09046106882113603,0.030153689607045342,0.030153689607045342,0.13045389311788622,0.012568172833919642,0.13549999999999973,0.11813473279471581,0.14024999999999987,0.11110881039295452,0.11009631039295453,1.0,1.0,0.7,0.0,0.0,0.0,0.0,0.0,0.0,0.009046106882113603,0.09046106882113603,0.030153689607045342,0.030153689607045342,1.0,0.3,0.3,0.3,0.3,0.0,0.3,0.7,0.0,0.3,0.7,0.0,0.3,0.7,0.0,0.3,0.7,0.0,0.3,0.0,0.3,0.3,0.3,0.3,0.3,0.0,0.0,0.0,0.0,0.3,0.3,1.0,1.0,1.0,0.3,1.0,1.0,1.0,1.0,1.0,1.0,3,0,0.0,0.0,0.3,0.0,0.0,0.0,0.0,0.0,0.0,0.0,0.0,1.0,0.0,0.0,0.0,0.0,0.0,-0.09809444441106463,0.027544488809430962,0.027544488809430962,0.0,0.03,0.03,0,0,0,0,C1,0.0,0.0,0.13045389311788622,0.7,1.0,0.3,0.0,0.0,0.13045389311788622
phaseflip,phaseflip,0.05,3,0.05,10,qiskit_aer,1,1,0.8604999999999999,0.6790138888888889,0.07777777777777778,0.0,0.0,0.0,0.0,0.0,0.13949999999999982,0.002779388421937513,0.14024999999999987,0.13668749999999977,0.14193749999999986,0.13549999999999973,0.13549999999999973,1.0,0.5,1.0,0.0,0.0,0.0,0.0,0.0,0.10934631039295448,0.002779388421937513,0.11009631039295453,0.10653381039295443,0.11178381039295451,0.10534631039295439,0.10534631039295439,1.0,1.0,0.0,0.0,0.0,0.0,0.0,0.0,0.12442315519647715,0.01310394982647265,0.12392315519647712,0.11234631039295451,0.13549999999999973,0.11009631039295453,0.11009631039295453,1.0,1.0,0.5,0.0,0.0,0.0,0.0,0.0,0.0,0.015076844803522671,0.1507684480352267,0.030153689607045342,0.030153689607045342,0.12442315519647715,0.01310394982647265,0.12392315519647712,0.11234631039295451,0.13549999999999973,0.11009631039295453,0.11009631039295453,1.0,1.0,0.5,0.0,0.0,0.0,0.0,0.0,0.0,0.015076844803522671,0.1507684480352267,0.030153689607045342,0.030153689607045342,0.12442315519647715,0.01310394982647265,0.12392315519647712,0.11234631039295451,0.13549999999999973,0.11009631039295453,0.11009631039295453,1.0,1.0,0.5,0.0,0.0,0.0,0.0,0.0,0.0,0.015076844803522671,0.1507684480352267,0.030153689607045342,0.030153689607045342,0.12442315519647715,0.01310394982647265,0.12392315519647712,0.11234631039295451,0.13549999999999973,0.11009631039295453,0.11009631039295453,1.0,1.0,0.5,0.0,0.0,0.0,0.0,0.0,0.0,0.015076844803522671,0.1507684480352267,0.030153689607045342,0.030153689607045342,1.0,0.5,0.5,0.5,0.5,0.0,0.5,0.5,0.0,0.5,0.5,0.0,0.5,0.5,0.0,0.5,0.5,0.0,0.5,0.0,0.5,0.5,0.5,0.5,0.5,0.0,0.0,0.0,0.0,0.5,0.5,1.0,1.0,1.0,0.5,1.0,1.0,1.0,1.0,1.0,1.0,5,0,0.0,0.0,0.5,0.0,0.0,0.0,0.0,0.0,0.0,0.0,0.0,1.0,0.0,0.0,0.0,0.0,0.0,0.32098611114445386,0.011874890566266219,0.011874890566266219,0.0,0.05,0.05,0,0,0,0,C1,0.0,0.0,0.12442315519647715,0.5,1.0,0.5,0.0,0.0,0.12442315519647715
phaseflip,phaseflip,0.05,3,0.1,10,qiskit_aer,1,1,0.8604999999999999,0.5930361111111111,0.19999999999999998,0.0,0.0,0.0,0.0,0.0,0.13949999999999982,0.002779388421937513,0.14024999999999987,0.13668749999999977,0.14193749999999986,0.13549999999999973,0.13549999999999973,1.0,0.6,1.0,0.0,0.0,0.0,0.0,0.0,0.10934631039295448,0.002779388421937513,0.11009631039295453,0.10653381039295443,0.11178381039295451,0.10534631039295439,0.10534631039295439,1.0,1.0,0.0,0.0,0.0,0.0,0.0,0.0,0.12743852415718168,0.013442963395388667,0.13549999999999973,0.11234631039295451,0.13906249999999984,0.11009631039295453,0.11009631039295453,1.0,1.0,0.6,0.0,0.0,0.0,0.0,0.0,0.0,0.012061475842818137,0.12061475842818137,0.030153689607045342,0.030153689607045342,0.12743852415718168,0.013442963395388667,0.13549999999999973,0.11234631039295451,0.13906249999999984,0.11009631039295453,0.11009631039295453,1.0,1.0,0.6,0.0,0.0,0.0,0.0,0.0,0.0,0.012061475842818137,0.12061475842818137,0.030153689607045342,0.030153689607045342,0.12743852415718168,0.013442963395388667,0.13549999999999973,0.11234631039295451,0.13906249999999984,0.11009631039295453,0.11009631039295453,1.0,1.0,0.6,0.0,0.0,0.0,0.0,0.0,0.0,0.012061475842818137,0.12061475842818137,0.030153689607045342,0.030153689607045342,0.12743852415718168,0.013442963395388667,0.13549999999999973,0.11234631039295451,0.13906249999999984,0.11009631039295453,0.11009631039295453,1.0,1.0,0.6,0.0,0.0,0.0,0.0,0.0,0.0,0.012061475842818137,0.12061475842818137,0.030153689607045342,0.030153689607045342,1.0,0.4,0.4,0.4,0.4,0.0,0.4,0.6,0.0,0.4,0.6,0.0,0.4,0.6,0.0,0.4,0.6,0.0,0.4,0.0,0.4,0.4,0.4,0.4,0.4,0.0,0.0,0.0,0.0,0.4,0.4,1.0,1.0,1.0,0.4,1.0,1.0,1.0,1.0,1.0,1.0,4,0,0.0,0.0,0.4,0.0,0.0,0.0,0.0,0.0,0.0,0.0,0.0,1.0,0.0,0.0,0.0,0.0,0.0,0.2069638889231846,0.027544488809430962,0.027544488809430962,0.0,0.1,0.1,0,0,0,0,C1,0.0,0.0,0.12743852415718168,0.6,1.0,0.4,0.0,0.0,0.12743852415718168
phaseflip,phaseflip,0.05,4,0.0,10,qiskit_aer,1,1,0.8202674999999998,0.8202674999999998,0.0,0.0,0.0,0.0,0.0,0.0,0.17973249999999985,0.004220086640105866,0.1819874999999999,0.1787249999999999,0.18299999999999983,0.17194999999999983,0.17194999999999983,1.0,0.8,1.0,0.0,0.0,0.0,0.0,0.0,0.1495788103929545,0.004220086640105866,0.15183381039295457,0.14857131039295457,0.1528463103929545,0.14179631039295448,0.14179631039295448,1.0,1.0,0.0,0.0,0.0,0.0,0.0,0.0,0.17370176207859078,0.013245386656059694,0.1819874999999999,0.17194999999999983,0.18299999999999983,0.14857131039295457,0.14857131039295457,1.0,1.0,0.8,0.0,0.0,0.0,0.0,0.0,0.0,0.006030737921409068,0.060307379214090684,0.030153689607045342,0.030153689607045342,0.17370176207859078,0.013245386656059694,0.1819874999999999,0.17194999999999983,0.18299999999999983,0.14857131039295457,0.14857131039295457,1.0,1.0,0.8,0.0,0.0,0.0,0.0,0.0,0.0,0.006030737921409068,0.060307379214090684,0.030153689607045342,0.030153689607045342,0.17370176207859078,0.013245386656059694,0.1819874999999999,0.17194999999999983,0.18299999999999983,0.14857131039295457,0.14857131039295457,1.0,1.0,0.8,0.0,0.0,0.0,0.0,0.0,0.0,0.006030737921409068,0.060307379214090684,0.030153689607045342,0.030153689607045342,0.17370176207859078,0.013245386656059694,0.1819874999999999,0.17194999999999983,0.18299999999999983,0.14857131039295457,0.14857131039295457,1.0,1.0,0.8,0.0,0.0,0.0,0.0,0.0,0.0,0.006030737921409068,0.060307379214090684,0.030153689607045342,0.030153689607045342,1.0,0.2,0.2,0.2,0.2,0.0,0.2,0.8,0.0,0.2,0.8,0.0,0.2,0.8,0.0,0.2,0.8,0.0,0.2,0.0,0.2,0.2,0.2,0.2,0.2,0.0,0.0,0.0,0.0,0.2,0.2,1.0,1.0,1.0,0.2,1.0,1.0,1.0,1.0,1.0,1.0,2,0,0.0,0.0,0.2,0.0,0.0,0.0,0.0,0.0,0.0,0.0,0.0,1.0,0.0,0.0,0.0,0.0,0.0,-0.42026749998804125,1.867034853552012e-21,1.867034853552012e-21,0.0,0.0,0.0,0,0,0,0,C1,0.0,0.0,0.17370176207859078,0.8,1.0,0.2,0.0,0.0,0.17370176207859078
phaseflip,phaseflip,0.05,4,0.01,10,qiskit_aer,1,1,0.8202674999999998,0.6655097222222222,0.02222222222222222,0.0,0.0,0.0,0.0,0.0,0.17973249999999985,0.004220086640105866,0.1819874999999999,0.1787249999999999,0.18299999999999983,0.17194999999999983,0.17194999999999983,1.0,0.9,1.0,0.0,0.0,0.0,0.0,0.0,0.1495788103929545,0.004220086640105866,0.15183381039295457,0.14857131039295457,0.1528463103929545,0.14179631039295448,0.14179631039295448,1.0,1.0,0.0,0.0,0.0,0.0,0.0,0.0,0.17671713103929532,0.010281884527091443,0.1819874999999999,0.17364374999999985,0.18299999999999983,0.15909172071612493,0.14857131039295457,1.0,1.0,0.9,0.0,0.0,0.0,0.0,0.0,0.0,0.003015368960704534,0.030153689607045342,0.016584529283874903,0.030153689607045342,0.17671713103929532,0.010281884527091443,0.1819874999999999,0.17364374999999985,0.18299999999999983,0.15909172071612493,0.14857131039295457,1.0,1.0,0.9,0.0,0.0,0.0,0.0,0.0,0.0,0.003015368960704534,0.030153689607045342,0.016584529283874903,0.030153689607045342,0.17671713103929532,0.010281884527091443,0.1819874999999999,0.17364374999999985,0.18299999999999983,0.15909172071612493,0.14857131039295457,1.0,1.0,0.9,0.0,0.0,0.0,0.0,0.0,0.0,0.003015368960704534,0.030153689607045342,0.016584529283874903,0.030153689607045342,0.17671713103929532,0.010281884527091443,0.1819874999999999,0.17364374999999985,0.18299999999999983,0.15909172071612493,0.14857131039295457,1.0,1.0,0.9,0.0,0.0,0.0,0.0,0.0,0.0,0.003015368960704534,0.030153689607045342,0.016584529283874903,0.030153689607045342,1.0,0.1,0.1,0.1,0.1,0.0,0.1,0.9,0.0,0.1,0.9,0.0,0.1,0.9,0.0,0.1,0.9,0.0,0.1,0.0,0.1,0.1,0.1,0.1,0.1,0.0,0.0,0.0,0.0,0.1,0.1,1.0,1.0,1.0,0.1,1.0,1.0,1.0,1.0,1.0,1.0,1,0,0.0,0.0,0.1,0.0,0.0,0.0,0.0,0.0,0.0,0.0,0.0,1.0,0.0,0.0,0.0,0.0,0.0,-0.4655097222101217,9.33517426776006e-22,9.33517426776006e-22,0.0,0.01,0.01,0,0,0,0,C1,0.0,0.0,0.17671713103929532,0.9,1.0,0.1,0.0,0.0,0.17671713103929532
phaseflip,phaseflip,0.05,4,0.03,10,qiskit_aer,1,1,0.8202674999999998,0.6472313888888888,0.04444444444444444,0.0,0.0,0.0,0.0,0.0,0.17973249999999985,0.004220086640105866,0.1819874999999999,0.1787249999999999,0.18299999999999983,0.17194999999999983,0.17194999999999983,1.0,1.0,1.0,0.0,0.0,0.0,0.0,0.0,0.1495788103929545,0.004220086640105866,0.15183381039295457,0.14857131039295457,0.1528463103929545,0.14179631039295448,0.14179631039295448,1.0,1.0,0.0,0.0,0.0,0.0,0.0,0.0,0.17973249999999985,0.004220086640105866,0.1819874999999999,0.1787249999999999,0.18299999999999983,0.17194999999999983,0.17194999999999983,1.0,1.0,1.0,0.0,0.0,0.0,0.0,0.0,0.0,0.0,0.0,0.0,0.0,0.17973249999999985,0.004220086640105866,0.1819874999999999,0.1787249999999999,0.18299999999999983,0.17194999999999983,0.17194999999999983,1.0,1.0,1.0,0.0,0.0,0.0,0.0,0.0,0.0,0.0,0.0,0.0,0.0,0.17973249999999985,0.004220086640105866,0.1819874999999999,0.1787249999999999,0.18299999999999983,0.17194999999999983,0.17194999999999983,1.0,1.0,1.0,0.0,0.0,0.0,0.0,0.0,0.0,0.0,0.0,0.0,0.0,0.17973249999999985,0.004220086640105866,0.1819874999999999,0.1787249999999999,0.18299999999999983,0.17194999999999983,0.17194999999999983,1.0,1.0,1.0,0.0,0.0,0.0,0.0,0.0,0.0,0.0,0.0,0.0,0.0,1.0,0.0,0.0,0.0,0.0,0.0,0.0,1.0,0.0,0.0,1.0,0.0,0.0,1.0,0.0,0.0,1.0,0.0,0.0,0.0,0.0,0.0,0.0,0.0,0.0,0.0,0.0,0.0,0.0,0.0,0.0,1.0,1.0,1.0,0.0,0.0,0.0,0.0,0.0,0.0,0.0,0,0,0.0,0.0,0.0,0.0,0.0,0.0,0.0,0.0,0.0,0.0,0.0,1.0,0.0,0.0,0.0,0.0,0.0,-0.6472313888762938,0.0,0.0,0.0,0.03,0.03,0,0,0,0,C1,0.0,0.0,0.17973249999999985,1.0,1.0,0.0,0.0,0.0,0.17973249999999985
phaseflip,phaseflip,0.05,4,0.05,10,qiskit_aer,1,1,0.8202674999999998,0.6472313888888888,0.07777777777777778,0.0,0.0,0.0,0.0,0.0,0.17973249999999985,0.004220086640105866,0.1819874999999999,0.1787249999999999,0.18299999999999983,0.17194999999999983,0.17194999999999983,1.0,0.9,1.0,0.0,0.0,0.0,0.0,0.0,0.1495788103929545,0.004220086640105866,0.15183381039295457,0.14857131039295457,0.1528463103929545,0.14179631039295448,0.14179631039295448,1.0,1.0,0.0,0.0,0.0,0.0,0.0,0.0,0.17671713103929532,0.010281884527091443,0.1819874999999999,0.17364374999999985,0.18299999999999983,0.15909172071612493,0.14857131039295457,1.0,1.0,0.9,0.0,0.0,0.0,0.0,0.0,0.0,0.003015368960704534,0.030153689607045342,0.016584529283874903,0.030153689607045342,0.17671713103929532,0.010281884527091443,0.1819874999999999,0.17364374999999985,0.18299999999999983,0.15909172071612493,0.14857131039295457,1.0,1.0,0.9,0.0,0.0,0.0,0.0,0.0,0.0,0.003015368960704534,0.030153689607045342,0.016584529283874903,0.030153689607045342,0.17671713103929532,0.010281884527091443,0.1819874999999999,0.17364374999999985,0.18299999999999983,0.15909172071612493,0.14857131039295457,1.0,1.0,0.9,0.0,0.0,0.0,0.0,0.0,0.0,0.003015368960704534,0.030153689607045342,0.016584529283874903,0.030153689607045342,0.17671713103929532,0.010281884527091443,0.1819874999999999,0.17364374999999985,0.18299999999999983,0.15909172071612493,0.14857131039295457,1.0,1.0,0.9,0.0,0.0,0.0,0.0,0.0,0.0,0.003015368960704534,0.030153689607045342,0.016584529283874903,0.030153689607045342,1.0,0.1,0.1,0.1,0.1,0.0,0.1,0.9,0.0,0.1,0.9,0.0,0.1,0.9,0.0,0.1,0.9,0.0,0.1,0.0,0.1,0.1,0.1,0.1,0.1,0.0,0.0,0.0,0.0,0.1,0.1,1.0,1.0,1.0,0.1,1.0,1.0,1.0,1.0,1.0,1.0,1,0,0.0,0.0,0.1,0.0,0.0,0.0,0.0,0.0,0.0,0.0,0.0,1.0,0.0,0.0,0.0,0.0,0.0,-0.44723138887534236,9.33517426776006e-22,9.33517426776006e-22,0.0,0.05,0.05,0,0,0,0,C1,0.0,0.0,0.17671713103929532,0.9,1.0,0.1,0.0,0.0,0.17671713103929532
phaseflip,phaseflip,0.05,4,0.1,10,qiskit_aer,1,1,0.8202674999999998,0.5653663888888888,0.19999999999999998,0.0,0.0,0.0,0.0,0.0,0.17973249999999985,0.004220086640105866,0.1819874999999999,0.1787249999999999,0.18299999999999983,0.17194999999999983,0.17194999999999983,1.0,0.9,1.0,0.0,0.0,0.0,0.0,0.0,0.1495788103929545,0.004220086640105866,0.15183381039295457,0.14857131039295457,0.1528463103929545,0.14179631039295448,0.14179631039295448,1.0,1.0,0.0,0.0,0.0,0.0,0.0,0.0,0.17671713103929532,0.010281884527091443,0.1819874999999999,0.17364374999999985,0.18299999999999983,0.15909172071612493,0.14857131039295457,1.0,1.0,0.9,0.0,0.0,0.0,0.0,0.0,0.0,0.003015368960704534,0.030153689607045342,0.016584529283874903,0.030153689607045342,0.17671713103929532,0.010281884527091443,0.1819874999999999,0.17364374999999985,0.18299999999999983,0.15909172071612493,0.14857131039295457,1.0,1.0,0.9,0.0,0.0,0.0,0.0,0.0,0.0,0.003015368960704534,0.030153689607045342,0.016584529283874903,0.030153689607045342,0.17671713103929532,0.010281884527091443,0.1819874999999999,0.17364374999999985,0.18299999999999983,0.15909172071612493,0.14857131039295457,1.0,1.0,0.9,0.0,0.0,0.0,0.0,0.0,0.0,0.003015368960704534,0.030153689607045342,0.016584529283874903,0.030153689607045342,0.17671713103929532,0.010281884527091443,0.1819874999999999,0.17364374999999985,0.18299999999999983,0.15909172071612493,0.14857131039295457,1.0,1.0,0.9,0.0,0.0,0.0,0.0,0.0,0.0,0.003015368960704534,0.030153689607045342,0.016584529283874903,0.030153689607045342,1.0,0.1,0.1,0.1,0.1,0.0,0.1,0.9,0.0,0.1,0.9,0.0,0.1,0.9,0.0,0.1,0.9,0.0,0.1,0.0,0.1,0.1,0.1,0.1,0.1,0.0,0.0,0.0,0.0,0.1,0.1,1.0,1.0,1.0,0.1,1.0,1.0,1.0,1.0,1.0,1.0,1,0,0.0,0.0,0.1,0.0,0.0,0.0,0.0,0.0,0.0,0.0,0.0,1.0,0.0,0.0,0.0,0.0,0.0,-0.365366388877032,9.33517426776006e-22,9.33517426776006e-22,0.0,0.1,0.1,0,0,0,0,C1,0.0,0.0,0.17671713103929532,0.9,1.0,0.1,0.0,0.0,0.17671713103929532
phaseflip,phaseflip,0.1,1,0.0,10,qiskit_aer,1,1,0.9000000000000001,0.9000000000000001,0.0,0.0,1.0,1.0,0.0,0.0,0.09999999999999964,0.0,0.09999999999999964,0.09999999999999964,0.09999999999999964,0.09999999999999964,0.09999999999999964,1.0,0.8,1.0,0.2,0.0,0.0,0.0,0.0,0.0698463103929543,0.0,0.0698463103929543,0.0698463103929543,0.0698463103929543,0.0698463103929543,0.0698463103929543,1.0,1.0,0.0,0.0,0.0,1.0,1.0,1.0,0.0698463103929543,0.0,0.0698463103929543,0.0698463103929543,0.0698463103929543,0.0698463103929543,0.0698463103929543,1.0,1.0,0.0,0.0,0.0,1.0,1.0,1.0,0.0,0.030153689607045342,0.3015368960704534,0.030153689607045342,0.030153689607045342,0.09396926207859058,0.012061475842818137,0.09999999999999964,0.09999999999999964,0.09999999999999964,0.0698463103929543,0.0698463103929543,1.0,1.0,0.8,0.0,0.0,0.2,0.2,0.2,0.0,0.006030737921409068,0.060307379214090684,0.030153689607045342,0.030153689607045342,0.09396926207859058,0.012061475842818137,0.09999999999999964,0.09999999999999964,0.09999999999999964,0.0698463103929543,0.0698463103929543,1.0,1.0,0.8,0.0,0.0,0.2,0.2,0.2,0.0,0.006030737921409068,0.060307379214090684,0.030153689607045342,0.030153689607045342,0.09396926207859058,0.012061475842818137,0.09999999999999964,0.09999999999999964,0.09999999999999964,0.0698463103929543,0.0698463103929543,1.0,1.0,0.8,0.0,0.0,0.2,0.2,0.2,0.0,0.006030737921409068,0.060307379214090684,0.030153689607045342,0.030153689607045342,1.0,1.0,0.2,0.2,0.2,0.0,1.0,0.0,1.0,0.2,1.0,1.0,0.2,1.0,1.0,0.2,1.0,1.0,0.2,0.8,0.2,0.2,0.2,0.2,0.2,0.0,0.0,0.0,0.0,0.2,0.2,1.0,1.0,1.0,0.2,1.0,1.0,1.0,1.0,1.0,1.0,2,0,0.0,0.0,0.2,0.0,0.0,0.0,0.0,0.0,0.0,0.0,0.0,1.0,0.0,0.0,0.0,0.0,0.0,-0.4999999998967022,0.006573680430971311,0.006573680430971311,0.0,0.0,0.0,0,0,0,0,C2,0.0,0.0,0.09396926207859058,0.8,1.0,0.2,0.0,0.0,0.09396926207859058
phaseflip,phaseflip,0.1,1,0.01,10,qiskit_aer,1,1,0.9000000000000001,0.6900000000000001,0.03333333333333333,0.0,0.0,1.0,0.0,0.0,0.09999999999999964,0.0,0.09999999999999964,0.09999999999999964,0.09999999999999964,0.09999999999999964,0.09999999999999964,1.0,0.8,1.0,0.0,0.0,0.0,0.0,0.0,0.0698463103929543,0.0,0.0698463103929543,0.0698463103929543,0.0698463103929543,0.0698463103929543,0.0698463103929543,1.0,1.0,0.0,0.0,0.0,0.0,0.0,1.0,0.09396926207859058,0.012061475842818137,0.09999999999999964,0.09999999999999964,0.09999999999999964,0.0698463103929543,0.0698463103929543,1.0,1.0,0.8,0.0,0.0,0.0,0.0,0.2,0.0,0.006030737921409068,0.060307379214090684,0.030153689607045342,0.030153689607045342,0.09396926207859058,0.012061475842818137,0.09999999999999964,0.09999999999999964,0.09999999999999964,0.0698463103929543,0.0698463103929543,1.0,1.0,0.8,0.0,0.0,0.0,0.0,0.2,0.0,0.006030737921409068,0.060307379214090684,0.030153689607045342,0.030153689607045342,0.09396926207859058,0.012061475842818137,0.09999999999999964,0.09999999999999964,0.09999999999999964,0.0698463103929543,0.0698463103929543,1.0,1.0,0.8,0.0,0.0,0.0,0.0,0.2,0.0,0.006030737921409068,0.060307379214090684,0.030153689607045342,0.030153689607045342,0.09396926207859058,0.012061475842818137,0.09999999999999964,0.09999999999999964,0.09999999999999964,0.0698463103929543,0.0698463103929543,1.0,1.0,0.8,0.0,0.0,0.0,0.0,0.2,0.0,0.006030737921409068,0.060307379214090684,0.030153689607045342,0.030153689607045342,1.0,0.2,0.2,0.2,0.2,0.0,0.2,0.8,0.0,0.2,0.8,0.0,0.2,0.8,0.0,0.2,0.8,0.0,0.2,0.0,0.2,0.2,0.2,0.2,0.2,0.0,0.0,0.0,0.0,0.2,0.2,1.0,1.0,1.0,0.2,1.0,1.0,1.0,1.0,1.0,1.0,2,0,0.0,0.0,0.2,0.0,0.0,0.0,0.0,0.0,0.0,0.0,0.0,1.0,0.0,0.0,0.0,0.0,0.0,-0.2899999998980625,0.003286840215485658,0.003286840215485658,0.0,0.01,0.01,0,0,0,0,C1,0.0,0.0,0.09396926207859058,0.8,1.0,0.2,0.0,0.0,0.09396926207859058
phaseflip,phaseflip,0.1,1,0.03,10,qiskit_aer,1,1,0.9000000000000001,0.6200000000000001,0.1111111111111111,0.0,0.0,1.0,0.0,0.0,0.09999999999999964,0.0,0.09999999999999964,0.09999999999999964,0.09999999999999964,0.09999999999999964,0.09999999999999964,1.0,0.8,1.0,0.0,0.0,0.0,0.0,0.0,0.0698463103929543,0.0,0.0698463103929543,0.0698463103929543,0.0698463103929543,0.0698463103929543,0.0698463103929543,1.0,1.0,0.0,0.0,0.0,0.0,0.0,1.0,0.09396926207859058,0.012061475842818137,0.09999999999999964,0.09999999999999964,0.09999999999999964,0.0698463103929543,0.0698463103929543,1.0,1.0,0.8,0.0,0.0,0.0,0.0,0.2,0.0,0.006030737921409068,0.060307379214090684,0.030153689607045342,0.030153689607045342,0.09396926207859058,0.012061475842818137,0.09999999999999964,0.09999999999999964,0.09999999999999964,0.0698463103929543,0.0698463103929543,1.0,1.0,0.8,0.0,0.0,0.0,0.0,0.2,0.0,0.006030737921409068,0.060307379214090684,0.030153689607045342,0.030153689607045342,0.09396926207859058,0.012061475842818137,0.09999999999999964,0.09999999999999964,0.09999999999999964,0.0698463103929543,0.0698463103929543,1.0,1.0,0.8,0.0,0.0,0.0,0.0,0.2,0.0,0.006030737921409068,0.060307379214090684,0.030153689607045342,0.030153689607045342,0.09396926207859058,0.012061475842818137,0.09999999999999964,0.09999999999999964,0.09999999999999964,0.0698463103929543,0.0698463103929543,1.0,1.0,0.8,0.0,0.0,0.0,0.0,0.2,0.0,0.006030737921409068,0.060307379214090684,0.030153689607045342,0.030153689607045342,1.0,0.2,0.2,0.2,0.2,0.0,0.2,0.8,0.0,0.2,0.8,0.0,0.2,0.8,0.0,0.2,0.8,0.0,0.2,0.0,0.2,0.2,0.2,0.2,0.2,0.0,0.0,0.0,0.0,0.2,0.2,1.0,1.0,1.0,0.2,1.0,1.0,1.0,1.0,1.0,1.0,2,0,0.0,0.0,0.2,0.0,0.0,0.0,0.0,0.0,0.0,0.0,0.0,1.0,0.0,0.0,0.0,0.0,0.0,-0.2199999998980625,0.003286840215485658,0.003286840215485658,0.0,0.03,0.03,0,0,0,0,C1,0.0,0.0,0.09396926207859058,0.8,1.0,0.2,0.0,0.0,0.09396926207859058
phaseflip,phaseflip,0.1,1,0.05,10,qiskit_aer,1,1,0.9000000000000001,0.6000000000000001,0.15555555555555556,0.0,0.0,1.0,0.0,0.0,0.09999999999999964,0.0,0.09999999999999964,0.09999999999999964,0.09999999999999964,0.09999999999999964,0.09999999999999964,1.0,0.8,1.0,0.0,0.0,0.0,0.0,0.0,0.0698463103929543,0.0,0.0698463103929543,0.0698463103929543,0.0698463103929543,0.0698463103929543,0.0698463103929543,1.0,1.0,0.0,0.0,0.0,0.0,0.0,1.0,0.09396926207859058,0.012061475842818137,0.09999999999999964,0.09999999999999964,0.09999999999999964,0.0698463103929543,0.0698463103929543,1.0,1.0,0.8,0.0,0.0,0.0,0.0,0.2,0.0,0.006030737921409068,0.060307379214090684,0.030153689607045342,0.030153689607045342,0.09396926207859058,0.012061475842818137,0.09999999999999964,0.09999999999999964,0.09999999999999964,0.0698463103929543,0.0698463103929543,1.0,1.0,0.8,0.0,0.0,0.0,0.0,0.2,0.0,0.006030737921409068,0.060307379214090684,0.030153689607045342,0.030153689607045342,0.09396926207859058,0.012061475842818137,0.09999999999999964,0.09999999999999964,0.09999999999999964,0.0698463103929543,0.0698463103929543,1.0,1.0,0.8,0.0,0.0,0.0,0.0,0.2,0.0,0.006030737921409068,0.060307379214090684,0.030153689607045342,0.030153689607045342,0.09396926207859058,0.012061475842818137,0.09999999999999964,0.09999999999999964,0.09999999999999964,0.0698463103929543,0.0698463103929543,1.0,1.0,0.8,0.0,0.0,0.0,0.0,0.2,0.0,0.006030737921409068,0.060307379214090684,0.030153689607045342,0.030153689607045342,1.0,0.2,0.2,0.2,0.2,0.0,0.2,0.8,0.0,0.2,0.8,0.0,0.2,0.8,0.0,0.2,0.8,0.0,0.2,0.0,0.2,0.2,0.2,0.2,0.2,0.0,0.0,0.0,0.0,0.2,0.2,1.0,1.0,1.0,0.2,1.0,1.0,1.0,1.0,1.0,1.0,2,0,0.0,0.0,0.2,0.0,0.0,0.0,0.0,0.0,0.0,0.0,0.0,1.0,0.0,0.0,0.0,0.0,0.0,-0.1999999998980625,0.003286840215485658,0.003286840215485658,0.0,0.05,0.05,0,0,0,0,C1,0.0,0.0,0.09396926207859058,0.8,1.0,0.2,0.0,0.0,0.09396926207859058
phaseflip,phaseflip,0.1,1,0.1,10,qiskit_aer,1,1,0.9000000000000001,0.54,0.25555555555555554,0.0,0.0,1.0,0.0,0.0,0.09999999999999964,0.0,0.09999999999999964,0.09999999999999964,0.09999999999999964,0.09999999999999964,0.09999999999999964,1.0,0.8,1.0,0.0,0.0,0.0,0.0,0.0,0.0698463103929543,0.0,0.0698463103929543,0.0698463103929543,0.0698463103929543,0.0698463103929543,0.0698463103929543,1.0,1.0,0.0,0.0,0.0,0.0,0.0,1.0,0.09396926207859058,0.012061475842818137,0.09999999999999964,0.09999999999999964,0.09999999999999964,0.0698463103929543,0.0698463103929543,1.0,1.0,0.8,0.0,0.0,0.0,0.0,0.2,0.0,0.006030737921409068,0.060307379214090684,0.030153689607045342,0.030153689607045342,0.09396926207859058,0.012061475842818137,0.09999999999999964,0.09999999999999964,0.09999999999999964,0.0698463103929543,0.0698463103929543,1.0,1.0,0.8,0.0,0.0,0.0,0.0,0.2,0.0,0.006030737921409068,0.060307379214090684,0.030153689607045342,0.030153689607045342,0.09396926207859058,0.012061475842818137,0.09999999999999964,0.09999999999999964,0.09999999999999964,0.0698463103929543,0.0698463103929543,1.0,1.0,0.8,0.0,0.0,0.0,0.0,0.2,0.0,0.006030737921409068,0.060307379214090684,0.030153689607045342,0.030153689607045342,0.09396926207859058,0.012061475842818137,0.09999999999999964,0.09999999999999964,0.09999999999999964,0.0698463103929543,0.0698463103929543,1.0,1.0,0.8,0.0,0.0,0.0,0.0,0.2,0.0,0.006030737921409068,0.060307379214090684,0.030153689607045342,0.030153689607045342,1.0,0.2,0.2,0.2,0.2,0.0,0.2,0.8,0.0,0.2,0.8,0.0,0.2,0.8,0.0,0.2,0.8,0.0,0.2,0.0,0.2,0.2,0.2,0.2,0.2,0.0,0.0,0.0,0.0,0.2,0.2,1.0,1.0,1.0,0.2,1.0,1.0,1.0,1.0,1.0,1.0,2,0,0.0,0.0,0.2,0.0,0.0,0.0,0.0,0.0,0.0,0.0,0.0,1.0,0.0,0.0,0.0,0.0,0.0,-0.139999999896702,0.006573680430971311,0.006573680430971311,0.0,0.1,0.1,0,0,0,0,C1,0.0,0.0,0.09396926207859058,0.8,1.0,0.2,0.0,0.0,0.09396926207859058
phaseflip,phaseflip,0.1,2,0.0,10,qiskit_aer,1,1,0.8160000000000001,0.8160000000000001,0.0,0.0,0.0,0.0,0.0,0.0,0.1839999999999997,0.00489897948556632,0.17999999999999972,0.17999999999999972,0.1899999999999996,0.17999999999999972,0.17999999999999972,1.0,0.7,1.0,0.0,0.0,0.0,0.0,0.0,0.15384631039295435,0.00489897948556632,0.14984631039295437,0.14984631039295437,0.15984631039295427,0.14984631039295437,0.14984631039295437,1.0,1.0,0.0,0.0,0.0,0.0,0.0,0.0,0.1749538931178861,0.01695023021701166,0.17999999999999972,0.1573847327947157,0.1899999999999996,0.14984631039295437,0.14984631039295437,1.0,1.0,0.7,0.0,0.0,0.0,0.0,0.0,0.0,0.009046106882113603,0.09046106882113603,0.030153689607045342,0.030153689607045342,0.1749538931178861,0.01695023021701166,0.17999999999999972,0.1573847327947157,0.1899999999999996,0.14984631039295437,0.14984631039295437,1.0,1.0,0.7,0.0,0.0,0.0,0.0,0.0,0.0,0.009046106882113603,0.09046106882113603,0.030153689607045342,0.030153689607045342,0.1749538931178861,0.01695023021701166,0.17999999999999972,0.1573847327947157,0.1899999999999996,0.14984631039295437,0.14984631039295437,1.0,1.0,0.7,0.0,0.0,0.0,0.0,0.0,0.0,0.009046106882113603,0.09046106882113603,0.030153689607045342,0.030153689607045342,0.1749538931178861,0.01695023021701166,0.17999999999999972,0.1573847327947157,0.1899999999999996,0.14984631039295437,0.14984631039295437,1.0,1.0,0.7,0.0,0.0,0.0,0.0,0.0,0.0,0.009046106882113603,0.09046106882113603,0.030153689607045342,0.030153689607045342,1.0,0.3,0.3,0.3,0.3,0.0,0.3,0.7,0.0,0.3,0.7,0.0,0.3,0.7,0.0,0.3,0.7,0.0,0.3,0.0,0.3,0.3,0.3,0.3,0.3,0.0,0.0,0.0,0.0,0.3,0.3,1.0,1.0,1.0,0.3,1.0,1.0,1.0,1.0,1.0,1.0,3,0,0.0,0.0,0.3,0.0,0.0,0.0,0.0,0.0,0.0,0.0,0.0,1.0,0.0,0.0,0.0,0.0,0.0,-0.215999999990925,6.498337773551511e-21,6.498337773551511e-21,0.0,0.0,0.0,0,0,0,0,C1,0.0,0.0,0.1749538931178861,0.7,1.0,0.3,0.0,0.0,0.1749538931178861
phaseflip,phaseflip,0.1,2,0.01,10,qiskit_aer,1,1,0.8160000000000001,0.562,0.03333333333333333,0.0,0.0,0.0,0.0,0.0,0.1839999999999997,0.00489897948556632,0.17999999999999972,0.17999999999999972,0.1899999999999996,0.17999999999999972,0.17999999999999972,1.0,0.7,1.0,0.0,0.0,0.0,0.0,0.0,0.15384631039295435,0.00489897948556632,0.14984631039295437,0.14984631039295437,0.15984631039295427,0.14984631039295437,0.14984631039295437,1.0,1.0,0.0,0.0,0.0,0.0,0.0,0.0,0.1749538931178861,0.01695023021701166,0.17999999999999972,0.1573847327947157,0.1899999999999996,0.14984631039295437,0.14984631039295437,1.0,1.0,0.7,0.0,0.0,0.0,0.0,0.0,0.0,0.009046106882113603,0.09046106882113603,0.030153689607045342,0.030153689607045342,0.1749538931178861,0.01695023021701166,0.17999999999999972,0.1573847327947157,0.1899999999999996,0.14984631039295437,0.14984631039295437,1.0,1.0,0.7,0.0,0.0,0.0,0.0,0.0,0.0,0.009046106882113603,0.09046106882113603,0.030153689607045342,0.030153689607045342,0.1749538931178861,0.01695023021701166,0.17999999999999972,0.1573847327947157,0.1899999999999996,0.14984631039295437,0.14984631039295437,1.0,1.0,0.7,0.0,0.0,0.0,0.0,0.0,0.0,0.009046106882113603,0.09046106882113603,0.030153689607045342,0.030153689607045342,0.1749538931178861,0.01695023021701166,0.17999999999999972,0.1573847327947157,0.1899999999999996,0.14984631039295437,0.14984631039295437,1.0,1.0,0.7,0.0,0.0,0.0,0.0,0.0,0.0,0.009046106882113603,0.09046106882113603,0.030153689607045342,0.030153689607045342,1.0,0.3,0.3,0.3,0.3,0.0,0.3,0.7,0.0,0.3,0.7,0.0,0.3,0.7,0.0,0.3,0.7,0.0,0.3,0.0,0.3,0.3,0.3,0.3,0.3,0.0,0.0,0.0,0.0,0.3,0.3,1.0,1.0,1.0,0.3,1.0,1.0,1.0,1.0,1.0,1.0,3,0,0.0,0.0,0.3,0.0,0.0,0.0,0.0,0.0,0.0,0.0,0.0,1.0,0.0,0.0,0.0,0.0,0.0,0.03800000000820166,6.498337773551511e-21,6.498337773551511e-21,0.0,0.01,0.01,0,0,0,0,C1,0.0,0.0,0.1749538931178861,0.7,1.0,0.3,0.0,0.0,0.1749538931178861
phaseflip,phaseflip,0.1,2,0.03,10,qiskit_aer,1,1,0.8160000000000001,0.5075555555555555,0.1111111111111111,0.0,0.0,0.0,0.0,0.0,0.1839999999999997,0.00489897948556632,0.17999999999999972,0.17999999999999972,0.1899999999999996,0.17999999999999972,0.17999999999999972,1.0,0.7,1.0,0.0,0.0,0.0,0.0,0.0,0.15384631039295435,0.00489897948556632,0.14984631039295437,0.14984631039295437,0.15984631039295427,0.14984631039295437,0.14984631039295437,1.0,1.0,0.0,0.0,0.0,0.0,0.0,0.0,0.1749538931178861,0.01695023021701166,0.17999999999999972,0.1573847327947157,0.1899999999999996,0.14984631039295437,0.14984631039295437,1.0,1.0,0.7,0.0,0.0,0.0,0.0,0.0,0.0,0.009046106882113603,0.09046106882113603,0.030153689607045342,0.030153689607045342,0.1749538931178861,0.01695023021701166,0.17999999999999972,0.1573847327947157,0.1899999999999996,0.14984631039295437,0.14984631039295437,1.0,1.0,0.7,0.0,0.0,0.0,0.0,0.0,0.0,0.009046106882113603,0.09046106882113603,0.030153689607045342,0.030153689607045342,0.1749538931178861,0.01695023021701166,0.17999999999999972,0.1573847327947157,0.1899999999999996,0.14984631039295437,0.14984631039295437,1.0,1.0,0.7,0.0,0.0,0.0,0.0,0.0,0.0,0.009046106882113603,0.09046106882113603,0.030153689607045342,0.030153689607045342,0.1749538931178861,0.01695023021701166,0.17999999999999972,0.1573847327947157,0.1899999999999996,0.14984631039295437,0.14984631039295437,1.0,1.0,0.7,0.0,0.0,0.0,0.0,0.0,0.0,0.009046106882113603,0.09046106882113603,0.030153689607045342,0.030153689607045342,1.0,0.3,0.3,0.3,0.3,0.0,0.3,0.7,0.0,0.3,0.7,0.0,0.3,0.7,0.0,0.3,0.7,0.0,0.3,0.0,0.3,0.3,0.3,0.3,0.3,0.0,0.0,0.0,0.0,0.3,0.3,1.0,1.0,1.0,0.3,1.0,1.0,1.0,1.0,1.0,1.0,3,0,0.0,0.0,0.3,0.0,0.0,0.0,0.0,0.0,0.0,0.0,0.0,1.0,0.0,0.0,0.0,0.0,0.0,0.09244444445381068,6.498337773551511e-21,6.498337773551511e-21,0.0,0.03,0.03,0,0,0,0,C1,0.0,0.0,0.1749538931178861,0.7,1.0,0.3,0.0,0.0,0.1749538931178861
phaseflip,phaseflip,0.1,2,0.05,10,qiskit_aer,1,1,0.8160000000000001,0.48933333333333334,0.15555555555555556,0.0,0.0,0.0,0.0,0.0,0.1839999999999997,0.00489897948556632,0.17999999999999972,0.17999999999999972,0.1899999999999996,0.17999999999999972,0.17999999999999972,1.0,0.7,1.0,0.0,0.0,0.0,0.0,0.0,0.15384631039295435,0.00489897948556632,0.14984631039295437,0.14984631039295437,0.15984631039295427,0.14984631039295437,0.14984631039295437,1.0,1.0,0.0,0.0,0.0,0.0,0.0,0.0,0.1749538931178861,0.01695023021701166,0.17999999999999972,0.1573847327947157,0.1899999999999996,0.14984631039295437,0.14984631039295437,1.0,1.0,0.7,0.0,0.0,0.0,0.0,0.0,0.0,0.009046106882113603,0.09046106882113603,0.030153689607045342,0.030153689607045342,0.1749538931178861,0.01695023021701166,0.17999999999999972,0.1573847327947157,0.1899999999999996,0.14984631039295437,0.14984631039295437,1.0,1.0,0.7,0.0,0.0,0.0,0.0,0.0,0.0,0.009046106882113603,0.09046106882113603,0.030153689607045342,0.030153689607045342,0.1749538931178861,0.01695023021701166,0.17999999999999972,0.1573847327947157,0.1899999999999996,0.14984631039295437,0.14984631039295437,1.0,1.0,0.7,0.0,0.0,0.0,0.0,0.0,0.0,0.009046106882113603,0.09046106882113603,0.030153689607045342,0.030153689607045342,0.1749538931178861,0.01695023021701166,0.17999999999999972,0.1573847327947157,0.1899999999999996,0.14984631039295437,0.14984631039295437,1.0,1.0,0.7,0.0,0.0,0.0,0.0,0.0,0.0,0.009046106882113603,0.09046106882113603,0.030153689607045342,0.030153689607045342,1.0,0.3,0.3,0.3,0.3,0.0,0.3,0.7,0.0,0.3,0.7,0.0,0.3,0.7,0.0,0.3,0.7,0.0,0.3,0.0,0.3,0.3,0.3,0.3,0.3,0.0,0.0,0.0,0.0,0.3,0.3,1.0,1.0,1.0,0.3,1.0,1.0,1.0,1.0,1.0,1.0,3,0,0.0,0.0,0.3,0.0,0.0,0.0,0.0,0.0,0.0,0.0,0.0,1.0,0.0,0.0,0.0,0.0,0.0,0.1106666666760329,6.498337773551511e-21,6.498337773551511e-21,0.0,0.05,0.05,0,0,0,0,C1,0.0,0.0,0.1749538931178861,0.7,1.0,0.3,0.0,0.0,0.1749538931178861
phaseflip,phaseflip,0.1,2,0.1,10,qiskit_aer,1,1,0.8160000000000001,0.43522222222222223,0.25555555555555554,0.0,0.0,0.0,0.0,0.0,0.1839999999999997,0.00489897948556632,0.17999999999999972,0.17999999999999972,0.1899999999999996,0.17999999999999972,0.17999999999999972,1.0,0.7,1.0,0.0,0.0,0.0,0.0,0.0,0.15384631039295435,0.00489897948556632,0.14984631039295437,0.14984631039295437,0.15984631039295427,0.14984631039295437,0.14984631039295437,1.0,1.0,0.0,0.0,0.0,0.0,0.0,0.0,0.1749538931178861,0.01695023021701166,0.17999999999999972,0.1573847327947157,0.1899999999999996,0.14984631039295437,0.14984631039295437,1.0,1.0,0.7,0.0,0.0,0.0,0.0,0.0,0.0,0.009046106882113603,0.09046106882113603,0.030153689607045342,0.030153689607045342,0.1749538931178861,0.01695023021701166,0.17999999999999972,0.1573847327947157,0.1899999999999996,0.14984631039295437,0.14984631039295437,1.0,1.0,0.7,0.0,0.0,0.0,0.0,0.0,0.0,0.009046106882113603,0.09046106882113603,0.030153689607045342,0.030153689607045342,0.1749538931178861,0.01695023021701166,0.17999999999999972,0.1573847327947157,0.1899999999999996,0.14984631039295437,0.14984631039295437,1.0,1.0,0.7,0.0,0.0,0.0,0.0,0.0,0.0,0.009046106882113603,0.09046106882113603,0.030153689607045342,0.030153689607045342,0.1749538931178861,0.01695023021701166,0.17999999999999972,0.1573847327947157,0.1899999999999996,0.14984631039295437,0.14984631039295437,1.0,1.0,0.7,0.0,0.0,0.0,0.0,0.0,0.0,0.009046106882113603,0.09046106882113603,0.030153689607045342,0.030153689607045342,1.0,0.3,0.3,0.3,0.3,0.0,0.3,0.7,0.0,0.3,0.7,0.0,0.3,0.7,0.0,0.3,0.7,0.0,0.3,0.0,0.3,0.3,0.3,0.3,0.3,0.0,0.0,0.0,0.0,0.3,0.3,1.0,1.0,1.0,0.3,1.0,1.0,1.0,1.0,1.0,1.0,3,0,0.0,0.0,0.3,0.0,0.0,0.0,0.0,0.0,0.0,0.0,0.0,1.0,0.0,0.0,0.0,0.0,0.0,0.16477777778627054,6.498337773551511e-21,6.498337773551511e-21,0.0,0.1,0.1,0,0,0,0,C1,0.0,0.0,0.1749538931178861,0.7,1.0,0.3,0.0,0.0,0.1749538931178861
phaseflip,phaseflip,0.1,3,0.0,10,qiskit_aer,1,1,0.7410000000000001,0.7410000000000001,0.0,0.0,0.0,0.0,0.0,0.0,0.2589999999999997,0.010363397126425285,0.2619999999999997,0.24849999999999975,0.2679999999999997,0.24399999999999966,0.2439999999999997,1.0,0.7,1.0,0.0,0.0,0.0,0.0,0.0,0.22884631039295433,0.010363397126425285,0.23184631039295434,0.2183463103929544,0.23784631039295434,0.21384631039295432,0.21384631039295435,1.0,1.0,0.0,0.0,0.0,0.0,0.0,0.0,0.24995389311788607,0.01877812798565044,0.25299999999999967,0.23488473279471567,0.2679999999999997,0.2219463103929544,0.21384631039295443,1.0,1.0,0.7,0.0,0.0,0.0,0.0,0.0,0.0,0.009046106882113603,0.09046106882113603,0.030153689607045342,0.030153689607045342,0.24995389311788607,0.01877812798565044,0.25299999999999967,0.23488473279471567,0.2679999999999997,0.2219463103929544,0.21384631039295443,1.0,1.0,0.7,0.0,0.0,0.0,0.0,0.0,0.0,0.009046106882113603,0.09046106882113603,0.030153689607045342,0.030153689607045342,0.24995389311788607,0.01877812798565044,0.25299999999999967,0.23488473279471567,0.2679999999999997,0.2219463103929544,0.21384631039295443,1.0,1.0,0.7,0.0,0.0,0.0,0.0,0.0,0.0,0.009046106882113603,0.09046106882113603,0.030153689607045342,0.030153689607045342,0.24995389311788607,0.01877812798565044,0.25299999999999967,0.23488473279471567,0.2679999999999997,0.2219463103929544,0.21384631039295443,1.0,1.0,0.7,0.0,0.0,0.0,0.0,0.0,0.0,0.009046106882113603,0.09046106882113603,0.030153689607045342,0.030153689607045342,1.0,0.3,0.3,0.3,0.3,0.0,0.3,0.7,0.0,0.3,0.7,0.0,0.3,0.7,0.0,0.3,0.7,0.0,0.3,0.0,0.3,0.3,0.3,0.3,0.3,0.0,0.0,0.0,0.0,0.3,0.3,1.0,1.0,1.0,0.3,1.0,1.0,1.0,1.0,1.0,1.0,3,0,0.0,0.0,0.3,0.0,0.0,0.0,0.0,0.0,0.0,0.0,0.0,1.0,0.0,0.0,0.0,0.0,0.0,-0.14099999999793494,5.26574260914368e-21,5.26574260914368e-21,0.0,0.0,0.0,0,0,0,0,C1,0.0,0.0,0.24995389311788607,0.7,1.0,0.3,0.0,0.0,0.24995389311788607
phaseflip,phaseflip,0.1,3,0.01,10,qiskit_aer,1,1,0.7410000000000001,0.5600222222222223,0.02222222222222222,0.0,0.0,0.0,0.0,0.0,0.2589999999999997,0.010363397126425285,0.2619999999999997,0.24849999999999975,0.2679999999999997,0.24399999999999966,0.2439999999999997,1.0,0.7,1.0,0.0,0.0,0.0,0.0,0.0,0.22884631039295433,0.010363397126425285,0.23184631039295434,0.2183463103929544,0.23784631039295434,0.21384631039295432,0.21384631039295435,1.0,1.0,0.0,0.0,0.0,0.0,0.0,0.0,0.24995389311788607,0.01877812798565044,0.25299999999999967,0.23488473279471567,0.2679999999999997,0.2219463103929544,0.21384631039295443,1.0,1.0,0.7,0.0,0.0,0.0,0.0,0.0,0.0,0.009046106882113603,0.09046106882113603,0.030153689607045342,0.030153689607045342,0.24995389311788607,0.01877812798565044,0.25299999999999967,0.23488473279471567,0.2679999999999997,0.2219463103929544,0.21384631039295443,1.0,1.0,0.7,0.0,0.0,0.0,0.0,0.0,0.0,0.009046106882113603,0.09046106882113603,0.030153689607045342,0.030153689607045342,0.24995389311788607,0.01877812798565044,0.25299999999999967,0.23488473279471567,0.2679999999999997,0.2219463103929544,0.21384631039295443,1.0,1.0,0.7,0.0,0.0,0.0,0.0,0.0,0.0,0.009046106882113603,0.09046106882113603,0.030153689607045342,0.030153689607045342,0.24995389311788607,0.01877812798565044,0.25299999999999967,0.23488473279471567,0.2679999999999997,0.2219463103929544,0.21384631039295443,1.0,1.0,0.7,0.0,0.0,0.0,0.0,0.0,0.0,0.009046106882113603,0.09046106882113603,0.030153689607045342,0.030153689607045342,1.0,0.3,0.3,0.3,0.3,0.0,0.3,0.7,0.0,0.3,0.7,0.0,0.3,0.7,0.0,0.3,0.7,0.0,0.3,0.0,0.3,0.3,0.3,0.3,0.3,0.0,0.0,0.0,0.0,0.3,0.3,1.0,1.0,1.0,0.3,1.0,1.0,1.0,1.0,1.0,1.0,3,0,0.0,0.0,0.3,0.0,0.0,0.0,0.0,0.0,0.0,0.0,0.0,1.0,0.0,0.0,0.0,0.0,0.0,0.03997777777993176,4.033147444735849e-21,4.033147444735849e-21,0.0,0.01,0.01,0,0,0,0,C1,0.0,0.0,0.24995389311788607,0.7,1.0,0.3,0.0,0.0,0.24995389311788607
phaseflip,phaseflip,0.1,3,0.03,10,qiskit_aer,1,1,0.7410000000000001,0.5597333333333334,0.04444444444444444,0.0,0.0,0.0,0.0,0.0,0.2589999999999997,0.010363397126425285,0.2619999999999997,0.24849999999999975,0.2679999999999997,0.24399999999999966,0.2439999999999997,1.0,0.7,1.0,0.0,0.0,0.0,0.0,0.0,0.22884631039295433,0.010363397126425285,0.23184631039295434,0.2183463103929544,0.23784631039295434,0.21384631039295432,0.21384631039295435,1.0,1.0,0.0,0.0,0.0,0.0,0.0,0.0,0.24995389311788607,0.01877812798565044,0.25299999999999967,0.23488473279471567,0.2679999999999997,0.2219463103929544,0.21384631039295443,1.0,1.0,0.7,0.0,0.0,0.0,0.0,0.0,0.0,0.009046106882113603,0.09046106882113603,0.030153689607045342,0.030153689607045342,0.24995389311788607,0.01877812798565044,0.25299999999999967,0.23488473279471567,0.2679999999999997,0.2219463103929544,0.21384631039295443,1.0,1.0,0.7,0.0,0.0,0.0,0.0,0.0,0.0,0.009046106882113603,0.09046106882113603,0.030153689607045342,0.030153689607045342,0.24995389311788607,0.01877812798565044,0.25299999999999967,0.23488473279471567,0.2679999999999997,0.2219463103929544,0.21384631039295443,1.0,1.0,0.7,0.0,0.0,0.0,0.0,0.0,0.0,0.009046106882113603,0.09046106882113603,0.030153689607045342,0.030153689607045342,0.24995389311788607,0.01877812798565044,0.25299999999999967,0.23488473279471567,0.2679999999999997,0.2219463103929544,0.21384631039295443,1.0,1.0,0.7,0.0,0.0,0.0,0.0,0.0,0.0,0.009046106882113603,0.09046106882113603,0.030153689607045342,0.030153689607045342,1.0,0.3,0.3,0.3,0.3,0.0,0.3,0.7,0.0,0.3,0.7,0.0,0.3,0.7,0.0,0.3,0.7,0.0,0.3,0.0,0.3,0.3,0.3,0.3,0.3,0.0,0.0,0.0,0.0,0.3,0.3,1.0,1.0,1.0,0.3,1.0,1.0,1.0,1.0,1.0,1.0,3,0,0.0,0.0,0.3,0.0,0.0,0.0,0.0,0.0,0.0,0.0,0.0,1.0,0.0,0.0,0.0,0.0,0.0,0.04026666666882064,4.033147444735849e-21,4.033147444735849e-21,0.0,0.03,0.03,0,0,0,0,C1,0.0,0.0,0.24995389311788607,0.7,1.0,0.3,0.0,0.0,0.24995389311788607
phaseflip,phaseflip,0.1,3,0.05,10,qiskit_aer,1,1,0.7410000000000001,0.5678444444444445,0.07777777777777778,0.0,0.0,0.0,0.0,0.0,0.2589999999999997,0.010363397126425285,0.2619999999999997,0.24849999999999975,0.2679999999999997,0.24399999999999966,0.2439999999999997,1.0,0.8,1.0,0.0,0.0,0.0,0.0,0.0,0.22884631039295433,0.010363397126425285,0.23184631039295434,0.2183463103929544,0.23784631039295434,0.21384631039295432,0.21384631039295435,1.0,1.0,0.0,0.0,0.0,0.0,0.0,0.0,0.2529692620785906,0.01803463486083912,0.2619999999999997,0.24399999999999966,0.2679999999999997,0.2219463103929544,0.21384631039295443,1.0,1.0,0.8,0.0,0.0,0.0,0.0,0.0,0.0,0.006030737921409068,0.060307379214090684,0.030153689607045342,0.030153689607045342,0.2529692620785906,0.01803463486083912,0.2619999999999997,0.24399999999999966,0.2679999999999997,0.2219463103929544,0.21384631039295443,1.0,1.0,0.8,0.0,0.0,0.0,0.0,0.0,0.0,0.006030737921409068,0.060307379214090684,0.030153689607045342,0.030153689607045342,0.2529692620785906,0.01803463486083912,0.2619999999999997,0.24399999999999966,0.2679999999999997,0.2219463103929544,0.21384631039295443,1.0,1.0,0.8,0.0,0.0,0.0,0.0,0.0,0.0,0.006030737921409068,0.060307379214090684,0.030153689607045342,0.030153689607045342,0.2529692620785906,0.01803463486083912,0.2619999999999997,0.24399999999999966,0.2679999999999997,0.2219463103929544,0.21384631039295443,1.0,1.0,0.8,0.0,0.0,0.0,0.0,0.0,0.0,0.006030737921409068,0.060307379214090684,0.030153689607045342,0.030153689607045342,1.0,0.2,0.2,0.2,0.2,0.0,0.2,0.8,0.0,0.2,0.8,0.0,0.2,0.8,0.0,0.2,0.8,0.0,0.2,0.0,0.2,0.2,0.2,0.2,0.2,0.0,0.0,0.0,0.0,0.2,0.2,1.0,1.0,1.0,0.2,1.0,1.0,1.0,1.0,1.0,1.0,2,0,0.0,0.0,0.2,0.0,0.0,0.0,0.0,0.0,0.0,0.0,0.0,1.0,0.0,0.0,0.0,0.0,0.0,-0.16784444444220156,3.099630017959843e-21,3.099630017959843e-21,0.0,0.05,0.05,0,0,0,0,C1,0.0,0.0,0.2529692620785906,0.8,1.0,0.2,0.0,0.0,0.2529692620785906
phaseflip,phaseflip,0.1,3,0.1,10,qiskit_aer,1,1,0.7410000000000001,0.5107111111111112,0.19999999999999998,0.0,0.0,0.0,0.0,0.0,0.2589999999999997,0.010363397126425285,0.2619999999999997,0.24849999999999975,0.2679999999999997,0.24399999999999966,0.2439999999999997,1.0,0.7,1.0,0.0,0.0,0.0,0.0,0.0,0.22884631039295433,0.010363397126425285,0.23184631039295434,0.2183463103929544,0.23784631039295434,0.21384631039295432,0.21384631039295435,1.0,1.0,0.0,0.0,0.0,0.0,0.0,0.0,0.24995389311788607,0.01877812798565044,0.25299999999999967,0.23488473279471567,0.2679999999999997,0.2219463103929544,0.21384631039295443,1.0,1.0,0.7,0.0,0.0,0.0,0.0,0.0,0.0,0.009046106882113603,0.09046106882113603,0.030153689607045342,0.030153689607045342,0.24995389311788607,0.01877812798565044,0.25299999999999967,0.23488473279471567,0.2679999999999997,0.2219463103929544,0.21384631039295443,1.0,1.0,0.7,0.0,0.0,0.0,0.0,0.0,0.0,0.009046106882113603,0.09046106882113603,0.030153689607045342,0.030153689607045342,0.24995389311788607,0.01877812798565044,0.25299999999999967,0.23488473279471567,0.2679999999999997,0.2219463103929544,0.21384631039295443,1.0,1.0,0.7,0.0,0.0,0.0,0.0,0.0,0.0,0.009046106882113603,0.09046106882113603,0.030153689607045342,0.030153689607045342,0.24995389311788607,0.01877812798565044,0.25299999999999967,0.23488473279471567,0.2679999999999997,0.2219463103929544,0.21384631039295443,1.0,1.0,0.7,0.0,0.0,0.0,0.0,0.0,0.0,0.009046106882113603,0.09046106882113603,0.030153689607045342,0.030153689607045342,1.0,0.3,0.3,0.3,0.3,0.0,0.3,0.7,0.0,0.3,0.7,0.0,0.3,0.7,0.0,0.3,0.7,0.0,0.3,0.0,0.3,0.3,0.3,0.3,0.3,0.0,0.0,0.0,0.0,0.3,0.3,1.0,1.0,1.0,0.3,1.0,1.0,1.0,1.0,1.0,1.0,3,0,0.0,0.0,0.3,0.0,0.0,0.0,0.0,0.0,0.0,0.0,0.0,1.0,0.0,0.0,0.0,0.0,0.0,0.0892888888909633,4.033147444735849e-21,4.033147444735849e-21,0.0,0.1,0.1,0,0,0,0,C1,0.0,0.0,0.24995389311788607,0.7,1.0,0.3,0.0,0.0,0.24995389311788607
phaseflip,phaseflip,0.1,4,0.0,10,qiskit_aer,1,1,0.6772800000000001,0.6772800000000001,0.0,0.0,0.0,0.0,0.0,0.0,0.3227199999999998,0.01481275126369163,0.33079999999999976,0.3195999999999999,0.33399999999999974,0.2951999999999999,0.2951999999999999,1.0,0.7,1.0,0.0,0.0,0.0,0.0,0.0,0.29256631039295444,0.01481275126369163,0.3006463103929544,0.28944631039295454,0.3038463103929544,0.26504631039295456,0.26504631039295456,1.0,1.0,0.0,0.0,0.0,0.0,0.0,0.0,0.3136738931178862,0.02669945436690913,0.3267999999999998,0.3029847327947158,0.33399999999999974,0.26504631039295456,0.26504631039295456,1.0,1.0,0.7,0.0,0.0,0.0,0.0,0.0,0.0,0.009046106882113603,0.09046106882113603,0.030153689607045342,0.030153689607045342,0.3136738931178862,0.02669945436690913,0.3267999999999998,0.3029847327947158,0.33399999999999974,0.26504631039295456,0.26504631039295456,1.0,1.0,0.7,0.0,0.0,0.0,0.0,0.0,0.0,0.009046106882113603,0.09046106882113603,0.030153689607045342,0.030153689607045342,0.3136738931178862,0.02669945436690913,0.3267999999999998,0.3029847327947158,0.33399999999999974,0.26504631039295456,0.26504631039295456,1.0,1.0,0.7,0.0,0.0,0.0,0.0,0.0,0.0,0.009046106882113603,0.09046106882113603,0.030153689607045342,0.030153689607045342,0.3136738931178862,0.02669945436690913,0.3267999999999998,0.3029847327947158,0.33399999999999974,0.26504631039295456,0.26504631039295456,1.0,1.0,0.7,0.0,0.0,0.0,0.0,0.0,0.0,0.009046106882113603,0.09046106882113603,0.030153689607045342,0.030153689607045342,1.0,0.3,0.3,0.3,0.3,0.0,0.3,0.7,0.0,0.3,0.7,0.0,0.3,0.7,0.0,0.3,0.7,0.0,0.3,0.0,0.3,0.3,0.3,0.3,0.3,0.0,0.0,0.0,0.0,0.3,0.3,1.0,1.0,1.0,0.3,1.0,1.0,1.0,1.0,1.0,1.0,3,0,0.0,0.0,0.3,0.0,0.0,0.0,0.0,0.0,0.0,0.0,0.0,1.0,0.0,0.0,0.0,0.0,0.0,-0.07727999999929791,5.26574260914368e-21,5.26574260914368e-21,0.0,0.0,0.0,0,0,0,0,C1,0.0,0.0,0.3136738931178862,0.7,1.0,0.3,0.0,0.0,0.3136738931178862
phaseflip,phaseflip,0.1,4,0.01,10,qiskit_aer,1,1,0.6772800000000001,0.43656000000000006,0.02222222222222222,0.0,0.0,0.0,0.0,0.0,0.3227199999999998,0.01481275126369163,0.33079999999999976,0.3195999999999999,0.33399999999999974,0.2951999999999999,0.2951999999999999,1.0,0.7,1.0,0.0,0.0,0.0,0.0,0.0,0.29256631039295444,0.01481275126369163,0.3006463103929544,0.28944631039295454,0.3038463103929544,0.26504631039295456,0.26504631039295456,1.0,1.0,0.0,0.0,0.0,0.0,0.0,0.0,0.3136738931178862,0.02669945436690913,0.3267999999999998,0.3029847327947158,0.33399999999999974,0.26504631039295456,0.26504631039295456,1.0,1.0,0.7,0.0,0.0,0.0,0.0,0.0,0.0,0.009046106882113603,0.09046106882113603,0.030153689607045342,0.030153689607045342,0.3136738931178862,0.02669945436690913,0.3267999999999998,0.3029847327947158,0.33399999999999974,0.26504631039295456,0.26504631039295456,1.0,1.0,0.7,0.0,0.0,0.0,0.0,0.0,0.0,0.009046106882113603,0.09046106882113603,0.030153689607045342,0.030153689607045342,0.3136738931178862,0.02669945436690913,0.3267999999999998,0.3029847327947158,0.33399999999999974,0.26504631039295456,0.26504631039295456,1.0,1.0,0.7,0.0,0.0,0.0,0.0,0.0,0.0,0.009046106882113603,0.09046106882113603,0.030153689607045342,0.030153689607045342,0.3136738931178862,0.02669945436690913,0.3267999999999998,0.3029847327947158,0.33399999999999974,0.26504631039295456,0.26504631039295456,1.0,1.0,0.7,0.0,0.0,0.0,0.0,0.0,0.0,0.009046106882113603,0.09046106882113603,0.030153689607045342,0.030153689607045342,1.0,0.3,0.3,0.3,0.3,0.0,0.3,0.7,0.0,0.3,0.7,0.0,0.3,0.7,0.0,0.3,0.7,0.0,0.3,0.0,0.3,0.3,0.3,0.3,0.3,0.0,0.0,0.0,0.0,0.3,0.3,1.0,1.0,1.0,0.3,1.0,1.0,1.0,1.0,1.0,1.0,3,0,0.0,0.0,0.3,0.0,0.0,0.0,0.0,0.0,0.0,0.0,0.0,1.0,0.0,0.0,0.0,0.0,0.0,0.16344000000069842,5.26574260914368e-21,5.26574260914368e-21,0.0,0.01,0.01,0,0,0,0,C1,0.0,0.0,0.3136738931178862,0.7,1.0,0.3,0.0,0.0,0.3136738931178862
phaseflip,phaseflip,0.1,4,0.03,10,qiskit_aer,1,1,0.6772800000000001,0.43612888888888895,0.04444444444444444,0.0,0.0,0.0,0.0,0.0,0.3227199999999998,0.01481275126369163,0.33079999999999976,0.3195999999999999,0.33399999999999974,0.2951999999999999,0.2951999999999999,1.0,0.7,1.0,0.0,0.0,0.0,0.0,0.0,0.29256631039295444,0.01481275126369163,0.3006463103929544,0.28944631039295454,0.3038463103929544,0.26504631039295456,0.26504631039295456,1.0,1.0,0.0,0.0,0.0,0.0,0.0,0.0,0.3136738931178862,0.02669945436690913,0.3267999999999998,0.3029847327947158,0.33399999999999974,0.26504631039295456,0.26504631039295456,1.0,1.0,0.7,0.0,0.0,0.0,0.0,0.0,0.0,0.009046106882113603,0.09046106882113603,0.030153689607045342,0.030153689607045342,0.3136738931178862,0.02669945436690913,0.3267999999999998,0.3029847327947158,0.33399999999999974,0.26504631039295456,0.26504631039295456,1.0,1.0,0.7,0.0,0.0,0.0,0.0,0.0,0.0,0.009046106882113603,0.09046106882113603,0.030153689607045342,0.030153689607045342,0.3136738931178862,0.02669945436690913,0.3267999999999998,0.3029847327947158,0.33399999999999974,0.26504631039295456,0.26504631039295456,1.0,1.0,0.7,0.0,0.0,0.0,0.0,0.0,0.0,0.009046106882113603,0.09046106882113603,0.030153689607045342,0.030153689607045342,0.3136738931178862,0.02669945436690913,0.3267999999999998,0.3029847327947158,0.33399999999999974,0.26504631039295456,0.26504631039295456,1.0,1.0,0.7,0.0,0.0,0.0,0.0,0.0,0.0,0.009046106882113603,0.09046106882113603,0.030153689607045342,0.030153689607045342,1.0,0.3,0.3,0.3,0.3,0.0,0.3,0.7,0.0,0.3,0.7,0.0,0.3,0.7,0.0,0.3,0.7,0.0,0.3,0.0,0.3,0.3,0.3,0.3,0.3,0.0,0.0,0.0,0.0,0.3,0.3,1.0,1.0,1.0,0.3,1.0,1.0,1.0,1.0,1.0,1.0,3,0,0.0,0.0,0.3,0.0,0.0,0.0,0.0,0.0,0.0,0.0,0.0,1.0,0.0,0.0,0.0,0.0,0.0,0.16387111111173575,6.498337773551511e-21,6.498337773551511e-21,0.0,0.03,0.03,0,0,0,0,C1,0.0,0.0,0.3136738931178862,0.7,1.0,0.3,0.0,0.0,0.3136738931178862
phaseflip,phaseflip,0.1,4,0.05,10,qiskit_aer,1,1,0.6772800000000001,0.4435288888888889,0.07777777777777778,0.0,0.0,0.0,0.0,0.0,0.3227199999999998,0.01481275126369163,0.33079999999999976,0.3195999999999999,0.33399999999999974,0.2951999999999999,0.2951999999999999,1.0,0.7,1.0,0.0,0.0,0.0,0.0,0.0,0.29256631039295444,0.01481275126369163,0.3006463103929544,0.28944631039295454,0.3038463103929544,0.26504631039295456,0.26504631039295456,1.0,1.0,0.0,0.0,0.0,0.0,0.0,0.0,0.3136738931178862,0.02669945436690913,0.3267999999999998,0.3029847327947158,0.33399999999999974,0.26504631039295456,0.26504631039295456,1.0,1.0,0.7,0.0,0.0,0.0,0.0,0.0,0.0,0.009046106882113603,0.09046106882113603,0.030153689607045342,0.030153689607045342,0.3136738931178862,0.02669945436690913,0.3267999999999998,0.3029847327947158,0.33399999999999974,0.26504631039295456,0.26504631039295456,1.0,1.0,0.7,0.0,0.0,0.0,0.0,0.0,0.0,0.009046106882113603,0.09046106882113603,0.030153689607045342,0.030153689607045342,0.3136738931178862,0.02669945436690913,0.3267999999999998,0.3029847327947158,0.33399999999999974,0.26504631039295456,0.26504631039295456,1.0,1.0,0.7,0.0,0.0,0.0,0.0,0.0,0.0,0.009046106882113603,0.09046106882113603,0.030153689607045342,0.030153689607045342,0.3136738931178862,0.02669945436690913,0.3267999999999998,0.3029847327947158,0.33399999999999974,0.26504631039295456,0.26504631039295456,1.0,1.0,0.7,0.0,0.0,0.0,0.0,0.0,0.0,0.009046106882113603,0.09046106882113603,0.030153689607045342,0.030153689607045342,1.0,0.3,0.3,0.3,0.3,0.0,0.3,0.7,0.0,0.3,0.7,0.0,0.3,0.7,0.0,0.3,0.7,0.0,0.3,0.0,0.3,0.3,0.3,0.3,0.3,0.0,0.0,0.0,0.0,0.3,0.3,1.0,1.0,1.0,0.3,1.0,1.0,1.0,1.0,1.0,1.0,3,0,0.0,0.0,0.3,0.0,0.0,0.0,0.0,0.0,0.0,0.0,0.0,1.0,0.0,0.0,0.0,0.0,0.0,0.15647111111177237,5.26574260914368e-21,5.26574260914368e-21,0.0,0.05,0.05,0,0,0,0,C1,0.0,0.0,0.3136738931178862,0.7,1.0,0.3,0.0,0.0,0.3136738931178862
phaseflip,phaseflip,0.1,4,0.1,10,qiskit_aer,1,1,0.6772800000000001,0.42891111111111113,0.19999999999999998,0.0,0.0,0.0,0.0,0.0,0.3227199999999998,0.01481275126369163,0.33079999999999976,0.3195999999999999,0.33399999999999974,0.2951999999999999,0.2951999999999999,1.0,0.8,1.0,0.0,0.0,0.0,0.0,0.0,0.29256631039295444,0.01481275126369163,0.3006463103929544,0.28944631039295454,0.3038463103929544,0.26504631039295456,0.26504631039295456,1.0,1.0,0.0,0.0,0.0,0.0,0.0,0.0,0.3166892620785907,0.02639751152478653,0.33079999999999976,0.3195999999999999,0.33399999999999974,0.26504631039295456,0.26504631039295456,1.0,1.0,0.8,0.0,0.0,0.0,0.0,0.0,0.0,0.006030737921409068,0.060307379214090684,0.030153689607045342,0.030153689607045342,0.3166892620785907,0.02639751152478653,0.33079999999999976,0.3195999999999999,0.33399999999999974,0.26504631039295456,0.26504631039295456,1.0,1.0,0.8,0.0,0.0,0.0,0.0,0.0,0.0,0.006030737921409068,0.060307379214090684,0.030153689607045342,0.030153689607045342,0.3166892620785907,0.02639751152478653,0.33079999999999976,0.3195999999999999,0.33399999999999974,0.26504631039295456,0.26504631039295456,1.0,1.0,0.8,0.0,0.0,0.0,0.0,0.0,0.0,0.006030737921409068,0.060307379214090684,0.030153689607045342,0.030153689607045342,0.3166892620785907,0.02639751152478653,0.33079999999999976,0.3195999999999999,0.33399999999999974,0.26504631039295456,0.26504631039295456,1.0,1.0,0.8,0.0,0.0,0.0,0.0,0.0,0.0,0.006030737921409068,0.060307379214090684,0.030153689607045342,0.030153689607045342,1.0,0.2,0.2,0.2,0.2,0.0,0.2,0.8,0.0,0.2,0.8,0.0,0.2,0.8,0.0,0.2,0.8,0.0,0.2,0.0,0.2,0.2,0.2,0.2,0.2,0.0,0.0,0.0,0.0,0.2,0.2,1.0,1.0,1.0,0.2,1.0,1.0,1.0,1.0,1.0,1.0,2,0,0.0,0.0,0.2,0.0,0.0,0.0,0.0,0.0,0.0,0.0,0.0,1.0,0.0,0.0,0.0,0.0,0.0,-0.028911111110296317,4.332225182367674e-21,4.332225182367674e-21,0.0,0.1,0.1,0,0,0,0,C1,0.0,0.0,0.3166892620785907,0.8,1.0,0.2,0.0,0.0,0.3166892620785907
phaseflip,phaseflip,0.15,1,0.0,10,qiskit_aer,1,1,0.8500000000000001,0.8500000000000001,0.0,0.0,0.0,0.0,0.0,0.0,0.1499999999999997,0.0,0.1499999999999997,0.1499999999999997,0.1499999999999997,0.1499999999999997,0.1499999999999997,1.0,0.5,1.0,0.0,0.0,0.0,0.0,0.0,0.11984631039295435,0.0,0.11984631039295435,0.11984631039295435,0.11984631039295435,0.11984631039295435,0.11984631039295435,1.0,1.0,0.0,0.0,0.0,0.0,0.0,0.0,0.13492315519647702,0.015076844803522671,0.13492315519647702,0.11984631039295435,0.1499999999999997,0.11984631039295435,0.11984631039295435,1.0,1.0,0.5,0.0,0.0,0.0,0.0,0.0,0.0,0.015076844803522671,0.1507684480352267,0.030153689607045342,0.030153689607045342,0.13492315519647702,0.015076844803522671,0.13492315519647702,0.11984631039295435,0.1499999999999997,0.11984631039295435,0.11984631039295435,1.0,1.0,0.5,0.0,0.0,0.0,0.0,0.0,0.0,0.015076844803522671,0.1507684480352267,0.030153689607045342,0.030153689607045342,0.13492315519647702,0.015076844803522671,0.13492315519647702,0.11984631039295435,0.1499999999999997,0.11984631039295435,0.11984631039295435,1.0,1.0,0.5,0.0,0.0,0.0,0.0,0.0,0.0,0.015076844803522671,0.1507684480352267,0.030153689607045342,0.030153689607045342,0.13492315519647702,0.015076844803522671,0.13492315519647702,0.11984631039295435,0.1499999999999997,0.11984631039295435,0.11984631039295435,1.0,1.0,0.5,0.0,0.0,0.0,0.0,0.0,0.0,0.015076844803522671,0.1507684480352267,0.030153689607045342,0.030153689607045342,1.0,0.5,0.5,0.5,0.5,0.0,0.5,0.5,0.0,0.5,0.5,0.0,0.5,0.5,0.0,0.5,0.5,0.0,0.5,0.0,0.5,0.5,0.5,0.5,0.5,0.0,0.0,0.0,0.0,0.5,0.5,1.0,1.0,1.0,0.5,1.0,1.0,1.0,1.0,1.0,1.0,5,0,0.0,0.0,0.5,0.0,0.0,0.0,0.0,0.0,0.0,0.0,0.0,1.0,0.0,0.0,0.0,0.0,0.0,0.15000000001784616,1.7539085960076933e-17,1.7539085960076933e-17,0.0,0.0,0.0,0,0,0,0,C1,0.0,0.0,0.13492315519647702,0.5,1.0,0.5,0.0,0.0,0.13492315519647702
phaseflip,phaseflip,0.15,1,0.01,10,qiskit_aer,1,1,0.8500000000000001,0.6138888888888889,0.03333333333333333,0.0,0.0,0.0,0.0,0.0,0.1499999999999997,0.0,0.1499999999999997,0.1499999999999997,0.1499999999999997,0.1499999999999997,0.1499999999999997,1.0,0.5,1.0,0.0,0.0,0.0,0.0,0.0,0.11984631039295435,0.0,0.11984631039295435,0.11984631039295435,0.11984631039295435,0.11984631039295435,0.11984631039295435,1.0,1.0,0.0,0.0,0.0,0.0,0.0,0.0,0.13492315519647702,0.015076844803522671,0.13492315519647702,0.11984631039295435,0.1499999999999997,0.11984631039295435,0.11984631039295435,1.0,1.0,0.5,0.0,0.0,0.0,0.0,0.0,0.0,0.015076844803522671,0.1507684480352267,0.030153689607045342,0.030153689607045342,0.13492315519647702,0.015076844803522671,0.13492315519647702,0.11984631039295435,0.1499999999999997,0.11984631039295435,0.11984631039295435,1.0,1.0,0.5,0.0,0.0,0.0,0.0,0.0,0.0,0.015076844803522671,0.1507684480352267,0.030153689607045342,0.030153689607045342,0.13492315519647702,0.015076844803522671,0.13492315519647702,0.11984631039295435,0.1499999999999997,0.11984631039295435,0.11984631039295435,1.0,1.0,0.5,0.0,0.0,0.0,0.0,0.0,0.0,0.015076844803522671,0.1507684480352267,0.030153689607045342,0.030153689607045342,0.13492315519647702,0.015076844803522671,0.13492315519647702,0.11984631039295435,0.1499999999999997,0.11984631039295435,0.11984631039295435,1.0,1.0,0.5,0.0,0.0,0.0,0.0,0.0,0.0,0.015076844803522671,0.1507684480352267,0.030153689607045342,0.030153689607045342,1.0,0.5,0.5,0.5,0.5,0.0,0.5,0.5,0.0,0.5,0.5,0.0,0.5,0.5,0.0,0.5,0.5,0.0,0.5,0.0,0.5,0.5,0.5,0.5,0.5,0.0,0.0,0.0,0.0,0.5,0.5,1.0,1.0,1.0,0.5,1.0,1.0,1.0,1.0,1.0,1.0,5,0,0.0,0.0,0.5,0.0,0.0,0.0,0.0,0.0,0.0,0.0,0.0,1.0,0.0,0.0,0.0,0.0,0.0,0.3861111111289574,1.7539085960076933e-17,1.7539085960076933e-17,0.0,0.01,0.01,0,0,0,0,C1,0.0,0.0,0.13492315519647702,0.5,1.0,0.5,0.0,0.0,0.13492315519647702
phaseflip,phaseflip,0.15,1,0.03,10,qiskit_aer,1,1,0.8500000000000001,0.5572222222222223,0.1111111111111111,0.0,0.0,0.0,0.0,0.0,0.1499999999999997,0.0,0.1499999999999997,0.1499999999999997,0.1499999999999997,0.1499999999999997,0.1499999999999997,1.0,0.5,1.0,0.0,0.0,0.0,0.0,0.0,0.11984631039295435,0.0,0.11984631039295435,0.11984631039295435,0.11984631039295435,0.11984631039295435,0.11984631039295435,1.0,1.0,0.0,0.0,0.0,0.0,0.0,0.0,0.13492315519647702,0.015076844803522671,0.13492315519647702,0.11984631039295435,0.1499999999999997,0.11984631039295435,0.11984631039295435,1.0,1.0,0.5,0.0,0.0,0.0,0.0,0.0,0.0,0.015076844803522671,0.1507684480352267,0.030153689607045342,0.030153689607045342,0.13492315519647702,0.015076844803522671,0.13492315519647702,0.11984631039295435,0.1499999999999997,0.11984631039295435,0.11984631039295435,1.0,1.0,0.5,0.0,0.0,0.0,0.0,0.0,0.0,0.015076844803522671,0.1507684480352267,0.030153689607045342,0.030153689607045342,0.13492315519647702,0.015076844803522671,0.13492315519647702,0.11984631039295435,0.1499999999999997,0.11984631039295435,0.11984631039295435,1.0,1.0,0.5,0.0,0.0,0.0,0.0,0.0,0.0,0.015076844803522671,0.1507684480352267,0.030153689607045342,0.030153689607045342,0.13492315519647702,0.015076844803522671,0.13492315519647702,0.11984631039295435,0.1499999999999997,0.11984631039295435,0.11984631039295435,1.0,1.0,0.5,0.0,0.0,0.0,0.0,0.0,0.0,0.015076844803522671,0.1507684480352267,0.030153689607045342,0.030153689607045342,1.0,0.5,0.5,0.5,0.5,0.0,0.5,0.5,0.0,0.5,0.5,0.0,0.5,0.5,0.0,0.5,0.5,0.0,0.5,0.0,0.5,0.5,0.5,0.5,0.5,0.0,0.0,0.0,0.0,0.5,0.5,1.0,1.0,1.0,0.5,1.0,1.0,1.0,1.0,1.0,1.0,5,0,0.0,0.0,0.5,0.0,0.0,0.0,0.0,0.0,0.0,0.0,0.0,1.0,0.0,0.0,0.0,0.0,0.0,0.4427777777956241,1.7539085960076933e-17,1.7539085960076933e-17,0.0,0.03,0.03,0,0,0,0,C1,0.0,0.0,0.13492315519647702,0.5,1.0,0.5,0.0,0.0,0.13492315519647702
phaseflip,phaseflip,0.15,1,0.05,10,qiskit_aer,1,1,0.8500000000000001,0.5383333333333333,0.15555555555555556,0.0,0.0,0.0,0.0,0.0,0.1499999999999997,0.0,0.1499999999999997,0.1499999999999997,0.1499999999999997,0.1499999999999997,0.1499999999999997,1.0,0.5,1.0,0.0,0.0,0.0,0.0,0.0,0.11984631039295435,0.0,0.11984631039295435,0.11984631039295435,0.11984631039295435,0.11984631039295435,0.11984631039295435,1.0,1.0,0.0,0.0,0.0,0.0,0.0,0.0,0.13492315519647702,0.015076844803522671,0.13492315519647702,0.11984631039295435,0.1499999999999997,0.11984631039295435,0.11984631039295435,1.0,1.0,0.5,0.0,0.0,0.0,0.0,0.0,0.0,0.015076844803522671,0.1507684480352267,0.030153689607045342,0.030153689607045342,0.13492315519647702,0.015076844803522671,0.13492315519647702,0.11984631039295435,0.1499999999999997,0.11984631039295435,0.11984631039295435,1.0,1.0,0.5,0.0,0.0,0.0,0.0,0.0,0.0,0.015076844803522671,0.1507684480352267,0.030153689607045342,0.030153689607045342,0.13492315519647702,0.015076844803522671,0.13492315519647702,0.11984631039295435,0.1499999999999997,0.11984631039295435,0.11984631039295435,1.0,1.0,0.5,0.0,0.0,0.0,0.0,0.0,0.0,0.015076844803522671,0.1507684480352267,0.030153689607045342,0.030153689607045342,0.13492315519647702,0.015076844803522671,0.13492315519647702,0.11984631039295435,0.1499999999999997,0.11984631039295435,0.11984631039295435,1.0,1.0,0.5,0.0,0.0,0.0,0.0,0.0,0.0,0.015076844803522671,0.1507684480352267,0.030153689607045342,0.030153689607045342,1.0,0.5,0.5,0.5,0.5,0.0,0.5,0.5,0.0,0.5,0.5,0.0,0.5,0.5,0.0,0.5,0.5,0.0,0.5,0.0,0.5,0.5,0.5,0.5,0.5,0.0,0.0,0.0,0.0,0.5,0.5,1.0,1.0,1.0,0.5,1.0,1.0,1.0,1.0,1.0,1.0,5,0,0.0,0.0,0.5,0.0,0.0,0.0,0.0,0.0,0.0,0.0,0.0,1.0,0.0,0.0,0.0,0.0,0.0,0.461666666684513,1.7539085960076933e-17,1.7539085960076933e-17,0.0,0.05,0.05,0,0,0,0,C1,0.0,0.0,0.13492315519647702,0.5,1.0,0.5,0.0,0.0,0.13492315519647702
phaseflip,phaseflip,0.15,1,0.1,10,qiskit_aer,1,1,0.8500000000000001,0.4816666666666667,0.25555555555555554,0.0,0.0,0.0,0.0,0.0,0.1499999999999997,0.0,0.1499999999999997,0.1499999999999997,0.1499999999999997,0.1499999999999997,0.1499999999999997,1.0,0.5,1.0,0.0,0.0,0.0,0.0,0.0,0.11984631039295435,0.0,0.11984631039295435,0.11984631039295435,0.11984631039295435,0.11984631039295435,0.11984631039295435,1.0,1.0,0.0,0.0,0.0,0.0,0.0,0.0,0.13492315519647702,0.015076844803522671,0.13492315519647702,0.11984631039295435,0.1499999999999997,0.11984631039295435,0.11984631039295435,1.0,1.0,0.5,0.0,0.0,0.0,0.0,0.0,0.0,0.015076844803522671,0.1507684480352267,0.030153689607045342,0.030153689607045342,0.13492315519647702,0.015076844803522671,0.13492315519647702,0.11984631039295435,0.1499999999999997,0.11984631039295435,0.11984631039295435,1.0,1.0,0.5,0.0,0.0,0.0,0.0,0.0,0.0,0.015076844803522671,0.1507684480352267,0.030153689607045342,0.030153689607045342,0.13492315519647702,0.015076844803522671,0.13492315519647702,0.11984631039295435,0.1499999999999997,0.11984631039295435,0.11984631039295435,1.0,1.0,0.5,0.0,0.0,0.0,0.0,0.0,0.0,0.015076844803522671,0.1507684480352267,0.030153689607045342,0.030153689607045342,0.13492315519647702,0.015076844803522671,0.13492315519647702,0.11984631039295435,0.1499999999999997,0.11984631039295435,0.11984631039295435,1.0,1.0,0.5,0.0,0.0,0.0,0.0,0.0,0.0,0.015076844803522671,0.1507684480352267,0.030153689607045342,0.030153689607045342,1.0,0.5,0.5,0.5,0.5,0.0,0.5,0.5,0.0,0.5,0.5,0.0,0.5,0.5,0.0,0.5,0.5,0.0,0.5,0.0,0.5,0.5,0.5,0.5,0.5,0.0,0.0,0.0,0.0,0.5,0.5,1.0,1.0,1.0,0.5,1.0,1.0,1.0,1.0,1.0,1.0,5,0,0.0,0.0,0.5,0.0,0.0,0.0,0.0,0.0,0.0,0.0,0.0,1.0,0.0,0.0,0.0,0.0,0.0,0.5183333333511797,1.7539085960076933e-17,1.7539085960076933e-17,0.0,0.1,0.1,0,0,0,0,C1,0.0,0.0,0.13492315519647702,0.5,1.0,0.5,0.0,0.0,0.13492315519647702
phaseflip,phaseflip,0.15,2,0.0,10,qiskit_aer,1,1,0.7360000000000001,0.7360000000000001,0.0,0.0,0.0,0.0,0.0,0.0,0.2639999999999998,0.011022703842524283,0.2549999999999998,0.2549999999999998,0.27749999999999975,0.2549999999999998,0.25499999999999984,1.0,0.3,1.0,0.0,0.0,0.0,0.0,0.0,0.23384631039295442,0.011022703842524285,0.22484631039295444,0.22484631039295444,0.2473463103929544,0.22484631039295444,0.2248463103929544,1.0,1.0,0.0,0.0,0.0,0.0,0.0,0.0,0.24289241727506802,0.02359420130391901,0.22484631039295444,0.22484631039295444,0.2699615775982384,0.22484631039295444,0.2248463103929544,1.0,1.0,0.3,0.0,0.0,0.0,0.0,0.0,0.0,0.02110758272493174,0.2110758272493174,0.030153689607045342,0.030153689607045342,0.24289241727506802,0.02359420130391901,0.22484631039295444,0.22484631039295444,0.2699615775982384,0.22484631039295444,0.2248463103929544,1.0,1.0,0.3,0.0,0.0,0.0,0.0,0.0,0.0,0.02110758272493174,0.2110758272493174,0.030153689607045342,0.030153689607045342,0.24289241727506802,0.02359420130391901,0.22484631039295444,0.22484631039295444,0.2699615775982384,0.22484631039295444,0.2248463103929544,1.0,1.0,0.3,0.0,0.0,0.0,0.0,0.0,0.0,0.02110758272493174,0.2110758272493174,0.030153689607045342,0.030153689607045342,0.24289241727506802,0.02359420130391901,0.22484631039295444,0.22484631039295444,0.2699615775982384,0.22484631039295444,0.2248463103929544,1.0,1.0,0.3,0.0,0.0,0.0,0.0,0.0,0.0,0.02110758272493174,0.2110758272493174,0.030153689607045342,0.030153689607045342,1.0,0.7,0.7,0.7,0.7,0.0,0.7,0.3,0.0,0.7,0.3,0.0,0.7,0.3,0.0,0.7,0.3,0.0,0.7,0.0,0.7,0.7,0.7,0.7,0.7,0.0,0.0,0.0,0.0,0.7,0.7,1.0,1.0,1.0,0.7,1.0,1.0,1.0,1.0,1.0,1.0,7,0,0.0,0.0,0.7,0.0,0.0,0.0,0.0,0.0,0.0,0.0,0.0,1.0,0.0,0.0,0.0,0.0,0.0,0.6640000000012797,0.0026948568852589723,0.0026948568852589723,0.0,0.0,0.0,0,0,0,0,C1,0.0,0.0,0.24289241727506802,0.3,1.0,0.7,0.0,0.0,0.24289241727506802
phaseflip,phaseflip,0.15,2,0.01,10,qiskit_aer,1,1,0.7360000000000001,0.45780555555555563,0.03333333333333333,0.0,0.0,0.0,0.0,0.0,0.2639999999999998,0.011022703842524283,0.2549999999999998,0.2549999999999998,0.27749999999999975,0.2549999999999998,0.25499999999999984,1.0,0.3,1.0,0.0,0.0,0.0,0.0,0.0,0.23384631039295442,0.011022703842524285,0.22484631039295444,0.22484631039295444,0.2473463103929544,0.22484631039295444,0.2248463103929544,1.0,1.0,0.0,0.0,0.0,0.0,0.0,0.0,0.24289241727506802,0.02359420130391901,0.22484631039295444,0.22484631039295444,0.2699615775982384,0.22484631039295444,0.2248463103929544,1.0,1.0,0.3,0.0,0.0,0.0,0.0,0.0,0.0,0.02110758272493174,0.2110758272493174,0.030153689607045342,0.030153689607045342,0.24289241727506802,0.02359420130391901,0.22484631039295444,0.22484631039295444,0.2699615775982384,0.22484631039295444,0.2248463103929544,1.0,1.0,0.3,0.0,0.0,0.0,0.0,0.0,0.0,0.02110758272493174,0.2110758272493174,0.030153689607045342,0.030153689607045342,0.24289241727506802,0.02359420130391901,0.22484631039295444,0.22484631039295444,0.2699615775982384,0.22484631039295444,0.2248463103929544,1.0,1.0,0.3,0.0,0.0,0.0,0.0,0.0,0.0,0.02110758272493174,0.2110758272493174,0.030153689607045342,0.030153689607045342,0.24289241727506802,0.02359420130391901,0.22484631039295444,0.22484631039295444,0.2699615775982384,0.22484631039295444,0.2248463103929544,1.0,1.0,0.3,0.0,0.0,0.0,0.0,0.0,0.0,0.02110758272493174,0.2110758272493174,0.030153689607045342,0.030153689607045342,1.0,0.7,0.7,0.7,0.7,0.0,0.7,0.3,0.0,0.7,0.3,0.0,0.7,0.3,0.0,0.7,0.3,0.0,0.7,0.0,0.7,0.7,0.7,0.7,0.7,0.0,0.0,0.0,0.0,0.7,0.7,1.0,1.0,1.0,0.7,1.0,1.0,1.0,1.0,1.0,1.0,7,0,0.0,0.0,0.7,0.0,0.0,0.0,0.0,0.0,0.0,0.0,0.0,1.0,0.0,0.0,0.0,0.0,0.0,0.9421944444456554,0.0026948568852589666,0.0026948568852589666,0.0,0.01,0.01,0,0,0,0,C1,0.0,0.0,0.24289241727506802,0.3,1.0,0.7,0.0,0.0,0.24289241727506802
phaseflip,phaseflip,0.15,2,0.03,10,qiskit_aer,1,1,0.7360000000000001,0.40863888888888894,0.1111111111111111,0.0,0.0,0.0,0.0,0.0,0.2639999999999998,0.011022703842524283,0.2549999999999998,0.2549999999999998,0.27749999999999975,0.2549999999999998,0.25499999999999984,1.0,0.3,1.0,0.0,0.0,0.0,0.0,0.0,0.23384631039295442,0.011022703842524285,0.22484631039295444,0.22484631039295444,0.2473463103929544,0.22484631039295444,0.2248463103929544,1.0,1.0,0.0,0.0,0.0,0.0,0.0,0.0,0.24289241727506802,0.02359420130391901,0.22484631039295444,0.22484631039295444,0.2699615775982384,0.22484631039295444,0.2248463103929544,1.0,1.0,0.3,0.0,0.0,0.0,0.0,0.0,0.0,0.02110758272493174,0.2110758272493174,0.030153689607045342,0.030153689607045342,0.24289241727506802,0.02359420130391901,0.22484631039295444,0.22484631039295444,0.2699615775982384,0.22484631039295444,0.2248463103929544,1.0,1.0,0.3,0.0,0.0,0.0,0.0,0.0,0.0,0.02110758272493174,0.2110758272493174,0.030153689607045342,0.030153689607045342,0.24289241727506802,0.02359420130391901,0.22484631039295444,0.22484631039295444,0.2699615775982384,0.22484631039295444,0.2248463103929544,1.0,1.0,0.3,0.0,0.0,0.0,0.0,0.0,0.0,0.02110758272493174,0.2110758272493174,0.030153689607045342,0.030153689607045342,0.24289241727506802,0.02359420130391901,0.22484631039295444,0.22484631039295444,0.2699615775982384,0.22484631039295444,0.2248463103929544,1.0,1.0,0.3,0.0,0.0,0.0,0.0,0.0,0.0,0.02110758272493174,0.2110758272493174,0.030153689607045342,0.030153689607045342,1.0,0.7,0.7,0.7,0.7,0.0,0.7,0.3,0.0,0.7,0.3,0.0,0.7,0.3,0.0,0.7,0.3,0.0,0.7,0.0,0.7,0.7,0.7,0.7,0.7,0.0,0.0,0.0,0.0,0.7,0.7,1.0,1.0,1.0,0.7,1.0,1.0,1.0,1.0,1.0,1.0,7,0,0.0,0.0,0.7,0.0,0.0,0.0,0.0,0.0,0.0,0.0,0.0,1.0,0.0,0.0,0.0,0.0,0.0,0.9913611111124301,0.0026948568852589666,0.0026948568852589666,0.0,0.03,0.03,0,0,0,0,C1,0.0,0.0,0.24289241727506802,0.3,1.0,0.7,0.0,0.0,0.24289241727506802
phaseflip,phaseflip,0.15,2,0.05,10,qiskit_aer,1,1,0.7360000000000001,0.40036111111111117,0.15555555555555556,0.0,0.0,0.0,0.0,0.0,0.2639999999999998,0.011022703842524283,0.2549999999999998,0.2549999999999998,0.27749999999999975,0.2549999999999998,0.25499999999999984,1.0,0.3,1.0,0.0,0.0,0.0,0.0,0.0,0.23384631039295442,0.011022703842524285,0.22484631039295444,0.22484631039295444,0.2473463103929544,0.22484631039295444,0.2248463103929544,1.0,1.0,0.0,0.0,0.0,0.0,0.0,0.0,0.24289241727506802,0.02359420130391901,0.22484631039295444,0.22484631039295444,0.2699615775982384,0.22484631039295444,0.2248463103929544,1.0,1.0,0.3,0.0,0.0,0.0,0.0,0.0,0.0,0.02110758272493174,0.2110758272493174,0.030153689607045342,0.030153689607045342,0.24289241727506802,0.02359420130391901,0.22484631039295444,0.22484631039295444,0.2699615775982384,0.22484631039295444,0.2248463103929544,1.0,1.0,0.3,0.0,0.0,0.0,0.0,0.0,0.0,0.02110758272493174,0.2110758272493174,0.030153689607045342,0.030153689607045342,0.24289241727506802,0.02359420130391901,0.22484631039295444,0.22484631039295444,0.2699615775982384,0.22484631039295444,0.2248463103929544,1.0,1.0,0.3,0.0,0.0,0.0,0.0,0.0,0.0,0.02110758272493174,0.2110758272493174,0.030153689607045342,0.030153689607045342,0.24289241727506802,0.02359420130391901,0.22484631039295444,0.22484631039295444,0.2699615775982384,0.22484631039295444,0.2248463103929544,1.0,1.0,0.3,0.0,0.0,0.0,0.0,0.0,0.0,0.02110758272493174,0.2110758272493174,0.030153689607045342,0.030153689607045342,1.0,0.7,0.7,0.7,0.7,0.0,0.7,0.3,0.0,0.7,0.3,0.0,0.7,0.3,0.0,0.7,0.3,0.0,0.7,0.0,0.7,0.7,0.7,0.7,0.7,0.0,0.0,0.0,0.0,0.7,0.7,1.0,1.0,1.0,0.7,1.0,1.0,1.0,1.0,1.0,1.0,7,0,0.0,0.0,0.7,0.0,0.0,0.0,0.0,0.0,0.0,0.0,0.0,1.0,0.0,0.0,0.0,0.0,0.0,0.9996388888901686,0.0026948568852589723,0.0026948568852589723,0.0,0.05,0.05,0,0,0,0,C1,0.0,0.0,0.24289241727506802,0.3,1.0,0.7,0.0,0.0,0.24289241727506802
phaseflip,phaseflip,0.15,2,0.1,10,qiskit_aer,1,1,0.7360000000000001,0.3519444444444445,0.25555555555555554,0.0,0.0,0.0,0.0,0.0,0.2639999999999998,0.011022703842524283,0.2549999999999998,0.2549999999999998,0.27749999999999975,0.2549999999999998,0.25499999999999984,1.0,0.3,1.0,0.0,0.0,0.0,0.0,0.0,0.23384631039295442,0.011022703842524285,0.22484631039295444,0.22484631039295444,0.2473463103929544,0.22484631039295444,0.2248463103929544,1.0,1.0,0.0,0.0,0.0,0.0,0.0,0.0,0.24289241727506802,0.02359420130391901,0.22484631039295444,0.22484631039295444,0.2699615775982384,0.22484631039295444,0.2248463103929544,1.0,1.0,0.3,0.0,0.0,0.0,0.0,0.0,0.0,0.02110758272493174,0.2110758272493174,0.030153689607045342,0.030153689607045342,0.24289241727506802,0.02359420130391901,0.22484631039295444,0.22484631039295444,0.2699615775982384,0.22484631039295444,0.2248463103929544,1.0,1.0,0.3,0.0,0.0,0.0,0.0,0.0,0.0,0.02110758272493174,0.2110758272493174,0.030153689607045342,0.030153689607045342,0.24289241727506802,0.02359420130391901,0.22484631039295444,0.22484631039295444,0.2699615775982384,0.22484631039295444,0.2248463103929544,1.0,1.0,0.3,0.0,0.0,0.0,0.0,0.0,0.0,0.02110758272493174,0.2110758272493174,0.030153689607045342,0.030153689607045342,0.24289241727506802,0.02359420130391901,0.22484631039295444,0.22484631039295444,0.2699615775982384,0.22484631039295444,0.2248463103929544,1.0,1.0,0.3,0.0,0.0,0.0,0.0,0.0,0.0,0.02110758272493174,0.2110758272493174,0.030153689607045342,0.030153689607045342,1.0,0.7,0.7,0.7,0.7,0.0,0.7,0.3,0.0,0.7,0.3,0.0,0.7,0.3,0.0,0.7,0.3,0.0,0.7,0.0,0.7,0.7,0.7,0.7,0.7,0.0,0.0,0.0,0.0,0.7,0.7,1.0,1.0,1.0,0.7,1.0,1.0,1.0,1.0,1.0,1.0,7,0,0.0,0.0,0.7,0.0,0.0,0.0,0.0,0.0,0.0,0.0,0.0,1.0,0.0,0.0,0.0,0.0,0.0,1.0480555555568354,0.0026948568852589723,0.0026948568852589723,0.0,0.1,0.1,0,0,0,0,C1,0.0,0.0,0.24289241727506802,0.3,1.0,0.7,0.0,0.0,0.24289241727506802
phaseflip,phaseflip,0.15,3,0.0,10,qiskit_aer,1,1,0.6400000000000001,0.6400000000000001,0.0,0.0,0.0,0.0,0.0,0.0,0.3599999999999997,0.021628106713256233,0.3667499999999997,0.33806249999999977,0.3785624999999997,0.32849999999999974,0.32849999999999974,1.0,1.0,1.0,0.0,0.0,0.0,0.0,0.0,0.32984631039295437,0.021628106713256233,0.33659631039295435,0.3079088103929544,0.34840881039295435,0.2983463103929544,0.2983463103929544,1.0,1.0,0.0,0.0,0.0,0.0,0.0,0.0,0.3599999999999997,0.021628106713256233,0.3667499999999997,0.33806249999999977,0.3785624999999997,0.32849999999999974,0.32849999999999974,1.0,1.0,1.0,0.0,0.0,0.0,0.0,0.0,0.0,0.0,0.0,0.0,0.0,0.3599999999999997,0.021628106713256233,0.3667499999999997,0.33806249999999977,0.3785624999999997,0.32849999999999974,0.32849999999999974,1.0,1.0,1.0,0.0,0.0,0.0,0.0,0.0,0.0,0.0,0.0,0.0,0.0,0.3599999999999997,0.021628106713256233,0.3667499999999997,0.33806249999999977,0.3785624999999997,0.32849999999999974,0.32849999999999974,1.0,1.0,1.0,0.0,0.0,0.0,0.0,0.0,0.0,0.0,0.0,0.0,0.0,0.3599999999999997,0.021628106713256233,0.3667499999999997,0.33806249999999977,0.3785624999999997,0.32849999999999974,0.32849999999999974,1.0,1.0,1.0,0.0,0.0,0.0,0.0,0.0,0.0,0.0,0.0,0.0,0.0,1.0,0.0,0.0,0.0,0.0,0.0,0.0,1.0,0.0,0.0,1.0,0.0,0.0,1.0,0.0,0.0,1.0,0.0,0.0,0.0,0.0,0.0,0.0,0.0,0.0,0.0,0.0,0.0,0.0,0.0,0.0,1.0,1.0,1.0,0.0,0.0,0.0,0.0,0.0,0.0,0.0,0,0,0.0,0.0,0.0,0.0,0.0,0.0,0.0,0.0,0.0,0.0,0.0,1.0,0.0,0.0,0.0,0.0,0.0,-0.639999999999542,0.0,0.0,0.0,0.0,0.0,0,0,0,0,C1,0.0,0.0,0.3599999999999997,1.0,1.0,0.0,0.0,0.0,0.3599999999999997
phaseflip,phaseflip,0.15,3,0.01,10,qiskit_aer,1,1,0.6400000000000001,0.38557500000000006,0.02222222222222222,0.0,0.0,0.0,0.0,0.0,0.3599999999999997,0.021628106713256233,0.3667499999999997,0.33806249999999977,0.3785624999999997,0.32849999999999974,0.32849999999999974,1.0,1.0,1.0,0.0,0.0,0.0,0.0,0.0,0.32984631039295437,0.021628106713256233,0.33659631039295435,0.3079088103929544,0.34840881039295435,0.2983463103929544,0.2983463103929544,1.0,1.0,0.0,0.0,0.0,0.0,0.0,0.0,0.3599999999999997,0.021628106713256233,0.3667499999999997,0.33806249999999977,0.3785624999999997,0.32849999999999974,0.32849999999999974,1.0,1.0,1.0,0.0,0.0,0.0,0.0,0.0,0.0,0.0,0.0,0.0,0.0,0.3599999999999997,0.021628106713256233,0.3667499999999997,0.33806249999999977,0.3785624999999997,0.32849999999999974,0.32849999999999974,1.0,1.0,1.0,0.0,0.0,0.0,0.0,0.0,0.0,0.0,0.0,0.0,0.0,0.3599999999999997,0.021628106713256233,0.3667499999999997,0.33806249999999977,0.3785624999999997,0.32849999999999974,0.32849999999999974,1.0,1.0,1.0,0.0,0.0,0.0,0.0,0.0,0.0,0.0,0.0,0.0,0.0,0.3599999999999997,0.021628106713256233,0.3667499999999997,0.33806249999999977,0.3785624999999997,0.32849999999999974,0.32849999999999974,1.0,1.0,1.0,0.0,0.0,0.0,0.0,0.0,0.0,0.0,0.0,0.0,0.0,1.0,0.0,0.0,0.0,0.0,0.0,0.0,1.0,0.0,0.0,1.0,0.0,0.0,1.0,0.0,0.0,1.0,0.0,0.0,0.0,0.0,0.0,0.0,0.0,0.0,0.0,0.0,0.0,0.0,0.0,0.0,1.0,1.0,1.0,0.0,0.0,0.0,0.0,0.0,0.0,0.0,0,0,0.0,0.0,0.0,0.0,0.0,0.0,0.0,0.0,0.0,0.0,0.0,1.0,0.0,0.0,0.0,0.0,0.0,-0.3855749999995469,0.0,0.0,0.0,0.01,0.01,0,0,0,0,C1,0.0,0.0,0.3599999999999997,1.0,1.0,0.0,0.0,0.0,0.3599999999999997
phaseflip,phaseflip,0.15,3,0.03,10,qiskit_aer,1,1,0.6400000000000001,0.3781138888888889,0.04444444444444444,0.0,0.0,0.0,0.0,0.0,0.3599999999999997,0.021628106713256233,0.3667499999999997,0.33806249999999977,0.3785624999999997,0.32849999999999974,0.32849999999999974,1.0,1.0,1.0,0.0,0.0,0.0,0.0,0.0,0.32984631039295437,0.021628106713256233,0.33659631039295435,0.3079088103929544,0.34840881039295435,0.2983463103929544,0.2983463103929544,1.0,1.0,0.0,0.0,0.0,0.0,0.0,0.0,0.3599999999999997,0.021628106713256233,0.3667499999999997,0.33806249999999977,0.3785624999999997,0.32849999999999974,0.32849999999999974,1.0,1.0,1.0,0.0,0.0,0.0,0.0,0.0,0.0,0.0,0.0,0.0,0.0,0.3599999999999997,0.021628106713256233,0.3667499999999997,0.33806249999999977,0.3785624999999997,0.32849999999999974,0.32849999999999974,1.0,1.0,1.0,0.0,0.0,0.0,0.0,0.0,0.0,0.0,0.0,0.0,0.0,0.3599999999999997,0.021628106713256233,0.3667499999999997,0.33806249999999977,0.3785624999999997,0.32849999999999974,0.32849999999999974,1.0,1.0,1.0,0.0,0.0,0.0,0.0,0.0,0.0,0.0,0.0,0.0,0.0,0.3599999999999997,0.021628106713256233,0.3667499999999997,0.33806249999999977,0.3785624999999997,0.32849999999999974,0.32849999999999974,1.0,1.0,1.0,0.0,0.0,0.0,0.0,0.0,0.0,0.0,0.0,0.0,0.0,1.0,0.0,0.0,0.0,0.0,0.0,0.0,1.0,0.0,0.0,1.0,0.0,0.0,1.0,0.0,0.0,1.0,0.0,0.0,0.0,0.0,0.0,0.0,0.0,0.0,0.0,0.0,0.0,0.0,0.0,0.0,1.0,1.0,1.0,0.0,0.0,0.0,0.0,0.0,0.0,0.0,0,0,0.0,0.0,0.0,0.0,0.0,0.0,0.0,0.0,0.0,0.0,0.0,1.0,0.0,0.0,0.0,0.0,0.0,-0.3781138888883642,0.0,0.0,0.0,0.03,0.03,0,0,0,0,C1,0.0,0.0,0.3599999999999997,1.0,1.0,0.0,0.0,0.0,0.3599999999999997
phaseflip,phaseflip,0.15,3,0.05,10,qiskit_aer,1,1,0.6400000000000001,0.38497500000000007,0.07777777777777778,0.0,0.0,0.0,0.0,0.0,0.3599999999999997,0.021628106713256233,0.3667499999999997,0.33806249999999977,0.3785624999999997,0.32849999999999974,0.32849999999999974,1.0,1.0,1.0,0.0,0.0,0.0,0.0,0.0,0.32984631039295437,0.021628106713256233,0.33659631039295435,0.3079088103929544,0.34840881039295435,0.2983463103929544,0.2983463103929544,1.0,1.0,0.0,0.0,0.0,0.0,0.0,0.0,0.3599999999999997,0.021628106713256233,0.3667499999999997,0.33806249999999977,0.3785624999999997,0.32849999999999974,0.32849999999999974,1.0,1.0,1.0,0.0,0.0,0.0,0.0,0.0,0.0,0.0,0.0,0.0,0.0,0.3599999999999997,0.021628106713256233,0.3667499999999997,0.33806249999999977,0.3785624999999997,0.32849999999999974,0.32849999999999974,1.0,1.0,1.0,0.0,0.0,0.0,0.0,0.0,0.0,0.0,0.0,0.0,0.0,0.3599999999999997,0.021628106713256233,0.3667499999999997,0.33806249999999977,0.3785624999999997,0.32849999999999974,0.32849999999999974,1.0,1.0,1.0,0.0,0.0,0.0,0.0,0.0,0.0,0.0,0.0,0.0,0.0,0.3599999999999997,0.021628106713256233,0.3667499999999997,0.33806249999999977,0.3785624999999997,0.32849999999999974,0.32849999999999974,1.0,1.0,1.0,0.0,0.0,0.0,0.0,0.0,0.0,0.0,0.0,0.0,0.0,1.0,0.0,0.0,0.0,0.0,0.0,0.0,1.0,0.0,0.0,1.0,0.0,0.0,1.0,0.0,0.0,1.0,0.0,0.0,0.0,0.0,0.0,0.0,0.0,0.0,0.0,0.0,0.0,0.0,0.0,0.0,1.0,1.0,1.0,0.0,0.0,0.0,0.0,0.0,0.0,0.0,0,0,0.0,0.0,0.0,0.0,0.0,0.0,0.0,0.0,0.0,0.0,0.0,1.0,0.0,0.0,0.0,0.0,0.0,-0.38497499999954443,0.0,0.0,0.0,0.05,0.05,0,0,0,0,C1,0.0,0.0,0.3599999999999997,1.0,1.0,0.0,0.0,0.0,0.3599999999999997
phaseflip,phaseflip,0.15,3,0.1,10,qiskit_aer,1,1,0.6400000000000001,0.38480000000000003,0.19999999999999998,0.0,0.0,0.0,0.0,0.0,0.3599999999999997,0.021628106713256233,0.3667499999999997,0.33806249999999977,0.3785624999999997,0.32849999999999974,0.32849999999999974,1.0,0.9,1.0,0.0,0.0,0.0,0.0,0.0,0.32984631039295437,0.021628106713256233,0.33659631039295435,0.3079088103929544,0.34840881039295435,0.2983463103929544,0.2983463103929544,1.0,1.0,0.0,0.0,0.0,0.0,0.0,0.0,0.3569846310392952,0.022558802467177005,0.3667499999999997,0.33052407759823843,0.3785624999999997,0.32849999999999974,0.32849999999999974,1.0,1.0,0.9,0.0,0.0,0.0,0.0,0.0,0.0,0.003015368960704534,0.030153689607045342,0.016584529283874903,0.030153689607045342,0.3569846310392952,0.022558802467177005,0.3667499999999997,0.33052407759823843,0.3785624999999997,0.32849999999999974,0.32849999999999974,1.0,1.0,0.9,0.0,0.0,0.0,0.0,0.0,0.0,0.003015368960704534,0.030153689607045342,0.016584529283874903,0.030153689607045342,0.3569846310392952,0.022558802467177005,0.3667499999999997,0.33052407759823843,0.3785624999999997,0.32849999999999974,0.32849999999999974,1.0,1.0,0.9,0.0,0.0,0.0,0.0,0.0,0.0,0.003015368960704534,0.030153689607045342,0.016584529283874903,0.030153689607045342,0.3569846310392952,0.022558802467177005,0.3667499999999997,0.33052407759823843,0.3785624999999997,0.32849999999999974,0.32849999999999974,1.0,1.0,0.9,0.0,0.0,0.0,0.0,0.0,0.0,0.003015368960704534,0.030153689607045342,0.016584529283874903,0.030153689607045342,1.0,0.1,0.1,0.1,0.1,0.0,0.1,0.9,0.0,0.1,0.9,0.0,0.1,0.9,0.0,0.1,0.9,0.0,0.1,0.0,0.1,0.1,0.1,0.1,0.1,0.0,0.0,0.0,0.0,0.1,0.1,1.0,1.0,1.0,0.1,1.0,1.0,1.0,1.0,1.0,1.0,1,0,0.0,0.0,0.1,0.0,0.0,0.0,0.0,0.0,0.0,0.0,0.0,1.0,0.0,0.0,0.0,0.0,0.0,-0.18479999999950172,2.166112591183837e-21,2.166112591183837e-21,0.0,0.1,0.1,0,0,0,0,C1,0.0,0.0,0.3569846310392952,0.9,1.0,0.1,0.0,0.0,0.3569846310392952
phaseflip,phaseflip,0.15,4,0.0,10,qiskit_aer,1,1,0.5656675,0.5656675,0.0,0.0,0.0,0.0,0.0,0.0,0.4343324999999998,0.02903058957806402,0.4504874999999998,0.42922499999999975,0.45599999999999974,0.3799499999999998,0.3799499999999998,1.0,0.9,1.0,0.0,0.0,0.0,0.0,0.0,0.40417881039295445,0.02903058957806402,0.4203338103929545,0.3990713103929544,0.4258463103929544,0.34979631039295445,0.34979631039295445,1.0,1.0,0.0,0.0,0.0,0.0,0.0,0.0,0.43131713103929525,0.029333002789418364,0.44261249999999974,0.41842223279471585,0.45599999999999974,0.3799499999999998,0.3799499999999998,1.0,1.0,0.9,0.0,0.0,0.0,0.0,0.0,0.0,0.003015368960704534,0.030153689607045342,0.016584529283874903,0.030153689607045342,0.43131713103929525,0.029333002789418364,0.44261249999999974,0.41842223279471585,0.45599999999999974,0.3799499999999998,0.3799499999999998,1.0,1.0,0.9,0.0,0.0,0.0,0.0,0.0,0.0,0.003015368960704534,0.030153689607045342,0.016584529283874903,0.030153689607045342,0.43131713103929525,0.029333002789418364,0.44261249999999974,0.41842223279471585,0.45599999999999974,0.3799499999999998,0.3799499999999998,1.0,1.0,0.9,0.0,0.0,0.0,0.0,0.0,0.0,0.003015368960704534,0.030153689607045342,0.016584529283874903,0.030153689607045342,0.43131713103929525,0.029333002789418364,0.44261249999999974,0.41842223279471585,0.45599999999999974,0.3799499999999998,0.3799499999999998,1.0,1.0,0.9,0.0,0.0,0.0,0.0,0.0,0.0,0.003015368960704534,0.030153689607045342,0.016584529283874903,0.030153689607045342,1.0,0.1,0.1,0.1,0.1,0.0,0.1,0.9,0.0,0.1,0.9,0.0,0.1,0.9,0.0,0.1,0.9,0.0,0.1,0.0,0.1,0.1,0.1,0.1,0.1,0.0,0.0,0.0,0.0,0.1,0.1,1.0,1.0,1.0,0.1,1.0,1.0,1.0,1.0,1.0,1.0,1,0,0.0,0.0,0.1,0.0,0.0,0.0,0.0,0.0,0.0,0.0,0.0,1.0,0.0,0.0,0.0,0.0,0.0,-0.3656674999999213,2.166112591183837e-21,2.166112591183837e-21,0.0,0.0,0.0,0,0,0,0,C1,0.0,0.0,0.43131713103929525,0.9,1.0,0.1,0.0,0.0,0.43131713103929525
phaseflip,phaseflip,0.15,4,0.01,10,qiskit_aer,1,1,0.5656675,0.30247333333333337,0.02222222222222222,0.0,0.0,0.0,0.0,0.0,0.4343324999999998,0.02903058957806402,0.4504874999999998,0.42922499999999975,0.45599999999999974,0.3799499999999998,0.3799499999999998,1.0,1.0,1.0,0.0,0.0,0.0,0.0,0.0,0.40417881039295445,0.02903058957806402,0.4203338103929545,0.3990713103929544,0.4258463103929544,0.34979631039295445,0.34979631039295445,1.0,1.0,0.0,0.0,0.0,0.0,0.0,0.0,0.4343324999999998,0.02903058957806402,0.4504874999999998,0.42922499999999975,0.45599999999999974,0.3799499999999998,0.3799499999999998,1.0,1.0,1.0,0.0,0.0,0.0,0.0,0.0,0.0,0.0,0.0,0.0,0.0,0.4343324999999998,0.02903058957806402,0.4504874999999998,0.42922499999999975,0.45599999999999974,0.3799499999999998,0.3799499999999998,1.0,1.0,1.0,0.0,0.0,0.0,0.0,0.0,0.0,0.0,0.0,0.0,0.0,0.4343324999999998,0.02903058957806402,0.4504874999999998,0.42922499999999975,0.45599999999999974,0.3799499999999998,0.3799499999999998,1.0,1.0,1.0,0.0,0.0,0.0,0.0,0.0,0.0,0.0,0.0,0.0,0.0,0.4343324999999998,0.02903058957806402,0.4504874999999998,0.42922499999999975,0.45599999999999974,0.3799499999999998,0.3799499999999998,1.0,1.0,1.0,0.0,0.0,0.0,0.0,0.0,0.0,0.0,0.0,0.0,0.0,1.0,0.0,0.0,0.0,0.0,0.0,0.0,1.0,0.0,0.0,1.0,0.0,0.0,1.0,0.0,0.0,1.0,0.0,0.0,0.0,0.0,0.0,0.0,0.0,0.0,0.0,0.0,0.0,0.0,0.0,0.0,1.0,1.0,1.0,0.0,0.0,0.0,0.0,0.0,0.0,0.0,0,0,0.0,0.0,0.0,0.0,0.0,0.0,0.0,0.0,0.0,0.0,0.0,1.0,0.0,0.0,0.0,0.0,0.0,-0.302473333333265,0.0,0.0,0.0,0.01,0.01,0,0,0,0,C1,0.0,0.0,0.4343324999999998,1.0,1.0,0.0,0.0,0.0,0.4343324999999998
phaseflip,phaseflip,0.15,4,0.03,10,qiskit_aer,1,1,0.5656675,0.30247333333333337,0.04444444444444444,0.0,0.0,0.0,0.0,0.0,0.4343324999999998,0.02903058957806402,0.4504874999999998,0.42922499999999975,0.45599999999999974,0.3799499999999998,0.3799499999999998,1.0,1.0,1.0,0.0,0.0,0.0,0.0,0.0,0.40417881039295445,0.02903058957806402,0.4203338103929545,0.3990713103929544,0.4258463103929544,0.34979631039295445,0.34979631039295445,1.0,1.0,0.0,0.0,0.0,0.0,0.0,0.0,0.4343324999999998,0.02903058957806402,0.4504874999999998,0.42922499999999975,0.45599999999999974,0.3799499999999998,0.3799499999999998,1.0,1.0,1.0,0.0,0.0,0.0,0.0,0.0,0.0,0.0,0.0,0.0,0.0,0.4343324999999998,0.02903058957806402,0.4504874999999998,0.42922499999999975,0.45599999999999974,0.3799499999999998,0.3799499999999998,1.0,1.0,1.0,0.0,0.0,0.0,0.0,0.0,0.0,0.0,0.0,0.0,0.0,0.4343324999999998,0.02903058957806402,0.4504874999999998,0.42922499999999975,0.45599999999999974,0.3799499999999998,0.3799499999999998,1.0,1.0,1.0,0.0,0.0,0.0,0.0,0.0,0.0,0.0,0.0,0.0,0.0,0.4343324999999998,0.02903058957806402,0.4504874999999998,0.42922499999999975,0.45599999999999974,0.3799499999999998,0.3799499999999998,1.0,1.0,1.0,0.0,0.0,0.0,0.0,0.0,0.0,0.0,0.0,0.0,0.0,1.0,0.0,0.0,0.0,0.0,0.0,0.0,1.0,0.0,0.0,1.0,0.0,0.0,1.0,0.0,0.0,1.0,0.0,0.0,0.0,0.0,0.0,0.0,0.0,0.0,0.0,0.0,0.0,0.0,0.0,0.0,1.0,1.0,1.0,0.0,0.0,0.0,0.0,0.0,0.0,0.0,0,0,0.0,0.0,0.0,0.0,0.0,0.0,0.0,0.0,0.0,0.0,0.0,1.0,0.0,0.0,0.0,0.0,0.0,-0.302473333333265,0.0,0.0,0.0,0.03,0.03,0,0,0,0,C1,0.0,0.0,0.4343324999999998,1.0,1.0,0.0,0.0,0.0,0.4343324999999998
phaseflip,phaseflip,0.15,4,0.05,10,qiskit_aer,1,1,0.5656675,0.2964288888888889,0.07777777777777778,0.0,0.0,0.0,0.0,0.0,0.4343324999999998,0.02903058957806402,0.4504874999999998,0.42922499999999975,0.45599999999999974,0.3799499999999998,0.3799499999999998,1.0,1.0,1.0,0.0,0.0,0.0,0.0,0.0,0.40417881039295445,0.02903058957806402,0.4203338103929545,0.3990713103929544,0.4258463103929544,0.34979631039295445,0.34979631039295445,1.0,1.0,0.0,0.0,0.0,0.0,0.0,0.0,0.4343324999999998,0.02903058957806402,0.4504874999999998,0.42922499999999975,0.45599999999999974,0.3799499999999998,0.3799499999999998,1.0,1.0,1.0,0.0,0.0,0.0,0.0,0.0,0.0,0.0,0.0,0.0,0.0,0.4343324999999998,0.02903058957806402,0.4504874999999998,0.42922499999999975,0.45599999999999974,0.3799499999999998,0.3799499999999998,1.0,1.0,1.0,0.0,0.0,0.0,0.0,0.0,0.0,0.0,0.0,0.0,0.0,0.4343324999999998,0.02903058957806402,0.4504874999999998,0.42922499999999975,0.45599999999999974,0.3799499999999998,0.3799499999999998,1.0,1.0,1.0,0.0,0.0,0.0,0.0,0.0,0.0,0.0,0.0,0.0,0.0,0.4343324999999998,0.02903058957806402,0.4504874999999998,0.42922499999999975,0.45599999999999974,0.3799499999999998,0.3799499999999998,1.0,1.0,1.0,0.0,0.0,0.0,0.0,0.0,0.0,0.0,0.0,0.0,0.0,1.0,0.0,0.0,0.0,0.0,0.0,0.0,1.0,0.0,0.0,1.0,0.0,0.0,1.0,0.0,0.0,1.0,0.0,0.0,0.0,0.0,0.0,0.0,0.0,0.0,0.0,0.0,0.0,0.0,0.0,0.0,1.0,1.0,1.0,0.0,0.0,0.0,0.0,0.0,0.0,0.0,0,0,0.0,0.0,0.0,0.0,0.0,0.0,0.0,0.0,0.0,0.0,0.0,1.0,0.0,0.0,0.0,0.0,0.0,-0.2964288888888206,0.0,0.0,0.0,0.05,0.05,0,0,0,0,C1,0.0,0.0,0.4343324999999998,1.0,1.0,0.0,0.0,0.0,0.4343324999999998
phaseflip,phaseflip,0.15,4,0.1,10,qiskit_aer,1,1,0.5656675,0.3215741666666667,0.19999999999999998,0.0,0.0,0.0,0.0,0.0,0.4343324999999998,0.02903058957806402,0.4504874999999998,0.42922499999999975,0.45599999999999974,0.3799499999999998,0.3799499999999998,1.0,0.9,1.0,0.0,0.0,0.0,0.0,0.0,0.40417881039295445,0.02903058957806402,0.4203338103929545,0.3990713103929544,0.4258463103929544,0.34979631039295445,0.34979631039295445,1.0,1.0,0.0,0.0,0.0,0.0,0.0,0.0,0.43131713103929525,0.029333002789418364,0.44261249999999974,0.41842223279471585,0.45599999999999974,0.3799499999999998,0.3799499999999998,1.0,1.0,0.9,0.0,0.0,0.0,0.0,0.0,0.0,0.003015368960704534,0.030153689607045342,0.016584529283874903,0.030153689607045342,0.43131713103929525,0.029333002789418364,0.44261249999999974,0.41842223279471585,0.45599999999999974,0.3799499999999998,0.3799499999999998,1.0,1.0,0.9,0.0,0.0,0.0,0.0,0.0,0.0,0.003015368960704534,0.030153689607045342,0.016584529283874903,0.030153689607045342,0.43131713103929525,0.029333002789418364,0.44261249999999974,0.41842223279471585,0.45599999999999974,0.3799499999999998,0.3799499999999998,1.0,1.0,0.9,0.0,0.0,0.0,0.0,0.0,0.0,0.003015368960704534,0.030153689607045342,0.016584529283874903,0.030153689607045342,0.43131713103929525,0.029333002789418364,0.44261249999999974,0.41842223279471585,0.45599999999999974,0.3799499999999998,0.3799499999999998,1.0,1.0,0.9,0.0,0.0,0.0,0.0,0.0,0.0,0.003015368960704534,0.030153689607045342,0.016584529283874903,0.030153689607045342,1.0,0.1,0.1,0.1,0.1,0.0,0.1,0.9,0.0,0.1,0.9,0.0,0.1,0.9,0.0,0.1,0.9,0.0,0.1,0.0,0.1,0.1,0.1,0.1,0.1,0.0,0.0,0.0,0.0,0.1,0.1,1.0,1.0,1.0,0.1,1.0,1.0,1.0,1.0,1.0,1.0,1,0,0.0,0.0,0.1,0.0,0.0,0.0,0.0,0.0,0.0,0.0,0.0,1.0,0.0,0.0,0.0,0.0,0.0,-0.12157416666657646,9.33517426776006e-22,9.33517426776006e-22,0.0,0.1,0.1,0,0,0,0,C1,0.0,0.0,0.43131713103929525,0.9,1.0,0.1,0.0,0.0,0.43131713103929525
phaseflip,phaseflip,0.2,1,0.0,10,qiskit_aer,1,1,0.8,0.8,0.0,0.0,0.0,0.0,0.0,0.0,0.19999999999999973,0.0,0.19999999999999973,0.19999999999999973,0.19999999999999973,0.19999999999999973,0.19999999999999973,1.0,0.3,1.0,0.0,0.0,0.0,0.0,0.0,0.1698463103929544,0.0,0.1698463103929544,0.1698463103929544,0.1698463103929544,0.1698463103929544,0.1698463103929544,1.0,1.0,0.0,0.0,0.0,0.0,0.0,0.0,0.178892417275068,0.013818156510648851,0.1698463103929544,0.1698463103929544,0.1924615775982384,0.1698463103929544,0.1698463103929544,1.0,1.0,0.3,0.0,0.0,0.0,0.0,0.0,0.0,0.02110758272493174,0.2110758272493174,0.030153689607045342,0.030153689607045342,0.178892417275068,0.013818156510648851,0.1698463103929544,0.1698463103929544,0.1924615775982384,0.1698463103929544,0.1698463103929544,1.0,1.0,0.3,0.0,0.0,0.0,0.0,0.0,0.0,0.02110758272493174,0.2110758272493174,0.030153689607045342,0.030153689607045342,0.178892417275068,0.013818156510648851,0.1698463103929544,0.1698463103929544,0.1924615775982384,0.1698463103929544,0.1698463103929544,1.0,1.0,0.3,0.0,0.0,0.0,0.0,0.0,0.0,0.02110758272493174,0.2110758272493174,0.030153689607045342,0.030153689607045342,0.178892417275068,0.013818156510648851,0.1698463103929544,0.1698463103929544,0.1924615775982384,0.1698463103929544,0.1698463103929544,1.0,1.0,0.3,0.0,0.0,0.0,0.0,0.0,0.0,0.02110758272493174,0.2110758272493174,0.030153689607045342,0.030153689607045342,1.0,0.7,0.7,0.7,0.7,0.0,0.7,0.3,0.0,0.7,0.3,0.0,0.7,0.3,0.0,0.7,0.3,0.0,0.7,0.0,0.7,0.7,0.7,0.7,0.7,0.0,0.0,0.0,0.0,0.7,0.7,1.0,1.0,1.0,0.7,1.0,1.0,1.0,1.0,1.0,1.0,7,0,0.0,0.0,0.7,0.0,0.0,0.0,0.0,0.0,0.0,0.0,0.0,1.0,0.0,0.0,0.0,0.0,0.0,0.6000000000071077,0.059374452831331095,0.059374452831331095,0.0,0.0,0.0,0,0,0,0,C1,0.0,0.0,0.178892417275068,0.3,1.0,0.7,0.0,0.0,0.178892417275068
phaseflip,phaseflip,0.2,1,0.01,10,qiskit_aer,1,1,0.8,0.5333333333333333,0.03333333333333333,0.0,0.0,0.0,0.0,0.0,0.19999999999999973,0.0,0.19999999999999973,0.19999999999999973,0.19999999999999973,0.19999999999999973,0.19999999999999973,1.0,0.3,1.0,0.0,0.0,0.0,0.0,0.0,0.1698463103929544,0.0,0.1698463103929544,0.1698463103929544,0.1698463103929544,0.1698463103929544,0.1698463103929544,1.0,1.0,0.0,0.0,0.0,0.0,0.0,0.0,0.178892417275068,0.013818156510648851,0.1698463103929544,0.1698463103929544,0.1924615775982384,0.1698463103929544,0.1698463103929544,1.0,1.0,0.3,0.0,0.0,0.0,0.0,0.0,0.0,0.02110758272493174,0.2110758272493174,0.030153689607045342,0.030153689607045342,0.178892417275068,0.013818156510648851,0.1698463103929544,0.1698463103929544,0.1924615775982384,0.1698463103929544,0.1698463103929544,1.0,1.0,0.3,0.0,0.0,0.0,0.0,0.0,0.0,0.02110758272493174,0.2110758272493174,0.030153689607045342,0.030153689607045342,0.178892417275068,0.013818156510648851,0.1698463103929544,0.1698463103929544,0.1924615775982384,0.1698463103929544,0.1698463103929544,1.0,1.0,0.3,0.0,0.0,0.0,0.0,0.0,0.0,0.02110758272493174,0.2110758272493174,0.030153689607045342,0.030153689607045342,0.178892417275068,0.013818156510648851,0.1698463103929544,0.1698463103929544,0.1924615775982384,0.1698463103929544,0.1698463103929544,1.0,1.0,0.3,0.0,0.0,0.0,0.0,0.0,0.0,0.02110758272493174,0.2110758272493174,0.030153689607045342,0.030153689607045342,1.0,0.7,0.7,0.7,0.7,0.0,0.7,0.3,0.0,0.7,0.3,0.0,0.7,0.3,0.0,0.7,0.3,0.0,0.7,0.0,0.7,0.7,0.7,0.7,0.7,0.0,0.0,0.0,0.0,0.7,0.7,1.0,1.0,1.0,0.7,1.0,1.0,1.0,1.0,1.0,1.0,7,0,0.0,0.0,0.7,0.0,0.0,0.0,0.0,0.0,0.0,0.0,0.0,1.0,0.0,0.0,0.0,0.0,0.0,0.8666666666737745,0.059374452831331095,0.059374452831331095,0.0,0.01,0.01,0,0,0,0,C1,0.0,0.0,0.178892417275068,0.3,1.0,0.7,0.0,0.0,0.178892417275068
phaseflip,phaseflip,0.2,1,0.03,10,qiskit_aer,1,1,0.8,0.48000000000000004,0.1111111111111111,0.0,0.0,0.0,0.0,0.0,0.19999999999999973,0.0,0.19999999999999973,0.19999999999999973,0.19999999999999973,0.19999999999999973,0.19999999999999973,1.0,0.3,1.0,0.0,0.0,0.0,0.0,0.0,0.1698463103929544,0.0,0.1698463103929544,0.1698463103929544,0.1698463103929544,0.1698463103929544,0.1698463103929544,1.0,1.0,0.0,0.0,0.0,0.0,0.0,0.0,0.178892417275068,0.013818156510648851,0.1698463103929544,0.1698463103929544,0.1924615775982384,0.1698463103929544,0.1698463103929544,1.0,1.0,0.3,0.0,0.0,0.0,0.0,0.0,0.0,0.02110758272493174,0.2110758272493174,0.030153689607045342,0.030153689607045342,0.178892417275068,0.013818156510648851,0.1698463103929544,0.1698463103929544,0.1924615775982384,0.1698463103929544,0.1698463103929544,1.0,1.0,0.3,0.0,0.0,0.0,0.0,0.0,0.0,0.02110758272493174,0.2110758272493174,0.030153689607045342,0.030153689607045342,0.178892417275068,0.013818156510648851,0.1698463103929544,0.1698463103929544,0.1924615775982384,0.1698463103929544,0.1698463103929544,1.0,1.0,0.3,0.0,0.0,0.0,0.0,0.0,0.0,0.02110758272493174,0.2110758272493174,0.030153689607045342,0.030153689607045342,0.178892417275068,0.013818156510648851,0.1698463103929544,0.1698463103929544,0.1924615775982384,0.1698463103929544,0.1698463103929544,1.0,1.0,0.3,0.0,0.0,0.0,0.0,0.0,0.0,0.02110758272493174,0.2110758272493174,0.030153689607045342,0.030153689607045342,1.0,0.7,0.7,0.7,0.7,0.0,0.7,0.3,0.0,0.7,0.3,0.0,0.7,0.3,0.0,0.7,0.3,0.0,0.7,0.0,0.7,0.7,0.7,0.7,0.7,0.0,0.0,0.0,0.0,0.7,0.7,1.0,1.0,1.0,0.7,1.0,1.0,1.0,1.0,1.0,1.0,7,0,0.0,0.0,0.7,0.0,0.0,0.0,0.0,0.0,0.0,0.0,0.0,1.0,0.0,0.0,0.0,0.0,0.0,0.9200000000071077,0.059374452831331095,0.059374452831331095,0.0,0.03,0.03,0,0,0,0,C1,0.0,0.0,0.178892417275068,0.3,1.0,0.7,0.0,0.0,0.178892417275068
phaseflip,phaseflip,0.2,1,0.05,10,qiskit_aer,1,1,0.8,0.47111111111111115,0.15555555555555556,0.0,0.0,0.0,0.0,0.0,0.19999999999999973,0.0,0.19999999999999973,0.19999999999999973,0.19999999999999973,0.19999999999999973,0.19999999999999973,1.0,0.3,1.0,0.0,0.0,0.0,0.0,0.0,0.1698463103929544,0.0,0.1698463103929544,0.1698463103929544,0.1698463103929544,0.1698463103929544,0.1698463103929544,1.0,1.0,0.0,0.0,0.0,0.0,0.0,0.0,0.178892417275068,0.013818156510648851,0.1698463103929544,0.1698463103929544,0.1924615775982384,0.1698463103929544,0.1698463103929544,1.0,1.0,0.3,0.0,0.0,0.0,0.0,0.0,0.0,0.02110758272493174,0.2110758272493174,0.030153689607045342,0.030153689607045342,0.178892417275068,0.013818156510648851,0.1698463103929544,0.1698463103929544,0.1924615775982384,0.1698463103929544,0.1698463103929544,1.0,1.0,0.3,0.0,0.0,0.0,0.0,0.0,0.0,0.02110758272493174,0.2110758272493174,0.030153689607045342,0.030153689607045342,0.178892417275068,0.013818156510648851,0.1698463103929544,0.1698463103929544,0.1924615775982384,0.1698463103929544,0.1698463103929544,1.0,1.0,0.3,0.0,0.0,0.0,0.0,0.0,0.0,0.02110758272493174,0.2110758272493174,0.030153689607045342,0.030153689607045342,0.178892417275068,0.013818156510648851,0.1698463103929544,0.1698463103929544,0.1924615775982384,0.1698463103929544,0.1698463103929544,1.0,1.0,0.3,0.0,0.0,0.0,0.0,0.0,0.0,0.02110758272493174,0.2110758272493174,0.030153689607045342,0.030153689607045342,1.0,0.7,0.7,0.7,0.7,0.0,0.7,0.3,0.0,0.7,0.3,0.0,0.7,0.3,0.0,0.7,0.3,0.0,0.7,0.0,0.7,0.7,0.7,0.7,0.7,0.0,0.0,0.0,0.0,0.7,0.7,1.0,1.0,1.0,0.7,1.0,1.0,1.0,1.0,1.0,1.0,7,0,0.0,0.0,0.7,0.0,0.0,0.0,0.0,0.0,0.0,0.0,0.0,1.0,0.0,0.0,0.0,0.0,0.0,0.9288888888959965,0.059374452831331095,0.059374452831331095,0.0,0.05,0.05,0,0,0,0,C1,0.0,0.0,0.178892417275068,0.3,1.0,0.7,0.0,0.0,0.178892417275068
phaseflip,phaseflip,0.2,1,0.1,10,qiskit_aer,1,1,0.8,0.4177777777777778,0.25555555555555554,0.0,0.0,0.0,0.0,0.0,0.19999999999999973,0.0,0.19999999999999973,0.19999999999999973,0.19999999999999973,0.19999999999999973,0.19999999999999973,1.0,0.3,1.0,0.0,0.0,0.0,0.0,0.0,0.1698463103929544,0.0,0.1698463103929544,0.1698463103929544,0.1698463103929544,0.1698463103929544,0.1698463103929544,1.0,1.0,0.0,0.0,0.0,0.0,0.0,0.0,0.178892417275068,0.013818156510648851,0.1698463103929544,0.1698463103929544,0.1924615775982384,0.1698463103929544,0.1698463103929544,1.0,1.0,0.3,0.0,0.0,0.0,0.0,0.0,0.0,0.02110758272493174,0.2110758272493174,0.030153689607045342,0.030153689607045342,0.178892417275068,0.013818156510648851,0.1698463103929544,0.1698463103929544,0.1924615775982384,0.1698463103929544,0.1698463103929544,1.0,1.0,0.3,0.0,0.0,0.0,0.0,0.0,0.0,0.02110758272493174,0.2110758272493174,0.030153689607045342,0.030153689607045342,0.178892417275068,0.013818156510648851,0.1698463103929544,0.1698463103929544,0.1924615775982384,0.1698463103929544,0.1698463103929544,1.0,1.0,0.3,0.0,0.0,0.0,0.0,0.0,0.0,0.02110758272493174,0.2110758272493174,0.030153689607045342,0.030153689607045342,0.178892417275068,0.013818156510648851,0.1698463103929544,0.1698463103929544,0.1924615775982384,0.1698463103929544,0.1698463103929544,1.0,1.0,0.3,0.0,0.0,0.0,0.0,0.0,0.0,0.02110758272493174,0.2110758272493174,0.030153689607045342,0.030153689607045342,1.0,0.7,0.7,0.7,0.7,0.0,0.7,0.3,0.0,0.7,0.3,0.0,0.7,0.3,0.0,0.7,0.3,0.0,0.7,0.0,0.7,0.7,0.7,0.7,0.7,0.0,0.0,0.0,0.0,0.7,0.7,1.0,1.0,1.0,0.7,1.0,1.0,1.0,1.0,1.0,1.0,7,0,0.0,0.0,0.7,0.0,0.0,0.0,0.0,0.0,0.0,0.0,0.0,1.0,0.0,0.0,0.0,0.0,0.0,0.9822222222293299,0.059374452831331095,0.059374452831331095,0.0,0.1,0.1,0,0,0,0,C1,0.0,0.0,0.178892417275068,0.3,1.0,0.7,0.0,0.0,0.178892417275068
phaseflip,phaseflip,0.2,2,0.0,10,qiskit_aer,1,1,0.6640000000000001,0.6640000000000001,0.0,0.0,0.0,0.0,0.0,0.0,0.3359999999999998,0.019595917942265496,0.31999999999999973,0.31999999999999973,0.3599999999999999,0.31999999999999973,0.3199999999999998,1.0,0.0,1.0,0.0,0.0,0.0,0.0,0.0,0.30584631039295446,0.019595917942265496,0.2898463103929544,0.2898463103929544,0.32984631039295453,0.2898463103929544,0.28984631039295433,1.0,1.0,0.0,0.0,0.0,0.0,0.0,0.0,0.30584631039295446,0.019595917942265496,0.2898463103929544,0.2898463103929544,0.32984631039295453,0.2898463103929544,0.28984631039295433,1.0,1.0,0.0,0.0,0.0,0.0,0.0,0.0,0.0,0.030153689607045342,0.3015368960704534,0.030153689607045342,0.030153689607045342,0.30584631039295446,0.019595917942265496,0.2898463103929544,0.2898463103929544,0.32984631039295453,0.2898463103929544,0.28984631039295433,1.0,1.0,0.0,0.0,0.0,0.0,0.0,0.0,0.0,0.030153689607045342,0.3015368960704534,0.030153689607045342,0.030153689607045342,0.30584631039295446,0.019595917942265496,0.2898463103929544,0.2898463103929544,0.32984631039295453,0.2898463103929544,0.28984631039295433,1.0,1.0,0.0,0.0,0.0,0.0,0.0,0.0,0.0,0.030153689607045342,0.3015368960704534,0.030153689607045342,0.030153689607045342,0.30584631039295446,0.019595917942265496,0.2898463103929544,0.2898463103929544,0.32984631039295453,0.2898463103929544,0.28984631039295433,1.0,1.0,0.0,0.0,0.0,0.0,0.0,0.0,0.0,0.030153689607045342,0.3015368960704534,0.030153689607045342,0.030153689607045342,1.0,1.0,1.0,1.0,1.0,0.0,1.0,0.0,0.0,1.0,0.0,0.0,1.0,0.0,0.0,1.0,0.0,0.0,1.0,0.0,1.0,1.0,1.0,1.0,1.0,0.0,0.0,0.0,0.0,1.0,1.0,1.0,1.0,1.0,1.0,1.0,1.0,1.0,1.0,1.0,1.0,10,0,0.0,0.0,1.0,0.0,0.0,0.0,0.0,0.0,0.0,0.0,0.0,1.0,0.0,0.0,0.0,0.0,0.0,1.336000000000499,2.166112591183837e-20,2.166112591183837e-20,0.0,0.0,0.0,0,0,0,0,C1,0.0,0.0,0.30584631039295446,0.0,1.0,1.0,0.0,0.0,0.30584631039295446
phaseflip,phaseflip,0.2,2,0.01,10,qiskit_aer,1,1,0.6640000000000001,0.37644444444444447,0.03333333333333333,0.0,0.0,0.0,0.0,0.0,0.3359999999999998,0.019595917942265496,0.31999999999999973,0.31999999999999973,0.3599999999999999,0.31999999999999973,0.3199999999999998,1.0,0.0,1.0,0.0,0.0,0.0,0.0,0.0,0.30584631039295446,0.019595917942265496,0.2898463103929544,0.2898463103929544,0.32984631039295453,0.2898463103929544,0.28984631039295433,1.0,1.0,0.0,0.0,0.0,0.0,0.0,0.0,0.30584631039295446,0.019595917942265496,0.2898463103929544,0.2898463103929544,0.32984631039295453,0.2898463103929544,0.28984631039295433,1.0,1.0,0.0,0.0,0.0,0.0,0.0,0.0,0.0,0.030153689607045342,0.3015368960704534,0.030153689607045342,0.030153689607045342,0.30584631039295446,0.019595917942265496,0.2898463103929544,0.2898463103929544,0.32984631039295453,0.2898463103929544,0.28984631039295433,1.0,1.0,0.0,0.0,0.0,0.0,0.0,0.0,0.0,0.030153689607045342,0.3015368960704534,0.030153689607045342,0.030153689607045342,0.30584631039295446,0.019595917942265496,0.2898463103929544,0.2898463103929544,0.32984631039295453,0.2898463103929544,0.28984631039295433,1.0,1.0,0.0,0.0,0.0,0.0,0.0,0.0,0.0,0.030153689607045342,0.3015368960704534,0.030153689607045342,0.030153689607045342,0.30584631039295446,0.019595917942265496,0.2898463103929544,0.2898463103929544,0.32984631039295453,0.2898463103929544,0.28984631039295433,1.0,1.0,0.0,0.0,0.0,0.0,0.0,0.0,0.0,0.030153689607045342,0.3015368960704534,0.030153689607045342,0.030153689607045342,1.0,1.0,1.0,1.0,1.0,0.0,1.0,0.0,0.0,1.0,0.0,0.0,1.0,0.0,0.0,1.0,0.0,0.0,1.0,0.0,1.0,1.0,1.0,1.0,1.0,0.0,0.0,0.0,0.0,1.0,1.0,1.0,1.0,1.0,1.0,1.0,1.0,1.0,1.0,1.0,1.0,10,0,0.0,0.0,1.0,0.0,0.0,0.0,0.0,0.0,0.0,0.0,0.0,1.0,0.0,0.0,0.0,0.0,0.0,1.6235555555560546,2.166112591183837e-20,2.166112591183837e-20,0.0,0.01,0.01,0,0,0,0,C1,0.0,0.0,0.30584631039295446,0.0,1.0,1.0,0.0,0.0,0.30584631039295446
phaseflip,phaseflip,0.2,2,0.03,10,qiskit_aer,1,1,0.6640000000000001,0.332,0.1111111111111111,0.0,0.0,0.0,0.0,0.0,0.3359999999999998,0.019595917942265496,0.31999999999999973,0.31999999999999973,0.3599999999999999,0.31999999999999973,0.3199999999999998,1.0,0.0,1.0,0.0,0.0,0.0,0.0,0.0,0.30584631039295446,0.019595917942265496,0.2898463103929544,0.2898463103929544,0.32984631039295453,0.2898463103929544,0.28984631039295433,1.0,1.0,0.0,0.0,0.0,0.0,0.0,0.0,0.30584631039295446,0.019595917942265496,0.2898463103929544,0.2898463103929544,0.32984631039295453,0.2898463103929544,0.28984631039295433,1.0,1.0,0.0,0.0,0.0,0.0,0.0,0.0,0.0,0.030153689607045342,0.3015368960704534,0.030153689607045342,0.030153689607045342,0.30584631039295446,0.019595917942265496,0.2898463103929544,0.2898463103929544,0.32984631039295453,0.2898463103929544,0.28984631039295433,1.0,1.0,0.0,0.0,0.0,0.0,0.0,0.0,0.0,0.030153689607045342,0.3015368960704534,0.030153689607045342,0.030153689607045342,0.30584631039295446,0.019595917942265496,0.2898463103929544,0.2898463103929544,0.32984631039295453,0.2898463103929544,0.28984631039295433,1.0,1.0,0.0,0.0,0.0,0.0,0.0,0.0,0.0,0.030153689607045342,0.3015368960704534,0.030153689607045342,0.030153689607045342,0.30584631039295446,0.019595917942265496,0.2898463103929544,0.2898463103929544,0.32984631039295453,0.2898463103929544,0.28984631039295433,1.0,1.0,0.0,0.0,0.0,0.0,0.0,0.0,0.0,0.030153689607045342,0.3015368960704534,0.030153689607045342,0.030153689607045342,1.0,1.0,1.0,1.0,1.0,0.0,1.0,0.0,0.0,1.0,0.0,0.0,1.0,0.0,0.0,1.0,0.0,0.0,1.0,0.0,1.0,1.0,1.0,1.0,1.0,0.0,0.0,0.0,0.0,1.0,1.0,1.0,1.0,1.0,1.0,1.0,1.0,1.0,1.0,1.0,1.0,10,0,0.0,0.0,1.0,0.0,0.0,0.0,0.0,0.0,0.0,0.0,0.0,1.0,0.0,0.0,0.0,0.0,0.0,1.6680000000005566,1.9195935583022707e-20,1.9195935583022707e-20,0.0,0.03,0.03,0,0,0,0,C1,0.0,0.0,0.30584631039295446,0.0,1.0,1.0,0.0,0.0,0.30584631039295446
phaseflip,phaseflip,0.2,2,0.05,10,qiskit_aer,1,1,0.6640000000000001,0.3244444444444445,0.15555555555555556,0.0,0.0,0.0,0.0,0.0,0.3359999999999998,0.019595917942265496,0.31999999999999973,0.31999999999999973,0.3599999999999999,0.31999999999999973,0.3199999999999998,1.0,0.1,1.0,0.0,0.0,0.0,0.0,0.0,0.30584631039295446,0.019595917942265496,0.2898463103929544,0.2898463103929544,0.32984631039295453,0.2898463103929544,0.28984631039295433,1.0,1.0,0.0,0.0,0.0,0.0,0.0,0.0,0.308861679353659,0.01921822684276779,0.30492315519647706,0.2898463103929544,0.32984631039295453,0.2898463103929544,0.2898463103929544,1.0,1.0,0.1,0.0,0.0,0.0,0.0,0.0,0.0,0.027138320646340808,0.2713832064634081,0.030153689607045342,0.030153689607045342,0.308861679353659,0.01921822684276779,0.30492315519647706,0.2898463103929544,0.32984631039295453,0.2898463103929544,0.2898463103929544,1.0,1.0,0.1,0.0,0.0,0.0,0.0,0.0,0.0,0.027138320646340808,0.2713832064634081,0.030153689607045342,0.030153689607045342,0.308861679353659,0.01921822684276779,0.30492315519647706,0.2898463103929544,0.32984631039295453,0.2898463103929544,0.2898463103929544,1.0,1.0,0.1,0.0,0.0,0.0,0.0,0.0,0.0,0.027138320646340808,0.2713832064634081,0.030153689607045342,0.030153689607045342,0.308861679353659,0.01921822684276779,0.30492315519647706,0.2898463103929544,0.32984631039295453,0.2898463103929544,0.2898463103929544,1.0,1.0,0.1,0.0,0.0,0.0,0.0,0.0,0.0,0.027138320646340808,0.2713832064634081,0.030153689607045342,0.030153689607045342,1.0,0.9,0.9,0.9,0.9,0.0,0.9,0.1,0.0,0.9,0.1,0.0,0.9,0.1,0.0,0.9,0.1,0.0,0.9,0.0,0.9,0.9,0.9,0.9,0.9,0.0,0.0,0.0,0.0,0.9,0.9,1.0,1.0,1.0,0.9,1.0,1.0,1.0,1.0,1.0,1.0,9,0,0.0,0.0,0.9,0.0,0.0,0.0,0.0,0.0,0.0,0.0,0.0,1.0,0.0,0.0,0.0,0.0,0.0,1.4755555555561408,1.82624181562467e-20,1.82624181562467e-20,0.0,0.05,0.05,0,0,0,0,C1,0.0,0.0,0.308861679353659,0.1,1.0,0.9,0.0,0.0,0.308861679353659
phaseflip,phaseflip,0.2,2,0.1,10,qiskit_aer,1,1,0.6640000000000001,0.3026666666666667,0.25555555555555554,0.0,0.0,0.0,0.0,0.0,0.3359999999999998,0.019595917942265496,0.31999999999999973,0.31999999999999973,0.3599999999999999,0.31999999999999973,0.3199999999999998,1.0,0.0,1.0,0.0,0.0,0.0,0.0,0.0,0.30584631039295446,0.019595917942265496,0.2898463103929544,0.2898463103929544,0.32984631039295453,0.2898463103929544,0.28984631039295433,1.0,1.0,0.0,0.0,0.0,0.0,0.0,0.0,0.30584631039295446,0.019595917942265496,0.2898463103929544,0.2898463103929544,0.32984631039295453,0.2898463103929544,0.28984631039295433,1.0,1.0,0.0,0.0,0.0,0.0,0.0,0.0,0.0,0.030153689607045342,0.3015368960704534,0.030153689607045342,0.030153689607045342,0.30584631039295446,0.019595917942265496,0.2898463103929544,0.2898463103929544,0.32984631039295453,0.2898463103929544,0.28984631039295433,1.0,1.0,0.0,0.0,0.0,0.0,0.0,0.0,0.0,0.030153689607045342,0.3015368960704534,0.030153689607045342,0.030153689607045342,0.30584631039295446,0.019595917942265496,0.2898463103929544,0.2898463103929544,0.32984631039295453,0.2898463103929544,0.28984631039295433,1.0,1.0,0.0,0.0,0.0,0.0,0.0,0.0,0.0,0.030153689607045342,0.3015368960704534,0.030153689607045342,0.030153689607045342,0.30584631039295446,0.019595917942265496,0.2898463103929544,0.2898463103929544,0.32984631039295453,0.2898463103929544,0.28984631039295433,1.0,1.0,0.0,0.0,0.0,0.0,0.0,0.0,0.0,0.030153689607045342,0.3015368960704534,0.030153689607045342,0.030153689607045342,1.0,1.0,1.0,1.0,1.0,0.0,1.0,0.0,0.0,1.0,0.0,0.0,1.0,0.0,0.0,1.0,0.0,0.0,1.0,0.0,1.0,1.0,1.0,1.0,1.0,0.0,0.0,0.0,0.0,1.0,1.0,1.0,1.0,1.0,1.0,1.0,1.0,1.0,1.0,1.0,1.0,10,0,0.0,0.0,1.0,0.0,0.0,0.0,0.0,0.0,0.0,0.0,0.0,1.0,0.0,0.0,0.0,0.0,0.0,1.6973333333338898,1.9195935583022707e-20,1.9195935583022707e-20,0.0,0.1,0.1,0,0,0,0,C1,0.0,0.0,0.30584631039295446,0.0,1.0,1.0,0.0,0.0,0.30584631039295446
phaseflip,phaseflip,0.2,3,0.0,10,qiskit_aer,1,1,0.556,0.556,0.0,0.0,0.0,0.0,0.0,0.0,0.44399999999999984,0.035462656414882346,0.4559999999999998,0.40799999999999986,0.4739999999999998,0.3919999999999999,0.3919999999999999,1.0,0.8,1.0,0.0,0.0,0.0,0.0,0.0,0.4138463103929545,0.035462656414882346,0.42584631039295445,0.3778463103929545,0.44384631039295447,0.36184631039295456,0.36184631039295456,1.0,1.0,0.0,0.0,0.0,0.0,0.0,0.0,0.43796926207859077,0.040550076650522425,0.45599999999999974,0.4004615775982385,0.4739999999999998,0.37541547071612497,0.36184631039295456,1.0,1.0,0.8,0.0,0.0,0.0,0.0,0.0,0.0,0.006030737921409068,0.060307379214090684,0.030153689607045342,0.030153689607045342,0.43796926207859077,0.040550076650522425,0.45599999999999974,0.4004615775982385,0.4739999999999998,0.37541547071612497,0.36184631039295456,1.0,1.0,0.8,0.0,0.0,0.0,0.0,0.0,0.0,0.006030737921409068,0.060307379214090684,0.030153689607045342,0.030153689607045342,0.43796926207859077,0.040550076650522425,0.45599999999999974,0.4004615775982385,0.4739999999999998,0.37541547071612497,0.36184631039295456,1.0,1.0,0.8,0.0,0.0,0.0,0.0,0.0,0.0,0.006030737921409068,0.060307379214090684,0.030153689607045342,0.030153689607045342,0.43796926207859077,0.040550076650522425,0.45599999999999974,0.4004615775982385,0.4739999999999998,0.37541547071612497,0.36184631039295456,1.0,1.0,0.8,0.0,0.0,0.0,0.0,0.0,0.0,0.006030737921409068,0.060307379214090684,0.030153689607045342,0.030153689607045342,1.0,0.2,0.2,0.2,0.2,0.0,0.2,0.8,0.0,0.2,0.8,0.0,0.2,0.8,0.0,0.2,0.8,0.0,0.2,0.0,0.2,0.2,0.2,0.2,0.2,0.0,0.0,0.0,0.0,0.2,0.2,1.0,1.0,1.0,0.2,1.0,1.0,1.0,1.0,1.0,1.0,2,0,0.0,0.0,0.2,0.0,0.0,0.0,0.0,0.0,0.0,0.0,0.0,1.0,0.0,0.0,0.0,0.0,0.0,-0.15599999999980735,4.332225182367674e-21,4.332225182367674e-21,0.0,0.0,0.0,0,0,0,0,C1,0.0,0.0,0.43796926207859077,0.8,1.0,0.2,0.0,0.0,0.43796926207859077
phaseflip,phaseflip,0.2,3,0.01,10,qiskit_aer,1,1,0.556,0.2992,0.02222222222222222,0.0,0.0,0.0,0.0,0.0,0.44399999999999984,0.035462656414882346,0.4559999999999998,0.40799999999999986,0.4739999999999998,0.3919999999999999,0.3919999999999999,1.0,0.8,1.0,0.0,0.0,0.0,0.0,0.0,0.4138463103929545,0.035462656414882346,0.42584631039295445,0.3778463103929545,0.44384631039295447,0.36184631039295456,0.36184631039295456,1.0,1.0,0.0,0.0,0.0,0.0,0.0,0.0,0.43796926207859077,0.040550076650522425,0.45599999999999974,0.4004615775982385,0.4739999999999998,0.37541547071612497,0.36184631039295456,1.0,1.0,0.8,0.0,0.0,0.0,0.0,0.0,0.0,0.006030737921409068,0.060307379214090684,0.030153689607045342,0.030153689607045342,0.43796926207859077,0.040550076650522425,0.45599999999999974,0.4004615775982385,0.4739999999999998,0.37541547071612497,0.36184631039295456,1.0,1.0,0.8,0.0,0.0,0.0,0.0,0.0,0.0,0.006030737921409068,0.060307379214090684,0.030153689607045342,0.030153689607045342,0.43796926207859077,0.040550076650522425,0.45599999999999974,0.4004615775982385,0.4739999999999998,0.37541547071612497,0.36184631039295456,1.0,1.0,0.8,0.0,0.0,0.0,0.0,0.0,0.0,0.006030737921409068,0.060307379214090684,0.030153689607045342,0.030153689607045342,0.43796926207859077,0.040550076650522425,0.45599999999999974,0.4004615775982385,0.4739999999999998,0.37541547071612497,0.36184631039295456,1.0,1.0,0.8,0.0,0.0,0.0,0.0,0.0,0.0,0.006030737921409068,0.060307379214090684,0.030153689607045342,0.030153689607045342,1.0,0.2,0.2,0.2,0.2,0.0,0.2,0.8,0.0,0.2,0.8,0.0,0.2,0.8,0.0,0.2,0.8,0.0,0.2,0.0,0.2,0.2,0.2,0.2,0.2,0.0,0.0,0.0,0.0,0.2,0.2,1.0,1.0,1.0,0.2,1.0,1.0,1.0,1.0,1.0,1.0,2,0,0.0,0.0,0.2,0.0,0.0,0.0,0.0,0.0,0.0,0.0,0.0,1.0,0.0,0.0,0.0,0.0,0.0,0.10080000000019647,4.332225182367674e-21,4.332225182367674e-21,0.0,0.01,0.01,0,0,0,0,C1,0.0,0.0,0.43796926207859077,0.8,1.0,0.2,0.0,0.0,0.43796926207859077
phaseflip,phaseflip,0.2,3,0.03,10,qiskit_aer,1,1,0.556,0.2992,0.04444444444444444,0.0,0.0,0.0,0.0,0.0,0.44399999999999984,0.035462656414882346,0.4559999999999998,0.40799999999999986,0.4739999999999998,0.3919999999999999,0.3919999999999999,1.0,0.8,1.0,0.0,0.0,0.0,0.0,0.0,0.4138463103929545,0.035462656414882346,0.42584631039295445,0.3778463103929545,0.44384631039295447,0.36184631039295456,0.36184631039295456,1.0,1.0,0.0,0.0,0.0,0.0,0.0,0.0,0.43796926207859077,0.040550076650522425,0.45599999999999974,0.4004615775982385,0.4739999999999998,0.37541547071612497,0.36184631039295456,1.0,1.0,0.8,0.0,0.0,0.0,0.0,0.0,0.0,0.006030737921409068,0.060307379214090684,0.030153689607045342,0.030153689607045342,0.43796926207859077,0.040550076650522425,0.45599999999999974,0.4004615775982385,0.4739999999999998,0.37541547071612497,0.36184631039295456,1.0,1.0,0.8,0.0,0.0,0.0,0.0,0.0,0.0,0.006030737921409068,0.060307379214090684,0.030153689607045342,0.030153689607045342,0.43796926207859077,0.040550076650522425,0.45599999999999974,0.4004615775982385,0.4739999999999998,0.37541547071612497,0.36184631039295456,1.0,1.0,0.8,0.0,0.0,0.0,0.0,0.0,0.0,0.006030737921409068,0.060307379214090684,0.030153689607045342,0.030153689607045342,0.43796926207859077,0.040550076650522425,0.45599999999999974,0.4004615775982385,0.4739999999999998,0.37541547071612497,0.36184631039295456,1.0,1.0,0.8,0.0,0.0,0.0,0.0,0.0,0.0,0.006030737921409068,0.060307379214090684,0.030153689607045342,0.030153689607045342,1.0,0.2,0.2,0.2,0.2,0.0,0.2,0.8,0.0,0.2,0.8,0.0,0.2,0.8,0.0,0.2,0.8,0.0,0.2,0.0,0.2,0.2,0.2,0.2,0.2,0.0,0.0,0.0,0.0,0.2,0.2,1.0,1.0,1.0,0.2,1.0,1.0,1.0,1.0,1.0,1.0,2,0,0.0,0.0,0.2,0.0,0.0,0.0,0.0,0.0,0.0,0.0,0.0,1.0,0.0,0.0,0.0,0.0,0.0,0.10080000000020287,4.332225182367674e-21,4.332225182367674e-21,0.0,0.03,0.03,0,0,0,0,C1,0.0,0.0,0.43796926207859077,0.8,1.0,0.2,0.0,0.0,0.43796926207859077
phaseflip,phaseflip,0.2,3,0.05,10,qiskit_aer,1,1,0.556,0.2992,0.07777777777777778,0.0,0.0,0.0,0.0,0.0,0.44399999999999984,0.035462656414882346,0.4559999999999998,0.40799999999999986,0.4739999999999998,0.3919999999999999,0.3919999999999999,1.0,0.8,1.0,0.0,0.0,0.0,0.0,0.0,0.4138463103929545,0.035462656414882346,0.42584631039295445,0.3778463103929545,0.44384631039295447,0.36184631039295456,0.36184631039295456,1.0,1.0,0.0,0.0,0.0,0.0,0.0,0.0,0.43796926207859077,0.040550076650522425,0.45599999999999974,0.4004615775982385,0.4739999999999998,0.37541547071612497,0.36184631039295456,1.0,1.0,0.8,0.0,0.0,0.0,0.0,0.0,0.0,0.006030737921409068,0.060307379214090684,0.030153689607045342,0.030153689607045342,0.43796926207859077,0.040550076650522425,0.45599999999999974,0.4004615775982385,0.4739999999999998,0.37541547071612497,0.36184631039295456,1.0,1.0,0.8,0.0,0.0,0.0,0.0,0.0,0.0,0.006030737921409068,0.060307379214090684,0.030153689607045342,0.030153689607045342,0.43796926207859077,0.040550076650522425,0.45599999999999974,0.4004615775982385,0.4739999999999998,0.37541547071612497,0.36184631039295456,1.0,1.0,0.8,0.0,0.0,0.0,0.0,0.0,0.0,0.006030737921409068,0.060307379214090684,0.030153689607045342,0.030153689607045342,0.43796926207859077,0.040550076650522425,0.45599999999999974,0.4004615775982385,0.4739999999999998,0.37541547071612497,0.36184631039295456,1.0,1.0,0.8,0.0,0.0,0.0,0.0,0.0,0.0,0.006030737921409068,0.060307379214090684,0.030153689607045342,0.030153689607045342,1.0,0.2,0.2,0.2,0.2,0.0,0.2,0.8,0.0,0.2,0.8,0.0,0.2,0.8,0.0,0.2,0.8,0.0,0.2,0.0,0.2,0.2,0.2,0.2,0.2,0.0,0.0,0.0,0.0,0.2,0.2,1.0,1.0,1.0,0.2,1.0,1.0,1.0,1.0,1.0,1.0,2,0,0.0,0.0,0.2,0.0,0.0,0.0,0.0,0.0,0.0,0.0,0.0,1.0,0.0,0.0,0.0,0.0,0.0,0.10080000000019643,4.332225182367674e-21,4.332225182367674e-21,0.0,0.05,0.05,0,0,0,0,C1,0.0,0.0,0.43796926207859077,0.8,1.0,0.2,0.0,0.0,0.43796926207859077
phaseflip,phaseflip,0.2,3,0.1,10,qiskit_aer,1,1,0.556,0.3168,0.19999999999999998,0.0,0.0,0.0,0.0,0.0,0.44399999999999984,0.035462656414882346,0.4559999999999998,0.40799999999999986,0.4739999999999998,0.3919999999999999,0.3919999999999999,1.0,0.8,1.0,0.0,0.0,0.0,0.0,0.0,0.4138463103929545,0.035462656414882346,0.42584631039295445,0.3778463103929545,0.44384631039295447,0.36184631039295456,0.36184631039295456,1.0,1.0,0.0,0.0,0.0,0.0,0.0,0.0,0.43796926207859077,0.040550076650522425,0.45599999999999974,0.4004615775982385,0.4739999999999998,0.37541547071612497,0.36184631039295456,1.0,1.0,0.8,0.0,0.0,0.0,0.0,0.0,0.0,0.006030737921409068,0.060307379214090684,0.030153689607045342,0.030153689607045342,0.43796926207859077,0.040550076650522425,0.45599999999999974,0.4004615775982385,0.4739999999999998,0.37541547071612497,0.36184631039295456,1.0,1.0,0.8,0.0,0.0,0.0,0.0,0.0,0.0,0.006030737921409068,0.060307379214090684,0.030153689607045342,0.030153689607045342,0.43796926207859077,0.040550076650522425,0.45599999999999974,0.4004615775982385,0.4739999999999998,0.37541547071612497,0.36184631039295456,1.0,1.0,0.8,0.0,0.0,0.0,0.0,0.0,0.0,0.006030737921409068,0.060307379214090684,0.030153689607045342,0.030153689607045342,0.43796926207859077,0.040550076650522425,0.45599999999999974,0.4004615775982385,0.4739999999999998,0.37541547071612497,0.36184631039295456,1.0,1.0,0.8,0.0,0.0,0.0,0.0,0.0,0.0,0.006030737921409068,0.060307379214090684,0.030153689607045342,0.030153689607045342,1.0,0.2,0.2,0.2,0.2,0.0,0.2,0.8,0.0,0.2,0.8,0.0,0.2,0.8,0.0,0.2,0.8,0.0,0.2,0.0,0.2,0.2,0.2,0.2,0.2,0.0,0.0,0.0,0.0,0.2,0.2,1.0,1.0,1.0,0.2,1.0,1.0,1.0,1.0,1.0,1.0,2,0,0.0,0.0,0.2,0.0,0.0,0.0,0.0,0.0,0.0,0.0,0.0,1.0,0.0,0.0,0.0,0.0,0.0,0.08320000000021203,4.332225182367674e-21,4.332225182367674e-21,0.0,0.1,0.1,0,0,0,0,C1,0.0,0.0,0.43796926207859077,0.8,1.0,0.2,0.0,0.0,0.43796926207859077
phaseflip,phaseflip,0.2,4,0.0,10,qiskit_aer,1,1,0.48048,0.48048,0.0,0.0,0.0,0.0,0.0,0.0,0.5195199999999999,0.04459983856473026,0.5447999999999998,0.5135999999999998,0.5519999999999998,0.4351999999999998,0.4351999999999998,1.0,1.0,1.0,0.0,0.0,0.0,0.0,0.0,0.4893663103929545,0.04459983856473026,0.5146463103929545,0.4834463103929545,0.5218463103929545,0.40504631039295447,0.40504631039295447,1.0,1.0,0.0,0.0,0.0,0.0,0.0,0.0,0.5195199999999999,0.04459983856473026,0.5447999999999998,0.5135999999999998,0.5519999999999998,0.4351999999999998,0.4351999999999998,1.0,1.0,1.0,0.0,0.0,0.0,0.0,0.0,0.0,0.0,0.0,0.0,0.0,0.5195199999999999,0.04459983856473026,0.5447999999999998,0.5135999999999998,0.5519999999999998,0.4351999999999998,0.4351999999999998,1.0,1.0,1.0,0.0,0.0,0.0,0.0,0.0,0.0,0.0,0.0,0.0,0.0,0.5195199999999999,0.04459983856473026,0.5447999999999998,0.5135999999999998,0.5519999999999998,0.4351999999999998,0.4351999999999998,1.0,1.0,1.0,0.0,0.0,0.0,0.0,0.0,0.0,0.0,0.0,0.0,0.0,0.5195199999999999,0.04459983856473026,0.5447999999999998,0.5135999999999998,0.5519999999999998,0.4351999999999998,0.4351999999999998,1.0,1.0,1.0,0.0,0.0,0.0,0.0,0.0,0.0,0.0,0.0,0.0,0.0,1.0,0.0,0.0,0.0,0.0,0.0,0.0,1.0,0.0,0.0,1.0,0.0,0.0,1.0,0.0,0.0,1.0,0.0,0.0,0.0,0.0,0.0,0.0,0.0,0.0,0.0,0.0,0.0,0.0,0.0,0.0,1.0,1.0,1.0,0.0,0.0,0.0,0.0,0.0,0.0,0.0,0,0,0.0,0.0,0.0,0.0,0.0,0.0,0.0,0.0,0.0,0.0,0.0,1.0,0.0,0.0,0.0,0.0,0.0,-0.4804799999999164,0.0,0.0,0.0,0.0,0.0,0,0,0,0,C1,0.0,0.0,0.5195199999999999,1.0,1.0,0.0,0.0,0.0,0.5195199999999999
phaseflip,phaseflip,0.2,4,0.01,10,qiskit_aer,1,1,0.48048,0.22225777777777778,0.02222222222222222,0.0,0.0,0.0,0.0,0.0,0.5195199999999999,0.04459983856473026,0.5447999999999998,0.5135999999999998,0.5519999999999998,0.4351999999999998,0.4351999999999998,1.0,1.0,1.0,0.0,0.0,0.0,0.0,0.0,0.4893663103929545,0.04459983856473026,0.5146463103929545,0.4834463103929545,0.5218463103929545,0.40504631039295447,0.40504631039295447,1.0,1.0,0.0,0.0,0.0,0.0,0.0,0.0,0.5195199999999999,0.04459983856473026,0.5447999999999998,0.5135999999999998,0.5519999999999998,0.4351999999999998,0.4351999999999998,1.0,1.0,1.0,0.0,0.0,0.0,0.0,0.0,0.0,0.0,0.0,0.0,0.0,0.5195199999999999,0.04459983856473026,0.5447999999999998,0.5135999999999998,0.5519999999999998,0.4351999999999998,0.4351999999999998,1.0,1.0,1.0,0.0,0.0,0.0,0.0,0.0,0.0,0.0,0.0,0.0,0.0,0.5195199999999999,0.04459983856473026,0.5447999999999998,0.5135999999999998,0.5519999999999998,0.4351999999999998,0.4351999999999998,1.0,1.0,1.0,0.0,0.0,0.0,0.0,0.0,0.0,0.0,0.0,0.0,0.0,0.5195199999999999,0.04459983856473026,0.5447999999999998,0.5135999999999998,0.5519999999999998,0.4351999999999998,0.4351999999999998,1.0,1.0,1.0,0.0,0.0,0.0,0.0,0.0,0.0,0.0,0.0,0.0,0.0,1.0,0.0,0.0,0.0,0.0,0.0,0.0,1.0,0.0,0.0,1.0,0.0,0.0,1.0,0.0,0.0,1.0,0.0,0.0,0.0,0.0,0.0,0.0,0.0,0.0,0.0,0.0,0.0,0.0,0.0,0.0,1.0,1.0,1.0,0.0,0.0,0.0,0.0,0.0,0.0,0.0,0,0,0.0,0.0,0.0,0.0,0.0,0.0,0.0,0.0,0.0,0.0,0.0,1.0,0.0,0.0,0.0,0.0,0.0,-0.22225777777769967,0.0,0.0,0.0,0.01,0.01,0,0,0,0,C1,0.0,0.0,0.5195199999999999,1.0,1.0,0.0,0.0,0.0,0.5195199999999999
phaseflip,phaseflip,0.2,4,0.03,10,qiskit_aer,1,1,0.48048,0.22225777777777778,0.04444444444444444,0.0,0.0,0.0,0.0,0.0,0.5195199999999999,0.04459983856473026,0.5447999999999998,0.5135999999999998,0.5519999999999998,0.4351999999999998,0.4351999999999998,1.0,1.0,1.0,0.0,0.0,0.0,0.0,0.0,0.4893663103929545,0.04459983856473026,0.5146463103929545,0.4834463103929545,0.5218463103929545,0.40504631039295447,0.40504631039295447,1.0,1.0,0.0,0.0,0.0,0.0,0.0,0.0,0.5195199999999999,0.04459983856473026,0.5447999999999998,0.5135999999999998,0.5519999999999998,0.4351999999999998,0.4351999999999998,1.0,1.0,1.0,0.0,0.0,0.0,0.0,0.0,0.0,0.0,0.0,0.0,0.0,0.5195199999999999,0.04459983856473026,0.5447999999999998,0.5135999999999998,0.5519999999999998,0.4351999999999998,0.4351999999999998,1.0,1.0,1.0,0.0,0.0,0.0,0.0,0.0,0.0,0.0,0.0,0.0,0.0,0.5195199999999999,0.04459983856473026,0.5447999999999998,0.5135999999999998,0.5519999999999998,0.4351999999999998,0.4351999999999998,1.0,1.0,1.0,0.0,0.0,0.0,0.0,0.0,0.0,0.0,0.0,0.0,0.0,0.5195199999999999,0.04459983856473026,0.5447999999999998,0.5135999999999998,0.5519999999999998,0.4351999999999998,0.4351999999999998,1.0,1.0,1.0,0.0,0.0,0.0,0.0,0.0,0.0,0.0,0.0,0.0,0.0,1.0,0.0,0.0,0.0,0.0,0.0,0.0,1.0,0.0,0.0,1.0,0.0,0.0,1.0,0.0,0.0,1.0,0.0,0.0,0.0,0.0,0.0,0.0,0.0,0.0,0.0,0.0,0.0,0.0,0.0,0.0,1.0,1.0,1.0,0.0,0.0,0.0,0.0,0.0,0.0,0.0,0,0,0.0,0.0,0.0,0.0,0.0,0.0,0.0,0.0,0.0,0.0,0.0,1.0,0.0,0.0,0.0,0.0,0.0,-0.2222577777776941,0.0,0.0,0.0,0.03,0.03,0,0,0,0,C1,0.0,0.0,0.5195199999999999,1.0,1.0,0.0,0.0,0.0,0.5195199999999999
phaseflip,phaseflip,0.2,4,0.05,10,qiskit_aer,1,1,0.48048,0.21728,0.07777777777777778,0.0,0.0,0.0,0.0,0.0,0.5195199999999999,0.04459983856473026,0.5447999999999998,0.5135999999999998,0.5519999999999998,0.4351999999999998,0.4351999999999998,1.0,1.0,1.0,0.0,0.0,0.0,0.0,0.0,0.4893663103929545,0.04459983856473026,0.5146463103929545,0.4834463103929545,0.5218463103929545,0.40504631039295447,0.40504631039295447,1.0,1.0,0.0,0.0,0.0,0.0,0.0,0.0,0.5195199999999999,0.04459983856473026,0.5447999999999998,0.5135999999999998,0.5519999999999998,0.4351999999999998,0.4351999999999998,1.0,1.0,1.0,0.0,0.0,0.0,0.0,0.0,0.0,0.0,0.0,0.0,0.0,0.5195199999999999,0.04459983856473026,0.5447999999999998,0.5135999999999998,0.5519999999999998,0.4351999999999998,0.4351999999999998,1.0,1.0,1.0,0.0,0.0,0.0,0.0,0.0,0.0,0.0,0.0,0.0,0.0,0.5195199999999999,0.04459983856473026,0.5447999999999998,0.5135999999999998,0.5519999999999998,0.4351999999999998,0.4351999999999998,1.0,1.0,1.0,0.0,0.0,0.0,0.0,0.0,0.0,0.0,0.0,0.0,0.0,0.5195199999999999,0.04459983856473026,0.5447999999999998,0.5135999999999998,0.5519999999999998,0.4351999999999998,0.4351999999999998,1.0,1.0,1.0,0.0,0.0,0.0,0.0,0.0,0.0,0.0,0.0,0.0,0.0,1.0,0.0,0.0,0.0,0.0,0.0,0.0,1.0,0.0,0.0,1.0,0.0,0.0,1.0,0.0,0.0,1.0,0.0,0.0,0.0,0.0,0.0,0.0,0.0,0.0,0.0,0.0,0.0,0.0,0.0,0.0,1.0,1.0,1.0,0.0,0.0,0.0,0.0,0.0,0.0,0.0,0,0,0.0,0.0,0.0,0.0,0.0,0.0,0.0,0.0,0.0,0.0,0.0,1.0,0.0,0.0,0.0,0.0,0.0,-0.21727999999991635,0.0,0.0,0.0,0.05,0.05,0,0,0,0,C1,0.0,0.0,0.5195199999999999,1.0,1.0,0.0,0.0,0.0,0.5195199999999999
phaseflip,phaseflip,0.2,4,0.1,10,qiskit_aer,1,1,0.48048,0.23891555555555558,0.19999999999999998,0.0,0.0,0.0,0.0,0.0,0.5195199999999999,0.04459983856473026,0.5447999999999998,0.5135999999999998,0.5519999999999998,0.4351999999999998,0.4351999999999998,1.0,1.0,1.0,0.0,0.0,0.0,0.0,0.0,0.4893663103929545,0.04459983856473026,0.5146463103929545,0.4834463103929545,0.5218463103929545,0.40504631039295447,0.40504631039295447,1.0,1.0,0.0,0.0,0.0,0.0,0.0,0.0,0.5195199999999999,0.04459983856473026,0.5447999999999998,0.5135999999999998,0.5519999999999998,0.4351999999999998,0.4351999999999998,1.0,1.0,1.0,0.0,0.0,0.0,0.0,0.0,0.0,0.0,0.0,0.0,0.0,0.5195199999999999,0.04459983856473026,0.5447999999999998,0.5135999999999998,0.5519999999999998,0.4351999999999998,0.4351999999999998,1.0,1.0,1.0,0.0,0.0,0.0,0.0,0.0,0.0,0.0,0.0,0.0,0.0,0.5195199999999999,0.04459983856473026,0.5447999999999998,0.5135999999999998,0.5519999999999998,0.4351999999999998,0.4351999999999998,1.0,1.0,1.0,0.0,0.0,0.0,0.0,0.0,0.0,0.0,0.0,0.0,0.0,0.5195199999999999,0.04459983856473026,0.5447999999999998,0.5135999999999998,0.5519999999999998,0.4351999999999998,0.4351999999999998,1.0,1.0,1.0,0.0,0.0,0.0,0.0,0.0,0.0,0.0,0.0,0.0,0.0,1.0,0.0,0.0,0.0,0.0,0.0,0.0,1.0,0.0,0.0,1.0,0.0,0.0,1.0,0.0,0.0,1.0,0.0,0.0,0.0,0.0,0.0,0.0,0.0,0.0,0.0,0.0,0.0,0.0,0.0,0.0,1.0,1.0,1.0,0.0,0.0,0.0,0.0,0.0,0.0,0.0,0,0,0.0,0.0,0.0,0.0,0.0,0.0,0.0,0.0,0.0,0.0,0.0,1.0,0.0,0.0,0.0,0.0,0.0,-0.23891555555547753,0.0,0.0,0.0,0.1,0.1,0,0,0,0,C1,0.0,0.0,0.5195199999999999,1.0,1.0,0.0,0.0,0.0,0.5195199999999999
