code_family,noise_family,noise_strength,noise_depth,syndrome_observation_ratio,cases,backend,code_count,noise_family_count,true_syndrome_mean_no_error_mean,observed_syndrome_mean_no_error_mean,syndrome_corruption_rate,syndrome_information_loss_mean,observed_syndrome_consistent_rate,true_syndrome_consistent_rate,partial_syndrome_case_rate,ambiguous_syndrome_case_rate,fid_gain_A_mean,fid_gain_A_std,fid_gain_A_median,fid_gain_A_p25,fid_gain_A_p75,fid_gain_q05_A,fid_gain_cvar05_A,nonworsen_rate_A,admissible_rate_A,logical_success_rate_A,false_safe_rate_A,false_safe_fidelity_rate_A,failure_boundary_rate_A,observed_failure_boundary_rate_A,true_failure_boundary_rate_A,fid_gain_B_mean,fid_gain_B_std,fid_gain_B_median,fid_gain_B_p25,fid_gain_B_p75,fid_gain_q05_B,fid_gain_cvar05_B,nonworsen_rate_B,admissible_rate_B,logical_success_rate_B,false_safe_rate_B,false_safe_fidelity_rate_B,failure_boundary_rate_B,observed_failure_boundary_rate_B,true_failure_boundary_rate_B,fid_gain_C1_mean,fid_gain_C1_std,fid_gain_C1_median,fid_gain_C1_p25,fid_gain_C1_p75,fid_gain_q05_C1,fid_gain_cvar05_C1,nonworsen_rate_C1,admissible_rate_C1,logical_success_rate_C1,false_safe_rate_C1,false_safe_fidelity_rate_C1,failure_boundary_rate_C1,observed_failure_boundary_rate_C1,true_failure_boundary_rate_C1,chosen_candidate_violation_mean_C1,oracle_regret_mean_C1,oracle_regret_sum_C1,oracle_regret_q95_C1,oracle_regret_cvar95_C1,fid_gain_C2_mean,fid_gain_C2_std,fid_gain_C2_median,fid_gain_C2_p25,fid_gain_C2_p75,fid_gain_q05_C2,fid_gain_cvar05_C2,nonworsen_rate_C2,admissible_rate_C2,logical_success_rate_C2,false_safe_rate_C2,false_safe_fidelity_rate_C2,failure_boundary_rate_C2,observed_failure_boundary_rate_C2,true_failure_boundary_rate_C2,chosen_candidate_violation_mean_C2,oracle_regret_mean_C2,oracle_regret_sum_C2,oracle_regret_q95_C2,oracle_regret_cvar95_C2,fid_gain_C3_mean,fid_gain_C3_std,fid_gain_C3_median,fid_gain_C3_p25,fid_gain_C3_p75,fid_gain_q05_C3,fid_gain_cvar05_C3,nonworsen_rate_C3,admissible_rate_C3,logical_success_rate_C3,false_safe_rate_C3,false_safe_fidelity_rate_C3,failure_boundary_rate_C3,observed_failure_boundary_rate_C3,true_failure_boundary_rate_C3,chosen_candidate_violation_mean_C3,oracle_regret_mean_C3,oracle_regret_sum_C3,oracle_regret_q95_C3,oracle_regret_cvar95_C3,fid_gain_C3R_mean,fid_gain_C3R_std,fid_gain_C3R_median,fid_gain_C3R_p25,fid_gain_C3R_p75,fid_gain_q05_C3R,fid_gain_cvar05_C3R,nonworsen_rate_C3R,admissible_rate_C3R,logical_success_rate_C3R,false_safe_rate_C3R,false_safe_fidelity_rate_C3R,failure_boundary_rate_C3R,observed_failure_boundary_rate_C3R,true_failure_boundary_rate_C3R,chosen_candidate_violation_mean_C3R,oracle_regret_mean_C3R,oracle_regret_sum_C3R,oracle_regret_q95_C3R,oracle_regret_cvar95_C3R,decision_disagreement_rate_AB,decision_disagreement_rate_C1A,decision_disagreement_rate_C2A,decision_disagreement_rate_C3A,decision_disagreement_rate_C3RA,decision_disagreement_rate_C3R_vs_C2,chosen_B_rate_C1,safe_case_retention_rate_C1,risky_case_capture_rate_C1,chosen_B_rate_C2,safe_case_retention_rate_C2,risky_case_capture_rate_C2,chosen_B_rate_C3,safe_case_retention_rate_C3,risky_case_capture_rate_C3,chosen_B_rate_C3R,safe_case_retention_rate_C3R,risky_case_capture_rate_C3R,veto_rate_C1,tie_break_rate_C1,weighted_score_switch_rate_C2,weighted_score_switch_rate_C3,weighted_score_switch_rate_C3R,veto_rate_C2,veto_rate_C3,veto_rate_C3R,tie_break_rate_C2,tie_break_rate_C3,tie_break_rate_C3R,c3r_gate_c2_switch_rate,c3r_gate_score_margin_rate,c3r_gate_leave_A_rate,c3r_gate_B_safe_rate,c3r_gate_uncertainty_rate,c3r_allow_B_rate,c3r_gate_c2_switch_rate_given_c2_B,c3r_gate_score_margin_rate_given_c2_B,c3r_gate_leave_A_rate_given_c2_B,c3r_gate_B_safe_rate_given_c2_B,c3r_gate_uncertainty_rate_given_c2_B,c3r_allow_B_rate_given_c2_B,c2_B_count,c3r_block_count,c3r_blocks_c2_switch_rate,c3r_block_rate_given_c2_B,c3r_harmful_c2_switch_rate,c3r_beneficial_c2_switch_rate,c3r_prevented_harmful_switch_rate,c3r_missed_beneficial_switch_rate,c3r_prevented_harmful_switch_rate_given_block,c3r_missed_beneficial_switch_rate_given_block,c3r_harmful_block_precision,c3r_harmful_switch_recall,c3r_beneficial_switch_block_rate,c3r_beneficial_switch_retention,c3r_prevented_loss_sum,c3r_missed_gain_sum,c3r_net_intervention_gain,c3r_intervention_gain_mean,c3r_intervention_gain_sum,c3r_score_margin_mean,c3r_structural_margin_mean,c3r_violation_A_mean,c3r_violation_B_mean,c3r_syndrome_uncertainty_mean,c3r_raw_syndrome_uncertainty_mean,c3r_blocked_by_score_margin_count,c3r_blocked_by_leave_A_count,c3r_blocked_by_B_safe_count,c3r_blocked_by_uncertainty_count,preferred_policy,preferred_false_safe_fidelity_rate,preferred_false_safe_rate,preferred_fid_gain_mean,preferred_logical_success_rate,preferred_nonworsen_rate,preferred_chosen_B_rate,min_false_safe_fidelity_rate,min_false_safe_rate,max_fid_gain_mean_within_safety_band
phaseflip,dephasing,0.01,1,0.25,10,qiskit_aer,1,1,0.9950000000000002,0.22663888888888892,0.9666666666666667,0.7722222222222223,0.0,1.0,1.0,0.0,0.004999999999999738,8.881801137644041e-17,0.004999999999999782,0.004999999999999782,0.004999999999999782,0.00499999999999956,0.004999999999999738,1.0,0.1,1.0,0.0,0.0,0.0,0.0,0.0,-0.025153689607045605,8.882055243408597e-17,-0.02515368960704556,-0.02515368960704556,-0.02515368960704556,-0.02515368960704578,-0.025153689607045605,0.0,1.0,0.0,0.0,1.0,0.0,0.0,1.0,-0.02213832064634107,0.009046106882113544,-0.02515368960704556,-0.02515368960704556,-0.02515368960704556,-0.02515368960704568,-0.025153689607045584,0.1,1.0,0.1,0.0,0.9,0.0,0.0,0.9,0.0,0.027138320646340808,0.2713832064634081,0.030153689607045342,0.030153689607045342,-0.02213832064634107,0.009046106882113544,-0.02515368960704556,-0.02515368960704556,-0.02515368960704556,-0.02515368960704568,-0.025153689607045584,0.1,1.0,0.1,0.0,0.9,0.0,0.0,0.9,0.0,0.027138320646340808,0.2713832064634081,0.030153689607045342,0.030153689607045342,-0.02213832064634107,0.009046106882113544,-0.02515368960704556,-0.02515368960704556,-0.02515368960704556,-0.02515368960704568,-0.025153689607045584,0.1,1.0,0.1,0.0,0.9,0.0,0.0,0.9,0.0,0.027138320646340808,0.2713832064634081,0.030153689607045342,0.030153689607045342,0.004999999999999738,8.881801137644041e-17,0.004999999999999782,0.004999999999999782,0.004999999999999782,0.00499999999999956,0.004999999999999738,1.0,0.1,1.0,0.0,0.0,0.0,0.0,0.0,0.059905197190958416,0.0,0.0,0.0,0.0,1.0,0.9,0.9,0.9,0.0,0.9,0.9,0.1,0.0,0.9,0.1,0.0,0.9,0.1,0.0,0.0,1.0,0.0,0.9,0.0,0.9,0.9,0.0,0.9,0.9,0.9,0.0,0.0,0.0,0.9,0.9,1.0,1.0,0.0,0.0,1.0,1.0,1.0,1.0,0.0,0.0,9,9,0.9,1.0,0.9,0.0,0.9,0.0,1.0,0.0,1.0,1.0,0.0,1.0,0.2713832064634081,0.0,0.2713832064634081,0.027138320646340808,0.2713832064634081,1.5733611819180826,0.059905197190958416,0.059905197190958416,0.0,1.0,1.5222222222222221,0,0,0,9,C3R,0.0,0.0,0.004999999999999738,1.0,1.0,0.0,0.0,0.0,0.004999999999999738
phaseflip,dephasing,0.01,1,0.5,10,qiskit_aer,1,1,0.9950000000000002,0.46433333333333343,0.8222222222222222,0.5333333333333333,0.0,1.0,1.0,0.0,0.004999999999999738,8.881801137644041e-17,0.004999999999999782,0.004999999999999782,0.004999999999999782,0.00499999999999956,0.004999999999999738,1.0,0.1,1.0,0.0,0.0,0.0,0.0,0.0,-0.025153689607045605,8.882055243408597e-17,-0.02515368960704556,-0.02515368960704556,-0.02515368960704556,-0.02515368960704578,-0.025153689607045605,0.0,1.0,0.0,0.0,1.0,0.0,0.0,1.0,-0.02213832064634107,0.009046106882113544,-0.02515368960704556,-0.02515368960704556,-0.02515368960704556,-0.02515368960704568,-0.025153689607045584,0.1,1.0,0.1,0.0,0.9,0.0,0.0,0.9,0.0,0.027138320646340808,0.2713832064634081,0.030153689607045342,0.030153689607045342,-0.02213832064634107,0.009046106882113544,-0.02515368960704556,-0.02515368960704556,-0.02515368960704556,-0.02515368960704568,-0.025153689607045584,0.1,1.0,0.1,0.0,0.9,0.0,0.0,0.9,0.0,0.027138320646340808,0.2713832064634081,0.030153689607045342,0.030153689607045342,-0.02213832064634107,0.009046106882113544,-0.02515368960704556,-0.02515368960704556,-0.02515368960704556,-0.02515368960704568,-0.025153689607045584,0.1,1.0,0.1,0.0,0.9,0.0,0.0,0.9,0.0,0.027138320646340808,0.2713832064634081,0.030153689607045342,0.030153689607045342,-0.0010307379214093304,0.012061475842818114,0.004999999999999782,0.00499999999999956,0.004999999999999782,-0.02515368960704556,-0.02515368960704556,0.8,0.3,0.8,0.0,0.2,0.0,0.0,0.2,0.04173336938414492,0.006030737921409068,0.060307379214090684,0.030153689607045342,0.030153689607045342,1.0,0.9,0.9,0.9,0.2,0.7,0.9,0.1,0.0,0.9,0.1,0.0,0.9,0.1,0.0,0.2,0.8,0.0,0.9,0.0,0.9,0.9,0.2,0.9,0.9,0.7,0.0,0.0,0.0,0.9,0.9,1.0,1.0,0.2,0.2,1.0,1.0,1.0,1.0,0.2222222222222222,0.2222222222222222,9,7,0.7,0.7777777777777778,0.9,0.0,0.7,0.0,1.0,0.0,1.0,0.7777777777777778,0.0,1.0,0.2110758272493174,0.0,0.2110758272493174,0.02110758272493174,0.2110758272493174,1.3356667439840895,0.1117258237261399,0.1117258237261399,0.0,0.9777777777777777,1.0333333333333334,0,0,0,7,C3R,0.2,0.0,-0.0010307379214093304,0.8,0.8,0.2,0.2,0.0,-0.0010307379214093304
phaseflip,dephasing,0.01,1,0.75,10,qiskit_aer,1,1,0.9950000000000002,0.7573055555555557,0.37777777777777777,0.23333333333333334,0.0,1.0,1.0,0.0,0.004999999999999738,8.881801137644041e-17,0.004999999999999782,0.004999999999999782,0.004999999999999782,0.00499999999999956,0.004999999999999738,1.0,0.2,1.0,0.0,0.0,0.0,0.0,0.0,-0.025153689607045605,8.882055243408597e-17,-0.02515368960704556,-0.02515368960704556,-0.02515368960704556,-0.02515368960704578,-0.025153689607045605,0.0,1.0,0.0,0.0,1.0,0.0,0.0,1.0,-0.019122951685636536,0.012061475842818048,-0.02515368960704556,-0.02515368960704556,-0.02515368960704556,-0.02515368960704556,-0.02515368960704556,0.2,1.0,0.2,0.0,0.8,0.0,0.0,0.8,0.0,0.024122951685636274,0.24122951685636274,0.030153689607045342,0.030153689607045342,-0.019122951685636536,0.012061475842818048,-0.02515368960704556,-0.02515368960704556,-0.02515368960704556,-0.02515368960704556,-0.02515368960704556,0.2,1.0,0.2,0.0,0.8,0.0,0.0,0.8,0.0,0.024122951685636274,0.24122951685636274,0.030153689607045342,0.030153689607045342,-0.019122951685636536,0.012061475842818048,-0.02515368960704556,-0.02515368960704556,-0.02515368960704556,-0.02515368960704556,-0.02515368960704556,0.2,1.0,0.2,0.0,0.8,0.0,0.0,0.8,0.0,0.024122951685636274,0.24122951685636274,0.030153689607045342,0.030153689607045342,-0.019122951685636536,0.012061475842818048,-0.02515368960704556,-0.02515368960704556,-0.02515368960704556,-0.02515368960704556,-0.02515368960704556,0.2,1.0,0.2,0.0,0.8,0.0,0.0,0.8,0.0,0.024122951685636274,0.24122951685636274,0.030153689607045342,0.030153689607045342,1.0,0.8,0.8,0.8,0.8,0.0,0.8,0.2,0.0,0.8,0.2,0.0,0.8,0.2,0.0,0.8,0.2,0.0,0.8,0.0,0.8,0.8,0.8,0.8,0.8,0.0,0.0,0.0,0.0,0.8,0.8,1.0,1.0,1.0,0.8,1.0,1.0,1.0,1.0,1.0,1.0,8,0,0.0,0.0,0.8,0.0,0.0,0.0,0.0,0.0,0.0,0.0,0.0,1.0,0.0,0.0,0.0,0.0,0.0,0.8426945205225069,0.11172582372613989,0.11172582372613989,0.0,0.48333333333333334,0.48333333333333334,0,0,0,0,C1,0.8,0.0,-0.019122951685636536,0.2,0.2,0.8,0.8,0.0,-0.019122951685636536
phaseflip,dephasing,0.01,1,1.0,10,qiskit_aer,1,1,0.9950000000000002,0.9950000000000002,0.0,0.0,1.0,1.0,0.0,0.0,0.004999999999999738,8.881801137644041e-17,0.004999999999999782,0.004999999999999782,0.004999999999999782,0.00499999999999956,0.004999999999999738,1.0,0.2,1.0,0.8,0.0,0.0,0.0,0.0,-0.025153689607045605,8.882055243408597e-17,-0.02515368960704556,-0.02515368960704556,-0.02515368960704556,-0.02515368960704578,-0.025153689607045605,0.0,1.0,0.0,0.0,1.0,1.0,1.0,1.0,-0.025153689607045605,8.882055243408597e-17,-0.02515368960704556,-0.02515368960704556,-0.02515368960704556,-0.02515368960704578,-0.025153689607045605,0.0,1.0,0.0,0.0,1.0,1.0,1.0,1.0,0.0,0.030153689607045342,0.3015368960704534,0.030153689607045342,0.030153689607045342,-0.019122951685636536,0.012061475842818048,-0.02515368960704556,-0.02515368960704556,-0.02515368960704556,-0.02515368960704556,-0.02515368960704556,0.2,1.0,0.2,0.0,0.8,0.8,0.8,0.8,0.0,0.024122951685636274,0.24122951685636274,0.030153689607045342,0.030153689607045342,-0.019122951685636536,0.012061475842818048,-0.02515368960704556,-0.02515368960704556,-0.02515368960704556,-0.02515368960704556,-0.02515368960704556,0.2,1.0,0.2,0.0,0.8,0.8,0.8,0.8,0.0,0.024122951685636274,0.24122951685636274,0.030153689607045342,0.030153689607045342,-0.019122951685636536,0.012061475842818048,-0.02515368960704556,-0.02515368960704556,-0.02515368960704556,-0.02515368960704556,-0.02515368960704556,0.2,1.0,0.2,0.0,0.8,0.8,0.8,0.8,0.0,0.024122951685636274,0.24122951685636274,0.030153689607045342,0.030153689607045342,1.0,1.0,0.8,0.8,0.8,0.0,1.0,0.0,1.0,0.8,1.0,1.0,0.8,1.0,1.0,0.8,1.0,1.0,0.8,0.2,0.8,0.8,0.8,0.8,0.8,0.0,0.0,0.0,0.0,0.8,0.8,1.0,1.0,1.0,0.8,1.0,1.0,1.0,1.0,1.0,1.0,8,0,0.0,0.0,0.8,0.0,0.0,0.0,0.0,0.0,0.0,0.0,0.0,1.0,0.0,0.0,0.0,0.0,0.0,0.6050000703969249,0.09220656747669694,0.09220656747669694,0.0,0.0,0.0,0,0,0,0,C2,0.8,0.0,-0.019122951685636536,0.2,0.2,0.8,0.8,0.0,-0.019122951685636536
phaseflip,dephasing,0.01,2,0.25,10,qiskit_aer,1,1,0.99004,0.22550819444444445,0.9666666666666667,0.7722222222222223,0.0,1.0,1.0,0.0,0.009959999999999835,1.2247448713832956e-05,0.009949999999999903,0.009949999999999903,0.009974999999999734,0.009949999999999903,0.009949999999999903,1.0,0.4,1.0,0.0,0.0,0.0,0.0,0.0,-0.020193689607045505,1.2247448713832958e-05,-0.02020368960704544,-0.02020368960704544,-0.020178689607045608,-0.02020368960704544,-0.02020368960704544,0.0,1.0,0.0,0.0,1.0,0.0,0.0,1.0,-0.00813221376422737,0.01476406853626308,-0.020178689607045608,-0.020178689607045608,0.009949999999999903,-0.02020368960704544,-0.02020368960704544,0.4,1.0,0.4,0.0,0.6,0.0,0.0,0.6,0.0,0.018092213764227205,0.18092213764227205,0.030153689607045342,0.030153689607045342,-0.00813221376422737,0.01476406853626308,-0.020178689607045608,-0.020178689607045608,0.009949999999999903,-0.02020368960704544,-0.02020368960704544,0.4,1.0,0.4,0.0,0.6,0.0,0.0,0.6,0.0,0.018092213764227205,0.18092213764227205,0.030153689607045342,0.030153689607045342,-0.00813221376422737,0.01476406853626308,-0.020178689607045608,-0.020178689607045608,0.009949999999999903,-0.02020368960704544,-0.02020368960704544,0.4,1.0,0.4,0.0,0.6,0.0,0.0,0.6,0.0,0.018092213764227205,0.18092213764227205,0.030153689607045342,0.030153689607045342,0.009959999999999835,1.2247448713832956e-05,0.009949999999999903,0.009949999999999903,0.009974999999999734,0.009949999999999903,0.009949999999999903,1.0,0.4,1.0,0.0,0.0,0.0,0.0,0.0,0.032998794850966684,0.0,0.0,0.0,0.0,1.0,0.6,0.6,0.6,0.0,0.6,0.6,0.4,0.0,0.6,0.4,0.0,0.6,0.4,0.0,0.0,1.0,0.0,0.6,0.0,0.6,0.6,0.0,0.6,0.6,0.6,0.0,0.0,0.0,0.6,0.6,1.0,1.0,0.0,0.0,1.0,1.0,1.0,1.0,0.0,0.0,6,6,0.6,1.0,0.6,0.0,0.6,0.0,1.0,0.0,1.0,1.0,0.0,1.0,0.18092213764227205,0.0,0.18092213764227205,0.018092213764227205,0.18092213764227205,0.9744918472922256,0.032998794850966684,0.032998794850966684,0.0,1.0,1.5222222222222221,0,0,0,6,C3R,0.0,0.0,0.009959999999999835,1.0,1.0,0.0,0.0,0.0,0.009959999999999835
phaseflip,dephasing,0.01,2,0.5,10,qiskit_aer,1,1,0.99004,0.46201875000000003,0.8222222222222222,0.5333333333333333,0.0,1.0,1.0,0.0,0.009959999999999835,1.2247448713832956e-05,0.009949999999999903,0.009949999999999903,0.009974999999999734,0.009949999999999903,0.009949999999999903,1.0,0.5,1.0,0.0,0.0,0.0,0.0,0.0,-0.020193689607045505,1.2247448713832958e-05,-0.02020368960704544,-0.02020368960704544,-0.020178689607045608,-0.02020368960704544,-0.02020368960704544,0.0,1.0,0.0,0.0,1.0,0.0,0.0,1.0,-0.005116844803522836,0.015076849778037471,-0.005114344803522852,-0.02019743960704548,0.009949999999999903,-0.02020368960704544,-0.02020368960704544,0.5,1.0,0.5,0.0,0.5,0.0,0.0,0.5,0.0,0.015076844803522671,0.1507684480352267,0.030153689607045342,0.030153689607045342,-0.005116844803522836,0.015076849778037471,-0.005114344803522852,-0.02019743960704548,0.009949999999999903,-0.02020368960704544,-0.02020368960704544,0.5,1.0,0.5,0.0,0.5,0.0,0.0,0.5,0.0,0.015076844803522671,0.1507684480352267,0.030153689607045342,0.030153689607045342,-0.005116844803522836,0.015076849778037471,-0.005114344803522852,-0.02019743960704548,0.009949999999999903,-0.02020368960704544,-0.02020368960704544,0.5,1.0,0.5,0.0,0.5,0.0,0.0,0.5,0.0,0.015076844803522671,0.1507684480352267,0.030153689607045342,0.030153689607045342,0.006944631039295301,0.009049447889337602,0.009949999999999903,0.009949999999999903,0.009974999999999734,-0.006634529283875035,-0.02020368960704544,0.9,0.6,0.9,0.0,0.1,0.0,0.0,0.1,0.018226522000246922,0.003015368960704534,0.030153689607045342,0.016584529283874903,0.030153689607045342,1.0,0.5,0.5,0.5,0.1,0.4,0.5,0.5,0.0,0.5,0.5,0.0,0.5,0.5,0.0,0.1,0.9,0.0,0.5,0.0,0.5,0.5,0.1,0.5,0.5,0.4,0.0,0.0,0.0,0.5,0.5,1.0,1.0,0.2,0.1,1.0,1.0,1.0,1.0,0.2,0.2,5,4,0.4,0.8,0.5,0.0,0.4,0.0,1.0,0.0,1.0,0.8,0.0,1.0,0.12061475842818137,0.0,0.12061475842818137,0.012061475842818137,0.12061475842818137,0.5379812871955805,0.018226522000246922,0.018226522000246922,0.0,0.9777777777777777,1.0333333333333334,0,0,0,4,C3R,0.1,0.0,0.006944631039295301,0.9,0.9,0.1,0.1,0.0,0.006944631039295301
phaseflip,dephasing,0.01,2,0.75,10,qiskit_aer,1,1,0.99004,0.7535302777777778,0.37777777777777777,0.23333333333333334,0.0,1.0,1.0,0.0,0.009959999999999835,1.2247448713832956e-05,0.009949999999999903,0.009949999999999903,0.009974999999999734,0.009949999999999903,0.009949999999999903,1.0,0.4,1.0,0.0,0.0,0.0,0.0,0.0,-0.020193689607045505,1.2247448713832958e-05,-0.02020368960704544,-0.02020368960704544,-0.020178689607045608,-0.02020368960704544,-0.02020368960704544,0.0,1.0,0.0,0.0,1.0,0.0,0.0,1.0,-0.00813221376422737,0.014769173578487988,-0.020178689607045608,-0.02019743960704548,0.009949999999999903,-0.02020368960704544,-0.02020368960704544,0.4,1.0,0.4,0.0,0.6,0.0,0.0,0.6,0.0,0.018092213764227205,0.18092213764227205,0.030153689607045342,0.030153689607045342,-0.00813221376422737,0.014769173578487988,-0.020178689607045608,-0.02019743960704548,0.009949999999999903,-0.02020368960704544,-0.02020368960704544,0.4,1.0,0.4,0.0,0.6,0.0,0.0,0.6,0.0,0.018092213764227205,0.18092213764227205,0.030153689607045342,0.030153689607045342,-0.00813221376422737,0.014769173578487988,-0.020178689607045608,-0.02019743960704548,0.009949999999999903,-0.02020368960704544,-0.02020368960704544,0.4,1.0,0.4,0.0,0.6,0.0,0.0,0.6,0.0,0.018092213764227205,0.18092213764227205,0.030153689607045342,0.030153689607045342,-0.00813221376422737,0.014769173578487988,-0.020178689607045608,-0.02019743960704548,0.009949999999999903,-0.02020368960704544,-0.02020368960704544,0.4,1.0,0.4,0.0,0.6,0.0,0.0,0.6,0.0,0.018092213764227205,0.18092213764227205,0.030153689607045342,0.030153689607045342,1.0,0.6,0.6,0.6,0.6,0.0,0.6,0.4,0.0,0.6,0.4,0.0,0.6,0.4,0.0,0.6,0.4,0.0,0.6,0.0,0.6,0.6,0.6,0.6,0.6,0.0,0.0,0.0,0.0,0.6,0.6,1.0,1.0,1.0,0.6,1.0,1.0,1.0,1.0,1.0,1.0,6,0,0.0,0.0,0.6,0.0,0.0,0.0,0.0,0.0,0.0,0.0,0.0,1.0,0.0,0.0,0.0,0.0,0.0,0.44646976345499667,0.016790159698926218,0.016790159698926218,0.0,0.48333333333333334,0.48333333333333334,0,0,0,0,C1,0.6,0.0,-0.00813221376422737,0.4,0.4,0.6,0.6,0.0,-0.00813221376422737
phaseflip,dephasing,0.01,2,1.0,10,qiskit_aer,1,1,0.99004,0.99004,0.0,0.0,1.0,1.0,0.0,0.0,0.009959999999999835,1.2247448713832956e-05,0.009949999999999903,0.009949999999999903,0.009974999999999734,0.009949999999999903,0.009949999999999903,1.0,0.5,1.0,0.5,0.0,0.0,0.0,0.0,-0.020193689607045505,1.2247448713832958e-05,-0.02020368960704544,-0.02020368960704544,-0.020178689607045608,-0.02020368960704544,-0.02020368960704544,0.0,1.0,0.0,0.0,1.0,1.0,1.0,1.0,-0.020193689607045505,1.2247448713832958e-05,-0.02020368960704544,-0.02020368960704544,-0.020178689607045608,-0.02020368960704544,-0.02020368960704544,0.0,1.0,0.0,0.0,1.0,1.0,1.0,1.0,0.0,0.030153689607045342,0.3015368960704534,0.030153689607045342,0.030153689607045342,-0.005116844803522836,0.015071848950327042,-0.005114344803522852,-0.020178689607045608,0.009949999999999903,-0.02020368960704544,-0.02020368960704544,0.5,1.0,0.5,0.0,0.5,0.5,0.5,0.5,0.0,0.015076844803522671,0.1507684480352267,0.030153689607045342,0.030153689607045342,-0.005116844803522836,0.015071848950327042,-0.005114344803522852,-0.020178689607045608,0.009949999999999903,-0.02020368960704544,-0.02020368960704544,0.5,1.0,0.5,0.0,0.5,0.5,0.5,0.5,0.0,0.015076844803522671,0.1507684480352267,0.030153689607045342,0.030153689607045342,-0.005116844803522836,0.015071848950327042,-0.005114344803522852,-0.020178689607045608,0.009949999999999903,-0.02020368960704544,-0.02020368960704544,0.5,1.0,0.5,0.0,0.5,0.5,0.5,0.5,0.0,0.015076844803522671,0.1507684480352267,0.030153689607045342,0.030153689607045342,1.0,1.0,0.5,0.5,0.5,0.0,1.0,0.0,1.0,0.5,1.0,1.0,0.5,1.0,1.0,0.5,1.0,1.0,0.5,0.5,0.5,0.5,0.5,0.5,0.5,0.0,0.0,0.0,0.0,0.5,0.5,1.0,1.0,1.0,0.5,1.0,1.0,1.0,1.0,1.0,1.0,5,0,0.0,0.0,0.5,0.0,0.0,0.0,0.0,0.0,0.0,0.0,0.0,1.0,0.0,0.0,0.0,0.0,0.0,0.009960041736669922,0.040786788586268136,0.040786788586268136,0.0,0.0,0.0,0,0,0,0,C2,0.5,0.0,-0.005116844803522836,0.5,0.5,0.5,0.5,0.0,-0.005116844803522836
phaseflip,dephasing,0.01,3,0.25,10,qiskit_aer,1,1,0.9851072500000002,0.22985758472222226,0.9555555555555555,0.7666666666666667,0.0,1.0,1.0,0.0,0.014892749999999632,2.9496398085178455e-05,0.014900249999999615,0.014862937499999646,0.014918812499999629,0.014850499999999656,0.014850499999999656,1.0,0.6,1.0,0.0,0.0,0.0,0.0,0.0,-0.01526093960704571,2.9496398085178455e-05,-0.015253439607045727,-0.015290752107045696,-0.015234877107045713,-0.015303189607045686,-0.015303189607045686,0.0,1.0,0.0,0.0,1.0,0.0,0.0,1.0,0.002831274157181496,0.014766135146347075,0.014850499999999656,-0.015253439607045727,0.014906374999999639,-0.015253439607045727,-0.015253439607045727,0.6,1.0,0.6,0.0,0.4,0.0,0.0,0.4,0.0,0.012061475842818137,0.12061475842818137,0.030153689607045342,0.030153689607045342,0.002831274157181496,0.014766135146347075,0.014850499999999656,-0.015253439607045727,0.014906374999999639,-0.015253439607045727,-0.015253439607045727,0.6,1.0,0.6,0.0,0.4,0.0,0.0,0.4,0.0,0.012061475842818137,0.12061475842818137,0.030153689607045342,0.030153689607045342,0.002831274157181496,0.014766135146347075,0.014850499999999656,-0.015253439607045727,0.014906374999999639,-0.015253439607045727,-0.015253439607045727,0.6,1.0,0.6,0.0,0.4,0.0,0.0,0.4,0.0,0.012061475842818137,0.12061475842818137,0.030153689607045342,0.030153689607045342,0.014892749999999632,2.9496398085178455e-05,0.014900249999999615,0.014862937499999646,0.014918812499999629,0.014850499999999656,0.014850499999999656,1.0,0.6,1.0,0.0,0.0,0.0,0.0,0.0,0.010210945392344321,0.0,0.0,0.0,0.0,1.0,0.4,0.4,0.4,0.0,0.4,0.4,0.6,0.0,0.4,0.6,0.0,0.4,0.6,0.0,0.0,1.0,0.0,0.4,0.0,0.4,0.4,0.0,0.4,0.4,0.4,0.0,0.0,0.0,0.4,0.4,1.0,1.0,0.0,0.0,1.0,1.0,1.0,1.0,0.0,0.0,4,4,0.4,1.0,0.4,0.0,0.4,0.0,1.0,0.0,1.0,1.0,0.0,1.0,0.12061475842818137,0.0,0.12061475842818137,0.012061475842818137,0.12061475842818137,0.5701424373116948,0.010210945392344321,0.010210945392344321,0.0,1.0,1.5166666666666666,0,0,0,4,C3R,0.0,0.0,0.014892749999999632,1.0,1.0,0.0,0.0,0.0,0.014892749999999632
phaseflip,dephasing,0.01,3,0.5,10,qiskit_aer,1,1,0.9851072500000002,0.44329904861111114,0.8,0.55,0.0,1.0,1.0,0.0,0.014892749999999632,2.9496398085178455e-05,0.014900249999999615,0.014862937499999646,0.014918812499999629,0.014850499999999656,0.014850499999999656,1.0,0.6,1.0,0.0,0.0,0.0,0.0,0.0,-0.01526093960704571,2.9496398085178455e-05,-0.015253439607045727,-0.015290752107045696,-0.015234877107045713,-0.015303189607045686,-0.015303189607045686,0.0,1.0,0.0,0.0,1.0,0.0,0.0,1.0,0.002831274157181496,0.01476108012296632,0.014850499999999656,-0.015247252107045722,0.014887812499999625,-0.015253439607045727,-0.015253439607045727,0.6,1.0,0.6,0.0,0.4,0.0,0.0,0.4,0.0,0.012061475842818137,0.12061475842818137,0.030153689607045342,0.030153689607045342,0.002831274157181496,0.01476108012296632,0.014850499999999656,-0.015247252107045722,0.014887812499999625,-0.015253439607045727,-0.015253439607045727,0.6,1.0,0.6,0.0,0.4,0.0,0.0,0.4,0.0,0.012061475842818137,0.12061475842818137,0.030153689607045342,0.030153689607045342,0.002831274157181496,0.01476108012296632,0.014850499999999656,-0.015247252107045722,0.014887812499999625,-0.015253439607045727,-0.015253439607045727,0.6,1.0,0.6,0.0,0.4,0.0,0.0,0.4,0.0,0.012061475842818137,0.12061475842818137,0.030153689607045342,0.030153689607045342,0.011877381039295098,0.009043654638790262,0.014900249999999615,0.014850499999999656,0.014918812499999629,-0.001706666783875304,-0.015253439607045727,0.9,0.7,0.9,0.0,0.1,0.0,0.0,0.1,0.007580865390875946,0.003015368960704534,0.030153689607045342,0.016584529283874903,0.030153689607045342,1.0,0.4,0.4,0.4,0.1,0.3,0.4,0.6,0.0,0.4,0.6,0.0,0.4,0.6,0.0,0.1,0.9,0.0,0.4,0.0,0.4,0.4,0.1,0.4,0.4,0.3,0.0,0.0,0.0,0.4,0.4,1.0,1.0,0.3,0.1,1.0,1.0,1.0,1.0,0.25,0.25,4,3,0.3,0.75,0.4,0.0,0.3,0.0,1.0,0.0,1.0,0.75,0.0,1.0,0.09046106882113603,0.0,0.09046106882113603,0.009046106882113603,0.09046106882113603,0.3567009741299227,0.007580865390875956,0.007580865390875956,0.0,0.9722222222222222,1.05,0,0,0,3,C3R,0.1,0.0,0.011877381039295098,0.9,0.9,0.1,0.1,0.0,0.011877381039295098
phaseflip,dephasing,0.01,3,0.75,10,qiskit_aer,1,1,0.9851072500000002,0.7552489736111112,0.3888888888888889,0.23333333333333334,0.0,1.0,1.0,0.0,0.014892749999999632,2.9496398085178455e-05,0.014900249999999615,0.014862937499999646,0.014918812499999629,0.014850499999999656,0.014850499999999656,1.0,0.5,1.0,0.0,0.0,0.0,0.0,0.0,-0.01526093960704571,2.9496398085178455e-05,-0.015253439607045727,-0.015290752107045696,-0.015234877107045713,-0.015303189607045686,-0.015303189607045686,0.0,1.0,0.0,0.0,1.0,0.0,0.0,1.0,-0.0001840948035230383,0.015059463638119596,-0.00018909480352302666,-0.015247252107045722,0.014850499999999656,-0.015253439607045727,-0.015253439607045727,0.5,1.0,0.5,0.0,0.5,0.0,0.0,0.5,0.0,0.015076844803522671,0.1507684480352267,0.030153689607045342,0.030153689607045342,-0.0001840948035230383,0.015059463638119596,-0.00018909480352302666,-0.015247252107045722,0.014850499999999656,-0.015253439607045727,-0.015253439607045727,0.5,1.0,0.5,0.0,0.5,0.0,0.0,0.5,0.0,0.015076844803522671,0.1507684480352267,0.030153689607045342,0.030153689607045342,-0.0001840948035230383,0.015059463638119596,-0.00018909480352302666,-0.015247252107045722,0.014850499999999656,-0.015253439607045727,-0.015253439607045727,0.5,1.0,0.5,0.0,0.5,0.0,0.0,0.5,0.0,0.015076844803522671,0.1507684480352267,0.030153689607045342,0.030153689607045342,-0.0001840948035230383,0.015059463638119596,-0.00018909480352302666,-0.015247252107045722,0.014850499999999656,-0.015253439607045727,-0.015253439607045727,0.5,1.0,0.5,0.0,0.5,0.0,0.0,0.5,0.0,0.015076844803522671,0.1507684480352267,0.030153689607045342,0.030153689607045342,1.0,0.5,0.5,0.5,0.5,0.0,0.5,0.5,0.0,0.5,0.5,0.0,0.5,0.5,0.0,0.5,0.5,0.0,0.5,0.0,0.5,0.5,0.5,0.5,0.5,0.0,0.0,0.0,0.0,0.5,0.5,1.0,1.0,1.0,0.5,1.0,1.0,1.0,1.0,1.0,1.0,5,0,0.0,0.0,0.5,0.0,0.0,0.0,0.0,0.0,0.0,0.0,0.0,1.0,0.0,0.0,0.0,0.0,0.0,0.24475105236033734,0.03463675162110236,0.03463675162110236,0.0,0.48333333333333334,0.48333333333333334,0,0,0,0,C1,0.5,0.0,-0.0001840948035230383,0.5,0.5,0.5,0.5,0.0,-0.0001840948035230383
phaseflip,dephasing,0.01,3,1.0,10,qiskit_aer,1,1,0.9851072500000002,0.9851072500000002,0.0,0.0,1.0,1.0,0.0,0.0,0.014892749999999632,2.9496398085178455e-05,0.014900249999999615,0.014862937499999646,0.014918812499999629,0.014850499999999656,0.014850499999999656,1.0,0.6,1.0,0.4,0.0,0.0,0.0,0.0,-0.01526093960704571,2.9496398085178455e-05,-0.015253439607045727,-0.015290752107045696,-0.015234877107045713,-0.015303189607045686,-0.015303189607045686,0.0,1.0,0.0,0.0,1.0,1.0,1.0,1.0,-0.009230201685636642,0.012077626097057169,-0.015253439607045727,-0.015290752107045696,-0.015234877107045713,-0.015303189607045686,-0.015303189607045686,0.2,1.0,0.2,0.0,0.8,0.8,0.8,0.8,0.0,0.024122951685636274,0.24122951685636274,0.030153689607045342,0.030153689607045342,0.002831274157181496,0.01476108012296632,0.014850499999999656,-0.015247252107045722,0.014887812499999625,-0.015253439607045727,-0.015253439607045727,0.6,1.0,0.6,0.0,0.4,0.4,0.4,0.4,0.0,0.012061475842818137,0.12061475842818137,0.030153689607045342,0.030153689607045342,0.002831274157181496,0.01476108012296632,0.014850499999999656,-0.015247252107045722,0.014887812499999625,-0.015253439607045727,-0.015253439607045727,0.6,1.0,0.6,0.0,0.4,0.4,0.4,0.4,0.0,0.012061475842818137,0.12061475842818137,0.030153689607045342,0.030153689607045342,0.002831274157181496,0.01476108012296632,0.014850499999999656,-0.015247252107045722,0.014887812499999625,-0.015253439607045727,-0.015253439607045727,0.6,1.0,0.6,0.0,0.4,0.4,0.4,0.4,0.0,0.012061475842818137,0.12061475842818137,0.030153689607045342,0.030153689607045342,1.0,0.8,0.4,0.4,0.4,0.0,0.8,0.3333333333333333,1.0,0.4,1.0,1.0,0.4,1.0,1.0,0.4,1.0,1.0,0.4,0.4,0.4,0.4,0.4,0.4,0.4,0.0,0.0,0.0,0.0,0.4,0.4,1.0,1.0,1.0,0.4,1.0,1.0,1.0,1.0,1.0,1.0,4,0,0.0,0.0,0.4,0.0,0.0,0.0,0.0,0.0,0.0,0.0,0.0,1.0,0.0,0.0,0.0,0.0,0.0,-0.1851072252798362,0.029120578464713817,0.029120578464713817,0.0,0.0,0.0,0,0,0,0,C2,0.4,0.0,0.002831274157181496,0.6,0.6,0.4,0.4,0.0,0.002831274157181496
phaseflip,dephasing,0.01,4,0.25,10,qiskit_aer,1,1,0.9802115017500002,0.22326923505555557,0.9555555555555555,0.7666666666666667,0.0,1.0,1.0,0.0,0.019788498249999655,4.718862684810869e-05,0.019813248749999735,0.019776247499999622,0.019825499999999607,0.019701994999999695,0.019701994999999695,1.0,0.8,1.0,0.0,0.0,0.0,0.0,0.0,-0.01036519135704569,4.718862684810869e-05,-0.010340440857045607,-0.01037744210704572,-0.010328189607045735,-0.010451694607045647,-0.010451694607045647,0.0,1.0,0.0,0.0,1.0,0.0,0.0,1.0,0.013757760328590584,0.012104742175428151,0.019813248749999735,0.019776247499999622,0.019825499999999607,-0.010451694607045647,-0.010451694607045647,0.8,1.0,0.8,0.0,0.2,0.0,0.0,0.2,0.0,0.006030737921409068,0.060307379214090684,0.030153689607045342,0.030153689607045342,0.013757760328590584,0.012104742175428151,0.019813248749999735,0.019776247499999622,0.019825499999999607,-0.010451694607045647,-0.010451694607045647,0.8,1.0,0.8,0.0,0.2,0.0,0.0,0.2,0.0,0.006030737921409068,0.060307379214090684,0.030153689607045342,0.030153689607045342,0.013757760328590584,0.012104742175428151,0.019813248749999735,0.019776247499999622,0.019825499999999607,-0.010451694607045647,-0.010451694607045647,0.8,1.0,0.8,0.0,0.2,0.0,0.0,0.2,0.0,0.006030737921409068,0.060307379214090684,0.030153689607045342,0.030153689607045342,0.019788498249999655,4.718862684810869e-05,0.019813248749999735,0.019776247499999622,0.019825499999999607,0.019701994999999695,0.019701994999999695,1.0,0.8,1.0,0.0,0.0,0.0,0.0,0.0,1.867034853552012e-21,0.0,0.0,0.0,0.0,1.0,0.2,0.2,0.2,0.0,0.2,0.2,0.8,0.0,0.2,0.8,0.0,0.2,0.8,0.0,0.0,1.0,0.0,0.2,0.0,0.2,0.2,0.0,0.2,0.2,0.2,0.0,0.0,0.0,0.2,0.2,1.0,1.0,0.0,0.0,1.0,1.0,1.0,1.0,0.0,0.0,2,2,0.2,1.0,0.2,0.0,0.2,0.0,1.0,0.0,1.0,1.0,0.0,1.0,0.060307379214090684,0.0,0.060307379214090684,0.006030737921409068,0.060307379214090684,0.17673077393546086,1.867034853552012e-21,1.867034853552012e-21,0.0,1.0,1.5166666666666666,0,0,0,2,C3R,0.0,0.0,0.019788498249999655,1.0,1.0,0.0,0.0,0.0,0.019788498249999655
phaseflip,dephasing,0.01,4,0.5,10,qiskit_aer,1,1,0.9802115017500002,0.42475941331944445,0.8,0.55,0.0,1.0,1.0,0.0,0.019788498249999655,4.718862684810869e-05,0.019813248749999735,0.019776247499999622,0.019825499999999607,0.019701994999999695,0.019701994999999695,1.0,0.5,1.0,0.0,0.0,0.0,0.0,0.0,-0.01036519135704569,4.718862684810869e-05,-0.010340440857045607,-0.01037744210704572,-0.010328189607045735,-0.010451694607045647,-0.010451694607045647,0.0,1.0,0.0,0.0,1.0,0.0,0.0,1.0,0.004711653446476982,0.015094209401008064,0.004724028946476944,-0.010346566482045544,0.01981318687499961,-0.010451694607045647,-0.010451694607045647,0.5,1.0,0.5,0.0,0.5,0.0,0.0,0.5,0.0,0.015076844803522671,0.1507684480352267,0.030153689607045342,0.030153689607045342,0.004711653446476982,0.015094209401008064,0.004724028946476944,-0.010346566482045544,0.01981318687499961,-0.010451694607045647,-0.010451694607045647,0.5,1.0,0.5,0.0,0.5,0.0,0.0,0.5,0.0,0.015076844803522671,0.1507684480352267,0.030153689607045342,0.030153689607045342,0.004711653446476982,0.015094209401008064,0.004724028946476944,-0.010346566482045544,0.01981318687499961,-0.010451694607045647,-0.010451694607045647,0.5,1.0,0.5,0.0,0.5,0.0,0.0,0.5,0.0,0.015076844803522671,0.1507684480352267,0.030153689607045342,0.030153689607045342,0.013757760328590584,0.0120800548426952,0.019800873749999615,0.019720558124999676,0.019825499999999607,-0.010407143482045573,-0.010451694607045647,0.8,0.7,0.8,0.0,0.2,0.0,0.0,0.2,5.26574260914368e-21,0.006030737921409068,0.060307379214090684,0.030153689607045342,0.030153689607045342,1.0,0.5,0.5,0.5,0.2,0.3,0.5,0.5,0.0,0.5,0.5,0.0,0.5,0.5,0.0,0.2,0.8,0.0,0.5,0.0,0.5,0.5,0.2,0.5,0.5,0.3,0.0,0.0,0.0,0.5,0.5,1.0,1.0,0.3,0.2,1.0,1.0,1.0,1.0,0.4,0.4,5,3,0.3,0.6,0.5,0.0,0.3,0.0,1.0,0.0,1.0,0.6,0.0,1.0,0.09046106882113603,0.0,0.09046106882113603,0.009046106882113603,0.09046106882113603,0.5752405965572247,8.365372627103523e-21,8.365372627103523e-21,0.0,0.9722222222222222,1.05,0,0,0,3,C3R,0.2,0.0,0.013757760328590584,0.8,0.8,0.2,0.2,0.0,0.013757760328590584
phaseflip,dephasing,0.01,4,0.75,10,qiskit_aer,1,1,0.9802115017500002,0.7514946596527778,0.3888888888888889,0.23333333333333334,0.0,1.0,1.0,0.0,0.019788498249999655,4.718862684810869e-05,0.019813248749999735,0.019776247499999622,0.019825499999999607,0.019701994999999695,0.019701994999999695,1.0,0.6,1.0,0.0,0.0,0.0,0.0,0.0,-0.01036519135704569,4.718862684810869e-05,-0.010340440857045607,-0.01037744210704572,-0.010328189607045735,-0.010451694607045647,-0.010451694607045647,0.0,1.0,0.0,0.0,1.0,0.0,0.0,1.0,0.007727022407181516,0.014772306151789573,0.019739121249999658,-0.010328189607045735,0.01981318687499961,-0.010407143482045573,-0.010451694607045647,0.6,1.0,0.6,0.0,0.4,0.0,0.0,0.4,0.0,0.012061475842818137,0.12061475842818137,0.030153689607045342,0.030153689607045342,0.007727022407181516,0.014772306151789573,0.019739121249999658,-0.010328189607045735,0.01981318687499961,-0.010407143482045573,-0.010451694607045647,0.6,1.0,0.6,0.0,0.4,0.0,0.0,0.4,0.0,0.012061475842818137,0.12061475842818137,0.030153689607045342,0.030153689607045342,0.007727022407181516,0.014772306151789573,0.019739121249999658,-0.010328189607045735,0.01981318687499961,-0.010407143482045573,-0.010451694607045647,0.6,1.0,0.6,0.0,0.4,0.0,0.0,0.4,0.0,0.012061475842818137,0.12061475842818137,0.030153689607045342,0.030153689607045342,0.007727022407181516,0.014772306151789573,0.019739121249999658,-0.010328189607045735,0.01981318687499961,-0.010407143482045573,-0.010451694607045647,0.6,1.0,0.6,0.0,0.4,0.0,0.0,0.4,0.0,0.012061475842818137,0.12061475842818137,0.030153689607045342,0.030153689607045342,1.0,0.4,0.4,0.4,0.4,0.0,0.4,0.6,0.0,0.4,0.6,0.0,0.4,0.6,0.0,0.4,0.6,0.0,0.4,0.0,0.4,0.4,0.4,0.4,0.4,0.0,0.0,0.0,0.0,0.4,0.4,1.0,1.0,1.0,0.4,1.0,1.0,1.0,1.0,1.0,1.0,4,0,0.0,0.0,0.4,0.0,0.0,0.0,0.0,0.0,0.0,0.0,0.0,1.0,0.0,0.0,0.0,0.0,0.0,0.0485053513023221,8.664450364735348e-21,8.664450364735348e-21,0.0,0.48333333333333334,0.48333333333333334,0,0,0,0,C1,0.4,0.0,0.007727022407181516,0.6,0.6,0.4,0.4,0.0,0.007727022407181516
phaseflip,dephasing,0.01,4,1.0,10,qiskit_aer,1,1,0.9802115017500002,0.9802115017500002,0.0,0.0,1.0,1.0,0.0,0.0,0.019788498249999655,4.718862684810869e-05,0.019813248749999735,0.019776247499999622,0.019825499999999607,0.019701994999999695,0.019701994999999695,1.0,0.5,1.0,0.5,0.0,0.0,0.0,0.0,-0.01036519135704569,4.718862684810869e-05,-0.010340440857045607,-0.01037744210704572,-0.010328189607045735,-0.010451694607045647,-0.010451694607045647,0.0,1.0,0.0,0.0,1.0,1.0,1.0,1.0,-0.004334453435636621,0.012080054717887485,-0.010340440857045607,-0.01037744210704572,-0.010328189607045735,-0.010451694607045647,-0.010451694607045647,0.2,1.0,0.2,0.0,0.8,0.8,0.8,0.8,0.0,0.024122951685636274,0.24122951685636274,0.030153689607045342,0.030153689607045342,0.004711653446476982,0.015094209401008064,0.004724028946476944,-0.010346566482045544,0.01981318687499961,-0.010451694607045647,-0.010451694607045647,0.5,1.0,0.5,0.0,0.5,0.5,0.5,0.5,0.0,0.015076844803522671,0.1507684480352267,0.030153689607045342,0.030153689607045342,0.004711653446476982,0.015094209401008064,0.004724028946476944,-0.010346566482045544,0.01981318687499961,-0.010451694607045647,-0.010451694607045647,0.5,1.0,0.5,0.0,0.5,0.5,0.5,0.5,0.0,0.015076844803522671,0.1507684480352267,0.030153689607045342,0.030153689607045342,0.004711653446476982,0.015094209401008064,0.004724028946476944,-0.010346566482045544,0.01981318687499961,-0.010451694607045647,-0.010451694607045647,0.5,1.0,0.5,0.0,0.5,0.5,0.5,0.5,0.0,0.015076844803522671,0.1507684480352267,0.030153689607045342,0.030153689607045342,1.0,0.8,0.5,0.5,0.5,0.0,0.8,0.4,1.0,0.5,1.0,1.0,0.5,1.0,1.0,0.5,1.0,1.0,0.5,0.3,0.5,0.5,0.5,0.5,0.5,0.0,0.0,0.0,0.0,0.5,0.5,1.0,1.0,1.0,0.5,1.0,1.0,1.0,1.0,1.0,1.0,5,0,0.0,0.0,0.5,0.0,0.0,0.0,0.0,0.0,0.0,0.0,0.0,1.0,0.0,0.0,0.0,0.0,0.0,0.019788508511310164,9.597967791511354e-21,9.597967791511354e-21,0.0,0.0,0.0,0,0,0,0,C2,0.5,0.0,0.004711653446476982,0.5,0.5,0.5,0.5,0.0,0.004711653446476982
phaseflip,dephasing,0.03,1,0.25,10,qiskit_aer,1,1,0.985,0.22436111111111112,0.9666666666666667,0.7722222222222223,0.0,1.0,1.0,0.0,0.014999999999999791,0.0,0.014999999999999791,0.014999999999999791,0.014999999999999791,0.014999999999999791,0.014999999999999791,1.0,1.0,1.0,0.0,0.0,0.0,0.0,0.0,-0.01515368960704555,0.0,-0.01515368960704555,-0.01515368960704555,-0.01515368960704555,-0.01515368960704555,-0.01515368960704555,0.0,1.0,0.0,0.0,1.0,0.0,0.0,1.0,0.014999999999999791,0.0,0.014999999999999791,0.014999999999999791,0.014999999999999791,0.014999999999999791,0.014999999999999791,1.0,1.0,1.0,0.0,0.0,0.0,0.0,0.0,0.0,0.0,0.0,0.0,0.0,0.014999999999999791,0.0,0.014999999999999791,0.014999999999999791,0.014999999999999791,0.014999999999999791,0.014999999999999791,1.0,1.0,1.0,0.0,0.0,0.0,0.0,0.0,0.0,0.0,0.0,0.0,0.0,0.014999999999999791,0.0,0.014999999999999791,0.014999999999999791,0.014999999999999791,0.014999999999999791,0.014999999999999791,1.0,1.0,1.0,0.0,0.0,0.0,0.0,0.0,0.0,0.0,0.0,0.0,0.0,0.014999999999999791,0.0,0.014999999999999791,0.014999999999999791,0.014999999999999791,0.014999999999999791,0.014999999999999791,1.0,1.0,1.0,0.0,0.0,0.0,0.0,0.0,0.0,0.0,0.0,0.0,0.0,1.0,0.0,0.0,0.0,0.0,0.0,0.0,1.0,0.0,0.0,1.0,0.0,0.0,1.0,0.0,0.0,1.0,0.0,0.0,0.0,0.0,0.0,0.0,0.0,0.0,0.0,0.0,0.0,0.0,0.0,0.0,1.0,1.0,0.0,0.0,0.0,0.0,0.0,0.0,0.0,0.0,0,0,0.0,0.0,0.0,0.0,0.0,0.0,0.0,0.0,0.0,0.0,0.0,1.0,0.0,0.0,0.0,0.0,0.0,-0.2243610845523876,0.0,0.0,0.0,1.0,1.5222222222222221,0,0,0,0,C1,0.0,0.0,0.014999999999999791,1.0,1.0,0.0,0.0,0.0,0.014999999999999791
phaseflip,dephasing,0.03,1,0.5,10,qiskit_aer,1,1,0.985,0.45419444444444446,0.8222222222222222,0.5333333333333333,0.0,1.0,1.0,0.0,0.014999999999999791,0.0,0.014999999999999791,0.014999999999999791,0.014999999999999791,0.014999999999999791,0.014999999999999791,1.0,1.0,1.0,0.0,0.0,0.0,0.0,0.0,-0.01515368960704555,0.0,-0.01515368960704555,-0.01515368960704555,-0.01515368960704555,-0.01515368960704555,-0.01515368960704555,0.0,1.0,0.0,0.0,1.0,0.0,0.0,1.0,0.014999999999999791,0.0,0.014999999999999791,0.014999999999999791,0.014999999999999791,0.014999999999999791,0.014999999999999791,1.0,1.0,1.0,0.0,0.0,0.0,0.0,0.0,0.0,0.0,0.0,0.0,0.0,0.014999999999999791,0.0,0.014999999999999791,0.014999999999999791,0.014999999999999791,0.014999999999999791,0.014999999999999791,1.0,1.0,1.0,0.0,0.0,0.0,0.0,0.0,0.0,0.0,0.0,0.0,0.0,0.014999999999999791,0.0,0.014999999999999791,0.014999999999999791,0.014999999999999791,0.014999999999999791,0.014999999999999791,1.0,1.0,1.0,0.0,0.0,0.0,0.0,0.0,0.0,0.0,0.0,0.0,0.0,0.014999999999999791,0.0,0.014999999999999791,0.014999999999999791,0.014999999999999791,0.014999999999999791,0.014999999999999791,1.0,1.0,1.0,0.0,0.0,0.0,0.0,0.0,0.0,0.0,0.0,0.0,0.0,1.0,0.0,0.0,0.0,0.0,0.0,0.0,1.0,0.0,0.0,1.0,0.0,0.0,1.0,0.0,0.0,1.0,0.0,0.0,0.0,0.0,0.0,0.0,0.0,0.0,0.0,0.0,0.0,0.0,0.0,0.0,1.0,1.0,0.2,0.0,0.0,0.0,0.0,0.0,0.0,0.0,0,0,0.0,0.0,0.0,0.0,0.0,0.0,0.0,0.0,0.0,0.0,0.0,1.0,0.0,0.0,0.0,0.0,0.0,-0.4541944182586606,0.0,0.0,0.0,0.9777777777777777,1.0333333333333334,0,0,0,0,C1,0.0,0.0,0.014999999999999791,1.0,1.0,0.0,0.0,0.0,0.014999999999999791
phaseflip,dephasing,0.03,1,0.75,10,qiskit_aer,1,1,0.985,0.73875,0.37777777777777777,0.23333333333333334,0.0,1.0,1.0,0.0,0.014999999999999791,0.0,0.014999999999999791,0.014999999999999791,0.014999999999999791,0.014999999999999791,0.014999999999999791,1.0,1.0,1.0,0.0,0.0,0.0,0.0,0.0,-0.01515368960704555,0.0,-0.01515368960704555,-0.01515368960704555,-0.01515368960704555,-0.01515368960704555,-0.01515368960704555,0.0,1.0,0.0,0.0,1.0,0.0,0.0,1.0,0.014999999999999791,0.0,0.014999999999999791,0.014999999999999791,0.014999999999999791,0.014999999999999791,0.014999999999999791,1.0,1.0,1.0,0.0,0.0,0.0,0.0,0.0,0.0,0.0,0.0,0.0,0.0,0.014999999999999791,0.0,0.014999999999999791,0.014999999999999791,0.014999999999999791,0.014999999999999791,0.014999999999999791,1.0,1.0,1.0,0.0,0.0,0.0,0.0,0.0,0.0,0.0,0.0,0.0,0.0,0.014999999999999791,0.0,0.014999999999999791,0.014999999999999791,0.014999999999999791,0.014999999999999791,0.014999999999999791,1.0,1.0,1.0,0.0,0.0,0.0,0.0,0.0,0.0,0.0,0.0,0.0,0.0,0.014999999999999791,0.0,0.014999999999999791,0.014999999999999791,0.014999999999999791,0.014999999999999791,0.014999999999999791,1.0,1.0,1.0,0.0,0.0,0.0,0.0,0.0,0.0,0.0,0.0,0.0,0.0,1.0,0.0,0.0,0.0,0.0,0.0,0.0,1.0,0.0,0.0,1.0,0.0,0.0,1.0,0.0,0.0,1.0,0.0,0.0,0.0,0.0,0.0,0.0,0.0,0.0,0.0,0.0,0.0,0.0,0.0,0.0,1.0,1.0,1.0,0.0,0.0,0.0,0.0,0.0,0.0,0.0,0,0,0.0,0.0,0.0,0.0,0.0,0.0,0.0,0.0,0.0,0.0,0.0,1.0,0.0,0.0,0.0,0.0,0.0,-0.7387499734412765,0.0,0.0,0.0,0.48333333333333334,0.48333333333333334,0,0,0,0,C1,0.0,0.0,0.014999999999999791,1.0,1.0,0.0,0.0,0.0,0.014999999999999791
phaseflip,dephasing,0.03,1,1.0,10,qiskit_aer,1,1,0.985,0.985,0.0,0.0,1.0,1.0,0.0,0.0,0.014999999999999791,0.0,0.014999999999999791,0.014999999999999791,0.014999999999999791,0.014999999999999791,0.014999999999999791,1.0,1.0,1.0,0.0,0.0,0.0,0.0,0.0,-0.01515368960704555,0.0,-0.01515368960704555,-0.01515368960704555,-0.01515368960704555,-0.01515368960704555,-0.01515368960704555,0.0,1.0,0.0,0.0,1.0,1.0,1.0,1.0,-0.01515368960704555,0.0,-0.01515368960704555,-0.01515368960704555,-0.01515368960704555,-0.01515368960704555,-0.01515368960704555,0.0,1.0,0.0,0.0,1.0,1.0,1.0,1.0,0.0,0.030153689607045342,0.3015368960704534,0.030153689607045342,0.030153689607045342,0.014999999999999791,0.0,0.014999999999999791,0.014999999999999791,0.014999999999999791,0.014999999999999791,0.014999999999999791,1.0,1.0,1.0,0.0,0.0,0.0,0.0,0.0,0.0,0.0,0.0,0.0,0.0,0.014999999999999791,0.0,0.014999999999999791,0.014999999999999791,0.014999999999999791,0.014999999999999791,0.014999999999999791,1.0,1.0,1.0,0.0,0.0,0.0,0.0,0.0,0.0,0.0,0.0,0.0,0.0,0.014999999999999791,0.0,0.014999999999999791,0.014999999999999791,0.014999999999999791,0.014999999999999791,0.014999999999999791,1.0,1.0,1.0,0.0,0.0,0.0,0.0,0.0,0.0,0.0,0.0,0.0,0.0,1.0,1.0,0.0,0.0,0.0,0.0,1.0,0.0,0.0,0.0,1.0,0.0,0.0,1.0,0.0,0.0,1.0,0.0,0.0,1.0,0.0,0.0,0.0,0.0,0.0,0.0,0.0,0.0,0.0,0.0,0.0,1.0,1.0,1.0,0.0,0.0,0.0,0.0,0.0,0.0,0.0,0,0,0.0,0.0,0.0,0.0,0.0,0.0,0.0,0.0,0.0,0.0,0.0,1.0,0.0,0.0,0.0,0.0,0.0,-0.9849999734412764,0.0,0.0,0.0,0.0,0.0,0,0,0,0,C2,0.0,0.0,0.014999999999999791,1.0,1.0,0.0,0.0,0.0,0.014999999999999791
phaseflip,dephasing,0.03,2,0.25,10,qiskit_aer,1,1,0.97036,0.21562680555555558,0.9666666666666667,0.7722222222222223,0.0,1.0,1.0,0.0,0.0296399999999996,0.00011022703842520368,0.029549999999999632,0.029549999999999632,0.029774999999999552,0.029549999999999632,0.029549999999999632,1.0,0.6,1.0,0.0,0.0,0.0,0.0,0.0,-0.0005136896070457419,0.00011022703842520368,-0.0006036896070457098,-0.0006036896070457098,-0.00037868960704579013,-0.0006036896070457098,-0.0006036896070457098,0.0,1.0,0.0,0.0,0.0,0.0,0.0,1.0,0.017578524157181464,0.014754259820384131,0.029549999999999632,-0.00037868960704579013,0.029549999999999632,-0.0006036896070457098,-0.0006036896070457098,0.6,1.0,0.6,0.0,0.0,0.0,0.0,0.4,0.0,0.012061475842818137,0.12061475842818137,0.030153689607045342,0.030153689607045342,0.017578524157181464,0.014754259820384131,0.029549999999999632,-0.00037868960704579013,0.029549999999999632,-0.0006036896070457098,-0.0006036896070457098,0.6,1.0,0.6,0.0,0.0,0.0,0.0,0.4,0.0,0.012061475842818137,0.12061475842818137,0.030153689607045342,0.030153689607045342,0.017578524157181464,0.014754259820384131,0.029549999999999632,-0.00037868960704579013,0.029549999999999632,-0.0006036896070457098,-0.0006036896070457098,0.6,1.0,0.6,0.0,0.0,0.0,0.0,0.4,0.0,0.012061475842818137,0.12061475842818137,0.030153689607045342,0.030153689607045342,0.0296399999999996,0.00011022703842520368,0.029549999999999632,0.029549999999999632,0.029774999999999552,0.029549999999999632,0.029549999999999632,1.0,0.6,1.0,0.0,0.0,0.0,0.0,0.0,0.04915630686845529,0.0,0.0,0.0,0.0,1.0,0.4,0.4,0.4,0.0,0.4,0.4,0.6,0.0,0.4,0.6,0.0,0.4,0.6,0.0,0.0,1.0,0.0,0.4,0.0,0.4,0.4,0.0,0.4,0.4,0.4,0.0,0.0,0.0,0.4,0.4,1.0,1.0,0.0,0.0,1.0,1.0,1.0,1.0,0.0,0.0,4,4,0.4,1.0,0.4,0.0,0.4,0.0,1.0,0.0,1.0,1.0,0.0,1.0,0.12061475842818137,0.0,0.12061475842818137,0.012061475842818137,0.12061475842818137,0.5843732014342801,0.04915630686845529,0.04915630686845529,0.0,1.0,1.5222222222222221,0,0,0,4,C3R,0.0,0.0,0.0296399999999996,1.0,1.0,0.0,0.0,0.0,0.0296399999999996
phaseflip,dephasing,0.03,2,0.5,10,qiskit_aer,1,1,0.97036,0.42587847222222225,0.8222222222222222,0.5333333333333333,0.0,1.0,1.0,0.0,0.0296399999999996,0.00011022703842520368,0.029549999999999632,0.029549999999999632,0.029774999999999552,0.029549999999999632,0.029549999999999632,1.0,0.6,1.0,0.0,0.0,0.0,0.0,0.0,-0.0005136896070457419,0.00011022703842520368,-0.0006036896070457098,-0.0006036896070457098,-0.00037868960704579013,-0.0006036896070457098,-0.0006036896070457098,0.0,1.0,0.0,0.0,0.0,0.0,0.0,1.0,0.017578524157181464,0.014754259820384131,0.029549999999999632,-0.00037868960704579013,0.029549999999999632,-0.0006036896070457098,-0.0006036896070457098,0.6,1.0,0.6,0.0,0.0,0.0,0.0,0.4,0.0,0.012061475842818137,0.12061475842818137,0.030153689607045342,0.030153689607045342,0.017578524157181464,0.014754259820384131,0.029549999999999632,-0.00037868960704579013,0.029549999999999632,-0.0006036896070457098,-0.0006036896070457098,0.6,1.0,0.6,0.0,0.0,0.0,0.0,0.4,0.0,0.012061475842818137,0.12061475842818137,0.030153689607045342,0.030153689607045342,0.017578524157181464,0.014754259820384131,0.029549999999999632,-0.00037868960704579013,0.029549999999999632,-0.0006036896070457098,-0.0006036896070457098,0.6,1.0,0.6,0.0,0.0,0.0,0.0,0.4,0.0,0.012061475842818137,0.12061475842818137,0.030153689607045342,0.030153689607045342,0.026624631039295066,0.00900166929537145,0.029549999999999632,0.029549999999999632,0.029718749999999572,0.01308922071612465,-0.00037868960704579013,0.9,0.7,0.9,0.0,0.0,0.0,0.0,0.1,0.030368714849498293,0.003015368960704534,0.030153689607045342,0.016584529283874903,0.030153689607045342,1.0,0.4,0.4,0.4,0.1,0.3,0.4,0.6,0.0,0.4,0.6,0.0,0.4,0.6,0.0,0.1,0.9,0.0,0.4,0.0,0.4,0.4,0.1,0.4,0.4,0.3,0.0,0.0,0.0,0.4,0.4,1.0,1.0,0.2,0.1,1.0,1.0,1.0,1.0,0.25,0.25,4,3,0.3,0.75,0.4,0.0,0.3,0.0,1.0,0.0,1.0,0.75,0.0,1.0,0.09046106882113603,0.0,0.09046106882113603,0.009046106882113603,0.09046106882113603,0.3741215344191753,0.030368714849498293,0.030368714849498293,0.0,0.9777777777777777,1.0333333333333334,0,0,0,3,C3R,0.0,0.0,0.026624631039295066,0.9,0.9,0.1,0.0,0.0,0.026624631039295066
phaseflip,dephasing,0.03,2,0.75,10,qiskit_aer,1,1,0.97036,0.7169872222222222,0.37777777777777777,0.23333333333333334,0.0,1.0,1.0,0.0,0.0296399999999996,0.00011022703842520368,0.029549999999999632,0.029549999999999632,0.029774999999999552,0.029549999999999632,0.029549999999999632,1.0,0.6,1.0,0.0,0.0,0.0,0.0,0.0,-0.0005136896070457419,0.00011022703842520368,-0.0006036896070457098,-0.0006036896070457098,-0.00037868960704579013,-0.0006036896070457098,-0.0006036896070457098,0.0,1.0,0.0,0.0,0.0,0.0,0.0,1.0,0.017578524157181464,0.014754259820384131,0.029549999999999632,-0.00037868960704579013,0.029549999999999632,-0.0006036896070457098,-0.0006036896070457098,0.6,1.0,0.6,0.0,0.0,0.0,0.0,0.4,0.0,0.012061475842818137,0.12061475842818137,0.030153689607045342,0.030153689607045342,0.017578524157181464,0.014754259820384131,0.029549999999999632,-0.00037868960704579013,0.029549999999999632,-0.0006036896070457098,-0.0006036896070457098,0.6,1.0,0.6,0.0,0.0,0.0,0.0,0.4,0.0,0.012061475842818137,0.12061475842818137,0.030153689607045342,0.030153689607045342,0.017578524157181464,0.014754259820384131,0.029549999999999632,-0.00037868960704579013,0.029549999999999632,-0.0006036896070457098,-0.0006036896070457098,0.6,1.0,0.6,0.0,0.0,0.0,0.0,0.4,0.0,0.012061475842818137,0.12061475842818137,0.030153689607045342,0.030153689607045342,0.017578524157181464,0.014754259820384131,0.029549999999999632,-0.00037868960704579013,0.029549999999999632,-0.0006036896070457098,-0.0006036896070457098,0.6,1.0,0.6,0.0,0.0,0.0,0.0,0.4,0.0,0.012061475842818137,0.12061475842818137,0.030153689607045342,0.030153689607045342,1.0,0.4,0.4,0.4,0.4,0.0,0.4,0.6,0.0,0.4,0.6,0.0,0.4,0.6,0.0,0.4,0.6,0.0,0.4,0.0,0.4,0.4,0.4,0.4,0.4,0.0,0.0,0.0,0.0,0.4,0.4,1.0,1.0,1.0,0.4,1.0,1.0,1.0,1.0,1.0,1.0,4,0,0.0,0.0,0.4,0.0,0.0,0.0,0.0,0.0,0.0,0.0,0.0,1.0,0.0,0.0,0.0,0.0,0.0,0.08301278447075656,0.04915630686845529,0.04915630686845529,0.0,0.48333333333333334,0.48333333333333334,0,0,0,0,C1,0.0,0.0,0.017578524157181464,0.6,0.6,0.4,0.0,0.0,0.017578524157181464
phaseflip,dephasing,0.03,2,1.0,10,qiskit_aer,1,1,0.97036,0.97036,0.0,0.0,1.0,1.0,0.0,0.0,0.0296399999999996,0.00011022703842520368,0.029549999999999632,0.029549999999999632,0.029774999999999552,0.029549999999999632,0.029549999999999632,1.0,0.6,1.0,0.4,0.0,0.0,0.0,0.0,-0.0005136896070457419,0.00011022703842520368,-0.0006036896070457098,-0.0006036896070457098,-0.00037868960704579013,-0.0006036896070457098,-0.0006036896070457098,0.0,1.0,0.0,0.0,0.0,1.0,1.0,1.0,-0.0005136896070457419,0.00011022703842520368,-0.0006036896070457098,-0.0006036896070457098,-0.00037868960704579013,-0.0006036896070457098,-0.0006036896070457098,0.0,1.0,0.0,0.0,0.0,1.0,1.0,1.0,0.0,0.030153689607045342,0.3015368960704534,0.030153689607045342,0.030153689607045342,0.017578524157181464,0.014754259820384131,0.029549999999999632,-0.00037868960704579013,0.029549999999999632,-0.0006036896070457098,-0.0006036896070457098,0.6,1.0,0.6,0.0,0.0,0.4,0.4,0.4,0.0,0.012061475842818137,0.12061475842818137,0.030153689607045342,0.030153689607045342,0.017578524157181464,0.014754259820384131,0.029549999999999632,-0.00037868960704579013,0.029549999999999632,-0.0006036896070457098,-0.0006036896070457098,0.6,1.0,0.6,0.0,0.0,0.4,0.4,0.4,0.0,0.012061475842818137,0.12061475842818137,0.030153689607045342,0.030153689607045342,0.017578524157181464,0.014754259820384131,0.029549999999999632,-0.00037868960704579013,0.029549999999999632,-0.0006036896070457098,-0.0006036896070457098,0.6,1.0,0.6,0.0,0.0,0.4,0.4,0.4,0.0,0.012061475842818137,0.12061475842818137,0.030153689607045342,0.030153689607045342,1.0,1.0,0.4,0.4,0.4,0.0,1.0,0.0,1.0,0.4,1.0,1.0,0.4,1.0,1.0,0.4,1.0,1.0,0.4,0.6,0.4,0.4,0.4,0.4,0.4,0.0,0.0,0.0,0.0,0.4,0.4,1.0,1.0,1.0,0.4,1.0,1.0,1.0,1.0,1.0,1.0,4,0,0.0,0.0,0.4,0.0,0.0,0.0,0.0,0.0,0.0,0.0,0.0,1.0,0.0,0.0,0.0,0.0,0.0,-0.17035999314640576,0.04915630686845529,0.04915630686845529,0.0,0.0,0.0,0,0,0,0,C2,0.0,0.0,0.017578524157181464,0.6,0.6,0.4,0.0,0.0,0.017578524157181464
phaseflip,dephasing,0.03,3,0.25,10,qiskit_aer,1,1,0.9559607500000001,0.21242958472222226,0.9555555555555555,0.7666666666666667,0.0,1.0,1.0,0.0,0.04403924999999963,0.0002620588435828815,0.04410674999999964,0.043774312499999635,0.04427043749999962,0.04366349999999963,0.04366349999999963,1.0,0.8,1.0,0.0,0.0,0.0,0.0,0.0,0.013885560392954289,0.0002620588435828815,0.013953060392954297,0.013620622892954293,0.014116747892954279,0.013509810392954291,0.013509810392954291,1.0,1.0,0.0,0.0,0.0,0.0,0.0,1.0,0.03800851207859056,0.012030533019155682,0.043885124999999636,0.04366349999999963,0.04427043749999962,0.013953060392954297,0.013953060392954297,1.0,1.0,0.8,0.0,0.0,0.0,0.0,0.2,0.0,0.006030737921409068,0.060307379214090684,0.030153689607045342,0.030153689607045342,0.03800851207859056,0.012030533019155682,0.043885124999999636,0.04366349999999963,0.04427043749999962,0.013953060392954297,0.013953060392954297,1.0,1.0,0.8,0.0,0.0,0.0,0.0,0.2,0.0,0.006030737921409068,0.060307379214090684,0.030153689607045342,0.030153689607045342,0.03800851207859056,0.012030533019155682,0.043885124999999636,0.04366349999999963,0.04427043749999962,0.013953060392954297,0.013953060392954297,1.0,1.0,0.8,0.0,0.0,0.0,0.0,0.2,0.0,0.006030737921409068,0.060307379214090684,0.030153689607045342,0.030153689607045342,0.04403924999999963,0.0002620588435828815,0.04410674999999964,0.043774312499999635,0.04427043749999962,0.04366349999999963,0.04366349999999963,1.0,0.8,1.0,0.0,0.0,0.0,0.0,0.0,3.099630017959843e-21,0.0,0.0,0.0,0.0,1.0,0.2,0.2,0.2,0.0,0.2,0.2,0.8,0.0,0.2,0.8,0.0,0.2,0.8,0.0,0.0,1.0,0.0,0.2,0.0,0.2,0.2,0.0,0.2,0.2,0.2,0.0,0.0,0.0,0.2,0.2,1.0,1.0,0.0,0.0,1.0,1.0,1.0,1.0,0.0,0.0,2,2,0.2,1.0,0.2,0.0,0.2,0.0,1.0,0.0,1.0,1.0,0.0,1.0,0.060307379214090684,0.0,0.060307379214090684,0.006030737921409068,0.060307379214090684,0.18757041739825747,3.099630017959843e-21,3.099630017959843e-21,0.0,1.0,1.5166666666666666,0,0,0,2,C3R,0.0,0.0,0.04403924999999963,1.0,1.0,0.0,0.0,0.0,0.04403924999999963
phaseflip,dephasing,0.03,3,0.5,10,qiskit_aer,1,1,0.9559607500000001,0.4089484527777778,0.8,0.55,0.0,1.0,1.0,0.0,0.04403924999999963,0.0002620588435828815,0.04410674999999964,0.043774312499999635,0.04427043749999962,0.04366349999999963,0.04366349999999963,1.0,0.8,1.0,0.0,0.0,0.0,0.0,0.0,0.013885560392954289,0.0002620588435828815,0.013953060392954297,0.013620622892954293,0.014116747892954279,0.013509810392954291,0.013509810392954291,1.0,1.0,0.0,0.0,0.0,0.0,0.0,1.0,0.03800851207859056,0.012030533019155682,0.043885124999999636,0.04366349999999963,0.04427043749999962,0.013953060392954297,0.013953060392954297,1.0,1.0,0.8,0.0,0.0,0.0,0.0,0.2,0.0,0.006030737921409068,0.060307379214090684,0.030153689607045342,0.030153689607045342,0.03800851207859056,0.012030533019155682,0.043885124999999636,0.04366349999999963,0.04427043749999962,0.013953060392954297,0.013953060392954297,1.0,1.0,0.8,0.0,0.0,0.0,0.0,0.2,0.0,0.006030737921409068,0.060307379214090684,0.030153689607045342,0.030153689607045342,0.03800851207859056,0.012030533019155682,0.043885124999999636,0.04366349999999963,0.04427043749999962,0.013953060392954297,0.013953060392954297,1.0,1.0,0.8,0.0,0.0,0.0,0.0,0.2,0.0,0.006030737921409068,0.060307379214090684,0.030153689607045342,0.030153689607045342,0.04102388103929509,0.00902738332798757,0.04410674999999964,0.04366349999999963,0.04427043749999962,0.027322758216124697,0.013953060392954297,1.0,0.9,0.9,0.0,0.0,0.0,0.0,0.1,9.33517426776006e-22,0.003015368960704534,0.030153689607045342,0.016584529283874903,0.030153689607045342,1.0,0.2,0.2,0.2,0.1,0.1,0.2,0.8,0.0,0.2,0.8,0.0,0.2,0.8,0.0,0.1,0.9,0.0,0.2,0.0,0.2,0.2,0.1,0.2,0.2,0.1,0.0,0.0,0.0,0.2,0.2,1.0,1.0,0.3,0.1,1.0,1.0,1.0,1.0,0.5,0.5,2,1,0.1,0.5,0.2,0.0,0.1,0.0,1.0,0.0,1.0,0.5,0.0,1.0,0.030153689607045342,0.0,0.030153689607045342,0.003015368960704534,0.030153689607045342,-0.008948450657298124,3.099630017959843e-21,3.099630017959843e-21,0.0,0.9722222222222222,1.05,0,0,0,1,C3R,0.0,0.0,0.04102388103929509,0.9,1.0,0.1,0.0,0.0,0.04102388103929509
phaseflip,dephasing,0.03,3,0.75,10,qiskit_aer,1,1,0.9559607500000001,0.7275946486111112,0.3888888888888889,0.23333333333333334,0.0,1.0,1.0,0.0,0.04403924999999963,0.0002620588435828815,0.04410674999999964,0.043774312499999635,0.04427043749999962,0.04366349999999963,0.04366349999999963,1.0,0.7,1.0,0.0,0.0,0.0,0.0,0.0,0.013885560392954289,0.0002620588435828815,0.013953060392954297,0.013620622892954293,0.014116747892954279,0.013509810392954291,0.013509810392954291,1.0,1.0,0.0,0.0,0.0,0.0,0.0,1.0,0.034993143117886025,0.01396907831349409,0.04410674999999964,0.02138067029471563,0.04427043749999962,0.013509810392954291,0.013509810392954291,1.0,1.0,0.7,0.0,0.0,0.0,0.0,0.3,0.0,0.009046106882113603,0.09046106882113603,0.030153689607045342,0.030153689607045342,0.034993143117886025,0.01396907831349409,0.04410674999999964,0.02138067029471563,0.04427043749999962,0.013509810392954291,0.013509810392954291,1.0,1.0,0.7,0.0,0.0,0.0,0.0,0.3,0.0,0.009046106882113603,0.09046106882113603,0.030153689607045342,0.030153689607045342,0.034993143117886025,0.01396907831349409,0.04410674999999964,0.02138067029471563,0.04427043749999962,0.013509810392954291,0.013509810392954291,1.0,1.0,0.7,0.0,0.0,0.0,0.0,0.3,0.0,0.009046106882113603,0.09046106882113603,0.030153689607045342,0.030153689607045342,0.034993143117886025,0.01396907831349409,0.04410674999999964,0.02138067029471563,0.04427043749999962,0.013509810392954291,0.013509810392954291,1.0,1.0,0.7,0.0,0.0,0.0,0.0,0.3,0.0,0.009046106882113603,0.09046106882113603,0.030153689607045342,0.030153689607045342,1.0,0.3,0.3,0.3,0.3,0.0,0.3,0.7,0.0,0.3,0.7,0.0,0.3,0.7,0.0,0.3,0.7,0.0,0.3,0.0,0.3,0.3,0.3,0.3,0.3,0.0,0.0,0.0,0.0,0.3,0.3,1.0,1.0,1.0,0.3,1.0,1.0,1.0,1.0,1.0,1.0,3,0,0.0,0.0,0.3,0.0,0.0,0.0,0.0,0.0,0.0,0.0,0.0,1.0,0.0,0.0,0.0,0.0,0.0,-0.12759464655677635,4.033147444735849e-21,4.033147444735849e-21,0.0,0.48333333333333334,0.48333333333333334,0,0,0,0,C1,0.0,0.0,0.034993143117886025,0.7,1.0,0.3,0.0,0.0,0.034993143117886025
phaseflip,dephasing,0.03,3,1.0,10,qiskit_aer,1,1,0.9559607500000001,0.9559607500000001,0.0,0.0,1.0,1.0,0.0,0.0,0.04403924999999963,0.0002620588435828815,0.04410674999999964,0.043774312499999635,0.04427043749999962,0.04366349999999963,0.04366349999999963,1.0,0.8,1.0,0.2,0.0,0.0,0.0,0.0,0.013885560392954289,0.0002620588435828815,0.013953060392954297,0.013620622892954293,0.014116747892954279,0.013509810392954291,0.013509810392954291,1.0,1.0,0.0,0.0,0.0,1.0,1.0,1.0,0.013885560392954289,0.0002620588435828815,0.013953060392954297,0.013620622892954293,0.014116747892954279,0.013509810392954291,0.013509810392954291,1.0,1.0,0.0,0.0,0.0,1.0,1.0,1.0,0.0,0.030153689607045342,0.3015368960704534,0.030153689607045342,0.030153689607045342,0.03800851207859056,0.012141122242554835,0.04410674999999964,0.04366349999999963,0.04427043749999962,0.013709272892954294,0.013509810392954291,1.0,1.0,0.8,0.0,0.0,0.2,0.2,0.2,0.0,0.006030737921409068,0.060307379214090684,0.030153689607045342,0.030153689607045342,0.03800851207859056,0.012141122242554835,0.04410674999999964,0.04366349999999963,0.04427043749999962,0.013709272892954294,0.013509810392954291,1.0,1.0,0.8,0.0,0.0,0.2,0.2,0.2,0.0,0.006030737921409068,0.060307379214090684,0.030153689607045342,0.030153689607045342,0.03800851207859056,0.012141122242554835,0.04410674999999964,0.04366349999999963,0.04427043749999962,0.013709272892954294,0.013509810392954291,1.0,1.0,0.8,0.0,0.0,0.2,0.2,0.2,0.0,0.006030737921409068,0.060307379214090684,0.030153689607045342,0.030153689607045342,1.0,1.0,0.2,0.2,0.2,0.0,1.0,0.0,1.0,0.2,1.0,1.0,0.2,1.0,1.0,0.2,1.0,1.0,0.2,0.8,0.2,0.2,0.2,0.2,0.2,0.0,0.0,0.0,0.0,0.2,0.2,1.0,1.0,1.0,0.2,1.0,1.0,1.0,1.0,1.0,1.0,2,0,0.0,0.0,0.2,0.0,0.0,0.0,0.0,0.0,0.0,0.0,0.0,1.0,0.0,0.0,0.0,0.0,0.0,-0.5559607477518071,3.099630017959843e-21,3.099630017959843e-21,0.0,0.0,0.0,0,0,0,0,C2,0.0,0.0,0.03800851207859056,0.8,1.0,0.2,0.0,0.0,0.03800851207859056
phaseflip,dephasing,0.03,4,0.25,10,qiskit_aer,1,1,0.9418856417500002,0.20929957838888896,0.9555555555555555,0.7666666666666667,0.0,1.0,1.0,0.0,0.058114358249999575,0.0004144749968500171,0.05833264874999955,0.05800854749999951,0.058438499999999616,0.05735359499999959,0.05735359499999959,1.0,0.8,1.0,0.0,0.0,0.0,0.0,0.0,0.027960668642954233,0.0004144749968500171,0.028178959142954207,0.027854857892954166,0.028284810392954274,0.02719990539295425,0.02719990539295425,1.0,1.0,0.0,0.0,0.0,0.0,0.0,1.0,0.052083620328590506,0.011905518096354522,0.05800854749999951,0.05735359499999959,0.05838557437499958,0.028284810392954274,0.028284810392954274,1.0,1.0,0.8,0.0,0.0,0.0,0.0,0.2,0.0,0.006030737921409068,0.060307379214090684,0.030153689607045342,0.030153689607045342,0.052083620328590506,0.011905518096354522,0.05800854749999951,0.05735359499999959,0.05838557437499958,0.028284810392954274,0.028284810392954274,1.0,1.0,0.8,0.0,0.0,0.0,0.0,0.2,0.0,0.006030737921409068,0.060307379214090684,0.030153689607045342,0.030153689607045342,0.052083620328590506,0.011905518096354522,0.05800854749999951,0.05735359499999959,0.05838557437499958,0.028284810392954274,0.028284810392954274,1.0,1.0,0.8,0.0,0.0,0.0,0.0,0.2,0.0,0.006030737921409068,0.060307379214090684,0.030153689607045342,0.030153689607045342,0.058114358249999575,0.0004144749968500171,0.05833264874999955,0.05800854749999951,0.058438499999999616,0.05735359499999959,0.05735359499999959,1.0,0.8,1.0,0.0,0.0,0.0,0.0,0.0,4.332225182367674e-21,0.0,0.0,0.0,0.0,1.0,0.2,0.2,0.2,0.0,0.2,0.2,0.8,0.0,0.2,0.8,0.0,0.2,0.8,0.0,0.0,1.0,0.0,0.2,0.0,0.2,0.2,0.0,0.2,0.2,0.2,0.0,0.0,0.0,0.2,0.2,1.0,1.0,0.0,0.0,1.0,1.0,1.0,1.0,0.0,0.0,2,2,0.2,1.0,0.2,0.0,0.2,0.0,1.0,0.0,1.0,1.0,0.0,1.0,0.060307379214090684,0.0,0.060307379214090684,0.006030737921409068,0.060307379214090684,0.19070042225934453,4.332225182367674e-21,4.332225182367674e-21,0.0,1.0,1.5166666666666666,0,0,0,2,C3R,0.0,0.0,0.058114358249999575,1.0,1.0,0.0,0.0,0.0,0.058114358249999575
phaseflip,dephasing,0.03,4,0.5,10,qiskit_aer,1,1,0.9418856417500002,0.4029291399861112,0.8,0.55,0.0,1.0,1.0,0.0,0.058114358249999575,0.0004144749968500171,0.05833264874999955,0.05800854749999951,0.058438499999999616,0.05735359499999959,0.05735359499999959,1.0,0.8,1.0,0.0,0.0,0.0,0.0,0.0,0.027960668642954233,0.0004144749968500171,0.028178959142954207,0.027854857892954166,0.028284810392954274,0.02719990539295425,0.02719990539295425,1.0,1.0,0.0,0.0,0.0,0.0,0.0,1.0,0.052083620328590506,0.011905518096354522,0.05800854749999951,0.05735359499999959,0.05838557437499958,0.028284810392954274,0.028284810392954274,1.0,1.0,0.8,0.0,0.0,0.0,0.0,0.2,0.0,0.006030737921409068,0.060307379214090684,0.030153689607045342,0.030153689607045342,0.052083620328590506,0.011905518096354522,0.05800854749999951,0.05735359499999959,0.05838557437499958,0.028284810392954274,0.028284810392954274,1.0,1.0,0.8,0.0,0.0,0.0,0.0,0.2,0.0,0.006030737921409068,0.060307379214090684,0.030153689607045342,0.030153689607045342,0.052083620328590506,0.011905518096354522,0.05800854749999951,0.05735359499999959,0.05838557437499958,0.028284810392954274,0.028284810392954274,1.0,1.0,0.8,0.0,0.0,0.0,0.0,0.2,0.0,0.006030737921409068,0.060307379214090684,0.030153689607045342,0.030153689607045342,0.05509898928929504,0.008947012087954268,0.058117672499999495,0.05751733312499957,0.058438499999999616,0.041365763466124666,0.028284810392954274,1.0,0.9,0.9,0.0,0.0,0.0,0.0,0.1,2.166112591183837e-21,0.003015368960704534,0.030153689607045342,0.016584529283874903,0.030153689607045342,1.0,0.2,0.2,0.2,0.1,0.1,0.2,0.8,0.0,0.2,0.8,0.0,0.2,0.8,0.0,0.1,0.9,0.0,0.2,0.0,0.2,0.2,0.1,0.2,0.2,0.1,0.0,0.0,0.0,0.2,0.2,1.0,1.0,0.3,0.1,1.0,1.0,1.0,1.0,0.5,0.5,2,1,0.1,0.5,0.2,0.0,0.1,0.0,1.0,0.0,1.0,0.5,0.0,1.0,0.030153689607045342,0.0,0.030153689607045342,0.003015368960704534,0.030153689607045342,-0.00292913933733141,4.332225182367674e-21,4.332225182367674e-21,0.0,0.9722222222222222,1.05,0,0,0,1,C3R,0.0,0.0,0.05509898928929504,0.9,1.0,0.1,0.0,0.0,0.05509898928929504
phaseflip,dephasing,0.03,4,0.75,10,qiskit_aer,1,1,0.9418856417500002,0.6959457851805557,0.3888888888888889,0.23333333333333334,0.0,1.0,1.0,0.0,0.058114358249999575,0.0004144749968500171,0.05833264874999955,0.05800854749999951,0.058438499999999616,0.05735359499999959,0.05735359499999959,1.0,0.8,1.0,0.0,0.0,0.0,0.0,0.0,0.027960668642954233,0.0004144749968500171,0.028178959142954207,0.027854857892954166,0.028284810392954274,0.02719990539295425,0.02719990539295425,1.0,1.0,0.0,0.0,0.0,0.0,0.0,1.0,0.052083620328590506,0.011905518096354522,0.05800854749999951,0.05735359499999959,0.05838557437499958,0.028284810392954274,0.028284810392954274,1.0,1.0,0.8,0.0,0.0,0.0,0.0,0.2,0.0,0.006030737921409068,0.060307379214090684,0.030153689607045342,0.030153689607045342,0.052083620328590506,0.011905518096354522,0.05800854749999951,0.05735359499999959,0.05838557437499958,0.028284810392954274,0.028284810392954274,1.0,1.0,0.8,0.0,0.0,0.0,0.0,0.2,0.0,0.006030737921409068,0.060307379214090684,0.030153689607045342,0.030153689607045342,0.052083620328590506,0.011905518096354522,0.05800854749999951,0.05735359499999959,0.05838557437499958,0.028284810392954274,0.028284810392954274,1.0,1.0,0.8,0.0,0.0,0.0,0.0,0.2,0.0,0.006030737921409068,0.060307379214090684,0.030153689607045342,0.030153689607045342,0.052083620328590506,0.011905518096354522,0.05800854749999951,0.05735359499999959,0.05838557437499958,0.028284810392954274,0.028284810392954274,1.0,1.0,0.8,0.0,0.0,0.0,0.0,0.2,0.0,0.006030737921409068,0.060307379214090684,0.030153689607045342,0.030153689607045342,1.0,0.2,0.2,0.2,0.2,0.0,0.2,0.8,0.0,0.2,0.8,0.0,0.2,0.8,0.0,0.2,0.8,0.0,0.2,0.0,0.2,0.2,0.2,0.2,0.2,0.0,0.0,0.0,0.0,0.2,0.2,1.0,1.0,1.0,0.2,1.0,1.0,1.0,1.0,1.0,1.0,2,0,0.0,0.0,0.2,0.0,0.0,0.0,0.0,0.0,0.0,0.0,0.0,1.0,0.0,0.0,0.0,0.0,0.0,-0.2959457845312358,4.332225182367674e-21,4.332225182367674e-21,0.0,0.48333333333333334,0.48333333333333334,0,0,0,0,C1,0.0,0.0,0.052083620328590506,0.8,1.0,0.2,0.0,0.0,0.052083620328590506
phaseflip,dephasing,0.03,4,1.0,10,qiskit_aer,1,1,0.9418856417500002,0.9418856417500002,0.0,0.0,1.0,1.0,0.0,0.0,0.058114358249999575,0.0004144749968500171,0.05833264874999955,0.05800854749999951,0.058438499999999616,0.05735359499999959,0.05735359499999959,1.0,0.7,1.0,0.3,0.0,0.0,0.0,0.0,0.027960668642954233,0.0004144749968500171,0.028178959142954207,0.027854857892954166,0.028284810392954274,0.02719990539295425,0.02719990539295425,1.0,1.0,0.0,0.0,0.0,1.0,1.0,1.0,0.030976037603658767,0.009162895458820538,0.028178959142954207,0.027854857892954166,0.028284810392954274,0.02719990539295425,0.02719990539295425,1.0,1.0,0.1,0.0,0.0,0.9,0.9,0.9,0.0,0.027138320646340808,0.2713832064634081,0.030153689607045342,0.030153689607045342,0.04906825136788597,0.0136574345811978,0.05768107124999955,0.0355520065447156,0.05833101187499959,0.0281683740179542,0.02807310789295414,1.0,1.0,0.7,0.0,0.0,0.3,0.3,0.3,0.0,0.009046106882113603,0.09046106882113603,0.030153689607045342,0.030153689607045342,0.04906825136788597,0.0136574345811978,0.05768107124999955,0.0355520065447156,0.05833101187499959,0.0281683740179542,0.02807310789295414,1.0,1.0,0.7,0.0,0.0,0.3,0.3,0.3,0.0,0.009046106882113603,0.09046106882113603,0.030153689607045342,0.030153689607045342,0.04906825136788597,0.0136574345811978,0.05768107124999955,0.0355520065447156,0.05833101187499959,0.0281683740179542,0.02807310789295414,1.0,1.0,0.7,0.0,0.0,0.3,0.3,0.3,0.0,0.009046106882113603,0.09046106882113603,0.030153689607045342,0.030153689607045342,1.0,0.9,0.3,0.3,0.3,0.0,0.9,0.14285714285714285,1.0,0.3,1.0,1.0,0.3,1.0,1.0,0.3,1.0,1.0,0.3,0.6,0.3,0.3,0.3,0.3,0.3,0.0,0.0,0.0,0.0,0.3,0.3,1.0,1.0,1.0,0.3,1.0,1.0,1.0,1.0,1.0,1.0,3,0,0.0,0.0,0.3,0.0,0.0,0.0,0.0,0.0,0.0,0.0,0.0,1.0,0.0,0.0,0.0,0.0,0.0,-0.3418856411370463,5.26574260914368e-21,5.26574260914368e-21,0.0,0.0,0.0,0,0,0,0,C2,0.0,0.0,0.04906825136788597,0.7,1.0,0.3,0.0,0.0,0.04906825136788597
phaseflip,dephasing,0.05,1,0.25,10,qiskit_aer,1,1,0.9750000000000001,0.21666666666666667,0.9666666666666667,0.7722222222222223,0.0,1.0,1.0,0.0,0.0249999999999998,0.0,0.0249999999999998,0.0249999999999998,0.0249999999999998,0.0249999999999998,0.0249999999999998,1.0,0.3,1.0,0.0,0.0,0.0,0.0,0.0,-0.005153689607045542,0.0,-0.005153689607045542,-0.005153689607045542,-0.005153689607045542,-0.005153689607045542,-0.005153689607045542,0.0,1.0,0.0,0.0,0.0,0.0,0.0,1.0,0.003892417275068061,0.013818156510648851,-0.005153689607045542,-0.005153689607045542,0.017461577598238465,-0.005153689607045542,-0.005153689607045542,0.3,1.0,0.3,0.0,0.0,0.0,0.0,0.7,0.0,0.02110758272493174,0.2110758272493174,0.030153689607045342,0.030153689607045342,0.003892417275068061,0.013818156510648851,-0.005153689607045542,-0.005153689607045542,0.017461577598238465,-0.005153689607045542,-0.005153689607045542,0.3,1.0,0.3,0.0,0.0,0.0,0.0,0.7,0.0,0.02110758272493174,0.2110758272493174,0.030153689607045342,0.030153689607045342,0.003892417275068061,0.013818156510648851,-0.005153689607045542,-0.005153689607045542,0.017461577598238465,-0.005153689607045542,-0.005153689607045542,0.3,1.0,0.3,0.0,0.0,0.0,0.0,0.7,0.0,0.02110758272493174,0.2110758272493174,0.030153689607045342,0.030153689607045342,0.0249999999999998,0.0,0.0249999999999998,0.0249999999999998,0.0249999999999998,0.0249999999999998,0.0249999999999998,1.0,0.3,1.0,0.0,0.0,0.0,0.0,0.0,1.1710527147534226e-17,0.0,0.0,0.0,0.0,1.0,0.7,0.7,0.7,0.0,0.7,0.7,0.3,0.0,0.7,0.3,0.0,0.7,0.3,0.0,0.0,1.0,0.0,0.7,0.0,0.7,0.7,0.0,0.7,0.7,0.7,0.0,0.0,0.0,0.7,0.7,1.0,1.0,0.0,0.0,1.0,1.0,1.0,1.0,0.0,0.0,7,7,0.7,1.0,0.7,0.0,0.7,0.0,1.0,0.0,1.0,1.0,0.0,1.0,0.2110758272493174,0.0,0.2110758272493174,0.02110758272493174,0.2110758272493174,1.1833333414077198,1.1710527147534226e-17,1.1710527147534226e-17,0.0,1.0,1.5222222222222221,0,0,0,7,C3R,0.0,0.0,0.0249999999999998,1.0,1.0,0.0,0.0,0.0,0.0249999999999998
phaseflip,dephasing,0.05,1,0.5,10,qiskit_aer,1,1,0.9750000000000001,0.42250000000000004,0.8222222222222222,0.5333333333333333,0.0,1.0,1.0,0.0,0.0249999999999998,0.0,0.0249999999999998,0.0249999999999998,0.0249999999999998,0.0249999999999998,0.0249999999999998,1.0,0.5,1.0,0.0,0.0,0.0,0.0,0.0,-0.005153689607045542,0.0,-0.005153689607045542,-0.005153689607045542,-0.005153689607045542,-0.005153689607045542,-0.005153689607045542,0.0,1.0,0.0,0.0,0.0,0.0,0.0,1.0,0.00992315519647713,0.015076844803522671,0.00992315519647713,-0.005153689607045542,0.0249999999999998,-0.005153689607045542,-0.005153689607045542,0.5,1.0,0.5,0.0,0.0,0.0,0.0,0.5,0.0,0.015076844803522671,0.1507684480352267,0.030153689607045342,0.030153689607045342,0.00992315519647713,0.015076844803522671,0.00992315519647713,-0.005153689607045542,0.0249999999999998,-0.005153689607045542,-0.005153689607045542,0.5,1.0,0.5,0.0,0.0,0.0,0.0,0.5,0.0,0.015076844803522671,0.1507684480352267,0.030153689607045342,0.030153689607045342,0.00992315519647713,0.015076844803522671,0.00992315519647713,-0.005153689607045542,0.0249999999999998,-0.005153689607045542,-0.005153689607045542,0.5,1.0,0.5,0.0,0.0,0.0,0.0,0.5,0.0,0.015076844803522671,0.1507684480352267,0.030153689607045342,0.030153689607045342,0.021984631039295266,0.009046106882113603,0.0249999999999998,0.0249999999999998,0.0249999999999998,0.008415470716124862,-0.005153689607045542,0.9,0.6,0.9,0.0,0.0,0.0,0.0,0.1,1.7535687252321342e-17,0.003015368960704534,0.030153689607045342,0.016584529283874903,0.030153689607045342,1.0,0.5,0.5,0.5,0.1,0.4,0.5,0.5,0.0,0.5,0.5,0.0,0.5,0.5,0.0,0.1,0.9,0.0,0.5,0.0,0.5,0.5,0.1,0.5,0.5,0.4,0.0,0.0,0.0,0.5,0.5,1.0,1.0,0.2,0.1,1.0,1.0,1.0,1.0,0.2,0.2,5,4,0.4,0.8,0.5,0.0,0.4,0.0,1.0,0.0,1.0,0.8,0.0,1.0,0.12061475842818137,0.0,0.12061475842818137,0.012061475842818137,0.12061475842818137,0.5775000088052841,1.7536620769748117e-17,1.7536620769748117e-17,0.0,0.9777777777777777,1.0333333333333334,0,0,0,4,C3R,0.0,0.0,0.021984631039295266,0.9,0.9,0.1,0.0,0.0,0.021984631039295266
phaseflip,dephasing,0.05,1,0.75,10,qiskit_aer,1,1,0.9750000000000001,0.7204166666666667,0.37777777777777777,0.23333333333333334,0.0,1.0,1.0,0.0,0.0249999999999998,0.0,0.0249999999999998,0.0249999999999998,0.0249999999999998,0.0249999999999998,0.0249999999999998,1.0,0.4,1.0,0.0,0.0,0.0,0.0,0.0,-0.005153689607045542,0.0,-0.005153689607045542,-0.005153689607045542,-0.005153689607045542,-0.005153689607045542,-0.005153689607045542,0.0,1.0,0.0,0.0,0.0,0.0,0.0,1.0,0.006907786235772595,0.014772230679905057,-0.005153689607045542,-0.005153689607045542,0.0249999999999998,-0.005153689607045542,-0.005153689607045542,0.4,1.0,0.4,0.0,0.0,0.0,0.0,0.6,0.0,0.018092213764227205,0.18092213764227205,0.030153689607045342,0.030153689607045342,0.006907786235772595,0.014772230679905057,-0.005153689607045542,-0.005153689607045542,0.0249999999999998,-0.005153689607045542,-0.005153689607045542,0.4,1.0,0.4,0.0,0.0,0.0,0.0,0.6,0.0,0.018092213764227205,0.18092213764227205,0.030153689607045342,0.030153689607045342,0.006907786235772595,0.014772230679905057,-0.005153689607045542,-0.005153689607045542,0.0249999999999998,-0.005153689607045542,-0.005153689607045542,0.4,1.0,0.4,0.0,0.0,0.0,0.0,0.6,0.0,0.018092213764227205,0.18092213764227205,0.030153689607045342,0.030153689607045342,0.006907786235772595,0.014772230679905057,-0.005153689607045542,-0.005153689607045542,0.0249999999999998,-0.005153689607045542,-0.005153689607045542,0.4,1.0,0.4,0.0,0.0,0.0,0.0,0.6,0.0,0.018092213764227205,0.18092213764227205,0.030153689607045342,0.030153689607045342,1.0,0.6,0.6,0.6,0.6,0.0,0.6,0.4,0.0,0.6,0.4,0.0,0.6,0.4,0.0,0.6,0.4,0.0,0.6,0.0,0.6,0.6,0.6,0.6,0.6,0.0,0.0,0.0,0.0,0.6,0.6,1.0,1.0,1.0,0.6,1.0,1.0,1.0,1.0,1.0,1.0,6,0,0.0,0.0,0.6,0.0,0.0,0.0,0.0,0.0,0.0,0.0,0.0,1.0,0.0,0.0,0.0,0.0,0.0,0.4795833417019696,1.170959363010745e-17,1.170959363010745e-17,0.0,0.48333333333333334,0.48333333333333334,0,0,0,0,C1,0.0,0.0,0.006907786235772595,0.4,0.4,0.6,0.0,0.0,0.006907786235772595
phaseflip,dephasing,0.05,1,1.0,10,qiskit_aer,1,1,0.9750000000000001,0.9750000000000001,0.0,0.0,1.0,1.0,0.0,0.0,0.0249999999999998,0.0,0.0249999999999998,0.0249999999999998,0.0249999999999998,0.0249999999999998,0.0249999999999998,1.0,0.3,1.0,0.7,0.0,0.0,0.0,0.0,-0.005153689607045542,0.0,-0.005153689607045542,-0.005153689607045542,-0.005153689607045542,-0.005153689607045542,-0.005153689607045542,0.0,1.0,0.0,0.0,0.0,1.0,1.0,1.0,-0.005153689607045542,0.0,-0.005153689607045542,-0.005153689607045542,-0.005153689607045542,-0.005153689607045542,-0.005153689607045542,0.0,1.0,0.0,0.0,0.0,1.0,1.0,1.0,0.0,0.030153689607045342,0.3015368960704534,0.030153689607045342,0.030153689607045342,0.003892417275068061,0.013818156510648851,-0.005153689607045542,-0.005153689607045542,0.017461577598238465,-0.005153689607045542,-0.005153689607045542,0.3,1.0,0.3,0.0,0.0,0.7,0.7,0.7,0.0,0.02110758272493174,0.2110758272493174,0.030153689607045342,0.030153689607045342,0.003892417275068061,0.013818156510648851,-0.005153689607045542,-0.005153689607045542,0.017461577598238465,-0.005153689607045542,-0.005153689607045542,0.3,1.0,0.3,0.0,0.0,0.7,0.7,0.7,0.0,0.02110758272493174,0.2110758272493174,0.030153689607045342,0.030153689607045342,0.003892417275068061,0.013818156510648851,-0.005153689607045542,-0.005153689607045542,0.017461577598238465,-0.005153689607045542,-0.005153689607045542,0.3,1.0,0.3,0.0,0.0,0.7,0.7,0.7,0.0,0.02110758272493174,0.2110758272493174,0.030153689607045342,0.030153689607045342,1.0,1.0,0.7,0.7,0.7,0.0,1.0,0.0,1.0,0.7,1.0,1.0,0.7,1.0,1.0,0.7,1.0,1.0,0.7,0.3,0.7,0.7,0.7,0.7,0.7,0.0,0.0,0.0,0.0,0.7,0.7,1.0,1.0,1.0,0.7,1.0,1.0,1.0,1.0,1.0,1.0,7,0,0.0,0.0,0.7,0.0,0.0,0.0,0.0,0.0,0.0,0.0,0.0,1.0,0.0,0.0,0.0,0.0,0.0,0.42500000793198833,5.8825664904667816e-18,5.8825664904667816e-18,0.0,0.0,0.0,0,0,0,0,C2,0.0,0.0,0.003892417275068061,0.3,0.3,0.7,0.0,0.0,0.003892417275068061
phaseflip,dephasing,0.05,2,0.25,10,qiskit_aer,1,1,0.951,0.21130902777777777,0.9666666666666667,0.7722222222222223,0.0,1.0,1.0,0.0,0.04899999999999967,0.0003061862178479451,0.04874999999999963,0.04874999999999963,0.049374999999999725,0.04874999999999963,0.04874999999999963,1.0,0.8,1.0,0.0,0.0,0.0,0.0,0.0,0.018846310392954323,0.0003061862178479451,0.018596310392954285,0.018596310392954285,0.019221310392954383,0.018596310392954285,0.018596310392954285,1.0,1.0,0.0,0.0,0.0,0.0,0.0,1.0,0.0429692620785906,0.012189680818938228,0.04874999999999963,0.04874999999999963,0.049374999999999725,0.018596310392954285,0.018596310392954285,1.0,1.0,0.8,0.0,0.0,0.0,0.0,0.2,0.0,0.006030737921409068,0.060307379214090684,0.030153689607045342,0.030153689607045342,0.0429692620785906,0.012189680818938228,0.04874999999999963,0.04874999999999963,0.049374999999999725,0.018596310392954285,0.018596310392954285,1.0,1.0,0.8,0.0,0.0,0.0,0.0,0.2,0.0,0.006030737921409068,0.060307379214090684,0.030153689607045342,0.030153689607045342,0.0429692620785906,0.012189680818938228,0.04874999999999963,0.04874999999999963,0.049374999999999725,0.018596310392954285,0.018596310392954285,1.0,1.0,0.8,0.0,0.0,0.0,0.0,0.2,0.0,0.006030737921409068,0.060307379214090684,0.030153689607045342,0.030153689607045342,0.04899999999999967,0.0003061862178479451,0.04874999999999963,0.04874999999999963,0.049374999999999725,0.04874999999999963,0.04874999999999963,1.0,0.8,1.0,0.0,0.0,0.0,0.0,0.0,0.0013474284426294933,0.0,0.0,0.0,0.0,1.0,0.2,0.2,0.2,0.0,0.2,0.2,0.8,0.0,0.2,0.8,0.0,0.2,0.8,0.0,0.0,1.0,0.0,0.2,0.0,0.2,0.2,0.0,0.2,0.2,0.2,0.0,0.0,0.0,0.2,0.2,1.0,1.0,0.0,0.0,1.0,1.0,1.0,1.0,0.0,0.0,2,2,0.2,1.0,0.2,0.0,0.2,0.0,1.0,0.0,1.0,1.0,0.0,1.0,0.060307379214090684,0.0,0.060307379214090684,0.006030737921409068,0.060307379214090684,0.18869097366518928,0.0013474284426294933,0.0013474284426294933,0.0,1.0,1.5222222222222221,0,0,0,2,C3R,0.0,0.0,0.04899999999999967,1.0,1.0,0.0,0.0,0.0,0.04899999999999967
phaseflip,dephasing,0.05,2,0.5,10,qiskit_aer,1,1,0.951,0.4173784722222222,0.8222222222222222,0.5333333333333333,0.0,1.0,1.0,0.0,0.04899999999999967,0.0003061862178479451,0.04874999999999963,0.04874999999999963,0.049374999999999725,0.04874999999999963,0.04874999999999963,1.0,0.6,1.0,0.0,0.0,0.0,0.0,0.0,0.018846310392954323,0.0003061862178479451,0.018596310392954285,0.018596310392954285,0.019221310392954383,0.018596310392954285,0.018596310392954285,1.0,1.0,0.0,0.0,0.0,0.0,0.0,1.0,0.03693852415718153,0.014851736463486585,0.04874999999999963,0.01875256039295431,0.0492187499999997,0.018596310392954285,0.018596310392954285,1.0,1.0,0.6,0.0,0.0,0.0,0.0,0.4,0.0,0.012061475842818137,0.12061475842818137,0.030153689607045342,0.030153689607045342,0.03693852415718153,0.014851736463486585,0.04874999999999963,0.01875256039295431,0.0492187499999997,0.018596310392954285,0.018596310392954285,1.0,1.0,0.6,0.0,0.0,0.0,0.0,0.4,0.0,0.012061475842818137,0.12061475842818137,0.030153689607045342,0.030153689607045342,0.03693852415718153,0.014851736463486585,0.04874999999999963,0.01875256039295431,0.0492187499999997,0.018596310392954285,0.018596310392954285,1.0,1.0,0.6,0.0,0.0,0.0,0.0,0.4,0.0,0.012061475842818137,0.12061475842818137,0.030153689607045342,0.030153689607045342,0.04899999999999967,0.0003061862178479451,0.04874999999999963,0.04874999999999963,0.049374999999999725,0.04874999999999963,0.04874999999999963,1.0,0.6,1.0,0.0,0.0,0.0,0.0,0.0,0.0026948568852589666,0.0,0.0,0.0,0.0,1.0,0.4,0.4,0.4,0.0,0.4,0.4,0.6,0.0,0.4,0.6,0.0,0.4,0.6,0.0,0.0,1.0,0.0,0.4,0.0,0.4,0.4,0.0,0.4,0.4,0.4,0.0,0.0,0.0,0.4,0.4,1.0,1.0,0.2,0.0,1.0,1.0,1.0,1.0,0.0,0.0,4,4,0.4,1.0,0.4,0.0,0.4,0.0,1.0,0.0,1.0,1.0,0.0,1.0,0.12061475842818137,0.0,0.12061475842818137,0.012061475842818137,0.12061475842818137,0.3826215292092079,0.0026948568852589666,0.0026948568852589666,0.0,0.9777777777777777,1.0333333333333334,0,0,0,4,C3R,0.0,0.0,0.04899999999999967,1.0,1.0,0.0,0.0,0.0,0.04899999999999967
phaseflip,dephasing,0.05,2,0.75,10,qiskit_aer,1,1,0.951,0.6921111111111111,0.37777777777777777,0.23333333333333334,0.0,1.0,1.0,0.0,0.04899999999999967,0.0003061862178479451,0.04874999999999963,0.04874999999999963,0.049374999999999725,0.04874999999999963,0.04874999999999963,1.0,0.8,1.0,0.0,0.0,0.0,0.0,0.0,0.018846310392954323,0.0003061862178479451,0.018596310392954285,0.018596310392954285,0.019221310392954383,0.018596310392954285,0.018596310392954285,1.0,1.0,0.0,0.0,0.0,0.0,0.0,1.0,0.0429692620785906,0.012189680818938228,0.04874999999999963,0.04874999999999963,0.049374999999999725,0.018596310392954285,0.018596310392954285,1.0,1.0,0.8,0.0,0.0,0.0,0.0,0.2,0.0,0.006030737921409068,0.060307379214090684,0.030153689607045342,0.030153689607045342,0.0429692620785906,0.012189680818938228,0.04874999999999963,0.04874999999999963,0.049374999999999725,0.018596310392954285,0.018596310392954285,1.0,1.0,0.8,0.0,0.0,0.0,0.0,0.2,0.0,0.006030737921409068,0.060307379214090684,0.030153689607045342,0.030153689607045342,0.0429692620785906,0.012189680818938228,0.04874999999999963,0.04874999999999963,0.049374999999999725,0.018596310392954285,0.018596310392954285,1.0,1.0,0.8,0.0,0.0,0.0,0.0,0.2,0.0,0.006030737921409068,0.060307379214090684,0.030153689607045342,0.030153689607045342,0.0429692620785906,0.012189680818938228,0.04874999999999963,0.04874999999999963,0.049374999999999725,0.018596310392954285,0.018596310392954285,1.0,1.0,0.8,0.0,0.0,0.0,0.0,0.2,0.0,0.006030737921409068,0.060307379214090684,0.030153689607045342,0.030153689607045342,1.0,0.2,0.2,0.2,0.2,0.0,0.2,0.8,0.0,0.2,0.8,0.0,0.2,0.8,0.0,0.2,0.8,0.0,0.2,0.0,0.2,0.2,0.2,0.2,0.2,0.0,0.0,0.0,0.0,0.2,0.2,1.0,1.0,1.0,0.2,1.0,1.0,1.0,1.0,1.0,1.0,2,0,0.0,0.0,0.2,0.0,0.0,0.0,0.0,0.0,0.0,0.0,0.0,1.0,0.0,0.0,0.0,0.0,0.0,-0.29211110963948916,0.0026948568852589666,0.0026948568852589666,0.0,0.48333333333333334,0.48333333333333334,0,0,0,0,C1,0.0,0.0,0.0429692620785906,0.8,1.0,0.2,0.0,0.0,0.0429692620785906
phaseflip,dephasing,0.05,2,1.0,10,qiskit_aer,1,1,0.951,0.951,0.0,0.0,1.0,1.0,0.0,0.0,0.04899999999999967,0.0003061862178479451,0.04874999999999963,0.04874999999999963,0.049374999999999725,0.04874999999999963,0.04874999999999963,1.0,0.8,1.0,0.2,0.0,0.0,0.0,0.0,0.018846310392954323,0.0003061862178479451,0.018596310392954285,0.018596310392954285,0.019221310392954383,0.018596310392954285,0.018596310392954285,1.0,1.0,0.0,0.0,0.0,1.0,1.0,1.0,0.018846310392954323,0.0003061862178479451,0.018596310392954285,0.018596310392954285,0.019221310392954383,0.018596310392954285,0.018596310392954285,1.0,1.0,0.0,0.0,0.0,1.0,1.0,1.0,0.0,0.030153689607045342,0.3015368960704534,0.030153689607045342,0.030153689607045342,0.0429692620785906,0.012189680818938228,0.04874999999999963,0.04874999999999963,0.049374999999999725,0.018596310392954285,0.018596310392954285,1.0,1.0,0.8,0.0,0.0,0.2,0.2,0.2,0.0,0.006030737921409068,0.060307379214090684,0.030153689607045342,0.030153689607045342,0.0429692620785906,0.012189680818938228,0.04874999999999963,0.04874999999999963,0.049374999999999725,0.018596310392954285,0.018596310392954285,1.0,1.0,0.8,0.0,0.0,0.2,0.2,0.2,0.0,0.006030737921409068,0.060307379214090684,0.030153689607045342,0.030153689607045342,0.0429692620785906,0.012189680818938228,0.04874999999999963,0.04874999999999963,0.049374999999999725,0.018596310392954285,0.018596310392954285,1.0,1.0,0.8,0.0,0.0,0.2,0.2,0.2,0.0,0.006030737921409068,0.060307379214090684,0.030153689607045342,0.030153689607045342,1.0,1.0,0.2,0.2,0.2,0.0,1.0,0.0,1.0,0.2,1.0,1.0,0.2,1.0,1.0,0.2,1.0,1.0,0.2,0.8,0.2,0.2,0.2,0.2,0.2,0.0,0.0,0.0,0.0,0.2,0.2,1.0,1.0,1.0,0.2,1.0,1.0,1.0,1.0,1.0,1.0,2,0,0.0,0.0,0.2,0.0,0.0,0.0,0.0,0.0,0.0,0.0,0.0,1.0,0.0,0.0,0.0,0.0,0.0,-0.5509999986169033,2.0189812077019455e-17,2.0189812077019455e-17,0.0,0.0,0.0,0,0,0,0,C2,0.0,0.0,0.0429692620785906,0.8,1.0,0.2,0.0,0.0,0.0429692620785906
phaseflip,dephasing,0.05,3,0.25,10,qiskit_aer,1,1,0.9276562499999998,0.20612899305555554,0.9555555555555555,0.7666666666666667,0.0,1.0,1.0,0.0,0.07234374999999979,0.0007184782094816984,0.07253124999999983,0.07161718749999987,0.07297656249999979,0.07131249999999967,0.07131249999999974,1.0,0.3,1.0,0.0,0.0,0.0,0.0,0.0,0.04219006039295444,0.0007184782094816984,0.04237756039295448,0.04146349789295453,0.042822872892954444,0.041158810392954326,0.0411588103929544,1.0,1.0,0.0,0.0,0.0,0.0,0.0,1.0,0.051236167275068044,0.013554732654260666,0.04267443539295446,0.04237756039295448,0.06422720259823836,0.04170724789295452,0.04115881039295455,1.0,1.0,0.3,0.0,0.0,0.0,0.0,0.7,0.0,0.02110758272493174,0.2110758272493174,0.030153689607045342,0.030153689607045342,0.051236167275068044,0.013554732654260666,0.04267443539295446,0.04237756039295448,0.06422720259823836,0.04170724789295452,0.04115881039295455,1.0,1.0,0.3,0.0,0.0,0.0,0.0,0.7,0.0,0.02110758272493174,0.2110758272493174,0.030153689607045342,0.030153689607045342,0.051236167275068044,0.013554732654260666,0.04267443539295446,0.04237756039295448,0.06422720259823836,0.04170724789295452,0.04115881039295455,1.0,1.0,0.3,0.0,0.0,0.0,0.0,0.7,0.0,0.02110758272493174,0.2110758272493174,0.030153689607045342,0.030153689607045342,0.07234374999999979,0.0007184782094816984,0.07253124999999983,0.07161718749999987,0.07297656249999979,0.07131249999999967,0.07131249999999974,1.0,0.3,1.0,0.0,0.0,0.0,0.0,0.0,0.004647966849674839,0.0,0.0,0.0,0.0,1.0,0.7,0.7,0.7,0.0,0.7,0.7,0.3,0.0,0.7,0.3,0.0,0.7,0.3,0.0,0.0,1.0,0.0,0.7,0.0,0.7,0.7,0.0,0.7,0.7,0.7,0.0,0.0,0.0,0.7,0.7,1.0,1.0,0.0,0.0,1.0,1.0,1.0,1.0,0.0,0.0,7,7,0.7,1.0,0.7,0.0,0.7,0.0,1.0,0.0,1.0,1.0,0.0,1.0,0.2110758272493174,0.0,0.2110758272493174,0.02110758272493174,0.2110758272493174,1.1938710072498593,0.004647966849674839,0.004647966849674839,0.0,1.0,1.5166666666666666,0,0,0,7,C3R,0.0,0.0,0.07234374999999979,1.0,1.0,0.0,0.0,0.0,0.07234374999999979
phaseflip,dephasing,0.05,3,0.5,10,qiskit_aer,1,1,0.9276562499999998,0.39685729166666667,0.8,0.55,0.0,1.0,1.0,0.0,0.07234374999999979,0.0007184782094816984,0.07253124999999983,0.07161718749999987,0.07297656249999979,0.07131249999999967,0.07131249999999974,1.0,0.6,1.0,0.0,0.0,0.0,0.0,0.0,0.04219006039295444,0.0007184782094816984,0.04237756039295448,0.04146349789295453,0.042822872892954444,0.041158810392954326,0.0411588103929544,1.0,1.0,0.0,0.0,0.0,0.0,0.0,1.0,0.060282274157181646,0.014884956116780708,0.07131249999999967,0.04237756039295448,0.07297656249999979,0.04170724789295452,0.04115881039295455,1.0,1.0,0.6,0.0,0.0,0.0,0.0,0.4,0.0,0.012061475842818137,0.12061475842818137,0.030153689607045342,0.030153689607045342,0.060282274157181646,0.014884956116780708,0.07131249999999967,0.04237756039295448,0.07297656249999979,0.04170724789295452,0.04115881039295455,1.0,1.0,0.6,0.0,0.0,0.0,0.0,0.4,0.0,0.012061475842818137,0.12061475842818137,0.030153689607045342,0.030153689607045342,0.060282274157181646,0.014884956116780708,0.07131249999999967,0.04237756039295448,0.07297656249999979,0.04170724789295452,0.04115881039295455,1.0,1.0,0.6,0.0,0.0,0.0,0.0,0.4,0.0,0.012061475842818137,0.12061475842818137,0.030153689607045342,0.030153689607045342,0.07234374999999979,0.0007184782094816984,0.07253124999999983,0.07161718749999987,0.07297656249999979,0.07131249999999967,0.07131249999999974,1.0,0.6,1.0,0.0,0.0,0.0,0.0,0.0,8.664450364735348e-21,0.0,0.0,0.0,0.0,1.0,0.4,0.4,0.4,0.0,0.4,0.4,0.6,0.0,0.4,0.6,0.0,0.4,0.6,0.0,0.0,1.0,0.0,0.4,0.0,0.4,0.4,0.0,0.4,0.4,0.4,0.0,0.0,0.0,0.4,0.4,1.0,1.0,0.3,0.0,1.0,1.0,1.0,1.0,0.0,0.0,4,4,0.4,1.0,0.4,0.0,0.4,0.0,1.0,0.0,1.0,1.0,0.0,1.0,0.12061475842818137,0.0,0.12061475842818137,0.012061475842818137,0.12061475842818137,0.4031427086411373,8.664450364735348e-21,8.664450364735348e-21,0.0,0.9722222222222222,1.05,0,0,0,4,C3R,0.0,0.0,0.07234374999999979,1.0,1.0,0.0,0.0,0.0,0.07234374999999979
phaseflip,dephasing,0.05,3,0.75,10,qiskit_aer,1,1,0.9276562499999998,0.6854383680555556,0.3888888888888889,0.23333333333333334,0.0,1.0,1.0,0.0,0.07234374999999979,0.0007184782094816984,0.07253124999999983,0.07161718749999987,0.07297656249999979,0.07131249999999967,0.07131249999999974,1.0,0.4,1.0,0.0,0.0,0.0,0.0,0.0,0.04219006039295444,0.0007184782094816984,0.04237756039295448,0.04146349789295453,0.042822872892954444,0.041158810392954326,0.0411588103929544,1.0,1.0,0.0,0.0,0.0,0.0,0.0,1.0,0.05425153623577258,0.014564988520293651,0.04297131039295443,0.04237756039295448,0.07131249999999967,0.04170724789295452,0.04115881039295455,1.0,1.0,0.4,0.0,0.0,0.0,0.0,0.6,0.0,0.018092213764227205,0.18092213764227205,0.030153689607045342,0.030153689607045342,0.05425153623577258,0.014564988520293651,0.04297131039295443,0.04237756039295448,0.07131249999999967,0.04170724789295452,0.04115881039295455,1.0,1.0,0.4,0.0,0.0,0.0,0.0,0.6,0.0,0.018092213764227205,0.18092213764227205,0.030153689607045342,0.030153689607045342,0.05425153623577258,0.014564988520293651,0.04297131039295443,0.04237756039295448,0.07131249999999967,0.04170724789295452,0.04115881039295455,1.0,1.0,0.4,0.0,0.0,0.0,0.0,0.6,0.0,0.018092213764227205,0.18092213764227205,0.030153689607045342,0.030153689607045342,0.05425153623577258,0.014564988520293651,0.04297131039295443,0.04237756039295448,0.07131249999999967,0.04170724789295452,0.04115881039295455,1.0,1.0,0.4,0.0,0.0,0.0,0.0,0.6,0.0,0.018092213764227205,0.18092213764227205,0.030153689607045342,0.030153689607045342,1.0,0.6,0.6,0.6,0.6,0.0,0.6,0.4,0.0,0.6,0.4,0.0,0.6,0.4,0.0,0.6,0.4,0.0,0.6,0.0,0.6,0.6,0.6,0.6,0.6,0.0,0.0,0.0,0.0,0.6,0.6,1.0,1.0,1.0,0.6,1.0,1.0,1.0,1.0,1.0,1.0,6,0,0.0,0.0,0.6,0.0,0.0,0.0,0.0,0.0,0.0,0.0,0.0,1.0,0.0,0.0,0.0,0.0,0.0,0.5145616322405949,1.053148521828736e-20,1.053148521828736e-20,0.0,0.48333333333333334,0.48333333333333334,0,0,0,0,C1,0.0,0.0,0.05425153623577258,0.4,1.0,0.6,0.0,0.0,0.05425153623577258
phaseflip,dephasing,0.05,3,1.0,10,qiskit_aer,1,1,0.9276562499999998,0.9276562499999998,0.0,0.0,1.0,1.0,0.0,0.0,0.07234374999999979,0.0007184782094816984,0.07253124999999983,0.07161718749999987,0.07297656249999979,0.07131249999999967,0.07131249999999974,1.0,0.4,1.0,0.6,0.0,0.0,0.0,0.0,0.04219006039295444,0.0007184782094816984,0.04237756039295448,0.04146349789295453,0.042822872892954444,0.041158810392954326,0.0411588103929544,1.0,1.0,0.0,0.0,0.0,1.0,1.0,1.0,0.04219006039295444,0.0007184782094816984,0.04237756039295448,0.04146349789295453,0.042822872892954444,0.041158810392954326,0.0411588103929544,1.0,1.0,0.0,0.0,0.0,1.0,1.0,1.0,0.0,0.030153689607045342,0.3015368960704534,0.030153689607045342,0.030153689607045342,0.05425153623577258,0.014564988520293651,0.04297131039295443,0.04237756039295448,0.07131249999999967,0.04170724789295452,0.04115881039295455,1.0,1.0,0.4,0.0,0.0,0.6,0.6,0.6,0.0,0.018092213764227205,0.18092213764227205,0.030153689607045342,0.030153689607045342,0.05425153623577258,0.014564988520293651,0.04297131039295443,0.04237756039295448,0.07131249999999967,0.04170724789295452,0.04115881039295455,1.0,1.0,0.4,0.0,0.0,0.6,0.6,0.6,0.0,0.018092213764227205,0.18092213764227205,0.030153689607045342,0.030153689607045342,0.05425153623577258,0.014564988520293651,0.04297131039295443,0.04237756039295448,0.07131249999999967,0.04170724789295452,0.04115881039295455,1.0,1.0,0.4,0.0,0.0,0.6,0.6,0.6,0.0,0.018092213764227205,0.18092213764227205,0.030153689607045342,0.030153689607045342,1.0,1.0,0.6,0.6,0.6,0.0,1.0,0.0,1.0,0.6,1.0,1.0,0.6,1.0,1.0,0.6,1.0,1.0,0.6,0.4,0.6,0.6,0.6,0.6,0.6,0.0,0.0,0.0,0.0,0.6,0.6,1.0,1.0,1.0,0.6,1.0,1.0,1.0,1.0,1.0,1.0,6,0,0.0,0.0,0.6,0.0,0.0,0.0,0.0,0.0,0.0,0.0,0.0,1.0,0.0,0.0,0.0,0.0,0.0,0.27234375029226415,1.176408038269519e-20,1.176408038269519e-20,0.0,0.0,0.0,0,0,0,0,C2,0.0,0.0,0.05425153623577258,0.4,1.0,0.6,0.0,0.0,0.05425153623577258
phaseflip,dephasing,0.05,4,0.25,10,qiskit_aer,1,1,0.9051885937499999,0.19610663194444444,0.9555555555555555,0.7666666666666667,0.0,1.0,1.0,0.0,0.09481140624999983,0.0011233153727951157,0.09540546874999983,0.0945296874999999,0.09568749999999981,0.09274687499999978,0.09274687499999978,1.0,0.6,1.0,0.0,0.0,0.0,0.0,0.0,0.06465771664295449,0.0011233153727951157,0.06525177914295449,0.06437599789295456,0.06553381039295447,0.06259318539295444,0.06259318539295444,1.0,1.0,0.0,0.0,0.0,0.0,0.0,1.0,0.08274993040718169,0.014687181829466293,0.09274687499999978,0.0651107635179545,0.09568749999999981,0.06437599789295456,0.06437599789295456,1.0,1.0,0.6,0.0,0.0,0.0,0.0,0.4,0.0,0.012061475842818137,0.12061475842818137,0.030153689607045342,0.030153689607045342,0.08274993040718169,0.014687181829466293,0.09274687499999978,0.0651107635179545,0.09568749999999981,0.06437599789295456,0.06437599789295456,1.0,1.0,0.6,0.0,0.0,0.0,0.0,0.4,0.0,0.012061475842818137,0.12061475842818137,0.030153689607045342,0.030153689607045342,0.08274993040718169,0.014687181829466293,0.09274687499999978,0.0651107635179545,0.09568749999999981,0.06437599789295456,0.06437599789295456,1.0,1.0,0.6,0.0,0.0,0.0,0.0,0.4,0.0,0.012061475842818137,0.12061475842818137,0.030153689607045342,0.030153689607045342,0.09481140624999983,0.0011233153727951157,0.09540546874999983,0.0945296874999999,0.09568749999999981,0.09274687499999978,0.09274687499999978,1.0,0.6,1.0,0.0,0.0,0.0,0.0,0.0,3.64656330675496e-17,0.0,0.0,0.0,0.0,1.0,0.4,0.4,0.4,0.0,0.4,0.4,0.6,0.0,0.4,0.6,0.0,0.4,0.6,0.0,0.0,1.0,0.0,0.4,0.0,0.4,0.4,0.0,0.4,0.4,0.4,0.0,0.0,0.0,0.4,0.4,1.0,1.0,0.0,0.0,1.0,1.0,1.0,1.0,0.0,0.0,4,4,0.4,1.0,0.4,0.0,0.4,0.0,1.0,0.0,1.0,1.0,0.0,1.0,0.12061475842818137,0.0,0.12061475842818137,0.012061475842818137,0.12061475842818137,0.603893368171181,3.64656330675496e-17,3.64656330675496e-17,0.0,1.0,1.5166666666666666,0,0,0,4,C3R,0.0,0.0,0.09481140624999983,1.0,1.0,0.0,0.0,0.0,0.09481140624999983
phaseflip,dephasing,0.05,4,0.5,10,qiskit_aer,1,1,0.9051885937499999,0.3771992881944444,0.8,0.55,0.0,1.0,1.0,0.0,0.09481140624999983,0.0011233153727951157,0.09540546874999983,0.0945296874999999,0.09568749999999981,0.09274687499999978,0.09274687499999978,1.0,0.6,1.0,0.0,0.0,0.0,0.0,0.0,0.06465771664295449,0.0011233153727951157,0.06525177914295449,0.06437599789295456,0.06553381039295447,0.06259318539295444,0.06259318539295444,1.0,1.0,0.0,0.0,0.0,0.0,0.0,1.0,0.08274993040718169,0.014687181829466293,0.09274687499999978,0.0651107635179545,0.09568749999999981,0.06437599789295456,0.06437599789295456,1.0,1.0,0.6,0.0,0.0,0.0,0.0,0.4,0.0,0.012061475842818137,0.12061475842818137,0.030153689607045342,0.030153689607045342,0.08274993040718169,0.014687181829466293,0.09274687499999978,0.0651107635179545,0.09568749999999981,0.06437599789295456,0.06437599789295456,1.0,1.0,0.6,0.0,0.0,0.0,0.0,0.4,0.0,0.012061475842818137,0.12061475842818137,0.030153689607045342,0.030153689607045342,0.08274993040718169,0.014687181829466293,0.09274687499999978,0.0651107635179545,0.09568749999999981,0.06437599789295456,0.06437599789295456,1.0,1.0,0.6,0.0,0.0,0.0,0.0,0.4,0.0,0.012061475842818137,0.12061475842818137,0.030153689607045342,0.030153689607045342,0.09179603728929529,0.009011776098935277,0.09510859374999986,0.09319257812499981,0.09568749999999981,0.07746945509112488,0.06496974789295451,1.0,0.7,0.9,0.0,0.0,0.0,0.0,0.1,2.9917154036788437e-17,0.003015368960704534,0.030153689607045342,0.016584529283874903,0.030153689607045342,1.0,0.4,0.4,0.4,0.1,0.3,0.4,0.6,0.0,0.4,0.6,0.0,0.4,0.6,0.0,0.1,0.9,0.0,0.4,0.0,0.4,0.4,0.1,0.4,0.4,0.3,0.0,0.0,0.0,0.4,0.4,1.0,1.0,0.3,0.1,1.0,1.0,1.0,1.0,0.25,0.25,4,3,0.3,0.75,0.4,0.0,0.3,0.0,1.0,0.0,1.0,0.75,0.0,1.0,0.09046106882113603,0.0,0.09046106882113603,0.009046106882113603,0.09046106882113603,0.4228007119257793,3.064433682579865e-17,3.064433682579865e-17,0.0,0.9722222222222222,1.05,0,0,0,3,C3R,0.0,0.0,0.09179603728929529,0.9,1.0,0.1,0.0,0.0,0.09179603728929529
phaseflip,dephasing,0.05,4,0.75,10,qiskit_aer,1,1,0.9051885937499999,0.6638015017361112,0.3888888888888889,0.23333333333333334,0.0,1.0,1.0,0.0,0.09481140624999983,0.0011233153727951157,0.09540546874999983,0.0945296874999999,0.09568749999999981,0.09274687499999978,0.09274687499999978,1.0,0.6,1.0,0.0,0.0,0.0,0.0,0.0,0.06465771664295449,0.0011233153727951157,0.06525177914295449,0.06437599789295456,0.06553381039295447,0.06259318539295444,0.06259318539295444,1.0,1.0,0.0,0.0,0.0,0.0,0.0,1.0,0.08274993040718169,0.014687181829466293,0.09274687499999978,0.0651107635179545,0.09568749999999981,0.06437599789295456,0.06437599789295456,1.0,1.0,0.6,0.0,0.0,0.0,0.0,0.4,0.0,0.012061475842818137,0.12061475842818137,0.030153689607045342,0.030153689607045342,0.08274993040718169,0.014687181829466293,0.09274687499999978,0.0651107635179545,0.09568749999999981,0.06437599789295456,0.06437599789295456,1.0,1.0,0.6,0.0,0.0,0.0,0.0,0.4,0.0,0.012061475842818137,0.12061475842818137,0.030153689607045342,0.030153689607045342,0.08274993040718169,0.014687181829466293,0.09274687499999978,0.0651107635179545,0.09568749999999981,0.06437599789295456,0.06437599789295456,1.0,1.0,0.6,0.0,0.0,0.0,0.0,0.4,0.0,0.012061475842818137,0.12061475842818137,0.030153689607045342,0.030153689607045342,0.08274993040718169,0.014687181829466293,0.09274687499999978,0.0651107635179545,0.09568749999999981,0.06437599789295456,0.06437599789295456,1.0,1.0,0.6,0.0,0.0,0.0,0.0,0.4,0.0,0.012061475842818137,0.12061475842818137,0.030153689607045342,0.030153689607045342,1.0,0.4,0.4,0.4,0.4,0.0,0.4,0.6,0.0,0.4,0.6,0.0,0.4,0.6,0.0,0.4,0.6,0.0,0.4,0.0,0.4,0.4,0.4,0.4,0.4,0.0,0.0,0.0,0.0,0.4,0.4,1.0,1.0,1.0,0.4,1.0,1.0,1.0,1.0,1.0,1.0,4,0,0.0,0.0,0.4,0.0,0.0,0.0,0.0,0.0,0.0,0.0,0.0,1.0,0.0,0.0,0.0,0.0,0.0,0.1361984983820642,2.639434869892044e-17,2.639434869892044e-17,0.0,0.48333333333333334,0.48333333333333334,0,0,0,0,C1,0.0,0.0,0.08274993040718169,0.6,1.0,0.4,0.0,0.0,0.08274993040718169
phaseflip,dephasing,0.05,4,1.0,10,qiskit_aer,1,1,0.9051885937499999,0.9051885937499999,0.0,0.0,1.0,1.0,0.0,0.0,0.09481140624999983,0.0011233153727951157,0.09540546874999983,0.0945296874999999,0.09568749999999981,0.09274687499999978,0.09274687499999978,1.0,0.6,1.0,0.4,0.0,0.0,0.0,0.0,0.06465771664295449,0.0011233153727951157,0.06525177914295449,0.06437599789295456,0.06553381039295447,0.06259318539295444,0.06259318539295444,1.0,1.0,0.0,0.0,0.0,1.0,1.0,1.0,0.06465771664295449,0.0011233153727951157,0.06525177914295449,0.06437599789295456,0.06553381039295447,0.06259318539295444,0.06259318539295444,1.0,1.0,0.0,0.0,0.0,1.0,1.0,1.0,0.0,0.030153689607045342,0.3015368960704534,0.030153689607045342,0.030153689607045342,0.08274993040718169,0.014687181829466293,0.09274687499999978,0.0651107635179545,0.09568749999999981,0.06437599789295456,0.06437599789295456,1.0,1.0,0.6,0.0,0.0,0.4,0.4,0.4,0.0,0.012061475842818137,0.12061475842818137,0.030153689607045342,0.030153689607045342,0.08274993040718169,0.014687181829466293,0.09274687499999978,0.0651107635179545,0.09568749999999981,0.06437599789295456,0.06437599789295456,1.0,1.0,0.6,0.0,0.0,0.4,0.4,0.4,0.0,0.012061475842818137,0.12061475842818137,0.030153689607045342,0.030153689607045342,0.08274993040718169,0.014687181829466293,0.09274687499999978,0.0651107635179545,0.09568749999999981,0.06437599789295456,0.06437599789295456,1.0,1.0,0.6,0.0,0.0,0.4,0.4,0.4,0.0,0.012061475842818137,0.12061475842818137,0.030153689607045342,0.030153689607045342,1.0,1.0,0.4,0.4,0.4,0.0,1.0,0.0,1.0,0.4,1.0,1.0,0.4,1.0,1.0,0.4,1.0,1.0,0.4,0.6,0.4,0.4,0.4,0.4,0.4,0.0,0.0,0.0,0.0,0.4,0.4,1.0,1.0,1.0,0.4,1.0,1.0,1.0,1.0,1.0,1.0,4,0,0.0,0.0,0.4,0.0,0.0,0.0,0.0,0.0,0.0,0.0,0.0,1.0,0.0,0.0,0.0,0.0,0.0,-0.10518859363116229,3.0644336825798646e-17,3.0644336825798646e-17,0.0,0.0,0.0,0,0,0,0,C2,0.0,0.0,0.08274993040718169,0.6,1.0,0.4,0.0,0.0,0.08274993040718169
phaseflip,dephasing,0.1,1,0.25,10,qiskit_aer,1,1,0.9499999999999998,0.2111111111111111,0.9666666666666667,0.7722222222222223,0.0,1.0,1.0,0.0,0.04999999999999971,0.0,0.04999999999999971,0.04999999999999971,0.04999999999999971,0.04999999999999971,0.04999999999999971,1.0,0.2,1.0,0.0,0.0,0.0,0.0,0.0,0.01984631039295437,0.0,0.01984631039295437,0.01984631039295437,0.01984631039295437,0.01984631039295437,0.01984631039295437,1.0,1.0,0.0,0.0,0.0,0.0,0.0,1.0,0.025877048314363438,0.012061475842818137,0.01984631039295437,0.01984631039295437,0.01984631039295437,0.01984631039295437,0.01984631039295437,1.0,1.0,0.2,0.0,0.0,0.0,0.0,0.8,0.0,0.024122951685636274,0.24122951685636274,0.030153689607045342,0.030153689607045342,0.025877048314363438,0.012061475842818137,0.01984631039295437,0.01984631039295437,0.01984631039295437,0.01984631039295437,0.01984631039295437,1.0,1.0,0.2,0.0,0.0,0.0,0.0,0.8,0.0,0.024122951685636274,0.24122951685636274,0.030153689607045342,0.030153689607045342,0.025877048314363438,0.012061475842818137,0.01984631039295437,0.01984631039295437,0.01984631039295437,0.01984631039295437,0.01984631039295437,1.0,1.0,0.2,0.0,0.0,0.0,0.0,0.8,0.0,0.024122951685636274,0.24122951685636274,0.030153689607045342,0.030153689607045342,0.04999999999999971,0.0,0.04999999999999971,0.04999999999999971,0.04999999999999971,0.04999999999999971,0.04999999999999971,1.0,0.2,1.0,0.0,0.0,0.0,0.0,0.0,0.15815673649080345,0.0,0.0,0.0,0.0,1.0,0.8,0.8,0.8,0.0,0.8,0.8,0.2,0.0,0.8,0.2,0.0,0.8,0.2,0.0,0.0,1.0,0.0,0.8,0.0,0.8,0.8,0.0,0.8,0.8,0.8,0.0,0.0,0.0,0.8,0.8,1.0,1.0,0.0,0.0,1.0,1.0,1.0,1.0,0.0,0.0,8,8,0.8,1.0,0.8,0.0,0.8,0.0,1.0,0.0,1.0,1.0,0.0,1.0,0.24122951685636274,0.0,0.24122951685636274,0.024122951685636274,0.24122951685636274,1.3888888903123655,0.15815673649080345,0.15815673649080345,0.0,1.0,1.5222222222222221,0,0,0,8,C3R,0.0,0.0,0.04999999999999971,1.0,1.0,0.0,0.0,0.0,0.04999999999999971
phaseflip,dephasing,0.1,1,0.5,10,qiskit_aer,1,1,0.9499999999999998,0.4063888888888889,0.8222222222222222,0.5333333333333333,0.0,1.0,1.0,0.0,0.04999999999999971,0.0,0.04999999999999971,0.04999999999999971,0.04999999999999971,0.04999999999999971,0.04999999999999971,1.0,0.2,1.0,0.0,0.0,0.0,0.0,0.0,0.01984631039295437,0.0,0.01984631039295437,0.01984631039295437,0.01984631039295437,0.01984631039295437,0.01984631039295437,1.0,1.0,0.0,0.0,0.0,0.0,0.0,1.0,0.025877048314363438,0.012061475842818137,0.01984631039295437,0.01984631039295437,0.01984631039295437,0.01984631039295437,0.01984631039295437,1.0,1.0,0.2,0.0,0.0,0.0,0.0,0.8,0.0,0.024122951685636274,0.24122951685636274,0.030153689607045342,0.030153689607045342,0.025877048314363438,0.012061475842818137,0.01984631039295437,0.01984631039295437,0.01984631039295437,0.01984631039295437,0.01984631039295437,1.0,1.0,0.2,0.0,0.0,0.0,0.0,0.8,0.0,0.024122951685636274,0.24122951685636274,0.030153689607045342,0.030153689607045342,0.025877048314363438,0.012061475842818137,0.01984631039295437,0.01984631039295437,0.01984631039295437,0.01984631039295437,0.01984631039295437,1.0,1.0,0.2,0.0,0.0,0.0,0.0,0.8,0.0,0.024122951685636274,0.24122951685636274,0.030153689607045342,0.030153689607045342,0.04396926207859064,0.012061475842818137,0.04999999999999971,0.04999999999999971,0.04999999999999971,0.01984631039295437,0.01984631039295437,1.0,0.4,0.8,0.0,0.0,0.0,0.0,0.2,0.10498868151299247,0.006030737921409068,0.060307379214090684,0.030153689607045342,0.030153689607045342,1.0,0.8,0.8,0.8,0.2,0.6,0.8,0.2,0.0,0.8,0.2,0.0,0.8,0.2,0.0,0.2,0.8,0.0,0.8,0.0,0.8,0.8,0.2,0.8,0.8,0.6,0.0,0.0,0.0,0.8,0.8,1.0,1.0,0.2,0.2,1.0,1.0,1.0,1.0,0.25,0.25,8,6,0.6,0.75,0.8,0.0,0.6,0.0,1.0,0.0,1.0,0.75,0.0,1.0,0.18092213764227205,0.0,0.18092213764227205,0.018092213764227205,0.18092213764227205,1.1936111125709121,0.17498113585498745,0.17498113585498745,0.0,0.9777777777777777,1.0333333333333334,0,0,0,6,C3R,0.0,0.0,0.04396926207859064,0.8,1.0,0.2,0.0,0.0,0.04396926207859064
phaseflip,dephasing,0.1,1,0.75,10,qiskit_aer,1,1,0.9499999999999998,0.6913888888888888,0.37777777777777777,0.23333333333333334,0.0,1.0,1.0,0.0,0.04999999999999971,0.0,0.04999999999999971,0.04999999999999971,0.04999999999999971,0.04999999999999971,0.04999999999999971,1.0,0.2,1.0,0.0,0.0,0.0,0.0,0.0,0.01984631039295437,0.0,0.01984631039295437,0.01984631039295437,0.01984631039295437,0.01984631039295437,0.01984631039295437,1.0,1.0,0.0,0.0,0.0,0.0,0.0,1.0,0.025877048314363438,0.012061475842818137,0.01984631039295437,0.01984631039295437,0.01984631039295437,0.01984631039295437,0.01984631039295437,1.0,1.0,0.2,0.0,0.0,0.0,0.0,0.8,0.0,0.024122951685636274,0.24122951685636274,0.030153689607045342,0.030153689607045342,0.025877048314363438,0.012061475842818137,0.01984631039295437,0.01984631039295437,0.01984631039295437,0.01984631039295437,0.01984631039295437,1.0,1.0,0.2,0.0,0.0,0.0,0.0,0.8,0.0,0.024122951685636274,0.24122951685636274,0.030153689607045342,0.030153689607045342,0.025877048314363438,0.012061475842818137,0.01984631039295437,0.01984631039295437,0.01984631039295437,0.01984631039295437,0.01984631039295437,1.0,1.0,0.2,0.0,0.0,0.0,0.0,0.8,0.0,0.024122951685636274,0.24122951685636274,0.030153689607045342,0.030153689607045342,0.025877048314363438,0.012061475842818137,0.01984631039295437,0.01984631039295437,0.01984631039295437,0.01984631039295437,0.01984631039295437,1.0,1.0,0.2,0.0,0.0,0.0,0.0,0.8,0.0,0.024122951685636274,0.24122951685636274,0.030153689607045342,0.030153689607045342,1.0,0.8,0.8,0.8,0.8,0.0,0.8,0.2,0.0,0.8,0.2,0.0,0.8,0.2,0.0,0.8,0.2,0.0,0.8,0.0,0.8,0.8,0.8,0.8,0.8,0.0,0.0,0.0,0.0,0.8,0.8,1.0,1.0,1.0,0.8,1.0,1.0,1.0,1.0,1.0,1.0,8,0,0.0,0.0,0.8,0.0,0.0,0.0,0.0,0.0,0.0,0.0,0.0,1.0,0.0,0.0,0.0,0.0,0.0,0.9086111125709122,0.17498113585498745,0.17498113585498745,0.0,0.48333333333333334,0.48333333333333334,0,0,0,0,C1,0.0,0.0,0.025877048314363438,0.2,1.0,0.8,0.0,0.0,0.025877048314363438
phaseflip,dephasing,0.1,1,1.0,10,qiskit_aer,1,1,0.9499999999999998,0.9499999999999998,0.0,0.0,1.0,1.0,0.0,0.0,0.04999999999999971,0.0,0.04999999999999971,0.04999999999999971,0.04999999999999971,0.04999999999999971,0.04999999999999971,1.0,0.2,1.0,0.8,0.0,0.0,0.0,0.0,0.01984631039295437,0.0,0.01984631039295437,0.01984631039295437,0.01984631039295437,0.01984631039295437,0.01984631039295437,1.0,1.0,0.0,0.0,0.0,1.0,1.0,1.0,0.01984631039295437,0.0,0.01984631039295437,0.01984631039295437,0.01984631039295437,0.01984631039295437,0.01984631039295437,1.0,1.0,0.0,0.0,0.0,1.0,1.0,1.0,0.0,0.030153689607045342,0.3015368960704534,0.030153689607045342,0.030153689607045342,0.025877048314363438,0.012061475842818137,0.01984631039295437,0.01984631039295437,0.01984631039295437,0.01984631039295437,0.01984631039295437,1.0,1.0,0.2,0.0,0.0,0.8,0.8,0.8,0.0,0.024122951685636274,0.24122951685636274,0.030153689607045342,0.030153689607045342,0.025877048314363438,0.012061475842818137,0.01984631039295437,0.01984631039295437,0.01984631039295437,0.01984631039295437,0.01984631039295437,1.0,1.0,0.2,0.0,0.0,0.8,0.8,0.8,0.0,0.024122951685636274,0.24122951685636274,0.030153689607045342,0.030153689607045342,0.025877048314363438,0.012061475842818137,0.01984631039295437,0.01984631039295437,0.01984631039295437,0.01984631039295437,0.01984631039295437,1.0,1.0,0.2,0.0,0.0,0.8,0.8,0.8,0.0,0.024122951685636274,0.24122951685636274,0.030153689607045342,0.030153689607045342,1.0,1.0,0.8,0.8,0.8,0.0,1.0,0.0,1.0,0.8,1.0,1.0,0.8,1.0,1.0,0.8,1.0,1.0,0.8,0.2,0.8,0.8,0.8,0.8,0.8,0.0,0.0,0.0,0.0,0.8,0.8,1.0,1.0,1.0,0.8,1.0,1.0,1.0,1.0,1.0,1.0,8,0,0.0,0.0,0.8,0.0,0.0,0.0,0.0,0.0,0.0,0.0,0.0,1.0,0.0,0.0,0.0,0.0,0.0,0.6500000013871522,0.14133233712661944,0.14133233712661944,0.0,0.0,0.0,0,0,0,0,C2,0.0,0.0,0.025877048314363438,0.2,1.0,0.8,0.0,0.0,0.025877048314363438
phaseflip,dephasing,0.1,2,0.25,10,qiskit_aer,1,1,0.9039999999999999,0.1857222222222222,0.9666666666666667,0.7722222222222223,0.0,1.0,1.0,0.0,0.0959999999999998,0.0012247448713915085,0.09499999999999986,0.09499999999999986,0.0974999999999997,0.09499999999999986,0.09499999999999986,1.0,0.8,1.0,0.0,0.0,0.0,0.0,0.0,0.06584631039295445,0.0012247448713915085,0.06484631039295452,0.06484631039295452,0.06734631039295436,0.06484631039295452,0.06484631039295452,1.0,1.0,0.0,0.0,0.0,0.0,0.0,1.0,0.08996926207859073,0.01135284042619552,0.09499999999999986,0.09499999999999986,0.09499999999999986,0.06734631039295436,0.06734631039295436,1.0,1.0,0.8,0.0,0.0,0.0,0.0,0.2,0.0,0.006030737921409068,0.060307379214090684,0.030153689607045342,0.030153689607045342,0.08996926207859073,0.01135284042619552,0.09499999999999986,0.09499999999999986,0.09499999999999986,0.06734631039295436,0.06734631039295436,1.0,1.0,0.8,0.0,0.0,0.0,0.0,0.2,0.0,0.006030737921409068,0.060307379214090684,0.030153689607045342,0.030153689607045342,0.08996926207859073,0.01135284042619552,0.09499999999999986,0.09499999999999986,0.09499999999999986,0.06734631039295436,0.06734631039295436,1.0,1.0,0.8,0.0,0.0,0.0,0.0,0.2,0.0,0.006030737921409068,0.060307379214090684,0.030153689607045342,0.030153689607045342,0.0959999999999998,0.0012247448713915085,0.09499999999999986,0.09499999999999986,0.0974999999999997,0.09499999999999986,0.09499999999999986,1.0,0.8,1.0,0.0,0.0,0.0,0.0,0.0,0.0032868402154856554,0.0,0.0,0.0,0.0,1.0,0.2,0.2,0.2,0.0,0.2,0.2,0.8,0.0,0.2,0.8,0.0,0.2,0.8,0.0,0.0,1.0,0.0,0.2,0.0,0.2,0.2,0.0,0.2,0.2,0.2,0.0,0.0,0.0,0.2,0.2,1.0,1.0,0.0,0.0,1.0,1.0,1.0,1.0,0.0,0.0,2,2,0.2,1.0,0.2,0.0,0.2,0.0,1.0,0.0,1.0,1.0,0.0,1.0,0.060307379214090684,0.0,0.060307379214090684,0.006030737921409068,0.060307379214090684,0.21427777790190877,0.0032868402154856554,0.0032868402154856554,0.0,1.0,1.5222222222222221,0,0,0,2,C3R,0.0,0.0,0.0959999999999998,1.0,1.0,0.0,0.0,0.0,0.0959999999999998
phaseflip,dephasing,0.1,2,0.5,10,qiskit_aer,1,1,0.9039999999999999,0.3515277777777778,0.8222222222222222,0.5333333333333333,0.0,1.0,1.0,0.0,0.0959999999999998,0.0012247448713915085,0.09499999999999986,0.09499999999999986,0.0974999999999997,0.09499999999999986,0.09499999999999986,1.0,0.8,1.0,0.0,0.0,0.0,0.0,0.0,0.06584631039295445,0.0012247448713915085,0.06484631039295452,0.06484631039295452,0.06734631039295436,0.06484631039295452,0.06484631039295452,1.0,1.0,0.0,0.0,0.0,0.0,0.0,1.0,0.08996926207859073,0.01135284042619552,0.09499999999999986,0.09499999999999986,0.09499999999999986,0.06734631039295436,0.06734631039295436,1.0,1.0,0.8,0.0,0.0,0.0,0.0,0.2,0.0,0.006030737921409068,0.060307379214090684,0.030153689607045342,0.030153689607045342,0.08996926207859073,0.01135284042619552,0.09499999999999986,0.09499999999999986,0.09499999999999986,0.06734631039295436,0.06734631039295436,1.0,1.0,0.8,0.0,0.0,0.0,0.0,0.2,0.0,0.006030737921409068,0.060307379214090684,0.030153689607045342,0.030153689607045342,0.08996926207859073,0.01135284042619552,0.09499999999999986,0.09499999999999986,0.09499999999999986,0.06734631039295436,0.06734631039295436,1.0,1.0,0.8,0.0,0.0,0.0,0.0,0.2,0.0,0.006030737921409068,0.060307379214090684,0.030153689607045342,0.030153689607045342,0.0959999999999998,0.0012247448713915085,0.09499999999999986,0.09499999999999986,0.0974999999999997,0.09499999999999986,0.09499999999999986,1.0,0.8,1.0,0.0,0.0,0.0,0.0,0.0,0.008495877083870586,0.0,0.0,0.0,0.0,1.0,0.2,0.2,0.2,0.0,0.2,0.2,0.8,0.0,0.2,0.8,0.0,0.2,0.8,0.0,0.0,1.0,0.0,0.2,0.0,0.2,0.2,0.0,0.2,0.2,0.2,0.0,0.0,0.0,0.2,0.2,1.0,1.0,0.2,0.0,1.0,1.0,1.0,1.0,0.0,0.0,2,2,0.2,1.0,0.2,0.0,0.2,0.0,1.0,0.0,1.0,1.0,0.0,1.0,0.060307379214090684,0.0,0.060307379214090684,0.006030737921409068,0.060307379214090684,0.04847222234901644,0.008495877083870586,0.008495877083870586,0.0,0.9777777777777777,1.0333333333333334,0,0,0,2,C3R,0.0,0.0,0.0959999999999998,1.0,1.0,0.0,0.0,0.0,0.0959999999999998
phaseflip,dephasing,0.1,2,0.75,10,qiskit_aer,1,1,0.9039999999999999,0.6177499999999999,0.37777777777777777,0.23333333333333334,0.0,1.0,1.0,0.0,0.0959999999999998,0.0012247448713915085,0.09499999999999986,0.09499999999999986,0.0974999999999997,0.09499999999999986,0.09499999999999986,1.0,0.9,1.0,0.0,0.0,0.0,0.0,0.0,0.06584631039295445,0.0012247448713915085,0.06484631039295452,0.06484631039295452,0.06734631039295436,0.06484631039295452,0.06484631039295452,1.0,1.0,0.0,0.0,0.0,0.0,0.0,1.0,0.09298463103929526,0.008618929332609118,0.09499999999999986,0.09499999999999986,0.09687499999999974,0.07979047071612483,0.06734631039295436,1.0,1.0,0.9,0.0,0.0,0.0,0.0,0.1,0.0,0.003015368960704534,0.030153689607045342,0.016584529283874903,0.030153689607045342,0.09298463103929526,0.008618929332609118,0.09499999999999986,0.09499999999999986,0.09687499999999974,0.07979047071612483,0.06734631039295436,1.0,1.0,0.9,0.0,0.0,0.0,0.0,0.1,0.0,0.003015368960704534,0.030153689607045342,0.016584529283874903,0.030153689607045342,0.09298463103929526,0.008618929332609118,0.09499999999999986,0.09499999999999986,0.09687499999999974,0.07979047071612483,0.06734631039295436,1.0,1.0,0.9,0.0,0.0,0.0,0.0,0.1,0.0,0.003015368960704534,0.030153689607045342,0.016584529283874903,0.030153689607045342,0.09298463103929526,0.008618929332609118,0.09499999999999986,0.09499999999999986,0.09687499999999974,0.07979047071612483,0.06734631039295436,1.0,1.0,0.9,0.0,0.0,0.0,0.0,0.1,0.0,0.003015368960704534,0.030153689607045342,0.016584529283874903,0.030153689607045342,1.0,0.1,0.1,0.1,0.1,0.0,0.1,0.9,0.0,0.1,0.9,0.0,0.1,0.9,0.0,0.1,0.9,0.0,0.1,0.0,0.1,0.1,0.1,0.1,0.1,0.0,0.0,0.0,0.0,0.1,0.1,1.0,1.0,1.0,0.1,1.0,1.0,1.0,1.0,1.0,1.0,1,0,0.0,0.0,0.1,0.0,0.0,0.0,0.0,0.0,0.0,0.0,0.0,1.0,0.0,0.0,0.0,0.0,0.0,-0.41774999987603684,2.166112591183837e-21,2.166112591183837e-21,0.0,0.48333333333333334,0.48333333333333334,0,0,0,0,C1,0.0,0.0,0.09298463103929526,0.9,1.0,0.1,0.0,0.0,0.09298463103929526
phaseflip,dephasing,0.1,2,1.0,10,qiskit_aer,1,1,0.9039999999999999,0.9039999999999999,0.0,0.0,1.0,1.0,0.0,0.0,0.0959999999999998,0.0012247448713915085,0.09499999999999986,0.09499999999999986,0.0974999999999997,0.09499999999999986,0.09499999999999986,1.0,0.8,1.0,0.2,0.0,0.0,0.0,0.0,0.06584631039295445,0.0012247448713915085,0.06484631039295452,0.06484631039295452,0.06734631039295436,0.06484631039295452,0.06484631039295452,1.0,1.0,0.0,0.0,0.0,1.0,1.0,1.0,0.06584631039295445,0.0012247448713915085,0.06484631039295452,0.06484631039295452,0.06734631039295436,0.06484631039295452,0.06484631039295452,1.0,1.0,0.0,0.0,0.0,1.0,1.0,1.0,0.0,0.030153689607045342,0.3015368960704534,0.030153689607045342,0.030153689607045342,0.08996926207859073,0.01135284042619552,0.09499999999999986,0.09499999999999986,0.09499999999999986,0.06734631039295436,0.06734631039295436,1.0,1.0,0.8,0.0,0.0,0.2,0.2,0.2,0.0,0.006030737921409068,0.060307379214090684,0.030153689607045342,0.030153689607045342,0.08996926207859073,0.01135284042619552,0.09499999999999986,0.09499999999999986,0.09499999999999986,0.06734631039295436,0.06734631039295436,1.0,1.0,0.8,0.0,0.0,0.2,0.2,0.2,0.0,0.006030737921409068,0.060307379214090684,0.030153689607045342,0.030153689607045342,0.08996926207859073,0.01135284042619552,0.09499999999999986,0.09499999999999986,0.09499999999999986,0.06734631039295436,0.06734631039295436,1.0,1.0,0.8,0.0,0.0,0.2,0.2,0.2,0.0,0.006030737921409068,0.060307379214090684,0.030153689607045342,0.030153689607045342,1.0,1.0,0.2,0.2,0.2,0.0,1.0,0.0,1.0,0.2,1.0,1.0,0.2,1.0,1.0,0.2,1.0,1.0,0.2,0.8,0.2,0.2,0.2,0.2,0.2,0.0,0.0,0.0,0.0,0.2,0.2,1.0,1.0,1.0,0.2,1.0,1.0,1.0,1.0,1.0,1.0,2,0,0.0,0.0,0.2,0.0,0.0,0.0,0.0,0.0,0.0,0.0,0.0,1.0,0.0,0.0,0.0,0.0,0.0,-0.5039999998705424,0.0137049139522555,0.0137049139522555,0.0,0.0,0.0,0,0,0,0,C2,0.0,0.0,0.08996926207859073,0.8,1.0,0.2,0.0,0.0,0.08996926207859073
phaseflip,dephasing,0.1,3,0.25,10,qiskit_aer,1,1,0.8604999999999999,0.18639305555555555,0.9555555555555555,0.7666666666666667,0.0,0.0,1.0,0.0,0.13949999999999982,0.002779388421937513,0.14024999999999987,0.13668749999999977,0.14193749999999986,0.13549999999999973,0.13549999999999973,1.0,0.6,1.0,0.0,0.0,0.0,0.0,0.0,0.10934631039295448,0.002779388421937513,0.11009631039295453,0.10653381039295443,0.11178381039295451,0.10534631039295439,0.10534631039295439,1.0,1.0,0.0,0.0,0.0,0.0,0.0,0.0,0.12743852415718168,0.013442963395388667,0.13549999999999973,0.11234631039295451,0.13906249999999984,0.11009631039295453,0.11009631039295453,1.0,1.0,0.6,0.0,0.0,0.0,0.0,0.0,0.0,0.012061475842818137,0.12061475842818137,0.030153689607045342,0.030153689607045342,0.12743852415718168,0.013442963395388667,0.13549999999999973,0.11234631039295451,0.13906249999999984,0.11009631039295453,0.11009631039295453,1.0,1.0,0.6,0.0,0.0,0.0,0.0,0.0,0.0,0.012061475842818137,0.12061475842818137,0.030153689607045342,0.030153689607045342,0.12743852415718168,0.013442963395388667,0.13549999999999973,0.11234631039295451,0.13906249999999984,0.11009631039295453,0.11009631039295453,1.0,1.0,0.6,0.0,0.0,0.0,0.0,0.0,0.0,0.012061475842818137,0.12061475842818137,0.030153689607045342,0.030153689607045342,0.13949999999999982,0.002779388421937513,0.14024999999999987,0.13668749999999977,0.14193749999999986,0.13549999999999973,0.13549999999999973,1.0,0.6,1.0,0.0,0.0,0.0,0.0,0.0,0.035686424219016966,0.0,0.0,0.0,0.0,1.0,0.4,0.4,0.4,0.0,0.4,0.4,0.6,0.0,0.4,0.6,0.0,0.4,0.6,0.0,0.0,1.0,0.0,0.4,0.0,0.4,0.4,0.0,0.4,0.4,0.4,0.0,0.0,0.0,0.4,0.4,1.0,1.0,0.0,0.0,1.0,1.0,1.0,1.0,0.0,0.0,4,4,0.4,1.0,0.4,0.0,0.4,0.0,1.0,0.0,1.0,1.0,0.0,1.0,0.12061475842818137,0.0,0.12061475842818137,0.012061475842818137,0.12061475842818137,0.6136069444781385,0.035686424219016966,0.035686424219016966,0.0,1.0,1.5166666666666666,0,0,0,4,C3R,0.0,0.0,0.13949999999999982,1.0,1.0,0.0,0.0,0.0,0.13949999999999982
phaseflip,dephasing,0.1,3,0.5,10,qiskit_aer,1,1,0.8604999999999999,0.3490986111111111,0.8,0.55,0.0,0.0,1.0,0.0,0.13949999999999982,0.002779388421937513,0.14024999999999987,0.13668749999999977,0.14193749999999986,0.13549999999999973,0.13549999999999973,1.0,0.7,1.0,0.0,0.0,0.0,0.0,0.0,0.10934631039295448,0.002779388421937513,0.11009631039295453,0.10653381039295443,0.11178381039295451,0.10534631039295439,0.10534631039295439,1.0,1.0,0.0,0.0,0.0,0.0,0.0,0.0,0.13045389311788622,0.012568172833919642,0.13549999999999973,0.11813473279471581,0.14024999999999987,0.11110881039295452,0.11009631039295453,1.0,1.0,0.7,0.0,0.0,0.0,0.0,0.0,0.0,0.009046106882113603,0.09046106882113603,0.030153689607045342,0.030153689607045342,0.13045389311788622,0.012568172833919642,0.13549999999999973,0.11813473279471581,0.14024999999999987,0.11110881039295452,0.11009631039295453,1.0,1.0,0.7,0.0,0.0,0.0,0.0,0.0,0.0,0.009046106882113603,0.09046106882113603,0.030153689607045342,0.030153689607045342,0.13045389311788622,0.012568172833919642,0.13549999999999973,0.11813473279471581,0.14024999999999987,0.11110881039295452,0.11009631039295453,1.0,1.0,0.7,0.0,0.0,0.0,0.0,0.0,0.0,0.009046106882113603,0.09046106882113603,0.030153689607045342,0.030153689607045342,0.13346926207859075,0.011427551456965807,0.1378749999999998,0.13549999999999973,0.14024999999999987,0.11110881039295452,0.11009631039295453,1.0,0.9,0.8,0.0,0.0,0.0,0.0,0.0,9.33517426776006e-22,0.006030737921409068,0.060307379214090684,0.030153689607045342,0.030153689607045342,1.0,0.3,0.3,0.3,0.2,0.1,0.3,0.7,0.0,0.3,0.7,0.0,0.3,0.7,0.0,0.2,0.8,0.0,0.3,0.0,0.3,0.3,0.2,0.3,0.3,0.1,0.0,0.0,0.0,0.3,0.3,1.0,1.0,0.3,0.2,1.0,1.0,1.0,1.0,0.6666666666666666,0.6666666666666666,3,1,0.1,0.3333333333333333,0.3,0.0,0.1,0.0,1.0,0.0,1.0,0.3333333333333333,0.0,1.0,0.030153689607045342,0.0,0.030153689607045342,0.003015368960704534,0.030153689607045342,0.2509013889243885,0.027544488809430962,0.027544488809430962,0.0,0.9722222222222222,1.05,0,0,0,1,C3R,0.0,0.0,0.13346926207859075,0.8,1.0,0.2,0.0,0.0,0.13346926207859075
phaseflip,dephasing,0.1,3,0.75,10,qiskit_aer,1,1,0.8604999999999999,0.6071277777777777,0.3888888888888889,0.23333333333333334,0.0,0.0,1.0,0.0,0.13949999999999982,0.002779388421937513,0.14024999999999987,0.13668749999999977,0.14193749999999986,0.13549999999999973,0.13549999999999973,1.0,0.6,1.0,0.0,0.0,0.0,0.0,0.0,0.10934631039295448,0.002779388421937513,0.11009631039295453,0.10653381039295443,0.11178381039295451,0.10534631039295439,0.10534631039295439,1.0,1.0,0.0,0.0,0.0,0.0,0.0,0.0,0.12743852415718168,0.013442963395388667,0.13549999999999973,0.11234631039295451,0.13906249999999984,0.11009631039295453,0.11009631039295453,1.0,1.0,0.6,0.0,0.0,0.0,0.0,0.0,0.0,0.012061475842818137,0.12061475842818137,0.030153689607045342,0.030153689607045342,0.12743852415718168,0.013442963395388667,0.13549999999999973,0.11234631039295451,0.13906249999999984,0.11009631039295453,0.11009631039295453,1.0,1.0,0.6,0.0,0.0,0.0,0.0,0.0,0.0,0.012061475842818137,0.12061475842818137,0.030153689607045342,0.030153689607045342,0.12743852415718168,0.013442963395388667,0.13549999999999973,0.11234631039295451,0.13906249999999984,0.11009631039295453,0.11009631039295453,1.0,1.0,0.6,0.0,0.0,0.0,0.0,0.0,0.0,0.012061475842818137,0.12061475842818137,0.030153689607045342,0.030153689607045342,0.12743852415718168,0.013442963395388667,0.13549999999999973,0.11234631039295451,0.13906249999999984,0.11009631039295453,0.11009631039295453,1.0,1.0,0.6,0.0,0.0,0.0,0.0,0.0,0.0,0.012061475842818137,0.12061475842818137,0.030153689607045342,0.030153689607045342,1.0,0.4,0.4,0.4,0.4,0.0,0.4,0.6,0.0,0.4,0.6,0.0,0.4,0.6,0.0,0.4,0.6,0.0,0.4,0.0,0.4,0.4,0.4,0.4,0.4,0.0,0.0,0.0,0.0,0.4,0.4,1.0,1.0,1.0,0.4,1.0,1.0,1.0,1.0,1.0,1.0,4,0,0.0,0.0,0.4,0.0,0.0,0.0,0.0,0.0,0.0,0.0,0.0,1.0,0.0,0.0,0.0,0.0,0.0,0.1928722222576147,0.027544488809430962,0.027544488809430962,0.0,0.48333333333333334,0.48333333333333334,0,0,0,0,C1,0.0,0.0,0.12743852415718168,0.6,1.0,0.4,0.0,0.0,0.12743852415718168
phaseflip,dephasing,0.1,3,1.0,10,qiskit_aer,1,1,0.8604999999999999,0.8604999999999999,0.0,0.0,0.0,0.0,0.0,0.0,0.13949999999999982,0.002779388421937513,0.14024999999999987,0.13668749999999977,0.14193749999999986,0.13549999999999973,0.13549999999999973,1.0,0.7,1.0,0.0,0.0,0.0,0.0,0.0,0.10934631039295448,0.002779388421937513,0.11009631039295453,0.10653381039295443,0.11178381039295451,0.10534631039295439,0.10534631039295439,1.0,1.0,0.0,0.0,0.0,0.0,0.0,0.0,0.13045389311788622,0.012568172833919642,0.13549999999999973,0.11813473279471581,0.14024999999999987,0.11110881039295452,0.11009631039295453,1.0,1.0,0.7,0.0,0.0,0.0,0.0,0.0,0.0,0.009046106882113603,0.09046106882113603,0.030153689607045342,0.030153689607045342,0.13045389311788622,0.012568172833919642,0.13549999999999973,0.11813473279471581,0.14024999999999987,0.11110881039295452,0.11009631039295453,1.0,1.0,0.7,0.0,0.0,0.0,0.0,0.0,0.0,0.009046106882113603,0.09046106882113603,0.030153689607045342,0.030153689607045342,0.13045389311788622,0.012568172833919642,0.13549999999999973,0.11813473279471581,0.14024999999999987,0.11110881039295452,0.11009631039295453,1.0,1.0,0.7,0.0,0.0,0.0,0.0,0.0,0.0,0.009046106882113603,0.09046106882113603,0.030153689607045342,0.030153689607045342,0.13045389311788622,0.012568172833919642,0.13549999999999973,0.11813473279471581,0.14024999999999987,0.11110881039295452,0.11009631039295453,1.0,1.0,0.7,0.0,0.0,0.0,0.0,0.0,0.0,0.009046106882113603,0.09046106882113603,0.030153689607045342,0.030153689607045342,1.0,0.3,0.3,0.3,0.3,0.0,0.3,0.7,0.0,0.3,0.7,0.0,0.3,0.7,0.0,0.3,0.7,0.0,0.3,0.0,0.3,0.3,0.3,0.3,0.3,0.0,0.0,0.0,0.0,0.3,0.3,1.0,1.0,1.0,0.3,1.0,1.0,1.0,1.0,1.0,1.0,3,0,0.0,0.0,0.3,0.0,0.0,0.0,0.0,0.0,0.0,0.0,0.0,1.0,0.0,0.0,0.0,0.0,0.0,-0.26049999996709655,0.0197096896878486,0.0197096896878486,0.0,0.0,0.0,0,0,0,0,C1,0.0,0.0,0.13045389311788622,0.7,1.0,0.3,0.0,0.0,0.13045389311788622
phaseflip,dephasing,0.1,4,0.25,10,qiskit_aer,1,1,0.8202674999999998,0.17312138888888887,0.9555555555555555,0.7666666666666667,0.0,0.0,1.0,0.0,0.17973249999999985,0.004220086640105866,0.1819874999999999,0.1787249999999999,0.18299999999999983,0.17194999999999983,0.17194999999999983,1.0,0.8,1.0,0.0,0.0,0.0,0.0,0.0,0.1495788103929545,0.004220086640105866,0.15183381039295457,0.14857131039295457,0.1528463103929545,0.14179631039295448,0.14179631039295448,1.0,1.0,0.0,0.0,0.0,0.0,0.0,0.0,0.17370176207859078,0.013245386656059694,0.1819874999999999,0.17194999999999983,0.18299999999999983,0.14857131039295457,0.14857131039295457,1.0,1.0,0.8,0.0,0.0,0.0,0.0,0.0,0.0,0.006030737921409068,0.060307379214090684,0.030153689607045342,0.030153689607045342,0.17370176207859078,0.013245386656059694,0.1819874999999999,0.17194999999999983,0.18299999999999983,0.14857131039295457,0.14857131039295457,1.0,1.0,0.8,0.0,0.0,0.0,0.0,0.0,0.0,0.006030737921409068,0.060307379214090684,0.030153689607045342,0.030153689607045342,0.17370176207859078,0.013245386656059694,0.1819874999999999,0.17194999999999983,0.18299999999999983,0.14857131039295457,0.14857131039295457,1.0,1.0,0.8,0.0,0.0,0.0,0.0,0.0,0.0,0.006030737921409068,0.060307379214090684,0.030153689607045342,0.030153689607045342,0.17973249999999985,0.004220086640105866,0.1819874999999999,0.1787249999999999,0.18299999999999983,0.17194999999999983,0.17194999999999983,1.0,0.8,1.0,0.0,0.0,0.0,0.0,0.0,3.099630017959843e-21,0.0,0.0,0.0,0.0,1.0,0.2,0.2,0.2,0.0,0.2,0.2,0.8,0.0,0.2,0.8,0.0,0.2,0.8,0.0,0.0,1.0,0.0,0.2,0.0,0.2,0.2,0.0,0.2,0.2,0.2,0.0,0.0,0.0,0.2,0.2,1.0,1.0,0.0,0.0,1.0,1.0,1.0,1.0,0.0,0.0,2,2,0.2,1.0,0.2,0.0,0.2,0.0,1.0,0.0,1.0,1.0,0.0,1.0,0.060307379214090684,0.0,0.060307379214090684,0.006030737921409068,0.060307379214090684,0.22687861112395102,3.099630017959843e-21,3.099630017959843e-21,0.0,1.0,1.5166666666666666,0,0,0,2,C3R,0.0,0.0,0.17973249999999985,1.0,1.0,0.0,0.0,0.0,0.17973249999999985
phaseflip,dephasing,0.1,4,0.5,10,qiskit_aer,1,1,0.8202674999999998,0.33736638888888887,0.8,0.55,0.0,0.0,1.0,0.0,0.17973249999999985,0.004220086640105866,0.1819874999999999,0.1787249999999999,0.18299999999999983,0.17194999999999983,0.17194999999999983,1.0,0.8,1.0,0.0,0.0,0.0,0.0,0.0,0.1495788103929545,0.004220086640105866,0.15183381039295457,0.14857131039295457,0.1528463103929545,0.14179631039295448,0.14179631039295448,1.0,1.0,0.0,0.0,0.0,0.0,0.0,0.0,0.17370176207859078,0.013245386656059694,0.1819874999999999,0.17194999999999983,0.18299999999999983,0.14857131039295457,0.14857131039295457,1.0,1.0,0.8,0.0,0.0,0.0,0.0,0.0,0.0,0.006030737921409068,0.060307379214090684,0.030153689607045342,0.030153689607045342,0.17370176207859078,0.013245386656059694,0.1819874999999999,0.17194999999999983,0.18299999999999983,0.14857131039295457,0.14857131039295457,1.0,1.0,0.8,0.0,0.0,0.0,0.0,0.0,0.0,0.006030737921409068,0.060307379214090684,0.030153689607045342,0.030153689607045342,0.17370176207859078,0.013245386656059694,0.1819874999999999,0.17194999999999983,0.18299999999999983,0.14857131039295457,0.14857131039295457,1.0,1.0,0.8,0.0,0.0,0.0,0.0,0.0,0.0,0.006030737921409068,0.060307379214090684,0.030153689607045342,0.030153689607045342,0.17973249999999985,0.004220086640105866,0.1819874999999999,0.1787249999999999,0.18299999999999983,0.17194999999999983,0.17194999999999983,1.0,0.8,1.0,0.0,0.0,0.0,0.0,0.0,1.867034853552012e-21,0.0,0.0,0.0,0.0,1.0,0.2,0.2,0.2,0.0,0.2,0.2,0.8,0.0,0.2,0.8,0.0,0.2,0.8,0.0,0.0,1.0,0.0,0.2,0.0,0.2,0.2,0.0,0.2,0.2,0.2,0.0,0.0,0.0,0.2,0.2,1.0,1.0,0.3,0.0,1.0,1.0,1.0,1.0,0.0,0.0,2,2,0.2,1.0,0.2,0.0,0.2,0.0,1.0,0.0,1.0,1.0,0.0,1.0,0.060307379214090684,0.0,0.060307379214090684,0.006030737921409068,0.060307379214090684,0.0626336111235506,1.867034853552012e-21,1.867034853552012e-21,0.0,0.9722222222222222,1.05,0,0,0,2,C3R,0.0,0.0,0.17973249999999985,1.0,1.0,0.0,0.0,0.0,0.17973249999999985
phaseflip,dephasing,0.1,4,0.75,10,qiskit_aer,1,1,0.8202674999999998,0.5512961111111111,0.3888888888888889,0.23333333333333334,0.0,0.0,1.0,0.0,0.17973249999999985,0.004220086640105866,0.1819874999999999,0.1787249999999999,0.18299999999999983,0.17194999999999983,0.17194999999999983,1.0,1.0,1.0,0.0,0.0,0.0,0.0,0.0,0.1495788103929545,0.004220086640105866,0.15183381039295457,0.14857131039295457,0.1528463103929545,0.14179631039295448,0.14179631039295448,1.0,1.0,0.0,0.0,0.0,0.0,0.0,0.0,0.17973249999999985,0.004220086640105866,0.1819874999999999,0.1787249999999999,0.18299999999999983,0.17194999999999983,0.17194999999999983,1.0,1.0,1.0,0.0,0.0,0.0,0.0,0.0,0.0,0.0,0.0,0.0,0.0,0.17973249999999985,0.004220086640105866,0.1819874999999999,0.1787249999999999,0.18299999999999983,0.17194999999999983,0.17194999999999983,1.0,1.0,1.0,0.0,0.0,0.0,0.0,0.0,0.0,0.0,0.0,0.0,0.0,0.17973249999999985,0.004220086640105866,0.1819874999999999,0.1787249999999999,0.18299999999999983,0.17194999999999983,0.17194999999999983,1.0,1.0,1.0,0.0,0.0,0.0,0.0,0.0,0.0,0.0,0.0,0.0,0.0,0.17973249999999985,0.004220086640105866,0.1819874999999999,0.1787249999999999,0.18299999999999983,0.17194999999999983,0.17194999999999983,1.0,1.0,1.0,0.0,0.0,0.0,0.0,0.0,0.0,0.0,0.0,0.0,0.0,1.0,0.0,0.0,0.0,0.0,0.0,0.0,1.0,0.0,0.0,1.0,0.0,0.0,1.0,0.0,0.0,1.0,0.0,0.0,0.0,0.0,0.0,0.0,0.0,0.0,0.0,0.0,0.0,0.0,0.0,0.0,1.0,1.0,1.0,0.0,0.0,0.0,0.0,0.0,0.0,0.0,0,0,0.0,0.0,0.0,0.0,0.0,0.0,0.0,0.0,0.0,0.0,0.0,1.0,0.0,0.0,0.0,0.0,0.0,-0.5512961110983943,0.0,0.0,0.0,0.48333333333333334,0.48333333333333334,0,0,0,0,C1,0.0,0.0,0.17973249999999985,1.0,1.0,0.0,0.0,0.0,0.17973249999999985
phaseflip,dephasing,0.1,4,1.0,10,qiskit_aer,1,1,0.8202674999999998,0.8202674999999998,0.0,0.0,0.0,0.0,0.0,0.0,0.17973249999999985,0.004220086640105866,0.1819874999999999,0.1787249999999999,0.18299999999999983,0.17194999999999983,0.17194999999999983,1.0,0.9,1.0,0.0,0.0,0.0,0.0,0.0,0.1495788103929545,0.004220086640105866,0.15183381039295457,0.14857131039295457,0.1528463103929545,0.14179631039295448,0.14179631039295448,1.0,1.0,0.0,0.0,0.0,0.0,0.0,0.0,0.17671713103929532,0.010281884527091443,0.1819874999999999,0.17364374999999985,0.18299999999999983,0.15909172071612493,0.14857131039295457,1.0,1.0,0.9,0.0,0.0,0.0,0.0,0.0,0.0,0.003015368960704534,0.030153689607045342,0.016584529283874903,0.030153689607045342,0.17671713103929532,0.010281884527091443,0.1819874999999999,0.17364374999999985,0.18299999999999983,0.15909172071612493,0.14857131039295457,1.0,1.0,0.9,0.0,0.0,0.0,0.0,0.0,0.0,0.003015368960704534,0.030153689607045342,0.016584529283874903,0.030153689607045342,0.17671713103929532,0.010281884527091443,0.1819874999999999,0.17364374999999985,0.18299999999999983,0.15909172071612493,0.14857131039295457,1.0,1.0,0.9,0.0,0.0,0.0,0.0,0.0,0.0,0.003015368960704534,0.030153689607045342,0.016584529283874903,0.030153689607045342,0.17671713103929532,0.010281884527091443,0.1819874999999999,0.17364374999999985,0.18299999999999983,0.15909172071612493,0.14857131039295457,1.0,1.0,0.9,0.0,0.0,0.0,0.0,0.0,0.0,0.003015368960704534,0.030153689607045342,0.016584529283874903,0.030153689607045342,1.0,0.1,0.1,0.1,0.1,0.0,0.1,0.9,0.0,0.1,0.9,0.0,0.1,0.9,0.0,0.1,0.9,0.0,0.1,0.0,0.1,0.1,0.1,0.1,0.1,0.0,0.0,0.0,0.0,0.1,0.1,1.0,1.0,1.0,0.1,1.0,1.0,1.0,1.0,1.0,1.0,1,0,0.0,0.0,0.1,0.0,0.0,0.0,0.0,0.0,0.0,0.0,0.0,1.0,0.0,0.0,0.0,0.0,0.0,-0.6202674999873031,9.33517426776006e-22,9.33517426776006e-22,0.0,0.0,0.0,0,0,0,0,C1,0.0,0.0,0.17671713103929532,0.9,1.0,0.1,0.0,0.0,0.17671713103929532
phaseflip,dephasing,0.15,1,0.25,10,qiskit_aer,1,1,0.9250000000000002,0.1901388888888889,0.9666666666666667,0.7722222222222223,0.0,1.0,1.0,0.0,0.07499999999999973,0.0,0.07499999999999973,0.07499999999999973,0.07499999999999973,0.07499999999999973,0.07499999999999973,1.0,0.5,1.0,0.0,0.0,0.0,0.0,0.0,0.04484631039295439,0.0,0.04484631039295439,0.04484631039295439,0.04484631039295439,0.04484631039295439,0.04484631039295439,1.0,1.0,0.0,0.0,0.0,0.0,0.0,1.0,0.05992315519647706,0.015076844803522671,0.05992315519647706,0.04484631039295439,0.07499999999999973,0.04484631039295439,0.04484631039295439,1.0,1.0,0.5,0.0,0.0,0.0,0.0,0.5,0.0,0.015076844803522671,0.1507684480352267,0.030153689607045342,0.030153689607045342,0.05992315519647706,0.015076844803522671,0.05992315519647706,0.04484631039295439,0.07499999999999973,0.04484631039295439,0.04484631039295439,1.0,1.0,0.5,0.0,0.0,0.0,0.0,0.5,0.0,0.015076844803522671,0.1507684480352267,0.030153689607045342,0.030153689607045342,0.05992315519647706,0.015076844803522671,0.05992315519647706,0.04484631039295439,0.07499999999999973,0.04484631039295439,0.04484631039295439,1.0,1.0,0.5,0.0,0.0,0.0,0.0,0.5,0.0,0.015076844803522671,0.1507684480352267,0.030153689607045342,0.030153689607045342,0.07499999999999973,0.0,0.07499999999999973,0.07499999999999973,0.07499999999999973,0.07499999999999973,0.07499999999999973,1.0,0.5,1.0,0.0,0.0,0.0,0.0,0.0,1.268241029256286e-17,0.0,0.0,0.0,0.0,1.0,0.5,0.5,0.5,0.0,0.5,0.5,0.5,0.0,0.5,0.5,0.0,0.5,0.5,0.0,0.0,1.0,0.0,0.5,0.0,0.5,0.5,0.0,0.5,0.5,0.5,0.0,0.0,0.0,0.5,0.5,1.0,1.0,0.0,0.0,1.0,1.0,1.0,1.0,0.0,0.0,5,5,0.5,1.0,0.5,0.0,0.5,0.0,1.0,0.0,1.0,1.0,0.0,1.0,0.1507684480352267,0.0,0.1507684480352267,0.015076844803522671,0.1507684480352267,0.8098611113707539,1.268241029256286e-17,1.268241029256286e-17,0.0,1.0,1.5222222222222221,0,0,0,5,C3R,0.0,0.0,0.07499999999999973,1.0,1.0,0.0,0.0,0.0,0.07499999999999973
phaseflip,dephasing,0.15,1,0.5,10,qiskit_aer,1,1,0.9250000000000002,0.36486111111111114,0.8222222222222222,0.5333333333333333,0.0,1.0,1.0,0.0,0.07499999999999973,0.0,0.07499999999999973,0.07499999999999973,0.07499999999999973,0.07499999999999973,0.07499999999999973,1.0,0.5,1.0,0.0,0.0,0.0,0.0,0.0,0.04484631039295439,0.0,0.04484631039295439,0.04484631039295439,0.04484631039295439,0.04484631039295439,0.04484631039295439,1.0,1.0,0.0,0.0,0.0,0.0,0.0,1.0,0.05992315519647706,0.015076844803522671,0.05992315519647706,0.04484631039295439,0.07499999999999973,0.04484631039295439,0.04484631039295439,1.0,1.0,0.5,0.0,0.0,0.0,0.0,0.5,0.0,0.015076844803522671,0.1507684480352267,0.030153689607045342,0.030153689607045342,0.05992315519647706,0.015076844803522671,0.05992315519647706,0.04484631039295439,0.07499999999999973,0.04484631039295439,0.04484631039295439,1.0,1.0,0.5,0.0,0.0,0.0,0.0,0.5,0.0,0.015076844803522671,0.1507684480352267,0.030153689607045342,0.030153689607045342,0.05992315519647706,0.015076844803522671,0.05992315519647706,0.04484631039295439,0.07499999999999973,0.04484631039295439,0.04484631039295439,1.0,1.0,0.5,0.0,0.0,0.0,0.0,0.5,0.0,0.015076844803522671,0.1507684480352267,0.030153689607045342,0.030153689607045342,0.07499999999999973,0.0,0.07499999999999973,0.07499999999999973,0.07499999999999973,0.07499999999999973,0.07499999999999973,1.0,0.5,1.0,0.0,0.0,0.0,0.0,0.0,1.268241029256286e-17,0.0,0.0,0.0,0.0,1.0,0.5,0.5,0.5,0.0,0.5,0.5,0.5,0.0,0.5,0.5,0.0,0.5,0.5,0.0,0.0,1.0,0.0,0.5,0.0,0.5,0.5,0.0,0.5,0.5,0.5,0.0,0.0,0.0,0.5,0.5,1.0,1.0,0.2,0.0,1.0,1.0,1.0,1.0,0.0,0.0,5,5,0.5,1.0,0.5,0.0,0.5,0.0,1.0,0.0,1.0,1.0,0.0,1.0,0.1507684480352267,0.0,0.1507684480352267,0.015076844803522671,0.1507684480352267,0.6351388891485317,1.268241029256286e-17,1.268241029256286e-17,0.0,0.9777777777777777,1.0333333333333334,0,0,0,5,C3R,0.0,0.0,0.07499999999999973,1.0,1.0,0.0,0.0,0.0,0.07499999999999973
phaseflip,dephasing,0.15,1,0.75,10,qiskit_aer,1,1,0.9250000000000002,0.6423611111111112,0.37777777777777777,0.23333333333333334,0.0,1.0,1.0,0.0,0.07499999999999973,0.0,0.07499999999999973,0.07499999999999973,0.07499999999999973,0.07499999999999973,0.07499999999999973,1.0,0.4,1.0,0.0,0.0,0.0,0.0,0.0,0.04484631039295439,0.0,0.04484631039295439,0.04484631039295439,0.04484631039295439,0.04484631039295439,0.04484631039295439,1.0,1.0,0.0,0.0,0.0,0.0,0.0,1.0,0.05690778623577253,0.014772230679905057,0.04484631039295439,0.04484631039295439,0.07499999999999973,0.04484631039295439,0.04484631039295439,1.0,1.0,0.4,0.0,0.0,0.0,0.0,0.6,0.0,0.018092213764227205,0.18092213764227205,0.030153689607045342,0.030153689607045342,0.05690778623577253,0.014772230679905057,0.04484631039295439,0.04484631039295439,0.07499999999999973,0.04484631039295439,0.04484631039295439,1.0,1.0,0.4,0.0,0.0,0.0,0.0,0.6,0.0,0.018092213764227205,0.18092213764227205,0.030153689607045342,0.030153689607045342,0.05690778623577253,0.014772230679905057,0.04484631039295439,0.04484631039295439,0.07499999999999973,0.04484631039295439,0.04484631039295439,1.0,1.0,0.4,0.0,0.0,0.0,0.0,0.6,0.0,0.018092213764227205,0.18092213764227205,0.030153689607045342,0.030153689607045342,0.05690778623577253,0.014772230679905057,0.04484631039295439,0.04484631039295439,0.07499999999999973,0.04484631039295439,0.04484631039295439,1.0,1.0,0.4,0.0,0.0,0.0,0.0,0.6,0.0,0.018092213764227205,0.18092213764227205,0.030153689607045342,0.030153689607045342,1.0,0.6,0.6,0.6,0.6,0.0,0.6,0.4,0.0,0.6,0.4,0.0,0.6,0.4,0.0,0.6,0.4,0.0,0.6,0.0,0.6,0.6,0.6,0.6,0.6,0.0,0.0,0.0,0.0,0.6,0.6,1.0,1.0,1.0,0.6,1.0,1.0,1.0,1.0,1.0,1.0,6,0,0.0,0.0,0.6,0.0,0.0,0.0,0.0,0.0,0.0,0.0,0.0,1.0,0.0,0.0,0.0,0.0,0.0,0.5576388891401445,1.2683343809989637e-17,1.2683343809989637e-17,0.0,0.48333333333333334,0.48333333333333334,0,0,0,0,C1,0.0,0.0,0.05690778623577253,0.4,1.0,0.6,0.0,0.0,0.05690778623577253
phaseflip,dephasing,0.15,1,1.0,10,qiskit_aer,1,1,0.9250000000000002,0.9250000000000002,0.0,0.0,1.0,1.0,0.0,0.0,0.07499999999999973,0.0,0.07499999999999973,0.07499999999999973,0.07499999999999973,0.07499999999999973,0.07499999999999973,1.0,0.5,1.0,0.5,0.0,0.0,0.0,0.0,0.04484631039295439,0.0,0.04484631039295439,0.04484631039295439,0.04484631039295439,0.04484631039295439,0.04484631039295439,1.0,1.0,0.0,0.0,0.0,1.0,1.0,1.0,0.04484631039295439,0.0,0.04484631039295439,0.04484631039295439,0.04484631039295439,0.04484631039295439,0.04484631039295439,1.0,1.0,0.0,0.0,0.0,1.0,1.0,1.0,0.0,0.030153689607045342,0.3015368960704534,0.030153689607045342,0.030153689607045342,0.05992315519647706,0.015076844803522671,0.05992315519647706,0.04484631039295439,0.07499999999999973,0.04484631039295439,0.04484631039295439,1.0,1.0,0.5,0.0,0.0,0.5,0.5,0.5,0.0,0.015076844803522671,0.1507684480352267,0.030153689607045342,0.030153689607045342,0.05992315519647706,0.015076844803522671,0.05992315519647706,0.04484631039295439,0.07499999999999973,0.04484631039295439,0.04484631039295439,1.0,1.0,0.5,0.0,0.0,0.5,0.5,0.5,0.0,0.015076844803522671,0.1507684480352267,0.030153689607045342,0.030153689607045342,0.05992315519647706,0.015076844803522671,0.05992315519647706,0.04484631039295439,0.07499999999999973,0.04484631039295439,0.04484631039295439,1.0,1.0,0.5,0.0,0.0,0.5,0.5,0.5,0.0,0.015076844803522671,0.1507684480352267,0.030153689607045342,0.030153689607045342,1.0,1.0,0.5,0.5,0.5,0.0,1.0,0.0,1.0,0.5,1.0,1.0,0.5,1.0,1.0,0.5,1.0,1.0,0.5,0.5,0.5,0.5,0.5,0.5,0.5,0.0,0.0,0.0,0.0,0.5,0.5,1.0,1.0,1.0,0.5,1.0,1.0,1.0,1.0,1.0,1.0,5,0,0.0,0.0,0.5,0.0,0.0,0.0,0.0,0.0,0.0,0.0,0.0,1.0,0.0,0.0,0.0,0.0,0.0,0.07500000025964274,1.268241029256286e-17,1.268241029256286e-17,0.0,0.0,0.0,0,0,0,0,C2,0.0,0.0,0.05992315519647706,0.5,1.0,0.5,0.0,0.0,0.05992315519647706
phaseflip,dephasing,0.15,2,0.25,10,qiskit_aer,1,1,0.8590000000000001,0.1668402777777778,0.9666666666666667,0.7722222222222223,0.0,0.0,1.0,0.0,0.14099999999999968,0.00275567596063103,0.1387499999999997,0.1387499999999997,0.1443749999999996,0.1387499999999997,0.1387499999999997,1.0,0.6,1.0,0.0,0.0,0.0,0.0,0.0,0.11084631039295433,0.00275567596063103,0.10859631039295436,0.10859631039295436,0.11422131039295425,0.10859631039295436,0.10859631039295436,1.0,1.0,0.0,0.0,0.0,0.0,0.0,0.0,0.12893852415718154,0.016735865395999357,0.1387499999999997,0.10859631039295436,0.1443749999999996,0.10859631039295436,0.10859631039295436,1.0,1.0,0.6,0.0,0.0,0.0,0.0,0.0,0.0,0.012061475842818137,0.12061475842818137,0.030153689607045342,0.030153689607045342,0.12893852415718154,0.016735865395999357,0.1387499999999997,0.10859631039295436,0.1443749999999996,0.10859631039295436,0.10859631039295436,1.0,1.0,0.6,0.0,0.0,0.0,0.0,0.0,0.0,0.012061475842818137,0.12061475842818137,0.030153689607045342,0.030153689607045342,0.12893852415718154,0.016735865395999357,0.1387499999999997,0.10859631039295436,0.1443749999999996,0.10859631039295436,0.10859631039295436,1.0,1.0,0.6,0.0,0.0,0.0,0.0,0.0,0.0,0.012061475842818137,0.12061475842818137,0.030153689607045342,0.030153689607045342,0.14099999999999968,0.00275567596063103,0.1387499999999997,0.1387499999999997,0.1443749999999996,0.1387499999999997,0.1387499999999997,1.0,0.6,1.0,0.0,0.0,0.0,0.0,0.0,8.664450364735348e-21,0.0,0.0,0.0,0.0,1.0,0.4,0.4,0.4,0.0,0.4,0.4,0.6,0.0,0.4,0.6,0.0,0.4,0.6,0.0,0.0,1.0,0.0,0.4,0.0,0.4,0.4,0.0,0.4,0.4,0.4,0.0,0.0,0.0,0.4,0.4,1.0,1.0,0.0,0.0,1.0,1.0,1.0,1.0,0.0,0.0,4,4,0.4,1.0,0.4,0.0,0.4,0.0,1.0,0.0,1.0,1.0,0.0,1.0,0.12061475842818137,0.0,0.12061475842818137,0.012061475842818137,0.12061475842818137,0.6331597222365631,8.664450364735348e-21,8.664450364735348e-21,0.0,1.0,1.5222222222222221,0,0,0,4,C3R,0.0,0.0,0.14099999999999968,1.0,1.0,0.0,0.0,0.0,0.14099999999999968
phaseflip,dephasing,0.15,2,0.5,10,qiskit_aer,1,1,0.8590000000000001,0.3339930555555556,0.8222222222222222,0.5333333333333333,0.0,0.0,1.0,0.0,0.14099999999999968,0.00275567596063103,0.1387499999999997,0.1387499999999997,0.1443749999999996,0.1387499999999997,0.1387499999999997,1.0,0.6,1.0,0.0,0.0,0.0,0.0,0.0,0.11084631039295433,0.00275567596063103,0.10859631039295436,0.10859631039295436,0.11422131039295425,0.10859631039295436,0.10859631039295436,1.0,1.0,0.0,0.0,0.0,0.0,0.0,0.0,0.12893852415718154,0.016735865395999357,0.1387499999999997,0.10859631039295436,0.1443749999999996,0.10859631039295436,0.10859631039295436,1.0,1.0,0.6,0.0,0.0,0.0,0.0,0.0,0.0,0.012061475842818137,0.12061475842818137,0.030153689607045342,0.030153689607045342,0.12893852415718154,0.016735865395999357,0.1387499999999997,0.10859631039295436,0.1443749999999996,0.10859631039295436,0.10859631039295436,1.0,1.0,0.6,0.0,0.0,0.0,0.0,0.0,0.0,0.012061475842818137,0.12061475842818137,0.030153689607045342,0.030153689607045342,0.12893852415718154,0.016735865395999357,0.1387499999999997,0.10859631039295436,0.1443749999999996,0.10859631039295436,0.10859631039295436,1.0,1.0,0.6,0.0,0.0,0.0,0.0,0.0,0.0,0.012061475842818137,0.12061475842818137,0.030153689607045342,0.030153689607045342,0.13798463103929515,0.010148643261332671,0.1387499999999997,0.1387499999999997,0.1443749999999996,0.12216547071612477,0.10859631039295436,1.0,0.7,0.9,0.0,0.0,0.0,0.0,0.0,6.498337773551511e-21,0.003015368960704534,0.030153689607045342,0.016584529283874903,0.030153689607045342,1.0,0.4,0.4,0.4,0.1,0.3,0.4,0.6,0.0,0.4,0.6,0.0,0.4,0.6,0.0,0.1,0.9,0.0,0.4,0.0,0.4,0.4,0.1,0.4,0.4,0.3,0.0,0.0,0.0,0.4,0.4,1.0,1.0,0.2,0.1,1.0,1.0,1.0,1.0,0.25,0.25,4,3,0.3,0.75,0.4,0.0,0.3,0.0,1.0,0.0,1.0,0.75,0.0,1.0,0.09046106882113603,0.0,0.09046106882113603,0.009046106882113603,0.09046106882113603,0.466006944461435,8.664450364735348e-21,8.664450364735348e-21,0.0,0.9777777777777777,1.0333333333333334,0,0,0,3,C3R,0.0,0.0,0.13798463103929515,0.9,1.0,0.1,0.0,0.0,0.13798463103929515
phaseflip,dephasing,0.15,2,0.75,10,qiskit_aer,1,1,0.8590000000000001,0.5631597222222223,0.37777777777777777,0.23333333333333334,0.0,0.0,1.0,0.0,0.14099999999999968,0.00275567596063103,0.1387499999999997,0.1387499999999997,0.1443749999999996,0.1387499999999997,0.1387499999999997,1.0,0.3,1.0,0.0,0.0,0.0,0.0,0.0,0.11084631039295433,0.00275567596063103,0.10859631039295436,0.10859631039295436,0.11422131039295425,0.10859631039295436,0.10859631039295436,1.0,1.0,0.0,0.0,0.0,0.0,0.0,0.0,0.11989241727506793,0.015022433890655924,0.1114088103929543,0.10859631039295436,0.13261782759823834,0.10859631039295436,0.10859631039295436,1.0,1.0,0.3,0.0,0.0,0.0,0.0,0.0,0.0,0.02110758272493174,0.2110758272493174,0.030153689607045342,0.030153689607045342,0.11989241727506793,0.015022433890655924,0.1114088103929543,0.10859631039295436,0.13261782759823834,0.10859631039295436,0.10859631039295436,1.0,1.0,0.3,0.0,0.0,0.0,0.0,0.0,0.0,0.02110758272493174,0.2110758272493174,0.030153689607045342,0.030153689607045342,0.11989241727506793,0.015022433890655924,0.1114088103929543,0.10859631039295436,0.13261782759823834,0.10859631039295436,0.10859631039295436,1.0,1.0,0.3,0.0,0.0,0.0,0.0,0.0,0.0,0.02110758272493174,0.2110758272493174,0.030153689607045342,0.030153689607045342,0.11989241727506793,0.015022433890655924,0.1114088103929543,0.10859631039295436,0.13261782759823834,0.10859631039295436,0.10859631039295436,1.0,1.0,0.3,0.0,0.0,0.0,0.0,0.0,0.0,0.02110758272493174,0.2110758272493174,0.030153689607045342,0.030153689607045342,1.0,0.7,0.7,0.7,0.7,0.0,0.7,0.3,0.0,0.7,0.3,0.0,0.7,0.3,0.0,0.7,0.3,0.0,0.7,0.0,0.7,0.7,0.7,0.7,0.7,0.0,0.0,0.0,0.0,0.7,0.7,1.0,1.0,1.0,0.7,1.0,1.0,1.0,1.0,1.0,1.0,7,0,0.0,0.0,0.7,0.0,0.0,0.0,0.0,0.0,0.0,0.0,0.0,1.0,0.0,0.0,0.0,0.0,0.0,0.8368402777944235,1.5162788138286858e-20,1.5162788138286858e-20,0.0,0.48333333333333334,0.48333333333333334,0,0,0,0,C1,0.0,0.0,0.11989241727506793,0.3,1.0,0.7,0.0,0.0,0.11989241727506793
phaseflip,dephasing,0.15,2,1.0,10,qiskit_aer,1,1,0.8590000000000001,0.8590000000000001,0.0,0.0,0.0,0.0,0.0,0.0,0.14099999999999968,0.00275567596063103,0.1387499999999997,0.1387499999999997,0.1443749999999996,0.1387499999999997,0.1387499999999997,1.0,0.5,1.0,0.0,0.0,0.0,0.0,0.0,0.11084631039295433,0.00275567596063103,0.10859631039295436,0.10859631039295436,0.11422131039295425,0.10859631039295436,0.10859631039295436,1.0,1.0,0.0,0.0,0.0,0.0,0.0,0.0,0.125923155196477,0.016395972067475412,0.12648565519647698,0.10859631039295436,0.14296874999999962,0.10859631039295436,0.10859631039295436,1.0,1.0,0.5,0.0,0.0,0.0,0.0,0.0,0.0,0.015076844803522671,0.1507684480352267,0.030153689607045342,0.030153689607045342,0.125923155196477,0.016395972067475412,0.12648565519647698,0.10859631039295436,0.14296874999999962,0.10859631039295436,0.10859631039295436,1.0,1.0,0.5,0.0,0.0,0.0,0.0,0.0,0.0,0.015076844803522671,0.1507684480352267,0.030153689607045342,0.030153689607045342,0.125923155196477,0.016395972067475412,0.12648565519647698,0.10859631039295436,0.14296874999999962,0.10859631039295436,0.10859631039295436,1.0,1.0,0.5,0.0,0.0,0.0,0.0,0.0,0.0,0.015076844803522671,0.1507684480352267,0.030153689607045342,0.030153689607045342,0.125923155196477,0.016395972067475412,0.12648565519647698,0.10859631039295436,0.14296874999999962,0.10859631039295436,0.10859631039295436,1.0,1.0,0.5,0.0,0.0,0.0,0.0,0.0,0.0,0.015076844803522671,0.1507684480352267,0.030153689607045342,0.030153689607045342,1.0,0.5,0.5,0.5,0.5,0.0,0.5,0.5,0.0,0.5,0.5,0.0,0.5,0.5,0.0,0.5,0.5,0.0,0.5,0.0,0.5,0.5,0.5,0.5,0.5,0.0,0.0,0.0,0.0,0.5,0.5,1.0,1.0,1.0,0.5,1.0,1.0,1.0,1.0,1.0,1.0,5,0,0.0,0.0,0.5,0.0,0.0,0.0,0.0,0.0,0.0,0.0,0.0,1.0,0.0,0.0,0.0,0.0,0.0,0.14100000001339127,1.0830562955919185e-20,1.0830562955919185e-20,0.0,0.0,0.0,0,0,0,0,C1,0.0,0.0,0.125923155196477,0.5,1.0,0.5,0.0,0.0,0.125923155196477
phaseflip,dephasing,0.15,3,0.25,10,qiskit_aer,1,1,0.79834375,0.15508038194444446,0.9555555555555555,0.7666666666666667,0.0,0.0,1.0,0.0,0.20165624999999965,0.00604131284883512,0.2033437499999997,0.19553906249999972,0.20692968749999968,0.19293749999999954,0.19293749999999962,1.0,0.8,1.0,0.0,0.0,0.0,0.0,0.0,0.1715025603929543,0.00604131284883512,0.17319006039295437,0.16538537289295438,0.17677599789295434,0.1627838103929542,0.16278381039295428,1.0,1.0,0.0,0.0,0.0,0.0,0.0,0.0,0.19562551207859058,0.014979328638303289,0.2033437499999997,0.19293749999999954,0.20692968749999968,0.16746662289295436,0.16278381039295442,1.0,1.0,0.8,0.0,0.0,0.0,0.0,0.0,0.0,0.006030737921409068,0.060307379214090684,0.030153689607045342,0.030153689607045342,0.19562551207859058,0.014979328638303289,0.2033437499999997,0.19293749999999954,0.20692968749999968,0.16746662289295436,0.16278381039295442,1.0,1.0,0.8,0.0,0.0,0.0,0.0,0.0,0.0,0.006030737921409068,0.060307379214090684,0.030153689607045342,0.030153689607045342,0.19562551207859058,0.014979328638303289,0.2033437499999997,0.19293749999999954,0.20692968749999968,0.16746662289295436,0.16278381039295442,1.0,1.0,0.8,0.0,0.0,0.0,0.0,0.0,0.0,0.006030737921409068,0.060307379214090684,0.030153689607045342,0.030153689607045342,0.20165624999999965,0.00604131284883512,0.2033437499999997,0.19553906249999972,0.20692968749999968,0.19293749999999954,0.19293749999999962,1.0,0.8,1.0,0.0,0.0,0.0,0.0,0.0,4.332225182367674e-21,0.0,0.0,0.0,0.0,1.0,0.2,0.2,0.2,0.0,0.2,0.2,0.8,0.0,0.2,0.8,0.0,0.2,0.8,0.0,0.0,1.0,0.0,0.2,0.0,0.2,0.2,0.0,0.2,0.2,0.2,0.0,0.0,0.0,0.2,0.2,1.0,1.0,0.0,0.0,1.0,1.0,1.0,1.0,0.0,0.0,2,2,0.2,1.0,0.2,0.0,0.2,0.0,1.0,0.0,1.0,1.0,0.0,1.0,0.060307379214090684,0.0,0.060307379214090684,0.006030737921409068,0.060307379214090684,0.24491961806163745,4.332225182367674e-21,4.332225182367674e-21,0.0,1.0,1.5166666666666666,0,0,0,2,C3R,0.0,0.0,0.20165624999999965,1.0,1.0,0.0,0.0,0.0,0.20165624999999965
phaseflip,dephasing,0.15,3,0.5,10,qiskit_aer,1,1,0.79834375,0.32386024305555555,0.8,0.55,0.0,0.0,1.0,0.0,0.20165624999999965,0.00604131284883512,0.2033437499999997,0.19553906249999972,0.20692968749999968,0.19293749999999954,0.19293749999999962,1.0,0.8,1.0,0.0,0.0,0.0,0.0,0.0,0.1715025603929543,0.00604131284883512,0.17319006039295437,0.16538537289295438,0.17677599789295434,0.1627838103929542,0.16278381039295428,1.0,1.0,0.0,0.0,0.0,0.0,0.0,0.0,0.19562551207859058,0.014979328638303289,0.2033437499999997,0.19293749999999954,0.20692968749999968,0.16746662289295436,0.16278381039295442,1.0,1.0,0.8,0.0,0.0,0.0,0.0,0.0,0.0,0.006030737921409068,0.060307379214090684,0.030153689607045342,0.030153689607045342,0.19562551207859058,0.014979328638303289,0.2033437499999997,0.19293749999999954,0.20692968749999968,0.16746662289295436,0.16278381039295442,1.0,1.0,0.8,0.0,0.0,0.0,0.0,0.0,0.0,0.006030737921409068,0.060307379214090684,0.030153689607045342,0.030153689607045342,0.19562551207859058,0.014979328638303289,0.2033437499999997,0.19293749999999954,0.20692968749999968,0.16746662289295436,0.16278381039295442,1.0,1.0,0.8,0.0,0.0,0.0,0.0,0.0,0.0,0.006030737921409068,0.060307379214090684,0.030153689607045342,0.030153689607045342,0.19864088103929511,0.010399646167911001,0.2033437499999997,0.1929374999999996,0.20692968749999968,0.18207640821612464,0.17319006039295426,1.0,0.9,0.9,0.0,0.0,0.0,0.0,0.0,2.166112591183837e-21,0.003015368960704534,0.030153689607045342,0.016584529283874903,0.030153689607045342,1.0,0.2,0.2,0.2,0.1,0.1,0.2,0.8,0.0,0.2,0.8,0.0,0.2,0.8,0.0,0.1,0.9,0.0,0.2,0.0,0.2,0.2,0.1,0.2,0.2,0.1,0.0,0.0,0.0,0.2,0.2,1.0,1.0,0.3,0.1,1.0,1.0,1.0,1.0,0.5,0.5,2,1,0.1,0.5,0.2,0.0,0.1,0.0,1.0,0.0,1.0,0.5,0.0,1.0,0.030153689607045342,0.0,0.030153689607045342,0.003015368960704534,0.030153689607045342,0.0761397569504145,4.332225182367674e-21,4.332225182367674e-21,0.0,0.9722222222222222,1.05,0,0,0,1,C3R,0.0,0.0,0.19864088103929511,0.9,1.0,0.1,0.0,0.0,0.19864088103929511
phaseflip,dephasing,0.15,3,0.75,10,qiskit_aer,1,1,0.79834375,0.5143163194444444,0.3888888888888889,0.23333333333333334,0.0,0.0,1.0,0.0,0.20165624999999965,0.00604131284883512,0.2033437499999997,0.19553906249999972,0.20692968749999968,0.19293749999999954,0.19293749999999962,1.0,0.8,1.0,0.0,0.0,0.0,0.0,0.0,0.1715025603929543,0.00604131284883512,0.17319006039295437,0.16538537289295438,0.17677599789295434,0.1627838103929542,0.16278381039295428,1.0,1.0,0.0,0.0,0.0,0.0,0.0,0.0,0.19562551207859058,0.014979328638303289,0.2033437499999997,0.19293749999999954,0.20692968749999968,0.16746662289295436,0.16278381039295442,1.0,1.0,0.8,0.0,0.0,0.0,0.0,0.0,0.0,0.006030737921409068,0.060307379214090684,0.030153689607045342,0.030153689607045342,0.19562551207859058,0.014979328638303289,0.2033437499999997,0.19293749999999954,0.20692968749999968,0.16746662289295436,0.16278381039295442,1.0,1.0,0.8,0.0,0.0,0.0,0.0,0.0,0.0,0.006030737921409068,0.060307379214090684,0.030153689607045342,0.030153689607045342,0.19562551207859058,0.014979328638303289,0.2033437499999997,0.19293749999999954,0.20692968749999968,0.16746662289295436,0.16278381039295442,1.0,1.0,0.8,0.0,0.0,0.0,0.0,0.0,0.0,0.006030737921409068,0.060307379214090684,0.030153689607045342,0.030153689607045342,0.19562551207859058,0.014979328638303289,0.2033437499999997,0.19293749999999954,0.20692968749999968,0.16746662289295436,0.16278381039295442,1.0,1.0,0.8,0.0,0.0,0.0,0.0,0.0,0.0,0.006030737921409068,0.060307379214090684,0.030153689607045342,0.030153689607045342,1.0,0.2,0.2,0.2,0.2,0.0,0.2,0.8,0.0,0.2,0.8,0.0,0.2,0.8,0.0,0.2,0.8,0.0,0.2,0.0,0.2,0.2,0.2,0.2,0.2,0.0,0.0,0.0,0.0,0.2,0.2,1.0,1.0,1.0,0.2,1.0,1.0,1.0,1.0,1.0,1.0,2,0,0.0,0.0,0.2,0.0,0.0,0.0,0.0,0.0,0.0,0.0,0.0,1.0,0.0,0.0,0.0,0.0,0.0,-0.11431631943860261,4.332225182367674e-21,4.332225182367674e-21,0.0,0.48333333333333334,0.48333333333333334,0,0,0,0,C1,0.0,0.0,0.19562551207859058,0.8,1.0,0.2,0.0,0.0,0.19562551207859058
phaseflip,dephasing,0.15,3,1.0,10,qiskit_aer,1,1,0.79834375,0.79834375,0.0,0.0,0.0,0.0,0.0,0.0,0.20165624999999965,0.00604131284883512,0.2033437499999997,0.19553906249999972,0.20692968749999968,0.19293749999999954,0.19293749999999962,1.0,0.8,1.0,0.0,0.0,0.0,0.0,0.0,0.1715025603929543,0.00604131284883512,0.17319006039295437,0.16538537289295438,0.17677599789295434,0.1627838103929542,0.16278381039295428,1.0,1.0,0.0,0.0,0.0,0.0,0.0,0.0,0.19562551207859058,0.014979328638303289,0.2033437499999997,0.19293749999999954,0.20692968749999968,0.16746662289295436,0.16278381039295442,1.0,1.0,0.8,0.0,0.0,0.0,0.0,0.0,0.0,0.006030737921409068,0.060307379214090684,0.030153689607045342,0.030153689607045342,0.19562551207859058,0.014979328638303289,0.2033437499999997,0.19293749999999954,0.20692968749999968,0.16746662289295436,0.16278381039295442,1.0,1.0,0.8,0.0,0.0,0.0,0.0,0.0,0.0,0.006030737921409068,0.060307379214090684,0.030153689607045342,0.030153689607045342,0.19562551207859058,0.014979328638303289,0.2033437499999997,0.19293749999999954,0.20692968749999968,0.16746662289295436,0.16278381039295442,1.0,1.0,0.8,0.0,0.0,0.0,0.0,0.0,0.0,0.006030737921409068,0.060307379214090684,0.030153689607045342,0.030153689607045342,0.19562551207859058,0.014979328638303289,0.2033437499999997,0.19293749999999954,0.20692968749999968,0.16746662289295436,0.16278381039295442,1.0,1.0,0.8,0.0,0.0,0.0,0.0,0.0,0.0,0.006030737921409068,0.060307379214090684,0.030153689607045342,0.030153689607045342,1.0,0.2,0.2,0.2,0.2,0.0,0.2,0.8,0.0,0.2,0.8,0.0,0.2,0.8,0.0,0.2,0.8,0.0,0.2,0.0,0.2,0.2,0.2,0.2,0.2,0.0,0.0,0.0,0.0,0.2,0.2,1.0,1.0,1.0,0.2,1.0,1.0,1.0,1.0,1.0,1.0,2,0,0.0,0.0,0.2,0.0,0.0,0.0,0.0,0.0,0.0,0.0,0.0,1.0,0.0,0.0,0.0,0.0,0.0,-0.3983437499943982,4.332225182367674e-21,4.332225182367674e-21,0.0,0.0,0.0,0,0,0,0,C1,0.0,0.0,0.19562551207859058,0.8,1.0,0.2,0.0,0.0,0.19562551207859058
phaseflip,dephasing,0.15,4,0.25,10,qiskit_aer,1,1,0.7445260937500001,0.13644028645833337,0.9555555555555555,0.7666666666666667,0.0,0.0,1.0,0.0,0.25547390624999966,0.00890263334050704,0.26028046874999966,0.25346718749999964,0.2623124999999996,0.23899687499999966,0.23899687499999966,1.0,1.0,1.0,0.0,0.0,0.0,0.0,0.0,0.2253202166429543,0.00890263334050704,0.23012677914295432,0.2233134978929543,0.23215881039295427,0.20884318539295432,0.20884318539295432,1.0,1.0,0.0,0.0,0.0,0.0,0.0,0.0,0.25547390624999966,0.00890263334050704,0.26028046874999966,0.25346718749999964,0.2623124999999996,0.23899687499999966,0.23899687499999966,1.0,1.0,1.0,0.0,0.0,0.0,0.0,0.0,0.0,0.0,0.0,0.0,0.0,0.25547390624999966,0.00890263334050704,0.26028046874999966,0.25346718749999964,0.2623124999999996,0.23899687499999966,0.23899687499999966,1.0,1.0,1.0,0.0,0.0,0.0,0.0,0.0,0.0,0.0,0.0,0.0,0.0,0.25547390624999966,0.00890263334050704,0.26028046874999966,0.25346718749999964,0.2623124999999996,0.23899687499999966,0.23899687499999966,1.0,1.0,1.0,0.0,0.0,0.0,0.0,0.0,0.0,0.0,0.0,0.0,0.0,0.25547390624999966,0.00890263334050704,0.26028046874999966,0.25346718749999964,0.2623124999999996,0.23899687499999966,0.23899687499999966,1.0,1.0,1.0,0.0,0.0,0.0,0.0,0.0,0.0,0.0,0.0,0.0,0.0,1.0,0.0,0.0,0.0,0.0,0.0,0.0,1.0,0.0,0.0,1.0,0.0,0.0,1.0,0.0,0.0,1.0,0.0,0.0,0.0,0.0,0.0,0.0,0.0,0.0,0.0,0.0,0.0,0.0,0.0,0.0,1.0,1.0,0.0,0.0,0.0,0.0,0.0,0.0,0.0,0.0,0,0,0.0,0.0,0.0,0.0,0.0,0.0,0.0,0.0,0.0,0.0,0.0,1.0,0.0,0.0,0.0,0.0,0.0,-0.1364402864571546,0.0,0.0,0.0,1.0,1.5166666666666666,0,0,0,0,C1,0.0,0.0,0.25547390624999966,1.0,1.0,0.0,0.0,0.0,0.25547390624999966
phaseflip,dephasing,0.15,4,0.5,10,qiskit_aer,1,1,0.7445260937500001,0.29352525173611116,0.8,0.55,0.0,0.0,1.0,0.0,0.25547390624999966,0.00890263334050704,0.26028046874999966,0.25346718749999964,0.2623124999999996,0.23899687499999966,0.23899687499999966,1.0,1.0,1.0,0.0,0.0,0.0,0.0,0.0,0.2253202166429543,0.00890263334050704,0.23012677914295432,0.2233134978929543,0.23215881039295427,0.20884318539295432,0.20884318539295432,1.0,1.0,0.0,0.0,0.0,0.0,0.0,0.0,0.25547390624999966,0.00890263334050704,0.26028046874999966,0.25346718749999964,0.2623124999999996,0.23899687499999966,0.23899687499999966,1.0,1.0,1.0,0.0,0.0,0.0,0.0,0.0,0.0,0.0,0.0,0.0,0.0,0.25547390624999966,0.00890263334050704,0.26028046874999966,0.25346718749999964,0.2623124999999996,0.23899687499999966,0.23899687499999966,1.0,1.0,1.0,0.0,0.0,0.0,0.0,0.0,0.0,0.0,0.0,0.0,0.0,0.25547390624999966,0.00890263334050704,0.26028046874999966,0.25346718749999964,0.2623124999999996,0.23899687499999966,0.23899687499999966,1.0,1.0,1.0,0.0,0.0,0.0,0.0,0.0,0.0,0.0,0.0,0.0,0.0,0.25547390624999966,0.00890263334050704,0.26028046874999966,0.25346718749999964,0.2623124999999996,0.23899687499999966,0.23899687499999966,1.0,1.0,1.0,0.0,0.0,0.0,0.0,0.0,0.0,0.0,0.0,0.0,0.0,1.0,0.0,0.0,0.0,0.0,0.0,0.0,1.0,0.0,0.0,1.0,0.0,0.0,1.0,0.0,0.0,1.0,0.0,0.0,0.0,0.0,0.0,0.0,0.0,0.0,0.0,0.0,0.0,0.0,0.0,0.0,1.0,1.0,0.3,0.0,0.0,0.0,0.0,0.0,0.0,0.0,0,0,0.0,0.0,0.0,0.0,0.0,0.0,0.0,0.0,0.0,0.0,0.0,1.0,0.0,0.0,0.0,0.0,0.0,-0.2935252517350289,0.0,0.0,0.0,0.9722222222222222,1.05,0,0,0,0,C1,0.0,0.0,0.25547390624999966,1.0,1.0,0.0,0.0,0.0,0.25547390624999966
phaseflip,dephasing,0.15,4,0.75,10,qiskit_aer,1,1,0.7445260937500001,0.4712164583333334,0.3888888888888889,0.23333333333333334,0.0,0.0,1.0,0.0,0.25547390624999966,0.00890263334050704,0.26028046874999966,0.25346718749999964,0.2623124999999996,0.23899687499999966,0.23899687499999966,1.0,1.0,1.0,0.0,0.0,0.0,0.0,0.0,0.2253202166429543,0.00890263334050704,0.23012677914295432,0.2233134978929543,0.23215881039295427,0.20884318539295432,0.20884318539295432,1.0,1.0,0.0,0.0,0.0,0.0,0.0,0.0,0.25547390624999966,0.00890263334050704,0.26028046874999966,0.25346718749999964,0.2623124999999996,0.23899687499999966,0.23899687499999966,1.0,1.0,1.0,0.0,0.0,0.0,0.0,0.0,0.0,0.0,0.0,0.0,0.0,0.25547390624999966,0.00890263334050704,0.26028046874999966,0.25346718749999964,0.2623124999999996,0.23899687499999966,0.23899687499999966,1.0,1.0,1.0,0.0,0.0,0.0,0.0,0.0,0.0,0.0,0.0,0.0,0.0,0.25547390624999966,0.00890263334050704,0.26028046874999966,0.25346718749999964,0.2623124999999996,0.23899687499999966,0.23899687499999966,1.0,1.0,1.0,0.0,0.0,0.0,0.0,0.0,0.0,0.0,0.0,0.0,0.0,0.25547390624999966,0.00890263334050704,0.26028046874999966,0.25346718749999964,0.2623124999999996,0.23899687499999966,0.23899687499999966,1.0,1.0,1.0,0.0,0.0,0.0,0.0,0.0,0.0,0.0,0.0,0.0,0.0,1.0,0.0,0.0,0.0,0.0,0.0,0.0,1.0,0.0,0.0,1.0,0.0,0.0,1.0,0.0,0.0,1.0,0.0,0.0,0.0,0.0,0.0,0.0,0.0,0.0,0.0,0.0,0.0,0.0,0.0,0.0,1.0,1.0,1.0,0.0,0.0,0.0,0.0,0.0,0.0,0.0,0,0,0.0,0.0,0.0,0.0,0.0,0.0,0.0,0.0,0.0,0.0,0.0,1.0,0.0,0.0,0.0,0.0,0.0,-0.4712164583320581,0.0,0.0,0.0,0.48333333333333334,0.48333333333333334,0,0,0,0,C1,0.0,0.0,0.25547390624999966,1.0,1.0,0.0,0.0,0.0,0.25547390624999966
phaseflip,dephasing,0.15,4,1.0,10,qiskit_aer,1,1,0.7445260937500001,0.7445260937500001,0.0,0.0,0.0,0.0,0.0,0.0,0.25547390624999966,0.00890263334050704,0.26028046874999966,0.25346718749999964,0.2623124999999996,0.23899687499999966,0.23899687499999966,1.0,1.0,1.0,0.0,0.0,0.0,0.0,0.0,0.2253202166429543,0.00890263334050704,0.23012677914295432,0.2233134978929543,0.23215881039295427,0.20884318539295432,0.20884318539295432,1.0,1.0,0.0,0.0,0.0,0.0,0.0,0.0,0.25547390624999966,0.00890263334050704,0.26028046874999966,0.25346718749999964,0.2623124999999996,0.23899687499999966,0.23899687499999966,1.0,1.0,1.0,0.0,0.0,0.0,0.0,0.0,0.0,0.0,0.0,0.0,0.0,0.25547390624999966,0.00890263334050704,0.26028046874999966,0.25346718749999964,0.2623124999999996,0.23899687499999966,0.23899687499999966,1.0,1.0,1.0,0.0,0.0,0.0,0.0,0.0,0.0,0.0,0.0,0.0,0.0,0.25547390624999966,0.00890263334050704,0.26028046874999966,0.25346718749999964,0.2623124999999996,0.23899687499999966,0.23899687499999966,1.0,1.0,1.0,0.0,0.0,0.0,0.0,0.0,0.0,0.0,0.0,0.0,0.0,0.25547390624999966,0.00890263334050704,0.26028046874999966,0.25346718749999964,0.2623124999999996,0.23899687499999966,0.23899687499999966,1.0,1.0,1.0,0.0,0.0,0.0,0.0,0.0,0.0,0.0,0.0,0.0,0.0,1.0,0.0,0.0,0.0,0.0,0.0,0.0,1.0,0.0,0.0,1.0,0.0,0.0,1.0,0.0,0.0,1.0,0.0,0.0,0.0,0.0,0.0,0.0,0.0,0.0,0.0,0.0,0.0,0.0,0.0,0.0,1.0,1.0,1.0,0.0,0.0,0.0,0.0,0.0,0.0,0.0,0,0,0.0,0.0,0.0,0.0,0.0,0.0,0.0,0.0,0.0,0.0,0.0,1.0,0.0,0.0,0.0,0.0,0.0,-0.7445260937488213,0.0,0.0,0.0,0.0,0.0,0,0,0,0,C1,0.0,0.0,0.25547390624999966,1.0,1.0,0.0,0.0,0.0,0.25547390624999966
phaseflip,dephasing,0.2,1,0.25,10,qiskit_aer,1,1,0.9000000000000001,0.18000000000000002,0.9666666666666667,0.7722222222222223,0.0,1.0,1.0,0.0,0.09999999999999964,0.0,0.09999999999999964,0.09999999999999964,0.09999999999999964,0.09999999999999964,0.09999999999999964,1.0,0.9,1.0,0.0,0.0,0.0,0.0,0.0,0.0698463103929543,0.0,0.0698463103929543,0.0698463103929543,0.0698463103929543,0.0698463103929543,0.0698463103929543,1.0,1.0,0.0,0.0,0.0,0.0,0.0,1.0,0.09698463103929511,0.009046106882113603,0.09999999999999964,0.09999999999999964,0.09999999999999964,0.0834154707161247,0.0698463103929543,1.0,1.0,0.9,0.0,0.0,0.0,0.0,0.1,0.0,0.003015368960704534,0.030153689607045342,0.016584529283874903,0.030153689607045342,0.09698463103929511,0.009046106882113603,0.09999999999999964,0.09999999999999964,0.09999999999999964,0.0834154707161247,0.0698463103929543,1.0,1.0,0.9,0.0,0.0,0.0,0.0,0.1,0.0,0.003015368960704534,0.030153689607045342,0.016584529283874903,0.030153689607045342,0.09698463103929511,0.009046106882113603,0.09999999999999964,0.09999999999999964,0.09999999999999964,0.0834154707161247,0.0698463103929543,1.0,1.0,0.9,0.0,0.0,0.0,0.0,0.1,0.0,0.003015368960704534,0.030153689607045342,0.016584529283874903,0.030153689607045342,0.09999999999999964,0.0,0.09999999999999964,0.09999999999999964,0.09999999999999964,0.09999999999999964,0.09999999999999964,1.0,0.9,1.0,0.0,0.0,0.0,0.0,0.0,2.3147653607674944e-18,0.0,0.0,0.0,0.0,1.0,0.1,0.1,0.1,0.0,0.1,0.1,0.9,0.0,0.1,0.9,0.0,0.1,0.9,0.0,0.0,1.0,0.0,0.1,0.0,0.1,0.1,0.0,0.1,0.1,0.1,0.0,0.0,0.0,0.1,0.1,1.0,1.0,0.0,0.0,1.0,1.0,1.0,1.0,0.0,0.0,1,1,0.1,1.0,0.1,0.0,0.1,0.0,1.0,0.0,1.0,1.0,0.0,1.0,0.030153689607045342,0.0,0.030153689607045342,0.003015368960704534,0.030153689607045342,0.020000000099216597,2.3147653607674944e-18,2.3147653607674944e-18,0.0,1.0,1.5222222222222221,0,0,0,1,C3R,0.0,0.0,0.09999999999999964,1.0,1.0,0.0,0.0,0.0,0.09999999999999964
phaseflip,dephasing,0.2,1,0.5,10,qiskit_aer,1,1,0.9000000000000001,0.3400000000000001,0.8222222222222222,0.5333333333333333,0.0,1.0,1.0,0.0,0.09999999999999964,0.0,0.09999999999999964,0.09999999999999964,0.09999999999999964,0.09999999999999964,0.09999999999999964,1.0,0.8,1.0,0.0,0.0,0.0,0.0,0.0,0.0698463103929543,0.0,0.0698463103929543,0.0698463103929543,0.0698463103929543,0.0698463103929543,0.0698463103929543,1.0,1.0,0.0,0.0,0.0,0.0,0.0,1.0,0.09396926207859058,0.012061475842818137,0.09999999999999964,0.09999999999999964,0.09999999999999964,0.0698463103929543,0.0698463103929543,1.0,1.0,0.8,0.0,0.0,0.0,0.0,0.2,0.0,0.006030737921409068,0.060307379214090684,0.030153689607045342,0.030153689607045342,0.09396926207859058,0.012061475842818137,0.09999999999999964,0.09999999999999964,0.09999999999999964,0.0698463103929543,0.0698463103929543,1.0,1.0,0.8,0.0,0.0,0.0,0.0,0.2,0.0,0.006030737921409068,0.060307379214090684,0.030153689607045342,0.030153689607045342,0.09396926207859058,0.012061475842818137,0.09999999999999964,0.09999999999999964,0.09999999999999964,0.0698463103929543,0.0698463103929543,1.0,1.0,0.8,0.0,0.0,0.0,0.0,0.2,0.0,0.006030737921409068,0.060307379214090684,0.030153689607045342,0.030153689607045342,0.09999999999999964,0.0,0.09999999999999964,0.09999999999999964,0.09999999999999964,0.09999999999999964,0.09999999999999964,1.0,0.8,1.0,0.0,0.0,0.0,0.0,0.0,0.003286840215485658,0.0,0.0,0.0,0.0,1.0,0.2,0.2,0.2,0.0,0.2,0.2,0.8,0.0,0.2,0.8,0.0,0.2,0.8,0.0,0.0,1.0,0.0,0.2,0.0,0.2,0.2,0.0,0.2,0.2,0.2,0.0,0.0,0.0,0.2,0.2,1.0,1.0,0.2,0.0,1.0,1.0,1.0,1.0,0.0,0.0,2,2,0.2,1.0,0.2,0.0,0.2,0.0,1.0,0.0,1.0,1.0,0.0,1.0,0.060307379214090684,0.0,0.060307379214090684,0.006030737921409068,0.060307379214090684,0.06000000010193751,0.003286840215485658,0.003286840215485658,0.0,0.9777777777777777,1.0333333333333334,0,0,0,2,C3R,0.0,0.0,0.09999999999999964,1.0,1.0,0.0,0.0,0.0,0.09999999999999964
phaseflip,dephasing,0.2,1,0.75,10,qiskit_aer,1,1,0.9000000000000001,0.6100000000000001,0.37777777777777777,0.23333333333333334,0.0,1.0,1.0,0.0,0.09999999999999964,0.0,0.09999999999999964,0.09999999999999964,0.09999999999999964,0.09999999999999964,0.09999999999999964,1.0,0.8,1.0,0.0,0.0,0.0,0.0,0.0,0.0698463103929543,0.0,0.0698463103929543,0.0698463103929543,0.0698463103929543,0.0698463103929543,0.0698463103929543,1.0,1.0,0.0,0.0,0.0,0.0,0.0,1.0,0.09396926207859058,0.012061475842818137,0.09999999999999964,0.09999999999999964,0.09999999999999964,0.0698463103929543,0.0698463103929543,1.0,1.0,0.8,0.0,0.0,0.0,0.0,0.2,0.0,0.006030737921409068,0.060307379214090684,0.030153689607045342,0.030153689607045342,0.09396926207859058,0.012061475842818137,0.09999999999999964,0.09999999999999964,0.09999999999999964,0.0698463103929543,0.0698463103929543,1.0,1.0,0.8,0.0,0.0,0.0,0.0,0.2,0.0,0.006030737921409068,0.060307379214090684,0.030153689607045342,0.030153689607045342,0.09396926207859058,0.012061475842818137,0.09999999999999964,0.09999999999999964,0.09999999999999964,0.0698463103929543,0.0698463103929543,1.0,1.0,0.8,0.0,0.0,0.0,0.0,0.2,0.0,0.006030737921409068,0.060307379214090684,0.030153689607045342,0.030153689607045342,0.09396926207859058,0.012061475842818137,0.09999999999999964,0.09999999999999964,0.09999999999999964,0.0698463103929543,0.0698463103929543,1.0,1.0,0.8,0.0,0.0,0.0,0.0,0.2,0.0,0.006030737921409068,0.060307379214090684,0.030153689607045342,0.030153689607045342,1.0,0.2,0.2,0.2,0.2,0.0,0.2,0.8,0.0,0.2,0.8,0.0,0.2,0.8,0.0,0.2,0.8,0.0,0.2,0.0,0.2,0.2,0.2,0.2,0.2,0.0,0.0,0.0,0.0,0.2,0.2,1.0,1.0,1.0,0.2,1.0,1.0,1.0,1.0,1.0,1.0,2,0,0.0,0.0,0.2,0.0,0.0,0.0,0.0,0.0,0.0,0.0,0.0,1.0,0.0,0.0,0.0,0.0,0.0,-0.20999999989806248,0.003286840215485658,0.003286840215485658,0.0,0.48333333333333334,0.48333333333333334,0,0,0,0,C1,0.0,0.0,0.09396926207859058,0.8,1.0,0.2,0.0,0.0,0.09396926207859058
phaseflip,dephasing,0.2,1,1.0,10,qiskit_aer,1,1,0.9000000000000001,0.9000000000000001,0.0,0.0,1.0,1.0,0.0,0.0,0.09999999999999964,0.0,0.09999999999999964,0.09999999999999964,0.09999999999999964,0.09999999999999964,0.09999999999999964,1.0,0.8,1.0,0.2,0.0,0.0,0.0,0.0,0.0698463103929543,0.0,0.0698463103929543,0.0698463103929543,0.0698463103929543,0.0698463103929543,0.0698463103929543,1.0,1.0,0.0,0.0,0.0,1.0,1.0,1.0,0.0698463103929543,0.0,0.0698463103929543,0.0698463103929543,0.0698463103929543,0.0698463103929543,0.0698463103929543,1.0,1.0,0.0,0.0,0.0,1.0,1.0,1.0,0.0,0.030153689607045342,0.3015368960704534,0.030153689607045342,0.030153689607045342,0.09396926207859058,0.012061475842818137,0.09999999999999964,0.09999999999999964,0.09999999999999964,0.0698463103929543,0.0698463103929543,1.0,1.0,0.8,0.0,0.0,0.2,0.2,0.2,0.0,0.006030737921409068,0.060307379214090684,0.030153689607045342,0.030153689607045342,0.09396926207859058,0.012061475842818137,0.09999999999999964,0.09999999999999964,0.09999999999999964,0.0698463103929543,0.0698463103929543,1.0,1.0,0.8,0.0,0.0,0.2,0.2,0.2,0.0,0.006030737921409068,0.060307379214090684,0.030153689607045342,0.030153689607045342,0.09396926207859058,0.012061475842818137,0.09999999999999964,0.09999999999999964,0.09999999999999964,0.0698463103929543,0.0698463103929543,1.0,1.0,0.8,0.0,0.0,0.2,0.2,0.2,0.0,0.006030737921409068,0.060307379214090684,0.030153689607045342,0.030153689607045342,1.0,1.0,0.2,0.2,0.2,0.0,1.0,0.0,1.0,0.2,1.0,1.0,0.2,1.0,1.0,0.2,1.0,1.0,0.2,0.8,0.2,0.2,0.2,0.2,0.2,0.0,0.0,0.0,0.0,0.2,0.2,1.0,1.0,1.0,0.2,1.0,1.0,1.0,1.0,1.0,1.0,2,0,0.0,0.0,0.2,0.0,0.0,0.0,0.0,0.0,0.0,0.0,0.0,1.0,0.0,0.0,0.0,0.0,0.0,-0.4999999998967022,0.006573680430971311,0.006573680430971311,0.0,0.0,0.0,0,0,0,0,C2,0.0,0.0,0.09396926207859058,0.8,1.0,0.2,0.0,0.0,0.09396926207859058
phaseflip,dephasing,0.2,2,0.25,10,qiskit_aer,1,1,0.8160000000000001,0.14483333333333334,0.9666666666666667,0.7722222222222223,0.0,0.0,1.0,0.0,0.1839999999999997,0.00489897948556632,0.17999999999999972,0.17999999999999972,0.1899999999999996,0.17999999999999972,0.17999999999999972,1.0,0.7,1.0,0.0,0.0,0.0,0.0,0.0,0.15384631039295435,0.00489897948556632,0.14984631039295437,0.14984631039295437,0.15984631039295427,0.14984631039295437,0.14984631039295437,1.0,1.0,0.0,0.0,0.0,0.0,0.0,0.0,0.1749538931178861,0.01695023021701166,0.17999999999999972,0.1573847327947157,0.1899999999999996,0.14984631039295437,0.14984631039295437,1.0,1.0,0.7,0.0,0.0,0.0,0.0,0.0,0.0,0.009046106882113603,0.09046106882113603,0.030153689607045342,0.030153689607045342,0.1749538931178861,0.01695023021701166,0.17999999999999972,0.1573847327947157,0.1899999999999996,0.14984631039295437,0.14984631039295437,1.0,1.0,0.7,0.0,0.0,0.0,0.0,0.0,0.0,0.009046106882113603,0.09046106882113603,0.030153689607045342,0.030153689607045342,0.1749538931178861,0.01695023021701166,0.17999999999999972,0.1573847327947157,0.1899999999999996,0.14984631039295437,0.14984631039295437,1.0,1.0,0.7,0.0,0.0,0.0,0.0,0.0,0.0,0.009046106882113603,0.09046106882113603,0.030153689607045342,0.030153689607045342,0.1839999999999997,0.00489897948556632,0.17999999999999972,0.17999999999999972,0.1899999999999996,0.17999999999999972,0.17999999999999972,1.0,0.7,1.0,0.0,0.0,0.0,0.0,0.0,6.498337773551511e-21,0.0,0.0,0.0,0.0,1.0,0.3,0.3,0.3,0.0,0.3,0.3,0.7,0.0,0.3,0.7,0.0,0.3,0.7,0.0,0.0,1.0,0.0,0.3,0.0,0.3,0.3,0.0,0.3,0.3,0.3,0.0,0.0,0.0,0.3,0.3,1.0,1.0,0.0,0.0,1.0,1.0,1.0,1.0,0.0,0.0,3,3,0.3,1.0,0.3,0.0,0.3,0.0,1.0,0.0,1.0,1.0,0.0,1.0,0.09046106882113603,0.0,0.09046106882113603,0.009046106882113603,0.09046106882113603,0.4551666666748684,6.498337773551511e-21,6.498337773551511e-21,0.0,1.0,1.5222222222222221,0,0,0,3,C3R,0.0,0.0,0.1839999999999997,1.0,1.0,0.0,0.0,0.0,0.1839999999999997
phaseflip,dephasing,0.2,2,0.5,10,qiskit_aer,1,1,0.8160000000000001,0.3081666666666667,0.8222222222222222,0.5333333333333333,0.0,0.0,1.0,0.0,0.1839999999999997,0.00489897948556632,0.17999999999999972,0.17999999999999972,0.1899999999999996,0.17999999999999972,0.17999999999999972,1.0,0.7,1.0,0.0,0.0,0.0,0.0,0.0,0.15384631039295435,0.00489897948556632,0.14984631039295437,0.14984631039295437,0.15984631039295427,0.14984631039295437,0.14984631039295437,1.0,1.0,0.0,0.0,0.0,0.0,0.0,0.0,0.1749538931178861,0.01695023021701166,0.17999999999999972,0.1573847327947157,0.1899999999999996,0.14984631039295437,0.14984631039295437,1.0,1.0,0.7,0.0,0.0,0.0,0.0,0.0,0.0,0.009046106882113603,0.09046106882113603,0.030153689607045342,0.030153689607045342,0.1749538931178861,0.01695023021701166,0.17999999999999972,0.1573847327947157,0.1899999999999996,0.14984631039295437,0.14984631039295437,1.0,1.0,0.7,0.0,0.0,0.0,0.0,0.0,0.0,0.009046106882113603,0.09046106882113603,0.030153689607045342,0.030153689607045342,0.1749538931178861,0.01695023021701166,0.17999999999999972,0.1573847327947157,0.1899999999999996,0.14984631039295437,0.14984631039295437,1.0,1.0,0.7,0.0,0.0,0.0,0.0,0.0,0.0,0.009046106882113603,0.09046106882113603,0.030153689607045342,0.030153689607045342,0.1839999999999997,0.00489897948556632,0.17999999999999972,0.17999999999999972,0.1899999999999996,0.17999999999999972,0.17999999999999972,1.0,0.7,1.0,0.0,0.0,0.0,0.0,0.0,6.498337773551511e-21,0.0,0.0,0.0,0.0,1.0,0.3,0.3,0.3,0.0,0.3,0.3,0.7,0.0,0.3,0.7,0.0,0.3,0.7,0.0,0.0,1.0,0.0,0.3,0.0,0.3,0.3,0.0,0.3,0.3,0.3,0.0,0.0,0.0,0.3,0.3,1.0,1.0,0.2,0.0,1.0,1.0,1.0,1.0,0.0,0.0,3,3,0.3,1.0,0.3,0.0,0.3,0.0,1.0,0.0,1.0,1.0,0.0,1.0,0.09046106882113603,0.0,0.09046106882113603,0.009046106882113603,0.09046106882113603,0.29183333334211725,6.498337773551511e-21,6.498337773551511e-21,0.0,0.9777777777777777,1.0333333333333334,0,0,0,3,C3R,0.0,0.0,0.1839999999999997,1.0,1.0,0.0,0.0,0.0,0.1839999999999997
phaseflip,dephasing,0.2,2,0.75,10,qiskit_aer,1,1,0.8160000000000001,0.5032222222222222,0.37777777777777777,0.23333333333333334,0.0,0.0,1.0,0.0,0.1839999999999997,0.00489897948556632,0.17999999999999972,0.17999999999999972,0.1899999999999996,0.17999999999999972,0.17999999999999972,1.0,0.7,1.0,0.0,0.0,0.0,0.0,0.0,0.15384631039295435,0.00489897948556632,0.14984631039295437,0.14984631039295437,0.15984631039295427,0.14984631039295437,0.14984631039295437,1.0,1.0,0.0,0.0,0.0,0.0,0.0,0.0,0.1749538931178861,0.01695023021701166,0.17999999999999972,0.1573847327947157,0.1899999999999996,0.14984631039295437,0.14984631039295437,1.0,1.0,0.7,0.0,0.0,0.0,0.0,0.0,0.0,0.009046106882113603,0.09046106882113603,0.030153689607045342,0.030153689607045342,0.1749538931178861,0.01695023021701166,0.17999999999999972,0.1573847327947157,0.1899999999999996,0.14984631039295437,0.14984631039295437,1.0,1.0,0.7,0.0,0.0,0.0,0.0,0.0,0.0,0.009046106882113603,0.09046106882113603,0.030153689607045342,0.030153689607045342,0.1749538931178861,0.01695023021701166,0.17999999999999972,0.1573847327947157,0.1899999999999996,0.14984631039295437,0.14984631039295437,1.0,1.0,0.7,0.0,0.0,0.0,0.0,0.0,0.0,0.009046106882113603,0.09046106882113603,0.030153689607045342,0.030153689607045342,0.1749538931178861,0.01695023021701166,0.17999999999999972,0.1573847327947157,0.1899999999999996,0.14984631039295437,0.14984631039295437,1.0,1.0,0.7,0.0,0.0,0.0,0.0,0.0,0.0,0.009046106882113603,0.09046106882113603,0.030153689607045342,0.030153689607045342,1.0,0.3,0.3,0.3,0.3,0.0,0.3,0.7,0.0,0.3,0.7,0.0,0.3,0.7,0.0,0.3,0.7,0.0,0.3,0.0,0.3,0.3,0.3,0.3,0.3,0.0,0.0,0.0,0.0,0.3,0.3,1.0,1.0,1.0,0.3,1.0,1.0,1.0,1.0,1.0,1.0,3,0,0.0,0.0,0.3,0.0,0.0,0.0,0.0,0.0,0.0,0.0,0.0,1.0,0.0,0.0,0.0,0.0,0.0,0.09677777778597943,6.498337773551511e-21,6.498337773551511e-21,0.0,0.48333333333333334,0.48333333333333334,0,0,0,0,C1,0.0,0.0,0.1749538931178861,0.7,1.0,0.3,0.0,0.0,0.1749538931178861
phaseflip,dephasing,0.2,2,1.0,10,qiskit_aer,1,1,0.8160000000000001,0.8160000000000001,0.0,0.0,0.0,0.0,0.0,0.0,0.1839999999999997,0.00489897948556632,0.17999999999999972,0.17999999999999972,0.1899999999999996,0.17999999999999972,0.17999999999999972,1.0,0.7,1.0,0.0,0.0,0.0,0.0,0.0,0.15384631039295435,0.00489897948556632,0.14984631039295437,0.14984631039295437,0.15984631039295427,0.14984631039295437,0.14984631039295437,1.0,1.0,0.0,0.0,0.0,0.0,0.0,0.0,0.1749538931178861,0.01695023021701166,0.17999999999999972,0.1573847327947157,0.1899999999999996,0.14984631039295437,0.14984631039295437,1.0,1.0,0.7,0.0,0.0,0.0,0.0,0.0,0.0,0.009046106882113603,0.09046106882113603,0.030153689607045342,0.030153689607045342,0.1749538931178861,0.01695023021701166,0.17999999999999972,0.1573847327947157,0.1899999999999996,0.14984631039295437,0.14984631039295437,1.0,1.0,0.7,0.0,0.0,0.0,0.0,0.0,0.0,0.009046106882113603,0.09046106882113603,0.030153689607045342,0.030153689607045342,0.1749538931178861,0.01695023021701166,0.17999999999999972,0.1573847327947157,0.1899999999999996,0.14984631039295437,0.14984631039295437,1.0,1.0,0.7,0.0,0.0,0.0,0.0,0.0,0.0,0.009046106882113603,0.09046106882113603,0.030153689607045342,0.030153689607045342,0.1749538931178861,0.01695023021701166,0.17999999999999972,0.1573847327947157,0.1899999999999996,0.14984631039295437,0.14984631039295437,1.0,1.0,0.7,0.0,0.0,0.0,0.0,0.0,0.0,0.009046106882113603,0.09046106882113603,0.030153689607045342,0.030153689607045342,1.0,0.3,0.3,0.3,0.3,0.0,0.3,0.7,0.0,0.3,0.7,0.0,0.3,0.7,0.0,0.3,0.7,0.0,0.3,0.0,0.3,0.3,0.3,0.3,0.3,0.0,0.0,0.0,0.0,0.3,0.3,1.0,1.0,1.0,0.3,1.0,1.0,1.0,1.0,1.0,1.0,3,0,0.0,0.0,0.3,0.0,0.0,0.0,0.0,0.0,0.0,0.0,0.0,1.0,0.0,0.0,0.0,0.0,0.0,-0.21599999999150726,6.498337773551511e-21,6.498337773551511e-21,0.0,0.0,0.0,0,0,0,0,C1,0.0,0.0,0.1749538931178861,0.7,1.0,0.3,0.0,0.0,0.1749538931178861
phaseflip,dephasing,0.2,3,0.25,10,qiskit_aer,1,1,0.7410000000000001,0.13165555555555558,0.9555555555555555,0.7666666666666667,0.0,0.0,1.0,0.0,0.2589999999999997,0.010363397126425285,0.2619999999999997,0.24849999999999975,0.2679999999999997,0.24399999999999966,0.2439999999999997,1.0,0.7,1.0,0.0,0.0,0.0,0.0,0.0,0.22884631039295433,0.010363397126425285,0.23184631039295434,0.2183463103929544,0.23784631039295434,0.21384631039295432,0.21384631039295435,1.0,1.0,0.0,0.0,0.0,0.0,0.0,0.0,0.24995389311788607,0.01877812798565044,0.25299999999999967,0.23488473279471567,0.2679999999999997,0.2219463103929544,0.21384631039295443,1.0,1.0,0.7,0.0,0.0,0.0,0.0,0.0,0.0,0.009046106882113603,0.09046106882113603,0.030153689607045342,0.030153689607045342,0.24995389311788607,0.01877812798565044,0.25299999999999967,0.23488473279471567,0.2679999999999997,0.2219463103929544,0.21384631039295443,1.0,1.0,0.7,0.0,0.0,0.0,0.0,0.0,0.0,0.009046106882113603,0.09046106882113603,0.030153689607045342,0.030153689607045342,0.24995389311788607,0.01877812798565044,0.25299999999999967,0.23488473279471567,0.2679999999999997,0.2219463103929544,0.21384631039295443,1.0,1.0,0.7,0.0,0.0,0.0,0.0,0.0,0.0,0.009046106882113603,0.09046106882113603,0.030153689607045342,0.030153689607045342,0.2589999999999997,0.010363397126425285,0.2619999999999997,0.24849999999999975,0.2679999999999997,0.24399999999999966,0.2439999999999997,1.0,0.7,1.0,0.0,0.0,0.0,0.0,0.0,4.033147444735849e-21,0.0,0.0,0.0,0.0,1.0,0.3,0.3,0.3,0.0,0.3,0.3,0.7,0.0,0.3,0.7,0.0,0.3,0.7,0.0,0.0,1.0,0.0,0.3,0.0,0.3,0.3,0.0,0.3,0.3,0.3,0.0,0.0,0.0,0.3,0.3,1.0,1.0,0.0,0.0,1.0,1.0,1.0,1.0,0.0,0.0,3,3,0.3,1.0,0.3,0.0,0.3,0.0,1.0,0.0,1.0,1.0,0.0,1.0,0.09046106882113603,0.0,0.09046106882113603,0.009046106882113603,0.09046106882113603,0.4683444444465189,4.033147444735849e-21,4.033147444735849e-21,0.0,1.0,1.5166666666666666,0,0,0,3,C3R,0.0,0.0,0.2589999999999997,1.0,1.0,0.0,0.0,0.0,0.2589999999999997
phaseflip,dephasing,0.2,3,0.5,10,qiskit_aer,1,1,0.7410000000000001,0.28391111111111117,0.8,0.55,0.0,0.0,1.0,0.0,0.2589999999999997,0.010363397126425285,0.2619999999999997,0.24849999999999975,0.2679999999999997,0.24399999999999966,0.2439999999999997,1.0,0.9,1.0,0.0,0.0,0.0,0.0,0.0,0.22884631039295433,0.010363397126425285,0.23184631039295434,0.2183463103929544,0.23784631039295434,0.21384631039295432,0.21384631039295435,1.0,1.0,0.0,0.0,0.0,0.0,0.0,0.0,0.25598463103929514,0.01672402817935196,0.2619999999999997,0.24849999999999967,0.2679999999999997,0.22741547071612478,0.21384631039295443,1.0,1.0,0.9,0.0,0.0,0.0,0.0,0.0,0.0,0.003015368960704534,0.030153689607045342,0.016584529283874903,0.030153689607045342,0.25598463103929514,0.01672402817935196,0.2619999999999997,0.24849999999999967,0.2679999999999997,0.22741547071612478,0.21384631039295443,1.0,1.0,0.9,0.0,0.0,0.0,0.0,0.0,0.0,0.003015368960704534,0.030153689607045342,0.016584529283874903,0.030153689607045342,0.25598463103929514,0.01672402817935196,0.2619999999999997,0.24849999999999967,0.2679999999999997,0.22741547071612478,0.21384631039295443,1.0,1.0,0.9,0.0,0.0,0.0,0.0,0.0,0.0,0.003015368960704534,0.030153689607045342,0.016584529283874903,0.030153689607045342,0.2589999999999997,0.010363397126425285,0.2619999999999997,0.24849999999999975,0.2679999999999997,0.24399999999999966,0.2439999999999997,1.0,0.9,1.0,0.0,0.0,0.0,0.0,0.0,2.166112591183837e-21,0.0,0.0,0.0,0.0,1.0,0.1,0.1,0.1,0.0,0.1,0.1,0.9,0.0,0.1,0.9,0.0,0.1,0.9,0.0,0.0,1.0,0.0,0.1,0.0,0.1,0.1,0.0,0.1,0.1,0.1,0.0,0.0,0.0,0.1,0.1,1.0,1.0,0.3,0.0,1.0,1.0,1.0,1.0,0.0,0.0,1,1,0.1,1.0,0.1,0.0,0.1,0.0,1.0,0.0,1.0,1.0,0.0,1.0,0.030153689607045342,0.0,0.030153689607045342,0.003015368960704534,0.030153689607045342,-0.08391111110877918,2.166112591183837e-21,2.166112591183837e-21,0.0,0.9722222222222222,1.05,0,0,0,1,C3R,0.0,0.0,0.2589999999999997,1.0,1.0,0.0,0.0,0.0,0.2589999999999997
phaseflip,dephasing,0.2,3,0.75,10,qiskit_aer,1,1,0.7410000000000001,0.4569555555555556,0.3888888888888889,0.23333333333333334,0.0,0.0,1.0,0.0,0.2589999999999997,0.010363397126425285,0.2619999999999997,0.24849999999999975,0.2679999999999997,0.24399999999999966,0.2439999999999997,1.0,0.7,1.0,0.0,0.0,0.0,0.0,0.0,0.22884631039295433,0.010363397126425285,0.23184631039295434,0.2183463103929544,0.23784631039295434,0.21384631039295432,0.21384631039295435,1.0,1.0,0.0,0.0,0.0,0.0,0.0,0.0,0.24995389311788607,0.01877812798565044,0.25299999999999967,0.23488473279471567,0.2679999999999997,0.2219463103929544,0.21384631039295443,1.0,1.0,0.7,0.0,0.0,0.0,0.0,0.0,0.0,0.009046106882113603,0.09046106882113603,0.030153689607045342,0.030153689607045342,0.24995389311788607,0.01877812798565044,0.25299999999999967,0.23488473279471567,0.2679999999999997,0.2219463103929544,0.21384631039295443,1.0,1.0,0.7,0.0,0.0,0.0,0.0,0.0,0.0,0.009046106882113603,0.09046106882113603,0.030153689607045342,0.030153689607045342,0.24995389311788607,0.01877812798565044,0.25299999999999967,0.23488473279471567,0.2679999999999997,0.2219463103929544,0.21384631039295443,1.0,1.0,0.7,0.0,0.0,0.0,0.0,0.0,0.0,0.009046106882113603,0.09046106882113603,0.030153689607045342,0.030153689607045342,0.24995389311788607,0.01877812798565044,0.25299999999999967,0.23488473279471567,0.2679999999999997,0.2219463103929544,0.21384631039295443,1.0,1.0,0.7,0.0,0.0,0.0,0.0,0.0,0.0,0.009046106882113603,0.09046106882113603,0.030153689607045342,0.030153689607045342,1.0,0.3,0.3,0.3,0.3,0.0,0.3,0.7,0.0,0.3,0.7,0.0,0.3,0.7,0.0,0.3,0.7,0.0,0.3,0.0,0.3,0.3,0.3,0.3,0.3,0.0,0.0,0.0,0.0,0.3,0.3,1.0,1.0,1.0,0.3,1.0,1.0,1.0,1.0,1.0,1.0,3,0,0.0,0.0,0.3,0.0,0.0,0.0,0.0,0.0,0.0,0.0,0.0,1.0,0.0,0.0,0.0,0.0,0.0,0.1430444444465985,4.033147444735849e-21,4.033147444735849e-21,0.0,0.48333333333333334,0.48333333333333334,0,0,0,0,C1,0.0,0.0,0.24995389311788607,0.7,1.0,0.3,0.0,0.0,0.24995389311788607
phaseflip,dephasing,0.2,3,1.0,10,qiskit_aer,1,1,0.7410000000000001,0.7410000000000001,0.0,0.0,0.0,0.0,0.0,0.0,0.2589999999999997,0.010363397126425285,0.2619999999999997,0.24849999999999975,0.2679999999999997,0.24399999999999966,0.2439999999999997,1.0,0.8,1.0,0.0,0.0,0.0,0.0,0.0,0.22884631039295433,0.010363397126425285,0.23184631039295434,0.2183463103929544,0.23784631039295434,0.21384631039295432,0.21384631039295435,1.0,1.0,0.0,0.0,0.0,0.0,0.0,0.0,0.2529692620785906,0.01803463486083912,0.2619999999999997,0.24399999999999966,0.2679999999999997,0.2219463103929544,0.21384631039295443,1.0,1.0,0.8,0.0,0.0,0.0,0.0,0.0,0.0,0.006030737921409068,0.060307379214090684,0.030153689607045342,0.030153689607045342,0.2529692620785906,0.01803463486083912,0.2619999999999997,0.24399999999999966,0.2679999999999997,0.2219463103929544,0.21384631039295443,1.0,1.0,0.8,0.0,0.0,0.0,0.0,0.0,0.0,0.006030737921409068,0.060307379214090684,0.030153689607045342,0.030153689607045342,0.2529692620785906,0.01803463486083912,0.2619999999999997,0.24399999999999966,0.2679999999999997,0.2219463103929544,0.21384631039295443,1.0,1.0,0.8,0.0,0.0,0.0,0.0,0.0,0.0,0.006030737921409068,0.060307379214090684,0.030153689607045342,0.030153689607045342,0.2529692620785906,0.01803463486083912,0.2619999999999997,0.24399999999999966,0.2679999999999997,0.2219463103929544,0.21384631039295443,1.0,1.0,0.8,0.0,0.0,0.0,0.0,0.0,0.0,0.006030737921409068,0.060307379214090684,0.030153689607045342,0.030153689607045342,1.0,0.2,0.2,0.2,0.2,0.0,0.2,0.8,0.0,0.2,0.8,0.0,0.2,0.8,0.0,0.2,0.8,0.0,0.2,0.0,0.2,0.2,0.2,0.2,0.2,0.0,0.0,0.0,0.0,0.2,0.2,1.0,1.0,1.0,0.2,1.0,1.0,1.0,1.0,1.0,1.0,2,0,0.0,0.0,0.2,0.0,0.0,0.0,0.0,0.0,0.0,0.0,0.0,1.0,0.0,0.0,0.0,0.0,0.0,-0.3409999999977571,3.099630017959843e-21,3.099630017959843e-21,0.0,0.0,0.0,0,0,0,0,C1,0.0,0.0,0.2529692620785906,0.8,1.0,0.2,0.0,0.0,0.2529692620785906
phaseflip,dephasing,0.2,4,0.25,10,qiskit_aer,1,1,0.6772800000000001,0.12038000000000001,0.9555555555555555,0.7666666666666667,0.0,0.0,1.0,0.0,0.3227199999999998,0.01481275126369163,0.33079999999999976,0.3195999999999999,0.33399999999999974,0.2951999999999999,0.2951999999999999,1.0,0.8,1.0,0.0,0.0,0.0,0.0,0.0,0.29256631039295444,0.01481275126369163,0.3006463103929544,0.28944631039295454,0.3038463103929544,0.26504631039295456,0.26504631039295456,1.0,1.0,0.0,0.0,0.0,0.0,0.0,0.0,0.3166892620785907,0.02639751152478653,0.33079999999999976,0.3195999999999999,0.33399999999999974,0.26504631039295456,0.26504631039295456,1.0,1.0,0.8,0.0,0.0,0.0,0.0,0.0,0.0,0.006030737921409068,0.060307379214090684,0.030153689607045342,0.030153689607045342,0.3166892620785907,0.02639751152478653,0.33079999999999976,0.3195999999999999,0.33399999999999974,0.26504631039295456,0.26504631039295456,1.0,1.0,0.8,0.0,0.0,0.0,0.0,0.0,0.0,0.006030737921409068,0.060307379214090684,0.030153689607045342,0.030153689607045342,0.3166892620785907,0.02639751152478653,0.33079999999999976,0.3195999999999999,0.33399999999999974,0.26504631039295456,0.26504631039295456,1.0,1.0,0.8,0.0,0.0,0.0,0.0,0.0,0.0,0.006030737921409068,0.060307379214090684,0.030153689607045342,0.030153689607045342,0.3227199999999998,0.01481275126369163,0.33079999999999976,0.3195999999999999,0.33399999999999974,0.2951999999999999,0.2951999999999999,1.0,0.8,1.0,0.0,0.0,0.0,0.0,0.0,4.332225182367674e-21,0.0,0.0,0.0,0.0,1.0,0.2,0.2,0.2,0.0,0.2,0.2,0.8,0.0,0.2,0.8,0.0,0.2,0.8,0.0,0.0,1.0,0.0,0.2,0.0,0.2,0.2,0.0,0.2,0.2,0.2,0.0,0.0,0.0,0.2,0.2,1.0,1.0,0.0,0.0,1.0,1.0,1.0,1.0,0.0,0.0,2,2,0.2,1.0,0.2,0.0,0.2,0.0,1.0,0.0,1.0,1.0,0.0,1.0,0.060307379214090684,0.0,0.060307379214090684,0.006030737921409068,0.060307379214090684,0.2796200000006997,4.332225182367674e-21,4.332225182367674e-21,0.0,1.0,1.5166666666666666,0,0,0,2,C3R,0.0,0.0,0.3227199999999998,1.0,1.0,0.0,0.0,0.0,0.3227199999999998
phaseflip,dephasing,0.2,4,0.5,10,qiskit_aer,1,1,0.6772800000000001,0.2481577777777778,0.8,0.55,0.0,0.0,1.0,0.0,0.3227199999999998,0.01481275126369163,0.33079999999999976,0.3195999999999999,0.33399999999999974,0.2951999999999999,0.2951999999999999,1.0,0.7,1.0,0.0,0.0,0.0,0.0,0.0,0.29256631039295444,0.01481275126369163,0.3006463103929544,0.28944631039295454,0.3038463103929544,0.26504631039295456,0.26504631039295456,1.0,1.0,0.0,0.0,0.0,0.0,0.0,0.0,0.3136738931178862,0.02669945436690913,0.3267999999999998,0.3029847327947158,0.33399999999999974,0.26504631039295456,0.26504631039295456,1.0,1.0,0.7,0.0,0.0,0.0,0.0,0.0,0.0,0.009046106882113603,0.09046106882113603,0.030153689607045342,0.030153689607045342,0.3136738931178862,0.02669945436690913,0.3267999999999998,0.3029847327947158,0.33399999999999974,0.26504631039295456,0.26504631039295456,1.0,1.0,0.7,0.0,0.0,0.0,0.0,0.0,0.0,0.009046106882113603,0.09046106882113603,0.030153689607045342,0.030153689607045342,0.3136738931178862,0.02669945436690913,0.3267999999999998,0.3029847327947158,0.33399999999999974,0.26504631039295456,0.26504631039295456,1.0,1.0,0.7,0.0,0.0,0.0,0.0,0.0,0.0,0.009046106882113603,0.09046106882113603,0.030153689607045342,0.030153689607045342,0.3166892620785907,0.022392693139673583,0.3267999999999998,0.3029847327947158,0.33399999999999974,0.27861547071612497,0.26504631039295456,1.0,0.9,0.8,0.0,0.0,0.0,0.0,0.0,2.166112591183837e-21,0.006030737921409068,0.060307379214090684,0.030153689607045342,0.030153689607045342,1.0,0.3,0.3,0.3,0.2,0.1,0.3,0.7,0.0,0.3,0.7,0.0,0.3,0.7,0.0,0.2,0.8,0.0,0.3,0.0,0.3,0.3,0.2,0.3,0.3,0.1,0.0,0.0,0.0,0.3,0.3,1.0,1.0,0.3,0.2,1.0,1.0,1.0,1.0,0.6666666666666666,0.6666666666666666,3,1,0.1,0.3333333333333333,0.3,0.0,0.1,0.0,1.0,0.0,1.0,0.3333333333333333,0.0,1.0,0.030153689607045342,0.0,0.030153689607045342,0.003015368960704534,0.030153689607045342,0.3518422222228854,5.26574260914368e-21,5.26574260914368e-21,0.0,0.9722222222222222,1.05,0,0,0,1,C3R,0.0,0.0,0.3166892620785907,0.8,1.0,0.2,0.0,0.0,0.3166892620785907
phaseflip,dephasing,0.2,4,0.75,10,qiskit_aer,1,1,0.6772800000000001,0.3876422222222223,0.3888888888888889,0.23333333333333334,0.0,0.0,1.0,0.0,0.3227199999999998,0.01481275126369163,0.33079999999999976,0.3195999999999999,0.33399999999999974,0.2951999999999999,0.2951999999999999,1.0,0.8,1.0,0.0,0.0,0.0,0.0,0.0,0.29256631039295444,0.01481275126369163,0.3006463103929544,0.28944631039295454,0.3038463103929544,0.26504631039295456,0.26504631039295456,1.0,1.0,0.0,0.0,0.0,0.0,0.0,0.0,0.3166892620785907,0.02639751152478653,0.33079999999999976,0.3195999999999999,0.33399999999999974,0.26504631039295456,0.26504631039295456,1.0,1.0,0.8,0.0,0.0,0.0,0.0,0.0,0.0,0.006030737921409068,0.060307379214090684,0.030153689607045342,0.030153689607045342,0.3166892620785907,0.02639751152478653,0.33079999999999976,0.3195999999999999,0.33399999999999974,0.26504631039295456,0.26504631039295456,1.0,1.0,0.8,0.0,0.0,0.0,0.0,0.0,0.0,0.006030737921409068,0.060307379214090684,0.030153689607045342,0.030153689607045342,0.3166892620785907,0.02639751152478653,0.33079999999999976,0.3195999999999999,0.33399999999999974,0.26504631039295456,0.26504631039295456,1.0,1.0,0.8,0.0,0.0,0.0,0.0,0.0,0.0,0.006030737921409068,0.060307379214090684,0.030153689607045342,0.030153689607045342,0.3166892620785907,0.02639751152478653,0.33079999999999976,0.3195999999999999,0.33399999999999974,0.26504631039295456,0.26504631039295456,1.0,1.0,0.8,0.0,0.0,0.0,0.0,0.0,0.0,0.006030737921409068,0.060307379214090684,0.030153689607045342,0.030153689607045342,1.0,0.2,0.2,0.2,0.2,0.0,0.2,0.8,0.0,0.2,0.8,0.0,0.2,0.8,0.0,0.2,0.8,0.0,0.2,0.0,0.2,0.2,0.2,0.2,0.2,0.0,0.0,0.0,0.0,0.2,0.2,1.0,1.0,1.0,0.2,1.0,1.0,1.0,1.0,1.0,1.0,2,0,0.0,0.0,0.2,0.0,0.0,0.0,0.0,0.0,0.0,0.0,0.0,1.0,0.0,0.0,0.0,0.0,0.0,0.012357777778477486,4.332225182367674e-21,4.332225182367674e-21,0.0,0.48333333333333334,0.48333333333333334,0,0,0,0,C1,0.0,0.0,0.3166892620785907,0.8,1.0,0.2,0.0,0.0,0.3166892620785907
phaseflip,dephasing,0.2,4,1.0,10,qiskit_aer,1,1,0.6772800000000001,0.6772800000000001,0.0,0.0,0.0,0.0,0.0,0.0,0.3227199999999998,0.01481275126369163,0.33079999999999976,0.3195999999999999,0.33399999999999974,0.2951999999999999,0.2951999999999999,1.0,0.7,1.0,0.0,0.0,0.0,0.0,0.0,0.29256631039295444,0.01481275126369163,0.3006463103929544,0.28944631039295454,0.3038463103929544,0.26504631039295456,0.26504631039295456,1.0,1.0,0.0,0.0,0.0,0.0,0.0,0.0,0.3136738931178862,0.02669945436690913,0.3267999999999998,0.3029847327947158,0.33399999999999974,0.26504631039295456,0.26504631039295456,1.0,1.0,0.7,0.0,0.0,0.0,0.0,0.0,0.0,0.009046106882113603,0.09046106882113603,0.030153689607045342,0.030153689607045342,0.3136738931178862,0.02669945436690913,0.3267999999999998,0.3029847327947158,0.33399999999999974,0.26504631039295456,0.26504631039295456,1.0,1.0,0.7,0.0,0.0,0.0,0.0,0.0,0.0,0.009046106882113603,0.09046106882113603,0.030153689607045342,0.030153689607045342,0.3136738931178862,0.02669945436690913,0.3267999999999998,0.3029847327947158,0.33399999999999974,0.26504631039295456,0.26504631039295456,1.0,1.0,0.7,0.0,0.0,0.0,0.0,0.0,0.0,0.009046106882113603,0.09046106882113603,0.030153689607045342,0.030153689607045342,0.3136738931178862,0.02669945436690913,0.3267999999999998,0.3029847327947158,0.33399999999999974,0.26504631039295456,0.26504631039295456,1.0,1.0,0.7,0.0,0.0,0.0,0.0,0.0,0.0,0.009046106882113603,0.09046106882113603,0.030153689607045342,0.030153689607045342,1.0,0.3,0.3,0.3,0.3,0.0,0.3,0.7,0.0,0.3,0.7,0.0,0.3,0.7,0.0,0.3,0.7,0.0,0.3,0.0,0.3,0.3,0.3,0.3,0.3,0.0,0.0,0.0,0.0,0.3,0.3,1.0,1.0,1.0,0.3,1.0,1.0,1.0,1.0,1.0,1.0,3,0,0.0,0.0,0.3,0.0,0.0,0.0,0.0,0.0,0.0,0.0,0.0,1.0,0.0,0.0,0.0,0.0,0.0,-0.0772799999992998,5.26574260914368e-21,5.26574260914368e-21,0.0,0.0,0.0,0,0,0,0,C1,0.0,0.0,0.3136738931178862,0.7,1.0,0.3,0.0,0.0,0.3136738931178862
phaseflip,mixed_pauli,0.01,1,0.25,10,qiskit_aer,1,1,0.9965,0.22694444444444445,0.9666666666666667,0.7722222222222223,0.0,1.0,1.0,0.0,0.0034999999999998253,0.0039051248379531485,0.00249999999999978,0.0,0.004999999999999782,0.0,0.0,1.0,0.1,1.0,0.0,0.0,0.0,0.0,0.0,-0.021653689607045733,0.0022912878474778543,-0.020153689607045777,-0.023903689607045614,-0.020153689607045777,-0.02515368960704568,-0.025153689607045632,0.0,1.0,0.0,0.0,1.0,0.0,0.0,1.0,-0.0186383206463412,0.00812246680496084,-0.020153689607045777,-0.020153689607045777,-0.020153689607045777,-0.02515368960704556,-0.02515368960704556,0.1,1.0,0.1,0.0,0.9,0.0,0.0,0.9,0.0,0.022138320646341025,0.22138320646341025,0.030153689607045342,0.030153689607045342,-0.0186383206463412,0.00812246680496084,-0.020153689607045777,-0.020153689607045777,-0.020153689607045777,-0.02515368960704556,-0.02515368960704556,0.1,1.0,0.1,0.0,0.9,0.0,0.0,0.9,0.0,0.022138320646341025,0.22138320646341025,0.030153689607045342,0.030153689607045342,-0.0186383206463412,0.00812246680496084,-0.020153689607045777,-0.020153689607045777,-0.020153689607045777,-0.02515368960704556,-0.02515368960704556,0.1,1.0,0.1,0.0,0.9,0.0,0.0,0.9,0.0,0.022138320646341025,0.22138320646341025,0.030153689607045342,0.030153689607045342,0.0034999999999998253,0.0039051248379531485,0.00249999999999978,0.0,0.004999999999999782,0.0,0.0,1.0,0.1,1.0,0.0,0.0,0.0,0.0,0.0,0.0026948568852589666,0.0,0.0,0.0,0.0,1.0,0.9,0.9,0.9,0.0,0.9,0.9,0.1,0.0,0.9,0.1,0.0,0.9,0.1,0.0,0.0,1.0,0.0,0.9,0.0,0.9,0.9,0.0,0.9,0.9,0.9,0.0,0.0,0.0,0.9,0.9,1.0,1.0,0.0,0.0,1.0,1.0,1.0,1.0,0.0,0.0,9,9,0.9,1.0,0.9,0.0,0.9,0.0,1.0,0.0,1.0,1.0,0.0,1.0,0.22138320646341025,0.0,0.22138320646341025,0.022138320646341025,0.22138320646341025,1.57305559740555,0.0026948568852589666,0.0026948568852589666,0.0,1.0,1.5222222222222221,0,0,0,9,C3R,0.0,0.0,0.0034999999999998253,1.0,1.0,0.0,0.0,0.0,0.0034999999999998253
phaseflip,mixed_pauli,0.01,1,0.5,10,qiskit_aer,1,1,0.9965,0.46519444444444447,0.8222222222222222,0.5333333333333333,0.0,1.0,1.0,0.0,0.0034999999999998253,0.0039051248379531485,0.00249999999999978,0.0,0.004999999999999782,0.0,0.0,1.0,0.1,1.0,0.0,0.0,0.0,0.0,0.0,-0.021653689607045733,0.0022912878474778543,-0.020153689607045777,-0.023903689607045614,-0.020153689607045777,-0.02515368960704568,-0.025153689607045632,0.0,1.0,0.0,0.0,1.0,0.0,0.0,1.0,-0.0186383206463412,0.00812246680496084,-0.020153689607045777,-0.020153689607045777,-0.020153689607045777,-0.02515368960704556,-0.02515368960704556,0.1,1.0,0.1,0.0,0.9,0.0,0.0,0.9,0.0,0.022138320646341025,0.22138320646341025,0.030153689607045342,0.030153689607045342,-0.0186383206463412,0.00812246680496084,-0.020153689607045777,-0.020153689607045777,-0.020153689607045777,-0.02515368960704556,-0.02515368960704556,0.1,1.0,0.1,0.0,0.9,0.0,0.0,0.9,0.0,0.022138320646341025,0.22138320646341025,0.030153689607045342,0.030153689607045342,-0.0186383206463412,0.00812246680496084,-0.020153689607045777,-0.020153689607045777,-0.020153689607045777,-0.02515368960704556,-0.02515368960704556,0.1,1.0,0.1,0.0,0.9,0.0,0.0,0.9,0.0,0.022138320646341025,0.22138320646341025,0.030153689607045342,0.030153689607045342,-0.00053073792140933,0.010414055800417266,0.00249999999999978,0.0,0.004999999999999782,-0.020153689607045777,-0.020153689607045777,0.8,0.3,0.8,0.0,0.2,0.0,0.0,0.2,0.0040422853278884495,0.004030737921409155,0.040307379214091554,0.020153689607045777,0.020153689607045777,1.0,0.9,0.9,0.9,0.2,0.7,0.9,0.1,0.0,0.9,0.1,0.0,0.9,0.1,0.0,0.2,0.8,0.0,0.9,0.0,0.9,0.9,0.2,0.9,0.9,0.7,0.0,0.0,0.0,0.9,0.9,1.0,1.0,0.2,0.2,1.0,1.0,1.0,1.0,0.2222222222222222,0.2222222222222222,9,7,0.7,0.7777777777777778,0.9,0.0,0.7,0.0,1.0,0.0,1.0,0.7777777777777778,0.0,1.0,0.1810758272493187,0.0,0.1810758272493187,0.01810758272493187,0.1810758272493187,1.3348056002216295,0.0040422853278884495,0.0040422853278884495,0.0,0.9777777777777777,1.0333333333333334,0,0,0,7,C3R,0.2,0.0,-0.00053073792140933,0.8,0.8,0.2,0.2,0.0,-0.00053073792140933
phaseflip,mixed_pauli,0.01,1,0.75,10,qiskit_aer,1,1,0.9965,0.7639722222222223,0.37777777777777777,0.23333333333333334,0.0,1.0,1.0,0.0,0.0034999999999998253,0.0039051248379531485,0.00249999999999978,0.0,0.004999999999999782,0.0,0.0,1.0,0.1,1.0,0.0,0.0,0.0,0.0,0.0,-0.021653689607045733,0.0022912878474778543,-0.020153689607045777,-0.023903689607045614,-0.020153689607045777,-0.02515368960704568,-0.025153689607045632,0.0,1.0,0.0,0.0,1.0,0.0,0.0,1.0,-0.0186383206463412,0.00812246680496084,-0.020153689607045777,-0.020153689607045777,-0.020153689607045777,-0.02515368960704556,-0.02515368960704556,0.1,1.0,0.1,0.0,0.9,0.0,0.0,0.9,0.0,0.022138320646341025,0.22138320646341025,0.030153689607045342,0.030153689607045342,-0.0186383206463412,0.00812246680496084,-0.020153689607045777,-0.020153689607045777,-0.020153689607045777,-0.02515368960704556,-0.02515368960704556,0.1,1.0,0.1,0.0,0.9,0.0,0.0,0.9,0.0,0.022138320646341025,0.22138320646341025,0.030153689607045342,0.030153689607045342,-0.0186383206463412,0.00812246680496084,-0.020153689607045777,-0.020153689607045777,-0.020153689607045777,-0.02515368960704556,-0.02515368960704556,0.1,1.0,0.1,0.0,0.9,0.0,0.0,0.9,0.0,0.022138320646341025,0.22138320646341025,0.030153689607045342,0.030153689607045342,-0.0186383206463412,0.00812246680496084,-0.020153689607045777,-0.020153689607045777,-0.020153689607045777,-0.02515368960704556,-0.02515368960704556,0.1,1.0,0.1,0.0,0.9,0.0,0.0,0.9,0.0,0.022138320646341025,0.22138320646341025,0.030153689607045342,0.030153689607045342,1.0,0.9,0.9,0.9,0.9,0.0,0.9,0.1,0.0,0.9,0.1,0.0,0.9,0.1,0.0,0.9,0.1,0.0,0.9,0.0,0.9,0.9,0.9,0.9,0.9,0.0,0.0,0.0,0.0,0.9,0.9,1.0,1.0,1.0,0.9,1.0,1.0,1.0,1.0,1.0,1.0,9,0,0.0,0.0,0.9,0.0,0.0,0.0,0.0,0.0,0.0,0.0,0.0,1.0,0.0,0.0,0.0,0.0,0.0,1.0360278158507967,0.0013474284426294933,0.0013474284426294933,0.0,0.48333333333333334,0.48333333333333334,0,0,0,0,C1,0.9,0.0,-0.0186383206463412,0.1,0.1,0.9,0.9,0.0,-0.0186383206463412
phaseflip,mixed_pauli,0.01,1,1.0,10,qiskit_aer,1,1,0.9965,0.9965,0.0,0.0,1.0,1.0,0.0,0.0,0.0034999999999998253,0.0039051248379531485,0.00249999999999978,0.0,0.004999999999999782,0.0,0.0,1.0,0.2,1.0,0.8,0.0,0.0,0.0,0.0,-0.021653689607045733,0.0022912878474778543,-0.020153689607045777,-0.023903689607045614,-0.020153689607045777,-0.02515368960704568,-0.025153689607045632,0.0,1.0,0.0,0.0,1.0,1.0,1.0,1.0,-0.021653689607045733,0.0022912878474778543,-0.020153689607045777,-0.023903689607045614,-0.020153689607045777,-0.02515368960704568,-0.025153689607045632,0.0,1.0,0.0,0.0,1.0,1.0,1.0,1.0,0.0,0.02515368960704556,0.2515368960704556,0.030153689607045342,0.030153689607045342,-0.015622951685636665,0.011775726035538807,-0.020153689607045777,-0.020153689607045777,-0.020153689607045777,-0.02515368960704556,-0.02515368960704556,0.2,1.0,0.2,0.0,0.8,0.8,0.8,0.8,0.0,0.01912295168563649,0.1912295168563649,0.030153689607045342,0.030153689607045342,-0.015622951685636665,0.011775726035538807,-0.020153689607045777,-0.020153689607045777,-0.020153689607045777,-0.02515368960704556,-0.02515368960704556,0.2,1.0,0.2,0.0,0.8,0.8,0.8,0.8,0.0,0.01912295168563649,0.1912295168563649,0.030153689607045342,0.030153689607045342,-0.015622951685636665,0.011775726035538807,-0.020153689607045777,-0.020153689607045777,-0.020153689607045777,-0.02515368960704556,-0.02515368960704556,0.2,1.0,0.2,0.0,0.8,0.8,0.8,0.8,0.0,0.01912295168563649,0.1912295168563649,0.030153689607045342,0.030153689607045342,1.0,1.0,0.8,0.8,0.8,0.0,1.0,0.0,1.0,0.8,1.0,1.0,0.8,1.0,1.0,0.8,1.0,1.0,0.8,0.2,0.8,0.8,0.8,0.8,0.8,0.0,0.0,0.0,0.0,0.8,0.8,1.0,1.0,1.0,0.8,1.0,1.0,1.0,1.0,1.0,1.0,8,0,0.0,0.0,0.8,0.0,0.0,0.0,0.0,0.0,0.0,0.0,0.0,1.0,0.0,0.0,0.0,0.0,0.0,0.6035000425568884,0.0013474284426295035,0.0013474284426295035,0.0,0.0,0.0,0,0,0,0,C2,0.8,0.0,-0.015622951685636665,0.2,0.2,0.8,0.8,0.0,-0.015622951685636665
phaseflip,mixed_pauli,0.01,2,0.25,10,qiskit_aer,1,1,0.9925075000000001,0.23164,0.9555555555555555,0.7666666666666667,0.0,1.0,1.0,0.0,0.007442500000000063,0.004584103647388413,0.009900000000000242,0.004950000000000121,0.009900000000000242,0.0,0.0,1.0,0.6,0.8,0.0,0.0,0.0,0.0,0.2,-0.012751189607045577,0.003311465876315245,-0.010353689607045524,-0.015203689607045656,-0.010253689607045535,-0.01793993960704563,-0.020178689607045608,0.0,1.0,0.0,0.0,1.0,0.0,0.0,1.0,-0.0016189758428182045,0.009830528742919986,0.0,-0.010253689607045535,0.008662500000000212,-0.015203689607045656,-0.015203689607045656,0.6,1.0,0.4,0.0,0.4,0.0,0.0,0.6,0.0,0.009061475842818268,0.09061475842818267,0.025653689607045525,0.030153689607045342,-0.0016189758428182045,0.009830528742919986,0.0,-0.010253689607045535,0.008662500000000212,-0.015203689607045656,-0.015203689607045656,0.6,1.0,0.4,0.0,0.4,0.0,0.0,0.6,0.0,0.009061475842818268,0.09061475842818267,0.025653689607045525,0.030153689607045342,-0.0016189758428182045,0.009830528742919986,0.0,-0.010253689607045535,0.008662500000000212,-0.015203689607045656,-0.015203689607045656,0.6,1.0,0.4,0.0,0.4,0.0,0.0,0.6,0.0,0.009061475842818268,0.09061475842818267,0.025653689607045525,0.030153689607045342,0.007442500000000063,0.004584103647388413,0.009900000000000242,0.004950000000000121,0.009900000000000242,0.0,0.0,1.0,0.6,0.8,0.0,0.0,0.0,0.0,0.2,7.431855200327517e-21,0.0,0.0,0.0,0.0,1.0,0.4,0.4,0.4,0.0,0.4,0.4,0.6,0.0,0.4,0.6,0.0,0.4,0.6,0.0,0.0,1.0,0.0,0.4,0.0,0.4,0.4,0.0,0.4,0.4,0.4,0.0,0.0,0.0,0.4,0.4,1.0,1.0,0.0,0.0,1.0,1.0,1.0,1.0,0.0,0.0,4,4,0.4,1.0,0.4,0.0,0.4,0.0,1.0,0.0,1.0,1.0,0.0,1.0,0.09061475842818267,0.0,0.09061475842818267,0.009061475842818268,0.09061475842818267,0.5683600297605031,7.431855200327517e-21,7.431855200327517e-21,0.0,1.0,1.5166666666666666,0,0,0,4,C3R,0.0,0.0,0.007442500000000063,0.8,1.0,0.0,0.0,0.0,0.007442500000000063
phaseflip,mixed_pauli,0.01,2,0.5,10,qiskit_aer,1,1,0.9925075000000001,0.4468359722222222,0.8,0.55,0.0,1.0,1.0,0.0,0.007442500000000063,0.004584103647388413,0.009900000000000242,0.004950000000000121,0.009900000000000242,0.0,0.0,1.0,0.5,0.8,0.0,0.0,0.0,0.0,0.2,-0.012751189607045577,0.003311465876315245,-0.010353689607045524,-0.015203689607045656,-0.010253689607045535,-0.01793993960704563,-0.020178689607045608,0.0,1.0,0.0,0.0,1.0,0.0,0.0,1.0,-0.004634344803522738,0.010418786652620173,-0.005126844803522768,-0.013966189607045626,0.0037125000000000907,-0.01793993960704563,-0.020178689607045608,0.5,1.0,0.3,0.0,0.5,0.0,0.0,0.7,0.0,0.012076844803522802,0.12076844803522802,0.030153689607045342,0.030153689607045342,-0.004634344803522738,0.010418786652620173,-0.005126844803522768,-0.013966189607045626,0.0037125000000000907,-0.01793993960704563,-0.020178689607045608,0.5,1.0,0.3,0.0,0.5,0.0,0.0,0.7,0.0,0.012076844803522802,0.12076844803522802,0.030153689607045342,0.030153689607045342,-0.004634344803522738,0.010418786652620173,-0.005126844803522768,-0.013966189607045626,0.0037125000000000907,-0.01793993960704563,-0.020178689607045608,0.5,1.0,0.3,0.0,0.5,0.0,0.0,0.7,0.0,0.012076844803522802,0.12076844803522802,0.030153689607045342,0.030153689607045342,0.0034117620785909077,0.00928129704521902,0.0074250000000001815,0.0,0.009900000000000242,-0.012976189607045602,-0.015203689607045656,0.8,0.7,0.6,0.0,0.2,0.0,0.0,0.4,0.023435558868631853,0.004030737921409155,0.040307379214091554,0.020153689607045777,0.020153689607045777,1.0,0.5,0.5,0.5,0.2,0.3,0.5,0.5,0.0,0.5,0.5,0.0,0.5,0.5,0.0,0.2,0.8,0.0,0.5,0.0,0.5,0.5,0.2,0.5,0.5,0.3,0.0,0.0,0.0,0.5,0.5,1.0,1.0,0.3,0.2,1.0,1.0,1.0,1.0,0.4,0.4,5,3,0.3,0.6,0.5,0.0,0.3,0.0,1.0,0.0,1.0,0.6,0.0,1.0,0.08046106882113646,0.0,0.08046106882113646,0.008046106882113647,0.08046106882113646,0.553164061580951,0.023435558868631853,0.023435558868631853,0.0,0.9722222222222222,1.05,0,0,0,3,C3R,0.2,0.0,0.0034117620785909077,0.6,0.8,0.2,0.2,0.0,0.0034117620785909077
phaseflip,mixed_pauli,0.01,2,0.75,10,qiskit_aer,1,1,0.9925075000000001,0.7608109722222223,0.3888888888888889,0.23333333333333334,0.0,1.0,1.0,0.0,0.007442500000000063,0.004584103647388413,0.009900000000000242,0.004950000000000121,0.009900000000000242,0.0,0.0,1.0,0.7,0.8,0.0,0.0,0.0,0.0,0.2,-0.012751189607045577,0.003311465876315245,-0.010353689607045524,-0.015203689607045656,-0.010253689607045535,-0.01793993960704563,-0.020178689607045608,0.0,1.0,0.0,0.0,1.0,0.0,0.0,1.0,0.00039639311788637334,0.008856538989603022,0.0024750000000000605,-0.007690267205284151,0.008662500000000212,-0.012976189607045602,-0.015203689607045656,0.7,1.0,0.5,0.0,0.3,0.0,0.0,0.5,0.0,0.007046106882113689,0.0704610688211369,0.025653689607045525,0.030153689607045342,0.00039639311788637334,0.008856538989603022,0.0024750000000000605,-0.007690267205284151,0.008662500000000212,-0.012976189607045602,-0.015203689607045656,0.7,1.0,0.5,0.0,0.3,0.0,0.0,0.5,0.0,0.007046106882113689,0.0704610688211369,0.025653689607045525,0.030153689607045342,0.00039639311788637334,0.008856538989603022,0.0024750000000000605,-0.007690267205284151,0.008662500000000212,-0.012976189607045602,-0.015203689607045656,0.7,1.0,0.5,0.0,0.3,0.0,0.0,0.5,0.0,0.007046106882113689,0.0704610688211369,0.025653689607045525,0.030153689607045342,0.00039639311788637334,0.008856538989603022,0.0024750000000000605,-0.007690267205284151,0.008662500000000212,-0.012976189607045602,-0.015203689607045656,0.7,1.0,0.5,0.0,0.3,0.0,0.0,0.5,0.0,0.007046106882113689,0.0704610688211369,0.025653689607045525,0.030153689607045342,1.0,0.3,0.3,0.3,0.3,0.0,0.3,0.7,0.0,0.3,0.7,0.0,0.3,0.7,0.0,0.3,0.7,0.0,0.3,0.0,0.3,0.3,0.3,0.3,0.3,0.0,0.0,0.0,0.0,0.3,0.3,1.0,1.0,1.0,0.3,1.0,1.0,1.0,1.0,1.0,1.0,3,0,0.0,0.0,0.3,0.0,0.0,0.0,0.0,0.0,0.0,0.0,0.0,1.0,0.0,0.0,0.0,0.0,0.0,-0.16081094103755836,6.498337773551511e-21,6.498337773551511e-21,0.0,0.48333333333333334,0.48333333333333334,0,0,0,0,C1,0.3,0.0,0.00039639311788637334,0.5,0.7,0.3,0.3,0.0,0.00039639311788637334
phaseflip,mixed_pauli,0.01,2,1.0,10,qiskit_aer,1,1,0.9925075000000001,0.9925075000000001,0.0,0.0,1.0,1.0,0.0,0.0,0.007442500000000063,0.004584103647388413,0.009900000000000242,0.004950000000000121,0.009900000000000242,0.0,0.0,1.0,0.7,0.8,0.3,0.0,0.2,0.2,0.2,-0.012751189607045577,0.003311465876315245,-0.010353689607045524,-0.015203689607045656,-0.010253689607045535,-0.01793993960704563,-0.020178689607045608,0.0,1.0,0.0,0.0,1.0,1.0,1.0,1.0,-0.010735820646340998,0.007588674629911529,-0.010353689607045524,-0.015203689607045656,-0.010253689607045535,-0.01793993960704563,-0.020178689607045608,0.1,1.0,0.1,0.0,0.9,0.9,0.9,0.9,0.0,0.018178320646341062,0.18178320646341062,0.030153689607045342,0.030153689607045342,0.00039639311788637334,0.008856538989603022,0.0024750000000000605,-0.007690267205284151,0.008662500000000212,-0.012976189607045602,-0.015203689607045656,0.7,1.0,0.5,0.0,0.3,0.5,0.5,0.5,0.0,0.007046106882113689,0.0704610688211369,0.025653689607045525,0.030153689607045342,0.00039639311788637334,0.008856538989603022,0.0024750000000000605,-0.007690267205284151,0.008662500000000212,-0.012976189607045602,-0.015203689607045656,0.7,1.0,0.5,0.0,0.3,0.5,0.5,0.5,0.0,0.007046106882113689,0.0704610688211369,0.025653689607045525,0.030153689607045342,0.00039639311788637334,0.008856538989603022,0.0024750000000000605,-0.007690267205284151,0.008662500000000212,-0.012976189607045602,-0.015203689607045656,0.7,1.0,0.5,0.0,0.3,0.5,0.5,0.5,0.0,0.007046106882113689,0.0704610688211369,0.025653689607045525,0.030153689607045342,1.0,0.9,0.3,0.3,0.3,0.0,0.9,0.14285714285714285,1.0,0.3,1.0,1.0,0.3,1.0,1.0,0.3,1.0,1.0,0.3,0.6,0.3,0.3,0.3,0.3,0.3,0.0,0.0,0.0,0.0,0.3,0.3,1.0,1.0,1.0,0.3,1.0,1.0,1.0,1.0,1.0,1.0,3,0,0.0,0.0,0.3,0.0,0.0,0.0,0.0,0.0,0.0,0.0,0.0,1.0,0.0,0.0,0.0,0.0,0.0,-0.39250746901212447,6.498337773551511e-21,6.498337773551511e-21,0.0,0.0,0.0,0,0,0,0,C2,0.3,0.0,0.00039639311788637334,0.5,0.7,0.3,0.3,0.0,0.00039639311788637334
phaseflip,mixed_pauli,0.01,3,0.25,10,qiskit_aer,1,1,0.9870574,0.2194831777777778,0.9555555555555555,0.7777777777777778,0.0,1.0,1.0,0.0,0.01280869999999995,0.005062660245365031,0.012276500000000135,0.009802000000000033,0.014800499999999994,0.007106449999999831,0.004900999999999711,1.0,0.7,0.5,0.0,0.0,0.0,0.0,0.5,-0.0044449896070456575,0.004260482221533207,-0.005353189607045783,-0.00544018960704562,-0.0005516896070455468,-0.010829489607045755,-0.015228689607045709,0.0,1.0,0.0,0.0,0.1,0.0,0.0,1.0,0.008722593117886224,0.008695655848371274,0.009801999999999977,0.0008114827947157677,0.014800499999999994,-0.0032197396070456352,-0.0054026896070457076,0.7,1.0,0.4,0.0,0.0,0.0,0.0,0.6,0.0,0.004086106882113727,0.04086106882113727,0.015743689607045752,0.020153689607045777,0.008722593117886224,0.008695655848371274,0.009801999999999977,0.0008114827947157677,0.014800499999999994,-0.0032197396070456352,-0.0054026896070457076,0.7,1.0,0.4,0.0,0.0,0.0,0.0,0.6,0.0,0.004086106882113727,0.04086106882113727,0.015743689607045752,0.020153689607045777,0.008722593117886224,0.008695655848371274,0.009801999999999977,0.0008114827947157677,0.014800499999999994,-0.0032197396070456352,-0.0054026896070457076,0.7,1.0,0.4,0.0,0.0,0.0,0.0,0.6,0.0,0.004086106882113727,0.04086106882113727,0.015743689607045752,0.020153689607045777,0.01280869999999995,0.005062660245365031,0.012276500000000135,0.009802000000000033,0.014800499999999994,0.007106449999999831,0.004900999999999711,1.0,0.7,0.5,0.0,0.0,0.0,0.0,0.5,6.498337773551511e-21,0.0,0.0,0.0,0.0,1.0,0.3,0.3,0.3,0.0,0.3,0.3,0.7,0.0,0.3,0.7,0.0,0.3,0.7,0.0,0.0,1.0,0.0,0.3,0.0,0.3,0.3,0.0,0.3,0.3,0.3,0.0,0.0,0.0,0.3,0.3,1.0,1.0,0.0,0.0,1.0,1.0,1.0,1.0,0.0,0.0,3,3,0.3,1.0,0.3,0.0,0.3,0.0,1.0,0.0,1.0,1.0,0.0,1.0,0.04086106882113727,0.0,0.04086106882113727,0.004086106882113727,0.04086106882113727,0.38051684526192947,6.498337773551511e-21,6.498337773551511e-21,0.0,1.0,1.527777777777778,0,0,0,3,C3R,0.0,0.0,0.01280869999999995,0.5,1.0,0.0,0.0,0.0,0.01280869999999995
phaseflip,mixed_pauli,0.01,3,0.5,10,qiskit_aer,1,1,0.9870574,0.4770552333333334,0.7777777777777778,0.5166666666666667,0.0,1.0,1.0,0.0,0.01280869999999995,0.005062660245364988,0.012276500000000135,0.009802000000000033,0.014800499999999939,0.007106449999999953,0.004900999999999933,1.0,0.7,0.5,0.0,0.0,0.0,0.0,0.5,-0.0044449896070456575,0.004260482221533207,-0.005353189607045783,-0.00544018960704562,-0.0005516896070455468,-0.010829489607045755,-0.015228689607045709,0.0,1.0,0.0,0.0,0.1,0.0,0.0,1.0,0.008722593117886224,0.008695655848371248,0.009801999999999977,0.0008114827947158232,0.014800499999999939,-0.0032197396070456352,-0.0054026896070457076,0.7,1.0,0.4,0.0,0.0,0.0,0.0,0.6,0.0,0.004086106882113727,0.04086106882113727,0.015743689607045752,0.020153689607045777,0.008722593117886224,0.008695655848371248,0.009801999999999977,0.0008114827947158232,0.014800499999999939,-0.0032197396070456352,-0.0054026896070457076,0.7,1.0,0.4,0.0,0.0,0.0,0.0,0.6,0.0,0.004086106882113727,0.04086106882113727,0.015743689607045752,0.020153689607045777,0.008722593117886224,0.008695655848371248,0.009801999999999977,0.0008114827947158232,0.014800499999999939,-0.0032197396070456352,-0.0054026896070457076,0.7,1.0,0.4,0.0,0.0,0.0,0.0,0.6,0.0,0.004086106882113727,0.04086106882113727,0.015743689607045752,0.020153689607045777,0.0107379620785908,0.007431993429305987,0.012276500000000024,0.006126249999999944,0.014800499999999939,-0.0005516896070455468,-0.0005516896070455468,0.8,0.9,0.5,0.0,0.0,0.0,0.0,0.5,2.166112591183837e-21,0.002070737921409149,0.020707379214091493,0.010353689607045746,0.010353689607045746,1.0,0.3,0.3,0.3,0.2,0.1,0.3,0.7,0.0,0.3,0.7,0.0,0.3,0.7,0.0,0.2,0.8,0.0,0.3,0.0,0.3,0.3,0.2,0.3,0.3,0.1,0.0,0.0,0.0,0.3,0.3,1.0,1.0,0.5,0.2,1.0,1.0,1.0,1.0,0.6666666666666666,0.6666666666666666,3,1,0.1,0.3333333333333333,0.3,0.0,0.1,0.0,1.0,0.0,1.0,0.3333333333333333,0.0,1.0,0.020153689607045777,0.0,0.020153689607045777,0.0020153689607045775,0.020153689607045777,0.12294479133122498,6.498337773551511e-21,6.498337773551511e-21,0.0,0.9555555555555555,1.0166666666666666,0,0,0,1,C3R,0.0,0.0,0.0107379620785908,0.5,0.8,0.2,0.0,0.0,0.0107379620785908
phaseflip,mixed_pauli,0.01,3,0.75,10,qiskit_aer,1,1,0.9870574,0.7566008944444444,0.38888888888888884,0.2222222222222222,0.0,1.0,1.0,0.0,0.01280869999999995,0.005062660245365031,0.012276500000000135,0.009802000000000033,0.014800499999999994,0.007106449999999831,0.004900999999999711,1.0,0.6,0.5,0.0,0.0,0.0,0.0,0.5,-0.0044449896070456575,0.004260482221533207,-0.005353189607045783,-0.00544018960704562,-0.0005516896070455468,-0.010829489607045755,-0.015228689607045709,0.0,1.0,0.0,0.0,0.1,0.0,0.0,1.0,0.00570722415718169,0.007815682698796756,0.007351499999999844,-0.0005516896070455468,0.01355087499999999,-0.005430189607045643,-0.005452689607045591,0.6,1.0,0.3,0.0,0.0,0.0,0.0,0.7,0.0,0.007101475842818261,0.07101475842818261,0.025653689607045525,0.030153689607045342,0.00570722415718169,0.007815682698796756,0.007351499999999844,-0.0005516896070455468,0.01355087499999999,-0.005430189607045643,-0.005452689607045591,0.6,1.0,0.3,0.0,0.0,0.0,0.0,0.7,0.0,0.007101475842818261,0.07101475842818261,0.025653689607045525,0.030153689607045342,0.00570722415718169,0.007815682698796756,0.007351499999999844,-0.0005516896070455468,0.01355087499999999,-0.005430189607045643,-0.005452689607045591,0.6,1.0,0.3,0.0,0.0,0.0,0.0,0.7,0.0,0.007101475842818261,0.07101475842818261,0.025653689607045525,0.030153689607045342,0.00570722415718169,0.007815682698796756,0.007351499999999844,-0.0005516896070455468,0.01355087499999999,-0.005430189607045643,-0.005452689607045591,0.6,1.0,0.3,0.0,0.0,0.0,0.0,0.7,0.0,0.007101475842818261,0.07101475842818261,0.025653689607045525,0.030153689607045342,1.0,0.4,0.4,0.4,0.4,0.0,0.4,0.6,0.0,0.4,0.6,0.0,0.4,0.6,0.0,0.4,0.6,0.0,0.4,0.0,0.4,0.4,0.4,0.4,0.4,0.0,0.0,0.0,0.0,0.4,0.4,1.0,1.0,1.0,0.4,1.0,1.0,1.0,1.0,1.0,1.0,4,0,0.0,0.0,0.4,0.0,0.0,0.0,0.0,0.0,0.0,0.0,0.0,1.0,0.0,0.0,0.0,0.0,0.0,0.043399130158799225,0.01099959828365556,0.01099959828365556,0.0,0.4722222222222222,0.4722222222222222,0,0,0,0,C1,0.0,0.0,0.00570722415718169,0.3,0.6,0.4,0.0,0.0,0.00570722415718169
phaseflip,mixed_pauli,0.01,3,1.0,10,qiskit_aer,1,1,0.9870574,0.9870574,0.0,0.0,1.0,1.0,0.0,0.0,0.012808699999999973,0.0050626602453650174,0.012276500000000135,0.0098020000000002,0.014800499999999994,0.007106449999999831,0.004900999999999711,1.0,0.6,0.5,0.4,0.0,0.5,0.5,0.5,-0.0044449896070456575,0.004260482221533207,-0.005353189607045783,-0.00544018960704562,-0.0005516896070455468,-0.010829489607045755,-0.015228689607045709,0.0,1.0,0.0,0.0,0.1,1.0,1.0,1.0,-0.0044449896070456575,0.004260482221533207,-0.005353189607045783,-0.00544018960704562,-0.0005516896070455468,-0.010829489607045755,-0.015228689607045709,0.0,1.0,0.0,0.0,0.1,1.0,1.0,1.0,0.0,0.01725368960704563,0.1725368960704563,0.030153689607045342,0.030153689607045342,0.0057072241571817115,0.007815682698796768,0.007351499999999844,-0.0005516896070455468,0.013550875000000046,-0.005430189607045643,-0.005452689607045591,0.6,1.0,0.3,0.0,0.0,0.7,0.7,0.7,0.0,0.007101475842818261,0.07101475842818261,0.025653689607045525,0.030153689607045342,0.0057072241571817115,0.007815682698796768,0.007351499999999844,-0.0005516896070455468,0.013550875000000046,-0.005430189607045643,-0.005452689607045591,0.6,1.0,0.3,0.0,0.0,0.7,0.7,0.7,0.0,0.007101475842818261,0.07101475842818261,0.025653689607045525,0.030153689607045342,0.0057072241571817115,0.007815682698796768,0.007351499999999844,-0.0005516896070455468,0.013550875000000046,-0.005430189607045643,-0.005452689607045591,0.6,1.0,0.3,0.0,0.0,0.7,0.7,0.7,0.0,0.007101475842818261,0.07101475842818261,0.025653689607045525,0.030153689607045342,1.0,1.0,0.4,0.4,0.4,0.0,1.0,0.0,1.0,0.4,1.0,1.0,0.4,1.0,1.0,0.4,1.0,1.0,0.4,0.6,0.4,0.4,0.4,0.4,0.4,0.0,0.0,0.0,0.0,0.4,0.4,1.0,1.0,1.0,0.4,1.0,1.0,1.0,1.0,1.0,1.0,4,0,0.0,0.0,0.4,0.0,0.0,0.0,0.0,0.0,0.0,0.0,0.0,1.0,0.0,0.0,0.0,0.0,0.0,-0.18705737588657598,0.01099959828365556,0.01099959828365556,0.0,0.0,0.0,0,0,0,0,C2,0.0,0.0,0.0057072241571817115,0.3,0.6,0.4,0.0,0.0,0.0057072241571817115
phaseflip,mixed_pauli,0.01,4,0.25,10,qiskit_aer,1,1,0.982649401,0.240042878,0.9666666666666667,0.7555555555555555,0.0,1.0,1.0,0.0,0.01709455799999996,0.0059076660233408195,0.014714870000000047,0.014653989999999839,0.019481474999999998,0.00972712349999994,0.009705960000000013,1.0,0.9,0.3,0.0,0.0,0.0,0.0,0.7,0.0037612683929543313,0.004553711682236412,0.004300300392954259,0.000600047892954314,0.007792277892954391,-0.0032614816070456907,-0.00537793960704569,0.7,1.0,0.0,0.0,0.0,0.0,0.0,1.0,0.016059189039295384,0.00630539202251418,0.014653990000000006,0.010978239999999834,0.018323422499999964,0.009347530716124968,0.009054270392954478,1.0,1.0,0.3,0.0,0.0,0.0,0.0,0.7,0.0,0.0010353689607045745,0.010353689607045746,0.005694529283875149,0.010353689607045746,0.016059189039295384,0.00630539202251418,0.014653990000000006,0.010978239999999834,0.018323422499999964,0.009347530716124968,0.009054270392954478,1.0,1.0,0.3,0.0,0.0,0.0,0.0,0.7,0.0,0.0010353689607045745,0.010353689607045746,0.005694529283875149,0.010353689607045746,0.016059189039295384,0.00630539202251418,0.014653990000000006,0.010978239999999834,0.018323422499999964,0.009347530716124968,0.009054270392954478,1.0,1.0,0.3,0.0,0.0,0.0,0.0,0.7,0.0,0.0010353689607045745,0.010353689607045746,0.005694529283875149,0.010353689607045746,0.01709455799999996,0.0059076660233408195,0.014714870000000047,0.014653989999999839,0.019481474999999998,0.00972712349999994,0.009705960000000013,1.0,0.9,0.3,0.0,0.0,0.0,0.0,0.7,2.166112591183837e-21,0.0,0.0,0.0,0.0,0.9,0.1,0.1,0.1,0.0,0.1,0.1,0.9,0.0,0.1,0.9,0.0,0.1,0.9,0.0,0.0,1.0,0.0,0.1,0.0,0.1,0.1,0.0,0.1,0.1,0.1,0.0,0.0,0.0,0.1,0.1,1.0,1.0,0.0,0.0,1.0,1.0,1.0,1.0,0.0,0.0,1,1,0.1,1.0,0.1,0.0,0.1,0.0,1.0,0.0,1.0,1.0,0.0,1.0,0.010353689607045746,0.0,0.010353689607045746,0.0010353689607045745,0.010353689607045746,-0.04004286434257898,2.166112591183837e-21,2.166112591183837e-21,0.0,1.0,1.5055555555555555,0,0,0,1,C3R,0.0,0.0,0.01709455799999996,0.3,1.0,0.0,0.0,0.0,0.01709455799999996
phaseflip,mixed_pauli,0.01,4,0.5,10,qiskit_aer,1,1,0.982649401,0.45821277816666667,0.7777777777777778,0.5333333333333333,0.0,1.0,1.0,0.0,0.017094557999999916,0.005907666023340857,0.014714870000000047,0.014653989999999784,0.019481474999999998,0.00972712349999984,0.009705960000000013,1.0,0.8,0.3,0.0,0.0,0.0,0.0,0.7,0.0037612683929543313,0.004553711682236412,0.004300300392954259,0.000600047892954314,0.007792277892954391,-0.0032614816070456907,-0.00537793960704569,0.7,1.0,0.0,0.0,0.0,0.0,0.0,1.0,0.013043820078590807,0.006376418722819853,0.014653989999999784,0.009717717499999917,0.014745310000000067,0.0037033368929543847,-0.0006746996070456923,0.9,1.0,0.2,0.0,0.0,0.0,0.0,0.8,0.0,0.004050737921409109,0.04050737921409109,0.0212436896070455,0.030153689607045342,0.013043820078590807,0.006376418722819853,0.014653989999999784,0.009717717499999917,0.014745310000000067,0.0037033368929543847,-0.0006746996070456923,0.9,1.0,0.2,0.0,0.0,0.0,0.0,0.8,0.0,0.004050737921409109,0.04050737921409109,0.0212436896070455,0.030153689607045342,0.013043820078590807,0.006376418722819853,0.014653989999999784,0.009717717499999917,0.014745310000000067,0.0037033368929543847,-0.0006746996070456923,0.9,1.0,0.2,0.0,0.0,0.0,0.0,0.8,0.0,0.004050737921409109,0.04050737921409109,0.0212436896070455,0.030153689607045342,0.017094557999999916,0.005907666023340857,0.014714870000000047,0.014653989999999784,0.019481474999999998,0.00972712349999984,0.009705960000000013,1.0,0.8,0.3,0.0,0.0,0.0,0.0,0.7,0.004647966849674839,0.0,0.0,0.0,0.0,0.9,0.2,0.2,0.2,0.0,0.2,0.2,0.8,0.0,0.2,0.8,0.0,0.2,0.8,0.0,0.0,1.0,0.0,0.2,0.0,0.2,0.2,0.0,0.2,0.2,0.2,0.0,0.0,0.0,0.2,0.2,1.0,1.0,0.3,0.0,1.0,1.0,1.0,1.0,0.0,0.0,2,2,0.2,1.0,0.2,0.0,0.2,0.0,1.0,0.0,1.0,1.0,0.0,1.0,0.04050737921409109,0.0,0.04050737921409109,0.004050737921409109,0.04050737921409109,-0.058212760262881864,0.004647966849674839,0.004647966849674839,0.0,0.95,1.0333333333333334,0,0,0,2,C3R,0.0,0.0,0.017094557999999916,0.3,1.0,0.0,0.0,0.0,0.017094557999999916
phaseflip,mixed_pauli,0.01,4,0.75,10,qiskit_aer,1,1,0.982649401,0.7368916174444444,0.4444444444444444,0.25,0.0,1.0,1.0,0.0,0.01709455799999996,0.0059076660233408195,0.014714870000000047,0.014653989999999839,0.019481474999999998,0.00972712349999994,0.009705960000000013,1.0,0.6,0.3,0.0,0.0,0.0,0.0,0.7,0.0037612683929543313,0.004553711682236412,0.004300300392954259,0.000600047892954314,0.007792277892954391,-0.0032614816070456907,-0.00537793960704569,0.7,1.0,0.0,0.0,0.0,0.0,0.0,1.0,0.010973082157181702,0.0071513675652301895,0.009729474999999932,0.005488792892954314,0.014745310000000011,0.0015640503929542859,-0.0006746996070456923,0.9,1.0,0.2,0.0,0.0,0.0,0.0,0.8,0.0,0.006121475842818258,0.06121475842818258,0.0212436896070455,0.030153689607045342,0.010973082157181702,0.0071513675652301895,0.009729474999999932,0.005488792892954314,0.014745310000000011,0.0015640503929542859,-0.0006746996070456923,0.9,1.0,0.2,0.0,0.0,0.0,0.0,0.8,0.0,0.006121475842818258,0.06121475842818258,0.0212436896070455,0.030153689607045342,0.010973082157181702,0.0071513675652301895,0.009729474999999932,0.005488792892954314,0.014745310000000011,0.0015640503929542859,-0.0006746996070456923,0.9,1.0,0.2,0.0,0.0,0.0,0.0,0.8,0.0,0.006121475842818258,0.06121475842818258,0.0212436896070455,0.030153689607045342,0.010973082157181702,0.0071513675652301895,0.009729474999999932,0.005488792892954314,0.014745310000000011,0.0015640503929542859,-0.0006746996070456923,0.9,1.0,0.2,0.0,0.0,0.0,0.0,0.8,0.0,0.006121475842818258,0.06121475842818258,0.0212436896070455,0.030153689607045342,0.9,0.4,0.4,0.4,0.4,0.0,0.4,0.6,0.0,0.4,0.6,0.0,0.4,0.6,0.0,0.4,0.6,0.0,0.4,0.0,0.4,0.4,0.4,0.4,0.4,0.0,0.0,0.0,0.0,0.4,0.4,1.0,1.0,1.0,0.4,1.0,1.0,1.0,1.0,1.0,1.0,4,0,0.0,0.0,0.4,0.0,0.0,0.0,0.0,0.0,0.0,0.0,0.0,1.0,0.0,0.0,0.0,0.0,0.0,0.06310840140935277,0.02496553194251444,0.02496553194251444,0.0,0.5,0.5,0,0,0,0,C1,0.0,0.0,0.010973082157181702,0.2,0.9,0.4,0.0,0.0,0.010973082157181702
phaseflip,mixed_pauli,0.01,4,1.0,10,qiskit_aer,1,1,0.982649401,0.982649401,0.0,0.0,1.0,1.0,0.0,0.0,0.017094557999999916,0.005907666023340857,0.014714869999999936,0.014653989999999839,0.019481474999999998,0.00972712349999984,0.009705960000000013,1.0,0.8,0.3,0.2,0.0,0.7,0.7,0.7,0.0037612683929543313,0.004553711682236412,0.004300300392954259,0.000600047892954314,0.007792277892954391,-0.0032614816070456907,-0.00537793960704569,0.7,1.0,0.0,0.0,0.0,1.0,1.0,1.0,0.005776637353658909,0.007685658242106197,0.004300300392954259,0.0006245503929543095,0.009029770392954467,-0.0032614816070456907,-0.00537793960704569,0.7,1.0,0.1,0.0,0.0,0.9,0.9,0.9,0.0,0.011317920646341007,0.11317920646341006,0.025653689607045428,0.030153689607045342,0.015023820078590766,0.007232957034194009,0.014653989999999895,0.009717717499999917,0.01832342249999991,0.006439586892954358,0.004300300392954259,1.0,1.0,0.3,0.0,0.0,0.7,0.7,0.7,0.0,0.002070737921409149,0.020707379214091493,0.010353689607045746,0.010353689607045746,0.015023820078590766,0.007232957034194009,0.014653989999999895,0.009717717499999917,0.01832342249999991,0.006439586892954358,0.004300300392954259,1.0,1.0,0.3,0.0,0.0,0.7,0.7,0.7,0.0,0.002070737921409149,0.020707379214091493,0.010353689607045746,0.010353689607045746,0.015023820078590766,0.007232957034194009,0.014653989999999895,0.009717717499999917,0.01832342249999991,0.006439586892954358,0.004300300392954259,1.0,1.0,0.3,0.0,0.0,0.7,0.7,0.7,0.0,0.002070737921409149,0.020707379214091493,0.010353689607045746,0.010353689607045746,0.9,0.9,0.2,0.2,0.2,0.0,0.9,0.125,1.0,0.2,1.0,1.0,0.2,1.0,1.0,0.2,1.0,1.0,0.2,0.7,0.2,0.2,0.2,0.2,0.2,0.0,0.0,0.0,0.0,0.2,0.2,1.0,1.0,1.0,0.2,1.0,1.0,1.0,1.0,1.0,1.0,2,0,0.0,0.0,0.2,0.0,0.0,0.0,0.0,0.0,0.0,0.0,0.0,1.0,0.0,0.0,0.0,0.0,0.0,-0.5826493870183967,1.867034853552012e-21,1.867034853552012e-21,0.0,0.0,0.0,0,0,0,0,C2,0.0,0.0,0.015023820078590766,0.3,1.0,0.2,0.0,0.0,0.015023820078590766
phaseflip,mixed_pauli,0.03,1,0.25,10,qiskit_aer,1,1,0.9895,0.2252777777777778,0.9666666666666667,0.7722222222222223,0.0,1.0,1.0,0.0,0.010499999999999898,0.011715374513859893,0.007499999999999896,0.0,0.014999999999999791,0.0,0.0,1.0,0.4,0.5,0.0,0.0,0.0,0.0,0.5,-0.004653689607045541,0.006873863542433766,-0.00015368960704553736,-0.011403689607045547,-0.00015368960704553736,-0.01515368960704555,-0.01515368960704555,0.0,1.0,0.0,0.0,0.3,0.0,0.0,1.0,0.007407786235772595,0.010131084610360499,-0.00015368960704553736,-0.00015368960704553736,0.014999999999999791,-0.00015368960704553736,-0.00015368960704553736,0.4,1.0,0.4,0.0,0.0,0.0,0.0,0.6,0.0,0.003092213764227303,0.03092213764227303,0.0166536896070454,0.030153689607045342,0.007407786235772595,0.010131084610360499,-0.00015368960704553736,-0.00015368960704553736,0.014999999999999791,-0.00015368960704553736,-0.00015368960704553736,0.4,1.0,0.4,0.0,0.0,0.0,0.0,0.6,0.0,0.003092213764227303,0.03092213764227303,0.0166536896070454,0.030153689607045342,0.007407786235772595,0.010131084610360499,-0.00015368960704553736,-0.00015368960704553736,0.014999999999999791,-0.00015368960704553736,-0.00015368960704553736,0.4,1.0,0.4,0.0,0.0,0.0,0.0,0.6,0.0,0.003092213764227303,0.03092213764227303,0.0166536896070454,0.030153689607045342,0.010499999999999898,0.011715374513859893,0.007499999999999896,0.0,0.014999999999999791,0.0,0.0,1.0,0.4,0.5,0.0,0.0,0.0,0.0,0.5,0.03499622717099749,0.0,0.0,0.0,0.0,1.0,0.6,0.6,0.6,0.0,0.6,0.6,0.4,0.0,0.6,0.4,0.0,0.6,0.4,0.0,0.0,1.0,0.0,0.6,0.0,0.6,0.6,0.0,0.6,0.6,0.6,0.0,0.0,0.0,0.6,0.6,1.0,1.0,0.0,0.0,1.0,1.0,1.0,1.0,0.0,0.0,6,6,0.6,1.0,0.1,0.0,0.1,0.0,0.16666666666666666,0.0,0.16666666666666666,1.0,0.0,1.0,0.03092213764227303,0.0,0.03092213764227303,0.003092213764227303,0.03092213764227303,0.9747222481423882,0.03499622717099749,0.03499622717099749,0.0,1.0,1.5222222222222221,0,0,0,6,C3R,0.0,0.0,0.010499999999999898,0.5,1.0,0.0,0.0,0.0,0.010499999999999898
phaseflip,mixed_pauli,0.03,1,0.5,10,qiskit_aer,1,1,0.9895,0.4514722222222222,0.8222222222222222,0.5333333333333333,0.0,1.0,1.0,0.0,0.010499999999999898,0.011715374513859893,0.007499999999999896,0.0,0.014999999999999791,0.0,0.0,1.0,0.3,0.5,0.0,0.0,0.0,0.0,0.5,-0.004653689607045541,0.006873863542433766,-0.00015368960704553736,-0.011403689607045547,-0.00015368960704553736,-0.01515368960704555,-0.01515368960704555,0.0,1.0,0.0,0.0,0.3,0.0,0.0,1.0,0.004392417275068061,0.006944292968215083,-0.00015368960704553736,-0.00015368960704553736,0.011211577598238459,-0.00015368960704553736,-0.00015368960704553736,0.3,1.0,0.3,0.0,0.0,0.0,0.0,0.7,0.0,0.006107582724931837,0.06107582724931837,0.030153689607045342,0.030153689607045342,0.004392417275068061,0.006944292968215083,-0.00015368960704553736,-0.00015368960704553736,0.011211577598238459,-0.00015368960704553736,-0.00015368960704553736,0.3,1.0,0.3,0.0,0.0,0.0,0.0,0.7,0.0,0.006107582724931837,0.06107582724931837,0.030153689607045342,0.030153689607045342,0.004392417275068061,0.006944292968215083,-0.00015368960704553736,-0.00015368960704553736,0.011211577598238459,-0.00015368960704553736,-0.00015368960704553736,0.3,1.0,0.3,0.0,0.0,0.0,0.0,0.7,0.0,0.006107582724931837,0.06107582724931837,0.030153689607045342,0.030153689607045342,0.01046926207859079,0.01174305222797035,0.007499999999999896,0.0,0.014999999999999791,-0.00015368960704553736,-0.00015368960704553736,0.8,0.5,0.5,0.0,0.0,0.0,0.0,0.5,0.0349962271709975,3.0737921409107474e-05,0.0003073792140910747,0.00015368960704553736,0.00015368960704553736,1.0,0.7,0.7,0.7,0.2,0.5,0.7,0.3,0.0,0.7,0.3,0.0,0.7,0.3,0.0,0.2,0.8,0.0,0.7,0.0,0.7,0.7,0.2,0.7,0.7,0.5,0.0,0.0,0.0,0.7,0.7,1.0,1.0,0.2,0.2,1.0,1.0,1.0,1.0,0.2857142857142857,0.2857142857142857,7,5,0.5,0.7142857142857143,0.2,0.0,0.2,0.0,0.4,0.0,0.4,1.0,0.0,1.0,0.060768448035227296,0.0,0.060768448035227296,0.00607684480352273,0.060768448035227296,0.9485278042743599,0.0349962271709975,0.0349962271709975,0.0,0.9777777777777777,1.0333333333333334,0,0,0,5,C3R,0.0,0.0,0.01046926207859079,0.5,0.8,0.2,0.0,0.0,0.01046926207859079
phaseflip,mixed_pauli,0.03,1,0.75,10,qiskit_aer,1,1,0.9895,0.7585833333333334,0.37777777777777777,0.23333333333333334,0.0,1.0,1.0,0.0,0.010499999999999898,0.011715374513859893,0.007499999999999896,0.0,0.014999999999999791,0.0,0.0,1.0,0.4,0.5,0.0,0.0,0.0,0.0,0.5,-0.004653689607045541,0.006873863542433766,-0.00015368960704553736,-0.011403689607045547,-0.00015368960704553736,-0.01515368960704555,-0.01515368960704555,0.0,1.0,0.0,0.0,0.3,0.0,0.0,1.0,0.007407786235772595,0.010131084610360499,-0.00015368960704553736,-0.00015368960704553736,0.014999999999999791,-0.00015368960704553736,-0.00015368960704553736,0.4,1.0,0.4,0.0,0.0,0.0,0.0,0.6,0.0,0.003092213764227303,0.03092213764227303,0.0166536896070454,0.030153689607045342,0.007407786235772595,0.010131084610360499,-0.00015368960704553736,-0.00015368960704553736,0.014999999999999791,-0.00015368960704553736,-0.00015368960704553736,0.4,1.0,0.4,0.0,0.0,0.0,0.0,0.6,0.0,0.003092213764227303,0.03092213764227303,0.0166536896070454,0.030153689607045342,0.007407786235772595,0.010131084610360499,-0.00015368960704553736,-0.00015368960704553736,0.014999999999999791,-0.00015368960704553736,-0.00015368960704553736,0.4,1.0,0.4,0.0,0.0,0.0,0.0,0.6,0.0,0.003092213764227303,0.03092213764227303,0.0166536896070454,0.030153689607045342,0.007407786235772595,0.010131084610360499,-0.00015368960704553736,-0.00015368960704553736,0.014999999999999791,-0.00015368960704553736,-0.00015368960704553736,0.4,1.0,0.4,0.0,0.0,0.0,0.0,0.6,0.0,0.003092213764227303,0.03092213764227303,0.0166536896070454,0.030153689607045342,1.0,0.6,0.6,0.6,0.6,0.0,0.6,0.4,0.0,0.6,0.4,0.0,0.6,0.4,0.0,0.6,0.4,0.0,0.6,0.0,0.6,0.6,0.6,0.6,0.6,0.0,0.0,0.0,0.0,0.6,0.6,1.0,1.0,1.0,0.6,1.0,1.0,1.0,1.0,1.0,1.0,6,0,0.0,0.0,0.1,0.0,0.0,0.0,0.0,0.0,0.0,0.0,0.0,1.0,0.0,0.0,0.0,0.0,0.0,0.44141669258683264,0.03499622717099749,0.03499622717099749,0.0,0.48333333333333334,0.48333333333333334,0,0,0,0,C1,0.0,0.0,0.007407786235772595,0.4,0.4,0.6,0.0,0.0,0.007407786235772595
phaseflip,mixed_pauli,0.03,1,1.0,10,qiskit_aer,1,1,0.9895,0.9895,0.0,0.0,1.0,1.0,0.0,0.0,0.010499999999999898,0.011715374513859893,0.007499999999999896,0.0,0.014999999999999791,0.0,0.0,1.0,0.4,0.5,0.6,0.0,0.5,0.5,0.5,-0.004653689607045541,0.006873863542433766,-0.00015368960704553736,-0.011403689607045547,-0.00015368960704553736,-0.01515368960704555,-0.01515368960704555,0.0,1.0,0.0,0.0,0.3,1.0,1.0,1.0,-0.004653689607045541,0.006873863542433766,-0.00015368960704553736,-0.011403689607045547,-0.00015368960704553736,-0.01515368960704555,-0.01515368960704555,0.0,1.0,0.0,0.0,0.3,1.0,1.0,1.0,0.0,0.01515368960704544,0.1515368960704544,0.030153689607045342,0.030153689607045342,0.007407786235772595,0.010131084610360499,-0.00015368960704553736,-0.00015368960704553736,0.014999999999999791,-0.00015368960704553736,-0.00015368960704553736,0.4,1.0,0.4,0.0,0.0,0.6,0.6,0.6,0.0,0.003092213764227303,0.03092213764227303,0.0166536896070454,0.030153689607045342,0.007407786235772595,0.010131084610360499,-0.00015368960704553736,-0.00015368960704553736,0.014999999999999791,-0.00015368960704553736,-0.00015368960704553736,0.4,1.0,0.4,0.0,0.0,0.6,0.6,0.6,0.0,0.003092213764227303,0.03092213764227303,0.0166536896070454,0.030153689607045342,0.007407786235772595,0.010131084610360499,-0.00015368960704553736,-0.00015368960704553736,0.014999999999999791,-0.00015368960704553736,-0.00015368960704553736,0.4,1.0,0.4,0.0,0.0,0.6,0.6,0.6,0.0,0.003092213764227303,0.03092213764227303,0.0166536896070454,0.030153689607045342,1.0,1.0,0.6,0.6,0.6,0.0,1.0,0.0,1.0,0.6,1.0,1.0,0.6,1.0,1.0,0.6,1.0,1.0,0.6,0.4,0.6,0.6,0.6,0.6,0.6,0.0,0.0,0.0,0.0,0.6,0.6,1.0,1.0,1.0,0.6,1.0,1.0,1.0,1.0,1.0,1.0,6,0,0.0,0.0,0.1,0.0,0.0,0.0,0.0,0.0,0.0,0.0,0.0,1.0,0.0,0.0,0.0,0.0,0.0,0.21050002629310566,0.03499622717099749,0.03499622717099749,0.0,0.0,0.0,0,0,0,0,C2,0.0,0.0,0.007407786235772595,0.4,0.4,0.6,0.0,0.0,0.007407786235772595
phaseflip,mixed_pauli,0.03,2,0.25,10,qiskit_aer,1,1,0.9775675,0.22287111111111113,0.9555555555555555,0.7666666666666667,0.0,1.0,1.0,0.0,0.02198249999999994,0.013599981847414221,0.029100000000000015,0.01454999999999984,0.029100000000000015,2.220446049250313e-16,2.220446049250313e-16,1.0,0.4,0.2,0.0,0.0,0.0,0.0,0.8,0.021468810392954396,0.009682732375213202,0.028046310392954465,0.014396310392954303,0.028946310392954477,0.0062700603929542525,-0.00037868960704579013,0.9,1.0,0.0,0.0,0.0,0.0,0.0,1.0,0.02453028623577259,0.006618157045716097,0.02849631039295447,0.017924077598238497,0.02906157759823863,0.014396310392954303,0.014396310392954303,1.0,1.0,0.1,0.0,0.0,0.0,0.0,0.9,0.0,0.0030614758428181956,0.030614758428181954,0.0166536896070454,0.030153689607045342,0.02453028623577259,0.006618157045716097,0.02849631039295447,0.017924077598238497,0.02906157759823863,0.014396310392954303,0.014396310392954303,1.0,1.0,0.1,0.0,0.0,0.0,0.0,0.9,0.0,0.0030614758428181956,0.030614758428181954,0.0166536896070454,0.030153689607045342,0.02453028623577259,0.006618157045716097,0.02849631039295447,0.017924077598238497,0.02906157759823863,0.014396310392954303,0.014396310392954303,1.0,1.0,0.1,0.0,0.0,0.0,0.0,0.9,0.0,0.0030614758428181956,0.030614758428181954,0.0166536896070454,0.030153689607045342,0.02198249999999994,0.013599981847414221,0.029100000000000015,0.01454999999999984,0.029100000000000015,2.220446049250313e-16,2.220446049250313e-16,1.0,0.4,0.2,0.0,0.0,0.0,0.0,0.8,7.120694592596972e-20,0.0056092620785908485,0.05609262078590849,0.028046310392954243,0.028046310392954243,0.7,0.6,0.6,0.6,0.0,0.6,0.6,0.5,1.0,0.6,0.5,1.0,0.6,0.5,1.0,0.0,1.0,0.0,0.6,0.0,0.6,0.6,0.0,0.6,0.6,0.6,0.0,0.0,0.0,0.6,0.6,1.0,1.0,0.0,0.0,1.0,1.0,1.0,1.0,0.0,0.0,6,6,0.6,1.0,0.1,0.2,0.1,0.2,0.16666666666666666,0.3333333333333333,0.16666666666666666,1.0,1.0,0.0,0.030614758428181954,0.05609262078590849,-0.025477862357726533,-0.0025477862357726534,-0.025477862357726533,0.9771289076118906,7.120694592596972e-20,7.120694592596972e-20,0.0,1.0,1.5166666666666666,0,0,0,6,C3R,0.0,0.0,0.02198249999999994,0.2,1.0,0.0,0.0,0.0,0.02453028623577259
phaseflip,mixed_pauli,0.03,2,0.5,10,qiskit_aer,1,1,0.9775675,0.4297459722222222,0.8,0.55,0.0,1.0,1.0,0.0,0.02198249999999994,0.013599981847414221,0.029100000000000015,0.01454999999999984,0.029100000000000015,2.220446049250313e-16,2.220446049250313e-16,1.0,0.4,0.2,0.0,0.0,0.0,0.0,0.8,0.021468810392954396,0.009682732375213202,0.028046310392954465,0.014396310392954303,0.028946310392954477,0.0062700603929542525,-0.00037868960704579013,0.9,1.0,0.0,0.0,0.0,0.0,0.0,1.0,0.02453028623577259,0.006618157045716097,0.02849631039295447,0.017924077598238497,0.02906157759823863,0.014396310392954303,0.014396310392954303,1.0,1.0,0.1,0.0,0.0,0.0,0.0,0.9,0.0,0.0030614758428181956,0.030614758428181954,0.0166536896070454,0.030153689607045342,0.02453028623577259,0.006618157045716097,0.02849631039295447,0.017924077598238497,0.02906157759823863,0.014396310392954303,0.014396310392954303,1.0,1.0,0.1,0.0,0.0,0.0,0.0,0.9,0.0,0.0030614758428181956,0.030614758428181954,0.0166536896070454,0.030153689607045342,0.02453028623577259,0.006618157045716097,0.02849631039295447,0.017924077598238497,0.02906157759823863,0.014396310392954303,0.014396310392954303,1.0,1.0,0.1,0.0,0.0,0.0,0.0,0.9,0.0,0.0030614758428181956,0.030614758428181954,0.0166536896070454,0.030153689607045342,0.024756393117886254,0.011516656580276128,0.029023155196477246,0.017924077598238497,0.029100000000000015,0.006478339676829559,2.220446049250313e-16,1.0,0.7,0.2,0.0,0.0,0.0,0.0,0.8,3.621977054518878e-20,0.002835368960704532,0.028353689607045318,0.015494631039295296,0.028046310392954243,0.7,0.6,0.6,0.6,0.3,0.3,0.6,0.5,1.0,0.6,0.5,1.0,0.6,0.5,1.0,0.3,0.75,0.5,0.6,0.0,0.6,0.6,0.3,0.6,0.6,0.3,0.0,0.0,0.0,0.6,0.6,1.0,1.0,0.3,0.3,1.0,1.0,1.0,1.0,0.5,0.5,6,3,0.3,0.5,0.1,0.2,0.1,0.1,0.3333333333333333,0.3333333333333333,0.3333333333333333,1.0,0.5,0.5,0.03030737921409088,0.028046310392954243,0.002261068821136636,0.0002261068821136636,0.002261068821136636,0.7702540464499285,7.243954109037755e-20,7.243954109037755e-20,0.0,0.9722222222222222,1.05,0,0,0,3,C3R,0.0,0.0,0.024756393117886254,0.2,1.0,0.3,0.0,0.0,0.024756393117886254
phaseflip,mixed_pauli,0.03,2,0.75,10,qiskit_aer,1,1,0.9775675,0.7491320833333334,0.3888888888888889,0.23333333333333334,0.0,1.0,1.0,0.0,0.02198249999999994,0.013599981847414221,0.029100000000000015,0.01454999999999984,0.029100000000000015,2.220446049250313e-16,2.220446049250313e-16,1.0,0.4,0.2,0.0,0.0,0.0,0.0,0.8,0.021468810392954396,0.009682732375213202,0.028046310392954465,0.014396310392954303,0.028946310392954477,0.0062700603929542525,-0.00037868960704579013,0.9,1.0,0.0,0.0,0.0,0.0,0.0,1.0,0.02453028623577259,0.006618157045716097,0.02849631039295447,0.017924077598238497,0.02906157759823863,0.014396310392954303,0.014396310392954303,1.0,1.0,0.1,0.0,0.0,0.0,0.0,0.9,0.0,0.0030614758428181956,0.030614758428181954,0.0166536896070454,0.030153689607045342,0.02453028623577259,0.006618157045716097,0.02849631039295447,0.017924077598238497,0.02906157759823863,0.014396310392954303,0.014396310392954303,1.0,1.0,0.1,0.0,0.0,0.0,0.0,0.9,0.0,0.0030614758428181956,0.030614758428181954,0.0166536896070454,0.030153689607045342,0.02453028623577259,0.006618157045716097,0.02849631039295447,0.017924077598238497,0.02906157759823863,0.014396310392954303,0.014396310392954303,1.0,1.0,0.1,0.0,0.0,0.0,0.0,0.9,0.0,0.0030614758428181956,0.030614758428181954,0.0166536896070454,0.030153689607045342,0.02453028623577259,0.006618157045716097,0.02849631039295447,0.017924077598238497,0.02906157759823863,0.014396310392954303,0.014396310392954303,1.0,1.0,0.1,0.0,0.0,0.0,0.0,0.9,0.0,0.0030614758428181956,0.030614758428181954,0.0166536896070454,0.030153689607045342,0.7,0.6,0.6,0.6,0.6,0.0,0.6,0.5,1.0,0.6,0.5,1.0,0.6,0.5,1.0,0.6,0.5,1.0,0.6,0.0,0.6,0.6,0.6,0.6,0.6,0.0,0.0,0.0,0.0,0.6,0.6,1.0,1.0,1.0,0.6,1.0,1.0,1.0,1.0,1.0,1.0,6,0,0.0,0.0,0.1,0.2,0.0,0.0,0.0,0.0,0.0,0.0,0.0,1.0,0.0,0.0,0.0,0.0,0.0,0.4508679354616981,7.120694592596972e-20,7.120694592596972e-20,0.0,0.48333333333333334,0.48333333333333334,0,0,0,0,C1,0.0,0.0,0.02453028623577259,0.1,1.0,0.6,0.0,0.0,0.02453028623577259
phaseflip,mixed_pauli,0.03,2,1.0,10,qiskit_aer,1,1,0.9775675,0.9775675,0.0,0.0,1.0,1.0,0.0,0.0,0.02198249999999994,0.013599981847414221,0.029100000000000015,0.01454999999999984,0.029100000000000015,2.220446049250313e-16,2.220446049250313e-16,1.0,0.4,0.2,0.6,0.0,0.8,0.8,0.8,0.021468810392954396,0.009682732375213202,0.028046310392954465,0.014396310392954303,0.028946310392954477,0.0062700603929542525,-0.00037868960704579013,0.9,1.0,0.0,0.0,0.0,1.0,1.0,1.0,0.021468810392954396,0.009682732375213202,0.028046310392954465,0.014396310392954303,0.028946310392954477,0.0062700603929542525,-0.00037868960704579013,0.9,1.0,0.0,0.0,0.0,1.0,1.0,1.0,0.0,0.006122951685636391,0.06122951685636391,0.030153689607045342,0.030153689607045342,0.02453028623577259,0.006618157045716097,0.02849631039295447,0.017924077598238497,0.02906157759823863,0.014396310392954303,0.014396310392954303,1.0,1.0,0.1,0.0,0.0,0.9,0.9,0.9,0.0,0.0030614758428181956,0.030614758428181954,0.0166536896070454,0.030153689607045342,0.02453028623577259,0.006618157045716097,0.02849631039295447,0.017924077598238497,0.02906157759823863,0.014396310392954303,0.014396310392954303,1.0,1.0,0.1,0.0,0.0,0.9,0.9,0.9,0.0,0.0030614758428181956,0.030614758428181954,0.0166536896070454,0.030153689607045342,0.02453028623577259,0.006618157045716097,0.02849631039295447,0.017924077598238497,0.02906157759823863,0.014396310392954303,0.014396310392954303,1.0,1.0,0.1,0.0,0.0,0.9,0.9,0.9,0.0,0.0030614758428181956,0.030614758428181954,0.0166536896070454,0.030153689607045342,0.7,1.0,0.6,0.6,0.6,0.0,1.0,0.0,1.0,0.6,1.0,1.0,0.6,1.0,1.0,0.6,1.0,1.0,0.6,0.4,0.6,0.6,0.6,0.6,0.6,0.0,0.0,0.0,0.0,0.6,0.6,1.0,1.0,1.0,0.6,1.0,1.0,1.0,1.0,1.0,1.0,6,0,0.0,0.0,0.1,0.2,0.0,0.0,0.0,0.0,0.0,0.0,0.0,1.0,0.0,0.0,0.0,0.0,0.0,0.22243251896767538,7.120694592596972e-20,7.120694592596972e-20,0.0,0.0,0.0,0,0,0,0,C2,0.0,0.0,0.02453028623577259,0.1,1.0,0.6,0.0,0.0,0.02453028623577259
phaseflip,mixed_pauli,0.03,3,0.25,10,qiskit_aer,1,1,0.9615148000000001,0.21407052222222223,0.9555555555555555,0.7777777777777778,0.0,1.0,1.0,0.0,0.03729990000000012,0.014968253874116252,0.0355155000000002,0.028254000000000223,0.04321350000000024,0.02048415000000022,0.014127000000000223,1.0,0.5,0.2,0.0,0.0,0.0,0.0,0.8,0.04524621039295444,0.012205521866761831,0.04305981039295448,0.042285810392954454,0.05630031039295447,0.02677221039295436,0.014171310392954273,1.0,1.0,0.0,0.0,0.0,0.0,0.0,1.0,0.04286305519647724,0.01576110953877288,0.04305981039295448,0.03184632759823877,0.053306482794715754,0.02048415000000022,0.014127000000000223,1.0,1.0,0.2,0.0,0.0,0.0,0.0,0.8,0.0,0.00846,0.08460000000000001,0.028046310392954243,0.028046310392954243,0.04286305519647724,0.01576110953877288,0.04305981039295448,0.03184632759823877,0.053306482794715754,0.02048415000000022,0.014127000000000223,1.0,1.0,0.2,0.0,0.0,0.0,0.0,0.8,0.0,0.00846,0.08460000000000001,0.028046310392954243,0.028046310392954243,0.04286305519647724,0.01576110953877288,0.04305981039295448,0.03184632759823877,0.053306482794715754,0.02048415000000022,0.014127000000000223,1.0,1.0,0.2,0.0,0.0,0.0,0.0,0.8,0.0,0.00846,0.08460000000000001,0.028046310392954243,0.028046310392954243,0.03729990000000012,0.014968253874116252,0.0355155000000002,0.028254000000000223,0.04321350000000024,0.02048415000000022,0.014127000000000223,1.0,0.5,0.2,0.0,0.0,0.0,0.0,0.8,0.028158761385438224,0.014023155196477122,0.14023155196477122,0.028046310392954243,0.028046310392954243,1.0,0.5,0.5,0.5,0.0,0.5,0.5,0.4,0.4,0.5,0.4,0.4,0.5,0.4,0.4,0.0,1.0,0.0,0.5,0.0,0.5,0.5,0.0,0.5,0.5,0.5,0.0,0.0,0.0,0.5,0.5,1.0,1.0,0.0,0.0,1.0,1.0,1.0,1.0,0.0,0.0,5,5,0.5,1.0,0.0,0.2,0.0,0.2,0.0,0.4,0.0,0.0,1.0,0.0,0.0004610688211372782,0.05609262078590849,-0.05563155196477121,-0.005563155196477121,-0.05563155196477121,0.7859294823267342,0.028158761385438224,0.028158761385438224,0.0,1.0,1.527777777777778,0,0,0,5,C1,0.0,0.0,0.04286305519647724,0.2,1.0,0.5,0.0,0.0,0.04286305519647724
phaseflip,mixed_pauli,0.03,3,0.5,10,qiskit_aer,1,1,0.9615148000000001,0.4540468555555556,0.7777777777777778,0.5166666666666667,0.0,1.0,1.0,0.0,0.03729990000000012,0.014968253874116252,0.0355155000000002,0.028254000000000223,0.04321350000000024,0.02048415000000022,0.014127000000000223,1.0,0.5,0.2,0.0,0.0,0.0,0.0,0.8,0.04524621039295444,0.012205521866761831,0.04305981039295448,0.042285810392954454,0.05630031039295447,0.02677221039295436,0.014171310392954273,1.0,1.0,0.0,0.0,0.0,0.0,0.0,1.0,0.04286305519647724,0.01576110953877288,0.04305981039295448,0.03184632759823877,0.053306482794715754,0.02048415000000022,0.014127000000000223,1.0,1.0,0.2,0.0,0.0,0.0,0.0,0.8,0.0,0.00846,0.08460000000000001,0.028046310392954243,0.028046310392954243,0.04286305519647724,0.01576110953877288,0.04305981039295448,0.03184632759823877,0.053306482794715754,0.02048415000000022,0.014127000000000223,1.0,1.0,0.2,0.0,0.0,0.0,0.0,0.8,0.0,0.00846,0.08460000000000001,0.028046310392954243,0.028046310392954243,0.04286305519647724,0.01576110953877288,0.04305981039295448,0.03184632759823877,0.053306482794715754,0.02048415000000022,0.014127000000000223,1.0,1.0,0.2,0.0,0.0,0.0,0.0,0.8,0.0,0.00846,0.08460000000000001,0.028046310392954243,0.028046310392954243,0.042878424157181814,0.015760943197691148,0.04305981039295448,0.03188475000000021,0.053306482794715754,0.02048415000000022,0.014127000000000223,1.0,0.9,0.2,0.0,0.0,0.0,0.0,0.8,0.028158761385438224,0.008444631039295426,0.08444631039295425,0.028046310392954243,0.028046310392954243,1.0,0.5,0.5,0.5,0.4,0.1,0.5,0.4,0.4,0.5,0.4,0.4,0.5,0.4,0.4,0.4,0.6,0.4,0.5,0.0,0.5,0.5,0.4,0.5,0.5,0.1,0.0,0.0,0.0,0.5,0.5,1.0,1.0,0.5,0.4,1.0,1.0,1.0,1.0,0.8,0.8,5,1,0.1,0.2,0.0,0.2,0.0,0.0,0.0,0.0,0.0,0.0,0.0,1.0,0.0001536896070457594,0.0,0.0001536896070457594,1.536896070457594e-05,0.0001536896070457594,0.545953149262326,0.028158761385438224,0.028158761385438224,0.0,0.9555555555555555,1.0166666666666666,0,0,0,1,C3R,0.0,0.0,0.042878424157181814,0.2,1.0,0.4,0.0,0.0,0.042878424157181814
phaseflip,mixed_pauli,0.03,3,0.75,10,qiskit_aer,1,1,0.9615148000000001,0.7259622055555557,0.38888888888888884,0.2222222222222222,0.0,1.0,1.0,0.0,0.03729990000000012,0.014968253874116252,0.0355155000000002,0.028254000000000223,0.04321350000000024,0.02048415000000022,0.014127000000000223,1.0,0.7,0.2,0.0,0.0,0.0,0.0,0.8,0.04524621039295444,0.012205521866761831,0.04305981039295448,0.042285810392954454,0.05630031039295447,0.02677221039295436,0.014171310392954273,1.0,1.0,0.0,0.0,0.0,0.0,0.0,1.0,0.04007379311788639,0.01561817747041171,0.04284156039295445,0.028254000000000223,0.04404712499999977,0.02048415000000022,0.014127000000000223,1.0,1.0,0.2,0.0,0.0,0.0,0.0,0.8,0.0,0.011249262078590849,0.11249262078590849,0.028046310392954243,0.028046310392954243,0.04007379311788639,0.01561817747041171,0.04284156039295445,0.028254000000000223,0.04404712499999977,0.02048415000000022,0.014127000000000223,1.0,1.0,0.2,0.0,0.0,0.0,0.0,0.8,0.0,0.011249262078590849,0.11249262078590849,0.028046310392954243,0.028046310392954243,0.04007379311788639,0.01561817747041171,0.04284156039295445,0.028254000000000223,0.04404712499999977,0.02048415000000022,0.014127000000000223,1.0,1.0,0.2,0.0,0.0,0.0,0.0,0.8,0.0,0.011249262078590849,0.11249262078590849,0.028046310392954243,0.028046310392954243,0.04007379311788639,0.01561817747041171,0.04284156039295445,0.028254000000000223,0.04404712499999977,0.02048415000000022,0.014127000000000223,1.0,1.0,0.2,0.0,0.0,0.0,0.0,0.8,0.0,0.011249262078590849,0.11249262078590849,0.028046310392954243,0.028046310392954243,0.9,0.3,0.3,0.3,0.3,0.0,0.3,0.6,0.2,0.3,0.6,0.2,0.3,0.6,0.2,0.3,0.6,0.2,0.3,0.0,0.3,0.3,0.3,0.3,0.3,0.0,0.0,0.0,0.0,0.3,0.3,1.0,1.0,1.0,0.3,1.0,1.0,1.0,1.0,1.0,1.0,3,0,0.0,0.0,0.0,0.1,0.0,0.0,0.0,0.0,0.0,0.0,0.0,1.0,0.0,0.0,0.0,0.0,0.0,-0.12596220097192545,0.01572280080046193,0.01572280080046193,0.0,0.4722222222222222,0.4722222222222222,0,0,0,0,C1,0.0,0.0,0.04007379311788639,0.2,1.0,0.3,0.0,0.0,0.04007379311788639
phaseflip,mixed_pauli,0.03,3,1.0,10,qiskit_aer,1,1,0.9615148000000001,0.9615148000000001,0.0,0.0,1.0,1.0,0.0,0.0,0.03729990000000012,0.014968253874116252,0.0355155000000002,0.028254000000000223,0.04321350000000024,0.02048415000000022,0.014127000000000223,1.0,0.5,0.2,0.5,0.0,0.8,0.8,0.8,0.04524621039295444,0.012205521866761831,0.04305981039295448,0.042285810392954454,0.05630031039295447,0.02677221039295436,0.014171310392954273,1.0,1.0,0.0,0.0,0.0,1.0,1.0,1.0,0.039636948314363596,0.012280853407616593,0.04239831039295444,0.031733827598238784,0.04305981039295448,0.02050852071612495,0.014171310392954273,1.0,1.0,0.0,0.0,0.0,1.0,1.0,1.0,0.0,0.011686106882113644,0.11686106882113645,0.030153689607045342,0.030153689607045342,0.04286305519647724,0.01576110953877288,0.04305981039295448,0.03184632759823877,0.053306482794715754,0.02048415000000022,0.014127000000000223,1.0,1.0,0.2,0.0,0.0,0.8,0.8,0.8,0.0,0.00846,0.08460000000000001,0.028046310392954243,0.028046310392954243,0.04286305519647724,0.01576110953877288,0.04305981039295448,0.03184632759823877,0.053306482794715754,0.02048415000000022,0.014127000000000223,1.0,1.0,0.2,0.0,0.0,0.8,0.8,0.8,0.0,0.00846,0.08460000000000001,0.028046310392954243,0.028046310392954243,0.04286305519647724,0.01576110953877288,0.04305981039295448,0.03184632759823877,0.053306482794715754,0.02048415000000022,0.014127000000000223,1.0,1.0,0.2,0.0,0.0,0.8,0.8,0.8,0.0,0.00846,0.08460000000000001,0.028046310392954243,0.028046310392954243,1.0,0.8,0.5,0.5,0.5,0.0,0.8,0.0,0.75,0.5,1.0,0.625,0.5,1.0,0.625,0.5,1.0,0.625,0.5,0.3,0.5,0.5,0.5,0.5,0.5,0.0,0.0,0.0,0.0,0.5,0.5,1.0,1.0,1.0,0.5,1.0,1.0,1.0,1.0,1.0,1.0,5,0,0.0,0.0,0.0,0.2,0.0,0.0,0.0,0.0,0.0,0.0,0.0,1.0,0.0,0.0,0.0,0.0,0.0,0.038485204680761595,0.02093183766884686,0.02093183766884686,0.0,0.0,0.0,0,0,0,0,C2,0.0,0.0,0.04286305519647724,0.2,1.0,0.5,0.0,0.0,0.04286305519647724
phaseflip,mixed_pauli,0.03,4,0.25,10,qiskit_aer,1,1,0.9488338810000001,0.22079438466666668,0.9666666666666667,0.7555555555555555,0.0,1.0,1.0,0.0,0.048932147999999995,0.017062603855765825,0.04247622000000001,0.04195718999999987,0.05544847500000019,0.027625903500000056,0.027458760000000026,1.0,0.9,0.1,0.0,0.0,0.0,0.0,0.9,0.06816925839295436,0.012727879856362473,0.07000350039295433,0.059196547892954365,0.07901067789295435,0.048415683392954253,0.04284156039295417,1.0,1.0,0.0,0.0,0.0,0.0,0.0,1.0,0.051736779039295445,0.01987239144211174,0.04247622000000001,0.04195718999999987,0.06589788000000024,0.027625903500000056,0.027458760000000026,1.0,1.0,0.1,0.0,0.0,0.0,0.0,0.9,0.0,0.0194785862357726,0.194785862357726,0.04262571039295436,0.05455431039295433,0.051736779039295445,0.01987239144211174,0.04247622000000001,0.04195718999999987,0.06589788000000024,0.027625903500000056,0.027458760000000026,1.0,1.0,0.1,0.0,0.0,0.0,0.0,0.9,0.0,0.0194785862357726,0.194785862357726,0.04262571039295436,0.05455431039295433,0.051736779039295445,0.01987239144211174,0.04247622000000001,0.04195718999999987,0.06589788000000024,0.027625903500000056,0.027458760000000026,1.0,1.0,0.1,0.0,0.0,0.0,0.0,0.9,0.0,0.0194785862357726,0.194785862357726,0.04262571039295436,0.05455431039295433,0.048932147999999995,0.017062603855765825,0.04247622000000001,0.04195718999999987,0.05544847500000019,0.027625903500000056,0.027458760000000026,1.0,0.9,0.1,0.0,0.0,0.0,0.0,0.9,2.166112591183837e-21,0.022283217275068046,0.22283217275068046,0.04262571039295436,0.05455431039295433,0.8,0.1,0.1,0.1,0.0,0.1,0.1,1.0,0.14285714285714285,0.1,1.0,0.14285714285714285,0.1,1.0,0.14285714285714285,0.0,1.0,0.0,0.1,0.0,0.1,0.1,0.0,0.1,0.1,0.1,0.0,0.0,0.0,0.1,0.1,1.0,1.0,0.0,0.0,1.0,1.0,1.0,1.0,0.0,0.0,1,1,0.1,1.0,0.0,0.1,0.0,0.1,0.0,1.0,0.0,0.0,1.0,0.0,0.0,0.028046310392954465,-0.028046310392954465,-0.0028046310392954464,-0.028046310392954465,-0.02079438320702628,2.166112591183837e-21,2.166112591183837e-21,0.0,1.0,1.5055555555555555,0,0,0,1,C3R,0.0,0.0,0.048932147999999995,0.1,1.0,0.0,0.0,0.0,0.051736779039295445
phaseflip,mixed_pauli,0.03,4,0.5,10,qiskit_aer,1,1,0.9488338810000001,0.41544308705555555,0.7777777777777778,0.5333333333333333,0.0,1.0,1.0,0.0,0.048932147999999995,0.017062603855765825,0.04247622000000001,0.04195718999999987,0.05544847500000019,0.027625903500000056,0.027458760000000026,1.0,0.8,0.1,0.0,0.0,0.0,0.0,0.9,0.06816925839295436,0.012727879856362473,0.07000350039295433,0.059196547892954365,0.07901067789295435,0.048415683392954253,0.04284156039295417,1.0,1.0,0.0,0.0,0.0,0.0,0.0,1.0,0.051721410078590865,0.0198792043076603,0.04239937519647713,0.04195718999999987,0.06589788000000024,0.027625903500000056,0.027458760000000026,1.0,1.0,0.1,0.0,0.0,0.0,0.0,0.9,0.0,0.019493955196477175,0.19493955196477175,0.04262571039295436,0.05455431039295433,0.051721410078590865,0.0198792043076603,0.04239937519647713,0.04195718999999987,0.06589788000000024,0.027625903500000056,0.027458760000000026,1.0,1.0,0.1,0.0,0.0,0.0,0.0,0.9,0.0,0.019493955196477175,0.19493955196477175,0.04262571039295436,0.05455431039295433,0.051721410078590865,0.0198792043076603,0.04239937519647713,0.04195718999999987,0.06589788000000024,0.027625903500000056,0.027458760000000026,1.0,1.0,0.1,0.0,0.0,0.0,0.0,0.9,0.0,0.019493955196477175,0.19493955196477175,0.04262571039295436,0.05455431039295433,0.048932147999999995,0.017062603855765825,0.04247622000000001,0.04195718999999987,0.05544847500000019,0.027625903500000056,0.027458760000000026,1.0,0.8,0.1,0.0,0.0,0.0,0.0,0.9,1.5425581662038152e-20,0.022283217275068046,0.22283217275068046,0.04262571039295436,0.05455431039295433,0.9,0.2,0.2,0.2,0.0,0.2,0.2,0.6666666666666666,0.14285714285714285,0.2,0.6666666666666666,0.14285714285714285,0.2,0.6666666666666666,0.14285714285714285,0.0,1.0,0.0,0.2,0.0,0.2,0.2,0.0,0.2,0.2,0.2,0.0,0.0,0.0,0.2,0.2,1.0,1.0,0.3,0.0,1.0,1.0,1.0,1.0,0.0,0.0,2,2,0.2,1.0,0.0,0.1,0.0,0.1,0.0,0.5,0.0,0.0,1.0,0.0,0.0001536896070457594,0.028046310392954465,-0.027892620785908706,-0.0027892620785908706,-0.027892620785908706,-0.015443085517892302,1.5425581662038152e-20,1.5425581662038152e-20,0.0,0.95,1.0333333333333334,0,0,0,2,C3R,0.0,0.0,0.048932147999999995,0.1,1.0,0.0,0.0,0.0,0.051721410078590865
phaseflip,mixed_pauli,0.03,4,0.75,10,qiskit_aer,1,1,0.9488338810000001,0.7007334352222223,0.4444444444444444,0.25,0.0,1.0,1.0,0.0,0.048932147999999995,0.017062603855765825,0.04247622000000001,0.04195718999999987,0.05544847500000019,0.027625903500000056,0.027458760000000026,1.0,0.8,0.1,0.0,0.0,0.0,0.0,0.9,0.06816925839295436,0.012727879856362473,0.07000350039295433,0.059196547892954365,0.07901067789295435,0.048415683392954253,0.04284156039295417,1.0,1.0,0.0,0.0,0.0,0.0,0.0,1.0,0.051721410078590865,0.0198792043076603,0.04239937519647713,0.04195718999999987,0.06589788000000024,0.027625903500000056,0.027458760000000026,1.0,1.0,0.1,0.0,0.0,0.0,0.0,0.9,0.0,0.019493955196477175,0.19493955196477175,0.04262571039295436,0.05455431039295433,0.051721410078590865,0.0198792043076603,0.04239937519647713,0.04195718999999987,0.06589788000000024,0.027625903500000056,0.027458760000000026,1.0,1.0,0.1,0.0,0.0,0.0,0.0,0.9,0.0,0.019493955196477175,0.19493955196477175,0.04262571039295436,0.05455431039295433,0.051721410078590865,0.0198792043076603,0.04239937519647713,0.04195718999999987,0.06589788000000024,0.027625903500000056,0.027458760000000026,1.0,1.0,0.1,0.0,0.0,0.0,0.0,0.9,0.0,0.019493955196477175,0.19493955196477175,0.04262571039295436,0.05455431039295433,0.051721410078590865,0.0198792043076603,0.04239937519647713,0.04195718999999987,0.06589788000000024,0.027625903500000056,0.027458760000000026,1.0,1.0,0.1,0.0,0.0,0.0,0.0,0.9,0.0,0.019493955196477175,0.19493955196477175,0.04262571039295436,0.05455431039295433,0.9,0.2,0.2,0.2,0.2,0.0,0.2,0.6666666666666666,0.14285714285714285,0.2,0.6666666666666666,0.14285714285714285,0.2,0.6666666666666666,0.14285714285714285,0.2,0.6666666666666666,0.14285714285714285,0.2,0.0,0.2,0.2,0.2,0.2,0.2,0.0,0.0,0.0,0.0,0.2,0.2,1.0,1.0,1.0,0.2,1.0,1.0,1.0,1.0,1.0,1.0,2,0,0.0,0.0,0.0,0.1,0.0,0.0,0.0,0.0,0.0,0.0,0.0,1.0,0.0,0.0,0.0,0.0,0.0,-0.3007334337508344,1.5425581662038152e-20,1.5425581662038152e-20,0.0,0.5,0.5,0,0,0,0,C1,0.0,0.0,0.051721410078590865,0.1,1.0,0.2,0.0,0.0,0.051721410078590865
phaseflip,mixed_pauli,0.03,4,1.0,10,qiskit_aer,1,1,0.9488338810000001,0.9488338810000001,0.0,0.0,1.0,1.0,0.0,0.0,0.04893214800000002,0.017062603855765815,0.04247622000000001,0.04195718999999992,0.05544847500000019,0.027625903500000056,0.027458760000000026,1.0,0.8,0.1,0.2,0.0,0.9,0.9,0.9,0.06816925839295436,0.012727879856362473,0.07000350039295433,0.059196547892954365,0.07901067789295435,0.048415683392954253,0.04284156039295417,1.0,1.0,0.0,0.0,0.0,1.0,1.0,1.0,0.0711846273536589,0.01287589435178166,0.07000350039295433,0.06936839289295443,0.08264757039295437,0.04870728339295424,0.04284156039295417,1.0,1.0,0.1,0.0,0.0,0.9,0.9,0.9,0.0,3.073792140915188e-05,0.0003073792140915188,0.0001536896070457594,0.0001536896070457594,0.05172141007859089,0.01987920430766029,0.04239937519647713,0.04195718999999992,0.06589788000000024,0.027625903500000056,0.027458760000000026,1.0,1.0,0.1,0.0,0.0,0.9,0.9,0.9,0.0,0.019493955196477154,0.19493955196477153,0.04262571039295436,0.05455431039295433,0.05172141007859089,0.01987920430766029,0.04239937519647713,0.04195718999999992,0.06589788000000024,0.027625903500000056,0.027458760000000026,1.0,1.0,0.1,0.0,0.0,0.9,0.9,0.9,0.0,0.019493955196477154,0.19493955196477153,0.04262571039295436,0.05455431039295433,0.05172141007859089,0.01987920430766029,0.04239937519647713,0.04195718999999992,0.06589788000000024,0.027625903500000056,0.027458760000000026,1.0,1.0,0.1,0.0,0.0,0.9,0.9,0.9,0.0,0.019493955196477154,0.19493955196477153,0.04262571039295436,0.05455431039295433,0.9,0.9,0.2,0.2,0.2,0.0,0.9,0.5,1.0,0.2,1.0,0.25,0.2,1.0,0.25,0.2,1.0,0.25,0.2,0.7,0.2,0.2,0.2,0.2,0.2,0.0,0.0,0.0,0.0,0.2,0.2,1.0,1.0,1.0,0.2,1.0,1.0,1.0,1.0,1.0,1.0,2,0,0.0,0.0,0.0,0.1,0.0,0.0,0.0,0.0,0.0,0.0,0.0,1.0,0.0,0.0,0.0,0.0,0.0,-0.5488338794118652,1.2960391333222491e-20,1.2960391333222491e-20,0.0,0.0,0.0,0,0,0,0,C1,0.0,0.0,0.0711846273536589,0.1,1.0,0.9,0.0,0.0,0.0711846273536589
phaseflip,mixed_pauli,0.05,1,0.25,10,qiskit_aer,1,1,0.9825,0.21819444444444444,0.9666666666666667,0.7722222222222223,0.0,1.0,1.0,0.0,0.017499999999999884,0.019525624189766517,0.0124999999999999,0.0,0.0249999999999998,0.0,0.0,1.0,0.7,0.5,0.0,0.0,0.0,0.0,0.5,0.012346310392954396,0.01145643923738956,0.01984631039295437,0.001096310392954436,0.01984631039295437,-0.005153689607045542,-0.005153689607045542,0.7,1.0,0.0,0.0,0.0,0.0,0.0,1.0,0.00845389311788628,0.016903591277768575,0.0,0.0,0.014884732794715777,-0.005153689607045542,-0.005153689607045542,0.8,1.0,0.2,0.0,0.0,0.0,0.0,0.8,0.0,0.018969262078590787,0.18969262078590787,0.030153689607045342,0.030153689607045342,0.00845389311788628,0.016903591277768575,0.0,0.0,0.014884732794715777,-0.005153689607045542,-0.005153689607045542,0.8,1.0,0.2,0.0,0.0,0.0,0.0,0.8,0.0,0.018969262078590787,0.18969262078590787,0.030153689607045342,0.030153689607045342,0.00845389311788628,0.016903591277768575,0.0,0.0,0.014884732794715777,-0.005153689607045542,-0.005153689607045542,0.8,1.0,0.2,0.0,0.0,0.0,0.0,0.8,0.0,0.018969262078590787,0.18969262078590787,0.030153689607045342,0.030153689607045342,0.017499999999999884,0.019525624189766517,0.0124999999999999,0.0,0.0249999999999998,0.0,0.0,1.0,0.7,0.5,0.0,0.0,0.0,0.0,0.5,0.0349962271709975,0.009923155196477185,0.09923155196477185,0.01984631039295437,0.01984631039295437,1.0,0.3,0.3,0.3,0.0,0.3,0.3,0.4,0.0,0.3,0.4,0.0,0.3,0.4,0.0,0.0,1.0,0.0,0.3,0.0,0.3,0.3,0.0,0.3,0.3,0.3,0.0,0.0,0.0,0.3,0.3,1.0,1.0,0.0,0.0,1.0,1.0,1.0,1.0,0.0,0.0,3,3,0.3,1.0,0.3,0.0,0.3,0.0,1.0,0.0,1.0,1.0,0.0,1.0,0.09046106882113603,0.0,0.09046106882113603,0.009046106882113603,0.09046106882113603,0.3818055581740357,0.0349962271709975,0.0349962271709975,0.0,1.0,1.5222222222222221,0,0,0,3,C3R,0.0,0.0,0.017499999999999884,0.5,1.0,0.0,0.0,0.0,0.017499999999999884
phaseflip,mixed_pauli,0.05,1,0.5,10,qiskit_aer,1,1,0.9825,0.44333333333333336,0.8222222222222222,0.5333333333333333,0.0,1.0,1.0,0.0,0.017499999999999884,0.019525624189766517,0.0124999999999999,0.0,0.0249999999999998,0.0,0.0,1.0,0.7,0.5,0.0,0.0,0.0,0.0,0.5,0.012346310392954396,0.01145643923738956,0.01984631039295437,0.001096310392954436,0.01984631039295437,-0.005153689607045542,-0.005153689607045542,0.7,1.0,0.0,0.0,0.0,0.0,0.0,1.0,0.00845389311788628,0.016903591277768575,0.0,0.0,0.014884732794715777,-0.005153689607045542,-0.005153689607045542,0.8,1.0,0.2,0.0,0.0,0.0,0.0,0.8,0.0,0.018969262078590787,0.18969262078590787,0.030153689607045342,0.030153689607045342,0.00845389311788628,0.016903591277768575,0.0,0.0,0.014884732794715777,-0.005153689607045542,-0.005153689607045542,0.8,1.0,0.2,0.0,0.0,0.0,0.0,0.8,0.0,0.018969262078590787,0.18969262078590787,0.030153689607045342,0.030153689607045342,0.00845389311788628,0.016903591277768575,0.0,0.0,0.014884732794715777,-0.005153689607045542,-0.005153689607045542,0.8,1.0,0.2,0.0,0.0,0.0,0.0,0.8,0.0,0.018969262078590787,0.18969262078590787,0.030153689607045342,0.030153689607045342,0.017499999999999884,0.019525624189766517,0.0124999999999999,0.0,0.0249999999999998,0.0,0.0,1.0,0.7,0.5,0.0,0.0,0.0,0.0,0.5,0.0349962271709975,0.009923155196477185,0.09923155196477185,0.01984631039295437,0.01984631039295437,1.0,0.3,0.3,0.3,0.0,0.3,0.3,0.4,0.0,0.3,0.4,0.0,0.3,0.4,0.0,0.0,1.0,0.0,0.3,0.0,0.3,0.3,0.0,0.3,0.3,0.3,0.0,0.0,0.0,0.3,0.3,1.0,1.0,0.2,0.0,1.0,1.0,1.0,1.0,0.0,0.0,3,3,0.3,1.0,0.3,0.0,0.3,0.0,1.0,0.0,1.0,1.0,0.0,1.0,0.09046106882113603,0.0,0.09046106882113603,0.009046106882113603,0.09046106882113603,0.15666666928514686,0.0349962271709975,0.0349962271709975,0.0,0.9777777777777777,1.0333333333333334,0,0,0,3,C3R,0.0,0.0,0.017499999999999884,0.5,1.0,0.0,0.0,0.0,0.017499999999999884
phaseflip,mixed_pauli,0.05,1,0.75,10,qiskit_aer,1,1,0.9825,0.7531944444444444,0.37777777777777777,0.23333333333333334,0.0,1.0,1.0,0.0,0.017499999999999884,0.019525624189766517,0.0124999999999999,0.0,0.0249999999999998,0.0,0.0,1.0,0.7,0.5,0.0,0.0,0.0,0.0,0.5,0.012346310392954396,0.01145643923738956,0.01984631039295437,0.001096310392954436,0.01984631039295437,-0.005153689607045542,-0.005153689607045542,0.7,1.0,0.0,0.0,0.0,0.0,0.0,1.0,0.00845389311788628,0.016903591277768575,0.0,0.0,0.014884732794715777,-0.005153689607045542,-0.005153689607045542,0.8,1.0,0.2,0.0,0.0,0.0,0.0,0.8,0.0,0.018969262078590787,0.18969262078590787,0.030153689607045342,0.030153689607045342,0.00845389311788628,0.016903591277768575,0.0,0.0,0.014884732794715777,-0.005153689607045542,-0.005153689607045542,0.8,1.0,0.2,0.0,0.0,0.0,0.0,0.8,0.0,0.018969262078590787,0.18969262078590787,0.030153689607045342,0.030153689607045342,0.00845389311788628,0.016903591277768575,0.0,0.0,0.014884732794715777,-0.005153689607045542,-0.005153689607045542,0.8,1.0,0.2,0.0,0.0,0.0,0.0,0.8,0.0,0.018969262078590787,0.18969262078590787,0.030153689607045342,0.030153689607045342,0.00845389311788628,0.016903591277768575,0.0,0.0,0.014884732794715777,-0.005153689607045542,-0.005153689607045542,0.8,1.0,0.2,0.0,0.0,0.0,0.0,0.8,0.0,0.018969262078590787,0.18969262078590787,0.030153689607045342,0.030153689607045342,1.0,0.3,0.3,0.3,0.3,0.0,0.3,0.4,0.0,0.3,0.4,0.0,0.3,0.4,0.0,0.3,0.4,0.0,0.3,0.0,0.3,0.3,0.3,0.3,0.3,0.0,0.0,0.0,0.0,0.3,0.3,1.0,1.0,1.0,0.3,1.0,1.0,1.0,1.0,1.0,1.0,3,0,0.0,0.0,0.3,0.0,0.0,0.0,0.0,0.0,0.0,0.0,0.0,1.0,0.0,0.0,0.0,0.0,0.0,-0.1531944419683623,0.0349962271709975,0.0349962271709975,0.0,0.48333333333333334,0.48333333333333334,0,0,0,0,C1,0.0,0.0,0.00845389311788628,0.2,0.8,0.3,0.0,0.0,0.00845389311788628
phaseflip,mixed_pauli,0.05,1,1.0,10,qiskit_aer,1,1,0.9825,0.9825,0.0,0.0,1.0,1.0,0.0,0.0,0.017499999999999884,0.019525624189766517,0.0124999999999999,0.0,0.0249999999999998,0.0,0.0,1.0,0.7,0.5,0.3,0.0,0.5,0.5,0.5,0.012346310392954396,0.01145643923738956,0.01984631039295437,0.001096310392954436,0.01984631039295437,-0.005153689607045542,-0.005153689607045542,0.7,1.0,0.0,0.0,0.0,1.0,1.0,1.0,0.0024231551964772114,0.008992868346985513,0.0,-0.0038652672052841563,0.0,-0.005153689607045542,-0.005153689607045542,0.7,1.0,0.0,0.0,0.0,1.0,1.0,1.0,0.0,0.024999999999999856,0.24999999999999856,0.030153689607045342,0.030153689607045342,0.00845389311788628,0.016903591277768575,0.0,0.0,0.014884732794715777,-0.005153689607045542,-0.005153689607045542,0.8,1.0,0.2,0.0,0.0,0.8,0.8,0.8,0.0,0.018969262078590787,0.18969262078590787,0.030153689607045342,0.030153689607045342,0.00845389311788628,0.016903591277768575,0.0,0.0,0.014884732794715777,-0.005153689607045542,-0.005153689607045542,0.8,1.0,0.2,0.0,0.0,0.8,0.8,0.8,0.0,0.018969262078590787,0.18969262078590787,0.030153689607045342,0.030153689607045342,0.00845389311788628,0.016903591277768575,0.0,0.0,0.014884732794715777,-0.005153689607045542,-0.005153689607045542,0.8,1.0,0.2,0.0,0.0,0.8,0.8,0.8,0.0,0.018969262078590787,0.18969262078590787,0.030153689607045342,0.030153689607045342,1.0,0.5,0.3,0.3,0.3,0.0,0.5,0.0,0.375,0.3,1.0,0.375,0.3,1.0,0.375,0.3,1.0,0.375,0.3,0.2,0.3,0.3,0.3,0.3,0.3,0.0,0.0,0.0,0.0,0.3,0.3,1.0,1.0,1.0,0.3,1.0,1.0,1.0,1.0,1.0,1.0,3,0,0.0,0.0,0.3,0.0,0.0,0.0,0.0,0.0,0.0,0.0,0.0,1.0,0.0,0.0,0.0,0.0,0.0,-0.38249999752391795,0.0349962271709975,0.0349962271709975,0.0,0.0,0.0,0,0,0,0,C2,0.0,0.0,0.00845389311788628,0.2,0.8,0.3,0.0,0.0,0.00845389311788628
phaseflip,mixed_pauli,0.05,2,0.25,10,qiskit_aer,1,1,0.9626874999999999,0.21419444444444444,0.9555555555555555,0.7666666666666667,0.0,1.0,1.0,0.0,0.03606250000000005,0.02241659890014528,0.0475000000000001,0.023749999999999993,0.04750000000000021,2.220446049250313e-16,2.220446049250313e-16,1.0,0.6,0.2,0.0,0.0,0.0,0.0,0.8,0.05490881039295442,0.01572828363967289,0.06484631039295452,0.04359631039295431,0.06734631039295436,0.030190060392954347,0.019221310392954383,1.0,1.0,0.0,0.0,0.0,0.0,0.0,1.0,0.03900102415718183,0.024735968997434733,0.04554815519647726,0.023749999999999993,0.0628534827947157,2.220446049250313e-16,2.220446049250313e-16,1.0,1.0,0.1,0.0,0.0,0.0,0.0,0.9,0.0,0.02193852415718166,0.2193852415718166,0.0648463103929543,0.0648463103929543,0.03900102415718183,0.024735968997434733,0.04554815519647726,0.023749999999999993,0.0628534827947157,2.220446049250313e-16,2.220446049250313e-16,1.0,1.0,0.1,0.0,0.0,0.0,0.0,0.9,0.0,0.02193852415718166,0.2193852415718166,0.0648463103929543,0.0648463103929543,0.03900102415718183,0.024735968997434733,0.04554815519647726,0.023749999999999993,0.0628534827947157,2.220446049250313e-16,2.220446049250313e-16,1.0,1.0,0.1,0.0,0.0,0.0,0.0,0.9,0.0,0.02193852415718166,0.2193852415718166,0.0648463103929543,0.0648463103929543,0.03606250000000005,0.02241659890014528,0.0475000000000001,0.023749999999999993,0.04750000000000021,2.220446049250313e-16,2.220446049250313e-16,1.0,0.6,0.2,0.0,0.0,0.0,0.0,0.8,7.177752349675863e-20,0.024877048314363437,0.24877048314363437,0.0648463103929543,0.0648463103929543,1.0,0.4,0.4,0.4,0.0,0.4,0.4,0.5,0.375,0.4,0.5,0.375,0.4,0.5,0.375,0.0,1.0,0.0,0.4,0.0,0.4,0.4,0.0,0.4,0.4,0.4,0.0,0.0,0.0,0.4,0.4,1.0,1.0,0.0,0.0,1.0,1.0,1.0,1.0,0.0,0.0,4,4,0.4,1.0,0.1,0.3,0.1,0.3,0.25,0.75,0.25,1.0,1.0,0.0,0.030153689607045342,0.05953893117886311,-0.029385241571817766,-0.002938524157181777,-0.029385241571817766,0.5858055574746447,7.177752349675863e-20,7.177752349675863e-20,0.0,1.0,1.5166666666666666,0,0,0,4,C3R,0.0,0.0,0.03606250000000005,0.2,1.0,0.0,0.0,0.0,0.03900102415718183
phaseflip,mixed_pauli,0.05,2,0.5,10,qiskit_aer,1,1,0.9626874999999999,0.41826041666666663,0.8,0.55,0.0,1.0,1.0,0.0,0.03606250000000005,0.02241659890014528,0.0475000000000001,0.023749999999999993,0.04750000000000021,2.220446049250313e-16,2.220446049250313e-16,1.0,0.4,0.2,0.0,0.0,0.0,0.0,0.8,0.05490881039295442,0.01572828363967289,0.06484631039295452,0.04359631039295431,0.06734631039295436,0.030190060392954347,0.019221310392954383,1.0,1.0,0.0,0.0,0.0,0.0,0.0,1.0,0.03797028623577271,0.02486000409361864,0.04359631039295431,0.02035348279471577,0.06238473279471582,2.220446049250313e-16,2.220446049250313e-16,1.0,1.0,0.0,0.0,0.0,0.0,0.0,1.0,0.0,0.02296926207859078,0.2296926207859078,0.0648463103929543,0.0648463103929543,0.03797028623577271,0.02486000409361864,0.04359631039295431,0.02035348279471577,0.06238473279471582,2.220446049250313e-16,2.220446049250313e-16,1.0,1.0,0.0,0.0,0.0,0.0,0.0,1.0,0.0,0.02296926207859078,0.2296926207859078,0.0648463103929543,0.0648463103929543,0.03797028623577271,0.02486000409361864,0.04359631039295431,0.02035348279471577,0.06238473279471582,2.220446049250313e-16,2.220446049250313e-16,1.0,1.0,0.0,0.0,0.0,0.0,0.0,1.0,0.0,0.02296926207859078,0.2296926207859078,0.0648463103929543,0.0648463103929543,0.03804713103929549,0.024152664129099555,0.0475000000000001,0.023749999999999993,0.048906249999999846,2.220446049250313e-16,2.220446049250313e-16,1.0,0.5,0.2,0.0,0.0,0.0,0.0,0.8,8.645385759678144e-19,0.022892417275068,0.22892417275068,0.0648463103929543,0.0648463103929543,1.0,0.6,0.6,0.6,0.1,0.5,0.6,0.0,0.5,0.6,0.0,0.5,0.6,0.0,0.5,0.1,1.0,0.125,0.6,0.0,0.6,0.6,0.1,0.6,0.6,0.5,0.0,0.0,0.0,0.6,0.6,1.0,1.0,0.3,0.1,1.0,1.0,1.0,1.0,0.16666666666666666,0.16666666666666666,6,5,0.5,0.8333333333333334,0.2,0.4,0.2,0.3,0.4,0.6,0.4,1.0,0.75,0.25,0.060307379214090684,0.059538931178862886,0.0007684480352277978,7.684480352277978e-05,0.0007684480352277978,0.7817395853791755,8.667046885589982e-19,8.667046885589982e-19,0.0,0.9722222222222222,1.05,0,0,0,5,C3R,0.0,0.0,0.03804713103929549,0.2,1.0,0.1,0.0,0.0,0.03804713103929549
phaseflip,mixed_pauli,0.05,2,0.75,10,qiskit_aer,1,1,0.9626874999999999,0.7269340277777777,0.3888888888888889,0.23333333333333334,0.0,1.0,1.0,0.0,0.03606250000000005,0.02241659890014528,0.0475000000000001,0.023749999999999993,0.04750000000000021,2.220446049250313e-16,2.220446049250313e-16,1.0,0.6,0.2,0.0,0.0,0.0,0.0,0.8,0.05490881039295442,0.01572828363967289,0.06484631039295452,0.04359631039295431,0.06734631039295436,0.030190060392954347,0.019221310392954383,1.0,1.0,0.0,0.0,0.0,0.0,0.0,1.0,0.039001024157181804,0.022750784335392012,0.04554815519647726,0.02871157759823853,0.048906249999999846,2.220446049250313e-16,2.220446049250313e-16,1.0,1.0,0.1,0.0,0.0,0.0,0.0,0.9,0.0,0.021938524157181682,0.21938524157181682,0.0648463103929543,0.0648463103929543,0.039001024157181804,0.022750784335392012,0.04554815519647726,0.02871157759823853,0.048906249999999846,2.220446049250313e-16,2.220446049250313e-16,1.0,1.0,0.1,0.0,0.0,0.0,0.0,0.9,0.0,0.021938524157181682,0.21938524157181682,0.0648463103929543,0.0648463103929543,0.039001024157181804,0.022750784335392012,0.04554815519647726,0.02871157759823853,0.048906249999999846,2.220446049250313e-16,2.220446049250313e-16,1.0,1.0,0.1,0.0,0.0,0.0,0.0,0.9,0.0,0.021938524157181682,0.21938524157181682,0.0648463103929543,0.0648463103929543,0.039001024157181804,0.022750784335392012,0.04554815519647726,0.02871157759823853,0.048906249999999846,2.220446049250313e-16,2.220446049250313e-16,1.0,1.0,0.1,0.0,0.0,0.0,0.0,0.9,0.0,0.021938524157181682,0.21938524157181682,0.0648463103929543,0.0648463103929543,1.0,0.4,0.4,0.4,0.4,0.0,0.4,0.5,0.375,0.4,0.5,0.375,0.4,0.5,0.375,0.4,0.5,0.375,0.4,0.0,0.4,0.4,0.4,0.4,0.4,0.0,0.0,0.0,0.0,0.4,0.4,1.0,1.0,1.0,0.4,1.0,1.0,1.0,1.0,1.0,1.0,4,0,0.0,0.0,0.1,0.3,0.0,0.0,0.0,0.0,0.0,0.0,0.0,1.0,0.0,0.0,0.0,0.0,0.0,0.07306597422809637,7.177752349675863e-20,7.177752349675863e-20,0.0,0.48333333333333334,0.48333333333333334,0,0,0,0,C1,0.0,0.0,0.039001024157181804,0.1,1.0,0.4,0.0,0.0,0.039001024157181804
phaseflip,mixed_pauli,0.05,2,1.0,10,qiskit_aer,1,1,0.9626874999999999,0.9626874999999999,0.0,0.0,1.0,1.0,0.0,0.0,0.03606250000000005,0.02241659890014528,0.0475000000000001,0.023749999999999993,0.04750000000000021,2.220446049250313e-16,2.220446049250313e-16,1.0,0.5,0.2,0.5,0.0,0.8,0.8,0.8,0.05490881039295442,0.01572828363967289,0.06484631039295452,0.04359631039295431,0.06734631039295436,0.030190060392954347,0.019221310392954383,1.0,1.0,0.0,0.0,0.0,1.0,1.0,1.0,0.03995491727506815,0.024434086925678007,0.04359631039295431,0.025315060392954364,0.06238473279471582,2.220446049250313e-16,2.220446049250313e-16,1.0,1.0,0.0,0.0,0.0,1.0,1.0,1.0,0.0,0.02098463103929534,0.20984631039295343,0.0648463103929543,0.0648463103929543,0.04098565519647725,0.02422357722662967,0.04554815519647726,0.02871157759823853,0.0628534827947157,2.220446049250313e-16,2.220446049250313e-16,1.0,1.0,0.1,0.0,0.0,0.9,0.9,0.9,0.0,0.019953893117886246,0.19953893117886246,0.0648463103929543,0.0648463103929543,0.04098565519647725,0.02422357722662967,0.04554815519647726,0.02871157759823853,0.0628534827947157,2.220446049250313e-16,2.220446049250313e-16,1.0,1.0,0.1,0.0,0.0,0.9,0.9,0.9,0.0,0.019953893117886246,0.19953893117886246,0.0648463103929543,0.0648463103929543,0.04098565519647725,0.02422357722662967,0.04554815519647726,0.02871157759823853,0.0628534827947157,2.220446049250313e-16,2.220446049250313e-16,1.0,1.0,0.1,0.0,0.0,0.9,0.9,0.9,0.0,0.019953893117886246,0.19953893117886246,0.0648463103929543,0.0648463103929543,1.0,0.7,0.5,0.5,0.5,0.0,0.7,0.0,0.6666666666666666,0.5,1.0,0.5555555555555556,0.5,1.0,0.5555555555555556,0.5,1.0,0.5555555555555556,0.5,0.2,0.5,0.5,0.5,0.5,0.5,0.0,0.0,0.0,0.0,0.5,0.5,1.0,1.0,1.0,0.5,1.0,1.0,1.0,1.0,1.0,1.0,5,0,0.0,0.0,0.1,0.4,0.0,0.0,0.0,0.0,0.0,0.0,0.0,1.0,0.0,0.0,0.0,0.0,0.0,0.037312502019827144,1.395218995487814e-19,1.395218995487814e-19,0.0,0.0,0.0,0,0,0,0,C2,0.0,0.0,0.04098565519647725,0.1,1.0,0.5,0.0,0.0,0.04098565519647725
phaseflip,mixed_pauli,0.05,3,0.25,10,qiskit_aer,1,1,0.936425,0.20874444444444443,0.9555555555555555,0.7777777777777778,0.0,0.9,1.0,0.0,0.0603375000000001,0.02457678020001792,0.05706250000000018,0.045250000000000234,0.07006250000000011,0.03280625000000023,0.022625000000000228,1.0,0.7,0.2,0.0,0.0,0.0,0.0,0.8,0.0926838103929545,0.019415345090932616,0.08990881039295445,0.08778381039295452,0.11009631039295453,0.06299631039295442,0.04297131039295443,1.0,1.0,0.0,0.0,0.0,0.0,0.0,0.9,0.061291393117886436,0.02771603339935915,0.045250000000000234,0.045250000000000234,0.08405660779471591,0.03178083967682962,0.022625000000000228,1.0,1.0,0.1,0.0,0.0,0.0,0.0,0.9,0.0,0.03742315519647712,0.3742315519647712,0.0648463103929543,0.0648463103929543,0.061291393117886436,0.02771603339935915,0.045250000000000234,0.045250000000000234,0.08405660779471591,0.03178083967682962,0.022625000000000228,1.0,1.0,0.1,0.0,0.0,0.0,0.0,0.9,0.0,0.03742315519647712,0.3742315519647712,0.0648463103929543,0.0648463103929543,0.061291393117886436,0.02771603339935915,0.045250000000000234,0.045250000000000234,0.08405660779471591,0.03178083967682962,0.022625000000000228,1.0,1.0,0.1,0.0,0.0,0.0,0.0,0.9,0.0,0.03742315519647712,0.3742315519647712,0.0648463103929543,0.0648463103929543,0.0603375000000001,0.02457678020001792,0.05706250000000018,0.045250000000000234,0.07006250000000011,0.03280625000000023,0.022625000000000228,1.0,0.7,0.2,0.0,0.0,0.0,0.0,0.8,6.837881574116697e-20,0.03837704831436346,0.3837704831436346,0.0648463103929543,0.0648463103929543,1.0,0.3,0.3,0.3,0.0,0.3,0.3,0.5,0.25,0.3,0.5,0.25,0.3,0.5,0.25,0.0,1.0,0.0,0.3,0.0,0.3,0.3,0.0,0.3,0.3,0.3,0.0,0.0,0.0,0.3,0.3,1.0,1.0,0.0,0.0,1.0,1.0,1.0,1.0,0.0,0.0,3,3,0.3,1.0,0.1,0.2,0.1,0.2,0.3333333333333333,0.6666666666666666,0.3333333333333333,1.0,1.0,0.0,0.030153689607045342,0.03969262078590874,-0.009538931178863397,-0.0009538931178863397,-0.009538931178863397,0.39125555667081674,6.837881574116697e-20,6.837881574116697e-20,0.0,1.0,1.527777777777778,0,0,0,3,C3R,0.0,0.0,0.0603375000000001,0.2,1.0,0.0,0.0,0.0,0.061291393117886436
phaseflip,mixed_pauli,0.05,3,0.5,10,qiskit_aer,1,1,0.936425,0.4421958333333333,0.7777777777777778,0.5166666666666667,0.0,0.9,1.0,0.0,0.0603375000000001,0.02457678020001792,0.05706250000000018,0.045250000000000234,0.07006250000000011,0.03280625000000023,0.022625000000000228,1.0,0.8,0.2,0.0,0.0,0.0,0.0,0.8,0.0926838103929545,0.019415345090932616,0.08990881039295445,0.08778381039295452,0.11009631039295453,0.06299631039295442,0.04297131039295443,1.0,1.0,0.0,0.0,0.0,0.0,0.0,0.9,0.06430676207859097,0.02719424460257016,0.057656250000000187,0.045250000000000234,0.08482223279471582,0.03280625000000023,0.022625000000000228,1.0,1.0,0.2,0.0,0.0,0.0,0.0,0.8,0.0,0.034407786235772585,0.34407786235772586,0.0648463103929543,0.0648463103929543,0.06430676207859097,0.02719424460257016,0.057656250000000187,0.045250000000000234,0.08482223279471582,0.03280625000000023,0.022625000000000228,1.0,1.0,0.2,0.0,0.0,0.0,0.0,0.8,0.0,0.034407786235772585,0.34407786235772586,0.0648463103929543,0.0648463103929543,0.06430676207859097,0.02719424460257016,0.057656250000000187,0.045250000000000234,0.08482223279471582,0.03280625000000023,0.022625000000000228,1.0,1.0,0.2,0.0,0.0,0.0,0.0,0.8,0.0,0.034407786235772585,0.34407786235772586,0.0648463103929543,0.0648463103929543,0.062322131039295535,0.02603973966792876,0.05706250000000018,0.045250000000000234,0.07235937499999986,0.03280625000000023,0.022625000000000228,1.0,0.9,0.2,0.0,0.0,0.0,0.0,0.8,2.166112591183837e-21,0.03639241727506802,0.36392417275068023,0.0648463103929543,0.0648463103929543,1.0,0.2,0.2,0.2,0.1,0.1,0.2,1.0,0.25,0.2,1.0,0.25,0.2,1.0,0.25,0.1,1.0,0.125,0.2,0.0,0.2,0.2,0.1,0.2,0.2,0.1,0.0,0.0,0.0,0.2,0.2,1.0,1.0,0.5,0.1,1.0,1.0,1.0,1.0,0.5,0.5,2,1,0.1,0.5,0.0,0.2,0.0,0.1,0.0,1.0,0.0,0.0,0.5,0.5,0.0,0.01984631039295437,-0.01984631039295437,-0.001984631039295437,-0.01984631039295437,-0.04219583209207398,6.867789347879879e-20,6.867789347879879e-20,0.0,0.9555555555555555,1.0166666666666666,0,0,0,1,C3R,0.0,0.0,0.062322131039295535,0.2,1.0,0.1,0.0,0.0,0.06430676207859097
phaseflip,mixed_pauli,0.05,3,0.75,10,qiskit_aer,1,1,0.936425,0.6865784722222221,0.38888888888888884,0.2222222222222222,0.0,0.9,1.0,0.0,0.0603375000000001,0.02457678020001792,0.05706250000000018,0.045250000000000234,0.07006250000000011,0.03280625000000023,0.022625000000000228,1.0,1.0,0.2,0.0,0.0,0.0,0.0,0.8,0.0926838103929545,0.019415345090932616,0.08990881039295445,0.08778381039295452,0.11009631039295453,0.06299631039295442,0.04297131039295443,1.0,1.0,0.0,0.0,0.0,0.0,0.0,0.9,0.0603375000000001,0.02457678020001792,0.05706250000000018,0.045250000000000234,0.07006250000000011,0.03280625000000023,0.022625000000000228,1.0,1.0,0.2,0.0,0.0,0.0,0.0,0.8,0.0,0.03837704831436346,0.3837704831436346,0.0648463103929543,0.0648463103929543,0.0603375000000001,0.02457678020001792,0.05706250000000018,0.045250000000000234,0.07006250000000011,0.03280625000000023,0.022625000000000228,1.0,1.0,0.2,0.0,0.0,0.0,0.0,0.8,0.0,0.03837704831436346,0.3837704831436346,0.0648463103929543,0.0648463103929543,0.0603375000000001,0.02457678020001792,0.05706250000000018,0.045250000000000234,0.07006250000000011,0.03280625000000023,0.022625000000000228,1.0,1.0,0.2,0.0,0.0,0.0,0.0,0.8,0.0,0.03837704831436346,0.3837704831436346,0.0648463103929543,0.0648463103929543,0.0603375000000001,0.02457678020001792,0.05706250000000018,0.045250000000000234,0.07006250000000011,0.03280625000000023,0.022625000000000228,1.0,1.0,0.2,0.0,0.0,0.0,0.0,0.8,0.0,0.03837704831436346,0.3837704831436346,0.0648463103929543,0.0648463103929543,1.0,0.0,0.0,0.0,0.0,0.0,0.0,1.0,0.0,0.0,1.0,0.0,0.0,1.0,0.0,0.0,1.0,0.0,0.0,0.0,0.0,0.0,0.0,0.0,0.0,0.0,0.0,0.0,0.0,0.0,0.0,1.0,1.0,1.0,0.0,0.0,0.0,0.0,0.0,0.0,0.0,0,0,0.0,0.0,0.0,0.0,0.0,0.0,0.0,0.0,0.0,0.0,0.0,1.0,0.0,0.0,0.0,0.0,0.0,-0.6865784710451366,0.0,0.0,0.0,0.4722222222222222,0.4722222222222222,0,0,0,0,C1,0.0,0.0,0.0603375000000001,0.2,1.0,0.0,0.0,0.0,0.0603375000000001
phaseflip,mixed_pauli,0.05,3,1.0,10,qiskit_aer,1,1,0.936425,0.936425,0.0,0.0,0.9,0.9,0.0,0.0,0.0603375000000001,0.02457678020001792,0.05706250000000018,0.045250000000000234,0.07006250000000011,0.03280625000000023,0.022625000000000228,1.0,1.0,0.2,0.0,0.0,0.8,0.8,0.8,0.0926838103929545,0.019415345090932616,0.08990881039295445,0.08778381039295452,0.11009631039295453,0.06299631039295442,0.04297131039295443,1.0,1.0,0.0,0.0,0.0,0.9,0.9,0.9,0.09569917935365903,0.020672504766168977,0.10000256039295452,0.08901818539295447,0.11009631039295453,0.06299631039295447,0.04297131039295443,1.0,1.0,0.1,0.0,0.0,0.9,0.9,0.9,0.0,0.003015368960704534,0.030153689607045342,0.016584529283874903,0.030153689607045342,0.0603375000000001,0.02457678020001792,0.05706250000000018,0.045250000000000234,0.07006250000000011,0.03280625000000023,0.022625000000000228,1.0,1.0,0.2,0.0,0.0,0.8,0.8,0.8,0.0,0.03837704831436346,0.3837704831436346,0.0648463103929543,0.0648463103929543,0.0603375000000001,0.02457678020001792,0.05706250000000018,0.045250000000000234,0.07006250000000011,0.03280625000000023,0.022625000000000228,1.0,1.0,0.2,0.0,0.0,0.8,0.8,0.8,0.0,0.03837704831436346,0.3837704831436346,0.0648463103929543,0.0648463103929543,0.0603375000000001,0.02457678020001792,0.05706250000000018,0.045250000000000234,0.07006250000000011,0.03280625000000023,0.022625000000000228,1.0,1.0,0.2,0.0,0.0,0.8,0.8,0.8,0.0,0.03837704831436346,0.3837704831436346,0.0648463103929543,0.0648463103929543,1.0,0.9,0.0,0.0,0.0,0.0,0.9,0.5,1.0,0.0,1.0,0.0,0.0,1.0,0.0,0.0,1.0,0.0,0.0,0.9,0.0,0.0,0.0,0.0,0.0,0.0,0.0,0.0,0.0,0.0,0.0,1.0,1.0,1.0,0.0,0.0,0.0,0.0,0.0,0.0,0.0,0,0,0.0,0.0,0.0,0.0,0.0,0.0,0.0,0.0,0.0,0.0,0.0,1.0,0.0,0.0,0.0,0.0,0.0,-0.9364249987605534,0.0,0.0,0.0,0.0,0.0,0,0,0,0,C1,0.0,0.0,0.09569917935365903,0.1,1.0,0.9,0.0,0.0,0.09569917935365903
phaseflip,mixed_pauli,0.05,4,0.25,10,qiskit_aer,1,1,0.9161756249999999,0.2128459722222222,0.9666666666666667,0.7555555555555555,0.0,0.8,1.0,0.0,0.07781125000000012,0.027375707011417935,0.06810625000000037,0.06674375000000005,0.08767187500000015,0.04362718750000001,0.04322499999999985,1.0,1.0,0.1,0.0,0.0,0.0,0.0,0.8,0.12820756039295444,0.01975871856611656,0.1315900603929544,0.11405724789295452,0.14432599789295447,0.09737006039295446,0.08931506039295445,1.0,1.0,0.0,0.0,0.0,0.0,0.0,0.8,0.07781125000000012,0.027375707011417935,0.06810625000000037,0.06674375000000005,0.08767187500000015,0.04362718750000001,0.04322499999999985,1.0,1.0,0.1,0.0,0.0,0.0,0.0,0.8,0.0,0.05341167935365887,0.5341167935365887,0.08712131039295443,0.10534631039295461,0.07781125000000012,0.027375707011417935,0.06810625000000037,0.06674375000000005,0.08767187500000015,0.04362718750000001,0.04322499999999985,1.0,1.0,0.1,0.0,0.0,0.0,0.0,0.8,0.0,0.05341167935365887,0.5341167935365887,0.08712131039295443,0.10534631039295461,0.07781125000000012,0.027375707011417935,0.06810625000000037,0.06674375000000005,0.08767187500000015,0.04362718750000001,0.04322499999999985,1.0,1.0,0.1,0.0,0.0,0.0,0.0,0.8,0.0,0.05341167935365887,0.5341167935365887,0.08712131039295443,0.10534631039295461,0.07781125000000012,0.027375707011417935,0.06810625000000037,0.06674375000000005,0.08767187500000015,0.04362718750000001,0.04322499999999985,1.0,1.0,0.1,0.0,0.0,0.0,0.0,0.8,0.0,0.05341167935365887,0.5341167935365887,0.08712131039295443,0.10534631039295461,1.0,0.0,0.0,0.0,0.0,0.0,0.0,1.0,0.0,0.0,1.0,0.0,0.0,1.0,0.0,0.0,1.0,0.0,0.0,0.0,0.0,0.0,0.0,0.0,0.0,0.0,0.0,0.0,0.0,0.0,0.0,1.0,1.0,0.0,0.0,0.0,0.0,0.0,0.0,0.0,0.0,0,0,0.0,0.0,0.0,0.0,0.0,0.0,0.0,0.0,0.0,0.0,0.0,1.0,0.0,0.0,0.0,0.0,0.0,-0.21284597198040384,0.0,0.0,0.0,1.0,1.5055555555555555,0,0,0,0,C1,0.0,0.0,0.07781125000000012,0.1,1.0,0.0,0.0,0.0,0.07781125000000012
phaseflip,mixed_pauli,0.05,4,0.5,10,qiskit_aer,1,1,0.9161756249999999,0.4005071875,0.7777777777777778,0.5333333333333333,0.0,0.8,1.0,0.0,0.07781125000000014,0.027375707011417928,0.06810625000000037,0.06674375000000021,0.08767187500000015,0.04362718750000001,0.04322499999999985,1.0,1.0,0.1,0.0,0.0,0.0,0.0,0.8,0.12820756039295444,0.01975871856611656,0.1315900603929544,0.11405724789295452,0.14432599789295447,0.09737006039295446,0.08931506039295445,1.0,1.0,0.0,0.0,0.0,0.0,0.0,0.8,0.07781125000000014,0.027375707011417928,0.06810625000000037,0.06674375000000021,0.08767187500000015,0.04362718750000001,0.04322499999999985,1.0,1.0,0.1,0.0,0.0,0.0,0.0,0.8,0.0,0.05341167935365885,0.5341167935365885,0.08712131039295443,0.10534631039295461,0.07781125000000014,0.027375707011417928,0.06810625000000037,0.06674375000000021,0.08767187500000015,0.04362718750000001,0.04322499999999985,1.0,1.0,0.1,0.0,0.0,0.0,0.0,0.8,0.0,0.05341167935365885,0.5341167935365885,0.08712131039295443,0.10534631039295461,0.07781125000000014,0.027375707011417928,0.06810625000000037,0.06674375000000021,0.08767187500000015,0.04362718750000001,0.04322499999999985,1.0,1.0,0.1,0.0,0.0,0.0,0.0,0.8,0.0,0.05341167935365885,0.5341167935365885,0.08712131039295443,0.10534631039295461,0.07781125000000014,0.027375707011417928,0.06810625000000037,0.06674375000000021,0.08767187500000015,0.04362718750000001,0.04322499999999985,1.0,1.0,0.1,0.0,0.0,0.0,0.0,0.8,0.0,0.05341167935365885,0.5341167935365885,0.08712131039295443,0.10534631039295461,1.0,0.0,0.0,0.0,0.0,0.0,0.0,1.0,0.0,0.0,1.0,0.0,0.0,1.0,0.0,0.0,1.0,0.0,0.0,0.0,0.0,0.0,0.0,0.0,0.0,0.0,0.0,0.0,0.0,0.0,0.0,1.0,1.0,0.3,0.0,0.0,0.0,0.0,0.0,0.0,0.0,0,0,0.0,0.0,0.0,0.0,0.0,0.0,0.0,0.0,0.0,0.0,0.0,1.0,0.0,0.0,0.0,0.0,0.0,-0.4005071872747692,0.0,0.0,0.0,0.95,1.0333333333333334,0,0,0,0,C1,0.0,0.0,0.07781125000000014,0.1,1.0,0.0,0.0,0.0,0.07781125000000014
phaseflip,mixed_pauli,0.05,4,0.75,10,qiskit_aer,1,1,0.9161756249999999,0.6455150694444445,0.4444444444444444,0.25,0.0,0.8,1.0,0.0,0.07781125000000017,0.02737570701141792,0.06810625000000037,0.06674375000000027,0.08767187500000015,0.04362718750000001,0.04322499999999985,1.0,0.8,0.1,0.0,0.0,0.0,0.0,0.8,0.12820756039295444,0.01975871856611656,0.1315900603929544,0.11405724789295452,0.14432599789295447,0.09737006039295446,0.08931506039295445,1.0,1.0,0.0,0.0,0.0,0.0,0.0,0.8,0.08128051207859104,0.027315004485550912,0.07772187500000016,0.06674375000000027,0.1024706702947159,0.04362718750000001,0.04322499999999985,1.0,1.0,0.0,0.0,0.0,0.0,0.0,0.8,0.0,0.04994241727506795,0.4994241727506795,0.08712131039295443,0.10534631039295461,0.08128051207859104,0.027315004485550912,0.07772187500000016,0.06674375000000027,0.1024706702947159,0.04362718750000001,0.04322499999999985,1.0,1.0,0.0,0.0,0.0,0.0,0.0,0.8,0.0,0.04994241727506795,0.4994241727506795,0.08712131039295443,0.10534631039295461,0.08128051207859104,0.027315004485550912,0.07772187500000016,0.06674375000000027,0.1024706702947159,0.04362718750000001,0.04322499999999985,1.0,1.0,0.0,0.0,0.0,0.0,0.0,0.8,0.0,0.04994241727506795,0.4994241727506795,0.08712131039295443,0.10534631039295461,0.08128051207859104,0.027315004485550912,0.07772187500000016,0.06674375000000027,0.1024706702947159,0.04362718750000001,0.04322499999999985,1.0,1.0,0.0,0.0,0.0,0.0,0.0,0.8,0.0,0.04994241727506795,0.4994241727506795,0.08712131039295443,0.10534631039295461,1.0,0.2,0.2,0.2,0.2,0.0,0.2,0.0,0.1111111111111111,0.2,0.0,0.1111111111111111,0.2,0.0,0.1111111111111111,0.2,0.0,0.1111111111111111,0.2,0.0,0.2,0.2,0.2,0.2,0.2,0.0,0.0,0.0,0.0,0.2,0.2,1.0,1.0,1.0,0.2,1.0,1.0,1.0,1.0,1.0,1.0,2,0,0.0,0.0,0.1,0.1,0.0,0.0,0.0,0.0,0.0,0.0,0.0,1.0,0.0,0.0,0.0,0.0,0.0,-0.24551506916714053,7.281163064369929e-19,7.281163064369929e-19,0.0,0.5,0.5,0,0,0,0,C1,0.0,0.0,0.08128051207859104,0.0,1.0,0.2,0.0,0.0,0.08128051207859104
phaseflip,mixed_pauli,0.05,4,1.0,10,qiskit_aer,1,1,0.9161756249999999,0.9161756249999999,0.0,0.0,0.8,0.8,0.0,0.0,0.0778112500000001,0.02737570701141795,0.06810625000000026,0.06674375000000005,0.08767187500000015,0.04362718750000001,0.04322499999999985,1.0,0.8,0.1,0.2,0.0,0.8,0.8,0.8,0.12820756039295444,0.01975871856611656,0.1315900603929544,0.11405724789295452,0.14432599789295447,0.09737006039295446,0.08931506039295445,1.0,1.0,0.0,0.0,0.0,0.8,0.8,0.8,0.11221903623577266,0.030691555569054257,0.12053878019647724,0.09422756039295446,0.1315900603929545,0.06246249999999993,0.04322499999999985,1.0,1.0,0.1,0.0,0.0,0.8,0.8,0.8,0.0,0.019003893117886327,0.19003893117886328,0.08712131039295443,0.10534631039295461,0.09078051207859096,0.03369216160649375,0.08710625000000011,0.06742500000000007,0.12606442029471593,0.04362718750000001,0.04322499999999985,1.0,1.0,0.1,0.0,0.0,0.8,0.8,0.8,0.0,0.04044241727506803,0.4044241727506803,0.08712131039295443,0.10534631039295461,0.09078051207859096,0.03369216160649375,0.08710625000000011,0.06742500000000007,0.12606442029471593,0.04362718750000001,0.04322499999999985,1.0,1.0,0.1,0.0,0.0,0.8,0.8,0.8,0.0,0.04044241727506803,0.4044241727506803,0.08712131039295443,0.10534631039295461,0.09078051207859096,0.03369216160649375,0.08710625000000011,0.06742500000000007,0.12606442029471593,0.04362718750000001,0.04322499999999985,1.0,1.0,0.1,0.0,0.0,0.8,0.8,0.8,0.0,0.04044241727506803,0.4044241727506803,0.08712131039295443,0.10534631039295461,1.0,0.6,0.2,0.2,0.2,0.0,0.6,1.0,0.6666666666666666,0.2,1.0,0.2222222222222222,0.2,1.0,0.2222222222222222,0.2,1.0,0.2222222222222222,0.2,0.4,0.2,0.2,0.2,0.2,0.2,0.0,0.0,0.0,0.0,0.2,0.2,1.0,1.0,1.0,0.2,1.0,1.0,1.0,1.0,1.0,1.0,2,0,0.0,0.0,0.0,0.2,0.0,0.0,0.0,0.0,0.0,0.0,0.0,1.0,0.0,0.0,0.0,0.0,0.0,-0.5161756247649731,7.281163064369929e-19,7.281163064369929e-19,0.0,0.0,0.0,0,0,0,0,C1,0.0,0.0,0.11221903623577266,0.1,1.0,0.6,0.0,0.0,0.11221903623577266
phaseflip,mixed_pauli,0.1,1,0.25,10,qiskit_aer,1,1,0.965,0.20916666666666667,0.9666666666666667,0.7722222222222223,0.0,1.0,1.0,0.0,0.034999999999999844,0.039051248379533124,0.024999999999999856,0.0,0.04999999999999971,0.0,0.0,1.0,0.7,0.5,0.0,0.0,0.0,0.0,0.5,0.05484631039295421,0.0229128784747791,0.06984631039295408,0.0323463103929543,0.06984631039295408,0.01984631039295437,0.01984631039295437,1.0,1.0,0.0,0.0,0.0,0.0,0.0,1.0,0.02595389311788624,0.0338085987112586,0.009923155196477185,0.0,0.042461577598238376,0.0,0.0,1.0,1.0,0.2,0.0,0.0,0.0,0.0,0.8,0.0,0.04396926207859064,0.43969262078590643,0.06984631039295408,0.06984631039295408,0.02595389311788624,0.0338085987112586,0.009923155196477185,0.0,0.042461577598238376,0.0,0.0,1.0,1.0,0.2,0.0,0.0,0.0,0.0,0.8,0.0,0.04396926207859064,0.43969262078590643,0.06984631039295408,0.06984631039295408,0.02595389311788624,0.0338085987112586,0.009923155196477185,0.0,0.042461577598238376,0.0,0.0,1.0,1.0,0.2,0.0,0.0,0.0,0.0,0.8,0.0,0.04396926207859064,0.43969262078590643,0.06984631039295408,0.06984631039295408,0.034999999999999844,0.039051248379533124,0.024999999999999856,0.0,0.04999999999999971,0.0,0.0,1.0,0.7,0.5,0.0,0.0,0.0,0.0,0.5,0.0032868402154856554,0.03492315519647704,0.3492315519647704,0.06984631039295408,0.06984631039295408,1.0,0.3,0.3,0.3,0.0,0.3,0.3,0.4,0.0,0.3,0.4,0.0,0.3,0.4,0.0,0.0,1.0,0.0,0.3,0.0,0.3,0.3,0.0,0.3,0.3,0.3,0.0,0.0,0.0,0.3,0.3,1.0,1.0,0.0,0.0,1.0,1.0,1.0,1.0,0.0,0.0,3,3,0.3,1.0,0.3,0.0,0.3,0.0,1.0,0.0,1.0,1.0,0.0,1.0,0.09046106882113603,0.0,0.09046106882113603,0.009046106882113603,0.09046106882113603,0.39083337126957174,0.0032868402154856554,0.0032868402154856554,0.0,1.0,1.5222222222222221,0,0,0,3,C3R,0.0,0.0,0.034999999999999844,0.5,1.0,0.0,0.0,0.0,0.034999999999999844
phaseflip,mixed_pauli,0.1,1,0.5,10,qiskit_aer,1,1,0.965,0.4316666666666667,0.8222222222222222,0.5333333333333333,0.0,1.0,1.0,0.0,0.034999999999999844,0.039051248379533124,0.024999999999999856,0.0,0.04999999999999971,0.0,0.0,1.0,0.7,0.5,0.0,0.0,0.0,0.0,0.5,0.05484631039295421,0.0229128784747791,0.06984631039295408,0.0323463103929543,0.06984631039295408,0.01984631039295437,0.01984631039295437,1.0,1.0,0.0,0.0,0.0,0.0,0.0,1.0,0.02595389311788624,0.0338085987112586,0.009923155196477185,0.0,0.042461577598238376,0.0,0.0,1.0,1.0,0.2,0.0,0.0,0.0,0.0,0.8,0.0,0.04396926207859064,0.43969262078590643,0.06984631039295408,0.06984631039295408,0.02595389311788624,0.0338085987112586,0.009923155196477185,0.0,0.042461577598238376,0.0,0.0,1.0,1.0,0.2,0.0,0.0,0.0,0.0,0.8,0.0,0.04396926207859064,0.43969262078590643,0.06984631039295408,0.06984631039295408,0.02595389311788624,0.0338085987112586,0.009923155196477185,0.0,0.042461577598238376,0.0,0.0,1.0,1.0,0.2,0.0,0.0,0.0,0.0,0.8,0.0,0.04396926207859064,0.43969262078590643,0.06984631039295408,0.06984631039295408,0.034999999999999844,0.039051248379533124,0.024999999999999856,0.0,0.04999999999999971,0.0,0.0,1.0,0.7,0.5,0.0,0.0,0.0,0.0,0.5,0.0032868402154856554,0.03492315519647704,0.3492315519647704,0.06984631039295408,0.06984631039295408,1.0,0.3,0.3,0.3,0.0,0.3,0.3,0.4,0.0,0.3,0.4,0.0,0.3,0.4,0.0,0.0,1.0,0.0,0.3,0.0,0.3,0.3,0.0,0.3,0.3,0.3,0.0,0.0,0.0,0.3,0.3,1.0,1.0,0.2,0.0,1.0,1.0,1.0,1.0,0.0,0.0,3,3,0.3,1.0,0.3,0.0,0.3,0.0,1.0,0.0,1.0,1.0,0.0,1.0,0.09046106882113603,0.0,0.09046106882113603,0.009046106882113603,0.09046106882113603,0.16833337126957168,0.0032868402154856554,0.0032868402154856554,0.0,0.9777777777777777,1.0333333333333334,0,0,0,3,C3R,0.0,0.0,0.034999999999999844,0.5,1.0,0.0,0.0,0.0,0.034999999999999844
phaseflip,mixed_pauli,0.1,1,0.75,10,qiskit_aer,1,1,0.965,0.7191666666666667,0.37777777777777777,0.23333333333333334,0.0,1.0,1.0,0.0,0.034999999999999844,0.039051248379533124,0.024999999999999856,0.0,0.04999999999999971,0.0,0.0,1.0,0.7,0.5,0.0,0.0,0.0,0.0,0.5,0.05484631039295421,0.0229128784747791,0.06984631039295408,0.0323463103929543,0.06984631039295408,0.01984631039295437,0.01984631039295437,1.0,1.0,0.0,0.0,0.0,0.0,0.0,1.0,0.02595389311788624,0.0338085987112586,0.009923155196477185,0.0,0.042461577598238376,0.0,0.0,1.0,1.0,0.2,0.0,0.0,0.0,0.0,0.8,0.0,0.04396926207859064,0.43969262078590643,0.06984631039295408,0.06984631039295408,0.02595389311788624,0.0338085987112586,0.009923155196477185,0.0,0.042461577598238376,0.0,0.0,1.0,1.0,0.2,0.0,0.0,0.0,0.0,0.8,0.0,0.04396926207859064,0.43969262078590643,0.06984631039295408,0.06984631039295408,0.02595389311788624,0.0338085987112586,0.009923155196477185,0.0,0.042461577598238376,0.0,0.0,1.0,1.0,0.2,0.0,0.0,0.0,0.0,0.8,0.0,0.04396926207859064,0.43969262078590643,0.06984631039295408,0.06984631039295408,0.02595389311788624,0.0338085987112586,0.009923155196477185,0.0,0.042461577598238376,0.0,0.0,1.0,1.0,0.2,0.0,0.0,0.0,0.0,0.8,0.0,0.04396926207859064,0.43969262078590643,0.06984631039295408,0.06984631039295408,1.0,0.3,0.3,0.3,0.3,0.0,0.3,0.4,0.0,0.3,0.4,0.0,0.3,0.4,0.0,0.3,0.4,0.0,0.3,0.0,0.3,0.3,0.3,0.3,0.3,0.0,0.0,0.0,0.0,0.3,0.3,1.0,1.0,1.0,0.3,1.0,1.0,1.0,1.0,1.0,1.0,3,0,0.0,0.0,0.3,0.0,0.0,0.0,0.0,0.0,0.0,0.0,0.0,1.0,0.0,0.0,0.0,0.0,0.0,-0.1191666287304283,0.0032868402154856554,0.0032868402154856554,0.0,0.48333333333333334,0.48333333333333334,0,0,0,0,C1,0.0,0.0,0.02595389311788624,0.2,1.0,0.3,0.0,0.0,0.02595389311788624
phaseflip,mixed_pauli,0.1,1,1.0,10,qiskit_aer,1,1,0.965,0.965,0.0,0.0,1.0,1.0,0.0,0.0,0.034999999999999844,0.039051248379533124,0.024999999999999856,0.0,0.04999999999999971,0.0,0.0,1.0,0.7,0.5,0.3,0.0,0.5,0.5,0.5,0.05484631039295421,0.0229128784747791,0.06984631039295408,0.0323463103929543,0.06984631039295408,0.01984631039295437,0.01984631039295437,1.0,1.0,0.0,0.0,0.0,1.0,1.0,1.0,0.05484631039295421,0.0229128784747791,0.06984631039295408,0.0323463103929543,0.06984631039295408,0.01984631039295437,0.01984631039295437,1.0,1.0,0.0,0.0,0.0,1.0,1.0,1.0,0.0,0.015076844803522671,0.1507684480352267,0.030153689607045342,0.030153689607045342,0.02595389311788624,0.0338085987112586,0.009923155196477185,0.0,0.042461577598238376,0.0,0.0,1.0,1.0,0.2,0.0,0.0,0.8,0.8,0.8,0.0,0.04396926207859064,0.43969262078590643,0.06984631039295408,0.06984631039295408,0.02595389311788624,0.0338085987112586,0.009923155196477185,0.0,0.042461577598238376,0.0,0.0,1.0,1.0,0.2,0.0,0.0,0.8,0.8,0.8,0.0,0.04396926207859064,0.43969262078590643,0.06984631039295408,0.06984631039295408,0.02595389311788624,0.0338085987112586,0.009923155196477185,0.0,0.042461577598238376,0.0,0.0,1.0,1.0,0.2,0.0,0.0,0.8,0.8,0.8,0.0,0.04396926207859064,0.43969262078590643,0.06984631039295408,0.06984631039295408,1.0,1.0,0.3,0.3,0.3,0.0,1.0,0.0,1.0,0.3,1.0,0.375,0.3,1.0,0.375,0.3,1.0,0.375,0.3,0.7,0.3,0.3,0.3,0.3,0.3,0.0,0.0,0.0,0.0,0.3,0.3,1.0,1.0,1.0,0.3,1.0,1.0,1.0,1.0,1.0,1.0,3,0,0.0,0.0,0.3,0.0,0.0,0.0,0.0,0.0,0.0,0.0,0.0,1.0,0.0,0.0,0.0,0.0,0.0,-0.3649999620637617,0.0032868402154856554,0.0032868402154856554,0.0,0.0,0.0,0,0,0,0,C1,0.0,0.0,0.05484631039295421,0.0,1.0,1.0,0.0,0.0,0.05484631039295421
phaseflip,mixed_pauli,0.1,2,0.25,10,qiskit_aer,1,1,0.92575,0.20622222222222222,0.9555555555555555,0.7666666666666667,0.0,0.5,1.0,0.0,0.06925,0.04361837342221746,0.09000000000000025,0.0449999999999999,0.0900000000000003,-2.220446049250313e-16,-2.220446049250313e-16,1.0,1.0,0.2,0.0,0.0,0.0,0.0,0.4,0.1350963103929544,0.029505296134761966,0.14984631039295437,0.11484631039295445,0.15984631039295435,0.08872131039295435,0.06734631039295436,1.0,1.0,0.0,0.0,0.0,0.0,0.0,0.5,0.06925,0.04361837342221746,0.09000000000000025,0.0449999999999999,0.0900000000000003,-2.220446049250313e-16,-2.220446049250313e-16,1.0,1.0,0.2,0.0,0.0,0.0,0.0,0.4,0.0,0.07187704831436344,0.7187704831436343,0.1498463103929546,0.1498463103929546,0.06925,0.04361837342221746,0.09000000000000025,0.0449999999999999,0.0900000000000003,-2.220446049250313e-16,-2.220446049250313e-16,1.0,1.0,0.2,0.0,0.0,0.0,0.0,0.4,0.0,0.07187704831436344,0.7187704831436343,0.1498463103929546,0.1498463103929546,0.06925,0.04361837342221746,0.09000000000000025,0.0449999999999999,0.0900000000000003,-2.220446049250313e-16,-2.220446049250313e-16,1.0,1.0,0.2,0.0,0.0,0.0,0.0,0.4,0.0,0.07187704831436344,0.7187704831436343,0.1498463103929546,0.1498463103929546,0.06925,0.04361837342221746,0.09000000000000025,0.0449999999999999,0.0900000000000003,-2.220446049250313e-16,-2.220446049250313e-16,1.0,1.0,0.2,0.0,0.0,0.0,0.0,0.4,0.0,0.07187704831436344,0.7187704831436343,0.1498463103929546,0.1498463103929546,1.0,0.0,0.0,0.0,0.0,0.0,0.0,1.0,0.0,0.0,1.0,0.0,0.0,1.0,0.0,0.0,1.0,0.0,0.0,0.0,0.0,0.0,0.0,0.0,0.0,0.0,0.0,0.0,0.0,0.0,0.0,1.0,1.0,0.0,0.0,0.0,0.0,0.0,0.0,0.0,0.0,0,0,0.0,0.0,0.0,0.0,0.0,0.0,0.0,0.0,0.0,0.0,0.0,1.0,0.0,0.0,0.0,0.0,0.0,-0.20622222203959537,0.0,0.0,0.0,1.0,1.5166666666666666,0,0,0,0,C1,0.0,0.0,0.06925,0.2,1.0,0.0,0.0,0.0,0.06925
phaseflip,mixed_pauli,0.1,2,0.5,10,qiskit_aer,1,1,0.92575,0.3985694444444444,0.8,0.55,0.0,0.5,1.0,0.0,0.06925,0.04361837342221746,0.09000000000000025,0.0449999999999999,0.0900000000000003,-2.220446049250313e-16,-2.220446049250313e-16,1.0,0.8,0.2,0.0,0.0,0.0,0.0,0.4,0.1350963103929544,0.029505296134761966,0.14984631039295437,0.11484631039295445,0.15984631039295435,0.08872131039295435,0.06734631039295436,1.0,1.0,0.0,0.0,0.0,0.0,0.0,0.5,0.0732192620785909,0.04423188571730275,0.09000000000000025,0.05058657759823845,0.0900000000000003,-2.220446049250313e-16,-2.220446049250313e-16,1.0,1.0,0.1,0.0,0.0,0.0,0.0,0.5,0.0,0.06790778623577254,0.6790778623577254,0.1498463103929546,0.1498463103929546,0.0732192620785909,0.04423188571730275,0.09000000000000025,0.05058657759823845,0.0900000000000003,-2.220446049250313e-16,-2.220446049250313e-16,1.0,1.0,0.1,0.0,0.0,0.0,0.0,0.5,0.0,0.06790778623577254,0.6790778623577254,0.1498463103929546,0.1498463103929546,0.0732192620785909,0.04423188571730275,0.09000000000000025,0.05058657759823845,0.0900000000000003,-2.220446049250313e-16,-2.220446049250313e-16,1.0,1.0,0.1,0.0,0.0,0.0,0.0,0.5,0.0,0.06790778623577254,0.6790778623577254,0.1498463103929546,0.1498463103929546,0.07623463103929544,0.04475347507613216,0.0900000000000003,0.05624999999999991,0.09562499999999985,-2.220446049250313e-16,-2.220446049250313e-16,1.0,0.9,0.2,0.0,0.0,0.0,0.0,0.4,0.00556297854266948,0.064892417275068,0.64892417275068,0.1498463103929546,0.1498463103929546,1.0,0.2,0.2,0.2,0.1,0.1,0.2,0.5,0.125,0.2,0.5,0.125,0.2,0.5,0.125,0.1,1.0,0.125,0.2,0.0,0.2,0.2,0.1,0.2,0.2,0.1,0.0,0.0,0.0,0.2,0.2,1.0,1.0,0.3,0.1,1.0,1.0,1.0,1.0,0.5,0.5,2,1,0.1,0.5,0.1,0.1,0.1,0.0,1.0,0.0,1.0,1.0,0.0,1.0,0.030153689607045342,0.0,0.030153689607045342,0.003015368960704534,0.030153689607045342,0.0014305557248322832,0.00556297854266948,0.00556297854266948,0.0,0.9722222222222222,1.05,0,0,0,1,C3R,0.0,0.0,0.07623463103929544,0.2,1.0,0.1,0.0,0.0,0.07623463103929544
phaseflip,mixed_pauli,0.1,2,0.75,10,qiskit_aer,1,1,0.92575,0.6838194444444444,0.3888888888888889,0.23333333333333334,0.0,0.5,1.0,0.0,0.06925,0.04361837342221746,0.09000000000000025,0.0449999999999999,0.0900000000000003,-2.220446049250313e-16,-2.220446049250313e-16,1.0,0.8,0.2,0.0,0.0,0.0,0.0,0.4,0.1350963103929544,0.029505296134761966,0.14984631039295437,0.11484631039295445,0.15984631039295435,0.08872131039295435,0.06734631039295436,1.0,1.0,0.0,0.0,0.0,0.0,0.0,0.5,0.0732192620785909,0.04423188571730275,0.09000000000000025,0.05058657759823845,0.0900000000000003,-2.220446049250313e-16,-2.220446049250313e-16,1.0,1.0,0.1,0.0,0.0,0.0,0.0,0.5,0.0,0.06790778623577254,0.6790778623577254,0.1498463103929546,0.1498463103929546,0.0732192620785909,0.04423188571730275,0.09000000000000025,0.05058657759823845,0.0900000000000003,-2.220446049250313e-16,-2.220446049250313e-16,1.0,1.0,0.1,0.0,0.0,0.0,0.0,0.5,0.0,0.06790778623577254,0.6790778623577254,0.1498463103929546,0.1498463103929546,0.0732192620785909,0.04423188571730275,0.09000000000000025,0.05058657759823845,0.0900000000000003,-2.220446049250313e-16,-2.220446049250313e-16,1.0,1.0,0.1,0.0,0.0,0.0,0.0,0.5,0.0,0.06790778623577254,0.6790778623577254,0.1498463103929546,0.1498463103929546,0.0732192620785909,0.04423188571730275,0.09000000000000025,0.05058657759823845,0.0900000000000003,-2.220446049250313e-16,-2.220446049250313e-16,1.0,1.0,0.1,0.0,0.0,0.0,0.0,0.5,0.0,0.06790778623577254,0.6790778623577254,0.1498463103929546,0.1498463103929546,1.0,0.2,0.2,0.2,0.2,0.0,0.2,0.5,0.125,0.2,0.5,0.125,0.2,0.5,0.125,0.2,0.5,0.125,0.2,0.0,0.2,0.2,0.2,0.2,0.2,0.0,0.0,0.0,0.0,0.2,0.2,1.0,1.0,1.0,0.2,1.0,1.0,1.0,1.0,1.0,1.0,2,0,0.0,0.0,0.1,0.1,0.0,0.0,0.0,0.0,0.0,0.0,0.0,1.0,0.0,0.0,0.0,0.0,0.0,-0.283819444273236,0.00556297854266948,0.00556297854266948,0.0,0.48333333333333334,0.48333333333333334,0,0,0,0,C1,0.0,0.0,0.0732192620785909,0.1,1.0,0.2,0.0,0.0,0.0732192620785909
phaseflip,mixed_pauli,0.1,2,1.0,10,qiskit_aer,1,1,0.92575,0.92575,0.0,0.0,0.5,0.5,0.0,0.0,0.06925,0.04361837342221746,0.09000000000000025,0.0449999999999999,0.0900000000000003,-2.220446049250313e-16,-2.220446049250313e-16,1.0,1.0,0.2,0.0,0.0,0.4,0.4,0.4,0.1350963103929544,0.029505296134761966,0.14984631039295437,0.11484631039295445,0.15984631039295435,0.08872131039295435,0.06734631039295436,1.0,1.0,0.0,0.0,0.0,0.5,0.5,0.5,0.08020389311788637,0.04473614962492923,0.0900000000000003,0.07300973279471581,0.10863473279471583,-2.220446049250313e-16,-2.220446049250313e-16,1.0,1.0,0.1,0.0,0.0,0.5,0.5,0.5,0.0,0.060923155196477084,0.6092315519647709,0.1498463103929546,0.1498463103929546,0.06925,0.04361837342221746,0.09000000000000025,0.0449999999999999,0.0900000000000003,-2.220446049250313e-16,-2.220446049250313e-16,1.0,1.0,0.2,0.0,0.0,0.4,0.4,0.4,0.0,0.07187704831436344,0.7187704831436343,0.1498463103929546,0.1498463103929546,0.06925,0.04361837342221746,0.09000000000000025,0.0449999999999999,0.0900000000000003,-2.220446049250313e-16,-2.220446049250313e-16,1.0,1.0,0.2,0.0,0.0,0.4,0.4,0.4,0.0,0.07187704831436344,0.7187704831436343,0.1498463103929546,0.1498463103929546,0.06925,0.04361837342221746,0.09000000000000025,0.0449999999999999,0.0900000000000003,-2.220446049250313e-16,-2.220446049250313e-16,1.0,1.0,0.2,0.0,0.0,0.4,0.4,0.4,0.0,0.07187704831436344,0.7187704831436343,0.1498463103929546,0.1498463103929546,1.0,0.3,0.0,0.0,0.0,0.0,0.3,0.5,0.25,0.0,1.0,0.0,0.0,1.0,0.0,0.0,1.0,0.0,0.0,0.3,0.0,0.0,0.0,0.0,0.0,0.0,0.0,0.0,0.0,0.0,0.0,1.0,1.0,1.0,0.0,0.0,0.0,0.0,0.0,0.0,0.0,0,0,0.0,0.0,0.0,0.0,0.0,0.0,0.0,0.0,0.0,0.0,0.0,1.0,0.0,0.0,0.0,0.0,0.0,-0.9257499998239991,0.0,0.0,0.0,0.0,0.0,0,0,0,0,C1,0.0,0.0,0.08020389311788637,0.1,1.0,0.3,0.0,0.0,0.08020389311788637
phaseflip,mixed_pauli,0.1,3,0.25,10,qiskit_aer,1,1,0.87565,0.1858027777777778,0.9555555555555555,0.7777777777777778,0.0,0.5,1.0,0.0,0.11195000000000009,0.04725751263026848,0.10400000000000026,0.08200000000000018,0.13050000000000006,0.059450000000000225,0.04100000000000026,1.0,0.6,0.2,0.0,0.0,0.0,0.0,0.5,0.20179631039295437,0.03448583042352318,0.20034631039295436,0.1920963103929544,0.23184631039295434,0.14767131039295442,0.11234631039295451,1.0,1.0,0.0,0.0,0.0,0.0,0.0,0.5,0.1538885241571818,0.056531541870367345,0.13050000000000006,0.11575973279471596,0.21346157759823833,0.08200000000000018,0.08200000000000018,1.0,1.0,0.1,0.0,0.0,0.0,0.0,0.5,0.0,0.05393852415718163,0.5393852415718163,0.14984631039295415,0.14984631039295415,0.1538885241571818,0.056531541870367345,0.13050000000000006,0.11575973279471596,0.21346157759823833,0.08200000000000018,0.08200000000000018,1.0,1.0,0.1,0.0,0.0,0.0,0.0,0.5,0.0,0.05393852415718163,0.5393852415718163,0.14984631039295415,0.14984631039295415,0.1538885241571818,0.056531541870367345,0.13050000000000006,0.11575973279471596,0.21346157759823833,0.08200000000000018,0.08200000000000018,1.0,1.0,0.1,0.0,0.0,0.0,0.0,0.5,0.0,0.05393852415718163,0.5393852415718163,0.14984631039295415,0.14984631039295415,0.11195000000000009,0.04725751263026848,0.10400000000000026,0.08200000000000018,0.13050000000000006,0.059450000000000225,0.04100000000000026,1.0,0.6,0.2,0.0,0.0,0.0,0.0,0.5,0.00556297854266948,0.09587704831436335,0.9587704831436334,0.14984631039295415,0.14984631039295415,1.0,0.4,0.4,0.4,0.0,0.4,0.4,0.5,0.375,0.4,0.5,0.375,0.4,0.5,0.375,0.0,1.0,0.0,0.4,0.0,0.4,0.4,0.0,0.4,0.4,0.4,0.0,0.0,0.0,0.4,0.4,1.0,1.0,0.0,0.0,1.0,1.0,1.0,1.0,0.0,0.0,4,4,0.4,1.0,0.1,0.3,0.1,0.3,0.25,0.75,0.25,1.0,1.0,0.0,0.030153689607045342,0.44953893117886246,-0.4193852415718171,-0.04193852415718171,-0.4193852415718171,0.6141972224103437,0.00556297854266948,0.00556297854266948,0.0,1.0,1.527777777777778,0,0,0,4,C1,0.0,0.0,0.1538885241571818,0.1,1.0,0.4,0.0,0.0,0.1538885241571818
phaseflip,mixed_pauli,0.1,3,0.5,10,qiskit_aer,1,1,0.87565,0.4043916666666667,0.7777777777777778,0.5166666666666667,0.0,0.5,1.0,0.0,0.11195000000000009,0.04725751263026848,0.10400000000000026,0.08200000000000018,0.13050000000000006,0.059450000000000225,0.04100000000000026,1.0,0.7,0.2,0.0,0.0,0.0,0.0,0.5,0.20179631039295437,0.03448583042352318,0.20034631039295436,0.1920963103929544,0.23184631039295434,0.14767131039295442,0.11234631039295451,1.0,1.0,0.0,0.0,0.0,0.0,0.0,0.5,0.1389038931178864,0.06410202922802857,0.1282500000000002,0.08958657759823876,0.19837499999999975,0.059450000000000225,0.04100000000000026,1.0,1.0,0.1,0.0,0.0,0.0,0.0,0.5,0.0,0.06892315519647704,0.6892315519647705,0.14984631039295415,0.14984631039295415,0.1389038931178864,0.06410202922802857,0.1282500000000002,0.08958657759823876,0.19837499999999975,0.059450000000000225,0.04100000000000026,1.0,1.0,0.1,0.0,0.0,0.0,0.0,0.5,0.0,0.06892315519647704,0.6892315519647705,0.14984631039295415,0.14984631039295415,0.1389038931178864,0.06410202922802857,0.1282500000000002,0.08958657759823876,0.19837499999999975,0.059450000000000225,0.04100000000000026,1.0,1.0,0.1,0.0,0.0,0.0,0.0,0.5,0.0,0.06892315519647704,0.6892315519647705,0.14984631039295415,0.14984631039295415,0.14191926207859093,0.06348811211268963,0.13050000000000006,0.09300000000000022,0.2013749999999997,0.059450000000000225,0.04100000000000026,1.0,0.9,0.2,0.0,0.0,0.0,0.0,0.5,2.166112591183837e-21,0.06590778623577251,0.6590778623577251,0.14984631039295415,0.14984631039295415,1.0,0.3,0.3,0.3,0.2,0.1,0.3,0.5,0.25,0.3,0.5,0.25,0.3,0.5,0.25,0.2,1.0,0.25,0.3,0.0,0.3,0.3,0.2,0.3,0.3,0.1,0.0,0.0,0.0,0.3,0.3,1.0,1.0,0.5,0.2,1.0,1.0,1.0,1.0,0.6666666666666666,0.6666666666666666,3,1,0.1,0.3333333333333333,0.1,0.2,0.1,0.0,1.0,0.0,1.0,1.0,0.0,1.0,0.030153689607045342,0.0,0.030153689607045342,0.003015368960704534,0.030153689607045342,0.19560833350277942,4.8406573363417764e-20,4.8406573363417764e-20,0.0,0.9555555555555555,1.0166666666666666,0,0,0,1,C3R,0.0,0.0,0.14191926207859093,0.2,1.0,0.2,0.0,0.0,0.14191926207859093
phaseflip,mixed_pauli,0.1,3,0.75,10,qiskit_aer,1,1,0.87565,0.6227805555555556,0.38888888888888884,0.2222222222222222,0.0,0.5,1.0,0.0,0.11195000000000009,0.04725751263026848,0.10400000000000026,0.08200000000000018,0.13050000000000006,0.059450000000000225,0.04100000000000026,1.0,0.7,0.2,0.0,0.0,0.0,0.0,0.5,0.20179631039295437,0.03448583042352318,0.20034631039295436,0.1920963103929544,0.23184631039295434,0.14767131039295442,0.11234631039295451,1.0,1.0,0.0,0.0,0.0,0.0,0.0,0.5,0.1389038931178864,0.06410202922802857,0.1282500000000002,0.08958657759823876,0.19837499999999975,0.059450000000000225,0.04100000000000026,1.0,1.0,0.1,0.0,0.0,0.0,0.0,0.5,0.0,0.06892315519647704,0.6892315519647705,0.14984631039295415,0.14984631039295415,0.1389038931178864,0.06410202922802857,0.1282500000000002,0.08958657759823876,0.19837499999999975,0.059450000000000225,0.04100000000000026,1.0,1.0,0.1,0.0,0.0,0.0,0.0,0.5,0.0,0.06892315519647704,0.6892315519647705,0.14984631039295415,0.14984631039295415,0.1389038931178864,0.06410202922802857,0.1282500000000002,0.08958657759823876,0.19837499999999975,0.059450000000000225,0.04100000000000026,1.0,1.0,0.1,0.0,0.0,0.0,0.0,0.5,0.0,0.06892315519647704,0.6892315519647705,0.14984631039295415,0.14984631039295415,0.1389038931178864,0.06410202922802857,0.1282500000000002,0.08958657759823876,0.19837499999999975,0.059450000000000225,0.04100000000000026,1.0,1.0,0.1,0.0,0.0,0.0,0.0,0.5,0.0,0.06892315519647704,0.6892315519647705,0.14984631039295415,0.14984631039295415,1.0,0.3,0.3,0.3,0.3,0.0,0.3,0.5,0.25,0.3,0.5,0.25,0.3,0.5,0.25,0.3,0.5,0.25,0.3,0.0,0.3,0.3,0.3,0.3,0.3,0.0,0.0,0.0,0.0,0.3,0.3,1.0,1.0,1.0,0.3,1.0,1.0,1.0,1.0,1.0,1.0,3,0,0.0,0.0,0.1,0.2,0.0,0.0,0.0,0.0,0.0,0.0,0.0,1.0,0.0,0.0,0.0,0.0,0.0,-0.022780555387424316,3.361543139052379e-20,3.361543139052379e-20,0.0,0.4722222222222222,0.4722222222222222,0,0,0,0,C1,0.0,0.0,0.1389038931178864,0.1,1.0,0.3,0.0,0.0,0.1389038931178864
phaseflip,mixed_pauli,0.1,3,1.0,10,qiskit_aer,1,1,0.87565,0.87565,0.0,0.0,0.5,0.5,0.0,0.0,0.11195000000000009,0.04725751263026848,0.10400000000000026,0.08200000000000018,0.13050000000000006,0.059450000000000225,0.04100000000000026,1.0,0.7,0.2,0.2,0.0,0.5,0.5,0.5,0.20179631039295437,0.03448583042352318,0.20034631039295436,0.1920963103929544,0.23184631039295434,0.14767131039295442,0.11234631039295451,1.0,1.0,0.0,0.0,0.0,0.5,0.5,0.5,0.18385778623577265,0.04979507869822858,0.20592315519647703,0.13050000000000006,0.23184631039295434,0.11849047071612513,0.11234631039295451,1.0,1.0,0.1,0.0,0.0,0.5,0.5,0.5,0.0,0.023969262078590802,0.23969262078590803,0.0698463103929543,0.06984631039295423,0.1389038931178864,0.06410202922802857,0.1282500000000002,0.08958657759823876,0.19837499999999975,0.059450000000000225,0.04100000000000026,1.0,1.0,0.1,0.0,0.0,0.5,0.5,0.5,0.0,0.06892315519647704,0.6892315519647705,0.14984631039295415,0.14984631039295415,0.1389038931178864,0.06410202922802857,0.1282500000000002,0.08958657759823876,0.19837499999999975,0.059450000000000225,0.04100000000000026,1.0,1.0,0.1,0.0,0.0,0.5,0.5,0.5,0.0,0.06892315519647704,0.6892315519647705,0.14984631039295415,0.14984631039295415,0.1389038931178864,0.06410202922802857,0.1282500000000002,0.08958657759823876,0.19837499999999975,0.059450000000000225,0.04100000000000026,1.0,1.0,0.1,0.0,0.0,0.5,0.5,0.5,0.0,0.06892315519647704,0.6892315519647705,0.14984631039295415,0.14984631039295415,1.0,0.6,0.3,0.3,0.3,0.0,0.6,0.5,0.625,0.3,0.5,0.25,0.3,0.5,0.25,0.3,0.5,0.25,0.3,0.3,0.3,0.3,0.3,0.3,0.3,0.0,0.0,0.0,0.0,0.3,0.3,1.0,1.0,1.0,0.3,1.0,1.0,1.0,1.0,1.0,1.0,3,0,0.0,0.0,0.1,0.2,0.0,0.0,0.0,0.0,0.0,0.0,0.0,1.0,0.0,0.0,0.0,0.0,0.0,-0.27564999983086486,3.238283622611596e-20,3.238283622611596e-20,0.0,0.0,0.0,0,0,0,0,C1,0.0,0.0,0.18385778623577265,0.1,1.0,0.6,0.0,0.0,0.18385778623577265
phaseflip,mixed_pauli,0.1,4,0.25,10,qiskit_aer,1,1,0.83941,0.18483833333333333,0.9666666666666667,0.7555555555555555,0.0,0.1,1.0,0.0,0.13840500000000017,0.04974939421741725,0.12357500000000032,0.11890000000000003,0.15375000000000005,0.07663500000000031,0.07560000000000033,1.0,0.7,0.1,0.0,0.0,0.0,0.0,0.1,0.26065131039295447,0.03309498791357987,0.26874631039295444,0.23597131039295446,0.2842713103929545,0.20851381039295455,0.1980963103929546,1.0,1.0,0.0,0.0,0.0,0.0,0.0,0.1,0.18335889311788647,0.08088596380232718,0.16920000000000013,0.12123750000000014,0.2644097327947158,0.07663500000000031,0.07560000000000033,1.0,1.0,0.1,0.0,0.0,0.0,0.0,0.1,0.0,0.08030778623577255,0.8030778623577255,0.18504631039295422,0.2138463103929542,0.18335889311788647,0.08088596380232718,0.16920000000000013,0.12123750000000014,0.2644097327947158,0.07663500000000031,0.07560000000000033,1.0,1.0,0.1,0.0,0.0,0.0,0.0,0.1,0.0,0.08030778623577255,0.8030778623577255,0.18504631039295422,0.2138463103929542,0.18335889311788647,0.08088596380232718,0.16920000000000013,0.12123750000000014,0.2644097327947158,0.07663500000000031,0.07560000000000033,1.0,1.0,0.1,0.0,0.0,0.0,0.0,0.1,0.0,0.08030778623577255,0.8030778623577255,0.18504631039295422,0.2138463103929542,0.13840500000000017,0.04974939421741725,0.12357500000000032,0.11890000000000003,0.15375000000000005,0.07663500000000031,0.07560000000000033,1.0,0.7,0.1,0.0,0.0,0.0,0.0,0.1,0.01198817249199772,0.12526167935365887,1.2526167935365886,0.18504631039295422,0.2138463103929542,1.0,0.3,0.3,0.3,0.0,0.3,0.3,1.0,0.3333333333333333,0.3,1.0,0.3333333333333333,0.3,1.0,0.3333333333333333,0.0,1.0,0.0,0.3,0.0,0.3,0.3,0.0,0.3,0.3,0.3,0.0,0.0,0.0,0.3,0.3,1.0,1.0,0.0,0.0,1.0,1.0,1.0,1.0,0.0,0.0,3,3,0.3,1.0,0.0,0.3,0.0,0.3,0.0,1.0,0.0,0.0,1.0,0.0,0.0,0.4495389311788631,-0.4495389311788631,-0.044953893117886314,-0.4495389311788631,0.41516166669001153,0.01198817249199772,0.01198817249199772,0.0,1.0,1.5055555555555555,0,0,0,3,C1,0.0,0.0,0.18335889311788647,0.1,1.0,0.3,0.0,0.0,0.18335889311788647
phaseflip,mixed_pauli,0.1,4,0.5,10,qiskit_aer,1,1,0.83941,0.3518311111111111,0.7777777777777778,0.5333333333333333,0.0,0.1,1.0,0.0,0.13840500000000017,0.04974939421741728,0.12357500000000021,0.11890000000000003,0.15375000000000005,0.07663500000000031,0.07560000000000033,1.0,0.6,0.1,0.0,0.0,0.0,0.0,0.1,0.26065131039295447,0.03309498791357987,0.26874631039295444,0.23597131039295446,0.2842713103929545,0.20851381039295455,0.1980963103929546,1.0,1.0,0.0,0.0,0.0,0.0,0.0,0.1,0.19034352415718186,0.08417571828750997,0.19949999999999996,0.12123750000000008,0.2667213103929545,0.07663500000000031,0.07560000000000033,1.0,1.0,0.1,0.0,0.0,0.0,0.0,0.1,0.0,0.07332315519647714,0.7332315519647714,0.18504631039295422,0.2138463103929542,0.19034352415718186,0.08417571828750997,0.19949999999999996,0.12123750000000008,0.2667213103929545,0.07663500000000031,0.07560000000000033,1.0,1.0,0.1,0.0,0.0,0.0,0.0,0.1,0.0,0.07332315519647714,0.7332315519647714,0.18504631039295422,0.2138463103929542,0.19034352415718186,0.08417571828750997,0.19949999999999996,0.12123750000000008,0.2667213103929545,0.07663500000000031,0.07560000000000033,1.0,1.0,0.1,0.0,0.0,0.0,0.0,0.1,0.0,0.07332315519647714,0.7332315519647714,0.18504631039295422,0.2138463103929542,0.17535889311788644,0.08219933337491844,0.1379250000000002,0.11890000000000003,0.25833473279471586,0.07663500000000031,0.07560000000000033,1.0,0.9,0.1,0.0,0.0,0.0,0.0,0.1,0.006057932174401577,0.08830778623577258,0.8830778623577258,0.18504631039295422,0.2138463103929542,1.0,0.4,0.4,0.4,0.3,0.1,0.4,1.0,0.4444444444444444,0.4,1.0,0.4444444444444444,0.4,1.0,0.4444444444444444,0.3,1.0,0.3333333333333333,0.4,0.0,0.4,0.4,0.3,0.4,0.4,0.1,0.0,0.0,0.0,0.4,0.4,1.0,1.0,0.3,0.3,1.0,1.0,1.0,1.0,0.75,0.75,4,1,0.1,0.25,0.0,0.4,0.0,0.1,0.0,1.0,0.0,0.0,0.25,0.75,0.0,0.14984631039295437,-0.14984631039295437,-0.014984631039295437,-0.14984631039295437,0.44816888891523804,0.031877908227064156,0.031877908227064156,0.0,0.95,1.0333333333333334,0,0,0,1,C1,0.0,0.0,0.19034352415718186,0.1,1.0,0.4,0.0,0.0,0.19034352415718186
phaseflip,mixed_pauli,0.1,4,0.75,10,qiskit_aer,1,1,0.83941,0.5674661111111111,0.4444444444444444,0.25,0.0,0.1,1.0,0.0,0.13840500000000017,0.04974939421741725,0.12357500000000032,0.11890000000000003,0.15375000000000005,0.07663500000000031,0.07560000000000033,1.0,0.7,0.1,0.0,0.0,0.0,0.0,0.1,0.26065131039295447,0.03309498791357987,0.26874631039295444,0.23597131039295446,0.2842713103929545,0.20851381039295455,0.1980963103929546,1.0,1.0,0.0,0.0,0.0,0.0,0.0,0.1,0.18335889311788645,0.07289581191679781,0.16920000000000013,0.12123750000000022,0.2454865775982385,0.09508500000000018,0.07560000000000033,1.0,1.0,0.1,0.0,0.0,0.0,0.0,0.1,0.0,0.08030778623577257,0.8030778623577257,0.18504631039295422,0.2138463103929542,0.18335889311788645,0.07289581191679781,0.16920000000000013,0.12123750000000022,0.2454865775982385,0.09508500000000018,0.07560000000000033,1.0,1.0,0.1,0.0,0.0,0.0,0.0,0.1,0.0,0.08030778623577257,0.8030778623577257,0.18504631039295422,0.2138463103929542,0.18335889311788645,0.07289581191679781,0.16920000000000013,0.12123750000000022,0.2454865775982385,0.09508500000000018,0.07560000000000033,1.0,1.0,0.1,0.0,0.0,0.0,0.0,0.1,0.0,0.08030778623577257,0.8030778623577257,0.18504631039295422,0.2138463103929542,0.18335889311788645,0.07289581191679781,0.16920000000000013,0.12123750000000022,0.2454865775982385,0.09508500000000018,0.07560000000000033,1.0,1.0,0.1,0.0,0.0,0.0,0.0,0.1,0.0,0.08030778623577257,0.8030778623577257,0.18504631039295422,0.2138463103929542,1.0,0.3,0.3,0.3,0.3,0.0,0.3,1.0,0.3333333333333333,0.3,1.0,0.3333333333333333,0.3,1.0,0.3333333333333333,0.3,1.0,0.3333333333333333,0.3,0.0,0.3,0.3,0.3,0.3,0.3,0.0,0.0,0.0,0.0,0.3,0.3,1.0,1.0,1.0,0.3,1.0,1.0,1.0,1.0,1.0,1.0,3,0,0.0,0.0,0.0,0.3,0.0,0.0,0.0,0.0,0.0,0.0,0.0,1.0,0.0,0.0,0.0,0.0,0.0,0.03253388891510135,0.01460284021778777,0.01460284021778777,0.0,0.5,0.5,0,0,0,0,C1,0.0,0.0,0.18335889311788645,0.1,1.0,0.3,0.0,0.0,0.18335889311788645
phaseflip,mixed_pauli,0.1,4,1.0,10,qiskit_aer,1,1,0.83941,0.83941,0.0,0.0,0.1,0.1,0.0,0.0,0.13840500000000017,0.04974939421741725,0.12357500000000032,0.11890000000000003,0.15375000000000005,0.07663500000000031,0.07560000000000033,1.0,0.6,0.1,0.1,0.0,0.1,0.1,0.1,0.26065131039295447,0.03309498791357987,0.26874631039295444,0.23597131039295446,0.2842713103929545,0.20851381039295455,0.1980963103929546,1.0,1.0,0.0,0.0,0.0,0.1,0.1,0.1,0.19034352415718186,0.07652980990435045,0.18767315519647726,0.12123750000000022,0.25833473279471586,0.09508500000000018,0.07560000000000033,1.0,1.0,0.1,0.0,0.0,0.1,0.1,0.1,0.0,0.07332315519647714,0.7332315519647714,0.18504631039295422,0.2138463103929542,0.19034352415718186,0.07652980990435045,0.18767315519647726,0.12123750000000022,0.25833473279471586,0.09508500000000018,0.07560000000000033,1.0,1.0,0.1,0.0,0.0,0.1,0.1,0.1,0.0,0.07332315519647714,0.7332315519647714,0.18504631039295422,0.2138463103929542,0.19034352415718186,0.07652980990435045,0.18767315519647726,0.12123750000000022,0.25833473279471586,0.09508500000000018,0.07560000000000033,1.0,1.0,0.1,0.0,0.0,0.1,0.1,0.1,0.0,0.07332315519647714,0.7332315519647714,0.18504631039295422,0.2138463103929542,0.19034352415718186,0.07652980990435045,0.18767315519647726,0.12123750000000022,0.25833473279471586,0.09508500000000018,0.07560000000000033,1.0,1.0,0.1,0.0,0.0,0.1,0.1,0.1,0.0,0.07332315519647714,0.7332315519647714,0.18504631039295422,0.2138463103929542,1.0,0.4,0.4,0.4,0.4,0.0,0.4,1.0,0.4444444444444444,0.4,1.0,0.4444444444444444,0.4,1.0,0.4444444444444444,0.4,1.0,0.4444444444444444,0.4,0.0,0.4,0.4,0.4,0.4,0.4,0.0,0.0,0.0,0.0,0.4,0.4,1.0,1.0,1.0,0.4,1.0,1.0,1.0,1.0,1.0,1.0,4,0,0.0,0.0,0.0,0.4,0.0,0.0,0.0,0.0,0.0,0.0,0.0,1.0,0.0,0.0,0.0,0.0,0.0,-0.03940999997137455,0.012938944118088488,0.012938944118088488,0.0,0.0,0.0,0,0,0,0,C1,0.0,0.0,0.19034352415718186,0.1,1.0,0.4,0.0,0.0,0.19034352415718186
phaseflip,mixed_pauli,0.15,1,0.25,10,qiskit_aer,1,1,0.9475,0.1951388888888889,0.9666666666666667,0.7722222222222223,0.0,0.8,1.0,0.0,0.052499999999999804,0.058576872569299825,0.03749999999999981,-1.1102230246251565e-16,0.07499999999999973,-1.1102230246251565e-16,-1.1102230246251565e-16,1.0,0.6,0.5,0.0,0.0,0.0,0.0,0.5,0.09734631039295435,0.03436931771216878,0.11984631039295435,0.06359631039295438,0.11984631039295435,0.04484631039295439,0.04484631039295439,1.0,1.0,0.0,0.0,0.0,0.0,0.0,0.8,0.04043852415718167,0.05152084085326854,0.02242315519647714,-1.1102230246251565e-16,0.04484631039295439,-1.1102230246251565e-16,-1.1102230246251565e-16,1.0,1.0,0.1,0.0,0.0,0.0,0.0,0.8,0.0,0.07198463103929537,0.7198463103929537,0.11984631039295446,0.11984631039295446,0.04043852415718167,0.05152084085326854,0.02242315519647714,-1.1102230246251565e-16,0.04484631039295439,-1.1102230246251565e-16,-1.1102230246251565e-16,1.0,1.0,0.1,0.0,0.0,0.0,0.0,0.8,0.0,0.07198463103929537,0.7198463103929537,0.11984631039295446,0.11984631039295446,0.04043852415718167,0.05152084085326854,0.02242315519647714,-1.1102230246251565e-16,0.04484631039295439,-1.1102230246251565e-16,-1.1102230246251565e-16,1.0,1.0,0.1,0.0,0.0,0.0,0.0,0.8,0.0,0.07198463103929537,0.7198463103929537,0.11984631039295446,0.11984631039295446,0.052499999999999804,0.058576872569299825,0.03749999999999981,-1.1102230246251565e-16,0.07499999999999973,-1.1102230246251565e-16,-1.1102230246251565e-16,1.0,0.6,0.5,0.0,0.0,0.0,0.0,0.5,6.344454315168206e-18,0.05992315519647723,0.5992315519647723,0.11984631039295446,0.11984631039295446,1.0,0.4,0.4,0.4,0.0,0.4,0.4,0.2,0.0,0.4,0.2,0.0,0.4,0.2,0.0,0.0,1.0,0.0,0.4,0.0,0.4,0.4,0.0,0.4,0.4,0.4,0.0,0.0,0.0,0.4,0.4,1.0,1.0,0.0,0.0,1.0,1.0,1.0,1.0,0.0,0.0,4,4,0.4,1.0,0.4,0.0,0.4,0.0,1.0,0.0,1.0,1.0,0.0,1.0,0.12061475842818137,0.0,0.12061475842818137,0.012061475842818137,0.12061475842818137,0.6048611111721947,6.344454315168206e-18,6.344454315168206e-18,0.0,1.0,1.5222222222222221,0,0,0,4,C3R,0.0,0.0,0.052499999999999804,0.5,1.0,0.0,0.0,0.0,0.052499999999999804
phaseflip,mixed_pauli,0.15,1,0.5,10,qiskit_aer,1,1,0.9475,0.40472222222222226,0.8222222222222222,0.5333333333333333,0.0,0.8,1.0,0.0,0.052499999999999804,0.058576872569299825,0.03749999999999981,-1.1102230246251565e-16,0.07499999999999973,-1.1102230246251565e-16,-1.1102230246251565e-16,1.0,0.6,0.5,0.0,0.0,0.0,0.0,0.5,0.09734631039295435,0.03436931771216878,0.11984631039295435,0.06359631039295438,0.11984631039295435,0.04484631039295439,0.04484631039295439,1.0,1.0,0.0,0.0,0.0,0.0,0.0,0.8,0.04043852415718167,0.05152084085326854,0.02242315519647714,-1.1102230246251565e-16,0.04484631039295439,-1.1102230246251565e-16,-1.1102230246251565e-16,1.0,1.0,0.1,0.0,0.0,0.0,0.0,0.8,0.0,0.07198463103929537,0.7198463103929537,0.11984631039295446,0.11984631039295446,0.04043852415718167,0.05152084085326854,0.02242315519647714,-1.1102230246251565e-16,0.04484631039295439,-1.1102230246251565e-16,-1.1102230246251565e-16,1.0,1.0,0.1,0.0,0.0,0.0,0.0,0.8,0.0,0.07198463103929537,0.7198463103929537,0.11984631039295446,0.11984631039295446,0.04043852415718167,0.05152084085326854,0.02242315519647714,-1.1102230246251565e-16,0.04484631039295439,-1.1102230246251565e-16,-1.1102230246251565e-16,1.0,1.0,0.1,0.0,0.0,0.0,0.0,0.8,0.0,0.07198463103929537,0.7198463103929537,0.11984631039295446,0.11984631039295446,0.052499999999999804,0.058576872569299825,0.03749999999999981,-1.1102230246251565e-16,0.07499999999999973,-1.1102230246251565e-16,-1.1102230246251565e-16,1.0,0.6,0.5,0.0,0.0,0.0,0.0,0.5,6.344454315168206e-18,0.05992315519647723,0.5992315519647723,0.11984631039295446,0.11984631039295446,1.0,0.4,0.4,0.4,0.0,0.4,0.4,0.2,0.0,0.4,0.2,0.0,0.4,0.2,0.0,0.0,1.0,0.0,0.4,0.0,0.4,0.4,0.0,0.4,0.4,0.4,0.0,0.0,0.0,0.4,0.4,1.0,1.0,0.2,0.0,1.0,1.0,1.0,1.0,0.0,0.0,4,4,0.4,1.0,0.4,0.0,0.4,0.0,1.0,0.0,1.0,1.0,0.0,1.0,0.12061475842818137,0.0,0.12061475842818137,0.012061475842818137,0.12061475842818137,0.39527777783886126,6.344454315168206e-18,6.344454315168206e-18,0.0,0.9777777777777777,1.0333333333333334,0,0,0,4,C3R,0.0,0.0,0.052499999999999804,0.5,1.0,0.0,0.0,0.0,0.052499999999999804
phaseflip,mixed_pauli,0.15,1,0.75,10,qiskit_aer,1,1,0.9475,0.6859722222222222,0.37777777777777777,0.23333333333333334,0.0,0.8,1.0,0.0,0.052499999999999804,0.058576872569299825,0.03749999999999981,-1.1102230246251565e-16,0.07499999999999973,-1.1102230246251565e-16,-1.1102230246251565e-16,1.0,0.6,0.5,0.0,0.0,0.0,0.0,0.5,0.09734631039295435,0.03436931771216878,0.11984631039295435,0.06359631039295438,0.11984631039295435,0.04484631039295439,0.04484631039295439,1.0,1.0,0.0,0.0,0.0,0.0,0.0,0.8,0.04043852415718167,0.05152084085326854,0.02242315519647714,-1.1102230246251565e-16,0.04484631039295439,-1.1102230246251565e-16,-1.1102230246251565e-16,1.0,1.0,0.1,0.0,0.0,0.0,0.0,0.8,0.0,0.07198463103929537,0.7198463103929537,0.11984631039295446,0.11984631039295446,0.04043852415718167,0.05152084085326854,0.02242315519647714,-1.1102230246251565e-16,0.04484631039295439,-1.1102230246251565e-16,-1.1102230246251565e-16,1.0,1.0,0.1,0.0,0.0,0.0,0.0,0.8,0.0,0.07198463103929537,0.7198463103929537,0.11984631039295446,0.11984631039295446,0.04043852415718167,0.05152084085326854,0.02242315519647714,-1.1102230246251565e-16,0.04484631039295439,-1.1102230246251565e-16,-1.1102230246251565e-16,1.0,1.0,0.1,0.0,0.0,0.0,0.0,0.8,0.0,0.07198463103929537,0.7198463103929537,0.11984631039295446,0.11984631039295446,0.04043852415718167,0.05152084085326854,0.02242315519647714,-1.1102230246251565e-16,0.04484631039295439,-1.1102230246251565e-16,-1.1102230246251565e-16,1.0,1.0,0.1,0.0,0.0,0.0,0.0,0.8,0.0,0.07198463103929537,0.7198463103929537,0.11984631039295446,0.11984631039295446,1.0,0.4,0.4,0.4,0.4,0.0,0.4,0.2,0.0,0.4,0.2,0.0,0.4,0.2,0.0,0.4,0.2,0.0,0.4,0.0,0.4,0.4,0.4,0.4,0.4,0.0,0.0,0.0,0.0,0.4,0.4,1.0,1.0,1.0,0.4,1.0,1.0,1.0,1.0,1.0,1.0,4,0,0.0,0.0,0.4,0.0,0.0,0.0,0.0,0.0,0.0,0.0,0.0,1.0,0.0,0.0,0.0,0.0,0.0,0.1140277778388614,6.344454315168206e-18,6.344454315168206e-18,0.0,0.48333333333333334,0.48333333333333334,0,0,0,0,C1,0.0,0.0,0.04043852415718167,0.1,1.0,0.4,0.0,0.0,0.04043852415718167
phaseflip,mixed_pauli,0.15,1,1.0,10,qiskit_aer,1,1,0.9475,0.9475,0.0,0.0,0.8,0.8,0.0,0.0,0.052499999999999804,0.058576872569299825,0.03749999999999981,-1.1102230246251565e-16,0.07499999999999973,-1.1102230246251565e-16,-1.1102230246251565e-16,1.0,0.6,0.5,0.3,0.0,0.5,0.5,0.5,0.09734631039295435,0.03436931771216878,0.11984631039295435,0.06359631039295438,0.11984631039295435,0.04484631039295439,0.04484631039295439,1.0,1.0,0.0,0.0,0.0,0.8,0.8,0.8,0.04043852415718167,0.05152084085326854,0.02242315519647714,-1.1102230246251565e-16,0.04484631039295439,-1.1102230246251565e-16,-1.1102230246251565e-16,1.0,1.0,0.1,0.0,0.0,0.8,0.8,0.8,0.0,0.07198463103929537,0.7198463103929537,0.11984631039295446,0.11984631039295446,0.04043852415718167,0.05152084085326854,0.02242315519647714,-1.1102230246251565e-16,0.04484631039295439,-1.1102230246251565e-16,-1.1102230246251565e-16,1.0,1.0,0.1,0.0,0.0,0.8,0.8,0.8,0.0,0.07198463103929537,0.7198463103929537,0.11984631039295446,0.11984631039295446,0.04043852415718167,0.05152084085326854,0.02242315519647714,-1.1102230246251565e-16,0.04484631039295439,-1.1102230246251565e-16,-1.1102230246251565e-16,1.0,1.0,0.1,0.0,0.0,0.8,0.8,0.8,0.0,0.07198463103929537,0.7198463103929537,0.11984631039295446,0.11984631039295446,0.04043852415718167,0.05152084085326854,0.02242315519647714,-1.1102230246251565e-16,0.04484631039295439,-1.1102230246251565e-16,-1.1102230246251565e-16,1.0,1.0,0.1,0.0,0.0,0.8,0.8,0.8,0.0,0.07198463103929537,0.7198463103929537,0.11984631039295446,0.11984631039295446,1.0,0.4,0.4,0.4,0.4,0.0,0.4,0.5,0.375,0.4,0.5,0.375,0.4,0.5,0.375,0.4,0.5,0.375,0.4,0.0,0.4,0.4,0.4,0.4,0.4,0.0,0.0,0.0,0.0,0.4,0.4,1.0,1.0,1.0,0.4,1.0,1.0,1.0,1.0,1.0,1.0,4,0,0.0,0.0,0.4,0.0,0.0,0.0,0.0,0.0,0.0,0.0,0.0,1.0,0.0,0.0,0.0,0.0,0.0,-0.14749999993891655,6.344454315168206e-18,6.344454315168206e-18,0.0,0.0,0.0,0,0,0,0,C1,0.0,0.0,0.04043852415718167,0.1,1.0,0.4,0.0,0.0,0.04043852415718167
phaseflip,mixed_pauli,0.15,2,0.25,10,qiskit_aer,1,1,0.8891875000000001,0.19358333333333333,0.9555555555555555,0.7666666666666667,0.0,0.4,1.0,0.0,0.0995624999999998,0.0636862732953499,0.12749999999999984,0.06374999999999978,0.12749999999999992,-2.220446049250313e-16,-2.220446049250313e-16,1.0,0.9,0.2,0.0,0.0,0.0,0.0,0.4,0.21040881039295437,0.04157302498315466,0.22484631039295433,0.18359631039295432,0.2473463103929544,0.14544006039295435,0.11422131039295436,1.0,1.0,0.0,0.0,0.0,0.0,0.0,0.4,0.11154713103929524,0.06700913846926297,0.12749999999999984,0.07968749999999977,0.14015624999999976,-2.220446049250313e-16,-2.220446049250313e-16,1.0,1.0,0.2,0.0,0.0,0.0,0.0,0.4,0.0,0.10489241727506818,1.0489241727506817,0.22484631039295455,0.22484631039295455,0.11154713103929524,0.06700913846926297,0.12749999999999984,0.07968749999999977,0.14015624999999976,-2.220446049250313e-16,-2.220446049250313e-16,1.0,1.0,0.2,0.0,0.0,0.0,0.0,0.4,0.0,0.10489241727506818,1.0489241727506817,0.22484631039295455,0.22484631039295455,0.11154713103929524,0.06700913846926297,0.12749999999999984,0.07968749999999977,0.14015624999999976,-2.220446049250313e-16,-2.220446049250313e-16,1.0,1.0,0.2,0.0,0.0,0.0,0.0,0.4,0.0,0.10489241727506818,1.0489241727506817,0.22484631039295455,0.22484631039295455,0.0995624999999998,0.0636862732953499,0.12749999999999984,0.06374999999999978,0.12749999999999992,-2.220446049250313e-16,-2.220446049250313e-16,1.0,0.9,0.2,0.0,0.0,0.0,0.0,0.4,2.166112591183837e-21,0.11687704831436363,1.168770483143636,0.22484631039295455,0.22484631039295455,1.0,0.1,0.1,0.1,0.0,0.1,0.1,1.0,0.125,0.1,1.0,0.125,0.1,1.0,0.125,0.0,1.0,0.0,0.1,0.0,0.1,0.1,0.0,0.1,0.1,0.1,0.0,0.0,0.0,0.1,0.1,1.0,1.0,0.0,0.0,1.0,1.0,1.0,1.0,0.0,0.0,1,1,0.1,1.0,0.0,0.1,0.0,0.1,0.0,1.0,0.0,0.0,1.0,0.0,0.0,0.11984631039295446,-0.11984631039295446,-0.011984631039295446,-0.11984631039295446,0.006416666700547219,2.166112591183837e-21,2.166112591183837e-21,0.0,1.0,1.5166666666666666,0,0,0,1,C1,0.0,0.0,0.11154713103929524,0.2,1.0,0.1,0.0,0.0,0.11154713103929524
phaseflip,mixed_pauli,0.15,2,0.5,10,qiskit_aer,1,1,0.8891875000000001,0.3746666666666667,0.8,0.55,0.0,0.4,1.0,0.0,0.0995624999999998,0.0636862732953499,0.12749999999999984,0.06374999999999986,0.12749999999999992,-2.220446049250313e-16,-2.220446049250313e-16,1.0,0.9,0.2,0.0,0.0,0.0,0.0,0.4,0.21040881039295437,0.04157302498315466,0.22484631039295433,0.18359631039295432,0.2473463103929544,0.14544006039295435,0.11422131039295436,1.0,1.0,0.0,0.0,0.0,0.0,0.0,0.4,0.11154713103929526,0.06700913846926296,0.12749999999999984,0.07968749999999986,0.14015624999999976,-2.220446049250313e-16,-2.220446049250313e-16,1.0,1.0,0.2,0.0,0.0,0.0,0.0,0.4,0.0,0.10489241727506818,1.0489241727506817,0.22484631039295455,0.22484631039295455,0.11154713103929526,0.06700913846926296,0.12749999999999984,0.07968749999999986,0.14015624999999976,-2.220446049250313e-16,-2.220446049250313e-16,1.0,1.0,0.2,0.0,0.0,0.0,0.0,0.4,0.0,0.10489241727506818,1.0489241727506817,0.22484631039295455,0.22484631039295455,0.11154713103929526,0.06700913846926296,0.12749999999999984,0.07968749999999986,0.14015624999999976,-2.220446049250313e-16,-2.220446049250313e-16,1.0,1.0,0.2,0.0,0.0,0.0,0.0,0.4,0.0,0.10489241727506818,1.0489241727506817,0.22484631039295455,0.22484631039295455,0.11154713103929526,0.06700913846926296,0.12749999999999984,0.07968749999999986,0.14015624999999976,-2.220446049250313e-16,-2.220446049250313e-16,1.0,1.0,0.2,0.0,0.0,0.0,0.0,0.4,0.0,0.10489241727506818,1.0489241727506817,0.22484631039295455,0.22484631039295455,1.0,0.1,0.1,0.1,0.1,0.0,0.1,1.0,0.125,0.1,1.0,0.125,0.1,1.0,0.125,0.1,1.0,0.125,0.1,0.0,0.1,0.1,0.1,0.1,0.1,0.0,0.0,0.0,0.0,0.1,0.1,1.0,1.0,0.3,0.1,1.0,1.0,1.0,1.0,1.0,1.0,1,0,0.0,0.0,0.0,0.1,0.0,0.0,0.0,0.0,0.0,0.0,0.0,1.0,0.0,0.0,0.0,0.0,0.0,-0.174666666632539,2.166112591183837e-21,2.166112591183837e-21,0.0,0.9722222222222222,1.05,0,0,0,0,C1,0.0,0.0,0.11154713103929526,0.2,1.0,0.1,0.0,0.0,0.11154713103929526
phaseflip,mixed_pauli,0.15,2,0.75,10,qiskit_aer,1,1,0.8891875000000001,0.6472048611111111,0.3888888888888889,0.23333333333333334,0.0,0.4,1.0,0.0,0.0995624999999998,0.0636862732953499,0.12749999999999984,0.06374999999999978,0.12749999999999992,-2.220446049250313e-16,-2.220446049250313e-16,1.0,0.9,0.2,0.0,0.0,0.0,0.0,0.4,0.21040881039295437,0.04157302498315466,0.22484631039295433,0.18359631039295432,0.2473463103929544,0.14544006039295435,0.11422131039295436,1.0,1.0,0.0,0.0,0.0,0.0,0.0,0.4,0.11154713103929524,0.06700913846926297,0.12749999999999984,0.07968749999999977,0.14015624999999976,-2.220446049250313e-16,-2.220446049250313e-16,1.0,1.0,0.2,0.0,0.0,0.0,0.0,0.4,0.0,0.10489241727506818,1.0489241727506817,0.22484631039295455,0.22484631039295455,0.11154713103929524,0.06700913846926297,0.12749999999999984,0.07968749999999977,0.14015624999999976,-2.220446049250313e-16,-2.220446049250313e-16,1.0,1.0,0.2,0.0,0.0,0.0,0.0,0.4,0.0,0.10489241727506818,1.0489241727506817,0.22484631039295455,0.22484631039295455,0.11154713103929524,0.06700913846926297,0.12749999999999984,0.07968749999999977,0.14015624999999976,-2.220446049250313e-16,-2.220446049250313e-16,1.0,1.0,0.2,0.0,0.0,0.0,0.0,0.4,0.0,0.10489241727506818,1.0489241727506817,0.22484631039295455,0.22484631039295455,0.11154713103929524,0.06700913846926297,0.12749999999999984,0.07968749999999977,0.14015624999999976,-2.220446049250313e-16,-2.220446049250313e-16,1.0,1.0,0.2,0.0,0.0,0.0,0.0,0.4,0.0,0.10489241727506818,1.0489241727506817,0.22484631039295455,0.22484631039295455,1.0,0.1,0.1,0.1,0.1,0.0,0.1,1.0,0.125,0.1,1.0,0.125,0.1,1.0,0.125,0.1,1.0,0.125,0.1,0.0,0.1,0.1,0.1,0.1,0.1,0.0,0.0,0.0,0.0,0.1,0.1,1.0,1.0,1.0,0.1,1.0,1.0,1.0,1.0,1.0,1.0,1,0,0.0,0.0,0.0,0.1,0.0,0.0,0.0,0.0,0.0,0.0,0.0,1.0,0.0,0.0,0.0,0.0,0.0,-0.4472048610770901,2.166112591183837e-21,2.166112591183837e-21,0.0,0.48333333333333334,0.48333333333333334,0,0,0,0,C1,0.0,0.0,0.11154713103929524,0.2,1.0,0.1,0.0,0.0,0.11154713103929524
phaseflip,mixed_pauli,0.15,2,1.0,10,qiskit_aer,1,1,0.8891875000000001,0.8891875000000001,0.0,0.0,0.4,0.4,0.0,0.0,0.0995624999999998,0.0636862732953499,0.12749999999999984,0.06374999999999978,0.12749999999999992,-2.220446049250313e-16,-2.220446049250313e-16,1.0,0.9,0.2,0.1,0.0,0.4,0.4,0.4,0.21040881039295437,0.04157302498315466,0.22484631039295433,0.18359631039295432,0.2473463103929544,0.14544006039295435,0.11422131039295436,1.0,1.0,0.0,0.0,0.0,0.4,0.4,0.4,0.1235317620785907,0.06809732085948483,0.1274999999999999,0.12749999999999984,0.17379098279471566,-2.220446049250313e-16,-2.220446049250313e-16,1.0,1.0,0.2,0.0,0.0,0.4,0.4,0.4,0.0,0.09290778623577273,0.9290778623577273,0.22484631039295455,0.22484631039295455,0.11154713103929524,0.06700913846926297,0.12749999999999984,0.07968749999999977,0.14015624999999976,-2.220446049250313e-16,-2.220446049250313e-16,1.0,1.0,0.2,0.0,0.0,0.4,0.4,0.4,0.0,0.10489241727506818,1.0489241727506817,0.22484631039295455,0.22484631039295455,0.11154713103929524,0.06700913846926297,0.12749999999999984,0.07968749999999977,0.14015624999999976,-2.220446049250313e-16,-2.220446049250313e-16,1.0,1.0,0.2,0.0,0.0,0.4,0.4,0.4,0.0,0.10489241727506818,1.0489241727506817,0.22484631039295455,0.22484631039295455,0.11154713103929524,0.06700913846926297,0.12749999999999984,0.07968749999999977,0.14015624999999976,-2.220446049250313e-16,-2.220446049250313e-16,1.0,1.0,0.2,0.0,0.0,0.4,0.4,0.4,0.0,0.10489241727506818,1.0489241727506817,0.22484631039295455,0.22484631039295455,1.0,0.2,0.1,0.1,0.1,0.0,0.2,1.0,0.25,0.1,1.0,0.125,0.1,1.0,0.125,0.1,1.0,0.125,0.1,0.1,0.1,0.1,0.1,0.1,0.1,0.0,0.0,0.0,0.0,0.1,0.1,1.0,1.0,1.0,0.1,1.0,1.0,1.0,1.0,1.0,1.0,1,0,0.0,0.0,0.0,0.1,0.0,0.0,0.0,0.0,0.0,0.0,0.0,1.0,0.0,0.0,0.0,0.0,0.0,-0.6891874999664491,2.166112591183837e-21,2.166112591183837e-21,0.0,0.0,0.0,0,0,0,0,C1,0.0,0.0,0.1235317620785907,0.2,1.0,0.2,0.0,0.0,0.1235317620785907
phaseflip,mixed_pauli,0.15,3,0.25,10,qiskit_aer,1,1,0.8176000000000001,0.1739402777777778,0.9555555555555555,0.7777777777777778,0.0,0.1,1.0,0.0,0.1557374999999998,0.0679261133511995,0.14193749999999983,0.1117499999999998,0.1816874999999999,0.08101874999999972,0.055874999999999675,1.0,1.0,0.2,0.0,0.0,0.0,0.0,0.1,0.29808381039295434,0.045851874280120775,0.30153381039295435,0.28353381039295444,0.33659631039295435,0.2242088103929543,0.17797131039295433,1.0,1.0,0.0,0.0,0.0,0.0,0.0,0.1,0.1557374999999998,0.0679261133511995,0.14193749999999983,0.1117499999999998,0.1816874999999999,0.08101874999999972,0.055874999999999675,1.0,1.0,0.2,0.0,0.0,0.0,0.0,0.1,0.0,0.1483770483143636,1.483770483143636,0.22484631039295455,0.22484631039295455,0.1557374999999998,0.0679261133511995,0.14193749999999983,0.1117499999999998,0.1816874999999999,0.08101874999999972,0.055874999999999675,1.0,1.0,0.2,0.0,0.0,0.0,0.0,0.1,0.0,0.1483770483143636,1.483770483143636,0.22484631039295455,0.22484631039295455,0.1557374999999998,0.0679261133511995,0.14193749999999983,0.1117499999999998,0.1816874999999999,0.08101874999999972,0.055874999999999675,1.0,1.0,0.2,0.0,0.0,0.0,0.0,0.1,0.0,0.1483770483143636,1.483770483143636,0.22484631039295455,0.22484631039295455,0.1557374999999998,0.0679261133511995,0.14193749999999983,0.1117499999999998,0.1816874999999999,0.08101874999999972,0.055874999999999675,1.0,1.0,0.2,0.0,0.0,0.0,0.0,0.1,0.0,0.1483770483143636,1.483770483143636,0.22484631039295455,0.22484631039295455,1.0,0.0,0.0,0.0,0.0,0.0,0.0,1.0,0.0,0.0,1.0,0.0,0.0,1.0,0.0,0.0,1.0,0.0,0.0,0.0,0.0,0.0,0.0,0.0,0.0,0.0,0.0,0.0,0.0,0.0,0.0,1.0,1.0,0.0,0.0,0.0,0.0,0.0,0.0,0.0,0.0,0,0,0.0,0.0,0.0,0.0,0.0,0.0,0.0,0.0,0.0,0.0,0.0,1.0,0.0,0.0,0.0,0.0,0.0,-0.17394027773806728,0.0,0.0,0.0,1.0,1.527777777777778,0,0,0,0,C1,0.0,0.0,0.1557374999999998,0.2,1.0,0.0,0.0,0.0,0.1557374999999998
phaseflip,mixed_pauli,0.15,3,0.5,10,qiskit_aer,1,1,0.8176000000000001,0.36927291666666673,0.7777777777777778,0.5166666666666667,0.0,0.1,1.0,0.0,0.1557374999999998,0.0679261133511995,0.14193749999999983,0.1117499999999998,0.1816874999999999,0.08101874999999972,0.055874999999999675,1.0,1.0,0.2,0.0,0.0,0.0,0.0,0.1,0.29808381039295434,0.045851874280120775,0.30153381039295435,0.28353381039295444,0.33659631039295435,0.2242088103929543,0.17797131039295433,1.0,1.0,0.0,0.0,0.0,0.0,0.0,0.1,0.1557374999999998,0.0679261133511995,0.14193749999999983,0.1117499999999998,0.1816874999999999,0.08101874999999972,0.055874999999999675,1.0,1.0,0.2,0.0,0.0,0.0,0.0,0.1,0.0,0.1483770483143636,1.483770483143636,0.22484631039295455,0.22484631039295455,0.1557374999999998,0.0679261133511995,0.14193749999999983,0.1117499999999998,0.1816874999999999,0.08101874999999972,0.055874999999999675,1.0,1.0,0.2,0.0,0.0,0.0,0.0,0.1,0.0,0.1483770483143636,1.483770483143636,0.22484631039295455,0.22484631039295455,0.1557374999999998,0.0679261133511995,0.14193749999999983,0.1117499999999998,0.1816874999999999,0.08101874999999972,0.055874999999999675,1.0,1.0,0.2,0.0,0.0,0.0,0.0,0.1,0.0,0.1483770483143636,1.483770483143636,0.22484631039295455,0.22484631039295455,0.1557374999999998,0.0679261133511995,0.14193749999999983,0.1117499999999998,0.1816874999999999,0.08101874999999972,0.055874999999999675,1.0,1.0,0.2,0.0,0.0,0.0,0.0,0.1,0.0,0.1483770483143636,1.483770483143636,0.22484631039295455,0.22484631039295455,1.0,0.0,0.0,0.0,0.0,0.0,0.0,1.0,0.0,0.0,1.0,0.0,0.0,1.0,0.0,0.0,1.0,0.0,0.0,0.0,0.0,0.0,0.0,0.0,0.0,0.0,0.0,0.0,0.0,0.0,0.0,1.0,1.0,0.5,0.0,0.0,0.0,0.0,0.0,0.0,0.0,0,0,0.0,0.0,0.0,0.0,0.0,0.0,0.0,0.0,0.0,0.0,0.0,1.0,0.0,0.0,0.0,0.0,0.0,-0.36927291662694944,0.0,0.0,0.0,0.9555555555555555,1.0166666666666666,0,0,0,0,C1,0.0,0.0,0.1557374999999998,0.2,1.0,0.0,0.0,0.0,0.1557374999999998
phaseflip,mixed_pauli,0.15,3,0.75,10,qiskit_aer,1,1,0.8176000000000001,0.5350270833333334,0.38888888888888884,0.2222222222222222,0.0,0.1,1.0,0.0,0.1557374999999998,0.0679261133511995,0.14193749999999983,0.1117499999999998,0.1816874999999999,0.08101874999999972,0.055874999999999675,1.0,1.0,0.2,0.0,0.0,0.0,0.0,0.1,0.29808381039295434,0.045851874280120775,0.30153381039295435,0.28353381039295444,0.33659631039295435,0.2242088103929543,0.17797131039295433,1.0,1.0,0.0,0.0,0.0,0.0,0.0,0.1,0.1557374999999998,0.0679261133511995,0.14193749999999983,0.1117499999999998,0.1816874999999999,0.08101874999999972,0.055874999999999675,1.0,1.0,0.2,0.0,0.0,0.0,0.0,0.1,0.0,0.1483770483143636,1.483770483143636,0.22484631039295455,0.22484631039295455,0.1557374999999998,0.0679261133511995,0.14193749999999983,0.1117499999999998,0.1816874999999999,0.08101874999999972,0.055874999999999675,1.0,1.0,0.2,0.0,0.0,0.0,0.0,0.1,0.0,0.1483770483143636,1.483770483143636,0.22484631039295455,0.22484631039295455,0.1557374999999998,0.0679261133511995,0.14193749999999983,0.1117499999999998,0.1816874999999999,0.08101874999999972,0.055874999999999675,1.0,1.0,0.2,0.0,0.0,0.0,0.0,0.1,0.0,0.1483770483143636,1.483770483143636,0.22484631039295455,0.22484631039295455,0.1557374999999998,0.0679261133511995,0.14193749999999983,0.1117499999999998,0.1816874999999999,0.08101874999999972,0.055874999999999675,1.0,1.0,0.2,0.0,0.0,0.0,0.0,0.1,0.0,0.1483770483143636,1.483770483143636,0.22484631039295455,0.22484631039295455,1.0,0.0,0.0,0.0,0.0,0.0,0.0,1.0,0.0,0.0,1.0,0.0,0.0,1.0,0.0,0.0,1.0,0.0,0.0,0.0,0.0,0.0,0.0,0.0,0.0,0.0,0.0,0.0,0.0,0.0,0.0,1.0,1.0,1.0,0.0,0.0,0.0,0.0,0.0,0.0,0.0,0,0,0.0,0.0,0.0,0.0,0.0,0.0,0.0,0.0,0.0,0.0,0.0,1.0,0.0,0.0,0.0,0.0,0.0,-0.5350270832936184,0.0,0.0,0.0,0.4722222222222222,0.4722222222222222,0,0,0,0,C1,0.0,0.0,0.1557374999999998,0.2,1.0,0.0,0.0,0.0,0.1557374999999998
phaseflip,mixed_pauli,0.15,3,1.0,10,qiskit_aer,1,1,0.8176000000000001,0.8176000000000001,0.0,0.0,0.1,0.1,0.0,0.0,0.1557374999999998,0.0679261133511995,0.14193749999999983,0.1117499999999998,0.1816874999999999,0.08101874999999972,0.055874999999999675,1.0,1.0,0.2,0.0,0.0,0.1,0.1,0.1,0.29808381039295434,0.045851874280120775,0.30153381039295435,0.28353381039295444,0.33659631039295435,0.2242088103929543,0.17797131039295433,1.0,1.0,0.0,0.0,0.0,0.1,0.1,0.1,0.17822213103929524,0.06836111202603386,0.17690624999999988,0.1117499999999998,0.20151562499999973,0.1117499999999998,0.1117499999999998,1.0,1.0,0.2,0.0,0.0,0.1,0.1,0.1,0.0,0.12589241727506817,1.2589241727506815,0.22484631039295455,0.22484631039295455,0.1557374999999998,0.0679261133511995,0.14193749999999983,0.1117499999999998,0.1816874999999999,0.08101874999999972,0.055874999999999675,1.0,1.0,0.2,0.0,0.0,0.1,0.1,0.1,0.0,0.1483770483143636,1.483770483143636,0.22484631039295455,0.22484631039295455,0.1557374999999998,0.0679261133511995,0.14193749999999983,0.1117499999999998,0.1816874999999999,0.08101874999999972,0.055874999999999675,1.0,1.0,0.2,0.0,0.0,0.1,0.1,0.1,0.0,0.1483770483143636,1.483770483143636,0.22484631039295455,0.22484631039295455,0.1557374999999998,0.0679261133511995,0.14193749999999983,0.1117499999999998,0.1816874999999999,0.08101874999999972,0.055874999999999675,1.0,1.0,0.2,0.0,0.0,0.1,0.1,0.1,0.0,0.1483770483143636,1.483770483143636,0.22484631039295455,0.22484631039295455,1.0,0.1,0.0,0.0,0.0,0.0,0.1,1.0,0.125,0.0,1.0,0.0,0.0,1.0,0.0,0.0,1.0,0.0,0.0,0.1,0.0,0.0,0.0,0.0,0.0,0.0,0.0,0.0,0.0,0.0,0.0,1.0,1.0,1.0,0.0,0.0,0.0,0.0,0.0,0.0,0.0,0,0,0.0,0.0,0.0,0.0,0.0,0.0,0.0,0.0,0.0,0.0,0.0,1.0,0.0,0.0,0.0,0.0,0.0,-0.817599999960276,0.0,0.0,0.0,0.0,0.0,0,0,0,0,C1,0.0,0.0,0.17822213103929524,0.2,1.0,0.1,0.0,0.0,0.17822213103929524
phaseflip,mixed_pauli,0.15,4,0.25,10,qiskit_aer,1,1,0.7692756250000001,0.1438438888888889,0.9666666666666667,0.7555555555555555,0.0,0.0,1.0,0.0,0.18482999999999983,0.06770821334732956,0.1680749999999998,0.1592437499999998,0.20254687499999985,0.1019146874999999,0.10072500000000018,1.0,0.9,0.1,0.0,0.0,0.0,0.0,0.0,0.37052631039295436,0.041727402922869576,0.38409006039295435,0.3381197478929542,0.3953259978929544,0.3048356853929543,0.2967525603929543,1.0,1.0,0.0,0.0,0.0,0.0,0.0,0.0,0.2073146310392953,0.10059619257423942,0.1680749999999998,0.1592437499999998,0.23348437499999994,0.1019146874999999,0.10072500000000018,1.0,1.0,0.1,0.0,0.0,0.0,0.0,0.0,0.0,0.16622704831436358,1.662270483143636,0.2652713103929543,0.29834631039295423,0.2073146310392953,0.10059619257423942,0.1680749999999998,0.1592437499999998,0.23348437499999994,0.1019146874999999,0.10072500000000018,1.0,1.0,0.1,0.0,0.0,0.0,0.0,0.0,0.0,0.16622704831436358,1.662270483143636,0.2652713103929543,0.29834631039295423,0.2073146310392953,0.10059619257423942,0.1680749999999998,0.1592437499999998,0.23348437499999994,0.1019146874999999,0.10072500000000018,1.0,1.0,0.1,0.0,0.0,0.0,0.0,0.0,0.0,0.16622704831436358,1.662270483143636,0.2652713103929543,0.29834631039295423,0.18482999999999983,0.06770821334732956,0.1680749999999998,0.1592437499999998,0.20254687499999985,0.1019146874999999,0.10072500000000018,1.0,0.9,0.1,0.0,0.0,0.0,0.0,0.0,2.166112591183837e-21,0.18871167935365904,1.8871167935365902,0.2652713103929543,0.29834631039295423,1.0,0.1,0.1,0.1,0.0,0.1,0.1,1.0,0.1111111111111111,0.1,1.0,0.1111111111111111,0.1,1.0,0.1111111111111111,0.0,1.0,0.0,0.1,0.0,0.1,0.1,0.0,0.1,0.1,0.1,0.0,0.0,0.0,0.1,0.1,1.0,1.0,0.0,0.0,1.0,1.0,1.0,1.0,0.0,0.0,1,1,0.1,1.0,0.0,0.1,0.0,0.1,0.0,1.0,0.0,0.0,1.0,0.0,0.0,0.22484631039295455,-0.22484631039295455,-0.022484631039295454,-0.22484631039295455,0.05615611111579397,2.166112591183837e-21,2.166112591183837e-21,0.0,1.0,1.5055555555555555,0,0,0,1,C1,0.0,0.0,0.2073146310392953,0.1,1.0,0.1,0.0,0.0,0.2073146310392953
phaseflip,mixed_pauli,0.15,4,0.5,10,qiskit_aer,1,1,0.7692756250000001,0.3048627083333334,0.7777777777777778,0.5333333333333333,0.0,0.0,1.0,0.0,0.18482999999999983,0.06770821334732956,0.1680749999999998,0.1592437499999998,0.20254687499999985,0.1019146874999999,0.10072500000000018,1.0,0.9,0.1,0.0,0.0,0.0,0.0,0.0,0.37052631039295436,0.041727402922869576,0.38409006039295435,0.3381197478929542,0.3953259978929544,0.3048356853929543,0.2967525603929543,1.0,1.0,0.0,0.0,0.0,0.0,0.0,0.0,0.2073146310392953,0.10059619257423942,0.1680749999999998,0.1592437499999998,0.23348437499999994,0.1019146874999999,0.10072500000000018,1.0,1.0,0.1,0.0,0.0,0.0,0.0,0.0,0.0,0.16622704831436358,1.662270483143636,0.2652713103929543,0.29834631039295423,0.2073146310392953,0.10059619257423942,0.1680749999999998,0.1592437499999998,0.23348437499999994,0.1019146874999999,0.10072500000000018,1.0,1.0,0.1,0.0,0.0,0.0,0.0,0.0,0.0,0.16622704831436358,1.662270483143636,0.2652713103929543,0.29834631039295423,0.2073146310392953,0.10059619257423942,0.1680749999999998,0.1592437499999998,0.23348437499999994,0.1019146874999999,0.10072500000000018,1.0,1.0,0.1,0.0,0.0,0.0,0.0,0.0,0.0,0.16622704831436358,1.662270483143636,0.2652713103929543,0.29834631039295423,0.2073146310392953,0.10059619257423942,0.1680749999999998,0.1592437499999998,0.23348437499999994,0.1019146874999999,0.10072500000000018,1.0,1.0,0.1,0.0,0.0,0.0,0.0,0.0,0.0,0.16622704831436358,1.662270483143636,0.2652713103929543,0.29834631039295423,1.0,0.1,0.1,0.1,0.1,0.0,0.1,1.0,0.1111111111111111,0.1,1.0,0.1111111111111111,0.1,1.0,0.1111111111111111,0.1,1.0,0.1111111111111111,0.1,0.0,0.1,0.1,0.1,0.1,0.1,0.0,0.0,0.0,0.0,0.1,0.1,1.0,1.0,0.3,0.1,1.0,1.0,1.0,1.0,1.0,1.0,1,0,0.0,0.0,0.0,0.1,0.0,0.0,0.0,0.0,0.0,0.0,0.0,1.0,0.0,0.0,0.0,0.0,0.0,-0.10486270832905958,2.166112591183837e-21,2.166112591183837e-21,0.0,0.95,1.0333333333333334,0,0,0,0,C1,0.0,0.0,0.2073146310392953,0.1,1.0,0.1,0.0,0.0,0.2073146310392953
phaseflip,mixed_pauli,0.15,4,0.75,10,qiskit_aer,1,1,0.7692756250000001,0.4580663194444445,0.4444444444444444,0.25,0.0,0.0,1.0,0.0,0.18482999999999983,0.06770821334732956,0.1680749999999998,0.1592437499999998,0.20254687499999985,0.1019146874999999,0.10072500000000018,1.0,1.0,0.1,0.0,0.0,0.0,0.0,0.0,0.37052631039295436,0.041727402922869576,0.38409006039295435,0.3381197478929542,0.3953259978929544,0.3048356853929543,0.2967525603929543,1.0,1.0,0.0,0.0,0.0,0.0,0.0,0.0,0.18482999999999983,0.06770821334732956,0.1680749999999998,0.1592437499999998,0.20254687499999985,0.1019146874999999,0.10072500000000018,1.0,1.0,0.1,0.0,0.0,0.0,0.0,0.0,0.0,0.18871167935365904,1.8871167935365902,0.2652713103929543,0.29834631039295423,0.18482999999999983,0.06770821334732956,0.1680749999999998,0.1592437499999998,0.20254687499999985,0.1019146874999999,0.10072500000000018,1.0,1.0,0.1,0.0,0.0,0.0,0.0,0.0,0.0,0.18871167935365904,1.8871167935365902,0.2652713103929543,0.29834631039295423,0.18482999999999983,0.06770821334732956,0.1680749999999998,0.1592437499999998,0.20254687499999985,0.1019146874999999,0.10072500000000018,1.0,1.0,0.1,0.0,0.0,0.0,0.0,0.0,0.0,0.18871167935365904,1.8871167935365902,0.2652713103929543,0.29834631039295423,0.18482999999999983,0.06770821334732956,0.1680749999999998,0.1592437499999998,0.20254687499999985,0.1019146874999999,0.10072500000000018,1.0,1.0,0.1,0.0,0.0,0.0,0.0,0.0,0.0,0.18871167935365904,1.8871167935365902,0.2652713103929543,0.29834631039295423,1.0,0.0,0.0,0.0,0.0,0.0,0.0,1.0,0.0,0.0,1.0,0.0,0.0,1.0,0.0,0.0,1.0,0.0,0.0,0.0,0.0,0.0,0.0,0.0,0.0,0.0,0.0,0.0,0.0,0.0,0.0,1.0,1.0,1.0,0.0,0.0,0.0,0.0,0.0,0.0,0.0,0,0,0.0,0.0,0.0,0.0,0.0,0.0,0.0,0.0,0.0,0.0,0.0,1.0,0.0,0.0,0.0,0.0,0.0,-0.4580663194400421,0.0,0.0,0.0,0.5,0.5,0,0,0,0,C1,0.0,0.0,0.18482999999999983,0.1,1.0,0.0,0.0,0.0,0.18482999999999983
phaseflip,mixed_pauli,0.15,4,1.0,10,qiskit_aer,1,1,0.7692756250000001,0.7692756250000001,0.0,0.0,0.0,0.0,0.0,0.0,0.18482999999999983,0.06770821334732956,0.1680749999999998,0.1592437499999998,0.20254687499999985,0.1019146874999999,0.10072500000000018,1.0,0.9,0.1,0.0,0.0,0.0,0.0,0.0,0.37052631039295436,0.041727402922869576,0.38409006039295435,0.3381197478929542,0.3953259978929544,0.3048356853929543,0.2967525603929543,1.0,1.0,0.0,0.0,0.0,0.0,0.0,0.0,0.2073146310392953,0.10059619257423942,0.1680749999999998,0.1592437499999998,0.23348437499999994,0.1019146874999999,0.10072500000000018,1.0,1.0,0.1,0.0,0.0,0.0,0.0,0.0,0.0,0.16622704831436358,1.662270483143636,0.2652713103929543,0.29834631039295423,0.2073146310392953,0.10059619257423942,0.1680749999999998,0.1592437499999998,0.23348437499999994,0.1019146874999999,0.10072500000000018,1.0,1.0,0.1,0.0,0.0,0.0,0.0,0.0,0.0,0.16622704831436358,1.662270483143636,0.2652713103929543,0.29834631039295423,0.2073146310392953,0.10059619257423942,0.1680749999999998,0.1592437499999998,0.23348437499999994,0.1019146874999999,0.10072500000000018,1.0,1.0,0.1,0.0,0.0,0.0,0.0,0.0,0.0,0.16622704831436358,1.662270483143636,0.2652713103929543,0.29834631039295423,0.2073146310392953,0.10059619257423942,0.1680749999999998,0.1592437499999998,0.23348437499999994,0.1019146874999999,0.10072500000000018,1.0,1.0,0.1,0.0,0.0,0.0,0.0,0.0,0.0,0.16622704831436358,1.662270483143636,0.2652713103929543,0.29834631039295423,1.0,0.1,0.1,0.1,0.1,0.0,0.1,1.0,0.1111111111111111,0.1,1.0,0.1111111111111111,0.1,1.0,0.1111111111111111,0.1,1.0,0.1111111111111111,0.1,0.0,0.1,0.1,0.1,0.1,0.1,0.0,0.0,0.0,0.0,0.1,0.1,1.0,1.0,1.0,0.1,1.0,1.0,1.0,1.0,1.0,1.0,1,0,0.0,0.0,0.0,0.1,0.0,0.0,0.0,0.0,0.0,0.0,0.0,1.0,0.0,0.0,0.0,0.0,0.0,-0.56927562499555,2.166112591183837e-21,2.166112591183837e-21,0.0,0.0,0.0,0,0,0,0,C1,0.0,0.0,0.2073146310392953,0.1,1.0,0.1,0.0,0.0,0.2073146310392953
phaseflip,mixed_pauli,0.2,1,0.25,10,qiskit_aer,1,1,0.93,0.19166666666666668,0.9666666666666667,0.7722222222222223,0.0,0.8,1.0,0.0,0.06999999999999995,0.07810249675906632,0.04999999999999993,2.220446049250313e-16,0.09999999999999964,2.220446049250313e-16,2.220446049250313e-16,1.0,0.7,0.5,0.0,0.0,0.0,0.0,0.5,0.13984631039295436,0.04582575694955844,0.1698463103929544,0.09484631039295432,0.1698463103929544,0.0698463103929543,0.0698463103929543,1.0,1.0,0.0,0.0,0.0,0.0,0.0,0.8,0.06095389311788635,0.06739456544962752,0.03492315519647726,2.220446049250313e-16,0.09999999999999964,2.220446049250313e-16,2.220446049250313e-16,1.0,1.0,0.2,0.0,0.0,0.0,0.0,0.6,0.0,0.09396926207859069,0.9396926207859069,0.16984631039295417,0.16984631039295417,0.06095389311788635,0.06739456544962752,0.03492315519647726,2.220446049250313e-16,0.09999999999999964,2.220446049250313e-16,2.220446049250313e-16,1.0,1.0,0.2,0.0,0.0,0.0,0.0,0.6,0.0,0.09396926207859069,0.9396926207859069,0.16984631039295417,0.16984631039295417,0.06095389311788635,0.06739456544962752,0.03492315519647726,2.220446049250313e-16,0.09999999999999964,2.220446049250313e-16,2.220446049250313e-16,1.0,1.0,0.2,0.0,0.0,0.0,0.0,0.6,0.0,0.09396926207859069,0.9396926207859069,0.16984631039295417,0.16984631039295417,0.06999999999999995,0.07810249675906632,0.04999999999999993,2.220446049250313e-16,0.09999999999999964,2.220446049250313e-16,2.220446049250313e-16,1.0,0.7,0.5,0.0,0.0,0.0,0.0,0.5,0.015161730781751875,0.08492315519647708,0.8492315519647708,0.16984631039295417,0.16984631039295417,1.0,0.3,0.3,0.3,0.0,0.3,0.3,0.4,0.0,0.3,0.4,0.0,0.3,0.4,0.0,0.0,1.0,0.0,0.3,0.0,0.3,0.3,0.0,0.3,0.3,0.3,0.0,0.0,0.0,0.3,0.3,1.0,1.0,0.0,0.0,1.0,1.0,1.0,1.0,0.0,0.0,3,3,0.3,1.0,0.3,0.0,0.3,0.0,1.0,0.0,1.0,1.0,0.0,1.0,0.09046106882113603,0.0,0.09046106882113603,0.009046106882113603,0.09046106882113603,0.4083333710625571,0.015161730781751875,0.015161730781751875,0.0,1.0,1.5222222222222221,0,0,0,3,C3R,0.0,0.0,0.06999999999999995,0.5,1.0,0.0,0.0,0.0,0.06999999999999995
phaseflip,mixed_pauli,0.2,1,0.5,10,qiskit_aer,1,1,0.93,0.3938888888888889,0.8222222222222222,0.5333333333333333,0.0,0.8,1.0,0.0,0.06999999999999995,0.07810249675906632,0.04999999999999993,2.220446049250313e-16,0.09999999999999964,2.220446049250313e-16,2.220446049250313e-16,1.0,0.7,0.5,0.0,0.0,0.0,0.0,0.5,0.13984631039295436,0.04582575694955844,0.1698463103929544,0.09484631039295432,0.1698463103929544,0.0698463103929543,0.0698463103929543,1.0,1.0,0.0,0.0,0.0,0.0,0.0,0.8,0.06095389311788635,0.06739456544962752,0.03492315519647726,2.220446049250313e-16,0.09999999999999964,2.220446049250313e-16,2.220446049250313e-16,1.0,1.0,0.2,0.0,0.0,0.0,0.0,0.6,0.0,0.09396926207859069,0.9396926207859069,0.16984631039295417,0.16984631039295417,0.06095389311788635,0.06739456544962752,0.03492315519647726,2.220446049250313e-16,0.09999999999999964,2.220446049250313e-16,2.220446049250313e-16,1.0,1.0,0.2,0.0,0.0,0.0,0.0,0.6,0.0,0.09396926207859069,0.9396926207859069,0.16984631039295417,0.16984631039295417,0.06095389311788635,0.06739456544962752,0.03492315519647726,2.220446049250313e-16,0.09999999999999964,2.220446049250313e-16,2.220446049250313e-16,1.0,1.0,0.2,0.0,0.0,0.0,0.0,0.6,0.0,0.09396926207859069,0.9396926207859069,0.16984631039295417,0.16984631039295417,0.06999999999999995,0.07810249675906632,0.04999999999999993,2.220446049250313e-16,0.09999999999999964,2.220446049250313e-16,2.220446049250313e-16,1.0,0.7,0.5,0.0,0.0,0.0,0.0,0.5,0.011874890566266222,0.08492315519647708,0.8492315519647708,0.16984631039295417,0.16984631039295417,1.0,0.3,0.3,0.3,0.0,0.3,0.3,0.4,0.0,0.3,0.4,0.0,0.3,0.4,0.0,0.0,1.0,0.0,0.3,0.0,0.3,0.3,0.0,0.3,0.3,0.3,0.0,0.0,0.0,0.3,0.3,1.0,1.0,0.2,0.0,1.0,1.0,1.0,1.0,0.0,0.0,3,3,0.3,1.0,0.3,0.0,0.3,0.0,1.0,0.0,1.0,1.0,0.0,1.0,0.09046106882113603,0.0,0.09046106882113603,0.009046106882113603,0.09046106882113603,0.2061111488389744,0.011874890566266222,0.011874890566266222,0.0,0.9777777777777777,1.0333333333333334,0,0,0,3,C3R,0.0,0.0,0.06999999999999995,0.5,1.0,0.0,0.0,0.0,0.06999999999999995
phaseflip,mixed_pauli,0.2,1,0.75,10,qiskit_aer,1,1,0.93,0.668888888888889,0.37777777777777777,0.23333333333333334,0.0,0.8,1.0,0.0,0.06999999999999995,0.07810249675906632,0.04999999999999993,2.220446049250313e-16,0.09999999999999964,2.220446049250313e-16,2.220446049250313e-16,1.0,0.7,0.5,0.0,0.0,0.0,0.0,0.5,0.13984631039295436,0.04582575694955844,0.1698463103929544,0.09484631039295432,0.1698463103929544,0.0698463103929543,0.0698463103929543,1.0,1.0,0.0,0.0,0.0,0.0,0.0,0.8,0.06095389311788635,0.06739456544962752,0.03492315519647726,2.220446049250313e-16,0.09999999999999964,2.220446049250313e-16,2.220446049250313e-16,1.0,1.0,0.2,0.0,0.0,0.0,0.0,0.6,0.0,0.09396926207859069,0.9396926207859069,0.16984631039295417,0.16984631039295417,0.06095389311788635,0.06739456544962752,0.03492315519647726,2.220446049250313e-16,0.09999999999999964,2.220446049250313e-16,2.220446049250313e-16,1.0,1.0,0.2,0.0,0.0,0.0,0.0,0.6,0.0,0.09396926207859069,0.9396926207859069,0.16984631039295417,0.16984631039295417,0.06095389311788635,0.06739456544962752,0.03492315519647726,2.220446049250313e-16,0.09999999999999964,2.220446049250313e-16,2.220446049250313e-16,1.0,1.0,0.2,0.0,0.0,0.0,0.0,0.6,0.0,0.09396926207859069,0.9396926207859069,0.16984631039295417,0.16984631039295417,0.06095389311788635,0.06739456544962752,0.03492315519647726,2.220446049250313e-16,0.09999999999999964,2.220446049250313e-16,2.220446049250313e-16,1.0,1.0,0.2,0.0,0.0,0.0,0.0,0.6,0.0,0.09396926207859069,0.9396926207859069,0.16984631039295417,0.16984631039295417,1.0,0.3,0.3,0.3,0.3,0.0,0.3,0.4,0.0,0.3,0.4,0.0,0.3,0.4,0.0,0.3,0.4,0.0,0.3,0.0,0.3,0.3,0.3,0.3,0.3,0.0,0.0,0.0,0.0,0.3,0.3,1.0,1.0,1.0,0.3,1.0,1.0,1.0,1.0,1.0,1.0,3,0,0.0,0.0,0.3,0.0,0.0,0.0,0.0,0.0,0.0,0.0,0.0,1.0,0.0,0.0,0.0,0.0,0.0,-0.06888885115966509,0.015161730781751875,0.015161730781751875,0.0,0.48333333333333334,0.48333333333333334,0,0,0,0,C1,0.0,0.0,0.06095389311788635,0.2,1.0,0.3,0.0,0.0,0.06095389311788635
phaseflip,mixed_pauli,0.2,1,1.0,10,qiskit_aer,1,1,0.93,0.93,0.0,0.0,0.8,0.8,0.0,0.0,0.06999999999999995,0.07810249675906632,0.04999999999999993,2.220446049250313e-16,0.09999999999999964,2.220446049250313e-16,2.220446049250313e-16,1.0,0.7,0.5,0.1,0.0,0.5,0.5,0.5,0.13984631039295436,0.04582575694955844,0.1698463103929544,0.09484631039295432,0.1698463103929544,0.0698463103929543,0.0698463103929543,1.0,1.0,0.0,0.0,0.0,0.8,0.8,0.8,0.13984631039295436,0.04582575694955844,0.1698463103929544,0.09484631039295432,0.1698463103929544,0.0698463103929543,0.0698463103929543,1.0,1.0,0.0,0.0,0.0,0.8,0.8,0.8,0.0,0.015076844803522671,0.1507684480352267,0.030153689607045342,0.030153689607045342,0.06095389311788635,0.06739456544962752,0.03492315519647726,2.220446049250313e-16,0.09999999999999964,2.220446049250313e-16,2.220446049250313e-16,1.0,1.0,0.2,0.0,0.0,0.6,0.6,0.6,0.0,0.09396926207859069,0.9396926207859069,0.16984631039295417,0.16984631039295417,0.06095389311788635,0.06739456544962752,0.03492315519647726,2.220446049250313e-16,0.09999999999999964,2.220446049250313e-16,2.220446049250313e-16,1.0,1.0,0.2,0.0,0.0,0.6,0.6,0.6,0.0,0.09396926207859069,0.9396926207859069,0.16984631039295417,0.16984631039295417,0.06095389311788635,0.06739456544962752,0.03492315519647726,2.220446049250313e-16,0.09999999999999964,2.220446049250313e-16,2.220446049250313e-16,1.0,1.0,0.2,0.0,0.0,0.6,0.6,0.6,0.0,0.09396926207859069,0.9396926207859069,0.16984631039295417,0.16984631039295417,1.0,1.0,0.3,0.3,0.3,0.0,1.0,0.0,1.0,0.3,0.5,0.16666666666666666,0.3,0.5,0.16666666666666666,0.3,0.5,0.16666666666666666,0.3,0.7,0.3,0.3,0.3,0.3,0.3,0.0,0.0,0.0,0.0,0.3,0.3,1.0,1.0,1.0,0.3,1.0,1.0,1.0,1.0,1.0,1.0,3,0,0.0,0.0,0.3,0.0,0.0,0.0,0.0,0.0,0.0,0.0,0.0,1.0,0.0,0.0,0.0,0.0,0.0,-0.3299999622721368,0.011874890566266222,0.011874890566266222,0.0,0.0,0.0,0,0,0,0,C1,0.0,0.0,0.13984631039295436,0.0,1.0,1.0,0.0,0.0,0.13984631039295436
phaseflip,mixed_pauli,0.2,2,0.25,10,qiskit_aer,1,1,0.8530000000000001,0.1771111111111111,0.9555555555555555,0.7666666666666667,0.0,0.4,1.0,0.0,0.12699999999999992,0.08271033792700883,0.15999999999999992,0.08000000000000007,0.15999999999999992,-1.1102230246251565e-16,-1.1102230246251565e-16,1.0,0.7,0.2,0.0,0.0,0.0,0.0,0.4,0.2808463103929545,0.052239831546435946,0.2898463103929544,0.24984631039295446,0.32984631039295453,0.20034631039295442,0.15984631039295438,1.0,1.0,0.0,0.0,0.0,0.0,0.0,0.4,0.17795389311788629,0.12752250181101948,0.17499999999999982,0.08000000000000007,0.31738473279471585,-1.1102230246251565e-16,-1.1102230246251565e-16,1.0,1.0,0.2,0.0,0.0,0.0,0.0,0.4,0.0,0.10892315519647724,1.0892315519647724,0.2898463103929545,0.2898463103929545,0.17795389311788629,0.12752250181101948,0.17499999999999982,0.08000000000000007,0.31738473279471585,-1.1102230246251565e-16,-1.1102230246251565e-16,1.0,1.0,0.2,0.0,0.0,0.0,0.0,0.4,0.0,0.10892315519647724,1.0892315519647724,0.2898463103929545,0.2898463103929545,0.17795389311788629,0.12752250181101948,0.17499999999999982,0.08000000000000007,0.31738473279471585,-1.1102230246251565e-16,-1.1102230246251565e-16,1.0,1.0,0.2,0.0,0.0,0.0,0.0,0.4,0.0,0.10892315519647724,1.0892315519647724,0.2898463103929545,0.2898463103929545,0.12699999999999992,0.08271033792700883,0.15999999999999992,0.08000000000000007,0.15999999999999992,-1.1102230246251565e-16,-1.1102230246251565e-16,1.0,0.7,0.2,0.0,0.0,0.0,0.0,0.4,0.02208583595861054,0.1598770483143636,1.5987704831436362,0.2898463103929545,0.2898463103929545,1.0,0.3,0.3,0.3,0.0,0.3,0.3,1.0,0.375,0.3,1.0,0.375,0.3,1.0,0.375,0.0,1.0,0.0,0.3,0.0,0.3,0.3,0.0,0.3,0.3,0.3,0.0,0.0,0.0,0.3,0.3,1.0,1.0,0.0,0.0,1.0,1.0,1.0,1.0,0.0,0.0,3,3,0.3,1.0,0.0,0.3,0.0,0.3,0.0,1.0,0.0,0.0,1.0,0.0,0.0,0.5095389311788638,-0.5095389311788638,-0.05095389311788638,-0.5095389311788638,0.42288888891261606,0.02208583595861054,0.02208583595861054,0.0,1.0,1.5166666666666666,0,0,0,3,C1,0.0,0.0,0.17795389311788629,0.2,1.0,0.3,0.0,0.0,0.17795389311788629
phaseflip,mixed_pauli,0.2,2,0.5,10,qiskit_aer,1,1,0.8530000000000001,0.3608888888888889,0.8,0.55,0.0,0.4,1.0,0.0,0.12699999999999992,0.08271033792700883,0.15999999999999992,0.08000000000000007,0.15999999999999992,-1.1102230246251565e-16,-1.1102230246251565e-16,1.0,0.9,0.2,0.0,0.0,0.0,0.0,0.4,0.2808463103929545,0.052239831546435946,0.2898463103929544,0.24984631039295446,0.32984631039295453,0.20034631039295442,0.15984631039295438,1.0,1.0,0.0,0.0,0.0,0.0,0.0,0.4,0.14398463103929537,0.10275351513433728,0.15999999999999992,0.08000000000000007,0.18249999999999977,-1.1102230246251565e-16,-1.1102230246251565e-16,1.0,1.0,0.2,0.0,0.0,0.0,0.0,0.4,0.0,0.14289241727506816,1.4289241727506816,0.2898463103929545,0.2898463103929545,0.14398463103929537,0.10275351513433728,0.15999999999999992,0.08000000000000007,0.18249999999999977,-1.1102230246251565e-16,-1.1102230246251565e-16,1.0,1.0,0.2,0.0,0.0,0.0,0.0,0.4,0.0,0.14289241727506816,1.4289241727506816,0.2898463103929545,0.2898463103929545,0.14398463103929537,0.10275351513433728,0.15999999999999992,0.08000000000000007,0.18249999999999977,-1.1102230246251565e-16,-1.1102230246251565e-16,1.0,1.0,0.2,0.0,0.0,0.0,0.0,0.4,0.0,0.14289241727506816,1.4289241727506816,0.2898463103929545,0.2898463103929545,0.12699999999999992,0.08271033792700883,0.15999999999999992,0.08000000000000007,0.15999999999999992,-1.1102230246251565e-16,-1.1102230246251565e-16,1.0,0.9,0.2,0.0,0.0,0.0,0.0,0.4,0.01278990225926086,0.1598770483143636,1.5987704831436362,0.2898463103929545,0.2898463103929545,1.0,0.1,0.1,0.1,0.0,0.1,0.1,1.0,0.125,0.1,1.0,0.125,0.1,1.0,0.125,0.0,1.0,0.0,0.1,0.0,0.1,0.1,0.0,0.1,0.1,0.1,0.0,0.0,0.0,0.1,0.1,1.0,1.0,0.3,0.0,1.0,1.0,1.0,1.0,0.0,0.0,1,1,0.1,1.0,0.0,0.1,0.0,0.1,0.0,1.0,0.0,0.0,1.0,0.0,0.0,0.1698463103929546,-0.1698463103929546,-0.016984631039295463,-0.1698463103929546,-0.1608888888655667,0.01278990225926086,0.01278990225926086,0.0,0.9722222222222222,1.05,0,0,0,1,C1,0.0,0.0,0.14398463103929537,0.2,1.0,0.1,0.0,0.0,0.14398463103929537
phaseflip,mixed_pauli,0.2,2,0.75,10,qiskit_aer,1,1,0.8530000000000001,0.5730555555555557,0.3888888888888889,0.23333333333333334,0.0,0.4,1.0,0.0,0.1269999999999999,0.08271033792700883,0.15999999999999992,0.07999999999999999,0.15999999999999992,-1.1102230246251565e-16,-1.1102230246251565e-16,1.0,0.8,0.2,0.0,0.0,0.0,0.0,0.4,0.2808463103929545,0.052239831546435946,0.2898463103929544,0.24984631039295446,0.32984631039295453,0.20034631039295442,0.15984631039295438,1.0,1.0,0.0,0.0,0.0,0.0,0.0,0.4,0.16096926207859083,0.11704107980466935,0.15999999999999992,0.07999999999999999,0.2574999999999998,-1.1102230246251565e-16,-1.1102230246251565e-16,1.0,1.0,0.2,0.0,0.0,0.0,0.0,0.4,0.0,0.1259077862357727,1.259077862357727,0.2898463103929545,0.2898463103929545,0.16096926207859083,0.11704107980466935,0.15999999999999992,0.07999999999999999,0.2574999999999998,-1.1102230246251565e-16,-1.1102230246251565e-16,1.0,1.0,0.2,0.0,0.0,0.0,0.0,0.4,0.0,0.1259077862357727,1.259077862357727,0.2898463103929545,0.2898463103929545,0.16096926207859083,0.11704107980466935,0.15999999999999992,0.07999999999999999,0.2574999999999998,-1.1102230246251565e-16,-1.1102230246251565e-16,1.0,1.0,0.2,0.0,0.0,0.0,0.0,0.4,0.0,0.1259077862357727,1.259077862357727,0.2898463103929545,0.2898463103929545,0.16096926207859083,0.11704107980466935,0.15999999999999992,0.07999999999999999,0.2574999999999998,-1.1102230246251565e-16,-1.1102230246251565e-16,1.0,1.0,0.2,0.0,0.0,0.0,0.0,0.4,0.0,0.1259077862357727,1.259077862357727,0.2898463103929545,0.2898463103929545,1.0,0.2,0.2,0.2,0.2,0.0,0.2,1.0,0.25,0.2,1.0,0.25,0.2,1.0,0.25,0.2,1.0,0.25,0.2,0.0,0.2,0.2,0.2,0.2,0.2,0.0,0.0,0.0,0.0,0.2,0.2,1.0,1.0,1.0,0.2,1.0,1.0,1.0,1.0,1.0,1.0,2,0,0.0,0.0,0.0,0.2,0.0,0.0,0.0,0.0,0.0,0.0,0.0,1.0,0.0,0.0,0.0,0.0,0.0,-0.17305555553284635,0.0174378691089357,0.0174378691089357,0.0,0.48333333333333334,0.48333333333333334,0,0,0,0,C1,0.0,0.0,0.16096926207859083,0.2,1.0,0.2,0.0,0.0,0.16096926207859083
phaseflip,mixed_pauli,0.2,2,1.0,10,qiskit_aer,1,1,0.8530000000000001,0.8530000000000001,0.0,0.0,0.4,0.4,0.0,0.0,0.12699999999999992,0.08271033792700883,0.15999999999999992,0.08000000000000007,0.15999999999999992,-1.1102230246251565e-16,-1.1102230246251565e-16,1.0,0.8,0.2,0.0,0.0,0.4,0.4,0.4,0.2808463103929545,0.052239831546435946,0.2898463103929544,0.24984631039295446,0.32984631039295453,0.20034631039295442,0.15984631039295438,1.0,1.0,0.0,0.0,0.0,0.4,0.4,0.4,0.19493852415718171,0.11319595955149381,0.2199231551964771,0.15999999999999992,0.27246157759823847,-1.1102230246251565e-16,-1.1102230246251565e-16,1.0,1.0,0.2,0.0,0.0,0.4,0.4,0.4,0.0,0.09193852415718182,0.9193852415718182,0.2898463103929545,0.2898463103929545,0.16096926207859083,0.11704107980466934,0.15999999999999992,0.08000000000000007,0.2574999999999998,-1.1102230246251565e-16,-1.1102230246251565e-16,1.0,1.0,0.2,0.0,0.0,0.4,0.4,0.4,0.0,0.1259077862357727,1.259077862357727,0.2898463103929545,0.2898463103929545,0.16096926207859083,0.11704107980466934,0.15999999999999992,0.08000000000000007,0.2574999999999998,-1.1102230246251565e-16,-1.1102230246251565e-16,1.0,1.0,0.2,0.0,0.0,0.4,0.4,0.4,0.0,0.1259077862357727,1.259077862357727,0.2898463103929545,0.2898463103929545,0.16096926207859083,0.11704107980466934,0.15999999999999992,0.08000000000000007,0.2574999999999998,-1.1102230246251565e-16,-1.1102230246251565e-16,1.0,1.0,0.2,0.0,0.0,0.4,0.4,0.4,0.0,0.1259077862357727,1.259077862357727,0.2898463103929545,0.2898463103929545,1.0,0.4,0.2,0.2,0.2,0.0,0.4,1.0,0.5,0.2,1.0,0.25,0.2,1.0,0.25,0.2,1.0,0.25,0.2,0.2,0.2,0.2,0.2,0.2,0.2,0.0,0.0,0.0,0.0,0.2,0.2,1.0,1.0,1.0,0.2,1.0,1.0,1.0,1.0,1.0,1.0,2,0,0.0,0.0,0.0,0.2,0.0,0.0,0.0,0.0,0.0,0.0,0.0,1.0,0.0,0.0,0.0,0.0,0.0,-0.45299999997467255,0.0174378691089357,0.0174378691089357,0.0,0.0,0.0,0,0,0,0,C1,0.0,0.0,0.19493852415718171,0.2,1.0,0.4,0.0,0.0,0.19493852415718171
phaseflip,mixed_pauli,0.2,3,0.25,10,qiskit_aer,1,1,0.7622000000000001,0.16258888888888892,0.9555555555555555,0.7777777777777778,0.0,0.0,1.0,0.0,0.19260000000000005,0.08644096251199417,0.17200000000000004,0.13600000000000012,0.2240000000000002,0.09860000000000009,0.06800000000000006,1.0,0.6,0.2,0.0,0.0,0.0,0.0,0.0,0.38244631039295457,0.054185237842054444,0.3938463103929546,0.36284631039295456,0.4258463103929546,0.2929463103929544,0.23984631039295434,1.0,1.0,0.0,0.0,0.0,0.0,0.0,0.0,0.29653852415718185,0.10721427759249685,0.3139231551964771,0.2240000000000002,0.3854615775982385,0.13600000000000012,0.13600000000000012,1.0,1.0,0.2,0.0,0.0,0.0,0.0,0.0,0.0,0.09193852415718178,0.9193852415718178,0.2898463103929545,0.2898463103929545,0.29653852415718185,0.10721427759249685,0.3139231551964771,0.2240000000000002,0.3854615775982385,0.13600000000000012,0.13600000000000012,1.0,1.0,0.2,0.0,0.0,0.0,0.0,0.0,0.0,0.09193852415718178,0.9193852415718178,0.2898463103929545,0.2898463103929545,0.29653852415718185,0.10721427759249685,0.3139231551964771,0.2240000000000002,0.3854615775982385,0.13600000000000012,0.13600000000000012,1.0,1.0,0.2,0.0,0.0,0.0,0.0,0.0,0.0,0.09193852415718178,0.9193852415718178,0.2898463103929545,0.2898463103929545,0.19260000000000005,0.08644096251199417,0.17200000000000004,0.13600000000000012,0.2240000000000002,0.09860000000000009,0.06800000000000006,1.0,0.6,0.2,0.0,0.0,0.0,0.0,0.0,5.851416249405074e-18,0.1958770483143636,1.9587704831436359,0.2898463103929545,0.2898463103929545,1.0,0.4,0.4,0.4,0.0,0.4,0.4,1.0,0.5,0.4,1.0,0.5,0.4,1.0,0.5,0.0,1.0,0.0,0.4,0.0,0.4,0.4,0.0,0.4,0.4,0.4,0.0,0.0,0.0,0.4,0.4,1.0,1.0,0.0,0.0,1.0,1.0,1.0,1.0,0.0,0.0,4,4,0.4,1.0,0.0,0.4,0.0,0.4,0.0,1.0,0.0,0.0,1.0,0.0,0.0,1.039385241571818,-1.039385241571818,-0.10393852415718181,-1.039385241571818,0.6374111111175889,5.851416249405074e-18,5.851416249405074e-18,0.0,1.0,1.527777777777778,0,0,0,4,C1,0.0,0.0,0.29653852415718185,0.2,1.0,0.4,0.0,0.0,0.29653852415718185
phaseflip,mixed_pauli,0.2,3,0.5,10,qiskit_aer,1,1,0.7622000000000001,0.33567777777777785,0.7777777777777778,0.5166666666666667,0.0,0.0,1.0,0.0,0.19260000000000005,0.08644096251199417,0.17200000000000004,0.13600000000000012,0.2240000000000002,0.09860000000000009,0.06800000000000006,1.0,0.6,0.2,0.0,0.0,0.0,0.0,0.0,0.38244631039295457,0.054185237842054444,0.3938463103929546,0.36284631039295456,0.4258463103929546,0.2929463103929544,0.23984631039295434,1.0,1.0,0.0,0.0,0.0,0.0,0.0,0.0,0.29653852415718185,0.10721427759249685,0.3139231551964771,0.2240000000000002,0.3854615775982385,0.13600000000000012,0.13600000000000012,1.0,1.0,0.2,0.0,0.0,0.0,0.0,0.0,0.0,0.09193852415718178,0.9193852415718178,0.2898463103929545,0.2898463103929545,0.29653852415718185,0.10721427759249685,0.3139231551964771,0.2240000000000002,0.3854615775982385,0.13600000000000012,0.13600000000000012,1.0,1.0,0.2,0.0,0.0,0.0,0.0,0.0,0.0,0.09193852415718178,0.9193852415718178,0.2898463103929545,0.2898463103929545,0.29653852415718185,0.10721427759249685,0.3139231551964771,0.2240000000000002,0.3854615775982385,0.13600000000000012,0.13600000000000012,1.0,1.0,0.2,0.0,0.0,0.0,0.0,0.0,0.0,0.09193852415718178,0.9193852415718178,0.2898463103929545,0.2898463103929545,0.2215846310392955,0.08837448428909987,0.21600000000000008,0.13600000000000012,0.25849999999999984,0.13600000000000012,0.13600000000000012,1.0,0.7,0.2,0.0,0.0,0.0,0.0,0.0,2.1289479746445483e-20,0.16689241727506815,1.6689241727506814,0.2898463103929545,0.2898463103929545,1.0,0.4,0.4,0.4,0.1,0.3,0.4,1.0,0.5,0.4,1.0,0.5,0.4,1.0,0.5,0.1,1.0,0.125,0.4,0.0,0.4,0.4,0.1,0.4,0.4,0.3,0.0,0.0,0.0,0.4,0.4,1.0,1.0,0.5,0.1,1.0,1.0,1.0,1.0,0.25,0.25,4,3,0.3,0.75,0.0,0.4,0.0,0.3,0.0,1.0,0.0,0.0,0.75,0.25,0.0,0.7495389311788636,-0.7495389311788636,-0.07495389311788636,-0.7495389311788636,0.46432222222938807,2.345559233762932e-20,2.345559233762932e-20,0.0,0.9555555555555555,1.0166666666666666,0,0,0,3,C1,0.0,0.0,0.29653852415718185,0.2,1.0,0.4,0.0,0.0,0.29653852415718185
phaseflip,mixed_pauli,0.2,3,0.75,10,qiskit_aer,1,1,0.7622000000000001,0.4793444444444445,0.38888888888888884,0.2222222222222222,0.0,0.0,1.0,0.0,0.19260000000000005,0.08644096251199417,0.17200000000000004,0.13600000000000012,0.2240000000000002,0.09860000000000009,0.06800000000000006,1.0,0.6,0.2,0.0,0.0,0.0,0.0,0.0,0.38244631039295457,0.054185237842054444,0.3938463103929546,0.36284631039295456,0.4258463103929546,0.2929463103929544,0.23984631039295434,1.0,1.0,0.0,0.0,0.0,0.0,0.0,0.0,0.29653852415718185,0.10721427759249685,0.3139231551964771,0.2240000000000002,0.3854615775982385,0.13600000000000012,0.13600000000000012,1.0,1.0,0.2,0.0,0.0,0.0,0.0,0.0,0.0,0.09193852415718178,0.9193852415718178,0.2898463103929545,0.2898463103929545,0.29653852415718185,0.10721427759249685,0.3139231551964771,0.2240000000000002,0.3854615775982385,0.13600000000000012,0.13600000000000012,1.0,1.0,0.2,0.0,0.0,0.0,0.0,0.0,0.0,0.09193852415718178,0.9193852415718178,0.2898463103929545,0.2898463103929545,0.29653852415718185,0.10721427759249685,0.3139231551964771,0.2240000000000002,0.3854615775982385,0.13600000000000012,0.13600000000000012,1.0,1.0,0.2,0.0,0.0,0.0,0.0,0.0,0.0,0.09193852415718178,0.9193852415718178,0.2898463103929545,0.2898463103929545,0.29653852415718185,0.10721427759249685,0.3139231551964771,0.2240000000000002,0.3854615775982385,0.13600000000000012,0.13600000000000012,1.0,1.0,0.2,0.0,0.0,0.0,0.0,0.0,0.0,0.09193852415718178,0.9193852415718178,0.2898463103929545,0.2898463103929545,1.0,0.4,0.4,0.4,0.4,0.0,0.4,1.0,0.5,0.4,1.0,0.5,0.4,1.0,0.5,0.4,1.0,0.5,0.4,0.0,0.4,0.4,0.4,0.4,0.4,0.0,0.0,0.0,0.0,0.4,0.4,1.0,1.0,1.0,0.4,1.0,1.0,1.0,1.0,1.0,1.0,4,0,0.0,0.0,0.0,0.4,0.0,0.0,0.0,0.0,0.0,0.0,0.0,1.0,0.0,0.0,0.0,0.0,0.0,0.3206555555621034,5.851416249405074e-18,5.851416249405074e-18,0.0,0.4722222222222222,0.4722222222222222,0,0,0,0,C1,0.0,0.0,0.29653852415718185,0.2,1.0,0.4,0.0,0.0,0.29653852415718185
phaseflip,mixed_pauli,0.2,3,1.0,10,qiskit_aer,1,1,0.7622000000000001,0.7622000000000001,0.0,0.0,0.0,0.0,0.0,0.0,0.19260000000000005,0.08644096251199417,0.17200000000000004,0.13600000000000012,0.2240000000000002,0.09860000000000009,0.06800000000000006,1.0,0.5,0.2,0.0,0.0,0.0,0.0,0.0,0.38244631039295457,0.054185237842054444,0.3938463103929546,0.36284631039295456,0.4258463103929546,0.2929463103929544,0.23984631039295434,1.0,1.0,0.0,0.0,0.0,0.0,0.0,0.0,0.3135231551964773,0.10782912596168281,0.36784631039295457,0.23550000000000007,0.39238473279471586,0.13600000000000012,0.13600000000000012,1.0,1.0,0.2,0.0,0.0,0.0,0.0,0.0,0.0,0.07495389311788633,0.7495389311788634,0.2898463103929545,0.2898463103929545,0.3135231551964773,0.10782912596168281,0.36784631039295457,0.23550000000000007,0.39238473279471586,0.13600000000000012,0.13600000000000012,1.0,1.0,0.2,0.0,0.0,0.0,0.0,0.0,0.0,0.07495389311788633,0.7495389311788634,0.2898463103929545,0.2898463103929545,0.3135231551964773,0.10782912596168281,0.36784631039295457,0.23550000000000007,0.39238473279471586,0.13600000000000012,0.13600000000000012,1.0,1.0,0.2,0.0,0.0,0.0,0.0,0.0,0.0,0.07495389311788633,0.7495389311788634,0.2898463103929545,0.2898463103929545,0.3135231551964773,0.10782912596168281,0.36784631039295457,0.23550000000000007,0.39238473279471586,0.13600000000000012,0.13600000000000012,1.0,1.0,0.2,0.0,0.0,0.0,0.0,0.0,0.0,0.07495389311788633,0.7495389311788634,0.2898463103929545,0.2898463103929545,1.0,0.5,0.5,0.5,0.5,0.0,0.5,1.0,0.625,0.5,1.0,0.625,0.5,1.0,0.625,0.5,1.0,0.625,0.5,0.0,0.5,0.5,0.5,0.5,0.5,0.0,0.0,0.0,0.0,0.5,0.5,1.0,1.0,1.0,0.5,1.0,1.0,1.0,1.0,1.0,1.0,5,0,0.0,0.0,0.0,0.5,0.0,0.0,0.0,0.0,0.0,0.0,0.0,1.0,0.0,0.0,0.0,0.0,0.0,0.2378000000071422,5.859745337818297e-18,5.859745337818297e-18,0.0,0.0,0.0,0,0,0,0,C1,0.0,0.0,0.3135231551964773,0.2,1.0,0.5,0.0,0.0,0.3135231551964773
phaseflip,mixed_pauli,0.2,4,0.25,10,qiskit_aer,1,1,0.70536,0.13184666666666667,0.9666666666666667,0.7555555555555555,0.0,0.0,1.0,0.0,0.21988000000000002,0.08175124219239724,0.20320000000000005,0.1904,0.23800000000000004,0.12196000000000015,0.12160000000000032,1.0,0.4,0.1,0.0,0.0,0.0,0.0,0.0,0.4609263103929545,0.047188490122062623,0.4802463103929545,0.4228463103929545,0.48264631039295447,0.3878263103929545,0.3858463103929545,1.0,1.0,0.0,0.0,0.0,0.0,0.0,0.0,0.36978778623577274,0.14003913329249074,0.41632315519647717,0.23926157759823863,0.47384631039295455,0.1525600000000002,0.12160000000000032,1.0,1.0,0.1,0.0,0.0,0.0,0.0,0.0,0.0,0.09415389311788631,0.9415389311788631,0.3294463103929542,0.3618463103929541,0.36978778623577274,0.14003913329249074,0.41632315519647717,0.23926157759823863,0.47384631039295455,0.1525600000000002,0.12160000000000032,1.0,1.0,0.1,0.0,0.0,0.0,0.0,0.0,0.0,0.09415389311788631,0.9415389311788631,0.3294463103929542,0.3618463103929541,0.36978778623577274,0.14003913329249074,0.41632315519647717,0.23926157759823863,0.47384631039295455,0.1525600000000002,0.12160000000000032,1.0,1.0,0.1,0.0,0.0,0.0,0.0,0.0,0.0,0.09415389311788631,0.9415389311788631,0.3294463103929542,0.3618463103929541,0.21988000000000002,0.08175124219239724,0.20320000000000005,0.1904,0.23800000000000004,0.12196000000000015,0.12160000000000032,1.0,0.4,0.1,0.0,0.0,0.0,0.0,0.0,0.00556297854266948,0.24406167935365902,2.4406167935365906,0.32944631039295424,0.3618463103929541,1.0,0.6,0.6,0.6,0.0,0.6,0.6,1.0,0.6666666666666666,0.6,1.0,0.6666666666666666,0.6,1.0,0.6666666666666666,0.0,1.0,0.0,0.6,0.0,0.6,0.6,0.0,0.6,0.6,0.6,0.0,0.0,0.0,0.6,0.6,1.0,1.0,0.0,0.0,1.0,1.0,1.0,1.0,0.0,0.0,6,6,0.6,1.0,0.0,0.6,0.0,0.6,0.0,1.0,0.0,0.0,1.0,0.0,0.0,1.499077862357727,-1.499077862357727,-0.14990778623577272,-1.499077862357727,1.0681533333350233,0.00556297854266948,0.00556297854266948,0.0,1.0,1.5055555555555555,0,0,0,6,C1,0.0,0.0,0.36978778623577274,0.1,1.0,0.6,0.0,0.0,0.36978778623577274
phaseflip,mixed_pauli,0.2,4,0.5,10,qiskit_aer,1,1,0.70536,0.2515644444444445,0.7777777777777778,0.5333333333333333,0.0,0.0,1.0,0.0,0.21988000000000002,0.08175124219239724,0.20320000000000005,0.1904,0.23800000000000004,0.12196000000000015,0.12160000000000032,1.0,0.5,0.1,0.0,0.0,0.0,0.0,0.0,0.4609263103929545,0.047188490122062623,0.4802463103929545,0.4228463103929545,0.48264631039295447,0.3878263103929545,0.3858463103929545,1.0,1.0,0.0,0.0,0.0,0.0,0.0,0.0,0.3528031551964773,0.14717935270101673,0.41632315519647717,0.19680000000000003,0.47384631039295455,0.1525600000000002,0.12160000000000032,1.0,1.0,0.1,0.0,0.0,0.0,0.0,0.0,0.0,0.11113852415718176,1.1113852415718175,0.3294463103929542,0.3618463103929541,0.3528031551964773,0.14717935270101673,0.41632315519647717,0.19680000000000003,0.47384631039295455,0.1525600000000002,0.12160000000000032,1.0,1.0,0.1,0.0,0.0,0.0,0.0,0.0,0.0,0.11113852415718176,1.1113852415718175,0.3294463103929542,0.3618463103929541,0.3528031551964773,0.14717935270101673,0.41632315519647717,0.19680000000000003,0.47384631039295455,0.1525600000000002,0.12160000000000032,1.0,1.0,0.1,0.0,0.0,0.0,0.0,0.0,0.0,0.11113852415718176,1.1113852415718175,0.3294463103929542,0.3618463103929541,0.26584926207859094,0.13966329628553562,0.20320000000000005,0.1904,0.3696999999999999,0.12196000000000015,0.12160000000000032,1.0,0.7,0.1,0.0,0.0,0.0,0.0,0.0,6.498337773551511e-21,0.1980924172750681,1.980924172750681,0.32944631039295424,0.3618463103929541,1.0,0.5,0.5,0.5,0.2,0.3,0.5,1.0,0.5555555555555556,0.5,1.0,0.5555555555555556,0.5,1.0,0.5555555555555556,0.2,1.0,0.2222222222222222,0.5,0.0,0.5,0.5,0.2,0.5,0.5,0.3,0.0,0.0,0.0,0.5,0.5,1.0,1.0,0.3,0.2,1.0,1.0,1.0,1.0,0.4,0.4,5,3,0.3,0.6,0.0,0.5,0.0,0.3,0.0,1.0,0.0,0.0,0.6,0.4,0.0,0.8695389311788635,-0.8695389311788635,-0.08695389311788636,-0.8695389311788635,0.7484355555572331,1.0830562955919185e-20,1.0830562955919185e-20,0.0,0.95,1.0333333333333334,0,0,0,3,C1,0.0,0.0,0.3528031551964773,0.1,1.0,0.5,0.0,0.0,0.3528031551964773
phaseflip,mixed_pauli,0.2,4,0.75,10,qiskit_aer,1,1,0.70536,0.3913155555555556,0.4444444444444444,0.25,0.0,0.0,1.0,0.0,0.21988000000000002,0.08175124219239724,0.20320000000000005,0.1904,0.23800000000000004,0.12196000000000015,0.12160000000000032,1.0,0.4,0.1,0.0,0.0,0.0,0.0,0.0,0.4609263103929545,0.047188490122062623,0.4802463103929545,0.4228463103929545,0.48264631039295447,0.3878263103929545,0.3858463103929545,1.0,1.0,0.0,0.0,0.0,0.0,0.0,0.0,0.36978778623577274,0.14003913329249074,0.41632315519647717,0.23926157759823863,0.47384631039295455,0.1525600000000002,0.12160000000000032,1.0,1.0,0.1,0.0,0.0,0.0,0.0,0.0,0.0,0.09415389311788631,0.9415389311788631,0.3294463103929542,0.3618463103929541,0.36978778623577274,0.14003913329249074,0.41632315519647717,0.23926157759823863,0.47384631039295455,0.1525600000000002,0.12160000000000032,1.0,1.0,0.1,0.0,0.0,0.0,0.0,0.0,0.0,0.09415389311788631,0.9415389311788631,0.3294463103929542,0.3618463103929541,0.36978778623577274,0.14003913329249074,0.41632315519647717,0.23926157759823863,0.47384631039295455,0.1525600000000002,0.12160000000000032,1.0,1.0,0.1,0.0,0.0,0.0,0.0,0.0,0.0,0.09415389311788631,0.9415389311788631,0.3294463103929542,0.3618463103929541,0.36978778623577274,0.14003913329249074,0.41632315519647717,0.23926157759823863,0.47384631039295455,0.1525600000000002,0.12160000000000032,1.0,1.0,0.1,0.0,0.0,0.0,0.0,0.0,0.0,0.09415389311788631,0.9415389311788631,0.3294463103929542,0.3618463103929541,1.0,0.6,0.6,0.6,0.6,0.0,0.6,1.0,0.6666666666666666,0.6,1.0,0.6666666666666666,0.6,1.0,0.6666666666666666,0.6,1.0,0.6666666666666666,0.6,0.0,0.6,0.6,0.6,0.6,0.6,0.0,0.0,0.0,0.0,0.6,0.6,1.0,1.0,1.0,0.6,1.0,1.0,1.0,1.0,1.0,1.0,6,0,0.0,0.0,0.0,0.6,0.0,0.0,0.0,0.0,0.0,0.0,0.0,1.0,0.0,0.0,0.0,0.0,0.0,0.8086844444461921,0.0137049139522555,0.0137049139522555,0.0,0.5,0.5,0,0,0,0,C1,0.0,0.0,0.36978778623577274,0.1,1.0,0.6,0.0,0.0,0.36978778623577274
phaseflip,mixed_pauli,0.2,4,1.0,10,qiskit_aer,1,1,0.70536,0.70536,0.0,0.0,0.0,0.0,0.0,0.0,0.21988000000000002,0.08175124219239724,0.20320000000000005,0.1904,0.23800000000000004,0.12196000000000015,0.12160000000000032,1.0,0.4,0.1,0.0,0.0,0.0,0.0,0.0,0.4609263103929545,0.047188490122062623,0.4802463103929545,0.4228463103929545,0.48264631039295447,0.3878263103929545,0.3858463103929545,1.0,1.0,0.0,0.0,0.0,0.0,0.0,0.0,0.36978778623577274,0.14003913329249074,0.41632315519647717,0.23926157759823863,0.47384631039295455,0.1525600000000002,0.12160000000000032,1.0,1.0,0.1,0.0,0.0,0.0,0.0,0.0,0.0,0.09415389311788631,0.9415389311788631,0.3294463103929542,0.3618463103929541,0.36978778623577274,0.14003913329249074,0.41632315519647717,0.23926157759823863,0.47384631039295455,0.1525600000000002,0.12160000000000032,1.0,1.0,0.1,0.0,0.0,0.0,0.0,0.0,0.0,0.09415389311788631,0.9415389311788631,0.3294463103929542,0.3618463103929541,0.36978778623577274,0.14003913329249074,0.41632315519647717,0.23926157759823863,0.47384631039295455,0.1525600000000002,0.12160000000000032,1.0,1.0,0.1,0.0,0.0,0.0,0.0,0.0,0.0,0.09415389311788631,0.9415389311788631,0.3294463103929542,0.3618463103929541,0.36978778623577274,0.14003913329249074,0.41632315519647717,0.23926157759823863,0.47384631039295455,0.1525600000000002,0.12160000000000032,1.0,1.0,0.1,0.0,0.0,0.0,0.0,0.0,0.0,0.09415389311788631,0.9415389311788631,0.3294463103929542,0.3618463103929541,1.0,0.6,0.6,0.6,0.6,0.0,0.6,1.0,0.6666666666666666,0.6,1.0,0.6666666666666666,0.6,1.0,0.6666666666666666,0.6,1.0,0.6666666666666666,0.6,0.0,0.6,0.6,0.6,0.6,0.6,0.0,0.0,0.0,0.0,0.6,0.6,1.0,1.0,1.0,0.6,1.0,1.0,1.0,1.0,1.0,1.0,6,0,0.0,0.0,0.0,0.6,0.0,0.0,0.0,0.0,0.0,0.0,0.0,1.0,0.0,0.0,0.0,0.0,0.0,0.4946400000017326,0.0137049139522555,0.0137049139522555,0.0,0.0,0.0,0,0,0,0,C1,0.0,0.0,0.36978778623577274,0.1,1.0,0.6,0.0,0.0,0.36978778623577274
phaseflip,phaseflip,0.01,1,0.25,10,qiskit_aer,1,1,0.99,0.2255,0.9666666666666667,0.7722222222222223,0.0,1.0,1.0,0.0,0.009999999999999565,0.0,0.009999999999999565,0.009999999999999565,0.009999999999999565,0.009999999999999565,0.009999999999999565,1.0,0.1,1.0,0.0,0.0,0.0,0.0,0.0,-0.020153689607045777,0.0,-0.020153689607045777,-0.020153689607045777,-0.020153689607045777,-0.020153689607045777,-0.020153689607045777,0.0,1.0,0.0,0.0,1.0,0.0,0.0,1.0,-0.017138320646341243,0.009046106882113603,-0.020153689607045777,-0.020153689607045777,-0.020153689607045777,-0.020153689607045777,-0.020153689607045777,0.1,1.0,0.1,0.0,0.9,0.0,0.0,0.9,0.0,0.027138320646340808,0.2713832064634081,0.030153689607045342,0.030153689607045342,-0.017138320646341243,0.009046106882113603,-0.020153689607045777,-0.020153689607045777,-0.020153689607045777,-0.020153689607045777,-0.020153689607045777,0.1,1.0,0.1,0.0,0.9,0.0,0.0,0.9,0.0,0.027138320646340808,0.2713832064634081,0.030153689607045342,0.030153689607045342,-0.017138320646341243,0.009046106882113603,-0.020153689607045777,-0.020153689607045777,-0.020153689607045777,-0.020153689607045777,-0.020153689607045777,0.1,1.0,0.1,0.0,0.9,0.0,0.0,0.9,0.0,0.027138320646340808,0.2713832064634081,0.030153689607045342,0.030153689607045342,0.009999999999999565,0.0,0.009999999999999565,0.009999999999999565,0.009999999999999565,0.009999999999999565,0.009999999999999565,1.0,0.1,1.0,0.0,0.0,0.0,0.0,0.0,0.0013474284426294933,0.0,0.0,0.0,0.0,1.0,0.9,0.9,0.9,0.0,0.9,0.9,0.1,0.0,0.9,0.1,0.0,0.9,0.1,0.0,0.0,1.0,0.0,0.9,0.0,0.9,0.9,0.0,0.9,0.9,0.9,0.0,0.0,0.0,0.9,0.9,1.0,1.0,0.0,0.0,1.0,1.0,1.0,1.0,0.0,0.0,9,9,0.9,1.0,0.9,0.0,0.9,0.0,1.0,0.0,1.0,1.0,0.0,1.0,0.2713832064634081,0.0,0.2713832064634081,0.027138320646340808,0.2713832064634081,1.5745000343656446,0.0013474284426294933,0.0013474284426294933,0.0,1.0,1.5222222222222221,0,0,0,9,C3R,0.0,0.0,0.009999999999999565,1.0,1.0,0.0,0.0,0.0,0.009999999999999565
phaseflip,phaseflip,0.01,1,0.5,10,qiskit_aer,1,1,0.99,0.462,0.8222222222222222,0.5333333333333333,0.0,1.0,1.0,0.0,0.009999999999999565,0.0,0.009999999999999565,0.009999999999999565,0.009999999999999565,0.009999999999999565,0.009999999999999565,1.0,0.2,1.0,0.0,0.0,0.0,0.0,0.0,-0.020153689607045777,0.0,-0.020153689607045777,-0.020153689607045777,-0.020153689607045777,-0.020153689607045777,-0.020153689607045777,0.0,1.0,0.0,0.0,1.0,0.0,0.0,1.0,-0.014122951685636709,0.012061475842818137,-0.020153689607045777,-0.020153689607045777,-0.020153689607045777,-0.020153689607045777,-0.020153689607045777,0.2,1.0,0.2,0.0,0.8,0.0,0.0,0.8,0.0,0.024122951685636274,0.24122951685636274,0.030153689607045342,0.030153689607045342,-0.014122951685636709,0.012061475842818137,-0.020153689607045777,-0.020153689607045777,-0.020153689607045777,-0.020153689607045777,-0.020153689607045777,0.2,1.0,0.2,0.0,0.8,0.0,0.0,0.8,0.0,0.024122951685636274,0.24122951685636274,0.030153689607045342,0.030153689607045342,-0.014122951685636709,0.012061475842818137,-0.020153689607045777,-0.020153689607045777,-0.020153689607045777,-0.020153689607045777,-0.020153689607045777,0.2,1.0,0.2,0.0,0.8,0.0,0.0,0.8,0.0,0.024122951685636274,0.24122951685636274,0.030153689607045342,0.030153689607045342,0.003969262078590496,0.012061475842818137,0.009999999999999565,0.009999999999999565,0.009999999999999565,-0.020153689607045777,-0.020153689607045777,0.8,0.4,0.8,0.0,0.2,0.0,0.0,0.2,0.0013474284426294933,0.006030737921409068,0.060307379214090684,0.030153689607045342,0.030153689607045342,1.0,0.8,0.8,0.8,0.2,0.6,0.8,0.2,0.0,0.8,0.2,0.0,0.8,0.2,0.0,0.2,0.8,0.0,0.8,0.0,0.8,0.8,0.2,0.8,0.8,0.6,0.0,0.0,0.0,0.8,0.8,1.0,1.0,0.2,0.2,1.0,1.0,1.0,1.0,0.25,0.25,8,6,0.6,0.75,0.8,0.0,0.6,0.0,1.0,0.0,1.0,0.75,0.0,1.0,0.18092213764227205,0.0,0.18092213764227205,0.018092213764227205,0.18092213764227205,1.1380000343656445,0.0013474284426294933,0.0013474284426294933,0.0,0.9777777777777777,1.0333333333333334,0,0,0,6,C3R,0.2,0.0,0.003969262078590496,0.8,0.8,0.2,0.2,0.0,0.003969262078590496
phaseflip,phaseflip,0.01,1,0.75,10,qiskit_aer,1,1,0.99,0.7535000000000001,0.37777777777777777,0.23333333333333334,0.0,1.0,1.0,0.0,0.009999999999999565,0.0,0.009999999999999565,0.009999999999999565,0.009999999999999565,0.009999999999999565,0.009999999999999565,1.0,0.2,1.0,0.0,0.0,0.0,0.0,0.0,-0.020153689607045777,0.0,-0.020153689607045777,-0.020153689607045777,-0.020153689607045777,-0.020153689607045777,-0.020153689607045777,0.0,1.0,0.0,0.0,1.0,0.0,0.0,1.0,-0.014122951685636709,0.012061475842818137,-0.020153689607045777,-0.020153689607045777,-0.020153689607045777,-0.020153689607045777,-0.020153689607045777,0.2,1.0,0.2,0.0,0.8,0.0,0.0,0.8,0.0,0.024122951685636274,0.24122951685636274,0.030153689607045342,0.030153689607045342,-0.014122951685636709,0.012061475842818137,-0.020153689607045777,-0.020153689607045777,-0.020153689607045777,-0.020153689607045777,-0.020153689607045777,0.2,1.0,0.2,0.0,0.8,0.0,0.0,0.8,0.0,0.024122951685636274,0.24122951685636274,0.030153689607045342,0.030153689607045342,-0.014122951685636709,0.012061475842818137,-0.020153689607045777,-0.020153689607045777,-0.020153689607045777,-0.020153689607045777,-0.020153689607045777,0.2,1.0,0.2,0.0,0.8,0.0,0.0,0.8,0.0,0.024122951685636274,0.24122951685636274,0.030153689607045342,0.030153689607045342,-0.014122951685636709,0.012061475842818137,-0.020153689607045777,-0.020153689607045777,-0.020153689607045777,-0.020153689607045777,-0.020153689607045777,0.2,1.0,0.2,0.0,0.8,0.0,0.0,0.8,0.0,0.024122951685636274,0.24122951685636274,0.030153689607045342,0.030153689607045342,1.0,0.8,0.8,0.8,0.8,0.0,0.8,0.2,0.0,0.8,0.2,0.0,0.8,0.2,0.0,0.8,0.2,0.0,0.8,0.0,0.8,0.8,0.8,0.8,0.8,0.0,0.0,0.0,0.0,0.8,0.8,1.0,1.0,1.0,0.8,1.0,1.0,1.0,1.0,1.0,1.0,8,0,0.0,0.0,0.8,0.0,0.0,0.0,0.0,0.0,0.0,0.0,0.0,1.0,0.0,0.0,0.0,0.0,0.0,0.8465000343656445,0.0013474284426294933,0.0013474284426294933,0.0,0.48333333333333334,0.48333333333333334,0,0,0,0,C1,0.8,0.0,-0.014122951685636709,0.2,0.2,0.8,0.8,0.0,-0.014122951685636709
phaseflip,phaseflip,0.01,1,1.0,10,qiskit_aer,1,1,0.99,0.99,0.0,0.0,1.0,1.0,0.0,0.0,0.009999999999999565,0.0,0.009999999999999565,0.009999999999999565,0.009999999999999565,0.009999999999999565,0.009999999999999565,1.0,0.2,1.0,0.8,0.0,0.0,0.0,0.0,-0.020153689607045777,0.0,-0.020153689607045777,-0.020153689607045777,-0.020153689607045777,-0.020153689607045777,-0.020153689607045777,0.0,1.0,0.0,0.0,1.0,1.0,1.0,1.0,-0.020153689607045777,0.0,-0.020153689607045777,-0.020153689607045777,-0.020153689607045777,-0.020153689607045777,-0.020153689607045777,0.0,1.0,0.0,0.0,1.0,1.0,1.0,1.0,0.0,0.030153689607045342,0.3015368960704534,0.030153689607045342,0.030153689607045342,-0.014122951685636709,0.012061475842818137,-0.020153689607045777,-0.020153689607045777,-0.020153689607045777,-0.020153689607045777,-0.020153689607045777,0.2,1.0,0.2,0.0,0.8,0.8,0.8,0.8,0.0,0.024122951685636274,0.24122951685636274,0.030153689607045342,0.030153689607045342,-0.014122951685636709,0.012061475842818137,-0.020153689607045777,-0.020153689607045777,-0.020153689607045777,-0.020153689607045777,-0.020153689607045777,0.2,1.0,0.2,0.0,0.8,0.8,0.8,0.8,0.0,0.024122951685636274,0.24122951685636274,0.030153689607045342,0.030153689607045342,-0.014122951685636709,0.012061475842818137,-0.020153689607045777,-0.020153689607045777,-0.020153689607045777,-0.020153689607045777,-0.020153689607045777,0.2,1.0,0.2,0.0,0.8,0.8,0.8,0.8,0.0,0.024122951685636274,0.24122951685636274,0.030153689607045342,0.030153689607045342,1.0,1.0,0.8,0.8,0.8,0.0,1.0,0.0,1.0,0.8,1.0,1.0,0.8,1.0,1.0,0.8,1.0,1.0,0.8,0.2,0.8,0.8,0.8,0.8,0.8,0.0,0.0,0.0,0.0,0.8,0.8,1.0,1.0,1.0,0.8,1.0,1.0,1.0,1.0,1.0,1.0,8,0,0.0,0.0,0.8,0.0,0.0,0.0,0.0,0.0,0.0,0.0,0.0,1.0,0.0,0.0,0.0,0.0,0.0,0.6100000329576049,2.0200343562237743e-17,2.0200343562237743e-17,0.0,0.0,0.0,0,0,0,0,C2,0.8,0.0,-0.014122951685636709,0.2,0.2,0.8,0.8,0.0,-0.014122951685636709
phaseflip,phaseflip,0.01,2,0.25,10,qiskit_aer,1,1,0.9801599999999999,0.21780944444444444,0.9666666666666667,0.7722222222222223,0.0,1.0,1.0,0.0,0.01983999999999968,4.898979485576694e-05,0.019799999999999596,0.019799999999999596,0.019899999999999807,0.019799999999999596,0.019799999999999596,1.0,0.3,1.0,0.0,0.0,0.0,0.0,0.0,-0.010313689607045661,4.898979485576694e-05,-0.010353689607045746,-0.010353689607045746,-0.010253689607045535,-0.010353689607045746,-0.010353689607045746,0.0,1.0,0.0,0.0,1.0,0.0,0.0,1.0,-0.0012675827249320592,0.013835689660674704,-0.01030368960704564,-0.010353689607045746,0.012286577598238313,-0.010353689607045746,-0.010353689607045746,0.3,1.0,0.3,0.0,0.7,0.0,0.0,0.7,0.0,0.02110758272493174,0.2110758272493174,0.030153689607045342,0.030153689607045342,-0.0012675827249320592,0.013835689660674704,-0.01030368960704564,-0.010353689607045746,0.012286577598238313,-0.010353689607045746,-0.010353689607045746,0.3,1.0,0.3,0.0,0.7,0.0,0.0,0.7,0.0,0.02110758272493174,0.2110758272493174,0.030153689607045342,0.030153689607045342,-0.0012675827249320592,0.013835689660674704,-0.01030368960704564,-0.010353689607045746,0.012286577598238313,-0.010353689607045746,-0.010353689607045746,0.3,1.0,0.3,0.0,0.7,0.0,0.0,0.7,0.0,0.02110758272493174,0.2110758272493174,0.030153689607045342,0.030153689607045342,0.01983999999999968,4.898979485576694e-05,0.019799999999999596,0.019799999999999596,0.019899999999999807,0.019799999999999596,0.019799999999999596,1.0,0.3,1.0,0.0,0.0,0.0,0.0,0.0,0.1049886815129925,0.0,0.0,0.0,0.0,1.0,0.7,0.7,0.7,0.0,0.7,0.7,0.3,0.0,0.7,0.3,0.0,0.7,0.3,0.0,0.0,1.0,0.0,0.7,0.0,0.7,0.7,0.0,0.7,0.7,0.7,0.0,0.0,0.0,0.7,0.7,1.0,1.0,0.0,0.0,1.0,1.0,1.0,1.0,0.0,0.0,7,7,0.7,1.0,0.7,0.0,0.7,0.0,1.0,0.0,1.0,1.0,0.0,1.0,0.2110758272493174,0.0,0.2110758272493174,0.02110758272493174,0.2110758272493174,1.1821905756220608,0.1049886815129925,0.1049886815129925,0.0,1.0,1.5222222222222221,0,0,0,7,C3R,0.0,0.0,0.01983999999999968,1.0,1.0,0.0,0.0,0.0,0.01983999999999968
phaseflip,phaseflip,0.01,2,0.5,10,qiskit_aer,1,1,0.9801599999999999,0.42473555555555553,0.8222222222222222,0.5333333333333333,0.0,1.0,1.0,0.0,0.01983999999999968,4.898979485576694e-05,0.019799999999999596,0.019799999999999596,0.019899999999999807,0.019799999999999596,0.019799999999999596,1.0,0.3,1.0,0.0,0.0,0.0,0.0,0.0,-0.010313689607045661,4.898979485576694e-05,-0.010353689607045746,-0.010353689607045746,-0.010253689607045535,-0.010353689607045746,-0.010353689607045746,0.0,1.0,0.0,0.0,1.0,0.0,0.0,1.0,-0.0012675827249320592,0.013835689660674704,-0.01030368960704564,-0.010353689607045746,0.012286577598238313,-0.010353689607045746,-0.010353689607045746,0.3,1.0,0.3,0.0,0.7,0.0,0.0,0.7,0.0,0.02110758272493174,0.2110758272493174,0.030153689607045342,0.030153689607045342,-0.0012675827249320592,0.013835689660674704,-0.01030368960704564,-0.010353689607045746,0.012286577598238313,-0.010353689607045746,-0.010353689607045746,0.3,1.0,0.3,0.0,0.7,0.0,0.0,0.7,0.0,0.02110758272493174,0.2110758272493174,0.030153689607045342,0.030153689607045342,-0.0012675827249320592,0.013835689660674704,-0.01030368960704564,-0.010353689607045746,0.012286577598238313,-0.010353689607045746,-0.010353689607045746,0.3,1.0,0.3,0.0,0.7,0.0,0.0,0.7,0.0,0.02110758272493174,0.2110758272493174,0.030153689607045342,0.030153689607045342,0.013809262078590612,0.012056574337201139,0.019799999999999596,0.019799999999999596,0.019874999999999754,-0.010308689607045651,-0.010353689607045746,0.8,0.5,0.8,0.0,0.2,0.0,0.0,0.2,0.05316805497781099,0.006030737921409068,0.060307379214090684,0.030153689607045342,0.030153689607045342,1.0,0.7,0.7,0.7,0.2,0.5,0.7,0.3,0.0,0.7,0.3,0.0,0.7,0.3,0.0,0.2,0.8,0.0,0.7,0.0,0.7,0.7,0.2,0.7,0.7,0.5,0.0,0.0,0.0,0.7,0.7,1.0,1.0,0.2,0.2,1.0,1.0,1.0,1.0,0.2857142857142857,0.2857142857142857,7,5,0.5,0.7142857142857143,0.7,0.0,0.5,0.0,1.0,0.0,1.0,0.7142857142857143,0.0,1.0,0.1507684480352267,0.0,0.1507684480352267,0.015076844803522671,0.1507684480352267,0.9752644634353612,0.08816428214880848,0.08816428214880848,0.0,0.9777777777777777,1.0333333333333334,0,0,0,5,C3R,0.2,0.0,0.013809262078590612,0.8,0.8,0.2,0.2,0.0,0.013809262078590612
phaseflip,phaseflip,0.01,2,0.75,10,qiskit_aer,1,1,0.9801599999999999,0.7242288888888889,0.37777777777777777,0.23333333333333334,0.0,1.0,1.0,0.0,0.01983999999999968,4.898979485576694e-05,0.019799999999999596,0.019799999999999596,0.019899999999999807,0.019799999999999596,0.019799999999999596,1.0,0.2,1.0,0.0,0.0,0.0,0.0,0.0,-0.010313689607045661,4.898979485576694e-05,-0.010353689607045746,-0.010353689607045746,-0.010253689607045535,-0.010353689607045746,-0.010353689607045746,0.0,1.0,0.0,0.0,1.0,0.0,0.0,1.0,-0.004282951685636594,0.01209153786982682,-0.010353689607045746,-0.010353689607045746,-0.010253689607045535,-0.010353689607045746,-0.010353689607045746,0.2,1.0,0.2,0.0,0.8,0.0,0.0,0.8,0.0,0.024122951685636274,0.24122951685636274,0.030153689607045342,0.030153689607045342,-0.004282951685636594,0.01209153786982682,-0.010353689607045746,-0.010353689607045746,-0.010253689607045535,-0.010353689607045746,-0.010353689607045746,0.2,1.0,0.2,0.0,0.8,0.0,0.0,0.8,0.0,0.024122951685636274,0.24122951685636274,0.030153689607045342,0.030153689607045342,-0.004282951685636594,0.01209153786982682,-0.010353689607045746,-0.010353689607045746,-0.010253689607045535,-0.010353689607045746,-0.010353689607045746,0.2,1.0,0.2,0.0,0.8,0.0,0.0,0.8,0.0,0.024122951685636274,0.24122951685636274,0.030153689607045342,0.030153689607045342,-0.004282951685636594,0.01209153786982682,-0.010353689607045746,-0.010353689607045746,-0.010253689607045535,-0.010353689607045746,-0.010353689607045746,0.2,1.0,0.2,0.0,0.8,0.0,0.0,0.8,0.0,0.024122951685636274,0.24122951685636274,0.030153689607045342,0.030153689607045342,1.0,0.8,0.8,0.8,0.8,0.0,0.8,0.2,0.0,0.8,0.2,0.0,0.8,0.2,0.0,0.8,0.2,0.0,0.8,0.0,0.8,0.8,0.8,0.8,0.8,0.0,0.0,0.0,0.0,0.8,0.8,1.0,1.0,1.0,0.8,1.0,1.0,1.0,1.0,1.0,1.0,8,0,0.0,0.0,0.8,0.0,0.0,0.0,0.0,0.0,0.0,0.0,0.0,1.0,0.0,0.0,0.0,0.0,0.0,0.8757711335833813,0.11013641197228122,0.11013641197228122,0.0,0.48333333333333334,0.48333333333333334,0,0,0,0,C1,0.8,0.0,-0.004282951685636594,0.2,0.2,0.8,0.8,0.0,-0.004282951685636594
phaseflip,phaseflip,0.01,2,1.0,10,qiskit_aer,1,1,0.9801599999999999,0.9801599999999999,0.0,0.0,1.0,1.0,0.0,0.0,0.01983999999999968,4.898979485576694e-05,0.019799999999999596,0.019799999999999596,0.019899999999999807,0.019799999999999596,0.019799999999999596,1.0,0.4,1.0,0.6,0.0,0.0,0.0,0.0,-0.010313689607045661,4.898979485576694e-05,-0.010353689607045746,-0.010353689607045746,-0.010253689607045535,-0.010353689607045746,-0.010353689607045746,0.0,1.0,0.0,0.0,1.0,1.0,1.0,1.0,-0.010313689607045661,4.898979485576694e-05,-0.010353689607045746,-0.010353689607045746,-0.010253689607045535,-0.010353689607045746,-0.010353689607045746,0.0,1.0,0.0,0.0,1.0,1.0,1.0,1.0,0.0,0.030153689607045342,0.3015368960704534,0.030153689607045342,0.030153689607045342,0.001747786235772475,0.014800861548211553,-0.01030368960704564,-0.010353689607045746,0.019874999999999754,-0.010353689607045746,-0.010353689607045746,0.4,1.0,0.4,0.0,0.6,0.6,0.6,0.6,0.0,0.018092213764227205,0.18092213764227205,0.030153689607045342,0.030153689607045342,0.001747786235772475,0.014800861548211553,-0.01030368960704564,-0.010353689607045746,0.019874999999999754,-0.010353689607045746,-0.010353689607045746,0.4,1.0,0.4,0.0,0.6,0.6,0.6,0.6,0.0,0.018092213764227205,0.18092213764227205,0.030153689607045342,0.030153689607045342,0.001747786235772475,0.014800861548211553,-0.01030368960704564,-0.010353689607045746,0.019874999999999754,-0.010353689607045746,-0.010353689607045746,0.4,1.0,0.4,0.0,0.6,0.6,0.6,0.6,0.0,0.018092213764227205,0.18092213764227205,0.030153689607045342,0.030153689607045342,1.0,1.0,0.6,0.6,0.6,0.0,1.0,0.0,1.0,0.6,1.0,1.0,0.6,1.0,1.0,0.6,1.0,1.0,0.6,0.4,0.6,0.6,0.6,0.6,0.6,0.0,0.0,0.0,0.0,0.6,0.6,1.0,1.0,1.0,0.6,1.0,1.0,1.0,1.0,1.0,1.0,6,0,0.0,0.0,0.6,0.0,0.0,0.0,0.0,0.0,0.0,0.0,0.0,1.0,0.0,0.0,0.0,0.0,0.0,0.21984001925614685,0.07072411857248094,0.07072411857248094,0.0,0.0,0.0,0,0,0,0,C2,0.6,0.0,0.001747786235772475,0.4,0.4,0.6,0.6,0.0,0.001747786235772475
phaseflip,phaseflip,0.01,3,0.25,10,qiskit_aer,1,1,0.970428,0.21564792222222223,0.9555555555555555,0.7666666666666667,0.0,1.0,1.0,0.0,0.02957199999999973,0.0001172279830074261,0.029601999999999795,0.02945349999999977,0.02967549999999966,0.029403999999999764,0.029403999999999764,1.0,0.5,1.0,0.0,0.0,0.0,0.0,0.0,-0.0005816896070456101,0.0001172279830074261,-0.0005516896070455468,-0.0007001896070455704,-0.0004781896070456815,-0.0007496896070455783,-0.0007496896070455783,0.0,1.0,0.0,0.0,0.0,0.0,0.0,1.0,0.014495155196477061,0.014988240189975749,0.014475155196477019,-0.00045368960704572636,0.029403999999999764,-0.0005516896070455468,-0.0005516896070455468,0.5,1.0,0.5,0.0,0.0,0.0,0.0,0.5,0.0,0.015076844803522671,0.1507684480352267,0.030153689607045342,0.030153689607045342,0.014495155196477061,0.014988240189975749,0.014475155196477019,-0.00045368960704572636,0.029403999999999764,-0.0005516896070455468,-0.0005516896070455468,0.5,1.0,0.5,0.0,0.0,0.0,0.0,0.5,0.0,0.015076844803522671,0.1507684480352267,0.030153689607045342,0.030153689607045342,0.014495155196477061,0.014988240189975749,0.014475155196477019,-0.00045368960704572636,0.029403999999999764,-0.0005516896070455468,-0.0005516896070455468,0.5,1.0,0.5,0.0,0.0,0.0,0.0,0.5,0.0,0.015076844803522671,0.1507684480352267,0.030153689607045342,0.030153689607045342,0.02957199999999973,0.0001172279830074261,0.029601999999999795,0.02945349999999977,0.02967549999999966,0.029403999999999764,0.029403999999999764,1.0,0.5,1.0,0.0,0.0,0.0,0.0,0.0,7.132777462695692e-21,0.0,0.0,0.0,0.0,1.0,0.5,0.5,0.5,0.0,0.5,0.5,0.5,0.0,0.5,0.5,0.0,0.5,0.5,0.0,0.0,1.0,0.0,0.5,0.0,0.5,0.5,0.0,0.5,0.5,0.5,0.0,0.0,0.0,0.5,0.5,1.0,1.0,0.0,0.0,1.0,1.0,1.0,1.0,0.0,0.0,5,5,0.5,1.0,0.5,0.0,0.5,0.0,1.0,0.0,1.0,1.0,0.0,1.0,0.1507684480352267,0.0,0.1507684480352267,0.015076844803522671,0.1507684480352267,0.7843520831618982,7.132777462695692e-21,7.132777462695692e-21,0.0,1.0,1.5166666666666666,0,0,0,5,C3R,0.0,0.0,0.02957199999999973,1.0,1.0,0.0,0.0,0.0,0.02957199999999973
phaseflip,phaseflip,0.01,3,0.5,10,qiskit_aer,1,1,0.970428,0.42052242222222225,0.8,0.55,0.0,1.0,1.0,0.0,0.02957199999999973,0.0001172279830074261,0.029601999999999795,0.02945349999999977,0.02967549999999966,0.029403999999999764,0.029403999999999764,1.0,0.4,1.0,0.0,0.0,0.0,0.0,0.0,-0.0005816896070456101,0.0001172279830074261,-0.0005516896070455468,-0.0007001896070455704,-0.0004781896070456815,-0.0007496896070455783,-0.0007496896070455783,0.0,1.0,0.0,0.0,0.0,0.0,0.0,1.0,0.011479786235772527,0.01479676210307693,-0.0005026896070456366,-0.0005516896070455468,0.029552499999999787,-0.0007496896070455783,-0.0007496896070455783,0.4,1.0,0.4,0.0,0.0,0.0,0.0,0.6,0.0,0.018092213764227205,0.18092213764227205,0.030153689607045342,0.030153689607045342,0.011479786235772527,0.01479676210307693,-0.0005026896070456366,-0.0005516896070455468,0.029552499999999787,-0.0007496896070455783,-0.0007496896070455783,0.4,1.0,0.4,0.0,0.0,0.0,0.0,0.6,0.0,0.018092213764227205,0.18092213764227205,0.030153689607045342,0.030153689607045342,0.011479786235772527,0.01479676210307693,-0.0005026896070456366,-0.0005516896070455468,0.029552499999999787,-0.0007496896070455783,-0.0007496896070455783,0.4,1.0,0.4,0.0,0.0,0.0,0.0,0.6,0.0,0.018092213764227205,0.18092213764227205,0.030153689607045342,0.030153689607045342,0.026556631039295196,0.009102689497803362,0.029601999999999795,0.02945349999999977,0.02967549999999966,0.012819470716124826,-0.0007496896070455783,0.9,0.5,0.9,0.0,0.0,0.0,0.0,0.1,8.365372627103523e-21,0.003015368960704534,0.030153689607045342,0.016584529283874903,0.030153689607045342,1.0,0.6,0.6,0.6,0.1,0.5,0.6,0.4,0.0,0.6,0.4,0.0,0.6,0.4,0.0,0.1,0.9,0.0,0.6,0.0,0.6,0.6,0.1,0.6,0.6,0.5,0.0,0.0,0.0,0.6,0.6,1.0,1.0,0.3,0.1,1.0,1.0,1.0,1.0,0.16666666666666666,0.16666666666666666,6,5,0.5,0.8333333333333334,0.6,0.0,0.5,0.0,1.0,0.0,1.0,0.8333333333333334,0.0,1.0,0.1507684480352267,0.0,0.1507684480352267,0.015076844803522671,0.1507684480352267,0.7794775829310643,1.053148521828736e-20,1.053148521828736e-20,0.0,0.9722222222222222,1.05,0,0,0,5,C3R,0.0,0.0,0.026556631039295196,0.9,0.9,0.1,0.0,0.0,0.026556631039295196
phaseflip,phaseflip,0.01,3,0.75,10,qiskit_aer,1,1,0.970428,0.7439951222222223,0.3888888888888889,0.23333333333333334,0.0,1.0,1.0,0.0,0.02957199999999973,0.0001172279830074261,0.029601999999999795,0.02945349999999977,0.02967549999999966,0.029403999999999764,0.029403999999999764,1.0,0.2,1.0,0.0,0.0,0.0,0.0,0.0,-0.0005816896070456101,0.0001172279830074261,-0.0005516896070455468,-0.0007001896070455704,-0.0004781896070456815,-0.0007496896070455783,-0.0007496896070455783,0.0,1.0,0.0,0.0,0.0,0.0,0.0,1.0,0.005449048314363459,0.01205204183489373,-0.0005516896070455468,-0.0005516896070455468,-0.00045368960704572636,-0.0007496896070455783,-0.0007496896070455783,0.2,1.0,0.2,0.0,0.0,0.0,0.0,0.8,0.0,0.024122951685636274,0.24122951685636274,0.030153689607045342,0.030153689607045342,0.005449048314363459,0.01205204183489373,-0.0005516896070455468,-0.0005516896070455468,-0.00045368960704572636,-0.0007496896070455783,-0.0007496896070455783,0.2,1.0,0.2,0.0,0.0,0.0,0.0,0.8,0.0,0.024122951685636274,0.24122951685636274,0.030153689607045342,0.030153689607045342,0.005449048314363459,0.01205204183489373,-0.0005516896070455468,-0.0005516896070455468,-0.00045368960704572636,-0.0007496896070455783,-0.0007496896070455783,0.2,1.0,0.2,0.0,0.0,0.0,0.0,0.8,0.0,0.024122951685636274,0.24122951685636274,0.030153689607045342,0.030153689607045342,0.005449048314363459,0.01205204183489373,-0.0005516896070455468,-0.0005516896070455468,-0.00045368960704572636,-0.0007496896070455783,-0.0007496896070455783,0.2,1.0,0.2,0.0,0.0,0.0,0.0,0.8,0.0,0.024122951685636274,0.24122951685636274,0.030153689607045342,0.030153689607045342,1.0,0.8,0.8,0.8,0.8,0.0,0.8,0.2,0.0,0.8,0.2,0.0,0.8,0.2,0.0,0.8,0.2,0.0,0.8,0.0,0.8,0.8,0.8,0.8,0.8,0.0,0.0,0.0,0.0,0.8,0.8,1.0,1.0,1.0,0.8,1.0,1.0,1.0,1.0,1.0,1.0,8,0,0.0,0.0,0.8,0.0,0.0,0.0,0.0,0.0,0.0,0.0,0.0,1.0,0.0,0.0,0.0,0.0,0.0,0.8560048830472307,0.016208635152040473,0.016208635152040473,0.0,0.48333333333333334,0.48333333333333334,0,0,0,0,C1,0.0,0.0,0.005449048314363459,0.2,0.2,0.8,0.0,0.0,0.005449048314363459
phaseflip,phaseflip,0.01,3,1.0,10,qiskit_aer,1,1,0.970428,0.970428,0.0,0.0,1.0,1.0,0.0,0.0,0.02957199999999973,0.0001172279830074261,0.029601999999999795,0.02945349999999977,0.02967549999999966,0.029403999999999764,0.029403999999999764,1.0,0.4,1.0,0.6,0.0,0.0,0.0,0.0,-0.0005816896070456101,0.0001172279830074261,-0.0005516896070455468,-0.0007001896070455704,-0.0004781896070456815,-0.0007496896070455783,-0.0007496896070455783,0.0,1.0,0.0,0.0,0.0,1.0,1.0,1.0,-0.0005816896070456101,0.0001172279830074261,-0.0005516896070455468,-0.0007001896070455704,-0.0004781896070456815,-0.0007496896070455783,-0.0007496896070455783,0.0,1.0,0.0,0.0,0.0,1.0,1.0,1.0,0.0,0.030153689607045342,0.3015368960704534,0.030153689607045342,0.030153689607045342,0.011479786235772527,0.01479676210307693,-0.0005026896070456366,-0.0005516896070455468,0.029552499999999787,-0.0007496896070455783,-0.0007496896070455783,0.4,1.0,0.4,0.0,0.0,0.6,0.6,0.6,0.0,0.018092213764227205,0.18092213764227205,0.030153689607045342,0.030153689607045342,0.011479786235772527,0.01479676210307693,-0.0005026896070456366,-0.0005516896070455468,0.029552499999999787,-0.0007496896070455783,-0.0007496896070455783,0.4,1.0,0.4,0.0,0.0,0.6,0.6,0.6,0.0,0.018092213764227205,0.18092213764227205,0.030153689607045342,0.030153689607045342,0.011479786235772527,0.01479676210307693,-0.0005026896070456366,-0.0005516896070455468,0.029552499999999787,-0.0007496896070455783,-0.0007496896070455783,0.4,1.0,0.4,0.0,0.0,0.6,0.6,0.6,0.0,0.018092213764227205,0.18092213764227205,0.030153689607045342,0.030153689607045342,1.0,1.0,0.6,0.6,0.6,0.0,1.0,0.0,1.0,0.6,1.0,1.0,0.6,1.0,1.0,0.6,1.0,1.0,0.6,0.4,0.6,0.6,0.6,0.6,0.6,0.0,0.0,0.0,0.0,0.6,0.6,1.0,1.0,1.0,0.6,1.0,1.0,1.0,1.0,1.0,1.0,6,0,0.0,0.0,0.6,0.0,0.0,0.0,0.0,0.0,0.0,0.0,0.0,1.0,0.0,0.0,0.0,0.0,0.0,0.22957200508281006,1.176408038269519e-20,1.176408038269519e-20,0.0,0.0,0.0,0,0,0,0,C2,0.0,0.0,0.011479786235772527,0.4,0.4,0.6,0.0,0.0,0.011479786235772527
phaseflip,phaseflip,0.01,4,0.25,10,qiskit_aer,1,1,0.9608420280000001,0.21351668311111113,0.9555555555555555,0.7666666666666667,0.0,1.0,1.0,0.0,0.039157971999999784,0.00018647496608392434,0.0392559799999998,0.03910995999999978,0.039303999999999784,0.03881591999999978,0.03881591999999978,1.0,0.5,1.0,0.0,0.0,0.0,0.0,0.0,0.009004282392954444,0.00018647496608392437,0.00910229039295446,0.008956270392954435,0.009150310392954442,0.00866223039295444,0.00866223039295444,1.0,1.0,0.0,0.0,0.0,0.0,0.0,1.0,0.024081127196477113,0.015009435296808721,0.02398311519647711,0.009150310392954442,0.03910994999999981,0.008956270392954435,0.008956270392954435,1.0,1.0,0.5,0.0,0.0,0.0,0.0,0.5,0.0,0.015076844803522671,0.1507684480352267,0.030153689607045342,0.030153689607045342,0.024081127196477113,0.015009435296808721,0.02398311519647711,0.009150310392954442,0.03910994999999981,0.008956270392954435,0.008956270392954435,1.0,1.0,0.5,0.0,0.0,0.0,0.0,0.5,0.0,0.015076844803522671,0.1507684480352267,0.030153689607045342,0.030153689607045342,0.024081127196477113,0.015009435296808721,0.02398311519647711,0.009150310392954442,0.03910994999999981,0.008956270392954435,0.008956270392954435,1.0,1.0,0.5,0.0,0.0,0.0,0.0,0.5,0.0,0.015076844803522671,0.1507684480352267,0.030153689607045342,0.030153689607045342,0.039157971999999784,0.00018647496608392434,0.0392559799999998,0.03910995999999978,0.039303999999999784,0.03881591999999978,0.03881591999999978,1.0,0.5,1.0,0.0,0.0,0.0,0.0,0.0,8.365372627103523e-21,0.0,0.0,0.0,0.0,1.0,0.5,0.5,0.5,0.0,0.5,0.5,0.5,0.0,0.5,0.5,0.0,0.5,0.5,0.0,0.0,1.0,0.0,0.5,0.0,0.5,0.5,0.0,0.5,0.5,0.5,0.0,0.0,0.0,0.5,0.5,1.0,1.0,0.0,0.0,1.0,1.0,1.0,1.0,0.0,0.0,5,5,0.5,1.0,0.5,0.0,0.5,0.0,1.0,0.0,1.0,1.0,0.0,1.0,0.1507684480352267,0.0,0.1507684480352267,0.015076844803522671,0.1507684480352267,0.7864833198006091,8.365372627103523e-21,8.365372627103523e-21,0.0,1.0,1.5166666666666666,0,0,0,5,C3R,0.0,0.0,0.039157971999999784,1.0,1.0,0.0,0.0,0.0,0.039157971999999784
phaseflip,phaseflip,0.01,4,0.5,10,qiskit_aer,1,1,0.9608420280000001,0.411032002,0.8,0.55,0.0,1.0,1.0,0.0,0.039157971999999784,0.00018647496608392434,0.0392559799999998,0.03910995999999978,0.039303999999999784,0.03881591999999978,0.03881591999999978,1.0,0.6,1.0,0.0,0.0,0.0,0.0,0.0,0.009004282392954444,0.00018647496608392437,0.00910229039295446,0.008956270392954435,0.009150310392954442,0.00866223039295444,0.00866223039295444,1.0,1.0,0.0,0.0,0.0,0.0,0.0,1.0,0.027096496157181647,0.014693575132377566,0.03881591999999978,0.009150310392954442,0.03918345999999981,0.009043588392954438,0.008956270392954435,1.0,1.0,0.6,0.0,0.0,0.0,0.0,0.4,0.0,0.012061475842818137,0.12061475842818137,0.030153689607045342,0.030153689607045342,0.027096496157181647,0.014693575132377566,0.03881591999999978,0.009150310392954442,0.03918345999999981,0.009043588392954438,0.008956270392954435,1.0,1.0,0.6,0.0,0.0,0.0,0.0,0.4,0.0,0.012061475842818137,0.12061475842818137,0.030153689607045342,0.030153689607045342,0.027096496157181647,0.014693575132377566,0.03881591999999978,0.009150310392954442,0.03918345999999981,0.009043588392954438,0.008956270392954435,1.0,1.0,0.6,0.0,0.0,0.0,0.0,0.4,0.0,0.012061475842818137,0.12061475842818137,0.030153689607045342,0.030153689607045342,0.03614260303929525,0.008999231413760377,0.0391589599999998,0.03888942999999978,0.039303999999999784,0.022499834716124843,0.009150310392954442,1.0,0.7,0.9,0.0,0.0,0.0,0.0,0.1,5.26574260914368e-21,0.003015368960704534,0.030153689607045342,0.016584529283874903,0.030153689607045342,1.0,0.4,0.4,0.4,0.1,0.3,0.4,0.6,0.0,0.4,0.6,0.0,0.4,0.6,0.0,0.1,0.9,0.0,0.4,0.0,0.4,0.4,0.1,0.4,0.4,0.3,0.0,0.0,0.0,0.4,0.4,1.0,1.0,0.3,0.1,1.0,1.0,1.0,1.0,0.25,0.25,4,3,0.3,0.75,0.4,0.0,0.3,0.0,1.0,0.0,1.0,0.75,0.0,1.0,0.09046106882113603,0.0,0.09046106882113603,0.009046106882113603,0.09046106882113603,0.38896800097873374,7.431855200327517e-21,7.431855200327517e-21,0.0,0.9722222222222222,1.05,0,0,0,3,C3R,0.0,0.0,0.03614260303929525,0.9,1.0,0.1,0.0,0.0,0.03614260303929525
phaseflip,phaseflip,0.01,4,0.75,10,qiskit_aer,1,1,0.9608420280000001,0.7313050877777778,0.3888888888888889,0.23333333333333334,0.0,1.0,1.0,0.0,0.039157971999999784,0.00018647496608392434,0.0392559799999998,0.03910995999999978,0.039303999999999784,0.03881591999999978,0.03881591999999978,1.0,0.6,1.0,0.0,0.0,0.0,0.0,0.0,0.009004282392954444,0.00018647496608392437,0.00910229039295446,0.008956270392954435,0.009150310392954442,0.00866223039295444,0.00866223039295444,1.0,1.0,0.0,0.0,0.0,0.0,0.0,1.0,0.027096496157181647,0.014693575132377566,0.03881591999999978,0.009150310392954442,0.03918345999999981,0.009043588392954438,0.008956270392954435,1.0,1.0,0.6,0.0,0.0,0.0,0.0,0.4,0.0,0.012061475842818137,0.12061475842818137,0.030153689607045342,0.030153689607045342,0.027096496157181647,0.014693575132377566,0.03881591999999978,0.009150310392954442,0.03918345999999981,0.009043588392954438,0.008956270392954435,1.0,1.0,0.6,0.0,0.0,0.0,0.0,0.4,0.0,0.012061475842818137,0.12061475842818137,0.030153689607045342,0.030153689607045342,0.027096496157181647,0.014693575132377566,0.03881591999999978,0.009150310392954442,0.03918345999999981,0.009043588392954438,0.008956270392954435,1.0,1.0,0.6,0.0,0.0,0.0,0.0,0.4,0.0,0.012061475842818137,0.12061475842818137,0.030153689607045342,0.030153689607045342,0.027096496157181647,0.014693575132377566,0.03881591999999978,0.009150310392954442,0.03918345999999981,0.009043588392954438,0.008956270392954435,1.0,1.0,0.6,0.0,0.0,0.0,0.0,0.4,0.0,0.012061475842818137,0.12061475842818137,0.030153689607045342,0.030153689607045342,1.0,0.4,0.4,0.4,0.4,0.0,0.4,0.6,0.0,0.4,0.6,0.0,0.4,0.6,0.0,0.4,0.6,0.0,0.4,0.0,0.4,0.4,0.4,0.4,0.4,0.0,0.0,0.0,0.0,0.4,0.4,1.0,1.0,1.0,0.4,1.0,1.0,1.0,1.0,1.0,1.0,4,0,0.0,0.0,0.4,0.0,0.0,0.0,0.0,0.0,0.0,0.0,0.0,1.0,0.0,0.0,0.0,0.0,0.0,0.06869491523375128,7.431855200327517e-21,7.431855200327517e-21,0.0,0.48333333333333334,0.48333333333333334,0,0,0,0,C1,0.0,0.0,0.027096496157181647,0.6,1.0,0.4,0.0,0.0,0.027096496157181647
phaseflip,phaseflip,0.01,4,1.0,10,qiskit_aer,1,1,0.9608420280000001,0.9608420280000001,0.0,0.0,1.0,1.0,0.0,0.0,0.039157971999999784,0.00018647496608392434,0.0392559799999998,0.03910995999999978,0.039303999999999784,0.03881591999999978,0.03881591999999978,1.0,0.6,1.0,0.4,0.0,0.0,0.0,0.0,0.009004282392954444,0.00018647496608392437,0.00910229039295446,0.008956270392954435,0.009150310392954442,0.00866223039295444,0.00866223039295444,1.0,1.0,0.0,0.0,0.0,1.0,1.0,1.0,0.009004282392954444,0.00018647496608392437,0.00910229039295446,0.008956270392954435,0.009150310392954442,0.00866223039295444,0.00866223039295444,1.0,1.0,0.0,0.0,0.0,1.0,1.0,1.0,0.0,0.030153689607045342,0.3015368960704534,0.030153689607045342,0.030153689607045342,0.027096496157181647,0.014693575132377566,0.03881591999999978,0.009150310392954442,0.03918345999999981,0.009043588392954438,0.008956270392954435,1.0,1.0,0.6,0.0,0.0,0.4,0.4,0.4,0.0,0.012061475842818137,0.12061475842818137,0.030153689607045342,0.030153689607045342,0.027096496157181647,0.014693575132377566,0.03881591999999978,0.009150310392954442,0.03918345999999981,0.009043588392954438,0.008956270392954435,1.0,1.0,0.6,0.0,0.0,0.4,0.4,0.4,0.0,0.012061475842818137,0.12061475842818137,0.030153689607045342,0.030153689607045342,0.027096496157181647,0.014693575132377566,0.03881591999999978,0.009150310392954442,0.03918345999999981,0.009043588392954438,0.008956270392954435,1.0,1.0,0.6,0.0,0.0,0.4,0.4,0.4,0.0,0.012061475842818137,0.12061475842818137,0.030153689607045342,0.030153689607045342,1.0,1.0,0.4,0.4,0.4,0.0,1.0,0.0,1.0,0.4,1.0,1.0,0.4,1.0,1.0,0.4,1.0,1.0,0.4,0.6,0.4,0.4,0.4,0.4,0.4,0.0,0.0,0.0,0.0,0.4,0.4,1.0,1.0,1.0,0.4,1.0,1.0,1.0,1.0,1.0,1.0,4,0,0.0,0.0,0.4,0.0,0.0,0.0,0.0,0.0,0.0,0.0,0.0,1.0,0.0,0.0,0.0,0.0,0.0,-0.16084202498847103,7.431855200327517e-21,7.431855200327517e-21,0.0,0.0,0.0,0,0,0,0,C2,0.0,0.0,0.027096496157181647,0.6,1.0,0.4,0.0,0.0,0.027096496157181647
phaseflip,phaseflip,0.03,1,0.25,10,qiskit_aer,1,1,0.9700000000000001,0.21555555555555556,0.9666666666666667,0.7722222222222223,0.0,1.0,1.0,0.0,0.029999999999999805,0.0,0.029999999999999805,0.029999999999999805,0.029999999999999805,0.029999999999999805,0.029999999999999805,1.0,0.0,1.0,0.0,0.0,0.0,0.0,0.0,-0.00015368960704553736,0.0,-0.00015368960704553736,-0.00015368960704553736,-0.00015368960704553736,-0.00015368960704553736,-0.00015368960704553736,0.0,1.0,0.0,0.0,0.0,0.0,0.0,1.0,-0.00015368960704553736,0.0,-0.00015368960704553736,-0.00015368960704553736,-0.00015368960704553736,-0.00015368960704553736,-0.00015368960704553736,0.0,1.0,0.0,0.0,0.0,0.0,0.0,1.0,0.0,0.030153689607045342,0.3015368960704534,0.030153689607045342,0.030153689607045342,-0.00015368960704553736,0.0,-0.00015368960704553736,-0.00015368960704553736,-0.00015368960704553736,-0.00015368960704553736,-0.00015368960704553736,0.0,1.0,0.0,0.0,0.0,0.0,0.0,1.0,0.0,0.030153689607045342,0.3015368960704534,0.030153689607045342,0.030153689607045342,-0.00015368960704553736,0.0,-0.00015368960704553736,-0.00015368960704553736,-0.00015368960704553736,-0.00015368960704553736,-0.00015368960704553736,0.0,1.0,0.0,0.0,0.0,0.0,0.0,1.0,0.0,0.030153689607045342,0.3015368960704534,0.030153689607045342,0.030153689607045342,0.029999999999999805,0.0,0.029999999999999805,0.029999999999999805,0.029999999999999805,0.029999999999999805,0.029999999999999805,1.0,0.0,1.0,0.0,0.0,0.0,0.0,0.0,0.15815673649080347,0.0,0.0,0.0,0.0,1.0,1.0,1.0,1.0,0.0,1.0,1.0,0.0,0.0,1.0,0.0,0.0,1.0,0.0,0.0,0.0,1.0,0.0,1.0,0.0,1.0,1.0,0.0,1.0,1.0,1.0,0.0,0.0,0.0,1.0,1.0,1.0,1.0,0.0,0.0,1.0,1.0,1.0,1.0,0.0,0.0,10,10,1.0,1.0,1.0,0.0,1.0,0.0,1.0,0.0,1.0,1.0,0.0,1.0,0.3015368960704534,0.0,0.3015368960704534,0.030153689607045342,0.3015368960704534,1.7844444525210572,0.15815673649080347,0.15815673649080347,0.0,1.0,1.5222222222222221,0,0,0,10,C3R,0.0,0.0,0.029999999999999805,1.0,1.0,0.0,0.0,0.0,0.029999999999999805
phaseflip,phaseflip,0.03,1,0.5,10,qiskit_aer,1,1,0.9700000000000001,0.41494444444444445,0.8222222222222222,0.5333333333333333,0.0,1.0,1.0,0.0,0.029999999999999805,0.0,0.029999999999999805,0.029999999999999805,0.029999999999999805,0.029999999999999805,0.029999999999999805,1.0,0.1,1.0,0.0,0.0,0.0,0.0,0.0,-0.00015368960704553736,0.0,-0.00015368960704553736,-0.00015368960704553736,-0.00015368960704553736,-0.00015368960704553736,-0.00015368960704553736,0.0,1.0,0.0,0.0,0.0,0.0,0.0,1.0,0.002861679353658997,0.009046106882113603,-0.00015368960704553736,-0.00015368960704553736,-0.00015368960704553736,-0.00015368960704553736,-0.00015368960704553736,0.1,1.0,0.1,0.0,0.0,0.0,0.0,0.9,0.0,0.027138320646340808,0.2713832064634081,0.030153689607045342,0.030153689607045342,0.002861679353658997,0.009046106882113603,-0.00015368960704553736,-0.00015368960704553736,-0.00015368960704553736,-0.00015368960704553736,-0.00015368960704553736,0.1,1.0,0.1,0.0,0.0,0.0,0.0,0.9,0.0,0.027138320646340808,0.2713832064634081,0.030153689607045342,0.030153689607045342,0.002861679353658997,0.009046106882113603,-0.00015368960704553736,-0.00015368960704553736,-0.00015368960704553736,-0.00015368960704553736,-0.00015368960704553736,0.1,1.0,0.1,0.0,0.0,0.0,0.0,0.9,0.0,0.027138320646340808,0.2713832064634081,0.030153689607045342,0.030153689607045342,0.023969262078590736,0.012061475842818137,0.029999999999999805,0.029999999999999805,0.029999999999999805,-0.00015368960704553736,-0.00015368960704553736,0.8,0.3,0.8,0.0,0.0,0.0,0.0,0.2,0.09890217460124533,0.006030737921409068,0.060307379214090684,0.030153689607045342,0.030153689607045342,1.0,0.9,0.9,0.9,0.2,0.7,0.9,0.1,0.0,0.9,0.1,0.0,0.9,0.1,0.0,0.2,0.8,0.0,0.9,0.0,0.9,0.9,0.2,0.9,0.9,0.7,0.0,0.0,0.0,0.9,0.9,1.0,1.0,0.2,0.2,1.0,1.0,1.0,1.0,0.2222222222222222,0.2222222222222222,9,7,0.7,0.7777777777777778,0.9,0.0,0.7,0.0,1.0,0.0,1.0,0.7777777777777778,0.0,1.0,0.2110758272493174,0.0,0.2110758272493174,0.02110758272493174,0.2110758272493174,1.3850555632735935,0.1520702295790563,0.1520702295790563,0.0,0.9777777777777777,1.0333333333333334,0,0,0,7,C3R,0.0,0.0,0.023969262078590736,0.8,0.8,0.2,0.0,0.0,0.023969262078590736
phaseflip,phaseflip,0.03,1,0.75,10,qiskit_aer,1,1,0.9700000000000001,0.7167222222222223,0.37777777777777777,0.23333333333333334,0.0,1.0,1.0,0.0,0.029999999999999805,0.0,0.029999999999999805,0.029999999999999805,0.029999999999999805,0.029999999999999805,0.029999999999999805,1.0,0.0,1.0,0.0,0.0,0.0,0.0,0.0,-0.00015368960704553736,0.0,-0.00015368960704553736,-0.00015368960704553736,-0.00015368960704553736,-0.00015368960704553736,-0.00015368960704553736,0.0,1.0,0.0,0.0,0.0,0.0,0.0,1.0,-0.00015368960704553736,0.0,-0.00015368960704553736,-0.00015368960704553736,-0.00015368960704553736,-0.00015368960704553736,-0.00015368960704553736,0.0,1.0,0.0,0.0,0.0,0.0,0.0,1.0,0.0,0.030153689607045342,0.3015368960704534,0.030153689607045342,0.030153689607045342,-0.00015368960704553736,0.0,-0.00015368960704553736,-0.00015368960704553736,-0.00015368960704553736,-0.00015368960704553736,-0.00015368960704553736,0.0,1.0,0.0,0.0,0.0,0.0,0.0,1.0,0.0,0.030153689607045342,0.3015368960704534,0.030153689607045342,0.030153689607045342,-0.00015368960704553736,0.0,-0.00015368960704553736,-0.00015368960704553736,-0.00015368960704553736,-0.00015368960704553736,-0.00015368960704553736,0.0,1.0,0.0,0.0,0.0,0.0,0.0,1.0,0.0,0.030153689607045342,0.3015368960704534,0.030153689607045342,0.030153689607045342,-0.00015368960704553736,0.0,-0.00015368960704553736,-0.00015368960704553736,-0.00015368960704553736,-0.00015368960704553736,-0.00015368960704553736,0.0,1.0,0.0,0.0,0.0,0.0,0.0,1.0,0.0,0.030153689607045342,0.3015368960704534,0.030153689607045342,0.030153689607045342,1.0,1.0,1.0,1.0,1.0,0.0,1.0,0.0,0.0,1.0,0.0,0.0,1.0,0.0,0.0,1.0,0.0,0.0,1.0,0.0,1.0,1.0,1.0,1.0,1.0,0.0,0.0,0.0,0.0,1.0,1.0,1.0,1.0,1.0,1.0,1.0,1.0,1.0,1.0,1.0,1.0,10,0,0.0,0.0,1.0,0.0,0.0,0.0,0.0,0.0,0.0,0.0,0.0,1.0,0.0,0.0,0.0,0.0,0.0,1.283277785672176,0.1413323371266195,0.1413323371266195,0.0,0.48333333333333334,0.48333333333333334,0,0,0,0,C1,0.0,0.0,-0.00015368960704553736,0.0,0.0,1.0,0.0,0.0,-0.00015368960704553736
phaseflip,phaseflip,0.03,1,1.0,10,qiskit_aer,1,1,0.9700000000000001,0.9700000000000001,0.0,0.0,1.0,1.0,0.0,0.0,0.029999999999999805,0.0,0.029999999999999805,0.029999999999999805,0.029999999999999805,0.029999999999999805,0.029999999999999805,1.0,0.1,1.0,0.9,0.0,0.0,0.0,0.0,-0.00015368960704553736,0.0,-0.00015368960704553736,-0.00015368960704553736,-0.00015368960704553736,-0.00015368960704553736,-0.00015368960704553736,0.0,1.0,0.0,0.0,0.0,1.0,1.0,1.0,-0.00015368960704553736,0.0,-0.00015368960704553736,-0.00015368960704553736,-0.00015368960704553736,-0.00015368960704553736,-0.00015368960704553736,0.0,1.0,0.0,0.0,0.0,1.0,1.0,1.0,0.0,0.030153689607045342,0.3015368960704534,0.030153689607045342,0.030153689607045342,0.002861679353658997,0.009046106882113603,-0.00015368960704553736,-0.00015368960704553736,-0.00015368960704553736,-0.00015368960704553736,-0.00015368960704553736,0.1,1.0,0.1,0.0,0.0,0.9,0.9,0.9,0.0,0.027138320646340808,0.2713832064634081,0.030153689607045342,0.030153689607045342,0.002861679353658997,0.009046106882113603,-0.00015368960704553736,-0.00015368960704553736,-0.00015368960704553736,-0.00015368960704553736,-0.00015368960704553736,0.1,1.0,0.1,0.0,0.0,0.9,0.9,0.9,0.0,0.027138320646340808,0.2713832064634081,0.030153689607045342,0.030153689607045342,0.002861679353658997,0.009046106882113603,-0.00015368960704553736,-0.00015368960704553736,-0.00015368960704553736,-0.00015368960704553736,-0.00015368960704553736,0.1,1.0,0.1,0.0,0.0,0.9,0.9,0.9,0.0,0.027138320646340808,0.2713832064634081,0.030153689607045342,0.030153689607045342,1.0,1.0,0.9,0.9,0.9,0.0,1.0,0.0,1.0,0.9,1.0,1.0,0.9,1.0,1.0,0.9,1.0,1.0,0.9,0.1,0.9,0.9,0.9,0.9,0.9,0.0,0.0,0.0,0.0,0.9,0.9,1.0,1.0,1.0,0.9,1.0,1.0,1.0,1.0,1.0,1.0,9,0,0.0,0.0,0.9,0.0,0.0,0.0,0.0,0.0,0.0,0.0,0.0,1.0,0.0,0.0,0.0,0.0,0.0,0.8300000072383128,0.10768353839825145,0.10768353839825145,0.0,0.0,0.0,0,0,0,0,C2,0.0,0.0,0.002861679353658997,0.1,0.1,0.9,0.0,0.0,0.002861679353658997
phaseflip,phaseflip,0.03,2,0.25,10,qiskit_aer,1,1,0.94144,0.2039466666666667,0.9666666666666667,0.7722222222222223,0.0,1.0,1.0,0.0,0.05855999999999972,0.00044090815370086914,0.05819999999999981,0.05819999999999981,0.0590999999999996,0.05819999999999981,0.05819999999999981,1.0,0.5,1.0,0.0,0.0,0.0,0.0,0.0,0.02840631039295438,0.00044090815370086914,0.028046310392954465,0.028046310392954465,0.028946310392954255,0.028046310392954465,0.028046310392954465,1.0,1.0,0.0,0.0,0.0,0.0,0.0,1.0,0.04348315519647705,0.015083290397970479,0.04357315519647703,0.028271310392954413,0.05819999999999981,0.028046310392954465,0.028046310392954465,1.0,1.0,0.5,0.0,0.0,0.0,0.0,0.5,0.0,0.015076844803522671,0.1507684480352267,0.030153689607045342,0.030153689607045342,0.04348315519647705,0.015083290397970479,0.04357315519647703,0.028271310392954413,0.05819999999999981,0.028046310392954465,0.028046310392954465,1.0,1.0,0.5,0.0,0.0,0.0,0.0,0.5,0.0,0.015076844803522671,0.1507684480352267,0.030153689607045342,0.030153689607045342,0.04348315519647705,0.015083290397970479,0.04357315519647703,0.028271310392954413,0.05819999999999981,0.028046310392954465,0.028046310392954465,1.0,1.0,0.5,0.0,0.0,0.0,0.0,0.5,0.0,0.015076844803522671,0.1507684480352267,0.030153689607045342,0.030153689607045342,0.05855999999999972,0.00044090815370086914,0.05819999999999981,0.05819999999999981,0.0590999999999996,0.05819999999999981,0.05819999999999981,1.0,0.5,1.0,0.0,0.0,0.0,0.0,0.0,1.0830562955919185e-20,0.0,0.0,0.0,0.0,1.0,0.5,0.5,0.5,0.0,0.5,0.5,0.5,0.0,0.5,0.5,0.0,0.5,0.5,0.0,0.0,1.0,0.0,0.5,0.0,0.5,0.5,0.0,0.5,0.5,0.5,0.0,0.0,0.0,0.5,0.5,1.0,1.0,0.0,0.0,1.0,1.0,1.0,1.0,0.0,0.0,5,5,0.5,1.0,0.5,0.0,0.5,0.0,1.0,0.0,1.0,1.0,0.0,1.0,0.1507684480352267,0.0,0.1507684480352267,0.015076844803522671,0.1507684480352267,0.7960533338894766,1.0830562955919185e-20,1.0830562955919185e-20,0.0,1.0,1.5222222222222221,0,0,0,5,C3R,0.0,0.0,0.05855999999999972,1.0,1.0,0.0,0.0,0.0,0.05855999999999972
phaseflip,phaseflip,0.03,2,0.5,10,qiskit_aer,1,1,0.94144,0.39226666666666665,0.8222222222222222,0.5333333333333333,0.0,1.0,1.0,0.0,0.05855999999999972,0.00044090815370086914,0.05819999999999981,0.05819999999999981,0.0590999999999996,0.05819999999999981,0.05819999999999981,1.0,0.5,1.0,0.0,0.0,0.0,0.0,0.0,0.02840631039295438,0.00044090815370086914,0.028046310392954465,0.028046310392954465,0.028946310392954255,0.028046310392954465,0.028046310392954465,1.0,1.0,0.0,0.0,0.0,0.0,0.0,1.0,0.04348315519647705,0.015083290397970479,0.04357315519647703,0.028271310392954413,0.05819999999999981,0.028046310392954465,0.028046310392954465,1.0,1.0,0.5,0.0,0.0,0.0,0.0,0.5,0.0,0.015076844803522671,0.1507684480352267,0.030153689607045342,0.030153689607045342,0.04348315519647705,0.015083290397970479,0.04357315519647703,0.028271310392954413,0.05819999999999981,0.028046310392954465,0.028046310392954465,1.0,1.0,0.5,0.0,0.0,0.0,0.0,0.5,0.0,0.015076844803522671,0.1507684480352267,0.030153689607045342,0.030153689607045342,0.04348315519647705,0.015083290397970479,0.04357315519647703,0.028271310392954413,0.05819999999999981,0.028046310392954465,0.028046310392954465,1.0,1.0,0.5,0.0,0.0,0.0,0.0,0.5,0.0,0.015076844803522671,0.1507684480352267,0.030153689607045342,0.030153689607045342,0.05554463103929519,0.008875238095119638,0.05819999999999981,0.05819999999999981,0.05887499999999965,0.042110470716124754,0.028946310392954255,1.0,0.6,0.9,0.0,0.0,0.0,0.0,0.1,8.664450364735348e-21,0.003015368960704534,0.030153689607045342,0.016584529283874903,0.030153689607045342,1.0,0.5,0.5,0.5,0.1,0.4,0.5,0.5,0.0,0.5,0.5,0.0,0.5,0.5,0.0,0.1,0.9,0.0,0.5,0.0,0.5,0.5,0.1,0.5,0.5,0.4,0.0,0.0,0.0,0.5,0.5,1.0,1.0,0.2,0.1,1.0,1.0,1.0,1.0,0.2,0.2,5,4,0.4,0.8,0.5,0.0,0.4,0.0,1.0,0.0,1.0,0.8,0.0,1.0,0.12061475842818137,0.0,0.12061475842818137,0.012061475842818137,0.12061475842818137,0.6077333338623329,1.0830562955919185e-20,1.0830562955919185e-20,0.0,0.9777777777777777,1.0333333333333334,0,0,0,4,C3R,0.0,0.0,0.05554463103929519,0.9,1.0,0.1,0.0,0.0,0.05554463103929519
phaseflip,phaseflip,0.03,2,0.75,10,qiskit_aer,1,1,0.94144,0.6642422222222222,0.37777777777777777,0.23333333333333334,0.0,1.0,1.0,0.0,0.05855999999999972,0.00044090815370086914,0.05819999999999981,0.05819999999999981,0.0590999999999996,0.05819999999999981,0.05819999999999981,1.0,0.5,1.0,0.0,0.0,0.0,0.0,0.0,0.02840631039295438,0.00044090815370086914,0.028046310392954465,0.028046310392954465,0.028946310392954255,0.028046310392954465,0.028046310392954465,1.0,1.0,0.0,0.0,0.0,0.0,0.0,1.0,0.04348315519647705,0.015083290397970479,0.04357315519647703,0.028271310392954413,0.05819999999999981,0.028046310392954465,0.028046310392954465,1.0,1.0,0.5,0.0,0.0,0.0,0.0,0.5,0.0,0.015076844803522671,0.1507684480352267,0.030153689607045342,0.030153689607045342,0.04348315519647705,0.015083290397970479,0.04357315519647703,0.028271310392954413,0.05819999999999981,0.028046310392954465,0.028046310392954465,1.0,1.0,0.5,0.0,0.0,0.0,0.0,0.5,0.0,0.015076844803522671,0.1507684480352267,0.030153689607045342,0.030153689607045342,0.04348315519647705,0.015083290397970479,0.04357315519647703,0.028271310392954413,0.05819999999999981,0.028046310392954465,0.028046310392954465,1.0,1.0,0.5,0.0,0.0,0.0,0.0,0.5,0.0,0.015076844803522671,0.1507684480352267,0.030153689607045342,0.030153689607045342,0.04348315519647705,0.015083290397970479,0.04357315519647703,0.028271310392954413,0.05819999999999981,0.028046310392954465,0.028046310392954465,1.0,1.0,0.5,0.0,0.0,0.0,0.0,0.5,0.0,0.015076844803522671,0.1507684480352267,0.030153689607045342,0.030153689607045342,1.0,0.5,0.5,0.5,0.5,0.0,0.5,0.5,0.0,0.5,0.5,0.0,0.5,0.5,0.0,0.5,0.5,0.0,0.5,0.0,0.5,0.5,0.5,0.5,0.5,0.0,0.0,0.0,0.0,0.5,0.5,1.0,1.0,1.0,0.5,1.0,1.0,1.0,1.0,1.0,1.0,5,0,0.0,0.0,0.5,0.0,0.0,0.0,0.0,0.0,0.0,0.0,0.0,1.0,0.0,0.0,0.0,0.0,0.0,0.33575777833392106,1.0830562955919185e-20,1.0830562955919185e-20,0.0,0.48333333333333334,0.48333333333333334,0,0,0,0,C1,0.0,0.0,0.04348315519647705,0.5,1.0,0.5,0.0,0.0,0.04348315519647705
phaseflip,phaseflip,0.03,2,1.0,10,qiskit_aer,1,1,0.94144,0.94144,0.0,0.0,1.0,1.0,0.0,0.0,0.05855999999999972,0.00044090815370086914,0.05819999999999981,0.05819999999999981,0.0590999999999996,0.05819999999999981,0.05819999999999981,1.0,0.5,1.0,0.5,0.0,0.0,0.0,0.0,0.02840631039295438,0.00044090815370086914,0.028046310392954465,0.028046310392954465,0.028946310392954255,0.028046310392954465,0.028046310392954465,1.0,1.0,0.0,0.0,0.0,1.0,1.0,1.0,0.031421679353658916,0.009234882143275199,0.028046310392954465,0.028046310392954465,0.028946310392954255,0.028046310392954465,0.028046310392954465,1.0,1.0,0.1,0.0,0.0,0.9,0.9,0.9,0.0,0.027138320646340808,0.2713832064634081,0.030153689607045342,0.030153689607045342,0.04348315519647705,0.015083290397970479,0.04357315519647703,0.028271310392954413,0.05819999999999981,0.028046310392954465,0.028046310392954465,1.0,1.0,0.5,0.0,0.0,0.5,0.5,0.5,0.0,0.015076844803522671,0.1507684480352267,0.030153689607045342,0.030153689607045342,0.04348315519647705,0.015083290397970479,0.04357315519647703,0.028271310392954413,0.05819999999999981,0.028046310392954465,0.028046310392954465,1.0,1.0,0.5,0.0,0.0,0.5,0.5,0.5,0.0,0.015076844803522671,0.1507684480352267,0.030153689607045342,0.030153689607045342,0.04348315519647705,0.015083290397970479,0.04357315519647703,0.028271310392954413,0.05819999999999981,0.028046310392954465,0.028046310392954465,1.0,1.0,0.5,0.0,0.0,0.5,0.5,0.5,0.0,0.015076844803522671,0.1507684480352267,0.030153689607045342,0.030153689607045342,1.0,0.9,0.5,0.5,0.5,0.0,0.9,0.2,1.0,0.5,1.0,1.0,0.5,1.0,1.0,0.5,1.0,1.0,0.5,0.4,0.5,0.5,0.5,0.5,0.5,0.0,0.0,0.0,0.0,0.5,0.5,1.0,1.0,1.0,0.5,1.0,1.0,1.0,1.0,1.0,1.0,5,0,0.0,0.0,0.5,0.0,0.0,0.0,0.0,0.0,0.0,0.0,0.0,1.0,0.0,0.0,0.0,0.0,0.0,0.05856000055614334,1.0830562955919185e-20,1.0830562955919185e-20,0.0,0.0,0.0,0,0,0,0,C2,0.0,0.0,0.04348315519647705,0.5,1.0,0.5,0.0,0.0,0.04348315519647705
phaseflip,phaseflip,0.03,3,0.25,10,qiskit_aer,1,1,0.913816,0.19797556666666666,0.9555555555555555,0.7666666666666667,0.0,1.0,1.0,0.0,0.08618399999999984,0.0010277984238166223,0.08645399999999981,0.08514449999999987,0.08708849999999982,0.0847079999999999,0.0847079999999999,1.0,0.3,1.0,0.0,0.0,0.0,0.0,0.0,0.056030310392954495,0.0010277984238166223,0.05630031039295447,0.05499081039295453,0.05693481039295448,0.05455431039295455,0.05455431039295455,1.0,1.0,0.0,0.0,0.0,0.0,0.0,1.0,0.0650764172750681,0.012856660197609206,0.05714631039295448,0.05630031039295447,0.07781757759823854,0.05630031039295447,0.05630031039295447,1.0,1.0,0.3,0.0,0.0,0.0,0.0,0.7,0.0,0.02110758272493174,0.2110758272493174,0.030153689607045342,0.030153689607045342,0.0650764172750681,0.012856660197609206,0.05714631039295448,0.05630031039295447,0.07781757759823854,0.05630031039295447,0.05630031039295447,1.0,1.0,0.3,0.0,0.0,0.0,0.0,0.7,0.0,0.02110758272493174,0.2110758272493174,0.030153689607045342,0.030153689607045342,0.0650764172750681,0.012856660197609206,0.05714631039295448,0.05630031039295447,0.07781757759823854,0.05630031039295447,0.05630031039295447,1.0,1.0,0.3,0.0,0.0,0.0,0.0,0.7,0.0,0.02110758272493174,0.2110758272493174,0.030153689607045342,0.030153689607045342,0.08618399999999984,0.0010277984238166223,0.08645399999999981,0.08514449999999987,0.08708849999999982,0.0847079999999999,0.0847079999999999,1.0,0.3,1.0,0.0,0.0,0.0,0.0,0.0,1.5162788138286858e-20,0.0,0.0,0.0,0.0,1.0,0.7,0.7,0.7,0.0,0.7,0.7,0.3,0.0,0.7,0.3,0.0,0.7,0.3,0.0,0.0,1.0,0.0,0.7,0.0,0.7,0.7,0.0,0.7,0.7,0.7,0.0,0.0,0.0,0.7,0.7,1.0,1.0,0.0,0.0,1.0,1.0,1.0,1.0,0.0,0.0,7,7,0.7,1.0,0.7,0.0,0.7,0.0,1.0,0.0,1.0,1.0,0.0,1.0,0.2110758272493174,0.0,0.2110758272493174,0.02110758272493174,0.2110758272493174,1.202024433471461,1.5162788138286858e-20,1.5162788138286858e-20,0.0,1.0,1.5166666666666666,0,0,0,7,C3R,0.0,0.0,0.08618399999999984,1.0,1.0,0.0,0.0,0.0,0.08618399999999984
phaseflip,phaseflip,0.03,3,0.5,10,qiskit_aer,1,1,0.913816,0.3757174111111111,0.8,0.55,0.0,1.0,1.0,0.0,0.08618399999999984,0.0010277984238166223,0.08645399999999981,0.08514449999999987,0.08708849999999982,0.0847079999999999,0.0847079999999999,1.0,0.6,1.0,0.0,0.0,0.0,0.0,0.0,0.056030310392954495,0.0010277984238166223,0.05630031039295447,0.05499081039295453,0.05693481039295448,0.05455431039295455,0.05455431039295455,1.0,1.0,0.0,0.0,0.0,0.0,0.0,1.0,0.07412252415718171,0.014586362531666595,0.0847079999999999,0.05630031039295447,0.08665199999999984,0.05630031039295447,0.05630031039295447,1.0,1.0,0.6,0.0,0.0,0.0,0.0,0.4,0.0,0.012061475842818137,0.12061475842818137,0.030153689607045342,0.030153689607045342,0.07412252415718171,0.014586362531666595,0.0847079999999999,0.05630031039295447,0.08665199999999984,0.05630031039295447,0.05630031039295447,1.0,1.0,0.6,0.0,0.0,0.0,0.0,0.4,0.0,0.012061475842818137,0.12061475842818137,0.030153689607045342,0.030153689607045342,0.07412252415718171,0.014586362531666595,0.0847079999999999,0.05630031039295447,0.08665199999999984,0.05630031039295447,0.05630031039295447,1.0,1.0,0.6,0.0,0.0,0.0,0.0,0.4,0.0,0.012061475842818137,0.12061475842818137,0.030153689607045342,0.030153689607045342,0.08316863103929531,0.00901443953243033,0.08645399999999981,0.0847079999999999,0.08708849999999982,0.06908377071612491,0.05630031039295447,1.0,0.7,0.9,0.0,0.0,0.0,0.0,0.1,6.498337773551511e-21,0.003015368960704534,0.030153689607045342,0.016584529283874903,0.030153689607045342,1.0,0.4,0.4,0.4,0.1,0.3,0.4,0.6,0.0,0.4,0.6,0.0,0.4,0.6,0.0,0.1,0.9,0.0,0.4,0.0,0.4,0.4,0.1,0.4,0.4,0.3,0.0,0.0,0.0,0.4,0.4,1.0,1.0,0.3,0.1,1.0,1.0,1.0,1.0,0.25,0.25,4,3,0.3,0.75,0.4,0.0,0.3,0.0,1.0,0.0,1.0,0.75,0.0,1.0,0.09046106882113603,0.0,0.09046106882113603,0.009046106882113603,0.09046106882113603,0.424282589013584,8.664450364735348e-21,8.664450364735348e-21,0.0,0.9722222222222222,1.05,0,0,0,3,C3R,0.0,0.0,0.08316863103929531,0.9,1.0,0.1,0.0,0.0,0.08316863103929531
phaseflip,phaseflip,0.03,3,0.75,10,qiskit_aer,1,1,0.913816,0.6701428333333334,0.3888888888888889,0.23333333333333334,0.0,1.0,1.0,0.0,0.08618399999999984,0.0010277984238166223,0.08645399999999981,0.08514449999999987,0.08708849999999982,0.0847079999999999,0.0847079999999999,1.0,0.4,1.0,0.0,0.0,0.0,0.0,0.0,0.056030310392954495,0.0010277984238166223,0.05630031039295447,0.05499081039295453,0.05693481039295448,0.05455431039295455,0.05455431039295455,1.0,1.0,0.0,0.0,0.0,0.0,0.0,1.0,0.06809178623577264,0.01411741353310238,0.05714631039295448,0.05630031039295447,0.0847079999999999,0.05630031039295447,0.05630031039295447,1.0,1.0,0.4,0.0,0.0,0.0,0.0,0.6,0.0,0.018092213764227205,0.18092213764227205,0.030153689607045342,0.030153689607045342,0.06809178623577264,0.01411741353310238,0.05714631039295448,0.05630031039295447,0.0847079999999999,0.05630031039295447,0.05630031039295447,1.0,1.0,0.4,0.0,0.0,0.0,0.0,0.6,0.0,0.018092213764227205,0.18092213764227205,0.030153689607045342,0.030153689607045342,0.06809178623577264,0.01411741353310238,0.05714631039295448,0.05630031039295447,0.0847079999999999,0.05630031039295447,0.05630031039295447,1.0,1.0,0.4,0.0,0.0,0.0,0.0,0.6,0.0,0.018092213764227205,0.18092213764227205,0.030153689607045342,0.030153689607045342,0.06809178623577264,0.01411741353310238,0.05714631039295448,0.05630031039295447,0.0847079999999999,0.05630031039295447,0.05630031039295447,1.0,1.0,0.4,0.0,0.0,0.0,0.0,0.6,0.0,0.018092213764227205,0.18092213764227205,0.030153689607045342,0.030153689607045342,1.0,0.6,0.6,0.6,0.6,0.0,0.6,0.4,0.0,0.6,0.4,0.0,0.6,0.4,0.0,0.6,0.4,0.0,0.6,0.0,0.6,0.6,0.6,0.6,0.6,0.0,0.0,0.0,0.0,0.6,0.6,1.0,1.0,1.0,0.6,1.0,1.0,1.0,1.0,1.0,1.0,6,0,0.0,0.0,0.6,0.0,0.0,0.0,0.0,0.0,0.0,0.0,0.0,1.0,0.0,0.0,0.0,0.0,0.0,0.529857166808725,1.0105736601465647e-17,1.0105736601465647e-17,0.0,0.48333333333333334,0.48333333333333334,0,0,0,0,C1,0.0,0.0,0.06809178623577264,0.4,1.0,0.6,0.0,0.0,0.06809178623577264
phaseflip,phaseflip,0.03,3,1.0,10,qiskit_aer,1,1,0.913816,0.913816,0.0,0.0,1.0,1.0,0.0,0.0,0.08618399999999984,0.0010277984238166223,0.08645399999999981,0.08514449999999987,0.08708849999999982,0.0847079999999999,0.0847079999999999,1.0,0.3,1.0,0.7,0.0,0.0,0.0,0.0,0.056030310392954495,0.0010277984238166223,0.05630031039295447,0.05499081039295453,0.05693481039295448,0.05455431039295455,0.05455431039295455,1.0,1.0,0.0,0.0,0.0,1.0,1.0,1.0,0.056030310392954495,0.0010277984238166223,0.05630031039295447,0.05499081039295453,0.05693481039295448,0.05455431039295455,0.05455431039295455,1.0,1.0,0.0,0.0,0.0,1.0,1.0,1.0,0.0,0.030153689607045342,0.3015368960704534,0.030153689607045342,0.030153689607045342,0.0650764172750681,0.012856660197609206,0.05714631039295448,0.05630031039295447,0.07781757759823854,0.05630031039295447,0.05630031039295447,1.0,1.0,0.3,0.0,0.0,0.7,0.7,0.7,0.0,0.02110758272493174,0.2110758272493174,0.030153689607045342,0.030153689607045342,0.0650764172750681,0.012856660197609206,0.05714631039295448,0.05630031039295447,0.07781757759823854,0.05630031039295447,0.05630031039295447,1.0,1.0,0.3,0.0,0.0,0.7,0.7,0.7,0.0,0.02110758272493174,0.2110758272493174,0.030153689607045342,0.030153689607045342,0.0650764172750681,0.012856660197609206,0.05714631039295448,0.05630031039295447,0.07781757759823854,0.05630031039295447,0.05630031039295447,1.0,1.0,0.3,0.0,0.0,0.7,0.7,0.7,0.0,0.02110758272493174,0.2110758272493174,0.030153689607045342,0.030153689607045342,1.0,1.0,0.7,0.7,0.7,0.0,1.0,0.0,1.0,0.7,1.0,1.0,0.7,1.0,1.0,0.7,1.0,1.0,0.7,0.3,0.7,0.7,0.7,0.7,0.7,0.0,0.0,0.0,0.0,0.7,0.7,1.0,1.0,1.0,0.7,1.0,1.0,1.0,1.0,1.0,1.0,7,0,0.0,0.0,0.7,0.0,0.0,0.0,0.0,0.0,0.0,0.0,0.0,1.0,0.0,0.0,0.0,0.0,0.0,0.4861840001454164,1.0107902714056831e-17,1.0107902714056831e-17,0.0,0.0,0.0,0,0,0,0,C2,0.0,0.0,0.0650764172750681,0.3,1.0,0.7,0.0,0.0,0.0650764172750681
phaseflip,phaseflip,0.03,4,0.25,10,qiskit_aer,1,1,0.8874362680000001,0.18732970977777777,0.9555555555555555,0.7666666666666667,0.0,0.0,1.0,0.0,0.11256373199999978,0.0015976230304849519,0.1134103799999997,0.11216675999999981,0.11380799999999977,0.10962551999999981,0.10962551999999981,1.0,0.6,1.0,0.0,0.0,0.0,0.0,0.0,0.08241004239295444,0.0015976230304849519,0.08325669039295436,0.08201307039295447,0.08365431039295443,0.07947183039295447,0.07947183039295447,1.0,1.0,0.0,0.0,0.0,0.0,0.0,0.0,0.10050225615718164,0.01469623157484314,0.11089613999999981,0.08365431039295437,0.11280125999999974,0.08135394639295442,0.07947183039295447,1.0,1.0,0.6,0.0,0.0,0.0,0.0,0.0,0.0,0.012061475842818137,0.12061475842818137,0.030153689607045342,0.030153689607045342,0.10050225615718164,0.01469623157484314,0.11089613999999981,0.08365431039295437,0.11280125999999974,0.08135394639295442,0.07947183039295447,1.0,1.0,0.6,0.0,0.0,0.0,0.0,0.0,0.0,0.012061475842818137,0.12061475842818137,0.030153689607045342,0.030153689607045342,0.10050225615718164,0.01469623157484314,0.11089613999999981,0.08365431039295437,0.11280125999999974,0.08135394639295442,0.07947183039295447,1.0,1.0,0.6,0.0,0.0,0.0,0.0,0.0,0.0,0.012061475842818137,0.12061475842818137,0.030153689607045342,0.030153689607045342,0.11256373199999978,0.0015976230304849519,0.1134103799999997,0.11216675999999981,0.11380799999999977,0.10962551999999981,0.10962551999999981,1.0,0.6,1.0,0.0,0.0,0.0,0.0,0.0,7.431855200327517e-21,0.0,0.0,0.0,0.0,1.0,0.4,0.4,0.4,0.0,0.4,0.4,0.6,0.0,0.4,0.6,0.0,0.4,0.6,0.0,0.0,1.0,0.0,0.4,0.0,0.4,0.4,0.0,0.4,0.4,0.4,0.0,0.0,0.0,0.4,0.4,1.0,1.0,0.0,0.0,1.0,1.0,1.0,1.0,0.0,0.0,4,4,0.4,1.0,0.4,0.0,0.4,0.0,1.0,0.0,1.0,1.0,0.0,1.0,0.12061475842818137,0.0,0.12061475842818137,0.012061475842818137,0.12061475842818137,0.612670290273479,7.431855200327517e-21,7.431855200327517e-21,0.0,1.0,1.5166666666666666,0,0,0,4,C3R,0.0,0.0,0.11256373199999978,1.0,1.0,0.0,0.0,0.0,0.11256373199999978
phaseflip,phaseflip,0.03,4,0.5,10,qiskit_aer,1,1,0.8874362680000001,0.355039226,0.8,0.55,0.0,0.0,1.0,0.0,0.11256373199999978,0.0015976230304849519,0.1134103799999997,0.11216675999999981,0.11380799999999977,0.10962551999999981,0.10962551999999981,1.0,0.5,1.0,0.0,0.0,0.0,0.0,0.0,0.08241004239295444,0.0015976230304849519,0.08325669039295436,0.08201307039295447,0.08365431039295443,0.07947183039295447,0.07947183039295447,1.0,1.0,0.0,0.0,0.0,0.0,0.0,0.0,0.0974868871964771,0.01558176045895122,0.09791053519647713,0.08365431039295435,0.11280125999999974,0.07947183039295447,0.07947183039295447,1.0,1.0,0.5,0.0,0.0,0.0,0.0,0.0,0.0,0.015076844803522671,0.1507684480352267,0.030153689607045342,0.030153689607045342,0.0974868871964771,0.01558176045895122,0.09791053519647713,0.08365431039295435,0.11280125999999974,0.07947183039295447,0.07947183039295447,1.0,1.0,0.5,0.0,0.0,0.0,0.0,0.0,0.0,0.015076844803522671,0.1507684480352267,0.030153689607045342,0.030153689607045342,0.0974868871964771,0.01558176045895122,0.09791053519647713,0.08365431039295435,0.11280125999999974,0.07947183039295447,0.07947183039295447,1.0,1.0,0.5,0.0,0.0,0.0,0.0,0.0,0.0,0.015076844803522671,0.1507684480352267,0.030153689607045342,0.030153689607045342,0.10653299407859071,0.01257963954857074,0.11258975999999976,0.11026082999999981,0.11380799999999977,0.08135394639295442,0.07947183039295447,1.0,0.7,0.8,0.0,0.0,0.0,0.0,0.0,5.26574260914368e-21,0.006030737921409068,0.060307379214090684,0.030153689607045342,0.030153689607045342,1.0,0.5,0.5,0.5,0.2,0.3,0.5,0.5,0.0,0.5,0.5,0.0,0.5,0.5,0.0,0.2,0.8,0.0,0.5,0.0,0.5,0.5,0.2,0.5,0.5,0.3,0.0,0.0,0.0,0.5,0.5,1.0,1.0,0.3,0.2,1.0,1.0,1.0,1.0,0.4,0.4,5,3,0.3,0.6,0.5,0.0,0.3,0.0,1.0,0.0,1.0,0.6,0.0,1.0,0.09046106882113603,0.0,0.09046106882113603,0.009046106882113603,0.09046106882113603,0.6449607740457989,9.597967791511354e-21,9.597967791511354e-21,0.0,0.9722222222222222,1.05,0,0,0,3,C3R,0.0,0.0,0.10653299407859071,0.8,1.0,0.2,0.0,0.0,0.10653299407859071
phaseflip,phaseflip,0.03,4,0.75,10,qiskit_aer,1,1,0.8874362680000001,0.6310328617777777,0.3888888888888889,0.23333333333333334,0.0,0.0,1.0,0.0,0.11256373199999978,0.0015976230304849519,0.1134103799999997,0.11216675999999981,0.11380799999999977,0.10962551999999981,0.10962551999999981,1.0,0.4,1.0,0.0,0.0,0.0,0.0,0.0,0.08241004239295444,0.0015976230304849519,0.08325669039295436,0.08201307039295447,0.08365431039295443,0.07947183039295447,0.07947183039295447,1.0,1.0,0.0,0.0,0.0,0.0,0.0,0.0,0.09447151823577257,0.015365312984937627,0.0836543103929544,0.08242338039295444,0.11280125999999974,0.07947183039295447,0.07947183039295447,1.0,1.0,0.4,0.0,0.0,0.0,0.0,0.0,0.0,0.018092213764227205,0.18092213764227205,0.030153689607045342,0.030153689607045342,0.09447151823577257,0.015365312984937627,0.0836543103929544,0.08242338039295444,0.11280125999999974,0.07947183039295447,0.07947183039295447,1.0,1.0,0.4,0.0,0.0,0.0,0.0,0.0,0.0,0.018092213764227205,0.18092213764227205,0.030153689607045342,0.030153689607045342,0.09447151823577257,0.015365312984937627,0.0836543103929544,0.08242338039295444,0.11280125999999974,0.07947183039295447,0.07947183039295447,1.0,1.0,0.4,0.0,0.0,0.0,0.0,0.0,0.0,0.018092213764227205,0.18092213764227205,0.030153689607045342,0.030153689607045342,0.09447151823577257,0.015365312984937627,0.0836543103929544,0.08242338039295444,0.11280125999999974,0.07947183039295447,0.07947183039295447,1.0,1.0,0.4,0.0,0.0,0.0,0.0,0.0,0.0,0.018092213764227205,0.18092213764227205,0.030153689607045342,0.030153689607045342,1.0,0.6,0.6,0.6,0.6,0.0,0.6,0.4,0.0,0.6,0.4,0.0,0.6,0.4,0.0,0.6,0.4,0.0,0.6,0.0,0.6,0.6,0.6,0.6,0.6,0.0,0.0,0.0,0.0,0.6,0.6,1.0,1.0,1.0,0.6,1.0,1.0,1.0,1.0,1.0,1.0,6,0,0.0,0.0,0.6,0.0,0.0,0.0,0.0,0.0,0.0,0.0,0.0,1.0,0.0,0.0,0.0,0.0,0.0,0.5689671382676778,9.298890053879528e-21,9.298890053879528e-21,0.0,0.48333333333333334,0.48333333333333334,0,0,0,0,C1,0.0,0.0,0.09447151823577257,0.4,1.0,0.6,0.0,0.0,0.09447151823577257
phaseflip,phaseflip,0.03,4,1.0,10,qiskit_aer,1,1,0.8874362680000001,0.8874362680000001,0.0,0.0,0.0,0.0,0.0,0.0,0.11256373199999978,0.0015976230304849519,0.1134103799999997,0.11216675999999981,0.11380799999999977,0.10962551999999981,0.10962551999999981,1.0,0.5,1.0,0.0,0.0,0.0,0.0,0.0,0.08241004239295444,0.0015976230304849519,0.08325669039295436,0.08201307039295447,0.08365431039295443,0.07947183039295447,0.07947183039295447,1.0,1.0,0.0,0.0,0.0,0.0,0.0,0.0,0.0974868871964771,0.01558176045895122,0.09791053519647713,0.08365431039295435,0.11280125999999974,0.07947183039295447,0.07947183039295447,1.0,1.0,0.5,0.0,0.0,0.0,0.0,0.0,0.0,0.015076844803522671,0.1507684480352267,0.030153689607045342,0.030153689607045342,0.0974868871964771,0.01558176045895122,0.09791053519647713,0.08365431039295435,0.11280125999999974,0.07947183039295447,0.07947183039295447,1.0,1.0,0.5,0.0,0.0,0.0,0.0,0.0,0.0,0.015076844803522671,0.1507684480352267,0.030153689607045342,0.030153689607045342,0.0974868871964771,0.01558176045895122,0.09791053519647713,0.08365431039295435,0.11280125999999974,0.07947183039295447,0.07947183039295447,1.0,1.0,0.5,0.0,0.0,0.0,0.0,0.0,0.0,0.015076844803522671,0.1507684480352267,0.030153689607045342,0.030153689607045342,0.0974868871964771,0.01558176045895122,0.09791053519647713,0.08365431039295435,0.11280125999999974,0.07947183039295447,0.07947183039295447,1.0,1.0,0.5,0.0,0.0,0.0,0.0,0.0,0.0,0.015076844803522671,0.1507684480352267,0.030153689607045342,0.030153689607045342,1.0,0.5,0.5,0.5,0.5,0.0,0.5,0.5,0.0,0.5,0.5,0.0,0.5,0.5,0.0,0.5,0.5,0.0,0.5,0.0,0.5,0.5,0.5,0.5,0.5,0.0,0.0,0.0,0.0,0.5,0.5,1.0,1.0,1.0,0.5,1.0,1.0,1.0,1.0,1.0,1.0,5,0,0.0,0.0,0.5,0.0,0.0,0.0,0.0,0.0,0.0,0.0,0.0,1.0,0.0,0.0,0.0,0.0,0.0,0.11256373204496702,1.0830562955919185e-20,1.0830562955919185e-20,0.0,0.0,0.0,0,0,0,0,C1,0.0,0.0,0.0974868871964771,0.5,1.0,0.5,0.0,0.0,0.0974868871964771
phaseflip,phaseflip,0.05,1,0.25,10,qiskit_aer,1,1,0.9499999999999998,0.2111111111111111,0.9666666666666667,0.7722222222222223,0.0,1.0,1.0,0.0,0.04999999999999971,0.0,0.04999999999999971,0.04999999999999971,0.04999999999999971,0.04999999999999971,0.04999999999999971,1.0,0.2,1.0,0.0,0.0,0.0,0.0,0.0,0.01984631039295437,0.0,0.01984631039295437,0.01984631039295437,0.01984631039295437,0.01984631039295437,0.01984631039295437,1.0,1.0,0.0,0.0,0.0,0.0,0.0,1.0,0.025877048314363438,0.012061475842818137,0.01984631039295437,0.01984631039295437,0.01984631039295437,0.01984631039295437,0.01984631039295437,1.0,1.0,0.2,0.0,0.0,0.0,0.0,0.8,0.0,0.024122951685636274,0.24122951685636274,0.030153689607045342,0.030153689607045342,0.025877048314363438,0.012061475842818137,0.01984631039295437,0.01984631039295437,0.01984631039295437,0.01984631039295437,0.01984631039295437,1.0,1.0,0.2,0.0,0.0,0.0,0.0,0.8,0.0,0.024122951685636274,0.24122951685636274,0.030153689607045342,0.030153689607045342,0.025877048314363438,0.012061475842818137,0.01984631039295437,0.01984631039295437,0.01984631039295437,0.01984631039295437,0.01984631039295437,1.0,1.0,0.2,0.0,0.0,0.0,0.0,0.8,0.0,0.024122951685636274,0.24122951685636274,0.030153689607045342,0.030153689607045342,0.04999999999999971,0.0,0.04999999999999971,0.04999999999999971,0.04999999999999971,0.04999999999999971,0.04999999999999971,1.0,0.2,1.0,0.0,0.0,0.0,0.0,0.0,0.17498113585498745,0.0,0.0,0.0,0.0,1.0,0.8,0.8,0.8,0.0,0.8,0.8,0.2,0.0,0.8,0.2,0.0,0.8,0.2,0.0,0.0,1.0,0.0,0.8,0.0,0.8,0.8,0.0,0.8,0.8,0.8,0.0,0.0,0.0,0.8,0.8,1.0,1.0,0.0,0.0,1.0,1.0,1.0,1.0,0.0,0.0,8,8,0.8,1.0,0.8,0.0,0.8,0.0,1.0,0.0,1.0,1.0,0.0,1.0,0.24122951685636274,0.0,0.24122951685636274,0.024122951685636274,0.24122951685636274,1.38888889034869,0.17498113585498745,0.17498113585498745,0.0,1.0,1.5222222222222221,0,0,0,8,C3R,0.0,0.0,0.04999999999999971,1.0,1.0,0.0,0.0,0.0,0.04999999999999971
phaseflip,phaseflip,0.05,1,0.5,10,qiskit_aer,1,1,0.9499999999999998,0.4063888888888889,0.8222222222222222,0.5333333333333333,0.0,1.0,1.0,0.0,0.04999999999999971,0.0,0.04999999999999971,0.04999999999999971,0.04999999999999971,0.04999999999999971,0.04999999999999971,1.0,0.2,1.0,0.0,0.0,0.0,0.0,0.0,0.01984631039295437,0.0,0.01984631039295437,0.01984631039295437,0.01984631039295437,0.01984631039295437,0.01984631039295437,1.0,1.0,0.0,0.0,0.0,0.0,0.0,1.0,0.025877048314363438,0.012061475842818137,0.01984631039295437,0.01984631039295437,0.01984631039295437,0.01984631039295437,0.01984631039295437,1.0,1.0,0.2,0.0,0.0,0.0,0.0,0.8,0.0,0.024122951685636274,0.24122951685636274,0.030153689607045342,0.030153689607045342,0.025877048314363438,0.012061475842818137,0.01984631039295437,0.01984631039295437,0.01984631039295437,0.01984631039295437,0.01984631039295437,1.0,1.0,0.2,0.0,0.0,0.0,0.0,0.8,0.0,0.024122951685636274,0.24122951685636274,0.030153689607045342,0.030153689607045342,0.025877048314363438,0.012061475842818137,0.01984631039295437,0.01984631039295437,0.01984631039295437,0.01984631039295437,0.01984631039295437,1.0,1.0,0.2,0.0,0.0,0.0,0.0,0.8,0.0,0.024122951685636274,0.24122951685636274,0.030153689607045342,0.030153689607045342,0.04396926207859064,0.012061475842818137,0.04999999999999971,0.04999999999999971,0.04999999999999971,0.01984631039295437,0.01984631039295437,1.0,0.4,0.8,0.0,0.0,0.0,0.0,0.2,0.08816428214880846,0.006030737921409068,0.060307379214090684,0.030153689607045342,0.030153689607045342,1.0,0.8,0.8,0.8,0.2,0.6,0.8,0.2,0.0,0.8,0.2,0.0,0.8,0.2,0.0,0.2,0.8,0.0,0.8,0.0,0.8,0.8,0.2,0.8,0.8,0.6,0.0,0.0,0.0,0.8,0.8,1.0,1.0,0.2,0.2,1.0,1.0,1.0,1.0,0.25,0.25,8,6,0.6,0.75,0.8,0.0,0.6,0.0,1.0,0.0,1.0,0.75,0.0,1.0,0.18092213764227205,0.0,0.18092213764227205,0.018092213764227205,0.18092213764227205,1.1936111125345876,0.15815673649080345,0.15815673649080345,0.0,0.9777777777777777,1.0333333333333334,0,0,0,6,C3R,0.0,0.0,0.04396926207859064,0.8,1.0,0.2,0.0,0.0,0.04396926207859064
phaseflip,phaseflip,0.05,1,0.75,10,qiskit_aer,1,1,0.9499999999999998,0.6913888888888888,0.37777777777777777,0.23333333333333334,0.0,1.0,1.0,0.0,0.04999999999999971,0.0,0.04999999999999971,0.04999999999999971,0.04999999999999971,0.04999999999999971,0.04999999999999971,1.0,0.2,1.0,0.0,0.0,0.0,0.0,0.0,0.01984631039295437,0.0,0.01984631039295437,0.01984631039295437,0.01984631039295437,0.01984631039295437,0.01984631039295437,1.0,1.0,0.0,0.0,0.0,0.0,0.0,1.0,0.025877048314363438,0.012061475842818137,0.01984631039295437,0.01984631039295437,0.01984631039295437,0.01984631039295437,0.01984631039295437,1.0,1.0,0.2,0.0,0.0,0.0,0.0,0.8,0.0,0.024122951685636274,0.24122951685636274,0.030153689607045342,0.030153689607045342,0.025877048314363438,0.012061475842818137,0.01984631039295437,0.01984631039295437,0.01984631039295437,0.01984631039295437,0.01984631039295437,1.0,1.0,0.2,0.0,0.0,0.0,0.0,0.8,0.0,0.024122951685636274,0.24122951685636274,0.030153689607045342,0.030153689607045342,0.025877048314363438,0.012061475842818137,0.01984631039295437,0.01984631039295437,0.01984631039295437,0.01984631039295437,0.01984631039295437,1.0,1.0,0.2,0.0,0.0,0.0,0.0,0.8,0.0,0.024122951685636274,0.24122951685636274,0.030153689607045342,0.030153689607045342,0.025877048314363438,0.012061475842818137,0.01984631039295437,0.01984631039295437,0.01984631039295437,0.01984631039295437,0.01984631039295437,1.0,1.0,0.2,0.0,0.0,0.0,0.0,0.8,0.0,0.024122951685636274,0.24122951685636274,0.030153689607045342,0.030153689607045342,1.0,0.8,0.8,0.8,0.8,0.0,0.8,0.2,0.0,0.8,0.2,0.0,0.8,0.2,0.0,0.8,0.2,0.0,0.8,0.0,0.8,0.8,0.8,0.8,0.8,0.0,0.0,0.0,0.0,0.8,0.8,1.0,1.0,1.0,0.8,1.0,1.0,1.0,1.0,1.0,1.0,8,0,0.0,0.0,0.8,0.0,0.0,0.0,0.0,0.0,0.0,0.0,0.0,1.0,0.0,0.0,0.0,0.0,0.0,0.9086111125345877,0.15815673649080345,0.15815673649080345,0.0,0.48333333333333334,0.48333333333333334,0,0,0,0,C1,0.0,0.0,0.025877048314363438,0.2,1.0,0.8,0.0,0.0,0.025877048314363438
phaseflip,phaseflip,0.05,1,1.0,10,qiskit_aer,1,1,0.9499999999999998,0.9499999999999998,0.0,0.0,1.0,1.0,0.0,0.0,0.04999999999999971,0.0,0.04999999999999971,0.04999999999999971,0.04999999999999971,0.04999999999999971,0.04999999999999971,1.0,0.2,1.0,0.8,0.0,0.0,0.0,0.0,0.01984631039295437,0.0,0.01984631039295437,0.01984631039295437,0.01984631039295437,0.01984631039295437,0.01984631039295437,1.0,1.0,0.0,0.0,0.0,1.0,1.0,1.0,0.01984631039295437,0.0,0.01984631039295437,0.01984631039295437,0.01984631039295437,0.01984631039295437,0.01984631039295437,1.0,1.0,0.0,0.0,0.0,1.0,1.0,1.0,0.0,0.030153689607045342,0.3015368960704534,0.030153689607045342,0.030153689607045342,0.025877048314363438,0.012061475842818137,0.01984631039295437,0.01984631039295437,0.01984631039295437,0.01984631039295437,0.01984631039295437,1.0,1.0,0.2,0.0,0.0,0.8,0.8,0.8,0.0,0.024122951685636274,0.24122951685636274,0.030153689607045342,0.030153689607045342,0.025877048314363438,0.012061475842818137,0.01984631039295437,0.01984631039295437,0.01984631039295437,0.01984631039295437,0.01984631039295437,1.0,1.0,0.2,0.0,0.0,0.8,0.8,0.8,0.0,0.024122951685636274,0.24122951685636274,0.030153689607045342,0.030153689607045342,0.025877048314363438,0.012061475842818137,0.01984631039295437,0.01984631039295437,0.01984631039295437,0.01984631039295437,0.01984631039295437,1.0,1.0,0.2,0.0,0.0,0.8,0.8,0.8,0.0,0.024122951685636274,0.24122951685636274,0.030153689607045342,0.030153689607045342,1.0,1.0,0.8,0.8,0.8,0.0,1.0,0.0,1.0,0.8,1.0,1.0,0.8,1.0,1.0,0.8,1.0,1.0,0.8,0.2,0.8,0.8,0.8,0.8,0.8,0.0,0.0,0.0,0.0,0.8,0.8,1.0,1.0,1.0,0.8,1.0,1.0,1.0,1.0,1.0,1.0,8,0,0.0,0.0,0.8,0.0,0.0,0.0,0.0,0.0,0.0,0.0,0.0,1.0,0.0,0.0,0.0,0.0,0.0,0.6500000014234767,0.15815673649080345,0.15815673649080345,0.0,0.0,0.0,0,0,0,0,C2,0.0,0.0,0.025877048314363438,0.2,1.0,0.8,0.0,0.0,0.025877048314363438
phaseflip,phaseflip,0.05,2,0.25,10,qiskit_aer,1,1,0.9039999999999999,0.1857222222222222,0.9666666666666667,0.7722222222222223,0.0,1.0,1.0,0.0,0.0959999999999998,0.0012247448713915085,0.09499999999999986,0.09499999999999986,0.0974999999999997,0.09499999999999986,0.09499999999999986,1.0,0.8,1.0,0.0,0.0,0.0,0.0,0.0,0.06584631039295445,0.0012247448713915085,0.06484631039295452,0.06484631039295452,0.06734631039295436,0.06484631039295452,0.06484631039295452,1.0,1.0,0.0,0.0,0.0,0.0,0.0,1.0,0.08996926207859073,0.01135284042619552,0.09499999999999986,0.09499999999999986,0.09499999999999986,0.06734631039295436,0.06734631039295436,1.0,1.0,0.8,0.0,0.0,0.0,0.0,0.2,0.0,0.006030737921409068,0.060307379214090684,0.030153689607045342,0.030153689607045342,0.08996926207859073,0.01135284042619552,0.09499999999999986,0.09499999999999986,0.09499999999999986,0.06734631039295436,0.06734631039295436,1.0,1.0,0.8,0.0,0.0,0.0,0.0,0.2,0.0,0.006030737921409068,0.060307379214090684,0.030153689607045342,0.030153689607045342,0.08996926207859073,0.01135284042619552,0.09499999999999986,0.09499999999999986,0.09499999999999986,0.06734631039295436,0.06734631039295436,1.0,1.0,0.8,0.0,0.0,0.0,0.0,0.2,0.0,0.006030737921409068,0.060307379214090684,0.030153689607045342,0.030153689607045342,0.0959999999999998,0.0012247448713915085,0.09499999999999986,0.09499999999999986,0.0974999999999997,0.09499999999999986,0.09499999999999986,1.0,0.8,1.0,0.0,0.0,0.0,0.0,0.0,0.01914153369324158,0.0,0.0,0.0,0.0,1.0,0.2,0.2,0.2,0.0,0.2,0.2,0.8,0.0,0.2,0.8,0.0,0.2,0.8,0.0,0.0,1.0,0.0,0.2,0.0,0.2,0.2,0.0,0.2,0.2,0.2,0.0,0.0,0.0,0.2,0.2,1.0,1.0,0.0,0.0,1.0,1.0,1.0,1.0,0.0,0.0,2,2,0.2,1.0,0.2,0.0,0.2,0.0,1.0,0.0,1.0,1.0,0.0,1.0,0.060307379214090684,0.0,0.060307379214090684,0.006030737921409068,0.060307379214090684,0.2142777779072934,0.01914153369324158,0.01914153369324158,0.0,1.0,1.5222222222222221,0,0,0,2,C3R,0.0,0.0,0.0959999999999998,1.0,1.0,0.0,0.0,0.0,0.0959999999999998
phaseflip,phaseflip,0.05,2,0.5,10,qiskit_aer,1,1,0.9039999999999999,0.3515277777777778,0.8222222222222222,0.5333333333333333,0.0,1.0,1.0,0.0,0.0959999999999998,0.0012247448713915085,0.09499999999999986,0.09499999999999986,0.0974999999999997,0.09499999999999986,0.09499999999999986,1.0,0.8,1.0,0.0,0.0,0.0,0.0,0.0,0.06584631039295445,0.0012247448713915085,0.06484631039295452,0.06484631039295452,0.06734631039295436,0.06484631039295452,0.06484631039295452,1.0,1.0,0.0,0.0,0.0,0.0,0.0,1.0,0.08996926207859073,0.01135284042619552,0.09499999999999986,0.09499999999999986,0.09499999999999986,0.06734631039295436,0.06734631039295436,1.0,1.0,0.8,0.0,0.0,0.0,0.0,0.2,0.0,0.006030737921409068,0.060307379214090684,0.030153689607045342,0.030153689607045342,0.08996926207859073,0.01135284042619552,0.09499999999999986,0.09499999999999986,0.09499999999999986,0.06734631039295436,0.06734631039295436,1.0,1.0,0.8,0.0,0.0,0.0,0.0,0.2,0.0,0.006030737921409068,0.060307379214090684,0.030153689607045342,0.030153689607045342,0.08996926207859073,0.01135284042619552,0.09499999999999986,0.09499999999999986,0.09499999999999986,0.06734631039295436,0.06734631039295436,1.0,1.0,0.8,0.0,0.0,0.0,0.0,0.2,0.0,0.006030737921409068,0.060307379214090684,0.030153689607045342,0.030153689607045342,0.0959999999999998,0.0012247448713915085,0.09499999999999986,0.09499999999999986,0.0974999999999997,0.09499999999999986,0.09499999999999986,1.0,0.8,1.0,0.0,0.0,0.0,0.0,0.0,0.00556297854266948,0.0,0.0,0.0,0.0,1.0,0.2,0.2,0.2,0.0,0.2,0.2,0.8,0.0,0.2,0.8,0.0,0.2,0.8,0.0,0.0,1.0,0.0,0.2,0.0,0.2,0.2,0.0,0.2,0.2,0.2,0.0,0.0,0.0,0.2,0.2,1.0,1.0,0.2,0.0,1.0,1.0,1.0,1.0,0.0,0.0,2,2,0.2,1.0,0.2,0.0,0.2,0.0,1.0,0.0,1.0,1.0,0.0,1.0,0.060307379214090684,0.0,0.060307379214090684,0.006030737921409068,0.060307379214090684,0.04847222234826673,0.00556297854266948,0.00556297854266948,0.0,0.9777777777777777,1.0333333333333334,0,0,0,2,C3R,0.0,0.0,0.0959999999999998,1.0,1.0,0.0,0.0,0.0,0.0959999999999998
phaseflip,phaseflip,0.05,2,0.75,10,qiskit_aer,1,1,0.9039999999999999,0.6177499999999999,0.37777777777777777,0.23333333333333334,0.0,1.0,1.0,0.0,0.0959999999999998,0.0012247448713915085,0.09499999999999986,0.09499999999999986,0.0974999999999997,0.09499999999999986,0.09499999999999986,1.0,0.8,1.0,0.0,0.0,0.0,0.0,0.0,0.06584631039295445,0.0012247448713915085,0.06484631039295452,0.06484631039295452,0.06734631039295436,0.06484631039295452,0.06484631039295452,1.0,1.0,0.0,0.0,0.0,0.0,0.0,1.0,0.08996926207859073,0.01135284042619552,0.09499999999999986,0.09499999999999986,0.09499999999999986,0.06734631039295436,0.06734631039295436,1.0,1.0,0.8,0.0,0.0,0.0,0.0,0.2,0.0,0.006030737921409068,0.060307379214090684,0.030153689607045342,0.030153689607045342,0.08996926207859073,0.01135284042619552,0.09499999999999986,0.09499999999999986,0.09499999999999986,0.06734631039295436,0.06734631039295436,1.0,1.0,0.8,0.0,0.0,0.0,0.0,0.2,0.0,0.006030737921409068,0.060307379214090684,0.030153689607045342,0.030153689607045342,0.08996926207859073,0.01135284042619552,0.09499999999999986,0.09499999999999986,0.09499999999999986,0.06734631039295436,0.06734631039295436,1.0,1.0,0.8,0.0,0.0,0.0,0.0,0.2,0.0,0.006030737921409068,0.060307379214090684,0.030153689607045342,0.030153689607045342,0.08996926207859073,0.01135284042619552,0.09499999999999986,0.09499999999999986,0.09499999999999986,0.06734631039295436,0.06734631039295436,1.0,1.0,0.8,0.0,0.0,0.0,0.0,0.2,0.0,0.006030737921409068,0.060307379214090684,0.030153689607045342,0.030153689607045342,1.0,0.2,0.2,0.2,0.2,0.0,0.2,0.8,0.0,0.2,0.8,0.0,0.2,0.8,0.0,0.2,0.8,0.0,0.2,0.0,0.2,0.2,0.2,0.2,0.2,0.0,0.0,0.0,0.0,0.2,0.2,1.0,1.0,1.0,0.2,1.0,1.0,1.0,1.0,1.0,1.0,2,0,0.0,0.0,0.2,0.0,0.0,0.0,0.0,0.0,0.0,0.0,0.0,1.0,0.0,0.0,0.0,0.0,0.0,-0.2177499998732057,0.008495877083870586,0.008495877083870586,0.0,0.48333333333333334,0.48333333333333334,0,0,0,0,C1,0.0,0.0,0.08996926207859073,0.8,1.0,0.2,0.0,0.0,0.08996926207859073
phaseflip,phaseflip,0.05,2,1.0,10,qiskit_aer,1,1,0.9039999999999999,0.9039999999999999,0.0,0.0,1.0,1.0,0.0,0.0,0.0959999999999998,0.0012247448713915085,0.09499999999999986,0.09499999999999986,0.0974999999999997,0.09499999999999986,0.09499999999999986,1.0,0.8,1.0,0.2,0.0,0.0,0.0,0.0,0.06584631039295445,0.0012247448713915085,0.06484631039295452,0.06484631039295452,0.06734631039295436,0.06484631039295452,0.06484631039295452,1.0,1.0,0.0,0.0,0.0,1.0,1.0,1.0,0.06584631039295445,0.0012247448713915085,0.06484631039295452,0.06484631039295452,0.06734631039295436,0.06484631039295452,0.06484631039295452,1.0,1.0,0.0,0.0,0.0,1.0,1.0,1.0,0.0,0.030153689607045342,0.3015368960704534,0.030153689607045342,0.030153689607045342,0.08996926207859073,0.01135284042619552,0.09499999999999986,0.09499999999999986,0.09499999999999986,0.06734631039295436,0.06734631039295436,1.0,1.0,0.8,0.0,0.0,0.2,0.2,0.2,0.0,0.006030737921409068,0.060307379214090684,0.030153689607045342,0.030153689607045342,0.08996926207859073,0.01135284042619552,0.09499999999999986,0.09499999999999986,0.09499999999999986,0.06734631039295436,0.06734631039295436,1.0,1.0,0.8,0.0,0.0,0.2,0.2,0.2,0.0,0.006030737921409068,0.060307379214090684,0.030153689607045342,0.030153689607045342,0.08996926207859073,0.01135284042619552,0.09499999999999986,0.09499999999999986,0.09499999999999986,0.06734631039295436,0.06734631039295436,1.0,1.0,0.8,0.0,0.0,0.2,0.2,0.2,0.0,0.006030737921409068,0.060307379214090684,0.030153689607045342,0.030153689607045342,1.0,1.0,0.2,0.2,0.2,0.0,1.0,0.0,1.0,0.2,1.0,1.0,0.2,1.0,1.0,0.2,1.0,1.0,0.2,0.8,0.2,0.2,0.2,0.2,0.2,0.0,0.0,0.0,0.0,0.2,0.2,1.0,1.0,1.0,0.2,1.0,1.0,1.0,1.0,1.0,1.0,2,0,0.0,0.0,0.2,0.0,0.0,0.0,0.0,0.0,0.0,0.0,0.0,1.0,0.0,0.0,0.0,0.0,0.0,-0.5039999998726238,0.00556297854266948,0.00556297854266948,0.0,0.0,0.0,0,0,0,0,C2,0.0,0.0,0.08996926207859073,0.8,1.0,0.2,0.0,0.0,0.08996926207859073
phaseflip,phaseflip,0.05,3,0.25,10,qiskit_aer,1,1,0.8604999999999999,0.18639305555555555,0.9555555555555555,0.7666666666666667,0.0,0.0,1.0,0.0,0.13949999999999982,0.002779388421937513,0.14024999999999987,0.13668749999999977,0.14193749999999986,0.13549999999999973,0.13549999999999973,1.0,0.5,1.0,0.0,0.0,0.0,0.0,0.0,0.10934631039295448,0.002779388421937513,0.11009631039295453,0.10653381039295443,0.11178381039295451,0.10534631039295439,0.10534631039295439,1.0,1.0,0.0,0.0,0.0,0.0,0.0,0.0,0.12442315519647715,0.01310394982647265,0.12392315519647712,0.11234631039295451,0.13549999999999973,0.11009631039295453,0.11009631039295453,1.0,1.0,0.5,0.0,0.0,0.0,0.0,0.0,0.0,0.015076844803522671,0.1507684480352267,0.030153689607045342,0.030153689607045342,0.12442315519647715,0.01310394982647265,0.12392315519647712,0.11234631039295451,0.13549999999999973,0.11009631039295453,0.11009631039295453,1.0,1.0,0.5,0.0,0.0,0.0,0.0,0.0,0.0,0.015076844803522671,0.1507684480352267,0.030153689607045342,0.030153689607045342,0.12442315519647715,0.01310394982647265,0.12392315519647712,0.11234631039295451,0.13549999999999973,0.11009631039295453,0.11009631039295453,1.0,1.0,0.5,0.0,0.0,0.0,0.0,0.0,0.0,0.015076844803522671,0.1507684480352267,0.030153689607045342,0.030153689607045342,0.13949999999999982,0.002779388421937513,0.14024999999999987,0.13668749999999977,0.14193749999999986,0.13549999999999973,0.13549999999999973,1.0,0.5,1.0,0.0,0.0,0.0,0.0,0.0,0.027544488809430962,0.0,0.0,0.0,0.0,1.0,0.5,0.5,0.5,0.0,0.5,0.5,0.5,0.0,0.5,0.5,0.0,0.5,0.5,0.0,0.0,1.0,0.0,0.5,0.0,0.5,0.5,0.0,0.5,0.5,0.5,0.0,0.0,0.0,0.5,0.5,1.0,1.0,0.0,0.0,1.0,1.0,1.0,1.0,0.0,0.0,5,5,0.5,1.0,0.5,0.0,0.5,0.0,1.0,0.0,1.0,1.0,0.0,1.0,0.1507684480352267,0.0,0.1507684480352267,0.015076844803522671,0.1507684480352267,0.8136069444775698,0.027544488809430962,0.027544488809430962,0.0,1.0,1.5166666666666666,0,0,0,5,C3R,0.0,0.0,0.13949999999999982,1.0,1.0,0.0,0.0,0.0,0.13949999999999982
phaseflip,phaseflip,0.05,3,0.5,10,qiskit_aer,1,1,0.8604999999999999,0.3490986111111111,0.8,0.55,0.0,0.0,1.0,0.0,0.13949999999999982,0.002779388421937513,0.14024999999999987,0.13668749999999977,0.14193749999999986,0.13549999999999973,0.13549999999999973,1.0,0.7,1.0,0.0,0.0,0.0,0.0,0.0,0.10934631039295448,0.002779388421937513,0.11009631039295453,0.10653381039295443,0.11178381039295451,0.10534631039295439,0.10534631039295439,1.0,1.0,0.0,0.0,0.0,0.0,0.0,0.0,0.13045389311788622,0.012568172833919642,0.13549999999999973,0.11813473279471581,0.14024999999999987,0.11110881039295452,0.11009631039295453,1.0,1.0,0.7,0.0,0.0,0.0,0.0,0.0,0.0,0.009046106882113603,0.09046106882113603,0.030153689607045342,0.030153689607045342,0.13045389311788622,0.012568172833919642,0.13549999999999973,0.11813473279471581,0.14024999999999987,0.11110881039295452,0.11009631039295453,1.0,1.0,0.7,0.0,0.0,0.0,0.0,0.0,0.0,0.009046106882113603,0.09046106882113603,0.030153689607045342,0.030153689607045342,0.13045389311788622,0.012568172833919642,0.13549999999999973,0.11813473279471581,0.14024999999999987,0.11110881039295452,0.11009631039295453,1.0,1.0,0.7,0.0,0.0,0.0,0.0,0.0,0.0,0.009046106882113603,0.09046106882113603,0.030153689607045342,0.030153689607045342,0.13648463103929528,0.009221387980210261,0.14024999999999987,0.13549999999999973,0.14193749999999986,0.12152797071612487,0.11009631039295453,1.0,0.8,0.9,0.0,0.0,0.0,0.0,0.0,1.867034853552012e-21,0.003015368960704534,0.030153689607045342,0.016584529283874903,0.030153689607045342,1.0,0.3,0.3,0.3,0.1,0.2,0.3,0.7,0.0,0.3,0.7,0.0,0.3,0.7,0.0,0.1,0.9,0.0,0.3,0.0,0.3,0.3,0.1,0.3,0.3,0.2,0.0,0.0,0.0,0.3,0.3,1.0,1.0,0.3,0.1,1.0,1.0,1.0,1.0,0.3333333333333333,0.3333333333333333,3,2,0.2,0.6666666666666666,0.3,0.0,0.2,0.0,1.0,0.0,1.0,0.6666666666666666,0.0,1.0,0.060307379214090684,0.0,0.060307379214090684,0.006030737921409068,0.060307379214090684,0.2509013889233654,0.027544488809430962,0.027544488809430962,0.0,0.9722222222222222,1.05,0,0,0,2,C3R,0.0,0.0,0.13648463103929528,0.9,1.0,0.1,0.0,0.0,0.13648463103929528
phaseflip,phaseflip,0.05,3,0.75,10,qiskit_aer,1,1,0.8604999999999999,0.6071277777777777,0.3888888888888889,0.23333333333333334,0.0,0.0,1.0,0.0,0.13949999999999982,0.002779388421937513,0.14024999999999987,0.13668749999999977,0.14193749999999986,0.13549999999999973,0.13549999999999973,1.0,0.6,1.0,0.0,0.0,0.0,0.0,0.0,0.10934631039295448,0.002779388421937513,0.11009631039295453,0.10653381039295443,0.11178381039295451,0.10534631039295439,0.10534631039295439,1.0,1.0,0.0,0.0,0.0,0.0,0.0,0.0,0.12743852415718168,0.0129284223525761,0.13549999999999973,0.11234631039295451,0.13906249999999984,0.11110881039295452,0.11009631039295453,1.0,1.0,0.6,0.0,0.0,0.0,0.0,0.0,0.0,0.012061475842818137,0.12061475842818137,0.030153689607045342,0.030153689607045342,0.12743852415718168,0.0129284223525761,0.13549999999999973,0.11234631039295451,0.13906249999999984,0.11110881039295452,0.11009631039295453,1.0,1.0,0.6,0.0,0.0,0.0,0.0,0.0,0.0,0.012061475842818137,0.12061475842818137,0.030153689607045342,0.030153689607045342,0.12743852415718168,0.0129284223525761,0.13549999999999973,0.11234631039295451,0.13906249999999984,0.11110881039295452,0.11009631039295453,1.0,1.0,0.6,0.0,0.0,0.0,0.0,0.0,0.0,0.012061475842818137,0.12061475842818137,0.030153689607045342,0.030153689607045342,0.12743852415718168,0.0129284223525761,0.13549999999999973,0.11234631039295451,0.13906249999999984,0.11110881039295452,0.11009631039295453,1.0,1.0,0.6,0.0,0.0,0.0,0.0,0.0,0.0,0.012061475842818137,0.12061475842818137,0.030153689607045342,0.030153689607045342,1.0,0.4,0.4,0.4,0.4,0.0,0.4,0.6,0.0,0.4,0.6,0.0,0.4,0.6,0.0,0.4,0.6,0.0,0.4,0.0,0.4,0.4,0.4,0.4,0.4,0.0,0.0,0.0,0.0,0.4,0.4,1.0,1.0,1.0,0.4,1.0,1.0,1.0,1.0,1.0,1.0,4,0,0.0,0.0,0.4,0.0,0.0,0.0,0.0,0.0,0.0,0.0,0.0,1.0,0.0,0.0,0.0,0.0,0.0,0.19287222225445028,0.0278516250974346,0.0278516250974346,0.0,0.48333333333333334,0.48333333333333334,0,0,0,0,C1,0.0,0.0,0.12743852415718168,0.6,1.0,0.4,0.0,0.0,0.12743852415718168
phaseflip,phaseflip,0.05,3,1.0,10,qiskit_aer,1,1,0.8604999999999999,0.8604999999999999,0.0,0.0,0.0,0.0,0.0,0.0,0.13949999999999982,0.002779388421937513,0.14024999999999987,0.13668749999999977,0.14193749999999986,0.13549999999999973,0.13549999999999973,1.0,0.6,1.0,0.0,0.0,0.0,0.0,0.0,0.10934631039295448,0.002779388421937513,0.11009631039295453,0.10653381039295443,0.11178381039295451,0.10534631039295439,0.10534631039295439,1.0,1.0,0.0,0.0,0.0,0.0,0.0,0.0,0.12743852415718168,0.0129284223525761,0.13549999999999973,0.11234631039295451,0.13906249999999984,0.11110881039295452,0.11009631039295453,1.0,1.0,0.6,0.0,0.0,0.0,0.0,0.0,0.0,0.012061475842818137,0.12061475842818137,0.030153689607045342,0.030153689607045342,0.12743852415718168,0.0129284223525761,0.13549999999999973,0.11234631039295451,0.13906249999999984,0.11110881039295452,0.11009631039295453,1.0,1.0,0.6,0.0,0.0,0.0,0.0,0.0,0.0,0.012061475842818137,0.12061475842818137,0.030153689607045342,0.030153689607045342,0.12743852415718168,0.0129284223525761,0.13549999999999973,0.11234631039295451,0.13906249999999984,0.11110881039295452,0.11009631039295453,1.0,1.0,0.6,0.0,0.0,0.0,0.0,0.0,0.0,0.012061475842818137,0.12061475842818137,0.030153689607045342,0.030153689607045342,0.12743852415718168,0.0129284223525761,0.13549999999999973,0.11234631039295451,0.13906249999999984,0.11110881039295452,0.11009631039295453,1.0,1.0,0.6,0.0,0.0,0.0,0.0,0.0,0.0,0.012061475842818137,0.12061475842818137,0.030153689607045342,0.030153689607045342,1.0,0.4,0.4,0.4,0.4,0.0,0.4,0.6,0.0,0.4,0.6,0.0,0.4,0.6,0.0,0.4,0.6,0.0,0.4,0.0,0.4,0.4,0.4,0.4,0.4,0.0,0.0,0.0,0.0,0.4,0.4,1.0,1.0,1.0,0.4,1.0,1.0,1.0,1.0,1.0,1.0,4,0,0.0,0.0,0.4,0.0,0.0,0.0,0.0,0.0,0.0,0.0,0.0,1.0,0.0,0.0,0.0,0.0,0.0,-0.06049999996722184,0.035686424219016966,0.035686424219016966,0.0,0.0,0.0,0,0,0,0,C1,0.0,0.0,0.12743852415718168,0.6,1.0,0.4,0.0,0.0,0.12743852415718168
phaseflip,phaseflip,0.05,4,0.25,10,qiskit_aer,1,1,0.8202674999999998,0.17312138888888887,0.9555555555555555,0.7666666666666667,0.0,0.0,1.0,0.0,0.17973249999999985,0.004220086640105866,0.1819874999999999,0.1787249999999999,0.18299999999999983,0.17194999999999983,0.17194999999999983,1.0,0.8,1.0,0.0,0.0,0.0,0.0,0.0,0.1495788103929545,0.004220086640105866,0.15183381039295457,0.14857131039295457,0.1528463103929545,0.14179631039295448,0.14179631039295448,1.0,1.0,0.0,0.0,0.0,0.0,0.0,0.0,0.17370176207859078,0.013245386656059694,0.1819874999999999,0.17194999999999983,0.18299999999999983,0.14857131039295457,0.14857131039295457,1.0,1.0,0.8,0.0,0.0,0.0,0.0,0.0,0.0,0.006030737921409068,0.060307379214090684,0.030153689607045342,0.030153689607045342,0.17370176207859078,0.013245386656059694,0.1819874999999999,0.17194999999999983,0.18299999999999983,0.14857131039295457,0.14857131039295457,1.0,1.0,0.8,0.0,0.0,0.0,0.0,0.0,0.0,0.006030737921409068,0.060307379214090684,0.030153689607045342,0.030153689607045342,0.17370176207859078,0.013245386656059694,0.1819874999999999,0.17194999999999983,0.18299999999999983,0.14857131039295457,0.14857131039295457,1.0,1.0,0.8,0.0,0.0,0.0,0.0,0.0,0.0,0.006030737921409068,0.060307379214090684,0.030153689607045342,0.030153689607045342,0.17973249999999985,0.004220086640105866,0.1819874999999999,0.1787249999999999,0.18299999999999983,0.17194999999999983,0.17194999999999983,1.0,0.8,1.0,0.0,0.0,0.0,0.0,0.0,3.099630017959843e-21,0.0,0.0,0.0,0.0,1.0,0.2,0.2,0.2,0.0,0.2,0.2,0.8,0.0,0.2,0.8,0.0,0.2,0.8,0.0,0.0,1.0,0.0,0.2,0.0,0.2,0.2,0.0,0.2,0.2,0.2,0.0,0.0,0.0,0.2,0.2,1.0,1.0,0.0,0.0,1.0,1.0,1.0,1.0,0.0,0.0,2,2,0.2,1.0,0.2,0.0,0.2,0.0,1.0,0.0,1.0,1.0,0.0,1.0,0.060307379214090684,0.0,0.060307379214090684,0.006030737921409068,0.060307379214090684,0.22687861112341612,3.099630017959843e-21,3.099630017959843e-21,0.0,1.0,1.5166666666666666,0,0,0,2,C3R,0.0,0.0,0.17973249999999985,1.0,1.0,0.0,0.0,0.0,0.17973249999999985
phaseflip,phaseflip,0.05,4,0.5,10,qiskit_aer,1,1,0.8202674999999998,0.33736638888888887,0.8,0.55,0.0,0.0,1.0,0.0,0.17973249999999985,0.004220086640105866,0.1819874999999999,0.1787249999999999,0.18299999999999983,0.17194999999999983,0.17194999999999983,1.0,0.8,1.0,0.0,0.0,0.0,0.0,0.0,0.1495788103929545,0.004220086640105866,0.15183381039295457,0.14857131039295457,0.1528463103929545,0.14179631039295448,0.14179631039295448,1.0,1.0,0.0,0.0,0.0,0.0,0.0,0.0,0.17370176207859078,0.013245386656059694,0.1819874999999999,0.17194999999999983,0.18299999999999983,0.14857131039295457,0.14857131039295457,1.0,1.0,0.8,0.0,0.0,0.0,0.0,0.0,0.0,0.006030737921409068,0.060307379214090684,0.030153689607045342,0.030153689607045342,0.17370176207859078,0.013245386656059694,0.1819874999999999,0.17194999999999983,0.18299999999999983,0.14857131039295457,0.14857131039295457,1.0,1.0,0.8,0.0,0.0,0.0,0.0,0.0,0.0,0.006030737921409068,0.060307379214090684,0.030153689607045342,0.030153689607045342,0.17370176207859078,0.013245386656059694,0.1819874999999999,0.17194999999999983,0.18299999999999983,0.14857131039295457,0.14857131039295457,1.0,1.0,0.8,0.0,0.0,0.0,0.0,0.0,0.0,0.006030737921409068,0.060307379214090684,0.030153689607045342,0.030153689607045342,0.17973249999999985,0.004220086640105866,0.1819874999999999,0.1787249999999999,0.18299999999999983,0.17194999999999983,0.17194999999999983,1.0,0.8,1.0,0.0,0.0,0.0,0.0,0.0,3.099630017959843e-21,0.0,0.0,0.0,0.0,1.0,0.2,0.2,0.2,0.0,0.2,0.2,0.8,0.0,0.2,0.8,0.0,0.2,0.8,0.0,0.0,1.0,0.0,0.2,0.0,0.2,0.2,0.0,0.2,0.2,0.2,0.0,0.0,0.0,0.2,0.2,1.0,1.0,0.3,0.0,1.0,1.0,1.0,1.0,0.0,0.0,2,2,0.2,1.0,0.2,0.0,0.2,0.0,1.0,0.0,1.0,1.0,0.0,1.0,0.060307379214090684,0.0,0.060307379214090684,0.006030737921409068,0.060307379214090684,0.06263361112287383,3.099630017959843e-21,3.099630017959843e-21,0.0,0.9722222222222222,1.05,0,0,0,2,C3R,0.0,0.0,0.17973249999999985,1.0,1.0,0.0,0.0,0.0,0.17973249999999985
phaseflip,phaseflip,0.05,4,0.75,10,qiskit_aer,1,1,0.8202674999999998,0.5512961111111111,0.3888888888888889,0.23333333333333334,0.0,0.0,1.0,0.0,0.17973249999999985,0.004220086640105866,0.1819874999999999,0.1787249999999999,0.18299999999999983,0.17194999999999983,0.17194999999999983,1.0,0.9,1.0,0.0,0.0,0.0,0.0,0.0,0.1495788103929545,0.004220086640105866,0.15183381039295457,0.14857131039295457,0.1528463103929545,0.14179631039295448,0.14179631039295448,1.0,1.0,0.0,0.0,0.0,0.0,0.0,0.0,0.17671713103929532,0.010281884527091443,0.1819874999999999,0.17364374999999985,0.18299999999999983,0.15909172071612493,0.14857131039295457,1.0,1.0,0.9,0.0,0.0,0.0,0.0,0.0,0.0,0.003015368960704534,0.030153689607045342,0.016584529283874903,0.030153689607045342,0.17671713103929532,0.010281884527091443,0.1819874999999999,0.17364374999999985,0.18299999999999983,0.15909172071612493,0.14857131039295457,1.0,1.0,0.9,0.0,0.0,0.0,0.0,0.0,0.0,0.003015368960704534,0.030153689607045342,0.016584529283874903,0.030153689607045342,0.17671713103929532,0.010281884527091443,0.1819874999999999,0.17364374999999985,0.18299999999999983,0.15909172071612493,0.14857131039295457,1.0,1.0,0.9,0.0,0.0,0.0,0.0,0.0,0.0,0.003015368960704534,0.030153689607045342,0.016584529283874903,0.030153689607045342,0.17671713103929532,0.010281884527091443,0.1819874999999999,0.17364374999999985,0.18299999999999983,0.15909172071612493,0.14857131039295457,1.0,1.0,0.9,0.0,0.0,0.0,0.0,0.0,0.0,0.003015368960704534,0.030153689607045342,0.016584529283874903,0.030153689607045342,1.0,0.1,0.1,0.1,0.1,0.0,0.1,0.9,0.0,0.1,0.9,0.0,0.1,0.9,0.0,0.1,0.9,0.0,0.1,0.0,0.1,0.1,0.1,0.1,0.1,0.0,0.0,0.0,0.0,0.1,0.1,1.0,1.0,1.0,0.1,1.0,1.0,1.0,1.0,1.0,1.0,1,0,0.0,0.0,0.1,0.0,0.0,0.0,0.0,0.0,0.0,0.0,0.0,1.0,0.0,0.0,0.0,0.0,0.0,-0.3512961110988952,9.33517426776006e-22,9.33517426776006e-22,0.0,0.48333333333333334,0.48333333333333334,0,0,0,0,C1,0.0,0.0,0.17671713103929532,0.9,1.0,0.1,0.0,0.0,0.17671713103929532
phaseflip,phaseflip,0.05,4,1.0,10,qiskit_aer,1,1,0.8202674999999998,0.8202674999999998,0.0,0.0,0.0,0.0,0.0,0.0,0.17973249999999985,0.004220086640105866,0.1819874999999999,0.1787249999999999,0.18299999999999983,0.17194999999999983,0.17194999999999983,1.0,0.8,1.0,0.0,0.0,0.0,0.0,0.0,0.1495788103929545,0.004220086640105866,0.15183381039295457,0.14857131039295457,0.1528463103929545,0.14179631039295448,0.14179631039295448,1.0,1.0,0.0,0.0,0.0,0.0,0.0,0.0,0.17370176207859078,0.013245386656059694,0.1819874999999999,0.17194999999999983,0.18299999999999983,0.14857131039295457,0.14857131039295457,1.0,1.0,0.8,0.0,0.0,0.0,0.0,0.0,0.0,0.006030737921409068,0.060307379214090684,0.030153689607045342,0.030153689607045342,0.17370176207859078,0.013245386656059694,0.1819874999999999,0.17194999999999983,0.18299999999999983,0.14857131039295457,0.14857131039295457,1.0,1.0,0.8,0.0,0.0,0.0,0.0,0.0,0.0,0.006030737921409068,0.060307379214090684,0.030153689607045342,0.030153689607045342,0.17370176207859078,0.013245386656059694,0.1819874999999999,0.17194999999999983,0.18299999999999983,0.14857131039295457,0.14857131039295457,1.0,1.0,0.8,0.0,0.0,0.0,0.0,0.0,0.0,0.006030737921409068,0.060307379214090684,0.030153689607045342,0.030153689607045342,0.17370176207859078,0.013245386656059694,0.1819874999999999,0.17194999999999983,0.18299999999999983,0.14857131039295457,0.14857131039295457,1.0,1.0,0.8,0.0,0.0,0.0,0.0,0.0,0.0,0.006030737921409068,0.060307379214090684,0.030153689607045342,0.030153689607045342,1.0,0.2,0.2,0.2,0.2,0.0,0.2,0.8,0.0,0.2,0.8,0.0,0.2,0.8,0.0,0.2,0.8,0.0,0.2,0.0,0.2,0.2,0.2,0.2,0.2,0.0,0.0,0.0,0.0,0.2,0.2,1.0,1.0,1.0,0.2,1.0,1.0,1.0,1.0,1.0,1.0,2,0,0.0,0.0,0.2,0.0,0.0,0.0,0.0,0.0,0.0,0.0,0.0,1.0,0.0,0.0,0.0,0.0,0.0,-0.4202674999889754,4.332225182367674e-21,4.332225182367674e-21,0.0,0.0,0.0,0,0,0,0,C1,0.0,0.0,0.17370176207859078,0.8,1.0,0.2,0.0,0.0,0.17370176207859078
phaseflip,phaseflip,0.1,1,0.25,10,qiskit_aer,1,1,0.9000000000000001,0.18000000000000002,0.9666666666666667,0.7722222222222223,0.0,1.0,1.0,0.0,0.09999999999999964,0.0,0.09999999999999964,0.09999999999999964,0.09999999999999964,0.09999999999999964,0.09999999999999964,1.0,0.8,1.0,0.0,0.0,0.0,0.0,0.0,0.0698463103929543,0.0,0.0698463103929543,0.0698463103929543,0.0698463103929543,0.0698463103929543,0.0698463103929543,1.0,1.0,0.0,0.0,0.0,0.0,0.0,1.0,0.09396926207859058,0.012061475842818137,0.09999999999999964,0.09999999999999964,0.09999999999999964,0.0698463103929543,0.0698463103929543,1.0,1.0,0.8,0.0,0.0,0.0,0.0,0.2,0.0,0.006030737921409068,0.060307379214090684,0.030153689607045342,0.030153689607045342,0.09396926207859058,0.012061475842818137,0.09999999999999964,0.09999999999999964,0.09999999999999964,0.0698463103929543,0.0698463103929543,1.0,1.0,0.8,0.0,0.0,0.0,0.0,0.2,0.0,0.006030737921409068,0.060307379214090684,0.030153689607045342,0.030153689607045342,0.09396926207859058,0.012061475842818137,0.09999999999999964,0.09999999999999964,0.09999999999999964,0.0698463103929543,0.0698463103929543,1.0,1.0,0.8,0.0,0.0,0.0,0.0,0.2,0.0,0.006030737921409068,0.060307379214090684,0.030153689607045342,0.030153689607045342,0.09999999999999964,0.0,0.09999999999999964,0.09999999999999964,0.09999999999999964,0.09999999999999964,0.09999999999999964,1.0,0.8,1.0,0.0,0.0,0.0,0.0,0.0,0.006573680430971311,0.0,0.0,0.0,0.0,1.0,0.2,0.2,0.2,0.0,0.2,0.2,0.8,0.0,0.2,0.8,0.0,0.2,0.8,0.0,0.0,1.0,0.0,0.2,0.0,0.2,0.2,0.0,0.2,0.2,0.2,0.0,0.0,0.0,0.2,0.2,1.0,1.0,0.0,0.0,1.0,1.0,1.0,1.0,0.0,0.0,2,2,0.2,1.0,0.2,0.0,0.2,0.0,1.0,0.0,1.0,1.0,0.0,1.0,0.060307379214090684,0.0,0.060307379214090684,0.006030737921409068,0.060307379214090684,0.22000000010329804,0.006573680430971311,0.006573680430971311,0.0,1.0,1.5222222222222221,0,0,0,2,C3R,0.0,0.0,0.09999999999999964,1.0,1.0,0.0,0.0,0.0,0.09999999999999964
phaseflip,phaseflip,0.1,1,0.5,10,qiskit_aer,1,1,0.9000000000000001,0.3400000000000001,0.8222222222222222,0.5333333333333333,0.0,1.0,1.0,0.0,0.09999999999999964,0.0,0.09999999999999964,0.09999999999999964,0.09999999999999964,0.09999999999999964,0.09999999999999964,1.0,0.8,1.0,0.0,0.0,0.0,0.0,0.0,0.0698463103929543,0.0,0.0698463103929543,0.0698463103929543,0.0698463103929543,0.0698463103929543,0.0698463103929543,1.0,1.0,0.0,0.0,0.0,0.0,0.0,1.0,0.09396926207859058,0.012061475842818137,0.09999999999999964,0.09999999999999964,0.09999999999999964,0.0698463103929543,0.0698463103929543,1.0,1.0,0.8,0.0,0.0,0.0,0.0,0.2,0.0,0.006030737921409068,0.060307379214090684,0.030153689607045342,0.030153689607045342,0.09396926207859058,0.012061475842818137,0.09999999999999964,0.09999999999999964,0.09999999999999964,0.0698463103929543,0.0698463103929543,1.0,1.0,0.8,0.0,0.0,0.0,0.0,0.2,0.0,0.006030737921409068,0.060307379214090684,0.030153689607045342,0.030153689607045342,0.09396926207859058,0.012061475842818137,0.09999999999999964,0.09999999999999964,0.09999999999999964,0.0698463103929543,0.0698463103929543,1.0,1.0,0.8,0.0,0.0,0.0,0.0,0.2,0.0,0.006030737921409068,0.060307379214090684,0.030153689607045342,0.030153689607045342,0.09999999999999964,0.0,0.09999999999999964,0.09999999999999964,0.09999999999999964,0.09999999999999964,0.09999999999999964,1.0,0.8,1.0,0.0,0.0,0.0,0.0,0.0,0.003286840215485658,0.0,0.0,0.0,0.0,1.0,0.2,0.2,0.2,0.0,0.2,0.2,0.8,0.0,0.2,0.8,0.0,0.2,0.8,0.0,0.0,1.0,0.0,0.2,0.0,0.2,0.2,0.0,0.2,0.2,0.2,0.0,0.0,0.0,0.2,0.2,1.0,1.0,0.2,0.0,1.0,1.0,1.0,1.0,0.0,0.0,2,2,0.2,1.0,0.2,0.0,0.2,0.0,1.0,0.0,1.0,1.0,0.0,1.0,0.060307379214090684,0.0,0.060307379214090684,0.006030737921409068,0.060307379214090684,0.06000000010193751,0.003286840215485658,0.003286840215485658,0.0,0.9777777777777777,1.0333333333333334,0,0,0,2,C3R,0.0,0.0,0.09999999999999964,1.0,1.0,0.0,0.0,0.0,0.09999999999999964
phaseflip,phaseflip,0.1,1,0.75,10,qiskit_aer,1,1,0.9000000000000001,0.6100000000000001,0.37777777777777777,0.23333333333333334,0.0,1.0,1.0,0.0,0.09999999999999964,0.0,0.09999999999999964,0.09999999999999964,0.09999999999999964,0.09999999999999964,0.09999999999999964,1.0,0.8,1.0,0.0,0.0,0.0,0.0,0.0,0.0698463103929543,0.0,0.0698463103929543,0.0698463103929543,0.0698463103929543,0.0698463103929543,0.0698463103929543,1.0,1.0,0.0,0.0,0.0,0.0,0.0,1.0,0.09396926207859058,0.012061475842818137,0.09999999999999964,0.09999999999999964,0.09999999999999964,0.0698463103929543,0.0698463103929543,1.0,1.0,0.8,0.0,0.0,0.0,0.0,0.2,0.0,0.006030737921409068,0.060307379214090684,0.030153689607045342,0.030153689607045342,0.09396926207859058,0.012061475842818137,0.09999999999999964,0.09999999999999964,0.09999999999999964,0.0698463103929543,0.0698463103929543,1.0,1.0,0.8,0.0,0.0,0.0,0.0,0.2,0.0,0.006030737921409068,0.060307379214090684,0.030153689607045342,0.030153689607045342,0.09396926207859058,0.012061475842818137,0.09999999999999964,0.09999999999999964,0.09999999999999964,0.0698463103929543,0.0698463103929543,1.0,1.0,0.8,0.0,0.0,0.0,0.0,0.2,0.0,0.006030737921409068,0.060307379214090684,0.030153689607045342,0.030153689607045342,0.09396926207859058,0.012061475842818137,0.09999999999999964,0.09999999999999964,0.09999999999999964,0.0698463103929543,0.0698463103929543,1.0,1.0,0.8,0.0,0.0,0.0,0.0,0.2,0.0,0.006030737921409068,0.060307379214090684,0.030153689607045342,0.030153689607045342,1.0,0.2,0.2,0.2,0.2,0.0,0.2,0.8,0.0,0.2,0.8,0.0,0.2,0.8,0.0,0.2,0.8,0.0,0.2,0.0,0.2,0.2,0.2,0.2,0.2,0.0,0.0,0.0,0.0,0.2,0.2,1.0,1.0,1.0,0.2,1.0,1.0,1.0,1.0,1.0,1.0,2,0,0.0,0.0,0.2,0.0,0.0,0.0,0.0,0.0,0.0,0.0,0.0,1.0,0.0,0.0,0.0,0.0,0.0,-0.20999999989806248,0.003286840215485658,0.003286840215485658,0.0,0.48333333333333334,0.48333333333333334,0,0,0,0,C1,0.0,0.0,0.09396926207859058,0.8,1.0,0.2,0.0,0.0,0.09396926207859058
phaseflip,phaseflip,0.1,1,1.0,10,qiskit_aer,1,1,0.9000000000000001,0.9000000000000001,0.0,0.0,1.0,1.0,0.0,0.0,0.09999999999999964,0.0,0.09999999999999964,0.09999999999999964,0.09999999999999964,0.09999999999999964,0.09999999999999964,1.0,0.8,1.0,0.2,0.0,0.0,0.0,0.0,0.0698463103929543,0.0,0.0698463103929543,0.0698463103929543,0.0698463103929543,0.0698463103929543,0.0698463103929543,1.0,1.0,0.0,0.0,0.0,1.0,1.0,1.0,0.0698463103929543,0.0,0.0698463103929543,0.0698463103929543,0.0698463103929543,0.0698463103929543,0.0698463103929543,1.0,1.0,0.0,0.0,0.0,1.0,1.0,1.0,0.0,0.030153689607045342,0.3015368960704534,0.030153689607045342,0.030153689607045342,0.09396926207859058,0.012061475842818137,0.09999999999999964,0.09999999999999964,0.09999999999999964,0.0698463103929543,0.0698463103929543,1.0,1.0,0.8,0.0,0.0,0.2,0.2,0.2,0.0,0.006030737921409068,0.060307379214090684,0.030153689607045342,0.030153689607045342,0.09396926207859058,0.012061475842818137,0.09999999999999964,0.09999999999999964,0.09999999999999964,0.0698463103929543,0.0698463103929543,1.0,1.0,0.8,0.0,0.0,0.2,0.2,0.2,0.0,0.006030737921409068,0.060307379214090684,0.030153689607045342,0.030153689607045342,0.09396926207859058,0.012061475842818137,0.09999999999999964,0.09999999999999964,0.09999999999999964,0.0698463103929543,0.0698463103929543,1.0,1.0,0.8,0.0,0.0,0.2,0.2,0.2,0.0,0.006030737921409068,0.060307379214090684,0.030153689607045342,0.030153689607045342,1.0,1.0,0.2,0.2,0.2,0.0,1.0,0.0,1.0,0.2,1.0,1.0,0.2,1.0,1.0,0.2,1.0,1.0,0.2,0.8,0.2,0.2,0.2,0.2,0.2,0.0,0.0,0.0,0.0,0.2,0.2,1.0,1.0,1.0,0.2,1.0,1.0,1.0,1.0,1.0,1.0,2,0,0.0,0.0,0.2,0.0,0.0,0.0,0.0,0.0,0.0,0.0,0.0,1.0,0.0,0.0,0.0,0.0,0.0,-0.4999999998967022,0.006573680430971311,0.006573680430971311,0.0,0.0,0.0,0,0,0,0,C2,0.0,0.0,0.09396926207859058,0.8,1.0,0.2,0.0,0.0,0.09396926207859058
phaseflip,phaseflip,0.1,2,0.25,10,qiskit_aer,1,1,0.8160000000000001,0.14483333333333334,0.9666666666666667,0.7722222222222223,0.0,0.0,1.0,0.0,0.1839999999999997,0.00489897948556632,0.17999999999999972,0.17999999999999972,0.1899999999999996,0.17999999999999972,0.17999999999999972,1.0,0.7,1.0,0.0,0.0,0.0,0.0,0.0,0.15384631039295435,0.00489897948556632,0.14984631039295437,0.14984631039295437,0.15984631039295427,0.14984631039295437,0.14984631039295437,1.0,1.0,0.0,0.0,0.0,0.0,0.0,0.0,0.1749538931178861,0.01695023021701166,0.17999999999999972,0.1573847327947157,0.1899999999999996,0.14984631039295437,0.14984631039295437,1.0,1.0,0.7,0.0,0.0,0.0,0.0,0.0,0.0,0.009046106882113603,0.09046106882113603,0.030153689607045342,0.030153689607045342,0.1749538931178861,0.01695023021701166,0.17999999999999972,0.1573847327947157,0.1899999999999996,0.14984631039295437,0.14984631039295437,1.0,1.0,0.7,0.0,0.0,0.0,0.0,0.0,0.0,0.009046106882113603,0.09046106882113603,0.030153689607045342,0.030153689607045342,0.1749538931178861,0.01695023021701166,0.17999999999999972,0.1573847327947157,0.1899999999999996,0.14984631039295437,0.14984631039295437,1.0,1.0,0.7,0.0,0.0,0.0,0.0,0.0,0.0,0.009046106882113603,0.09046106882113603,0.030153689607045342,0.030153689607045342,0.1839999999999997,0.00489897948556632,0.17999999999999972,0.17999999999999972,0.1899999999999996,0.17999999999999972,0.17999999999999972,1.0,0.7,1.0,0.0,0.0,0.0,0.0,0.0,6.498337773551511e-21,0.0,0.0,0.0,0.0,1.0,0.3,0.3,0.3,0.0,0.3,0.3,0.7,0.0,0.3,0.7,0.0,0.3,0.7,0.0,0.0,1.0,0.0,0.3,0.0,0.3,0.3,0.0,0.3,0.3,0.3,0.0,0.0,0.0,0.3,0.3,1.0,1.0,0.0,0.0,1.0,1.0,1.0,1.0,0.0,0.0,3,3,0.3,1.0,0.3,0.0,0.3,0.0,1.0,0.0,1.0,1.0,0.0,1.0,0.09046106882113603,0.0,0.09046106882113603,0.009046106882113603,0.09046106882113603,0.45516666667545064,6.498337773551511e-21,6.498337773551511e-21,0.0,1.0,1.5222222222222221,0,0,0,3,C3R,0.0,0.0,0.1839999999999997,1.0,1.0,0.0,0.0,0.0,0.1839999999999997
phaseflip,phaseflip,0.1,2,0.5,10,qiskit_aer,1,1,0.8160000000000001,0.3081666666666667,0.8222222222222222,0.5333333333333333,0.0,0.0,1.0,0.0,0.1839999999999997,0.00489897948556632,0.17999999999999972,0.17999999999999972,0.1899999999999996,0.17999999999999972,0.17999999999999972,1.0,0.7,1.0,0.0,0.0,0.0,0.0,0.0,0.15384631039295435,0.00489897948556632,0.14984631039295437,0.14984631039295437,0.15984631039295427,0.14984631039295437,0.14984631039295437,1.0,1.0,0.0,0.0,0.0,0.0,0.0,0.0,0.1749538931178861,0.01695023021701166,0.17999999999999972,0.1573847327947157,0.1899999999999996,0.14984631039295437,0.14984631039295437,1.0,1.0,0.7,0.0,0.0,0.0,0.0,0.0,0.0,0.009046106882113603,0.09046106882113603,0.030153689607045342,0.030153689607045342,0.1749538931178861,0.01695023021701166,0.17999999999999972,0.1573847327947157,0.1899999999999996,0.14984631039295437,0.14984631039295437,1.0,1.0,0.7,0.0,0.0,0.0,0.0,0.0,0.0,0.009046106882113603,0.09046106882113603,0.030153689607045342,0.030153689607045342,0.1749538931178861,0.01695023021701166,0.17999999999999972,0.1573847327947157,0.1899999999999996,0.14984631039295437,0.14984631039295437,1.0,1.0,0.7,0.0,0.0,0.0,0.0,0.0,0.0,0.009046106882113603,0.09046106882113603,0.030153689607045342,0.030153689607045342,0.1839999999999997,0.00489897948556632,0.17999999999999972,0.17999999999999972,0.1899999999999996,0.17999999999999972,0.17999999999999972,1.0,0.7,1.0,0.0,0.0,0.0,0.0,0.0,6.498337773551511e-21,0.0,0.0,0.0,0.0,1.0,0.3,0.3,0.3,0.0,0.3,0.3,0.7,0.0,0.3,0.7,0.0,0.3,0.7,0.0,0.0,1.0,0.0,0.3,0.0,0.3,0.3,0.0,0.3,0.3,0.3,0.0,0.0,0.0,0.3,0.3,1.0,1.0,0.2,0.0,1.0,1.0,1.0,1.0,0.0,0.0,3,3,0.3,1.0,0.3,0.0,0.3,0.0,1.0,0.0,1.0,1.0,0.0,1.0,0.09046106882113603,0.0,0.09046106882113603,0.009046106882113603,0.09046106882113603,0.2918333333421173,6.498337773551511e-21,6.498337773551511e-21,0.0,0.9777777777777777,1.0333333333333334,0,0,0,3,C3R,0.0,0.0,0.1839999999999997,1.0,1.0,0.0,0.0,0.0,0.1839999999999997
phaseflip,phaseflip,0.1,2,0.75,10,qiskit_aer,1,1,0.8160000000000001,0.5032222222222222,0.37777777777777777,0.23333333333333334,0.0,0.0,1.0,0.0,0.1839999999999997,0.00489897948556632,0.17999999999999972,0.17999999999999972,0.1899999999999996,0.17999999999999972,0.17999999999999972,1.0,0.7,1.0,0.0,0.0,0.0,0.0,0.0,0.15384631039295435,0.00489897948556632,0.14984631039295437,0.14984631039295437,0.15984631039295427,0.14984631039295437,0.14984631039295437,1.0,1.0,0.0,0.0,0.0,0.0,0.0,0.0,0.1749538931178861,0.01695023021701166,0.17999999999999972,0.1573847327947157,0.1899999999999996,0.14984631039295437,0.14984631039295437,1.0,1.0,0.7,0.0,0.0,0.0,0.0,0.0,0.0,0.009046106882113603,0.09046106882113603,0.030153689607045342,0.030153689607045342,0.1749538931178861,0.01695023021701166,0.17999999999999972,0.1573847327947157,0.1899999999999996,0.14984631039295437,0.14984631039295437,1.0,1.0,0.7,0.0,0.0,0.0,0.0,0.0,0.0,0.009046106882113603,0.09046106882113603,0.030153689607045342,0.030153689607045342,0.1749538931178861,0.01695023021701166,0.17999999999999972,0.1573847327947157,0.1899999999999996,0.14984631039295437,0.14984631039295437,1.0,1.0,0.7,0.0,0.0,0.0,0.0,0.0,0.0,0.009046106882113603,0.09046106882113603,0.030153689607045342,0.030153689607045342,0.1749538931178861,0.01695023021701166,0.17999999999999972,0.1573847327947157,0.1899999999999996,0.14984631039295437,0.14984631039295437,1.0,1.0,0.7,0.0,0.0,0.0,0.0,0.0,0.0,0.009046106882113603,0.09046106882113603,0.030153689607045342,0.030153689607045342,1.0,0.3,0.3,0.3,0.3,0.0,0.3,0.7,0.0,0.3,0.7,0.0,0.3,0.7,0.0,0.3,0.7,0.0,0.3,0.0,0.3,0.3,0.3,0.3,0.3,0.0,0.0,0.0,0.0,0.3,0.3,1.0,1.0,1.0,0.3,1.0,1.0,1.0,1.0,1.0,1.0,3,0,0.0,0.0,0.3,0.0,0.0,0.0,0.0,0.0,0.0,0.0,0.0,1.0,0.0,0.0,0.0,0.0,0.0,0.09677777778597942,6.498337773551511e-21,6.498337773551511e-21,0.0,0.48333333333333334,0.48333333333333334,0,0,0,0,C1,0.0,0.0,0.1749538931178861,0.7,1.0,0.3,0.0,0.0,0.1749538931178861
phaseflip,phaseflip,0.1,2,1.0,10,qiskit_aer,1,1,0.8160000000000001,0.8160000000000001,0.0,0.0,0.0,0.0,0.0,0.0,0.1839999999999997,0.00489897948556632,0.17999999999999972,0.17999999999999972,0.1899999999999996,0.17999999999999972,0.17999999999999972,1.0,0.7,1.0,0.0,0.0,0.0,0.0,0.0,0.15384631039295435,0.00489897948556632,0.14984631039295437,0.14984631039295437,0.15984631039295427,0.14984631039295437,0.14984631039295437,1.0,1.0,0.0,0.0,0.0,0.0,0.0,0.0,0.1749538931178861,0.01695023021701166,0.17999999999999972,0.1573847327947157,0.1899999999999996,0.14984631039295437,0.14984631039295437,1.0,1.0,0.7,0.0,0.0,0.0,0.0,0.0,0.0,0.009046106882113603,0.09046106882113603,0.030153689607045342,0.030153689607045342,0.1749538931178861,0.01695023021701166,0.17999999999999972,0.1573847327947157,0.1899999999999996,0.14984631039295437,0.14984631039295437,1.0,1.0,0.7,0.0,0.0,0.0,0.0,0.0,0.0,0.009046106882113603,0.09046106882113603,0.030153689607045342,0.030153689607045342,0.1749538931178861,0.01695023021701166,0.17999999999999972,0.1573847327947157,0.1899999999999996,0.14984631039295437,0.14984631039295437,1.0,1.0,0.7,0.0,0.0,0.0,0.0,0.0,0.0,0.009046106882113603,0.09046106882113603,0.030153689607045342,0.030153689607045342,0.1749538931178861,0.01695023021701166,0.17999999999999972,0.1573847327947157,0.1899999999999996,0.14984631039295437,0.14984631039295437,1.0,1.0,0.7,0.0,0.0,0.0,0.0,0.0,0.0,0.009046106882113603,0.09046106882113603,0.030153689607045342,0.030153689607045342,1.0,0.3,0.3,0.3,0.3,0.0,0.3,0.7,0.0,0.3,0.7,0.0,0.3,0.7,0.0,0.3,0.7,0.0,0.3,0.0,0.3,0.3,0.3,0.3,0.3,0.0,0.0,0.0,0.0,0.3,0.3,1.0,1.0,1.0,0.3,1.0,1.0,1.0,1.0,1.0,1.0,3,0,0.0,0.0,0.3,0.0,0.0,0.0,0.0,0.0,0.0,0.0,0.0,1.0,0.0,0.0,0.0,0.0,0.0,-0.215999999990925,6.498337773551511e-21,6.498337773551511e-21,0.0,0.0,0.0,0,0,0,0,C1,0.0,0.0,0.1749538931178861,0.7,1.0,0.3,0.0,0.0,0.1749538931178861
phaseflip,phaseflip,0.1,3,0.25,10,qiskit_aer,1,1,0.7410000000000001,0.13165555555555558,0.9555555555555555,0.7666666666666667,0.0,0.0,1.0,0.0,0.2589999999999997,0.010363397126425285,0.2619999999999997,0.24849999999999975,0.2679999999999997,0.24399999999999966,0.2439999999999997,1.0,0.7,1.0,0.0,0.0,0.0,0.0,0.0,0.22884631039295433,0.010363397126425285,0.23184631039295434,0.2183463103929544,0.23784631039295434,0.21384631039295432,0.21384631039295435,1.0,1.0,0.0,0.0,0.0,0.0,0.0,0.0,0.24995389311788607,0.01877812798565044,0.25299999999999967,0.23488473279471567,0.2679999999999997,0.2219463103929544,0.21384631039295443,1.0,1.0,0.7,0.0,0.0,0.0,0.0,0.0,0.0,0.009046106882113603,0.09046106882113603,0.030153689607045342,0.030153689607045342,0.24995389311788607,0.01877812798565044,0.25299999999999967,0.23488473279471567,0.2679999999999997,0.2219463103929544,0.21384631039295443,1.0,1.0,0.7,0.0,0.0,0.0,0.0,0.0,0.0,0.009046106882113603,0.09046106882113603,0.030153689607045342,0.030153689607045342,0.24995389311788607,0.01877812798565044,0.25299999999999967,0.23488473279471567,0.2679999999999997,0.2219463103929544,0.21384631039295443,1.0,1.0,0.7,0.0,0.0,0.0,0.0,0.0,0.0,0.009046106882113603,0.09046106882113603,0.030153689607045342,0.030153689607045342,0.2589999999999997,0.010363397126425285,0.2619999999999997,0.24849999999999975,0.2679999999999997,0.24399999999999966,0.2439999999999997,1.0,0.7,1.0,0.0,0.0,0.0,0.0,0.0,5.26574260914368e-21,0.0,0.0,0.0,0.0,1.0,0.3,0.3,0.3,0.0,0.3,0.3,0.7,0.0,0.3,0.7,0.0,0.3,0.7,0.0,0.0,1.0,0.0,0.3,0.0,0.3,0.3,0.0,0.3,0.3,0.3,0.0,0.0,0.0,0.3,0.3,1.0,1.0,0.0,0.0,1.0,1.0,1.0,1.0,0.0,0.0,3,3,0.3,1.0,0.3,0.0,0.3,0.0,1.0,0.0,1.0,1.0,0.0,1.0,0.09046106882113603,0.0,0.09046106882113603,0.009046106882113603,0.09046106882113603,0.4683444444465096,5.26574260914368e-21,5.26574260914368e-21,0.0,1.0,1.5166666666666666,0,0,0,3,C3R,0.0,0.0,0.2589999999999997,1.0,1.0,0.0,0.0,0.0,0.2589999999999997
phaseflip,phaseflip,0.1,3,0.5,10,qiskit_aer,1,1,0.7410000000000001,0.28391111111111117,0.8,0.55,0.0,0.0,1.0,0.0,0.2589999999999997,0.010363397126425285,0.2619999999999997,0.24849999999999975,0.2679999999999997,0.24399999999999966,0.2439999999999997,1.0,0.7,1.0,0.0,0.0,0.0,0.0,0.0,0.22884631039295433,0.010363397126425285,0.23184631039295434,0.2183463103929544,0.23784631039295434,0.21384631039295432,0.21384631039295435,1.0,1.0,0.0,0.0,0.0,0.0,0.0,0.0,0.24995389311788607,0.01877812798565044,0.25299999999999967,0.23488473279471567,0.2679999999999997,0.2219463103929544,0.21384631039295443,1.0,1.0,0.7,0.0,0.0,0.0,0.0,0.0,0.0,0.009046106882113603,0.09046106882113603,0.030153689607045342,0.030153689607045342,0.24995389311788607,0.01877812798565044,0.25299999999999967,0.23488473279471567,0.2679999999999997,0.2219463103929544,0.21384631039295443,1.0,1.0,0.7,0.0,0.0,0.0,0.0,0.0,0.0,0.009046106882113603,0.09046106882113603,0.030153689607045342,0.030153689607045342,0.24995389311788607,0.01877812798565044,0.25299999999999967,0.23488473279471567,0.2679999999999997,0.2219463103929544,0.21384631039295443,1.0,1.0,0.7,0.0,0.0,0.0,0.0,0.0,0.0,0.009046106882113603,0.09046106882113603,0.030153689607045342,0.030153689607045342,0.2589999999999997,0.010363397126425285,0.2619999999999997,0.24849999999999975,0.2679999999999997,0.24399999999999966,0.2439999999999997,1.0,0.7,1.0,0.0,0.0,0.0,0.0,0.0,4.033147444735849e-21,0.0,0.0,0.0,0.0,1.0,0.3,0.3,0.3,0.0,0.3,0.3,0.7,0.0,0.3,0.7,0.0,0.3,0.7,0.0,0.0,1.0,0.0,0.3,0.0,0.3,0.3,0.0,0.3,0.3,0.3,0.0,0.0,0.0,0.3,0.3,1.0,1.0,0.3,0.0,1.0,1.0,1.0,1.0,0.0,0.0,3,3,0.3,1.0,0.3,0.0,0.3,0.0,1.0,0.0,1.0,1.0,0.0,1.0,0.09046106882113603,0.0,0.09046106882113603,0.009046106882113603,0.09046106882113603,0.31608888889104303,4.033147444735849e-21,4.033147444735849e-21,0.0,0.9722222222222222,1.05,0,0,0,3,C3R,0.0,0.0,0.2589999999999997,1.0,1.0,0.0,0.0,0.0,0.2589999999999997
phaseflip,phaseflip,0.1,3,0.75,10,qiskit_aer,1,1,0.7410000000000001,0.4569555555555556,0.3888888888888889,0.23333333333333334,0.0,0.0,1.0,0.0,0.2589999999999997,0.010363397126425285,0.2619999999999997,0.24849999999999975,0.2679999999999997,0.24399999999999966,0.2439999999999997,1.0,0.8,1.0,0.0,0.0,0.0,0.0,0.0,0.22884631039295433,0.010363397126425285,0.23184631039295434,0.2183463103929544,0.23784631039295434,0.21384631039295432,0.21384631039295435,1.0,1.0,0.0,0.0,0.0,0.0,0.0,0.0,0.2529692620785906,0.01803463486083912,0.2619999999999997,0.24399999999999966,0.2679999999999997,0.2219463103929544,0.21384631039295443,1.0,1.0,0.8,0.0,0.0,0.0,0.0,0.0,0.0,0.006030737921409068,0.060307379214090684,0.030153689607045342,0.030153689607045342,0.2529692620785906,0.01803463486083912,0.2619999999999997,0.24399999999999966,0.2679999999999997,0.2219463103929544,0.21384631039295443,1.0,1.0,0.8,0.0,0.0,0.0,0.0,0.0,0.0,0.006030737921409068,0.060307379214090684,0.030153689607045342,0.030153689607045342,0.2529692620785906,0.01803463486083912,0.2619999999999997,0.24399999999999966,0.2679999999999997,0.2219463103929544,0.21384631039295443,1.0,1.0,0.8,0.0,0.0,0.0,0.0,0.0,0.0,0.006030737921409068,0.060307379214090684,0.030153689607045342,0.030153689607045342,0.2529692620785906,0.01803463486083912,0.2619999999999997,0.24399999999999966,0.2679999999999997,0.2219463103929544,0.21384631039295443,1.0,1.0,0.8,0.0,0.0,0.0,0.0,0.0,0.0,0.006030737921409068,0.060307379214090684,0.030153689607045342,0.030153689607045342,1.0,0.2,0.2,0.2,0.2,0.0,0.2,0.8,0.0,0.2,0.8,0.0,0.2,0.8,0.0,0.2,0.8,0.0,0.2,0.0,0.2,0.2,0.2,0.2,0.2,0.0,0.0,0.0,0.0,0.2,0.2,1.0,1.0,1.0,0.2,1.0,1.0,1.0,1.0,1.0,1.0,2,0,0.0,0.0,0.2,0.0,0.0,0.0,0.0,0.0,0.0,0.0,0.0,1.0,0.0,0.0,0.0,0.0,0.0,-0.05695555555331259,3.099630017959843e-21,3.099630017959843e-21,0.0,0.48333333333333334,0.48333333333333334,0,0,0,0,C1,0.0,0.0,0.2529692620785906,0.8,1.0,0.2,0.0,0.0,0.2529692620785906
phaseflip,phaseflip,0.1,3,1.0,10,qiskit_aer,1,1,0.7410000000000001,0.7410000000000001,0.0,0.0,0.0,0.0,0.0,0.0,0.2589999999999997,0.010363397126425285,0.2619999999999997,0.24849999999999975,0.2679999999999997,0.24399999999999966,0.2439999999999997,1.0,0.7,1.0,0.0,0.0,0.0,0.0,0.0,0.22884631039295433,0.010363397126425285,0.23184631039295434,0.2183463103929544,0.23784631039295434,0.21384631039295432,0.21384631039295435,1.0,1.0,0.0,0.0,0.0,0.0,0.0,0.0,0.24995389311788607,0.01877812798565044,0.25299999999999967,0.23488473279471567,0.2679999999999997,0.2219463103929544,0.21384631039295443,1.0,1.0,0.7,0.0,0.0,0.0,0.0,0.0,0.0,0.009046106882113603,0.09046106882113603,0.030153689607045342,0.030153689607045342,0.24995389311788607,0.01877812798565044,0.25299999999999967,0.23488473279471567,0.2679999999999997,0.2219463103929544,0.21384631039295443,1.0,1.0,0.7,0.0,0.0,0.0,0.0,0.0,0.0,0.009046106882113603,0.09046106882113603,0.030153689607045342,0.030153689607045342,0.24995389311788607,0.01877812798565044,0.25299999999999967,0.23488473279471567,0.2679999999999997,0.2219463103929544,0.21384631039295443,1.0,1.0,0.7,0.0,0.0,0.0,0.0,0.0,0.0,0.009046106882113603,0.09046106882113603,0.030153689607045342,0.030153689607045342,0.24995389311788607,0.01877812798565044,0.25299999999999967,0.23488473279471567,0.2679999999999997,0.2219463103929544,0.21384631039295443,1.0,1.0,0.7,0.0,0.0,0.0,0.0,0.0,0.0,0.009046106882113603,0.09046106882113603,0.030153689607045342,0.030153689607045342,1.0,0.3,0.3,0.3,0.3,0.0,0.3,0.7,0.0,0.3,0.7,0.0,0.3,0.7,0.0,0.3,0.7,0.0,0.3,0.0,0.3,0.3,0.3,0.3,0.3,0.0,0.0,0.0,0.0,0.3,0.3,1.0,1.0,1.0,0.3,1.0,1.0,1.0,1.0,1.0,1.0,3,0,0.0,0.0,0.3,0.0,0.0,0.0,0.0,0.0,0.0,0.0,0.0,1.0,0.0,0.0,0.0,0.0,0.0,-0.14099999999793494,5.26574260914368e-21,5.26574260914368e-21,0.0,0.0,0.0,0,0,0,0,C1,0.0,0.0,0.24995389311788607,0.7,1.0,0.3,0.0,0.0,0.24995389311788607
phaseflip,phaseflip,0.1,4,0.25,10,qiskit_aer,1,1,0.6772800000000001,0.12038000000000001,0.9555555555555555,0.7666666666666667,0.0,0.0,1.0,0.0,0.3227199999999998,0.01481275126369163,0.33079999999999976,0.3195999999999999,0.33399999999999974,0.2951999999999999,0.2951999999999999,1.0,0.7,1.0,0.0,0.0,0.0,0.0,0.0,0.29256631039295444,0.01481275126369163,0.3006463103929544,0.28944631039295454,0.3038463103929544,0.26504631039295456,0.26504631039295456,1.0,1.0,0.0,0.0,0.0,0.0,0.0,0.0,0.3136738931178862,0.02669945436690913,0.3267999999999998,0.3029847327947158,0.33399999999999974,0.26504631039295456,0.26504631039295456,1.0,1.0,0.7,0.0,0.0,0.0,0.0,0.0,0.0,0.009046106882113603,0.09046106882113603,0.030153689607045342,0.030153689607045342,0.3136738931178862,0.02669945436690913,0.3267999999999998,0.3029847327947158,0.33399999999999974,0.26504631039295456,0.26504631039295456,1.0,1.0,0.7,0.0,0.0,0.0,0.0,0.0,0.0,0.009046106882113603,0.09046106882113603,0.030153689607045342,0.030153689607045342,0.3136738931178862,0.02669945436690913,0.3267999999999998,0.3029847327947158,0.33399999999999974,0.26504631039295456,0.26504631039295456,1.0,1.0,0.7,0.0,0.0,0.0,0.0,0.0,0.0,0.009046106882113603,0.09046106882113603,0.030153689607045342,0.030153689607045342,0.3227199999999998,0.01481275126369163,0.33079999999999976,0.3195999999999999,0.33399999999999974,0.2951999999999999,0.2951999999999999,1.0,0.7,1.0,0.0,0.0,0.0,0.0,0.0,6.498337773551511e-21,0.0,0.0,0.0,0.0,1.0,0.3,0.3,0.3,0.0,0.3,0.3,0.7,0.0,0.3,0.7,0.0,0.3,0.7,0.0,0.0,1.0,0.0,0.3,0.0,0.3,0.3,0.0,0.3,0.3,0.3,0.0,0.0,0.0,0.3,0.3,1.0,1.0,0.0,0.0,1.0,1.0,1.0,1.0,0.0,0.0,3,3,0.3,1.0,0.3,0.0,0.3,0.0,1.0,0.0,1.0,1.0,0.0,1.0,0.09046106882113603,0.0,0.09046106882113603,0.009046106882113603,0.09046106882113603,0.47962000000065996,6.498337773551511e-21,6.498337773551511e-21,0.0,1.0,1.5166666666666666,0,0,0,3,C3R,0.0,0.0,0.3227199999999998,1.0,1.0,0.0,0.0,0.0,0.3227199999999998
phaseflip,phaseflip,0.1,4,0.5,10,qiskit_aer,1,1,0.6772800000000001,0.2481577777777778,0.8,0.55,0.0,0.0,1.0,0.0,0.3227199999999998,0.01481275126369163,0.33079999999999976,0.3195999999999999,0.33399999999999974,0.2951999999999999,0.2951999999999999,1.0,0.7,1.0,0.0,0.0,0.0,0.0,0.0,0.29256631039295444,0.01481275126369163,0.3006463103929544,0.28944631039295454,0.3038463103929544,0.26504631039295456,0.26504631039295456,1.0,1.0,0.0,0.0,0.0,0.0,0.0,0.0,0.3136738931178862,0.02669945436690913,0.3267999999999998,0.3029847327947158,0.33399999999999974,0.26504631039295456,0.26504631039295456,1.0,1.0,0.7,0.0,0.0,0.0,0.0,0.0,0.0,0.009046106882113603,0.09046106882113603,0.030153689607045342,0.030153689607045342,0.3136738931178862,0.02669945436690913,0.3267999999999998,0.3029847327947158,0.33399999999999974,0.26504631039295456,0.26504631039295456,1.0,1.0,0.7,0.0,0.0,0.0,0.0,0.0,0.0,0.009046106882113603,0.09046106882113603,0.030153689607045342,0.030153689607045342,0.3136738931178862,0.02669945436690913,0.3267999999999998,0.3029847327947158,0.33399999999999974,0.26504631039295456,0.26504631039295456,1.0,1.0,0.7,0.0,0.0,0.0,0.0,0.0,0.0,0.009046106882113603,0.09046106882113603,0.030153689607045342,0.030153689607045342,0.3166892620785907,0.022392693139673583,0.3267999999999998,0.3029847327947158,0.33399999999999974,0.27861547071612497,0.26504631039295456,1.0,0.9,0.8,0.0,0.0,0.0,0.0,0.0,2.166112591183837e-21,0.006030737921409068,0.060307379214090684,0.030153689607045342,0.030153689607045342,1.0,0.3,0.3,0.3,0.2,0.1,0.3,0.7,0.0,0.3,0.7,0.0,0.3,0.7,0.0,0.2,0.8,0.0,0.3,0.0,0.3,0.3,0.2,0.3,0.3,0.1,0.0,0.0,0.0,0.3,0.3,1.0,1.0,0.3,0.2,1.0,1.0,1.0,1.0,0.6666666666666666,0.6666666666666666,3,1,0.1,0.3333333333333333,0.3,0.0,0.1,0.0,1.0,0.0,1.0,0.3333333333333333,0.0,1.0,0.030153689607045342,0.0,0.030153689607045342,0.003015368960704534,0.030153689607045342,0.3518422222228822,6.498337773551511e-21,6.498337773551511e-21,0.0,0.9722222222222222,1.05,0,0,0,1,C3R,0.0,0.0,0.3166892620785907,0.8,1.0,0.2,0.0,0.0,0.3166892620785907
phaseflip,phaseflip,0.1,4,0.75,10,qiskit_aer,1,1,0.6772800000000001,0.3876422222222223,0.3888888888888889,0.23333333333333334,0.0,0.0,1.0,0.0,0.3227199999999998,0.01481275126369163,0.33079999999999976,0.3195999999999999,0.33399999999999974,0.2951999999999999,0.2951999999999999,1.0,0.8,1.0,0.0,0.0,0.0,0.0,0.0,0.29256631039295444,0.01481275126369163,0.3006463103929544,0.28944631039295454,0.3038463103929544,0.26504631039295456,0.26504631039295456,1.0,1.0,0.0,0.0,0.0,0.0,0.0,0.0,0.3166892620785907,0.02639751152478653,0.33079999999999976,0.3195999999999999,0.33399999999999974,0.26504631039295456,0.26504631039295456,1.0,1.0,0.8,0.0,0.0,0.0,0.0,0.0,0.0,0.006030737921409068,0.060307379214090684,0.030153689607045342,0.030153689607045342,0.3166892620785907,0.02639751152478653,0.33079999999999976,0.3195999999999999,0.33399999999999974,0.26504631039295456,0.26504631039295456,1.0,1.0,0.8,0.0,0.0,0.0,0.0,0.0,0.0,0.006030737921409068,0.060307379214090684,0.030153689607045342,0.030153689607045342,0.3166892620785907,0.02639751152478653,0.33079999999999976,0.3195999999999999,0.33399999999999974,0.26504631039295456,0.26504631039295456,1.0,1.0,0.8,0.0,0.0,0.0,0.0,0.0,0.0,0.006030737921409068,0.060307379214090684,0.030153689607045342,0.030153689607045342,0.3166892620785907,0.02639751152478653,0.33079999999999976,0.3195999999999999,0.33399999999999974,0.26504631039295456,0.26504631039295456,1.0,1.0,0.8,0.0,0.0,0.0,0.0,0.0,0.0,0.006030737921409068,0.060307379214090684,0.030153689607045342,0.030153689607045342,1.0,0.2,0.2,0.2,0.2,0.0,0.2,0.8,0.0,0.2,0.8,0.0,0.2,0.8,0.0,0.2,0.8,0.0,0.2,0.0,0.2,0.2,0.2,0.2,0.2,0.0,0.0,0.0,0.0,0.2,0.2,1.0,1.0,1.0,0.2,1.0,1.0,1.0,1.0,1.0,1.0,2,0,0.0,0.0,0.2,0.0,0.0,0.0,0.0,0.0,0.0,0.0,0.0,1.0,0.0,0.0,0.0,0.0,0.0,0.01235777777851461,4.332225182367674e-21,4.332225182367674e-21,0.0,0.48333333333333334,0.48333333333333334,0,0,0,0,C1,0.0,0.0,0.3166892620785907,0.8,1.0,0.2,0.0,0.0,0.3166892620785907
phaseflip,phaseflip,0.1,4,1.0,10,qiskit_aer,1,1,0.6772800000000001,0.6772800000000001,0.0,0.0,0.0,0.0,0.0,0.0,0.3227199999999998,0.01481275126369163,0.33079999999999976,0.3195999999999999,0.33399999999999974,0.2951999999999999,0.2951999999999999,1.0,0.7,1.0,0.0,0.0,0.0,0.0,0.0,0.29256631039295444,0.01481275126369163,0.3006463103929544,0.28944631039295454,0.3038463103929544,0.26504631039295456,0.26504631039295456,1.0,1.0,0.0,0.0,0.0,0.0,0.0,0.0,0.3136738931178862,0.02669945436690913,0.3267999999999998,0.3029847327947158,0.33399999999999974,0.26504631039295456,0.26504631039295456,1.0,1.0,0.7,0.0,0.0,0.0,0.0,0.0,0.0,0.009046106882113603,0.09046106882113603,0.030153689607045342,0.030153689607045342,0.3136738931178862,0.02669945436690913,0.3267999999999998,0.3029847327947158,0.33399999999999974,0.26504631039295456,0.26504631039295456,1.0,1.0,0.7,0.0,0.0,0.0,0.0,0.0,0.0,0.009046106882113603,0.09046106882113603,0.030153689607045342,0.030153689607045342,0.3136738931178862,0.02669945436690913,0.3267999999999998,0.3029847327947158,0.33399999999999974,0.26504631039295456,0.26504631039295456,1.0,1.0,0.7,0.0,0.0,0.0,0.0,0.0,0.0,0.009046106882113603,0.09046106882113603,0.030153689607045342,0.030153689607045342,0.3136738931178862,0.02669945436690913,0.3267999999999998,0.3029847327947158,0.33399999999999974,0.26504631039295456,0.26504631039295456,1.0,1.0,0.7,0.0,0.0,0.0,0.0,0.0,0.0,0.009046106882113603,0.09046106882113603,0.030153689607045342,0.030153689607045342,1.0,0.3,0.3,0.3,0.3,0.0,0.3,0.7,0.0,0.3,0.7,0.0,0.3,0.7,0.0,0.3,0.7,0.0,0.3,0.0,0.3,0.3,0.3,0.3,0.3,0.0,0.0,0.0,0.0,0.3,0.3,1.0,1.0,1.0,0.3,1.0,1.0,1.0,1.0,1.0,1.0,3,0,0.0,0.0,0.3,0.0,0.0,0.0,0.0,0.0,0.0,0.0,0.0,1.0,0.0,0.0,0.0,0.0,0.0,-0.07727999999933821,6.498337773551511e-21,6.498337773551511e-21,0.0,0.0,0.0,0,0,0,0,C1,0.0,0.0,0.3136738931178862,0.7,1.0,0.3,0.0,0.0,0.3136738931178862
phaseflip,phaseflip,0.15,1,0.25,10,qiskit_aer,1,1,0.8500000000000001,0.16055555555555556,0.9666666666666667,0.7722222222222223,0.0,0.0,1.0,0.0,0.1499999999999997,0.0,0.1499999999999997,0.1499999999999997,0.1499999999999997,0.1499999999999997,0.1499999999999997,1.0,0.5,1.0,0.0,0.0,0.0,0.0,0.0,0.11984631039295435,0.0,0.11984631039295435,0.11984631039295435,0.11984631039295435,0.11984631039295435,0.11984631039295435,1.0,1.0,0.0,0.0,0.0,0.0,0.0,0.0,0.13492315519647702,0.015076844803522671,0.13492315519647702,0.11984631039295435,0.1499999999999997,0.11984631039295435,0.11984631039295435,1.0,1.0,0.5,0.0,0.0,0.0,0.0,0.0,0.0,0.015076844803522671,0.1507684480352267,0.030153689607045342,0.030153689607045342,0.13492315519647702,0.015076844803522671,0.13492315519647702,0.11984631039295435,0.1499999999999997,0.11984631039295435,0.11984631039295435,1.0,1.0,0.5,0.0,0.0,0.0,0.0,0.0,0.0,0.015076844803522671,0.1507684480352267,0.030153689607045342,0.030153689607045342,0.13492315519647702,0.015076844803522671,0.13492315519647702,0.11984631039295435,0.1499999999999997,0.11984631039295435,0.11984631039295435,1.0,1.0,0.5,0.0,0.0,0.0,0.0,0.0,0.0,0.015076844803522671,0.1507684480352267,0.030153689607045342,0.030153689607045342,0.1499999999999997,0.0,0.1499999999999997,0.1499999999999997,0.1499999999999997,0.1499999999999997,0.1499999999999997,1.0,0.5,1.0,0.0,0.0,0.0,0.0,0.0,1.7539085960076933e-17,0.0,0.0,0.0,0.0,1.0,0.5,0.5,0.5,0.0,0.5,0.5,0.5,0.0,0.5,0.5,0.0,0.5,0.5,0.0,0.0,1.0,0.0,0.5,0.0,0.5,0.5,0.0,0.5,0.5,0.5,0.0,0.0,0.0,0.5,0.5,1.0,1.0,0.0,0.0,1.0,1.0,1.0,1.0,0.0,0.0,5,5,0.5,1.0,0.5,0.0,0.5,0.0,1.0,0.0,1.0,1.0,0.0,1.0,0.1507684480352267,0.0,0.1507684480352267,0.015076844803522671,0.1507684480352267,0.8394444444622908,1.7539085960076933e-17,1.7539085960076933e-17,0.0,1.0,1.5222222222222221,0,0,0,5,C3R,0.0,0.0,0.1499999999999997,1.0,1.0,0.0,0.0,0.0,0.1499999999999997
phaseflip,phaseflip,0.15,1,0.5,10,qiskit_aer,1,1,0.8500000000000001,0.3163888888888889,0.8222222222222222,0.5333333333333333,0.0,0.0,1.0,0.0,0.1499999999999997,0.0,0.1499999999999997,0.1499999999999997,0.1499999999999997,0.1499999999999997,0.1499999999999997,1.0,0.5,1.0,0.0,0.0,0.0,0.0,0.0,0.11984631039295435,0.0,0.11984631039295435,0.11984631039295435,0.11984631039295435,0.11984631039295435,0.11984631039295435,1.0,1.0,0.0,0.0,0.0,0.0,0.0,0.0,0.13492315519647702,0.015076844803522671,0.13492315519647702,0.11984631039295435,0.1499999999999997,0.11984631039295435,0.11984631039295435,1.0,1.0,0.5,0.0,0.0,0.0,0.0,0.0,0.0,0.015076844803522671,0.1507684480352267,0.030153689607045342,0.030153689607045342,0.13492315519647702,0.015076844803522671,0.13492315519647702,0.11984631039295435,0.1499999999999997,0.11984631039295435,0.11984631039295435,1.0,1.0,0.5,0.0,0.0,0.0,0.0,0.0,0.0,0.015076844803522671,0.1507684480352267,0.030153689607045342,0.030153689607045342,0.13492315519647702,0.015076844803522671,0.13492315519647702,0.11984631039295435,0.1499999999999997,0.11984631039295435,0.11984631039295435,1.0,1.0,0.5,0.0,0.0,0.0,0.0,0.0,0.0,0.015076844803522671,0.1507684480352267,0.030153689607045342,0.030153689607045342,0.1499999999999997,0.0,0.1499999999999997,0.1499999999999997,0.1499999999999997,0.1499999999999997,0.1499999999999997,1.0,0.5,1.0,0.0,0.0,0.0,0.0,0.0,1.7539085960076933e-17,0.0,0.0,0.0,0.0,1.0,0.5,0.5,0.5,0.0,0.5,0.5,0.5,0.0,0.5,0.5,0.0,0.5,0.5,0.0,0.0,1.0,0.0,0.5,0.0,0.5,0.5,0.0,0.5,0.5,0.5,0.0,0.0,0.0,0.5,0.5,1.0,1.0,0.2,0.0,1.0,1.0,1.0,1.0,0.0,0.0,5,5,0.5,1.0,0.5,0.0,0.5,0.0,1.0,0.0,1.0,1.0,0.0,1.0,0.1507684480352267,0.0,0.1507684480352267,0.015076844803522671,0.1507684480352267,0.6836111111289574,1.7539085960076933e-17,1.7539085960076933e-17,0.0,0.9777777777777777,1.0333333333333334,0,0,0,5,C3R,0.0,0.0,0.1499999999999997,1.0,1.0,0.0,0.0,0.0,0.1499999999999997
phaseflip,phaseflip,0.15,1,0.75,10,qiskit_aer,1,1,0.8500000000000001,0.5430555555555556,0.37777777777777777,0.23333333333333334,0.0,0.0,1.0,0.0,0.1499999999999997,0.0,0.1499999999999997,0.1499999999999997,0.1499999999999997,0.1499999999999997,0.1499999999999997,1.0,0.5,1.0,0.0,0.0,0.0,0.0,0.0,0.11984631039295435,0.0,0.11984631039295435,0.11984631039295435,0.11984631039295435,0.11984631039295435,0.11984631039295435,1.0,1.0,0.0,0.0,0.0,0.0,0.0,0.0,0.13492315519647702,0.015076844803522671,0.13492315519647702,0.11984631039295435,0.1499999999999997,0.11984631039295435,0.11984631039295435,1.0,1.0,0.5,0.0,0.0,0.0,0.0,0.0,0.0,0.015076844803522671,0.1507684480352267,0.030153689607045342,0.030153689607045342,0.13492315519647702,0.015076844803522671,0.13492315519647702,0.11984631039295435,0.1499999999999997,0.11984631039295435,0.11984631039295435,1.0,1.0,0.5,0.0,0.0,0.0,0.0,0.0,0.0,0.015076844803522671,0.1507684480352267,0.030153689607045342,0.030153689607045342,0.13492315519647702,0.015076844803522671,0.13492315519647702,0.11984631039295435,0.1499999999999997,0.11984631039295435,0.11984631039295435,1.0,1.0,0.5,0.0,0.0,0.0,0.0,0.0,0.0,0.015076844803522671,0.1507684480352267,0.030153689607045342,0.030153689607045342,0.13492315519647702,0.015076844803522671,0.13492315519647702,0.11984631039295435,0.1499999999999997,0.11984631039295435,0.11984631039295435,1.0,1.0,0.5,0.0,0.0,0.0,0.0,0.0,0.0,0.015076844803522671,0.1507684480352267,0.030153689607045342,0.030153689607045342,1.0,0.5,0.5,0.5,0.5,0.0,0.5,0.5,0.0,0.5,0.5,0.0,0.5,0.5,0.0,0.5,0.5,0.0,0.5,0.0,0.5,0.5,0.5,0.5,0.5,0.0,0.0,0.0,0.0,0.5,0.5,1.0,1.0,1.0,0.5,1.0,1.0,1.0,1.0,1.0,1.0,5,0,0.0,0.0,0.5,0.0,0.0,0.0,0.0,0.0,0.0,0.0,0.0,1.0,0.0,0.0,0.0,0.0,0.0,0.4569444444622908,1.7539085960076933e-17,1.7539085960076933e-17,0.0,0.48333333333333334,0.48333333333333334,0,0,0,0,C1,0.0,0.0,0.13492315519647702,0.5,1.0,0.5,0.0,0.0,0.13492315519647702
phaseflip,phaseflip,0.15,1,1.0,10,qiskit_aer,1,1,0.8500000000000001,0.8500000000000001,0.0,0.0,0.0,0.0,0.0,0.0,0.1499999999999997,0.0,0.1499999999999997,0.1499999999999997,0.1499999999999997,0.1499999999999997,0.1499999999999997,1.0,0.5,1.0,0.0,0.0,0.0,0.0,0.0,0.11984631039295435,0.0,0.11984631039295435,0.11984631039295435,0.11984631039295435,0.11984631039295435,0.11984631039295435,1.0,1.0,0.0,0.0,0.0,0.0,0.0,0.0,0.13492315519647702,0.015076844803522671,0.13492315519647702,0.11984631039295435,0.1499999999999997,0.11984631039295435,0.11984631039295435,1.0,1.0,0.5,0.0,0.0,0.0,0.0,0.0,0.0,0.015076844803522671,0.1507684480352267,0.030153689607045342,0.030153689607045342,0.13492315519647702,0.015076844803522671,0.13492315519647702,0.11984631039295435,0.1499999999999997,0.11984631039295435,0.11984631039295435,1.0,1.0,0.5,0.0,0.0,0.0,0.0,0.0,0.0,0.015076844803522671,0.1507684480352267,0.030153689607045342,0.030153689607045342,0.13492315519647702,0.015076844803522671,0.13492315519647702,0.11984631039295435,0.1499999999999997,0.11984631039295435,0.11984631039295435,1.0,1.0,0.5,0.0,0.0,0.0,0.0,0.0,0.0,0.015076844803522671,0.1507684480352267,0.030153689607045342,0.030153689607045342,0.13492315519647702,0.015076844803522671,0.13492315519647702,0.11984631039295435,0.1499999999999997,0.11984631039295435,0.11984631039295435,1.0,1.0,0.5,0.0,0.0,0.0,0.0,0.0,0.0,0.015076844803522671,0.1507684480352267,0.030153689607045342,0.030153689607045342,1.0,0.5,0.5,0.5,0.5,0.0,0.5,0.5,0.0,0.5,0.5,0.0,0.5,0.5,0.0,0.5,0.5,0.0,0.5,0.0,0.5,0.5,0.5,0.5,0.5,0.0,0.0,0.0,0.0,0.5,0.5,1.0,1.0,1.0,0.5,1.0,1.0,1.0,1.0,1.0,1.0,5,0,0.0,0.0,0.5,0.0,0.0,0.0,0.0,0.0,0.0,0.0,0.0,1.0,0.0,0.0,0.0,0.0,0.0,0.15000000001784616,1.7539085960076933e-17,1.7539085960076933e-17,0.0,0.0,0.0,0,0,0,0,C1,0.0,0.0,0.13492315519647702,0.5,1.0,0.5,0.0,0.0,0.13492315519647702
phaseflip,phaseflip,0.15,2,0.25,10,qiskit_aer,1,1,0.7360000000000001,0.11000000000000001,0.9666666666666667,0.7722222222222223,0.0,0.0,1.0,0.0,0.2639999999999998,0.011022703842524283,0.2549999999999998,0.2549999999999998,0.27749999999999975,0.2549999999999998,0.25499999999999984,1.0,0.3,1.0,0.0,0.0,0.0,0.0,0.0,0.23384631039295442,0.011022703842524285,0.22484631039295444,0.22484631039295444,0.2473463103929544,0.22484631039295444,0.2248463103929544,1.0,1.0,0.0,0.0,0.0,0.0,0.0,0.0,0.24289241727506802,0.02359420130391901,0.22484631039295444,0.22484631039295444,0.2699615775982384,0.22484631039295444,0.2248463103929544,1.0,1.0,0.3,0.0,0.0,0.0,0.0,0.0,0.0,0.02110758272493174,0.2110758272493174,0.030153689607045342,0.030153689607045342,0.24289241727506802,0.02359420130391901,0.22484631039295444,0.22484631039295444,0.2699615775982384,0.22484631039295444,0.2248463103929544,1.0,1.0,0.3,0.0,0.0,0.0,0.0,0.0,0.0,0.02110758272493174,0.2110758272493174,0.030153689607045342,0.030153689607045342,0.24289241727506802,0.02359420130391901,0.22484631039295444,0.22484631039295444,0.2699615775982384,0.22484631039295444,0.2248463103929544,1.0,1.0,0.3,0.0,0.0,0.0,0.0,0.0,0.0,0.02110758272493174,0.2110758272493174,0.030153689607045342,0.030153689607045342,0.2639999999999998,0.011022703842524283,0.2549999999999998,0.2549999999999998,0.27749999999999975,0.2549999999999998,0.25499999999999984,1.0,0.3,1.0,0.0,0.0,0.0,0.0,0.0,0.0026948568852589666,0.0,0.0,0.0,0.0,1.0,0.7,0.7,0.7,0.0,0.7,0.7,0.3,0.0,0.7,0.3,0.0,0.7,0.3,0.0,0.0,1.0,0.0,0.7,0.0,0.7,0.7,0.0,0.7,0.7,0.7,0.0,0.0,0.0,0.7,0.7,1.0,1.0,0.0,0.0,1.0,1.0,1.0,1.0,0.0,0.0,7,7,0.7,1.0,0.7,0.0,0.7,0.0,1.0,0.0,1.0,1.0,0.0,1.0,0.2110758272493174,0.0,0.2110758272493174,0.02110758272493174,0.2110758272493174,1.290000000001211,0.0026948568852589666,0.0026948568852589666,0.0,1.0,1.5222222222222221,0,0,0,7,C3R,0.0,0.0,0.2639999999999998,1.0,1.0,0.0,0.0,0.0,0.2639999999999998
phaseflip,phaseflip,0.15,2,0.5,10,qiskit_aer,1,1,0.7360000000000001,0.2616388888888889,0.8222222222222222,0.5333333333333333,0.0,0.0,1.0,0.0,0.2639999999999998,0.011022703842524283,0.2549999999999998,0.2549999999999998,0.27749999999999975,0.2549999999999998,0.25499999999999984,1.0,0.3,1.0,0.0,0.0,0.0,0.0,0.0,0.23384631039295442,0.011022703842524285,0.22484631039295444,0.22484631039295444,0.2473463103929544,0.22484631039295444,0.2248463103929544,1.0,1.0,0.0,0.0,0.0,0.0,0.0,0.0,0.24289241727506802,0.02359420130391901,0.22484631039295444,0.22484631039295444,0.2699615775982384,0.22484631039295444,0.2248463103929544,1.0,1.0,0.3,0.0,0.0,0.0,0.0,0.0,0.0,0.02110758272493174,0.2110758272493174,0.030153689607045342,0.030153689607045342,0.24289241727506802,0.02359420130391901,0.22484631039295444,0.22484631039295444,0.2699615775982384,0.22484631039295444,0.2248463103929544,1.0,1.0,0.3,0.0,0.0,0.0,0.0,0.0,0.0,0.02110758272493174,0.2110758272493174,0.030153689607045342,0.030153689607045342,0.24289241727506802,0.02359420130391901,0.22484631039295444,0.22484631039295444,0.2699615775982384,0.22484631039295444,0.2248463103929544,1.0,1.0,0.3,0.0,0.0,0.0,0.0,0.0,0.0,0.02110758272493174,0.2110758272493174,0.030153689607045342,0.030153689607045342,0.26098463103929526,0.016050192865361593,0.2549999999999998,0.2549999999999998,0.27749999999999975,0.23841547071612484,0.22484631039295444,1.0,0.4,0.9,0.0,0.0,0.0,0.0,0.0,0.0026948568852589723,0.003015368960704534,0.030153689607045342,0.016584529283874903,0.030153689607045342,1.0,0.7,0.7,0.7,0.1,0.6,0.7,0.3,0.0,0.7,0.3,0.0,0.7,0.3,0.0,0.1,0.9,0.0,0.7,0.0,0.7,0.7,0.1,0.7,0.7,0.6,0.0,0.0,0.0,0.7,0.7,1.0,1.0,0.2,0.1,1.0,1.0,1.0,1.0,0.14285714285714285,0.14285714285714285,7,6,0.6,0.8571428571428571,0.7,0.0,0.6,0.0,1.0,0.0,1.0,0.8571428571428571,0.0,1.0,0.18092213764227205,0.0,0.18092213764227205,0.018092213764227205,0.18092213764227205,1.1383611111123908,0.0026948568852589723,0.0026948568852589723,0.0,0.9777777777777777,1.0333333333333334,0,0,0,6,C3R,0.0,0.0,0.26098463103929526,0.9,1.0,0.1,0.0,0.0,0.26098463103929526
phaseflip,phaseflip,0.15,2,0.75,10,qiskit_aer,1,1,0.7360000000000001,0.4293333333333334,0.37777777777777777,0.23333333333333334,0.0,0.0,1.0,0.0,0.2639999999999998,0.011022703842524283,0.2549999999999998,0.2549999999999998,0.27749999999999975,0.2549999999999998,0.25499999999999984,1.0,0.3,1.0,0.0,0.0,0.0,0.0,0.0,0.23384631039295442,0.011022703842524285,0.22484631039295444,0.22484631039295444,0.2473463103929544,0.22484631039295444,0.2248463103929544,1.0,1.0,0.0,0.0,0.0,0.0,0.0,0.0,0.24289241727506802,0.02359420130391901,0.22484631039295444,0.22484631039295444,0.2699615775982384,0.22484631039295444,0.2248463103929544,1.0,1.0,0.3,0.0,0.0,0.0,0.0,0.0,0.0,0.02110758272493174,0.2110758272493174,0.030153689607045342,0.030153689607045342,0.24289241727506802,0.02359420130391901,0.22484631039295444,0.22484631039295444,0.2699615775982384,0.22484631039295444,0.2248463103929544,1.0,1.0,0.3,0.0,0.0,0.0,0.0,0.0,0.0,0.02110758272493174,0.2110758272493174,0.030153689607045342,0.030153689607045342,0.24289241727506802,0.02359420130391901,0.22484631039295444,0.22484631039295444,0.2699615775982384,0.22484631039295444,0.2248463103929544,1.0,1.0,0.3,0.0,0.0,0.0,0.0,0.0,0.0,0.02110758272493174,0.2110758272493174,0.030153689607045342,0.030153689607045342,0.24289241727506802,0.02359420130391901,0.22484631039295444,0.22484631039295444,0.2699615775982384,0.22484631039295444,0.2248463103929544,1.0,1.0,0.3,0.0,0.0,0.0,0.0,0.0,0.0,0.02110758272493174,0.2110758272493174,0.030153689607045342,0.030153689607045342,1.0,0.7,0.7,0.7,0.7,0.0,0.7,0.3,0.0,0.7,0.3,0.0,0.7,0.3,0.0,0.7,0.3,0.0,0.7,0.0,0.7,0.7,0.7,0.7,0.7,0.0,0.0,0.0,0.0,0.7,0.7,1.0,1.0,1.0,0.7,1.0,1.0,1.0,1.0,1.0,1.0,7,0,0.0,0.0,0.7,0.0,0.0,0.0,0.0,0.0,0.0,0.0,0.0,1.0,0.0,0.0,0.0,0.0,0.0,0.9706666666678777,0.0026948568852589666,0.0026948568852589666,0.0,0.48333333333333334,0.48333333333333334,0,0,0,0,C1,0.0,0.0,0.24289241727506802,0.3,1.0,0.7,0.0,0.0,0.24289241727506802
phaseflip,phaseflip,0.15,2,1.0,10,qiskit_aer,1,1,0.7360000000000001,0.7360000000000001,0.0,0.0,0.0,0.0,0.0,0.0,0.2639999999999998,0.011022703842524283,0.2549999999999998,0.2549999999999998,0.27749999999999975,0.2549999999999998,0.25499999999999984,1.0,0.3,1.0,0.0,0.0,0.0,0.0,0.0,0.23384631039295442,0.011022703842524285,0.22484631039295444,0.22484631039295444,0.2473463103929544,0.22484631039295444,0.2248463103929544,1.0,1.0,0.0,0.0,0.0,0.0,0.0,0.0,0.24289241727506802,0.02359420130391901,0.22484631039295444,0.22484631039295444,0.2699615775982384,0.22484631039295444,0.2248463103929544,1.0,1.0,0.3,0.0,0.0,0.0,0.0,0.0,0.0,0.02110758272493174,0.2110758272493174,0.030153689607045342,0.030153689607045342,0.24289241727506802,0.02359420130391901,0.22484631039295444,0.22484631039295444,0.2699615775982384,0.22484631039295444,0.2248463103929544,1.0,1.0,0.3,0.0,0.0,0.0,0.0,0.0,0.0,0.02110758272493174,0.2110758272493174,0.030153689607045342,0.030153689607045342,0.24289241727506802,0.02359420130391901,0.22484631039295444,0.22484631039295444,0.2699615775982384,0.22484631039295444,0.2248463103929544,1.0,1.0,0.3,0.0,0.0,0.0,0.0,0.0,0.0,0.02110758272493174,0.2110758272493174,0.030153689607045342,0.030153689607045342,0.24289241727506802,0.02359420130391901,0.22484631039295444,0.22484631039295444,0.2699615775982384,0.22484631039295444,0.2248463103929544,1.0,1.0,0.3,0.0,0.0,0.0,0.0,0.0,0.0,0.02110758272493174,0.2110758272493174,0.030153689607045342,0.030153689607045342,1.0,0.7,0.7,0.7,0.7,0.0,0.7,0.3,0.0,0.7,0.3,0.0,0.7,0.3,0.0,0.7,0.3,0.0,0.7,0.0,0.7,0.7,0.7,0.7,0.7,0.0,0.0,0.0,0.0,0.7,0.7,1.0,1.0,1.0,0.7,1.0,1.0,1.0,1.0,1.0,1.0,7,0,0.0,0.0,0.7,0.0,0.0,0.0,0.0,0.0,0.0,0.0,0.0,1.0,0.0,0.0,0.0,0.0,0.0,0.6640000000012454,0.0026948568852589666,0.0026948568852589666,0.0,0.0,0.0,0,0,0,0,C1,0.0,0.0,0.24289241727506802,0.3,1.0,0.7,0.0,0.0,0.24289241727506802
phaseflip,phaseflip,0.15,3,0.25,10,qiskit_aer,1,1,0.6400000000000001,0.10332361111111113,0.9555555555555555,0.7666666666666667,0.0,0.0,1.0,0.0,0.3599999999999997,0.021628106713256233,0.3667499999999997,0.33806249999999977,0.3785624999999997,0.32849999999999974,0.32849999999999974,1.0,0.9,1.0,0.0,0.0,0.0,0.0,0.0,0.32984631039295437,0.021628106713256233,0.33659631039295435,0.3079088103929544,0.34840881039295435,0.2983463103929544,0.2983463103929544,1.0,1.0,0.0,0.0,0.0,0.0,0.0,0.0,0.3569846310392952,0.022558802467177005,0.3667499999999997,0.33052407759823843,0.3785624999999997,0.32849999999999974,0.32849999999999974,1.0,1.0,0.9,0.0,0.0,0.0,0.0,0.0,0.0,0.003015368960704534,0.030153689607045342,0.016584529283874903,0.030153689607045342,0.3569846310392952,0.022558802467177005,0.3667499999999997,0.33052407759823843,0.3785624999999997,0.32849999999999974,0.32849999999999974,1.0,1.0,0.9,0.0,0.0,0.0,0.0,0.0,0.0,0.003015368960704534,0.030153689607045342,0.016584529283874903,0.030153689607045342,0.3569846310392952,0.022558802467177005,0.3667499999999997,0.33052407759823843,0.3785624999999997,0.32849999999999974,0.32849999999999974,1.0,1.0,0.9,0.0,0.0,0.0,0.0,0.0,0.0,0.003015368960704534,0.030153689607045342,0.016584529283874903,0.030153689607045342,0.3599999999999997,0.021628106713256233,0.3667499999999997,0.33806249999999977,0.3785624999999997,0.32849999999999974,0.32849999999999974,1.0,0.9,1.0,0.0,0.0,0.0,0.0,0.0,2.166112591183837e-21,0.0,0.0,0.0,0.0,1.0,0.1,0.1,0.1,0.0,0.1,0.1,0.9,0.0,0.1,0.9,0.0,0.1,0.9,0.0,0.0,1.0,0.0,0.1,0.0,0.1,0.1,0.0,0.1,0.1,0.1,0.0,0.0,0.0,0.1,0.1,1.0,1.0,0.0,0.0,1.0,1.0,1.0,1.0,0.0,0.0,1,1,0.1,1.0,0.1,0.0,0.1,0.0,1.0,0.0,1.0,1.0,0.0,1.0,0.030153689607045342,0.0,0.030153689607045342,0.003015368960704534,0.030153689607045342,0.09667638888941114,2.166112591183837e-21,2.166112591183837e-21,0.0,1.0,1.5166666666666666,0,0,0,1,C3R,0.0,0.0,0.3599999999999997,1.0,1.0,0.0,0.0,0.0,0.3599999999999997
phaseflip,phaseflip,0.15,3,0.5,10,qiskit_aer,1,1,0.6400000000000001,0.21308333333333337,0.8,0.55,0.0,0.0,1.0,0.0,0.3599999999999997,0.021628106713256233,0.3667499999999997,0.33806249999999977,0.3785624999999997,0.32849999999999974,0.32849999999999974,1.0,0.9,1.0,0.0,0.0,0.0,0.0,0.0,0.32984631039295437,0.021628106713256233,0.33659631039295435,0.3079088103929544,0.34840881039295435,0.2983463103929544,0.2983463103929544,1.0,1.0,0.0,0.0,0.0,0.0,0.0,0.0,0.3569846310392952,0.022558802467177005,0.3667499999999997,0.33052407759823843,0.3785624999999997,0.32849999999999974,0.32849999999999974,1.0,1.0,0.9,0.0,0.0,0.0,0.0,0.0,0.0,0.003015368960704534,0.030153689607045342,0.016584529283874903,0.030153689607045342,0.3569846310392952,0.022558802467177005,0.3667499999999997,0.33052407759823843,0.3785624999999997,0.32849999999999974,0.32849999999999974,1.0,1.0,0.9,0.0,0.0,0.0,0.0,0.0,0.0,0.003015368960704534,0.030153689607045342,0.016584529283874903,0.030153689607045342,0.3569846310392952,0.022558802467177005,0.3667499999999997,0.33052407759823843,0.3785624999999997,0.32849999999999974,0.32849999999999974,1.0,1.0,0.9,0.0,0.0,0.0,0.0,0.0,0.0,0.003015368960704534,0.030153689607045342,0.016584529283874903,0.030153689607045342,0.3599999999999997,0.021628106713256233,0.3667499999999997,0.33806249999999977,0.3785624999999997,0.32849999999999974,0.32849999999999974,1.0,0.9,1.0,0.0,0.0,0.0,0.0,0.0,9.33517426776006e-22,0.0,0.0,0.0,0.0,1.0,0.1,0.1,0.1,0.0,0.1,0.1,0.9,0.0,0.1,0.9,0.0,0.1,0.9,0.0,0.0,1.0,0.0,0.1,0.0,0.1,0.1,0.0,0.1,0.1,0.1,0.0,0.0,0.0,0.1,0.1,1.0,1.0,0.3,0.0,1.0,1.0,1.0,1.0,0.0,0.0,1,1,0.1,1.0,0.1,0.0,0.1,0.0,1.0,0.0,1.0,1.0,0.0,1.0,0.030153689607045342,0.0,0.030153689607045342,0.003015368960704534,0.030153689607045342,-0.013083333332856361,9.33517426776006e-22,9.33517426776006e-22,0.0,0.9722222222222222,1.05,0,0,0,1,C3R,0.0,0.0,0.3599999999999997,1.0,1.0,0.0,0.0,0.0,0.3599999999999997
phaseflip,phaseflip,0.15,3,0.75,10,qiskit_aer,1,1,0.6400000000000001,0.33175416666666674,0.3888888888888889,0.23333333333333334,0.0,0.0,1.0,0.0,0.3599999999999997,0.021628106713256233,0.3667499999999997,0.33806249999999977,0.3785624999999997,0.32849999999999974,0.32849999999999974,1.0,1.0,1.0,0.0,0.0,0.0,0.0,0.0,0.32984631039295437,0.021628106713256233,0.33659631039295435,0.3079088103929544,0.34840881039295435,0.2983463103929544,0.2983463103929544,1.0,1.0,0.0,0.0,0.0,0.0,0.0,0.0,0.3599999999999997,0.021628106713256233,0.3667499999999997,0.33806249999999977,0.3785624999999997,0.32849999999999974,0.32849999999999974,1.0,1.0,1.0,0.0,0.0,0.0,0.0,0.0,0.0,0.0,0.0,0.0,0.0,0.3599999999999997,0.021628106713256233,0.3667499999999997,0.33806249999999977,0.3785624999999997,0.32849999999999974,0.32849999999999974,1.0,1.0,1.0,0.0,0.0,0.0,0.0,0.0,0.0,0.0,0.0,0.0,0.0,0.3599999999999997,0.021628106713256233,0.3667499999999997,0.33806249999999977,0.3785624999999997,0.32849999999999974,0.32849999999999974,1.0,1.0,1.0,0.0,0.0,0.0,0.0,0.0,0.0,0.0,0.0,0.0,0.0,0.3599999999999997,0.021628106713256233,0.3667499999999997,0.33806249999999977,0.3785624999999997,0.32849999999999974,0.32849999999999974,1.0,1.0,1.0,0.0,0.0,0.0,0.0,0.0,0.0,0.0,0.0,0.0,0.0,1.0,0.0,0.0,0.0,0.0,0.0,0.0,1.0,0.0,0.0,1.0,0.0,0.0,1.0,0.0,0.0,1.0,0.0,0.0,0.0,0.0,0.0,0.0,0.0,0.0,0.0,0.0,0.0,0.0,0.0,0.0,1.0,1.0,1.0,0.0,0.0,0.0,0.0,0.0,0.0,0.0,0,0,0.0,0.0,0.0,0.0,0.0,0.0,0.0,0.0,0.0,0.0,0.0,1.0,0.0,0.0,0.0,0.0,0.0,-0.33175416666621116,0.0,0.0,0.0,0.48333333333333334,0.48333333333333334,0,0,0,0,C1,0.0,0.0,0.3599999999999997,1.0,1.0,0.0,0.0,0.0,0.3599999999999997
phaseflip,phaseflip,0.15,3,1.0,10,qiskit_aer,1,1,0.6400000000000001,0.6400000000000001,0.0,0.0,0.0,0.0,0.0,0.0,0.3599999999999997,0.021628106713256233,0.3667499999999997,0.33806249999999977,0.3785624999999997,0.32849999999999974,0.32849999999999974,1.0,0.9,1.0,0.0,0.0,0.0,0.0,0.0,0.32984631039295437,0.021628106713256233,0.33659631039295435,0.3079088103929544,0.34840881039295435,0.2983463103929544,0.2983463103929544,1.0,1.0,0.0,0.0,0.0,0.0,0.0,0.0,0.3569846310392952,0.022558802467177005,0.3667499999999997,0.33052407759823843,0.3785624999999997,0.32849999999999974,0.32849999999999974,1.0,1.0,0.9,0.0,0.0,0.0,0.0,0.0,0.0,0.003015368960704534,0.030153689607045342,0.016584529283874903,0.030153689607045342,0.3569846310392952,0.022558802467177005,0.3667499999999997,0.33052407759823843,0.3785624999999997,0.32849999999999974,0.32849999999999974,1.0,1.0,0.9,0.0,0.0,0.0,0.0,0.0,0.0,0.003015368960704534,0.030153689607045342,0.016584529283874903,0.030153689607045342,0.3569846310392952,0.022558802467177005,0.3667499999999997,0.33052407759823843,0.3785624999999997,0.32849999999999974,0.32849999999999974,1.0,1.0,0.9,0.0,0.0,0.0,0.0,0.0,0.0,0.003015368960704534,0.030153689607045342,0.016584529283874903,0.030153689607045342,0.3569846310392952,0.022558802467177005,0.3667499999999997,0.33052407759823843,0.3785624999999997,0.32849999999999974,0.32849999999999974,1.0,1.0,0.9,0.0,0.0,0.0,0.0,0.0,0.0,0.003015368960704534,0.030153689607045342,0.016584529283874903,0.030153689607045342,1.0,0.1,0.1,0.1,0.1,0.0,0.1,0.9,0.0,0.1,0.9,0.0,0.1,0.9,0.0,0.1,0.9,0.0,0.1,0.0,0.1,0.1,0.1,0.1,0.1,0.0,0.0,0.0,0.0,0.1,0.1,1.0,1.0,1.0,0.1,1.0,1.0,1.0,1.0,1.0,1.0,1,0,0.0,0.0,0.1,0.0,0.0,0.0,0.0,0.0,0.0,0.0,0.0,1.0,0.0,0.0,0.0,0.0,0.0,-0.43999999999954703,2.166112591183837e-21,2.166112591183837e-21,0.0,0.0,0.0,0,0,0,0,C1,0.0,0.0,0.3569846310392952,0.9,1.0,0.1,0.0,0.0,0.3569846310392952
phaseflip,phaseflip,0.15,4,0.25,10,qiskit_aer,1,1,0.5656675,0.08829722222222224,0.9555555555555555,0.7666666666666667,0.0,0.0,1.0,0.0,0.4343324999999998,0.02903058957806402,0.4504874999999998,0.42922499999999975,0.45599999999999974,0.3799499999999998,0.3799499999999998,1.0,0.9,1.0,0.0,0.0,0.0,0.0,0.0,0.40417881039295445,0.02903058957806402,0.4203338103929545,0.3990713103929544,0.4258463103929544,0.34979631039295445,0.34979631039295445,1.0,1.0,0.0,0.0,0.0,0.0,0.0,0.0,0.43131713103929525,0.029333002789418364,0.44261249999999974,0.41842223279471585,0.45599999999999974,0.3799499999999998,0.3799499999999998,1.0,1.0,0.9,0.0,0.0,0.0,0.0,0.0,0.0,0.003015368960704534,0.030153689607045342,0.016584529283874903,0.030153689607045342,0.43131713103929525,0.029333002789418364,0.44261249999999974,0.41842223279471585,0.45599999999999974,0.3799499999999998,0.3799499999999998,1.0,1.0,0.9,0.0,0.0,0.0,0.0,0.0,0.0,0.003015368960704534,0.030153689607045342,0.016584529283874903,0.030153689607045342,0.43131713103929525,0.029333002789418364,0.44261249999999974,0.41842223279471585,0.45599999999999974,0.3799499999999998,0.3799499999999998,1.0,1.0,0.9,0.0,0.0,0.0,0.0,0.0,0.0,0.003015368960704534,0.030153689607045342,0.016584529283874903,0.030153689607045342,0.4343324999999998,0.02903058957806402,0.4504874999999998,0.42922499999999975,0.45599999999999974,0.3799499999999998,0.3799499999999998,1.0,0.9,1.0,0.0,0.0,0.0,0.0,0.0,2.166112591183837e-21,0.0,0.0,0.0,0.0,1.0,0.1,0.1,0.1,0.0,0.1,0.1,0.9,0.0,0.1,0.9,0.0,0.1,0.9,0.0,0.0,1.0,0.0,0.1,0.0,0.1,0.1,0.0,0.1,0.1,0.1,0.0,0.0,0.0,0.1,0.1,1.0,1.0,0.0,0.0,1.0,1.0,1.0,1.0,0.0,0.0,1,1,0.1,1.0,0.1,0.0,0.1,0.0,1.0,0.0,1.0,1.0,0.0,1.0,0.030153689607045342,0.0,0.030153689607045342,0.003015368960704534,0.030153689607045342,0.11170277777785653,2.166112591183837e-21,2.166112591183837e-21,0.0,1.0,1.5166666666666666,0,0,0,1,C3R,0.0,0.0,0.4343324999999998,1.0,1.0,0.0,0.0,0.0,0.4343324999999998
phaseflip,phaseflip,0.15,4,0.5,10,qiskit_aer,1,1,0.5656675,0.17284722222222224,0.8,0.55,0.0,0.0,1.0,0.0,0.4343324999999998,0.02903058957806402,0.4504874999999998,0.42922499999999975,0.45599999999999974,0.3799499999999998,0.3799499999999998,1.0,0.9,1.0,0.0,0.0,0.0,0.0,0.0,0.40417881039295445,0.02903058957806402,0.4203338103929545,0.3990713103929544,0.4258463103929544,0.34979631039295445,0.34979631039295445,1.0,1.0,0.0,0.0,0.0,0.0,0.0,0.0,0.43131713103929525,0.029333002789418364,0.44261249999999974,0.41842223279471585,0.45599999999999974,0.3799499999999998,0.3799499999999998,1.0,1.0,0.9,0.0,0.0,0.0,0.0,0.0,0.0,0.003015368960704534,0.030153689607045342,0.016584529283874903,0.030153689607045342,0.43131713103929525,0.029333002789418364,0.44261249999999974,0.41842223279471585,0.45599999999999974,0.3799499999999998,0.3799499999999998,1.0,1.0,0.9,0.0,0.0,0.0,0.0,0.0,0.0,0.003015368960704534,0.030153689607045342,0.016584529283874903,0.030153689607045342,0.43131713103929525,0.029333002789418364,0.44261249999999974,0.41842223279471585,0.45599999999999974,0.3799499999999998,0.3799499999999998,1.0,1.0,0.9,0.0,0.0,0.0,0.0,0.0,0.0,0.003015368960704534,0.030153689607045342,0.016584529283874903,0.030153689607045342,0.43131713103929525,0.029333002789418364,0.44261249999999974,0.41842223279471585,0.45599999999999974,0.3799499999999998,0.3799499999999998,1.0,1.0,0.9,0.0,0.0,0.0,0.0,0.0,0.0,0.003015368960704534,0.030153689607045342,0.016584529283874903,0.030153689607045342,1.0,0.1,0.1,0.1,0.1,0.0,0.1,0.9,0.0,0.1,0.9,0.0,0.1,0.9,0.0,0.1,0.9,0.0,0.1,0.0,0.1,0.1,0.1,0.1,0.1,0.0,0.0,0.0,0.0,0.1,0.1,1.0,1.0,0.3,0.1,1.0,1.0,1.0,1.0,1.0,1.0,1,0,0.0,0.0,0.1,0.0,0.0,0.0,0.0,0.0,0.0,0.0,0.0,1.0,0.0,0.0,0.0,0.0,0.0,0.027152777777868,9.33517426776006e-22,9.33517426776006e-22,0.0,0.9722222222222222,1.05,0,0,0,0,C1,0.0,0.0,0.43131713103929525,0.9,1.0,0.1,0.0,0.0,0.43131713103929525
phaseflip,phaseflip,0.15,4,0.75,10,qiskit_aer,1,1,0.5656675,0.28068277777777784,0.3888888888888889,0.23333333333333334,0.0,0.0,1.0,0.0,0.4343324999999998,0.02903058957806402,0.4504874999999998,0.42922499999999975,0.45599999999999974,0.3799499999999998,0.3799499999999998,1.0,1.0,1.0,0.0,0.0,0.0,0.0,0.0,0.40417881039295445,0.02903058957806402,0.4203338103929545,0.3990713103929544,0.4258463103929544,0.34979631039295445,0.34979631039295445,1.0,1.0,0.0,0.0,0.0,0.0,0.0,0.0,0.4343324999999998,0.02903058957806402,0.4504874999999998,0.42922499999999975,0.45599999999999974,0.3799499999999998,0.3799499999999998,1.0,1.0,1.0,0.0,0.0,0.0,0.0,0.0,0.0,0.0,0.0,0.0,0.0,0.4343324999999998,0.02903058957806402,0.4504874999999998,0.42922499999999975,0.45599999999999974,0.3799499999999998,0.3799499999999998,1.0,1.0,1.0,0.0,0.0,0.0,0.0,0.0,0.0,0.0,0.0,0.0,0.0,0.4343324999999998,0.02903058957806402,0.4504874999999998,0.42922499999999975,0.45599999999999974,0.3799499999999998,0.3799499999999998,1.0,1.0,1.0,0.0,0.0,0.0,0.0,0.0,0.0,0.0,0.0,0.0,0.0,0.4343324999999998,0.02903058957806402,0.4504874999999998,0.42922499999999975,0.45599999999999974,0.3799499999999998,0.3799499999999998,1.0,1.0,1.0,0.0,0.0,0.0,0.0,0.0,0.0,0.0,0.0,0.0,0.0,1.0,0.0,0.0,0.0,0.0,0.0,0.0,1.0,0.0,0.0,1.0,0.0,0.0,1.0,0.0,0.0,1.0,0.0,0.0,0.0,0.0,0.0,0.0,0.0,0.0,0.0,0.0,0.0,0.0,0.0,0.0,1.0,1.0,1.0,0.0,0.0,0.0,0.0,0.0,0.0,0.0,0,0,0.0,0.0,0.0,0.0,0.0,0.0,0.0,0.0,0.0,0.0,0.0,1.0,0.0,0.0,0.0,0.0,0.0,-0.2806827777777083,0.0,0.0,0.0,0.48333333333333334,0.48333333333333334,0,0,0,0,C1,0.0,0.0,0.4343324999999998,1.0,1.0,0.0,0.0,0.0,0.4343324999999998
phaseflip,phaseflip,0.15,4,1.0,10,qiskit_aer,1,1,0.5656675,0.5656675,0.0,0.0,0.0,0.0,0.0,0.0,0.4343324999999998,0.02903058957806402,0.4504874999999998,0.42922499999999975,0.45599999999999974,0.3799499999999998,0.3799499999999998,1.0,1.0,1.0,0.0,0.0,0.0,0.0,0.0,0.40417881039295445,0.02903058957806402,0.4203338103929545,0.3990713103929544,0.4258463103929544,0.34979631039295445,0.34979631039295445,1.0,1.0,0.0,0.0,0.0,0.0,0.0,0.0,0.4343324999999998,0.02903058957806402,0.4504874999999998,0.42922499999999975,0.45599999999999974,0.3799499999999998,0.3799499999999998,1.0,1.0,1.0,0.0,0.0,0.0,0.0,0.0,0.0,0.0,0.0,0.0,0.0,0.4343324999999998,0.02903058957806402,0.4504874999999998,0.42922499999999975,0.45599999999999974,0.3799499999999998,0.3799499999999998,1.0,1.0,1.0,0.0,0.0,0.0,0.0,0.0,0.0,0.0,0.0,0.0,0.0,0.4343324999999998,0.02903058957806402,0.4504874999999998,0.42922499999999975,0.45599999999999974,0.3799499999999998,0.3799499999999998,1.0,1.0,1.0,0.0,0.0,0.0,0.0,0.0,0.0,0.0,0.0,0.0,0.0,0.4343324999999998,0.02903058957806402,0.4504874999999998,0.42922499999999975,0.45599999999999974,0.3799499999999998,0.3799499999999998,1.0,1.0,1.0,0.0,0.0,0.0,0.0,0.0,0.0,0.0,0.0,0.0,0.0,1.0,0.0,0.0,0.0,0.0,0.0,0.0,1.0,0.0,0.0,1.0,0.0,0.0,1.0,0.0,0.0,1.0,0.0,0.0,0.0,0.0,0.0,0.0,0.0,0.0,0.0,0.0,0.0,0.0,0.0,0.0,1.0,1.0,1.0,0.0,0.0,0.0,0.0,0.0,0.0,0.0,0,0,0.0,0.0,0.0,0.0,0.0,0.0,0.0,0.0,0.0,0.0,0.0,1.0,0.0,0.0,0.0,0.0,0.0,-0.5656674999999317,0.0,0.0,0.0,0.0,0.0,0,0,0,0,C1,0.0,0.0,0.4343324999999998,1.0,1.0,0.0,0.0,0.0,0.4343324999999998
phaseflip,phaseflip,0.2,1,0.25,10,qiskit_aer,1,1,0.8,0.13333333333333333,0.9666666666666667,0.7722222222222223,0.0,0.0,1.0,0.0,0.19999999999999973,0.0,0.19999999999999973,0.19999999999999973,0.19999999999999973,0.19999999999999973,0.19999999999999973,1.0,0.3,1.0,0.0,0.0,0.0,0.0,0.0,0.1698463103929544,0.0,0.1698463103929544,0.1698463103929544,0.1698463103929544,0.1698463103929544,0.1698463103929544,1.0,1.0,0.0,0.0,0.0,0.0,0.0,0.0,0.178892417275068,0.013818156510648851,0.1698463103929544,0.1698463103929544,0.1924615775982384,0.1698463103929544,0.1698463103929544,1.0,1.0,0.3,0.0,0.0,0.0,0.0,0.0,0.0,0.02110758272493174,0.2110758272493174,0.030153689607045342,0.030153689607045342,0.178892417275068,0.013818156510648851,0.1698463103929544,0.1698463103929544,0.1924615775982384,0.1698463103929544,0.1698463103929544,1.0,1.0,0.3,0.0,0.0,0.0,0.0,0.0,0.0,0.02110758272493174,0.2110758272493174,0.030153689607045342,0.030153689607045342,0.178892417275068,0.013818156510648851,0.1698463103929544,0.1698463103929544,0.1924615775982384,0.1698463103929544,0.1698463103929544,1.0,1.0,0.3,0.0,0.0,0.0,0.0,0.0,0.0,0.02110758272493174,0.2110758272493174,0.030153689607045342,0.030153689607045342,0.19999999999999973,0.0,0.19999999999999973,0.19999999999999973,0.19999999999999973,0.19999999999999973,0.19999999999999973,1.0,0.3,1.0,0.0,0.0,0.0,0.0,0.0,0.059374452831331095,0.0,0.0,0.0,0.0,1.0,0.7,0.7,0.7,0.0,0.7,0.7,0.3,0.0,0.7,0.3,0.0,0.7,0.3,0.0,0.0,1.0,0.0,0.7,0.0,0.7,0.7,0.0,0.7,0.7,0.7,0.0,0.0,0.0,0.7,0.7,1.0,1.0,0.0,0.0,1.0,1.0,1.0,1.0,0.0,0.0,7,7,0.7,1.0,0.7,0.0,0.7,0.0,1.0,0.0,1.0,1.0,0.0,1.0,0.2110758272493174,0.0,0.2110758272493174,0.02110758272493174,0.2110758272493174,1.2666666666737745,0.059374452831331095,0.059374452831331095,0.0,1.0,1.5222222222222221,0,0,0,7,C3R,0.0,0.0,0.19999999999999973,1.0,1.0,0.0,0.0,0.0,0.19999999999999973
phaseflip,phaseflip,0.2,1,0.5,10,qiskit_aer,1,1,0.8,0.2977777777777778,0.8222222222222222,0.5333333333333333,0.0,0.0,1.0,0.0,0.19999999999999973,0.0,0.19999999999999973,0.19999999999999973,0.19999999999999973,0.19999999999999973,0.19999999999999973,1.0,0.3,1.0,0.0,0.0,0.0,0.0,0.0,0.1698463103929544,0.0,0.1698463103929544,0.1698463103929544,0.1698463103929544,0.1698463103929544,0.1698463103929544,1.0,1.0,0.0,0.0,0.0,0.0,0.0,0.0,0.178892417275068,0.013818156510648851,0.1698463103929544,0.1698463103929544,0.1924615775982384,0.1698463103929544,0.1698463103929544,1.0,1.0,0.3,0.0,0.0,0.0,0.0,0.0,0.0,0.02110758272493174,0.2110758272493174,0.030153689607045342,0.030153689607045342,0.178892417275068,0.013818156510648851,0.1698463103929544,0.1698463103929544,0.1924615775982384,0.1698463103929544,0.1698463103929544,1.0,1.0,0.3,0.0,0.0,0.0,0.0,0.0,0.0,0.02110758272493174,0.2110758272493174,0.030153689607045342,0.030153689607045342,0.178892417275068,0.013818156510648851,0.1698463103929544,0.1698463103929544,0.1924615775982384,0.1698463103929544,0.1698463103929544,1.0,1.0,0.3,0.0,0.0,0.0,0.0,0.0,0.0,0.02110758272493174,0.2110758272493174,0.030153689607045342,0.030153689607045342,0.19396926207859067,0.012061475842818137,0.19999999999999973,0.19999999999999973,0.19999999999999973,0.1698463103929544,0.1698463103929544,1.0,0.5,0.8,0.0,0.0,0.0,0.0,0.0,0.035624671698798654,0.006030737921409068,0.060307379214090684,0.030153689607045342,0.030153689607045342,1.0,0.7,0.7,0.7,0.2,0.5,0.7,0.3,0.0,0.7,0.3,0.0,0.7,0.3,0.0,0.2,0.8,0.0,0.7,0.0,0.7,0.7,0.2,0.7,0.7,0.5,0.0,0.0,0.0,0.7,0.7,1.0,1.0,0.2,0.2,1.0,1.0,1.0,1.0,0.2857142857142857,0.2857142857142857,7,5,0.5,0.7142857142857143,0.7,0.0,0.5,0.0,1.0,0.0,1.0,0.7142857142857143,0.0,1.0,0.1507684480352267,0.0,0.1507684480352267,0.015076844803522671,0.1507684480352267,1.1022222222293299,0.059374452831331095,0.059374452831331095,0.0,0.9777777777777777,1.0333333333333334,0,0,0,5,C3R,0.0,0.0,0.19396926207859067,0.8,1.0,0.2,0.0,0.0,0.19396926207859067
phaseflip,phaseflip,0.2,1,0.75,10,qiskit_aer,1,1,0.8,0.47555555555555556,0.37777777777777777,0.23333333333333334,0.0,0.0,1.0,0.0,0.19999999999999973,0.0,0.19999999999999973,0.19999999999999973,0.19999999999999973,0.19999999999999973,0.19999999999999973,1.0,0.3,1.0,0.0,0.0,0.0,0.0,0.0,0.1698463103929544,0.0,0.1698463103929544,0.1698463103929544,0.1698463103929544,0.1698463103929544,0.1698463103929544,1.0,1.0,0.0,0.0,0.0,0.0,0.0,0.0,0.178892417275068,0.013818156510648851,0.1698463103929544,0.1698463103929544,0.1924615775982384,0.1698463103929544,0.1698463103929544,1.0,1.0,0.3,0.0,0.0,0.0,0.0,0.0,0.0,0.02110758272493174,0.2110758272493174,0.030153689607045342,0.030153689607045342,0.178892417275068,0.013818156510648851,0.1698463103929544,0.1698463103929544,0.1924615775982384,0.1698463103929544,0.1698463103929544,1.0,1.0,0.3,0.0,0.0,0.0,0.0,0.0,0.0,0.02110758272493174,0.2110758272493174,0.030153689607045342,0.030153689607045342,0.178892417275068,0.013818156510648851,0.1698463103929544,0.1698463103929544,0.1924615775982384,0.1698463103929544,0.1698463103929544,1.0,1.0,0.3,0.0,0.0,0.0,0.0,0.0,0.0,0.02110758272493174,0.2110758272493174,0.030153689607045342,0.030153689607045342,0.178892417275068,0.013818156510648851,0.1698463103929544,0.1698463103929544,0.1924615775982384,0.1698463103929544,0.1698463103929544,1.0,1.0,0.3,0.0,0.0,0.0,0.0,0.0,0.0,0.02110758272493174,0.2110758272493174,0.030153689607045342,0.030153689607045342,1.0,0.7,0.7,0.7,0.7,0.0,0.7,0.3,0.0,0.7,0.3,0.0,0.7,0.3,0.0,0.7,0.3,0.0,0.7,0.0,0.7,0.7,0.7,0.7,0.7,0.0,0.0,0.0,0.0,0.7,0.7,1.0,1.0,1.0,0.7,1.0,1.0,1.0,1.0,1.0,1.0,7,0,0.0,0.0,0.7,0.0,0.0,0.0,0.0,0.0,0.0,0.0,0.0,1.0,0.0,0.0,0.0,0.0,0.0,0.9244444444515523,0.059374452831331095,0.059374452831331095,0.0,0.48333333333333334,0.48333333333333334,0,0,0,0,C1,0.0,0.0,0.178892417275068,0.3,1.0,0.7,0.0,0.0,0.178892417275068
phaseflip,phaseflip,0.2,1,1.0,10,qiskit_aer,1,1,0.8,0.8,0.0,0.0,0.0,0.0,0.0,0.0,0.19999999999999973,0.0,0.19999999999999973,0.19999999999999973,0.19999999999999973,0.19999999999999973,0.19999999999999973,1.0,0.3,1.0,0.0,0.0,0.0,0.0,0.0,0.1698463103929544,0.0,0.1698463103929544,0.1698463103929544,0.1698463103929544,0.1698463103929544,0.1698463103929544,1.0,1.0,0.0,0.0,0.0,0.0,0.0,0.0,0.178892417275068,0.013818156510648851,0.1698463103929544,0.1698463103929544,0.1924615775982384,0.1698463103929544,0.1698463103929544,1.0,1.0,0.3,0.0,0.0,0.0,0.0,0.0,0.0,0.02110758272493174,0.2110758272493174,0.030153689607045342,0.030153689607045342,0.178892417275068,0.013818156510648851,0.1698463103929544,0.1698463103929544,0.1924615775982384,0.1698463103929544,0.1698463103929544,1.0,1.0,0.3,0.0,0.0,0.0,0.0,0.0,0.0,0.02110758272493174,0.2110758272493174,0.030153689607045342,0.030153689607045342,0.178892417275068,0.013818156510648851,0.1698463103929544,0.1698463103929544,0.1924615775982384,0.1698463103929544,0.1698463103929544,1.0,1.0,0.3,0.0,0.0,0.0,0.0,0.0,0.0,0.02110758272493174,0.2110758272493174,0.030153689607045342,0.030153689607045342,0.178892417275068,0.013818156510648851,0.1698463103929544,0.1698463103929544,0.1924615775982384,0.1698463103929544,0.1698463103929544,1.0,1.0,0.3,0.0,0.0,0.0,0.0,0.0,0.0,0.02110758272493174,0.2110758272493174,0.030153689607045342,0.030153689607045342,1.0,0.7,0.7,0.7,0.7,0.0,0.7,0.3,0.0,0.7,0.3,0.0,0.7,0.3,0.0,0.7,0.3,0.0,0.7,0.0,0.7,0.7,0.7,0.7,0.7,0.0,0.0,0.0,0.0,0.7,0.7,1.0,1.0,1.0,0.7,1.0,1.0,1.0,1.0,1.0,1.0,7,0,0.0,0.0,0.7,0.0,0.0,0.0,0.0,0.0,0.0,0.0,0.0,1.0,0.0,0.0,0.0,0.0,0.0,0.6000000000071077,0.059374452831331095,0.059374452831331095,0.0,0.0,0.0,0,0,0,0,C1,0.0,0.0,0.178892417275068,0.3,1.0,0.7,0.0,0.0,0.178892417275068
phaseflip,phaseflip,0.2,2,0.25,10,qiskit_aer,1,1,0.6640000000000001,0.09533333333333334,0.9666666666666667,0.7722222222222223,0.0,0.0,1.0,0.0,0.3359999999999998,0.019595917942265496,0.31999999999999973,0.31999999999999973,0.3599999999999999,0.31999999999999973,0.3199999999999998,1.0,0.0,1.0,0.0,0.0,0.0,0.0,0.0,0.30584631039295446,0.019595917942265496,0.2898463103929544,0.2898463103929544,0.32984631039295453,0.2898463103929544,0.28984631039295433,1.0,1.0,0.0,0.0,0.0,0.0,0.0,0.0,0.30584631039295446,0.019595917942265496,0.2898463103929544,0.2898463103929544,0.32984631039295453,0.2898463103929544,0.28984631039295433,1.0,1.0,0.0,0.0,0.0,0.0,0.0,0.0,0.0,0.030153689607045342,0.3015368960704534,0.030153689607045342,0.030153689607045342,0.30584631039295446,0.019595917942265496,0.2898463103929544,0.2898463103929544,0.32984631039295453,0.2898463103929544,0.28984631039295433,1.0,1.0,0.0,0.0,0.0,0.0,0.0,0.0,0.0,0.030153689607045342,0.3015368960704534,0.030153689607045342,0.030153689607045342,0.30584631039295446,0.019595917942265496,0.2898463103929544,0.2898463103929544,0.32984631039295453,0.2898463103929544,0.28984631039295433,1.0,1.0,0.0,0.0,0.0,0.0,0.0,0.0,0.0,0.030153689607045342,0.3015368960704534,0.030153689607045342,0.030153689607045342,0.3359999999999998,0.019595917942265496,0.31999999999999973,0.31999999999999973,0.3599999999999999,0.31999999999999973,0.3199999999999998,1.0,0.0,1.0,0.0,0.0,0.0,0.0,0.0,2.166112591183837e-20,0.0,0.0,0.0,0.0,1.0,1.0,1.0,1.0,0.0,1.0,1.0,0.0,0.0,1.0,0.0,0.0,1.0,0.0,0.0,0.0,1.0,0.0,1.0,0.0,1.0,1.0,0.0,1.0,1.0,1.0,0.0,0.0,0.0,1.0,1.0,1.0,1.0,0.0,0.0,1.0,1.0,1.0,1.0,0.0,0.0,10,10,1.0,1.0,1.0,0.0,1.0,0.0,1.0,0.0,1.0,1.0,0.0,1.0,0.3015368960704534,0.0,0.3015368960704534,0.030153689607045342,0.3015368960704534,1.9046666666671657,2.166112591183837e-20,2.166112591183837e-20,0.0,1.0,1.5222222222222221,0,0,0,10,C3R,0.0,0.0,0.3359999999999998,1.0,1.0,0.0,0.0,0.0,0.3359999999999998
phaseflip,phaseflip,0.2,2,0.5,10,qiskit_aer,1,1,0.6640000000000001,0.22888888888888892,0.8222222222222222,0.5333333333333333,0.0,0.0,1.0,0.0,0.3359999999999998,0.019595917942265496,0.31999999999999973,0.31999999999999973,0.3599999999999999,0.31999999999999973,0.3199999999999998,1.0,0.0,1.0,0.0,0.0,0.0,0.0,0.0,0.30584631039295446,0.019595917942265496,0.2898463103929544,0.2898463103929544,0.32984631039295453,0.2898463103929544,0.28984631039295433,1.0,1.0,0.0,0.0,0.0,0.0,0.0,0.0,0.30584631039295446,0.019595917942265496,0.2898463103929544,0.2898463103929544,0.32984631039295453,0.2898463103929544,0.28984631039295433,1.0,1.0,0.0,0.0,0.0,0.0,0.0,0.0,0.0,0.030153689607045342,0.3015368960704534,0.030153689607045342,0.030153689607045342,0.30584631039295446,0.019595917942265496,0.2898463103929544,0.2898463103929544,0.32984631039295453,0.2898463103929544,0.28984631039295433,1.0,1.0,0.0,0.0,0.0,0.0,0.0,0.0,0.0,0.030153689607045342,0.3015368960704534,0.030153689607045342,0.030153689607045342,0.30584631039295446,0.019595917942265496,0.2898463103929544,0.2898463103929544,0.32984631039295453,0.2898463103929544,0.28984631039295433,1.0,1.0,0.0,0.0,0.0,0.0,0.0,0.0,0.0,0.030153689607045342,0.3015368960704534,0.030153689607045342,0.030153689607045342,0.32996926207859073,0.021937030248773776,0.31999999999999973,0.31999999999999973,0.35246157759823854,0.3034154707161248,0.2898463103929544,1.0,0.2,0.8,0.0,0.0,0.0,0.0,0.0,1.6096305565062865e-20,0.006030737921409068,0.060307379214090684,0.030153689607045342,0.030153689607045342,1.0,1.0,1.0,1.0,0.2,0.8,1.0,0.0,0.0,1.0,0.0,0.0,1.0,0.0,0.0,0.2,0.8,0.0,1.0,0.0,1.0,1.0,0.2,1.0,1.0,0.8,0.0,0.0,0.0,1.0,1.0,1.0,1.0,0.2,0.2,1.0,1.0,1.0,1.0,0.2,0.2,10,8,0.8,0.8,1.0,0.0,0.8,0.0,1.0,0.0,1.0,0.8,0.0,1.0,0.24122951685636274,0.0,0.24122951685636274,0.024122951685636274,0.24122951685636274,1.7711111111116677,1.9195935583022707e-20,1.9195935583022707e-20,0.0,0.9777777777777777,1.0333333333333334,0,0,0,8,C3R,0.0,0.0,0.32996926207859073,0.8,1.0,0.2,0.0,0.0,0.32996926207859073
phaseflip,phaseflip,0.2,2,0.75,10,qiskit_aer,1,1,0.6640000000000001,0.3695555555555556,0.37777777777777777,0.23333333333333334,0.0,0.0,1.0,0.0,0.3359999999999998,0.019595917942265496,0.31999999999999973,0.31999999999999973,0.3599999999999999,0.31999999999999973,0.3199999999999998,1.0,0.0,1.0,0.0,0.0,0.0,0.0,0.0,0.30584631039295446,0.019595917942265496,0.2898463103929544,0.2898463103929544,0.32984631039295453,0.2898463103929544,0.28984631039295433,1.0,1.0,0.0,0.0,0.0,0.0,0.0,0.0,0.30584631039295446,0.019595917942265496,0.2898463103929544,0.2898463103929544,0.32984631039295453,0.2898463103929544,0.28984631039295433,1.0,1.0,0.0,0.0,0.0,0.0,0.0,0.0,0.0,0.030153689607045342,0.3015368960704534,0.030153689607045342,0.030153689607045342,0.30584631039295446,0.019595917942265496,0.2898463103929544,0.2898463103929544,0.32984631039295453,0.2898463103929544,0.28984631039295433,1.0,1.0,0.0,0.0,0.0,0.0,0.0,0.0,0.0,0.030153689607045342,0.3015368960704534,0.030153689607045342,0.030153689607045342,0.30584631039295446,0.019595917942265496,0.2898463103929544,0.2898463103929544,0.32984631039295453,0.2898463103929544,0.28984631039295433,1.0,1.0,0.0,0.0,0.0,0.0,0.0,0.0,0.0,0.030153689607045342,0.3015368960704534,0.030153689607045342,0.030153689607045342,0.30584631039295446,0.019595917942265496,0.2898463103929544,0.2898463103929544,0.32984631039295453,0.2898463103929544,0.28984631039295433,1.0,1.0,0.0,0.0,0.0,0.0,0.0,0.0,0.0,0.030153689607045342,0.3015368960704534,0.030153689607045342,0.030153689607045342,1.0,1.0,1.0,1.0,1.0,0.0,1.0,0.0,0.0,1.0,0.0,0.0,1.0,0.0,0.0,1.0,0.0,0.0,1.0,0.0,1.0,1.0,1.0,1.0,1.0,0.0,0.0,0.0,0.0,1.0,1.0,1.0,1.0,1.0,1.0,1.0,1.0,1.0,1.0,1.0,1.0,10,0,0.0,0.0,1.0,0.0,0.0,0.0,0.0,0.0,0.0,0.0,0.0,1.0,0.0,0.0,0.0,0.0,0.0,1.6304444444449722,2.0428530747430538e-20,2.0428530747430538e-20,0.0,0.48333333333333334,0.48333333333333334,0,0,0,0,C1,0.0,0.0,0.30584631039295446,0.0,1.0,1.0,0.0,0.0,0.30584631039295446
phaseflip,phaseflip,0.2,2,1.0,10,qiskit_aer,1,1,0.6640000000000001,0.6640000000000001,0.0,0.0,0.0,0.0,0.0,0.0,0.3359999999999998,0.019595917942265496,0.31999999999999973,0.31999999999999973,0.3599999999999999,0.31999999999999973,0.3199999999999998,1.0,0.0,1.0,0.0,0.0,0.0,0.0,0.0,0.30584631039295446,0.019595917942265496,0.2898463103929544,0.2898463103929544,0.32984631039295453,0.2898463103929544,0.28984631039295433,1.0,1.0,0.0,0.0,0.0,0.0,0.0,0.0,0.30584631039295446,0.019595917942265496,0.2898463103929544,0.2898463103929544,0.32984631039295453,0.2898463103929544,0.28984631039295433,1.0,1.0,0.0,0.0,0.0,0.0,0.0,0.0,0.0,0.030153689607045342,0.3015368960704534,0.030153689607045342,0.030153689607045342,0.30584631039295446,0.019595917942265496,0.2898463103929544,0.2898463103929544,0.32984631039295453,0.2898463103929544,0.28984631039295433,1.0,1.0,0.0,0.0,0.0,0.0,0.0,0.0,0.0,0.030153689607045342,0.3015368960704534,0.030153689607045342,0.030153689607045342,0.30584631039295446,0.019595917942265496,0.2898463103929544,0.2898463103929544,0.32984631039295453,0.2898463103929544,0.28984631039295433,1.0,1.0,0.0,0.0,0.0,0.0,0.0,0.0,0.0,0.030153689607045342,0.3015368960704534,0.030153689607045342,0.030153689607045342,0.30584631039295446,0.019595917942265496,0.2898463103929544,0.2898463103929544,0.32984631039295453,0.2898463103929544,0.28984631039295433,1.0,1.0,0.0,0.0,0.0,0.0,0.0,0.0,0.0,0.030153689607045342,0.3015368960704534,0.030153689607045342,0.030153689607045342,1.0,1.0,1.0,1.0,1.0,0.0,1.0,0.0,0.0,1.0,0.0,0.0,1.0,0.0,0.0,1.0,0.0,0.0,1.0,0.0,1.0,1.0,1.0,1.0,1.0,0.0,0.0,0.0,0.0,1.0,1.0,1.0,1.0,1.0,1.0,1.0,1.0,1.0,1.0,1.0,1.0,10,0,0.0,0.0,1.0,0.0,0.0,0.0,0.0,0.0,0.0,0.0,0.0,1.0,0.0,0.0,0.0,0.0,0.0,1.3360000000005563,1.9195935583022707e-20,1.9195935583022707e-20,0.0,0.0,0.0,0,0,0,0,C1,0.0,0.0,0.30584631039295446,0.0,1.0,1.0,0.0,0.0,0.30584631039295446
phaseflip,phaseflip,0.2,3,0.25,10,qiskit_aer,1,1,0.556,0.08351111111111112,0.9555555555555555,0.7666666666666667,0.0,0.0,1.0,0.0,0.44399999999999984,0.035462656414882346,0.4559999999999998,0.40799999999999986,0.4739999999999998,0.3919999999999999,0.3919999999999999,1.0,0.8,1.0,0.0,0.0,0.0,0.0,0.0,0.4138463103929545,0.035462656414882346,0.42584631039295445,0.3778463103929545,0.44384631039295447,0.36184631039295456,0.36184631039295456,1.0,1.0,0.0,0.0,0.0,0.0,0.0,0.0,0.43796926207859077,0.040550076650522425,0.45599999999999974,0.4004615775982385,0.4739999999999998,0.37541547071612497,0.36184631039295456,1.0,1.0,0.8,0.0,0.0,0.0,0.0,0.0,0.0,0.006030737921409068,0.060307379214090684,0.030153689607045342,0.030153689607045342,0.43796926207859077,0.040550076650522425,0.45599999999999974,0.4004615775982385,0.4739999999999998,0.37541547071612497,0.36184631039295456,1.0,1.0,0.8,0.0,0.0,0.0,0.0,0.0,0.0,0.006030737921409068,0.060307379214090684,0.030153689607045342,0.030153689607045342,0.43796926207859077,0.040550076650522425,0.45599999999999974,0.4004615775982385,0.4739999999999998,0.37541547071612497,0.36184631039295456,1.0,1.0,0.8,0.0,0.0,0.0,0.0,0.0,0.0,0.006030737921409068,0.060307379214090684,0.030153689607045342,0.030153689607045342,0.44399999999999984,0.035462656414882346,0.4559999999999998,0.40799999999999986,0.4739999999999998,0.3919999999999999,0.3919999999999999,1.0,0.8,1.0,0.0,0.0,0.0,0.0,0.0,4.332225182367674e-21,0.0,0.0,0.0,0.0,1.0,0.2,0.2,0.2,0.0,0.2,0.2,0.8,0.0,0.2,0.8,0.0,0.2,0.8,0.0,0.0,1.0,0.0,0.2,0.0,0.2,0.2,0.0,0.2,0.2,0.2,0.0,0.0,0.0,0.2,0.2,1.0,1.0,0.0,0.0,1.0,1.0,1.0,1.0,0.0,0.0,2,2,0.2,1.0,0.2,0.0,0.2,0.0,1.0,0.0,1.0,1.0,0.0,1.0,0.060307379214090684,0.0,0.060307379214090684,0.006030737921409068,0.060307379214090684,0.31648888888908544,4.332225182367674e-21,4.332225182367674e-21,0.0,1.0,1.5166666666666666,0,0,0,2,C3R,0.0,0.0,0.44399999999999984,1.0,1.0,0.0,0.0,0.0,0.44399999999999984
phaseflip,phaseflip,0.2,3,0.5,10,qiskit_aer,1,1,0.556,0.16693333333333335,0.8,0.55,0.0,0.0,1.0,0.0,0.44399999999999984,0.035462656414882346,0.4559999999999998,0.40799999999999986,0.4739999999999998,0.3919999999999999,0.3919999999999999,1.0,0.8,1.0,0.0,0.0,0.0,0.0,0.0,0.4138463103929545,0.035462656414882346,0.42584631039295445,0.3778463103929545,0.44384631039295447,0.36184631039295456,0.36184631039295456,1.0,1.0,0.0,0.0,0.0,0.0,0.0,0.0,0.43796926207859077,0.040550076650522425,0.45599999999999974,0.4004615775982385,0.4739999999999998,0.37541547071612497,0.36184631039295456,1.0,1.0,0.8,0.0,0.0,0.0,0.0,0.0,0.0,0.006030737921409068,0.060307379214090684,0.030153689607045342,0.030153689607045342,0.43796926207859077,0.040550076650522425,0.45599999999999974,0.4004615775982385,0.4739999999999998,0.37541547071612497,0.36184631039295456,1.0,1.0,0.8,0.0,0.0,0.0,0.0,0.0,0.0,0.006030737921409068,0.060307379214090684,0.030153689607045342,0.030153689607045342,0.43796926207859077,0.040550076650522425,0.45599999999999974,0.4004615775982385,0.4739999999999998,0.37541547071612497,0.36184631039295456,1.0,1.0,0.8,0.0,0.0,0.0,0.0,0.0,0.0,0.006030737921409068,0.060307379214090684,0.030153689607045342,0.030153689607045342,0.44399999999999984,0.035462656414882346,0.4559999999999998,0.40799999999999986,0.4739999999999998,0.3919999999999999,0.3919999999999999,1.0,0.8,1.0,0.0,0.0,0.0,0.0,0.0,4.332225182367674e-21,0.0,0.0,0.0,0.0,1.0,0.2,0.2,0.2,0.0,0.2,0.2,0.8,0.0,0.2,0.8,0.0,0.2,0.8,0.0,0.0,1.0,0.0,0.2,0.0,0.2,0.2,0.0,0.2,0.2,0.2,0.0,0.0,0.0,0.2,0.2,1.0,1.0,0.3,0.0,1.0,1.0,1.0,1.0,0.0,0.0,2,2,0.2,1.0,0.2,0.0,0.2,0.0,1.0,0.0,1.0,1.0,0.0,1.0,0.060307379214090684,0.0,0.060307379214090684,0.006030737921409068,0.060307379214090684,0.23306666666687229,4.332225182367674e-21,4.332225182367674e-21,0.0,0.9722222222222222,1.05,0,0,0,2,C3R,0.0,0.0,0.44399999999999984,1.0,1.0,0.0,0.0,0.0,0.44399999999999984
phaseflip,phaseflip,0.2,3,0.75,10,qiskit_aer,1,1,0.556,0.2710222222222223,0.3888888888888889,0.23333333333333334,0.0,0.0,1.0,0.0,0.44399999999999984,0.035462656414882346,0.4559999999999998,0.40799999999999986,0.4739999999999998,0.3919999999999999,0.3919999999999999,1.0,0.8,1.0,0.0,0.0,0.0,0.0,0.0,0.4138463103929545,0.035462656414882346,0.42584631039295445,0.3778463103929545,0.44384631039295447,0.36184631039295456,0.36184631039295456,1.0,1.0,0.0,0.0,0.0,0.0,0.0,0.0,0.43796926207859077,0.040550076650522425,0.45599999999999974,0.4004615775982385,0.4739999999999998,0.37541547071612497,0.36184631039295456,1.0,1.0,0.8,0.0,0.0,0.0,0.0,0.0,0.0,0.006030737921409068,0.060307379214090684,0.030153689607045342,0.030153689607045342,0.43796926207859077,0.040550076650522425,0.45599999999999974,0.4004615775982385,0.4739999999999998,0.37541547071612497,0.36184631039295456,1.0,1.0,0.8,0.0,0.0,0.0,0.0,0.0,0.0,0.006030737921409068,0.060307379214090684,0.030153689607045342,0.030153689607045342,0.43796926207859077,0.040550076650522425,0.45599999999999974,0.4004615775982385,0.4739999999999998,0.37541547071612497,0.36184631039295456,1.0,1.0,0.8,0.0,0.0,0.0,0.0,0.0,0.0,0.006030737921409068,0.060307379214090684,0.030153689607045342,0.030153689607045342,0.43796926207859077,0.040550076650522425,0.45599999999999974,0.4004615775982385,0.4739999999999998,0.37541547071612497,0.36184631039295456,1.0,1.0,0.8,0.0,0.0,0.0,0.0,0.0,0.0,0.006030737921409068,0.060307379214090684,0.030153689607045342,0.030153689607045342,1.0,0.2,0.2,0.2,0.2,0.0,0.2,0.8,0.0,0.2,0.8,0.0,0.2,0.8,0.0,0.2,0.8,0.0,0.2,0.0,0.2,0.2,0.2,0.2,0.2,0.0,0.0,0.0,0.0,0.2,0.2,1.0,1.0,1.0,0.2,1.0,1.0,1.0,1.0,1.0,1.0,2,0,0.0,0.0,0.2,0.0,0.0,0.0,0.0,0.0,0.0,0.0,0.0,1.0,0.0,0.0,0.0,0.0,0.0,0.12897777777797423,4.332225182367674e-21,4.332225182367674e-21,0.0,0.48333333333333334,0.48333333333333334,0,0,0,0,C1,0.0,0.0,0.43796926207859077,0.8,1.0,0.2,0.0,0.0,0.43796926207859077
phaseflip,phaseflip,0.2,3,1.0,10,qiskit_aer,1,1,0.556,0.556,0.0,0.0,0.0,0.0,0.0,0.0,0.44399999999999984,0.035462656414882346,0.4559999999999998,0.40799999999999986,0.4739999999999998,0.3919999999999999,0.3919999999999999,1.0,0.8,1.0,0.0,0.0,0.0,0.0,0.0,0.4138463103929545,0.035462656414882346,0.42584631039295445,0.3778463103929545,0.44384631039295447,0.36184631039295456,0.36184631039295456,1.0,1.0,0.0,0.0,0.0,0.0,0.0,0.0,0.43796926207859077,0.040550076650522425,0.45599999999999974,0.4004615775982385,0.4739999999999998,0.37541547071612497,0.36184631039295456,1.0,1.0,0.8,0.0,0.0,0.0,0.0,0.0,0.0,0.006030737921409068,0.060307379214090684,0.030153689607045342,0.030153689607045342,0.43796926207859077,0.040550076650522425,0.45599999999999974,0.4004615775982385,0.4739999999999998,0.37541547071612497,0.36184631039295456,1.0,1.0,0.8,0.0,0.0,0.0,0.0,0.0,0.0,0.006030737921409068,0.060307379214090684,0.030153689607045342,0.030153689607045342,0.43796926207859077,0.040550076650522425,0.45599999999999974,0.4004615775982385,0.4739999999999998,0.37541547071612497,0.36184631039295456,1.0,1.0,0.8,0.0,0.0,0.0,0.0,0.0,0.0,0.006030737921409068,0.060307379214090684,0.030153689607045342,0.030153689607045342,0.43796926207859077,0.040550076650522425,0.45599999999999974,0.4004615775982385,0.4739999999999998,0.37541547071612497,0.36184631039295456,1.0,1.0,0.8,0.0,0.0,0.0,0.0,0.0,0.0,0.006030737921409068,0.060307379214090684,0.030153689607045342,0.030153689607045342,1.0,0.2,0.2,0.2,0.2,0.0,0.2,0.8,0.0,0.2,0.8,0.0,0.2,0.8,0.0,0.2,0.8,0.0,0.2,0.0,0.2,0.2,0.2,0.2,0.2,0.0,0.0,0.0,0.0,0.2,0.2,1.0,1.0,1.0,0.2,1.0,1.0,1.0,1.0,1.0,1.0,2,0,0.0,0.0,0.2,0.0,0.0,0.0,0.0,0.0,0.0,0.0,0.0,1.0,0.0,0.0,0.0,0.0,0.0,-0.15599999999979328,4.332225182367674e-21,4.332225182367674e-21,0.0,0.0,0.0,0,0,0,0,C1,0.0,0.0,0.43796926207859077,0.8,1.0,0.2,0.0,0.0,0.43796926207859077
phaseflip,phaseflip,0.2,4,0.25,10,qiskit_aer,1,1,0.48048,0.07275555555555556,0.9555555555555555,0.7666666666666667,0.0,0.0,1.0,0.0,0.5195199999999999,0.04459983856473026,0.5447999999999998,0.5135999999999998,0.5519999999999998,0.4351999999999998,0.4351999999999998,1.0,1.0,1.0,0.0,0.0,0.0,0.0,0.0,0.4893663103929545,0.04459983856473026,0.5146463103929545,0.4834463103929545,0.5218463103929545,0.40504631039295447,0.40504631039295447,1.0,1.0,0.0,0.0,0.0,0.0,0.0,0.0,0.5195199999999999,0.04459983856473026,0.5447999999999998,0.5135999999999998,0.5519999999999998,0.4351999999999998,0.4351999999999998,1.0,1.0,1.0,0.0,0.0,0.0,0.0,0.0,0.0,0.0,0.0,0.0,0.0,0.5195199999999999,0.04459983856473026,0.5447999999999998,0.5135999999999998,0.5519999999999998,0.4351999999999998,0.4351999999999998,1.0,1.0,1.0,0.0,0.0,0.0,0.0,0.0,0.0,0.0,0.0,0.0,0.0,0.5195199999999999,0.04459983856473026,0.5447999999999998,0.5135999999999998,0.5519999999999998,0.4351999999999998,0.4351999999999998,1.0,1.0,1.0,0.0,0.0,0.0,0.0,0.0,0.0,0.0,0.0,0.0,0.0,0.5195199999999999,0.04459983856473026,0.5447999999999998,0.5135999999999998,0.5519999999999998,0.4351999999999998,0.4351999999999998,1.0,1.0,1.0,0.0,0.0,0.0,0.0,0.0,0.0,0.0,0.0,0.0,0.0,1.0,0.0,0.0,0.0,0.0,0.0,0.0,1.0,0.0,0.0,1.0,0.0,0.0,1.0,0.0,0.0,1.0,0.0,0.0,0.0,0.0,0.0,0.0,0.0,0.0,0.0,0.0,0.0,0.0,0.0,0.0,1.0,1.0,0.0,0.0,0.0,0.0,0.0,0.0,0.0,0.0,0,0,0.0,0.0,0.0,0.0,0.0,0.0,0.0,0.0,0.0,0.0,0.0,1.0,0.0,0.0,0.0,0.0,0.0,-0.07275555555547757,0.0,0.0,0.0,1.0,1.5166666666666666,0,0,0,0,C1,0.0,0.0,0.5195199999999999,1.0,1.0,0.0,0.0,0.0,0.5195199999999999
phaseflip,phaseflip,0.2,4,0.5,10,qiskit_aer,1,1,0.48048,0.12635555555555555,0.8,0.55,0.0,0.0,1.0,0.0,0.5195199999999999,0.04459983856473026,0.5447999999999998,0.5135999999999998,0.5519999999999998,0.4351999999999998,0.4351999999999998,1.0,1.0,1.0,0.0,0.0,0.0,0.0,0.0,0.4893663103929545,0.04459983856473026,0.5146463103929545,0.4834463103929545,0.5218463103929545,0.40504631039295447,0.40504631039295447,1.0,1.0,0.0,0.0,0.0,0.0,0.0,0.0,0.5195199999999999,0.04459983856473026,0.5447999999999998,0.5135999999999998,0.5519999999999998,0.4351999999999998,0.4351999999999998,1.0,1.0,1.0,0.0,0.0,0.0,0.0,0.0,0.0,0.0,0.0,0.0,0.0,0.5195199999999999,0.04459983856473026,0.5447999999999998,0.5135999999999998,0.5519999999999998,0.4351999999999998,0.4351999999999998,1.0,1.0,1.0,0.0,0.0,0.0,0.0,0.0,0.0,0.0,0.0,0.0,0.0,0.5195199999999999,0.04459983856473026,0.5447999999999998,0.5135999999999998,0.5519999999999998,0.4351999999999998,0.4351999999999998,1.0,1.0,1.0,0.0,0.0,0.0,0.0,0.0,0.0,0.0,0.0,0.0,0.0,0.5195199999999999,0.04459983856473026,0.5447999999999998,0.5135999999999998,0.5519999999999998,0.4351999999999998,0.4351999999999998,1.0,1.0,1.0,0.0,0.0,0.0,0.0,0.0,0.0,0.0,0.0,0.0,0.0,1.0,0.0,0.0,0.0,0.0,0.0,0.0,1.0,0.0,0.0,1.0,0.0,0.0,1.0,0.0,0.0,1.0,0.0,0.0,0.0,0.0,0.0,0.0,0.0,0.0,0.0,0.0,0.0,0.0,0.0,0.0,1.0,1.0,0.3,0.0,0.0,0.0,0.0,0.0,0.0,0.0,0,0,0.0,0.0,0.0,0.0,0.0,0.0,0.0,0.0,0.0,0.0,0.0,1.0,0.0,0.0,0.0,0.0,0.0,-0.12635555555547767,0.0,0.0,0.0,0.9722222222222222,1.05,0,0,0,0,C1,0.0,0.0,0.5195199999999999,1.0,1.0,0.0,0.0,0.0,0.5195199999999999
phaseflip,phaseflip,0.2,4,0.75,10,qiskit_aer,1,1,0.48048,0.2262311111111111,0.3888888888888889,0.23333333333333334,0.0,0.0,1.0,0.0,0.5195199999999999,0.04459983856473026,0.5447999999999998,0.5135999999999998,0.5519999999999998,0.4351999999999998,0.4351999999999998,1.0,1.0,1.0,0.0,0.0,0.0,0.0,0.0,0.4893663103929545,0.04459983856473026,0.5146463103929545,0.4834463103929545,0.5218463103929545,0.40504631039295447,0.40504631039295447,1.0,1.0,0.0,0.0,0.0,0.0,0.0,0.0,0.5195199999999999,0.04459983856473026,0.5447999999999998,0.5135999999999998,0.5519999999999998,0.4351999999999998,0.4351999999999998,1.0,1.0,1.0,0.0,0.0,0.0,0.0,0.0,0.0,0.0,0.0,0.0,0.0,0.5195199999999999,0.04459983856473026,0.5447999999999998,0.5135999999999998,0.5519999999999998,0.4351999999999998,0.4351999999999998,1.0,1.0,1.0,0.0,0.0,0.0,0.0,0.0,0.0,0.0,0.0,0.0,0.0,0.5195199999999999,0.04459983856473026,0.5447999999999998,0.5135999999999998,0.5519999999999998,0.4351999999999998,0.4351999999999998,1.0,1.0,1.0,0.0,0.0,0.0,0.0,0.0,0.0,0.0,0.0,0.0,0.0,0.5195199999999999,0.04459983856473026,0.5447999999999998,0.5135999999999998,0.5519999999999998,0.4351999999999998,0.4351999999999998,1.0,1.0,1.0,0.0,0.0,0.0,0.0,0.0,0.0,0.0,0.0,0.0,0.0,1.0,0.0,0.0,0.0,0.0,0.0,0.0,1.0,0.0,0.0,1.0,0.0,0.0,1.0,0.0,0.0,1.0,0.0,0.0,0.0,0.0,0.0,0.0,0.0,0.0,0.0,0.0,0.0,0.0,0.0,0.0,1.0,1.0,1.0,0.0,0.0,0.0,0.0,0.0,0.0,0.0,0,0,0.0,0.0,0.0,0.0,0.0,0.0,0.0,0.0,0.0,0.0,0.0,1.0,0.0,0.0,0.0,0.0,0.0,-0.2262311111110331,0.0,0.0,0.0,0.48333333333333334,0.48333333333333334,0,0,0,0,C1,0.0,0.0,0.5195199999999999,1.0,1.0,0.0,0.0,0.0,0.5195199999999999
phaseflip,phaseflip,0.2,4,1.0,10,qiskit_aer,1,1,0.48048,0.48048,0.0,0.0,0.0,0.0,0.0,0.0,0.5195199999999999,0.04459983856473026,0.5447999999999998,0.5135999999999998,0.5519999999999998,0.4351999999999998,0.4351999999999998,1.0,1.0,1.0,0.0,0.0,0.0,0.0,0.0,0.4893663103929545,0.04459983856473026,0.5146463103929545,0.4834463103929545,0.5218463103929545,0.40504631039295447,0.40504631039295447,1.0,1.0,0.0,0.0,0.0,0.0,0.0,0.0,0.5195199999999999,0.04459983856473026,0.5447999999999998,0.5135999999999998,0.5519999999999998,0.4351999999999998,0.4351999999999998,1.0,1.0,1.0,0.0,0.0,0.0,0.0,0.0,0.0,0.0,0.0,0.0,0.0,0.5195199999999999,0.04459983856473026,0.5447999999999998,0.5135999999999998,0.5519999999999998,0.4351999999999998,0.4351999999999998,1.0,1.0,1.0,0.0,0.0,0.0,0.0,0.0,0.0,0.0,0.0,0.0,0.0,0.5195199999999999,0.04459983856473026,0.5447999999999998,0.5135999999999998,0.5519999999999998,0.4351999999999998,0.4351999999999998,1.0,1.0,1.0,0.0,0.0,0.0,0.0,0.0,0.0,0.0,0.0,0.0,0.0,0.5195199999999999,0.04459983856473026,0.5447999999999998,0.5135999999999998,0.5519999999999998,0.4351999999999998,0.4351999999999998,1.0,1.0,1.0,0.0,0.0,0.0,0.0,0.0,0.0,0.0,0.0,0.0,0.0,1.0,0.0,0.0,0.0,0.0,0.0,0.0,1.0,0.0,0.0,1.0,0.0,0.0,1.0,0.0,0.0,1.0,0.0,0.0,0.0,0.0,0.0,0.0,0.0,0.0,0.0,0.0,0.0,0.0,0.0,0.0,1.0,1.0,1.0,0.0,0.0,0.0,0.0,0.0,0.0,0.0,0,0,0.0,0.0,0.0,0.0,0.0,0.0,0.0,0.0,0.0,0.0,0.0,1.0,0.0,0.0,0.0,0.0,0.0,-0.480479999999922,0.0,0.0,0.0,0.0,0.0,0,0,0,0,C1,0.0,0.0,0.5195199999999999,1.0,1.0,0.0,0.0,0.0,0.5195199999999999
