code_family,noise_family,noise_strength,noise_depth,syndrome_observation_ratio,syndrome_noise_prob,cases,backend,code_count,noise_family_count,true_syndrome_mean_no_error_mean,observed_syndrome_mean_no_error_mean,syndrome_corruption_rate,syndrome_information_loss_mean,observed_syndrome_consistent_rate,true_syndrome_consistent_rate,partial_syndrome_case_rate,ambiguous_syndrome_case_rate,fid_gain_A_mean,fid_gain_A_std,fid_gain_A_median,fid_gain_A_p25,fid_gain_A_p75,fid_gain_q05_A,fid_gain_cvar05_A,nonworsen_rate_A,admissible_rate_A,logical_success_rate_A,false_safe_rate_A,false_safe_fidelity_rate_A,failure_boundary_rate_A,observed_failure_boundary_rate_A,true_failure_boundary_rate_A,fid_gain_B_mean,fid_gain_B_std,fid_gain_B_median,fid_gain_B_p25,fid_gain_B_p75,fid_gain_q05_B,fid_gain_cvar05_B,nonworsen_rate_B,admissible_rate_B,logical_success_rate_B,false_safe_rate_B,false_safe_fidelity_rate_B,failure_boundary_rate_B,observed_failure_boundary_rate_B,true_failure_boundary_rate_B,fid_gain_C1_mean,fid_gain_C1_std,fid_gain_C1_median,fid_gain_C1_p25,fid_gain_C1_p75,fid_gain_q05_C1,fid_gain_cvar05_C1,nonworsen_rate_C1,admissible_rate_C1,logical_success_rate_C1,false_safe_rate_C1,false_safe_fidelity_rate_C1,failure_boundary_rate_C1,observed_failure_boundary_rate_C1,true_failure_boundary_rate_C1,chosen_candidate_violation_mean_C1,oracle_regret_mean_C1,oracle_regret_sum_C1,oracle_regret_q95_C1,oracle_regret_cvar95_C1,fid_gain_C2_mean,fid_gain_C2_std,fid_gain_C2_median,fid_gain_C2_p25,fid_gain_C2_p75,fid_gain_q05_C2,fid_gain_cvar05_C2,nonworsen_rate_C2,admissible_rate_C2,logical_success_rate_C2,false_safe_rate_C2,false_safe_fidelity_rate_C2,failure_boundary_rate_C2,observed_failure_boundary_rate_C2,true_failure_boundary_rate_C2,chosen_candidate_violation_mean_C2,oracle_regret_mean_C2,oracle_regret_sum_C2,oracle_regret_q95_C2,oracle_regret_cvar95_C2,fid_gain_C3_mean,fid_gain_C3_std,fid_gain_C3_median,fid_gain_C3_p25,fid_gain_C3_p75,fid_gain_q05_C3,fid_gain_cvar05_C3,nonworsen_rate_C3,admissible_rate_C3,logical_success_rate_C3,false_safe_rate_C3,false_safe_fidelity_rate_C3,failure_boundary_rate_C3,observed_failure_boundary_rate_C3,true_failure_boundary_rate_C3,chosen_candidate_violation_mean_C3,oracle_regret_mean_C3,oracle_regret_sum_C3,oracle_regret_q95_C3,oracle_regret_cvar95_C3,fid_gain_C3R_mean,fid_gain_C3R_std,fid_gain_C3R_median,fid_gain_C3R_p25,fid_gain_C3R_p75,fid_gain_q05_C3R,fid_gain_cvar05_C3R,nonworsen_rate_C3R,admissible_rate_C3R,logical_success_rate_C3R,false_safe_rate_C3R,false_safe_fidelity_rate_C3R,failure_boundary_rate_C3R,observed_failure_boundary_rate_C3R,true_failure_boundary_rate_C3R,chosen_candidate_violation_mean_C3R,oracle_regret_mean_C3R,oracle_regret_sum_C3R,oracle_regret_q95_C3R,oracle_regret_cvar95_C3R,decision_disagreement_rate_AB,decision_disagreement_rate_C1A,decision_disagreement_rate_C2A,decision_disagreement_rate_C3A,decision_disagreement_rate_C3RA,decision_disagreement_rate_C3R_vs_C2,chosen_B_rate_C1,safe_case_retention_rate_C1,risky_case_capture_rate_C1,chosen_B_rate_C2,safe_case_retention_rate_C2,risky_case_capture_rate_C2,chosen_B_rate_C3,safe_case_retention_rate_C3,risky_case_capture_rate_C3,chosen_B_rate_C3R,safe_case_retention_rate_C3R,risky_case_capture_rate_C3R,veto_rate_C1,tie_break_rate_C1,weighted_score_switch_rate_C2,weighted_score_switch_rate_C3,weighted_score_switch_rate_C3R,veto_rate_C2,veto_rate_C3,veto_rate_C3R,tie_break_rate_C2,tie_break_rate_C3,tie_break_rate_C3R,c3r_gate_c2_switch_rate,c3r_gate_score_margin_rate,c3r_gate_leave_A_rate,c3r_gate_B_safe_rate,c3r_gate_uncertainty_rate,c3r_allow_B_rate,c3r_gate_c2_switch_rate_given_c2_B,c3r_gate_score_margin_rate_given_c2_B,c3r_gate_leave_A_rate_given_c2_B,c3r_gate_B_safe_rate_given_c2_B,c3r_gate_uncertainty_rate_given_c2_B,c3r_allow_B_rate_given_c2_B,c2_B_count,c3r_block_count,c3r_blocks_c2_switch_rate,c3r_block_rate_given_c2_B,c3r_harmful_c2_switch_rate,c3r_beneficial_c2_switch_rate,c3r_prevented_harmful_switch_rate,c3r_missed_beneficial_switch_rate,c3r_prevented_harmful_switch_rate_given_block,c3r_missed_beneficial_switch_rate_given_block,c3r_harmful_block_precision,c3r_harmful_switch_recall,c3r_beneficial_switch_block_rate,c3r_beneficial_switch_retention,c3r_prevented_loss_sum,c3r_missed_gain_sum,c3r_net_intervention_gain,c3r_intervention_gain_mean,c3r_intervention_gain_sum,c3r_score_margin_mean,c3r_structural_margin_mean,c3r_violation_A_mean,c3r_violation_B_mean,c3r_syndrome_uncertainty_mean,c3r_raw_syndrome_uncertainty_mean,c3r_blocked_by_score_margin_count,c3r_blocked_by_leave_A_count,c3r_blocked_by_B_safe_count,c3r_blocked_by_uncertainty_count,preferred_policy,preferred_false_safe_fidelity_rate,preferred_false_safe_rate,preferred_fid_gain_mean,preferred_logical_success_rate,preferred_nonworsen_rate,preferred_chosen_B_rate,min_false_safe_fidelity_rate,min_false_safe_rate,max_fid_gain_mean_within_safety_band
phaseflip,dephasing,0.01,1,0.5,0.03,10,qiskit_aer,1,1,0.9950000000000002,0.46433333333333343,0.8222222222222222,0.5333333333333333,0.0,1.0,1.0,0.0,0.004999999999999738,8.881801137644041e-17,0.004999999999999782,0.004999999999999782,0.004999999999999782,0.00499999999999956,0.004999999999999738,1.0,0.2,1.0,0.0,0.0,0.0,0.0,0.0,-0.025153689607045605,8.882055243408597e-17,-0.02515368960704556,-0.02515368960704556,-0.02515368960704556,-0.02515368960704578,-0.025153689607045605,0.0,1.0,0.0,0.0,1.0,0.0,0.0,1.0,-0.019122951685636536,0.012061475842818048,-0.02515368960704556,-0.02515368960704556,-0.02515368960704556,-0.02515368960704556,-0.02515368960704556,0.2,1.0,0.2,0.0,0.8,0.0,0.0,0.8,0.0,0.024122951685636274,0.24122951685636274,0.030153689607045342,0.030153689607045342,-0.019122951685636536,0.012061475842818048,-0.02515368960704556,-0.02515368960704556,-0.02515368960704556,-0.02515368960704556,-0.02515368960704556,0.2,1.0,0.2,0.0,0.8,0.0,0.0,0.8,0.0,0.024122951685636274,0.24122951685636274,0.030153689607045342,0.030153689607045342,-0.019122951685636536,0.012061475842818048,-0.02515368960704556,-0.02515368960704556,-0.02515368960704556,-0.02515368960704556,-0.02515368960704556,0.2,1.0,0.2,0.0,0.8,0.0,0.0,0.8,0.0,0.024122951685636274,0.24122951685636274,0.030153689607045342,0.030153689607045342,-0.0010307379214093304,0.012061475842818114,0.004999999999999782,0.00499999999999956,0.004999999999999782,-0.02515368960704556,-0.02515368960704556,0.8,0.4,0.8,0.0,0.2,0.0,0.0,0.2,0.08951171059143798,0.006030737921409068,0.060307379214090684,0.030153689607045342,0.030153689607045342,1.0,0.8,0.8,0.8,0.2,0.6,0.8,0.2,0.0,0.8,0.2,0.0,0.8,0.2,0.0,0.2,0.8,0.0,0.8,0.0,0.8,0.8,0.2,0.8,0.8,0.6,0.0,0.0,0.0,0.8,0.8,1.0,1.0,0.2,0.2,1.0,1.0,1.0,1.0,0.25,0.25,8,6,0.6,0.75,0.8,0.0,0.6,0.0,1.0,0.0,1.0,0.75,0.0,1.0,0.18092213764227205,0.0,0.18092213764227205,0.018092213764227205,0.18092213764227205,1.135666742334683,0.14267976556924894,0.14267976556924894,0.0,0.9837777777777778,1.0633333333333335,0,0,0,6,C3R,0.2,0.0,-0.0010307379214093304,0.8,0.8,0.2,0.2,0.0,-0.0010307379214093304
phaseflip,dephasing,0.01,1,0.5,0.05,10,qiskit_aer,1,1,0.9950000000000002,0.45880555555555563,0.8222222222222222,0.5333333333333333,0.0,1.0,1.0,0.0,0.004999999999999738,8.881801137644041e-17,0.004999999999999782,0.004999999999999782,0.004999999999999782,0.00499999999999956,0.004999999999999738,1.0,0.2,1.0,0.0,0.0,0.0,0.0,0.0,-0.025153689607045605,8.882055243408597e-17,-0.02515368960704556,-0.02515368960704556,-0.02515368960704556,-0.02515368960704578,-0.025153689607045605,0.0,1.0,0.0,0.0,1.0,0.0,0.0,1.0,-0.019122951685636536,0.012061475842818048,-0.02515368960704556,-0.02515368960704556,-0.02515368960704556,-0.02515368960704556,-0.02515368960704556,0.2,1.0,0.2,0.0,0.8,0.0,0.0,0.8,0.0,0.024122951685636274,0.24122951685636274,0.030153689607045342,0.030153689607045342,-0.019122951685636536,0.012061475842818048,-0.02515368960704556,-0.02515368960704556,-0.02515368960704556,-0.02515368960704556,-0.02515368960704556,0.2,1.0,0.2,0.0,0.8,0.0,0.0,0.8,0.0,0.024122951685636274,0.24122951685636274,0.030153689607045342,0.030153689607045342,-0.019122951685636536,0.012061475842818048,-0.02515368960704556,-0.02515368960704556,-0.02515368960704556,-0.02515368960704556,-0.02515368960704556,0.2,1.0,0.2,0.0,0.8,0.0,0.0,0.8,0.0,0.024122951685636274,0.24122951685636274,0.030153689607045342,0.030153689607045342,-0.0010307379214093304,0.012061475842818114,0.004999999999999782,0.00499999999999956,0.004999999999999782,-0.02515368960704556,-0.02515368960704556,0.8,0.4,0.8,0.0,0.2,0.0,0.0,0.2,0.04038594094151544,0.006030737921409068,0.060307379214090684,0.030153689607045342,0.030153689607045342,1.0,0.8,0.8,0.8,0.2,0.6,0.8,0.2,0.0,0.8,0.2,0.0,0.8,0.2,0.0,0.2,0.8,0.0,0.8,0.0,0.8,0.8,0.2,0.8,0.8,0.6,0.0,0.0,0.0,0.8,0.8,1.0,1.0,0.2,0.2,1.0,1.0,1.0,1.0,0.25,0.25,8,6,0.6,0.75,0.8,0.0,0.6,0.0,1.0,0.0,1.0,0.75,0.0,1.0,0.18092213764227205,0.0,0.18092213764227205,0.018092213764227205,0.18092213764227205,1.1411945160807297,0.09355399591932641,0.09355399591932641,0.0,0.9877777777777778,1.0833333333333335,0,0,0,6,C3R,0.2,0.0,-0.0010307379214093304,0.8,0.8,0.2,0.2,0.0,-0.0010307379214093304
phaseflip,dephasing,0.01,1,0.5,0.1,10,qiskit_aer,1,1,0.9950000000000002,0.3980000000000001,0.8666666666666667,0.5333333333333333,0.0,1.0,1.0,0.0,0.004999999999999738,8.881801137644041e-17,0.004999999999999782,0.004999999999999782,0.004999999999999782,0.00499999999999956,0.004999999999999738,1.0,0.2,1.0,0.0,0.0,0.0,0.0,0.0,-0.025153689607045605,8.882055243408597e-17,-0.02515368960704556,-0.02515368960704556,-0.02515368960704556,-0.02515368960704578,-0.025153689607045605,0.0,1.0,0.0,0.0,1.0,0.0,0.0,1.0,-0.019122951685636536,0.012061475842818048,-0.02515368960704556,-0.02515368960704556,-0.02515368960704556,-0.02515368960704556,-0.02515368960704556,0.2,1.0,0.2,0.0,0.8,0.0,0.0,0.8,0.0,0.024122951685636274,0.24122951685636274,0.030153689607045342,0.030153689607045342,-0.019122951685636536,0.012061475842818048,-0.02515368960704556,-0.02515368960704556,-0.02515368960704556,-0.02515368960704556,-0.02515368960704556,0.2,1.0,0.2,0.0,0.8,0.0,0.0,0.8,0.0,0.024122951685636274,0.24122951685636274,0.030153689607045342,0.030153689607045342,-0.019122951685636536,0.012061475842818048,-0.02515368960704556,-0.02515368960704556,-0.02515368960704556,-0.02515368960704556,-0.02515368960704556,0.2,1.0,0.2,0.0,0.8,0.0,0.0,0.8,0.0,0.024122951685636274,0.24122951685636274,0.030153689607045342,0.030153689607045342,-0.0010307379214093304,0.012061475842818114,0.004999999999999782,0.00499999999999956,0.004999999999999782,-0.02515368960704556,-0.02515368960704556,0.8,0.4,0.8,0.0,0.2,0.0,0.0,0.2,0.07403473966988344,0.006030737921409068,0.060307379214090684,0.030153689607045342,0.030153689607045342,1.0,0.8,0.8,0.8,0.2,0.6,0.8,0.2,0.0,0.8,0.2,0.0,0.8,0.2,0.0,0.2,0.8,0.0,0.8,0.0,0.8,0.8,0.2,0.8,0.8,0.6,0.0,0.0,0.0,0.8,0.8,1.0,1.0,0.2,0.2,1.0,1.0,1.0,1.0,0.25,0.25,8,6,0.6,0.75,0.8,0.0,0.6,0.0,1.0,0.0,1.0,0.75,0.0,1.0,0.18092213764227205,0.0,0.18092213764227205,0.018092213764227205,0.18092213764227205,1.2020000733933158,0.11037839528351041,0.11037839528351041,0.0,0.9977777777777778,1.1333333333333333,0,0,0,6,C3R,0.2,0.0,-0.0010307379214093304,0.8,0.8,0.2,0.2,0.0,-0.0010307379214093304
phaseflip,dephasing,0.01,2,0.5,0.03,10,qiskit_aer,1,1,0.99004,0.46201875000000003,0.8222222222222222,0.5333333333333333,0.0,1.0,1.0,0.0,0.009959999999999835,1.2247448713832956e-05,0.009949999999999903,0.009949999999999903,0.009974999999999734,0.009949999999999903,0.009949999999999903,1.0,0.4,1.0,0.0,0.0,0.0,0.0,0.0,-0.020193689607045505,1.2247448713832958e-05,-0.02020368960704544,-0.02020368960704544,-0.020178689607045608,-0.02020368960704544,-0.02020368960704544,0.0,1.0,0.0,0.0,1.0,0.0,0.0,1.0,-0.00813221376422737,0.014769173578487988,-0.020178689607045608,-0.02019743960704548,0.009949999999999903,-0.02020368960704544,-0.02020368960704544,0.4,1.0,0.4,0.0,0.6,0.0,0.0,0.6,0.0,0.018092213764227205,0.18092213764227205,0.030153689607045342,0.030153689607045342,-0.00813221376422737,0.014769173578487988,-0.020178689607045608,-0.02019743960704548,0.009949999999999903,-0.02020368960704544,-0.02020368960704544,0.4,1.0,0.4,0.0,0.6,0.0,0.0,0.6,0.0,0.018092213764227205,0.18092213764227205,0.030153689607045342,0.030153689607045342,-0.00813221376422737,0.014769173578487988,-0.020178689607045608,-0.02019743960704548,0.009949999999999903,-0.02020368960704544,-0.02020368960704544,0.4,1.0,0.4,0.0,0.6,0.0,0.0,0.6,0.0,0.018092213764227205,0.18092213764227205,0.030153689607045342,0.030153689607045342,0.003929262078590767,0.01206023199682654,0.009949999999999903,0.009949999999999903,0.009968749999999776,-0.020192439607045514,-0.02020368960704544,0.8,0.6,0.8,0.0,0.2,0.0,0.0,0.2,0.01099959828365556,0.006030737921409068,0.060307379214090684,0.030153689607045342,0.030153689607045342,1.0,0.6,0.6,0.6,0.2,0.4,0.6,0.4,0.0,0.6,0.4,0.0,0.6,0.4,0.0,0.2,0.8,0.0,0.6,0.0,0.6,0.6,0.2,0.6,0.6,0.4,0.0,0.0,0.0,0.6,0.6,1.0,1.0,0.2,0.2,1.0,1.0,1.0,1.0,0.3333333333333333,0.3333333333333333,6,4,0.4,0.6666666666666666,0.6,0.0,0.4,0.0,1.0,0.0,1.0,0.6666666666666666,0.0,1.0,0.12061475842818137,0.0,0.12061475842818137,0.012061475842818137,0.12061475842818137,0.7379812886969813,0.03443515715228741,0.03443515715228741,0.0,0.9837777777777778,1.0633333333333335,0,0,0,4,C3R,0.2,0.0,0.003929262078590767,0.8,0.8,0.2,0.2,0.0,0.003929262078590767
phaseflip,dephasing,0.01,2,0.5,0.05,10,qiskit_aer,1,1,0.99004,0.45651847222222225,0.8222222222222222,0.5333333333333333,0.0,1.0,1.0,0.0,0.009959999999999835,1.2247448713832956e-05,0.009949999999999903,0.009949999999999903,0.009974999999999734,0.009949999999999903,0.009949999999999903,1.0,0.8,1.0,0.0,0.0,0.0,0.0,0.0,-0.020193689607045505,1.2247448713832958e-05,-0.02020368960704544,-0.02020368960704544,-0.020178689607045608,-0.02020368960704544,-0.02020368960704544,0.0,1.0,0.0,0.0,1.0,0.0,0.0,1.0,0.003929262078590767,0.012060231996826539,0.009949999999999903,0.009949999999999903,0.009968749999999776,-0.020192439607045514,-0.02020368960704544,0.8,1.0,0.8,0.0,0.2,0.0,0.0,0.2,0.0,0.006030737921409068,0.060307379214090684,0.030153689607045342,0.030153689607045342,0.003929262078590767,0.012060231996826539,0.009949999999999903,0.009949999999999903,0.009968749999999776,-0.020192439607045514,-0.02020368960704544,0.8,1.0,0.8,0.0,0.2,0.0,0.0,0.2,0.0,0.006030737921409068,0.060307379214090684,0.030153689607045342,0.030153689607045342,0.003929262078590767,0.012060231996826539,0.009949999999999903,0.009949999999999903,0.009968749999999776,-0.020192439607045514,-0.02020368960704544,0.8,1.0,0.8,0.0,0.2,0.0,0.0,0.2,0.0,0.006030737921409068,0.060307379214090684,0.030153689607045342,0.030153689607045342,0.009959999999999835,1.2247448713832956e-05,0.009949999999999903,0.009949999999999903,0.009974999999999734,0.009949999999999903,0.009949999999999903,1.0,0.8,1.0,0.0,0.0,0.0,0.0,0.0,4.120218198887344e-18,0.0,0.0,0.0,0.0,1.0,0.2,0.2,0.2,0.0,0.2,0.2,0.8,0.0,0.2,0.8,0.0,0.2,0.8,0.0,0.0,1.0,0.0,0.2,0.0,0.2,0.2,0.0,0.2,0.2,0.2,0.0,0.0,0.0,0.2,0.2,1.0,1.0,0.2,0.0,1.0,1.0,1.0,1.0,0.0,0.0,2,2,0.2,1.0,0.2,0.0,0.2,0.0,1.0,0.0,1.0,1.0,0.0,1.0,0.060307379214090684,0.0,0.060307379214090684,0.006030737921409068,0.060307379214090684,-0.056518430759262994,4.120218198887344e-18,4.120218198887344e-18,0.0,0.9877777777777778,1.0833333333333335,0,0,0,2,C3R,0.0,0.0,0.009959999999999835,1.0,1.0,0.0,0.0,0.0,0.009959999999999835
phaseflip,dephasing,0.01,2,0.5,0.1,10,qiskit_aer,1,1,0.99004,0.3960163888888889,0.8666666666666667,0.5333333333333333,0.0,1.0,1.0,0.0,0.009959999999999835,1.2247448713832956e-05,0.009949999999999903,0.009949999999999903,0.009974999999999734,0.009949999999999903,0.009949999999999903,1.0,0.6,1.0,0.0,0.0,0.0,0.0,0.0,-0.020193689607045505,1.2247448713832958e-05,-0.02020368960704544,-0.02020368960704544,-0.020178689607045608,-0.02020368960704544,-0.02020368960704544,0.0,1.0,0.0,0.0,1.0,0.0,0.0,1.0,-0.002101475842818301,0.014770194375197455,0.009949999999999903,-0.020178689607045608,0.009949999999999903,-0.02020368960704544,-0.02020368960704544,0.6,1.0,0.6,0.0,0.4,0.0,0.0,0.4,0.0,0.012061475842818137,0.12061475842818137,0.030153689607045342,0.030153689607045342,-0.002101475842818301,0.014770194375197455,0.009949999999999903,-0.020178689607045608,0.009949999999999903,-0.02020368960704544,-0.02020368960704544,0.6,1.0,0.6,0.0,0.4,0.0,0.0,0.4,0.0,0.012061475842818137,0.12061475842818137,0.030153689607045342,0.030153689607045342,-0.002101475842818301,0.014770194375197455,0.009949999999999903,-0.020178689607045608,0.009949999999999903,-0.02020368960704544,-0.02020368960704544,0.6,1.0,0.6,0.0,0.4,0.0,0.0,0.4,0.0,0.012061475842818137,0.12061475842818137,0.030153689607045342,0.030153689607045342,0.003929262078590767,0.01206023199682654,0.009949999999999903,0.009949999999999903,0.009968749999999776,-0.020192439607045514,-0.02020368960704544,0.8,0.8,0.8,0.0,0.2,0.0,0.0,0.2,0.024578153434227645,0.006030737921409068,0.060307379214090684,0.030153689607045342,0.030153689607045342,1.0,0.4,0.4,0.4,0.2,0.2,0.4,0.6,0.0,0.4,0.6,0.0,0.4,0.6,0.0,0.2,0.8,0.0,0.4,0.0,0.4,0.4,0.2,0.4,0.4,0.2,0.0,0.0,0.0,0.4,0.4,1.0,1.0,0.2,0.2,1.0,1.0,1.0,1.0,0.5,0.5,4,2,0.2,0.5,0.4,0.0,0.2,0.0,1.0,0.0,1.0,0.5,0.0,1.0,0.060307379214090684,0.0,0.060307379214090684,0.006030737921409068,0.060307379214090684,0.40398364927328806,0.03557775171788321,0.03557775171788321,0.0,0.9977777777777778,1.1333333333333333,0,0,0,2,C3R,0.2,0.0,0.003929262078590767,0.8,0.8,0.2,0.2,0.0,0.003929262078590767
phaseflip,dephasing,0.01,3,0.5,0.03,10,qiskit_aer,1,1,0.9851072500000002,0.44329904861111114,0.8,0.55,0.0,1.0,1.0,0.0,0.014892749999999632,2.9496398085178455e-05,0.014900249999999615,0.014862937499999646,0.014918812499999629,0.014850499999999656,0.014850499999999656,1.0,0.7,1.0,0.0,0.0,0.0,0.0,0.0,-0.01526093960704571,2.9496398085178455e-05,-0.015253439607045727,-0.015290752107045696,-0.015234877107045713,-0.015303189607045686,-0.015303189607045686,0.0,1.0,0.0,0.0,1.0,0.0,0.0,1.0,0.00584664311788603,0.013813277228342875,0.014850499999999656,-0.007727454705284381,0.014918812499999629,-0.015253439607045727,-0.015253439607045727,0.7,1.0,0.7,0.0,0.3,0.0,0.0,0.3,0.0,0.009046106882113603,0.09046106882113603,0.030153689607045342,0.030153689607045342,0.00584664311788603,0.013813277228342875,0.014850499999999656,-0.007727454705284381,0.014918812499999629,-0.015253439607045727,-0.015253439607045727,0.7,1.0,0.7,0.0,0.3,0.0,0.0,0.3,0.0,0.009046106882113603,0.09046106882113603,0.030153689607045342,0.030153689607045342,0.00584664311788603,0.013813277228342875,0.014850499999999656,-0.007727454705284381,0.014918812499999629,-0.015253439607045727,-0.015253439607045727,0.7,1.0,0.7,0.0,0.3,0.0,0.0,0.3,0.0,0.009046106882113603,0.09046106882113603,0.030153689607045342,0.030153689607045342,0.011877381039295098,0.009043654638790262,0.014900249999999615,0.014850499999999656,0.014918812499999629,-0.001706666783875304,-0.015253439607045727,0.9,0.8,0.9,0.0,0.1,0.0,0.0,0.1,0.03928040072250624,0.003015368960704534,0.030153689607045342,0.016584529283874903,0.030153689607045342,1.0,0.3,0.3,0.3,0.1,0.2,0.3,0.7,0.0,0.3,0.7,0.0,0.3,0.7,0.0,0.1,0.9,0.0,0.3,0.0,0.3,0.3,0.1,0.3,0.3,0.2,0.0,0.0,0.0,0.3,0.3,1.0,1.0,0.3,0.1,1.0,1.0,1.0,1.0,0.3333333333333333,0.3333333333333333,3,2,0.2,0.6666666666666666,0.3,0.0,0.2,0.0,1.0,0.0,1.0,0.6666666666666666,0.0,1.0,0.060307379214090684,0.0,0.060307379214090684,0.006030737921409068,0.060307379214090684,0.156700974811036,0.03928040072250624,0.03928040072250624,0.0,0.9812222222222222,1.08,0,0,0,2,C3R,0.1,0.0,0.011877381039295098,0.9,0.9,0.1,0.1,0.0,0.011877381039295098
phaseflip,dephasing,0.01,3,0.5,0.05,10,qiskit_aer,1,1,0.9851072500000002,0.44329904861111114,0.8,0.55,0.0,1.0,1.0,0.0,0.014892749999999632,2.9496398085178455e-05,0.014900249999999615,0.014862937499999646,0.014918812499999629,0.014850499999999656,0.014850499999999656,1.0,0.7,1.0,0.0,0.0,0.0,0.0,0.0,-0.01526093960704571,2.9496398085178455e-05,-0.015253439607045727,-0.015290752107045696,-0.015234877107045713,-0.015303189607045686,-0.015303189607045686,0.0,1.0,0.0,0.0,1.0,0.0,0.0,1.0,0.00584664311788603,0.013813277228342875,0.014850499999999656,-0.007727454705284381,0.014918812499999629,-0.015253439607045727,-0.015253439607045727,0.7,1.0,0.7,0.0,0.3,0.0,0.0,0.3,0.0,0.009046106882113603,0.09046106882113603,0.030153689607045342,0.030153689607045342,0.00584664311788603,0.013813277228342875,0.014850499999999656,-0.007727454705284381,0.014918812499999629,-0.015253439607045727,-0.015253439607045727,0.7,1.0,0.7,0.0,0.3,0.0,0.0,0.3,0.0,0.009046106882113603,0.09046106882113603,0.030153689607045342,0.030153689607045342,0.00584664311788603,0.013813277228342875,0.014850499999999656,-0.007727454705284381,0.014918812499999629,-0.015253439607045727,-0.015253439607045727,0.7,1.0,0.7,0.0,0.3,0.0,0.0,0.3,0.0,0.009046106882113603,0.09046106882113603,0.030153689607045342,0.030153689607045342,0.014892749999999632,2.9496398085178455e-05,0.014900249999999615,0.014862937499999646,0.014918812499999629,0.014850499999999656,0.014850499999999656,1.0,0.7,1.0,0.0,0.0,0.0,0.0,0.0,0.023911541596328894,0.0,0.0,0.0,0.0,1.0,0.3,0.3,0.3,0.0,0.3,0.3,0.7,0.0,0.3,0.7,0.0,0.3,0.7,0.0,0.0,1.0,0.0,0.3,0.0,0.3,0.3,0.0,0.3,0.3,0.3,0.0,0.0,0.0,0.3,0.3,1.0,1.0,0.1,0.0,1.0,1.0,1.0,1.0,0.0,0.0,3,3,0.3,1.0,0.3,0.0,0.3,0.0,1.0,0.0,1.0,1.0,0.0,1.0,0.09046106882113603,0.0,0.09046106882113603,0.009046106882113603,0.09046106882113603,0.1567009751111592,0.023911541596328894,0.023911541596328894,0.0,0.9872222222222222,1.1,0,0,0,3,C3R,0.0,0.0,0.014892749999999632,1.0,1.0,0.0,0.0,0.0,0.014892749999999632
phaseflip,dephasing,0.01,3,0.5,0.1,10,qiskit_aer,1,1,0.9851072500000002,0.41593461388888897,0.8111111111111111,0.55,0.0,1.0,1.0,0.0,0.014892749999999632,2.9496398085178455e-05,0.014900249999999615,0.014862937499999646,0.014918812499999629,0.014850499999999656,0.014850499999999656,1.0,0.7,1.0,0.0,0.0,0.0,0.0,0.0,-0.01526093960704571,2.9496398085178455e-05,-0.015253439607045727,-0.015290752107045696,-0.015234877107045713,-0.015303189607045686,-0.015303189607045686,0.0,1.0,0.0,0.0,1.0,0.0,0.0,1.0,0.00584664311788603,0.013813277228342875,0.014850499999999656,-0.007727454705284381,0.014918812499999629,-0.015253439607045727,-0.015253439607045727,0.7,1.0,0.7,0.0,0.3,0.0,0.0,0.3,0.0,0.009046106882113603,0.09046106882113603,0.030153689607045342,0.030153689607045342,0.00584664311788603,0.013813277228342875,0.014850499999999656,-0.007727454705284381,0.014918812499999629,-0.015253439607045727,-0.015253439607045727,0.7,1.0,0.7,0.0,0.3,0.0,0.0,0.3,0.0,0.009046106882113603,0.09046106882113603,0.030153689607045342,0.030153689607045342,0.00584664311788603,0.013813277228342875,0.014850499999999656,-0.007727454705284381,0.014918812499999629,-0.015253439607045727,-0.015253439607045727,0.7,1.0,0.7,0.0,0.3,0.0,0.0,0.3,0.0,0.009046106882113603,0.09046106882113603,0.030153689607045342,0.030153689607045342,0.014892749999999632,2.9496398085178455e-05,0.014900249999999615,0.014862937499999646,0.014918812499999629,0.014850499999999656,0.014850499999999656,1.0,0.7,1.0,0.0,0.0,0.0,0.0,0.0,0.008495877083870588,0.0,0.0,0.0,0.0,1.0,0.3,0.3,0.3,0.0,0.3,0.3,0.7,0.0,0.3,0.7,0.0,0.3,0.7,0.0,0.0,1.0,0.0,0.3,0.0,0.3,0.3,0.0,0.3,0.3,0.3,0.0,0.0,0.0,0.3,0.3,1.0,1.0,0.1,0.0,1.0,1.0,1.0,1.0,0.0,0.0,3,3,0.3,1.0,0.3,0.0,0.3,0.0,1.0,0.0,1.0,1.0,0.0,1.0,0.09046106882113603,0.0,0.09046106882113603,0.009046106882113603,0.09046106882113603,0.18406540931979185,0.008495877083870588,0.008495877083870588,0.0,0.9933333333333333,1.15,0,0,0,3,C3R,0.0,0.0,0.014892749999999632,1.0,1.0,0.0,0.0,0.0,0.014892749999999632
phaseflip,dephasing,0.01,4,0.5,0.03,10,qiskit_aer,1,1,0.9802115017500002,0.42475941331944445,0.8,0.55,0.0,1.0,1.0,0.0,0.019788498249999655,4.718862684810869e-05,0.019813248749999735,0.019776247499999622,0.019825499999999607,0.019701994999999695,0.019701994999999695,1.0,0.6,1.0,0.0,0.0,0.0,0.0,0.0,-0.01036519135704569,4.718862684810869e-05,-0.010340440857045607,-0.01037744210704572,-0.010328189607045735,-0.010451694607045647,-0.010451694607045647,0.0,1.0,0.0,0.0,1.0,0.0,0.0,1.0,0.007727022407181516,0.014772306151789573,0.019739121249999658,-0.010328189607045735,0.01981318687499961,-0.010407143482045573,-0.010451694607045647,0.6,1.0,0.6,0.0,0.4,0.0,0.0,0.4,0.0,0.012061475842818137,0.12061475842818137,0.030153689607045342,0.030153689607045342,0.007727022407181516,0.014772306151789573,0.019739121249999658,-0.010328189607045735,0.01981318687499961,-0.010407143482045573,-0.010451694607045647,0.6,1.0,0.6,0.0,0.4,0.0,0.0,0.4,0.0,0.012061475842818137,0.12061475842818137,0.030153689607045342,0.030153689607045342,0.007727022407181516,0.014772306151789573,0.019739121249999658,-0.010328189607045735,0.01981318687499961,-0.010407143482045573,-0.010451694607045647,0.6,1.0,0.6,0.0,0.4,0.0,0.0,0.4,0.0,0.012061475842818137,0.12061475842818137,0.030153689607045342,0.030153689607045342,0.01677312928929512,0.00904206264013701,0.019800873749999615,0.019720558124999676,0.019825499999999607,0.0031719170911248488,-0.01035269210704548,0.9,0.7,0.9,0.0,0.1,0.0,0.0,0.1,5.26574260914368e-21,0.003015368960704534,0.030153689607045342,0.016584529283874903,0.030153689607045342,1.0,0.4,0.4,0.4,0.1,0.3,0.4,0.6,0.0,0.4,0.6,0.0,0.4,0.6,0.0,0.1,0.9,0.0,0.4,0.0,0.4,0.4,0.1,0.4,0.4,0.3,0.0,0.0,0.0,0.4,0.4,1.0,1.0,0.3,0.1,1.0,1.0,1.0,1.0,0.25,0.25,4,3,0.3,0.75,0.4,0.0,0.3,0.0,1.0,0.0,1.0,0.75,0.0,1.0,0.09046106882113603,0.0,0.09046106882113603,0.009046106882113603,0.09046106882113603,0.3752405970576485,7.431855200327517e-21,7.431855200327517e-21,0.0,0.9812222222222222,1.08,0,0,0,3,C3R,0.1,0.0,0.01677312928929512,0.9,0.9,0.1,0.1,0.0,0.01677312928929512
phaseflip,dephasing,0.01,4,0.5,0.05,10,qiskit_aer,1,1,0.9802115017500002,0.42475941331944445,0.8,0.55,0.0,1.0,1.0,0.0,0.019788498249999655,4.718862684810869e-05,0.019813248749999735,0.019776247499999622,0.019825499999999607,0.019701994999999695,0.019701994999999695,1.0,0.5,1.0,0.0,0.0,0.0,0.0,0.0,-0.01036519135704569,4.718862684810869e-05,-0.010340440857045607,-0.01037744210704572,-0.010328189607045735,-0.010451694607045647,-0.010451694607045647,0.0,1.0,0.0,0.0,1.0,0.0,0.0,1.0,0.004711653446476982,0.015094209401008064,0.004724028946476944,-0.010346566482045544,0.01981318687499961,-0.010451694607045647,-0.010451694607045647,0.5,1.0,0.5,0.0,0.5,0.0,0.0,0.5,0.0,0.015076844803522671,0.1507684480352267,0.030153689607045342,0.030153689607045342,0.004711653446476982,0.015094209401008064,0.004724028946476944,-0.010346566482045544,0.01981318687499961,-0.010451694607045647,-0.010451694607045647,0.5,1.0,0.5,0.0,0.5,0.0,0.0,0.5,0.0,0.015076844803522671,0.1507684480352267,0.030153689607045342,0.030153689607045342,0.004711653446476982,0.015094209401008064,0.004724028946476944,-0.010346566482045544,0.01981318687499961,-0.010451694607045647,-0.010451694607045647,0.5,1.0,0.5,0.0,0.5,0.0,0.0,0.5,0.0,0.015076844803522671,0.1507684480352267,0.030153689607045342,0.030153689607045342,0.019788498249999655,4.718862684810869e-05,0.019813248749999735,0.019776247499999622,0.019825499999999607,0.019701994999999695,0.019701994999999695,1.0,0.5,1.0,0.0,0.0,0.0,0.0,0.0,0.014445958626030231,0.0,0.0,0.0,0.0,1.0,0.5,0.5,0.5,0.0,0.5,0.5,0.5,0.0,0.5,0.5,0.0,0.5,0.5,0.0,0.0,1.0,0.0,0.5,0.0,0.5,0.5,0.0,0.5,0.5,0.5,0.0,0.0,0.0,0.5,0.5,1.0,1.0,0.1,0.0,1.0,1.0,1.0,1.0,0.0,0.0,5,5,0.5,1.0,0.5,0.0,0.5,0.0,1.0,0.0,1.0,1.0,0.0,1.0,0.1507684480352267,0.0,0.1507684480352267,0.015076844803522671,0.1507684480352267,0.5752405990555002,0.014445958626030231,0.014445958626030231,0.0,0.9872222222222222,1.1,0,0,0,5,C3R,0.0,0.0,0.019788498249999655,1.0,1.0,0.0,0.0,0.0,0.019788498249999655
phaseflip,dephasing,0.01,4,0.5,0.1,10,qiskit_aer,1,1,0.9802115017500002,0.3975313841111111,0.8111111111111111,0.55,0.0,1.0,1.0,0.0,0.019788498249999655,4.718862684810869e-05,0.019813248749999735,0.019776247499999622,0.019825499999999607,0.019701994999999695,0.019701994999999695,1.0,0.5,1.0,0.0,0.0,0.0,0.0,0.0,-0.01036519135704569,4.718862684810869e-05,-0.010340440857045607,-0.01037744210704572,-0.010328189607045735,-0.010451694607045647,-0.010451694607045647,0.0,1.0,0.0,0.0,1.0,0.0,0.0,1.0,0.004711653446476982,0.015094209401008064,0.004724028946476944,-0.010346566482045544,0.01981318687499961,-0.010451694607045647,-0.010451694607045647,0.5,1.0,0.5,0.0,0.5,0.0,0.0,0.5,0.0,0.015076844803522671,0.1507684480352267,0.030153689607045342,0.030153689607045342,0.004711653446476982,0.015094209401008064,0.004724028946476944,-0.010346566482045544,0.01981318687499961,-0.010451694607045647,-0.010451694607045647,0.5,1.0,0.5,0.0,0.5,0.0,0.0,0.5,0.0,0.015076844803522671,0.1507684480352267,0.030153689607045342,0.030153689607045342,0.004711653446476982,0.015094209401008064,0.004724028946476944,-0.010346566482045544,0.01981318687499961,-0.010451694607045647,-0.010451694607045647,0.5,1.0,0.5,0.0,0.5,0.0,0.0,0.5,0.0,0.015076844803522671,0.1507684480352267,0.030153689607045342,0.030153689607045342,0.019788498249999655,4.718862684810869e-05,0.019813248749999735,0.019776247499999622,0.019825499999999607,0.019701994999999695,0.019701994999999695,1.0,0.5,1.0,0.0,0.0,0.0,0.0,0.0,1.0830562955919185e-20,0.0,0.0,0.0,0.0,1.0,0.5,0.5,0.5,0.0,0.5,0.5,0.5,0.0,0.5,0.5,0.0,0.5,0.5,0.0,0.0,1.0,0.0,0.5,0.0,0.5,0.5,0.0,0.5,0.5,0.5,0.0,0.0,0.0,0.5,0.5,1.0,1.0,0.1,0.0,1.0,1.0,1.0,1.0,0.0,0.0,5,5,0.5,1.0,0.5,0.0,0.5,0.0,1.0,0.0,1.0,1.0,0.0,1.0,0.1507684480352267,0.0,0.1507684480352267,0.015076844803522671,0.1507684480352267,0.6024686256497753,1.0830562955919185e-20,1.0830562955919185e-20,0.0,0.9933333333333333,1.15,0,0,0,5,C3R,0.0,0.0,0.019788498249999655,1.0,1.0,0.0,0.0,0.0,0.019788498249999655
phaseflip,dephasing,0.03,1,0.5,0.03,10,qiskit_aer,1,1,0.985,0.45419444444444446,0.8222222222222222,0.5333333333333333,0.0,1.0,1.0,0.0,0.014999999999999791,0.0,0.014999999999999791,0.014999999999999791,0.014999999999999791,0.014999999999999791,0.014999999999999791,1.0,1.0,1.0,0.0,0.0,0.0,0.0,0.0,-0.01515368960704555,0.0,-0.01515368960704555,-0.01515368960704555,-0.01515368960704555,-0.01515368960704555,-0.01515368960704555,0.0,1.0,0.0,0.0,1.0,0.0,0.0,1.0,0.014999999999999791,0.0,0.014999999999999791,0.014999999999999791,0.014999999999999791,0.014999999999999791,0.014999999999999791,1.0,1.0,1.0,0.0,0.0,0.0,0.0,0.0,0.0,0.0,0.0,0.0,0.0,0.014999999999999791,0.0,0.014999999999999791,0.014999999999999791,0.014999999999999791,0.014999999999999791,0.014999999999999791,1.0,1.0,1.0,0.0,0.0,0.0,0.0,0.0,0.0,0.0,0.0,0.0,0.0,0.014999999999999791,0.0,0.014999999999999791,0.014999999999999791,0.014999999999999791,0.014999999999999791,0.014999999999999791,1.0,1.0,1.0,0.0,0.0,0.0,0.0,0.0,0.0,0.0,0.0,0.0,0.0,0.014999999999999791,0.0,0.014999999999999791,0.014999999999999791,0.014999999999999791,0.014999999999999791,0.014999999999999791,1.0,1.0,1.0,0.0,0.0,0.0,0.0,0.0,0.0,0.0,0.0,0.0,0.0,1.0,0.0,0.0,0.0,0.0,0.0,0.0,1.0,0.0,0.0,1.0,0.0,0.0,1.0,0.0,0.0,1.0,0.0,0.0,0.0,0.0,0.0,0.0,0.0,0.0,0.0,0.0,0.0,0.0,0.0,0.0,1.0,1.0,0.2,0.0,0.0,0.0,0.0,0.0,0.0,0.0,0,0,0.0,0.0,0.0,0.0,0.0,0.0,0.0,0.0,0.0,0.0,0.0,1.0,0.0,0.0,0.0,0.0,0.0,-0.45419441788572096,0.0,0.0,0.0,0.9837777777777778,1.0633333333333335,0,0,0,0,C1,0.0,0.0,0.014999999999999791,1.0,1.0,0.0,0.0,0.0,0.014999999999999791
phaseflip,dephasing,0.03,1,0.5,0.05,10,qiskit_aer,1,1,0.985,0.44872222222222224,0.8222222222222222,0.5333333333333333,0.0,1.0,1.0,0.0,0.014999999999999791,0.0,0.014999999999999791,0.014999999999999791,0.014999999999999791,0.014999999999999791,0.014999999999999791,1.0,1.0,1.0,0.0,0.0,0.0,0.0,0.0,-0.01515368960704555,0.0,-0.01515368960704555,-0.01515368960704555,-0.01515368960704555,-0.01515368960704555,-0.01515368960704555,0.0,1.0,0.0,0.0,1.0,0.0,0.0,1.0,0.014999999999999791,0.0,0.014999999999999791,0.014999999999999791,0.014999999999999791,0.014999999999999791,0.014999999999999791,1.0,1.0,1.0,0.0,0.0,0.0,0.0,0.0,0.0,0.0,0.0,0.0,0.0,0.014999999999999791,0.0,0.014999999999999791,0.014999999999999791,0.014999999999999791,0.014999999999999791,0.014999999999999791,1.0,1.0,1.0,0.0,0.0,0.0,0.0,0.0,0.0,0.0,0.0,0.0,0.0,0.014999999999999791,0.0,0.014999999999999791,0.014999999999999791,0.014999999999999791,0.014999999999999791,0.014999999999999791,1.0,1.0,1.0,0.0,0.0,0.0,0.0,0.0,0.0,0.0,0.0,0.0,0.0,0.014999999999999791,0.0,0.014999999999999791,0.014999999999999791,0.014999999999999791,0.014999999999999791,0.014999999999999791,1.0,1.0,1.0,0.0,0.0,0.0,0.0,0.0,0.0,0.0,0.0,0.0,0.0,1.0,0.0,0.0,0.0,0.0,0.0,0.0,1.0,0.0,0.0,1.0,0.0,0.0,1.0,0.0,0.0,1.0,0.0,0.0,0.0,0.0,0.0,0.0,0.0,0.0,0.0,0.0,0.0,0.0,0.0,0.0,1.0,1.0,0.2,0.0,0.0,0.0,0.0,0.0,0.0,0.0,0,0,0.0,0.0,0.0,0.0,0.0,0.0,0.0,0.0,0.0,0.0,0.0,1.0,0.0,0.0,0.0,0.0,0.0,-0.4487221956634987,0.0,0.0,0.0,0.9877777777777778,1.0833333333333335,0,0,0,0,C1,0.0,0.0,0.014999999999999791,1.0,1.0,0.0,0.0,0.0,0.014999999999999791
phaseflip,dephasing,0.03,1,0.5,0.1,10,qiskit_aer,1,1,0.985,0.3885277777777778,0.8666666666666667,0.5333333333333333,0.0,1.0,1.0,0.0,0.014999999999999791,0.0,0.014999999999999791,0.014999999999999791,0.014999999999999791,0.014999999999999791,0.014999999999999791,1.0,1.0,1.0,0.0,0.0,0.0,0.0,0.0,-0.01515368960704555,0.0,-0.01515368960704555,-0.01515368960704555,-0.01515368960704555,-0.01515368960704555,-0.01515368960704555,0.0,1.0,0.0,0.0,1.0,0.0,0.0,1.0,0.014999999999999791,0.0,0.014999999999999791,0.014999999999999791,0.014999999999999791,0.014999999999999791,0.014999999999999791,1.0,1.0,1.0,0.0,0.0,0.0,0.0,0.0,0.0,0.0,0.0,0.0,0.0,0.014999999999999791,0.0,0.014999999999999791,0.014999999999999791,0.014999999999999791,0.014999999999999791,0.014999999999999791,1.0,1.0,1.0,0.0,0.0,0.0,0.0,0.0,0.0,0.0,0.0,0.0,0.0,0.014999999999999791,0.0,0.014999999999999791,0.014999999999999791,0.014999999999999791,0.014999999999999791,0.014999999999999791,1.0,1.0,1.0,0.0,0.0,0.0,0.0,0.0,0.0,0.0,0.0,0.0,0.0,0.014999999999999791,0.0,0.014999999999999791,0.014999999999999791,0.014999999999999791,0.014999999999999791,0.014999999999999791,1.0,1.0,1.0,0.0,0.0,0.0,0.0,0.0,0.0,0.0,0.0,0.0,0.0,1.0,0.0,0.0,0.0,0.0,0.0,0.0,1.0,0.0,0.0,1.0,0.0,0.0,1.0,0.0,0.0,1.0,0.0,0.0,0.0,0.0,0.0,0.0,0.0,0.0,0.0,0.0,0.0,0.0,0.0,0.0,1.0,1.0,0.2,0.0,0.0,0.0,0.0,0.0,0.0,0.0,0,0,0.0,0.0,0.0,0.0,0.0,0.0,0.0,0.0,0.0,0.0,0.0,1.0,0.0,0.0,0.0,0.0,0.0,-0.38852775159199393,0.0,0.0,0.0,0.9977777777777778,1.1333333333333333,0,0,0,0,C1,0.0,0.0,0.014999999999999791,1.0,1.0,0.0,0.0,0.0,0.014999999999999791
phaseflip,dephasing,0.03,2,0.5,0.03,10,qiskit_aer,1,1,0.97036,0.42587847222222225,0.8222222222222222,0.5333333333333333,0.0,1.0,1.0,0.0,0.0296399999999996,0.00011022703842520368,0.029549999999999632,0.029549999999999632,0.029774999999999552,0.029549999999999632,0.029549999999999632,1.0,0.7,1.0,0.0,0.0,0.0,0.0,0.0,-0.0005136896070457419,0.00011022703842520368,-0.0006036896070457098,-0.0006036896070457098,-0.00037868960704579013,-0.0006036896070457098,-0.0006036896070457098,0.0,1.0,0.0,0.0,0.0,0.0,0.0,1.0,0.020593893117885998,0.013828412148878502,0.029549999999999632,0.007103482794715565,0.029718749999999572,-0.0006036896070457098,-0.0006036896070457098,0.7,1.0,0.7,0.0,0.0,0.0,0.0,0.3,0.0,0.009046106882113603,0.09046106882113603,0.030153689607045342,0.030153689607045342,0.020593893117885998,0.013828412148878502,0.029549999999999632,0.007103482794715565,0.029718749999999572,-0.0006036896070457098,-0.0006036896070457098,0.7,1.0,0.7,0.0,0.0,0.0,0.0,0.3,0.0,0.009046106882113603,0.09046106882113603,0.030153689607045342,0.030153689607045342,0.020593893117885998,0.013828412148878502,0.029549999999999632,0.007103482794715565,0.029718749999999572,-0.0006036896070457098,-0.0006036896070457098,0.7,1.0,0.7,0.0,0.0,0.0,0.0,0.3,0.0,0.009046106882113603,0.09046106882113603,0.030153689607045342,0.030153689607045342,0.026624631039295066,0.00900166929537145,0.029549999999999632,0.029549999999999632,0.029718749999999572,0.01308922071612465,-0.00037868960704579013,0.9,0.8,0.9,0.0,0.0,0.0,0.0,0.1,0.04915630686845529,0.003015368960704534,0.030153689607045342,0.016584529283874903,0.030153689607045342,1.0,0.3,0.3,0.3,0.1,0.2,0.3,0.7,0.0,0.3,0.7,0.0,0.3,0.7,0.0,0.1,0.9,0.0,0.3,0.0,0.3,0.3,0.1,0.3,0.3,0.2,0.0,0.0,0.0,0.3,0.3,1.0,1.0,0.2,0.1,1.0,1.0,1.0,1.0,0.3333333333333333,0.3333333333333333,3,2,0.2,0.6666666666666666,0.3,0.0,0.2,0.0,1.0,0.0,1.0,0.6666666666666666,0.0,1.0,0.060307379214090684,0.0,0.060307379214090684,0.006030737921409068,0.060307379214090684,0.17412153449513065,0.04915630686845529,0.04915630686845529,0.0,0.9837777777777778,1.0633333333333335,0,0,0,2,C3R,0.0,0.0,0.026624631039295066,0.9,0.9,0.1,0.0,0.0,0.026624631039295066
phaseflip,dephasing,0.03,2,0.5,0.05,10,qiskit_aer,1,1,0.97036,0.42048708333333334,0.8222222222222222,0.5333333333333333,0.0,1.0,1.0,0.0,0.0296399999999996,0.00011022703842520368,0.029549999999999632,0.029549999999999632,0.029774999999999552,0.029549999999999632,0.029549999999999632,1.0,0.6,1.0,0.0,0.0,0.0,0.0,0.0,-0.0005136896070457419,0.00011022703842520368,-0.0006036896070457098,-0.0006036896070457098,-0.00037868960704579013,-0.0006036896070457098,-0.0006036896070457098,0.0,1.0,0.0,0.0,0.0,0.0,0.0,1.0,0.017578524157181464,0.014754259820384131,0.029549999999999632,-0.00037868960704579013,0.029549999999999632,-0.0006036896070457098,-0.0006036896070457098,0.6,1.0,0.6,0.0,0.0,0.0,0.0,0.4,0.0,0.012061475842818137,0.12061475842818137,0.030153689607045342,0.030153689607045342,0.017578524157181464,0.014754259820384131,0.029549999999999632,-0.00037868960704579013,0.029549999999999632,-0.0006036896070457098,-0.0006036896070457098,0.6,1.0,0.6,0.0,0.0,0.0,0.0,0.4,0.0,0.012061475842818137,0.12061475842818137,0.030153689607045342,0.030153689607045342,0.017578524157181464,0.014754259820384131,0.029549999999999632,-0.00037868960704579013,0.029549999999999632,-0.0006036896070457098,-0.0006036896070457098,0.6,1.0,0.6,0.0,0.0,0.0,0.0,0.4,0.0,0.012061475842818137,0.12061475842818137,0.030153689607045342,0.030153689607045342,0.026624631039295066,0.00900166929537145,0.029549999999999632,0.029549999999999632,0.029718749999999572,0.01308922071612465,-0.00037868960704579013,0.9,0.7,0.9,0.0,0.0,0.0,0.0,0.1,0.04915630686845529,0.003015368960704534,0.030153689607045342,0.016584529283874903,0.030153689607045342,1.0,0.4,0.4,0.4,0.1,0.3,0.4,0.6,0.0,0.4,0.6,0.0,0.4,0.6,0.0,0.1,0.9,0.0,0.4,0.0,0.4,0.4,0.1,0.4,0.4,0.3,0.0,0.0,0.0,0.4,0.4,1.0,1.0,0.2,0.1,1.0,1.0,1.0,1.0,0.25,0.25,4,3,0.3,0.75,0.4,0.0,0.3,0.0,1.0,0.0,1.0,0.75,0.0,1.0,0.09046106882113603,0.0,0.09046106882113603,0.009046106882113603,0.09046106882113603,0.3795129234482312,0.04915630686845529,0.04915630686845529,0.0,0.9877777777777778,1.0833333333333335,0,0,0,3,C3R,0.0,0.0,0.026624631039295066,0.9,0.9,0.1,0.0,0.0,0.026624631039295066
phaseflip,dephasing,0.03,2,0.5,0.1,10,qiskit_aer,1,1,0.97036,0.36119055555555557,0.8666666666666667,0.5333333333333333,0.0,1.0,1.0,0.0,0.0296399999999996,0.00011022703842520368,0.029549999999999632,0.029549999999999632,0.029774999999999552,0.029549999999999632,0.029549999999999632,1.0,0.6,1.0,0.0,0.0,0.0,0.0,0.0,-0.0005136896070457419,0.00011022703842520368,-0.0006036896070457098,-0.0006036896070457098,-0.00037868960704579013,-0.0006036896070457098,-0.0006036896070457098,0.0,1.0,0.0,0.0,0.0,0.0,0.0,1.0,0.017578524157181464,0.014754259820384131,0.029549999999999632,-0.00037868960704579013,0.029549999999999632,-0.0006036896070457098,-0.0006036896070457098,0.6,1.0,0.6,0.0,0.0,0.0,0.0,0.4,0.0,0.012061475842818137,0.12061475842818137,0.030153689607045342,0.030153689607045342,0.017578524157181464,0.014754259820384131,0.029549999999999632,-0.00037868960704579013,0.029549999999999632,-0.0006036896070457098,-0.0006036896070457098,0.6,1.0,0.6,0.0,0.0,0.0,0.0,0.4,0.0,0.012061475842818137,0.12061475842818137,0.030153689607045342,0.030153689607045342,0.017578524157181464,0.014754259820384131,0.029549999999999632,-0.00037868960704579013,0.029549999999999632,-0.0006036896070457098,-0.0006036896070457098,0.6,1.0,0.6,0.0,0.0,0.0,0.0,0.4,0.0,0.012061475842818137,0.12061475842818137,0.030153689607045342,0.030153689607045342,0.026624631039295066,0.00900166929537145,0.029549999999999632,0.029549999999999632,0.029718749999999572,0.01308922071612465,-0.00037868960704579013,0.9,0.7,0.9,0.0,0.0,0.0,0.0,0.1,0.030368714849498293,0.003015368960704534,0.030153689607045342,0.016584529283874903,0.030153689607045342,1.0,0.4,0.4,0.4,0.1,0.3,0.4,0.6,0.0,0.4,0.6,0.0,0.4,0.6,0.0,0.1,0.9,0.0,0.4,0.0,0.4,0.4,0.1,0.4,0.4,0.3,0.0,0.0,0.0,0.4,0.4,1.0,1.0,0.2,0.1,1.0,1.0,1.0,1.0,0.25,0.25,4,3,0.3,0.75,0.4,0.0,0.3,0.0,1.0,0.0,1.0,0.75,0.0,1.0,0.09046106882113603,0.0,0.09046106882113603,0.009046106882113603,0.09046106882113603,0.4388094513661428,0.030368714849498293,0.030368714849498293,0.0,0.9977777777777778,1.1333333333333333,0,0,0,3,C3R,0.0,0.0,0.026624631039295066,0.9,0.9,0.1,0.0,0.0,0.026624631039295066
phaseflip,dephasing,0.03,3,0.5,0.03,10,qiskit_aer,1,1,0.9559607500000001,0.4089484527777778,0.8,0.55,0.0,1.0,1.0,0.0,0.04403924999999963,0.0002620588435828815,0.04410674999999964,0.043774312499999635,0.04427043749999962,0.04366349999999963,0.04366349999999963,1.0,0.7,1.0,0.0,0.0,0.0,0.0,0.0,0.013885560392954289,0.0002620588435828815,0.013953060392954297,0.013620622892954293,0.014116747892954279,0.013509810392954291,0.013509810392954291,1.0,1.0,0.0,0.0,0.0,0.0,0.0,1.0,0.034993143117886025,0.01396907831349409,0.04410674999999964,0.02138067029471563,0.04427043749999962,0.013509810392954291,0.013509810392954291,1.0,1.0,0.7,0.0,0.0,0.0,0.0,0.3,0.0,0.009046106882113603,0.09046106882113603,0.030153689607045342,0.030153689607045342,0.034993143117886025,0.01396907831349409,0.04410674999999964,0.02138067029471563,0.04427043749999962,0.013509810392954291,0.013509810392954291,1.0,1.0,0.7,0.0,0.0,0.0,0.0,0.3,0.0,0.009046106882113603,0.09046106882113603,0.030153689607045342,0.030153689607045342,0.034993143117886025,0.01396907831349409,0.04410674999999964,0.02138067029471563,0.04427043749999962,0.013509810392954291,0.013509810392954291,1.0,1.0,0.7,0.0,0.0,0.0,0.0,0.3,0.0,0.009046106882113603,0.09046106882113603,0.030153689607045342,0.030153689607045342,0.03800851207859056,0.012141122242554835,0.04410674999999964,0.04366349999999963,0.04427043749999962,0.013709272892954294,0.013509810392954291,1.0,0.9,0.8,0.0,0.0,0.0,0.0,0.2,9.33517426776006e-22,0.006030737921409068,0.060307379214090684,0.030153689607045342,0.030153689607045342,1.0,0.3,0.3,0.3,0.2,0.1,0.3,0.7,0.0,0.3,0.7,0.0,0.3,0.7,0.0,0.2,0.8,0.0,0.3,0.0,0.3,0.3,0.2,0.3,0.3,0.1,0.0,0.0,0.0,0.3,0.3,1.0,1.0,0.3,0.2,1.0,1.0,1.0,1.0,0.6666666666666666,0.6666666666666666,3,1,0.1,0.3333333333333333,0.3,0.0,0.1,0.0,1.0,0.0,1.0,0.3333333333333333,0.0,1.0,0.030153689607045342,0.0,0.030153689607045342,0.003015368960704534,0.030153689607045342,0.19105154932041077,4.033147444735849e-21,4.033147444735849e-21,0.0,0.9812222222222222,1.08,0,0,0,1,C3R,0.0,0.0,0.03800851207859056,0.8,1.0,0.2,0.0,0.0,0.03800851207859056
phaseflip,dephasing,0.03,3,0.5,0.05,10,qiskit_aer,1,1,0.9559607500000001,0.4089484527777778,0.8,0.55,0.0,1.0,1.0,0.0,0.04403924999999963,0.0002620588435828815,0.04410674999999964,0.043774312499999635,0.04427043749999962,0.04366349999999963,0.04366349999999963,1.0,0.8,1.0,0.0,0.0,0.0,0.0,0.0,0.013885560392954289,0.0002620588435828815,0.013953060392954297,0.013620622892954293,0.014116747892954279,0.013509810392954291,0.013509810392954291,1.0,1.0,0.0,0.0,0.0,0.0,0.0,1.0,0.03800851207859056,0.012030533019155682,0.043885124999999636,0.04366349999999963,0.04427043749999962,0.013953060392954297,0.013953060392954297,1.0,1.0,0.8,0.0,0.0,0.0,0.0,0.2,0.0,0.006030737921409068,0.060307379214090684,0.030153689607045342,0.030153689607045342,0.03800851207859056,0.012030533019155682,0.043885124999999636,0.04366349999999963,0.04427043749999962,0.013953060392954297,0.013953060392954297,1.0,1.0,0.8,0.0,0.0,0.0,0.0,0.2,0.0,0.006030737921409068,0.060307379214090684,0.030153689607045342,0.030153689607045342,0.03800851207859056,0.012030533019155682,0.043885124999999636,0.04366349999999963,0.04427043749999962,0.013953060392954297,0.013953060392954297,1.0,1.0,0.8,0.0,0.0,0.0,0.0,0.2,0.0,0.006030737921409068,0.060307379214090684,0.030153689607045342,0.030153689607045342,0.04403924999999963,0.0002620588435828815,0.04410674999999964,0.043774312499999635,0.04427043749999962,0.04366349999999963,0.04366349999999963,1.0,0.8,1.0,0.0,0.0,0.0,0.0,0.0,7.293489016014007e-19,0.0,0.0,0.0,0.0,1.0,0.2,0.2,0.2,0.0,0.2,0.2,0.8,0.0,0.2,0.8,0.0,0.2,0.8,0.0,0.0,1.0,0.0,0.2,0.0,0.2,0.2,0.0,0.2,0.2,0.2,0.0,0.0,0.0,0.2,0.2,1.0,1.0,0.1,0.0,1.0,1.0,1.0,1.0,0.0,0.0,2,2,0.2,1.0,0.2,0.0,0.2,0.0,1.0,0.0,1.0,1.0,0.0,1.0,0.060307379214090684,0.0,0.060307379214090684,0.006030737921409068,0.060307379214090684,-0.008948450604687996,7.293489016014007e-19,7.293489016014007e-19,0.0,0.9872222222222222,1.1,0,0,0,2,C3R,0.0,0.0,0.04403924999999963,1.0,1.0,0.0,0.0,0.0,0.04403924999999963
phaseflip,dephasing,0.03,3,0.5,0.1,10,qiskit_aer,1,1,0.9559607500000001,0.3823909375,0.8111111111111111,0.55,0.0,1.0,1.0,0.0,0.04403924999999963,0.0002620588435828815,0.04410674999999964,0.043774312499999635,0.04427043749999962,0.04366349999999963,0.04366349999999963,1.0,0.8,1.0,0.0,0.0,0.0,0.0,0.0,0.013885560392954289,0.0002620588435828815,0.013953060392954297,0.013620622892954293,0.014116747892954279,0.013509810392954291,0.013509810392954291,1.0,1.0,0.0,0.0,0.0,0.0,0.0,1.0,0.03800851207859056,0.012030533019155682,0.043885124999999636,0.04366349999999963,0.04427043749999962,0.013953060392954297,0.013953060392954297,1.0,1.0,0.8,0.0,0.0,0.0,0.0,0.2,0.0,0.006030737921409068,0.060307379214090684,0.030153689607045342,0.030153689607045342,0.03800851207859056,0.012030533019155682,0.043885124999999636,0.04366349999999963,0.04427043749999962,0.013953060392954297,0.013953060392954297,1.0,1.0,0.8,0.0,0.0,0.0,0.0,0.2,0.0,0.006030737921409068,0.060307379214090684,0.030153689607045342,0.030153689607045342,0.03800851207859056,0.012030533019155682,0.043885124999999636,0.04366349999999963,0.04427043749999962,0.013953060392954297,0.013953060392954297,1.0,1.0,0.8,0.0,0.0,0.0,0.0,0.2,0.0,0.006030737921409068,0.060307379214090684,0.030153689607045342,0.030153689607045342,0.04403924999999963,0.0002620588435828815,0.04410674999999964,0.043774312499999635,0.04427043749999962,0.04366349999999963,0.04366349999999963,1.0,0.8,1.0,0.0,0.0,0.0,0.0,0.0,3.099630017959843e-21,0.0,0.0,0.0,0.0,1.0,0.2,0.2,0.2,0.0,0.2,0.2,0.8,0.0,0.2,0.8,0.0,0.2,0.8,0.0,0.0,1.0,0.0,0.2,0.0,0.2,0.2,0.0,0.2,0.2,0.2,0.0,0.0,0.0,0.2,0.2,1.0,1.0,0.1,0.0,1.0,1.0,1.0,1.0,0.0,0.0,2,2,0.2,1.0,0.2,0.0,0.2,0.0,1.0,0.0,1.0,1.0,0.0,1.0,0.060307379214090684,0.0,0.060307379214090684,0.006030737921409068,0.060307379214090684,0.017609064620479658,3.099630017959843e-21,3.099630017959843e-21,0.0,0.9933333333333333,1.15,0,0,0,2,C3R,0.0,0.0,0.04403924999999963,1.0,1.0,0.0,0.0,0.0,0.04403924999999963
phaseflip,dephasing,0.03,4,0.5,0.03,10,qiskit_aer,1,1,0.9418856417500002,0.4029291399861112,0.8,0.55,0.0,1.0,1.0,0.0,0.058114358249999575,0.0004144749968500171,0.05833264874999955,0.05800854749999951,0.058438499999999616,0.05735359499999959,0.05735359499999959,1.0,0.7,1.0,0.0,0.0,0.0,0.0,0.0,0.027960668642954233,0.0004144749968500171,0.028178959142954207,0.027854857892954166,0.028284810392954274,0.02719990539295425,0.02719990539295425,1.0,1.0,0.0,0.0,0.0,0.0,0.0,1.0,0.04906825136788597,0.013705536395597398,0.05768107124999955,0.0355520065447156,0.05838557437499958,0.028048336517954214,0.027854857892954166,1.0,1.0,0.7,0.0,0.0,0.0,0.0,0.3,0.0,0.009046106882113603,0.09046106882113603,0.030153689607045342,0.030153689607045342,0.04906825136788597,0.013705536395597398,0.05768107124999955,0.0355520065447156,0.05838557437499958,0.028048336517954214,0.027854857892954166,1.0,1.0,0.7,0.0,0.0,0.0,0.0,0.3,0.0,0.009046106882113603,0.09046106882113603,0.030153689607045342,0.030153689607045342,0.04906825136788597,0.013705536395597398,0.05768107124999955,0.0355520065447156,0.05838557437499958,0.028048336517954214,0.027854857892954166,1.0,1.0,0.7,0.0,0.0,0.0,0.0,0.3,0.0,0.009046106882113603,0.09046106882113603,0.030153689607045342,0.030153689607045342,0.05509898928929504,0.008947012087954268,0.058117672499999495,0.05751733312499957,0.058438499999999616,0.041365763466124666,0.028284810392954274,1.0,0.8,0.9,0.0,0.0,0.0,0.0,0.1,4.332225182367674e-21,0.003015368960704534,0.030153689607045342,0.016584529283874903,0.030153689607045342,1.0,0.3,0.3,0.3,0.1,0.2,0.3,0.7,0.0,0.3,0.7,0.0,0.3,0.7,0.0,0.1,0.9,0.0,0.3,0.0,0.3,0.3,0.1,0.3,0.3,0.2,0.0,0.0,0.0,0.3,0.3,1.0,1.0,0.3,0.1,1.0,1.0,1.0,1.0,0.3333333333333333,0.3333333333333333,3,2,0.2,0.6666666666666666,0.3,0.0,0.2,0.0,1.0,0.0,1.0,0.6666666666666666,0.0,1.0,0.060307379214090684,0.0,0.060307379214090684,0.006030737921409068,0.060307379214090684,0.1970708606256109,6.498337773551511e-21,6.498337773551511e-21,0.0,0.9812222222222222,1.08,0,0,0,2,C3R,0.0,0.0,0.05509898928929504,0.9,1.0,0.1,0.0,0.0,0.05509898928929504
phaseflip,dephasing,0.03,4,0.5,0.05,10,qiskit_aer,1,1,0.9418856417500002,0.4029291399861112,0.8,0.55,0.0,1.0,1.0,0.0,0.058114358249999575,0.0004144749968500171,0.05833264874999955,0.05800854749999951,0.058438499999999616,0.05735359499999959,0.05735359499999959,1.0,0.8,1.0,0.0,0.0,0.0,0.0,0.0,0.027960668642954233,0.0004144749968500171,0.028178959142954207,0.027854857892954166,0.028284810392954274,0.02719990539295425,0.02719990539295425,1.0,1.0,0.0,0.0,0.0,0.0,0.0,1.0,0.052083620328590506,0.011905518096354522,0.05800854749999951,0.05735359499999959,0.05838557437499958,0.028284810392954274,0.028284810392954274,1.0,1.0,0.8,0.0,0.0,0.0,0.0,0.2,0.0,0.006030737921409068,0.060307379214090684,0.030153689607045342,0.030153689607045342,0.052083620328590506,0.011905518096354522,0.05800854749999951,0.05735359499999959,0.05838557437499958,0.028284810392954274,0.028284810392954274,1.0,1.0,0.8,0.0,0.0,0.0,0.0,0.2,0.0,0.006030737921409068,0.060307379214090684,0.030153689607045342,0.030153689607045342,0.052083620328590506,0.011905518096354522,0.05800854749999951,0.05735359499999959,0.05838557437499958,0.028284810392954274,0.028284810392954274,1.0,1.0,0.8,0.0,0.0,0.0,0.0,0.2,0.0,0.006030737921409068,0.060307379214090684,0.030153689607045342,0.030153689607045342,0.05509898928929504,0.008947012087954268,0.058117672499999495,0.05751733312499957,0.058438499999999616,0.041365763466124666,0.028284810392954274,1.0,0.9,0.9,0.0,0.0,0.0,0.0,0.1,2.166112591183837e-21,0.003015368960704534,0.030153689607045342,0.016584529283874903,0.030153689607045342,1.0,0.2,0.2,0.2,0.1,0.1,0.2,0.8,0.0,0.2,0.8,0.0,0.2,0.8,0.0,0.1,0.9,0.0,0.2,0.0,0.2,0.2,0.1,0.2,0.2,0.1,0.0,0.0,0.0,0.2,0.2,1.0,1.0,0.1,0.1,1.0,1.0,1.0,1.0,0.5,0.5,2,1,0.1,0.5,0.2,0.0,0.1,0.0,1.0,0.0,1.0,0.5,0.0,1.0,0.030153689607045342,0.0,0.030153689607045342,0.003015368960704534,0.030153689607045342,-0.0029291393290219515,4.332225182367674e-21,4.332225182367674e-21,0.0,0.9872222222222222,1.1,0,0,0,1,C3R,0.0,0.0,0.05509898928929504,0.9,1.0,0.1,0.0,0.0,0.05509898928929504
phaseflip,dephasing,0.03,4,0.5,0.1,10,qiskit_aer,1,1,0.9418856417500002,0.3767662380000001,0.8111111111111111,0.55,0.0,1.0,1.0,0.0,0.058114358249999575,0.0004144749968500171,0.05833264874999955,0.05800854749999951,0.058438499999999616,0.05735359499999959,0.05735359499999959,1.0,0.8,1.0,0.0,0.0,0.0,0.0,0.0,0.027960668642954233,0.0004144749968500171,0.028178959142954207,0.027854857892954166,0.028284810392954274,0.02719990539295425,0.02719990539295425,1.0,1.0,0.0,0.0,0.0,0.0,0.0,1.0,0.052083620328590506,0.011905518096354522,0.05800854749999951,0.05735359499999959,0.05838557437499958,0.028284810392954274,0.028284810392954274,1.0,1.0,0.8,0.0,0.0,0.0,0.0,0.2,0.0,0.006030737921409068,0.060307379214090684,0.030153689607045342,0.030153689607045342,0.052083620328590506,0.011905518096354522,0.05800854749999951,0.05735359499999959,0.05838557437499958,0.028284810392954274,0.028284810392954274,1.0,1.0,0.8,0.0,0.0,0.0,0.0,0.2,0.0,0.006030737921409068,0.060307379214090684,0.030153689607045342,0.030153689607045342,0.052083620328590506,0.011905518096354522,0.05800854749999951,0.05735359499999959,0.05838557437499958,0.028284810392954274,0.028284810392954274,1.0,1.0,0.8,0.0,0.0,0.0,0.0,0.2,0.0,0.006030737921409068,0.060307379214090684,0.030153689607045342,0.030153689607045342,0.05509898928929504,0.008947012087954268,0.058117672499999495,0.05751733312499957,0.058438499999999616,0.041365763466124666,0.028284810392954274,1.0,0.9,0.9,0.0,0.0,0.0,0.0,0.1,2.166112591183837e-21,0.003015368960704534,0.030153689607045342,0.016584529283874903,0.030153689607045342,1.0,0.2,0.2,0.2,0.1,0.1,0.2,0.8,0.0,0.2,0.8,0.0,0.2,0.8,0.0,0.1,0.9,0.0,0.2,0.0,0.2,0.2,0.1,0.2,0.2,0.1,0.0,0.0,0.0,0.2,0.2,1.0,1.0,0.1,0.1,1.0,1.0,1.0,1.0,0.5,0.5,2,1,0.1,0.5,0.2,0.0,0.1,0.0,1.0,0.0,1.0,0.5,0.0,1.0,0.030153689607045342,0.0,0.030153689607045342,0.003015368960704534,0.030153689607045342,0.023233762659262018,4.332225182367674e-21,4.332225182367674e-21,0.0,0.9933333333333333,1.15,0,0,0,1,C3R,0.0,0.0,0.05509898928929504,0.9,1.0,0.1,0.0,0.0,0.05509898928929504
phaseflip,dephasing,0.05,1,0.5,0.03,10,qiskit_aer,1,1,0.9750000000000001,0.42250000000000004,0.8222222222222222,0.5333333333333333,0.0,1.0,1.0,0.0,0.0249999999999998,0.0,0.0249999999999998,0.0249999999999998,0.0249999999999998,0.0249999999999998,0.0249999999999998,1.0,0.3,1.0,0.0,0.0,0.0,0.0,0.0,-0.005153689607045542,0.0,-0.005153689607045542,-0.005153689607045542,-0.005153689607045542,-0.005153689607045542,-0.005153689607045542,0.0,1.0,0.0,0.0,0.0,0.0,0.0,1.0,0.003892417275068061,0.013818156510648851,-0.005153689607045542,-0.005153689607045542,0.017461577598238465,-0.005153689607045542,-0.005153689607045542,0.3,1.0,0.3,0.0,0.0,0.0,0.0,0.7,0.0,0.02110758272493174,0.2110758272493174,0.030153689607045342,0.030153689607045342,0.003892417275068061,0.013818156510648851,-0.005153689607045542,-0.005153689607045542,0.017461577598238465,-0.005153689607045542,-0.005153689607045542,0.3,1.0,0.3,0.0,0.0,0.0,0.0,0.7,0.0,0.02110758272493174,0.2110758272493174,0.030153689607045342,0.030153689607045342,0.003892417275068061,0.013818156510648851,-0.005153689607045542,-0.005153689607045542,0.017461577598238465,-0.005153689607045542,-0.005153689607045542,0.3,1.0,0.3,0.0,0.0,0.0,0.0,0.7,0.0,0.02110758272493174,0.2110758272493174,0.030153689607045342,0.030153689607045342,0.018969262078590732,0.012061475842818137,0.0249999999999998,0.0249999999999998,0.0249999999999998,-0.005153689607045542,-0.005153689607045542,0.8,0.5,0.8,0.0,0.0,0.0,0.0,0.2,1.7537853364912525e-17,0.006030737921409068,0.060307379214090684,0.030153689607045342,0.030153689607045342,1.0,0.7,0.7,0.7,0.2,0.5,0.7,0.3,0.0,0.7,0.3,0.0,0.7,0.3,0.0,0.2,0.8,0.0,0.7,0.0,0.7,0.7,0.2,0.7,0.7,0.5,0.0,0.0,0.0,0.7,0.7,1.0,1.0,0.2,0.2,1.0,1.0,1.0,1.0,0.2857142857142857,0.2857142857142857,7,5,0.5,0.7142857142857143,0.7,0.0,0.5,0.0,1.0,0.0,1.0,0.7142857142857143,0.0,1.0,0.1507684480352267,0.0,0.1507684480352267,0.015076844803522671,0.1507684480352267,0.9775000076282853,1.7540952994930486e-17,1.7540952994930486e-17,0.0,0.9837777777777778,1.0633333333333335,0,0,0,5,C3R,0.0,0.0,0.018969262078590732,0.8,0.8,0.2,0.0,0.0,0.018969262078590732
phaseflip,dephasing,0.05,1,0.5,0.05,10,qiskit_aer,1,1,0.9750000000000001,0.41708333333333336,0.8222222222222222,0.5333333333333333,0.0,1.0,1.0,0.0,0.0249999999999998,0.0,0.0249999999999998,0.0249999999999998,0.0249999999999998,0.0249999999999998,0.0249999999999998,1.0,0.4,1.0,0.0,0.0,0.0,0.0,0.0,-0.005153689607045542,0.0,-0.005153689607045542,-0.005153689607045542,-0.005153689607045542,-0.005153689607045542,-0.005153689607045542,0.0,1.0,0.0,0.0,0.0,0.0,0.0,1.0,0.006907786235772595,0.014772230679905057,-0.005153689607045542,-0.005153689607045542,0.0249999999999998,-0.005153689607045542,-0.005153689607045542,0.4,1.0,0.4,0.0,0.0,0.0,0.0,0.6,0.0,0.018092213764227205,0.18092213764227205,0.030153689607045342,0.030153689607045342,0.006907786235772595,0.014772230679905057,-0.005153689607045542,-0.005153689607045542,0.0249999999999998,-0.005153689607045542,-0.005153689607045542,0.4,1.0,0.4,0.0,0.0,0.0,0.0,0.6,0.0,0.018092213764227205,0.18092213764227205,0.030153689607045342,0.030153689607045342,0.006907786235772595,0.014772230679905057,-0.005153689607045542,-0.005153689607045542,0.0249999999999998,-0.005153689607045542,-0.005153689607045542,0.4,1.0,0.4,0.0,0.0,0.0,0.0,0.6,0.0,0.018092213764227205,0.18092213764227205,0.030153689607045342,0.030153689607045342,0.021984631039295266,0.009046106882113603,0.0249999999999998,0.0249999999999998,0.0249999999999998,0.008415470716124862,-0.005153689607045542,0.9,0.5,0.9,0.0,0.0,0.0,0.0,0.1,1.7537853364912525e-17,0.003015368960704534,0.030153689607045342,0.016584529283874903,0.030153689607045342,1.0,0.6,0.6,0.6,0.1,0.5,0.6,0.4,0.0,0.6,0.4,0.0,0.6,0.4,0.0,0.1,0.9,0.0,0.6,0.0,0.6,0.6,0.1,0.6,0.6,0.5,0.0,0.0,0.0,0.6,0.6,1.0,1.0,0.2,0.1,1.0,1.0,1.0,1.0,0.16666666666666666,0.16666666666666666,6,5,0.5,0.8333333333333334,0.6,0.0,0.5,0.0,1.0,0.0,1.0,0.8333333333333334,0.0,1.0,0.1507684480352267,0.0,0.1507684480352267,0.015076844803522671,0.1507684480352267,0.7829166745892017,1.754001947750371e-17,1.754001947750371e-17,0.0,0.9877777777777778,1.0833333333333335,0,0,0,5,C3R,0.0,0.0,0.021984631039295266,0.9,0.9,0.1,0.0,0.0,0.021984631039295266
phaseflip,dephasing,0.05,1,0.5,0.1,10,qiskit_aer,1,1,0.9750000000000001,0.35750000000000004,0.8666666666666667,0.5333333333333333,0.0,1.0,1.0,0.0,0.0249999999999998,0.0,0.0249999999999998,0.0249999999999998,0.0249999999999998,0.0249999999999998,0.0249999999999998,1.0,0.3,1.0,0.0,0.0,0.0,0.0,0.0,-0.005153689607045542,0.0,-0.005153689607045542,-0.005153689607045542,-0.005153689607045542,-0.005153689607045542,-0.005153689607045542,0.0,1.0,0.0,0.0,0.0,0.0,0.0,1.0,0.003892417275068061,0.013818156510648851,-0.005153689607045542,-0.005153689607045542,0.017461577598238465,-0.005153689607045542,-0.005153689607045542,0.3,1.0,0.3,0.0,0.0,0.0,0.0,0.7,0.0,0.02110758272493174,0.2110758272493174,0.030153689607045342,0.030153689607045342,0.003892417275068061,0.013818156510648851,-0.005153689607045542,-0.005153689607045542,0.017461577598238465,-0.005153689607045542,-0.005153689607045542,0.3,1.0,0.3,0.0,0.0,0.0,0.0,0.7,0.0,0.02110758272493174,0.2110758272493174,0.030153689607045342,0.030153689607045342,0.003892417275068061,0.013818156510648851,-0.005153689607045542,-0.005153689607045542,0.017461577598238465,-0.005153689607045542,-0.005153689607045542,0.3,1.0,0.3,0.0,0.0,0.0,0.0,0.7,0.0,0.02110758272493174,0.2110758272493174,0.030153689607045342,0.030153689607045342,0.021984631039295266,0.009046106882113603,0.0249999999999998,0.0249999999999998,0.0249999999999998,0.008415470716124862,-0.005153689607045542,0.9,0.4,0.9,0.0,0.0,0.0,0.0,0.1,1.7538786882339303e-17,0.003015368960704534,0.030153689607045342,0.016584529283874903,0.030153689607045342,1.0,0.7,0.7,0.7,0.1,0.6,0.7,0.3,0.0,0.7,0.3,0.0,0.7,0.3,0.0,0.1,0.9,0.0,0.7,0.0,0.7,0.7,0.1,0.7,0.7,0.6,0.0,0.0,0.0,0.7,0.7,1.0,1.0,0.2,0.1,1.0,1.0,1.0,1.0,0.14285714285714285,0.14285714285714285,7,6,0.6,0.8571428571428571,0.7,0.0,0.6,0.0,1.0,0.0,1.0,0.8571428571428571,0.0,1.0,0.18092213764227205,0.0,0.18092213764227205,0.018092213764227205,0.18092213764227205,1.0425000076282853,1.7540952994930486e-17,1.7540952994930486e-17,0.0,0.9977777777777778,1.1333333333333333,0,0,0,6,C3R,0.0,0.0,0.021984631039295266,0.9,0.9,0.1,0.0,0.0,0.021984631039295266
phaseflip,dephasing,0.05,2,0.5,0.03,10,qiskit_aer,1,1,0.951,0.4173784722222222,0.8222222222222222,0.5333333333333333,0.0,1.0,1.0,0.0,0.04899999999999967,0.0003061862178479451,0.04874999999999963,0.04874999999999963,0.049374999999999725,0.04874999999999963,0.04874999999999963,1.0,0.4,1.0,0.0,0.0,0.0,0.0,0.0,0.018846310392954323,0.0003061862178479451,0.018596310392954285,0.018596310392954285,0.019221310392954383,0.018596310392954285,0.018596310392954285,1.0,1.0,0.0,0.0,0.0,0.0,0.0,1.0,0.03090778623577246,0.014698674176258194,0.019221310392954383,0.01875256039295431,0.04874999999999963,0.018596310392954285,0.018596310392954285,1.0,1.0,0.4,0.0,0.0,0.0,0.0,0.6,0.0,0.018092213764227205,0.18092213764227205,0.030153689607045342,0.030153689607045342,0.03090778623577246,0.014698674176258194,0.019221310392954383,0.01875256039295431,0.04874999999999963,0.018596310392954285,0.018596310392954285,1.0,1.0,0.4,0.0,0.0,0.0,0.0,0.6,0.0,0.018092213764227205,0.18092213764227205,0.030153689607045342,0.030153689607045342,0.03090778623577246,0.014698674176258194,0.019221310392954383,0.01875256039295431,0.04874999999999963,0.018596310392954285,0.018596310392954285,1.0,1.0,0.4,0.0,0.0,0.0,0.0,0.6,0.0,0.018092213764227205,0.18092213764227205,0.030153689607045342,0.030153689607045342,0.045984631039295135,0.00892548446876103,0.04874999999999963,0.04874999999999963,0.0492187499999997,0.03250922071612474,0.019221310392954383,1.0,0.5,0.9,0.0,0.0,0.0,0.0,0.1,0.0013474284426294942,0.003015368960704534,0.030153689607045342,0.016584529283874903,0.030153689607045342,1.0,0.6,0.6,0.6,0.1,0.5,0.6,0.4,0.0,0.6,0.4,0.0,0.6,0.4,0.0,0.1,0.9,0.0,0.6,0.0,0.6,0.6,0.1,0.6,0.6,0.5,0.0,0.0,0.0,0.6,0.6,1.0,1.0,0.2,0.1,1.0,1.0,1.0,1.0,0.16666666666666666,0.16666666666666666,6,5,0.5,0.8333333333333334,0.6,0.0,0.5,0.0,1.0,0.0,1.0,0.8333333333333334,0.0,1.0,0.1507684480352267,0.0,0.1507684480352267,0.015076844803522671,0.1507684480352267,0.7826215291758258,0.0013474284426294942,0.0013474284426294942,0.0,0.9837777777777778,1.0633333333333335,0,0,0,5,C3R,0.0,0.0,0.045984631039295135,0.9,1.0,0.1,0.0,0.0,0.045984631039295135
phaseflip,dephasing,0.05,2,0.5,0.05,10,qiskit_aer,1,1,0.951,0.41209375,0.8222222222222222,0.5333333333333333,0.0,1.0,1.0,0.0,0.04899999999999967,0.0003061862178479451,0.04874999999999963,0.04874999999999963,0.049374999999999725,0.04874999999999963,0.04874999999999963,1.0,0.5,1.0,0.0,0.0,0.0,0.0,0.0,0.018846310392954323,0.0003061862178479451,0.018596310392954285,0.018596310392954285,0.019221310392954383,0.018596310392954285,0.018596310392954285,1.0,1.0,0.0,0.0,0.0,0.0,0.0,1.0,0.033923155196477,0.015204414175836893,0.033985655196477005,0.018596310392954285,0.0492187499999997,0.018596310392954285,0.018596310392954285,1.0,1.0,0.5,0.0,0.0,0.0,0.0,0.5,0.0,0.015076844803522671,0.1507684480352267,0.030153689607045342,0.030153689607045342,0.033923155196477,0.015204414175836893,0.033985655196477005,0.018596310392954285,0.0492187499999997,0.018596310392954285,0.018596310392954285,1.0,1.0,0.5,0.0,0.0,0.0,0.0,0.5,0.0,0.015076844803522671,0.1507684480352267,0.030153689607045342,0.030153689607045342,0.033923155196477,0.015204414175836893,0.033985655196477005,0.018596310392954285,0.0492187499999997,0.018596310392954285,0.018596310392954285,1.0,1.0,0.5,0.0,0.0,0.0,0.0,0.5,0.0,0.015076844803522671,0.1507684480352267,0.030153689607045342,0.030153689607045342,0.045984631039295135,0.00892548446876103,0.04874999999999963,0.04874999999999963,0.0492187499999997,0.03250922071612474,0.019221310392954383,1.0,0.6,0.9,0.0,0.0,0.0,0.0,0.1,0.0026948568852589666,0.003015368960704534,0.030153689607045342,0.016584529283874903,0.030153689607045342,1.0,0.5,0.5,0.5,0.1,0.4,0.5,0.5,0.0,0.5,0.5,0.0,0.5,0.5,0.0,0.1,0.9,0.0,0.5,0.0,0.5,0.5,0.1,0.5,0.5,0.4,0.0,0.0,0.0,0.5,0.5,1.0,1.0,0.2,0.1,1.0,1.0,1.0,1.0,0.2,0.2,5,4,0.4,0.8,0.5,0.0,0.4,0.0,1.0,0.0,1.0,0.8,0.0,1.0,0.12061475842818137,0.0,0.12061475842818137,0.012061475842818137,0.12061475842818137,0.5879062513419364,0.0026948568852589666,0.0026948568852589666,0.0,0.9877777777777778,1.0833333333333335,0,0,0,4,C3R,0.0,0.0,0.045984631039295135,0.9,1.0,0.1,0.0,0.0,0.045984631039295135
phaseflip,dephasing,0.05,2,0.5,0.1,10,qiskit_aer,1,1,0.951,0.3539861111111111,0.8666666666666667,0.5333333333333333,0.0,1.0,1.0,0.0,0.04899999999999967,0.0003061862178479451,0.04874999999999963,0.04874999999999963,0.049374999999999725,0.04874999999999963,0.04874999999999963,1.0,0.6,1.0,0.0,0.0,0.0,0.0,0.0,0.018846310392954323,0.0003061862178479451,0.018596310392954285,0.018596310392954285,0.019221310392954383,0.018596310392954285,0.018596310392954285,1.0,1.0,0.0,0.0,0.0,0.0,0.0,1.0,0.03693852415718153,0.014851736463486585,0.04874999999999963,0.01875256039295431,0.0492187499999997,0.018596310392954285,0.018596310392954285,1.0,1.0,0.6,0.0,0.0,0.0,0.0,0.4,0.0,0.012061475842818137,0.12061475842818137,0.030153689607045342,0.030153689607045342,0.03693852415718153,0.014851736463486585,0.04874999999999963,0.01875256039295431,0.0492187499999997,0.018596310392954285,0.018596310392954285,1.0,1.0,0.6,0.0,0.0,0.0,0.0,0.4,0.0,0.012061475842818137,0.12061475842818137,0.030153689607045342,0.030153689607045342,0.03693852415718153,0.014851736463486585,0.04874999999999963,0.01875256039295431,0.0492187499999997,0.018596310392954285,0.018596310392954285,1.0,1.0,0.6,0.0,0.0,0.0,0.0,0.4,0.0,0.012061475842818137,0.12061475842818137,0.030153689607045342,0.030153689607045342,0.04899999999999967,0.0003061862178479451,0.04874999999999963,0.04874999999999963,0.049374999999999725,0.04874999999999963,0.04874999999999963,1.0,0.6,1.0,0.0,0.0,0.0,0.0,0.0,0.0026948568852589666,0.0,0.0,0.0,0.0,1.0,0.4,0.4,0.4,0.0,0.4,0.4,0.6,0.0,0.4,0.6,0.0,0.4,0.6,0.0,0.0,1.0,0.0,0.4,0.0,0.4,0.4,0.0,0.4,0.4,0.4,0.0,0.0,0.0,0.4,0.4,1.0,1.0,0.2,0.0,1.0,1.0,1.0,1.0,0.0,0.0,4,4,0.4,1.0,0.4,0.0,0.4,0.0,1.0,0.0,1.0,1.0,0.0,1.0,0.12061475842818137,0.0,0.12061475842818137,0.012061475842818137,0.12061475842818137,0.4460138903131332,0.0026948568852589666,0.0026948568852589666,0.0,0.9977777777777778,1.1333333333333333,0,0,0,4,C3R,0.0,0.0,0.04899999999999967,1.0,1.0,0.0,0.0,0.0,0.04899999999999967
phaseflip,dephasing,0.05,3,0.5,0.03,10,qiskit_aer,1,1,0.9276562499999998,0.39685729166666667,0.8,0.55,0.0,1.0,1.0,0.0,0.07234374999999979,0.0007184782094816984,0.07253124999999983,0.07161718749999987,0.07297656249999979,0.07131249999999967,0.07131249999999974,1.0,0.5,1.0,0.0,0.0,0.0,0.0,0.0,0.04219006039295444,0.0007184782094816984,0.04237756039295448,0.04146349789295453,0.042822872892954444,0.041158810392954326,0.0411588103929544,1.0,1.0,0.0,0.0,0.0,0.0,0.0,1.0,0.05726690519647711,0.015031395629367453,0.05714190519647705,0.04237756039295448,0.07222656249999979,0.04170724789295452,0.04115881039295455,1.0,1.0,0.5,0.0,0.0,0.0,0.0,0.5,0.0,0.015076844803522671,0.1507684480352267,0.030153689607045342,0.030153689607045342,0.05726690519647711,0.015031395629367453,0.05714190519647705,0.04237756039295448,0.07222656249999979,0.04170724789295452,0.04115881039295455,1.0,1.0,0.5,0.0,0.0,0.0,0.0,0.5,0.0,0.015076844803522671,0.1507684480352267,0.030153689607045342,0.030153689607045342,0.05726690519647711,0.015031395629367453,0.05714190519647705,0.04237756039295448,0.07222656249999979,0.04170724789295452,0.04115881039295455,1.0,1.0,0.5,0.0,0.0,0.0,0.0,0.5,0.0,0.015076844803522671,0.1507684480352267,0.030153689607045342,0.030153689607045342,0.07234374999999979,0.0007184782094816984,0.07253124999999983,0.07161718749999987,0.07297656249999979,0.07131249999999967,0.07131249999999974,1.0,0.5,1.0,0.0,0.0,0.0,0.0,0.0,9.597967791511354e-21,0.0,0.0,0.0,0.0,1.0,0.5,0.5,0.5,0.0,0.5,0.5,0.5,0.0,0.5,0.5,0.0,0.5,0.5,0.0,0.0,1.0,0.0,0.5,0.0,0.5,0.5,0.0,0.5,0.5,0.5,0.0,0.0,0.0,0.5,0.5,1.0,1.0,0.3,0.0,1.0,1.0,1.0,1.0,0.0,0.0,5,5,0.5,1.0,0.5,0.0,0.5,0.0,1.0,0.0,1.0,1.0,0.0,1.0,0.1507684480352267,0.0,0.1507684480352267,0.015076844803522671,0.1507684480352267,0.6031427086294898,9.597967791511354e-21,9.597967791511354e-21,0.0,0.9812222222222222,1.08,0,0,0,5,C3R,0.0,0.0,0.07234374999999979,1.0,1.0,0.0,0.0,0.0,0.07234374999999979
phaseflip,dephasing,0.05,3,0.5,0.05,10,qiskit_aer,1,1,0.9276562499999998,0.39685729166666667,0.8,0.55,0.0,1.0,1.0,0.0,0.07234374999999979,0.0007184782094816984,0.07253124999999983,0.07161718749999987,0.07297656249999979,0.07131249999999967,0.07131249999999974,1.0,0.4,1.0,0.0,0.0,0.0,0.0,0.0,0.04219006039295444,0.0007184782094816984,0.04237756039295448,0.04146349789295453,0.042822872892954444,0.041158810392954326,0.0411588103929544,1.0,1.0,0.0,0.0,0.0,0.0,0.0,1.0,0.05425153623577258,0.014687397360905104,0.04267443539295446,0.04237756039295448,0.07131249999999967,0.04170724789295452,0.04115881039295455,1.0,1.0,0.4,0.0,0.0,0.0,0.0,0.6,0.0,0.018092213764227205,0.18092213764227205,0.030153689607045342,0.030153689607045342,0.05425153623577258,0.014687397360905104,0.04267443539295446,0.04237756039295448,0.07131249999999967,0.04170724789295452,0.04115881039295455,1.0,1.0,0.4,0.0,0.0,0.0,0.0,0.6,0.0,0.018092213764227205,0.18092213764227205,0.030153689607045342,0.030153689607045342,0.05425153623577258,0.014687397360905104,0.04267443539295446,0.04237756039295448,0.07131249999999967,0.04170724789295452,0.04115881039295455,1.0,1.0,0.4,0.0,0.0,0.0,0.0,0.6,0.0,0.018092213764227205,0.18092213764227205,0.030153689607045342,0.030153689607045342,0.07234374999999979,0.0007184782094816984,0.07253124999999983,0.07161718749999987,0.07297656249999979,0.07131249999999967,0.07131249999999974,1.0,0.4,1.0,0.0,0.0,0.0,0.0,0.0,0.004647966849674839,0.0,0.0,0.0,0.0,1.0,0.6,0.6,0.6,0.0,0.6,0.6,0.4,0.0,0.6,0.4,0.0,0.6,0.4,0.0,0.0,1.0,0.0,0.6,0.0,0.6,0.6,0.0,0.6,0.6,0.6,0.0,0.0,0.0,0.6,0.6,1.0,1.0,0.1,0.0,1.0,1.0,1.0,1.0,0.0,0.0,6,6,0.6,1.0,0.6,0.0,0.6,0.0,1.0,0.0,1.0,1.0,0.0,1.0,0.18092213764227205,0.0,0.18092213764227205,0.018092213764227205,0.18092213764227205,0.8031427086426346,0.004647966849674839,0.004647966849674839,0.0,0.9872222222222222,1.1,0,0,0,6,C3R,0.0,0.0,0.07234374999999979,1.0,1.0,0.0,0.0,0.0,0.07234374999999979
phaseflip,dephasing,0.05,3,0.5,0.1,10,qiskit_aer,1,1,0.9276562499999998,0.3710807291666666,0.8111111111111111,0.55,0.0,1.0,1.0,0.0,0.07234374999999979,0.0007184782094816984,0.07253124999999983,0.07161718749999987,0.07297656249999979,0.07131249999999967,0.07131249999999974,1.0,0.6,1.0,0.0,0.0,0.0,0.0,0.0,0.04219006039295444,0.0007184782094816984,0.04237756039295448,0.04146349789295453,0.042822872892954444,0.041158810392954326,0.0411588103929544,1.0,1.0,0.0,0.0,0.0,0.0,0.0,1.0,0.060282274157181646,0.014884956116780708,0.07131249999999967,0.04237756039295448,0.07297656249999979,0.04170724789295452,0.04115881039295455,1.0,1.0,0.6,0.0,0.0,0.0,0.0,0.4,0.0,0.012061475842818137,0.12061475842818137,0.030153689607045342,0.030153689607045342,0.060282274157181646,0.014884956116780708,0.07131249999999967,0.04237756039295448,0.07297656249999979,0.04170724789295452,0.04115881039295455,1.0,1.0,0.6,0.0,0.0,0.0,0.0,0.4,0.0,0.012061475842818137,0.12061475842818137,0.030153689607045342,0.030153689607045342,0.060282274157181646,0.014884956116780708,0.07131249999999967,0.04237756039295448,0.07297656249999979,0.04170724789295452,0.04115881039295455,1.0,1.0,0.6,0.0,0.0,0.0,0.0,0.4,0.0,0.012061475842818137,0.12061475842818137,0.030153689607045342,0.030153689607045342,0.07234374999999979,0.0007184782094816984,0.07253124999999983,0.07161718749999987,0.07297656249999979,0.07131249999999967,0.07131249999999974,1.0,0.6,1.0,0.0,0.0,0.0,0.0,0.0,8.664450364735348e-21,0.0,0.0,0.0,0.0,1.0,0.4,0.4,0.4,0.0,0.4,0.4,0.6,0.0,0.4,0.6,0.0,0.4,0.6,0.0,0.0,1.0,0.0,0.4,0.0,0.4,0.4,0.0,0.4,0.4,0.4,0.0,0.0,0.0,0.4,0.4,1.0,1.0,0.1,0.0,1.0,1.0,1.0,1.0,0.0,0.0,4,4,0.4,1.0,0.4,0.0,0.4,0.0,1.0,0.0,1.0,1.0,0.0,1.0,0.12061475842818137,0.0,0.12061475842818137,0.012061475842818137,0.12061475842818137,0.4289192711372568,8.664450364735348e-21,8.664450364735348e-21,0.0,0.9933333333333333,1.15,0,0,0,4,C3R,0.0,0.0,0.07234374999999979,1.0,1.0,0.0,0.0,0.0,0.07234374999999979
phaseflip,dephasing,0.05,4,0.5,0.03,10,qiskit_aer,1,1,0.9051885937499999,0.3771992881944444,0.8,0.55,0.0,1.0,1.0,0.0,0.09481140624999983,0.0011233153727951157,0.09540546874999983,0.0945296874999999,0.09568749999999981,0.09274687499999978,0.09274687499999978,1.0,0.7,1.0,0.0,0.0,0.0,0.0,0.0,0.06465771664295449,0.0011233153727951157,0.06525177914295449,0.06437599789295456,0.06553381039295447,0.06259318539295444,0.06259318539295444,1.0,1.0,0.0,0.0,0.0,0.0,0.0,1.0,0.08576529936788622,0.013795569537946003,0.09393515624999982,0.0723370765447158,0.09568749999999981,0.06437599789295456,0.06437599789295456,1.0,1.0,0.7,0.0,0.0,0.0,0.0,0.3,0.0,0.009046106882113603,0.09046106882113603,0.030153689607045342,0.030153689607045342,0.08576529936788622,0.013795569537946003,0.09393515624999982,0.0723370765447158,0.09568749999999981,0.06437599789295456,0.06437599789295456,1.0,1.0,0.7,0.0,0.0,0.0,0.0,0.3,0.0,0.009046106882113603,0.09046106882113603,0.030153689607045342,0.030153689607045342,0.08576529936788622,0.013795569537946003,0.09393515624999982,0.0723370765447158,0.09568749999999981,0.06437599789295456,0.06437599789295456,1.0,1.0,0.7,0.0,0.0,0.0,0.0,0.3,0.0,0.009046106882113603,0.09046106882113603,0.030153689607045342,0.030153689607045342,0.09481140624999983,0.0011233153727951157,0.09540546874999983,0.0945296874999999,0.09568749999999981,0.09274687499999978,0.09274687499999978,1.0,0.7,1.0,0.0,0.0,0.0,0.0,0.0,1.3276868597535491e-17,0.0,0.0,0.0,0.0,1.0,0.3,0.3,0.3,0.0,0.3,0.3,0.7,0.0,0.3,0.7,0.0,0.3,0.7,0.0,0.0,1.0,0.0,0.3,0.0,0.3,0.3,0.0,0.3,0.3,0.3,0.0,0.0,0.0,0.3,0.3,1.0,1.0,0.3,0.0,1.0,1.0,1.0,1.0,0.0,0.0,3,3,0.3,1.0,0.3,0.0,0.3,0.0,1.0,0.0,1.0,1.0,0.0,1.0,0.09046106882113603,0.0,0.09046106882113603,0.009046106882113603,0.09046106882113603,0.22280071191524167,1.3276868597535491e-17,1.3276868597535491e-17,0.0,0.9812222222222222,1.08,0,0,0,3,C3R,0.0,0.0,0.09481140624999983,1.0,1.0,0.0,0.0,0.0,0.09481140624999983
phaseflip,dephasing,0.05,4,0.5,0.05,10,qiskit_aer,1,1,0.9051885937499999,0.3771992881944444,0.8,0.55,0.0,1.0,1.0,0.0,0.09481140624999983,0.0011233153727951157,0.09540546874999983,0.0945296874999999,0.09568749999999981,0.09274687499999978,0.09274687499999978,1.0,0.6,1.0,0.0,0.0,0.0,0.0,0.0,0.06465771664295449,0.0011233153727951157,0.06525177914295449,0.06437599789295456,0.06553381039295447,0.06259318539295444,0.06259318539295444,1.0,1.0,0.0,0.0,0.0,0.0,0.0,1.0,0.08274993040718169,0.014687181829466293,0.09274687499999978,0.0651107635179545,0.09568749999999981,0.06437599789295456,0.06437599789295456,1.0,1.0,0.6,0.0,0.0,0.0,0.0,0.4,0.0,0.012061475842818137,0.12061475842818137,0.030153689607045342,0.030153689607045342,0.08274993040718169,0.014687181829466293,0.09274687499999978,0.0651107635179545,0.09568749999999981,0.06437599789295456,0.06437599789295456,1.0,1.0,0.6,0.0,0.0,0.0,0.0,0.4,0.0,0.012061475842818137,0.12061475842818137,0.030153689607045342,0.030153689607045342,0.08274993040718169,0.014687181829466293,0.09274687499999978,0.0651107635179545,0.09568749999999981,0.06437599789295456,0.06437599789295456,1.0,1.0,0.6,0.0,0.0,0.0,0.0,0.4,0.0,0.012061475842818137,0.12061475842818137,0.030153689607045342,0.030153689607045342,0.09481140624999983,0.0011233153727951157,0.09540546874999983,0.0945296874999999,0.09568749999999981,0.09274687499999978,0.09274687499999978,1.0,0.6,1.0,0.0,0.0,0.0,0.0,0.0,0.01187489056626624,0.0,0.0,0.0,0.0,1.0,0.4,0.4,0.4,0.0,0.4,0.4,0.6,0.0,0.4,0.6,0.0,0.4,0.6,0.0,0.0,1.0,0.0,0.4,0.0,0.4,0.4,0.0,0.4,0.4,0.4,0.0,0.0,0.0,0.4,0.4,1.0,1.0,0.1,0.0,1.0,1.0,1.0,1.0,0.0,0.0,4,4,0.4,1.0,0.4,0.0,0.4,0.0,1.0,0.0,1.0,1.0,0.0,1.0,0.12061475842818137,0.0,0.12061475842818137,0.012061475842818137,0.12061475842818137,0.42280071192722485,0.01187489056626624,0.01187489056626624,0.0,0.9872222222222222,1.1,0,0,0,4,C3R,0.0,0.0,0.09481140624999983,1.0,1.0,0.0,0.0,0.0,0.09481140624999983
phaseflip,dephasing,0.05,4,0.5,0.1,10,qiskit_aer,1,1,0.9051885937499999,0.35205672743055555,0.8111111111111111,0.55,0.0,1.0,1.0,0.0,0.09481140624999983,0.0011233153727951157,0.09540546874999983,0.0945296874999999,0.09568749999999981,0.09274687499999978,0.09274687499999978,1.0,0.7,1.0,0.0,0.0,0.0,0.0,0.0,0.06465771664295449,0.0011233153727951157,0.06525177914295449,0.06437599789295456,0.06553381039295447,0.06259318539295444,0.06259318539295444,1.0,1.0,0.0,0.0,0.0,0.0,0.0,1.0,0.08576529936788622,0.013795569537946003,0.09393515624999982,0.0723370765447158,0.09568749999999981,0.06437599789295456,0.06437599789295456,1.0,1.0,0.7,0.0,0.0,0.0,0.0,0.3,0.0,0.009046106882113603,0.09046106882113603,0.030153689607045342,0.030153689607045342,0.08576529936788622,0.013795569537946003,0.09393515624999982,0.0723370765447158,0.09568749999999981,0.06437599789295456,0.06437599789295456,1.0,1.0,0.7,0.0,0.0,0.0,0.0,0.3,0.0,0.009046106882113603,0.09046106882113603,0.030153689607045342,0.030153689607045342,0.08576529936788622,0.013795569537946003,0.09393515624999982,0.0723370765447158,0.09568749999999981,0.06437599789295456,0.06437599789295456,1.0,1.0,0.7,0.0,0.0,0.0,0.0,0.3,0.0,0.009046106882113603,0.09046106882113603,0.030153689607045342,0.030153689607045342,0.09481140624999983,0.0011233153727951157,0.09540546874999983,0.0945296874999999,0.09568749999999981,0.09274687499999978,0.09274687499999978,1.0,0.7,1.0,0.0,0.0,0.0,0.0,0.0,0.006808014439517155,0.0,0.0,0.0,0.0,1.0,0.3,0.3,0.3,0.0,0.3,0.3,0.7,0.0,0.3,0.7,0.0,0.3,0.7,0.0,0.0,1.0,0.0,0.3,0.0,0.3,0.3,0.0,0.3,0.3,0.3,0.0,0.0,0.0,0.3,0.3,1.0,1.0,0.1,0.0,1.0,1.0,1.0,1.0,0.0,0.0,3,3,0.3,1.0,0.3,0.0,0.3,0.0,1.0,0.0,1.0,1.0,0.0,1.0,0.09046106882113603,0.0,0.09046106882113603,0.009046106882113603,0.09046106882113603,0.24794327269186855,0.006808014439517155,0.006808014439517155,0.0,0.9933333333333333,1.15,0,0,0,3,C3R,0.0,0.0,0.09481140624999983,1.0,1.0,0.0,0.0,0.0,0.09481140624999983
phaseflip,dephasing,0.1,1,0.5,0.03,10,qiskit_aer,1,1,0.9499999999999998,0.4063888888888889,0.8222222222222222,0.5333333333333333,0.0,1.0,1.0,0.0,0.04999999999999971,0.0,0.04999999999999971,0.04999999999999971,0.04999999999999971,0.04999999999999971,0.04999999999999971,1.0,0.2,1.0,0.0,0.0,0.0,0.0,0.0,0.01984631039295437,0.0,0.01984631039295437,0.01984631039295437,0.01984631039295437,0.01984631039295437,0.01984631039295437,1.0,1.0,0.0,0.0,0.0,0.0,0.0,1.0,0.025877048314363438,0.012061475842818137,0.01984631039295437,0.01984631039295437,0.01984631039295437,0.01984631039295437,0.01984631039295437,1.0,1.0,0.2,0.0,0.0,0.0,0.0,0.8,0.0,0.024122951685636274,0.24122951685636274,0.030153689607045342,0.030153689607045342,0.025877048314363438,0.012061475842818137,0.01984631039295437,0.01984631039295437,0.01984631039295437,0.01984631039295437,0.01984631039295437,1.0,1.0,0.2,0.0,0.0,0.0,0.0,0.8,0.0,0.024122951685636274,0.24122951685636274,0.030153689607045342,0.030153689607045342,0.025877048314363438,0.012061475842818137,0.01984631039295437,0.01984631039295437,0.01984631039295437,0.01984631039295437,0.01984631039295437,1.0,1.0,0.2,0.0,0.0,0.0,0.0,0.8,0.0,0.024122951685636274,0.24122951685636274,0.030153689607045342,0.030153689607045342,0.04396926207859064,0.012061475842818137,0.04999999999999971,0.04999999999999971,0.04999999999999971,0.01984631039295437,0.01984631039295437,1.0,0.4,0.8,0.0,0.0,0.0,0.0,0.2,0.10498868151299247,0.006030737921409068,0.060307379214090684,0.030153689607045342,0.030153689607045342,1.0,0.8,0.8,0.8,0.2,0.6,0.8,0.2,0.0,0.8,0.2,0.0,0.8,0.2,0.0,0.2,0.8,0.0,0.8,0.0,0.8,0.8,0.2,0.8,0.8,0.6,0.0,0.0,0.0,0.8,0.8,1.0,1.0,0.2,0.2,1.0,1.0,1.0,1.0,0.25,0.25,8,6,0.6,0.75,0.8,0.0,0.6,0.0,1.0,0.0,1.0,0.75,0.0,1.0,0.18092213764227205,0.0,0.18092213764227205,0.018092213764227205,0.18092213764227205,1.1936111125709121,0.17498113585498745,0.17498113585498745,0.0,0.9837777777777778,1.0633333333333335,0,0,0,6,C3R,0.0,0.0,0.04396926207859064,0.8,1.0,0.2,0.0,0.0,0.04396926207859064
phaseflip,dephasing,0.1,1,0.5,0.05,10,qiskit_aer,1,1,0.9499999999999998,0.4011111111111111,0.8222222222222222,0.5333333333333333,0.0,1.0,1.0,0.0,0.04999999999999971,0.0,0.04999999999999971,0.04999999999999971,0.04999999999999971,0.04999999999999971,0.04999999999999971,1.0,0.2,1.0,0.0,0.0,0.0,0.0,0.0,0.01984631039295437,0.0,0.01984631039295437,0.01984631039295437,0.01984631039295437,0.01984631039295437,0.01984631039295437,1.0,1.0,0.0,0.0,0.0,0.0,0.0,1.0,0.025877048314363438,0.012061475842818137,0.01984631039295437,0.01984631039295437,0.01984631039295437,0.01984631039295437,0.01984631039295437,1.0,1.0,0.2,0.0,0.0,0.0,0.0,0.8,0.0,0.024122951685636274,0.24122951685636274,0.030153689607045342,0.030153689607045342,0.025877048314363438,0.012061475842818137,0.01984631039295437,0.01984631039295437,0.01984631039295437,0.01984631039295437,0.01984631039295437,1.0,1.0,0.2,0.0,0.0,0.0,0.0,0.8,0.0,0.024122951685636274,0.24122951685636274,0.030153689607045342,0.030153689607045342,0.025877048314363438,0.012061475842818137,0.01984631039295437,0.01984631039295437,0.01984631039295437,0.01984631039295437,0.01984631039295437,1.0,1.0,0.2,0.0,0.0,0.0,0.0,0.8,0.0,0.024122951685636274,0.24122951685636274,0.030153689607045342,0.030153689607045342,0.04396926207859064,0.012061475842818137,0.04999999999999971,0.04999999999999971,0.04999999999999971,0.01984631039295437,0.01984631039295437,1.0,0.4,0.8,0.0,0.0,0.0,0.0,0.2,0.08816428214880846,0.006030737921409068,0.060307379214090684,0.030153689607045342,0.030153689607045342,1.0,0.8,0.8,0.8,0.2,0.6,0.8,0.2,0.0,0.8,0.2,0.0,0.8,0.2,0.0,0.2,0.8,0.0,0.8,0.0,0.8,0.8,0.2,0.8,0.8,0.6,0.0,0.0,0.0,0.8,0.8,1.0,1.0,0.2,0.2,1.0,1.0,1.0,1.0,0.25,0.25,8,6,0.6,0.75,0.8,0.0,0.6,0.0,1.0,0.0,1.0,0.75,0.0,1.0,0.18092213764227205,0.0,0.18092213764227205,0.018092213764227205,0.18092213764227205,1.1988888902760408,0.14133233712661944,0.14133233712661944,0.0,0.9877777777777778,1.0833333333333335,0,0,0,6,C3R,0.0,0.0,0.04396926207859064,0.8,1.0,0.2,0.0,0.0,0.04396926207859064
phaseflip,dephasing,0.1,1,0.5,0.1,10,qiskit_aer,1,1,0.9499999999999998,0.34305555555555556,0.8666666666666667,0.5333333333333333,0.0,1.0,1.0,0.0,0.04999999999999971,0.0,0.04999999999999971,0.04999999999999971,0.04999999999999971,0.04999999999999971,0.04999999999999971,1.0,0.2,1.0,0.0,0.0,0.0,0.0,0.0,0.01984631039295437,0.0,0.01984631039295437,0.01984631039295437,0.01984631039295437,0.01984631039295437,0.01984631039295437,1.0,1.0,0.0,0.0,0.0,0.0,0.0,1.0,0.025877048314363438,0.012061475842818137,0.01984631039295437,0.01984631039295437,0.01984631039295437,0.01984631039295437,0.01984631039295437,1.0,1.0,0.2,0.0,0.0,0.0,0.0,0.8,0.0,0.024122951685636274,0.24122951685636274,0.030153689607045342,0.030153689607045342,0.025877048314363438,0.012061475842818137,0.01984631039295437,0.01984631039295437,0.01984631039295437,0.01984631039295437,0.01984631039295437,1.0,1.0,0.2,0.0,0.0,0.0,0.0,0.8,0.0,0.024122951685636274,0.24122951685636274,0.030153689607045342,0.030153689607045342,0.025877048314363438,0.012061475842818137,0.01984631039295437,0.01984631039295437,0.01984631039295437,0.01984631039295437,0.01984631039295437,1.0,1.0,0.2,0.0,0.0,0.0,0.0,0.8,0.0,0.024122951685636274,0.24122951685636274,0.030153689607045342,0.030153689607045342,0.04396926207859064,0.012061475842818137,0.04999999999999971,0.04999999999999971,0.04999999999999971,0.01984631039295437,0.01984631039295437,1.0,0.4,0.8,0.0,0.0,0.0,0.0,0.2,0.08816428214880846,0.006030737921409068,0.060307379214090684,0.030153689607045342,0.030153689607045342,1.0,0.8,0.8,0.8,0.2,0.6,0.8,0.2,0.0,0.8,0.2,0.0,0.8,0.2,0.0,0.2,0.8,0.0,0.8,0.0,0.8,0.8,0.2,0.8,0.8,0.6,0.0,0.0,0.0,0.8,0.8,1.0,1.0,0.2,0.2,1.0,1.0,1.0,1.0,0.25,0.25,8,6,0.6,0.75,0.8,0.0,0.6,0.0,1.0,0.0,1.0,0.75,0.0,1.0,0.18092213764227205,0.0,0.18092213764227205,0.018092213764227205,0.18092213764227205,1.256944445867921,0.15815673649080345,0.15815673649080345,0.0,0.9977777777777778,1.1333333333333333,0,0,0,6,C3R,0.0,0.0,0.04396926207859064,0.8,1.0,0.2,0.0,0.0,0.04396926207859064
phaseflip,dephasing,0.1,2,0.5,0.03,10,qiskit_aer,1,1,0.9039999999999999,0.3515277777777778,0.8222222222222222,0.5333333333333333,0.0,1.0,1.0,0.0,0.0959999999999998,0.0012247448713915085,0.09499999999999986,0.09499999999999986,0.0974999999999997,0.09499999999999986,0.09499999999999986,1.0,0.8,1.0,0.0,0.0,0.0,0.0,0.0,0.06584631039295445,0.0012247448713915085,0.06484631039295452,0.06484631039295452,0.06734631039295436,0.06484631039295452,0.06484631039295452,1.0,1.0,0.0,0.0,0.0,0.0,0.0,1.0,0.08996926207859073,0.01135284042619552,0.09499999999999986,0.09499999999999986,0.09499999999999986,0.06734631039295436,0.06734631039295436,1.0,1.0,0.8,0.0,0.0,0.0,0.0,0.2,0.0,0.006030737921409068,0.060307379214090684,0.030153689607045342,0.030153689607045342,0.08996926207859073,0.01135284042619552,0.09499999999999986,0.09499999999999986,0.09499999999999986,0.06734631039295436,0.06734631039295436,1.0,1.0,0.8,0.0,0.0,0.0,0.0,0.2,0.0,0.006030737921409068,0.060307379214090684,0.030153689607045342,0.030153689607045342,0.08996926207859073,0.01135284042619552,0.09499999999999986,0.09499999999999986,0.09499999999999986,0.06734631039295436,0.06734631039295436,1.0,1.0,0.8,0.0,0.0,0.0,0.0,0.2,0.0,0.006030737921409068,0.060307379214090684,0.030153689607045342,0.030153689607045342,0.0959999999999998,0.0012247448713915085,0.09499999999999986,0.09499999999999986,0.0974999999999997,0.09499999999999986,0.09499999999999986,1.0,0.8,1.0,0.0,0.0,0.0,0.0,0.0,0.0003539416742845664,0.0,0.0,0.0,0.0,1.0,0.2,0.2,0.2,0.0,0.2,0.2,0.8,0.0,0.2,0.8,0.0,0.2,0.8,0.0,0.0,1.0,0.0,0.2,0.0,0.2,0.2,0.0,0.2,0.2,0.2,0.0,0.0,0.0,0.2,0.2,1.0,1.0,0.2,0.0,1.0,1.0,1.0,1.0,0.0,0.0,2,2,0.2,1.0,0.2,0.0,0.2,0.0,1.0,0.0,1.0,1.0,0.0,1.0,0.060307379214090684,0.0,0.060307379214090684,0.006030737921409068,0.060307379214090684,0.04847222234693509,0.0003539416742845664,0.0003539416742845664,0.0,0.9837777777777778,1.0633333333333335,0,0,0,2,C3R,0.0,0.0,0.0959999999999998,1.0,1.0,0.0,0.0,0.0,0.0959999999999998
phaseflip,dephasing,0.1,2,0.5,0.05,10,qiskit_aer,1,1,0.9039999999999999,0.3465,0.8222222222222222,0.5333333333333333,0.0,1.0,1.0,0.0,0.0959999999999998,0.0012247448713915085,0.09499999999999986,0.09499999999999986,0.0974999999999997,0.09499999999999986,0.09499999999999986,1.0,0.8,1.0,0.0,0.0,0.0,0.0,0.0,0.06584631039295445,0.0012247448713915085,0.06484631039295452,0.06484631039295452,0.06734631039295436,0.06484631039295452,0.06484631039295452,1.0,1.0,0.0,0.0,0.0,0.0,0.0,1.0,0.08996926207859073,0.01135284042619552,0.09499999999999986,0.09499999999999986,0.09499999999999986,0.06734631039295436,0.06734631039295436,1.0,1.0,0.8,0.0,0.0,0.0,0.0,0.2,0.0,0.006030737921409068,0.060307379214090684,0.030153689607045342,0.030153689607045342,0.08996926207859073,0.01135284042619552,0.09499999999999986,0.09499999999999986,0.09499999999999986,0.06734631039295436,0.06734631039295436,1.0,1.0,0.8,0.0,0.0,0.0,0.0,0.2,0.0,0.006030737921409068,0.060307379214090684,0.030153689607045342,0.030153689607045342,0.08996926207859073,0.01135284042619552,0.09499999999999986,0.09499999999999986,0.09499999999999986,0.06734631039295436,0.06734631039295436,1.0,1.0,0.8,0.0,0.0,0.0,0.0,0.2,0.0,0.006030737921409068,0.060307379214090684,0.030153689607045342,0.030153689607045342,0.0959999999999998,0.0012247448713915085,0.09499999999999986,0.09499999999999986,0.0974999999999997,0.09499999999999986,0.09499999999999986,1.0,0.8,1.0,0.0,0.0,0.0,0.0,0.0,0.0003539416742845664,0.0,0.0,0.0,0.0,1.0,0.2,0.2,0.2,0.0,0.2,0.2,0.8,0.0,0.2,0.8,0.0,0.2,0.8,0.0,0.0,1.0,0.0,0.2,0.0,0.2,0.2,0.0,0.2,0.2,0.2,0.0,0.0,0.0,0.2,0.2,1.0,1.0,0.2,0.0,1.0,1.0,1.0,1.0,0.0,0.0,2,2,0.2,1.0,0.2,0.0,0.2,0.0,1.0,0.0,1.0,1.0,0.0,1.0,0.060307379214090684,0.0,0.060307379214090684,0.006030737921409068,0.060307379214090684,0.05350000012471286,0.0003539416742845664,0.0003539416742845664,0.0,0.9877777777777778,1.0833333333333335,0,0,0,2,C3R,0.0,0.0,0.0959999999999998,1.0,1.0,0.0,0.0,0.0,0.0959999999999998
phaseflip,dephasing,0.1,2,0.5,0.1,10,qiskit_aer,1,1,0.9039999999999999,0.31140277777777775,0.8666666666666667,0.5333333333333333,0.0,1.0,1.0,0.0,0.0959999999999998,0.0012247448713915085,0.09499999999999986,0.09499999999999986,0.0974999999999997,0.09499999999999986,0.09499999999999986,1.0,0.8,1.0,0.0,0.0,0.0,0.0,0.0,0.06584631039295445,0.0012247448713915085,0.06484631039295452,0.06484631039295452,0.06734631039295436,0.06484631039295452,0.06484631039295452,1.0,1.0,0.0,0.0,0.0,0.0,0.0,1.0,0.08996926207859073,0.01135284042619552,0.09499999999999986,0.09499999999999986,0.09499999999999986,0.06734631039295436,0.06734631039295436,1.0,1.0,0.8,0.0,0.0,0.0,0.0,0.2,0.0,0.006030737921409068,0.060307379214090684,0.030153689607045342,0.030153689607045342,0.08996926207859073,0.01135284042619552,0.09499999999999986,0.09499999999999986,0.09499999999999986,0.06734631039295436,0.06734631039295436,1.0,1.0,0.8,0.0,0.0,0.0,0.0,0.2,0.0,0.006030737921409068,0.060307379214090684,0.030153689607045342,0.030153689607045342,0.08996926207859073,0.01135284042619552,0.09499999999999986,0.09499999999999986,0.09499999999999986,0.06734631039295436,0.06734631039295436,1.0,1.0,0.8,0.0,0.0,0.0,0.0,0.2,0.0,0.006030737921409068,0.060307379214090684,0.030153689607045342,0.030153689607045342,0.0959999999999998,0.0012247448713915085,0.09499999999999986,0.09499999999999986,0.0974999999999997,0.09499999999999986,0.09499999999999986,1.0,0.8,1.0,0.0,0.0,0.0,0.0,0.0,0.0003539416742845664,0.0,0.0,0.0,0.0,1.0,0.2,0.2,0.2,0.0,0.2,0.2,0.8,0.0,0.2,0.8,0.0,0.2,0.8,0.0,0.0,1.0,0.0,0.2,0.0,0.2,0.2,0.0,0.2,0.2,0.2,0.0,0.0,0.0,0.2,0.2,1.0,1.0,0.2,0.0,1.0,1.0,1.0,1.0,0.0,0.0,2,2,0.2,1.0,0.2,0.0,0.2,0.0,1.0,0.0,1.0,1.0,0.0,1.0,0.060307379214090684,0.0,0.060307379214090684,0.006030737921409068,0.060307379214090684,0.08859722234693511,0.0003539416742845664,0.0003539416742845664,0.0,0.9977777777777778,1.1333333333333333,0,0,0,2,C3R,0.0,0.0,0.0959999999999998,1.0,1.0,0.0,0.0,0.0,0.0959999999999998
phaseflip,dephasing,0.1,3,0.5,0.03,10,qiskit_aer,1,1,0.8604999999999999,0.3490986111111111,0.8,0.55,0.0,0.0,1.0,0.0,0.13949999999999982,0.002779388421937513,0.14024999999999987,0.13668749999999977,0.14193749999999986,0.13549999999999973,0.13549999999999973,1.0,0.6,1.0,0.0,0.0,0.0,0.0,0.0,0.10934631039295448,0.002779388421937513,0.11009631039295453,0.10653381039295443,0.11178381039295451,0.10534631039295439,0.10534631039295439,1.0,1.0,0.0,0.0,0.0,0.0,0.0,0.0,0.12743852415718168,0.0129284223525761,0.13549999999999973,0.11234631039295451,0.13906249999999984,0.11110881039295452,0.11009631039295453,1.0,1.0,0.6,0.0,0.0,0.0,0.0,0.0,0.0,0.012061475842818137,0.12061475842818137,0.030153689607045342,0.030153689607045342,0.12743852415718168,0.0129284223525761,0.13549999999999973,0.11234631039295451,0.13906249999999984,0.11110881039295452,0.11009631039295453,1.0,1.0,0.6,0.0,0.0,0.0,0.0,0.0,0.0,0.012061475842818137,0.12061475842818137,0.030153689607045342,0.030153689607045342,0.12743852415718168,0.0129284223525761,0.13549999999999973,0.11234631039295451,0.13906249999999984,0.11110881039295452,0.11009631039295453,1.0,1.0,0.6,0.0,0.0,0.0,0.0,0.0,0.0,0.012061475842818137,0.12061475842818137,0.030153689607045342,0.030153689607045342,0.13346926207859075,0.011427551456965807,0.1378749999999998,0.13549999999999973,0.14024999999999987,0.11110881039295452,0.11009631039295453,1.0,0.8,0.8,0.0,0.0,0.0,0.0,0.0,3.099630017959843e-21,0.006030737921409068,0.060307379214090684,0.030153689607045342,0.030153689607045342,1.0,0.4,0.4,0.4,0.2,0.2,0.4,0.6,0.0,0.4,0.6,0.0,0.4,0.6,0.0,0.2,0.8,0.0,0.4,0.0,0.4,0.4,0.2,0.4,0.4,0.2,0.0,0.0,0.0,0.4,0.4,1.0,1.0,0.3,0.2,1.0,1.0,1.0,1.0,0.5,0.5,4,2,0.2,0.5,0.4,0.0,0.2,0.0,1.0,0.0,1.0,0.5,0.0,1.0,0.060307379214090684,0.0,0.060307379214090684,0.006030737921409068,0.060307379214090684,0.45090138892062176,0.0197096896878486,0.0197096896878486,0.0,0.9812222222222222,1.08,0,0,0,2,C3R,0.0,0.0,0.13346926207859075,0.8,1.0,0.2,0.0,0.0,0.13346926207859075
phaseflip,dephasing,0.1,3,0.5,0.05,10,qiskit_aer,1,1,0.8604999999999999,0.3490986111111111,0.8,0.55,0.0,0.0,1.0,0.0,0.13949999999999982,0.002779388421937513,0.14024999999999987,0.13668749999999977,0.14193749999999986,0.13549999999999973,0.13549999999999973,1.0,0.7,1.0,0.0,0.0,0.0,0.0,0.0,0.10934631039295448,0.002779388421937513,0.11009631039295453,0.10653381039295443,0.11178381039295451,0.10534631039295439,0.10534631039295439,1.0,1.0,0.0,0.0,0.0,0.0,0.0,0.0,0.13045389311788622,0.01309687476867844,0.13549999999999973,0.11813473279471581,0.14024999999999987,0.11009631039295453,0.11009631039295453,1.0,1.0,0.7,0.0,0.0,0.0,0.0,0.0,0.0,0.009046106882113603,0.09046106882113603,0.030153689607045342,0.030153689607045342,0.13045389311788622,0.01309687476867844,0.13549999999999973,0.11813473279471581,0.14024999999999987,0.11009631039295453,0.11009631039295453,1.0,1.0,0.7,0.0,0.0,0.0,0.0,0.0,0.0,0.009046106882113603,0.09046106882113603,0.030153689607045342,0.030153689607045342,0.13045389311788622,0.01309687476867844,0.13549999999999973,0.11813473279471581,0.14024999999999987,0.11009631039295453,0.11009631039295453,1.0,1.0,0.7,0.0,0.0,0.0,0.0,0.0,0.0,0.009046106882113603,0.09046106882113603,0.030153689607045342,0.030153689607045342,0.13648463103929528,0.008453687713560044,0.14024999999999987,0.13549999999999973,0.14024999999999987,0.12276547071612486,0.11234631039295451,1.0,0.8,0.9,0.0,0.0,0.0,0.0,0.0,0.0197096896878486,0.003015368960704534,0.030153689607045342,0.016584529283874903,0.030153689607045342,1.0,0.3,0.3,0.3,0.1,0.2,0.3,0.7,0.0,0.3,0.7,0.0,0.3,0.7,0.0,0.1,0.9,0.0,0.3,0.0,0.3,0.3,0.1,0.3,0.3,0.2,0.0,0.0,0.0,0.3,0.3,1.0,1.0,0.1,0.1,1.0,1.0,1.0,1.0,0.3333333333333333,0.3333333333333333,3,2,0.2,0.6666666666666666,0.3,0.0,0.2,0.0,1.0,0.0,1.0,0.6666666666666666,0.0,1.0,0.060307379214090684,0.0,0.060307379214090684,0.006030737921409068,0.060307379214090684,0.25090138892490166,0.0197096896878486,0.0197096896878486,0.0,0.9872222222222222,1.1,0,0,0,2,C3R,0.0,0.0,0.13648463103929528,0.9,1.0,0.1,0.0,0.0,0.13648463103929528
phaseflip,dephasing,0.1,3,0.5,0.1,10,qiskit_aer,1,1,0.8604999999999999,0.32516388888888886,0.8111111111111111,0.55,0.0,0.0,1.0,0.0,0.13949999999999982,0.002779388421937513,0.14024999999999987,0.13668749999999977,0.14193749999999986,0.13549999999999973,0.13549999999999973,1.0,0.6,1.0,0.0,0.0,0.0,0.0,0.0,0.10934631039295448,0.002779388421937513,0.11009631039295453,0.10653381039295443,0.11178381039295451,0.10534631039295439,0.10534631039295439,1.0,1.0,0.0,0.0,0.0,0.0,0.0,0.0,0.12743852415718168,0.0129284223525761,0.13549999999999973,0.11234631039295451,0.13906249999999984,0.11110881039295452,0.11009631039295453,1.0,1.0,0.6,0.0,0.0,0.0,0.0,0.0,0.0,0.012061475842818137,0.12061475842818137,0.030153689607045342,0.030153689607045342,0.12743852415718168,0.0129284223525761,0.13549999999999973,0.11234631039295451,0.13906249999999984,0.11110881039295452,0.11009631039295453,1.0,1.0,0.6,0.0,0.0,0.0,0.0,0.0,0.0,0.012061475842818137,0.12061475842818137,0.030153689607045342,0.030153689607045342,0.12743852415718168,0.0129284223525761,0.13549999999999973,0.11234631039295451,0.13906249999999984,0.11110881039295452,0.11009631039295453,1.0,1.0,0.6,0.0,0.0,0.0,0.0,0.0,0.0,0.012061475842818137,0.12061475842818137,0.030153689607045342,0.030153689607045342,0.13648463103929528,0.008453687713560044,0.14024999999999987,0.13549999999999973,0.14024999999999987,0.12276547071612486,0.11234631039295451,1.0,0.7,0.9,0.0,0.0,0.0,0.0,0.0,0.011874890566266219,0.003015368960704534,0.030153689607045342,0.016584529283874903,0.030153689607045342,1.0,0.4,0.4,0.4,0.1,0.3,0.4,0.6,0.0,0.4,0.6,0.0,0.4,0.6,0.0,0.1,0.9,0.0,0.4,0.0,0.4,0.4,0.1,0.4,0.4,0.3,0.0,0.0,0.0,0.4,0.4,1.0,1.0,0.1,0.1,1.0,1.0,1.0,1.0,0.25,0.25,4,3,0.3,0.75,0.4,0.0,0.3,0.0,1.0,0.0,1.0,0.75,0.0,1.0,0.09046106882113603,0.0,0.09046106882113603,0.009046106882113603,0.09046106882113603,0.47483611114353796,0.011874890566266219,0.011874890566266219,0.0,0.9933333333333333,1.15,0,0,0,3,C3R,0.0,0.0,0.13648463103929528,0.9,1.0,0.1,0.0,0.0,0.13648463103929528
phaseflip,dephasing,0.1,4,0.5,0.03,10,qiskit_aer,1,1,0.8202674999999998,0.33736638888888887,0.8,0.55,0.0,0.0,1.0,0.0,0.17973249999999985,0.004220086640105866,0.1819874999999999,0.1787249999999999,0.18299999999999983,0.17194999999999983,0.17194999999999983,1.0,0.8,1.0,0.0,0.0,0.0,0.0,0.0,0.1495788103929545,0.004220086640105866,0.15183381039295457,0.14857131039295457,0.1528463103929545,0.14179631039295448,0.14179631039295448,1.0,1.0,0.0,0.0,0.0,0.0,0.0,0.0,0.17370176207859078,0.013245386656059694,0.1819874999999999,0.17194999999999983,0.18299999999999983,0.14857131039295457,0.14857131039295457,1.0,1.0,0.8,0.0,0.0,0.0,0.0,0.0,0.0,0.006030737921409068,0.060307379214090684,0.030153689607045342,0.030153689607045342,0.17370176207859078,0.013245386656059694,0.1819874999999999,0.17194999999999983,0.18299999999999983,0.14857131039295457,0.14857131039295457,1.0,1.0,0.8,0.0,0.0,0.0,0.0,0.0,0.0,0.006030737921409068,0.060307379214090684,0.030153689607045342,0.030153689607045342,0.17370176207859078,0.013245386656059694,0.1819874999999999,0.17194999999999983,0.18299999999999983,0.14857131039295457,0.14857131039295457,1.0,1.0,0.8,0.0,0.0,0.0,0.0,0.0,0.0,0.006030737921409068,0.060307379214090684,0.030153689607045342,0.030153689607045342,0.17973249999999985,0.004220086640105866,0.1819874999999999,0.1787249999999999,0.18299999999999983,0.17194999999999983,0.17194999999999983,1.0,0.8,1.0,0.0,0.0,0.0,0.0,0.0,1.867034853552012e-21,0.0,0.0,0.0,0.0,1.0,0.2,0.2,0.2,0.0,0.2,0.2,0.8,0.0,0.2,0.8,0.0,0.2,0.8,0.0,0.0,1.0,0.0,0.2,0.0,0.2,0.2,0.0,0.2,0.2,0.2,0.0,0.0,0.0,0.2,0.2,1.0,1.0,0.3,0.0,1.0,1.0,1.0,1.0,0.0,0.0,2,2,0.2,1.0,0.2,0.0,0.2,0.0,1.0,0.0,1.0,1.0,0.0,1.0,0.060307379214090684,0.0,0.060307379214090684,0.006030737921409068,0.060307379214090684,0.06263361112373378,1.867034853552012e-21,1.867034853552012e-21,0.0,0.9812222222222222,1.08,0,0,0,2,C3R,0.0,0.0,0.17973249999999985,1.0,1.0,0.0,0.0,0.0,0.17973249999999985
phaseflip,dephasing,0.1,4,0.5,0.05,10,qiskit_aer,1,1,0.8202674999999998,0.33736638888888887,0.8,0.55,0.0,0.0,1.0,0.0,0.17973249999999985,0.004220086640105866,0.1819874999999999,0.1787249999999999,0.18299999999999983,0.17194999999999983,0.17194999999999983,1.0,0.9,1.0,0.0,0.0,0.0,0.0,0.0,0.1495788103929545,0.004220086640105866,0.15183381039295457,0.14857131039295457,0.1528463103929545,0.14179631039295448,0.14179631039295448,1.0,1.0,0.0,0.0,0.0,0.0,0.0,0.0,0.17671713103929532,0.010281884527091443,0.1819874999999999,0.17364374999999985,0.18299999999999983,0.15909172071612493,0.14857131039295457,1.0,1.0,0.9,0.0,0.0,0.0,0.0,0.0,0.0,0.003015368960704534,0.030153689607045342,0.016584529283874903,0.030153689607045342,0.17671713103929532,0.010281884527091443,0.1819874999999999,0.17364374999999985,0.18299999999999983,0.15909172071612493,0.14857131039295457,1.0,1.0,0.9,0.0,0.0,0.0,0.0,0.0,0.0,0.003015368960704534,0.030153689607045342,0.016584529283874903,0.030153689607045342,0.17671713103929532,0.010281884527091443,0.1819874999999999,0.17364374999999985,0.18299999999999983,0.15909172071612493,0.14857131039295457,1.0,1.0,0.9,0.0,0.0,0.0,0.0,0.0,0.0,0.003015368960704534,0.030153689607045342,0.016584529283874903,0.030153689607045342,0.17973249999999985,0.004220086640105866,0.1819874999999999,0.1787249999999999,0.18299999999999983,0.17194999999999983,0.17194999999999983,1.0,0.9,1.0,0.0,0.0,0.0,0.0,0.0,9.33517426776006e-22,0.0,0.0,0.0,0.0,1.0,0.1,0.1,0.1,0.0,0.1,0.1,0.9,0.0,0.1,0.9,0.0,0.1,0.9,0.0,0.0,1.0,0.0,0.1,0.0,0.1,0.1,0.0,0.1,0.1,0.1,0.0,0.0,0.0,0.1,0.1,1.0,1.0,0.1,0.0,1.0,1.0,1.0,1.0,0.0,0.0,1,1,0.1,1.0,0.1,0.0,0.1,0.0,1.0,0.0,1.0,1.0,0.0,1.0,0.030153689607045342,0.0,0.030153689607045342,0.003015368960704534,0.030153689607045342,-0.1373663888760606,9.33517426776006e-22,9.33517426776006e-22,0.0,0.9872222222222222,1.1,0,0,0,1,C3R,0.0,0.0,0.17973249999999985,1.0,1.0,0.0,0.0,0.0,0.17973249999999985
phaseflip,dephasing,0.1,4,0.5,0.1,10,qiskit_aer,1,1,0.8202674999999998,0.3145868055555555,0.8111111111111111,0.55,0.0,0.0,1.0,0.0,0.17973249999999985,0.004220086640105866,0.1819874999999999,0.1787249999999999,0.18299999999999983,0.17194999999999983,0.17194999999999983,1.0,0.8,1.0,0.0,0.0,0.0,0.0,0.0,0.1495788103929545,0.004220086640105866,0.15183381039295457,0.14857131039295457,0.1528463103929545,0.14179631039295448,0.14179631039295448,1.0,1.0,0.0,0.0,0.0,0.0,0.0,0.0,0.17370176207859078,0.013245386656059694,0.1819874999999999,0.17194999999999983,0.18299999999999983,0.14857131039295457,0.14857131039295457,1.0,1.0,0.8,0.0,0.0,0.0,0.0,0.0,0.0,0.006030737921409068,0.060307379214090684,0.030153689607045342,0.030153689607045342,0.17370176207859078,0.013245386656059694,0.1819874999999999,0.17194999999999983,0.18299999999999983,0.14857131039295457,0.14857131039295457,1.0,1.0,0.8,0.0,0.0,0.0,0.0,0.0,0.0,0.006030737921409068,0.060307379214090684,0.030153689607045342,0.030153689607045342,0.17370176207859078,0.013245386656059694,0.1819874999999999,0.17194999999999983,0.18299999999999983,0.14857131039295457,0.14857131039295457,1.0,1.0,0.8,0.0,0.0,0.0,0.0,0.0,0.0,0.006030737921409068,0.060307379214090684,0.030153689607045342,0.030153689607045342,0.17973249999999985,0.004220086640105866,0.1819874999999999,0.1787249999999999,0.18299999999999983,0.17194999999999983,0.17194999999999983,1.0,0.8,1.0,0.0,0.0,0.0,0.0,0.0,3.099630017959843e-21,0.0,0.0,0.0,0.0,1.0,0.2,0.2,0.2,0.0,0.2,0.2,0.8,0.0,0.2,0.8,0.0,0.2,0.8,0.0,0.0,1.0,0.0,0.2,0.0,0.2,0.2,0.0,0.2,0.2,0.2,0.0,0.0,0.0,0.2,0.2,1.0,1.0,0.1,0.0,1.0,1.0,1.0,1.0,0.0,0.0,2,2,0.2,1.0,0.2,0.0,0.2,0.0,1.0,0.0,1.0,1.0,0.0,1.0,0.060307379214090684,0.0,0.060307379214090684,0.006030737921409068,0.060307379214090684,0.08541319445699545,3.099630017959843e-21,3.099630017959843e-21,0.0,0.9933333333333333,1.15,0,0,0,2,C3R,0.0,0.0,0.17973249999999985,1.0,1.0,0.0,0.0,0.0,0.17973249999999985
phaseflip,dephasing,0.15,1,0.5,0.03,10,qiskit_aer,1,1,0.9250000000000002,0.36486111111111114,0.8222222222222222,0.5333333333333333,0.0,1.0,1.0,0.0,0.07499999999999973,0.0,0.07499999999999973,0.07499999999999973,0.07499999999999973,0.07499999999999973,0.07499999999999973,1.0,0.5,1.0,0.0,0.0,0.0,0.0,0.0,0.04484631039295439,0.0,0.04484631039295439,0.04484631039295439,0.04484631039295439,0.04484631039295439,0.04484631039295439,1.0,1.0,0.0,0.0,0.0,0.0,0.0,1.0,0.05992315519647706,0.015076844803522671,0.05992315519647706,0.04484631039295439,0.07499999999999973,0.04484631039295439,0.04484631039295439,1.0,1.0,0.5,0.0,0.0,0.0,0.0,0.5,0.0,0.015076844803522671,0.1507684480352267,0.030153689607045342,0.030153689607045342,0.05992315519647706,0.015076844803522671,0.05992315519647706,0.04484631039295439,0.07499999999999973,0.04484631039295439,0.04484631039295439,1.0,1.0,0.5,0.0,0.0,0.0,0.0,0.5,0.0,0.015076844803522671,0.1507684480352267,0.030153689607045342,0.030153689607045342,0.05992315519647706,0.015076844803522671,0.05992315519647706,0.04484631039295439,0.07499999999999973,0.04484631039295439,0.04484631039295439,1.0,1.0,0.5,0.0,0.0,0.0,0.0,0.5,0.0,0.015076844803522671,0.1507684480352267,0.030153689607045342,0.030153689607045342,0.07499999999999973,0.0,0.07499999999999973,0.07499999999999973,0.07499999999999973,0.07499999999999973,0.07499999999999973,1.0,0.5,1.0,0.0,0.0,0.0,0.0,0.0,1.268241029256286e-17,0.0,0.0,0.0,0.0,1.0,0.5,0.5,0.5,0.0,0.5,0.5,0.5,0.0,0.5,0.5,0.0,0.5,0.5,0.0,0.0,1.0,0.0,0.5,0.0,0.5,0.5,0.0,0.5,0.5,0.5,0.0,0.0,0.0,0.5,0.5,1.0,1.0,0.2,0.0,1.0,1.0,1.0,1.0,0.0,0.0,5,5,0.5,1.0,0.5,0.0,0.5,0.0,1.0,0.0,1.0,1.0,0.0,1.0,0.1507684480352267,0.0,0.1507684480352267,0.015076844803522671,0.1507684480352267,0.6351388891485317,1.268241029256286e-17,1.268241029256286e-17,0.0,0.9837777777777778,1.0633333333333335,0,0,0,5,C3R,0.0,0.0,0.07499999999999973,1.0,1.0,0.0,0.0,0.0,0.07499999999999973
phaseflip,dephasing,0.15,1,0.5,0.05,10,qiskit_aer,1,1,0.9250000000000002,0.3597222222222222,0.8222222222222222,0.5333333333333333,0.0,1.0,1.0,0.0,0.07499999999999973,0.0,0.07499999999999973,0.07499999999999973,0.07499999999999973,0.07499999999999973,0.07499999999999973,1.0,0.5,1.0,0.0,0.0,0.0,0.0,0.0,0.04484631039295439,0.0,0.04484631039295439,0.04484631039295439,0.04484631039295439,0.04484631039295439,0.04484631039295439,1.0,1.0,0.0,0.0,0.0,0.0,0.0,1.0,0.05992315519647706,0.015076844803522671,0.05992315519647706,0.04484631039295439,0.07499999999999973,0.04484631039295439,0.04484631039295439,1.0,1.0,0.5,0.0,0.0,0.0,0.0,0.5,0.0,0.015076844803522671,0.1507684480352267,0.030153689607045342,0.030153689607045342,0.05992315519647706,0.015076844803522671,0.05992315519647706,0.04484631039295439,0.07499999999999973,0.04484631039295439,0.04484631039295439,1.0,1.0,0.5,0.0,0.0,0.0,0.0,0.5,0.0,0.015076844803522671,0.1507684480352267,0.030153689607045342,0.030153689607045342,0.05992315519647706,0.015076844803522671,0.05992315519647706,0.04484631039295439,0.07499999999999973,0.04484631039295439,0.04484631039295439,1.0,1.0,0.5,0.0,0.0,0.0,0.0,0.5,0.0,0.015076844803522671,0.1507684480352267,0.030153689607045342,0.030153689607045342,0.07499999999999973,0.0,0.07499999999999973,0.07499999999999973,0.07499999999999973,0.07499999999999973,0.07499999999999973,1.0,0.5,1.0,0.0,0.0,0.0,0.0,0.0,1.268241029256286e-17,0.0,0.0,0.0,0.0,1.0,0.5,0.5,0.5,0.0,0.5,0.5,0.5,0.0,0.5,0.5,0.0,0.5,0.5,0.0,0.0,1.0,0.0,0.5,0.0,0.5,0.5,0.0,0.5,0.5,0.5,0.0,0.0,0.0,0.5,0.5,1.0,1.0,0.2,0.0,1.0,1.0,1.0,1.0,0.0,0.0,5,5,0.5,1.0,0.5,0.0,0.5,0.0,1.0,0.0,1.0,1.0,0.0,1.0,0.1507684480352267,0.0,0.1507684480352267,0.015076844803522671,0.1507684480352267,0.6402777780374206,1.268241029256286e-17,1.268241029256286e-17,0.0,0.9877777777777778,1.0833333333333335,0,0,0,5,C3R,0.0,0.0,0.07499999999999973,1.0,1.0,0.0,0.0,0.0,0.07499999999999973
phaseflip,dephasing,0.15,1,0.5,0.1,10,qiskit_aer,1,1,0.9250000000000002,0.31347222222222226,0.8666666666666667,0.5333333333333333,0.0,1.0,1.0,0.0,0.07499999999999973,0.0,0.07499999999999973,0.07499999999999973,0.07499999999999973,0.07499999999999973,0.07499999999999973,1.0,0.4,1.0,0.0,0.0,0.0,0.0,0.0,0.04484631039295439,0.0,0.04484631039295439,0.04484631039295439,0.04484631039295439,0.04484631039295439,0.04484631039295439,1.0,1.0,0.0,0.0,0.0,0.0,0.0,1.0,0.05690778623577253,0.014772230679905057,0.04484631039295439,0.04484631039295439,0.07499999999999973,0.04484631039295439,0.04484631039295439,1.0,1.0,0.4,0.0,0.0,0.0,0.0,0.6,0.0,0.018092213764227205,0.18092213764227205,0.030153689607045342,0.030153689607045342,0.05690778623577253,0.014772230679905057,0.04484631039295439,0.04484631039295439,0.07499999999999973,0.04484631039295439,0.04484631039295439,1.0,1.0,0.4,0.0,0.0,0.0,0.0,0.6,0.0,0.018092213764227205,0.18092213764227205,0.030153689607045342,0.030153689607045342,0.05690778623577253,0.014772230679905057,0.04484631039295439,0.04484631039295439,0.07499999999999973,0.04484631039295439,0.04484631039295439,1.0,1.0,0.4,0.0,0.0,0.0,0.0,0.6,0.0,0.018092213764227205,0.18092213764227205,0.030153689607045342,0.030153689607045342,0.07499999999999973,0.0,0.07499999999999973,0.07499999999999973,0.07499999999999973,0.07499999999999973,0.07499999999999973,1.0,0.4,1.0,0.0,0.0,0.0,0.0,0.0,1.2683343809989637e-17,0.0,0.0,0.0,0.0,1.0,0.6,0.6,0.6,0.0,0.6,0.6,0.4,0.0,0.6,0.4,0.0,0.6,0.4,0.0,0.0,1.0,0.0,0.6,0.0,0.6,0.6,0.0,0.6,0.6,0.6,0.0,0.0,0.0,0.6,0.6,1.0,1.0,0.2,0.0,1.0,1.0,1.0,1.0,0.0,0.0,6,6,0.6,1.0,0.6,0.0,0.6,0.0,1.0,0.0,1.0,1.0,0.0,1.0,0.18092213764227205,0.0,0.18092213764227205,0.018092213764227205,0.18092213764227205,0.8865277780290333,1.2683343809989637e-17,1.2683343809989637e-17,0.0,0.9977777777777778,1.1333333333333333,0,0,0,6,C3R,0.0,0.0,0.07499999999999973,1.0,1.0,0.0,0.0,0.0,0.07499999999999973
phaseflip,dephasing,0.15,2,0.5,0.03,10,qiskit_aer,1,1,0.8590000000000001,0.3339930555555556,0.8222222222222222,0.5333333333333333,0.0,0.0,1.0,0.0,0.14099999999999968,0.00275567596063103,0.1387499999999997,0.1387499999999997,0.1443749999999996,0.1387499999999997,0.1387499999999997,1.0,0.3,1.0,0.0,0.0,0.0,0.0,0.0,0.11084631039295433,0.00275567596063103,0.10859631039295436,0.10859631039295436,0.11422131039295425,0.10859631039295436,0.10859631039295436,1.0,1.0,0.0,0.0,0.0,0.0,0.0,0.0,0.11989241727506793,0.015022433890655924,0.1114088103929543,0.10859631039295436,0.13261782759823834,0.10859631039295436,0.10859631039295436,1.0,1.0,0.3,0.0,0.0,0.0,0.0,0.0,0.0,0.02110758272493174,0.2110758272493174,0.030153689607045342,0.030153689607045342,0.11989241727506793,0.015022433890655924,0.1114088103929543,0.10859631039295436,0.13261782759823834,0.10859631039295436,0.10859631039295436,1.0,1.0,0.3,0.0,0.0,0.0,0.0,0.0,0.0,0.02110758272493174,0.2110758272493174,0.030153689607045342,0.030153689607045342,0.11989241727506793,0.015022433890655924,0.1114088103929543,0.10859631039295436,0.13261782759823834,0.10859631039295436,0.10859631039295436,1.0,1.0,0.3,0.0,0.0,0.0,0.0,0.0,0.0,0.02110758272493174,0.2110758272493174,0.030153689607045342,0.030153689607045342,0.13798463103929515,0.008310960187479406,0.1387499999999997,0.1387499999999997,0.14296874999999962,0.1252592207161247,0.11422131039295425,1.0,0.4,0.9,0.0,0.0,0.0,0.0,0.0,1.176408038269519e-20,0.003015368960704534,0.030153689607045342,0.016584529283874903,0.030153689607045342,1.0,0.7,0.7,0.7,0.1,0.6,0.7,0.3,0.0,0.7,0.3,0.0,0.7,0.3,0.0,0.1,0.9,0.0,0.7,0.0,0.7,0.7,0.1,0.7,0.7,0.6,0.0,0.0,0.0,0.7,0.7,1.0,1.0,0.2,0.1,1.0,1.0,1.0,1.0,0.14285714285714285,0.14285714285714285,7,6,0.6,0.8571428571428571,0.7,0.0,0.6,0.0,1.0,0.0,1.0,0.8571428571428571,0.0,1.0,0.18092213764227205,0.0,0.18092213764227205,0.018092213764227205,0.18092213764227205,1.0660069444621394,1.2697597809471196e-20,1.2697597809471196e-20,0.0,0.9837777777777778,1.0633333333333335,0,0,0,6,C3R,0.0,0.0,0.13798463103929515,0.9,1.0,0.1,0.0,0.0,0.13798463103929515
phaseflip,dephasing,0.15,2,0.5,0.05,10,qiskit_aer,1,1,0.8590000000000001,0.3292083333333334,0.8222222222222222,0.5333333333333333,0.0,0.0,1.0,0.0,0.14099999999999968,0.00275567596063103,0.1387499999999997,0.1387499999999997,0.1443749999999996,0.1387499999999997,0.1387499999999997,1.0,0.4,1.0,0.0,0.0,0.0,0.0,0.0,0.11084631039295433,0.00275567596063103,0.10859631039295436,0.10859631039295436,0.11422131039295425,0.10859631039295436,0.10859631039295436,1.0,1.0,0.0,0.0,0.0,0.0,0.0,0.0,0.12290778623577246,0.015471965278641836,0.11422131039295425,0.10859631039295436,0.1387499999999997,0.10859631039295436,0.10859631039295436,1.0,1.0,0.4,0.0,0.0,0.0,0.0,0.0,0.0,0.018092213764227205,0.18092213764227205,0.030153689607045342,0.030153689607045342,0.12290778623577246,0.015471965278641836,0.11422131039295425,0.10859631039295436,0.1387499999999997,0.10859631039295436,0.10859631039295436,1.0,1.0,0.4,0.0,0.0,0.0,0.0,0.0,0.0,0.018092213764227205,0.18092213764227205,0.030153689607045342,0.030153689607045342,0.12290778623577246,0.015471965278641836,0.11422131039295425,0.10859631039295436,0.1387499999999997,0.10859631039295436,0.10859631039295436,1.0,1.0,0.4,0.0,0.0,0.0,0.0,0.0,0.0,0.018092213764227205,0.18092213764227205,0.030153689607045342,0.030153689607045342,0.13798463103929515,0.008310960187479406,0.1387499999999997,0.1387499999999997,0.14296874999999962,0.1252592207161247,0.11422131039295425,1.0,0.5,0.9,0.0,0.0,0.0,0.0,0.0,9.597967791511354e-21,0.003015368960704534,0.030153689607045342,0.016584529283874903,0.030153689607045342,1.0,0.6,0.6,0.6,0.1,0.5,0.6,0.4,0.0,0.6,0.4,0.0,0.6,0.4,0.0,0.1,0.9,0.0,0.6,0.0,0.6,0.6,0.1,0.6,0.6,0.5,0.0,0.0,0.0,0.6,0.6,1.0,1.0,0.2,0.1,1.0,1.0,1.0,1.0,0.16666666666666666,0.16666666666666666,6,5,0.5,0.8333333333333334,0.6,0.0,0.5,0.0,1.0,0.0,1.0,0.8333333333333334,0.0,1.0,0.1507684480352267,0.0,0.1507684480352267,0.015076844803522671,0.1507684480352267,0.8707916666827077,1.176408038269519e-20,1.176408038269519e-20,0.0,0.9877777777777778,1.0833333333333335,0,0,0,5,C3R,0.0,0.0,0.13798463103929515,0.9,1.0,0.1,0.0,0.0,0.13798463103929515
phaseflip,dephasing,0.15,2,0.5,0.1,10,qiskit_aer,1,1,0.8590000000000001,0.29593402777777783,0.8666666666666667,0.5333333333333333,0.0,0.0,1.0,0.0,0.14099999999999968,0.00275567596063103,0.1387499999999997,0.1387499999999997,0.1443749999999996,0.1387499999999997,0.1387499999999997,1.0,0.5,1.0,0.0,0.0,0.0,0.0,0.0,0.11084631039295433,0.00275567596063103,0.10859631039295436,0.10859631039295436,0.11422131039295425,0.10859631039295436,0.10859631039295436,1.0,1.0,0.0,0.0,0.0,0.0,0.0,0.0,0.125923155196477,0.015326610820057663,0.12648565519647698,0.11000256039295433,0.1387499999999997,0.10859631039295436,0.10859631039295436,1.0,1.0,0.5,0.0,0.0,0.0,0.0,0.0,0.0,0.015076844803522671,0.1507684480352267,0.030153689607045342,0.030153689607045342,0.125923155196477,0.015326610820057663,0.12648565519647698,0.11000256039295433,0.1387499999999997,0.10859631039295436,0.10859631039295436,1.0,1.0,0.5,0.0,0.0,0.0,0.0,0.0,0.0,0.015076844803522671,0.1507684480352267,0.030153689607045342,0.030153689607045342,0.125923155196477,0.015326610820057663,0.12648565519647698,0.11000256039295433,0.1387499999999997,0.10859631039295436,0.10859631039295436,1.0,1.0,0.5,0.0,0.0,0.0,0.0,0.0,0.0,0.015076844803522671,0.1507684480352267,0.030153689607045342,0.030153689607045342,0.13798463103929515,0.008310960187479406,0.1387499999999997,0.1387499999999997,0.14296874999999962,0.1252592207161247,0.11422131039295425,1.0,0.6,0.9,0.0,0.0,0.0,0.0,0.0,1.010140437628328e-17,0.003015368960704534,0.030153689607045342,0.016584529283874903,0.030153689607045342,1.0,0.5,0.5,0.5,0.1,0.4,0.5,0.5,0.0,0.5,0.5,0.0,0.5,0.5,0.0,0.1,0.9,0.0,0.5,0.0,0.5,0.5,0.1,0.5,0.5,0.4,0.0,0.0,0.0,0.5,0.5,1.0,1.0,0.2,0.1,1.0,1.0,1.0,1.0,0.2,0.2,5,4,0.4,0.8,0.5,0.0,0.4,0.0,1.0,0.0,1.0,0.8,0.0,1.0,0.12061475842818137,0.0,0.12061475842818137,0.012061475842818137,0.12061475842818137,0.704065972236883,1.0102337893710056e-17,1.0102337893710056e-17,0.0,0.9977777777777778,1.1333333333333333,0,0,0,4,C3R,0.0,0.0,0.13798463103929515,0.9,1.0,0.1,0.0,0.0,0.13798463103929515
phaseflip,dephasing,0.15,3,0.5,0.03,10,qiskit_aer,1,1,0.79834375,0.32386024305555555,0.8,0.55,0.0,0.0,1.0,0.0,0.20165624999999965,0.00604131284883512,0.2033437499999997,0.19553906249999972,0.20692968749999968,0.19293749999999954,0.19293749999999962,1.0,0.7,1.0,0.0,0.0,0.0,0.0,0.0,0.1715025603929543,0.00604131284883512,0.17319006039295437,0.16538537289295438,0.17677599789295434,0.1627838103929542,0.16278381039295428,1.0,1.0,0.0,0.0,0.0,0.0,0.0,0.0,0.19261014311788605,0.016114144906193957,0.19814062499999963,0.17812692029471566,0.20692968749999968,0.16746662289295436,0.16278381039295442,1.0,1.0,0.7,0.0,0.0,0.0,0.0,0.0,0.0,0.009046106882113603,0.09046106882113603,0.030153689607045342,0.030153689607045342,0.19261014311788605,0.016114144906193957,0.19814062499999963,0.17812692029471566,0.20692968749999968,0.16746662289295436,0.16278381039295442,1.0,1.0,0.7,0.0,0.0,0.0,0.0,0.0,0.0,0.009046106882113603,0.09046106882113603,0.030153689607045342,0.030153689607045342,0.19261014311788605,0.016114144906193957,0.19814062499999963,0.17812692029471566,0.20692968749999968,0.16746662289295436,0.16278381039295442,1.0,1.0,0.7,0.0,0.0,0.0,0.0,0.0,0.0,0.009046106882113603,0.09046106882113603,0.030153689607045342,0.030153689607045342,0.19864088103929511,0.010399646167911001,0.2033437499999997,0.1929374999999996,0.20692968749999968,0.18207640821612464,0.17319006039295426,1.0,0.8,0.9,0.0,0.0,0.0,0.0,0.0,3.099630017959843e-21,0.003015368960704534,0.030153689607045342,0.016584529283874903,0.030153689607045342,1.0,0.3,0.3,0.3,0.1,0.2,0.3,0.7,0.0,0.3,0.7,0.0,0.3,0.7,0.0,0.1,0.9,0.0,0.3,0.0,0.3,0.3,0.1,0.3,0.3,0.2,0.0,0.0,0.0,0.3,0.3,1.0,1.0,0.3,0.1,1.0,1.0,1.0,1.0,0.3333333333333333,0.3333333333333333,3,2,0.2,0.6666666666666666,0.3,0.0,0.2,0.0,1.0,0.0,1.0,0.6666666666666666,0.0,1.0,0.060307379214090684,0.0,0.060307379214090684,0.006030737921409068,0.060307379214090684,0.2761397569499344,5.26574260914368e-21,5.26574260914368e-21,0.0,0.9812222222222222,1.08,0,0,0,2,C3R,0.0,0.0,0.19864088103929511,0.9,1.0,0.1,0.0,0.0,0.19864088103929511
phaseflip,dephasing,0.15,3,0.5,0.05,10,qiskit_aer,1,1,0.79834375,0.32386024305555555,0.8,0.55,0.0,0.0,1.0,0.0,0.20165624999999965,0.00604131284883512,0.2033437499999997,0.19553906249999972,0.20692968749999968,0.19293749999999954,0.19293749999999962,1.0,0.8,1.0,0.0,0.0,0.0,0.0,0.0,0.1715025603929543,0.00604131284883512,0.17319006039295437,0.16538537289295438,0.17677599789295434,0.1627838103929542,0.16278381039295428,1.0,1.0,0.0,0.0,0.0,0.0,0.0,0.0,0.19562551207859058,0.014979328638303289,0.2033437499999997,0.19293749999999954,0.20692968749999968,0.16746662289295436,0.16278381039295442,1.0,1.0,0.8,0.0,0.0,0.0,0.0,0.0,0.0,0.006030737921409068,0.060307379214090684,0.030153689607045342,0.030153689607045342,0.19562551207859058,0.014979328638303289,0.2033437499999997,0.19293749999999954,0.20692968749999968,0.16746662289295436,0.16278381039295442,1.0,1.0,0.8,0.0,0.0,0.0,0.0,0.0,0.0,0.006030737921409068,0.060307379214090684,0.030153689607045342,0.030153689607045342,0.19562551207859058,0.014979328638303289,0.2033437499999997,0.19293749999999954,0.20692968749999968,0.16746662289295436,0.16278381039295442,1.0,1.0,0.8,0.0,0.0,0.0,0.0,0.0,0.0,0.006030737921409068,0.060307379214090684,0.030153689607045342,0.030153689607045342,0.20165624999999965,0.00604131284883512,0.2033437499999997,0.19553906249999972,0.20692968749999968,0.19293749999999954,0.19293749999999962,1.0,0.8,1.0,0.0,0.0,0.0,0.0,0.0,4.332225182367674e-21,0.0,0.0,0.0,0.0,1.0,0.2,0.2,0.2,0.0,0.2,0.2,0.8,0.0,0.2,0.8,0.0,0.2,0.8,0.0,0.0,1.0,0.0,0.2,0.0,0.2,0.2,0.0,0.2,0.2,0.2,0.0,0.0,0.0,0.2,0.2,1.0,1.0,0.1,0.0,1.0,1.0,1.0,1.0,0.0,0.0,2,2,0.2,1.0,0.2,0.0,0.2,0.0,1.0,0.0,1.0,1.0,0.0,1.0,0.060307379214090684,0.0,0.060307379214090684,0.006030737921409068,0.060307379214090684,0.07613975695028624,4.332225182367674e-21,4.332225182367674e-21,0.0,0.9872222222222222,1.1,0,0,0,2,C3R,0.0,0.0,0.20165624999999965,1.0,1.0,0.0,0.0,0.0,0.20165624999999965
phaseflip,dephasing,0.15,3,0.5,0.1,10,qiskit_aer,1,1,0.79834375,0.3016152777777778,0.8111111111111111,0.55,0.0,0.0,1.0,0.0,0.20165624999999965,0.00604131284883512,0.2033437499999997,0.19553906249999972,0.20692968749999968,0.19293749999999954,0.19293749999999962,1.0,0.8,1.0,0.0,0.0,0.0,0.0,0.0,0.1715025603929543,0.00604131284883512,0.17319006039295437,0.16538537289295438,0.17677599789295434,0.1627838103929542,0.16278381039295428,1.0,1.0,0.0,0.0,0.0,0.0,0.0,0.0,0.19562551207859058,0.014979328638303289,0.2033437499999997,0.19293749999999954,0.20692968749999968,0.16746662289295436,0.16278381039295442,1.0,1.0,0.8,0.0,0.0,0.0,0.0,0.0,0.0,0.006030737921409068,0.060307379214090684,0.030153689607045342,0.030153689607045342,0.19562551207859058,0.014979328638303289,0.2033437499999997,0.19293749999999954,0.20692968749999968,0.16746662289295436,0.16278381039295442,1.0,1.0,0.8,0.0,0.0,0.0,0.0,0.0,0.0,0.006030737921409068,0.060307379214090684,0.030153689607045342,0.030153689607045342,0.19562551207859058,0.014979328638303289,0.2033437499999997,0.19293749999999954,0.20692968749999968,0.16746662289295436,0.16278381039295442,1.0,1.0,0.8,0.0,0.0,0.0,0.0,0.0,0.0,0.006030737921409068,0.060307379214090684,0.030153689607045342,0.030153689607045342,0.20165624999999965,0.00604131284883512,0.2033437499999997,0.19553906249999972,0.20692968749999968,0.19293749999999954,0.19293749999999962,1.0,0.8,1.0,0.0,0.0,0.0,0.0,0.0,4.332225182367674e-21,0.0,0.0,0.0,0.0,1.0,0.2,0.2,0.2,0.0,0.2,0.2,0.8,0.0,0.2,0.8,0.0,0.2,0.8,0.0,0.0,1.0,0.0,0.2,0.0,0.2,0.2,0.0,0.2,0.2,0.2,0.0,0.0,0.0,0.2,0.2,1.0,1.0,0.1,0.0,1.0,1.0,1.0,1.0,0.0,0.0,2,2,0.2,1.0,0.2,0.0,0.2,0.0,1.0,0.0,1.0,1.0,0.0,1.0,0.060307379214090684,0.0,0.060307379214090684,0.006030737921409068,0.060307379214090684,0.09838472222830405,4.332225182367674e-21,4.332225182367674e-21,0.0,0.9933333333333333,1.15,0,0,0,2,C3R,0.0,0.0,0.20165624999999965,1.0,1.0,0.0,0.0,0.0,0.20165624999999965
phaseflip,dephasing,0.15,4,0.5,0.03,10,qiskit_aer,1,1,0.7445260937500001,0.29352525173611116,0.8,0.55,0.0,0.0,1.0,0.0,0.25547390624999966,0.00890263334050704,0.26028046874999966,0.25346718749999964,0.2623124999999996,0.23899687499999966,0.23899687499999966,1.0,1.0,1.0,0.0,0.0,0.0,0.0,0.0,0.2253202166429543,0.00890263334050704,0.23012677914295432,0.2233134978929543,0.23215881039295427,0.20884318539295432,0.20884318539295432,1.0,1.0,0.0,0.0,0.0,0.0,0.0,0.0,0.25547390624999966,0.00890263334050704,0.26028046874999966,0.25346718749999964,0.2623124999999996,0.23899687499999966,0.23899687499999966,1.0,1.0,1.0,0.0,0.0,0.0,0.0,0.0,0.0,0.0,0.0,0.0,0.0,0.25547390624999966,0.00890263334050704,0.26028046874999966,0.25346718749999964,0.2623124999999996,0.23899687499999966,0.23899687499999966,1.0,1.0,1.0,0.0,0.0,0.0,0.0,0.0,0.0,0.0,0.0,0.0,0.0,0.25547390624999966,0.00890263334050704,0.26028046874999966,0.25346718749999964,0.2623124999999996,0.23899687499999966,0.23899687499999966,1.0,1.0,1.0,0.0,0.0,0.0,0.0,0.0,0.0,0.0,0.0,0.0,0.0,0.25547390624999966,0.00890263334050704,0.26028046874999966,0.25346718749999964,0.2623124999999996,0.23899687499999966,0.23899687499999966,1.0,1.0,1.0,0.0,0.0,0.0,0.0,0.0,0.0,0.0,0.0,0.0,0.0,1.0,0.0,0.0,0.0,0.0,0.0,0.0,1.0,0.0,0.0,1.0,0.0,0.0,1.0,0.0,0.0,1.0,0.0,0.0,0.0,0.0,0.0,0.0,0.0,0.0,0.0,0.0,0.0,0.0,0.0,0.0,1.0,1.0,0.3,0.0,0.0,0.0,0.0,0.0,0.0,0.0,0,0,0.0,0.0,0.0,0.0,0.0,0.0,0.0,0.0,0.0,0.0,0.0,1.0,0.0,0.0,0.0,0.0,0.0,-0.29352525173512545,0.0,0.0,0.0,0.9812222222222222,1.08,0,0,0,0,C1,0.0,0.0,0.25547390624999966,1.0,1.0,0.0,0.0,0.0,0.25547390624999966
phaseflip,dephasing,0.15,4,0.5,0.05,10,qiskit_aer,1,1,0.7445260937500001,0.29352525173611116,0.8,0.55,0.0,0.0,1.0,0.0,0.25547390624999966,0.00890263334050704,0.26028046874999966,0.25346718749999964,0.2623124999999996,0.23899687499999966,0.23899687499999966,1.0,1.0,1.0,0.0,0.0,0.0,0.0,0.0,0.2253202166429543,0.00890263334050704,0.23012677914295432,0.2233134978929543,0.23215881039295427,0.20884318539295432,0.20884318539295432,1.0,1.0,0.0,0.0,0.0,0.0,0.0,0.0,0.25547390624999966,0.00890263334050704,0.26028046874999966,0.25346718749999964,0.2623124999999996,0.23899687499999966,0.23899687499999966,1.0,1.0,1.0,0.0,0.0,0.0,0.0,0.0,0.0,0.0,0.0,0.0,0.0,0.25547390624999966,0.00890263334050704,0.26028046874999966,0.25346718749999964,0.2623124999999996,0.23899687499999966,0.23899687499999966,1.0,1.0,1.0,0.0,0.0,0.0,0.0,0.0,0.0,0.0,0.0,0.0,0.0,0.25547390624999966,0.00890263334050704,0.26028046874999966,0.25346718749999964,0.2623124999999996,0.23899687499999966,0.23899687499999966,1.0,1.0,1.0,0.0,0.0,0.0,0.0,0.0,0.0,0.0,0.0,0.0,0.0,0.25547390624999966,0.00890263334050704,0.26028046874999966,0.25346718749999964,0.2623124999999996,0.23899687499999966,0.23899687499999966,1.0,1.0,1.0,0.0,0.0,0.0,0.0,0.0,0.0,0.0,0.0,0.0,0.0,1.0,0.0,0.0,0.0,0.0,0.0,0.0,1.0,0.0,0.0,1.0,0.0,0.0,1.0,0.0,0.0,1.0,0.0,0.0,0.0,0.0,0.0,0.0,0.0,0.0,0.0,0.0,0.0,0.0,0.0,0.0,1.0,1.0,0.1,0.0,0.0,0.0,0.0,0.0,0.0,0.0,0,0,0.0,0.0,0.0,0.0,0.0,0.0,0.0,0.0,0.0,0.0,0.0,1.0,0.0,0.0,0.0,0.0,0.0,-0.2935252517349324,0.0,0.0,0.0,0.9872222222222222,1.1,0,0,0,0,C1,0.0,0.0,0.25547390624999966,1.0,1.0,0.0,0.0,0.0,0.25547390624999966
phaseflip,dephasing,0.15,4,0.5,0.1,10,qiskit_aer,1,1,0.7445260937500001,0.27285526041666675,0.8111111111111111,0.55,0.0,0.0,1.0,0.0,0.25547390624999966,0.00890263334050704,0.26028046874999966,0.25346718749999964,0.2623124999999996,0.23899687499999966,0.23899687499999966,1.0,1.0,1.0,0.0,0.0,0.0,0.0,0.0,0.2253202166429543,0.00890263334050704,0.23012677914295432,0.2233134978929543,0.23215881039295427,0.20884318539295432,0.20884318539295432,1.0,1.0,0.0,0.0,0.0,0.0,0.0,0.0,0.25547390624999966,0.00890263334050704,0.26028046874999966,0.25346718749999964,0.2623124999999996,0.23899687499999966,0.23899687499999966,1.0,1.0,1.0,0.0,0.0,0.0,0.0,0.0,0.0,0.0,0.0,0.0,0.0,0.25547390624999966,0.00890263334050704,0.26028046874999966,0.25346718749999964,0.2623124999999996,0.23899687499999966,0.23899687499999966,1.0,1.0,1.0,0.0,0.0,0.0,0.0,0.0,0.0,0.0,0.0,0.0,0.0,0.25547390624999966,0.00890263334050704,0.26028046874999966,0.25346718749999964,0.2623124999999996,0.23899687499999966,0.23899687499999966,1.0,1.0,1.0,0.0,0.0,0.0,0.0,0.0,0.0,0.0,0.0,0.0,0.0,0.25547390624999966,0.00890263334050704,0.26028046874999966,0.25346718749999964,0.2623124999999996,0.23899687499999966,0.23899687499999966,1.0,1.0,1.0,0.0,0.0,0.0,0.0,0.0,0.0,0.0,0.0,0.0,0.0,1.0,0.0,0.0,0.0,0.0,0.0,0.0,1.0,0.0,0.0,1.0,0.0,0.0,1.0,0.0,0.0,1.0,0.0,0.0,0.0,0.0,0.0,0.0,0.0,0.0,0.0,0.0,0.0,0.0,0.0,0.0,1.0,1.0,0.1,0.0,0.0,0.0,0.0,0.0,0.0,0.0,0,0,0.0,0.0,0.0,0.0,0.0,0.0,0.0,0.0,0.0,0.0,0.0,1.0,0.0,0.0,0.0,0.0,0.0,-0.2728552604155845,0.0,0.0,0.0,0.9933333333333333,1.15,0,0,0,0,C1,0.0,0.0,0.25547390624999966,1.0,1.0,0.0,0.0,0.0,0.25547390624999966
phaseflip,dephasing,0.2,1,0.5,0.03,10,qiskit_aer,1,1,0.9000000000000001,0.3400000000000001,0.8222222222222222,0.5333333333333333,0.0,1.0,1.0,0.0,0.09999999999999964,0.0,0.09999999999999964,0.09999999999999964,0.09999999999999964,0.09999999999999964,0.09999999999999964,1.0,0.8,1.0,0.0,0.0,0.0,0.0,0.0,0.0698463103929543,0.0,0.0698463103929543,0.0698463103929543,0.0698463103929543,0.0698463103929543,0.0698463103929543,1.0,1.0,0.0,0.0,0.0,0.0,0.0,1.0,0.09396926207859058,0.012061475842818137,0.09999999999999964,0.09999999999999964,0.09999999999999964,0.0698463103929543,0.0698463103929543,1.0,1.0,0.8,0.0,0.0,0.0,0.0,0.2,0.0,0.006030737921409068,0.060307379214090684,0.030153689607045342,0.030153689607045342,0.09396926207859058,0.012061475842818137,0.09999999999999964,0.09999999999999964,0.09999999999999964,0.0698463103929543,0.0698463103929543,1.0,1.0,0.8,0.0,0.0,0.0,0.0,0.2,0.0,0.006030737921409068,0.060307379214090684,0.030153689607045342,0.030153689607045342,0.09396926207859058,0.012061475842818137,0.09999999999999964,0.09999999999999964,0.09999999999999964,0.0698463103929543,0.0698463103929543,1.0,1.0,0.8,0.0,0.0,0.0,0.0,0.2,0.0,0.006030737921409068,0.060307379214090684,0.030153689607045342,0.030153689607045342,0.09999999999999964,0.0,0.09999999999999964,0.09999999999999964,0.09999999999999964,0.09999999999999964,0.09999999999999964,1.0,0.8,1.0,0.0,0.0,0.0,0.0,0.0,0.003286840215485658,0.0,0.0,0.0,0.0,1.0,0.2,0.2,0.2,0.0,0.2,0.2,0.8,0.0,0.2,0.8,0.0,0.2,0.8,0.0,0.0,1.0,0.0,0.2,0.0,0.2,0.2,0.0,0.2,0.2,0.2,0.0,0.0,0.0,0.2,0.2,1.0,1.0,0.2,0.0,1.0,1.0,1.0,1.0,0.0,0.0,2,2,0.2,1.0,0.2,0.0,0.2,0.0,1.0,0.0,1.0,1.0,0.0,1.0,0.060307379214090684,0.0,0.060307379214090684,0.006030737921409068,0.060307379214090684,0.06000000010193751,0.003286840215485658,0.003286840215485658,0.0,0.9837777777777778,1.0633333333333335,0,0,0,2,C3R,0.0,0.0,0.09999999999999964,1.0,1.0,0.0,0.0,0.0,0.09999999999999964
phaseflip,dephasing,0.2,1,0.5,0.05,10,qiskit_aer,1,1,0.9000000000000001,0.3350000000000001,0.8222222222222222,0.5333333333333333,0.0,1.0,1.0,0.0,0.09999999999999964,0.0,0.09999999999999964,0.09999999999999964,0.09999999999999964,0.09999999999999964,0.09999999999999964,1.0,0.8,1.0,0.0,0.0,0.0,0.0,0.0,0.0698463103929543,0.0,0.0698463103929543,0.0698463103929543,0.0698463103929543,0.0698463103929543,0.0698463103929543,1.0,1.0,0.0,0.0,0.0,0.0,0.0,1.0,0.09396926207859058,0.012061475842818137,0.09999999999999964,0.09999999999999964,0.09999999999999964,0.0698463103929543,0.0698463103929543,1.0,1.0,0.8,0.0,0.0,0.0,0.0,0.2,0.0,0.006030737921409068,0.060307379214090684,0.030153689607045342,0.030153689607045342,0.09396926207859058,0.012061475842818137,0.09999999999999964,0.09999999999999964,0.09999999999999964,0.0698463103929543,0.0698463103929543,1.0,1.0,0.8,0.0,0.0,0.0,0.0,0.2,0.0,0.006030737921409068,0.060307379214090684,0.030153689607045342,0.030153689607045342,0.09396926207859058,0.012061475842818137,0.09999999999999964,0.09999999999999964,0.09999999999999964,0.0698463103929543,0.0698463103929543,1.0,1.0,0.8,0.0,0.0,0.0,0.0,0.2,0.0,0.006030737921409068,0.060307379214090684,0.030153689607045342,0.030153689607045342,0.09999999999999964,0.0,0.09999999999999964,0.09999999999999964,0.09999999999999964,0.09999999999999964,0.09999999999999964,1.0,0.8,1.0,0.0,0.0,0.0,0.0,0.0,0.006573680430971311,0.0,0.0,0.0,0.0,1.0,0.2,0.2,0.2,0.0,0.2,0.2,0.8,0.0,0.2,0.8,0.0,0.2,0.8,0.0,0.0,1.0,0.0,0.2,0.0,0.2,0.2,0.0,0.2,0.2,0.2,0.0,0.0,0.0,0.2,0.2,1.0,1.0,0.2,0.0,1.0,1.0,1.0,1.0,0.0,0.0,2,2,0.2,1.0,0.2,0.0,0.2,0.0,1.0,0.0,1.0,1.0,0.0,1.0,0.060307379214090684,0.0,0.060307379214090684,0.006030737921409068,0.060307379214090684,0.06500000010329798,0.006573680430971311,0.006573680430971311,0.0,0.9877777777777778,1.0833333333333335,0,0,0,2,C3R,0.0,0.0,0.09999999999999964,1.0,1.0,0.0,0.0,0.0,0.09999999999999964
phaseflip,dephasing,0.2,1,0.5,0.1,10,qiskit_aer,1,1,0.9000000000000001,0.30000000000000004,0.8666666666666667,0.5333333333333333,0.0,1.0,1.0,0.0,0.09999999999999964,0.0,0.09999999999999964,0.09999999999999964,0.09999999999999964,0.09999999999999964,0.09999999999999964,1.0,0.8,1.0,0.0,0.0,0.0,0.0,0.0,0.0698463103929543,0.0,0.0698463103929543,0.0698463103929543,0.0698463103929543,0.0698463103929543,0.0698463103929543,1.0,1.0,0.0,0.0,0.0,0.0,0.0,1.0,0.09396926207859058,0.012061475842818137,0.09999999999999964,0.09999999999999964,0.09999999999999964,0.0698463103929543,0.0698463103929543,1.0,1.0,0.8,0.0,0.0,0.0,0.0,0.2,0.0,0.006030737921409068,0.060307379214090684,0.030153689607045342,0.030153689607045342,0.09396926207859058,0.012061475842818137,0.09999999999999964,0.09999999999999964,0.09999999999999964,0.0698463103929543,0.0698463103929543,1.0,1.0,0.8,0.0,0.0,0.0,0.0,0.2,0.0,0.006030737921409068,0.060307379214090684,0.030153689607045342,0.030153689607045342,0.09396926207859058,0.012061475842818137,0.09999999999999964,0.09999999999999964,0.09999999999999964,0.0698463103929543,0.0698463103929543,1.0,1.0,0.8,0.0,0.0,0.0,0.0,0.2,0.0,0.006030737921409068,0.060307379214090684,0.030153689607045342,0.030153689607045342,0.09999999999999964,0.0,0.09999999999999964,0.09999999999999964,0.09999999999999964,0.09999999999999964,0.09999999999999964,1.0,0.8,1.0,0.0,0.0,0.0,0.0,0.0,0.006573680430971311,0.0,0.0,0.0,0.0,1.0,0.2,0.2,0.2,0.0,0.2,0.2,0.8,0.0,0.2,0.8,0.0,0.2,0.8,0.0,0.0,1.0,0.0,0.2,0.0,0.2,0.2,0.0,0.2,0.2,0.2,0.0,0.0,0.0,0.2,0.2,1.0,1.0,0.2,0.0,1.0,1.0,1.0,1.0,0.0,0.0,2,2,0.2,1.0,0.2,0.0,0.2,0.0,1.0,0.0,1.0,1.0,0.0,1.0,0.060307379214090684,0.0,0.060307379214090684,0.006030737921409068,0.060307379214090684,0.10000000010329799,0.006573680430971311,0.006573680430971311,0.0,0.9977777777777778,1.1333333333333333,0,0,0,2,C3R,0.0,0.0,0.09999999999999964,1.0,1.0,0.0,0.0,0.0,0.09999999999999964
phaseflip,dephasing,0.2,2,0.5,0.03,10,qiskit_aer,1,1,0.8160000000000001,0.3081666666666667,0.8222222222222222,0.5333333333333333,0.0,0.0,1.0,0.0,0.1839999999999997,0.00489897948556632,0.17999999999999972,0.17999999999999972,0.1899999999999996,0.17999999999999972,0.17999999999999972,1.0,0.7,1.0,0.0,0.0,0.0,0.0,0.0,0.15384631039295435,0.00489897948556632,0.14984631039295437,0.14984631039295437,0.15984631039295427,0.14984631039295437,0.14984631039295437,1.0,1.0,0.0,0.0,0.0,0.0,0.0,0.0,0.1749538931178861,0.01695023021701166,0.17999999999999972,0.1573847327947157,0.1899999999999996,0.14984631039295437,0.14984631039295437,1.0,1.0,0.7,0.0,0.0,0.0,0.0,0.0,0.0,0.009046106882113603,0.09046106882113603,0.030153689607045342,0.030153689607045342,0.1749538931178861,0.01695023021701166,0.17999999999999972,0.1573847327947157,0.1899999999999996,0.14984631039295437,0.14984631039295437,1.0,1.0,0.7,0.0,0.0,0.0,0.0,0.0,0.0,0.009046106882113603,0.09046106882113603,0.030153689607045342,0.030153689607045342,0.1749538931178861,0.01695023021701166,0.17999999999999972,0.1573847327947157,0.1899999999999996,0.14984631039295437,0.14984631039295437,1.0,1.0,0.7,0.0,0.0,0.0,0.0,0.0,0.0,0.009046106882113603,0.09046106882113603,0.030153689607045342,0.030153689607045342,0.1839999999999997,0.00489897948556632,0.17999999999999972,0.17999999999999972,0.1899999999999996,0.17999999999999972,0.17999999999999972,1.0,0.7,1.0,0.0,0.0,0.0,0.0,0.0,6.498337773551511e-21,0.0,0.0,0.0,0.0,1.0,0.3,0.3,0.3,0.0,0.3,0.3,0.7,0.0,0.3,0.7,0.0,0.3,0.7,0.0,0.0,1.0,0.0,0.3,0.0,0.3,0.3,0.0,0.3,0.3,0.3,0.0,0.0,0.0,0.3,0.3,1.0,1.0,0.2,0.0,1.0,1.0,1.0,1.0,0.0,0.0,3,3,0.3,1.0,0.3,0.0,0.3,0.0,1.0,0.0,1.0,1.0,0.0,1.0,0.09046106882113603,0.0,0.09046106882113603,0.009046106882113603,0.09046106882113603,0.29183333334211725,6.498337773551511e-21,6.498337773551511e-21,0.0,0.9837777777777778,1.0633333333333335,0,0,0,3,C3R,0.0,0.0,0.1839999999999997,1.0,1.0,0.0,0.0,0.0,0.1839999999999997
phaseflip,dephasing,0.2,2,0.5,0.05,10,qiskit_aer,1,1,0.8160000000000001,0.3036111111111111,0.8222222222222222,0.5333333333333333,0.0,0.0,1.0,0.0,0.1839999999999997,0.00489897948556632,0.17999999999999972,0.17999999999999972,0.1899999999999996,0.17999999999999972,0.17999999999999972,1.0,0.7,1.0,0.0,0.0,0.0,0.0,0.0,0.15384631039295435,0.00489897948556632,0.14984631039295437,0.14984631039295437,0.15984631039295427,0.14984631039295437,0.14984631039295437,1.0,1.0,0.0,0.0,0.0,0.0,0.0,0.0,0.1749538931178861,0.01695023021701166,0.17999999999999972,0.1573847327947157,0.1899999999999996,0.14984631039295437,0.14984631039295437,1.0,1.0,0.7,0.0,0.0,0.0,0.0,0.0,0.0,0.009046106882113603,0.09046106882113603,0.030153689607045342,0.030153689607045342,0.1749538931178861,0.01695023021701166,0.17999999999999972,0.1573847327947157,0.1899999999999996,0.14984631039295437,0.14984631039295437,1.0,1.0,0.7,0.0,0.0,0.0,0.0,0.0,0.0,0.009046106882113603,0.09046106882113603,0.030153689607045342,0.030153689607045342,0.1749538931178861,0.01695023021701166,0.17999999999999972,0.1573847327947157,0.1899999999999996,0.14984631039295437,0.14984631039295437,1.0,1.0,0.7,0.0,0.0,0.0,0.0,0.0,0.0,0.009046106882113603,0.09046106882113603,0.030153689607045342,0.030153689607045342,0.1839999999999997,0.00489897948556632,0.17999999999999972,0.17999999999999972,0.1899999999999996,0.17999999999999972,0.17999999999999972,1.0,0.7,1.0,0.0,0.0,0.0,0.0,0.0,6.498337773551511e-21,0.0,0.0,0.0,0.0,1.0,0.3,0.3,0.3,0.0,0.3,0.3,0.7,0.0,0.3,0.7,0.0,0.3,0.7,0.0,0.0,1.0,0.0,0.3,0.0,0.3,0.3,0.0,0.3,0.3,0.3,0.0,0.0,0.0,0.3,0.3,1.0,1.0,0.2,0.0,1.0,1.0,1.0,1.0,0.0,0.0,3,3,0.3,1.0,0.3,0.0,0.3,0.0,1.0,0.0,1.0,1.0,0.0,1.0,0.09046106882113603,0.0,0.09046106882113603,0.009046106882113603,0.09046106882113603,0.29638888889767284,6.498337773551511e-21,6.498337773551511e-21,0.0,0.9877777777777778,1.0833333333333335,0,0,0,3,C3R,0.0,0.0,0.1839999999999997,1.0,1.0,0.0,0.0,0.0,0.1839999999999997
phaseflip,dephasing,0.2,2,0.5,0.1,10,qiskit_aer,1,1,0.8160000000000001,0.28122222222222226,0.8666666666666667,0.5333333333333333,0.0,0.0,1.0,0.0,0.1839999999999997,0.00489897948556632,0.17999999999999972,0.17999999999999972,0.1899999999999996,0.17999999999999972,0.17999999999999972,1.0,0.7,1.0,0.0,0.0,0.0,0.0,0.0,0.15384631039295435,0.00489897948556632,0.14984631039295437,0.14984631039295437,0.15984631039295427,0.14984631039295437,0.14984631039295437,1.0,1.0,0.0,0.0,0.0,0.0,0.0,0.0,0.1749538931178861,0.01695023021701166,0.17999999999999972,0.1573847327947157,0.1899999999999996,0.14984631039295437,0.14984631039295437,1.0,1.0,0.7,0.0,0.0,0.0,0.0,0.0,0.0,0.009046106882113603,0.09046106882113603,0.030153689607045342,0.030153689607045342,0.1749538931178861,0.01695023021701166,0.17999999999999972,0.1573847327947157,0.1899999999999996,0.14984631039295437,0.14984631039295437,1.0,1.0,0.7,0.0,0.0,0.0,0.0,0.0,0.0,0.009046106882113603,0.09046106882113603,0.030153689607045342,0.030153689607045342,0.1749538931178861,0.01695023021701166,0.17999999999999972,0.1573847327947157,0.1899999999999996,0.14984631039295437,0.14984631039295437,1.0,1.0,0.7,0.0,0.0,0.0,0.0,0.0,0.0,0.009046106882113603,0.09046106882113603,0.030153689607045342,0.030153689607045342,0.1839999999999997,0.00489897948556632,0.17999999999999972,0.17999999999999972,0.1899999999999996,0.17999999999999972,0.17999999999999972,1.0,0.7,1.0,0.0,0.0,0.0,0.0,0.0,6.498337773551511e-21,0.0,0.0,0.0,0.0,1.0,0.3,0.3,0.3,0.0,0.3,0.3,0.7,0.0,0.3,0.7,0.0,0.3,0.7,0.0,0.0,1.0,0.0,0.3,0.0,0.3,0.3,0.0,0.3,0.3,0.3,0.0,0.0,0.0,0.3,0.3,1.0,1.0,0.2,0.0,1.0,1.0,1.0,1.0,0.0,0.0,3,3,0.3,1.0,0.3,0.0,0.3,0.0,1.0,0.0,1.0,1.0,0.0,1.0,0.09046106882113603,0.0,0.09046106882113603,0.009046106882113603,0.09046106882113603,0.3187777777856883,6.498337773551511e-21,6.498337773551511e-21,0.0,0.9977777777777778,1.1333333333333333,0,0,0,3,C3R,0.0,0.0,0.1839999999999997,1.0,1.0,0.0,0.0,0.0,0.1839999999999997
phaseflip,dephasing,0.2,3,0.5,0.03,10,qiskit_aer,1,1,0.7410000000000001,0.28391111111111117,0.8,0.55,0.0,0.0,1.0,0.0,0.2589999999999997,0.010363397126425285,0.2619999999999997,0.24849999999999975,0.2679999999999997,0.24399999999999966,0.2439999999999997,1.0,0.8,1.0,0.0,0.0,0.0,0.0,0.0,0.22884631039295433,0.010363397126425285,0.23184631039295434,0.2183463103929544,0.23784631039295434,0.21384631039295432,0.21384631039295435,1.0,1.0,0.0,0.0,0.0,0.0,0.0,0.0,0.2529692620785906,0.01803463486083912,0.2619999999999997,0.24399999999999966,0.2679999999999997,0.2219463103929544,0.21384631039295443,1.0,1.0,0.8,0.0,0.0,0.0,0.0,0.0,0.0,0.006030737921409068,0.060307379214090684,0.030153689607045342,0.030153689607045342,0.2529692620785906,0.01803463486083912,0.2619999999999997,0.24399999999999966,0.2679999999999997,0.2219463103929544,0.21384631039295443,1.0,1.0,0.8,0.0,0.0,0.0,0.0,0.0,0.0,0.006030737921409068,0.060307379214090684,0.030153689607045342,0.030153689607045342,0.2529692620785906,0.01803463486083912,0.2619999999999997,0.24399999999999966,0.2679999999999997,0.2219463103929544,0.21384631039295443,1.0,1.0,0.8,0.0,0.0,0.0,0.0,0.0,0.0,0.006030737921409068,0.060307379214090684,0.030153689607045342,0.030153689607045342,0.2589999999999997,0.010363397126425285,0.2619999999999997,0.24849999999999975,0.2679999999999997,0.24399999999999966,0.2439999999999997,1.0,0.8,1.0,0.0,0.0,0.0,0.0,0.0,3.099630017959843e-21,0.0,0.0,0.0,0.0,1.0,0.2,0.2,0.2,0.0,0.2,0.2,0.8,0.0,0.2,0.8,0.0,0.2,0.8,0.0,0.0,1.0,0.0,0.2,0.0,0.2,0.2,0.0,0.2,0.2,0.2,0.0,0.0,0.0,0.2,0.2,1.0,1.0,0.3,0.0,1.0,1.0,1.0,1.0,0.0,0.0,2,2,0.2,1.0,0.2,0.0,0.2,0.0,1.0,0.0,1.0,1.0,0.0,1.0,0.060307379214090684,0.0,0.060307379214090684,0.006030737921409068,0.060307379214090684,0.11608888889105229,3.099630017959843e-21,3.099630017959843e-21,0.0,0.9812222222222222,1.08,0,0,0,2,C3R,0.0,0.0,0.2589999999999997,1.0,1.0,0.0,0.0,0.0,0.2589999999999997
phaseflip,dephasing,0.2,3,0.5,0.05,10,qiskit_aer,1,1,0.7410000000000001,0.28391111111111117,0.8,0.55,0.0,0.0,1.0,0.0,0.2589999999999997,0.010363397126425285,0.2619999999999997,0.24849999999999975,0.2679999999999997,0.24399999999999966,0.2439999999999997,1.0,0.8,1.0,0.0,0.0,0.0,0.0,0.0,0.22884631039295433,0.010363397126425285,0.23184631039295434,0.2183463103929544,0.23784631039295434,0.21384631039295432,0.21384631039295435,1.0,1.0,0.0,0.0,0.0,0.0,0.0,0.0,0.2529692620785906,0.01803463486083912,0.2619999999999997,0.24399999999999966,0.2679999999999997,0.2219463103929544,0.21384631039295443,1.0,1.0,0.8,0.0,0.0,0.0,0.0,0.0,0.0,0.006030737921409068,0.060307379214090684,0.030153689607045342,0.030153689607045342,0.2529692620785906,0.01803463486083912,0.2619999999999997,0.24399999999999966,0.2679999999999997,0.2219463103929544,0.21384631039295443,1.0,1.0,0.8,0.0,0.0,0.0,0.0,0.0,0.0,0.006030737921409068,0.060307379214090684,0.030153689607045342,0.030153689607045342,0.2529692620785906,0.01803463486083912,0.2619999999999997,0.24399999999999966,0.2679999999999997,0.2219463103929544,0.21384631039295443,1.0,1.0,0.8,0.0,0.0,0.0,0.0,0.0,0.0,0.006030737921409068,0.060307379214090684,0.030153689607045342,0.030153689607045342,0.2589999999999997,0.010363397126425285,0.2619999999999997,0.24849999999999975,0.2679999999999997,0.24399999999999966,0.2439999999999997,1.0,0.8,1.0,0.0,0.0,0.0,0.0,0.0,4.332225182367674e-21,0.0,0.0,0.0,0.0,1.0,0.2,0.2,0.2,0.0,0.2,0.2,0.8,0.0,0.2,0.8,0.0,0.2,0.8,0.0,0.0,1.0,0.0,0.2,0.0,0.2,0.2,0.0,0.2,0.2,0.2,0.0,0.0,0.0,0.2,0.2,1.0,1.0,0.1,0.0,1.0,1.0,1.0,1.0,0.0,0.0,2,2,0.2,1.0,0.2,0.0,0.2,0.0,1.0,0.0,1.0,1.0,0.0,1.0,0.060307379214090684,0.0,0.060307379214090684,0.006030737921409068,0.060307379214090684,0.11608888889104299,4.332225182367674e-21,4.332225182367674e-21,0.0,0.9872222222222222,1.1,0,0,0,2,C3R,0.0,0.0,0.2589999999999997,1.0,1.0,0.0,0.0,0.0,0.2589999999999997
phaseflip,dephasing,0.2,3,0.5,0.1,10,qiskit_aer,1,1,0.7410000000000001,0.2632111111111112,0.8111111111111111,0.55,0.0,0.0,1.0,0.0,0.2589999999999997,0.010363397126425285,0.2619999999999997,0.24849999999999975,0.2679999999999997,0.24399999999999966,0.2439999999999997,1.0,0.8,1.0,0.0,0.0,0.0,0.0,0.0,0.22884631039295433,0.010363397126425285,0.23184631039295434,0.2183463103929544,0.23784631039295434,0.21384631039295432,0.21384631039295435,1.0,1.0,0.0,0.0,0.0,0.0,0.0,0.0,0.2529692620785906,0.01803463486083912,0.2619999999999997,0.24399999999999966,0.2679999999999997,0.2219463103929544,0.21384631039295443,1.0,1.0,0.8,0.0,0.0,0.0,0.0,0.0,0.0,0.006030737921409068,0.060307379214090684,0.030153689607045342,0.030153689607045342,0.2529692620785906,0.01803463486083912,0.2619999999999997,0.24399999999999966,0.2679999999999997,0.2219463103929544,0.21384631039295443,1.0,1.0,0.8,0.0,0.0,0.0,0.0,0.0,0.0,0.006030737921409068,0.060307379214090684,0.030153689607045342,0.030153689607045342,0.2529692620785906,0.01803463486083912,0.2619999999999997,0.24399999999999966,0.2679999999999997,0.2219463103929544,0.21384631039295443,1.0,1.0,0.8,0.0,0.0,0.0,0.0,0.0,0.0,0.006030737921409068,0.060307379214090684,0.030153689607045342,0.030153689607045342,0.2589999999999997,0.010363397126425285,0.2619999999999997,0.24849999999999975,0.2679999999999997,0.24399999999999966,0.2439999999999997,1.0,0.8,1.0,0.0,0.0,0.0,0.0,0.0,3.099630017959843e-21,0.0,0.0,0.0,0.0,1.0,0.2,0.2,0.2,0.0,0.2,0.2,0.8,0.0,0.2,0.8,0.0,0.2,0.8,0.0,0.0,1.0,0.0,0.2,0.0,0.2,0.2,0.0,0.2,0.2,0.2,0.0,0.0,0.0,0.2,0.2,1.0,1.0,0.1,0.0,1.0,1.0,1.0,1.0,0.0,0.0,2,2,0.2,1.0,0.2,0.0,0.2,0.0,1.0,0.0,1.0,1.0,0.0,1.0,0.060307379214090684,0.0,0.060307379214090684,0.006030737921409068,0.060307379214090684,0.13678888889105226,3.099630017959843e-21,3.099630017959843e-21,0.0,0.9933333333333333,1.15,0,0,0,2,C3R,0.0,0.0,0.2589999999999997,1.0,1.0,0.0,0.0,0.0,0.2589999999999997
phaseflip,dephasing,0.2,4,0.5,0.03,10,qiskit_aer,1,1,0.6772800000000001,0.2481577777777778,0.8,0.55,0.0,0.0,1.0,0.0,0.3227199999999998,0.01481275126369163,0.33079999999999976,0.3195999999999999,0.33399999999999974,0.2951999999999999,0.2951999999999999,1.0,0.8,1.0,0.0,0.0,0.0,0.0,0.0,0.29256631039295444,0.01481275126369163,0.3006463103929544,0.28944631039295454,0.3038463103929544,0.26504631039295456,0.26504631039295456,1.0,1.0,0.0,0.0,0.0,0.0,0.0,0.0,0.3166892620785907,0.02639751152478653,0.33079999999999976,0.3195999999999999,0.33399999999999974,0.26504631039295456,0.26504631039295456,1.0,1.0,0.8,0.0,0.0,0.0,0.0,0.0,0.0,0.006030737921409068,0.060307379214090684,0.030153689607045342,0.030153689607045342,0.3166892620785907,0.02639751152478653,0.33079999999999976,0.3195999999999999,0.33399999999999974,0.26504631039295456,0.26504631039295456,1.0,1.0,0.8,0.0,0.0,0.0,0.0,0.0,0.0,0.006030737921409068,0.060307379214090684,0.030153689607045342,0.030153689607045342,0.3166892620785907,0.02639751152478653,0.33079999999999976,0.3195999999999999,0.33399999999999974,0.26504631039295456,0.26504631039295456,1.0,1.0,0.8,0.0,0.0,0.0,0.0,0.0,0.0,0.006030737921409068,0.060307379214090684,0.030153689607045342,0.030153689607045342,0.31970463103929525,0.021615169611173494,0.33079999999999976,0.3195999999999999,0.33399999999999974,0.27861547071612497,0.26504631039295456,1.0,0.9,0.9,0.0,0.0,0.0,0.0,0.0,2.166112591183837e-21,0.003015368960704534,0.030153689607045342,0.016584529283874903,0.030153689607045342,1.0,0.2,0.2,0.2,0.1,0.1,0.2,0.8,0.0,0.2,0.8,0.0,0.2,0.8,0.0,0.1,0.9,0.0,0.2,0.0,0.2,0.2,0.1,0.2,0.2,0.1,0.0,0.0,0.0,0.2,0.2,1.0,1.0,0.3,0.1,1.0,1.0,1.0,1.0,0.5,0.5,2,1,0.1,0.5,0.2,0.0,0.1,0.0,1.0,0.0,1.0,0.5,0.0,1.0,0.030153689607045342,0.0,0.030153689607045342,0.003015368960704534,0.030153689607045342,0.15184222222295904,4.332225182367674e-21,4.332225182367674e-21,0.0,0.9812222222222222,1.08,0,0,0,1,C3R,0.0,0.0,0.31970463103929525,0.9,1.0,0.1,0.0,0.0,0.31970463103929525
phaseflip,dephasing,0.2,4,0.5,0.05,10,qiskit_aer,1,1,0.6772800000000001,0.2481577777777778,0.8,0.55,0.0,0.0,1.0,0.0,0.3227199999999998,0.01481275126369163,0.33079999999999976,0.3195999999999999,0.33399999999999974,0.2951999999999999,0.2951999999999999,1.0,0.7,1.0,0.0,0.0,0.0,0.0,0.0,0.29256631039295444,0.01481275126369163,0.3006463103929544,0.28944631039295454,0.3038463103929544,0.26504631039295456,0.26504631039295456,1.0,1.0,0.0,0.0,0.0,0.0,0.0,0.0,0.3136738931178862,0.02669945436690913,0.3267999999999998,0.3029847327947158,0.33399999999999974,0.26504631039295456,0.26504631039295456,1.0,1.0,0.7,0.0,0.0,0.0,0.0,0.0,0.0,0.009046106882113603,0.09046106882113603,0.030153689607045342,0.030153689607045342,0.3136738931178862,0.02669945436690913,0.3267999999999998,0.3029847327947158,0.33399999999999974,0.26504631039295456,0.26504631039295456,1.0,1.0,0.7,0.0,0.0,0.0,0.0,0.0,0.0,0.009046106882113603,0.09046106882113603,0.030153689607045342,0.030153689607045342,0.3136738931178862,0.02669945436690913,0.3267999999999998,0.3029847327947158,0.33399999999999974,0.26504631039295456,0.26504631039295456,1.0,1.0,0.7,0.0,0.0,0.0,0.0,0.0,0.0,0.009046106882113603,0.09046106882113603,0.030153689607045342,0.030153689607045342,0.3227199999999998,0.01481275126369163,0.33079999999999976,0.3195999999999999,0.33399999999999974,0.2951999999999999,0.2951999999999999,1.0,0.7,1.0,0.0,0.0,0.0,0.0,0.0,5.26574260914368e-21,0.0,0.0,0.0,0.0,1.0,0.3,0.3,0.3,0.0,0.3,0.3,0.7,0.0,0.3,0.7,0.0,0.3,0.7,0.0,0.0,1.0,0.0,0.3,0.0,0.3,0.3,0.0,0.3,0.3,0.3,0.0,0.0,0.0,0.3,0.3,1.0,1.0,0.1,0.0,1.0,1.0,1.0,1.0,0.0,0.0,3,3,0.3,1.0,0.3,0.0,0.3,0.0,1.0,0.0,1.0,1.0,0.0,1.0,0.09046106882113603,0.0,0.09046106882113603,0.009046106882113603,0.09046106882113603,0.3518422222229615,5.26574260914368e-21,5.26574260914368e-21,0.0,0.9872222222222222,1.1,0,0,0,3,C3R,0.0,0.0,0.3227199999999998,1.0,1.0,0.0,0.0,0.0,0.3227199999999998
phaseflip,dephasing,0.2,4,0.5,0.1,10,qiskit_aer,1,1,0.6772800000000001,0.22936222222222225,0.8111111111111111,0.55,0.0,0.0,1.0,0.0,0.3227199999999998,0.01481275126369163,0.33079999999999976,0.3195999999999999,0.33399999999999974,0.2951999999999999,0.2951999999999999,1.0,0.7,1.0,0.0,0.0,0.0,0.0,0.0,0.29256631039295444,0.01481275126369163,0.3006463103929544,0.28944631039295454,0.3038463103929544,0.26504631039295456,0.26504631039295456,1.0,1.0,0.0,0.0,0.0,0.0,0.0,0.0,0.3136738931178862,0.02669945436690913,0.3267999999999998,0.3029847327947158,0.33399999999999974,0.26504631039295456,0.26504631039295456,1.0,1.0,0.7,0.0,0.0,0.0,0.0,0.0,0.0,0.009046106882113603,0.09046106882113603,0.030153689607045342,0.030153689607045342,0.3136738931178862,0.02669945436690913,0.3267999999999998,0.3029847327947158,0.33399999999999974,0.26504631039295456,0.26504631039295456,1.0,1.0,0.7,0.0,0.0,0.0,0.0,0.0,0.0,0.009046106882113603,0.09046106882113603,0.030153689607045342,0.030153689607045342,0.3136738931178862,0.02669945436690913,0.3267999999999998,0.3029847327947158,0.33399999999999974,0.26504631039295456,0.26504631039295456,1.0,1.0,0.7,0.0,0.0,0.0,0.0,0.0,0.0,0.009046106882113603,0.09046106882113603,0.030153689607045342,0.030153689607045342,0.3227199999999998,0.01481275126369163,0.33079999999999976,0.3195999999999999,0.33399999999999974,0.2951999999999999,0.2951999999999999,1.0,0.7,1.0,0.0,0.0,0.0,0.0,0.0,5.26574260914368e-21,0.0,0.0,0.0,0.0,1.0,0.3,0.3,0.3,0.0,0.3,0.3,0.7,0.0,0.3,0.7,0.0,0.3,0.7,0.0,0.0,1.0,0.0,0.3,0.0,0.3,0.3,0.0,0.3,0.3,0.3,0.0,0.0,0.0,0.3,0.3,1.0,1.0,0.1,0.0,1.0,1.0,1.0,1.0,0.0,0.0,3,3,0.3,1.0,0.3,0.0,0.3,0.0,1.0,0.0,1.0,1.0,0.0,1.0,0.09046106882113603,0.0,0.09046106882113603,0.009046106882113603,0.09046106882113603,0.370637777778513,5.26574260914368e-21,5.26574260914368e-21,0.0,0.9933333333333333,1.15,0,0,0,3,C3R,0.0,0.0,0.3227199999999998,1.0,1.0,0.0,0.0,0.0,0.3227199999999998
phaseflip,mixed_pauli,0.01,1,0.5,0.03,10,qiskit_aer,1,1,0.9965,0.46519444444444447,0.8222222222222222,0.5333333333333333,0.0,1.0,1.0,0.0,0.0034999999999998253,0.0039051248379531485,0.00249999999999978,0.0,0.004999999999999782,0.0,0.0,1.0,0.0,1.0,0.0,0.0,0.0,0.0,0.0,-0.021653689607045733,0.0022912878474778543,-0.020153689607045777,-0.023903689607045614,-0.020153689607045777,-0.02515368960704568,-0.025153689607045632,0.0,1.0,0.0,0.0,1.0,0.0,0.0,1.0,-0.021653689607045733,0.0022912878474778543,-0.020153689607045777,-0.023903689607045614,-0.020153689607045777,-0.02515368960704568,-0.025153689607045632,0.0,1.0,0.0,0.0,1.0,0.0,0.0,1.0,0.0,0.02515368960704556,0.2515368960704556,0.030153689607045342,0.030153689607045342,-0.021653689607045733,0.0022912878474778543,-0.020153689607045777,-0.023903689607045614,-0.020153689607045777,-0.02515368960704568,-0.025153689607045632,0.0,1.0,0.0,0.0,1.0,0.0,0.0,1.0,0.0,0.02515368960704556,0.2515368960704556,0.030153689607045342,0.030153689607045342,-0.021653689607045733,0.0022912878474778543,-0.020153689607045777,-0.023903689607045614,-0.020153689607045777,-0.02515368960704568,-0.025153689607045632,0.0,1.0,0.0,0.0,1.0,0.0,0.0,1.0,0.0,0.02515368960704556,0.2515368960704556,0.030153689607045342,0.030153689607045342,-0.00053073792140933,0.010414055800417266,0.00249999999999978,0.0,0.004999999999999782,-0.020153689607045777,-0.020153689607045777,0.8,0.2,0.8,0.0,0.2,0.0,0.0,0.2,0.012085320895066348,0.004030737921409155,0.040307379214091554,0.020153689607045777,0.020153689607045777,1.0,1.0,1.0,1.0,0.2,0.8,1.0,0.0,0.0,1.0,0.0,0.0,1.0,0.0,0.0,0.2,0.8,0.0,1.0,0.0,1.0,1.0,0.2,1.0,1.0,0.8,0.0,0.0,0.0,1.0,1.0,1.0,1.0,0.2,0.2,1.0,1.0,1.0,1.0,0.2,0.2,10,8,0.8,0.8,1.0,0.0,0.8,0.0,1.0,0.0,1.0,0.8,0.0,1.0,0.21122951685636404,0.0,0.21122951685636404,0.021122951685636403,0.21122951685636404,1.5348055993676035,0.012085320895066348,0.012085320895066348,0.0,0.9837777777777778,1.0633333333333335,0,0,0,8,C3R,0.2,0.0,-0.00053073792140933,0.8,0.8,0.2,0.2,0.0,-0.00053073792140933
phaseflip,mixed_pauli,0.01,1,0.5,0.05,10,qiskit_aer,1,1,0.9965,0.45963888888888893,0.8222222222222222,0.5333333333333333,0.0,1.0,1.0,0.0,0.0034999999999998253,0.0039051248379531485,0.00249999999999978,0.0,0.004999999999999782,0.0,0.0,1.0,0.2,1.0,0.0,0.0,0.0,0.0,0.0,-0.021653689607045733,0.0022912878474778543,-0.020153689607045777,-0.023903689607045614,-0.020153689607045777,-0.02515368960704568,-0.025153689607045632,0.0,1.0,0.0,0.0,1.0,0.0,0.0,1.0,-0.015622951685636665,0.011775726035538807,-0.020153689607045777,-0.020153689607045777,-0.020153689607045777,-0.02515368960704556,-0.02515368960704556,0.2,1.0,0.2,0.0,0.8,0.0,0.0,0.8,0.0,0.01912295168563649,0.1912295168563649,0.030153689607045342,0.030153689607045342,-0.015622951685636665,0.011775726035538807,-0.020153689607045777,-0.020153689607045777,-0.020153689607045777,-0.02515368960704556,-0.02515368960704556,0.2,1.0,0.2,0.0,0.8,0.0,0.0,0.8,0.0,0.01912295168563649,0.1912295168563649,0.030153689607045342,0.030153689607045342,-0.015622951685636665,0.011775726035538807,-0.020153689607045777,-0.020153689607045777,-0.020153689607045777,-0.02515368960704556,-0.02515368960704556,0.2,1.0,0.2,0.0,0.8,0.0,0.0,0.8,0.0,0.01912295168563649,0.1912295168563649,0.030153689607045342,0.030153689607045342,-0.00053073792140933,0.010414055800417266,0.00249999999999978,0.0,0.004999999999999782,-0.020153689607045777,-0.020153689607045777,0.8,0.4,0.8,0.0,0.2,0.0,0.0,0.2,0.0013474284426294933,0.004030737921409155,0.040307379214091554,0.020153689607045777,0.020153689607045777,1.0,0.8,0.8,0.8,0.2,0.6,0.8,0.2,0.0,0.8,0.2,0.0,0.8,0.2,0.0,0.2,0.8,0.0,0.8,0.0,0.8,0.8,0.2,0.8,0.8,0.6,0.0,0.0,0.0,0.8,0.8,1.0,1.0,0.2,0.2,1.0,1.0,1.0,1.0,0.25,0.25,8,6,0.6,0.75,0.8,0.0,0.6,0.0,1.0,0.0,1.0,0.75,0.0,1.0,0.15092213764227336,0.0,0.15092213764227336,0.015092213764227336,0.15092213764227336,1.1403611522599597,0.0013474284426294933,0.0013474284426294933,0.0,0.9877777777777778,1.0833333333333335,0,0,0,6,C3R,0.2,0.0,-0.00053073792140933,0.8,0.8,0.2,0.2,0.0,-0.00053073792140933
phaseflip,mixed_pauli,0.01,1,0.5,0.1,10,qiskit_aer,1,1,0.9965,0.39861111111111114,0.8666666666666667,0.5333333333333333,0.0,1.0,1.0,0.0,0.0034999999999998253,0.0039051248379531485,0.00249999999999978,0.0,0.004999999999999782,0.0,0.0,1.0,0.0,1.0,0.0,0.0,0.0,0.0,0.0,-0.021653689607045733,0.0022912878474778543,-0.020153689607045777,-0.023903689607045614,-0.020153689607045777,-0.02515368960704568,-0.025153689607045632,0.0,1.0,0.0,0.0,1.0,0.0,0.0,1.0,-0.021653689607045733,0.0022912878474778543,-0.020153689607045777,-0.023903689607045614,-0.020153689607045777,-0.02515368960704568,-0.025153689607045632,0.0,1.0,0.0,0.0,1.0,0.0,0.0,1.0,0.0,0.02515368960704556,0.2515368960704556,0.030153689607045342,0.030153689607045342,-0.021653689607045733,0.0022912878474778543,-0.020153689607045777,-0.023903689607045614,-0.020153689607045777,-0.02515368960704568,-0.025153689607045632,0.0,1.0,0.0,0.0,1.0,0.0,0.0,1.0,0.0,0.02515368960704556,0.2515368960704556,0.030153689607045342,0.030153689607045342,-0.021653689607045733,0.0022912878474778543,-0.020153689607045777,-0.023903689607045614,-0.020153689607045777,-0.02515368960704568,-0.025153689607045632,0.0,1.0,0.0,0.0,1.0,0.0,0.0,1.0,0.0,0.02515368960704556,0.2515368960704556,0.030153689607045342,0.030153689607045342,-0.00053073792140933,0.010414055800417266,0.00249999999999978,0.0,0.004999999999999782,-0.020153689607045777,-0.020153689607045777,0.8,0.2,0.8,0.0,0.2,0.0,0.0,0.2,0.00404228532788846,0.004030737921409155,0.040307379214091554,0.020153689607045777,0.020153689607045777,1.0,1.0,1.0,1.0,0.2,0.8,1.0,0.0,0.0,1.0,0.0,0.0,1.0,0.0,0.0,0.2,0.8,0.0,1.0,0.0,1.0,1.0,0.2,1.0,1.0,0.8,0.0,0.0,0.0,1.0,1.0,1.0,1.0,0.2,0.2,1.0,1.0,1.0,1.0,0.2,0.2,10,8,0.8,0.8,1.0,0.0,0.8,0.0,1.0,0.0,1.0,0.8,0.0,1.0,0.21122951685636404,0.0,0.21122951685636404,0.021122951685636403,0.21122951685636404,1.6013889355170166,0.00404228532788846,0.00404228532788846,0.0,0.9977777777777778,1.1333333333333333,0,0,0,8,C3R,0.2,0.0,-0.00053073792140933,0.8,0.8,0.2,0.2,0.0,-0.00053073792140933
phaseflip,mixed_pauli,0.01,2,0.5,0.03,10,qiskit_aer,1,1,0.9925075000000001,0.4468359722222222,0.8,0.55,0.0,1.0,1.0,0.0,0.007442500000000063,0.004584103647388413,0.009900000000000242,0.004950000000000121,0.009900000000000242,0.0,0.0,1.0,0.7,0.8,0.0,0.0,0.0,0.0,0.2,-0.012751189607045577,0.003311465876315245,-0.010353689607045524,-0.015203689607045656,-0.010253689607045535,-0.01793993960704563,-0.020178689607045608,0.0,1.0,0.0,0.0,1.0,0.0,0.0,1.0,0.00039639311788637334,0.008856538989603022,0.0024750000000000605,-0.007690267205284151,0.008662500000000212,-0.012976189607045602,-0.015203689607045656,0.7,1.0,0.5,0.0,0.3,0.0,0.0,0.5,0.0,0.007046106882113689,0.0704610688211369,0.025653689607045525,0.030153689607045342,0.00039639311788637334,0.008856538989603022,0.0024750000000000605,-0.007690267205284151,0.008662500000000212,-0.012976189607045602,-0.015203689607045656,0.7,1.0,0.5,0.0,0.3,0.0,0.0,0.5,0.0,0.007046106882113689,0.0704610688211369,0.025653689607045525,0.030153689607045342,0.00039639311788637334,0.008856538989603022,0.0024750000000000605,-0.007690267205284151,0.008662500000000212,-0.012976189607045602,-0.015203689607045656,0.7,1.0,0.5,0.0,0.3,0.0,0.0,0.5,0.0,0.007046106882113689,0.0704610688211369,0.025653689607045525,0.030153689607045342,0.005427131039295485,0.006903902971369099,0.0074250000000001815,0.0012375000000000302,0.009900000000000242,-0.005639529283875044,-0.010253689607045535,0.9,0.8,0.7,0.0,0.1,0.0,0.0,0.3,4.332225182367674e-21,0.0020153689607045775,0.020153689607045777,0.011084529283875155,0.020153689607045777,1.0,0.3,0.3,0.3,0.1,0.2,0.3,0.7,0.0,0.3,0.7,0.0,0.3,0.7,0.0,0.1,0.9,0.0,0.3,0.0,0.3,0.3,0.1,0.3,0.3,0.2,0.0,0.0,0.0,0.3,0.3,1.0,1.0,0.3,0.1,1.0,1.0,1.0,1.0,0.3333333333333333,0.3333333333333333,3,2,0.2,0.6666666666666666,0.3,0.0,0.2,0.0,1.0,0.0,1.0,0.6666666666666666,0.0,1.0,0.05030737921409112,0.0,0.05030737921409112,0.005030737921409112,0.05030737921409112,0.15316405651491583,6.498337773551511e-21,6.498337773551511e-21,0.0,0.9812222222222222,1.08,0,0,0,2,C3R,0.1,0.0,0.005427131039295485,0.7,0.9,0.1,0.1,0.0,0.005427131039295485
phaseflip,mixed_pauli,0.01,2,0.5,0.05,10,qiskit_aer,1,1,0.9925075000000001,0.4468359722222222,0.8,0.55,0.0,1.0,1.0,0.0,0.007442500000000063,0.004584103647388413,0.009900000000000242,0.004950000000000121,0.009900000000000242,0.0,0.0,1.0,0.7,0.8,0.0,0.0,0.0,0.0,0.2,-0.012751189607045577,0.003311465876315245,-0.010353689607045524,-0.015203689607045656,-0.010253689607045535,-0.01793993960704563,-0.020178689607045608,0.0,1.0,0.0,0.0,1.0,0.0,0.0,1.0,0.00039639311788637334,0.008856538989603022,0.0024750000000000605,-0.007690267205284151,0.008662500000000212,-0.012976189607045602,-0.015203689607045656,0.7,1.0,0.5,0.0,0.3,0.0,0.0,0.5,0.0,0.007046106882113689,0.0704610688211369,0.025653689607045525,0.030153689607045342,0.00039639311788637334,0.008856538989603022,0.0024750000000000605,-0.007690267205284151,0.008662500000000212,-0.012976189607045602,-0.015203689607045656,0.7,1.0,0.5,0.0,0.3,0.0,0.0,0.5,0.0,0.007046106882113689,0.0704610688211369,0.025653689607045525,0.030153689607045342,0.00039639311788637334,0.008856538989603022,0.0024750000000000605,-0.007690267205284151,0.008662500000000212,-0.012976189607045602,-0.015203689607045656,0.7,1.0,0.5,0.0,0.3,0.0,0.0,0.5,0.0,0.007046106882113689,0.0704610688211369,0.025653689607045525,0.030153689607045342,0.007442500000000063,0.004584103647388413,0.009900000000000242,0.004950000000000121,0.009900000000000242,0.0,0.0,1.0,0.7,0.8,0.0,0.0,0.0,0.0,0.2,6.498337773551511e-21,0.0,0.0,0.0,0.0,1.0,0.3,0.3,0.3,0.0,0.3,0.3,0.7,0.0,0.3,0.7,0.0,0.3,0.7,0.0,0.0,1.0,0.0,0.3,0.0,0.3,0.3,0.0,0.3,0.3,0.3,0.0,0.0,0.0,0.3,0.3,1.0,1.0,0.1,0.0,1.0,1.0,1.0,1.0,0.0,0.0,3,3,0.3,1.0,0.3,0.0,0.3,0.0,1.0,0.0,1.0,1.0,0.0,1.0,0.0704610688211369,0.0,0.0704610688211369,0.007046106882113689,0.0704610688211369,0.1531640591934765,6.498337773551511e-21,6.498337773551511e-21,0.0,0.9872222222222222,1.1,0,0,0,3,C3R,0.0,0.0,0.007442500000000063,0.8,1.0,0.0,0.0,0.0,0.007442500000000063
phaseflip,mixed_pauli,0.01,2,0.5,0.1,10,qiskit_aer,1,1,0.9925075000000001,0.41928027777777777,0.8111111111111111,0.55,0.0,1.0,1.0,0.0,0.007442500000000063,0.004584103647388413,0.009900000000000242,0.004950000000000121,0.009900000000000242,0.0,0.0,1.0,0.6,0.8,0.0,0.0,0.0,0.0,0.2,-0.012751189607045577,0.003311465876315245,-0.010353689607045524,-0.015203689607045656,-0.010253689607045535,-0.01793993960704563,-0.020178689607045608,0.0,1.0,0.0,0.0,1.0,0.0,0.0,1.0,-0.0026189758428181607,0.010124438988840353,0.0,-0.010253689607045535,0.004950000000000121,-0.01793993960704563,-0.020178689607045608,0.6,1.0,0.4,0.0,0.4,0.0,0.0,0.6,0.0,0.010061475842818223,0.10061475842818224,0.030153689607045342,0.030153689607045342,-0.0026189758428181607,0.010124438988840353,0.0,-0.010253689607045535,0.004950000000000121,-0.01793993960704563,-0.020178689607045608,0.6,1.0,0.4,0.0,0.4,0.0,0.0,0.6,0.0,0.010061475842818223,0.10061475842818224,0.030153689607045342,0.030153689607045342,-0.0026189758428181607,0.010124438988840353,0.0,-0.010253689607045535,0.004950000000000121,-0.01793993960704563,-0.020178689607045608,0.6,1.0,0.4,0.0,0.4,0.0,0.0,0.6,0.0,0.010061475842818223,0.10061475842818224,0.030153689607045342,0.030153689607045342,0.007442500000000063,0.004584103647388413,0.009900000000000242,0.004950000000000121,0.009900000000000242,0.0,0.0,1.0,0.6,0.8,0.0,0.0,0.0,0.0,0.2,0.004647966849674839,0.0,0.0,0.0,0.0,1.0,0.4,0.4,0.4,0.0,0.4,0.4,0.6,0.0,0.4,0.6,0.0,0.4,0.6,0.0,0.0,1.0,0.0,0.4,0.0,0.4,0.4,0.0,0.4,0.4,0.4,0.0,0.0,0.0,0.4,0.4,1.0,1.0,0.1,0.0,1.0,1.0,1.0,1.0,0.0,0.0,4,4,0.4,1.0,0.4,0.0,0.4,0.0,1.0,0.0,1.0,1.0,0.0,1.0,0.10061475842818224,0.0,0.10061475842818224,0.010061475842818223,0.10061475842818224,0.38071975249717155,0.004647966849674839,0.004647966849674839,0.0,0.9933333333333333,1.15,0,0,0,4,C3R,0.0,0.0,0.007442500000000063,0.8,1.0,0.0,0.0,0.0,0.007442500000000063
phaseflip,mixed_pauli,0.01,3,0.5,0.03,10,qiskit_aer,1,1,0.9870574,0.4770552333333334,0.7777777777777778,0.5166666666666667,0.0,1.0,1.0,0.0,0.01280869999999995,0.005062660245365031,0.012276500000000135,0.009802000000000033,0.014800499999999994,0.007106449999999831,0.004900999999999711,1.0,0.7,0.5,0.0,0.0,0.0,0.0,0.5,-0.0044449896070456575,0.004260482221533207,-0.005353189607045783,-0.00544018960704562,-0.0005516896070455468,-0.010829489607045755,-0.015228689607045709,0.0,1.0,0.0,0.0,0.1,0.0,0.0,1.0,0.008722593117886224,0.008695655848371274,0.009801999999999977,0.0008114827947157677,0.014800499999999994,-0.0032197396070456352,-0.0054026896070457076,0.7,1.0,0.4,0.0,0.0,0.0,0.0,0.6,0.0,0.004086106882113727,0.04086106882113727,0.015743689607045752,0.020153689607045777,0.008722593117886224,0.008695655848371274,0.009801999999999977,0.0008114827947157677,0.014800499999999994,-0.0032197396070456352,-0.0054026896070457076,0.7,1.0,0.4,0.0,0.0,0.0,0.0,0.6,0.0,0.004086106882113727,0.04086106882113727,0.015743689607045752,0.020153689607045777,0.008722593117886224,0.008695655848371274,0.009801999999999977,0.0008114827947157677,0.014800499999999994,-0.0032197396070456352,-0.0054026896070457076,0.7,1.0,0.4,0.0,0.0,0.0,0.0,0.6,0.0,0.004086106882113727,0.04086106882113727,0.015743689607045752,0.020153689607045777,0.0107379620785908,0.0074319934293060165,0.012276500000000024,0.006126249999999778,0.014800499999999994,-0.0005516896070455468,-0.0005516896070455468,0.8,0.9,0.5,0.0,0.0,0.0,0.0,0.5,2.166112591183837e-21,0.002070737921409149,0.020707379214091493,0.010353689607045746,0.010353689607045746,1.0,0.3,0.3,0.3,0.2,0.1,0.3,0.7,0.0,0.3,0.7,0.0,0.3,0.7,0.0,0.2,0.8,0.0,0.3,0.0,0.3,0.3,0.2,0.3,0.3,0.1,0.0,0.0,0.0,0.3,0.3,1.0,1.0,0.5,0.2,1.0,1.0,1.0,1.0,0.6666666666666666,0.6666666666666666,3,1,0.1,0.3333333333333333,0.3,0.0,0.1,0.0,1.0,0.0,1.0,0.3333333333333333,0.0,1.0,0.020153689607045777,0.0,0.020153689607045777,0.0020153689607045775,0.020153689607045777,0.12294478803308907,6.498337773551511e-21,6.498337773551511e-21,0.0,0.9705555555555556,1.0466666666666666,0,0,0,1,C3R,0.0,0.0,0.0107379620785908,0.5,0.8,0.2,0.0,0.0,0.0107379620785908
phaseflip,mixed_pauli,0.01,3,0.5,0.05,10,qiskit_aer,1,1,0.9870574,0.4770552333333334,0.7777777777777778,0.5166666666666667,0.0,1.0,1.0,0.0,0.01280869999999995,0.005062660245365031,0.012276500000000135,0.009802000000000033,0.014800499999999994,0.007106449999999831,0.004900999999999711,1.0,0.7,0.5,0.0,0.0,0.0,0.0,0.5,-0.0044449896070456575,0.004260482221533207,-0.005353189607045783,-0.00544018960704562,-0.0005516896070455468,-0.010829489607045755,-0.015228689607045709,0.0,1.0,0.0,0.0,0.1,0.0,0.0,1.0,0.008722593117886224,0.008695655848371274,0.009801999999999977,0.0008114827947157677,0.014800499999999994,-0.0032197396070456352,-0.0054026896070457076,0.7,1.0,0.4,0.0,0.0,0.0,0.0,0.6,0.0,0.004086106882113727,0.04086106882113727,0.015743689607045752,0.020153689607045777,0.008722593117886224,0.008695655848371274,0.009801999999999977,0.0008114827947157677,0.014800499999999994,-0.0032197396070456352,-0.0054026896070457076,0.7,1.0,0.4,0.0,0.0,0.0,0.0,0.6,0.0,0.004086106882113727,0.04086106882113727,0.015743689607045752,0.020153689607045777,0.008722593117886224,0.008695655848371274,0.009801999999999977,0.0008114827947157677,0.014800499999999994,-0.0032197396070456352,-0.0054026896070457076,0.7,1.0,0.4,0.0,0.0,0.0,0.0,0.6,0.0,0.004086106882113727,0.04086106882113727,0.015743689607045752,0.020153689607045777,0.01280869999999995,0.005062660245365031,0.012276500000000135,0.009802000000000033,0.014800499999999994,0.007106449999999831,0.004900999999999711,1.0,0.7,0.5,0.0,0.0,0.0,0.0,0.5,5.26574260914368e-21,0.0,0.0,0.0,0.0,1.0,0.3,0.3,0.3,0.0,0.3,0.3,0.7,0.0,0.3,0.7,0.0,0.3,0.7,0.0,0.0,1.0,0.0,0.3,0.0,0.3,0.3,0.0,0.3,0.3,0.3,0.0,0.0,0.0,0.3,0.3,1.0,1.0,0.2,0.0,1.0,1.0,1.0,1.0,0.0,0.0,3,3,0.3,1.0,0.3,0.0,0.3,0.0,1.0,0.0,1.0,1.0,0.0,1.0,0.04086106882113727,0.0,0.04086106882113727,0.004086106882113727,0.04086106882113727,0.12294478998394119,5.26574260914368e-21,5.26574260914368e-21,0.0,0.9805555555555556,1.0666666666666667,0,0,0,3,C3R,0.0,0.0,0.01280869999999995,0.5,1.0,0.0,0.0,0.0,0.01280869999999995
phaseflip,mixed_pauli,0.01,3,0.5,0.1,10,qiskit_aer,1,1,0.9870574,0.4440548166666667,0.7999999999999999,0.5166666666666667,0.0,1.0,1.0,0.0,0.01280869999999995,0.005062660245365031,0.012276500000000135,0.009802000000000033,0.014800499999999994,0.007106449999999831,0.004900999999999711,1.0,0.7,0.5,0.0,0.0,0.0,0.0,0.5,-0.0044449896070456575,0.004260482221533207,-0.005353189607045783,-0.00544018960704562,-0.0005516896070455468,-0.010829489607045755,-0.015228689607045709,0.0,1.0,0.0,0.0,0.1,0.0,0.0,1.0,0.008722593117886224,0.008695655848371274,0.009801999999999977,0.0008114827947157677,0.014800499999999994,-0.0032197396070456352,-0.0054026896070457076,0.7,1.0,0.4,0.0,0.0,0.0,0.0,0.6,0.0,0.004086106882113727,0.04086106882113727,0.015743689607045752,0.020153689607045777,0.008722593117886224,0.008695655848371274,0.009801999999999977,0.0008114827947157677,0.014800499999999994,-0.0032197396070456352,-0.0054026896070457076,0.7,1.0,0.4,0.0,0.0,0.0,0.0,0.6,0.0,0.004086106882113727,0.04086106882113727,0.015743689607045752,0.020153689607045777,0.008722593117886224,0.008695655848371274,0.009801999999999977,0.0008114827947157677,0.014800499999999994,-0.0032197396070456352,-0.0054026896070457076,0.7,1.0,0.4,0.0,0.0,0.0,0.0,0.6,0.0,0.004086106882113727,0.04086106882113727,0.015743689607045752,0.020153689607045777,0.01280869999999995,0.005062660245365031,0.012276500000000135,0.009802000000000033,0.014800499999999994,0.007106449999999831,0.004900999999999711,1.0,0.7,0.5,0.0,0.0,0.0,0.0,0.5,6.498337773551511e-21,0.0,0.0,0.0,0.0,1.0,0.3,0.3,0.3,0.0,0.3,0.3,0.7,0.0,0.3,0.7,0.0,0.3,0.7,0.0,0.0,1.0,0.0,0.3,0.0,0.3,0.3,0.0,0.3,0.3,0.3,0.0,0.0,0.0,0.3,0.3,1.0,1.0,0.2,0.0,1.0,1.0,1.0,1.0,0.0,0.0,3,3,0.3,1.0,0.3,0.0,0.3,0.0,1.0,0.0,1.0,1.0,0.0,1.0,0.04086106882113727,0.0,0.04086106882113727,0.004086106882113727,0.04086106882113727,0.15594520456143318,6.498337773551511e-21,6.498337773551511e-21,0.0,0.9922222222222222,1.1166666666666665,0,0,0,3,C3R,0.0,0.0,0.01280869999999995,0.5,1.0,0.0,0.0,0.0,0.01280869999999995
phaseflip,mixed_pauli,0.01,4,0.5,0.03,10,qiskit_aer,1,1,0.982649401,0.4527677781666667,0.7777777777777778,0.5333333333333333,0.0,1.0,1.0,0.0,0.017094557999999916,0.005907666023340838,0.014714869999999936,0.014653989999999784,0.019481474999999998,0.00972712349999994,0.009705960000000013,1.0,0.9,0.3,0.0,0.0,0.0,0.0,0.7,0.0037612683929543313,0.004553711682236412,0.004300300392954259,0.000600047892954314,0.007792277892954391,-0.0032614816070456907,-0.00537793960704569,0.7,1.0,0.0,0.0,0.0,0.0,0.0,1.0,0.01605918903929534,0.006305392022514189,0.014653989999999895,0.010978239999999834,0.01832342249999991,0.009347530716124968,0.009054270392954478,1.0,1.0,0.3,0.0,0.0,0.0,0.0,0.7,0.0,0.0010353689607045745,0.010353689607045746,0.005694529283875149,0.010353689607045746,0.01605918903929534,0.006305392022514189,0.014653989999999895,0.010978239999999834,0.01832342249999991,0.009347530716124968,0.009054270392954478,1.0,1.0,0.3,0.0,0.0,0.0,0.0,0.7,0.0,0.0010353689607045745,0.010353689607045746,0.005694529283875149,0.010353689607045746,0.01605918903929534,0.006305392022514189,0.014653989999999895,0.010978239999999834,0.01832342249999991,0.009347530716124968,0.009054270392954478,1.0,1.0,0.3,0.0,0.0,0.0,0.0,0.7,0.0,0.0010353689607045745,0.010353689607045746,0.005694529283875149,0.010353689607045746,0.017094557999999916,0.005907666023340838,0.014714869999999936,0.014653989999999784,0.019481474999999998,0.00972712349999994,0.009705960000000013,1.0,0.9,0.3,0.0,0.0,0.0,0.0,0.7,2.166112591183837e-21,0.0,0.0,0.0,0.0,0.9,0.1,0.1,0.1,0.0,0.1,0.1,0.9,0.0,0.1,0.9,0.0,0.1,0.9,0.0,0.0,1.0,0.0,0.1,0.0,0.1,0.1,0.0,0.1,0.1,0.1,0.0,0.0,0.0,0.1,0.1,1.0,1.0,0.3,0.0,1.0,1.0,1.0,1.0,0.0,0.0,1,1,0.1,1.0,0.1,0.0,0.1,0.0,1.0,0.0,1.0,1.0,0.0,1.0,0.010353689607045746,0.0,0.010353689607045746,0.0010353689607045745,0.010353689607045746,-0.252767762042753,2.166112591183837e-21,2.166112591183837e-21,0.0,0.959,1.0633333333333332,0,0,0,1,C3R,0.0,0.0,0.017094557999999916,0.3,1.0,0.0,0.0,0.0,0.017094557999999916
phaseflip,mixed_pauli,0.01,4,0.5,0.05,10,qiskit_aer,1,1,0.982649401,0.4527677781666667,0.7777777777777778,0.5333333333333333,0.0,1.0,1.0,0.0,0.017094557999999937,0.005907666023340829,0.014714870000000047,0.014653989999999784,0.019481474999999998,0.00972712349999994,0.009705960000000013,1.0,0.8,0.3,0.0,0.0,0.0,0.0,0.7,0.0037612683929543313,0.004553711682236412,0.004300300392954259,0.000600047892954314,0.007792277892954391,-0.0032614816070456907,-0.00537793960704569,0.7,1.0,0.0,0.0,0.0,0.0,0.0,1.0,0.015023820078590789,0.007232957034193993,0.014653989999999784,0.009717717499999973,0.018323422499999964,0.006439586892954358,0.004300300392954259,1.0,1.0,0.3,0.0,0.0,0.0,0.0,0.7,0.0,0.002070737921409149,0.020707379214091493,0.010353689607045746,0.010353689607045746,0.015023820078590789,0.007232957034193993,0.014653989999999784,0.009717717499999973,0.018323422499999964,0.006439586892954358,0.004300300392954259,1.0,1.0,0.3,0.0,0.0,0.0,0.0,0.7,0.0,0.002070737921409149,0.020707379214091493,0.010353689607045746,0.010353689607045746,0.015023820078590789,0.007232957034193993,0.014653989999999784,0.009717717499999973,0.018323422499999964,0.006439586892954358,0.004300300392954259,1.0,1.0,0.3,0.0,0.0,0.0,0.0,0.7,0.0,0.002070737921409149,0.020707379214091493,0.010353689607045746,0.010353689607045746,0.017094557999999937,0.005907666023340829,0.014714870000000047,0.014653989999999784,0.019481474999999998,0.00972712349999994,0.009705960000000013,1.0,0.8,0.3,0.0,0.0,0.0,0.0,0.7,3.099630017959843e-21,0.0,0.0,0.0,0.0,0.9,0.2,0.2,0.2,0.0,0.2,0.2,0.8,0.0,0.2,0.8,0.0,0.2,0.8,0.0,0.0,1.0,0.0,0.2,0.0,0.2,0.2,0.0,0.2,0.2,0.2,0.0,0.0,0.0,0.2,0.2,1.0,1.0,0.3,0.0,1.0,1.0,1.0,1.0,0.0,0.0,2,2,0.2,1.0,0.2,0.0,0.2,0.0,1.0,0.0,1.0,1.0,0.0,1.0,0.020707379214091493,0.0,0.020707379214091493,0.002070737921409149,0.020707379214091493,-0.052767761875114935,3.099630017959843e-21,3.099630017959843e-21,0.0,0.965,1.0833333333333333,0,0,0,2,C3R,0.0,0.0,0.017094557999999937,0.3,1.0,0.0,0.0,0.0,0.017094557999999937
phaseflip,mixed_pauli,0.01,4,0.5,0.1,10,qiskit_aer,1,1,0.982649401,0.43095847261111114,0.7888888888888889,0.5333333333333333,0.0,1.0,1.0,0.0,0.017094557999999916,0.005907666023340838,0.014714869999999936,0.014653989999999784,0.019481474999999998,0.00972712349999994,0.009705960000000013,1.0,0.9,0.3,0.0,0.0,0.0,0.0,0.7,0.0037612683929543313,0.004553711682236412,0.004300300392954259,0.000600047892954314,0.007792277892954391,-0.0032614816070456907,-0.00537793960704569,0.7,1.0,0.0,0.0,0.0,0.0,0.0,1.0,0.01605918903929534,0.006305392022514189,0.014653989999999895,0.010978239999999834,0.01832342249999991,0.009347530716124968,0.009054270392954478,1.0,1.0,0.3,0.0,0.0,0.0,0.0,0.7,0.0,0.0010353689607045745,0.010353689607045746,0.005694529283875149,0.010353689607045746,0.01605918903929534,0.006305392022514189,0.014653989999999895,0.010978239999999834,0.01832342249999991,0.009347530716124968,0.009054270392954478,1.0,1.0,0.3,0.0,0.0,0.0,0.0,0.7,0.0,0.0010353689607045745,0.010353689607045746,0.005694529283875149,0.010353689607045746,0.01605918903929534,0.006305392022514189,0.014653989999999895,0.010978239999999834,0.01832342249999991,0.009347530716124968,0.009054270392954478,1.0,1.0,0.3,0.0,0.0,0.0,0.0,0.7,0.0,0.0010353689607045745,0.010353689607045746,0.005694529283875149,0.010353689607045746,0.017094557999999916,0.005907666023340838,0.014714869999999936,0.014653989999999784,0.019481474999999998,0.00972712349999994,0.009705960000000013,1.0,0.9,0.3,0.0,0.0,0.0,0.0,0.7,2.166112591183837e-21,0.0,0.0,0.0,0.0,0.9,0.1,0.1,0.1,0.0,0.1,0.1,0.9,0.0,0.1,0.9,0.0,0.1,0.9,0.0,0.0,1.0,0.0,0.1,0.0,0.1,0.1,0.0,0.1,0.1,0.1,0.0,0.0,0.0,0.1,0.1,1.0,1.0,0.3,0.0,1.0,1.0,1.0,1.0,0.0,0.0,1,1,0.1,1.0,0.1,0.0,0.1,0.0,1.0,0.0,1.0,1.0,0.0,1.0,0.010353689607045746,0.0,0.010353689607045746,0.0010353689607045745,0.010353689607045746,-0.2309584574808504,2.166112591183837e-21,2.166112591183837e-21,0.0,0.98,1.1333333333333333,0,0,0,1,C3R,0.0,0.0,0.017094557999999916,0.3,1.0,0.0,0.0,0.0,0.017094557999999916
phaseflip,mixed_pauli,0.03,1,0.5,0.03,10,qiskit_aer,1,1,0.9895,0.4514722222222222,0.8222222222222222,0.5333333333333333,0.0,1.0,1.0,0.0,0.010499999999999898,0.011715374513859893,0.007499999999999896,0.0,0.014999999999999791,0.0,0.0,1.0,0.3,0.5,0.0,0.0,0.0,0.0,0.5,-0.004653689607045541,0.006873863542433766,-0.00015368960704553736,-0.011403689607045547,-0.00015368960704553736,-0.01515368960704555,-0.01515368960704555,0.0,1.0,0.0,0.0,0.3,0.0,0.0,1.0,0.004392417275068061,0.006944292968215083,-0.00015368960704553736,-0.00015368960704553736,0.011211577598238459,-0.00015368960704553736,-0.00015368960704553736,0.3,1.0,0.3,0.0,0.0,0.0,0.0,0.7,0.0,0.006107582724931837,0.06107582724931837,0.030153689607045342,0.030153689607045342,0.004392417275068061,0.006944292968215083,-0.00015368960704553736,-0.00015368960704553736,0.011211577598238459,-0.00015368960704553736,-0.00015368960704553736,0.3,1.0,0.3,0.0,0.0,0.0,0.0,0.7,0.0,0.006107582724931837,0.06107582724931837,0.030153689607045342,0.030153689607045342,0.004392417275068061,0.006944292968215083,-0.00015368960704553736,-0.00015368960704553736,0.011211577598238459,-0.00015368960704553736,-0.00015368960704553736,0.3,1.0,0.3,0.0,0.0,0.0,0.0,0.7,0.0,0.006107582724931837,0.06107582724931837,0.030153689607045342,0.030153689607045342,0.01046926207859079,0.01174305222797035,0.007499999999999896,0.0,0.014999999999999791,-0.00015368960704553736,-0.00015368960704553736,0.8,0.5,0.5,0.0,0.0,0.0,0.0,0.5,0.018171827806813496,3.0737921409107474e-05,0.0003073792140910747,0.00015368960704553736,0.00015368960704553736,1.0,0.7,0.7,0.7,0.2,0.5,0.7,0.3,0.0,0.7,0.3,0.0,0.7,0.3,0.0,0.2,0.8,0.0,0.7,0.0,0.7,0.7,0.2,0.7,0.7,0.5,0.0,0.0,0.0,0.7,0.7,1.0,1.0,0.2,0.2,1.0,1.0,1.0,1.0,0.2857142857142857,0.2857142857142857,7,5,0.5,0.7142857142857143,0.2,0.0,0.2,0.0,0.4,0.0,0.4,1.0,0.0,1.0,0.060768448035227296,0.0,0.060768448035227296,0.00607684480352273,0.060768448035227296,0.9485278037192059,0.018171827806813496,0.018171827806813496,0.0,0.9837777777777778,1.0633333333333335,0,0,0,5,C3R,0.0,0.0,0.01046926207859079,0.5,0.8,0.2,0.0,0.0,0.01046926207859079
phaseflip,mixed_pauli,0.03,1,0.5,0.05,10,qiskit_aer,1,1,0.9895,0.4459166666666667,0.8222222222222222,0.5333333333333333,0.0,1.0,1.0,0.0,0.010499999999999898,0.011715374513859893,0.007499999999999896,0.0,0.014999999999999791,0.0,0.0,1.0,0.3,0.5,0.0,0.0,0.0,0.0,0.5,-0.004653689607045541,0.006873863542433766,-0.00015368960704553736,-0.011403689607045547,-0.00015368960704553736,-0.01515368960704555,-0.01515368960704555,0.0,1.0,0.0,0.0,0.3,0.0,0.0,1.0,0.004392417275068061,0.011776428730711937,-0.00015368960704553736,-0.00015368960704553736,0.011211577598238459,-0.008403689607045545,-0.01515368960704555,0.3,1.0,0.3,0.0,0.1,0.0,0.0,0.7,0.0,0.006107582724931837,0.06107582724931837,0.030153689607045342,0.030153689607045342,0.004392417275068061,0.011776428730711937,-0.00015368960704553736,-0.00015368960704553736,0.011211577598238459,-0.008403689607045545,-0.01515368960704555,0.3,1.0,0.3,0.0,0.1,0.0,0.0,0.7,0.0,0.006107582724931837,0.06107582724931837,0.030153689607045342,0.030153689607045342,0.004392417275068061,0.011776428730711937,-0.00015368960704553736,-0.00015368960704553736,0.011211577598238459,-0.008403689607045545,-0.01515368960704555,0.3,1.0,0.3,0.0,0.1,0.0,0.0,0.7,0.0,0.006107582724931837,0.06107582724931837,0.030153689607045342,0.030153689607045342,0.01046926207859079,0.01174305222797035,0.007499999999999896,0.0,0.014999999999999791,-0.00015368960704553736,-0.00015368960704553736,0.8,0.5,0.5,0.0,0.0,0.0,0.0,0.5,0.018171827806813496,3.0737921409107474e-05,0.0003073792140910747,0.00015368960704553736,0.00015368960704553736,1.0,0.7,0.7,0.7,0.2,0.5,0.7,0.3,0.0,0.7,0.3,0.0,0.7,0.3,0.0,0.2,0.8,0.0,0.7,0.0,0.7,0.7,0.2,0.7,0.7,0.5,0.0,0.0,0.0,0.7,0.7,1.0,1.0,0.2,0.2,1.0,1.0,1.0,1.0,0.2857142857142857,0.2857142857142857,7,5,0.5,0.7142857142857143,0.2,0.0,0.2,0.0,0.4,0.0,0.4,1.0,0.0,1.0,0.060768448035227296,0.0,0.060768448035227296,0.00607684480352273,0.060768448035227296,0.9540833603385216,0.018171827806813496,0.018171827806813496,0.0,0.9877777777777778,1.0833333333333335,0,0,0,5,C3R,0.0,0.0,0.01046926207859079,0.5,0.8,0.2,0.0,0.0,0.01046926207859079
phaseflip,mixed_pauli,0.03,1,0.5,0.1,10,qiskit_aer,1,1,0.9895,0.3850555555555556,0.8666666666666667,0.5333333333333333,0.0,1.0,1.0,0.0,0.010499999999999898,0.011715374513859893,0.007499999999999896,0.0,0.014999999999999791,0.0,0.0,1.0,0.3,0.5,0.0,0.0,0.0,0.0,0.5,-0.004653689607045541,0.006873863542433766,-0.00015368960704553736,-0.011403689607045547,-0.00015368960704553736,-0.01515368960704555,-0.01515368960704555,0.0,1.0,0.0,0.0,0.3,0.0,0.0,1.0,0.004392417275068061,0.011776428730711937,-0.00015368960704553736,-0.00015368960704553736,0.011211577598238459,-0.008403689607045545,-0.01515368960704555,0.3,1.0,0.3,0.0,0.1,0.0,0.0,0.7,0.0,0.006107582724931837,0.06107582724931837,0.030153689607045342,0.030153689607045342,0.004392417275068061,0.011776428730711937,-0.00015368960704553736,-0.00015368960704553736,0.011211577598238459,-0.008403689607045545,-0.01515368960704555,0.3,1.0,0.3,0.0,0.1,0.0,0.0,0.7,0.0,0.006107582724931837,0.06107582724931837,0.030153689607045342,0.030153689607045342,0.004392417275068061,0.011776428730711937,-0.00015368960704553736,-0.00015368960704553736,0.011211577598238459,-0.008403689607045545,-0.01515368960704555,0.3,1.0,0.3,0.0,0.1,0.0,0.0,0.7,0.0,0.006107582724931837,0.06107582724931837,0.030153689607045342,0.030153689607045342,0.01046926207859079,0.01174305222797035,0.007499999999999896,0.0,0.014999999999999791,-0.00015368960704553736,-0.00015368960704553736,0.8,0.5,0.5,0.0,0.0,0.0,0.0,0.5,0.0349962271709975,3.0737921409107474e-05,0.0003073792140910747,0.00015368960704553736,0.00015368960704553736,1.0,0.7,0.7,0.7,0.2,0.5,0.7,0.3,0.0,0.7,0.3,0.0,0.7,0.3,0.0,0.2,0.8,0.0,0.7,0.0,0.7,0.7,0.2,0.7,0.7,0.5,0.0,0.0,0.0,0.7,0.7,1.0,1.0,0.2,0.2,1.0,1.0,1.0,1.0,0.2857142857142857,0.2857142857142857,7,5,0.5,0.7142857142857143,0.2,0.0,0.2,0.0,0.4,0.0,0.4,1.0,0.0,1.0,0.060768448035227296,0.0,0.060768448035227296,0.00607684480352273,0.060768448035227296,1.0149444716318472,0.0349962271709975,0.0349962271709975,0.0,0.9977777777777778,1.1333333333333333,0,0,0,5,C3R,0.0,0.0,0.01046926207859079,0.5,0.8,0.2,0.0,0.0,0.01046926207859079
phaseflip,mixed_pauli,0.03,2,0.5,0.03,10,qiskit_aer,1,1,0.9775675,0.4297459722222222,0.8,0.55,0.0,1.0,1.0,0.0,0.02198249999999994,0.013599981847414221,0.029100000000000015,0.01454999999999984,0.029100000000000015,2.220446049250313e-16,2.220446049250313e-16,1.0,0.4,0.2,0.0,0.0,0.0,0.0,0.8,0.021468810392954396,0.009682732375213202,0.028046310392954465,0.014396310392954303,0.028946310392954477,0.0062700603929542525,-0.00037868960704579013,0.9,1.0,0.0,0.0,0.0,0.0,0.0,1.0,0.02453028623577259,0.006618157045716097,0.02849631039295447,0.017924077598238497,0.02906157759823863,0.014396310392954303,0.014396310392954303,1.0,1.0,0.1,0.0,0.0,0.0,0.0,0.9,0.0,0.0030614758428181956,0.030614758428181954,0.0166536896070454,0.030153689607045342,0.02453028623577259,0.006618157045716097,0.02849631039295447,0.017924077598238497,0.02906157759823863,0.014396310392954303,0.014396310392954303,1.0,1.0,0.1,0.0,0.0,0.0,0.0,0.9,0.0,0.0030614758428181956,0.030614758428181954,0.0166536896070454,0.030153689607045342,0.02453028623577259,0.006618157045716097,0.02849631039295447,0.017924077598238497,0.02906157759823863,0.014396310392954303,0.014396310392954303,1.0,1.0,0.1,0.0,0.0,0.0,0.0,0.9,0.0,0.0030614758428181956,0.030614758428181954,0.0166536896070454,0.030153689607045342,0.024756393117886254,0.011516656580276128,0.029023155196477246,0.017924077598238497,0.029100000000000015,0.006478339676829559,2.220446049250313e-16,1.0,0.7,0.2,0.0,0.0,0.0,0.0,0.8,3.621977054518878e-20,0.002835368960704532,0.028353689607045318,0.015494631039295296,0.028046310392954243,0.7,0.6,0.6,0.6,0.3,0.3,0.6,0.5,1.0,0.6,0.5,1.0,0.6,0.5,1.0,0.3,0.75,0.5,0.6,0.0,0.6,0.6,0.3,0.6,0.6,0.3,0.0,0.0,0.0,0.6,0.6,1.0,1.0,0.3,0.3,1.0,1.0,1.0,1.0,0.5,0.5,6,3,0.3,0.5,0.1,0.2,0.1,0.1,0.3333333333333333,0.3333333333333333,0.3333333333333333,1.0,0.5,0.5,0.03030737921409088,0.028046310392954243,0.002261068821136636,0.0002261068821136636,0.002261068821136636,0.7702540465219582,7.243954109037755e-20,7.243954109037755e-20,0.0,0.9812222222222222,1.08,0,0,0,3,C3R,0.0,0.0,0.024756393117886254,0.2,1.0,0.3,0.0,0.0,0.024756393117886254
phaseflip,mixed_pauli,0.03,2,0.5,0.05,10,qiskit_aer,1,1,0.9775675,0.4297459722222222,0.8,0.55,0.0,1.0,1.0,0.0,0.02198249999999994,0.013599981847414221,0.029100000000000015,0.01454999999999984,0.029100000000000015,2.220446049250313e-16,2.220446049250313e-16,1.0,0.4,0.2,0.0,0.0,0.0,0.0,0.8,0.021468810392954396,0.009682732375213202,0.028046310392954465,0.014396310392954303,0.028946310392954477,0.0062700603929542525,-0.00037868960704579013,0.9,1.0,0.0,0.0,0.0,0.0,0.0,1.0,0.02453028623577259,0.006618157045716097,0.02849631039295447,0.017924077598238497,0.02906157759823863,0.014396310392954303,0.014396310392954303,1.0,1.0,0.1,0.0,0.0,0.0,0.0,0.9,0.0,0.0030614758428181956,0.030614758428181954,0.0166536896070454,0.030153689607045342,0.02453028623577259,0.006618157045716097,0.02849631039295447,0.017924077598238497,0.02906157759823863,0.014396310392954303,0.014396310392954303,1.0,1.0,0.1,0.0,0.0,0.0,0.0,0.9,0.0,0.0030614758428181956,0.030614758428181954,0.0166536896070454,0.030153689607045342,0.02453028623577259,0.006618157045716097,0.02849631039295447,0.017924077598238497,0.02906157759823863,0.014396310392954303,0.014396310392954303,1.0,1.0,0.1,0.0,0.0,0.0,0.0,0.9,0.0,0.0030614758428181956,0.030614758428181954,0.0166536896070454,0.030153689607045342,0.021967131039295384,0.01360845662429975,0.029100000000000015,0.014434732794715688,0.029100000000000015,2.220446049250313e-16,2.220446049250313e-16,1.0,0.5,0.2,0.0,0.0,0.0,0.0,0.8,7.027342849919372e-20,0.005624631039295403,0.056246310392954024,0.028046310392954243,0.028046310392954243,0.7,0.6,0.6,0.6,0.1,0.5,0.6,0.5,1.0,0.6,0.5,1.0,0.6,0.5,1.0,0.1,0.875,0.0,0.6,0.0,0.6,0.6,0.1,0.6,0.6,0.5,0.0,0.0,0.0,0.6,0.6,1.0,1.0,0.1,0.1,1.0,1.0,1.0,1.0,0.16666666666666666,0.16666666666666666,6,5,0.5,0.8333333333333334,0.1,0.2,0.1,0.2,0.2,0.4,0.2,1.0,1.0,0.0,0.030461068821136417,0.05609262078590849,-0.02563155196477207,-0.002563155196477207,-0.02563155196477207,0.7702540463778987,7.243954109037755e-20,7.243954109037755e-20,0.0,0.9872222222222222,1.1,0,0,0,5,C3R,0.0,0.0,0.021967131039295384,0.2,1.0,0.1,0.0,0.0,0.02453028623577259
phaseflip,mixed_pauli,0.03,2,0.5,0.1,10,qiskit_aer,1,1,0.9775675,0.4026336111111111,0.8111111111111111,0.55,0.0,1.0,1.0,0.0,0.02198249999999994,0.013599981847414221,0.029100000000000015,0.01454999999999984,0.029100000000000015,2.220446049250313e-16,2.220446049250313e-16,1.0,0.3,0.2,0.0,0.0,0.0,0.0,0.8,0.021468810392954396,0.009682732375213202,0.028046310392954465,0.014396310392954303,0.028946310392954477,0.0062700603929542525,-0.00037868960704579013,0.9,1.0,0.0,0.0,0.0,0.0,0.0,1.0,0.021514917275068057,0.009695491644033584,0.028046310392954465,0.014434732794715688,0.028946310392954477,0.0062700603929542525,-0.00037868960704579013,0.9,1.0,0.0,0.0,0.0,0.0,0.0,1.0,0.0,0.00607684480352273,0.060768448035227296,0.030153689607045342,0.030153689607045342,0.021514917275068057,0.009695491644033584,0.028046310392954465,0.014434732794715688,0.028946310392954477,0.0062700603929542525,-0.00037868960704579013,0.9,1.0,0.0,0.0,0.0,0.0,0.0,1.0,0.0,0.00607684480352273,0.060768448035227296,0.030153689607045342,0.030153689607045342,0.021514917275068057,0.009695491644033584,0.028046310392954465,0.014434732794715688,0.028946310392954477,0.0062700603929542525,-0.00037868960704579013,0.9,1.0,0.0,0.0,0.0,0.0,0.0,1.0,0.0,0.00607684480352273,0.060768448035227296,0.030153689607045342,0.030153689607045342,0.021967131039295384,0.01360845662429975,0.029100000000000015,0.014434732794715688,0.029100000000000015,2.220446049250313e-16,2.220446049250313e-16,1.0,0.4,0.2,0.0,0.0,0.0,0.0,0.8,6.997435076156189e-20,0.005624631039295403,0.056246310392954024,0.028046310392954243,0.028046310392954243,0.7,0.7,0.7,0.7,0.1,0.6,0.7,0.375,1.0,0.7,0.375,1.0,0.7,0.375,1.0,0.1,0.875,0.0,0.7,0.0,0.7,0.7,0.1,0.7,0.7,0.6,0.0,0.0,0.0,0.7,0.7,1.0,1.0,0.1,0.1,1.0,1.0,1.0,1.0,0.14285714285714285,0.14285714285714285,7,6,0.6,0.8571428571428571,0.2,0.2,0.2,0.2,0.3333333333333333,0.3333333333333333,0.3333333333333333,1.0,1.0,0.0,0.06061475842818176,0.05609262078590849,0.004522137642273272,0.0004522137642273272,0.004522137642273272,0.9973664074512752,7.214046335274573e-20,7.214046335274573e-20,0.0,0.9933333333333333,1.15,0,0,0,6,C3R,0.0,0.0,0.021967131039295384,0.2,1.0,0.1,0.0,0.0,0.021967131039295384
phaseflip,mixed_pauli,0.03,3,0.5,0.03,10,qiskit_aer,1,1,0.9615148000000001,0.4540468555555556,0.7777777777777778,0.5166666666666667,0.0,1.0,1.0,0.0,0.03729990000000012,0.014968253874116252,0.0355155000000002,0.028254000000000223,0.04321350000000024,0.02048415000000022,0.014127000000000223,1.0,0.6,0.2,0.0,0.0,0.0,0.0,0.8,0.04524621039295444,0.012205521866761831,0.04305981039295448,0.042285810392954454,0.05630031039295447,0.02677221039295436,0.014171310392954273,1.0,1.0,0.0,0.0,0.0,0.0,0.0,1.0,0.042878424157181814,0.015761368835971762,0.04313665519647736,0.03184632759823877,0.053306482794715754,0.02048415000000022,0.014127000000000223,1.0,1.0,0.2,0.0,0.0,0.0,0.0,0.8,0.0,0.008444631039295426,0.08444631039295425,0.028046310392954243,0.028046310392954243,0.042878424157181814,0.015761368835971762,0.04313665519647736,0.03184632759823877,0.053306482794715754,0.02048415000000022,0.014127000000000223,1.0,1.0,0.2,0.0,0.0,0.0,0.0,0.8,0.0,0.008444631039295426,0.08444631039295425,0.028046310392954243,0.028046310392954243,0.042878424157181814,0.015761368835971762,0.04313665519647736,0.03184632759823877,0.053306482794715754,0.02048415000000022,0.014127000000000223,1.0,1.0,0.2,0.0,0.0,0.0,0.0,0.8,0.0,0.008444631039295426,0.08444631039295425,0.028046310392954243,0.028046310392954243,0.042893793117886395,0.01576118751113903,0.04313665519647736,0.03188475000000021,0.053306482794715754,0.02048415000000022,0.014127000000000223,1.0,0.9,0.2,0.0,0.0,0.0,0.0,0.8,0.028158761385438224,0.008429262078590849,0.08429262078590849,0.028046310392954243,0.028046310392954243,0.9,0.4,0.4,0.4,0.3,0.1,0.4,0.6,0.4,0.4,0.6,0.4,0.4,0.6,0.4,0.3,0.8,0.4,0.4,0.0,0.4,0.4,0.3,0.4,0.4,0.1,0.0,0.0,0.0,0.4,0.4,1.0,1.0,0.5,0.3,1.0,1.0,1.0,1.0,0.75,0.75,4,1,0.1,0.25,0.0,0.2,0.0,0.0,0.0,0.0,0.0,0.0,0.0,1.0,0.0001536896070457594,0.0,0.0001536896070457594,1.536896070457594e-05,0.0001536896070457594,0.345953148975067,0.028158761385438224,0.028158761385438224,0.0,0.9705555555555556,1.0466666666666666,0,0,0,1,C3R,0.0,0.0,0.042893793117886395,0.2,1.0,0.3,0.0,0.0,0.042893793117886395
phaseflip,mixed_pauli,0.03,3,0.5,0.05,10,qiskit_aer,1,1,0.9615148000000001,0.4540468555555556,0.7777777777777778,0.5166666666666667,0.0,1.0,1.0,0.0,0.03729990000000012,0.014968253874116252,0.0355155000000002,0.028254000000000223,0.04321350000000024,0.02048415000000022,0.014127000000000223,1.0,0.4,0.2,0.0,0.0,0.0,0.0,0.8,0.04524621039295444,0.012205521866761831,0.04305981039295448,0.042285810392954454,0.05630031039295447,0.02677221039295436,0.014171310392954273,1.0,1.0,0.0,0.0,0.0,0.0,0.0,1.0,0.03984768623577271,0.012351327636125332,0.04284156039295445,0.031733827598238784,0.04400870259823833,0.02048415000000022,0.014127000000000223,1.0,1.0,0.1,0.0,0.0,0.0,0.0,0.9,0.0,0.011475368960704535,0.11475368960704535,0.029205368960704345,0.030153689607045342,0.03984768623577271,0.012351327636125332,0.04284156039295445,0.031733827598238784,0.04400870259823833,0.02048415000000022,0.014127000000000223,1.0,1.0,0.1,0.0,0.0,0.0,0.0,0.9,0.0,0.011475368960704535,0.11475368960704535,0.029205368960704345,0.030153689607045342,0.03984768623577271,0.012351327636125332,0.04284156039295445,0.031733827598238784,0.04400870259823833,0.02048415000000022,0.014127000000000223,1.0,1.0,0.1,0.0,0.0,0.0,0.0,0.9,0.0,0.011475368960704535,0.11475368960704535,0.029205368960704345,0.030153689607045342,0.03726916207859097,0.014956231469697039,0.0355155000000002,0.028254000000000223,0.04305981039295448,0.02048415000000022,0.014127000000000223,1.0,0.6,0.2,0.0,0.0,0.0,0.0,0.8,0.01572280080046193,0.014053893117886273,0.14053893117886274,0.028046310392954243,0.028046310392954243,1.0,0.6,0.6,0.6,0.2,0.4,0.6,0.2,0.4,0.6,0.2,0.4,0.6,0.2,0.4,0.2,0.6,0.0,0.6,0.0,0.6,0.6,0.2,0.6,0.6,0.4,0.0,0.0,0.0,0.6,0.6,1.0,1.0,0.2,0.2,1.0,1.0,1.0,1.0,0.3333333333333333,0.3333333333333333,6,4,0.4,0.6666666666666666,0.1,0.2,0.1,0.2,0.25,0.5,0.25,1.0,1.0,0.0,0.0303073792140911,0.05609262078590849,-0.025785241571817386,-0.0025785241571817386,-0.025785241571817386,0.7459531491477085,0.01572280080046193,0.01572280080046193,0.0,0.9805555555555556,1.0666666666666667,0,0,0,4,C3R,0.0,0.0,0.03726916207859097,0.2,1.0,0.2,0.0,0.0,0.03984768623577271
phaseflip,mixed_pauli,0.03,3,0.5,0.1,10,qiskit_aer,1,1,0.9615148000000001,0.4217097722222222,0.7999999999999999,0.5166666666666667,0.0,1.0,1.0,0.0,0.03729990000000012,0.014968253874116252,0.0355155000000002,0.028254000000000223,0.04321350000000024,0.02048415000000022,0.014127000000000223,1.0,0.4,0.2,0.0,0.0,0.0,0.0,0.8,0.04524621039295444,0.012205521866761831,0.04305981039295448,0.042285810392954454,0.05630031039295447,0.02677221039295436,0.014171310392954273,1.0,1.0,0.0,0.0,0.0,0.0,0.0,1.0,0.03984768623577271,0.012351327636125332,0.04284156039295445,0.031733827598238784,0.04400870259823833,0.02048415000000022,0.014127000000000223,1.0,1.0,0.1,0.0,0.0,0.0,0.0,0.9,0.0,0.011475368960704535,0.11475368960704535,0.029205368960704345,0.030153689607045342,0.03984768623577271,0.012351327636125332,0.04284156039295445,0.031733827598238784,0.04400870259823833,0.02048415000000022,0.014127000000000223,1.0,1.0,0.1,0.0,0.0,0.0,0.0,0.9,0.0,0.011475368960704535,0.11475368960704535,0.029205368960704345,0.030153689607045342,0.03984768623577271,0.012351327636125332,0.04284156039295445,0.031733827598238784,0.04400870259823833,0.02048415000000022,0.014127000000000223,1.0,1.0,0.1,0.0,0.0,0.0,0.0,0.9,0.0,0.011475368960704535,0.11475368960704535,0.029205368960704345,0.030153689607045342,0.03726916207859097,0.014956231469697039,0.0355155000000002,0.028254000000000223,0.04305981039295448,0.02048415000000022,0.014127000000000223,1.0,0.6,0.2,0.0,0.0,0.0,0.0,0.8,0.025579804518521702,0.014053893117886273,0.14053893117886274,0.028046310392954243,0.028046310392954243,1.0,0.6,0.6,0.6,0.2,0.4,0.6,0.2,0.4,0.6,0.2,0.4,0.6,0.2,0.4,0.2,0.6,0.0,0.6,0.0,0.6,0.6,0.2,0.6,0.6,0.4,0.0,0.0,0.0,0.6,0.6,1.0,1.0,0.2,0.2,1.0,1.0,1.0,1.0,0.3333333333333333,0.3333333333333333,6,4,0.4,0.6666666666666666,0.1,0.2,0.1,0.2,0.25,0.5,0.25,1.0,1.0,0.0,0.0303073792140911,0.05609262078590849,-0.025785241571817386,-0.0025785241571817386,-0.025785241571817386,0.778290232440188,0.025579804518521702,0.025579804518521702,0.0,0.9922222222222222,1.1166666666666665,0,0,0,4,C3R,0.0,0.0,0.03726916207859097,0.2,1.0,0.2,0.0,0.0,0.03984768623577271
phaseflip,mixed_pauli,0.03,4,0.5,0.03,10,qiskit_aer,1,1,0.9488338810000001,0.41021586483333333,0.7777777777777778,0.5333333333333333,0.0,1.0,1.0,0.0,0.04893214800000002,0.017062603855765815,0.04247622000000001,0.04195718999999992,0.05544847500000019,0.027625903500000056,0.027458760000000026,1.0,0.8,0.1,0.0,0.0,0.0,0.0,0.9,0.06816925839295436,0.012727879856362473,0.07000350039295433,0.059196547892954365,0.07901067789295435,0.048415683392954253,0.04284156039295417,1.0,1.0,0.0,0.0,0.0,0.0,0.0,1.0,0.05172141007859089,0.01987920430766029,0.04239937519647713,0.04195718999999992,0.06589788000000024,0.027625903500000056,0.027458760000000026,1.0,1.0,0.1,0.0,0.0,0.0,0.0,0.9,0.0,0.019493955196477154,0.19493955196477153,0.04262571039295436,0.05455431039295433,0.05172141007859089,0.01987920430766029,0.04239937519647713,0.04195718999999992,0.06589788000000024,0.027625903500000056,0.027458760000000026,1.0,1.0,0.1,0.0,0.0,0.0,0.0,0.9,0.0,0.019493955196477154,0.19493955196477153,0.04262571039295436,0.05455431039295433,0.05172141007859089,0.01987920430766029,0.04239937519647713,0.04195718999999992,0.06589788000000024,0.027625903500000056,0.027458760000000026,1.0,1.0,0.1,0.0,0.0,0.0,0.0,0.9,0.0,0.019493955196477154,0.19493955196477153,0.04262571039295436,0.05455431039295433,0.04893214800000002,0.017062603855765815,0.04247622000000001,0.04195718999999992,0.05544847500000019,0.027625903500000056,0.027458760000000026,1.0,0.8,0.1,0.0,0.0,0.0,0.0,0.9,5.847084024222706e-18,0.022283217275068025,0.22283217275068024,0.04262571039295436,0.05455431039295433,0.9,0.2,0.2,0.2,0.0,0.2,0.2,0.6666666666666666,0.14285714285714285,0.2,0.6666666666666666,0.14285714285714285,0.2,0.6666666666666666,0.14285714285714285,0.0,1.0,0.0,0.2,0.0,0.2,0.2,0.0,0.2,0.2,0.2,0.0,0.0,0.0,0.2,0.2,1.0,1.0,0.3,0.0,1.0,1.0,1.0,1.0,0.0,0.0,2,2,0.2,1.0,0.0,0.1,0.0,0.1,0.0,0.5,0.0,0.0,1.0,0.0,0.0001536896070457594,0.028046310392954465,-0.027892620785908706,-0.0027892620785908706,-0.027892620785908706,-0.010215863236542638,5.847084024222706e-18,5.847084024222706e-18,0.0,0.959,1.0633333333333332,0,0,0,2,C3R,0.0,0.0,0.04893214800000002,0.1,1.0,0.0,0.0,0.0,0.05172141007859089
phaseflip,mixed_pauli,0.03,4,0.5,0.05,10,qiskit_aer,1,1,0.9488338810000001,0.41021586483333333,0.7777777777777778,0.5333333333333333,0.0,1.0,1.0,0.0,0.048932147999999995,0.017062603855765825,0.04247622000000001,0.04195718999999987,0.05544847500000019,0.027625903500000056,0.027458760000000026,1.0,0.8,0.1,0.0,0.0,0.0,0.0,0.9,0.06816925839295436,0.012727879856362473,0.07000350039295433,0.059196547892954365,0.07901067789295435,0.048415683392954253,0.04284156039295417,1.0,1.0,0.0,0.0,0.0,0.0,0.0,1.0,0.051721410078590865,0.0198792043076603,0.04239937519647713,0.04195718999999987,0.06589788000000024,0.027625903500000056,0.027458760000000026,1.0,1.0,0.1,0.0,0.0,0.0,0.0,0.9,0.0,0.019493955196477175,0.19493955196477175,0.04262571039295436,0.05455431039295433,0.051721410078590865,0.0198792043076603,0.04239937519647713,0.04195718999999987,0.06589788000000024,0.027625903500000056,0.027458760000000026,1.0,1.0,0.1,0.0,0.0,0.0,0.0,0.9,0.0,0.019493955196477175,0.19493955196477175,0.04262571039295436,0.05455431039295433,0.051721410078590865,0.0198792043076603,0.04239937519647713,0.04195718999999987,0.06589788000000024,0.027625903500000056,0.027458760000000026,1.0,1.0,0.1,0.0,0.0,0.0,0.0,0.9,0.0,0.019493955196477175,0.19493955196477175,0.04262571039295436,0.05455431039295433,0.048932147999999995,0.017062603855765825,0.04247622000000001,0.04195718999999987,0.05544847500000019,0.027625903500000056,0.027458760000000026,1.0,0.8,0.1,0.0,0.0,0.0,0.0,0.9,1.419298649763032e-20,0.022283217275068046,0.22283217275068046,0.04262571039295436,0.05455431039295433,0.9,0.2,0.2,0.2,0.0,0.2,0.2,0.6666666666666666,0.14285714285714285,0.2,0.6666666666666666,0.14285714285714285,0.2,0.6666666666666666,0.14285714285714285,0.0,1.0,0.0,0.2,0.0,0.2,0.2,0.0,0.2,0.2,0.2,0.0,0.0,0.0,0.2,0.2,1.0,1.0,0.3,0.0,1.0,1.0,1.0,1.0,0.0,0.0,2,2,0.2,1.0,0.0,0.1,0.0,0.1,0.0,0.5,0.0,0.0,1.0,0.0,0.0001536896070457594,0.028046310392954465,-0.027892620785908706,-0.0027892620785908706,-0.027892620785908706,-0.010215863361616057,1.419298649763032e-20,1.419298649763032e-20,0.0,0.965,1.0833333333333333,0,0,0,2,C3R,0.0,0.0,0.048932147999999995,0.1,1.0,0.0,0.0,0.0,0.051721410078590865
phaseflip,mixed_pauli,0.03,4,0.5,0.1,10,qiskit_aer,1,1,0.9488338810000001,0.3892098926111111,0.7888888888888889,0.5333333333333333,0.0,1.0,1.0,0.0,0.048932147999999995,0.017062603855765825,0.04247622000000001,0.04195718999999987,0.05544847500000019,0.027625903500000056,0.027458760000000026,1.0,0.9,0.1,0.0,0.0,0.0,0.0,0.9,0.06816925839295436,0.012727879856362473,0.07000350039295433,0.059196547892954365,0.07901067789295435,0.048415683392954253,0.04284156039295417,1.0,1.0,0.0,0.0,0.0,0.0,0.0,1.0,0.051736779039295445,0.01987239144211174,0.04247622000000001,0.04195718999999987,0.06589788000000024,0.027625903500000056,0.027458760000000026,1.0,1.0,0.1,0.0,0.0,0.0,0.0,0.9,0.0,0.0194785862357726,0.194785862357726,0.04262571039295436,0.05455431039295433,0.051736779039295445,0.01987239144211174,0.04247622000000001,0.04195718999999987,0.06589788000000024,0.027625903500000056,0.027458760000000026,1.0,1.0,0.1,0.0,0.0,0.0,0.0,0.9,0.0,0.0194785862357726,0.194785862357726,0.04262571039295436,0.05455431039295433,0.051736779039295445,0.01987239144211174,0.04247622000000001,0.04195718999999987,0.06589788000000024,0.027625903500000056,0.027458760000000026,1.0,1.0,0.1,0.0,0.0,0.0,0.0,0.9,0.0,0.0194785862357726,0.194785862357726,0.04262571039295436,0.05455431039295433,0.048932147999999995,0.017062603855765825,0.04247622000000001,0.04195718999999987,0.05544847500000019,0.027625903500000056,0.027458760000000026,1.0,0.9,0.1,0.0,0.0,0.0,0.0,0.9,2.166112591183837e-21,0.022283217275068046,0.22283217275068046,0.04262571039295436,0.05455431039295433,0.8,0.1,0.1,0.1,0.0,0.1,0.1,1.0,0.14285714285714285,0.1,1.0,0.14285714285714285,0.1,1.0,0.14285714285714285,0.0,1.0,0.0,0.1,0.0,0.1,0.1,0.0,0.1,0.1,0.1,0.0,0.0,0.0,0.1,0.1,1.0,1.0,0.3,0.0,1.0,1.0,1.0,1.0,0.0,0.0,1,1,0.1,1.0,0.0,0.1,0.0,0.1,0.0,1.0,0.0,0.0,1.0,0.0,0.0,0.028046310392954465,-0.028046310392954465,-0.0028046310392954464,-0.028046310392954465,-0.1892098912518305,2.166112591183837e-21,2.166112591183837e-21,0.0,0.98,1.1333333333333333,0,0,0,1,C3R,0.0,0.0,0.048932147999999995,0.1,1.0,0.0,0.0,0.0,0.051736779039295445
phaseflip,mixed_pauli,0.05,1,0.5,0.03,10,qiskit_aer,1,1,0.9825,0.44333333333333336,0.8222222222222222,0.5333333333333333,0.0,1.0,1.0,0.0,0.017499999999999884,0.019525624189766517,0.0124999999999999,0.0,0.0249999999999998,0.0,0.0,1.0,0.7,0.5,0.0,0.0,0.0,0.0,0.5,0.012346310392954396,0.01145643923738956,0.01984631039295437,0.001096310392954436,0.01984631039295437,-0.005153689607045542,-0.005153689607045542,0.7,1.0,0.0,0.0,0.0,0.0,0.0,1.0,0.00845389311788628,0.016903591277768575,0.0,0.0,0.014884732794715777,-0.005153689607045542,-0.005153689607045542,0.8,1.0,0.2,0.0,0.0,0.0,0.0,0.8,0.0,0.018969262078590787,0.18969262078590787,0.030153689607045342,0.030153689607045342,0.00845389311788628,0.016903591277768575,0.0,0.0,0.014884732794715777,-0.005153689607045542,-0.005153689607045542,0.8,1.0,0.2,0.0,0.0,0.0,0.0,0.8,0.0,0.018969262078590787,0.18969262078590787,0.030153689607045342,0.030153689607045342,0.00845389311788628,0.016903591277768575,0.0,0.0,0.014884732794715777,-0.005153689607045542,-0.005153689607045542,0.8,1.0,0.2,0.0,0.0,0.0,0.0,0.8,0.0,0.018969262078590787,0.18969262078590787,0.030153689607045342,0.030153689607045342,0.017499999999999884,0.019525624189766517,0.0124999999999999,0.0,0.0249999999999998,0.0,0.0,1.0,0.7,0.5,0.0,0.0,0.0,0.0,0.5,0.0349962271709975,0.009923155196477185,0.09923155196477185,0.01984631039295437,0.01984631039295437,1.0,0.3,0.3,0.3,0.0,0.3,0.3,0.4,0.0,0.3,0.4,0.0,0.3,0.4,0.0,0.0,1.0,0.0,0.3,0.0,0.3,0.3,0.0,0.3,0.3,0.3,0.0,0.0,0.0,0.3,0.3,1.0,1.0,0.2,0.0,1.0,1.0,1.0,1.0,0.0,0.0,3,3,0.3,1.0,0.3,0.0,0.3,0.0,1.0,0.0,1.0,1.0,0.0,1.0,0.09046106882113603,0.0,0.09046106882113603,0.009046106882113603,0.09046106882113603,0.15666666928514686,0.0349962271709975,0.0349962271709975,0.0,0.9837777777777778,1.0633333333333335,0,0,0,3,C3R,0.0,0.0,0.017499999999999884,0.5,1.0,0.0,0.0,0.0,0.017499999999999884
phaseflip,mixed_pauli,0.05,1,0.5,0.05,10,qiskit_aer,1,1,0.9825,0.4377777777777778,0.8222222222222222,0.5333333333333333,0.0,1.0,1.0,0.0,0.017499999999999884,0.019525624189766517,0.0124999999999999,0.0,0.0249999999999998,0.0,0.0,1.0,0.7,0.5,0.0,0.0,0.0,0.0,0.5,0.012346310392954396,0.01145643923738956,0.01984631039295437,0.001096310392954436,0.01984631039295437,-0.005153689607045542,-0.005153689607045542,0.7,1.0,0.0,0.0,0.0,0.0,0.0,1.0,0.00845389311788628,0.016903591277768575,0.0,0.0,0.014884732794715777,-0.005153689607045542,-0.005153689607045542,0.8,1.0,0.2,0.0,0.0,0.0,0.0,0.8,0.0,0.018969262078590787,0.18969262078590787,0.030153689607045342,0.030153689607045342,0.00845389311788628,0.016903591277768575,0.0,0.0,0.014884732794715777,-0.005153689607045542,-0.005153689607045542,0.8,1.0,0.2,0.0,0.0,0.0,0.0,0.8,0.0,0.018969262078590787,0.18969262078590787,0.030153689607045342,0.030153689607045342,0.00845389311788628,0.016903591277768575,0.0,0.0,0.014884732794715777,-0.005153689607045542,-0.005153689607045542,0.8,1.0,0.2,0.0,0.0,0.0,0.0,0.8,0.0,0.018969262078590787,0.18969262078590787,0.030153689607045342,0.030153689607045342,0.017499999999999884,0.019525624189766517,0.0124999999999999,0.0,0.0249999999999998,0.0,0.0,1.0,0.7,0.5,0.0,0.0,0.0,0.0,0.5,0.0181718278068135,0.009923155196477185,0.09923155196477185,0.01984631039295437,0.01984631039295437,1.0,0.3,0.3,0.3,0.0,0.3,0.3,0.4,0.0,0.3,0.4,0.0,0.3,0.4,0.0,0.0,1.0,0.0,0.3,0.0,0.3,0.3,0.0,0.3,0.3,0.3,0.0,0.0,0.0,0.3,0.3,1.0,1.0,0.2,0.0,1.0,1.0,1.0,1.0,0.0,0.0,3,3,0.3,1.0,0.3,0.0,0.3,0.0,1.0,0.0,1.0,1.0,0.0,1.0,0.09046106882113603,0.0,0.09046106882113603,0.009046106882113603,0.09046106882113603,0.1622222248043779,0.0181718278068135,0.0181718278068135,0.0,0.9877777777777778,1.0833333333333335,0,0,0,3,C3R,0.0,0.0,0.017499999999999884,0.5,1.0,0.0,0.0,0.0,0.017499999999999884
phaseflip,mixed_pauli,0.05,1,0.5,0.1,10,qiskit_aer,1,1,0.9825,0.3770833333333333,0.8666666666666667,0.5333333333333333,0.0,1.0,1.0,0.0,0.017499999999999884,0.019525624189766517,0.0124999999999999,0.0,0.0249999999999998,0.0,0.0,1.0,0.7,0.5,0.0,0.0,0.0,0.0,0.5,0.012346310392954396,0.01145643923738956,0.01984631039295437,0.001096310392954436,0.01984631039295437,-0.005153689607045542,-0.005153689607045542,0.7,1.0,0.0,0.0,0.0,0.0,0.0,1.0,0.00845389311788628,0.016903591277768575,0.0,0.0,0.014884732794715777,-0.005153689607045542,-0.005153689607045542,0.8,1.0,0.2,0.0,0.0,0.0,0.0,0.8,0.0,0.018969262078590787,0.18969262078590787,0.030153689607045342,0.030153689607045342,0.00845389311788628,0.016903591277768575,0.0,0.0,0.014884732794715777,-0.005153689607045542,-0.005153689607045542,0.8,1.0,0.2,0.0,0.0,0.0,0.0,0.8,0.0,0.018969262078590787,0.18969262078590787,0.030153689607045342,0.030153689607045342,0.00845389311788628,0.016903591277768575,0.0,0.0,0.014884732794715777,-0.005153689607045542,-0.005153689607045542,0.8,1.0,0.2,0.0,0.0,0.0,0.0,0.8,0.0,0.018969262078590787,0.18969262078590787,0.030153689607045342,0.030153689607045342,0.017499999999999884,0.019525624189766517,0.0124999999999999,0.0,0.0249999999999998,0.0,0.0,1.0,0.7,0.5,0.0,0.0,0.0,0.0,0.5,0.0349962271709975,0.009923155196477185,0.09923155196477185,0.01984631039295437,0.01984631039295437,1.0,0.3,0.3,0.3,0.0,0.3,0.3,0.4,0.0,0.3,0.4,0.0,0.3,0.4,0.0,0.0,1.0,0.0,0.3,0.0,0.3,0.3,0.0,0.3,0.3,0.3,0.0,0.0,0.0,0.3,0.3,1.0,1.0,0.2,0.0,1.0,1.0,1.0,1.0,0.0,0.0,3,3,0.3,1.0,0.3,0.0,0.3,0.0,1.0,0.0,1.0,1.0,0.0,1.0,0.09046106882113603,0.0,0.09046106882113603,0.009046106882113603,0.09046106882113603,0.22291666928514686,0.0349962271709975,0.0349962271709975,0.0,0.9977777777777778,1.1333333333333333,0,0,0,3,C3R,0.0,0.0,0.017499999999999884,0.5,1.0,0.0,0.0,0.0,0.017499999999999884
phaseflip,mixed_pauli,0.05,2,0.5,0.03,10,qiskit_aer,1,1,0.9626874999999999,0.41826041666666663,0.8,0.55,0.0,1.0,1.0,0.0,0.03606250000000005,0.02241659890014528,0.0475000000000001,0.023749999999999993,0.04750000000000021,2.220446049250313e-16,2.220446049250313e-16,1.0,0.5,0.2,0.0,0.0,0.0,0.0,0.8,0.05490881039295442,0.01572828363967289,0.06484631039295452,0.04359631039295431,0.06734631039295436,0.030190060392954347,0.019221310392954383,1.0,1.0,0.0,0.0,0.0,0.0,0.0,1.0,0.04098565519647725,0.02422357722662967,0.04554815519647726,0.02871157759823853,0.0628534827947157,2.220446049250313e-16,2.220446049250313e-16,1.0,1.0,0.1,0.0,0.0,0.0,0.0,0.9,0.0,0.019953893117886246,0.19953893117886246,0.0648463103929543,0.0648463103929543,0.04098565519647725,0.02422357722662967,0.04554815519647726,0.02871157759823853,0.0628534827947157,2.220446049250313e-16,2.220446049250313e-16,1.0,1.0,0.1,0.0,0.0,0.0,0.0,0.9,0.0,0.019953893117886246,0.19953893117886246,0.0648463103929543,0.0648463103929543,0.04098565519647725,0.02422357722662967,0.04554815519647726,0.02871157759823853,0.0628534827947157,2.220446049250313e-16,2.220446049250313e-16,1.0,1.0,0.1,0.0,0.0,0.0,0.0,0.9,0.0,0.019953893117886246,0.19953893117886246,0.0648463103929543,0.0648463103929543,0.03804713103929549,0.024152664129099555,0.0475000000000001,0.023749999999999993,0.048906249999999846,2.220446049250313e-16,2.220446049250313e-16,1.0,0.6,0.2,0.0,0.0,0.0,0.0,0.8,1.3735578695759759e-19,0.022892417275068,0.22892417275068,0.0648463103929543,0.0648463103929543,1.0,0.5,0.5,0.5,0.1,0.4,0.5,0.5,0.5,0.5,0.5,0.5,0.5,0.5,0.5,0.1,1.0,0.125,0.5,0.0,0.5,0.5,0.1,0.5,0.5,0.4,0.0,0.0,0.0,0.5,0.5,1.0,1.0,0.3,0.1,1.0,1.0,1.0,1.0,0.2,0.2,5,4,0.4,0.8,0.1,0.4,0.1,0.3,0.25,0.75,0.25,1.0,0.75,0.25,0.030153689607045342,0.059538931178862886,-0.029385241571817544,-0.0029385241571817542,-0.029385241571817544,0.5817395853575217,1.395218995487814e-19,1.395218995487814e-19,0.0,0.9812222222222222,1.08,0,0,0,4,C3R,0.0,0.0,0.03804713103929549,0.2,1.0,0.1,0.0,0.0,0.04098565519647725
phaseflip,mixed_pauli,0.05,2,0.5,0.05,10,qiskit_aer,1,1,0.9626874999999999,0.41826041666666663,0.8,0.55,0.0,1.0,1.0,0.0,0.03606250000000005,0.02241659890014528,0.0475000000000001,0.023749999999999993,0.04750000000000021,2.220446049250313e-16,2.220446049250313e-16,1.0,0.5,0.2,0.0,0.0,0.0,0.0,0.8,0.05490881039295442,0.01572828363967289,0.06484631039295452,0.04359631039295431,0.06734631039295436,0.030190060392954347,0.019221310392954383,1.0,1.0,0.0,0.0,0.0,0.0,0.0,1.0,0.04098565519647725,0.02422357722662967,0.04554815519647726,0.02871157759823853,0.0628534827947157,2.220446049250313e-16,2.220446049250313e-16,1.0,1.0,0.1,0.0,0.0,0.0,0.0,0.9,0.0,0.019953893117886246,0.19953893117886246,0.0648463103929543,0.0648463103929543,0.04098565519647725,0.02422357722662967,0.04554815519647726,0.02871157759823853,0.0628534827947157,2.220446049250313e-16,2.220446049250313e-16,1.0,1.0,0.1,0.0,0.0,0.0,0.0,0.9,0.0,0.019953893117886246,0.19953893117886246,0.0648463103929543,0.0648463103929543,0.04098565519647725,0.02422357722662967,0.04554815519647726,0.02871157759823853,0.0628534827947157,2.220446049250313e-16,2.220446049250313e-16,1.0,1.0,0.1,0.0,0.0,0.0,0.0,0.9,0.0,0.019953893117886246,0.19953893117886246,0.0648463103929543,0.0648463103929543,0.03606250000000005,0.02241659890014528,0.0475000000000001,0.023749999999999993,0.04750000000000021,2.220446049250313e-16,2.220446049250313e-16,1.0,0.5,0.2,0.0,0.0,0.0,0.0,0.8,1.3828930438437358e-19,0.024877048314363437,0.24877048314363437,0.0648463103929543,0.0648463103929543,1.0,0.5,0.5,0.5,0.0,0.5,0.5,0.5,0.5,0.5,0.5,0.5,0.5,0.5,0.5,0.0,1.0,0.0,0.5,0.0,0.5,0.5,0.0,0.5,0.5,0.5,0.0,0.0,0.0,0.5,0.5,1.0,1.0,0.1,0.0,1.0,1.0,1.0,1.0,0.0,0.0,5,5,0.5,1.0,0.1,0.4,0.1,0.4,0.2,0.8,0.2,1.0,1.0,0.0,0.030153689607045342,0.07938524157181726,-0.049231551964771914,-0.0049231551964771915,-0.049231551964771914,0.5817395853580402,1.3828930438437358e-19,1.3828930438437358e-19,0.0,0.9872222222222222,1.1,0,0,0,5,C3R,0.0,0.0,0.03606250000000005,0.2,1.0,0.0,0.0,0.0,0.04098565519647725
phaseflip,mixed_pauli,0.05,2,0.5,0.1,10,qiskit_aer,1,1,0.9626874999999999,0.3915902777777778,0.8111111111111111,0.55,0.0,1.0,1.0,0.0,0.03606250000000005,0.02241659890014528,0.0475000000000001,0.023749999999999993,0.04750000000000021,2.220446049250313e-16,2.220446049250313e-16,1.0,0.4,0.2,0.0,0.0,0.0,0.0,0.8,0.05490881039295442,0.01572828363967289,0.06484631039295452,0.04359631039295431,0.06734631039295436,0.030190060392954347,0.019221310392954383,1.0,1.0,0.0,0.0,0.0,0.0,0.0,1.0,0.03797028623577271,0.02486000409361864,0.04359631039295431,0.02035348279471577,0.06238473279471582,2.220446049250313e-16,2.220446049250313e-16,1.0,1.0,0.0,0.0,0.0,0.0,0.0,1.0,0.0,0.02296926207859078,0.2296926207859078,0.0648463103929543,0.0648463103929543,0.03797028623577271,0.02486000409361864,0.04359631039295431,0.02035348279471577,0.06238473279471582,2.220446049250313e-16,2.220446049250313e-16,1.0,1.0,0.0,0.0,0.0,0.0,0.0,1.0,0.0,0.02296926207859078,0.2296926207859078,0.0648463103929543,0.0648463103929543,0.03797028623577271,0.02486000409361864,0.04359631039295431,0.02035348279471577,0.06238473279471582,2.220446049250313e-16,2.220446049250313e-16,1.0,1.0,0.0,0.0,0.0,0.0,0.0,1.0,0.0,0.02296926207859078,0.2296926207859078,0.0648463103929543,0.0648463103929543,0.03606250000000005,0.02241659890014528,0.0475000000000001,0.023749999999999993,0.04750000000000021,2.220446049250313e-16,2.220446049250313e-16,1.0,0.4,0.2,0.0,0.0,0.0,0.0,0.8,0.00464796684967484,0.024877048314363437,0.24877048314363437,0.0648463103929543,0.0648463103929543,1.0,0.6,0.6,0.6,0.0,0.6,0.6,0.0,0.5,0.6,0.0,0.5,0.6,0.0,0.5,0.0,1.0,0.0,0.6,0.0,0.6,0.6,0.0,0.6,0.6,0.6,0.0,0.0,0.0,0.6,0.6,1.0,1.0,0.1,0.0,1.0,1.0,1.0,1.0,0.0,0.0,6,6,0.6,1.0,0.2,0.4,0.2,0.4,0.3333333333333333,0.6666666666666666,0.3333333333333333,1.0,1.0,0.0,0.060307379214090684,0.07938524157181726,-0.01907786235772657,-0.0019077862357726571,-0.01907786235772657,0.8084097242836722,0.00464796684967484,0.00464796684967484,0.0,0.9933333333333333,1.15,0,0,0,6,C3R,0.0,0.0,0.03606250000000005,0.2,1.0,0.0,0.0,0.0,0.03797028623577271
phaseflip,mixed_pauli,0.05,3,0.5,0.03,10,qiskit_aer,1,1,0.936425,0.4421958333333333,0.7777777777777778,0.5166666666666667,0.0,0.9,1.0,0.0,0.06033750000000012,0.024576780200017922,0.05706250000000018,0.045250000000000234,0.07006250000000028,0.03280625000000023,0.022625000000000228,1.0,0.9,0.2,0.0,0.0,0.0,0.0,0.8,0.0926838103929545,0.019415345090932616,0.08990881039295445,0.08778381039295452,0.11009631039295453,0.06299631039295442,0.04297131039295443,1.0,1.0,0.0,0.0,0.0,0.0,0.0,0.9,0.062322131039295556,0.02594907596148997,0.05765625000000013,0.045250000000000234,0.07235937499999992,0.03280625000000023,0.022625000000000228,1.0,1.0,0.2,0.0,0.0,0.0,0.0,0.8,0.0,0.036392417275068,0.36392417275068,0.0648463103929543,0.0648463103929543,0.062322131039295556,0.02594907596148997,0.05765625000000013,0.045250000000000234,0.07235937499999992,0.03280625000000023,0.022625000000000228,1.0,1.0,0.2,0.0,0.0,0.0,0.0,0.8,0.0,0.036392417275068,0.36392417275068,0.0648463103929543,0.0648463103929543,0.062322131039295556,0.02594907596148997,0.05765625000000013,0.045250000000000234,0.07235937499999992,0.03280625000000023,0.022625000000000228,1.0,1.0,0.2,0.0,0.0,0.0,0.0,0.8,0.0,0.036392417275068,0.36392417275068,0.0648463103929543,0.0648463103929543,0.06033750000000012,0.024576780200017922,0.05706250000000018,0.045250000000000234,0.07006250000000028,0.03280625000000023,0.022625000000000228,1.0,0.9,0.2,0.0,0.0,0.0,0.0,0.8,2.166112591183837e-21,0.038377048314363435,0.3837704831436344,0.0648463103929543,0.0648463103929543,1.0,0.1,0.1,0.1,0.0,0.1,0.1,1.0,0.125,0.1,1.0,0.125,0.1,1.0,0.125,0.0,1.0,0.0,0.1,0.0,0.1,0.1,0.0,0.1,0.1,0.1,0.0,0.0,0.0,0.1,0.1,1.0,1.0,0.5,0.0,1.0,1.0,1.0,1.0,0.0,0.0,1,1,0.1,1.0,0.0,0.1,0.0,0.1,0.0,1.0,0.0,0.0,1.0,0.0,0.0,0.01984631039295437,-0.01984631039295437,-0.001984631039295437,-0.01984631039295437,-0.24219583213921017,2.166112591183837e-21,2.166112591183837e-21,0.0,0.9705555555555556,1.0466666666666666,0,0,0,1,C3R,0.0,0.0,0.06033750000000012,0.2,1.0,0.0,0.0,0.0,0.062322131039295556
phaseflip,mixed_pauli,0.05,3,0.5,0.05,10,qiskit_aer,1,1,0.936425,0.4421958333333333,0.7777777777777778,0.5166666666666667,0.0,0.9,1.0,0.0,0.0603375000000001,0.02457678020001792,0.05706250000000018,0.045250000000000234,0.07006250000000011,0.03280625000000023,0.022625000000000228,1.0,0.8,0.2,0.0,0.0,0.0,0.0,0.8,0.0926838103929545,0.019415345090932616,0.08990881039295445,0.08778381039295452,0.11009631039295453,0.06299631039295442,0.04297131039295443,1.0,1.0,0.0,0.0,0.0,0.0,0.0,0.9,0.059306762078591,0.02626856146568493,0.045250000000000234,0.045250000000000234,0.07006250000000011,0.03178083967682962,0.022625000000000228,1.0,1.0,0.1,0.0,0.0,0.0,0.0,0.9,0.0,0.039407786235772554,0.3940778623577256,0.0648463103929543,0.0648463103929543,0.059306762078591,0.02626856146568493,0.045250000000000234,0.045250000000000234,0.07006250000000011,0.03178083967682962,0.022625000000000228,1.0,1.0,0.1,0.0,0.0,0.0,0.0,0.9,0.0,0.039407786235772554,0.3940778623577256,0.0648463103929543,0.0648463103929543,0.059306762078591,0.02626856146568493,0.045250000000000234,0.045250000000000234,0.07006250000000011,0.03178083967682962,0.022625000000000228,1.0,1.0,0.1,0.0,0.0,0.0,0.0,0.9,0.0,0.039407786235772554,0.3940778623577256,0.0648463103929543,0.0648463103929543,0.0603375000000001,0.02457678020001792,0.05706250000000018,0.045250000000000234,0.07006250000000011,0.03280625000000023,0.022625000000000228,1.0,0.8,0.2,0.0,0.0,0.0,0.0,0.8,1.867034853552012e-21,0.03837704831436346,0.3837704831436346,0.0648463103929543,0.0648463103929543,1.0,0.2,0.2,0.2,0.0,0.2,0.2,0.5,0.125,0.2,0.5,0.125,0.2,0.5,0.125,0.0,1.0,0.0,0.2,0.0,0.2,0.2,0.0,0.2,0.2,0.2,0.0,0.0,0.0,0.2,0.2,1.0,1.0,0.2,0.0,1.0,1.0,1.0,1.0,0.0,0.0,2,2,0.2,1.0,0.1,0.1,0.1,0.1,0.5,0.5,0.5,1.0,1.0,0.0,0.030153689607045342,0.01984631039295437,0.010307379214090973,0.0010307379214090973,0.010307379214090973,-0.04219583214322475,1.867034853552012e-21,1.867034853552012e-21,0.0,0.9805555555555556,1.0666666666666667,0,0,0,2,C3R,0.0,0.0,0.0603375000000001,0.2,1.0,0.0,0.0,0.0,0.0603375000000001
phaseflip,mixed_pauli,0.05,3,0.5,0.1,10,qiskit_aer,1,1,0.936425,0.41051875,0.7999999999999999,0.5166666666666667,0.0,0.9,1.0,0.0,0.0603375000000001,0.02457678020001792,0.05706250000000018,0.045250000000000234,0.07006250000000011,0.03280625000000023,0.022625000000000228,1.0,0.7,0.2,0.0,0.0,0.0,0.0,0.8,0.0926838103929545,0.019415345090932616,0.08990881039295445,0.08778381039295452,0.11009631039295453,0.06299631039295442,0.04297131039295443,1.0,1.0,0.0,0.0,0.0,0.0,0.0,0.9,0.06579139311788643,0.024346578671691252,0.05765625000000013,0.045250000000000234,0.08311910779471593,0.043996720716125044,0.04297131039295443,1.0,1.0,0.1,0.0,0.0,0.0,0.0,0.9,0.0,0.03292315519647713,0.3292315519647713,0.0648463103929543,0.0648463103929543,0.06579139311788643,0.024346578671691252,0.05765625000000013,0.045250000000000234,0.08311910779471593,0.043996720716125044,0.04297131039295443,1.0,1.0,0.1,0.0,0.0,0.0,0.0,0.9,0.0,0.03292315519647713,0.3292315519647713,0.0648463103929543,0.0648463103929543,0.06579139311788643,0.024346578671691252,0.05765625000000013,0.045250000000000234,0.08311910779471593,0.043996720716125044,0.04297131039295443,1.0,1.0,0.1,0.0,0.0,0.0,0.0,0.9,0.0,0.03292315519647713,0.3292315519647713,0.0648463103929543,0.0648463103929543,0.0603375000000001,0.02457678020001792,0.05706250000000018,0.045250000000000234,0.07006250000000011,0.03280625000000023,0.022625000000000228,1.0,0.7,0.2,0.0,0.0,0.0,0.0,0.8,2.800552280328018e-21,0.03837704831436346,0.3837704831436346,0.0648463103929543,0.0648463103929543,1.0,0.3,0.3,0.3,0.0,0.3,0.3,0.5,0.25,0.3,0.5,0.25,0.3,0.5,0.25,0.0,1.0,0.0,0.3,0.0,0.3,0.3,0.0,0.3,0.3,0.3,0.0,0.0,0.0,0.3,0.3,1.0,1.0,0.2,0.0,1.0,1.0,1.0,1.0,0.0,0.0,3,3,0.3,1.0,0.1,0.2,0.1,0.2,0.3333333333333333,0.6666666666666666,0.3333333333333333,1.0,1.0,0.0,0.030153689607045342,0.08469262078590867,-0.054538931178863326,-0.005453893117886332,-0.054538931178863326,0.18948125110368907,2.800552280328018e-21,2.800552280328018e-21,0.0,0.9922222222222222,1.1166666666666665,0,0,0,3,C1,0.0,0.0,0.06579139311788643,0.1,1.0,0.3,0.0,0.0,0.06579139311788643
phaseflip,mixed_pauli,0.05,4,0.5,0.03,10,qiskit_aer,1,1,0.9161756249999999,0.3954932986111111,0.7777777777777778,0.5333333333333333,0.0,0.8,1.0,0.0,0.07781125000000014,0.027375707011417928,0.06810625000000037,0.06674375000000021,0.08767187500000015,0.04362718750000001,0.04322499999999985,1.0,0.8,0.1,0.0,0.0,0.0,0.0,0.8,0.12820756039295444,0.01975871856611656,0.1315900603929544,0.11405724789295452,0.14432599789295447,0.09737006039295446,0.08931506039295445,1.0,1.0,0.0,0.0,0.0,0.0,0.0,0.8,0.08128051207859102,0.027315004485550923,0.07772187500000016,0.06674375000000021,0.1024706702947159,0.04362718750000001,0.04322499999999985,1.0,1.0,0.0,0.0,0.0,0.0,0.0,0.8,0.0,0.04994241727506797,0.49942417275067974,0.08712131039295443,0.10534631039295461,0.08128051207859102,0.027315004485550923,0.07772187500000016,0.06674375000000021,0.1024706702947159,0.04362718750000001,0.04322499999999985,1.0,1.0,0.0,0.0,0.0,0.0,0.0,0.8,0.0,0.04994241727506797,0.49942417275067974,0.08712131039295443,0.10534631039295461,0.08128051207859102,0.027315004485550923,0.07772187500000016,0.06674375000000021,0.1024706702947159,0.04362718750000001,0.04322499999999985,1.0,1.0,0.0,0.0,0.0,0.0,0.0,0.8,0.0,0.04994241727506797,0.49942417275067974,0.08712131039295443,0.10534631039295461,0.07781125000000014,0.027375707011417928,0.06810625000000037,0.06674375000000021,0.08767187500000015,0.04362718750000001,0.04322499999999985,1.0,0.8,0.1,0.0,0.0,0.0,0.0,0.8,7.293489016014007e-19,0.05341167935365885,0.5341167935365885,0.08712131039295443,0.10534631039295461,1.0,0.2,0.2,0.2,0.0,0.2,0.2,0.0,0.1111111111111111,0.2,0.0,0.1111111111111111,0.2,0.0,0.1111111111111111,0.0,1.0,0.0,0.2,0.0,0.2,0.2,0.0,0.2,0.2,0.2,0.0,0.0,0.0,0.2,0.2,1.0,1.0,0.3,0.0,1.0,1.0,1.0,1.0,0.0,0.0,2,2,0.2,1.0,0.1,0.1,0.1,0.1,0.5,0.5,0.5,1.0,1.0,0.0,0.030153689607045342,0.06484631039295408,-0.034692620785908734,-0.0034692620785908733,-0.034692620785908734,0.004506701635018773,7.293489016014007e-19,7.293489016014007e-19,0.0,0.959,1.0633333333333332,0,0,0,2,C3R,0.0,0.0,0.07781125000000014,0.1,1.0,0.0,0.0,0.0,0.08128051207859102
phaseflip,mixed_pauli,0.05,4,0.5,0.05,10,qiskit_aer,1,1,0.9161756249999999,0.3954932986111111,0.7777777777777778,0.5333333333333333,0.0,0.8,1.0,0.0,0.0778112500000001,0.02737570701141795,0.06810625000000026,0.06674375000000005,0.08767187500000015,0.04362718750000001,0.04322499999999985,1.0,1.0,0.1,0.0,0.0,0.0,0.0,0.8,0.12820756039295444,0.01975871856611656,0.1315900603929544,0.11405724789295452,0.14432599789295447,0.09737006039295446,0.08931506039295445,1.0,1.0,0.0,0.0,0.0,0.0,0.0,0.8,0.0778112500000001,0.02737570701141795,0.06810625000000026,0.06674375000000005,0.08767187500000015,0.04362718750000001,0.04322499999999985,1.0,1.0,0.1,0.0,0.0,0.0,0.0,0.8,0.0,0.05341167935365889,0.5341167935365889,0.08712131039295443,0.10534631039295461,0.0778112500000001,0.02737570701141795,0.06810625000000026,0.06674375000000005,0.08767187500000015,0.04362718750000001,0.04322499999999985,1.0,1.0,0.1,0.0,0.0,0.0,0.0,0.8,0.0,0.05341167935365889,0.5341167935365889,0.08712131039295443,0.10534631039295461,0.0778112500000001,0.02737570701141795,0.06810625000000026,0.06674375000000005,0.08767187500000015,0.04362718750000001,0.04322499999999985,1.0,1.0,0.1,0.0,0.0,0.0,0.0,0.8,0.0,0.05341167935365889,0.5341167935365889,0.08712131039295443,0.10534631039295461,0.0778112500000001,0.02737570701141795,0.06810625000000026,0.06674375000000005,0.08767187500000015,0.04362718750000001,0.04322499999999985,1.0,1.0,0.1,0.0,0.0,0.0,0.0,0.8,0.0,0.05341167935365889,0.5341167935365889,0.08712131039295443,0.10534631039295461,1.0,0.0,0.0,0.0,0.0,0.0,0.0,1.0,0.0,0.0,1.0,0.0,0.0,1.0,0.0,0.0,1.0,0.0,0.0,0.0,0.0,0.0,0.0,0.0,0.0,0.0,0.0,0.0,0.0,0.0,0.0,1.0,1.0,0.3,0.0,0.0,0.0,0.0,0.0,0.0,0.0,0,0,0.0,0.0,0.0,0.0,0.0,0.0,0.0,0.0,0.0,0.0,0.0,1.0,0.0,0.0,0.0,0.0,0.0,-0.3954932983557855,0.0,0.0,0.0,0.965,1.0833333333333333,0,0,0,0,C1,0.0,0.0,0.0778112500000001,0.1,1.0,0.0,0.0,0.0,0.0778112500000001
phaseflip,mixed_pauli,0.05,4,0.5,0.1,10,qiskit_aer,1,1,0.9161756249999999,0.3752606597222222,0.7888888888888889,0.5333333333333333,0.0,0.8,1.0,0.0,0.0778112500000001,0.02737570701141795,0.06810625000000026,0.06674375000000005,0.08767187500000015,0.04362718750000001,0.04322499999999985,1.0,0.9,0.1,0.0,0.0,0.0,0.0,0.8,0.12820756039295444,0.01975871856611656,0.1315900603929544,0.11405724789295452,0.14432599789295447,0.09737006039295446,0.08931506039295445,1.0,1.0,0.0,0.0,0.0,0.0,0.0,0.8,0.08429588103929553,0.03137428857778832,0.07772187500000016,0.06674375000000005,0.10417500000000018,0.04362718750000001,0.04322499999999985,1.0,1.0,0.1,0.0,0.0,0.0,0.0,0.8,0.0,0.046927048314363465,0.4692704831436346,0.08712131039295443,0.10534631039295461,0.08429588103929553,0.03137428857778832,0.07772187500000016,0.06674375000000005,0.10417500000000018,0.04362718750000001,0.04322499999999985,1.0,1.0,0.1,0.0,0.0,0.0,0.0,0.8,0.0,0.046927048314363465,0.4692704831436346,0.08712131039295443,0.10534631039295461,0.08429588103929553,0.03137428857778832,0.07772187500000016,0.06674375000000005,0.10417500000000018,0.04362718750000001,0.04322499999999985,1.0,1.0,0.1,0.0,0.0,0.0,0.0,0.8,0.0,0.046927048314363465,0.4692704831436346,0.08712131039295443,0.10534631039295461,0.0778112500000001,0.02737570701141795,0.06810625000000026,0.06674375000000005,0.08767187500000015,0.04362718750000001,0.04322499999999985,1.0,0.9,0.1,0.0,0.0,0.0,0.0,0.8,9.33517426776006e-22,0.05341167935365889,0.5341167935365889,0.08712131039295443,0.10534631039295461,1.0,0.1,0.1,0.1,0.0,0.1,0.1,1.0,0.1111111111111111,0.1,1.0,0.1111111111111111,0.1,1.0,0.1111111111111111,0.0,1.0,0.0,0.1,0.0,0.1,0.1,0.0,0.1,0.1,0.1,0.0,0.0,0.0,0.1,0.1,1.0,1.0,0.3,0.0,1.0,1.0,1.0,1.0,0.0,0.0,1,1,0.1,1.0,0.0,0.1,0.0,0.1,0.0,1.0,0.0,0.0,1.0,0.0,0.0,0.0648463103929543,-0.0648463103929543,-0.00648463103929543,-0.0648463103929543,-0.17526065946518754,9.33517426776006e-22,9.33517426776006e-22,0.0,0.98,1.1333333333333333,0,0,0,1,C1,0.0,0.0,0.08429588103929553,0.1,1.0,0.1,0.0,0.0,0.08429588103929553
phaseflip,mixed_pauli,0.1,1,0.5,0.03,10,qiskit_aer,1,1,0.965,0.4316666666666667,0.8222222222222222,0.5333333333333333,0.0,1.0,1.0,0.0,0.034999999999999844,0.039051248379533124,0.024999999999999856,0.0,0.04999999999999971,0.0,0.0,1.0,0.8,0.5,0.0,0.0,0.0,0.0,0.5,0.05484631039295421,0.0229128784747791,0.06984631039295408,0.0323463103929543,0.06984631039295408,0.01984631039295437,0.01984631039295437,1.0,1.0,0.0,0.0,0.0,0.0,0.0,1.0,0.028969262078590775,0.038594780241175144,0.009923155196477185,0.0,0.042461577598238376,0.0,0.0,1.0,1.0,0.3,0.0,0.0,0.0,0.0,0.7,0.0,0.04095389311788611,0.4095389311788611,0.06984631039295408,0.06984631039295408,0.028969262078590775,0.038594780241175144,0.009923155196477185,0.0,0.042461577598238376,0.0,0.0,1.0,1.0,0.3,0.0,0.0,0.0,0.0,0.7,0.0,0.04095389311788611,0.4095389311788611,0.06984631039295408,0.06984631039295408,0.028969262078590775,0.038594780241175144,0.009923155196477185,0.0,0.042461577598238376,0.0,0.0,1.0,1.0,0.3,0.0,0.0,0.0,0.0,0.7,0.0,0.04095389311788611,0.4095389311788611,0.06984631039295408,0.06984631039295408,0.034999999999999844,0.039051248379533124,0.024999999999999856,0.0,0.04999999999999971,0.0,0.0,1.0,0.8,0.5,0.0,0.0,0.0,0.0,0.5,4.332225182367674e-21,0.03492315519647704,0.3492315519647704,0.06984631039295408,0.06984631039295408,1.0,0.2,0.2,0.2,0.0,0.2,0.2,0.6,0.0,0.2,0.6,0.0,0.2,0.6,0.0,0.0,1.0,0.0,0.2,0.0,0.2,0.2,0.0,0.2,0.2,0.2,0.0,0.0,0.0,0.2,0.2,1.0,1.0,0.2,0.0,1.0,1.0,1.0,1.0,0.0,0.0,2,2,0.2,1.0,0.2,0.0,0.2,0.0,1.0,0.0,1.0,1.0,0.0,1.0,0.060307379214090684,0.0,0.060307379214090684,0.006030737921409068,0.060307379214090684,-0.03166662873314927,4.332225182367674e-21,4.332225182367674e-21,0.0,0.9837777777777778,1.0633333333333335,0,0,0,2,C3R,0.0,0.0,0.034999999999999844,0.5,1.0,0.0,0.0,0.0,0.034999999999999844
phaseflip,mixed_pauli,0.1,1,0.5,0.05,10,qiskit_aer,1,1,0.965,0.4261111111111111,0.8222222222222222,0.5333333333333333,0.0,1.0,1.0,0.0,0.034999999999999844,0.039051248379533124,0.024999999999999856,0.0,0.04999999999999971,0.0,0.0,1.0,0.7,0.5,0.0,0.0,0.0,0.0,0.5,0.05484631039295421,0.0229128784747791,0.06984631039295408,0.0323463103929543,0.06984631039295408,0.01984631039295437,0.01984631039295437,1.0,1.0,0.0,0.0,0.0,0.0,0.0,1.0,0.02595389311788624,0.0338085987112586,0.009923155196477185,0.0,0.042461577598238376,0.0,0.0,1.0,1.0,0.2,0.0,0.0,0.0,0.0,0.8,0.0,0.04396926207859064,0.43969262078590643,0.06984631039295408,0.06984631039295408,0.02595389311788624,0.0338085987112586,0.009923155196477185,0.0,0.042461577598238376,0.0,0.0,1.0,1.0,0.2,0.0,0.0,0.0,0.0,0.8,0.0,0.04396926207859064,0.43969262078590643,0.06984631039295408,0.06984631039295408,0.02595389311788624,0.0338085987112586,0.009923155196477185,0.0,0.042461577598238376,0.0,0.0,1.0,1.0,0.2,0.0,0.0,0.0,0.0,0.8,0.0,0.04396926207859064,0.43969262078590643,0.06984631039295408,0.06984631039295408,0.034999999999999844,0.039051248379533124,0.024999999999999856,0.0,0.04999999999999971,0.0,0.0,1.0,0.7,0.5,0.0,0.0,0.0,0.0,0.5,0.0032868402154856554,0.03492315519647704,0.3492315519647704,0.06984631039295408,0.06984631039295408,1.0,0.3,0.3,0.3,0.0,0.3,0.3,0.4,0.0,0.3,0.4,0.0,0.3,0.4,0.0,0.0,1.0,0.0,0.3,0.0,0.3,0.3,0.0,0.3,0.3,0.3,0.0,0.0,0.0,0.3,0.3,1.0,1.0,0.2,0.0,1.0,1.0,1.0,1.0,0.0,0.0,3,3,0.3,1.0,0.3,0.0,0.3,0.0,1.0,0.0,1.0,1.0,0.0,1.0,0.09046106882113603,0.0,0.09046106882113603,0.009046106882113603,0.09046106882113603,0.17388892682512722,0.0032868402154856554,0.0032868402154856554,0.0,0.9877777777777778,1.0833333333333335,0,0,0,3,C3R,0.0,0.0,0.034999999999999844,0.5,1.0,0.0,0.0,0.0,0.034999999999999844
phaseflip,mixed_pauli,0.1,1,0.5,0.1,10,qiskit_aer,1,1,0.965,0.36583333333333334,0.8666666666666667,0.5333333333333333,0.0,1.0,1.0,0.0,0.034999999999999844,0.039051248379533124,0.024999999999999856,0.0,0.04999999999999971,0.0,0.0,1.0,0.7,0.5,0.0,0.0,0.0,0.0,0.5,0.05484631039295421,0.0229128784747791,0.06984631039295408,0.0323463103929543,0.06984631039295408,0.01984631039295437,0.01984631039295437,1.0,1.0,0.0,0.0,0.0,0.0,0.0,1.0,0.02595389311788624,0.0338085987112586,0.009923155196477185,0.0,0.042461577598238376,0.0,0.0,1.0,1.0,0.2,0.0,0.0,0.0,0.0,0.8,0.0,0.04396926207859064,0.43969262078590643,0.06984631039295408,0.06984631039295408,0.02595389311788624,0.0338085987112586,0.009923155196477185,0.0,0.042461577598238376,0.0,0.0,1.0,1.0,0.2,0.0,0.0,0.0,0.0,0.8,0.0,0.04396926207859064,0.43969262078590643,0.06984631039295408,0.06984631039295408,0.02595389311788624,0.0338085987112586,0.009923155196477185,0.0,0.042461577598238376,0.0,0.0,1.0,1.0,0.2,0.0,0.0,0.0,0.0,0.8,0.0,0.04396926207859064,0.43969262078590643,0.06984631039295408,0.06984631039295408,0.034999999999999844,0.039051248379533124,0.024999999999999856,0.0,0.04999999999999971,0.0,0.0,1.0,0.7,0.5,0.0,0.0,0.0,0.0,0.5,2.3190975859498665e-18,0.03492315519647704,0.3492315519647704,0.06984631039295408,0.06984631039295408,1.0,0.3,0.3,0.3,0.0,0.3,0.3,0.4,0.0,0.3,0.4,0.0,0.3,0.4,0.0,0.0,1.0,0.0,0.3,0.0,0.3,0.3,0.0,0.3,0.3,0.3,0.0,0.0,0.0,0.3,0.3,1.0,1.0,0.2,0.0,1.0,1.0,1.0,1.0,0.0,0.0,3,3,0.3,1.0,0.3,0.0,0.3,0.0,1.0,0.0,1.0,1.0,0.0,1.0,0.09046106882113603,0.0,0.09046106882113603,0.009046106882113603,0.09046106882113603,0.23416670460154454,2.3190975859498665e-18,2.3190975859498665e-18,0.0,0.9977777777777778,1.1333333333333333,0,0,0,3,C3R,0.0,0.0,0.034999999999999844,0.5,1.0,0.0,0.0,0.0,0.034999999999999844
phaseflip,mixed_pauli,0.1,2,0.5,0.03,10,qiskit_aer,1,1,0.92575,0.3985694444444444,0.8,0.55,0.0,0.5,1.0,0.0,0.06925,0.04361837342221746,0.09000000000000025,0.0449999999999999,0.0900000000000003,-2.220446049250313e-16,-2.220446049250313e-16,1.0,1.0,0.2,0.0,0.0,0.0,0.0,0.4,0.1350963103929544,0.029505296134761966,0.14984631039295437,0.11484631039295445,0.15984631039295435,0.08872131039295435,0.06734631039295436,1.0,1.0,0.0,0.0,0.0,0.0,0.0,0.5,0.06925,0.04361837342221746,0.09000000000000025,0.0449999999999999,0.0900000000000003,-2.220446049250313e-16,-2.220446049250313e-16,1.0,1.0,0.2,0.0,0.0,0.0,0.0,0.4,0.0,0.07187704831436344,0.7187704831436343,0.1498463103929546,0.1498463103929546,0.06925,0.04361837342221746,0.09000000000000025,0.0449999999999999,0.0900000000000003,-2.220446049250313e-16,-2.220446049250313e-16,1.0,1.0,0.2,0.0,0.0,0.0,0.0,0.4,0.0,0.07187704831436344,0.7187704831436343,0.1498463103929546,0.1498463103929546,0.06925,0.04361837342221746,0.09000000000000025,0.0449999999999999,0.0900000000000003,-2.220446049250313e-16,-2.220446049250313e-16,1.0,1.0,0.2,0.0,0.0,0.0,0.0,0.4,0.0,0.07187704831436344,0.7187704831436343,0.1498463103929546,0.1498463103929546,0.06925,0.04361837342221746,0.09000000000000025,0.0449999999999999,0.0900000000000003,-2.220446049250313e-16,-2.220446049250313e-16,1.0,1.0,0.2,0.0,0.0,0.0,0.0,0.4,0.0,0.07187704831436344,0.7187704831436343,0.1498463103929546,0.1498463103929546,1.0,0.0,0.0,0.0,0.0,0.0,0.0,1.0,0.0,0.0,1.0,0.0,0.0,1.0,0.0,0.0,1.0,0.0,0.0,0.0,0.0,0.0,0.0,0.0,0.0,0.0,0.0,0.0,0.0,0.0,0.0,1.0,1.0,0.3,0.0,0.0,0.0,0.0,0.0,0.0,0.0,0,0,0.0,0.0,0.0,0.0,0.0,0.0,0.0,0.0,0.0,0.0,0.0,1.0,0.0,0.0,0.0,0.0,0.0,-0.3985694442829416,0.0,0.0,0.0,0.9812222222222222,1.08,0,0,0,0,C1,0.0,0.0,0.06925,0.2,1.0,0.0,0.0,0.0,0.06925
phaseflip,mixed_pauli,0.1,2,0.5,0.05,10,qiskit_aer,1,1,0.92575,0.3985694444444444,0.8,0.55,0.0,0.5,1.0,0.0,0.06925000000000003,0.043618373422217444,0.09000000000000025,0.04500000000000007,0.0900000000000003,-2.220446049250313e-16,-2.220446049250313e-16,1.0,0.9,0.2,0.0,0.0,0.0,0.0,0.4,0.1350963103929544,0.029505296134761966,0.14984631039295437,0.11484631039295445,0.15984631039295435,0.08872131039295435,0.06734631039295436,1.0,1.0,0.0,0.0,0.0,0.0,0.0,0.5,0.0662346310392955,0.04259138649354848,0.07867315519647727,0.04500000000000007,0.0900000000000003,-2.220446049250313e-16,-2.220446049250313e-16,1.0,1.0,0.1,0.0,0.0,0.0,0.0,0.5,0.0,0.07489241727506794,0.7489241727506795,0.1498463103929546,0.1498463103929546,0.0662346310392955,0.04259138649354848,0.07867315519647727,0.04500000000000007,0.0900000000000003,-2.220446049250313e-16,-2.220446049250313e-16,1.0,1.0,0.1,0.0,0.0,0.0,0.0,0.5,0.0,0.07489241727506794,0.7489241727506795,0.1498463103929546,0.1498463103929546,0.0662346310392955,0.04259138649354848,0.07867315519647727,0.04500000000000007,0.0900000000000003,-2.220446049250313e-16,-2.220446049250313e-16,1.0,1.0,0.1,0.0,0.0,0.0,0.0,0.5,0.0,0.07489241727506794,0.7489241727506795,0.1498463103929546,0.1498463103929546,0.06925000000000003,0.043618373422217444,0.09000000000000025,0.04500000000000007,0.0900000000000003,-2.220446049250313e-16,-2.220446049250313e-16,1.0,0.9,0.2,0.0,0.0,0.0,0.0,0.4,0.00556297854266948,0.07187704831436341,0.7187704831436341,0.1498463103929546,0.1498463103929546,1.0,0.1,0.1,0.1,0.0,0.1,0.1,0.5,0.0,0.1,0.5,0.0,0.1,0.5,0.0,0.0,1.0,0.0,0.1,0.0,0.1,0.1,0.0,0.1,0.1,0.1,0.0,0.0,0.0,0.1,0.1,1.0,1.0,0.1,0.0,1.0,1.0,1.0,1.0,0.0,0.0,1,1,0.1,1.0,0.1,0.0,0.1,0.0,1.0,0.0,1.0,1.0,0.0,1.0,0.030153689607045342,0.0,0.030153689607045342,0.003015368960704534,0.030153689607045342,-0.19856944426592407,0.00556297854266948,0.00556297854266948,0.0,0.9872222222222222,1.1,0,0,0,1,C3R,0.0,0.0,0.06925000000000003,0.2,1.0,0.0,0.0,0.0,0.06925000000000003
phaseflip,mixed_pauli,0.1,2,0.5,0.1,10,qiskit_aer,1,1,0.92575,0.373,0.8111111111111111,0.55,0.0,0.5,1.0,0.0,0.06925,0.04361837342221746,0.09000000000000025,0.0449999999999999,0.0900000000000003,-2.220446049250313e-16,-2.220446049250313e-16,1.0,0.9,0.2,0.0,0.0,0.0,0.0,0.4,0.1350963103929544,0.029505296134761966,0.14984631039295437,0.11484631039295445,0.15984631039295435,0.08872131039295435,0.06734631039295436,1.0,1.0,0.0,0.0,0.0,0.0,0.0,0.5,0.06623463103929547,0.04259138649354849,0.07867315519647727,0.0449999999999999,0.0900000000000003,-2.220446049250313e-16,-2.220446049250313e-16,1.0,1.0,0.1,0.0,0.0,0.0,0.0,0.5,0.0,0.07489241727506797,0.7489241727506797,0.1498463103929546,0.1498463103929546,0.06623463103929547,0.04259138649354849,0.07867315519647727,0.0449999999999999,0.0900000000000003,-2.220446049250313e-16,-2.220446049250313e-16,1.0,1.0,0.1,0.0,0.0,0.0,0.0,0.5,0.0,0.07489241727506797,0.7489241727506797,0.1498463103929546,0.1498463103929546,0.06623463103929547,0.04259138649354849,0.07867315519647727,0.0449999999999999,0.0900000000000003,-2.220446049250313e-16,-2.220446049250313e-16,1.0,1.0,0.1,0.0,0.0,0.0,0.0,0.5,0.0,0.07489241727506797,0.7489241727506797,0.1498463103929546,0.1498463103929546,0.06925,0.04361837342221746,0.09000000000000025,0.0449999999999999,0.0900000000000003,-2.220446049250313e-16,-2.220446049250313e-16,1.0,0.9,0.2,0.0,0.0,0.0,0.0,0.4,0.00556297854266948,0.07187704831436344,0.7187704831436343,0.1498463103929546,0.1498463103929546,1.0,0.1,0.1,0.1,0.0,0.1,0.1,0.5,0.0,0.1,0.5,0.0,0.1,0.5,0.0,0.0,1.0,0.0,0.1,0.0,0.1,0.1,0.0,0.1,0.1,0.1,0.0,0.0,0.0,0.1,0.1,1.0,1.0,0.1,0.0,1.0,1.0,1.0,1.0,0.0,0.0,1,1,0.1,1.0,0.1,0.0,0.1,0.0,1.0,0.0,1.0,1.0,0.0,1.0,0.030153689607045342,0.0,0.030153689607045342,0.003015368960704534,0.030153689607045342,-0.17299999980403385,0.00556297854266948,0.00556297854266948,0.0,0.9933333333333333,1.15,0,0,0,1,C3R,0.0,0.0,0.06925,0.2,1.0,0.0,0.0,0.0,0.06925
phaseflip,mixed_pauli,0.1,3,0.5,0.03,10,qiskit_aer,1,1,0.87565,0.4043916666666667,0.7777777777777778,0.5166666666666667,0.0,0.5,1.0,0.0,0.11195000000000009,0.04725751263026848,0.10400000000000026,0.08200000000000018,0.13050000000000006,0.059450000000000225,0.04100000000000026,1.0,0.6,0.2,0.0,0.0,0.0,0.0,0.5,0.20179631039295437,0.03448583042352318,0.20034631039295436,0.1920963103929544,0.23184631039295434,0.14767131039295442,0.11234631039295451,1.0,1.0,0.0,0.0,0.0,0.0,0.0,0.5,0.1538885241571818,0.056531541870367345,0.13050000000000006,0.11575973279471596,0.21346157759823833,0.08200000000000018,0.08200000000000018,1.0,1.0,0.1,0.0,0.0,0.0,0.0,0.5,0.0,0.05393852415718163,0.5393852415718163,0.14984631039295415,0.14984631039295415,0.1538885241571818,0.056531541870367345,0.13050000000000006,0.11575973279471596,0.21346157759823833,0.08200000000000018,0.08200000000000018,1.0,1.0,0.1,0.0,0.0,0.0,0.0,0.5,0.0,0.05393852415718163,0.5393852415718163,0.14984631039295415,0.14984631039295415,0.1538885241571818,0.056531541870367345,0.13050000000000006,0.11575973279471596,0.21346157759823833,0.08200000000000018,0.08200000000000018,1.0,1.0,0.1,0.0,0.0,0.0,0.0,0.5,0.0,0.05393852415718163,0.5393852415718163,0.14984631039295415,0.14984631039295415,0.15690389311788633,0.055019242743575746,0.13649999999999995,0.12712500000000027,0.21346157759823833,0.08200000000000018,0.08200000000000018,1.0,0.9,0.2,0.0,0.0,0.0,0.0,0.5,9.33517426776006e-22,0.050923155196477096,0.509231551964771,0.14984631039295415,0.14984631039295415,1.0,0.4,0.4,0.4,0.3,0.1,0.4,0.5,0.375,0.4,0.5,0.375,0.4,0.5,0.375,0.3,1.0,0.375,0.4,0.0,0.4,0.4,0.3,0.4,0.4,0.1,0.0,0.0,0.0,0.4,0.4,1.0,1.0,0.5,0.3,1.0,1.0,1.0,1.0,0.75,0.75,4,1,0.1,0.25,0.1,0.3,0.1,0.0,1.0,0.0,1.0,1.0,0.0,1.0,0.030153689607045342,0.0,0.030153689607045342,0.003015368960704534,0.030153689607045342,0.3956083335363892,0.0137049139522555,0.0137049139522555,0.0,0.9705555555555556,1.0466666666666666,0,0,0,1,C3R,0.0,0.0,0.15690389311788633,0.2,1.0,0.3,0.0,0.0,0.15690389311788633
phaseflip,mixed_pauli,0.1,3,0.5,0.05,10,qiskit_aer,1,1,0.87565,0.4043916666666667,0.7777777777777778,0.5166666666666667,0.0,0.5,1.0,0.0,0.11195000000000009,0.04725751263026848,0.10400000000000026,0.08200000000000018,0.13050000000000006,0.059450000000000225,0.04100000000000026,1.0,0.7,0.2,0.0,0.0,0.0,0.0,0.5,0.20179631039295437,0.03448583042352318,0.20034631039295436,0.1920963103929544,0.23184631039295434,0.14767131039295442,0.11234631039295451,1.0,1.0,0.0,0.0,0.0,0.0,0.0,0.5,0.1389038931178864,0.06410202922802857,0.1282500000000002,0.08958657759823876,0.19837499999999975,0.059450000000000225,0.04100000000000026,1.0,1.0,0.1,0.0,0.0,0.0,0.0,0.5,0.0,0.06892315519647704,0.6892315519647705,0.14984631039295415,0.14984631039295415,0.1389038931178864,0.06410202922802857,0.1282500000000002,0.08958657759823876,0.19837499999999975,0.059450000000000225,0.04100000000000026,1.0,1.0,0.1,0.0,0.0,0.0,0.0,0.5,0.0,0.06892315519647704,0.6892315519647705,0.14984631039295415,0.14984631039295415,0.1389038931178864,0.06410202922802857,0.1282500000000002,0.08958657759823876,0.19837499999999975,0.059450000000000225,0.04100000000000026,1.0,1.0,0.1,0.0,0.0,0.0,0.0,0.5,0.0,0.06892315519647704,0.6892315519647705,0.14984631039295415,0.14984631039295415,0.11195000000000009,0.04725751263026848,0.10400000000000026,0.08200000000000018,0.13050000000000006,0.059450000000000225,0.04100000000000026,1.0,0.7,0.2,0.0,0.0,0.0,0.0,0.5,2.868505073289247e-20,0.09587704831436335,0.9587704831436334,0.14984631039295415,0.14984631039295415,1.0,0.3,0.3,0.3,0.0,0.3,0.3,0.5,0.25,0.3,0.5,0.25,0.3,0.5,0.25,0.0,1.0,0.0,0.3,0.0,0.3,0.3,0.0,0.3,0.3,0.3,0.0,0.0,0.0,0.3,0.3,1.0,1.0,0.2,0.0,1.0,1.0,1.0,1.0,0.0,0.0,3,3,0.3,1.0,0.1,0.2,0.1,0.2,0.3333333333333333,0.6666666666666666,0.3333333333333333,1.0,1.0,0.0,0.030153689607045342,0.2996926207859083,-0.26953893117886296,-0.026953893117886298,-0.26953893117886296,0.19560833350124204,2.868505073289247e-20,2.868505073289247e-20,0.0,0.9805555555555556,1.0666666666666667,0,0,0,3,C1,0.0,0.0,0.1389038931178864,0.1,1.0,0.3,0.0,0.0,0.1389038931178864
phaseflip,mixed_pauli,0.1,3,0.5,0.1,10,qiskit_aer,1,1,0.87565,0.3838777777777778,0.7999999999999999,0.5166666666666667,0.0,0.5,1.0,0.0,0.11195000000000009,0.04725751263026848,0.10400000000000026,0.08200000000000018,0.13050000000000006,0.059450000000000225,0.04100000000000026,1.0,0.8,0.2,0.0,0.0,0.0,0.0,0.5,0.20179631039295437,0.03448583042352318,0.20034631039295436,0.1920963103929544,0.23184631039295434,0.14767131039295442,0.11234631039295451,1.0,1.0,0.0,0.0,0.0,0.0,0.0,0.5,0.14191926207859093,0.06348811211268963,0.13050000000000006,0.09300000000000022,0.2013749999999997,0.059450000000000225,0.04100000000000026,1.0,1.0,0.2,0.0,0.0,0.0,0.0,0.5,0.0,0.06590778623577251,0.6590778623577251,0.14984631039295415,0.14984631039295415,0.14191926207859093,0.06348811211268963,0.13050000000000006,0.09300000000000022,0.2013749999999997,0.059450000000000225,0.04100000000000026,1.0,1.0,0.2,0.0,0.0,0.0,0.0,0.5,0.0,0.06590778623577251,0.6590778623577251,0.14984631039295415,0.14984631039295415,0.14191926207859093,0.06348811211268963,0.13050000000000006,0.09300000000000022,0.2013749999999997,0.059450000000000225,0.04100000000000026,1.0,1.0,0.2,0.0,0.0,0.0,0.0,0.5,0.0,0.06590778623577251,0.6590778623577251,0.14984631039295415,0.14984631039295415,0.11195000000000009,0.04725751263026848,0.10400000000000026,0.08200000000000018,0.13050000000000006,0.059450000000000225,0.04100000000000026,1.0,0.8,0.2,0.0,0.0,0.0,0.0,0.5,3.144931879933996e-20,0.09587704831436335,0.9587704831436334,0.14984631039295415,0.14984631039295415,1.0,0.2,0.2,0.2,0.0,0.2,0.2,1.0,0.25,0.2,1.0,0.25,0.2,1.0,0.25,0.0,1.0,0.0,0.2,0.0,0.2,0.2,0.0,0.2,0.2,0.2,0.0,0.0,0.0,0.2,0.2,1.0,1.0,0.2,0.0,1.0,1.0,1.0,1.0,0.0,0.0,2,2,0.2,1.0,0.0,0.2,0.0,0.2,0.0,1.0,0.0,0.0,1.0,0.0,0.0,0.2996926207859083,-0.2996926207859083,-0.029969262078590832,-0.2996926207859083,0.016122222392526364,3.144931879933996e-20,3.144931879933996e-20,0.0,0.9922222222222222,1.1166666666666665,0,0,0,2,C1,0.0,0.0,0.14191926207859093,0.2,1.0,0.2,0.0,0.0,0.14191926207859093
phaseflip,mixed_pauli,0.1,4,0.5,0.03,10,qiskit_aer,1,1,0.83941,0.3473311111111111,0.7777777777777778,0.5333333333333333,0.0,0.1,1.0,0.0,0.13840500000000014,0.04974939421741723,0.12357500000000032,0.11890000000000003,0.15375000000000014,0.07663500000000031,0.07560000000000033,1.0,0.6,0.1,0.0,0.0,0.0,0.0,0.1,0.26065131039295447,0.03309498791357987,0.26874631039295444,0.23597131039295446,0.2842713103929545,0.20851381039295455,0.1980963103929546,1.0,1.0,0.0,0.0,0.0,0.0,0.0,0.1,0.19834352415718187,0.07350419335192854,0.2092731551964772,0.1330875000000004,0.2644097327947158,0.09508500000000018,0.07560000000000033,1.0,1.0,0.1,0.0,0.0,0.0,0.0,0.1,0.0,0.06532315519647716,0.6532315519647716,0.18504631039295422,0.2138463103929542,0.19834352415718187,0.07350419335192854,0.2092731551964772,0.1330875000000004,0.2644097327947158,0.09508500000000018,0.07560000000000033,1.0,1.0,0.1,0.0,0.0,0.0,0.0,0.1,0.0,0.06532315519647716,0.6532315519647716,0.18504631039295422,0.2138463103929542,0.19834352415718187,0.07350419335192854,0.2092731551964772,0.1330875000000004,0.2644097327947158,0.09508500000000018,0.07560000000000033,1.0,1.0,0.1,0.0,0.0,0.0,0.0,0.1,0.0,0.06532315519647716,0.6532315519647716,0.18504631039295422,0.2138463103929542,0.16837426207859102,0.07748802333364309,0.1379250000000003,0.11890000000000003,0.23624999999999988,0.07663500000000031,0.07560000000000033,1.0,0.8,0.1,0.0,0.0,0.0,0.0,0.1,0.0004360865072723998,0.09529241727506801,0.9529241727506801,0.18504631039295422,0.2138463103929542,1.0,0.4,0.4,0.4,0.2,0.2,0.4,1.0,0.4444444444444444,0.4,1.0,0.4444444444444444,0.4,1.0,0.4444444444444444,0.2,1.0,0.2222222222222222,0.4,0.0,0.4,0.4,0.2,0.4,0.4,0.2,0.0,0.0,0.0,0.4,0.4,1.0,1.0,0.3,0.2,1.0,1.0,1.0,1.0,0.5,0.5,4,2,0.2,0.5,0.0,0.4,0.0,0.2,0.0,1.0,0.0,0.0,0.5,0.5,0.0,0.2996926207859085,-0.2996926207859085,-0.029969262078590853,-0.2996926207859085,0.45266888891411045,0.020409218071792874,0.020409218071792874,0.0,0.959,1.0633333333333332,0,0,0,2,C1,0.0,0.0,0.19834352415718187,0.1,1.0,0.4,0.0,0.0,0.19834352415718187
phaseflip,mixed_pauli,0.1,4,0.5,0.05,10,qiskit_aer,1,1,0.83941,0.3473311111111111,0.7777777777777778,0.5333333333333333,0.0,0.1,1.0,0.0,0.13840500000000017,0.04974939421741726,0.12357500000000032,0.11890000000000003,0.15375000000000022,0.07663500000000031,0.07560000000000033,1.0,0.8,0.1,0.0,0.0,0.0,0.0,0.1,0.26065131039295447,0.03309498791357987,0.26874631039295444,0.23597131039295446,0.2842713103929545,0.20851381039295455,0.1980963103929546,1.0,1.0,0.0,0.0,0.0,0.0,0.0,0.1,0.16837426207859102,0.0774880233336431,0.1379250000000003,0.11890000000000003,0.23624999999999993,0.07663500000000031,0.07560000000000033,1.0,1.0,0.1,0.0,0.0,0.0,0.0,0.1,0.0,0.09529241727506799,0.9529241727506799,0.18504631039295422,0.2138463103929542,0.16837426207859102,0.0774880233336431,0.1379250000000003,0.11890000000000003,0.23624999999999993,0.07663500000000031,0.07560000000000033,1.0,1.0,0.1,0.0,0.0,0.0,0.0,0.1,0.0,0.09529241727506799,0.9529241727506799,0.18504631039295422,0.2138463103929542,0.16837426207859102,0.0774880233336431,0.1379250000000003,0.11890000000000003,0.23624999999999993,0.07663500000000031,0.07560000000000033,1.0,1.0,0.1,0.0,0.0,0.0,0.0,0.1,0.0,0.09529241727506799,0.9529241727506799,0.18504631039295422,0.2138463103929542,0.16837426207859102,0.0774880233336431,0.1379250000000003,0.11890000000000003,0.23624999999999993,0.07663500000000031,0.07560000000000033,1.0,1.0,0.1,0.0,0.0,0.0,0.0,0.1,0.0,0.09529241727506799,0.9529241727506799,0.18504631039295422,0.2138463103929542,1.0,0.2,0.2,0.2,0.2,0.0,0.2,1.0,0.2222222222222222,0.2,1.0,0.2222222222222222,0.2,1.0,0.2222222222222222,0.2,1.0,0.2222222222222222,0.2,0.0,0.2,0.2,0.2,0.2,0.2,0.0,0.0,0.0,0.0,0.2,0.2,1.0,1.0,0.3,0.2,1.0,1.0,1.0,1.0,1.0,1.0,2,0,0.0,0.0,0.0,0.2,0.0,0.0,0.0,0.0,0.0,0.0,0.0,1.0,0.0,0.0,0.0,0.0,0.0,0.05266888891326259,0.013525027425133816,0.013525027425133816,0.0,0.965,1.0833333333333333,0,0,0,0,C1,0.0,0.0,0.16837426207859102,0.1,1.0,0.2,0.0,0.0,0.16837426207859102
phaseflip,mixed_pauli,0.1,4,0.5,0.1,10,qiskit_aer,1,1,0.83941,0.33842833333333333,0.7888888888888889,0.5333333333333333,0.0,0.1,1.0,0.0,0.1384050000000002,0.04974939421741728,0.12357500000000032,0.11890000000000003,0.15375000000000014,0.07663500000000031,0.07560000000000033,1.0,0.6,0.1,0.0,0.0,0.0,0.0,0.1,0.26065131039295447,0.03309498791357987,0.26874631039295444,0.23597131039295446,0.2842713103929545,0.20851381039295455,0.1980963103929546,1.0,1.0,0.0,0.0,0.0,0.0,0.0,0.1,0.19034352415718186,0.07652980990435045,0.18767315519647726,0.12123750000000022,0.25833473279471586,0.09508500000000018,0.07560000000000033,1.0,1.0,0.1,0.0,0.0,0.0,0.0,0.1,0.0,0.07332315519647714,0.7332315519647714,0.18504631039295422,0.2138463103929542,0.19034352415718186,0.07652980990435045,0.18767315519647726,0.12123750000000022,0.25833473279471586,0.09508500000000018,0.07560000000000033,1.0,1.0,0.1,0.0,0.0,0.0,0.0,0.1,0.0,0.07332315519647714,0.7332315519647714,0.18504631039295422,0.2138463103929542,0.19034352415718186,0.07652980990435045,0.18767315519647726,0.12123750000000022,0.25833473279471586,0.09508500000000018,0.07560000000000033,1.0,1.0,0.1,0.0,0.0,0.0,0.0,0.1,0.0,0.07332315519647714,0.7332315519647714,0.18504631039295422,0.2138463103929542,0.17535889311788647,0.08219933337491843,0.1379250000000003,0.11890000000000003,0.25833473279471586,0.07663500000000031,0.07560000000000033,1.0,0.9,0.1,0.0,0.0,0.0,0.0,0.1,5.86389808440733e-21,0.08830778623577255,0.8830778623577256,0.18504631039295422,0.2138463103929542,1.0,0.4,0.4,0.4,0.3,0.1,0.4,1.0,0.4444444444444444,0.4,1.0,0.4444444444444444,0.4,1.0,0.4444444444444444,0.3,1.0,0.3333333333333333,0.4,0.0,0.4,0.4,0.3,0.4,0.4,0.1,0.0,0.0,0.0,0.4,0.4,1.0,1.0,0.3,0.3,1.0,1.0,1.0,1.0,0.75,0.75,4,1,0.1,0.25,0.0,0.4,0.0,0.1,0.0,1.0,0.0,0.0,0.25,0.75,0.0,0.14984631039295415,-0.14984631039295415,-0.014984631039295416,-0.14984631039295415,0.4615716666912784,0.0068407099488149575,0.0068407099488149575,0.0,0.98,1.1333333333333333,0,0,0,1,C1,0.0,0.0,0.19034352415718186,0.1,1.0,0.4,0.0,0.0,0.19034352415718186
phaseflip,mixed_pauli,0.15,1,0.5,0.03,10,qiskit_aer,1,1,0.9475,0.40472222222222226,0.8222222222222222,0.5333333333333333,0.0,0.8,1.0,0.0,0.052499999999999804,0.058576872569299825,0.03749999999999981,-1.1102230246251565e-16,0.07499999999999973,-1.1102230246251565e-16,-1.1102230246251565e-16,1.0,0.6,0.5,0.0,0.0,0.0,0.0,0.5,0.09734631039295435,0.03436931771216878,0.11984631039295435,0.06359631039295438,0.11984631039295435,0.04484631039295439,0.04484631039295439,1.0,1.0,0.0,0.0,0.0,0.0,0.0,0.8,0.04043852415718167,0.05152084085326854,0.02242315519647714,-1.1102230246251565e-16,0.04484631039295439,-1.1102230246251565e-16,-1.1102230246251565e-16,1.0,1.0,0.1,0.0,0.0,0.0,0.0,0.8,0.0,0.07198463103929537,0.7198463103929537,0.11984631039295446,0.11984631039295446,0.04043852415718167,0.05152084085326854,0.02242315519647714,-1.1102230246251565e-16,0.04484631039295439,-1.1102230246251565e-16,-1.1102230246251565e-16,1.0,1.0,0.1,0.0,0.0,0.0,0.0,0.8,0.0,0.07198463103929537,0.7198463103929537,0.11984631039295446,0.11984631039295446,0.04043852415718167,0.05152084085326854,0.02242315519647714,-1.1102230246251565e-16,0.04484631039295439,-1.1102230246251565e-16,-1.1102230246251565e-16,1.0,1.0,0.1,0.0,0.0,0.0,0.0,0.8,0.0,0.07198463103929537,0.7198463103929537,0.11984631039295446,0.11984631039295446,0.052499999999999804,0.058576872569299825,0.03749999999999981,-1.1102230246251565e-16,0.07499999999999973,-1.1102230246251565e-16,-1.1102230246251565e-16,1.0,0.6,0.5,0.0,0.0,0.0,0.0,0.5,6.344454315168206e-18,0.05992315519647723,0.5992315519647723,0.11984631039295446,0.11984631039295446,1.0,0.4,0.4,0.4,0.0,0.4,0.4,0.2,0.0,0.4,0.2,0.0,0.4,0.2,0.0,0.0,1.0,0.0,0.4,0.0,0.4,0.4,0.0,0.4,0.4,0.4,0.0,0.0,0.0,0.4,0.4,1.0,1.0,0.2,0.0,1.0,1.0,1.0,1.0,0.0,0.0,4,4,0.4,1.0,0.4,0.0,0.4,0.0,1.0,0.0,1.0,1.0,0.0,1.0,0.12061475842818137,0.0,0.12061475842818137,0.012061475842818137,0.12061475842818137,0.39527777783886126,6.344454315168206e-18,6.344454315168206e-18,0.0,0.9837777777777778,1.0633333333333335,0,0,0,4,C3R,0.0,0.0,0.052499999999999804,0.5,1.0,0.0,0.0,0.0,0.052499999999999804
phaseflip,mixed_pauli,0.15,1,0.5,0.05,10,qiskit_aer,1,1,0.9475,0.39916666666666667,0.8222222222222222,0.5333333333333333,0.0,0.8,1.0,0.0,0.052499999999999804,0.058576872569299825,0.03749999999999981,-1.1102230246251565e-16,0.07499999999999973,-1.1102230246251565e-16,-1.1102230246251565e-16,1.0,0.6,0.5,0.0,0.0,0.0,0.0,0.5,0.09734631039295435,0.03436931771216878,0.11984631039295435,0.06359631039295438,0.11984631039295435,0.04484631039295439,0.04484631039295439,1.0,1.0,0.0,0.0,0.0,0.0,0.0,0.8,0.04043852415718167,0.05152084085326854,0.02242315519647714,-1.1102230246251565e-16,0.04484631039295439,-1.1102230246251565e-16,-1.1102230246251565e-16,1.0,1.0,0.1,0.0,0.0,0.0,0.0,0.8,0.0,0.07198463103929537,0.7198463103929537,0.11984631039295446,0.11984631039295446,0.04043852415718167,0.05152084085326854,0.02242315519647714,-1.1102230246251565e-16,0.04484631039295439,-1.1102230246251565e-16,-1.1102230246251565e-16,1.0,1.0,0.1,0.0,0.0,0.0,0.0,0.8,0.0,0.07198463103929537,0.7198463103929537,0.11984631039295446,0.11984631039295446,0.04043852415718167,0.05152084085326854,0.02242315519647714,-1.1102230246251565e-16,0.04484631039295439,-1.1102230246251565e-16,-1.1102230246251565e-16,1.0,1.0,0.1,0.0,0.0,0.0,0.0,0.8,0.0,0.07198463103929537,0.7198463103929537,0.11984631039295446,0.11984631039295446,0.052499999999999804,0.058576872569299825,0.03749999999999981,-1.1102230246251565e-16,0.07499999999999973,-1.1102230246251565e-16,-1.1102230246251565e-16,1.0,0.6,0.5,0.0,0.0,0.0,0.0,0.5,6.344454315168206e-18,0.05992315519647723,0.5992315519647723,0.11984631039295446,0.11984631039295446,1.0,0.4,0.4,0.4,0.0,0.4,0.4,0.2,0.0,0.4,0.2,0.0,0.4,0.2,0.0,0.0,1.0,0.0,0.4,0.0,0.4,0.4,0.0,0.4,0.4,0.4,0.0,0.0,0.0,0.4,0.4,1.0,1.0,0.2,0.0,1.0,1.0,1.0,1.0,0.0,0.0,4,4,0.4,1.0,0.4,0.0,0.4,0.0,1.0,0.0,1.0,1.0,0.0,1.0,0.12061475842818137,0.0,0.12061475842818137,0.012061475842818137,0.12061475842818137,0.4008333333944168,6.344454315168206e-18,6.344454315168206e-18,0.0,0.9877777777777778,1.0833333333333335,0,0,0,4,C3R,0.0,0.0,0.052499999999999804,0.5,1.0,0.0,0.0,0.0,0.052499999999999804
phaseflip,mixed_pauli,0.15,1,0.5,0.1,10,qiskit_aer,1,1,0.9475,0.34958333333333336,0.8666666666666667,0.5333333333333333,0.0,0.8,1.0,0.0,0.052499999999999804,0.058576872569299825,0.03749999999999981,-1.1102230246251565e-16,0.07499999999999973,-1.1102230246251565e-16,-1.1102230246251565e-16,1.0,0.6,0.5,0.0,0.0,0.0,0.0,0.5,0.09734631039295435,0.03436931771216878,0.11984631039295435,0.06359631039295438,0.11984631039295435,0.04484631039295439,0.04484631039295439,1.0,1.0,0.0,0.0,0.0,0.0,0.0,0.8,0.04043852415718167,0.05152084085326854,0.02242315519647714,-1.1102230246251565e-16,0.04484631039295439,-1.1102230246251565e-16,-1.1102230246251565e-16,1.0,1.0,0.1,0.0,0.0,0.0,0.0,0.8,0.0,0.07198463103929537,0.7198463103929537,0.11984631039295446,0.11984631039295446,0.04043852415718167,0.05152084085326854,0.02242315519647714,-1.1102230246251565e-16,0.04484631039295439,-1.1102230246251565e-16,-1.1102230246251565e-16,1.0,1.0,0.1,0.0,0.0,0.0,0.0,0.8,0.0,0.07198463103929537,0.7198463103929537,0.11984631039295446,0.11984631039295446,0.04043852415718167,0.05152084085326854,0.02242315519647714,-1.1102230246251565e-16,0.04484631039295439,-1.1102230246251565e-16,-1.1102230246251565e-16,1.0,1.0,0.1,0.0,0.0,0.0,0.0,0.8,0.0,0.07198463103929537,0.7198463103929537,0.11984631039295446,0.11984631039295446,0.052499999999999804,0.058576872569299825,0.03749999999999981,-1.1102230246251565e-16,0.07499999999999973,-1.1102230246251565e-16,-1.1102230246251565e-16,1.0,0.6,0.5,0.0,0.0,0.0,0.0,0.5,6.344454315168206e-18,0.05992315519647723,0.5992315519647723,0.11984631039295446,0.11984631039295446,1.0,0.4,0.4,0.4,0.0,0.4,0.4,0.2,0.0,0.4,0.2,0.0,0.4,0.2,0.0,0.0,1.0,0.0,0.4,0.0,0.4,0.4,0.0,0.4,0.4,0.4,0.0,0.0,0.0,0.4,0.4,1.0,1.0,0.2,0.0,1.0,1.0,1.0,1.0,0.0,0.0,4,4,0.4,1.0,0.4,0.0,0.4,0.0,1.0,0.0,1.0,1.0,0.0,1.0,0.12061475842818137,0.0,0.12061475842818137,0.012061475842818137,0.12061475842818137,0.45041666672775016,6.344454315168206e-18,6.344454315168206e-18,0.0,0.9977777777777778,1.1333333333333333,0,0,0,4,C3R,0.0,0.0,0.052499999999999804,0.5,1.0,0.0,0.0,0.0,0.052499999999999804
phaseflip,mixed_pauli,0.15,2,0.5,0.03,10,qiskit_aer,1,1,0.8891875000000001,0.3746666666666667,0.8,0.55,0.0,0.4,1.0,0.0,0.0995624999999998,0.0636862732953499,0.12749999999999984,0.06374999999999986,0.12749999999999992,-2.220446049250313e-16,-2.220446049250313e-16,1.0,0.9,0.2,0.0,0.0,0.0,0.0,0.4,0.21040881039295437,0.04157302498315466,0.22484631039295433,0.18359631039295432,0.2473463103929544,0.14544006039295435,0.11422131039295436,1.0,1.0,0.0,0.0,0.0,0.0,0.0,0.4,0.11154713103929526,0.06700913846926296,0.12749999999999984,0.07968749999999986,0.14015624999999976,-2.220446049250313e-16,-2.220446049250313e-16,1.0,1.0,0.2,0.0,0.0,0.0,0.0,0.4,0.0,0.10489241727506818,1.0489241727506817,0.22484631039295455,0.22484631039295455,0.11154713103929526,0.06700913846926296,0.12749999999999984,0.07968749999999986,0.14015624999999976,-2.220446049250313e-16,-2.220446049250313e-16,1.0,1.0,0.2,0.0,0.0,0.0,0.0,0.4,0.0,0.10489241727506818,1.0489241727506817,0.22484631039295455,0.22484631039295455,0.11154713103929526,0.06700913846926296,0.12749999999999984,0.07968749999999986,0.14015624999999976,-2.220446049250313e-16,-2.220446049250313e-16,1.0,1.0,0.2,0.0,0.0,0.0,0.0,0.4,0.0,0.10489241727506818,1.0489241727506817,0.22484631039295455,0.22484631039295455,0.11154713103929526,0.06700913846926296,0.12749999999999984,0.07968749999999986,0.14015624999999976,-2.220446049250313e-16,-2.220446049250313e-16,1.0,1.0,0.2,0.0,0.0,0.0,0.0,0.4,0.0,0.10489241727506818,1.0489241727506817,0.22484631039295455,0.22484631039295455,1.0,0.1,0.1,0.1,0.1,0.0,0.1,1.0,0.125,0.1,1.0,0.125,0.1,1.0,0.125,0.1,1.0,0.125,0.1,0.0,0.1,0.1,0.1,0.1,0.1,0.0,0.0,0.0,0.0,0.1,0.1,1.0,1.0,0.3,0.1,1.0,1.0,1.0,1.0,1.0,1.0,1,0,0.0,0.0,0.0,0.1,0.0,0.0,0.0,0.0,0.0,0.0,0.0,1.0,0.0,0.0,0.0,0.0,0.0,-0.17466666663301234,2.166112591183837e-21,2.166112591183837e-21,0.0,0.9812222222222222,1.08,0,0,0,0,C1,0.0,0.0,0.11154713103929526,0.2,1.0,0.1,0.0,0.0,0.11154713103929526
phaseflip,mixed_pauli,0.15,2,0.5,0.05,10,qiskit_aer,1,1,0.8891875000000001,0.3746666666666667,0.8,0.55,0.0,0.4,1.0,0.0,0.0995624999999998,0.0636862732953499,0.12749999999999984,0.06374999999999986,0.12749999999999992,-2.220446049250313e-16,-2.220446049250313e-16,1.0,0.9,0.2,0.0,0.0,0.0,0.0,0.4,0.21040881039295437,0.04157302498315466,0.22484631039295433,0.18359631039295432,0.2473463103929544,0.14544006039295435,0.11422131039295436,1.0,1.0,0.0,0.0,0.0,0.0,0.0,0.4,0.11154713103929526,0.06700913846926296,0.12749999999999984,0.07968749999999986,0.14015624999999976,-2.220446049250313e-16,-2.220446049250313e-16,1.0,1.0,0.2,0.0,0.0,0.0,0.0,0.4,0.0,0.10489241727506818,1.0489241727506817,0.22484631039295455,0.22484631039295455,0.11154713103929526,0.06700913846926296,0.12749999999999984,0.07968749999999986,0.14015624999999976,-2.220446049250313e-16,-2.220446049250313e-16,1.0,1.0,0.2,0.0,0.0,0.0,0.0,0.4,0.0,0.10489241727506818,1.0489241727506817,0.22484631039295455,0.22484631039295455,0.11154713103929526,0.06700913846926296,0.12749999999999984,0.07968749999999986,0.14015624999999976,-2.220446049250313e-16,-2.220446049250313e-16,1.0,1.0,0.2,0.0,0.0,0.0,0.0,0.4,0.0,0.10489241727506818,1.0489241727506817,0.22484631039295455,0.22484631039295455,0.11154713103929526,0.06700913846926296,0.12749999999999984,0.07968749999999986,0.14015624999999976,-2.220446049250313e-16,-2.220446049250313e-16,1.0,1.0,0.2,0.0,0.0,0.0,0.0,0.4,0.0,0.10489241727506818,1.0489241727506817,0.22484631039295455,0.22484631039295455,1.0,0.1,0.1,0.1,0.1,0.0,0.1,1.0,0.125,0.1,1.0,0.125,0.1,1.0,0.125,0.1,1.0,0.125,0.1,0.0,0.1,0.1,0.1,0.1,0.1,0.0,0.0,0.0,0.0,0.1,0.1,1.0,1.0,0.1,0.1,1.0,1.0,1.0,1.0,1.0,1.0,1,0,0.0,0.0,0.0,0.1,0.0,0.0,0.0,0.0,0.0,0.0,0.0,1.0,0.0,0.0,0.0,0.0,0.0,-0.17466666663283298,2.166112591183837e-21,2.166112591183837e-21,0.0,0.9872222222222222,1.1,0,0,0,0,C1,0.0,0.0,0.11154713103929526,0.2,1.0,0.1,0.0,0.0,0.11154713103929526
phaseflip,mixed_pauli,0.15,2,0.5,0.1,10,qiskit_aer,1,1,0.8891875000000001,0.35019097222222223,0.8111111111111111,0.55,0.0,0.4,1.0,0.0,0.0995624999999998,0.0636862732953499,0.12749999999999984,0.06374999999999978,0.12749999999999992,-2.220446049250313e-16,-2.220446049250313e-16,1.0,0.9,0.2,0.0,0.0,0.0,0.0,0.4,0.21040881039295437,0.04157302498315466,0.22484631039295433,0.18359631039295432,0.2473463103929544,0.14544006039295435,0.11422131039295436,1.0,1.0,0.0,0.0,0.0,0.0,0.0,0.4,0.11154713103929524,0.06700913846926297,0.12749999999999984,0.07968749999999977,0.14015624999999976,-2.220446049250313e-16,-2.220446049250313e-16,1.0,1.0,0.2,0.0,0.0,0.0,0.0,0.4,0.0,0.10489241727506818,1.0489241727506817,0.22484631039295455,0.22484631039295455,0.11154713103929524,0.06700913846926297,0.12749999999999984,0.07968749999999977,0.14015624999999976,-2.220446049250313e-16,-2.220446049250313e-16,1.0,1.0,0.2,0.0,0.0,0.0,0.0,0.4,0.0,0.10489241727506818,1.0489241727506817,0.22484631039295455,0.22484631039295455,0.11154713103929524,0.06700913846926297,0.12749999999999984,0.07968749999999977,0.14015624999999976,-2.220446049250313e-16,-2.220446049250313e-16,1.0,1.0,0.2,0.0,0.0,0.0,0.0,0.4,0.0,0.10489241727506818,1.0489241727506817,0.22484631039295455,0.22484631039295455,0.11154713103929524,0.06700913846926297,0.12749999999999984,0.07968749999999977,0.14015624999999976,-2.220446049250313e-16,-2.220446049250313e-16,1.0,1.0,0.2,0.0,0.0,0.0,0.0,0.4,0.0,0.10489241727506818,1.0489241727506817,0.22484631039295455,0.22484631039295455,1.0,0.1,0.1,0.1,0.1,0.0,0.1,1.0,0.125,0.1,1.0,0.125,0.1,1.0,0.125,0.1,1.0,0.125,0.1,0.0,0.1,0.1,0.1,0.1,0.1,0.0,0.0,0.0,0.0,0.1,0.1,1.0,1.0,0.1,0.1,1.0,1.0,1.0,1.0,1.0,1.0,1,0,0.0,0.0,0.0,0.1,0.0,0.0,0.0,0.0,0.0,0.0,0.0,1.0,0.0,0.0,0.0,0.0,0.0,-0.150190972185304,2.166112591183837e-21,2.166112591183837e-21,0.0,0.9933333333333333,1.15,0,0,0,0,C1,0.0,0.0,0.11154713103929524,0.2,1.0,0.1,0.0,0.0,0.11154713103929524
phaseflip,mixed_pauli,0.15,3,0.5,0.03,10,qiskit_aer,1,1,0.8176000000000001,0.36927291666666673,0.7777777777777778,0.5166666666666667,0.0,0.1,1.0,0.0,0.1557374999999998,0.0679261133511995,0.14193749999999983,0.1117499999999998,0.1816874999999999,0.08101874999999972,0.055874999999999675,1.0,1.0,0.2,0.0,0.0,0.0,0.0,0.1,0.29808381039295434,0.045851874280120775,0.30153381039295435,0.28353381039295444,0.33659631039295435,0.2242088103929543,0.17797131039295433,1.0,1.0,0.0,0.0,0.0,0.0,0.0,0.1,0.1557374999999998,0.0679261133511995,0.14193749999999983,0.1117499999999998,0.1816874999999999,0.08101874999999972,0.055874999999999675,1.0,1.0,0.2,0.0,0.0,0.0,0.0,0.1,0.0,0.1483770483143636,1.483770483143636,0.22484631039295455,0.22484631039295455,0.1557374999999998,0.0679261133511995,0.14193749999999983,0.1117499999999998,0.1816874999999999,0.08101874999999972,0.055874999999999675,1.0,1.0,0.2,0.0,0.0,0.0,0.0,0.1,0.0,0.1483770483143636,1.483770483143636,0.22484631039295455,0.22484631039295455,0.1557374999999998,0.0679261133511995,0.14193749999999983,0.1117499999999998,0.1816874999999999,0.08101874999999972,0.055874999999999675,1.0,1.0,0.2,0.0,0.0,0.0,0.0,0.1,0.0,0.1483770483143636,1.483770483143636,0.22484631039295455,0.22484631039295455,0.1557374999999998,0.0679261133511995,0.14193749999999983,0.1117499999999998,0.1816874999999999,0.08101874999999972,0.055874999999999675,1.0,1.0,0.2,0.0,0.0,0.0,0.0,0.1,0.0,0.1483770483143636,1.483770483143636,0.22484631039295455,0.22484631039295455,1.0,0.0,0.0,0.0,0.0,0.0,0.0,1.0,0.0,0.0,1.0,0.0,0.0,1.0,0.0,0.0,1.0,0.0,0.0,0.0,0.0,0.0,0.0,0.0,0.0,0.0,0.0,0.0,0.0,0.0,0.0,1.0,1.0,0.5,0.0,0.0,0.0,0.0,0.0,0.0,0.0,0,0,0.0,0.0,0.0,0.0,0.0,0.0,0.0,0.0,0.0,0.0,0.0,1.0,0.0,0.0,0.0,0.0,0.0,-0.3692729166269193,0.0,0.0,0.0,0.9705555555555556,1.0466666666666666,0,0,0,0,C1,0.0,0.0,0.1557374999999998,0.2,1.0,0.0,0.0,0.0,0.1557374999999998
phaseflip,mixed_pauli,0.15,3,0.5,0.05,10,qiskit_aer,1,1,0.8176000000000001,0.36927291666666673,0.7777777777777778,0.5166666666666667,0.0,0.1,1.0,0.0,0.1557374999999998,0.0679261133511995,0.14193749999999983,0.1117499999999998,0.1816874999999999,0.08101874999999972,0.055874999999999675,1.0,1.0,0.2,0.0,0.0,0.0,0.0,0.1,0.29808381039295434,0.045851874280120775,0.30153381039295435,0.28353381039295444,0.33659631039295435,0.2242088103929543,0.17797131039295433,1.0,1.0,0.0,0.0,0.0,0.0,0.0,0.1,0.1557374999999998,0.0679261133511995,0.14193749999999983,0.1117499999999998,0.1816874999999999,0.08101874999999972,0.055874999999999675,1.0,1.0,0.2,0.0,0.0,0.0,0.0,0.1,0.0,0.1483770483143636,1.483770483143636,0.22484631039295455,0.22484631039295455,0.1557374999999998,0.0679261133511995,0.14193749999999983,0.1117499999999998,0.1816874999999999,0.08101874999999972,0.055874999999999675,1.0,1.0,0.2,0.0,0.0,0.0,0.0,0.1,0.0,0.1483770483143636,1.483770483143636,0.22484631039295455,0.22484631039295455,0.1557374999999998,0.0679261133511995,0.14193749999999983,0.1117499999999998,0.1816874999999999,0.08101874999999972,0.055874999999999675,1.0,1.0,0.2,0.0,0.0,0.0,0.0,0.1,0.0,0.1483770483143636,1.483770483143636,0.22484631039295455,0.22484631039295455,0.1557374999999998,0.0679261133511995,0.14193749999999983,0.1117499999999998,0.1816874999999999,0.08101874999999972,0.055874999999999675,1.0,1.0,0.2,0.0,0.0,0.0,0.0,0.1,0.0,0.1483770483143636,1.483770483143636,0.22484631039295455,0.22484631039295455,1.0,0.0,0.0,0.0,0.0,0.0,0.0,1.0,0.0,0.0,1.0,0.0,0.0,1.0,0.0,0.0,1.0,0.0,0.0,0.0,0.0,0.0,0.0,0.0,0.0,0.0,0.0,0.0,0.0,0.0,0.0,1.0,1.0,0.2,0.0,0.0,0.0,0.0,0.0,0.0,0.0,0,0,0.0,0.0,0.0,0.0,0.0,0.0,0.0,0.0,0.0,0.0,0.0,1.0,0.0,0.0,0.0,0.0,0.0,-0.3692729166269562,0.0,0.0,0.0,0.9805555555555556,1.0666666666666667,0,0,0,0,C1,0.0,0.0,0.1557374999999998,0.2,1.0,0.0,0.0,0.0,0.1557374999999998
phaseflip,mixed_pauli,0.15,3,0.5,0.1,10,qiskit_aer,1,1,0.8176000000000001,0.3496444444444445,0.7999999999999999,0.5166666666666667,0.0,0.1,1.0,0.0,0.1557374999999998,0.0679261133511995,0.14193749999999983,0.1117499999999998,0.1816874999999999,0.08101874999999972,0.055874999999999675,1.0,1.0,0.2,0.0,0.0,0.0,0.0,0.1,0.29808381039295434,0.045851874280120775,0.30153381039295435,0.28353381039295444,0.33659631039295435,0.2242088103929543,0.17797131039295433,1.0,1.0,0.0,0.0,0.0,0.0,0.0,0.1,0.1557374999999998,0.0679261133511995,0.14193749999999983,0.1117499999999998,0.1816874999999999,0.08101874999999972,0.055874999999999675,1.0,1.0,0.2,0.0,0.0,0.0,0.0,0.1,0.0,0.1483770483143636,1.483770483143636,0.22484631039295455,0.22484631039295455,0.1557374999999998,0.0679261133511995,0.14193749999999983,0.1117499999999998,0.1816874999999999,0.08101874999999972,0.055874999999999675,1.0,1.0,0.2,0.0,0.0,0.0,0.0,0.1,0.0,0.1483770483143636,1.483770483143636,0.22484631039295455,0.22484631039295455,0.1557374999999998,0.0679261133511995,0.14193749999999983,0.1117499999999998,0.1816874999999999,0.08101874999999972,0.055874999999999675,1.0,1.0,0.2,0.0,0.0,0.0,0.0,0.1,0.0,0.1483770483143636,1.483770483143636,0.22484631039295455,0.22484631039295455,0.1557374999999998,0.0679261133511995,0.14193749999999983,0.1117499999999998,0.1816874999999999,0.08101874999999972,0.055874999999999675,1.0,1.0,0.2,0.0,0.0,0.0,0.0,0.1,0.0,0.1483770483143636,1.483770483143636,0.22484631039295455,0.22484631039295455,1.0,0.0,0.0,0.0,0.0,0.0,0.0,1.0,0.0,0.0,1.0,0.0,0.0,1.0,0.0,0.0,1.0,0.0,0.0,0.0,0.0,0.0,0.0,0.0,0.0,0.0,0.0,0.0,0.0,0.0,0.0,1.0,1.0,0.2,0.0,0.0,0.0,0.0,0.0,0.0,0.0,0,0,0.0,0.0,0.0,0.0,0.0,0.0,0.0,0.0,0.0,0.0,0.0,1.0,0.0,0.0,0.0,0.0,0.0,-0.34964444440473846,0.0,0.0,0.0,0.9922222222222222,1.1166666666666665,0,0,0,0,C1,0.0,0.0,0.1557374999999998,0.2,1.0,0.0,0.0,0.0,0.1557374999999998
phaseflip,mixed_pauli,0.15,4,0.5,0.03,10,qiskit_aer,1,1,0.7692756250000001,0.30084881944444447,0.7777777777777778,0.5333333333333333,0.0,0.0,1.0,0.0,0.18482999999999986,0.06770821334732957,0.1680749999999998,0.1592437499999998,0.20254687499999985,0.1019146874999999,0.10072500000000018,1.0,1.0,0.1,0.0,0.0,0.0,0.0,0.0,0.37052631039295436,0.041727402922869576,0.38409006039295435,0.3381197478929542,0.3953259978929544,0.3048356853929543,0.2967525603929543,1.0,1.0,0.0,0.0,0.0,0.0,0.0,0.0,0.18482999999999986,0.06770821334732957,0.1680749999999998,0.1592437499999998,0.20254687499999985,0.1019146874999999,0.10072500000000018,1.0,1.0,0.1,0.0,0.0,0.0,0.0,0.0,0.0,0.18871167935365904,1.8871167935365902,0.2652713103929543,0.29834631039295423,0.18482999999999986,0.06770821334732957,0.1680749999999998,0.1592437499999998,0.20254687499999985,0.1019146874999999,0.10072500000000018,1.0,1.0,0.1,0.0,0.0,0.0,0.0,0.0,0.0,0.18871167935365904,1.8871167935365902,0.2652713103929543,0.29834631039295423,0.18482999999999986,0.06770821334732957,0.1680749999999998,0.1592437499999998,0.20254687499999985,0.1019146874999999,0.10072500000000018,1.0,1.0,0.1,0.0,0.0,0.0,0.0,0.0,0.0,0.18871167935365904,1.8871167935365902,0.2652713103929543,0.29834631039295423,0.18482999999999986,0.06770821334732957,0.1680749999999998,0.1592437499999998,0.20254687499999985,0.1019146874999999,0.10072500000000018,1.0,1.0,0.1,0.0,0.0,0.0,0.0,0.0,0.0,0.18871167935365904,1.8871167935365902,0.2652713103929543,0.29834631039295423,1.0,0.0,0.0,0.0,0.0,0.0,0.0,1.0,0.0,0.0,1.0,0.0,0.0,1.0,0.0,0.0,1.0,0.0,0.0,0.0,0.0,0.0,0.0,0.0,0.0,0.0,0.0,0.0,0.0,0.0,0.0,1.0,1.0,0.3,0.0,0.0,0.0,0.0,0.0,0.0,0.0,0,0,0.0,0.0,0.0,0.0,0.0,0.0,0.0,0.0,0.0,0.0,0.0,1.0,0.0,0.0,0.0,0.0,0.0,-0.3008488194400308,0.0,0.0,0.0,0.959,1.0633333333333332,0,0,0,0,C1,0.0,0.0,0.18482999999999986,0.1,1.0,0.0,0.0,0.0,0.18482999999999986
phaseflip,mixed_pauli,0.15,4,0.5,0.05,10,qiskit_aer,1,1,0.7692756250000001,0.30084881944444447,0.7777777777777778,0.5333333333333333,0.0,0.0,1.0,0.0,0.18482999999999983,0.06770821334732956,0.1680749999999998,0.1592437499999998,0.20254687499999985,0.1019146874999999,0.10072500000000018,1.0,1.0,0.1,0.0,0.0,0.0,0.0,0.0,0.37052631039295436,0.041727402922869576,0.38409006039295435,0.3381197478929542,0.3953259978929544,0.3048356853929543,0.2967525603929543,1.0,1.0,0.0,0.0,0.0,0.0,0.0,0.0,0.18482999999999983,0.06770821334732956,0.1680749999999998,0.1592437499999998,0.20254687499999985,0.1019146874999999,0.10072500000000018,1.0,1.0,0.1,0.0,0.0,0.0,0.0,0.0,0.0,0.18871167935365904,1.8871167935365902,0.2652713103929543,0.29834631039295423,0.18482999999999983,0.06770821334732956,0.1680749999999998,0.1592437499999998,0.20254687499999985,0.1019146874999999,0.10072500000000018,1.0,1.0,0.1,0.0,0.0,0.0,0.0,0.0,0.0,0.18871167935365904,1.8871167935365902,0.2652713103929543,0.29834631039295423,0.18482999999999983,0.06770821334732956,0.1680749999999998,0.1592437499999998,0.20254687499999985,0.1019146874999999,0.10072500000000018,1.0,1.0,0.1,0.0,0.0,0.0,0.0,0.0,0.0,0.18871167935365904,1.8871167935365902,0.2652713103929543,0.29834631039295423,0.18482999999999983,0.06770821334732956,0.1680749999999998,0.1592437499999998,0.20254687499999985,0.1019146874999999,0.10072500000000018,1.0,1.0,0.1,0.0,0.0,0.0,0.0,0.0,0.0,0.18871167935365904,1.8871167935365902,0.2652713103929543,0.29834631039295423,1.0,0.0,0.0,0.0,0.0,0.0,0.0,1.0,0.0,0.0,1.0,0.0,0.0,1.0,0.0,0.0,1.0,0.0,0.0,0.0,0.0,0.0,0.0,0.0,0.0,0.0,0.0,0.0,0.0,0.0,0.0,1.0,1.0,0.3,0.0,0.0,0.0,0.0,0.0,0.0,0.0,0,0,0.0,0.0,0.0,0.0,0.0,0.0,0.0,0.0,0.0,0.0,0.0,1.0,0.0,0.0,0.0,0.0,0.0,-0.3008488194398295,0.0,0.0,0.0,0.965,1.0833333333333333,0,0,0,0,C1,0.0,0.0,0.18482999999999983,0.1,1.0,0.0,0.0,0.0,0.18482999999999983
phaseflip,mixed_pauli,0.15,4,0.5,0.1,10,qiskit_aer,1,1,0.7692756250000001,0.29283145833333335,0.7888888888888889,0.5333333333333333,0.0,0.0,1.0,0.0,0.18482999999999983,0.06770821334732956,0.1680749999999998,0.1592437499999998,0.20254687499999985,0.1019146874999999,0.10072500000000018,1.0,0.9,0.1,0.0,0.0,0.0,0.0,0.0,0.37052631039295436,0.041727402922869576,0.38409006039295435,0.3381197478929542,0.3953259978929544,0.3048356853929543,0.2967525603929543,1.0,1.0,0.0,0.0,0.0,0.0,0.0,0.0,0.2073146310392953,0.10059619257423942,0.1680749999999998,0.1592437499999998,0.23348437499999994,0.1019146874999999,0.10072500000000018,1.0,1.0,0.1,0.0,0.0,0.0,0.0,0.0,0.0,0.16622704831436358,1.662270483143636,0.2652713103929543,0.29834631039295423,0.2073146310392953,0.10059619257423942,0.1680749999999998,0.1592437499999998,0.23348437499999994,0.1019146874999999,0.10072500000000018,1.0,1.0,0.1,0.0,0.0,0.0,0.0,0.0,0.0,0.16622704831436358,1.662270483143636,0.2652713103929543,0.29834631039295423,0.2073146310392953,0.10059619257423942,0.1680749999999998,0.1592437499999998,0.23348437499999994,0.1019146874999999,0.10072500000000018,1.0,1.0,0.1,0.0,0.0,0.0,0.0,0.0,0.0,0.16622704831436358,1.662270483143636,0.2652713103929543,0.29834631039295423,0.2073146310392953,0.10059619257423942,0.1680749999999998,0.1592437499999998,0.23348437499999994,0.1019146874999999,0.10072500000000018,1.0,1.0,0.1,0.0,0.0,0.0,0.0,0.0,0.0,0.16622704831436358,1.662270483143636,0.2652713103929543,0.29834631039295423,1.0,0.1,0.1,0.1,0.1,0.0,0.1,1.0,0.1111111111111111,0.1,1.0,0.1111111111111111,0.1,1.0,0.1111111111111111,0.1,1.0,0.1111111111111111,0.1,0.0,0.1,0.1,0.1,0.1,0.1,0.0,0.0,0.0,0.0,0.1,0.1,1.0,1.0,0.3,0.1,1.0,1.0,1.0,1.0,1.0,1.0,1,0,0.0,0.0,0.0,0.1,0.0,0.0,0.0,0.0,0.0,0.0,0.0,1.0,0.0,0.0,0.0,0.0,0.0,-0.09283145832883706,2.166112591183837e-21,2.166112591183837e-21,0.0,0.98,1.1333333333333333,0,0,0,0,C1,0.0,0.0,0.2073146310392953,0.1,1.0,0.1,0.0,0.0,0.2073146310392953
phaseflip,mixed_pauli,0.2,1,0.5,0.03,10,qiskit_aer,1,1,0.93,0.3938888888888889,0.8222222222222222,0.5333333333333333,0.0,0.8,1.0,0.0,0.06999999999999995,0.07810249675906632,0.04999999999999993,2.220446049250313e-16,0.09999999999999964,2.220446049250313e-16,2.220446049250313e-16,1.0,0.7,0.5,0.0,0.0,0.0,0.0,0.5,0.13984631039295436,0.04582575694955844,0.1698463103929544,0.09484631039295432,0.1698463103929544,0.0698463103929543,0.0698463103929543,1.0,1.0,0.0,0.0,0.0,0.0,0.0,0.8,0.06095389311788635,0.06739456544962752,0.03492315519647726,2.220446049250313e-16,0.09999999999999964,2.220446049250313e-16,2.220446049250313e-16,1.0,1.0,0.2,0.0,0.0,0.0,0.0,0.6,0.0,0.09396926207859069,0.9396926207859069,0.16984631039295417,0.16984631039295417,0.06095389311788635,0.06739456544962752,0.03492315519647726,2.220446049250313e-16,0.09999999999999964,2.220446049250313e-16,2.220446049250313e-16,1.0,1.0,0.2,0.0,0.0,0.0,0.0,0.6,0.0,0.09396926207859069,0.9396926207859069,0.16984631039295417,0.16984631039295417,0.06095389311788635,0.06739456544962752,0.03492315519647726,2.220446049250313e-16,0.09999999999999964,2.220446049250313e-16,2.220446049250313e-16,1.0,1.0,0.2,0.0,0.0,0.0,0.0,0.6,0.0,0.09396926207859069,0.9396926207859069,0.16984631039295417,0.16984631039295417,0.06999999999999995,0.07810249675906632,0.04999999999999993,2.220446049250313e-16,0.09999999999999964,2.220446049250313e-16,2.220446049250313e-16,1.0,0.7,0.5,0.0,0.0,0.0,0.0,0.5,0.015161730781751875,0.08492315519647708,0.8492315519647708,0.16984631039295417,0.16984631039295417,1.0,0.3,0.3,0.3,0.0,0.3,0.3,0.4,0.0,0.3,0.4,0.0,0.3,0.4,0.0,0.0,1.0,0.0,0.3,0.0,0.3,0.3,0.0,0.3,0.3,0.3,0.0,0.0,0.0,0.3,0.3,1.0,1.0,0.2,0.0,1.0,1.0,1.0,1.0,0.0,0.0,3,3,0.3,1.0,0.3,0.0,0.3,0.0,1.0,0.0,1.0,1.0,0.0,1.0,0.09046106882113603,0.0,0.09046106882113603,0.009046106882113603,0.09046106882113603,0.20611114884033488,0.015161730781751875,0.015161730781751875,0.0,0.9837777777777778,1.0633333333333335,0,0,0,3,C3R,0.0,0.0,0.06999999999999995,0.5,1.0,0.0,0.0,0.0,0.06999999999999995
phaseflip,mixed_pauli,0.2,1,0.5,0.05,10,qiskit_aer,1,1,0.93,0.38833333333333336,0.8222222222222222,0.5333333333333333,0.0,0.8,1.0,0.0,0.06999999999999995,0.07810249675906632,0.04999999999999993,2.220446049250313e-16,0.09999999999999964,2.220446049250313e-16,2.220446049250313e-16,1.0,0.7,0.5,0.0,0.0,0.0,0.0,0.5,0.13984631039295436,0.04582575694955844,0.1698463103929544,0.09484631039295432,0.1698463103929544,0.0698463103929543,0.0698463103929543,1.0,1.0,0.0,0.0,0.0,0.0,0.0,0.8,0.06095389311788635,0.06739456544962752,0.03492315519647726,2.220446049250313e-16,0.09999999999999964,2.220446049250313e-16,2.220446049250313e-16,1.0,1.0,0.2,0.0,0.0,0.0,0.0,0.6,0.0,0.09396926207859069,0.9396926207859069,0.16984631039295417,0.16984631039295417,0.06095389311788635,0.06739456544962752,0.03492315519647726,2.220446049250313e-16,0.09999999999999964,2.220446049250313e-16,2.220446049250313e-16,1.0,1.0,0.2,0.0,0.0,0.0,0.0,0.6,0.0,0.09396926207859069,0.9396926207859069,0.16984631039295417,0.16984631039295417,0.06095389311788635,0.06739456544962752,0.03492315519647726,2.220446049250313e-16,0.09999999999999964,2.220446049250313e-16,2.220446049250313e-16,1.0,1.0,0.2,0.0,0.0,0.0,0.0,0.6,0.0,0.09396926207859069,0.9396926207859069,0.16984631039295417,0.16984631039295417,0.06999999999999995,0.07810249675906632,0.04999999999999993,2.220446049250313e-16,0.09999999999999964,2.220446049250313e-16,2.220446049250313e-16,1.0,0.7,0.5,0.0,0.0,0.0,0.0,0.5,0.011874890566266222,0.08492315519647708,0.8492315519647708,0.16984631039295417,0.16984631039295417,1.0,0.3,0.3,0.3,0.0,0.3,0.3,0.4,0.0,0.3,0.4,0.0,0.3,0.4,0.0,0.0,1.0,0.0,0.3,0.0,0.3,0.3,0.0,0.3,0.3,0.3,0.0,0.0,0.0,0.3,0.3,1.0,1.0,0.2,0.0,1.0,1.0,1.0,1.0,0.0,0.0,3,3,0.3,1.0,0.3,0.0,0.3,0.0,1.0,0.0,1.0,1.0,0.0,1.0,0.09046106882113603,0.0,0.09046106882113603,0.009046106882113603,0.09046106882113603,0.21166670439452995,0.011874890566266222,0.011874890566266222,0.0,0.9877777777777778,1.0833333333333335,0,0,0,3,C3R,0.0,0.0,0.06999999999999995,0.5,1.0,0.0,0.0,0.0,0.06999999999999995
phaseflip,mixed_pauli,0.2,1,0.5,0.1,10,qiskit_aer,1,1,0.93,0.3488888888888889,0.8666666666666667,0.5333333333333333,0.0,0.8,1.0,0.0,0.06999999999999995,0.07810249675906632,0.04999999999999993,2.220446049250313e-16,0.09999999999999964,2.220446049250313e-16,2.220446049250313e-16,1.0,0.7,0.5,0.0,0.0,0.0,0.0,0.5,0.13984631039295436,0.04582575694955844,0.1698463103929544,0.09484631039295432,0.1698463103929544,0.0698463103929543,0.0698463103929543,1.0,1.0,0.0,0.0,0.0,0.0,0.0,0.8,0.06095389311788635,0.06739456544962752,0.03492315519647726,2.220446049250313e-16,0.09999999999999964,2.220446049250313e-16,2.220446049250313e-16,1.0,1.0,0.2,0.0,0.0,0.0,0.0,0.6,0.0,0.09396926207859069,0.9396926207859069,0.16984631039295417,0.16984631039295417,0.06095389311788635,0.06739456544962752,0.03492315519647726,2.220446049250313e-16,0.09999999999999964,2.220446049250313e-16,2.220446049250313e-16,1.0,1.0,0.2,0.0,0.0,0.0,0.0,0.6,0.0,0.09396926207859069,0.9396926207859069,0.16984631039295417,0.16984631039295417,0.06095389311788635,0.06739456544962752,0.03492315519647726,2.220446049250313e-16,0.09999999999999964,2.220446049250313e-16,2.220446049250313e-16,1.0,1.0,0.2,0.0,0.0,0.0,0.0,0.6,0.0,0.09396926207859069,0.9396926207859069,0.16984631039295417,0.16984631039295417,0.06999999999999995,0.07810249675906632,0.04999999999999993,2.220446049250313e-16,0.09999999999999964,2.220446049250313e-16,2.220446049250313e-16,1.0,0.7,0.5,0.0,0.0,0.0,0.0,0.5,0.011874890566266222,0.08492315519647708,0.8492315519647708,0.16984631039295417,0.16984631039295417,1.0,0.3,0.3,0.3,0.0,0.3,0.3,0.4,0.0,0.3,0.4,0.0,0.3,0.4,0.0,0.0,1.0,0.0,0.3,0.0,0.3,0.3,0.0,0.3,0.3,0.3,0.0,0.0,0.0,0.3,0.3,1.0,1.0,0.2,0.0,1.0,1.0,1.0,1.0,0.0,0.0,3,3,0.3,1.0,0.3,0.0,0.3,0.0,1.0,0.0,1.0,1.0,0.0,1.0,0.09046106882113603,0.0,0.09046106882113603,0.009046106882113603,0.09046106882113603,0.25111114883897445,0.011874890566266222,0.011874890566266222,0.0,0.9977777777777778,1.1333333333333333,0,0,0,3,C3R,0.0,0.0,0.06999999999999995,0.5,1.0,0.0,0.0,0.0,0.06999999999999995
phaseflip,mixed_pauli,0.2,2,0.5,0.03,10,qiskit_aer,1,1,0.8530000000000001,0.3608888888888889,0.8,0.55,0.0,0.4,1.0,0.0,0.12699999999999992,0.08271033792700883,0.15999999999999992,0.08000000000000007,0.15999999999999992,-1.1102230246251565e-16,-1.1102230246251565e-16,1.0,0.8,0.2,0.0,0.0,0.0,0.0,0.4,0.2808463103929545,0.052239831546435946,0.2898463103929544,0.24984631039295446,0.32984631039295453,0.20034631039295442,0.15984631039295438,1.0,1.0,0.0,0.0,0.0,0.0,0.0,0.4,0.16096926207859083,0.11704107980466934,0.15999999999999992,0.08000000000000007,0.2574999999999998,-1.1102230246251565e-16,-1.1102230246251565e-16,1.0,1.0,0.2,0.0,0.0,0.0,0.0,0.4,0.0,0.1259077862357727,1.259077862357727,0.2898463103929545,0.2898463103929545,0.16096926207859083,0.11704107980466934,0.15999999999999992,0.08000000000000007,0.2574999999999998,-1.1102230246251565e-16,-1.1102230246251565e-16,1.0,1.0,0.2,0.0,0.0,0.0,0.0,0.4,0.0,0.1259077862357727,1.259077862357727,0.2898463103929545,0.2898463103929545,0.16096926207859083,0.11704107980466934,0.15999999999999992,0.08000000000000007,0.2574999999999998,-1.1102230246251565e-16,-1.1102230246251565e-16,1.0,1.0,0.2,0.0,0.0,0.0,0.0,0.4,0.0,0.1259077862357727,1.259077862357727,0.2898463103929545,0.2898463103929545,0.14398463103929537,0.10275351513433728,0.15999999999999992,0.08000000000000007,0.18249999999999977,-1.1102230246251565e-16,-1.1102230246251565e-16,1.0,0.9,0.2,0.0,0.0,0.0,0.0,0.4,0.0137049139522555,0.14289241727506816,1.4289241727506816,0.2898463103929545,0.2898463103929545,1.0,0.2,0.2,0.2,0.1,0.1,0.2,1.0,0.25,0.2,1.0,0.25,0.2,1.0,0.25,0.1,1.0,0.125,0.2,0.0,0.2,0.2,0.1,0.2,0.2,0.1,0.0,0.0,0.0,0.2,0.2,1.0,1.0,0.3,0.1,1.0,1.0,1.0,1.0,0.5,0.5,2,1,0.1,0.5,0.0,0.2,0.0,0.1,0.0,1.0,0.0,0.0,0.5,0.5,0.0,0.1698463103929546,-0.1698463103929546,-0.016984631039295463,-0.1698463103929546,0.03911111113484838,0.018352880801930337,0.018352880801930337,0.0,0.9812222222222222,1.08,0,0,0,1,C1,0.0,0.0,0.16096926207859083,0.2,1.0,0.2,0.0,0.0,0.16096926207859083
phaseflip,mixed_pauli,0.2,2,0.5,0.05,10,qiskit_aer,1,1,0.8530000000000001,0.3608888888888889,0.8,0.55,0.0,0.4,1.0,0.0,0.12699999999999992,0.08271033792700883,0.15999999999999992,0.08000000000000007,0.15999999999999992,-1.1102230246251565e-16,-1.1102230246251565e-16,1.0,0.9,0.2,0.0,0.0,0.0,0.0,0.4,0.2808463103929545,0.052239831546435946,0.2898463103929544,0.24984631039295446,0.32984631039295453,0.20034631039295442,0.15984631039295438,1.0,1.0,0.0,0.0,0.0,0.0,0.0,0.4,0.14398463103929537,0.10275351513433728,0.15999999999999992,0.08000000000000007,0.18249999999999977,-1.1102230246251565e-16,-1.1102230246251565e-16,1.0,1.0,0.2,0.0,0.0,0.0,0.0,0.4,0.0,0.14289241727506816,1.4289241727506816,0.2898463103929545,0.2898463103929545,0.14398463103929537,0.10275351513433728,0.15999999999999992,0.08000000000000007,0.18249999999999977,-1.1102230246251565e-16,-1.1102230246251565e-16,1.0,1.0,0.2,0.0,0.0,0.0,0.0,0.4,0.0,0.14289241727506816,1.4289241727506816,0.2898463103929545,0.2898463103929545,0.14398463103929537,0.10275351513433728,0.15999999999999992,0.08000000000000007,0.18249999999999977,-1.1102230246251565e-16,-1.1102230246251565e-16,1.0,1.0,0.2,0.0,0.0,0.0,0.0,0.4,0.0,0.14289241727506816,1.4289241727506816,0.2898463103929545,0.2898463103929545,0.12699999999999992,0.08271033792700883,0.15999999999999992,0.08000000000000007,0.15999999999999992,-1.1102230246251565e-16,-1.1102230246251565e-16,1.0,0.9,0.2,0.0,0.0,0.0,0.0,0.4,0.004647966849674839,0.1598770483143636,1.5987704831436362,0.2898463103929545,0.2898463103929545,1.0,0.1,0.1,0.1,0.0,0.1,0.1,1.0,0.125,0.1,1.0,0.125,0.1,1.0,0.125,0.0,1.0,0.0,0.1,0.0,0.1,0.1,0.0,0.1,0.1,0.1,0.0,0.0,0.0,0.1,0.1,1.0,1.0,0.1,0.0,1.0,1.0,1.0,1.0,0.0,0.0,1,1,0.1,1.0,0.0,0.1,0.0,0.1,0.0,1.0,0.0,0.0,1.0,0.0,0.0,0.1698463103929546,-0.1698463103929546,-0.016984631039295463,-0.1698463103929546,-0.1608888888647494,0.004647966849674839,0.004647966849674839,0.0,0.9872222222222222,1.1,0,0,0,1,C1,0.0,0.0,0.14398463103929537,0.2,1.0,0.1,0.0,0.0,0.14398463103929537
phaseflip,mixed_pauli,0.2,2,0.5,0.1,10,qiskit_aer,1,1,0.8530000000000001,0.3375,0.8111111111111111,0.55,0.0,0.4,1.0,0.0,0.12699999999999992,0.08271033792700883,0.15999999999999992,0.08000000000000007,0.15999999999999992,-1.1102230246251565e-16,-1.1102230246251565e-16,1.0,0.8,0.2,0.0,0.0,0.0,0.0,0.4,0.2808463103929545,0.052239831546435946,0.2898463103929544,0.24984631039295446,0.32984631039295453,0.20034631039295442,0.15984631039295438,1.0,1.0,0.0,0.0,0.0,0.0,0.0,0.4,0.16096926207859083,0.11704107980466934,0.15999999999999992,0.08000000000000007,0.2574999999999998,-1.1102230246251565e-16,-1.1102230246251565e-16,1.0,1.0,0.2,0.0,0.0,0.0,0.0,0.4,0.0,0.1259077862357727,1.259077862357727,0.2898463103929545,0.2898463103929545,0.16096926207859083,0.11704107980466934,0.15999999999999992,0.08000000000000007,0.2574999999999998,-1.1102230246251565e-16,-1.1102230246251565e-16,1.0,1.0,0.2,0.0,0.0,0.0,0.0,0.4,0.0,0.1259077862357727,1.259077862357727,0.2898463103929545,0.2898463103929545,0.16096926207859083,0.11704107980466934,0.15999999999999992,0.08000000000000007,0.2574999999999998,-1.1102230246251565e-16,-1.1102230246251565e-16,1.0,1.0,0.2,0.0,0.0,0.0,0.0,0.4,0.0,0.1259077862357727,1.259077862357727,0.2898463103929545,0.2898463103929545,0.12699999999999992,0.08271033792700883,0.15999999999999992,0.08000000000000007,0.15999999999999992,-1.1102230246251565e-16,-1.1102230246251565e-16,1.0,0.8,0.2,0.0,0.0,0.0,0.0,0.4,0.025579804518521702,0.1598770483143636,1.5987704831436362,0.2898463103929545,0.2898463103929545,1.0,0.2,0.2,0.2,0.0,0.2,0.2,1.0,0.25,0.2,1.0,0.25,0.2,1.0,0.25,0.0,1.0,0.0,0.2,0.0,0.2,0.2,0.0,0.2,0.2,0.2,0.0,0.0,0.0,0.2,0.2,1.0,1.0,0.1,0.0,1.0,1.0,1.0,1.0,0.0,0.0,2,2,0.2,1.0,0.0,0.2,0.0,0.2,0.0,1.0,0.0,0.0,1.0,0.0,0.0,0.3396926207859092,-0.3396926207859092,-0.033969262078590926,-0.3396926207859092,0.06250000002402839,0.025579804518521702,0.025579804518521702,0.0,0.9933333333333333,1.15,0,0,0,2,C1,0.0,0.0,0.16096926207859083,0.2,1.0,0.2,0.0,0.0,0.16096926207859083
phaseflip,mixed_pauli,0.2,3,0.5,0.03,10,qiskit_aer,1,1,0.7622000000000001,0.33567777777777785,0.7777777777777778,0.5166666666666667,0.0,0.0,1.0,0.0,0.19260000000000005,0.08644096251199417,0.17200000000000004,0.13600000000000012,0.2240000000000002,0.09860000000000009,0.06800000000000006,1.0,0.5,0.2,0.0,0.0,0.0,0.0,0.0,0.38244631039295457,0.054185237842054444,0.3938463103929546,0.36284631039295456,0.4258463103929546,0.2929463103929544,0.23984631039295434,1.0,1.0,0.0,0.0,0.0,0.0,0.0,0.0,0.3135231551964773,0.10782912596168281,0.36784631039295457,0.23550000000000007,0.39238473279471586,0.13600000000000012,0.13600000000000012,1.0,1.0,0.2,0.0,0.0,0.0,0.0,0.0,0.0,0.07495389311788633,0.7495389311788634,0.2898463103929545,0.2898463103929545,0.3135231551964773,0.10782912596168281,0.36784631039295457,0.23550000000000007,0.39238473279471586,0.13600000000000012,0.13600000000000012,1.0,1.0,0.2,0.0,0.0,0.0,0.0,0.0,0.0,0.07495389311788633,0.7495389311788634,0.2898463103929545,0.2898463103929545,0.3135231551964773,0.10782912596168281,0.36784631039295457,0.23550000000000007,0.39238473279471586,0.13600000000000012,0.13600000000000012,1.0,1.0,0.2,0.0,0.0,0.0,0.0,0.0,0.0,0.07495389311788633,0.7495389311788634,0.2898463103929545,0.2898463103929545,0.23856926207859092,0.10241287515969863,0.21600000000000008,0.13600000000000012,0.33588473279471587,0.13600000000000012,0.13600000000000012,1.0,0.7,0.2,0.0,0.0,0.0,0.0,0.0,2.1289479746445483e-20,0.1499077862357727,1.499077862357727,0.2898463103929545,0.2898463103929545,1.0,0.5,0.5,0.5,0.2,0.3,0.5,1.0,0.625,0.5,1.0,0.625,0.5,1.0,0.625,0.2,1.0,0.25,0.5,0.0,0.5,0.5,0.2,0.5,0.5,0.3,0.0,0.0,0.0,0.5,0.5,1.0,1.0,0.5,0.2,1.0,1.0,1.0,1.0,0.4,0.4,5,3,0.3,0.6,0.0,0.5,0.0,0.3,0.0,1.0,0.0,0.0,0.6,0.4,0.0,0.7495389311788636,-0.7495389311788636,-0.07495389311788636,-0.7495389311788636,0.6643222222293407,0.00556297854266948,0.00556297854266948,0.0,0.9705555555555556,1.0466666666666666,0,0,0,3,C1,0.0,0.0,0.3135231551964773,0.2,1.0,0.5,0.0,0.0,0.3135231551964773
phaseflip,mixed_pauli,0.2,3,0.5,0.05,10,qiskit_aer,1,1,0.7622000000000001,0.33567777777777785,0.7777777777777778,0.5166666666666667,0.0,0.0,1.0,0.0,0.19260000000000005,0.08644096251199417,0.17200000000000004,0.13600000000000012,0.2240000000000002,0.09860000000000009,0.06800000000000006,1.0,0.4,0.2,0.0,0.0,0.0,0.0,0.0,0.38244631039295457,0.054185237842054444,0.3938463103929546,0.36284631039295456,0.4258463103929546,0.2929463103929544,0.23984631039295434,1.0,1.0,0.0,0.0,0.0,0.0,0.0,0.0,0.3305077862357727,0.10574679242680576,0.3829231551964772,0.2919615775982384,0.3938463103929546,0.13600000000000012,0.13600000000000012,1.0,1.0,0.2,0.0,0.0,0.0,0.0,0.0,0.0,0.0579692620785909,0.579692620785909,0.2898463103929545,0.2898463103929545,0.3305077862357727,0.10574679242680576,0.3829231551964772,0.2919615775982384,0.3938463103929546,0.13600000000000012,0.13600000000000012,1.0,1.0,0.2,0.0,0.0,0.0,0.0,0.0,0.0,0.0579692620785909,0.579692620785909,0.2898463103929545,0.2898463103929545,0.3305077862357727,0.10574679242680576,0.3829231551964772,0.2919615775982384,0.3938463103929546,0.13600000000000012,0.13600000000000012,1.0,1.0,0.2,0.0,0.0,0.0,0.0,0.0,0.0,0.0579692620785909,0.579692620785909,0.2898463103929545,0.2898463103929545,0.2265692620785909,0.11925163614471489,0.17200000000000004,0.13600000000000012,0.35849999999999976,0.09860000000000009,0.06800000000000006,1.0,0.6,0.2,0.0,0.0,0.0,0.0,0.0,8.664450364735348e-21,0.1619077862357727,1.619077862357727,0.2898463103929545,0.2898463103929545,1.0,0.6,0.6,0.6,0.2,0.4,0.6,1.0,0.75,0.6,1.0,0.75,0.6,1.0,0.75,0.2,1.0,0.25,0.6,0.0,0.6,0.6,0.2,0.6,0.6,0.4,0.0,0.0,0.0,0.6,0.6,1.0,1.0,0.2,0.2,1.0,1.0,1.0,1.0,0.3333333333333333,0.3333333333333333,6,4,0.4,0.6666666666666666,0.0,0.6,0.0,0.4,0.0,1.0,0.0,0.0,0.6666666666666666,0.33333333333333337,0.0,1.039385241571818,-1.039385241571818,-0.10393852415718181,-1.039385241571818,0.8643222222287827,0.0137049139522555,0.0137049139522555,0.0,0.9805555555555556,1.0666666666666667,0,0,0,4,C1,0.0,0.0,0.3305077862357727,0.2,1.0,0.6,0.0,0.0,0.3305077862357727
phaseflip,mixed_pauli,0.2,3,0.5,0.1,10,qiskit_aer,1,1,0.7622000000000001,0.3169555555555556,0.7999999999999999,0.5166666666666667,0.0,0.0,1.0,0.0,0.19260000000000005,0.08644096251199417,0.17200000000000004,0.13600000000000012,0.2240000000000002,0.09860000000000009,0.06800000000000006,1.0,0.4,0.2,0.0,0.0,0.0,0.0,0.0,0.38244631039295457,0.054185237842054444,0.3938463103929546,0.36284631039295456,0.4258463103929546,0.2929463103929544,0.23984631039295434,1.0,1.0,0.0,0.0,0.0,0.0,0.0,0.0,0.3305077862357727,0.10574679242680576,0.3829231551964772,0.2919615775982384,0.3938463103929546,0.13600000000000012,0.13600000000000012,1.0,1.0,0.2,0.0,0.0,0.0,0.0,0.0,0.0,0.0579692620785909,0.579692620785909,0.2898463103929545,0.2898463103929545,0.3305077862357727,0.10574679242680576,0.3829231551964772,0.2919615775982384,0.3938463103929546,0.13600000000000012,0.13600000000000012,1.0,1.0,0.2,0.0,0.0,0.0,0.0,0.0,0.0,0.0579692620785909,0.579692620785909,0.2898463103929545,0.2898463103929545,0.3305077862357727,0.10574679242680576,0.3829231551964772,0.2919615775982384,0.3938463103929546,0.13600000000000012,0.13600000000000012,1.0,1.0,0.2,0.0,0.0,0.0,0.0,0.0,0.0,0.0579692620785909,0.579692620785909,0.2898463103929545,0.2898463103929545,0.2265692620785909,0.11925163614471489,0.17200000000000004,0.13600000000000012,0.35849999999999976,0.09860000000000009,0.06800000000000006,1.0,0.6,0.2,0.0,0.0,0.0,0.0,0.0,5.851416249405074e-18,0.1619077862357727,1.619077862357727,0.2898463103929545,0.2898463103929545,1.0,0.6,0.6,0.6,0.2,0.4,0.6,1.0,0.75,0.6,1.0,0.75,0.6,1.0,0.75,0.2,1.0,0.25,0.6,0.0,0.6,0.6,0.2,0.6,0.6,0.4,0.0,0.0,0.0,0.6,0.6,1.0,1.0,0.2,0.2,1.0,1.0,1.0,1.0,0.3333333333333333,0.3333333333333333,6,4,0.4,0.6666666666666666,0.0,0.6,0.0,0.4,0.0,1.0,0.0,0.0,0.6666666666666666,0.33333333333333337,0.0,1.039385241571818,-1.039385241571818,-0.10393852415718181,-1.039385241571818,0.8830444444516233,0.013704913952255504,0.013704913952255504,0.0,0.9922222222222222,1.1166666666666665,0,0,0,4,C1,0.0,0.0,0.3305077862357727,0.2,1.0,0.6,0.0,0.0,0.3305077862357727
phaseflip,mixed_pauli,0.2,4,0.5,0.03,10,qiskit_aer,1,1,0.70536,0.2480088888888889,0.7777777777777778,0.5333333333333333,0.0,0.0,1.0,0.0,0.21988000000000002,0.08175124219239724,0.20320000000000005,0.1904,0.23800000000000004,0.12196000000000015,0.12160000000000032,1.0,0.4,0.1,0.0,0.0,0.0,0.0,0.0,0.4609263103929545,0.047188490122062623,0.4802463103929545,0.4228463103929545,0.48264631039295447,0.3878263103929545,0.3858463103929545,1.0,1.0,0.0,0.0,0.0,0.0,0.0,0.0,0.36978778623577274,0.14003913329249074,0.41632315519647717,0.23926157759823863,0.47384631039295455,0.1525600000000002,0.12160000000000032,1.0,1.0,0.1,0.0,0.0,0.0,0.0,0.0,0.0,0.09415389311788631,0.9415389311788631,0.3294463103929542,0.3618463103929541,0.36978778623577274,0.14003913329249074,0.41632315519647717,0.23926157759823863,0.47384631039295455,0.1525600000000002,0.12160000000000032,1.0,1.0,0.1,0.0,0.0,0.0,0.0,0.0,0.0,0.09415389311788631,0.9415389311788631,0.3294463103929542,0.3618463103929541,0.36978778623577274,0.14003913329249074,0.41632315519647717,0.23926157759823863,0.47384631039295455,0.1525600000000002,0.12160000000000032,1.0,1.0,0.1,0.0,0.0,0.0,0.0,0.0,0.0,0.09415389311788631,0.9415389311788631,0.3294463103929542,0.3618463103929541,0.26584926207859094,0.13966329628553562,0.20320000000000005,0.1904,0.3696999999999999,0.12196000000000015,0.12160000000000032,1.0,0.6,0.1,0.0,0.0,0.0,0.0,0.0,0.00556297854266948,0.1980924172750681,1.980924172750681,0.32944631039295424,0.3618463103929541,1.0,0.6,0.6,0.6,0.2,0.4,0.6,1.0,0.6666666666666666,0.6,1.0,0.6666666666666666,0.6,1.0,0.6666666666666666,0.2,1.0,0.2222222222222222,0.6,0.0,0.6,0.6,0.2,0.6,0.6,0.4,0.0,0.0,0.0,0.6,0.6,1.0,1.0,0.3,0.2,1.0,1.0,1.0,1.0,0.3333333333333333,0.3333333333333333,6,4,0.4,0.6666666666666666,0.0,0.6,0.0,0.4,0.0,1.0,0.0,0.0,0.6666666666666666,0.33333333333333337,0.0,1.0393852415718179,-1.0393852415718179,-0.1039385241571818,-1.0393852415718179,0.9519911111128162,0.00556297854266948,0.00556297854266948,0.0,0.959,1.0633333333333332,0,0,0,4,C1,0.0,0.0,0.36978778623577274,0.1,1.0,0.6,0.0,0.0,0.36978778623577274
phaseflip,mixed_pauli,0.2,4,0.5,0.05,10,qiskit_aer,1,1,0.70536,0.2480088888888889,0.7777777777777778,0.5333333333333333,0.0,0.0,1.0,0.0,0.21988000000000002,0.08175124219239724,0.20320000000000005,0.1904,0.23800000000000004,0.12196000000000015,0.12160000000000032,1.0,0.6,0.1,0.0,0.0,0.0,0.0,0.0,0.4609263103929545,0.047188490122062623,0.4802463103929545,0.4228463103929545,0.48264631039295447,0.3878263103929545,0.3858463103929545,1.0,1.0,0.0,0.0,0.0,0.0,0.0,0.0,0.33581852415718183,0.1442169347045607,0.3485231551964772,0.19680000000000003,0.4652847327947158,0.1525600000000002,0.12160000000000032,1.0,1.0,0.1,0.0,0.0,0.0,0.0,0.0,0.0,0.1281231551964772,1.2812315519647721,0.3294463103929542,0.3618463103929541,0.33581852415718183,0.1442169347045607,0.3485231551964772,0.19680000000000003,0.4652847327947158,0.1525600000000002,0.12160000000000032,1.0,1.0,0.1,0.0,0.0,0.0,0.0,0.0,0.0,0.1281231551964772,1.2812315519647721,0.3294463103929542,0.3618463103929541,0.33581852415718183,0.1442169347045607,0.3485231551964772,0.19680000000000003,0.4652847327947158,0.1525600000000002,0.12160000000000032,1.0,1.0,0.1,0.0,0.0,0.0,0.0,0.0,0.0,0.1281231551964772,1.2812315519647721,0.3294463103929542,0.3618463103929541,0.2488646310392955,0.12525509626101158,0.20320000000000005,0.1904,0.26799999999999996,0.12196000000000015,0.12160000000000032,1.0,0.7,0.1,0.0,0.0,0.0,0.0,0.0,6.498337773551511e-21,0.21507704831436356,2.150770483143636,0.32944631039295424,0.3618463103929541,1.0,0.4,0.4,0.4,0.1,0.3,0.4,1.0,0.4444444444444444,0.4,1.0,0.4444444444444444,0.4,1.0,0.4444444444444444,0.1,1.0,0.1111111111111111,0.4,0.0,0.4,0.4,0.1,0.4,0.4,0.3,0.0,0.0,0.0,0.4,0.4,1.0,1.0,0.3,0.1,1.0,1.0,1.0,1.0,0.25,0.25,4,3,0.3,0.75,0.0,0.4,0.0,0.3,0.0,1.0,0.0,0.0,0.75,0.25,0.0,0.8695389311788635,-0.8695389311788635,-0.08695389311788636,-0.8695389311788635,0.5519911111127648,8.664450364735348e-21,8.664450364735348e-21,0.0,0.965,1.0833333333333333,0,0,0,3,C1,0.0,0.0,0.33581852415718183,0.1,1.0,0.4,0.0,0.0,0.33581852415718183
phaseflip,mixed_pauli,0.2,4,0.5,0.1,10,qiskit_aer,1,1,0.70536,0.24073111111111112,0.7888888888888889,0.5333333333333333,0.0,0.0,1.0,0.0,0.21988000000000002,0.08175124219239724,0.20320000000000005,0.1904,0.23800000000000004,0.12196000000000015,0.12160000000000032,1.0,0.4,0.1,0.0,0.0,0.0,0.0,0.0,0.4609263103929545,0.047188490122062623,0.4802463103929545,0.4228463103929545,0.48264631039295447,0.3878263103929545,0.3858463103929545,1.0,1.0,0.0,0.0,0.0,0.0,0.0,0.0,0.36978778623577274,0.14003913329249074,0.41632315519647717,0.23926157759823863,0.47384631039295455,0.1525600000000002,0.12160000000000032,1.0,1.0,0.1,0.0,0.0,0.0,0.0,0.0,0.0,0.09415389311788631,0.9415389311788631,0.3294463103929542,0.3618463103929541,0.36978778623577274,0.14003913329249074,0.41632315519647717,0.23926157759823863,0.47384631039295455,0.1525600000000002,0.12160000000000032,1.0,1.0,0.1,0.0,0.0,0.0,0.0,0.0,0.0,0.09415389311788631,0.9415389311788631,0.3294463103929542,0.3618463103929541,0.36978778623577274,0.14003913329249074,0.41632315519647717,0.23926157759823863,0.47384631039295455,0.1525600000000002,0.12160000000000032,1.0,1.0,0.1,0.0,0.0,0.0,0.0,0.0,0.0,0.09415389311788631,0.9415389311788631,0.3294463103929542,0.3618463103929541,0.26584926207859094,0.13966329628553562,0.20320000000000005,0.1904,0.3696999999999999,0.12196000000000015,0.12160000000000032,1.0,0.6,0.1,0.0,0.0,0.0,0.0,0.0,0.0137049139522555,0.1980924172750681,1.980924172750681,0.32944631039295424,0.3618463103929541,1.0,0.6,0.6,0.6,0.2,0.4,0.6,1.0,0.6666666666666666,0.6,1.0,0.6666666666666666,0.6,1.0,0.6666666666666666,0.2,1.0,0.2222222222222222,0.6,0.0,0.6,0.6,0.2,0.6,0.6,0.4,0.0,0.0,0.0,0.6,0.6,1.0,1.0,0.3,0.2,1.0,1.0,1.0,1.0,0.3333333333333333,0.3333333333333333,6,4,0.4,0.6666666666666666,0.0,0.6,0.0,0.4,0.0,1.0,0.0,0.0,0.6666666666666666,0.33333333333333337,0.0,1.0393852415718179,-1.0393852415718179,-0.1039385241571818,-1.0393852415718179,0.9592688888906215,0.0137049139522555,0.0137049139522555,0.0,0.98,1.1333333333333333,0,0,0,4,C1,0.0,0.0,0.36978778623577274,0.1,1.0,0.6,0.0,0.0,0.36978778623577274
phaseflip,phaseflip,0.01,1,0.5,0.03,10,qiskit_aer,1,1,0.99,0.462,0.8222222222222222,0.5333333333333333,0.0,1.0,1.0,0.0,0.009999999999999565,0.0,0.009999999999999565,0.009999999999999565,0.009999999999999565,0.009999999999999565,0.009999999999999565,1.0,0.3,1.0,0.0,0.0,0.0,0.0,0.0,-0.020153689607045777,0.0,-0.020153689607045777,-0.020153689607045777,-0.020153689607045777,-0.020153689607045777,-0.020153689607045777,0.0,1.0,0.0,0.0,1.0,0.0,0.0,1.0,-0.011107582724932175,0.013818156510648851,-0.020153689607045777,-0.020153689607045777,0.0024615775982382293,-0.020153689607045777,-0.020153689607045777,0.3,1.0,0.3,0.0,0.7,0.0,0.0,0.7,0.0,0.02110758272493174,0.2110758272493174,0.030153689607045342,0.030153689607045342,-0.011107582724932175,0.013818156510648851,-0.020153689607045777,-0.020153689607045777,0.0024615775982382293,-0.020153689607045777,-0.020153689607045777,0.3,1.0,0.3,0.0,0.7,0.0,0.0,0.7,0.0,0.02110758272493174,0.2110758272493174,0.030153689607045342,0.030153689607045342,-0.011107582724932175,0.013818156510648851,-0.020153689607045777,-0.020153689607045777,0.0024615775982382293,-0.020153689607045777,-0.020153689607045777,0.3,1.0,0.3,0.0,0.7,0.0,0.0,0.7,0.0,0.02110758272493174,0.2110758272493174,0.030153689607045342,0.030153689607045342,0.006984631039295031,0.009046106882113603,0.009999999999999565,0.009999999999999565,0.009999999999999565,-0.006584529283875373,-0.020153689607045777,0.9,0.4,0.9,0.0,0.1,0.0,0.0,0.1,1.2996675547103021e-20,0.003015368960704534,0.030153689607045342,0.016584529283874903,0.030153689607045342,1.0,0.7,0.7,0.7,0.1,0.6,0.7,0.3,0.0,0.7,0.3,0.0,0.7,0.3,0.0,0.1,0.9,0.0,0.7,0.0,0.7,0.7,0.1,0.7,0.7,0.6,0.0,0.0,0.0,0.7,0.7,1.0,1.0,0.2,0.1,1.0,1.0,1.0,1.0,0.14285714285714285,0.14285714285714285,7,6,0.6,0.8571428571428571,0.7,0.0,0.6,0.0,1.0,0.0,1.0,0.8571428571428571,0.0,1.0,0.18092213764227205,0.0,0.18092213764227205,0.018092213764227205,0.18092213764227205,0.938000031402433,1.3930192973879027e-20,1.3930192973879027e-20,0.0,0.9837777777777778,1.0633333333333335,0,0,0,6,C3R,0.1,0.0,0.006984631039295031,0.9,0.9,0.1,0.1,0.0,0.006984631039295031
phaseflip,phaseflip,0.01,1,0.5,0.05,10,qiskit_aer,1,1,0.99,0.4565,0.8222222222222222,0.5333333333333333,0.0,1.0,1.0,0.0,0.009999999999999565,0.0,0.009999999999999565,0.009999999999999565,0.009999999999999565,0.009999999999999565,0.009999999999999565,1.0,0.2,1.0,0.0,0.0,0.0,0.0,0.0,-0.020153689607045777,0.0,-0.020153689607045777,-0.020153689607045777,-0.020153689607045777,-0.020153689607045777,-0.020153689607045777,0.0,1.0,0.0,0.0,1.0,0.0,0.0,1.0,-0.014122951685636709,0.012061475842818137,-0.020153689607045777,-0.020153689607045777,-0.020153689607045777,-0.020153689607045777,-0.020153689607045777,0.2,1.0,0.2,0.0,0.8,0.0,0.0,0.8,0.0,0.024122951685636274,0.24122951685636274,0.030153689607045342,0.030153689607045342,-0.014122951685636709,0.012061475842818137,-0.020153689607045777,-0.020153689607045777,-0.020153689607045777,-0.020153689607045777,-0.020153689607045777,0.2,1.0,0.2,0.0,0.8,0.0,0.0,0.8,0.0,0.024122951685636274,0.24122951685636274,0.030153689607045342,0.030153689607045342,-0.014122951685636709,0.012061475842818137,-0.020153689607045777,-0.020153689607045777,-0.020153689607045777,-0.020153689607045777,-0.020153689607045777,0.2,1.0,0.2,0.0,0.8,0.0,0.0,0.8,0.0,0.024122951685636274,0.24122951685636274,0.030153689607045342,0.030153689607045342,0.003969262078590496,0.012061475842818137,0.009999999999999565,0.009999999999999565,0.009999999999999565,-0.020153689607045777,-0.020153689607045777,0.8,0.4,0.8,0.0,0.2,0.0,0.0,0.2,2.0197243932219785e-17,0.006030737921409068,0.060307379214090684,0.030153689607045342,0.030153689607045342,1.0,0.8,0.8,0.8,0.2,0.6,0.8,0.2,0.0,0.8,0.2,0.0,0.8,0.2,0.0,0.2,0.8,0.0,0.8,0.0,0.8,0.8,0.2,0.8,0.8,0.6,0.0,0.0,0.0,0.8,0.8,1.0,1.0,0.2,0.2,1.0,1.0,1.0,1.0,0.25,0.25,8,6,0.6,0.75,0.8,0.0,0.6,0.0,1.0,0.0,1.0,0.75,0.0,1.0,0.18092213764227205,0.0,0.18092213764227205,0.018092213764227205,0.18092213764227205,1.1435000329576048,2.0200343562237743e-17,2.0200343562237743e-17,0.0,0.9877777777777778,1.0833333333333335,0,0,0,6,C3R,0.2,0.0,0.003969262078590496,0.8,0.8,0.2,0.2,0.0,0.003969262078590496
phaseflip,phaseflip,0.01,1,0.5,0.1,10,qiskit_aer,1,1,0.99,0.396,0.8666666666666667,0.5333333333333333,0.0,1.0,1.0,0.0,0.009999999999999565,0.0,0.009999999999999565,0.009999999999999565,0.009999999999999565,0.009999999999999565,0.009999999999999565,1.0,0.1,1.0,0.0,0.0,0.0,0.0,0.0,-0.020153689607045777,0.0,-0.020153689607045777,-0.020153689607045777,-0.020153689607045777,-0.020153689607045777,-0.020153689607045777,0.0,1.0,0.0,0.0,1.0,0.0,0.0,1.0,-0.017138320646341243,0.009046106882113603,-0.020153689607045777,-0.020153689607045777,-0.020153689607045777,-0.020153689607045777,-0.020153689607045777,0.1,1.0,0.1,0.0,0.9,0.0,0.0,0.9,0.0,0.027138320646340808,0.2713832064634081,0.030153689607045342,0.030153689607045342,-0.017138320646341243,0.009046106882113603,-0.020153689607045777,-0.020153689607045777,-0.020153689607045777,-0.020153689607045777,-0.020153689607045777,0.1,1.0,0.1,0.0,0.9,0.0,0.0,0.9,0.0,0.027138320646340808,0.2713832064634081,0.030153689607045342,0.030153689607045342,-0.017138320646341243,0.009046106882113603,-0.020153689607045777,-0.020153689607045777,-0.020153689607045777,-0.020153689607045777,-0.020153689607045777,0.1,1.0,0.1,0.0,0.9,0.0,0.0,0.9,0.0,0.027138320646340808,0.2713832064634081,0.030153689607045342,0.030153689607045342,0.006984631039295031,0.009046106882113603,0.009999999999999565,0.009999999999999565,0.009999999999999565,-0.006584529283875373,-0.020153689607045777,0.9,0.2,0.9,0.0,0.1,0.0,0.0,0.1,0.0013474284426294933,0.003015368960704534,0.030153689607045342,0.016584529283874903,0.030153689607045342,1.0,0.9,0.9,0.9,0.1,0.8,0.9,0.1,0.0,0.9,0.1,0.0,0.9,0.1,0.0,0.1,0.9,0.0,0.9,0.0,0.9,0.9,0.1,0.9,0.9,0.8,0.0,0.0,0.0,0.9,0.9,1.0,1.0,0.2,0.1,1.0,1.0,1.0,1.0,0.1111111111111111,0.1111111111111111,9,8,0.8,0.8888888888888888,0.9,0.0,0.8,0.0,1.0,0.0,1.0,0.8888888888888888,0.0,1.0,0.24122951685636274,0.0,0.24122951685636274,0.024122951685636274,0.24122951685636274,1.4040000343656445,0.0013474284426294933,0.0013474284426294933,0.0,0.9977777777777778,1.1333333333333333,0,0,0,8,C3R,0.1,0.0,0.006984631039295031,0.9,0.9,0.1,0.1,0.0,0.006984631039295031
phaseflip,phaseflip,0.01,2,0.5,0.03,10,qiskit_aer,1,1,0.9801599999999999,0.42473555555555553,0.8222222222222222,0.5333333333333333,0.0,1.0,1.0,0.0,0.01983999999999968,4.898979485576694e-05,0.019799999999999596,0.019799999999999596,0.019899999999999807,0.019799999999999596,0.019799999999999596,1.0,0.2,1.0,0.0,0.0,0.0,0.0,0.0,-0.010313689607045661,4.898979485576694e-05,-0.010353689607045746,-0.010353689607045746,-0.010253689607045535,-0.010353689607045746,-0.010353689607045746,0.0,1.0,0.0,0.0,1.0,0.0,0.0,1.0,-0.004282951685636594,0.01209153786982682,-0.010353689607045746,-0.010353689607045746,-0.010253689607045535,-0.010353689607045746,-0.010353689607045746,0.2,1.0,0.2,0.0,0.8,0.0,0.0,0.8,0.0,0.024122951685636274,0.24122951685636274,0.030153689607045342,0.030153689607045342,-0.004282951685636594,0.01209153786982682,-0.010353689607045746,-0.010353689607045746,-0.010253689607045535,-0.010353689607045746,-0.010353689607045746,0.2,1.0,0.2,0.0,0.8,0.0,0.0,0.8,0.0,0.024122951685636274,0.24122951685636274,0.030153689607045342,0.030153689607045342,-0.004282951685636594,0.01209153786982682,-0.010353689607045746,-0.010353689607045746,-0.010253689607045535,-0.010353689607045746,-0.010353689607045746,0.2,1.0,0.2,0.0,0.8,0.0,0.0,0.8,0.0,0.024122951685636274,0.24122951685636274,0.030153689607045342,0.030153689607045342,0.013809262078590612,0.012056574337201139,0.019799999999999596,0.019799999999999596,0.019874999999999754,-0.010308689607045651,-0.010353689607045746,0.8,0.4,0.8,0.0,0.2,0.0,0.0,0.2,0.06999245434199501,0.006030737921409068,0.060307379214090684,0.030153689607045342,0.030153689607045342,1.0,0.8,0.8,0.8,0.2,0.6,0.8,0.2,0.0,0.8,0.2,0.0,0.8,0.2,0.0,0.2,0.8,0.0,0.8,0.0,0.8,0.8,0.2,0.8,0.8,0.6,0.0,0.0,0.0,0.8,0.8,1.0,1.0,0.2,0.2,1.0,1.0,1.0,1.0,0.25,0.25,8,6,0.6,0.75,0.8,0.0,0.6,0.0,1.0,0.0,1.0,0.75,0.0,1.0,0.18092213764227205,0.0,0.18092213764227205,0.018092213764227205,0.18092213764227205,1.1752644651260595,0.10498868151299251,0.10498868151299251,0.0,0.9837777777777778,1.0633333333333335,0,0,0,6,C3R,0.2,0.0,0.013809262078590612,0.8,0.8,0.2,0.2,0.0,0.013809262078590612
phaseflip,phaseflip,0.01,2,0.5,0.05,10,qiskit_aer,1,1,0.9801599999999999,0.41929,0.8222222222222222,0.5333333333333333,0.0,1.0,1.0,0.0,0.01983999999999968,4.898979485576694e-05,0.019799999999999596,0.019799999999999596,0.019899999999999807,0.019799999999999596,0.019799999999999596,1.0,0.2,1.0,0.0,0.0,0.0,0.0,0.0,-0.010313689607045661,4.898979485576694e-05,-0.010353689607045746,-0.010353689607045746,-0.010253689607045535,-0.010353689607045746,-0.010353689607045746,0.0,1.0,0.0,0.0,1.0,0.0,0.0,1.0,-0.004282951685636594,0.01209153786982682,-0.010353689607045746,-0.010353689607045746,-0.010253689607045535,-0.010353689607045746,-0.010353689607045746,0.2,1.0,0.2,0.0,0.8,0.0,0.0,0.8,0.0,0.024122951685636274,0.24122951685636274,0.030153689607045342,0.030153689607045342,-0.004282951685636594,0.01209153786982682,-0.010353689607045746,-0.010353689607045746,-0.010253689607045535,-0.010353689607045746,-0.010353689607045746,0.2,1.0,0.2,0.0,0.8,0.0,0.0,0.8,0.0,0.024122951685636274,0.24122951685636274,0.030153689607045342,0.030153689607045342,-0.004282951685636594,0.01209153786982682,-0.010353689607045746,-0.010353689607045746,-0.010253689607045535,-0.010353689607045746,-0.010353689607045746,0.2,1.0,0.2,0.0,0.8,0.0,0.0,0.8,0.0,0.024122951685636274,0.24122951685636274,0.030153689607045342,0.030153689607045342,0.013809262078590612,0.012056574337201139,0.019799999999999596,0.019799999999999596,0.019874999999999754,-0.010308689607045651,-0.010353689607045746,0.8,0.4,0.8,0.0,0.2,0.0,0.0,0.2,0.07133988278462448,0.006030737921409068,0.060307379214090684,0.030153689607045342,0.030153689607045342,1.0,0.8,0.8,0.8,0.2,0.6,0.8,0.2,0.0,0.8,0.2,0.0,0.8,0.2,0.0,0.2,0.8,0.0,0.8,0.0,0.8,0.8,0.2,0.8,0.8,0.6,0.0,0.0,0.0,0.8,0.8,1.0,1.0,0.2,0.2,1.0,1.0,1.0,1.0,0.25,0.25,8,6,0.6,0.75,0.8,0.0,0.6,0.0,1.0,0.0,1.0,0.75,0.0,1.0,0.18092213764227205,0.0,0.18092213764227205,0.018092213764227205,0.18092213764227205,1.1807100197385958,0.08951171059143798,0.08951171059143798,0.0,0.9877777777777778,1.0833333333333335,0,0,0,6,C3R,0.2,0.0,0.013809262078590612,0.8,0.8,0.2,0.2,0.0,0.013809262078590612
phaseflip,phaseflip,0.01,2,0.5,0.1,10,qiskit_aer,1,1,0.9801599999999999,0.3593927777777778,0.8666666666666667,0.5333333333333333,0.0,1.0,1.0,0.0,0.01983999999999968,4.898979485576694e-05,0.019799999999999596,0.019799999999999596,0.019899999999999807,0.019799999999999596,0.019799999999999596,1.0,0.1,1.0,0.0,0.0,0.0,0.0,0.0,-0.010313689607045661,4.898979485576694e-05,-0.010353689607045746,-0.010353689607045746,-0.010253689607045535,-0.010353689607045746,-0.010353689607045746,0.0,1.0,0.0,0.0,1.0,0.0,0.0,1.0,-0.007298320646341128,0.009066217182370407,-0.010353689607045746,-0.010353689607045746,-0.010253689607045535,-0.010353689607045746,-0.010353689607045746,0.1,1.0,0.1,0.0,0.9,0.0,0.0,0.9,0.0,0.027138320646340808,0.2713832064634081,0.030153689607045342,0.030153689607045342,-0.007298320646341128,0.009066217182370407,-0.010353689607045746,-0.010353689607045746,-0.010253689607045535,-0.010353689607045746,-0.010353689607045746,0.1,1.0,0.1,0.0,0.9,0.0,0.0,0.9,0.0,0.027138320646340808,0.2713832064634081,0.030153689607045342,0.030153689607045342,-0.007298320646341128,0.009066217182370407,-0.010353689607045746,-0.010353689607045746,-0.010253689607045535,-0.010353689607045746,-0.010353689607045746,0.1,1.0,0.1,0.0,0.9,0.0,0.0,0.9,0.0,0.027138320646340808,0.2713832064634081,0.030153689607045342,0.030153689607045342,0.013809262078590612,0.012056574337201139,0.019799999999999596,0.019799999999999596,0.019874999999999754,-0.010308689607045651,-0.010353689607045746,0.8,0.3,0.8,0.0,0.2,0.0,0.0,0.2,0.059564314037321056,0.006030737921409068,0.060307379214090684,0.030153689607045342,0.030153689607045342,1.0,0.9,0.9,0.9,0.2,0.7,0.9,0.1,0.0,0.9,0.1,0.0,0.9,0.1,0.0,0.2,0.8,0.0,0.9,0.0,0.9,0.9,0.2,0.9,0.9,0.7,0.0,0.0,0.0,0.9,0.9,1.0,1.0,0.2,0.2,1.0,1.0,1.0,1.0,0.2222222222222222,0.2222222222222222,9,7,0.7,0.7777777777777778,0.9,0.0,0.7,0.0,1.0,0.0,1.0,0.7777777777777778,0.0,1.0,0.2110758272493174,0.0,0.2110758272493174,0.02110758272493174,0.2110758272493174,1.440607242455036,0.09456054120831854,0.09456054120831854,0.0,0.9977777777777778,1.1333333333333333,0,0,0,7,C3R,0.2,0.0,0.013809262078590612,0.8,0.8,0.2,0.2,0.0,0.013809262078590612
phaseflip,phaseflip,0.01,3,0.5,0.03,10,qiskit_aer,1,1,0.970428,0.42052242222222225,0.8,0.55,0.0,1.0,1.0,0.0,0.02957199999999973,0.0001172279830074261,0.029601999999999795,0.02945349999999977,0.02967549999999966,0.029403999999999764,0.029403999999999764,1.0,0.2,1.0,0.0,0.0,0.0,0.0,0.0,-0.0005816896070456101,0.0001172279830074261,-0.0005516896070455468,-0.0007001896070455704,-0.0004781896070456815,-0.0007496896070455783,-0.0007496896070455783,0.0,1.0,0.0,0.0,0.0,0.0,0.0,1.0,0.005449048314363459,0.01205204183489373,-0.0005516896070455468,-0.0005516896070455468,-0.00045368960704572636,-0.0007496896070455783,-0.0007496896070455783,0.2,1.0,0.2,0.0,0.0,0.0,0.0,0.8,0.0,0.024122951685636274,0.24122951685636274,0.030153689607045342,0.030153689607045342,0.005449048314363459,0.01205204183489373,-0.0005516896070455468,-0.0005516896070455468,-0.00045368960704572636,-0.0007496896070455783,-0.0007496896070455783,0.2,1.0,0.2,0.0,0.0,0.0,0.0,0.8,0.0,0.024122951685636274,0.24122951685636274,0.030153689607045342,0.030153689607045342,0.005449048314363459,0.01205204183489373,-0.0005516896070455468,-0.0005516896070455468,-0.00045368960704572636,-0.0007496896070455783,-0.0007496896070455783,0.2,1.0,0.2,0.0,0.0,0.0,0.0,0.8,0.0,0.024122951685636274,0.24122951685636274,0.030153689607045342,0.030153689607045342,0.023541262078590662,0.012096494688133392,0.029601999999999795,0.029403999999999764,0.02967549999999966,-0.0006605896070455642,-0.0007496896070455783,0.8,0.4,0.8,0.0,0.0,0.0,0.0,0.2,1.2996675547103021e-20,0.006030737921409068,0.060307379214090684,0.030153689607045342,0.030153689607045342,1.0,0.8,0.8,0.8,0.2,0.6,0.8,0.2,0.0,0.8,0.2,0.0,0.8,0.2,0.0,0.2,0.8,0.0,0.8,0.0,0.8,0.8,0.2,0.8,0.8,0.6,0.0,0.0,0.0,0.8,0.8,1.0,1.0,0.3,0.2,1.0,1.0,1.0,1.0,0.25,0.25,8,6,0.6,0.75,0.8,0.0,0.6,0.0,1.0,0.0,1.0,0.75,0.0,1.0,0.18092213764227205,0.0,0.18092213764227205,0.018092213764227205,0.18092213764227205,1.1794775829767543,0.016208635152040473,0.016208635152040473,0.0,0.9812222222222222,1.08,0,0,0,6,C3R,0.0,0.0,0.023541262078590662,0.8,0.8,0.2,0.0,0.0,0.023541262078590662
phaseflip,phaseflip,0.01,3,0.5,0.05,10,qiskit_aer,1,1,0.970428,0.42052242222222225,0.8,0.55,0.0,1.0,1.0,0.0,0.02957199999999973,0.0001172279830074261,0.029601999999999795,0.02945349999999977,0.02967549999999966,0.029403999999999764,0.029403999999999764,1.0,0.4,1.0,0.0,0.0,0.0,0.0,0.0,-0.0005816896070456101,0.0001172279830074261,-0.0005516896070455468,-0.0007001896070455704,-0.0004781896070456815,-0.0007496896070455783,-0.0007496896070455783,0.0,1.0,0.0,0.0,0.0,0.0,0.0,1.0,0.011479786235772527,0.014736318071700186,-0.00045368960704572636,-0.0005516896070455468,0.029403999999999764,-0.0006605896070455642,-0.0007496896070455783,0.4,1.0,0.4,0.0,0.0,0.0,0.0,0.6,0.0,0.018092213764227205,0.18092213764227205,0.030153689607045342,0.030153689607045342,0.011479786235772527,0.014736318071700186,-0.00045368960704572636,-0.0005516896070455468,0.029403999999999764,-0.0006605896070455642,-0.0007496896070455783,0.4,1.0,0.4,0.0,0.0,0.0,0.0,0.6,0.0,0.018092213764227205,0.18092213764227205,0.030153689607045342,0.030153689607045342,0.011479786235772527,0.014736318071700186,-0.00045368960704572636,-0.0005516896070455468,0.029403999999999764,-0.0006605896070455642,-0.0007496896070455783,0.4,1.0,0.4,0.0,0.0,0.0,0.0,0.6,0.0,0.018092213764227205,0.18092213764227205,0.030153689607045342,0.030153689607045342,0.026556631039295196,0.009004102268892963,0.029601999999999795,0.029403999999999764,0.029601999999999795,0.012982270716124745,-0.00045368960704572636,0.9,0.5,0.9,0.0,0.0,0.0,0.0,0.1,8.365372627103523e-21,0.003015368960704534,0.030153689607045342,0.016584529283874903,0.030153689607045342,1.0,0.6,0.6,0.6,0.1,0.5,0.6,0.4,0.0,0.6,0.4,0.0,0.6,0.4,0.0,0.1,0.9,0.0,0.6,0.0,0.6,0.6,0.1,0.6,0.6,0.5,0.0,0.0,0.0,0.6,0.6,1.0,1.0,0.1,0.1,1.0,1.0,1.0,1.0,0.16666666666666666,0.16666666666666666,6,5,0.5,0.8333333333333334,0.6,0.0,0.5,0.0,1.0,0.0,1.0,0.8333333333333334,0.0,1.0,0.1507684480352267,0.0,0.1507684480352267,0.015076844803522671,0.1507684480352267,0.779477583174576,9.298890053879528e-21,9.298890053879528e-21,0.0,0.9872222222222222,1.1,0,0,0,5,C3R,0.0,0.0,0.026556631039295196,0.9,0.9,0.1,0.0,0.0,0.026556631039295196
phaseflip,phaseflip,0.01,3,0.5,0.1,10,qiskit_aer,1,1,0.970428,0.3935647222222222,0.8111111111111111,0.55,0.0,1.0,1.0,0.0,0.02957199999999973,0.0001172279830074261,0.029601999999999795,0.02945349999999977,0.02967549999999966,0.029403999999999764,0.029403999999999764,1.0,0.4,1.0,0.0,0.0,0.0,0.0,0.0,-0.0005816896070456101,0.0001172279830074261,-0.0005516896070455468,-0.0007001896070455704,-0.0004781896070456815,-0.0007496896070455783,-0.0007496896070455783,0.0,1.0,0.0,0.0,0.0,0.0,0.0,1.0,0.011479786235772527,0.014736318071700186,-0.00045368960704572636,-0.0005516896070455468,0.029403999999999764,-0.0006605896070455642,-0.0007496896070455783,0.4,1.0,0.4,0.0,0.0,0.0,0.0,0.6,0.0,0.018092213764227205,0.18092213764227205,0.030153689607045342,0.030153689607045342,0.011479786235772527,0.014736318071700186,-0.00045368960704572636,-0.0005516896070455468,0.029403999999999764,-0.0006605896070455642,-0.0007496896070455783,0.4,1.0,0.4,0.0,0.0,0.0,0.0,0.6,0.0,0.018092213764227205,0.18092213764227205,0.030153689607045342,0.030153689607045342,0.011479786235772527,0.014736318071700186,-0.00045368960704572636,-0.0005516896070455468,0.029403999999999764,-0.0006605896070455642,-0.0007496896070455783,0.4,1.0,0.4,0.0,0.0,0.0,0.0,0.6,0.0,0.018092213764227205,0.18092213764227205,0.030153689607045342,0.030153689607045342,0.02957199999999973,0.0001172279830074261,0.029601999999999795,0.02945349999999977,0.02967549999999966,0.029403999999999764,0.029403999999999764,1.0,0.4,1.0,0.0,0.0,0.0,0.0,0.0,8.066294889471698e-21,0.0,0.0,0.0,0.0,1.0,0.6,0.6,0.6,0.0,0.6,0.6,0.4,0.0,0.6,0.4,0.0,0.6,0.4,0.0,0.0,1.0,0.0,0.6,0.0,0.6,0.6,0.0,0.6,0.6,0.6,0.0,0.0,0.0,0.6,0.6,1.0,1.0,0.1,0.0,1.0,1.0,1.0,1.0,0.0,0.0,6,6,0.6,1.0,0.6,0.0,0.6,0.0,1.0,0.0,1.0,1.0,0.0,1.0,0.18092213764227205,0.0,0.18092213764227205,0.018092213764227205,0.18092213764227205,0.8064352834761166,8.066294889471698e-21,8.066294889471698e-21,0.0,0.9933333333333333,1.15,0,0,0,6,C3R,0.0,0.0,0.02957199999999973,1.0,1.0,0.0,0.0,0.0,0.02957199999999973
phaseflip,phaseflip,0.01,4,0.5,0.03,10,qiskit_aer,1,1,0.9608420280000001,0.411032002,0.8,0.55,0.0,1.0,1.0,0.0,0.039157971999999784,0.00018647496608392434,0.0392559799999998,0.03910995999999978,0.039303999999999784,0.03881591999999978,0.03881591999999978,1.0,0.5,1.0,0.0,0.0,0.0,0.0,0.0,0.009004282392954444,0.00018647496608392437,0.00910229039295446,0.008956270392954435,0.009150310392954442,0.00866223039295444,0.00866223039295444,1.0,1.0,0.0,0.0,0.0,0.0,0.0,1.0,0.024081127196477113,0.015009435296808721,0.02398311519647711,0.009150310392954442,0.03910994999999981,0.008956270392954435,0.008956270392954435,1.0,1.0,0.5,0.0,0.0,0.0,0.0,0.5,0.0,0.015076844803522671,0.1507684480352267,0.030153689607045342,0.030153689607045342,0.024081127196477113,0.015009435296808721,0.02398311519647711,0.009150310392954442,0.03910994999999981,0.008956270392954435,0.008956270392954435,1.0,1.0,0.5,0.0,0.0,0.0,0.0,0.5,0.0,0.015076844803522671,0.1507684480352267,0.030153689607045342,0.030153689607045342,0.024081127196477113,0.015009435296808721,0.02398311519647711,0.009150310392954442,0.03910994999999981,0.008956270392954435,0.008956270392954435,1.0,1.0,0.5,0.0,0.0,0.0,0.0,0.5,0.0,0.015076844803522671,0.1507684480352267,0.030153689607045342,0.030153689607045342,0.03614260303929525,0.008999231413760377,0.0391589599999998,0.03888942999999978,0.039303999999999784,0.022499834716124843,0.009150310392954442,1.0,0.6,0.9,0.0,0.0,0.0,0.0,0.1,6.199260035919686e-21,0.003015368960704534,0.030153689607045342,0.016584529283874903,0.030153689607045342,1.0,0.5,0.5,0.5,0.1,0.4,0.5,0.5,0.0,0.5,0.5,0.0,0.5,0.5,0.0,0.1,0.9,0.0,0.5,0.0,0.5,0.5,0.1,0.5,0.5,0.4,0.0,0.0,0.0,0.5,0.5,1.0,1.0,0.3,0.1,1.0,1.0,1.0,1.0,0.2,0.2,5,4,0.4,0.8,0.5,0.0,0.4,0.0,1.0,0.0,1.0,0.8,0.0,1.0,0.12061475842818137,0.0,0.12061475842818137,0.012061475842818137,0.12061475842818137,0.5889680009117203,8.365372627103523e-21,8.365372627103523e-21,0.0,0.9812222222222222,1.08,0,0,0,4,C3R,0.0,0.0,0.03614260303929525,0.9,1.0,0.1,0.0,0.0,0.03614260303929525
phaseflip,phaseflip,0.01,4,0.5,0.05,10,qiskit_aer,1,1,0.9608420280000001,0.411032002,0.8,0.55,0.0,1.0,1.0,0.0,0.039157971999999784,0.00018647496608392434,0.0392559799999998,0.03910995999999978,0.039303999999999784,0.03881591999999978,0.03881591999999978,1.0,0.7,1.0,0.0,0.0,0.0,0.0,0.0,0.009004282392954444,0.00018647496608392437,0.00910229039295446,0.008956270392954435,0.009150310392954442,0.00866223039295444,0.00866223039295444,1.0,1.0,0.0,0.0,0.0,0.0,0.0,1.0,0.03011186511788618,0.013723492721395695,0.03896293999999978,0.016566712794715777,0.03918345999999981,0.009150310392954442,0.009150310392954442,1.0,1.0,0.7,0.0,0.0,0.0,0.0,0.3,0.0,0.009046106882113603,0.09046106882113603,0.030153689607045342,0.030153689607045342,0.03011186511788618,0.013723492721395695,0.03896293999999978,0.016566712794715777,0.03918345999999981,0.009150310392954442,0.009150310392954442,1.0,1.0,0.7,0.0,0.0,0.0,0.0,0.3,0.0,0.009046106882113603,0.09046106882113603,0.030153689607045342,0.030153689607045342,0.03011186511788618,0.013723492721395695,0.03896293999999978,0.016566712794715777,0.03918345999999981,0.009150310392954442,0.009150310392954442,1.0,1.0,0.7,0.0,0.0,0.0,0.0,0.3,0.0,0.009046106882113603,0.09046106882113603,0.030153689607045342,0.030153689607045342,0.03614260303929525,0.008999231413760377,0.0391589599999998,0.03888942999999978,0.039303999999999784,0.022499834716124843,0.009150310392954442,1.0,0.8,0.9,0.0,0.0,0.0,0.0,0.1,4.332225182367674e-21,0.003015368960704534,0.030153689607045342,0.016584529283874903,0.030153689607045342,1.0,0.3,0.3,0.3,0.1,0.2,0.3,0.7,0.0,0.3,0.7,0.0,0.3,0.7,0.0,0.1,0.9,0.0,0.3,0.0,0.3,0.3,0.1,0.3,0.3,0.2,0.0,0.0,0.0,0.3,0.3,1.0,1.0,0.1,0.1,1.0,1.0,1.0,1.0,0.3333333333333333,0.3333333333333333,3,2,0.2,0.6666666666666666,0.3,0.0,0.2,0.0,1.0,0.0,1.0,0.6666666666666666,0.0,1.0,0.060307379214090684,0.0,0.060307379214090684,0.006030737921409068,0.060307379214090684,0.1889680009221771,6.498337773551511e-21,6.498337773551511e-21,0.0,0.9872222222222222,1.1,0,0,0,2,C3R,0.0,0.0,0.03614260303929525,0.9,1.0,0.1,0.0,0.0,0.03614260303929525
phaseflip,phaseflip,0.01,4,0.5,0.1,10,qiskit_aer,1,1,0.9608420280000001,0.38434221244444444,0.8111111111111111,0.55,0.0,1.0,1.0,0.0,0.039157971999999784,0.00018647496608392434,0.0392559799999998,0.03910995999999978,0.039303999999999784,0.03881591999999978,0.03881591999999978,1.0,0.6,1.0,0.0,0.0,0.0,0.0,0.0,0.009004282392954444,0.00018647496608392437,0.00910229039295446,0.008956270392954435,0.009150310392954442,0.00866223039295444,0.00866223039295444,1.0,1.0,0.0,0.0,0.0,0.0,0.0,1.0,0.027096496157181647,0.014693575132377566,0.03881591999999978,0.009150310392954442,0.03918345999999981,0.009043588392954438,0.008956270392954435,1.0,1.0,0.6,0.0,0.0,0.0,0.0,0.4,0.0,0.012061475842818137,0.12061475842818137,0.030153689607045342,0.030153689607045342,0.027096496157181647,0.014693575132377566,0.03881591999999978,0.009150310392954442,0.03918345999999981,0.009043588392954438,0.008956270392954435,1.0,1.0,0.6,0.0,0.0,0.0,0.0,0.4,0.0,0.012061475842818137,0.12061475842818137,0.030153689607045342,0.030153689607045342,0.027096496157181647,0.014693575132377566,0.03881591999999978,0.009150310392954442,0.03918345999999981,0.009043588392954438,0.008956270392954435,1.0,1.0,0.6,0.0,0.0,0.0,0.0,0.4,0.0,0.012061475842818137,0.12061475842818137,0.030153689607045342,0.030153689607045342,0.03614260303929525,0.008999231413760377,0.0391589599999998,0.03888942999999978,0.039303999999999784,0.022499834716124843,0.009150310392954442,1.0,0.7,0.9,0.0,0.0,0.0,0.0,0.1,5.26574260914368e-21,0.003015368960704534,0.030153689607045342,0.016584529283874903,0.030153689607045342,1.0,0.4,0.4,0.4,0.1,0.3,0.4,0.6,0.0,0.4,0.6,0.0,0.4,0.6,0.0,0.1,0.9,0.0,0.4,0.0,0.4,0.4,0.1,0.4,0.4,0.3,0.0,0.0,0.0,0.4,0.4,1.0,1.0,0.1,0.1,1.0,1.0,1.0,1.0,0.25,0.25,4,3,0.3,0.75,0.4,0.0,0.3,0.0,1.0,0.0,1.0,0.75,0.0,1.0,0.09046106882113603,0.0,0.09046106882113603,0.009046106882113603,0.09046106882113603,0.41565779053618257,7.431855200327517e-21,7.431855200327517e-21,0.0,0.9933333333333333,1.15,0,0,0,3,C3R,0.0,0.0,0.03614260303929525,0.9,1.0,0.1,0.0,0.0,0.03614260303929525
phaseflip,phaseflip,0.03,1,0.5,0.03,10,qiskit_aer,1,1,0.9700000000000001,0.41494444444444445,0.8222222222222222,0.5333333333333333,0.0,1.0,1.0,0.0,0.029999999999999805,0.0,0.029999999999999805,0.029999999999999805,0.029999999999999805,0.029999999999999805,0.029999999999999805,1.0,0.1,1.0,0.0,0.0,0.0,0.0,0.0,-0.00015368960704553736,0.0,-0.00015368960704553736,-0.00015368960704553736,-0.00015368960704553736,-0.00015368960704553736,-0.00015368960704553736,0.0,1.0,0.0,0.0,0.0,0.0,0.0,1.0,0.002861679353658997,0.009046106882113603,-0.00015368960704553736,-0.00015368960704553736,-0.00015368960704553736,-0.00015368960704553736,-0.00015368960704553736,0.1,1.0,0.1,0.0,0.0,0.0,0.0,0.9,0.0,0.027138320646340808,0.2713832064634081,0.030153689607045342,0.030153689607045342,0.002861679353658997,0.009046106882113603,-0.00015368960704553736,-0.00015368960704553736,-0.00015368960704553736,-0.00015368960704553736,-0.00015368960704553736,0.1,1.0,0.1,0.0,0.0,0.0,0.0,0.9,0.0,0.027138320646340808,0.2713832064634081,0.030153689607045342,0.030153689607045342,0.002861679353658997,0.009046106882113603,-0.00015368960704553736,-0.00015368960704553736,-0.00015368960704553736,-0.00015368960704553736,-0.00015368960704553736,0.1,1.0,0.1,0.0,0.0,0.0,0.0,0.9,0.0,0.027138320646340808,0.2713832064634081,0.030153689607045342,0.030153689607045342,0.023969262078590736,0.012061475842818137,0.029999999999999805,0.029999999999999805,0.029999999999999805,-0.00015368960704553736,-0.00015368960704553736,0.8,0.3,0.8,0.0,0.0,0.0,0.0,0.2,0.10498868151299248,0.006030737921409068,0.060307379214090684,0.030153689607045342,0.030153689607045342,1.0,0.9,0.9,0.9,0.2,0.7,0.9,0.1,0.0,0.9,0.1,0.0,0.9,0.1,0.0,0.2,0.8,0.0,0.9,0.0,0.9,0.9,0.2,0.9,0.9,0.7,0.0,0.0,0.0,0.9,0.9,1.0,1.0,0.2,0.2,1.0,1.0,1.0,1.0,0.2222222222222222,0.2222222222222222,9,7,0.7,0.7777777777777778,0.9,0.0,0.7,0.0,1.0,0.0,1.0,0.7777777777777778,0.0,1.0,0.2110758272493174,0.0,0.2110758272493174,0.02110758272493174,0.2110758272493174,1.3850555632523314,0.15815673649080347,0.15815673649080347,0.0,0.9837777777777778,1.0633333333333335,0,0,0,7,C3R,0.0,0.0,0.023969262078590736,0.8,0.8,0.2,0.0,0.0,0.023969262078590736
phaseflip,phaseflip,0.03,1,0.5,0.05,10,qiskit_aer,1,1,0.9700000000000001,0.40955555555555556,0.8222222222222222,0.5333333333333333,0.0,1.0,1.0,0.0,0.029999999999999805,0.0,0.029999999999999805,0.029999999999999805,0.029999999999999805,0.029999999999999805,0.029999999999999805,1.0,0.2,1.0,0.0,0.0,0.0,0.0,0.0,-0.00015368960704553736,0.0,-0.00015368960704553736,-0.00015368960704553736,-0.00015368960704553736,-0.00015368960704553736,-0.00015368960704553736,0.0,1.0,0.0,0.0,0.0,0.0,0.0,1.0,0.005877048314363531,0.012061475842818137,-0.00015368960704553736,-0.00015368960704553736,-0.00015368960704553736,-0.00015368960704553736,-0.00015368960704553736,0.2,1.0,0.2,0.0,0.0,0.0,0.0,0.8,0.0,0.024122951685636274,0.24122951685636274,0.030153689607045342,0.030153689607045342,0.005877048314363531,0.012061475842818137,-0.00015368960704553736,-0.00015368960704553736,-0.00015368960704553736,-0.00015368960704553736,-0.00015368960704553736,0.2,1.0,0.2,0.0,0.0,0.0,0.0,0.8,0.0,0.024122951685636274,0.24122951685636274,0.030153689607045342,0.030153689607045342,0.005877048314363531,0.012061475842818137,-0.00015368960704553736,-0.00015368960704553736,-0.00015368960704553736,-0.00015368960704553736,-0.00015368960704553736,0.2,1.0,0.2,0.0,0.0,0.0,0.0,0.8,0.0,0.024122951685636274,0.24122951685636274,0.030153689607045342,0.030153689607045342,0.023969262078590736,0.012061475842818137,0.029999999999999805,0.029999999999999805,0.029999999999999805,-0.00015368960704553736,-0.00015368960704553736,0.8,0.4,0.8,0.0,0.0,0.0,0.0,0.2,0.08816428214880848,0.006030737921409068,0.060307379214090684,0.030153689607045342,0.030153689607045342,1.0,0.8,0.8,0.8,0.2,0.6,0.8,0.2,0.0,0.8,0.2,0.0,0.8,0.2,0.0,0.2,0.8,0.0,0.8,0.0,0.8,0.8,0.2,0.8,0.8,0.6,0.0,0.0,0.0,0.8,0.8,1.0,1.0,0.2,0.2,1.0,1.0,1.0,1.0,0.25,0.25,8,6,0.6,0.75,0.8,0.0,0.6,0.0,1.0,0.0,1.0,0.75,0.0,1.0,0.18092213764227205,0.0,0.18092213764227205,0.018092213764227205,0.18092213764227205,1.1904444519377437,0.15815673649080347,0.15815673649080347,0.0,0.9877777777777778,1.0833333333333335,0,0,0,6,C3R,0.0,0.0,0.023969262078590736,0.8,0.8,0.2,0.0,0.0,0.023969262078590736
phaseflip,phaseflip,0.03,1,0.5,0.1,10,qiskit_aer,1,1,0.9700000000000001,0.3502777777777778,0.8666666666666667,0.5333333333333333,0.0,1.0,1.0,0.0,0.029999999999999805,0.0,0.029999999999999805,0.029999999999999805,0.029999999999999805,0.029999999999999805,0.029999999999999805,1.0,0.0,1.0,0.0,0.0,0.0,0.0,0.0,-0.00015368960704553736,0.0,-0.00015368960704553736,-0.00015368960704553736,-0.00015368960704553736,-0.00015368960704553736,-0.00015368960704553736,0.0,1.0,0.0,0.0,0.0,0.0,0.0,1.0,-0.00015368960704553736,0.0,-0.00015368960704553736,-0.00015368960704553736,-0.00015368960704553736,-0.00015368960704553736,-0.00015368960704553736,0.0,1.0,0.0,0.0,0.0,0.0,0.0,1.0,0.0,0.030153689607045342,0.3015368960704534,0.030153689607045342,0.030153689607045342,-0.00015368960704553736,0.0,-0.00015368960704553736,-0.00015368960704553736,-0.00015368960704553736,-0.00015368960704553736,-0.00015368960704553736,0.0,1.0,0.0,0.0,0.0,0.0,0.0,1.0,0.0,0.030153689607045342,0.3015368960704534,0.030153689607045342,0.030153689607045342,-0.00015368960704553736,0.0,-0.00015368960704553736,-0.00015368960704553736,-0.00015368960704553736,-0.00015368960704553736,-0.00015368960704553736,0.0,1.0,0.0,0.0,0.0,0.0,0.0,1.0,0.0,0.030153689607045342,0.3015368960704534,0.030153689607045342,0.030153689607045342,0.023969262078590736,0.012061475842818137,0.029999999999999805,0.029999999999999805,0.029999999999999805,-0.00015368960704553736,-0.00015368960704553736,0.8,0.2,0.8,0.0,0.0,0.0,0.0,0.2,0.0881642821488085,0.006030737921409068,0.060307379214090684,0.030153689607045342,0.030153689607045342,1.0,1.0,1.0,1.0,0.2,0.8,1.0,0.0,0.0,1.0,0.0,0.0,1.0,0.0,0.0,0.2,0.8,0.0,1.0,0.0,1.0,1.0,0.2,1.0,1.0,0.8,0.0,0.0,0.0,1.0,1.0,1.0,1.0,0.2,0.2,1.0,1.0,1.0,1.0,0.2,0.2,10,8,0.8,0.8,1.0,0.0,0.8,0.0,1.0,0.0,1.0,0.8,0.0,1.0,0.24122951685636274,0.0,0.24122951685636274,0.024122951685636274,0.24122951685636274,1.649722229846226,0.12450793776243547,0.12450793776243547,0.0,0.9977777777777778,1.1333333333333333,0,0,0,8,C3R,0.0,0.0,0.023969262078590736,0.8,0.8,0.2,0.0,0.0,0.023969262078590736
phaseflip,phaseflip,0.03,2,0.5,0.03,10,qiskit_aer,1,1,0.94144,0.39226666666666665,0.8222222222222222,0.5333333333333333,0.0,1.0,1.0,0.0,0.05855999999999972,0.00044090815370086914,0.05819999999999981,0.05819999999999981,0.0590999999999996,0.05819999999999981,0.05819999999999981,1.0,0.5,1.0,0.0,0.0,0.0,0.0,0.0,0.02840631039295438,0.00044090815370086914,0.028046310392954465,0.028046310392954465,0.028946310392954255,0.028046310392954465,0.028046310392954465,1.0,1.0,0.0,0.0,0.0,0.0,0.0,1.0,0.04348315519647705,0.015083290397970479,0.04357315519647703,0.028271310392954413,0.05819999999999981,0.028046310392954465,0.028046310392954465,1.0,1.0,0.5,0.0,0.0,0.0,0.0,0.5,0.0,0.015076844803522671,0.1507684480352267,0.030153689607045342,0.030153689607045342,0.04348315519647705,0.015083290397970479,0.04357315519647703,0.028271310392954413,0.05819999999999981,0.028046310392954465,0.028046310392954465,1.0,1.0,0.5,0.0,0.0,0.0,0.0,0.5,0.0,0.015076844803522671,0.1507684480352267,0.030153689607045342,0.030153689607045342,0.04348315519647705,0.015083290397970479,0.04357315519647703,0.028271310392954413,0.05819999999999981,0.028046310392954465,0.028046310392954465,1.0,1.0,0.5,0.0,0.0,0.0,0.0,0.5,0.0,0.015076844803522671,0.1507684480352267,0.030153689607045342,0.030153689607045342,0.05554463103929519,0.008875238095119638,0.05819999999999981,0.05819999999999981,0.05887499999999965,0.042110470716124754,0.028946310392954255,1.0,0.6,0.9,0.0,0.0,0.0,0.0,0.1,8.664450364735348e-21,0.003015368960704534,0.030153689607045342,0.016584529283874903,0.030153689607045342,1.0,0.5,0.5,0.5,0.1,0.4,0.5,0.5,0.0,0.5,0.5,0.0,0.5,0.5,0.0,0.1,0.9,0.0,0.5,0.0,0.5,0.5,0.1,0.5,0.5,0.4,0.0,0.0,0.0,0.5,0.5,1.0,1.0,0.2,0.1,1.0,1.0,1.0,1.0,0.2,0.2,5,4,0.4,0.8,0.5,0.0,0.4,0.0,1.0,0.0,1.0,0.8,0.0,1.0,0.12061475842818137,0.0,0.12061475842818137,0.012061475842818137,0.12061475842818137,0.6077333338894767,1.0830562955919185e-20,1.0830562955919185e-20,0.0,0.9837777777777778,1.0633333333333335,0,0,0,4,C3R,0.0,0.0,0.05554463103929519,0.9,1.0,0.1,0.0,0.0,0.05554463103929519
phaseflip,phaseflip,0.03,2,0.5,0.05,10,qiskit_aer,1,1,0.94144,0.3870344444444444,0.8222222222222222,0.5333333333333333,0.0,1.0,1.0,0.0,0.05855999999999972,0.00044090815370086914,0.05819999999999981,0.05819999999999981,0.0590999999999996,0.05819999999999981,0.05819999999999981,1.0,0.5,1.0,0.0,0.0,0.0,0.0,0.0,0.02840631039295438,0.00044090815370086914,0.028046310392954465,0.028046310392954465,0.028946310392954255,0.028046310392954465,0.028046310392954465,1.0,1.0,0.0,0.0,0.0,0.0,0.0,1.0,0.04348315519647705,0.015083290397970479,0.04357315519647703,0.028271310392954413,0.05819999999999981,0.028046310392954465,0.028046310392954465,1.0,1.0,0.5,0.0,0.0,0.0,0.0,0.5,0.0,0.015076844803522671,0.1507684480352267,0.030153689607045342,0.030153689607045342,0.04348315519647705,0.015083290397970479,0.04357315519647703,0.028271310392954413,0.05819999999999981,0.028046310392954465,0.028046310392954465,1.0,1.0,0.5,0.0,0.0,0.0,0.0,0.5,0.0,0.015076844803522671,0.1507684480352267,0.030153689607045342,0.030153689607045342,0.04348315519647705,0.015083290397970479,0.04357315519647703,0.028271310392954413,0.05819999999999981,0.028046310392954465,0.028046310392954465,1.0,1.0,0.5,0.0,0.0,0.0,0.0,0.5,0.0,0.015076844803522671,0.1507684480352267,0.030153689607045342,0.030153689607045342,0.05554463103929519,0.008875238095119638,0.05819999999999981,0.05819999999999981,0.05887499999999965,0.042110470716124754,0.028946310392954255,1.0,0.6,0.9,0.0,0.0,0.0,0.0,0.1,8.664450364735348e-21,0.003015368960704534,0.030153689607045342,0.016584529283874903,0.030153689607045342,1.0,0.5,0.5,0.5,0.1,0.4,0.5,0.5,0.0,0.5,0.5,0.0,0.5,0.5,0.0,0.1,0.9,0.0,0.5,0.0,0.5,0.5,0.1,0.5,0.5,0.4,0.0,0.0,0.0,0.5,0.5,1.0,1.0,0.2,0.1,1.0,1.0,1.0,1.0,0.2,0.2,5,4,0.4,0.8,0.5,0.0,0.4,0.0,1.0,0.0,1.0,0.8,0.0,1.0,0.12061475842818137,0.0,0.12061475842818137,0.012061475842818137,0.12061475842818137,0.6129655561116989,1.0830562955919185e-20,1.0830562955919185e-20,0.0,0.9877777777777778,1.0833333333333335,0,0,0,4,C3R,0.0,0.0,0.05554463103929519,0.9,1.0,0.1,0.0,0.0,0.05554463103929519
phaseflip,phaseflip,0.03,2,0.5,0.1,10,qiskit_aer,1,1,0.94144,0.329515,0.8666666666666667,0.5333333333333333,0.0,1.0,1.0,0.0,0.05855999999999972,0.00044090815370086914,0.05819999999999981,0.05819999999999981,0.0590999999999996,0.05819999999999981,0.05819999999999981,1.0,0.5,1.0,0.0,0.0,0.0,0.0,0.0,0.02840631039295438,0.00044090815370086914,0.028046310392954465,0.028046310392954465,0.028946310392954255,0.028046310392954465,0.028046310392954465,1.0,1.0,0.0,0.0,0.0,0.0,0.0,1.0,0.04348315519647705,0.015083290397970479,0.04357315519647703,0.028271310392954413,0.05819999999999981,0.028046310392954465,0.028046310392954465,1.0,1.0,0.5,0.0,0.0,0.0,0.0,0.5,0.0,0.015076844803522671,0.1507684480352267,0.030153689607045342,0.030153689607045342,0.04348315519647705,0.015083290397970479,0.04357315519647703,0.028271310392954413,0.05819999999999981,0.028046310392954465,0.028046310392954465,1.0,1.0,0.5,0.0,0.0,0.0,0.0,0.5,0.0,0.015076844803522671,0.1507684480352267,0.030153689607045342,0.030153689607045342,0.04348315519647705,0.015083290397970479,0.04357315519647703,0.028271310392954413,0.05819999999999981,0.028046310392954465,0.028046310392954465,1.0,1.0,0.5,0.0,0.0,0.0,0.0,0.5,0.0,0.015076844803522671,0.1507684480352267,0.030153689607045342,0.030153689607045342,0.05554463103929519,0.008875238095119638,0.05819999999999981,0.05819999999999981,0.05887499999999965,0.042110470716124754,0.028946310392954255,1.0,0.6,0.9,0.0,0.0,0.0,0.0,0.1,8.664450364735348e-21,0.003015368960704534,0.030153689607045342,0.016584529283874903,0.030153689607045342,1.0,0.5,0.5,0.5,0.1,0.4,0.5,0.5,0.0,0.5,0.5,0.0,0.5,0.5,0.0,0.1,0.9,0.0,0.5,0.0,0.5,0.5,0.1,0.5,0.5,0.4,0.0,0.0,0.0,0.5,0.5,1.0,1.0,0.2,0.1,1.0,1.0,1.0,1.0,0.2,0.2,5,4,0.4,0.8,0.5,0.0,0.4,0.0,1.0,0.0,1.0,0.8,0.0,1.0,0.12061475842818137,0.0,0.12061475842818137,0.012061475842818137,0.12061475842818137,0.6704850005561434,1.0830562955919185e-20,1.0830562955919185e-20,0.0,0.9977777777777778,1.1333333333333333,0,0,0,4,C3R,0.0,0.0,0.05554463103929519,0.9,1.0,0.1,0.0,0.0,0.05554463103929519
phaseflip,phaseflip,0.03,3,0.5,0.03,10,qiskit_aer,1,1,0.913816,0.3757174111111111,0.8,0.55,0.0,1.0,1.0,0.0,0.08618399999999984,0.0010277984238166223,0.08645399999999981,0.08514449999999987,0.08708849999999982,0.0847079999999999,0.0847079999999999,1.0,0.5,1.0,0.0,0.0,0.0,0.0,0.0,0.056030310392954495,0.0010277984238166223,0.05630031039295447,0.05499081039295453,0.05693481039295448,0.05455431039295455,0.05455431039295455,1.0,1.0,0.0,0.0,0.0,0.0,0.0,1.0,0.07110715519647717,0.014667110088701694,0.07092715519647719,0.05630031039295447,0.0847079999999999,0.05630031039295447,0.05630031039295447,1.0,1.0,0.5,0.0,0.0,0.0,0.0,0.5,0.0,0.015076844803522671,0.1507684480352267,0.030153689607045342,0.030153689607045342,0.07110715519647717,0.014667110088701694,0.07092715519647719,0.05630031039295447,0.0847079999999999,0.05630031039295447,0.05630031039295447,1.0,1.0,0.5,0.0,0.0,0.0,0.0,0.5,0.0,0.015076844803522671,0.1507684480352267,0.030153689607045342,0.030153689607045342,0.07110715519647717,0.014667110088701694,0.07092715519647719,0.05630031039295447,0.0847079999999999,0.05630031039295447,0.05630031039295447,1.0,1.0,0.5,0.0,0.0,0.0,0.0,0.5,0.0,0.015076844803522671,0.1507684480352267,0.030153689607045342,0.030153689607045342,0.08316863103929531,0.00901443953243033,0.08645399999999981,0.0847079999999999,0.08708849999999982,0.06908377071612491,0.05630031039295447,1.0,0.6,0.9,0.0,0.0,0.0,0.0,0.1,8.664450364735348e-21,0.003015368960704534,0.030153689607045342,0.016584529283874903,0.030153689607045342,1.0,0.5,0.5,0.5,0.1,0.4,0.5,0.5,0.0,0.5,0.5,0.0,0.5,0.5,0.0,0.1,0.9,0.0,0.5,0.0,0.5,0.5,0.1,0.5,0.5,0.4,0.0,0.0,0.0,0.5,0.5,1.0,1.0,0.3,0.1,1.0,1.0,1.0,1.0,0.2,0.2,5,4,0.4,0.8,0.5,0.0,0.4,0.0,1.0,0.0,1.0,0.8,0.0,1.0,0.12061475842818137,0.0,0.12061475842818137,0.012061475842818137,0.12061475842818137,0.6242825890203002,1.0830562955919185e-20,1.0830562955919185e-20,0.0,0.9812222222222222,1.08,0,0,0,4,C3R,0.0,0.0,0.08316863103929531,0.9,1.0,0.1,0.0,0.0,0.08316863103929531
phaseflip,phaseflip,0.03,3,0.5,0.05,10,qiskit_aer,1,1,0.913816,0.3757174111111111,0.8,0.55,0.0,1.0,1.0,0.0,0.08618399999999984,0.0010277984238166223,0.08645399999999981,0.08514449999999987,0.08708849999999982,0.0847079999999999,0.0847079999999999,1.0,0.5,1.0,0.0,0.0,0.0,0.0,0.0,0.056030310392954495,0.0010277984238166223,0.05630031039295447,0.05499081039295453,0.05693481039295448,0.05455431039295455,0.05455431039295455,1.0,1.0,0.0,0.0,0.0,0.0,0.0,1.0,0.07110715519647717,0.014667110088701694,0.07092715519647719,0.05630031039295447,0.0847079999999999,0.05630031039295447,0.05630031039295447,1.0,1.0,0.5,0.0,0.0,0.0,0.0,0.5,0.0,0.015076844803522671,0.1507684480352267,0.030153689607045342,0.030153689607045342,0.07110715519647717,0.014667110088701694,0.07092715519647719,0.05630031039295447,0.0847079999999999,0.05630031039295447,0.05630031039295447,1.0,1.0,0.5,0.0,0.0,0.0,0.0,0.5,0.0,0.015076844803522671,0.1507684480352267,0.030153689607045342,0.030153689607045342,0.07110715519647717,0.014667110088701694,0.07092715519647719,0.05630031039295447,0.0847079999999999,0.05630031039295447,0.05630031039295447,1.0,1.0,0.5,0.0,0.0,0.0,0.0,0.5,0.0,0.015076844803522671,0.1507684480352267,0.030153689607045342,0.030153689607045342,0.08316863103929531,0.008726861738467649,0.08645399999999981,0.0847079999999999,0.08645399999999981,0.06954907071612491,0.05714631039295448,1.0,0.6,0.9,0.0,0.0,0.0,0.0,0.1,1.010140437628328e-17,0.003015368960704534,0.030153689607045342,0.016584529283874903,0.030153689607045342,1.0,0.5,0.5,0.5,0.1,0.4,0.5,0.5,0.0,0.5,0.5,0.0,0.5,0.5,0.0,0.1,0.9,0.0,0.5,0.0,0.5,0.5,0.1,0.5,0.5,0.4,0.0,0.0,0.0,0.5,0.5,1.0,1.0,0.1,0.1,1.0,1.0,1.0,1.0,0.2,0.2,5,4,0.4,0.8,0.5,0.0,0.4,0.0,1.0,0.0,1.0,0.8,0.0,1.0,0.12061475842818137,0.0,0.12061475842818137,0.012061475842818137,0.12061475842818137,0.6242825890242308,1.0103570488874464e-17,1.0103570488874464e-17,0.0,0.9872222222222222,1.1,0,0,0,4,C3R,0.0,0.0,0.08316863103929531,0.9,1.0,0.1,0.0,0.0,0.08316863103929531
phaseflip,phaseflip,0.03,3,0.5,0.1,10,qiskit_aer,1,1,0.913816,0.35032173333333333,0.8111111111111111,0.55,0.0,1.0,1.0,0.0,0.08618399999999984,0.0010277984238166223,0.08645399999999981,0.08514449999999987,0.08708849999999982,0.0847079999999999,0.0847079999999999,1.0,0.4,1.0,0.0,0.0,0.0,0.0,0.0,0.056030310392954495,0.0010277984238166223,0.05630031039295447,0.05499081039295453,0.05693481039295448,0.05455431039295455,0.05455431039295455,1.0,1.0,0.0,0.0,0.0,0.0,0.0,1.0,0.06809178623577264,0.01411741353310238,0.05714631039295448,0.05630031039295447,0.0847079999999999,0.05630031039295447,0.05630031039295447,1.0,1.0,0.4,0.0,0.0,0.0,0.0,0.6,0.0,0.018092213764227205,0.18092213764227205,0.030153689607045342,0.030153689607045342,0.06809178623577264,0.01411741353310238,0.05714631039295448,0.05630031039295447,0.0847079999999999,0.05630031039295447,0.05630031039295447,1.0,1.0,0.4,0.0,0.0,0.0,0.0,0.6,0.0,0.018092213764227205,0.18092213764227205,0.030153689607045342,0.030153689607045342,0.06809178623577264,0.01411741353310238,0.05714631039295448,0.05630031039295447,0.0847079999999999,0.05630031039295447,0.05630031039295447,1.0,1.0,0.4,0.0,0.0,0.0,0.0,0.6,0.0,0.018092213764227205,0.18092213764227205,0.030153689607045342,0.030153689607045342,0.08618399999999984,0.0010277984238166223,0.08645399999999981,0.08514449999999987,0.08708849999999982,0.0847079999999999,0.0847079999999999,1.0,0.4,1.0,0.0,0.0,0.0,0.0,0.0,1.2996675547103021e-20,0.0,0.0,0.0,0.0,1.0,0.6,0.6,0.6,0.0,0.6,0.6,0.4,0.0,0.6,0.4,0.0,0.6,0.4,0.0,0.0,1.0,0.0,0.6,0.0,0.6,0.6,0.0,0.6,0.6,0.6,0.0,0.0,0.0,0.6,0.6,1.0,1.0,0.1,0.0,1.0,1.0,1.0,1.0,0.0,0.0,6,6,0.6,1.0,0.6,0.0,0.6,0.0,1.0,0.0,1.0,1.0,0.0,1.0,0.18092213764227205,0.0,0.18092213764227205,0.018092213764227205,0.18092213764227205,0.8496782668014362,1.2996675547103021e-20,1.2996675547103021e-20,0.0,0.9933333333333333,1.15,0,0,0,6,C3R,0.0,0.0,0.08618399999999984,1.0,1.0,0.0,0.0,0.0,0.08618399999999984
phaseflip,phaseflip,0.03,4,0.5,0.03,10,qiskit_aer,1,1,0.8874362680000001,0.355039226,0.8,0.55,0.0,0.0,1.0,0.0,0.11256373199999978,0.0015976230304849519,0.1134103799999997,0.11216675999999981,0.11380799999999977,0.10962551999999981,0.10962551999999981,1.0,0.5,1.0,0.0,0.0,0.0,0.0,0.0,0.08241004239295444,0.0015976230304849519,0.08325669039295436,0.08201307039295447,0.08365431039295443,0.07947183039295447,0.07947183039295447,1.0,1.0,0.0,0.0,0.0,0.0,0.0,0.0,0.0974868871964771,0.01558176045895122,0.09791053519647713,0.08365431039295435,0.11280125999999974,0.07947183039295447,0.07947183039295447,1.0,1.0,0.5,0.0,0.0,0.0,0.0,0.0,0.0,0.015076844803522671,0.1507684480352267,0.030153689607045342,0.030153689607045342,0.0974868871964771,0.01558176045895122,0.09791053519647713,0.08365431039295435,0.11280125999999974,0.07947183039295447,0.07947183039295447,1.0,1.0,0.5,0.0,0.0,0.0,0.0,0.0,0.0,0.015076844803522671,0.1507684480352267,0.030153689607045342,0.030153689607045342,0.0974868871964771,0.01558176045895122,0.09791053519647713,0.08365431039295435,0.11280125999999974,0.07947183039295447,0.07947183039295447,1.0,1.0,0.5,0.0,0.0,0.0,0.0,0.0,0.0,0.015076844803522671,0.1507684480352267,0.030153689607045342,0.030153689607045342,0.10653299407859071,0.01257963954857074,0.11258975999999976,0.11026082999999981,0.11380799999999977,0.08135394639295442,0.07947183039295447,1.0,0.7,0.8,0.0,0.0,0.0,0.0,0.0,6.498337773551511e-21,0.006030737921409068,0.060307379214090684,0.030153689607045342,0.030153689607045342,1.0,0.5,0.5,0.5,0.2,0.3,0.5,0.5,0.0,0.5,0.5,0.0,0.5,0.5,0.0,0.2,0.8,0.0,0.5,0.0,0.5,0.5,0.2,0.5,0.5,0.3,0.0,0.0,0.0,0.5,0.5,1.0,1.0,0.3,0.2,1.0,1.0,1.0,1.0,0.4,0.4,5,3,0.3,0.6,0.5,0.0,0.3,0.0,1.0,0.0,1.0,0.6,0.0,1.0,0.09046106882113603,0.0,0.09046106882113603,0.009046106882113603,0.09046106882113603,0.6449607740495933,9.597967791511354e-21,9.597967791511354e-21,0.0,0.9812222222222222,1.08,0,0,0,3,C3R,0.0,0.0,0.10653299407859071,0.8,1.0,0.2,0.0,0.0,0.10653299407859071
phaseflip,phaseflip,0.03,4,0.5,0.05,10,qiskit_aer,1,1,0.8874362680000001,0.355039226,0.8,0.55,0.0,0.0,1.0,0.0,0.11256373199999978,0.0015976230304849519,0.1134103799999997,0.11216675999999981,0.11380799999999977,0.10962551999999981,0.10962551999999981,1.0,0.6,1.0,0.0,0.0,0.0,0.0,0.0,0.08241004239295444,0.0015976230304849519,0.08325669039295436,0.08201307039295447,0.08365431039295443,0.07947183039295447,0.07947183039295447,1.0,1.0,0.0,0.0,0.0,0.0,0.0,0.0,0.10050225615718164,0.01469623157484314,0.11089613999999981,0.08365431039295437,0.11280125999999974,0.08135394639295442,0.07947183039295447,1.0,1.0,0.6,0.0,0.0,0.0,0.0,0.0,0.0,0.012061475842818137,0.12061475842818137,0.030153689607045342,0.030153689607045342,0.10050225615718164,0.01469623157484314,0.11089613999999981,0.08365431039295437,0.11280125999999974,0.08135394639295442,0.07947183039295447,1.0,1.0,0.6,0.0,0.0,0.0,0.0,0.0,0.0,0.012061475842818137,0.12061475842818137,0.030153689607045342,0.030153689607045342,0.10050225615718164,0.01469623157484314,0.11089613999999981,0.08365431039295437,0.11280125999999974,0.08135394639295442,0.07947183039295447,1.0,1.0,0.6,0.0,0.0,0.0,0.0,0.0,0.0,0.012061475842818137,0.12061475842818137,0.030153689607045342,0.030153689607045342,0.10954836303929524,0.008768158008279943,0.11258975999999976,0.11026082999999981,0.11380799999999977,0.0953413547161248,0.08365431039295435,1.0,0.7,0.9,0.0,0.0,0.0,0.0,0.0,5.26574260914368e-21,0.003015368960704534,0.030153689607045342,0.016584529283874903,0.030153689607045342,1.0,0.4,0.4,0.4,0.1,0.3,0.4,0.6,0.0,0.4,0.6,0.0,0.4,0.6,0.0,0.1,0.9,0.0,0.4,0.0,0.4,0.4,0.1,0.4,0.4,0.3,0.0,0.0,0.0,0.4,0.4,1.0,1.0,0.1,0.1,1.0,1.0,1.0,1.0,0.25,0.25,4,3,0.3,0.75,0.4,0.0,0.3,0.0,1.0,0.0,1.0,0.75,0.0,1.0,0.09046106882113603,0.0,0.09046106882113603,0.009046106882113603,0.09046106882113603,0.4449607740497415,7.431855200327517e-21,7.431855200327517e-21,0.0,0.9872222222222222,1.1,0,0,0,3,C3R,0.0,0.0,0.10954836303929524,0.9,1.0,0.1,0.0,0.0,0.10954836303929524
phaseflip,phaseflip,0.03,4,0.5,0.1,10,qiskit_aer,1,1,0.8874362680000001,0.33039042755555553,0.8111111111111111,0.55,0.0,0.0,1.0,0.0,0.11256373199999978,0.0015976230304849519,0.1134103799999997,0.11216675999999981,0.11380799999999977,0.10962551999999981,0.10962551999999981,1.0,0.5,1.0,0.0,0.0,0.0,0.0,0.0,0.08241004239295444,0.0015976230304849519,0.08325669039295436,0.08201307039295447,0.08365431039295443,0.07947183039295447,0.07947183039295447,1.0,1.0,0.0,0.0,0.0,0.0,0.0,0.0,0.0974868871964771,0.01558176045895122,0.09791053519647713,0.08365431039295435,0.11280125999999974,0.07947183039295447,0.07947183039295447,1.0,1.0,0.5,0.0,0.0,0.0,0.0,0.0,0.0,0.015076844803522671,0.1507684480352267,0.030153689607045342,0.030153689607045342,0.0974868871964771,0.01558176045895122,0.09791053519647713,0.08365431039295435,0.11280125999999974,0.07947183039295447,0.07947183039295447,1.0,1.0,0.5,0.0,0.0,0.0,0.0,0.0,0.0,0.015076844803522671,0.1507684480352267,0.030153689607045342,0.030153689607045342,0.0974868871964771,0.01558176045895122,0.09791053519647713,0.08365431039295435,0.11280125999999974,0.07947183039295447,0.07947183039295447,1.0,1.0,0.5,0.0,0.0,0.0,0.0,0.0,0.0,0.015076844803522671,0.1507684480352267,0.030153689607045342,0.030153689607045342,0.10954836303929524,0.008768158008279943,0.11258975999999976,0.11026082999999981,0.11380799999999977,0.0953413547161248,0.08365431039295435,1.0,0.6,0.9,0.0,0.0,0.0,0.0,0.0,7.431855200327517e-21,0.003015368960704534,0.030153689607045342,0.016584529283874903,0.030153689607045342,1.0,0.5,0.5,0.5,0.1,0.4,0.5,0.5,0.0,0.5,0.5,0.0,0.5,0.5,0.0,0.1,0.9,0.0,0.5,0.0,0.5,0.5,0.1,0.5,0.5,0.4,0.0,0.0,0.0,0.5,0.5,1.0,1.0,0.1,0.1,1.0,1.0,1.0,1.0,0.2,0.2,5,4,0.4,0.8,0.5,0.0,0.4,0.0,1.0,0.0,1.0,0.8,0.0,1.0,0.12061475842818137,0.0,0.12061475842818137,0.012061475842818137,0.12061475842818137,0.669609572491001,9.597967791511354e-21,9.597967791511354e-21,0.0,0.9933333333333333,1.15,0,0,0,4,C3R,0.0,0.0,0.10954836303929524,0.9,1.0,0.1,0.0,0.0,0.10954836303929524
phaseflip,phaseflip,0.05,1,0.5,0.03,10,qiskit_aer,1,1,0.9499999999999998,0.4063888888888889,0.8222222222222222,0.5333333333333333,0.0,1.0,1.0,0.0,0.04999999999999971,0.0,0.04999999999999971,0.04999999999999971,0.04999999999999971,0.04999999999999971,0.04999999999999971,1.0,0.2,1.0,0.0,0.0,0.0,0.0,0.0,0.01984631039295437,0.0,0.01984631039295437,0.01984631039295437,0.01984631039295437,0.01984631039295437,0.01984631039295437,1.0,1.0,0.0,0.0,0.0,0.0,0.0,1.0,0.025877048314363438,0.012061475842818137,0.01984631039295437,0.01984631039295437,0.01984631039295437,0.01984631039295437,0.01984631039295437,1.0,1.0,0.2,0.0,0.0,0.0,0.0,0.8,0.0,0.024122951685636274,0.24122951685636274,0.030153689607045342,0.030153689607045342,0.025877048314363438,0.012061475842818137,0.01984631039295437,0.01984631039295437,0.01984631039295437,0.01984631039295437,0.01984631039295437,1.0,1.0,0.2,0.0,0.0,0.0,0.0,0.8,0.0,0.024122951685636274,0.24122951685636274,0.030153689607045342,0.030153689607045342,0.025877048314363438,0.012061475842818137,0.01984631039295437,0.01984631039295437,0.01984631039295437,0.01984631039295437,0.01984631039295437,1.0,1.0,0.2,0.0,0.0,0.0,0.0,0.8,0.0,0.024122951685636274,0.24122951685636274,0.030153689607045342,0.030153689607045342,0.04396926207859064,0.012061475842818137,0.04999999999999971,0.04999999999999971,0.04999999999999971,0.01984631039295437,0.01984631039295437,1.0,0.4,0.8,0.0,0.0,0.0,0.0,0.2,0.10498868151299247,0.006030737921409068,0.060307379214090684,0.030153689607045342,0.030153689607045342,1.0,0.8,0.8,0.8,0.2,0.6,0.8,0.2,0.0,0.8,0.2,0.0,0.8,0.2,0.0,0.2,0.8,0.0,0.8,0.0,0.8,0.8,0.2,0.8,0.8,0.6,0.0,0.0,0.0,0.8,0.8,1.0,1.0,0.2,0.2,1.0,1.0,1.0,1.0,0.25,0.25,8,6,0.6,0.75,0.8,0.0,0.6,0.0,1.0,0.0,1.0,0.75,0.0,1.0,0.18092213764227205,0.0,0.18092213764227205,0.018092213764227205,0.18092213764227205,1.1936111125709121,0.17498113585498745,0.17498113585498745,0.0,0.9837777777777778,1.0633333333333335,0,0,0,6,C3R,0.0,0.0,0.04396926207859064,0.8,1.0,0.2,0.0,0.0,0.04396926207859064
phaseflip,phaseflip,0.05,1,0.5,0.05,10,qiskit_aer,1,1,0.9499999999999998,0.4011111111111111,0.8222222222222222,0.5333333333333333,0.0,1.0,1.0,0.0,0.04999999999999971,0.0,0.04999999999999971,0.04999999999999971,0.04999999999999971,0.04999999999999971,0.04999999999999971,1.0,0.2,1.0,0.0,0.0,0.0,0.0,0.0,0.01984631039295437,0.0,0.01984631039295437,0.01984631039295437,0.01984631039295437,0.01984631039295437,0.01984631039295437,1.0,1.0,0.0,0.0,0.0,0.0,0.0,1.0,0.025877048314363438,0.012061475842818137,0.01984631039295437,0.01984631039295437,0.01984631039295437,0.01984631039295437,0.01984631039295437,1.0,1.0,0.2,0.0,0.0,0.0,0.0,0.8,0.0,0.024122951685636274,0.24122951685636274,0.030153689607045342,0.030153689607045342,0.025877048314363438,0.012061475842818137,0.01984631039295437,0.01984631039295437,0.01984631039295437,0.01984631039295437,0.01984631039295437,1.0,1.0,0.2,0.0,0.0,0.0,0.0,0.8,0.0,0.024122951685636274,0.24122951685636274,0.030153689607045342,0.030153689607045342,0.025877048314363438,0.012061475842818137,0.01984631039295437,0.01984631039295437,0.01984631039295437,0.01984631039295437,0.01984631039295437,1.0,1.0,0.2,0.0,0.0,0.0,0.0,0.8,0.0,0.024122951685636274,0.24122951685636274,0.030153689607045342,0.030153689607045342,0.04396926207859064,0.012061475842818137,0.04999999999999971,0.04999999999999971,0.04999999999999971,0.01984631039295437,0.01984631039295437,1.0,0.4,0.8,0.0,0.0,0.0,0.0,0.2,0.10498868151299247,0.006030737921409068,0.060307379214090684,0.030153689607045342,0.030153689607045342,1.0,0.8,0.8,0.8,0.2,0.6,0.8,0.2,0.0,0.8,0.2,0.0,0.8,0.2,0.0,0.2,0.8,0.0,0.8,0.0,0.8,0.8,0.2,0.8,0.8,0.6,0.0,0.0,0.0,0.8,0.8,1.0,1.0,0.2,0.2,1.0,1.0,1.0,1.0,0.25,0.25,8,6,0.6,0.75,0.8,0.0,0.6,0.0,1.0,0.0,1.0,0.75,0.0,1.0,0.18092213764227205,0.0,0.18092213764227205,0.018092213764227205,0.18092213764227205,1.198888890276041,0.14133233712661944,0.14133233712661944,0.0,0.9877777777777778,1.0833333333333335,0,0,0,6,C3R,0.0,0.0,0.04396926207859064,0.8,1.0,0.2,0.0,0.0,0.04396926207859064
phaseflip,phaseflip,0.05,1,0.5,0.1,10,qiskit_aer,1,1,0.9499999999999998,0.34305555555555556,0.8666666666666667,0.5333333333333333,0.0,1.0,1.0,0.0,0.04999999999999971,0.0,0.04999999999999971,0.04999999999999971,0.04999999999999971,0.04999999999999971,0.04999999999999971,1.0,0.2,1.0,0.0,0.0,0.0,0.0,0.0,0.01984631039295437,0.0,0.01984631039295437,0.01984631039295437,0.01984631039295437,0.01984631039295437,0.01984631039295437,1.0,1.0,0.0,0.0,0.0,0.0,0.0,1.0,0.025877048314363438,0.012061475842818137,0.01984631039295437,0.01984631039295437,0.01984631039295437,0.01984631039295437,0.01984631039295437,1.0,1.0,0.2,0.0,0.0,0.0,0.0,0.8,0.0,0.024122951685636274,0.24122951685636274,0.030153689607045342,0.030153689607045342,0.025877048314363438,0.012061475842818137,0.01984631039295437,0.01984631039295437,0.01984631039295437,0.01984631039295437,0.01984631039295437,1.0,1.0,0.2,0.0,0.0,0.0,0.0,0.8,0.0,0.024122951685636274,0.24122951685636274,0.030153689607045342,0.030153689607045342,0.025877048314363438,0.012061475842818137,0.01984631039295437,0.01984631039295437,0.01984631039295437,0.01984631039295437,0.01984631039295437,1.0,1.0,0.2,0.0,0.0,0.0,0.0,0.8,0.0,0.024122951685636274,0.24122951685636274,0.030153689607045342,0.030153689607045342,0.04396926207859064,0.012061475842818137,0.04999999999999971,0.04999999999999971,0.04999999999999971,0.01984631039295437,0.01984631039295437,1.0,0.4,0.8,0.0,0.0,0.0,0.0,0.2,0.10498868151299247,0.006030737921409068,0.060307379214090684,0.030153689607045342,0.030153689607045342,1.0,0.8,0.8,0.8,0.2,0.6,0.8,0.2,0.0,0.8,0.2,0.0,0.8,0.2,0.0,0.2,0.8,0.0,0.8,0.0,0.8,0.8,0.2,0.8,0.8,0.6,0.0,0.0,0.0,0.8,0.8,1.0,1.0,0.2,0.2,1.0,1.0,1.0,1.0,0.25,0.25,8,6,0.6,0.75,0.8,0.0,0.6,0.0,1.0,0.0,1.0,0.75,0.0,1.0,0.18092213764227205,0.0,0.18092213764227205,0.018092213764227205,0.18092213764227205,1.2569444459042456,0.17498113585498745,0.17498113585498745,0.0,0.9977777777777778,1.1333333333333333,0,0,0,6,C3R,0.0,0.0,0.04396926207859064,0.8,1.0,0.2,0.0,0.0,0.04396926207859064
phaseflip,phaseflip,0.05,2,0.5,0.03,10,qiskit_aer,1,1,0.9039999999999999,0.3515277777777778,0.8222222222222222,0.5333333333333333,0.0,1.0,1.0,0.0,0.0959999999999998,0.0012247448713915085,0.09499999999999986,0.09499999999999986,0.0974999999999997,0.09499999999999986,0.09499999999999986,1.0,0.8,1.0,0.0,0.0,0.0,0.0,0.0,0.06584631039295445,0.0012247448713915085,0.06484631039295452,0.06484631039295452,0.06734631039295436,0.06484631039295452,0.06484631039295452,1.0,1.0,0.0,0.0,0.0,0.0,0.0,1.0,0.08996926207859073,0.01135284042619552,0.09499999999999986,0.09499999999999986,0.09499999999999986,0.06734631039295436,0.06734631039295436,1.0,1.0,0.8,0.0,0.0,0.0,0.0,0.2,0.0,0.006030737921409068,0.060307379214090684,0.030153689607045342,0.030153689607045342,0.08996926207859073,0.01135284042619552,0.09499999999999986,0.09499999999999986,0.09499999999999986,0.06734631039295436,0.06734631039295436,1.0,1.0,0.8,0.0,0.0,0.0,0.0,0.2,0.0,0.006030737921409068,0.060307379214090684,0.030153689607045342,0.030153689607045342,0.08996926207859073,0.01135284042619552,0.09499999999999986,0.09499999999999986,0.09499999999999986,0.06734631039295436,0.06734631039295436,1.0,1.0,0.8,0.0,0.0,0.0,0.0,0.2,0.0,0.006030737921409068,0.060307379214090684,0.030153689607045342,0.030153689607045342,0.0959999999999998,0.0012247448713915085,0.09499999999999986,0.09499999999999986,0.0974999999999997,0.09499999999999986,0.09499999999999986,1.0,0.8,1.0,0.0,0.0,0.0,0.0,0.0,0.0137049139522555,0.0,0.0,0.0,0.0,1.0,0.2,0.2,0.2,0.0,0.2,0.2,0.8,0.0,0.2,0.8,0.0,0.2,0.8,0.0,0.0,1.0,0.0,0.2,0.0,0.2,0.2,0.0,0.2,0.2,0.2,0.0,0.0,0.0,0.2,0.2,1.0,1.0,0.2,0.0,1.0,1.0,1.0,1.0,0.0,0.0,2,2,0.2,1.0,0.2,0.0,0.2,0.0,1.0,0.0,1.0,1.0,0.0,1.0,0.060307379214090684,0.0,0.060307379214090684,0.006030737921409068,0.060307379214090684,0.04847222235167971,0.0137049139522555,0.0137049139522555,0.0,0.9837777777777778,1.0633333333333335,0,0,0,2,C3R,0.0,0.0,0.0959999999999998,1.0,1.0,0.0,0.0,0.0,0.0959999999999998
phaseflip,phaseflip,0.05,2,0.5,0.05,10,qiskit_aer,1,1,0.9039999999999999,0.3465,0.8222222222222222,0.5333333333333333,0.0,1.0,1.0,0.0,0.0959999999999998,0.0012247448713915085,0.09499999999999986,0.09499999999999986,0.0974999999999997,0.09499999999999986,0.09499999999999986,1.0,0.8,1.0,0.0,0.0,0.0,0.0,0.0,0.06584631039295445,0.0012247448713915085,0.06484631039295452,0.06484631039295452,0.06734631039295436,0.06484631039295452,0.06484631039295452,1.0,1.0,0.0,0.0,0.0,0.0,0.0,1.0,0.08996926207859073,0.01135284042619552,0.09499999999999986,0.09499999999999986,0.09499999999999986,0.06734631039295436,0.06734631039295436,1.0,1.0,0.8,0.0,0.0,0.0,0.0,0.2,0.0,0.006030737921409068,0.060307379214090684,0.030153689607045342,0.030153689607045342,0.08996926207859073,0.01135284042619552,0.09499999999999986,0.09499999999999986,0.09499999999999986,0.06734631039295436,0.06734631039295436,1.0,1.0,0.8,0.0,0.0,0.0,0.0,0.2,0.0,0.006030737921409068,0.060307379214090684,0.030153689607045342,0.030153689607045342,0.08996926207859073,0.01135284042619552,0.09499999999999986,0.09499999999999986,0.09499999999999986,0.06734631039295436,0.06734631039295436,1.0,1.0,0.8,0.0,0.0,0.0,0.0,0.2,0.0,0.006030737921409068,0.060307379214090684,0.030153689607045342,0.030153689607045342,0.0959999999999998,0.0012247448713915085,0.09499999999999986,0.09499999999999986,0.0974999999999997,0.09499999999999986,0.09499999999999986,1.0,0.8,1.0,0.0,0.0,0.0,0.0,0.0,0.00556297854266948,0.0,0.0,0.0,0.0,1.0,0.2,0.2,0.2,0.0,0.2,0.2,0.8,0.0,0.2,0.8,0.0,0.2,0.8,0.0,0.0,1.0,0.0,0.2,0.0,0.2,0.2,0.0,0.2,0.2,0.2,0.0,0.0,0.0,0.2,0.2,1.0,1.0,0.2,0.0,1.0,1.0,1.0,1.0,0.0,0.0,2,2,0.2,1.0,0.2,0.0,0.2,0.0,1.0,0.0,1.0,1.0,0.0,1.0,0.060307379214090684,0.0,0.060307379214090684,0.006030737921409068,0.060307379214090684,0.05350000012604451,0.00556297854266948,0.00556297854266948,0.0,0.9877777777777778,1.0833333333333335,0,0,0,2,C3R,0.0,0.0,0.0959999999999998,1.0,1.0,0.0,0.0,0.0,0.0959999999999998
phaseflip,phaseflip,0.05,2,0.5,0.1,10,qiskit_aer,1,1,0.9039999999999999,0.31140277777777775,0.8666666666666667,0.5333333333333333,0.0,1.0,1.0,0.0,0.0959999999999998,0.0012247448713915085,0.09499999999999986,0.09499999999999986,0.0974999999999997,0.09499999999999986,0.09499999999999986,1.0,0.8,1.0,0.0,0.0,0.0,0.0,0.0,0.06584631039295445,0.0012247448713915085,0.06484631039295452,0.06484631039295452,0.06734631039295436,0.06484631039295452,0.06484631039295452,1.0,1.0,0.0,0.0,0.0,0.0,0.0,1.0,0.08996926207859073,0.01135284042619552,0.09499999999999986,0.09499999999999986,0.09499999999999986,0.06734631039295436,0.06734631039295436,1.0,1.0,0.8,0.0,0.0,0.0,0.0,0.2,0.0,0.006030737921409068,0.060307379214090684,0.030153689607045342,0.030153689607045342,0.08996926207859073,0.01135284042619552,0.09499999999999986,0.09499999999999986,0.09499999999999986,0.06734631039295436,0.06734631039295436,1.0,1.0,0.8,0.0,0.0,0.0,0.0,0.2,0.0,0.006030737921409068,0.060307379214090684,0.030153689607045342,0.030153689607045342,0.08996926207859073,0.01135284042619552,0.09499999999999986,0.09499999999999986,0.09499999999999986,0.06734631039295436,0.06734631039295436,1.0,1.0,0.8,0.0,0.0,0.0,0.0,0.2,0.0,0.006030737921409068,0.060307379214090684,0.030153689607045342,0.030153689607045342,0.0959999999999998,0.0012247448713915085,0.09499999999999986,0.09499999999999986,0.0974999999999997,0.09499999999999986,0.09499999999999986,1.0,0.8,1.0,0.0,0.0,0.0,0.0,0.0,0.008495877083870586,0.0,0.0,0.0,0.0,1.0,0.2,0.2,0.2,0.0,0.2,0.2,0.8,0.0,0.2,0.8,0.0,0.2,0.8,0.0,0.0,1.0,0.0,0.2,0.0,0.2,0.2,0.0,0.2,0.2,0.2,0.0,0.0,0.0,0.2,0.2,1.0,1.0,0.2,0.0,1.0,1.0,1.0,1.0,0.0,0.0,2,2,0.2,1.0,0.2,0.0,0.2,0.0,1.0,0.0,1.0,1.0,0.0,1.0,0.060307379214090684,0.0,0.060307379214090684,0.006030737921409068,0.060307379214090684,0.08859722234901647,0.008495877083870586,0.008495877083870586,0.0,0.9977777777777778,1.1333333333333333,0,0,0,2,C3R,0.0,0.0,0.0959999999999998,1.0,1.0,0.0,0.0,0.0,0.0959999999999998
phaseflip,phaseflip,0.05,3,0.5,0.03,10,qiskit_aer,1,1,0.8604999999999999,0.3490986111111111,0.8,0.55,0.0,0.0,1.0,0.0,0.13949999999999982,0.002779388421937513,0.14024999999999987,0.13668749999999977,0.14193749999999986,0.13549999999999973,0.13549999999999973,1.0,0.6,1.0,0.0,0.0,0.0,0.0,0.0,0.10934631039295448,0.002779388421937513,0.11009631039295453,0.10653381039295443,0.11178381039295451,0.10534631039295439,0.10534631039295439,1.0,1.0,0.0,0.0,0.0,0.0,0.0,0.0,0.12743852415718168,0.013442963395388667,0.13549999999999973,0.11234631039295451,0.13906249999999984,0.11009631039295453,0.11009631039295453,1.0,1.0,0.6,0.0,0.0,0.0,0.0,0.0,0.0,0.012061475842818137,0.12061475842818137,0.030153689607045342,0.030153689607045342,0.12743852415718168,0.013442963395388667,0.13549999999999973,0.11234631039295451,0.13906249999999984,0.11009631039295453,0.11009631039295453,1.0,1.0,0.6,0.0,0.0,0.0,0.0,0.0,0.0,0.012061475842818137,0.12061475842818137,0.030153689607045342,0.030153689607045342,0.12743852415718168,0.013442963395388667,0.13549999999999973,0.11234631039295451,0.13906249999999984,0.11009631039295453,0.11009631039295453,1.0,1.0,0.6,0.0,0.0,0.0,0.0,0.0,0.0,0.012061475842818137,0.12061475842818137,0.030153689607045342,0.030153689607045342,0.13346926207859075,0.011427551456965807,0.1378749999999998,0.13549999999999973,0.14024999999999987,0.11110881039295452,0.11009631039295453,1.0,0.8,0.8,0.0,0.0,0.0,0.0,0.0,3.099630017959843e-21,0.006030737921409068,0.060307379214090684,0.030153689607045342,0.030153689607045342,1.0,0.4,0.4,0.4,0.2,0.2,0.4,0.6,0.0,0.4,0.6,0.0,0.4,0.6,0.0,0.2,0.8,0.0,0.4,0.0,0.4,0.4,0.2,0.4,0.4,0.2,0.0,0.0,0.0,0.4,0.4,1.0,1.0,0.3,0.2,1.0,1.0,1.0,1.0,0.5,0.5,4,2,0.2,0.5,0.4,0.0,0.2,0.0,1.0,0.0,1.0,0.5,0.0,1.0,0.060307379214090684,0.0,0.060307379214090684,0.006030737921409068,0.060307379214090684,0.4509013889226345,0.0197096896878486,0.0197096896878486,0.0,0.9812222222222222,1.08,0,0,0,2,C3R,0.0,0.0,0.13346926207859075,0.8,1.0,0.2,0.0,0.0,0.13346926207859075
phaseflip,phaseflip,0.05,3,0.5,0.05,10,qiskit_aer,1,1,0.8604999999999999,0.3490986111111111,0.8,0.55,0.0,0.0,1.0,0.0,0.13949999999999982,0.002779388421937513,0.14024999999999987,0.13668749999999977,0.14193749999999986,0.13549999999999973,0.13549999999999973,1.0,0.5,1.0,0.0,0.0,0.0,0.0,0.0,0.10934631039295448,0.002779388421937513,0.11009631039295453,0.10653381039295443,0.11178381039295451,0.10534631039295439,0.10534631039295439,1.0,1.0,0.0,0.0,0.0,0.0,0.0,0.0,0.12442315519647715,0.01310394982647265,0.12392315519647712,0.11234631039295451,0.13549999999999973,0.11009631039295453,0.11009631039295453,1.0,1.0,0.5,0.0,0.0,0.0,0.0,0.0,0.0,0.015076844803522671,0.1507684480352267,0.030153689607045342,0.030153689607045342,0.12442315519647715,0.01310394982647265,0.12392315519647712,0.11234631039295451,0.13549999999999973,0.11009631039295453,0.11009631039295453,1.0,1.0,0.5,0.0,0.0,0.0,0.0,0.0,0.0,0.015076844803522671,0.1507684480352267,0.030153689607045342,0.030153689607045342,0.12442315519647715,0.01310394982647265,0.12392315519647712,0.11234631039295451,0.13549999999999973,0.11009631039295453,0.11009631039295453,1.0,1.0,0.5,0.0,0.0,0.0,0.0,0.0,0.0,0.015076844803522671,0.1507684480352267,0.030153689607045342,0.030153689607045342,0.13648463103929528,0.008453687713560044,0.14024999999999987,0.13549999999999973,0.14024999999999987,0.12276547071612486,0.11234631039295451,1.0,0.6,0.9,0.0,0.0,0.0,0.0,0.0,0.0197096896878486,0.003015368960704534,0.030153689607045342,0.016584529283874903,0.030153689607045342,1.0,0.5,0.5,0.5,0.1,0.4,0.5,0.5,0.0,0.5,0.5,0.0,0.5,0.5,0.0,0.1,0.9,0.0,0.5,0.0,0.5,0.5,0.1,0.5,0.5,0.4,0.0,0.0,0.0,0.5,0.5,1.0,1.0,0.1,0.1,1.0,1.0,1.0,1.0,0.2,0.2,5,4,0.4,0.8,0.5,0.0,0.4,0.0,1.0,0.0,1.0,0.8,0.0,1.0,0.12061475842818137,0.0,0.12061475842818137,0.012061475842818137,0.12061475842818137,0.6509013889216113,0.0197096896878486,0.0197096896878486,0.0,0.9872222222222222,1.1,0,0,0,4,C3R,0.0,0.0,0.13648463103929528,0.9,1.0,0.1,0.0,0.0,0.13648463103929528
phaseflip,phaseflip,0.05,3,0.5,0.1,10,qiskit_aer,1,1,0.8604999999999999,0.32516388888888886,0.8111111111111111,0.55,0.0,0.0,1.0,0.0,0.13949999999999982,0.002779388421937513,0.14024999999999987,0.13668749999999977,0.14193749999999986,0.13549999999999973,0.13549999999999973,1.0,0.7,1.0,0.0,0.0,0.0,0.0,0.0,0.10934631039295448,0.002779388421937513,0.11009631039295453,0.10653381039295443,0.11178381039295451,0.10534631039295439,0.10534631039295439,1.0,1.0,0.0,0.0,0.0,0.0,0.0,0.0,0.13045389311788622,0.012568172833919642,0.13549999999999973,0.11813473279471581,0.14024999999999987,0.11110881039295452,0.11009631039295453,1.0,1.0,0.7,0.0,0.0,0.0,0.0,0.0,0.0,0.009046106882113603,0.09046106882113603,0.030153689607045342,0.030153689607045342,0.13045389311788622,0.012568172833919642,0.13549999999999973,0.11813473279471581,0.14024999999999987,0.11110881039295452,0.11009631039295453,1.0,1.0,0.7,0.0,0.0,0.0,0.0,0.0,0.0,0.009046106882113603,0.09046106882113603,0.030153689607045342,0.030153689607045342,0.13045389311788622,0.012568172833919642,0.13549999999999973,0.11813473279471581,0.14024999999999987,0.11110881039295452,0.11009631039295453,1.0,1.0,0.7,0.0,0.0,0.0,0.0,0.0,0.0,0.009046106882113603,0.09046106882113603,0.030153689607045342,0.030153689607045342,0.13949999999999982,0.002779388421937513,0.14024999999999987,0.13668749999999977,0.14193749999999986,0.13549999999999973,0.13549999999999973,1.0,0.7,1.0,0.0,0.0,0.0,0.0,0.0,0.01248276597125722,0.0,0.0,0.0,0.0,1.0,0.3,0.3,0.3,0.0,0.3,0.3,0.7,0.0,0.3,0.7,0.0,0.3,0.7,0.0,0.0,1.0,0.0,0.3,0.0,0.3,0.3,0.0,0.3,0.3,0.3,0.0,0.0,0.0,0.3,0.3,1.0,1.0,0.1,0.0,1.0,1.0,1.0,1.0,0.0,0.0,3,3,0.3,1.0,0.3,0.0,0.3,0.0,1.0,0.0,1.0,1.0,0.0,1.0,0.09046106882113603,0.0,0.09046106882113603,0.009046106882113603,0.09046106882113603,0.27483611114459805,0.01248276597125722,0.01248276597125722,0.0,0.9933333333333333,1.15,0,0,0,3,C3R,0.0,0.0,0.13949999999999982,1.0,1.0,0.0,0.0,0.0,0.13949999999999982
phaseflip,phaseflip,0.05,4,0.5,0.03,10,qiskit_aer,1,1,0.8202674999999998,0.33736638888888887,0.8,0.55,0.0,0.0,1.0,0.0,0.17973249999999985,0.004220086640105866,0.1819874999999999,0.1787249999999999,0.18299999999999983,0.17194999999999983,0.17194999999999983,1.0,0.9,1.0,0.0,0.0,0.0,0.0,0.0,0.1495788103929545,0.004220086640105866,0.15183381039295457,0.14857131039295457,0.1528463103929545,0.14179631039295448,0.14179631039295448,1.0,1.0,0.0,0.0,0.0,0.0,0.0,0.0,0.17671713103929532,0.010281884527091443,0.1819874999999999,0.17364374999999985,0.18299999999999983,0.15909172071612493,0.14857131039295457,1.0,1.0,0.9,0.0,0.0,0.0,0.0,0.0,0.0,0.003015368960704534,0.030153689607045342,0.016584529283874903,0.030153689607045342,0.17671713103929532,0.010281884527091443,0.1819874999999999,0.17364374999999985,0.18299999999999983,0.15909172071612493,0.14857131039295457,1.0,1.0,0.9,0.0,0.0,0.0,0.0,0.0,0.0,0.003015368960704534,0.030153689607045342,0.016584529283874903,0.030153689607045342,0.17671713103929532,0.010281884527091443,0.1819874999999999,0.17364374999999985,0.18299999999999983,0.15909172071612493,0.14857131039295457,1.0,1.0,0.9,0.0,0.0,0.0,0.0,0.0,0.0,0.003015368960704534,0.030153689607045342,0.016584529283874903,0.030153689607045342,0.17973249999999985,0.004220086640105866,0.1819874999999999,0.1787249999999999,0.18299999999999983,0.17194999999999983,0.17194999999999983,1.0,0.9,1.0,0.0,0.0,0.0,0.0,0.0,9.33517426776006e-22,0.0,0.0,0.0,0.0,1.0,0.1,0.1,0.1,0.0,0.1,0.1,0.9,0.0,0.1,0.9,0.0,0.1,0.9,0.0,0.0,1.0,0.0,0.1,0.0,0.1,0.1,0.0,0.1,0.1,0.1,0.0,0.0,0.0,0.1,0.1,1.0,1.0,0.3,0.0,1.0,1.0,1.0,1.0,0.0,0.0,1,1,0.1,1.0,0.1,0.0,0.1,0.0,1.0,0.0,1.0,1.0,0.0,1.0,0.030153689607045342,0.0,0.030153689607045342,0.003015368960704534,0.030153689607045342,-0.13736638887583302,9.33517426776006e-22,9.33517426776006e-22,0.0,0.9812222222222222,1.08,0,0,0,1,C3R,0.0,0.0,0.17973249999999985,1.0,1.0,0.0,0.0,0.0,0.17973249999999985
phaseflip,phaseflip,0.05,4,0.5,0.05,10,qiskit_aer,1,1,0.8202674999999998,0.33736638888888887,0.8,0.55,0.0,0.0,1.0,0.0,0.17973249999999985,0.004220086640105866,0.1819874999999999,0.1787249999999999,0.18299999999999983,0.17194999999999983,0.17194999999999983,1.0,0.8,1.0,0.0,0.0,0.0,0.0,0.0,0.1495788103929545,0.004220086640105866,0.15183381039295457,0.14857131039295457,0.1528463103929545,0.14179631039295448,0.14179631039295448,1.0,1.0,0.0,0.0,0.0,0.0,0.0,0.0,0.17370176207859078,0.013245386656059694,0.1819874999999999,0.17194999999999983,0.18299999999999983,0.14857131039295457,0.14857131039295457,1.0,1.0,0.8,0.0,0.0,0.0,0.0,0.0,0.0,0.006030737921409068,0.060307379214090684,0.030153689607045342,0.030153689607045342,0.17370176207859078,0.013245386656059694,0.1819874999999999,0.17194999999999983,0.18299999999999983,0.14857131039295457,0.14857131039295457,1.0,1.0,0.8,0.0,0.0,0.0,0.0,0.0,0.0,0.006030737921409068,0.060307379214090684,0.030153689607045342,0.030153689607045342,0.17370176207859078,0.013245386656059694,0.1819874999999999,0.17194999999999983,0.18299999999999983,0.14857131039295457,0.14857131039295457,1.0,1.0,0.8,0.0,0.0,0.0,0.0,0.0,0.0,0.006030737921409068,0.060307379214090684,0.030153689607045342,0.030153689607045342,0.17973249999999985,0.004220086640105866,0.1819874999999999,0.1787249999999999,0.18299999999999983,0.17194999999999983,0.17194999999999983,1.0,0.8,1.0,0.0,0.0,0.0,0.0,0.0,1.867034853552012e-21,0.0,0.0,0.0,0.0,1.0,0.2,0.2,0.2,0.0,0.2,0.2,0.8,0.0,0.2,0.8,0.0,0.2,0.8,0.0,0.0,1.0,0.0,0.2,0.0,0.2,0.2,0.0,0.2,0.2,0.2,0.0,0.0,0.0,0.2,0.2,1.0,1.0,0.1,0.0,1.0,1.0,1.0,1.0,0.0,0.0,2,2,0.2,1.0,0.2,0.0,0.2,0.0,1.0,0.0,1.0,1.0,0.0,1.0,0.060307379214090684,0.0,0.060307379214090684,0.006030737921409068,0.060307379214090684,0.06263361112342881,1.867034853552012e-21,1.867034853552012e-21,0.0,0.9872222222222222,1.1,0,0,0,2,C3R,0.0,0.0,0.17973249999999985,1.0,1.0,0.0,0.0,0.0,0.17973249999999985
phaseflip,phaseflip,0.05,4,0.5,0.1,10,qiskit_aer,1,1,0.8202674999999998,0.3145868055555555,0.8111111111111111,0.55,0.0,0.0,1.0,0.0,0.17973249999999985,0.004220086640105866,0.1819874999999999,0.1787249999999999,0.18299999999999983,0.17194999999999983,0.17194999999999983,1.0,0.8,1.0,0.0,0.0,0.0,0.0,0.0,0.1495788103929545,0.004220086640105866,0.15183381039295457,0.14857131039295457,0.1528463103929545,0.14179631039295448,0.14179631039295448,1.0,1.0,0.0,0.0,0.0,0.0,0.0,0.0,0.17370176207859078,0.013245386656059694,0.1819874999999999,0.17194999999999983,0.18299999999999983,0.14857131039295457,0.14857131039295457,1.0,1.0,0.8,0.0,0.0,0.0,0.0,0.0,0.0,0.006030737921409068,0.060307379214090684,0.030153689607045342,0.030153689607045342,0.17370176207859078,0.013245386656059694,0.1819874999999999,0.17194999999999983,0.18299999999999983,0.14857131039295457,0.14857131039295457,1.0,1.0,0.8,0.0,0.0,0.0,0.0,0.0,0.0,0.006030737921409068,0.060307379214090684,0.030153689607045342,0.030153689607045342,0.17370176207859078,0.013245386656059694,0.1819874999999999,0.17194999999999983,0.18299999999999983,0.14857131039295457,0.14857131039295457,1.0,1.0,0.8,0.0,0.0,0.0,0.0,0.0,0.0,0.006030737921409068,0.060307379214090684,0.030153689607045342,0.030153689607045342,0.17973249999999985,0.004220086640105866,0.1819874999999999,0.1787249999999999,0.18299999999999983,0.17194999999999983,0.17194999999999983,1.0,0.8,1.0,0.0,0.0,0.0,0.0,0.0,1.867034853552012e-21,0.0,0.0,0.0,0.0,1.0,0.2,0.2,0.2,0.0,0.2,0.2,0.8,0.0,0.2,0.8,0.0,0.2,0.8,0.0,0.0,1.0,0.0,0.2,0.0,0.2,0.2,0.0,0.2,0.2,0.2,0.0,0.0,0.0,0.2,0.2,1.0,1.0,0.1,0.0,1.0,1.0,1.0,1.0,0.0,0.0,2,2,0.2,1.0,0.2,0.0,0.2,0.0,1.0,0.0,1.0,1.0,0.0,1.0,0.060307379214090684,0.0,0.060307379214090684,0.006030737921409068,0.060307379214090684,0.08541319445658871,1.867034853552012e-21,1.867034853552012e-21,0.0,0.9933333333333333,1.15,0,0,0,2,C3R,0.0,0.0,0.17973249999999985,1.0,1.0,0.0,0.0,0.0,0.17973249999999985
phaseflip,phaseflip,0.1,1,0.5,0.03,10,qiskit_aer,1,1,0.9000000000000001,0.3400000000000001,0.8222222222222222,0.5333333333333333,0.0,1.0,1.0,0.0,0.09999999999999964,0.0,0.09999999999999964,0.09999999999999964,0.09999999999999964,0.09999999999999964,0.09999999999999964,1.0,0.8,1.0,0.0,0.0,0.0,0.0,0.0,0.0698463103929543,0.0,0.0698463103929543,0.0698463103929543,0.0698463103929543,0.0698463103929543,0.0698463103929543,1.0,1.0,0.0,0.0,0.0,0.0,0.0,1.0,0.09396926207859058,0.012061475842818137,0.09999999999999964,0.09999999999999964,0.09999999999999964,0.0698463103929543,0.0698463103929543,1.0,1.0,0.8,0.0,0.0,0.0,0.0,0.2,0.0,0.006030737921409068,0.060307379214090684,0.030153689607045342,0.030153689607045342,0.09396926207859058,0.012061475842818137,0.09999999999999964,0.09999999999999964,0.09999999999999964,0.0698463103929543,0.0698463103929543,1.0,1.0,0.8,0.0,0.0,0.0,0.0,0.2,0.0,0.006030737921409068,0.060307379214090684,0.030153689607045342,0.030153689607045342,0.09396926207859058,0.012061475842818137,0.09999999999999964,0.09999999999999964,0.09999999999999964,0.0698463103929543,0.0698463103929543,1.0,1.0,0.8,0.0,0.0,0.0,0.0,0.2,0.0,0.006030737921409068,0.060307379214090684,0.030153689607045342,0.030153689607045342,0.09999999999999964,0.0,0.09999999999999964,0.09999999999999964,0.09999999999999964,0.09999999999999964,0.09999999999999964,1.0,0.8,1.0,0.0,0.0,0.0,0.0,0.0,0.006573680430971311,0.0,0.0,0.0,0.0,1.0,0.2,0.2,0.2,0.0,0.2,0.2,0.8,0.0,0.2,0.8,0.0,0.2,0.8,0.0,0.0,1.0,0.0,0.2,0.0,0.2,0.2,0.0,0.2,0.2,0.2,0.0,0.0,0.0,0.2,0.2,1.0,1.0,0.2,0.0,1.0,1.0,1.0,1.0,0.0,0.0,2,2,0.2,1.0,0.2,0.0,0.2,0.0,1.0,0.0,1.0,1.0,0.0,1.0,0.060307379214090684,0.0,0.060307379214090684,0.006030737921409068,0.060307379214090684,0.06000000010329798,0.006573680430971311,0.006573680430971311,0.0,0.9837777777777778,1.0633333333333335,0,0,0,2,C3R,0.0,0.0,0.09999999999999964,1.0,1.0,0.0,0.0,0.0,0.09999999999999964
phaseflip,phaseflip,0.1,1,0.5,0.05,10,qiskit_aer,1,1,0.9000000000000001,0.3350000000000001,0.8222222222222222,0.5333333333333333,0.0,1.0,1.0,0.0,0.09999999999999964,0.0,0.09999999999999964,0.09999999999999964,0.09999999999999964,0.09999999999999964,0.09999999999999964,1.0,0.8,1.0,0.0,0.0,0.0,0.0,0.0,0.0698463103929543,0.0,0.0698463103929543,0.0698463103929543,0.0698463103929543,0.0698463103929543,0.0698463103929543,1.0,1.0,0.0,0.0,0.0,0.0,0.0,1.0,0.09396926207859058,0.012061475842818137,0.09999999999999964,0.09999999999999964,0.09999999999999964,0.0698463103929543,0.0698463103929543,1.0,1.0,0.8,0.0,0.0,0.0,0.0,0.2,0.0,0.006030737921409068,0.060307379214090684,0.030153689607045342,0.030153689607045342,0.09396926207859058,0.012061475842818137,0.09999999999999964,0.09999999999999964,0.09999999999999964,0.0698463103929543,0.0698463103929543,1.0,1.0,0.8,0.0,0.0,0.0,0.0,0.2,0.0,0.006030737921409068,0.060307379214090684,0.030153689607045342,0.030153689607045342,0.09396926207859058,0.012061475842818137,0.09999999999999964,0.09999999999999964,0.09999999999999964,0.0698463103929543,0.0698463103929543,1.0,1.0,0.8,0.0,0.0,0.0,0.0,0.2,0.0,0.006030737921409068,0.060307379214090684,0.030153689607045342,0.030153689607045342,0.09999999999999964,0.0,0.09999999999999964,0.09999999999999964,0.09999999999999964,0.09999999999999964,0.09999999999999964,1.0,0.8,1.0,0.0,0.0,0.0,0.0,0.0,0.003286840215485658,0.0,0.0,0.0,0.0,1.0,0.2,0.2,0.2,0.0,0.2,0.2,0.8,0.0,0.2,0.8,0.0,0.2,0.8,0.0,0.0,1.0,0.0,0.2,0.0,0.2,0.2,0.0,0.2,0.2,0.2,0.0,0.0,0.0,0.2,0.2,1.0,1.0,0.2,0.0,1.0,1.0,1.0,1.0,0.0,0.0,2,2,0.2,1.0,0.2,0.0,0.2,0.0,1.0,0.0,1.0,1.0,0.0,1.0,0.060307379214090684,0.0,0.060307379214090684,0.006030737921409068,0.060307379214090684,0.06500000010193752,0.003286840215485658,0.003286840215485658,0.0,0.9877777777777778,1.0833333333333335,0,0,0,2,C3R,0.0,0.0,0.09999999999999964,1.0,1.0,0.0,0.0,0.0,0.09999999999999964
phaseflip,phaseflip,0.1,1,0.5,0.1,10,qiskit_aer,1,1,0.9000000000000001,0.30000000000000004,0.8666666666666667,0.5333333333333333,0.0,1.0,1.0,0.0,0.09999999999999964,0.0,0.09999999999999964,0.09999999999999964,0.09999999999999964,0.09999999999999964,0.09999999999999964,1.0,0.9,1.0,0.0,0.0,0.0,0.0,0.0,0.0698463103929543,0.0,0.0698463103929543,0.0698463103929543,0.0698463103929543,0.0698463103929543,0.0698463103929543,1.0,1.0,0.0,0.0,0.0,0.0,0.0,1.0,0.09698463103929511,0.009046106882113603,0.09999999999999964,0.09999999999999964,0.09999999999999964,0.0834154707161247,0.0698463103929543,1.0,1.0,0.9,0.0,0.0,0.0,0.0,0.1,0.0,0.003015368960704534,0.030153689607045342,0.016584529283874903,0.030153689607045342,0.09698463103929511,0.009046106882113603,0.09999999999999964,0.09999999999999964,0.09999999999999964,0.0834154707161247,0.0698463103929543,1.0,1.0,0.9,0.0,0.0,0.0,0.0,0.1,0.0,0.003015368960704534,0.030153689607045342,0.016584529283874903,0.030153689607045342,0.09698463103929511,0.009046106882113603,0.09999999999999964,0.09999999999999964,0.09999999999999964,0.0834154707161247,0.0698463103929543,1.0,1.0,0.9,0.0,0.0,0.0,0.0,0.1,0.0,0.003015368960704534,0.030153689607045342,0.016584529283874903,0.030153689607045342,0.09999999999999964,0.0,0.09999999999999964,0.09999999999999964,0.09999999999999964,0.09999999999999964,0.09999999999999964,1.0,0.9,1.0,0.0,0.0,0.0,0.0,0.0,0.0032868402154856554,0.0,0.0,0.0,0.0,1.0,0.1,0.1,0.1,0.0,0.1,0.1,0.9,0.0,0.1,0.9,0.0,0.1,0.9,0.0,0.0,1.0,0.0,0.1,0.0,0.1,0.1,0.0,0.1,0.1,0.1,0.0,0.0,0.0,0.1,0.1,1.0,1.0,0.2,0.0,1.0,1.0,1.0,1.0,0.0,0.0,1,1,0.1,1.0,0.1,0.0,0.1,0.0,1.0,0.0,1.0,1.0,0.0,1.0,0.030153689607045342,0.0,0.030153689607045342,0.003015368960704534,0.030153689607045342,-0.09999999989942299,0.0032868402154856554,0.0032868402154856554,0.0,0.9977777777777778,1.1333333333333333,0,0,0,1,C3R,0.0,0.0,0.09999999999999964,1.0,1.0,0.0,0.0,0.0,0.09999999999999964
phaseflip,phaseflip,0.1,2,0.5,0.03,10,qiskit_aer,1,1,0.8160000000000001,0.3081666666666667,0.8222222222222222,0.5333333333333333,0.0,0.0,1.0,0.0,0.1839999999999997,0.00489897948556632,0.17999999999999972,0.17999999999999972,0.1899999999999996,0.17999999999999972,0.17999999999999972,1.0,0.7,1.0,0.0,0.0,0.0,0.0,0.0,0.15384631039295435,0.00489897948556632,0.14984631039295437,0.14984631039295437,0.15984631039295427,0.14984631039295437,0.14984631039295437,1.0,1.0,0.0,0.0,0.0,0.0,0.0,0.0,0.1749538931178861,0.01695023021701166,0.17999999999999972,0.1573847327947157,0.1899999999999996,0.14984631039295437,0.14984631039295437,1.0,1.0,0.7,0.0,0.0,0.0,0.0,0.0,0.0,0.009046106882113603,0.09046106882113603,0.030153689607045342,0.030153689607045342,0.1749538931178861,0.01695023021701166,0.17999999999999972,0.1573847327947157,0.1899999999999996,0.14984631039295437,0.14984631039295437,1.0,1.0,0.7,0.0,0.0,0.0,0.0,0.0,0.0,0.009046106882113603,0.09046106882113603,0.030153689607045342,0.030153689607045342,0.1749538931178861,0.01695023021701166,0.17999999999999972,0.1573847327947157,0.1899999999999996,0.14984631039295437,0.14984631039295437,1.0,1.0,0.7,0.0,0.0,0.0,0.0,0.0,0.0,0.009046106882113603,0.09046106882113603,0.030153689607045342,0.030153689607045342,0.1839999999999997,0.00489897948556632,0.17999999999999972,0.17999999999999972,0.1899999999999996,0.17999999999999972,0.17999999999999972,1.0,0.7,1.0,0.0,0.0,0.0,0.0,0.0,6.498337773551511e-21,0.0,0.0,0.0,0.0,1.0,0.3,0.3,0.3,0.0,0.3,0.3,0.7,0.0,0.3,0.7,0.0,0.3,0.7,0.0,0.0,1.0,0.0,0.3,0.0,0.3,0.3,0.0,0.3,0.3,0.3,0.0,0.0,0.0,0.3,0.3,1.0,1.0,0.2,0.0,1.0,1.0,1.0,1.0,0.0,0.0,3,3,0.3,1.0,0.3,0.0,0.3,0.0,1.0,0.0,1.0,1.0,0.0,1.0,0.09046106882113603,0.0,0.09046106882113603,0.009046106882113603,0.09046106882113603,0.2918333333424084,6.498337773551511e-21,6.498337773551511e-21,0.0,0.9837777777777778,1.0633333333333335,0,0,0,3,C3R,0.0,0.0,0.1839999999999997,1.0,1.0,0.0,0.0,0.0,0.1839999999999997
phaseflip,phaseflip,0.1,2,0.5,0.05,10,qiskit_aer,1,1,0.8160000000000001,0.3036111111111111,0.8222222222222222,0.5333333333333333,0.0,0.0,1.0,0.0,0.1839999999999997,0.00489897948556632,0.17999999999999972,0.17999999999999972,0.1899999999999996,0.17999999999999972,0.17999999999999972,1.0,0.7,1.0,0.0,0.0,0.0,0.0,0.0,0.15384631039295435,0.00489897948556632,0.14984631039295437,0.14984631039295437,0.15984631039295427,0.14984631039295437,0.14984631039295437,1.0,1.0,0.0,0.0,0.0,0.0,0.0,0.0,0.1749538931178861,0.01695023021701166,0.17999999999999972,0.1573847327947157,0.1899999999999996,0.14984631039295437,0.14984631039295437,1.0,1.0,0.7,0.0,0.0,0.0,0.0,0.0,0.0,0.009046106882113603,0.09046106882113603,0.030153689607045342,0.030153689607045342,0.1749538931178861,0.01695023021701166,0.17999999999999972,0.1573847327947157,0.1899999999999996,0.14984631039295437,0.14984631039295437,1.0,1.0,0.7,0.0,0.0,0.0,0.0,0.0,0.0,0.009046106882113603,0.09046106882113603,0.030153689607045342,0.030153689607045342,0.1749538931178861,0.01695023021701166,0.17999999999999972,0.1573847327947157,0.1899999999999996,0.14984631039295437,0.14984631039295437,1.0,1.0,0.7,0.0,0.0,0.0,0.0,0.0,0.0,0.009046106882113603,0.09046106882113603,0.030153689607045342,0.030153689607045342,0.1839999999999997,0.00489897948556632,0.17999999999999972,0.17999999999999972,0.1899999999999996,0.17999999999999972,0.17999999999999972,1.0,0.7,1.0,0.0,0.0,0.0,0.0,0.0,6.498337773551511e-21,0.0,0.0,0.0,0.0,1.0,0.3,0.3,0.3,0.0,0.3,0.3,0.7,0.0,0.3,0.7,0.0,0.3,0.7,0.0,0.0,1.0,0.0,0.3,0.0,0.3,0.3,0.0,0.3,0.3,0.3,0.0,0.0,0.0,0.3,0.3,1.0,1.0,0.2,0.0,1.0,1.0,1.0,1.0,0.0,0.0,3,3,0.3,1.0,0.3,0.0,0.3,0.0,1.0,0.0,1.0,1.0,0.0,1.0,0.09046106882113603,0.0,0.09046106882113603,0.009046106882113603,0.09046106882113603,0.29638888889767284,6.498337773551511e-21,6.498337773551511e-21,0.0,0.9877777777777778,1.0833333333333335,0,0,0,3,C3R,0.0,0.0,0.1839999999999997,1.0,1.0,0.0,0.0,0.0,0.1839999999999997
phaseflip,phaseflip,0.1,2,0.5,0.1,10,qiskit_aer,1,1,0.8160000000000001,0.28122222222222226,0.8666666666666667,0.5333333333333333,0.0,0.0,1.0,0.0,0.1839999999999997,0.00489897948556632,0.17999999999999972,0.17999999999999972,0.1899999999999996,0.17999999999999972,0.17999999999999972,1.0,0.7,1.0,0.0,0.0,0.0,0.0,0.0,0.15384631039295435,0.00489897948556632,0.14984631039295437,0.14984631039295437,0.15984631039295427,0.14984631039295437,0.14984631039295437,1.0,1.0,0.0,0.0,0.0,0.0,0.0,0.0,0.1749538931178861,0.01695023021701166,0.17999999999999972,0.1573847327947157,0.1899999999999996,0.14984631039295437,0.14984631039295437,1.0,1.0,0.7,0.0,0.0,0.0,0.0,0.0,0.0,0.009046106882113603,0.09046106882113603,0.030153689607045342,0.030153689607045342,0.1749538931178861,0.01695023021701166,0.17999999999999972,0.1573847327947157,0.1899999999999996,0.14984631039295437,0.14984631039295437,1.0,1.0,0.7,0.0,0.0,0.0,0.0,0.0,0.0,0.009046106882113603,0.09046106882113603,0.030153689607045342,0.030153689607045342,0.1749538931178861,0.01695023021701166,0.17999999999999972,0.1573847327947157,0.1899999999999996,0.14984631039295437,0.14984631039295437,1.0,1.0,0.7,0.0,0.0,0.0,0.0,0.0,0.0,0.009046106882113603,0.09046106882113603,0.030153689607045342,0.030153689607045342,0.1839999999999997,0.00489897948556632,0.17999999999999972,0.17999999999999972,0.1899999999999996,0.17999999999999972,0.17999999999999972,1.0,0.7,1.0,0.0,0.0,0.0,0.0,0.0,6.498337773551511e-21,0.0,0.0,0.0,0.0,1.0,0.3,0.3,0.3,0.0,0.3,0.3,0.7,0.0,0.3,0.7,0.0,0.3,0.7,0.0,0.0,1.0,0.0,0.3,0.0,0.3,0.3,0.0,0.3,0.3,0.3,0.0,0.0,0.0,0.3,0.3,1.0,1.0,0.2,0.0,1.0,1.0,1.0,1.0,0.0,0.0,3,3,0.3,1.0,0.3,0.0,0.3,0.0,1.0,0.0,1.0,1.0,0.0,1.0,0.09046106882113603,0.0,0.09046106882113603,0.009046106882113603,0.09046106882113603,0.318777777787144,6.498337773551511e-21,6.498337773551511e-21,0.0,0.9977777777777778,1.1333333333333333,0,0,0,3,C3R,0.0,0.0,0.1839999999999997,1.0,1.0,0.0,0.0,0.0,0.1839999999999997
phaseflip,phaseflip,0.1,3,0.5,0.03,10,qiskit_aer,1,1,0.7410000000000001,0.28391111111111117,0.8,0.55,0.0,0.0,1.0,0.0,0.2589999999999997,0.010363397126425285,0.2619999999999997,0.24849999999999975,0.2679999999999997,0.24399999999999966,0.2439999999999997,1.0,0.7,1.0,0.0,0.0,0.0,0.0,0.0,0.22884631039295433,0.010363397126425285,0.23184631039295434,0.2183463103929544,0.23784631039295434,0.21384631039295432,0.21384631039295435,1.0,1.0,0.0,0.0,0.0,0.0,0.0,0.0,0.24995389311788607,0.01877812798565044,0.25299999999999967,0.23488473279471567,0.2679999999999997,0.2219463103929544,0.21384631039295443,1.0,1.0,0.7,0.0,0.0,0.0,0.0,0.0,0.0,0.009046106882113603,0.09046106882113603,0.030153689607045342,0.030153689607045342,0.24995389311788607,0.01877812798565044,0.25299999999999967,0.23488473279471567,0.2679999999999997,0.2219463103929544,0.21384631039295443,1.0,1.0,0.7,0.0,0.0,0.0,0.0,0.0,0.0,0.009046106882113603,0.09046106882113603,0.030153689607045342,0.030153689607045342,0.24995389311788607,0.01877812798565044,0.25299999999999967,0.23488473279471567,0.2679999999999997,0.2219463103929544,0.21384631039295443,1.0,1.0,0.7,0.0,0.0,0.0,0.0,0.0,0.0,0.009046106882113603,0.09046106882113603,0.030153689607045342,0.030153689607045342,0.2589999999999997,0.010363397126425285,0.2619999999999997,0.24849999999999975,0.2679999999999997,0.24399999999999966,0.2439999999999997,1.0,0.7,1.0,0.0,0.0,0.0,0.0,0.0,5.26574260914368e-21,0.0,0.0,0.0,0.0,1.0,0.3,0.3,0.3,0.0,0.3,0.3,0.7,0.0,0.3,0.7,0.0,0.3,0.7,0.0,0.0,1.0,0.0,0.3,0.0,0.3,0.3,0.0,0.3,0.3,0.3,0.0,0.0,0.0,0.3,0.3,1.0,1.0,0.3,0.0,1.0,1.0,1.0,1.0,0.0,0.0,3,3,0.3,1.0,0.3,0.0,0.3,0.0,1.0,0.0,1.0,1.0,0.0,1.0,0.09046106882113603,0.0,0.09046106882113603,0.009046106882113603,0.09046106882113603,0.3160888888909541,5.26574260914368e-21,5.26574260914368e-21,0.0,0.9812222222222222,1.08,0,0,0,3,C3R,0.0,0.0,0.2589999999999997,1.0,1.0,0.0,0.0,0.0,0.2589999999999997
phaseflip,phaseflip,0.1,3,0.5,0.05,10,qiskit_aer,1,1,0.7410000000000001,0.28391111111111117,0.8,0.55,0.0,0.0,1.0,0.0,0.2589999999999997,0.010363397126425285,0.2619999999999997,0.24849999999999975,0.2679999999999997,0.24399999999999966,0.2439999999999997,1.0,0.7,1.0,0.0,0.0,0.0,0.0,0.0,0.22884631039295433,0.010363397126425285,0.23184631039295434,0.2183463103929544,0.23784631039295434,0.21384631039295432,0.21384631039295435,1.0,1.0,0.0,0.0,0.0,0.0,0.0,0.0,0.24995389311788607,0.01877812798565044,0.25299999999999967,0.23488473279471567,0.2679999999999997,0.2219463103929544,0.21384631039295443,1.0,1.0,0.7,0.0,0.0,0.0,0.0,0.0,0.0,0.009046106882113603,0.09046106882113603,0.030153689607045342,0.030153689607045342,0.24995389311788607,0.01877812798565044,0.25299999999999967,0.23488473279471567,0.2679999999999997,0.2219463103929544,0.21384631039295443,1.0,1.0,0.7,0.0,0.0,0.0,0.0,0.0,0.0,0.009046106882113603,0.09046106882113603,0.030153689607045342,0.030153689607045342,0.24995389311788607,0.01877812798565044,0.25299999999999967,0.23488473279471567,0.2679999999999997,0.2219463103929544,0.21384631039295443,1.0,1.0,0.7,0.0,0.0,0.0,0.0,0.0,0.0,0.009046106882113603,0.09046106882113603,0.030153689607045342,0.030153689607045342,0.2589999999999997,0.010363397126425285,0.2619999999999997,0.24849999999999975,0.2679999999999997,0.24399999999999966,0.2439999999999997,1.0,0.7,1.0,0.0,0.0,0.0,0.0,0.0,4.033147444735849e-21,0.0,0.0,0.0,0.0,1.0,0.3,0.3,0.3,0.0,0.3,0.3,0.7,0.0,0.3,0.7,0.0,0.3,0.7,0.0,0.0,1.0,0.0,0.3,0.0,0.3,0.3,0.0,0.3,0.3,0.3,0.0,0.0,0.0,0.3,0.3,1.0,1.0,0.1,0.0,1.0,1.0,1.0,1.0,0.0,0.0,3,3,0.3,1.0,0.3,0.0,0.3,0.0,1.0,0.0,1.0,1.0,0.0,1.0,0.09046106882113603,0.0,0.09046106882113603,0.009046106882113603,0.09046106882113603,0.31608888889104303,4.033147444735849e-21,4.033147444735849e-21,0.0,0.9872222222222222,1.1,0,0,0,3,C3R,0.0,0.0,0.2589999999999997,1.0,1.0,0.0,0.0,0.0,0.2589999999999997
phaseflip,phaseflip,0.1,3,0.5,0.1,10,qiskit_aer,1,1,0.7410000000000001,0.2632111111111112,0.8111111111111111,0.55,0.0,0.0,1.0,0.0,0.2589999999999997,0.010363397126425285,0.2619999999999997,0.24849999999999975,0.2679999999999997,0.24399999999999966,0.2439999999999997,1.0,0.9,1.0,0.0,0.0,0.0,0.0,0.0,0.22884631039295433,0.010363397126425285,0.23184631039295434,0.2183463103929544,0.23784631039295434,0.21384631039295432,0.21384631039295435,1.0,1.0,0.0,0.0,0.0,0.0,0.0,0.0,0.25598463103929514,0.01672402817935196,0.2619999999999997,0.24849999999999967,0.2679999999999997,0.22741547071612478,0.21384631039295443,1.0,1.0,0.9,0.0,0.0,0.0,0.0,0.0,0.0,0.003015368960704534,0.030153689607045342,0.016584529283874903,0.030153689607045342,0.25598463103929514,0.01672402817935196,0.2619999999999997,0.24849999999999967,0.2679999999999997,0.22741547071612478,0.21384631039295443,1.0,1.0,0.9,0.0,0.0,0.0,0.0,0.0,0.0,0.003015368960704534,0.030153689607045342,0.016584529283874903,0.030153689607045342,0.25598463103929514,0.01672402817935196,0.2619999999999997,0.24849999999999967,0.2679999999999997,0.22741547071612478,0.21384631039295443,1.0,1.0,0.9,0.0,0.0,0.0,0.0,0.0,0.0,0.003015368960704534,0.030153689607045342,0.016584529283874903,0.030153689607045342,0.2589999999999997,0.010363397126425285,0.2619999999999997,0.24849999999999975,0.2679999999999997,0.24399999999999966,0.2439999999999997,1.0,0.9,1.0,0.0,0.0,0.0,0.0,0.0,2.166112591183837e-21,0.0,0.0,0.0,0.0,1.0,0.1,0.1,0.1,0.0,0.1,0.1,0.9,0.0,0.1,0.9,0.0,0.1,0.9,0.0,0.0,1.0,0.0,0.1,0.0,0.1,0.1,0.0,0.1,0.1,0.1,0.0,0.0,0.0,0.1,0.1,1.0,1.0,0.1,0.0,1.0,1.0,1.0,1.0,0.0,0.0,1,1,0.1,1.0,0.1,0.0,0.1,0.0,1.0,0.0,1.0,1.0,0.0,1.0,0.030153689607045342,0.0,0.030153689607045342,0.003015368960704534,0.030153689607045342,-0.0632111111087792,2.166112591183837e-21,2.166112591183837e-21,0.0,0.9933333333333333,1.15,0,0,0,1,C3R,0.0,0.0,0.2589999999999997,1.0,1.0,0.0,0.0,0.0,0.2589999999999997
phaseflip,phaseflip,0.1,4,0.5,0.03,10,qiskit_aer,1,1,0.6772800000000001,0.2481577777777778,0.8,0.55,0.0,0.0,1.0,0.0,0.3227199999999998,0.01481275126369163,0.33079999999999976,0.3195999999999999,0.33399999999999974,0.2951999999999999,0.2951999999999999,1.0,0.8,1.0,0.0,0.0,0.0,0.0,0.0,0.29256631039295444,0.01481275126369163,0.3006463103929544,0.28944631039295454,0.3038463103929544,0.26504631039295456,0.26504631039295456,1.0,1.0,0.0,0.0,0.0,0.0,0.0,0.0,0.3166892620785907,0.02639751152478653,0.33079999999999976,0.3195999999999999,0.33399999999999974,0.26504631039295456,0.26504631039295456,1.0,1.0,0.8,0.0,0.0,0.0,0.0,0.0,0.0,0.006030737921409068,0.060307379214090684,0.030153689607045342,0.030153689607045342,0.3166892620785907,0.02639751152478653,0.33079999999999976,0.3195999999999999,0.33399999999999974,0.26504631039295456,0.26504631039295456,1.0,1.0,0.8,0.0,0.0,0.0,0.0,0.0,0.0,0.006030737921409068,0.060307379214090684,0.030153689607045342,0.030153689607045342,0.3166892620785907,0.02639751152478653,0.33079999999999976,0.3195999999999999,0.33399999999999974,0.26504631039295456,0.26504631039295456,1.0,1.0,0.8,0.0,0.0,0.0,0.0,0.0,0.0,0.006030737921409068,0.060307379214090684,0.030153689607045342,0.030153689607045342,0.31970463103929525,0.021615169611173494,0.33079999999999976,0.3195999999999999,0.33399999999999974,0.27861547071612497,0.26504631039295456,1.0,0.9,0.9,0.0,0.0,0.0,0.0,0.0,2.166112591183837e-21,0.003015368960704534,0.030153689607045342,0.016584529283874903,0.030153689607045342,1.0,0.2,0.2,0.2,0.1,0.1,0.2,0.8,0.0,0.2,0.8,0.0,0.2,0.8,0.0,0.1,0.9,0.0,0.2,0.0,0.2,0.2,0.1,0.2,0.2,0.1,0.0,0.0,0.0,0.2,0.2,1.0,1.0,0.3,0.1,1.0,1.0,1.0,1.0,0.5,0.5,2,1,0.1,0.5,0.2,0.0,0.1,0.0,1.0,0.0,1.0,0.5,0.0,1.0,0.030153689607045342,0.0,0.030153689607045342,0.003015368960704534,0.030153689607045342,0.15184222222303703,4.332225182367674e-21,4.332225182367674e-21,0.0,0.9812222222222222,1.08,0,0,0,1,C3R,0.0,0.0,0.31970463103929525,0.9,1.0,0.1,0.0,0.0,0.31970463103929525
phaseflip,phaseflip,0.1,4,0.5,0.05,10,qiskit_aer,1,1,0.6772800000000001,0.2481577777777778,0.8,0.55,0.0,0.0,1.0,0.0,0.3227199999999998,0.01481275126369163,0.33079999999999976,0.3195999999999999,0.33399999999999974,0.2951999999999999,0.2951999999999999,1.0,0.7,1.0,0.0,0.0,0.0,0.0,0.0,0.29256631039295444,0.01481275126369163,0.3006463103929544,0.28944631039295454,0.3038463103929544,0.26504631039295456,0.26504631039295456,1.0,1.0,0.0,0.0,0.0,0.0,0.0,0.0,0.3136738931178862,0.02669945436690913,0.3267999999999998,0.3029847327947158,0.33399999999999974,0.26504631039295456,0.26504631039295456,1.0,1.0,0.7,0.0,0.0,0.0,0.0,0.0,0.0,0.009046106882113603,0.09046106882113603,0.030153689607045342,0.030153689607045342,0.3136738931178862,0.02669945436690913,0.3267999999999998,0.3029847327947158,0.33399999999999974,0.26504631039295456,0.26504631039295456,1.0,1.0,0.7,0.0,0.0,0.0,0.0,0.0,0.0,0.009046106882113603,0.09046106882113603,0.030153689607045342,0.030153689607045342,0.3136738931178862,0.02669945436690913,0.3267999999999998,0.3029847327947158,0.33399999999999974,0.26504631039295456,0.26504631039295456,1.0,1.0,0.7,0.0,0.0,0.0,0.0,0.0,0.0,0.009046106882113603,0.09046106882113603,0.030153689607045342,0.030153689607045342,0.3227199999999998,0.01481275126369163,0.33079999999999976,0.3195999999999999,0.33399999999999974,0.2951999999999999,0.2951999999999999,1.0,0.7,1.0,0.0,0.0,0.0,0.0,0.0,6.498337773551511e-21,0.0,0.0,0.0,0.0,1.0,0.3,0.3,0.3,0.0,0.3,0.3,0.7,0.0,0.3,0.7,0.0,0.3,0.7,0.0,0.0,1.0,0.0,0.3,0.0,0.3,0.3,0.0,0.3,0.3,0.3,0.0,0.0,0.0,0.3,0.3,1.0,1.0,0.1,0.0,1.0,1.0,1.0,1.0,0.0,0.0,3,3,0.3,1.0,0.3,0.0,0.3,0.0,1.0,0.0,1.0,1.0,0.0,1.0,0.09046106882113603,0.0,0.09046106882113603,0.009046106882113603,0.09046106882113603,0.35184222222292116,6.498337773551511e-21,6.498337773551511e-21,0.0,0.9872222222222222,1.1,0,0,0,3,C3R,0.0,0.0,0.3227199999999998,1.0,1.0,0.0,0.0,0.0,0.3227199999999998
phaseflip,phaseflip,0.1,4,0.5,0.1,10,qiskit_aer,1,1,0.6772800000000001,0.22936222222222225,0.8111111111111111,0.55,0.0,0.0,1.0,0.0,0.3227199999999998,0.01481275126369163,0.33079999999999976,0.3195999999999999,0.33399999999999974,0.2951999999999999,0.2951999999999999,1.0,0.8,1.0,0.0,0.0,0.0,0.0,0.0,0.29256631039295444,0.01481275126369163,0.3006463103929544,0.28944631039295454,0.3038463103929544,0.26504631039295456,0.26504631039295456,1.0,1.0,0.0,0.0,0.0,0.0,0.0,0.0,0.3166892620785907,0.02639751152478653,0.33079999999999976,0.3195999999999999,0.33399999999999974,0.26504631039295456,0.26504631039295456,1.0,1.0,0.8,0.0,0.0,0.0,0.0,0.0,0.0,0.006030737921409068,0.060307379214090684,0.030153689607045342,0.030153689607045342,0.3166892620785907,0.02639751152478653,0.33079999999999976,0.3195999999999999,0.33399999999999974,0.26504631039295456,0.26504631039295456,1.0,1.0,0.8,0.0,0.0,0.0,0.0,0.0,0.0,0.006030737921409068,0.060307379214090684,0.030153689607045342,0.030153689607045342,0.3166892620785907,0.02639751152478653,0.33079999999999976,0.3195999999999999,0.33399999999999974,0.26504631039295456,0.26504631039295456,1.0,1.0,0.8,0.0,0.0,0.0,0.0,0.0,0.0,0.006030737921409068,0.060307379214090684,0.030153689607045342,0.030153689607045342,0.3227199999999998,0.01481275126369163,0.33079999999999976,0.3195999999999999,0.33399999999999974,0.2951999999999999,0.2951999999999999,1.0,0.8,1.0,0.0,0.0,0.0,0.0,0.0,4.332225182367674e-21,0.0,0.0,0.0,0.0,1.0,0.2,0.2,0.2,0.0,0.2,0.2,0.8,0.0,0.2,0.8,0.0,0.2,0.8,0.0,0.0,1.0,0.0,0.2,0.0,0.2,0.2,0.0,0.2,0.2,0.2,0.0,0.0,0.0,0.2,0.2,1.0,1.0,0.1,0.0,1.0,1.0,1.0,1.0,0.0,0.0,2,2,0.2,1.0,0.2,0.0,0.2,0.0,1.0,0.0,1.0,1.0,0.0,1.0,0.060307379214090684,0.0,0.060307379214090684,0.006030737921409068,0.060307379214090684,0.1706377777784385,4.332225182367674e-21,4.332225182367674e-21,0.0,0.9933333333333333,1.15,0,0,0,2,C3R,0.0,0.0,0.3227199999999998,1.0,1.0,0.0,0.0,0.0,0.3227199999999998
phaseflip,phaseflip,0.15,1,0.5,0.03,10,qiskit_aer,1,1,0.8500000000000001,0.3163888888888889,0.8222222222222222,0.5333333333333333,0.0,0.0,1.0,0.0,0.1499999999999997,0.0,0.1499999999999997,0.1499999999999997,0.1499999999999997,0.1499999999999997,0.1499999999999997,1.0,0.5,1.0,0.0,0.0,0.0,0.0,0.0,0.11984631039295435,0.0,0.11984631039295435,0.11984631039295435,0.11984631039295435,0.11984631039295435,0.11984631039295435,1.0,1.0,0.0,0.0,0.0,0.0,0.0,0.0,0.13492315519647702,0.015076844803522671,0.13492315519647702,0.11984631039295435,0.1499999999999997,0.11984631039295435,0.11984631039295435,1.0,1.0,0.5,0.0,0.0,0.0,0.0,0.0,0.0,0.015076844803522671,0.1507684480352267,0.030153689607045342,0.030153689607045342,0.13492315519647702,0.015076844803522671,0.13492315519647702,0.11984631039295435,0.1499999999999997,0.11984631039295435,0.11984631039295435,1.0,1.0,0.5,0.0,0.0,0.0,0.0,0.0,0.0,0.015076844803522671,0.1507684480352267,0.030153689607045342,0.030153689607045342,0.13492315519647702,0.015076844803522671,0.13492315519647702,0.11984631039295435,0.1499999999999997,0.11984631039295435,0.11984631039295435,1.0,1.0,0.5,0.0,0.0,0.0,0.0,0.0,0.0,0.015076844803522671,0.1507684480352267,0.030153689607045342,0.030153689607045342,0.1499999999999997,0.0,0.1499999999999997,0.1499999999999997,0.1499999999999997,0.1499999999999997,0.1499999999999997,1.0,0.5,1.0,0.0,0.0,0.0,0.0,0.0,1.7539085960076933e-17,0.0,0.0,0.0,0.0,1.0,0.5,0.5,0.5,0.0,0.5,0.5,0.5,0.0,0.5,0.5,0.0,0.5,0.5,0.0,0.0,1.0,0.0,0.5,0.0,0.5,0.5,0.0,0.5,0.5,0.5,0.0,0.0,0.0,0.5,0.5,1.0,1.0,0.2,0.0,1.0,1.0,1.0,1.0,0.0,0.0,5,5,0.5,1.0,0.5,0.0,0.5,0.0,1.0,0.0,1.0,1.0,0.0,1.0,0.1507684480352267,0.0,0.1507684480352267,0.015076844803522671,0.1507684480352267,0.6836111111289574,1.7539085960076933e-17,1.7539085960076933e-17,0.0,0.9837777777777778,1.0633333333333335,0,0,0,5,C3R,0.0,0.0,0.1499999999999997,1.0,1.0,0.0,0.0,0.0,0.1499999999999997
phaseflip,phaseflip,0.15,1,0.5,0.05,10,qiskit_aer,1,1,0.8500000000000001,0.3116666666666667,0.8222222222222222,0.5333333333333333,0.0,0.0,1.0,0.0,0.1499999999999997,0.0,0.1499999999999997,0.1499999999999997,0.1499999999999997,0.1499999999999997,0.1499999999999997,1.0,0.5,1.0,0.0,0.0,0.0,0.0,0.0,0.11984631039295435,0.0,0.11984631039295435,0.11984631039295435,0.11984631039295435,0.11984631039295435,0.11984631039295435,1.0,1.0,0.0,0.0,0.0,0.0,0.0,0.0,0.13492315519647702,0.015076844803522671,0.13492315519647702,0.11984631039295435,0.1499999999999997,0.11984631039295435,0.11984631039295435,1.0,1.0,0.5,0.0,0.0,0.0,0.0,0.0,0.0,0.015076844803522671,0.1507684480352267,0.030153689607045342,0.030153689607045342,0.13492315519647702,0.015076844803522671,0.13492315519647702,0.11984631039295435,0.1499999999999997,0.11984631039295435,0.11984631039295435,1.0,1.0,0.5,0.0,0.0,0.0,0.0,0.0,0.0,0.015076844803522671,0.1507684480352267,0.030153689607045342,0.030153689607045342,0.13492315519647702,0.015076844803522671,0.13492315519647702,0.11984631039295435,0.1499999999999997,0.11984631039295435,0.11984631039295435,1.0,1.0,0.5,0.0,0.0,0.0,0.0,0.0,0.0,0.015076844803522671,0.1507684480352267,0.030153689607045342,0.030153689607045342,0.1499999999999997,0.0,0.1499999999999997,0.1499999999999997,0.1499999999999997,0.1499999999999997,0.1499999999999997,1.0,0.5,1.0,0.0,0.0,0.0,0.0,0.0,1.7539085960076933e-17,0.0,0.0,0.0,0.0,1.0,0.5,0.5,0.5,0.0,0.5,0.5,0.5,0.0,0.5,0.5,0.0,0.5,0.5,0.0,0.0,1.0,0.0,0.5,0.0,0.5,0.5,0.0,0.5,0.5,0.5,0.0,0.0,0.0,0.5,0.5,1.0,1.0,0.2,0.0,1.0,1.0,1.0,1.0,0.0,0.0,5,5,0.5,1.0,0.5,0.0,0.5,0.0,1.0,0.0,1.0,1.0,0.0,1.0,0.1507684480352267,0.0,0.1507684480352267,0.015076844803522671,0.1507684480352267,0.6883333333511796,1.7539085960076933e-17,1.7539085960076933e-17,0.0,0.9877777777777778,1.0833333333333335,0,0,0,5,C3R,0.0,0.0,0.1499999999999997,1.0,1.0,0.0,0.0,0.0,0.1499999999999997
phaseflip,phaseflip,0.15,1,0.5,0.1,10,qiskit_aer,1,1,0.8500000000000001,0.28805555555555556,0.8666666666666667,0.5333333333333333,0.0,0.0,1.0,0.0,0.1499999999999997,0.0,0.1499999999999997,0.1499999999999997,0.1499999999999997,0.1499999999999997,0.1499999999999997,1.0,0.5,1.0,0.0,0.0,0.0,0.0,0.0,0.11984631039295435,0.0,0.11984631039295435,0.11984631039295435,0.11984631039295435,0.11984631039295435,0.11984631039295435,1.0,1.0,0.0,0.0,0.0,0.0,0.0,0.0,0.13492315519647702,0.015076844803522671,0.13492315519647702,0.11984631039295435,0.1499999999999997,0.11984631039295435,0.11984631039295435,1.0,1.0,0.5,0.0,0.0,0.0,0.0,0.0,0.0,0.015076844803522671,0.1507684480352267,0.030153689607045342,0.030153689607045342,0.13492315519647702,0.015076844803522671,0.13492315519647702,0.11984631039295435,0.1499999999999997,0.11984631039295435,0.11984631039295435,1.0,1.0,0.5,0.0,0.0,0.0,0.0,0.0,0.0,0.015076844803522671,0.1507684480352267,0.030153689607045342,0.030153689607045342,0.13492315519647702,0.015076844803522671,0.13492315519647702,0.11984631039295435,0.1499999999999997,0.11984631039295435,0.11984631039295435,1.0,1.0,0.5,0.0,0.0,0.0,0.0,0.0,0.0,0.015076844803522671,0.1507684480352267,0.030153689607045342,0.030153689607045342,0.1499999999999997,0.0,0.1499999999999997,0.1499999999999997,0.1499999999999997,0.1499999999999997,0.1499999999999997,1.0,0.5,1.0,0.0,0.0,0.0,0.0,0.0,1.7539085960076933e-17,0.0,0.0,0.0,0.0,1.0,0.5,0.5,0.5,0.0,0.5,0.5,0.5,0.0,0.5,0.5,0.0,0.5,0.5,0.0,0.0,1.0,0.0,0.5,0.0,0.5,0.5,0.0,0.5,0.5,0.5,0.0,0.0,0.0,0.5,0.5,1.0,1.0,0.2,0.0,1.0,1.0,1.0,1.0,0.0,0.0,5,5,0.5,1.0,0.5,0.0,0.5,0.0,1.0,0.0,1.0,1.0,0.0,1.0,0.1507684480352267,0.0,0.1507684480352267,0.015076844803522671,0.1507684480352267,0.7119444444622908,1.7539085960076933e-17,1.7539085960076933e-17,0.0,0.9977777777777778,1.1333333333333333,0,0,0,5,C3R,0.0,0.0,0.1499999999999997,1.0,1.0,0.0,0.0,0.0,0.1499999999999997
phaseflip,phaseflip,0.15,2,0.5,0.03,10,qiskit_aer,1,1,0.7360000000000001,0.2616388888888889,0.8222222222222222,0.5333333333333333,0.0,0.0,1.0,0.0,0.2639999999999998,0.011022703842524283,0.2549999999999998,0.2549999999999998,0.27749999999999975,0.2549999999999998,0.25499999999999984,1.0,0.3,1.0,0.0,0.0,0.0,0.0,0.0,0.23384631039295442,0.011022703842524285,0.22484631039295444,0.22484631039295444,0.2473463103929544,0.22484631039295444,0.2248463103929544,1.0,1.0,0.0,0.0,0.0,0.0,0.0,0.0,0.24289241727506802,0.02359420130391901,0.22484631039295444,0.22484631039295444,0.2699615775982384,0.22484631039295444,0.2248463103929544,1.0,1.0,0.3,0.0,0.0,0.0,0.0,0.0,0.0,0.02110758272493174,0.2110758272493174,0.030153689607045342,0.030153689607045342,0.24289241727506802,0.02359420130391901,0.22484631039295444,0.22484631039295444,0.2699615775982384,0.22484631039295444,0.2248463103929544,1.0,1.0,0.3,0.0,0.0,0.0,0.0,0.0,0.0,0.02110758272493174,0.2110758272493174,0.030153689607045342,0.030153689607045342,0.24289241727506802,0.02359420130391901,0.22484631039295444,0.22484631039295444,0.2699615775982384,0.22484631039295444,0.2248463103929544,1.0,1.0,0.3,0.0,0.0,0.0,0.0,0.0,0.0,0.02110758272493174,0.2110758272493174,0.030153689607045342,0.030153689607045342,0.26098463103929526,0.016050192865361593,0.2549999999999998,0.2549999999999998,0.27749999999999975,0.23841547071612484,0.22484631039295444,1.0,0.4,0.9,0.0,0.0,0.0,0.0,0.0,0.0026948568852589666,0.003015368960704534,0.030153689607045342,0.016584529283874903,0.030153689607045342,1.0,0.7,0.7,0.7,0.1,0.6,0.7,0.3,0.0,0.7,0.3,0.0,0.7,0.3,0.0,0.1,0.9,0.0,0.7,0.0,0.7,0.7,0.1,0.7,0.7,0.6,0.0,0.0,0.0,0.7,0.7,1.0,1.0,0.2,0.1,1.0,1.0,1.0,1.0,0.14285714285714285,0.14285714285714285,7,6,0.6,0.8571428571428571,0.7,0.0,0.6,0.0,1.0,0.0,1.0,0.8571428571428571,0.0,1.0,0.18092213764227205,0.0,0.18092213764227205,0.018092213764227205,0.18092213764227205,1.1383611111123564,0.0026948568852589666,0.0026948568852589666,0.0,0.9837777777777778,1.0633333333333335,0,0,0,6,C3R,0.0,0.0,0.26098463103929526,0.9,1.0,0.1,0.0,0.0,0.26098463103929526
phaseflip,phaseflip,0.15,2,0.5,0.05,10,qiskit_aer,1,1,0.7360000000000001,0.25750000000000006,0.8222222222222222,0.5333333333333333,0.0,0.0,1.0,0.0,0.2639999999999998,0.011022703842524283,0.2549999999999998,0.2549999999999998,0.27749999999999975,0.2549999999999998,0.25499999999999984,1.0,0.3,1.0,0.0,0.0,0.0,0.0,0.0,0.23384631039295442,0.011022703842524285,0.22484631039295444,0.22484631039295444,0.2473463103929544,0.22484631039295444,0.2248463103929544,1.0,1.0,0.0,0.0,0.0,0.0,0.0,0.0,0.24289241727506802,0.02359420130391901,0.22484631039295444,0.22484631039295444,0.2699615775982384,0.22484631039295444,0.2248463103929544,1.0,1.0,0.3,0.0,0.0,0.0,0.0,0.0,0.0,0.02110758272493174,0.2110758272493174,0.030153689607045342,0.030153689607045342,0.24289241727506802,0.02359420130391901,0.22484631039295444,0.22484631039295444,0.2699615775982384,0.22484631039295444,0.2248463103929544,1.0,1.0,0.3,0.0,0.0,0.0,0.0,0.0,0.0,0.02110758272493174,0.2110758272493174,0.030153689607045342,0.030153689607045342,0.24289241727506802,0.02359420130391901,0.22484631039295444,0.22484631039295444,0.2699615775982384,0.22484631039295444,0.2248463103929544,1.0,1.0,0.3,0.0,0.0,0.0,0.0,0.0,0.0,0.02110758272493174,0.2110758272493174,0.030153689607045342,0.030153689607045342,0.26098463103929526,0.016050192865361593,0.2549999999999998,0.2549999999999998,0.27749999999999975,0.23841547071612484,0.22484631039295444,1.0,0.4,0.9,0.0,0.0,0.0,0.0,0.0,0.0026948568852589666,0.003015368960704534,0.030153689607045342,0.016584529283874903,0.030153689607045342,1.0,0.7,0.7,0.7,0.1,0.6,0.7,0.3,0.0,0.7,0.3,0.0,0.7,0.3,0.0,0.1,0.9,0.0,0.7,0.0,0.7,0.7,0.1,0.7,0.7,0.6,0.0,0.0,0.0,0.7,0.7,1.0,1.0,0.2,0.1,1.0,1.0,1.0,1.0,0.14285714285714285,0.14285714285714285,7,6,0.6,0.8571428571428571,0.7,0.0,0.6,0.0,1.0,0.0,1.0,0.8571428571428571,0.0,1.0,0.18092213764227205,0.0,0.18092213764227205,0.018092213764227205,0.18092213764227205,1.1425000000012453,0.0026948568852589666,0.0026948568852589666,0.0,0.9877777777777778,1.0833333333333335,0,0,0,6,C3R,0.0,0.0,0.26098463103929526,0.9,1.0,0.1,0.0,0.0,0.26098463103929526
phaseflip,phaseflip,0.15,2,0.5,0.1,10,qiskit_aer,1,1,0.7360000000000001,0.2376805555555556,0.8666666666666667,0.5333333333333333,0.0,0.0,1.0,0.0,0.2639999999999998,0.011022703842524283,0.2549999999999998,0.2549999999999998,0.27749999999999975,0.2549999999999998,0.25499999999999984,1.0,0.3,1.0,0.0,0.0,0.0,0.0,0.0,0.23384631039295442,0.011022703842524285,0.22484631039295444,0.22484631039295444,0.2473463103929544,0.22484631039295444,0.2248463103929544,1.0,1.0,0.0,0.0,0.0,0.0,0.0,0.0,0.24289241727506802,0.02359420130391901,0.22484631039295444,0.22484631039295444,0.2699615775982384,0.22484631039295444,0.2248463103929544,1.0,1.0,0.3,0.0,0.0,0.0,0.0,0.0,0.0,0.02110758272493174,0.2110758272493174,0.030153689607045342,0.030153689607045342,0.24289241727506802,0.02359420130391901,0.22484631039295444,0.22484631039295444,0.2699615775982384,0.22484631039295444,0.2248463103929544,1.0,1.0,0.3,0.0,0.0,0.0,0.0,0.0,0.0,0.02110758272493174,0.2110758272493174,0.030153689607045342,0.030153689607045342,0.24289241727506802,0.02359420130391901,0.22484631039295444,0.22484631039295444,0.2699615775982384,0.22484631039295444,0.2248463103929544,1.0,1.0,0.3,0.0,0.0,0.0,0.0,0.0,0.0,0.02110758272493174,0.2110758272493174,0.030153689607045342,0.030153689607045342,0.26098463103929526,0.016050192865361593,0.2549999999999998,0.2549999999999998,0.27749999999999975,0.23841547071612484,0.22484631039295444,1.0,0.4,0.9,0.0,0.0,0.0,0.0,0.0,0.0026948568852589666,0.003015368960704534,0.030153689607045342,0.016584529283874903,0.030153689607045342,1.0,0.7,0.7,0.7,0.1,0.6,0.7,0.3,0.0,0.7,0.3,0.0,0.7,0.3,0.0,0.1,0.9,0.0,0.7,0.0,0.7,0.7,0.1,0.7,0.7,0.6,0.0,0.0,0.0,0.7,0.7,1.0,1.0,0.2,0.1,1.0,1.0,1.0,1.0,0.14285714285714285,0.14285714285714285,7,6,0.6,0.8571428571428571,0.7,0.0,0.6,0.0,1.0,0.0,1.0,0.8571428571428571,0.0,1.0,0.18092213764227205,0.0,0.18092213764227205,0.018092213764227205,0.18092213764227205,1.1623194444456897,0.0026948568852589666,0.0026948568852589666,0.0,0.9977777777777778,1.1333333333333333,0,0,0,6,C3R,0.0,0.0,0.26098463103929526,0.9,1.0,0.1,0.0,0.0,0.26098463103929526
phaseflip,phaseflip,0.15,3,0.5,0.03,10,qiskit_aer,1,1,0.6400000000000001,0.21308333333333337,0.8,0.55,0.0,0.0,1.0,0.0,0.3599999999999997,0.021628106713256233,0.3667499999999997,0.33806249999999977,0.3785624999999997,0.32849999999999974,0.32849999999999974,1.0,1.0,1.0,0.0,0.0,0.0,0.0,0.0,0.32984631039295437,0.021628106713256233,0.33659631039295435,0.3079088103929544,0.34840881039295435,0.2983463103929544,0.2983463103929544,1.0,1.0,0.0,0.0,0.0,0.0,0.0,0.0,0.3599999999999997,0.021628106713256233,0.3667499999999997,0.33806249999999977,0.3785624999999997,0.32849999999999974,0.32849999999999974,1.0,1.0,1.0,0.0,0.0,0.0,0.0,0.0,0.0,0.0,0.0,0.0,0.0,0.3599999999999997,0.021628106713256233,0.3667499999999997,0.33806249999999977,0.3785624999999997,0.32849999999999974,0.32849999999999974,1.0,1.0,1.0,0.0,0.0,0.0,0.0,0.0,0.0,0.0,0.0,0.0,0.0,0.3599999999999997,0.021628106713256233,0.3667499999999997,0.33806249999999977,0.3785624999999997,0.32849999999999974,0.32849999999999974,1.0,1.0,1.0,0.0,0.0,0.0,0.0,0.0,0.0,0.0,0.0,0.0,0.0,0.3599999999999997,0.021628106713256233,0.3667499999999997,0.33806249999999977,0.3785624999999997,0.32849999999999974,0.32849999999999974,1.0,1.0,1.0,0.0,0.0,0.0,0.0,0.0,0.0,0.0,0.0,0.0,0.0,1.0,0.0,0.0,0.0,0.0,0.0,0.0,1.0,0.0,0.0,1.0,0.0,0.0,1.0,0.0,0.0,1.0,0.0,0.0,0.0,0.0,0.0,0.0,0.0,0.0,0.0,0.0,0.0,0.0,0.0,0.0,1.0,1.0,0.3,0.0,0.0,0.0,0.0,0.0,0.0,0.0,0,0,0.0,0.0,0.0,0.0,0.0,0.0,0.0,0.0,0.0,0.0,0.0,1.0,0.0,0.0,0.0,0.0,0.0,-0.2130833333328802,0.0,0.0,0.0,0.9812222222222222,1.08,0,0,0,0,C1,0.0,0.0,0.3599999999999997,1.0,1.0,0.0,0.0,0.0,0.3599999999999997
phaseflip,phaseflip,0.15,3,0.5,0.05,10,qiskit_aer,1,1,0.6400000000000001,0.21308333333333337,0.8,0.55,0.0,0.0,1.0,0.0,0.3599999999999997,0.021628106713256233,0.3667499999999997,0.33806249999999977,0.3785624999999997,0.32849999999999974,0.32849999999999974,1.0,0.9,1.0,0.0,0.0,0.0,0.0,0.0,0.32984631039295437,0.021628106713256233,0.33659631039295435,0.3079088103929544,0.34840881039295435,0.2983463103929544,0.2983463103929544,1.0,1.0,0.0,0.0,0.0,0.0,0.0,0.0,0.3569846310392952,0.022558802467177005,0.3667499999999997,0.33052407759823843,0.3785624999999997,0.32849999999999974,0.32849999999999974,1.0,1.0,0.9,0.0,0.0,0.0,0.0,0.0,0.0,0.003015368960704534,0.030153689607045342,0.016584529283874903,0.030153689607045342,0.3569846310392952,0.022558802467177005,0.3667499999999997,0.33052407759823843,0.3785624999999997,0.32849999999999974,0.32849999999999974,1.0,1.0,0.9,0.0,0.0,0.0,0.0,0.0,0.0,0.003015368960704534,0.030153689607045342,0.016584529283874903,0.030153689607045342,0.3569846310392952,0.022558802467177005,0.3667499999999997,0.33052407759823843,0.3785624999999997,0.32849999999999974,0.32849999999999974,1.0,1.0,0.9,0.0,0.0,0.0,0.0,0.0,0.0,0.003015368960704534,0.030153689607045342,0.016584529283874903,0.030153689607045342,0.3599999999999997,0.021628106713256233,0.3667499999999997,0.33806249999999977,0.3785624999999997,0.32849999999999974,0.32849999999999974,1.0,0.9,1.0,0.0,0.0,0.0,0.0,0.0,2.166112591183837e-21,0.0,0.0,0.0,0.0,1.0,0.1,0.1,0.1,0.0,0.1,0.1,0.9,0.0,0.1,0.9,0.0,0.1,0.9,0.0,0.0,1.0,0.0,0.1,0.0,0.1,0.1,0.0,0.1,0.1,0.1,0.0,0.0,0.0,0.1,0.1,1.0,1.0,0.1,0.0,1.0,1.0,1.0,1.0,0.0,0.0,1,1,0.1,1.0,0.1,0.0,0.1,0.0,1.0,0.0,1.0,1.0,0.0,1.0,0.030153689607045342,0.0,0.030153689607045342,0.003015368960704534,0.030153689607045342,-0.013083333332858849,2.166112591183837e-21,2.166112591183837e-21,0.0,0.9872222222222222,1.1,0,0,0,1,C3R,0.0,0.0,0.3599999999999997,1.0,1.0,0.0,0.0,0.0,0.3599999999999997
phaseflip,phaseflip,0.15,3,0.5,0.1,10,qiskit_aer,1,1,0.6400000000000001,0.1950680555555556,0.8111111111111111,0.55,0.0,0.0,1.0,0.0,0.3599999999999997,0.021628106713256233,0.3667499999999997,0.33806249999999977,0.3785624999999997,0.32849999999999974,0.32849999999999974,1.0,1.0,1.0,0.0,0.0,0.0,0.0,0.0,0.32984631039295437,0.021628106713256233,0.33659631039295435,0.3079088103929544,0.34840881039295435,0.2983463103929544,0.2983463103929544,1.0,1.0,0.0,0.0,0.0,0.0,0.0,0.0,0.3599999999999997,0.021628106713256233,0.3667499999999997,0.33806249999999977,0.3785624999999997,0.32849999999999974,0.32849999999999974,1.0,1.0,1.0,0.0,0.0,0.0,0.0,0.0,0.0,0.0,0.0,0.0,0.0,0.3599999999999997,0.021628106713256233,0.3667499999999997,0.33806249999999977,0.3785624999999997,0.32849999999999974,0.32849999999999974,1.0,1.0,1.0,0.0,0.0,0.0,0.0,0.0,0.0,0.0,0.0,0.0,0.0,0.3599999999999997,0.021628106713256233,0.3667499999999997,0.33806249999999977,0.3785624999999997,0.32849999999999974,0.32849999999999974,1.0,1.0,1.0,0.0,0.0,0.0,0.0,0.0,0.0,0.0,0.0,0.0,0.0,0.3599999999999997,0.021628106713256233,0.3667499999999997,0.33806249999999977,0.3785624999999997,0.32849999999999974,0.32849999999999974,1.0,1.0,1.0,0.0,0.0,0.0,0.0,0.0,0.0,0.0,0.0,0.0,0.0,1.0,0.0,0.0,0.0,0.0,0.0,0.0,1.0,0.0,0.0,1.0,0.0,0.0,1.0,0.0,0.0,1.0,0.0,0.0,0.0,0.0,0.0,0.0,0.0,0.0,0.0,0.0,0.0,0.0,0.0,0.0,1.0,1.0,0.1,0.0,0.0,0.0,0.0,0.0,0.0,0.0,0,0,0.0,0.0,0.0,0.0,0.0,0.0,0.0,0.0,0.0,0.0,0.0,1.0,0.0,0.0,0.0,0.0,0.0,-0.1950680555551238,0.0,0.0,0.0,0.9933333333333333,1.15,0,0,0,0,C1,0.0,0.0,0.3599999999999997,1.0,1.0,0.0,0.0,0.0,0.3599999999999997
phaseflip,phaseflip,0.15,4,0.5,0.03,10,qiskit_aer,1,1,0.5656675,0.17284722222222224,0.8,0.55,0.0,0.0,1.0,0.0,0.4343324999999998,0.02903058957806402,0.4504874999999998,0.42922499999999975,0.45599999999999974,0.3799499999999998,0.3799499999999998,1.0,1.0,1.0,0.0,0.0,0.0,0.0,0.0,0.40417881039295445,0.02903058957806402,0.4203338103929545,0.3990713103929544,0.4258463103929544,0.34979631039295445,0.34979631039295445,1.0,1.0,0.0,0.0,0.0,0.0,0.0,0.0,0.4343324999999998,0.02903058957806402,0.4504874999999998,0.42922499999999975,0.45599999999999974,0.3799499999999998,0.3799499999999998,1.0,1.0,1.0,0.0,0.0,0.0,0.0,0.0,0.0,0.0,0.0,0.0,0.0,0.4343324999999998,0.02903058957806402,0.4504874999999998,0.42922499999999975,0.45599999999999974,0.3799499999999998,0.3799499999999998,1.0,1.0,1.0,0.0,0.0,0.0,0.0,0.0,0.0,0.0,0.0,0.0,0.0,0.4343324999999998,0.02903058957806402,0.4504874999999998,0.42922499999999975,0.45599999999999974,0.3799499999999998,0.3799499999999998,1.0,1.0,1.0,0.0,0.0,0.0,0.0,0.0,0.0,0.0,0.0,0.0,0.0,0.4343324999999998,0.02903058957806402,0.4504874999999998,0.42922499999999975,0.45599999999999974,0.3799499999999998,0.3799499999999998,1.0,1.0,1.0,0.0,0.0,0.0,0.0,0.0,0.0,0.0,0.0,0.0,0.0,1.0,0.0,0.0,0.0,0.0,0.0,0.0,1.0,0.0,0.0,1.0,0.0,0.0,1.0,0.0,0.0,1.0,0.0,0.0,0.0,0.0,0.0,0.0,0.0,0.0,0.0,0.0,0.0,0.0,0.0,0.0,1.0,1.0,0.3,0.0,0.0,0.0,0.0,0.0,0.0,0.0,0,0,0.0,0.0,0.0,0.0,0.0,0.0,0.0,0.0,0.0,0.0,0.0,1.0,0.0,0.0,0.0,0.0,0.0,-0.17284722222216434,0.0,0.0,0.0,0.9812222222222222,1.08,0,0,0,0,C1,0.0,0.0,0.4343324999999998,1.0,1.0,0.0,0.0,0.0,0.4343324999999998
phaseflip,phaseflip,0.15,4,0.5,0.05,10,qiskit_aer,1,1,0.5656675,0.17284722222222224,0.8,0.55,0.0,0.0,1.0,0.0,0.4343324999999998,0.02903058957806402,0.4504874999999998,0.42922499999999975,0.45599999999999974,0.3799499999999998,0.3799499999999998,1.0,0.9,1.0,0.0,0.0,0.0,0.0,0.0,0.40417881039295445,0.02903058957806402,0.4203338103929545,0.3990713103929544,0.4258463103929544,0.34979631039295445,0.34979631039295445,1.0,1.0,0.0,0.0,0.0,0.0,0.0,0.0,0.43131713103929525,0.029333002789418364,0.44261249999999974,0.41842223279471585,0.45599999999999974,0.3799499999999998,0.3799499999999998,1.0,1.0,0.9,0.0,0.0,0.0,0.0,0.0,0.0,0.003015368960704534,0.030153689607045342,0.016584529283874903,0.030153689607045342,0.43131713103929525,0.029333002789418364,0.44261249999999974,0.41842223279471585,0.45599999999999974,0.3799499999999998,0.3799499999999998,1.0,1.0,0.9,0.0,0.0,0.0,0.0,0.0,0.0,0.003015368960704534,0.030153689607045342,0.016584529283874903,0.030153689607045342,0.43131713103929525,0.029333002789418364,0.44261249999999974,0.41842223279471585,0.45599999999999974,0.3799499999999998,0.3799499999999998,1.0,1.0,0.9,0.0,0.0,0.0,0.0,0.0,0.0,0.003015368960704534,0.030153689607045342,0.016584529283874903,0.030153689607045342,0.4343324999999998,0.02903058957806402,0.4504874999999998,0.42922499999999975,0.45599999999999974,0.3799499999999998,0.3799499999999998,1.0,0.9,1.0,0.0,0.0,0.0,0.0,0.0,2.166112591183837e-21,0.0,0.0,0.0,0.0,1.0,0.1,0.1,0.1,0.0,0.1,0.1,0.9,0.0,0.1,0.9,0.0,0.1,0.9,0.0,0.0,1.0,0.0,0.1,0.0,0.1,0.1,0.0,0.1,0.1,0.1,0.0,0.0,0.0,0.1,0.1,1.0,1.0,0.1,0.0,1.0,1.0,1.0,1.0,0.0,0.0,1,1,0.1,1.0,0.1,0.0,0.1,0.0,1.0,0.0,1.0,1.0,0.0,1.0,0.030153689607045342,0.0,0.030153689607045342,0.003015368960704534,0.030153689607045342,0.027152777777856452,2.166112591183837e-21,2.166112591183837e-21,0.0,0.9872222222222222,1.1,0,0,0,1,C3R,0.0,0.0,0.4343324999999998,1.0,1.0,0.0,0.0,0.0,0.4343324999999998
phaseflip,phaseflip,0.15,4,0.5,0.1,10,qiskit_aer,1,1,0.5656675,0.16350680555555558,0.8111111111111111,0.55,0.0,0.0,1.0,0.0,0.4343324999999998,0.02903058957806402,0.4504874999999998,0.42922499999999975,0.45599999999999974,0.3799499999999998,0.3799499999999998,1.0,1.0,1.0,0.0,0.0,0.0,0.0,0.0,0.40417881039295445,0.02903058957806402,0.4203338103929545,0.3990713103929544,0.4258463103929544,0.34979631039295445,0.34979631039295445,1.0,1.0,0.0,0.0,0.0,0.0,0.0,0.0,0.4343324999999998,0.02903058957806402,0.4504874999999998,0.42922499999999975,0.45599999999999974,0.3799499999999998,0.3799499999999998,1.0,1.0,1.0,0.0,0.0,0.0,0.0,0.0,0.0,0.0,0.0,0.0,0.0,0.4343324999999998,0.02903058957806402,0.4504874999999998,0.42922499999999975,0.45599999999999974,0.3799499999999998,0.3799499999999998,1.0,1.0,1.0,0.0,0.0,0.0,0.0,0.0,0.0,0.0,0.0,0.0,0.0,0.4343324999999998,0.02903058957806402,0.4504874999999998,0.42922499999999975,0.45599999999999974,0.3799499999999998,0.3799499999999998,1.0,1.0,1.0,0.0,0.0,0.0,0.0,0.0,0.0,0.0,0.0,0.0,0.0,0.4343324999999998,0.02903058957806402,0.4504874999999998,0.42922499999999975,0.45599999999999974,0.3799499999999998,0.3799499999999998,1.0,1.0,1.0,0.0,0.0,0.0,0.0,0.0,0.0,0.0,0.0,0.0,0.0,1.0,0.0,0.0,0.0,0.0,0.0,0.0,1.0,0.0,0.0,1.0,0.0,0.0,1.0,0.0,0.0,1.0,0.0,0.0,0.0,0.0,0.0,0.0,0.0,0.0,0.0,0.0,0.0,0.0,0.0,0.0,1.0,1.0,0.1,0.0,0.0,0.0,0.0,0.0,0.0,0.0,0,0,0.0,0.0,0.0,0.0,0.0,0.0,0.0,0.0,0.0,0.0,0.0,1.0,0.0,0.0,0.0,0.0,0.0,-0.16350680555548727,0.0,0.0,0.0,0.9933333333333333,1.15,0,0,0,0,C1,0.0,0.0,0.4343324999999998,1.0,1.0,0.0,0.0,0.0,0.4343324999999998
phaseflip,phaseflip,0.2,1,0.5,0.03,10,qiskit_aer,1,1,0.8,0.2977777777777778,0.8222222222222222,0.5333333333333333,0.0,0.0,1.0,0.0,0.19999999999999973,0.0,0.19999999999999973,0.19999999999999973,0.19999999999999973,0.19999999999999973,0.19999999999999973,1.0,0.3,1.0,0.0,0.0,0.0,0.0,0.0,0.1698463103929544,0.0,0.1698463103929544,0.1698463103929544,0.1698463103929544,0.1698463103929544,0.1698463103929544,1.0,1.0,0.0,0.0,0.0,0.0,0.0,0.0,0.178892417275068,0.013818156510648851,0.1698463103929544,0.1698463103929544,0.1924615775982384,0.1698463103929544,0.1698463103929544,1.0,1.0,0.3,0.0,0.0,0.0,0.0,0.0,0.0,0.02110758272493174,0.2110758272493174,0.030153689607045342,0.030153689607045342,0.178892417275068,0.013818156510648851,0.1698463103929544,0.1698463103929544,0.1924615775982384,0.1698463103929544,0.1698463103929544,1.0,1.0,0.3,0.0,0.0,0.0,0.0,0.0,0.0,0.02110758272493174,0.2110758272493174,0.030153689607045342,0.030153689607045342,0.178892417275068,0.013818156510648851,0.1698463103929544,0.1698463103929544,0.1924615775982384,0.1698463103929544,0.1698463103929544,1.0,1.0,0.3,0.0,0.0,0.0,0.0,0.0,0.0,0.02110758272493174,0.2110758272493174,0.030153689607045342,0.030153689607045342,0.19396926207859067,0.012061475842818137,0.19999999999999973,0.19999999999999973,0.19999999999999973,0.1698463103929544,0.1698463103929544,1.0,0.5,0.8,0.0,0.0,0.0,0.0,0.0,0.035624671698798654,0.006030737921409068,0.060307379214090684,0.030153689607045342,0.030153689607045342,1.0,0.7,0.7,0.7,0.2,0.5,0.7,0.3,0.0,0.7,0.3,0.0,0.7,0.3,0.0,0.2,0.8,0.0,0.7,0.0,0.7,0.7,0.2,0.7,0.7,0.5,0.0,0.0,0.0,0.7,0.7,1.0,1.0,0.2,0.2,1.0,1.0,1.0,1.0,0.2857142857142857,0.2857142857142857,7,5,0.5,0.7142857142857143,0.7,0.0,0.5,0.0,1.0,0.0,1.0,0.7142857142857143,0.0,1.0,0.1507684480352267,0.0,0.1507684480352267,0.015076844803522671,0.1507684480352267,1.1022222222293299,0.059374452831331095,0.059374452831331095,0.0,0.9837777777777778,1.0633333333333335,0,0,0,5,C3R,0.0,0.0,0.19396926207859067,0.8,1.0,0.2,0.0,0.0,0.19396926207859067
phaseflip,phaseflip,0.2,1,0.5,0.05,10,qiskit_aer,1,1,0.8,0.29333333333333333,0.8222222222222222,0.5333333333333333,0.0,0.0,1.0,0.0,0.19999999999999973,0.0,0.19999999999999973,0.19999999999999973,0.19999999999999973,0.19999999999999973,0.19999999999999973,1.0,0.3,1.0,0.0,0.0,0.0,0.0,0.0,0.1698463103929544,0.0,0.1698463103929544,0.1698463103929544,0.1698463103929544,0.1698463103929544,0.1698463103929544,1.0,1.0,0.0,0.0,0.0,0.0,0.0,0.0,0.178892417275068,0.013818156510648851,0.1698463103929544,0.1698463103929544,0.1924615775982384,0.1698463103929544,0.1698463103929544,1.0,1.0,0.3,0.0,0.0,0.0,0.0,0.0,0.0,0.02110758272493174,0.2110758272493174,0.030153689607045342,0.030153689607045342,0.178892417275068,0.013818156510648851,0.1698463103929544,0.1698463103929544,0.1924615775982384,0.1698463103929544,0.1698463103929544,1.0,1.0,0.3,0.0,0.0,0.0,0.0,0.0,0.0,0.02110758272493174,0.2110758272493174,0.030153689607045342,0.030153689607045342,0.178892417275068,0.013818156510648851,0.1698463103929544,0.1698463103929544,0.1924615775982384,0.1698463103929544,0.1698463103929544,1.0,1.0,0.3,0.0,0.0,0.0,0.0,0.0,0.0,0.02110758272493174,0.2110758272493174,0.030153689607045342,0.030153689607045342,0.19396926207859067,0.012061475842818137,0.19999999999999973,0.19999999999999973,0.19999999999999973,0.1698463103929544,0.1698463103929544,1.0,0.5,0.8,0.0,0.0,0.0,0.0,0.0,0.035624671698798654,0.006030737921409068,0.060307379214090684,0.030153689607045342,0.030153689607045342,1.0,0.7,0.7,0.7,0.2,0.5,0.7,0.3,0.0,0.7,0.3,0.0,0.7,0.3,0.0,0.2,0.8,0.0,0.7,0.0,0.7,0.7,0.2,0.7,0.7,0.5,0.0,0.0,0.0,0.7,0.7,1.0,1.0,0.2,0.2,1.0,1.0,1.0,1.0,0.2857142857142857,0.2857142857142857,7,5,0.5,0.7142857142857143,0.7,0.0,0.5,0.0,1.0,0.0,1.0,0.7142857142857143,0.0,1.0,0.1507684480352267,0.0,0.1507684480352267,0.015076844803522671,0.1507684480352267,1.1066666666737743,0.059374452831331095,0.059374452831331095,0.0,0.9877777777777778,1.0833333333333335,0,0,0,5,C3R,0.0,0.0,0.19396926207859067,0.8,1.0,0.2,0.0,0.0,0.19396926207859067
phaseflip,phaseflip,0.2,1,0.5,0.1,10,qiskit_aer,1,1,0.8,0.27111111111111114,0.8666666666666667,0.5333333333333333,0.0,0.0,1.0,0.0,0.19999999999999973,0.0,0.19999999999999973,0.19999999999999973,0.19999999999999973,0.19999999999999973,0.19999999999999973,1.0,0.3,1.0,0.0,0.0,0.0,0.0,0.0,0.1698463103929544,0.0,0.1698463103929544,0.1698463103929544,0.1698463103929544,0.1698463103929544,0.1698463103929544,1.0,1.0,0.0,0.0,0.0,0.0,0.0,0.0,0.178892417275068,0.013818156510648851,0.1698463103929544,0.1698463103929544,0.1924615775982384,0.1698463103929544,0.1698463103929544,1.0,1.0,0.3,0.0,0.0,0.0,0.0,0.0,0.0,0.02110758272493174,0.2110758272493174,0.030153689607045342,0.030153689607045342,0.178892417275068,0.013818156510648851,0.1698463103929544,0.1698463103929544,0.1924615775982384,0.1698463103929544,0.1698463103929544,1.0,1.0,0.3,0.0,0.0,0.0,0.0,0.0,0.0,0.02110758272493174,0.2110758272493174,0.030153689607045342,0.030153689607045342,0.178892417275068,0.013818156510648851,0.1698463103929544,0.1698463103929544,0.1924615775982384,0.1698463103929544,0.1698463103929544,1.0,1.0,0.3,0.0,0.0,0.0,0.0,0.0,0.0,0.02110758272493174,0.2110758272493174,0.030153689607045342,0.030153689607045342,0.19396926207859067,0.012061475842818137,0.19999999999999973,0.19999999999999973,0.19999999999999973,0.1698463103929544,0.1698463103929544,1.0,0.5,0.8,0.0,0.0,0.0,0.0,0.0,0.035624671698798654,0.006030737921409068,0.060307379214090684,0.030153689607045342,0.030153689607045342,1.0,0.7,0.7,0.7,0.2,0.5,0.7,0.3,0.0,0.7,0.3,0.0,0.7,0.3,0.0,0.2,0.8,0.0,0.7,0.0,0.7,0.7,0.2,0.7,0.7,0.5,0.0,0.0,0.0,0.7,0.7,1.0,1.0,0.2,0.2,1.0,1.0,1.0,1.0,0.2857142857142857,0.2857142857142857,7,5,0.5,0.7142857142857143,0.7,0.0,0.5,0.0,1.0,0.0,1.0,0.7142857142857143,0.0,1.0,0.1507684480352267,0.0,0.1507684480352267,0.015076844803522671,0.1507684480352267,1.1288888888959967,0.059374452831331095,0.059374452831331095,0.0,0.9977777777777778,1.1333333333333333,0,0,0,5,C3R,0.0,0.0,0.19396926207859067,0.8,1.0,0.2,0.0,0.0,0.19396926207859067
phaseflip,phaseflip,0.2,2,0.5,0.03,10,qiskit_aer,1,1,0.6640000000000001,0.22888888888888892,0.8222222222222222,0.5333333333333333,0.0,0.0,1.0,0.0,0.3359999999999998,0.019595917942265496,0.31999999999999973,0.31999999999999973,0.3599999999999999,0.31999999999999973,0.3199999999999998,1.0,0.0,1.0,0.0,0.0,0.0,0.0,0.0,0.30584631039295446,0.019595917942265496,0.2898463103929544,0.2898463103929544,0.32984631039295453,0.2898463103929544,0.28984631039295433,1.0,1.0,0.0,0.0,0.0,0.0,0.0,0.0,0.30584631039295446,0.019595917942265496,0.2898463103929544,0.2898463103929544,0.32984631039295453,0.2898463103929544,0.28984631039295433,1.0,1.0,0.0,0.0,0.0,0.0,0.0,0.0,0.0,0.030153689607045342,0.3015368960704534,0.030153689607045342,0.030153689607045342,0.30584631039295446,0.019595917942265496,0.2898463103929544,0.2898463103929544,0.32984631039295453,0.2898463103929544,0.28984631039295433,1.0,1.0,0.0,0.0,0.0,0.0,0.0,0.0,0.0,0.030153689607045342,0.3015368960704534,0.030153689607045342,0.030153689607045342,0.30584631039295446,0.019595917942265496,0.2898463103929544,0.2898463103929544,0.32984631039295453,0.2898463103929544,0.28984631039295433,1.0,1.0,0.0,0.0,0.0,0.0,0.0,0.0,0.0,0.030153689607045342,0.3015368960704534,0.030153689607045342,0.030153689607045342,0.32996926207859073,0.021937030248773776,0.31999999999999973,0.31999999999999973,0.35246157759823854,0.3034154707161248,0.2898463103929544,1.0,0.2,0.8,0.0,0.0,0.0,0.0,0.0,1.7328900729470696e-20,0.006030737921409068,0.060307379214090684,0.030153689607045342,0.030153689607045342,1.0,1.0,1.0,1.0,0.2,0.8,1.0,0.0,0.0,1.0,0.0,0.0,1.0,0.0,0.0,0.2,0.8,0.0,1.0,0.0,1.0,1.0,0.2,1.0,1.0,0.8,0.0,0.0,0.0,1.0,1.0,1.0,1.0,0.2,0.2,1.0,1.0,1.0,1.0,0.2,0.2,10,8,0.8,0.8,1.0,0.0,0.8,0.0,1.0,0.0,1.0,0.8,0.0,1.0,0.24122951685636274,0.0,0.24122951685636274,0.024122951685636274,0.24122951685636274,1.7711111111116102,2.166112591183837e-20,2.166112591183837e-20,0.0,0.9837777777777778,1.0633333333333335,0,0,0,8,C3R,0.0,0.0,0.32996926207859073,0.8,1.0,0.2,0.0,0.0,0.32996926207859073
phaseflip,phaseflip,0.2,2,0.5,0.05,10,qiskit_aer,1,1,0.6640000000000001,0.22511111111111115,0.8222222222222222,0.5333333333333333,0.0,0.0,1.0,0.0,0.3359999999999998,0.019595917942265496,0.31999999999999973,0.31999999999999973,0.3599999999999999,0.31999999999999973,0.3199999999999998,1.0,0.0,1.0,0.0,0.0,0.0,0.0,0.0,0.30584631039295446,0.019595917942265496,0.2898463103929544,0.2898463103929544,0.32984631039295453,0.2898463103929544,0.28984631039295433,1.0,1.0,0.0,0.0,0.0,0.0,0.0,0.0,0.30584631039295446,0.019595917942265496,0.2898463103929544,0.2898463103929544,0.32984631039295453,0.2898463103929544,0.28984631039295433,1.0,1.0,0.0,0.0,0.0,0.0,0.0,0.0,0.0,0.030153689607045342,0.3015368960704534,0.030153689607045342,0.030153689607045342,0.30584631039295446,0.019595917942265496,0.2898463103929544,0.2898463103929544,0.32984631039295453,0.2898463103929544,0.28984631039295433,1.0,1.0,0.0,0.0,0.0,0.0,0.0,0.0,0.0,0.030153689607045342,0.3015368960704534,0.030153689607045342,0.030153689607045342,0.30584631039295446,0.019595917942265496,0.2898463103929544,0.2898463103929544,0.32984631039295453,0.2898463103929544,0.28984631039295433,1.0,1.0,0.0,0.0,0.0,0.0,0.0,0.0,0.0,0.030153689607045342,0.3015368960704534,0.030153689607045342,0.030153689607045342,0.32996926207859073,0.021937030248773776,0.31999999999999973,0.31999999999999973,0.35246157759823854,0.3034154707161248,0.2898463103929544,1.0,0.2,0.8,0.0,0.0,0.0,0.0,0.0,1.7328900729470696e-20,0.006030737921409068,0.060307379214090684,0.030153689607045342,0.030153689607045342,1.0,1.0,1.0,1.0,0.2,0.8,1.0,0.0,0.0,1.0,0.0,0.0,1.0,0.0,0.0,0.2,0.8,0.0,1.0,0.0,1.0,1.0,0.2,1.0,1.0,0.8,0.0,0.0,0.0,1.0,1.0,1.0,1.0,0.2,0.2,1.0,1.0,1.0,1.0,0.2,0.2,10,8,0.8,0.8,1.0,0.0,0.8,0.0,1.0,0.0,1.0,0.8,0.0,1.0,0.24122951685636274,0.0,0.24122951685636274,0.024122951685636274,0.24122951685636274,1.774888888889388,2.166112591183837e-20,2.166112591183837e-20,0.0,0.9877777777777778,1.0833333333333335,0,0,0,8,C3R,0.0,0.0,0.32996926207859073,0.8,1.0,0.2,0.0,0.0,0.32996926207859073
phaseflip,phaseflip,0.2,2,0.5,0.1,10,qiskit_aer,1,1,0.6640000000000001,0.2077777777777778,0.8666666666666667,0.5333333333333333,0.0,0.0,1.0,0.0,0.3359999999999998,0.019595917942265496,0.31999999999999973,0.31999999999999973,0.3599999999999999,0.31999999999999973,0.3199999999999998,1.0,0.0,1.0,0.0,0.0,0.0,0.0,0.0,0.30584631039295446,0.019595917942265496,0.2898463103929544,0.2898463103929544,0.32984631039295453,0.2898463103929544,0.28984631039295433,1.0,1.0,0.0,0.0,0.0,0.0,0.0,0.0,0.30584631039295446,0.019595917942265496,0.2898463103929544,0.2898463103929544,0.32984631039295453,0.2898463103929544,0.28984631039295433,1.0,1.0,0.0,0.0,0.0,0.0,0.0,0.0,0.0,0.030153689607045342,0.3015368960704534,0.030153689607045342,0.030153689607045342,0.30584631039295446,0.019595917942265496,0.2898463103929544,0.2898463103929544,0.32984631039295453,0.2898463103929544,0.28984631039295433,1.0,1.0,0.0,0.0,0.0,0.0,0.0,0.0,0.0,0.030153689607045342,0.3015368960704534,0.030153689607045342,0.030153689607045342,0.30584631039295446,0.019595917942265496,0.2898463103929544,0.2898463103929544,0.32984631039295453,0.2898463103929544,0.28984631039295433,1.0,1.0,0.0,0.0,0.0,0.0,0.0,0.0,0.0,0.030153689607045342,0.3015368960704534,0.030153689607045342,0.030153689607045342,0.32996926207859073,0.021937030248773776,0.31999999999999973,0.31999999999999973,0.35246157759823854,0.3034154707161248,0.2898463103929544,1.0,0.2,0.8,0.0,0.0,0.0,0.0,0.0,1.6096305565062865e-20,0.006030737921409068,0.060307379214090684,0.030153689607045342,0.030153689607045342,1.0,1.0,1.0,1.0,0.2,0.8,1.0,0.0,0.0,1.0,0.0,0.0,1.0,0.0,0.0,0.2,0.8,0.0,1.0,0.0,1.0,1.0,0.2,1.0,1.0,0.8,0.0,0.0,0.0,1.0,1.0,1.0,1.0,0.2,0.2,1.0,1.0,1.0,1.0,0.2,0.2,10,8,0.8,0.8,1.0,0.0,0.8,0.0,1.0,0.0,1.0,0.8,0.0,1.0,0.24122951685636274,0.0,0.24122951685636274,0.024122951685636274,0.24122951685636274,1.7922222222227788,1.9195935583022707e-20,1.9195935583022707e-20,0.0,0.9977777777777778,1.1333333333333333,0,0,0,8,C3R,0.0,0.0,0.32996926207859073,0.8,1.0,0.2,0.0,0.0,0.32996926207859073
phaseflip,phaseflip,0.2,3,0.5,0.03,10,qiskit_aer,1,1,0.556,0.16693333333333335,0.8,0.55,0.0,0.0,1.0,0.0,0.44399999999999984,0.035462656414882346,0.4559999999999998,0.40799999999999986,0.4739999999999998,0.3919999999999999,0.3919999999999999,1.0,0.8,1.0,0.0,0.0,0.0,0.0,0.0,0.4138463103929545,0.035462656414882346,0.42584631039295445,0.3778463103929545,0.44384631039295447,0.36184631039295456,0.36184631039295456,1.0,1.0,0.0,0.0,0.0,0.0,0.0,0.0,0.43796926207859077,0.040550076650522425,0.45599999999999974,0.4004615775982385,0.4739999999999998,0.37541547071612497,0.36184631039295456,1.0,1.0,0.8,0.0,0.0,0.0,0.0,0.0,0.0,0.006030737921409068,0.060307379214090684,0.030153689607045342,0.030153689607045342,0.43796926207859077,0.040550076650522425,0.45599999999999974,0.4004615775982385,0.4739999999999998,0.37541547071612497,0.36184631039295456,1.0,1.0,0.8,0.0,0.0,0.0,0.0,0.0,0.0,0.006030737921409068,0.060307379214090684,0.030153689607045342,0.030153689607045342,0.43796926207859077,0.040550076650522425,0.45599999999999974,0.4004615775982385,0.4739999999999998,0.37541547071612497,0.36184631039295456,1.0,1.0,0.8,0.0,0.0,0.0,0.0,0.0,0.0,0.006030737921409068,0.060307379214090684,0.030153689607045342,0.030153689607045342,0.44399999999999984,0.035462656414882346,0.4559999999999998,0.40799999999999986,0.4739999999999998,0.3919999999999999,0.3919999999999999,1.0,0.8,1.0,0.0,0.0,0.0,0.0,0.0,4.332225182367674e-21,0.0,0.0,0.0,0.0,1.0,0.2,0.2,0.2,0.0,0.2,0.2,0.8,0.0,0.2,0.8,0.0,0.2,0.8,0.0,0.0,1.0,0.0,0.2,0.0,0.2,0.2,0.0,0.2,0.2,0.2,0.0,0.0,0.0,0.2,0.2,1.0,1.0,0.3,0.0,1.0,1.0,1.0,1.0,0.0,0.0,2,2,0.2,1.0,0.2,0.0,0.2,0.0,1.0,0.0,1.0,1.0,0.0,1.0,0.060307379214090684,0.0,0.060307379214090684,0.006030737921409068,0.060307379214090684,0.23306666666686313,4.332225182367674e-21,4.332225182367674e-21,0.0,0.9812222222222222,1.08,0,0,0,2,C3R,0.0,0.0,0.44399999999999984,1.0,1.0,0.0,0.0,0.0,0.44399999999999984
phaseflip,phaseflip,0.2,3,0.5,0.05,10,qiskit_aer,1,1,0.556,0.16693333333333335,0.8,0.55,0.0,0.0,1.0,0.0,0.44399999999999984,0.035462656414882346,0.4559999999999998,0.40799999999999986,0.4739999999999998,0.3919999999999999,0.3919999999999999,1.0,0.8,1.0,0.0,0.0,0.0,0.0,0.0,0.4138463103929545,0.035462656414882346,0.42584631039295445,0.3778463103929545,0.44384631039295447,0.36184631039295456,0.36184631039295456,1.0,1.0,0.0,0.0,0.0,0.0,0.0,0.0,0.43796926207859077,0.040550076650522425,0.45599999999999974,0.4004615775982385,0.4739999999999998,0.37541547071612497,0.36184631039295456,1.0,1.0,0.8,0.0,0.0,0.0,0.0,0.0,0.0,0.006030737921409068,0.060307379214090684,0.030153689607045342,0.030153689607045342,0.43796926207859077,0.040550076650522425,0.45599999999999974,0.4004615775982385,0.4739999999999998,0.37541547071612497,0.36184631039295456,1.0,1.0,0.8,0.0,0.0,0.0,0.0,0.0,0.0,0.006030737921409068,0.060307379214090684,0.030153689607045342,0.030153689607045342,0.43796926207859077,0.040550076650522425,0.45599999999999974,0.4004615775982385,0.4739999999999998,0.37541547071612497,0.36184631039295456,1.0,1.0,0.8,0.0,0.0,0.0,0.0,0.0,0.0,0.006030737921409068,0.060307379214090684,0.030153689607045342,0.030153689607045342,0.44399999999999984,0.035462656414882346,0.4559999999999998,0.40799999999999986,0.4739999999999998,0.3919999999999999,0.3919999999999999,1.0,0.8,1.0,0.0,0.0,0.0,0.0,0.0,4.332225182367674e-21,0.0,0.0,0.0,0.0,1.0,0.2,0.2,0.2,0.0,0.2,0.2,0.8,0.0,0.2,0.8,0.0,0.2,0.8,0.0,0.0,1.0,0.0,0.2,0.0,0.2,0.2,0.0,0.2,0.2,0.2,0.0,0.0,0.0,0.2,0.2,1.0,1.0,0.1,0.0,1.0,1.0,1.0,1.0,0.0,0.0,2,2,0.2,1.0,0.2,0.0,0.2,0.0,1.0,0.0,1.0,1.0,0.0,1.0,0.060307379214090684,0.0,0.060307379214090684,0.006030737921409068,0.060307379214090684,0.23306666666686313,4.332225182367674e-21,4.332225182367674e-21,0.0,0.9872222222222222,1.1,0,0,0,2,C3R,0.0,0.0,0.44399999999999984,1.0,1.0,0.0,0.0,0.0,0.44399999999999984
phaseflip,phaseflip,0.2,3,0.5,0.1,10,qiskit_aer,1,1,0.556,0.15786666666666668,0.8111111111111111,0.55,0.0,0.0,1.0,0.0,0.44399999999999984,0.035462656414882346,0.4559999999999998,0.40799999999999986,0.4739999999999998,0.3919999999999999,0.3919999999999999,1.0,0.8,1.0,0.0,0.0,0.0,0.0,0.0,0.4138463103929545,0.035462656414882346,0.42584631039295445,0.3778463103929545,0.44384631039295447,0.36184631039295456,0.36184631039295456,1.0,1.0,0.0,0.0,0.0,0.0,0.0,0.0,0.43796926207859077,0.040550076650522425,0.45599999999999974,0.4004615775982385,0.4739999999999998,0.37541547071612497,0.36184631039295456,1.0,1.0,0.8,0.0,0.0,0.0,0.0,0.0,0.0,0.006030737921409068,0.060307379214090684,0.030153689607045342,0.030153689607045342,0.43796926207859077,0.040550076650522425,0.45599999999999974,0.4004615775982385,0.4739999999999998,0.37541547071612497,0.36184631039295456,1.0,1.0,0.8,0.0,0.0,0.0,0.0,0.0,0.0,0.006030737921409068,0.060307379214090684,0.030153689607045342,0.030153689607045342,0.43796926207859077,0.040550076650522425,0.45599999999999974,0.4004615775982385,0.4739999999999998,0.37541547071612497,0.36184631039295456,1.0,1.0,0.8,0.0,0.0,0.0,0.0,0.0,0.0,0.006030737921409068,0.060307379214090684,0.030153689607045342,0.030153689607045342,0.44399999999999984,0.035462656414882346,0.4559999999999998,0.40799999999999986,0.4739999999999998,0.3919999999999999,0.3919999999999999,1.0,0.8,1.0,0.0,0.0,0.0,0.0,0.0,4.332225182367674e-21,0.0,0.0,0.0,0.0,1.0,0.2,0.2,0.2,0.0,0.2,0.2,0.8,0.0,0.2,0.8,0.0,0.2,0.8,0.0,0.0,1.0,0.0,0.2,0.0,0.2,0.2,0.0,0.2,0.2,0.2,0.0,0.0,0.0,0.2,0.2,1.0,1.0,0.1,0.0,1.0,1.0,1.0,1.0,0.0,0.0,2,2,0.2,1.0,0.2,0.0,0.2,0.0,1.0,0.0,1.0,1.0,0.0,1.0,0.060307379214090684,0.0,0.060307379214090684,0.006030737921409068,0.060307379214090684,0.24213333333352988,4.332225182367674e-21,4.332225182367674e-21,0.0,0.9933333333333333,1.15,0,0,0,2,C3R,0.0,0.0,0.44399999999999984,1.0,1.0,0.0,0.0,0.0,0.44399999999999984
phaseflip,phaseflip,0.2,4,0.5,0.03,10,qiskit_aer,1,1,0.48048,0.12635555555555555,0.8,0.55,0.0,0.0,1.0,0.0,0.5195199999999999,0.04459983856473026,0.5447999999999998,0.5135999999999998,0.5519999999999998,0.4351999999999998,0.4351999999999998,1.0,1.0,1.0,0.0,0.0,0.0,0.0,0.0,0.4893663103929545,0.04459983856473026,0.5146463103929545,0.4834463103929545,0.5218463103929545,0.40504631039295447,0.40504631039295447,1.0,1.0,0.0,0.0,0.0,0.0,0.0,0.0,0.5195199999999999,0.04459983856473026,0.5447999999999998,0.5135999999999998,0.5519999999999998,0.4351999999999998,0.4351999999999998,1.0,1.0,1.0,0.0,0.0,0.0,0.0,0.0,0.0,0.0,0.0,0.0,0.0,0.5195199999999999,0.04459983856473026,0.5447999999999998,0.5135999999999998,0.5519999999999998,0.4351999999999998,0.4351999999999998,1.0,1.0,1.0,0.0,0.0,0.0,0.0,0.0,0.0,0.0,0.0,0.0,0.0,0.5195199999999999,0.04459983856473026,0.5447999999999998,0.5135999999999998,0.5519999999999998,0.4351999999999998,0.4351999999999998,1.0,1.0,1.0,0.0,0.0,0.0,0.0,0.0,0.0,0.0,0.0,0.0,0.0,0.5195199999999999,0.04459983856473026,0.5447999999999998,0.5135999999999998,0.5519999999999998,0.4351999999999998,0.4351999999999998,1.0,1.0,1.0,0.0,0.0,0.0,0.0,0.0,0.0,0.0,0.0,0.0,0.0,1.0,0.0,0.0,0.0,0.0,0.0,0.0,1.0,0.0,0.0,1.0,0.0,0.0,1.0,0.0,0.0,1.0,0.0,0.0,0.0,0.0,0.0,0.0,0.0,0.0,0.0,0.0,0.0,0.0,0.0,0.0,1.0,1.0,0.3,0.0,0.0,0.0,0.0,0.0,0.0,0.0,0,0,0.0,0.0,0.0,0.0,0.0,0.0,0.0,0.0,0.0,0.0,0.0,1.0,0.0,0.0,0.0,0.0,0.0,-0.126355555555472,0.0,0.0,0.0,0.9812222222222222,1.08,0,0,0,0,C1,0.0,0.0,0.5195199999999999,1.0,1.0,0.0,0.0,0.0,0.5195199999999999
phaseflip,phaseflip,0.2,4,0.5,0.05,10,qiskit_aer,1,1,0.48048,0.12635555555555555,0.8,0.55,0.0,0.0,1.0,0.0,0.5195199999999999,0.04459983856473026,0.5447999999999998,0.5135999999999998,0.5519999999999998,0.4351999999999998,0.4351999999999998,1.0,1.0,1.0,0.0,0.0,0.0,0.0,0.0,0.4893663103929545,0.04459983856473026,0.5146463103929545,0.4834463103929545,0.5218463103929545,0.40504631039295447,0.40504631039295447,1.0,1.0,0.0,0.0,0.0,0.0,0.0,0.0,0.5195199999999999,0.04459983856473026,0.5447999999999998,0.5135999999999998,0.5519999999999998,0.4351999999999998,0.4351999999999998,1.0,1.0,1.0,0.0,0.0,0.0,0.0,0.0,0.0,0.0,0.0,0.0,0.0,0.5195199999999999,0.04459983856473026,0.5447999999999998,0.5135999999999998,0.5519999999999998,0.4351999999999998,0.4351999999999998,1.0,1.0,1.0,0.0,0.0,0.0,0.0,0.0,0.0,0.0,0.0,0.0,0.0,0.5195199999999999,0.04459983856473026,0.5447999999999998,0.5135999999999998,0.5519999999999998,0.4351999999999998,0.4351999999999998,1.0,1.0,1.0,0.0,0.0,0.0,0.0,0.0,0.0,0.0,0.0,0.0,0.0,0.5195199999999999,0.04459983856473026,0.5447999999999998,0.5135999999999998,0.5519999999999998,0.4351999999999998,0.4351999999999998,1.0,1.0,1.0,0.0,0.0,0.0,0.0,0.0,0.0,0.0,0.0,0.0,0.0,1.0,0.0,0.0,0.0,0.0,0.0,0.0,1.0,0.0,0.0,1.0,0.0,0.0,1.0,0.0,0.0,1.0,0.0,0.0,0.0,0.0,0.0,0.0,0.0,0.0,0.0,0.0,0.0,0.0,0.0,0.0,1.0,1.0,0.1,0.0,0.0,0.0,0.0,0.0,0.0,0.0,0,0,0.0,0.0,0.0,0.0,0.0,0.0,0.0,0.0,0.0,0.0,0.0,1.0,0.0,0.0,0.0,0.0,0.0,-0.12635555555547767,0.0,0.0,0.0,0.9872222222222222,1.1,0,0,0,0,C1,0.0,0.0,0.5195199999999999,1.0,1.0,0.0,0.0,0.0,0.5195199999999999
phaseflip,phaseflip,0.2,4,0.5,0.1,10,qiskit_aer,1,1,0.48048,0.1130488888888889,0.8111111111111111,0.55,0.0,0.0,1.0,0.0,0.5195199999999999,0.04459983856473026,0.5447999999999998,0.5135999999999998,0.5519999999999998,0.4351999999999998,0.4351999999999998,1.0,1.0,1.0,0.0,0.0,0.0,0.0,0.0,0.4893663103929545,0.04459983856473026,0.5146463103929545,0.4834463103929545,0.5218463103929545,0.40504631039295447,0.40504631039295447,1.0,1.0,0.0,0.0,0.0,0.0,0.0,0.0,0.5195199999999999,0.04459983856473026,0.5447999999999998,0.5135999999999998,0.5519999999999998,0.4351999999999998,0.4351999999999998,1.0,1.0,1.0,0.0,0.0,0.0,0.0,0.0,0.0,0.0,0.0,0.0,0.0,0.5195199999999999,0.04459983856473026,0.5447999999999998,0.5135999999999998,0.5519999999999998,0.4351999999999998,0.4351999999999998,1.0,1.0,1.0,0.0,0.0,0.0,0.0,0.0,0.0,0.0,0.0,0.0,0.0,0.5195199999999999,0.04459983856473026,0.5447999999999998,0.5135999999999998,0.5519999999999998,0.4351999999999998,0.4351999999999998,1.0,1.0,1.0,0.0,0.0,0.0,0.0,0.0,0.0,0.0,0.0,0.0,0.0,0.5195199999999999,0.04459983856473026,0.5447999999999998,0.5135999999999998,0.5519999999999998,0.4351999999999998,0.4351999999999998,1.0,1.0,1.0,0.0,0.0,0.0,0.0,0.0,0.0,0.0,0.0,0.0,0.0,1.0,0.0,0.0,0.0,0.0,0.0,0.0,1.0,0.0,0.0,1.0,0.0,0.0,1.0,0.0,0.0,1.0,0.0,0.0,0.0,0.0,0.0,0.0,0.0,0.0,0.0,0.0,0.0,0.0,0.0,0.0,1.0,1.0,0.1,0.0,0.0,0.0,0.0,0.0,0.0,0.0,0,0,0.0,0.0,0.0,0.0,0.0,0.0,0.0,0.0,0.0,0.0,0.0,1.0,0.0,0.0,0.0,0.0,0.0,-0.11304888888881096,0.0,0.0,0.0,0.9933333333333333,1.15,0,0,0,0,C1,0.0,0.0,0.5195199999999999,1.0,1.0,0.0,0.0,0.0,0.5195199999999999
