code_family,noise_family,noise_strength,noise_depth,cases,backend,code_count,noise_family_count,true_syndrome_mean_no_error_mean,observed_syndrome_mean_no_error_mean,syndrome_corruption_rate,syndrome_information_loss_mean,observed_syndrome_consistent_rate,true_syndrome_consistent_rate,partial_syndrome_case_rate,ambiguous_syndrome_case_rate,fid_gain_A_mean,fid_gain_A_std,fid_gain_A_median,fid_gain_A_p25,fid_gain_A_p75,nonworsen_rate_A,admissible_rate_A,logical_success_rate_A,false_safe_rate_A,false_safe_fidelity_rate_A,failure_boundary_rate_A,fid_gain_B_mean,fid_gain_B_std,fid_gain_B_median,fid_gain_B_p25,fid_gain_B_p75,nonworsen_rate_B,admissible_rate_B,logical_success_rate_B,false_safe_rate_B,false_safe_fidelity_rate_B,failure_boundary_rate_B,fid_gain_C1_mean,fid_gain_C1_std,fid_gain_C1_median,fid_gain_C1_p25,fid_gain_C1_p75,nonworsen_rate_C1,admissible_rate_C1,logical_success_rate_C1,false_safe_rate_C1,false_safe_fidelity_rate_C1,failure_boundary_rate_C1,fid_gain_C2_mean,fid_gain_C2_std,fid_gain_C2_median,fid_gain_C2_p25,fid_gain_C2_p75,nonworsen_rate_C2,admissible_rate_C2,logical_success_rate_C2,false_safe_rate_C2,false_safe_fidelity_rate_C2,failure_boundary_rate_C2,fid_gain_C3_mean,fid_gain_C3_std,fid_gain_C3_median,fid_gain_C3_p25,fid_gain_C3_p75,nonworsen_rate_C3,admissible_rate_C3,logical_success_rate_C3,false_safe_rate_C3,false_safe_fidelity_rate_C3,failure_boundary_rate_C3,fid_gain_C3R_mean,fid_gain_C3R_std,fid_gain_C3R_median,fid_gain_C3R_p25,fid_gain_C3R_p75,nonworsen_rate_C3R,admissible_rate_C3R,logical_success_rate_C3R,false_safe_rate_C3R,false_safe_fidelity_rate_C3R,failure_boundary_rate_C3R,decision_disagreement_rate_AB,decision_disagreement_rate_C1A,decision_disagreement_rate_C2A,decision_disagreement_rate_C3A,decision_disagreement_rate_C3RA,chosen_B_rate_C1,safe_case_retention_rate_C1,risky_case_capture_rate_C1,chosen_B_rate_C2,safe_case_retention_rate_C2,risky_case_capture_rate_C2,chosen_B_rate_C3,safe_case_retention_rate_C3,risky_case_capture_rate_C3,chosen_B_rate_C3R,safe_case_retention_rate_C3R,risky_case_capture_rate_C3R,veto_rate_C1,tie_break_rate_C1,weighted_score_switch_rate_C2,weighted_score_switch_rate_C3,weighted_score_switch_rate_C3R,veto_rate_C2,veto_rate_C3,veto_rate_C3R,tie_break_rate_C2,tie_break_rate_C3,tie_break_rate_C3R,c3r_gate_c2_switch_rate,c3r_gate_score_margin_rate,c3r_gate_leave_A_rate,c3r_gate_B_safe_rate,c3r_gate_uncertainty_rate,c3r_allow_B_rate,c3r_blocks_c2_switch_rate,c3r_prevented_harmful_switch_rate,c3r_missed_beneficial_switch_rate,c3r_prevented_harmful_switch_rate_given_block,c3r_missed_beneficial_switch_rate_given_block,c3r_score_margin_mean,c3r_structural_margin_mean,c3r_violation_A_mean,c3r_violation_B_mean,c3r_syndrome_uncertainty_mean,c3r_blocked_by_score_margin_count,c3r_blocked_by_leave_A_count,c3r_blocked_by_B_safe_count,c3r_blocked_by_uncertainty_count,preferred_policy,preferred_false_safe_fidelity_rate,preferred_false_safe_rate,preferred_fid_gain_mean,preferred_logical_success_rate,preferred_nonworsen_rate,preferred_chosen_B_rate,min_false_safe_fidelity_rate,min_false_safe_rate,max_fid_gain_mean_within_safety_band
bitflip,bitflip,0.01,1,10,qiskit_aer,1,1,0.99,0.99,0.0,0.0,1.0,1.0,0.0,0.0,0.009999999999999787,0.0,0.009999999999999787,0.009999999999999787,0.009999999999999787,1.0,0.0,1.0,1.0,0.0,0.0,0.009999999999999787,0.0,0.009999999999999787,0.009999999999999787,0.009999999999999787,1.0,1.0,1.0,0.0,0.0,0.0,0.009999999999999787,0.0,0.009999999999999787,0.009999999999999787,0.009999999999999787,1.0,1.0,1.0,0.0,0.0,0.0,0.009999999999999787,0.0,0.009999999999999787,0.009999999999999787,0.009999999999999787,1.0,1.0,1.0,0.0,0.0,0.0,0.009999999999999787,0.0,0.009999999999999787,0.009999999999999787,0.009999999999999787,1.0,1.0,1.0,0.0,0.0,0.0,0.009999999999999787,0.0,0.009999999999999787,0.009999999999999787,0.009999999999999787,1.0,1.0,1.0,0.0,0.0,0.0,1.0,1.0,1.0,1.0,1.0,1.0,0.0,1.0,1.0,0.0,1.0,1.0,0.0,1.0,1.0,0.0,1.0,1.0,0.0,1.0,1.0,1.0,1.0,1.0,0.0,0.0,0.0,0.0,1.0,1.0,1.0,1.0,1.0,1.0,0.0,0.0,0.0,0.0,0.0,1.0100000012933104,0.9,0.9,0.0,0.0,0,0,0,0,C1,0.0,0.0,0.009999999999999787,1.0,1.0,1.0,0.0,0.0,0.009999999999999787
bitflip,bitflip,0.01,2,10,qiskit_aer,1,1,0.9801599999999999,0.9801599999999999,0.0,0.0,1.0,1.0,0.0,0.0,0.019840000000000035,4.898979485565817e-05,0.01980000000000004,0.01980000000000004,0.01990000000000003,1.0,0.0,1.0,1.0,0.0,0.0,0.019840000000000035,4.898979485565817e-05,0.01980000000000004,0.01980000000000004,0.01990000000000003,1.0,1.0,1.0,0.0,0.0,0.0,0.019840000000000035,4.898979485565817e-05,0.01980000000000004,0.01980000000000004,0.01990000000000003,1.0,1.0,1.0,0.0,0.0,0.0,0.019840000000000035,4.898979485565817e-05,0.01980000000000004,0.01980000000000004,0.01990000000000003,1.0,1.0,1.0,0.0,0.0,0.0,0.019840000000000035,4.898979485565817e-05,0.01980000000000004,0.01980000000000004,0.01990000000000003,1.0,1.0,1.0,0.0,0.0,0.0,0.019840000000000035,4.898979485565817e-05,0.01980000000000004,0.01980000000000004,0.01990000000000003,1.0,1.0,1.0,0.0,0.0,0.0,1.0,1.0,1.0,1.0,1.0,1.0,0.0,1.0,1.0,0.0,1.0,1.0,0.0,1.0,1.0,0.0,1.0,1.0,0.0,1.0,1.0,1.0,1.0,1.0,0.0,0.0,0.0,0.0,1.0,1.0,1.0,1.0,1.0,1.0,0.0,0.0,0.0,0.0,0.0,1.0198400001985604,0.85,0.85,0.0,0.0,0,0,0,0,C1,0.0,0.0,0.019840000000000035,1.0,1.0,1.0,0.0,0.0,0.019840000000000035
bitflip,bitflip,0.01,3,10,qiskit_aer,1,1,0.970428,0.970428,0.0,0.0,1.0,1.0,0.0,0.0,0.02957199999999983,0.00011722798300750736,0.029601999999999906,0.02945349999999977,0.029675499999999855,1.0,0.0,1.0,1.0,0.0,0.0,0.02957199999999983,0.00011722798300750736,0.029601999999999906,0.02945349999999977,0.029675499999999855,1.0,1.0,1.0,0.0,0.0,0.0,0.02957199999999983,0.00011722798300750736,0.029601999999999906,0.02945349999999977,0.029675499999999855,1.0,1.0,1.0,0.0,0.0,0.0,0.02957199999999983,0.00011722798300750736,0.029601999999999906,0.02945349999999977,0.029675499999999855,1.0,1.0,1.0,0.0,0.0,0.0,0.02957199999999983,0.00011722798300750736,0.029601999999999906,0.02945349999999977,0.029675499999999855,1.0,1.0,1.0,0.0,0.0,0.0,0.02957199999999983,0.00011722798300750736,0.029601999999999906,0.02945349999999977,0.029675499999999855,1.0,1.0,1.0,0.0,0.0,0.0,1.0,1.0,1.0,1.0,1.0,1.0,0.0,1.0,1.0,0.0,1.0,1.0,0.0,1.0,1.0,0.0,1.0,1.0,0.0,1.0,1.0,1.0,1.0,1.0,0.0,0.0,0.0,0.0,1.0,1.0,1.0,1.0,1.0,1.0,0.0,0.0,0.0,0.0,0.0,1.0295720000236752,0.325,0.325,0.0,0.0,0,0,0,0,C1,0.0,0.0,0.02957199999999983,1.0,1.0,1.0,0.0,0.0,0.02957199999999983
bitflip,bitflip,0.01,4,10,qiskit_aer,1,1,0.9608420280000001,0.9608420280000001,0.0,0.0,1.0,1.0,0.0,0.0,0.039157971999999805,0.00018647496608399414,0.03925597999999986,0.03910995999999972,0.03930399999999987,1.0,0.0,1.0,1.0,0.0,0.0,0.039157971999999784,0.00018647496608399986,0.03925597999999986,0.039109959999999666,0.03930399999999987,1.0,1.0,1.0,0.0,0.0,0.0,0.039157971999999784,0.00018647496608399986,0.03925597999999986,0.039109959999999666,0.03930399999999987,1.0,1.0,1.0,0.0,0.0,0.0,0.039157971999999784,0.00018647496608399986,0.03925597999999986,0.039109959999999666,0.03930399999999987,1.0,1.0,1.0,0.0,0.0,0.0,0.039157971999999784,0.00018647496608399986,0.03925597999999986,0.039109959999999666,0.03930399999999987,1.0,1.0,1.0,0.0,0.0,0.0,0.039157971999999784,0.00018647496608399986,0.03925597999999986,0.039109959999999666,0.03930399999999987,1.0,1.0,1.0,0.0,0.0,0.0,1.0,1.0,1.0,1.0,1.0,1.0,0.0,1.0,1.0,0.0,1.0,1.0,0.0,1.0,1.0,0.0,1.0,1.0,0.0,1.0,1.0,1.0,1.0,1.0,0.0,0.0,0.0,0.0,1.0,1.0,1.0,1.0,1.0,1.0,0.0,0.0,0.0,0.0,0.0,1.039157972010976,0.37500000000000006,0.37500000000000006,0.0,0.0,0,0,0,0,C1,0.0,0.0,0.039157971999999784,1.0,1.0,1.0,0.0,0.0,0.039157971999999784
bitflip,bitflip,0.03,1,10,qiskit_aer,1,1,0.9700000000000001,0.9700000000000001,0.0,0.0,1.0,1.0,0.0,0.0,0.029999999999999694,0.0,0.029999999999999694,0.029999999999999694,0.029999999999999694,1.0,0.0,1.0,1.0,0.0,0.0,0.029999999999999694,0.0,0.029999999999999694,0.029999999999999694,0.029999999999999694,1.0,1.0,1.0,0.0,0.0,0.0,0.029999999999999694,0.0,0.029999999999999694,0.029999999999999694,0.029999999999999694,1.0,1.0,1.0,0.0,0.0,0.0,0.029999999999999694,0.0,0.029999999999999694,0.029999999999999694,0.029999999999999694,1.0,1.0,1.0,0.0,0.0,0.0,0.029999999999999694,0.0,0.029999999999999694,0.029999999999999694,0.029999999999999694,1.0,1.0,1.0,0.0,0.0,0.0,0.029999999999999694,0.0,0.029999999999999694,0.029999999999999694,0.029999999999999694,1.0,1.0,1.0,0.0,0.0,0.0,1.0,1.0,1.0,1.0,1.0,1.0,0.0,1.0,1.0,0.0,1.0,1.0,0.0,1.0,1.0,0.0,1.0,1.0,0.0,1.0,1.0,1.0,1.0,1.0,0.0,0.0,0.0,0.0,1.0,1.0,1.0,1.0,1.0,1.0,0.0,0.0,0.0,0.0,0.0,1.0300000000285596,0.55,0.55,0.0,0.0,0,0,0,0,C1,0.0,0.0,0.029999999999999694,1.0,1.0,1.0,0.0,0.0,0.029999999999999694
bitflip,bitflip,0.03,2,10,qiskit_aer,1,1,0.94144,0.94144,0.0,0.0,1.0,1.0,0.0,0.0,0.058559999999999834,0.00044090815370114106,0.058199999999999696,0.058199999999999696,0.05910000000000004,1.0,0.0,1.0,1.0,0.0,0.0,0.058559999999999834,0.00044090815370114106,0.058199999999999696,0.058199999999999696,0.05910000000000004,1.0,1.0,1.0,0.0,0.0,0.0,0.058559999999999834,0.00044090815370114106,0.058199999999999696,0.058199999999999696,0.05910000000000004,1.0,1.0,1.0,0.0,0.0,0.0,0.058559999999999834,0.00044090815370114106,0.058199999999999696,0.058199999999999696,0.05910000000000004,1.0,1.0,1.0,0.0,0.0,0.0,0.058559999999999834,0.00044090815370114106,0.058199999999999696,0.058199999999999696,0.05910000000000004,1.0,1.0,1.0,0.0,0.0,0.0,0.058559999999999834,0.00044090815370114106,0.058199999999999696,0.058199999999999696,0.05910000000000004,1.0,1.0,1.0,0.0,0.0,0.0,1.0,1.0,1.0,1.0,1.0,1.0,0.0,1.0,1.0,0.0,1.0,1.0,0.0,1.0,1.0,0.0,1.0,1.0,0.0,1.0,1.0,1.0,1.0,1.0,0.0,0.0,0.0,0.0,1.0,1.0,1.0,1.0,1.0,1.0,0.0,0.0,0.0,0.0,0.0,1.058559999999452,0.2,0.2,0.0,0.0,0,0,0,0,C1,0.0,0.0,0.058559999999999834,1.0,1.0,1.0,0.0,0.0,0.058559999999999834
bitflip,bitflip,0.03,3,10,qiskit_aer,1,1,0.913816,0.913816,0.0,0.0,1.0,1.0,0.0,0.0,0.0861839999999999,0.0010277984238166948,0.08645399999999981,0.08514449999999987,0.08708849999999999,1.0,0.0,1.0,1.0,0.0,0.0,0.0861839999999999,0.0010277984238166948,0.08645399999999981,0.08514449999999987,0.08708849999999999,1.0,1.0,1.0,0.0,0.0,0.0,0.0861839999999999,0.0010277984238166948,0.08645399999999981,0.08514449999999987,0.08708849999999999,1.0,1.0,1.0,0.0,0.0,0.0,0.0861839999999999,0.0010277984238166948,0.08645399999999981,0.08514449999999987,0.08708849999999999,1.0,1.0,1.0,0.0,0.0,0.0,0.0861839999999999,0.0010277984238166948,0.08645399999999981,0.08514449999999987,0.08708849999999999,1.0,1.0,1.0,0.0,0.0,0.0,0.0861839999999999,0.0010277984238166948,0.08645399999999981,0.08514449999999987,0.08708849999999999,1.0,1.0,1.0,0.0,0.0,0.0,1.0,1.0,1.0,1.0,1.0,1.0,0.0,1.0,1.0,0.0,1.0,1.0,0.0,1.0,1.0,0.0,1.0,1.0,0.0,1.0,1.0,1.0,1.0,1.0,0.0,0.0,0.0,0.0,1.0,1.0,1.0,1.0,1.0,1.0,0.0,0.0,0.0,0.0,0.0,1.0861839999973812,0.1,0.1,0.0,0.0,0,0,0,0,C1,0.0,0.0,0.0861839999999999,1.0,1.0,1.0,0.0,0.0,0.0861839999999999
bitflip,bitflip,0.03,4,10,qiskit_aer,1,1,0.887436268,0.887436268,0.0,0.0,0.0,0.0,0.0,0.0,0.11256373199999992,0.0015976230304850306,0.11341037999999981,0.11216675999999987,0.11380800000000002,1.0,0.0,1.0,0.0,0.0,0.0,0.11256373199999992,0.0015976230304850306,0.11341037999999981,0.11216675999999987,0.11380800000000002,1.0,1.0,1.0,0.0,0.0,0.0,0.11256373199999992,0.0015976230304850306,0.11341037999999981,0.11216675999999987,0.11380800000000002,1.0,1.0,1.0,0.0,0.0,0.0,0.11256373199999992,0.0015976230304850306,0.11341037999999981,0.11216675999999987,0.11380800000000002,1.0,1.0,1.0,0.0,0.0,0.0,0.11256373199999992,0.0015976230304850306,0.11341037999999981,0.11216675999999987,0.11380800000000002,1.0,1.0,1.0,0.0,0.0,0.0,0.11256373199999992,0.0015976230304850306,0.11341037999999981,0.11216675999999987,0.11380800000000002,1.0,1.0,1.0,0.0,0.0,0.0,1.0,1.0,1.0,1.0,1.0,1.0,0.0,0.0,1.0,0.0,0.0,1.0,0.0,0.0,1.0,0.0,0.0,1.0,0.0,1.0,1.0,1.0,1.0,1.0,0.0,0.0,0.0,0.0,1.0,1.0,1.0,1.0,1.0,1.0,0.0,0.0,0.0,0.0,0.0,1.1125637319995851,0.05000000000000001,0.05000000000000001,0.0,0.0,0,0,0,0,C1,0.0,0.0,0.11256373199999992,1.0,1.0,1.0,0.0,0.0,0.11256373199999992
bitflip,bitflip,0.05,1,10,qiskit_aer,1,1,0.9499999999999998,0.9499999999999998,0.0,0.0,1.0,1.0,0.0,0.0,0.04999999999999993,0.0,0.04999999999999993,0.04999999999999993,0.04999999999999993,1.0,0.0,1.0,1.0,0.0,0.0,0.04999999999999993,0.0,0.04999999999999993,0.04999999999999993,0.04999999999999993,1.0,1.0,1.0,0.0,0.0,0.0,0.04999999999999993,0.0,0.04999999999999993,0.04999999999999993,0.04999999999999993,1.0,1.0,1.0,0.0,0.0,0.0,0.04999999999999993,0.0,0.04999999999999993,0.04999999999999993,0.04999999999999993,1.0,1.0,1.0,0.0,0.0,0.0,0.04999999999999993,0.0,0.04999999999999993,0.04999999999999993,0.04999999999999993,1.0,1.0,1.0,0.0,0.0,0.0,0.04999999999999993,0.0,0.04999999999999993,0.04999999999999993,0.04999999999999993,1.0,1.0,1.0,0.0,0.0,0.0,1.0,1.0,1.0,1.0,1.0,1.0,0.0,1.0,1.0,0.0,1.0,1.0,0.0,1.0,1.0,0.0,1.0,1.0,0.0,1.0,1.0,1.0,1.0,1.0,0.0,0.0,0.0,0.0,1.0,1.0,1.0,1.0,1.0,1.0,0.0,0.0,0.0,0.0,0.0,1.05000000000756,0.4,0.4,0.0,0.0,0,0,0,0,C1,0.0,0.0,0.04999999999999993,1.0,1.0,1.0,0.0,0.0,0.04999999999999993
bitflip,bitflip,0.05,2,10,qiskit_aer,1,1,0.904,0.904,0.0,0.0,1.0,1.0,0.0,0.0,0.0959999999999998,0.0012247448713915085,0.09499999999999986,0.09499999999999986,0.0974999999999997,1.0,0.0,1.0,1.0,0.0,0.0,0.0959999999999998,0.0012247448713915085,0.09499999999999986,0.09499999999999986,0.0974999999999997,1.0,1.0,1.0,0.0,0.0,0.0,0.0959999999999998,0.0012247448713915085,0.09499999999999986,0.09499999999999986,0.0974999999999997,1.0,1.0,1.0,0.0,0.0,0.0,0.0959999999999998,0.0012247448713915085,0.09499999999999986,0.09499999999999986,0.0974999999999997,1.0,1.0,1.0,0.0,0.0,0.0,0.0959999999999998,0.0012247448713915085,0.09499999999999986,0.09499999999999986,0.0974999999999997,1.0,1.0,1.0,0.0,0.0,0.0,0.0959999999999998,0.0012247448713915085,0.09499999999999986,0.09499999999999986,0.0974999999999997,1.0,1.0,1.0,0.0,0.0,0.0,1.0,1.0,1.0,1.0,1.0,1.0,0.0,1.0,1.0,0.0,1.0,1.0,0.0,1.0,1.0,0.0,1.0,1.0,0.0,1.0,1.0,1.0,1.0,1.0,0.0,0.0,0.0,0.0,1.0,1.0,1.0,1.0,1.0,1.0,0.0,0.0,0.0,0.0,0.0,1.0960000000007757,0.25000000000000006,0.25000000000000006,0.0,0.0,0,0,0,0,C1,0.0,0.0,0.0959999999999998,1.0,1.0,1.0,0.0,0.0,0.0959999999999998
bitflip,bitflip,0.05,3,10,qiskit_aer,1,1,0.8605,0.8605,0.0,0.0,0.0,0.0,0.0,0.0,0.13949999999999987,0.0027793884219374106,0.14024999999999982,0.1366874999999999,0.14193749999999986,1.0,0.1,1.0,0.0,0.0,0.0,0.13949999999999987,0.0027793884219374106,0.14024999999999982,0.1366874999999999,0.14193749999999986,1.0,1.0,1.0,0.0,0.0,0.0,0.13949999999999987,0.0027793884219374106,0.14024999999999982,0.1366874999999999,0.14193749999999986,1.0,1.0,1.0,0.0,0.0,0.0,0.13949999999999987,0.0027793884219374106,0.14024999999999982,0.1366874999999999,0.14193749999999986,1.0,1.0,1.0,0.0,0.0,0.0,0.13949999999999987,0.0027793884219374106,0.14024999999999982,0.1366874999999999,0.14193749999999986,1.0,1.0,1.0,0.0,0.0,0.0,0.13949999999999987,0.0027793884219374106,0.14024999999999982,0.1366874999999999,0.14193749999999986,1.0,1.0,1.0,0.0,0.0,0.0,0.9,0.9,0.9,0.9,0.9,0.9,0.1,0.0,0.9,0.1,0.0,0.9,0.1,0.0,0.9,0.1,0.0,0.9,0.0,0.9,0.9,0.9,0.9,0.9,0.0,0.0,0.0,0.0,0.9,0.9,1.0,1.0,1.0,0.9,0.0,0.0,0.0,0.0,0.0,0.9394999999995437,1.4072128126989405e-19,1.4072128126989405e-19,0.0,0.0,0,0,0,0,C1,0.0,0.0,0.13949999999999987,1.0,1.0,0.9,0.0,0.0,0.13949999999999987
bitflip,bitflip,0.05,4,10,qiskit_aer,1,1,0.8202674999999999,0.8202674999999999,0.0,0.0,0.0,0.0,0.0,0.0,0.17973249999999985,0.004220086640105827,0.18198749999999986,0.1787249999999998,0.18299999999999983,1.0,0.0,1.0,0.0,0.0,0.0,0.17973249999999985,0.004220086640105827,0.18198749999999986,0.1787249999999998,0.18299999999999983,1.0,1.0,1.0,0.0,0.0,0.0,0.17973249999999985,0.004220086640105827,0.18198749999999986,0.1787249999999998,0.18299999999999983,1.0,1.0,1.0,0.0,0.0,0.0,0.17973249999999985,0.004220086640105827,0.18198749999999986,0.1787249999999998,0.18299999999999983,1.0,1.0,1.0,0.0,0.0,0.0,0.17973249999999985,0.004220086640105827,0.18198749999999986,0.1787249999999998,0.18299999999999983,1.0,1.0,1.0,0.0,0.0,0.0,0.17973249999999985,0.004220086640105827,0.18198749999999986,0.1787249999999998,0.18299999999999983,1.0,1.0,1.0,0.0,0.0,0.0,1.0,1.0,1.0,1.0,1.0,1.0,0.0,0.0,1.0,0.0,0.0,1.0,0.0,0.0,1.0,0.0,0.0,1.0,0.0,1.0,1.0,1.0,1.0,1.0,0.0,0.0,0.0,0.0,1.0,1.0,1.0,1.0,1.0,1.0,0.0,0.0,0.0,0.0,0.0,1.1797324999998469,0.05000000000000001,0.05000000000000001,0.0,0.0,0,0,0,0,C1,0.0,0.0,0.17973249999999985,1.0,1.0,1.0,0.0,0.0,0.17973249999999985
bitflip,bitflip,0.1,1,10,qiskit_aer,1,1,0.8999999999999999,0.8999999999999999,0.0,0.0,0.0,0.0,0.0,0.0,0.09999999999999998,0.0,0.09999999999999998,0.09999999999999998,0.09999999999999998,1.0,0.0,1.0,0.0,0.0,0.0,0.09999999999999998,0.0,0.09999999999999998,0.09999999999999998,0.09999999999999998,1.0,1.0,1.0,0.0,0.0,0.0,0.09999999999999998,0.0,0.09999999999999998,0.09999999999999998,0.09999999999999998,1.0,1.0,1.0,0.0,0.0,0.0,0.09999999999999998,0.0,0.09999999999999998,0.09999999999999998,0.09999999999999998,1.0,1.0,1.0,0.0,0.0,0.0,0.09999999999999998,0.0,0.09999999999999998,0.09999999999999998,0.09999999999999998,1.0,1.0,1.0,0.0,0.0,0.0,0.09999999999999998,0.0,0.09999999999999998,0.09999999999999998,0.09999999999999998,1.0,1.0,1.0,0.0,0.0,0.0,1.0,1.0,1.0,1.0,1.0,1.0,0.0,0.0,1.0,0.0,0.0,1.0,0.0,0.0,1.0,0.0,0.0,1.0,0.0,1.0,1.0,1.0,1.0,1.0,0.0,0.0,0.0,0.0,1.0,1.0,1.0,1.0,1.0,1.0,0.0,0.0,0.0,0.0,0.0,1.1000000000013792,0.5,0.5,0.0,0.0,0,0,0,0,C1,0.0,0.0,0.09999999999999998,1.0,1.0,1.0,0.0,0.0,0.09999999999999998
bitflip,bitflip,0.1,2,10,qiskit_aer,1,1,0.8160000000000001,0.8160000000000001,0.0,0.0,0.0,0.0,0.0,0.0,0.1839999999999999,0.004898979485566333,0.17999999999999994,0.17999999999999994,0.18999999999999984,1.0,0.0,1.0,0.0,0.0,0.0,0.1839999999999999,0.004898979485566333,0.17999999999999994,0.17999999999999994,0.18999999999999984,1.0,1.0,1.0,0.0,0.0,0.0,0.1839999999999999,0.004898979485566333,0.17999999999999994,0.17999999999999994,0.18999999999999984,1.0,1.0,1.0,0.0,0.0,0.0,0.1839999999999999,0.004898979485566333,0.17999999999999994,0.17999999999999994,0.18999999999999984,1.0,1.0,1.0,0.0,0.0,0.0,0.1839999999999999,0.004898979485566333,0.17999999999999994,0.17999999999999994,0.18999999999999984,1.0,1.0,1.0,0.0,0.0,0.0,0.1839999999999999,0.004898979485566333,0.17999999999999994,0.17999999999999994,0.18999999999999984,1.0,1.0,1.0,0.0,0.0,0.0,1.0,1.0,1.0,1.0,1.0,1.0,0.0,0.0,1.0,0.0,0.0,1.0,0.0,0.0,1.0,0.0,0.0,1.0,0.0,1.0,1.0,1.0,1.0,1.0,0.0,0.0,0.0,0.0,1.0,1.0,1.0,1.0,1.0,1.0,0.0,0.0,0.0,0.0,0.0,1.1839999999999986,0.3,0.3,0.0,0.0,0,0,0,0,C1,0.0,0.0,0.1839999999999999,1.0,1.0,1.0,0.0,0.0,0.1839999999999999
bitflip,bitflip,0.1,3,10,qiskit_aer,1,1,0.741,0.741,0.0,0.0,0.0,0.0,0.0,0.0,0.25899999999999984,0.010363397126425289,0.2619999999999998,0.24849999999999986,0.2679999999999999,1.0,0.0,1.0,0.0,0.0,0.0,0.25899999999999984,0.010363397126425289,0.2619999999999998,0.24849999999999986,0.2679999999999999,1.0,1.0,1.0,0.0,0.0,0.0,0.25899999999999984,0.010363397126425289,0.2619999999999998,0.24849999999999986,0.2679999999999999,1.0,1.0,1.0,0.0,0.0,0.0,0.25899999999999984,0.010363397126425289,0.2619999999999998,0.24849999999999986,0.2679999999999999,1.0,1.0,1.0,0.0,0.0,0.0,0.25899999999999984,0.010363397126425289,0.2619999999999998,0.24849999999999986,0.2679999999999999,1.0,1.0,1.0,0.0,0.0,0.0,0.25899999999999984,0.010363397126425289,0.2619999999999998,0.24849999999999986,0.2679999999999999,1.0,1.0,1.0,0.0,0.0,0.0,1.0,1.0,1.0,1.0,1.0,1.0,0.0,0.0,1.0,0.0,0.0,1.0,0.0,0.0,1.0,0.0,0.0,1.0,0.0,1.0,1.0,1.0,1.0,1.0,0.0,0.0,0.0,0.0,1.0,1.0,1.0,1.0,1.0,1.0,0.0,0.0,0.0,0.0,0.0,1.2590000000000425,0.3,0.3,0.0,0.0,0,0,0,0,C1,0.0,0.0,0.25899999999999984,1.0,1.0,1.0,0.0,0.0,0.25899999999999984
bitflip,bitflip,0.1,4,10,qiskit_aer,1,1,0.67728,0.67728,0.0,0.0,0.0,0.0,0.0,0.0,0.3227199999999999,0.014812751263691679,0.33079999999999987,0.3195999999999999,0.33399999999999985,1.0,0.0,1.0,0.0,0.0,0.0,0.3227199999999999,0.014812751263691679,0.33079999999999987,0.3195999999999999,0.33399999999999985,1.0,1.0,1.0,0.0,0.0,0.0,0.3227199999999999,0.014812751263691679,0.33079999999999987,0.3195999999999999,0.33399999999999985,1.0,1.0,1.0,0.0,0.0,0.0,0.3227199999999999,0.014812751263691679,0.33079999999999987,0.3195999999999999,0.33399999999999985,1.0,1.0,1.0,0.0,0.0,0.0,0.3227199999999999,0.014812751263691679,0.33079999999999987,0.3195999999999999,0.33399999999999985,1.0,1.0,1.0,0.0,0.0,0.0,0.3227199999999999,0.014812751263691679,0.33079999999999987,0.3195999999999999,0.33399999999999985,1.0,1.0,1.0,0.0,0.0,0.0,1.0,1.0,1.0,1.0,1.0,1.0,0.0,0.0,1.0,0.0,0.0,1.0,0.0,0.0,1.0,0.0,0.0,1.0,0.0,1.0,1.0,1.0,1.0,1.0,0.0,0.0,0.0,0.0,1.0,1.0,1.0,1.0,1.0,1.0,0.0,0.0,0.0,0.0,0.0,1.3227199999999575,0.10000000000000002,0.10000000000000002,0.0,0.0,0,0,0,0,C1,0.0,0.0,0.3227199999999999,1.0,1.0,1.0,0.0,0.0,0.3227199999999999
bitflip,bitflip,0.15,1,10,qiskit_aer,1,1,0.85,0.85,0.0,0.0,0.0,0.0,0.0,0.0,0.14999999999999983,5.1178752665209035e-17,0.1499999999999998,0.1499999999999998,0.14999999999999988,1.0,0.0,1.0,0.0,0.0,0.0,0.14999999999999983,5.1178752665209035e-17,0.1499999999999998,0.1499999999999998,0.14999999999999988,1.0,1.0,1.0,0.0,0.0,0.0,0.14999999999999983,5.1178752665209035e-17,0.1499999999999998,0.1499999999999998,0.14999999999999988,1.0,1.0,1.0,0.0,0.0,0.0,0.14999999999999983,5.1178752665209035e-17,0.1499999999999998,0.1499999999999998,0.14999999999999988,1.0,1.0,1.0,0.0,0.0,0.0,0.14999999999999983,5.1178752665209035e-17,0.1499999999999998,0.1499999999999998,0.14999999999999988,1.0,1.0,1.0,0.0,0.0,0.0,0.14999999999999983,5.1178752665209035e-17,0.1499999999999998,0.1499999999999998,0.14999999999999988,1.0,1.0,1.0,0.0,0.0,0.0,1.0,1.0,1.0,1.0,1.0,1.0,0.0,0.0,1.0,0.0,0.0,1.0,0.0,0.0,1.0,0.0,0.0,1.0,0.0,1.0,1.0,1.0,1.0,1.0,0.0,0.0,0.0,0.0,1.0,1.0,1.0,1.0,1.0,1.0,0.0,0.0,0.0,0.0,0.0,1.1499999999995119,1.4072128126989405e-19,1.4072128126989405e-19,0.0,0.0,0,0,0,0,C1,0.0,0.0,0.14999999999999983,1.0,1.0,1.0,0.0,0.0,0.14999999999999983
bitflip,bitflip,0.15,2,10,qiskit_aer,1,1,0.7360000000000001,0.7360000000000001,0.0,0.0,0.0,0.0,0.0,0.0,0.2639999999999999,0.011022703842524283,0.2549999999999999,0.2549999999999999,0.27749999999999986,1.0,0.0,1.0,0.0,0.0,0.0,0.2639999999999999,0.011022703842524283,0.2549999999999999,0.2549999999999999,0.27749999999999986,1.0,1.0,1.0,0.0,0.0,0.0,0.2639999999999999,0.011022703842524283,0.2549999999999999,0.2549999999999999,0.27749999999999986,1.0,1.0,1.0,0.0,0.0,0.0,0.2639999999999999,0.011022703842524283,0.2549999999999999,0.2549999999999999,0.27749999999999986,1.0,1.0,1.0,0.0,0.0,0.0,0.2639999999999999,0.011022703842524283,0.2549999999999999,0.2549999999999999,0.27749999999999986,1.0,1.0,1.0,0.0,0.0,0.0,0.2639999999999999,0.011022703842524283,0.2549999999999999,0.2549999999999999,0.27749999999999986,1.0,1.0,1.0,0.0,0.0,0.0,1.0,1.0,1.0,1.0,1.0,1.0,0.0,0.0,1.0,0.0,0.0,1.0,0.0,0.0,1.0,0.0,0.0,1.0,0.0,1.0,1.0,1.0,1.0,1.0,0.0,0.0,0.0,0.0,1.0,1.0,1.0,1.0,1.0,1.0,0.0,0.0,0.0,0.0,0.0,1.2640000000001619,0.6,0.6,0.0,0.0,0,0,0,0,C1,0.0,0.0,0.2639999999999999,1.0,1.0,1.0,0.0,0.0,0.2639999999999999
bitflip,bitflip,0.15,3,10,qiskit_aer,1,1,0.64,0.64,0.0,0.0,0.0,0.0,0.0,0.0,0.3599999999999999,0.021628106713256278,0.3667499999999999,0.3380624999999998,0.37856249999999986,1.0,0.0,1.0,0.0,0.0,0.0,0.3599999999999999,0.021628106713256278,0.3667499999999999,0.3380624999999998,0.37856249999999986,1.0,1.0,1.0,0.0,0.0,0.0,0.3599999999999999,0.021628106713256278,0.3667499999999999,0.3380624999999998,0.37856249999999986,1.0,1.0,1.0,0.0,0.0,0.0,0.3599999999999999,0.021628106713256278,0.3667499999999999,0.3380624999999998,0.37856249999999986,1.0,1.0,1.0,0.0,0.0,0.0,0.3599999999999999,0.021628106713256278,0.3667499999999999,0.3380624999999998,0.37856249999999986,1.0,1.0,1.0,0.0,0.0,0.0,0.3599999999999999,0.021628106713256278,0.3667499999999999,0.3380624999999998,0.37856249999999986,1.0,1.0,1.0,0.0,0.0,0.0,1.0,1.0,1.0,1.0,1.0,1.0,0.0,0.0,1.0,0.0,0.0,1.0,0.0,0.0,1.0,0.0,0.0,1.0,0.0,1.0,1.0,1.0,1.0,1.0,0.0,0.0,0.0,0.0,1.0,1.0,1.0,1.0,1.0,1.0,0.0,0.0,0.0,0.0,0.0,1.359999999999963,0.1,0.1,0.0,0.0,0,0,0,0,C1,0.0,0.0,0.3599999999999999,1.0,1.0,1.0,0.0,0.0,0.3599999999999999
bitflip,bitflip,0.15,4,10,qiskit_aer,1,1,0.5656675,0.5656675,0.0,0.0,0.0,0.0,0.0,0.0,0.4343324999999999,0.02903058957806403,0.4504874999999998,0.4292249999999998,0.45599999999999985,1.0,0.0,1.0,0.0,0.0,0.0,0.4343324999999999,0.02903058957806403,0.4504874999999998,0.4292249999999998,0.45599999999999985,1.0,1.0,1.0,0.0,0.0,0.0,0.4343324999999999,0.02903058957806403,0.4504874999999998,0.4292249999999998,0.45599999999999985,1.0,1.0,1.0,0.0,0.0,0.0,0.4343324999999999,0.02903058957806403,0.4504874999999998,0.4292249999999998,0.45599999999999985,1.0,1.0,1.0,0.0,0.0,0.0,0.4343324999999999,0.02903058957806403,0.4504874999999998,0.4292249999999998,0.45599999999999985,1.0,1.0,1.0,0.0,0.0,0.0,0.4343324999999999,0.02903058957806403,0.4504874999999998,0.4292249999999998,0.45599999999999985,1.0,1.0,1.0,0.0,0.0,0.0,1.0,1.0,1.0,1.0,1.0,1.0,0.0,0.0,1.0,0.0,0.0,1.0,0.0,0.0,1.0,0.0,0.0,1.0,0.0,1.0,1.0,1.0,1.0,1.0,0.0,0.0,0.0,0.0,1.0,1.0,1.0,1.0,1.0,1.0,0.0,0.0,0.0,0.0,0.0,1.4343324999999614,0.05000000000000001,0.05000000000000001,0.0,0.0,0,0,0,0,C1,0.0,0.0,0.4343324999999999,1.0,1.0,1.0,0.0,0.0,0.4343324999999999
bitflip,bitflip,0.2,1,10,qiskit_aer,1,1,0.8,0.8,0.0,0.0,0.0,0.0,0.0,0.0,0.19999999999999993,5.1178752665209035e-17,0.19999999999999996,0.19999999999999987,0.19999999999999996,1.0,0.0,1.0,0.0,0.0,0.0,0.19999999999999993,5.1178752665209035e-17,0.19999999999999996,0.19999999999999987,0.19999999999999996,1.0,1.0,1.0,0.0,0.0,0.0,0.19999999999999993,5.1178752665209035e-17,0.19999999999999996,0.19999999999999987,0.19999999999999996,1.0,1.0,1.0,0.0,0.0,0.0,0.19999999999999993,5.1178752665209035e-17,0.19999999999999996,0.19999999999999987,0.19999999999999996,1.0,1.0,1.0,0.0,0.0,0.0,0.19999999999999993,5.1178752665209035e-17,0.19999999999999996,0.19999999999999987,0.19999999999999996,1.0,1.0,1.0,0.0,0.0,0.0,0.19999999999999993,5.1178752665209035e-17,0.19999999999999996,0.19999999999999987,0.19999999999999996,1.0,1.0,1.0,0.0,0.0,0.0,1.0,1.0,1.0,1.0,1.0,1.0,0.0,0.0,1.0,0.0,0.0,1.0,0.0,0.0,1.0,0.0,0.0,1.0,0.0,1.0,1.0,1.0,1.0,1.0,0.0,0.0,0.0,0.0,1.0,1.0,1.0,1.0,1.0,1.0,0.0,0.0,0.0,0.0,0.0,1.2000000000004996,1.0,1.0,0.0,0.0,0,0,0,0,C1,0.0,0.0,0.19999999999999993,1.0,1.0,1.0,0.0,0.0,0.19999999999999993
bitflip,bitflip,0.2,2,10,qiskit_aer,1,1,0.664,0.664,0.0,0.0,0.0,0.0,0.0,0.0,0.3359999999999998,0.019595917942265496,0.31999999999999973,0.31999999999999973,0.3599999999999999,1.0,0.0,1.0,0.0,0.0,0.0,0.3359999999999998,0.019595917942265496,0.31999999999999973,0.31999999999999973,0.3599999999999999,1.0,1.0,1.0,0.0,0.0,0.0,0.3359999999999998,0.019595917942265496,0.31999999999999973,0.31999999999999973,0.3599999999999999,1.0,1.0,1.0,0.0,0.0,0.0,0.3359999999999998,0.019595917942265496,0.31999999999999973,0.31999999999999973,0.3599999999999999,1.0,1.0,1.0,0.0,0.0,0.0,0.3359999999999998,0.019595917942265496,0.31999999999999973,0.31999999999999973,0.3599999999999999,1.0,1.0,1.0,0.0,0.0,0.0,0.3359999999999998,0.019595917942265496,0.31999999999999973,0.31999999999999973,0.3599999999999999,1.0,1.0,1.0,0.0,0.0,0.0,1.0,1.0,1.0,1.0,1.0,1.0,0.0,0.0,1.0,0.0,0.0,1.0,0.0,0.0,1.0,0.0,0.0,1.0,0.0,1.0,1.0,1.0,1.0,1.0,0.0,0.0,0.0,0.0,1.0,1.0,1.0,1.0,1.0,1.0,0.0,0.0,0.0,0.0,0.0,1.3359999999999668,1.5948411877254657e-19,1.5948411877254657e-19,0.0,0.0,0,0,0,0,C1,0.0,0.0,0.3359999999999998,1.0,1.0,1.0,0.0,0.0,0.3359999999999998
bitflip,bitflip,0.2,3,10,qiskit_aer,1,1,0.556,0.556,0.0,0.0,0.0,0.0,0.0,0.0,0.4439999999999998,0.03546265641488233,0.45599999999999974,0.40799999999999986,0.47399999999999975,1.0,0.0,1.0,0.0,0.0,0.0,0.4439999999999998,0.03546265641488233,0.45599999999999974,0.40799999999999986,0.47399999999999975,1.0,1.0,1.0,0.0,0.0,0.0,0.4439999999999998,0.03546265641488233,0.45599999999999974,0.40799999999999986,0.47399999999999975,1.0,1.0,1.0,0.0,0.0,0.0,0.4439999999999998,0.03546265641488233,0.45599999999999974,0.40799999999999986,0.47399999999999975,1.0,1.0,1.0,0.0,0.0,0.0,0.4439999999999998,0.03546265641488233,0.45599999999999974,0.40799999999999986,0.47399999999999975,1.0,1.0,1.0,0.0,0.0,0.0,0.4439999999999998,0.03546265641488233,0.45599999999999974,0.40799999999999986,0.47399999999999975,1.0,1.0,1.0,0.0,0.0,0.0,1.0,1.0,1.0,1.0,1.0,1.0,0.0,0.0,1.0,0.0,0.0,1.0,0.0,0.0,1.0,0.0,0.0,1.0,0.0,1.0,1.0,1.0,1.0,1.0,0.0,0.0,0.0,0.0,1.0,1.0,1.0,1.0,1.0,1.0,0.0,0.0,0.0,0.0,0.0,1.4440000000000264,0.35000000000000003,0.35000000000000003,0.0,0.0,0,0,0,0,C1,0.0,0.0,0.4439999999999998,1.0,1.0,1.0,0.0,0.0,0.4439999999999998
bitflip,bitflip,0.2,4,10,qiskit_aer,1,1,0.48048,0.48048,0.0,0.0,0.0,0.0,0.0,0.0,0.5195199999999999,0.04459983856473026,0.5447999999999998,0.5135999999999998,0.5519999999999998,1.0,0.1,1.0,0.0,0.0,0.0,0.5195199999999999,0.04459983856473026,0.5447999999999998,0.5135999999999998,0.5519999999999998,1.0,1.0,1.0,0.0,0.0,0.0,0.5195199999999999,0.04459983856473026,0.5447999999999998,0.5135999999999998,0.5519999999999998,1.0,1.0,1.0,0.0,0.0,0.0,0.5195199999999999,0.04459983856473026,0.5447999999999998,0.5135999999999998,0.5519999999999998,1.0,1.0,1.0,0.0,0.0,0.0,0.5195199999999999,0.04459983856473026,0.5447999999999998,0.5135999999999998,0.5519999999999998,1.0,1.0,1.0,0.0,0.0,0.0,0.5195199999999999,0.04459983856473026,0.5447999999999998,0.5135999999999998,0.5519999999999998,1.0,1.0,1.0,0.0,0.0,0.0,0.9,0.9,0.9,0.9,0.9,0.9,0.1,0.0,0.9,0.1,0.0,0.9,0.1,0.0,0.9,0.1,0.0,0.9,0.0,0.9,0.9,0.9,0.9,0.9,0.0,0.0,0.0,0.0,0.9,0.9,1.0,1.0,1.0,0.9,0.0,0.0,0.0,0.0,0.0,1.3195199999999638,0.25,0.25,0.0,0.0,0,0,0,0,C1,0.0,0.0,0.5195199999999999,1.0,1.0,0.9,0.0,0.0,0.5195199999999999
bitflip,dephasing,0.01,1,10,qiskit_aer,1,1,1.0,1.0,0.0,0.0,1.0,1.0,0.0,0.0,2.220446049250313e-16,0.0,2.220446049250313e-16,2.220446049250313e-16,2.220446049250313e-16,1.0,0.0,1.0,1.0,0.0,0.0,0.004999999999999782,0.0,0.004999999999999782,0.004999999999999782,0.004999999999999782,1.0,1.0,1.0,0.0,0.0,0.0,0.004999999999999782,0.0,0.004999999999999782,0.004999999999999782,0.004999999999999782,1.0,1.0,1.0,0.0,0.0,0.0,0.004999999999999782,0.0,0.004999999999999782,0.004999999999999782,0.004999999999999782,1.0,1.0,1.0,0.0,0.0,0.0,0.004999999999999782,0.0,0.004999999999999782,0.004999999999999782,0.004999999999999782,1.0,1.0,1.0,0.0,0.0,0.0,0.004999999999999782,0.0,0.004999999999999782,0.004999999999999782,0.004999999999999782,1.0,1.0,1.0,0.0,0.0,0.0,1.0,1.0,1.0,1.0,1.0,1.0,0.0,1.0,1.0,0.0,1.0,1.0,0.0,1.0,1.0,0.0,1.0,1.0,0.0,1.0,1.0,1.0,1.0,1.0,0.0,0.0,0.0,0.0,1.0,1.0,1.0,1.0,1.0,1.0,0.0,0.0,0.0,0.0,0.0,1.0000000129948268,1.0,1.0,0.0,0.0,0,0,0,0,C1,0.0,0.0,0.004999999999999782,1.0,1.0,1.0,0.0,0.0,0.004999999999999782
bitflip,dephasing,0.01,2,10,qiskit_aer,1,1,1.0,1.0,0.0,0.0,1.0,1.0,0.0,0.0,0.0,0.0,0.0,0.0,0.0,1.0,0.0,1.0,1.0,0.0,0.0,0.009949999999999903,0.0,0.009949999999999903,0.009949999999999903,0.009949999999999903,1.0,1.0,1.0,0.0,0.0,0.0,0.009949999999999903,0.0,0.009949999999999903,0.009949999999999903,0.009949999999999903,1.0,1.0,1.0,0.0,0.0,0.0,0.009949999999999903,0.0,0.009949999999999903,0.009949999999999903,0.009949999999999903,1.0,1.0,1.0,0.0,0.0,0.0,0.009949999999999903,0.0,0.009949999999999903,0.009949999999999903,0.009949999999999903,1.0,1.0,1.0,0.0,0.0,0.0,0.009949999999999903,0.0,0.009949999999999903,0.009949999999999903,0.009949999999999903,1.0,1.0,1.0,0.0,0.0,0.0,1.0,1.0,1.0,1.0,1.0,1.0,0.0,1.0,1.0,0.0,1.0,1.0,0.0,1.0,1.0,0.0,1.0,1.0,0.0,1.0,1.0,1.0,1.0,1.0,0.0,0.0,0.0,0.0,1.0,1.0,1.0,1.0,1.0,1.0,0.0,0.0,0.0,0.0,0.0,1.0000000129948268,1.0,1.0,0.0,0.0,0,0,0,0,C1,0.0,0.0,0.009949999999999903,1.0,1.0,1.0,0.0,0.0,0.009949999999999903
bitflip,dephasing,0.01,3,10,qiskit_aer,1,1,1.0,1.0,0.0,0.0,1.0,1.0,0.0,0.0,-5.551115123125783e-16,0.0,-5.551115123125783e-16,-5.551115123125783e-16,-5.551115123125783e-16,1.0,0.0,0.0,1.0,0.0,1.0,0.014850499999999878,0.0,0.014850499999999878,0.014850499999999878,0.014850499999999878,1.0,1.0,1.0,0.0,0.0,0.0,0.014850499999999878,0.0,0.014850499999999878,0.014850499999999878,0.014850499999999878,1.0,1.0,1.0,0.0,0.0,0.0,0.014850499999999878,0.0,0.014850499999999878,0.014850499999999878,0.014850499999999878,1.0,1.0,1.0,0.0,0.0,0.0,0.014850499999999878,0.0,0.014850499999999878,0.014850499999999878,0.014850499999999878,1.0,1.0,1.0,0.0,0.0,0.0,0.014850499999999878,0.0,0.014850499999999878,0.014850499999999878,0.014850499999999878,1.0,1.0,1.0,0.0,0.0,0.0,1.0,1.0,1.0,1.0,1.0,1.0,0.0,1.0,1.0,0.0,1.0,1.0,0.0,1.0,1.0,0.0,1.0,1.0,0.0,1.0,1.0,1.0,1.0,1.0,0.0,0.0,0.0,0.0,1.0,1.0,1.0,1.0,1.0,1.0,0.0,0.0,0.0,0.0,0.0,1.0000000129948268,1.0,1.0,0.0,0.0,0,0,0,0,C1,0.0,0.0,0.014850499999999878,1.0,1.0,1.0,0.0,0.0,0.014850499999999878
bitflip,dephasing,0.01,4,10,qiskit_aer,1,1,1.0,1.0,0.0,0.0,1.0,1.0,0.0,0.0,3.3306690738754696e-16,0.0,3.3306690738754696e-16,3.3306690738754696e-16,3.3306690738754696e-16,1.0,0.0,0.0,1.0,0.0,1.0,0.019701994999999695,0.0,0.019701994999999695,0.019701994999999695,0.019701994999999695,1.0,1.0,1.0,0.0,0.0,0.0,0.019701994999999695,0.0,0.019701994999999695,0.019701994999999695,0.019701994999999695,1.0,1.0,1.0,0.0,0.0,0.0,0.019701994999999695,0.0,0.019701994999999695,0.019701994999999695,0.019701994999999695,1.0,1.0,1.0,0.0,0.0,0.0,0.019701994999999695,0.0,0.019701994999999695,0.019701994999999695,0.019701994999999695,1.0,1.0,1.0,0.0,0.0,0.0,0.019701994999999695,0.0,0.019701994999999695,0.019701994999999695,0.019701994999999695,1.0,1.0,1.0,0.0,0.0,0.0,1.0,1.0,1.0,1.0,1.0,1.0,0.0,1.0,1.0,0.0,1.0,1.0,0.0,1.0,1.0,0.0,1.0,1.0,0.0,1.0,1.0,1.0,1.0,1.0,0.0,0.0,0.0,0.0,1.0,1.0,1.0,1.0,1.0,1.0,0.0,0.0,0.0,0.0,0.0,1.0000000129948268,1.0,1.0,0.0,0.0,0,0,0,0,C1,0.0,0.0,0.019701994999999695,1.0,1.0,1.0,0.0,0.0,0.019701994999999695
bitflip,dephasing,0.03,1,10,qiskit_aer,1,1,1.0,1.0,0.0,0.0,1.0,1.0,0.0,0.0,-1.1102230246251565e-16,0.0,-1.1102230246251565e-16,-1.1102230246251565e-16,-1.1102230246251565e-16,1.0,0.0,0.0,1.0,0.0,1.0,0.014999999999999791,0.0,0.014999999999999791,0.014999999999999791,0.014999999999999791,1.0,1.0,1.0,0.0,0.0,0.0,0.014999999999999791,0.0,0.014999999999999791,0.014999999999999791,0.014999999999999791,1.0,1.0,1.0,0.0,0.0,0.0,0.014999999999999791,0.0,0.014999999999999791,0.014999999999999791,0.014999999999999791,1.0,1.0,1.0,0.0,0.0,0.0,0.014999999999999791,0.0,0.014999999999999791,0.014999999999999791,0.014999999999999791,1.0,1.0,1.0,0.0,0.0,0.0,0.014999999999999791,0.0,0.014999999999999791,0.014999999999999791,0.014999999999999791,1.0,1.0,1.0,0.0,0.0,0.0,1.0,1.0,1.0,1.0,1.0,1.0,0.0,1.0,1.0,0.0,1.0,1.0,0.0,1.0,1.0,0.0,1.0,1.0,0.0,1.0,1.0,1.0,1.0,1.0,0.0,0.0,0.0,0.0,1.0,1.0,1.0,1.0,1.0,1.0,0.0,0.0,0.0,0.0,0.0,1.0000000129948268,1.0,1.0,0.0,0.0,0,0,0,0,C1,0.0,0.0,0.014999999999999791,1.0,1.0,1.0,0.0,0.0,0.014999999999999791
bitflip,dephasing,0.03,2,10,qiskit_aer,1,1,1.0,1.0,0.0,0.0,1.0,1.0,0.0,0.0,0.0,0.0,0.0,0.0,0.0,1.0,0.0,0.0,1.0,0.0,1.0,0.029549999999999743,0.0,0.029549999999999743,0.029549999999999743,0.029549999999999743,1.0,1.0,1.0,0.0,0.0,0.0,0.029549999999999743,0.0,0.029549999999999743,0.029549999999999743,0.029549999999999743,1.0,1.0,1.0,0.0,0.0,0.0,0.029549999999999743,0.0,0.029549999999999743,0.029549999999999743,0.029549999999999743,1.0,1.0,1.0,0.0,0.0,0.0,0.029549999999999743,0.0,0.029549999999999743,0.029549999999999743,0.029549999999999743,1.0,1.0,1.0,0.0,0.0,0.0,0.029549999999999743,0.0,0.029549999999999743,0.029549999999999743,0.029549999999999743,1.0,1.0,1.0,0.0,0.0,0.0,1.0,1.0,1.0,1.0,1.0,1.0,0.0,1.0,1.0,0.0,1.0,1.0,0.0,1.0,1.0,0.0,1.0,1.0,0.0,1.0,1.0,1.0,1.0,1.0,0.0,0.0,0.0,0.0,1.0,1.0,1.0,1.0,1.0,1.0,0.0,0.0,0.0,0.0,0.0,1.0000000129948268,1.0,1.0,0.0,0.0,0,0,0,0,C1,0.0,0.0,0.029549999999999743,1.0,1.0,1.0,0.0,0.0,0.029549999999999743
bitflip,dephasing,0.03,3,10,qiskit_aer,1,1,1.0,1.0,0.0,0.0,1.0,1.0,0.0,0.0,0.0,0.0,0.0,0.0,0.0,1.0,0.0,0.0,1.0,0.0,1.0,0.04366349999999952,0.0,0.04366349999999952,0.04366349999999952,0.04366349999999952,1.0,1.0,1.0,0.0,0.0,0.0,0.04366349999999952,0.0,0.04366349999999952,0.04366349999999952,0.04366349999999952,1.0,1.0,1.0,0.0,0.0,0.0,0.04366349999999952,0.0,0.04366349999999952,0.04366349999999952,0.04366349999999952,1.0,1.0,1.0,0.0,0.0,0.0,0.04366349999999952,0.0,0.04366349999999952,0.04366349999999952,0.04366349999999952,1.0,1.0,1.0,0.0,0.0,0.0,0.04366349999999952,0.0,0.04366349999999952,0.04366349999999952,0.04366349999999952,1.0,1.0,1.0,0.0,0.0,0.0,1.0,1.0,1.0,1.0,1.0,1.0,0.0,1.0,1.0,0.0,1.0,1.0,0.0,1.0,1.0,0.0,1.0,1.0,0.0,1.0,1.0,1.0,1.0,1.0,0.0,0.0,0.0,0.0,1.0,1.0,1.0,1.0,1.0,1.0,0.0,0.0,0.0,0.0,0.0,1.0000000129948268,1.0,1.0,0.0,0.0,0,0,0,0,C1,0.0,0.0,0.04366349999999952,1.0,1.0,1.0,0.0,0.0,0.04366349999999952
bitflip,dephasing,0.03,4,10,qiskit_aer,1,1,1.0,1.0,0.0,0.0,1.0,1.0,0.0,0.0,1.1102230246251565e-16,0.0,1.1102230246251565e-16,1.1102230246251565e-16,1.1102230246251565e-16,1.0,0.0,0.0,1.0,0.0,1.0,0.0573535949999997,0.0,0.0573535949999997,0.0573535949999997,0.0573535949999997,1.0,1.0,1.0,0.0,0.0,0.0,0.0573535949999997,0.0,0.0573535949999997,0.0573535949999997,0.0573535949999997,1.0,1.0,1.0,0.0,0.0,0.0,0.0573535949999997,0.0,0.0573535949999997,0.0573535949999997,0.0573535949999997,1.0,1.0,1.0,0.0,0.0,0.0,0.0573535949999997,0.0,0.0573535949999997,0.0573535949999997,0.0573535949999997,1.0,1.0,1.0,0.0,0.0,0.0,0.0573535949999997,0.0,0.0573535949999997,0.0573535949999997,0.0573535949999997,1.0,1.0,1.0,0.0,0.0,0.0,1.0,1.0,1.0,1.0,1.0,1.0,0.0,1.0,1.0,0.0,1.0,1.0,0.0,1.0,1.0,0.0,1.0,1.0,0.0,1.0,1.0,1.0,1.0,1.0,0.0,0.0,0.0,0.0,1.0,1.0,1.0,1.0,1.0,1.0,0.0,0.0,0.0,0.0,0.0,1.0000000129948268,1.0,1.0,0.0,0.0,0,0,0,0,C1,0.0,0.0,0.0573535949999997,1.0,1.0,1.0,0.0,0.0,0.0573535949999997
bitflip,dephasing,0.05,1,10,qiskit_aer,1,1,1.0,1.0,0.0,0.0,1.0,1.0,0.0,0.0,3.3306690738754696e-16,0.0,3.3306690738754696e-16,3.3306690738754696e-16,3.3306690738754696e-16,1.0,0.0,0.0,1.0,0.0,1.0,0.02499999999999991,0.0,0.02499999999999991,0.02499999999999991,0.02499999999999991,1.0,1.0,1.0,0.0,0.0,0.0,0.02499999999999991,0.0,0.02499999999999991,0.02499999999999991,0.02499999999999991,1.0,1.0,1.0,0.0,0.0,0.0,0.02499999999999991,0.0,0.02499999999999991,0.02499999999999991,0.02499999999999991,1.0,1.0,1.0,0.0,0.0,0.0,0.02499999999999991,0.0,0.02499999999999991,0.02499999999999991,0.02499999999999991,1.0,1.0,1.0,0.0,0.0,0.0,0.02499999999999991,0.0,0.02499999999999991,0.02499999999999991,0.02499999999999991,1.0,1.0,1.0,0.0,0.0,0.0,1.0,1.0,1.0,1.0,1.0,1.0,0.0,1.0,1.0,0.0,1.0,1.0,0.0,1.0,1.0,0.0,1.0,1.0,0.0,1.0,1.0,1.0,1.0,1.0,0.0,0.0,0.0,0.0,1.0,1.0,1.0,1.0,1.0,1.0,0.0,0.0,0.0,0.0,0.0,1.0000000129948268,1.0,1.0,0.0,0.0,0,0,0,0,C1,0.0,0.0,0.02499999999999991,1.0,1.0,1.0,0.0,0.0,0.02499999999999991
bitflip,dephasing,0.05,2,10,qiskit_aer,1,1,1.0,1.0,0.0,0.0,1.0,1.0,0.0,0.0,4.440892098500626e-16,0.0,4.440892098500626e-16,4.440892098500626e-16,4.440892098500626e-16,1.0,0.0,0.0,1.0,0.0,1.0,0.04874999999999985,0.0,0.04874999999999985,0.04874999999999985,0.04874999999999985,1.0,1.0,1.0,0.0,0.0,0.0,0.04874999999999985,0.0,0.04874999999999985,0.04874999999999985,0.04874999999999985,1.0,1.0,1.0,0.0,0.0,0.0,0.04874999999999985,0.0,0.04874999999999985,0.04874999999999985,0.04874999999999985,1.0,1.0,1.0,0.0,0.0,0.0,0.04874999999999985,0.0,0.04874999999999985,0.04874999999999985,0.04874999999999985,1.0,1.0,1.0,0.0,0.0,0.0,0.04874999999999985,0.0,0.04874999999999985,0.04874999999999985,0.04874999999999985,1.0,1.0,1.0,0.0,0.0,0.0,1.0,1.0,1.0,1.0,1.0,1.0,0.0,1.0,1.0,0.0,1.0,1.0,0.0,1.0,1.0,0.0,1.0,1.0,0.0,1.0,1.0,1.0,1.0,1.0,0.0,0.0,0.0,0.0,1.0,1.0,1.0,1.0,1.0,1.0,0.0,0.0,0.0,0.0,0.0,1.0000000129948268,1.0,1.0,0.0,0.0,0,0,0,0,C1,0.0,0.0,0.04874999999999985,1.0,1.0,1.0,0.0,0.0,0.04874999999999985
bitflip,dephasing,0.05,3,10,qiskit_aer,1,1,1.0,1.0,0.0,0.0,1.0,1.0,0.0,0.0,-2.220446049250313e-16,0.0,-2.220446049250313e-16,-2.220446049250313e-16,-2.220446049250313e-16,1.0,0.0,0.0,1.0,0.0,1.0,0.07131249999999978,0.0,0.07131249999999978,0.07131249999999978,0.07131249999999978,1.0,1.0,1.0,0.0,0.0,0.0,0.07131249999999978,0.0,0.07131249999999978,0.07131249999999978,0.07131249999999978,1.0,1.0,1.0,0.0,0.0,0.0,0.07131249999999978,0.0,0.07131249999999978,0.07131249999999978,0.07131249999999978,1.0,1.0,1.0,0.0,0.0,0.0,0.07131249999999978,0.0,0.07131249999999978,0.07131249999999978,0.07131249999999978,1.0,1.0,1.0,0.0,0.0,0.0,0.07131249999999978,0.0,0.07131249999999978,0.07131249999999978,0.07131249999999978,1.0,1.0,1.0,0.0,0.0,0.0,1.0,1.0,1.0,1.0,1.0,1.0,0.0,1.0,1.0,0.0,1.0,1.0,0.0,1.0,1.0,0.0,1.0,1.0,0.0,1.0,1.0,1.0,1.0,1.0,0.0,0.0,0.0,0.0,1.0,1.0,1.0,1.0,1.0,1.0,0.0,0.0,0.0,0.0,0.0,1.0000000129948268,1.0,1.0,0.0,0.0,0,0,0,0,C1,0.0,0.0,0.07131249999999978,1.0,1.0,1.0,0.0,0.0,0.07131249999999978
bitflip,dephasing,0.05,4,10,qiskit_aer,1,1,1.0,1.0,0.0,0.0,1.0,1.0,0.0,0.0,1.1102230246251565e-16,0.0,1.1102230246251565e-16,1.1102230246251565e-16,1.1102230246251565e-16,1.0,0.0,0.0,1.0,0.0,1.0,0.0927468749999999,0.0,0.0927468749999999,0.0927468749999999,0.0927468749999999,1.0,1.0,1.0,0.0,0.0,0.0,0.0927468749999999,0.0,0.0927468749999999,0.0927468749999999,0.0927468749999999,1.0,1.0,1.0,0.0,0.0,0.0,0.0927468749999999,0.0,0.0927468749999999,0.0927468749999999,0.0927468749999999,1.0,1.0,1.0,0.0,0.0,0.0,0.0927468749999999,0.0,0.0927468749999999,0.0927468749999999,0.0927468749999999,1.0,1.0,1.0,0.0,0.0,0.0,0.0927468749999999,0.0,0.0927468749999999,0.0927468749999999,0.0927468749999999,1.0,1.0,1.0,0.0,0.0,0.0,1.0,1.0,1.0,1.0,1.0,1.0,0.0,1.0,1.0,0.0,1.0,1.0,0.0,1.0,1.0,0.0,1.0,1.0,0.0,1.0,1.0,1.0,1.0,1.0,0.0,0.0,0.0,0.0,1.0,1.0,1.0,1.0,1.0,1.0,0.0,0.0,0.0,0.0,0.0,1.0000000129948268,1.0,1.0,0.0,0.0,0,0,0,0,C1,0.0,0.0,0.0927468749999999,1.0,1.0,1.0,0.0,0.0,0.0927468749999999
bitflip,dephasing,0.1,1,10,qiskit_aer,1,1,1.0,1.0,0.0,0.0,1.0,1.0,0.0,0.0,-1.1102230246251565e-16,0.0,-1.1102230246251565e-16,-1.1102230246251565e-16,-1.1102230246251565e-16,1.0,0.0,0.0,1.0,0.0,1.0,0.04999999999999993,0.0,0.04999999999999993,0.04999999999999993,0.04999999999999993,1.0,1.0,1.0,0.0,0.0,0.0,0.04999999999999993,0.0,0.04999999999999993,0.04999999999999993,0.04999999999999993,1.0,1.0,1.0,0.0,0.0,0.0,0.04999999999999993,0.0,0.04999999999999993,0.04999999999999993,0.04999999999999993,1.0,1.0,1.0,0.0,0.0,0.0,0.04999999999999993,0.0,0.04999999999999993,0.04999999999999993,0.04999999999999993,1.0,1.0,1.0,0.0,0.0,0.0,0.04999999999999993,0.0,0.04999999999999993,0.04999999999999993,0.04999999999999993,1.0,1.0,1.0,0.0,0.0,0.0,1.0,1.0,1.0,1.0,1.0,1.0,0.0,1.0,1.0,0.0,1.0,1.0,0.0,1.0,1.0,0.0,1.0,1.0,0.0,1.0,1.0,1.0,1.0,1.0,0.0,0.0,0.0,0.0,1.0,1.0,1.0,1.0,1.0,1.0,0.0,0.0,0.0,0.0,0.0,1.0000000129948268,1.0,1.0,0.0,0.0,0,0,0,0,C1,0.0,0.0,0.04999999999999993,1.0,1.0,1.0,0.0,0.0,0.04999999999999993
bitflip,dephasing,0.1,2,10,qiskit_aer,1,1,1.0,1.0,0.0,0.0,1.0,1.0,0.0,0.0,1.1102230246251565e-16,0.0,1.1102230246251565e-16,1.1102230246251565e-16,1.1102230246251565e-16,1.0,0.0,0.0,1.0,0.0,1.0,0.09499999999999997,0.0,0.09499999999999997,0.09499999999999997,0.09499999999999997,1.0,1.0,1.0,0.0,0.0,0.0,0.09499999999999997,0.0,0.09499999999999997,0.09499999999999997,0.09499999999999997,1.0,1.0,1.0,0.0,0.0,0.0,0.09499999999999997,0.0,0.09499999999999997,0.09499999999999997,0.09499999999999997,1.0,1.0,1.0,0.0,0.0,0.0,0.09499999999999997,0.0,0.09499999999999997,0.09499999999999997,0.09499999999999997,1.0,1.0,1.0,0.0,0.0,0.0,0.09499999999999997,0.0,0.09499999999999997,0.09499999999999997,0.09499999999999997,1.0,1.0,1.0,0.0,0.0,0.0,1.0,1.0,1.0,1.0,1.0,1.0,0.0,1.0,1.0,0.0,1.0,1.0,0.0,1.0,1.0,0.0,1.0,1.0,0.0,1.0,1.0,1.0,1.0,1.0,0.0,0.0,0.0,0.0,1.0,1.0,1.0,1.0,1.0,1.0,0.0,0.0,0.0,0.0,0.0,1.0000000129948268,1.0,1.0,0.0,0.0,0,0,0,0,C1,0.0,0.0,0.09499999999999997,1.0,1.0,1.0,0.0,0.0,0.09499999999999997
bitflip,dephasing,0.1,3,10,qiskit_aer,1,1,1.0,1.0,0.0,0.0,1.0,1.0,0.0,0.0,-2.220446049250313e-16,0.0,-2.220446049250313e-16,-2.220446049250313e-16,-2.220446049250313e-16,1.0,0.0,0.0,1.0,0.0,1.0,0.13549999999999995,0.0,0.13549999999999995,0.13549999999999995,0.13549999999999995,1.0,1.0,1.0,0.0,0.0,0.0,0.13549999999999995,0.0,0.13549999999999995,0.13549999999999995,0.13549999999999995,1.0,1.0,1.0,0.0,0.0,0.0,0.13549999999999995,0.0,0.13549999999999995,0.13549999999999995,0.13549999999999995,1.0,1.0,1.0,0.0,0.0,0.0,0.13549999999999995,0.0,0.13549999999999995,0.13549999999999995,0.13549999999999995,1.0,1.0,1.0,0.0,0.0,0.0,0.13549999999999995,0.0,0.13549999999999995,0.13549999999999995,0.13549999999999995,1.0,1.0,1.0,0.0,0.0,0.0,1.0,1.0,1.0,1.0,1.0,1.0,0.0,1.0,1.0,0.0,1.0,1.0,0.0,1.0,1.0,0.0,1.0,1.0,0.0,1.0,1.0,1.0,1.0,1.0,0.0,0.0,0.0,0.0,1.0,1.0,1.0,1.0,1.0,1.0,0.0,0.0,0.0,0.0,0.0,1.0000000129948268,1.0,1.0,0.0,0.0,0,0,0,0,C1,0.0,0.0,0.13549999999999995,1.0,1.0,1.0,0.0,0.0,0.13549999999999995
bitflip,dephasing,0.1,4,10,qiskit_aer,1,1,1.0,1.0,0.0,0.0,1.0,1.0,0.0,0.0,0.0,0.0,0.0,0.0,0.0,1.0,0.0,0.0,1.0,0.0,1.0,0.17195000000000005,0.0,0.17195000000000005,0.17195000000000005,0.17195000000000005,1.0,1.0,1.0,0.0,0.0,0.0,0.17195000000000005,0.0,0.17195000000000005,0.17195000000000005,0.17195000000000005,1.0,1.0,1.0,0.0,0.0,0.0,0.17195000000000005,0.0,0.17195000000000005,0.17195000000000005,0.17195000000000005,1.0,1.0,1.0,0.0,0.0,0.0,0.17195000000000005,0.0,0.17195000000000005,0.17195000000000005,0.17195000000000005,1.0,1.0,1.0,0.0,0.0,0.0,0.17195000000000005,0.0,0.17195000000000005,0.17195000000000005,0.17195000000000005,1.0,1.0,1.0,0.0,0.0,0.0,1.0,1.0,1.0,1.0,1.0,1.0,0.0,1.0,1.0,0.0,1.0,1.0,0.0,1.0,1.0,0.0,1.0,1.0,0.0,1.0,1.0,1.0,1.0,1.0,0.0,0.0,0.0,0.0,1.0,1.0,1.0,1.0,1.0,1.0,0.0,0.0,0.0,0.0,0.0,1.0000000129948268,1.0,1.0,0.0,0.0,0,0,0,0,C1,0.0,0.0,0.17195000000000005,1.0,1.0,1.0,0.0,0.0,0.17195000000000005
bitflip,dephasing,0.15,1,10,qiskit_aer,1,1,1.0,1.0,0.0,0.0,1.0,1.0,0.0,0.0,1.1102230246251565e-16,0.0,1.1102230246251565e-16,1.1102230246251565e-16,1.1102230246251565e-16,1.0,0.0,0.0,1.0,0.0,1.0,0.07499999999999962,0.0,0.07499999999999962,0.07499999999999962,0.07499999999999962,1.0,1.0,1.0,0.0,0.0,0.0,0.07499999999999962,0.0,0.07499999999999962,0.07499999999999962,0.07499999999999962,1.0,1.0,1.0,0.0,0.0,0.0,0.07499999999999962,0.0,0.07499999999999962,0.07499999999999962,0.07499999999999962,1.0,1.0,1.0,0.0,0.0,0.0,0.07499999999999962,0.0,0.07499999999999962,0.07499999999999962,0.07499999999999962,1.0,1.0,1.0,0.0,0.0,0.0,0.07499999999999962,0.0,0.07499999999999962,0.07499999999999962,0.07499999999999962,1.0,1.0,1.0,0.0,0.0,0.0,1.0,1.0,1.0,1.0,1.0,1.0,0.0,1.0,1.0,0.0,1.0,1.0,0.0,1.0,1.0,0.0,1.0,1.0,0.0,1.0,1.0,1.0,1.0,1.0,0.0,0.0,0.0,0.0,1.0,1.0,1.0,1.0,1.0,1.0,0.0,0.0,0.0,0.0,0.0,1.0000000129948268,1.0,1.0,0.0,0.0,0,0,0,0,C1,0.0,0.0,0.07499999999999962,1.0,1.0,1.0,0.0,0.0,0.07499999999999962
bitflip,dephasing,0.15,2,10,qiskit_aer,1,1,1.0,1.0,0.0,0.0,1.0,1.0,0.0,0.0,-2.220446049250313e-16,0.0,-2.220446049250313e-16,-2.220446049250313e-16,-2.220446049250313e-16,1.0,0.0,0.0,1.0,0.0,1.0,0.13874999999999993,0.0,0.13874999999999993,0.13874999999999993,0.13874999999999993,1.0,1.0,1.0,0.0,0.0,0.0,0.13874999999999993,0.0,0.13874999999999993,0.13874999999999993,0.13874999999999993,1.0,1.0,1.0,0.0,0.0,0.0,0.13874999999999993,0.0,0.13874999999999993,0.13874999999999993,0.13874999999999993,1.0,1.0,1.0,0.0,0.0,0.0,0.13874999999999993,0.0,0.13874999999999993,0.13874999999999993,0.13874999999999993,1.0,1.0,1.0,0.0,0.0,0.0,0.13874999999999993,0.0,0.13874999999999993,0.13874999999999993,0.13874999999999993,1.0,1.0,1.0,0.0,0.0,0.0,1.0,1.0,1.0,1.0,1.0,1.0,0.0,1.0,1.0,0.0,1.0,1.0,0.0,1.0,1.0,0.0,1.0,1.0,0.0,1.0,1.0,1.0,1.0,1.0,0.0,0.0,0.0,0.0,1.0,1.0,1.0,1.0,1.0,1.0,0.0,0.0,0.0,0.0,0.0,1.0000000129948268,1.0,1.0,0.0,0.0,0,0,0,0,C1,0.0,0.0,0.13874999999999993,1.0,1.0,1.0,0.0,0.0,0.13874999999999993
bitflip,dephasing,0.15,3,10,qiskit_aer,1,1,1.0,1.0,0.0,0.0,1.0,1.0,0.0,0.0,2.220446049250313e-16,0.0,2.220446049250313e-16,2.220446049250313e-16,2.220446049250313e-16,1.0,0.0,0.0,1.0,0.0,1.0,0.19293749999999976,0.0,0.19293749999999976,0.19293749999999976,0.19293749999999976,1.0,1.0,1.0,0.0,0.0,0.0,0.19293749999999976,0.0,0.19293749999999976,0.19293749999999976,0.19293749999999976,1.0,1.0,1.0,0.0,0.0,0.0,0.19293749999999976,0.0,0.19293749999999976,0.19293749999999976,0.19293749999999976,1.0,1.0,1.0,0.0,0.0,0.0,0.19293749999999976,0.0,0.19293749999999976,0.19293749999999976,0.19293749999999976,1.0,1.0,1.0,0.0,0.0,0.0,0.19293749999999976,0.0,0.19293749999999976,0.19293749999999976,0.19293749999999976,1.0,1.0,1.0,0.0,0.0,0.0,1.0,1.0,1.0,1.0,1.0,1.0,0.0,1.0,1.0,0.0,1.0,1.0,0.0,1.0,1.0,0.0,1.0,1.0,0.0,1.0,1.0,1.0,1.0,1.0,0.0,0.0,0.0,0.0,1.0,1.0,1.0,1.0,1.0,1.0,0.0,0.0,0.0,0.0,0.0,1.0000000129948268,1.0,1.0,0.0,0.0,0,0,0,0,C1,0.0,0.0,0.19293749999999976,1.0,1.0,1.0,0.0,0.0,0.19293749999999976
bitflip,dephasing,0.15,4,10,qiskit_aer,1,1,1.0,1.0,0.0,0.0,1.0,1.0,0.0,0.0,2.220446049250313e-16,0.0,2.220446049250313e-16,2.220446049250313e-16,2.220446049250313e-16,1.0,0.0,0.0,1.0,0.0,1.0,0.23899687499999978,0.0,0.23899687499999978,0.23899687499999978,0.23899687499999978,1.0,1.0,1.0,0.0,0.0,0.0,0.23899687499999978,0.0,0.23899687499999978,0.23899687499999978,0.23899687499999978,1.0,1.0,1.0,0.0,0.0,0.0,0.23899687499999978,0.0,0.23899687499999978,0.23899687499999978,0.23899687499999978,1.0,1.0,1.0,0.0,0.0,0.0,0.23899687499999978,0.0,0.23899687499999978,0.23899687499999978,0.23899687499999978,1.0,1.0,1.0,0.0,0.0,0.0,0.23899687499999978,0.0,0.23899687499999978,0.23899687499999978,0.23899687499999978,1.0,1.0,1.0,0.0,0.0,0.0,1.0,1.0,1.0,1.0,1.0,1.0,0.0,1.0,1.0,0.0,1.0,1.0,0.0,1.0,1.0,0.0,1.0,1.0,0.0,1.0,1.0,1.0,1.0,1.0,0.0,0.0,0.0,0.0,1.0,1.0,1.0,1.0,1.0,1.0,0.0,0.0,0.0,0.0,0.0,1.0000000129948268,1.0,1.0,0.0,0.0,0,0,0,0,C1,0.0,0.0,0.23899687499999978,1.0,1.0,1.0,0.0,0.0,0.23899687499999978
bitflip,dephasing,0.2,1,10,qiskit_aer,1,1,1.0,1.0,0.0,0.0,1.0,1.0,0.0,0.0,-1.1102230246251565e-16,0.0,-1.1102230246251565e-16,-1.1102230246251565e-16,-1.1102230246251565e-16,1.0,0.0,0.0,1.0,0.0,1.0,0.09999999999999987,0.0,0.09999999999999987,0.09999999999999987,0.09999999999999987,1.0,1.0,1.0,0.0,0.0,0.0,0.09999999999999987,0.0,0.09999999999999987,0.09999999999999987,0.09999999999999987,1.0,1.0,1.0,0.0,0.0,0.0,0.09999999999999987,0.0,0.09999999999999987,0.09999999999999987,0.09999999999999987,1.0,1.0,1.0,0.0,0.0,0.0,0.09999999999999987,0.0,0.09999999999999987,0.09999999999999987,0.09999999999999987,1.0,1.0,1.0,0.0,0.0,0.0,0.09999999999999987,0.0,0.09999999999999987,0.09999999999999987,0.09999999999999987,1.0,1.0,1.0,0.0,0.0,0.0,1.0,1.0,1.0,1.0,1.0,1.0,0.0,1.0,1.0,0.0,1.0,1.0,0.0,1.0,1.0,0.0,1.0,1.0,0.0,1.0,1.0,1.0,1.0,1.0,0.0,0.0,0.0,0.0,1.0,1.0,1.0,1.0,1.0,1.0,0.0,0.0,0.0,0.0,0.0,1.0000000129948268,1.0,1.0,0.0,0.0,0,0,0,0,C1,0.0,0.0,0.09999999999999987,1.0,1.0,1.0,0.0,0.0,0.09999999999999987
bitflip,dephasing,0.2,2,10,qiskit_aer,1,1,1.0,1.0,0.0,0.0,1.0,1.0,0.0,0.0,2.220446049250313e-16,0.0,2.220446049250313e-16,2.220446049250313e-16,2.220446049250313e-16,1.0,0.0,0.0,1.0,0.0,1.0,0.17999999999999994,0.0,0.17999999999999994,0.17999999999999994,0.17999999999999994,1.0,1.0,1.0,0.0,0.0,0.0,0.17999999999999994,0.0,0.17999999999999994,0.17999999999999994,0.17999999999999994,1.0,1.0,1.0,0.0,0.0,0.0,0.17999999999999994,0.0,0.17999999999999994,0.17999999999999994,0.17999999999999994,1.0,1.0,1.0,0.0,0.0,0.0,0.17999999999999994,0.0,0.17999999999999994,0.17999999999999994,0.17999999999999994,1.0,1.0,1.0,0.0,0.0,0.0,0.17999999999999994,0.0,0.17999999999999994,0.17999999999999994,0.17999999999999994,1.0,1.0,1.0,0.0,0.0,0.0,1.0,1.0,1.0,1.0,1.0,1.0,0.0,1.0,1.0,0.0,1.0,1.0,0.0,1.0,1.0,0.0,1.0,1.0,0.0,1.0,1.0,1.0,1.0,1.0,0.0,0.0,0.0,0.0,1.0,1.0,1.0,1.0,1.0,1.0,0.0,0.0,0.0,0.0,0.0,1.0000000129948268,1.0,1.0,0.0,0.0,0,0,0,0,C1,0.0,0.0,0.17999999999999994,1.0,1.0,1.0,0.0,0.0,0.17999999999999994
bitflip,dephasing,0.2,3,10,qiskit_aer,1,1,1.0,1.0,0.0,0.0,1.0,1.0,0.0,0.0,2.220446049250313e-16,0.0,2.220446049250313e-16,2.220446049250313e-16,2.220446049250313e-16,1.0,0.0,0.0,1.0,0.0,1.0,0.24399999999999977,0.0,0.24399999999999977,0.24399999999999977,0.24399999999999977,1.0,1.0,1.0,0.0,0.0,0.0,0.24399999999999977,0.0,0.24399999999999977,0.24399999999999977,0.24399999999999977,1.0,1.0,1.0,0.0,0.0,0.0,0.24399999999999977,0.0,0.24399999999999977,0.24399999999999977,0.24399999999999977,1.0,1.0,1.0,0.0,0.0,0.0,0.24399999999999977,0.0,0.24399999999999977,0.24399999999999977,0.24399999999999977,1.0,1.0,1.0,0.0,0.0,0.0,0.24399999999999977,0.0,0.24399999999999977,0.24399999999999977,0.24399999999999977,1.0,1.0,1.0,0.0,0.0,0.0,1.0,1.0,1.0,1.0,1.0,1.0,0.0,1.0,1.0,0.0,1.0,1.0,0.0,1.0,1.0,0.0,1.0,1.0,0.0,1.0,1.0,1.0,1.0,1.0,0.0,0.0,0.0,0.0,1.0,1.0,1.0,1.0,1.0,1.0,0.0,0.0,0.0,0.0,0.0,1.0000000129948268,1.0,1.0,0.0,0.0,0,0,0,0,C1,0.0,0.0,0.24399999999999977,1.0,1.0,1.0,0.0,0.0,0.24399999999999977
bitflip,dephasing,0.2,4,10,qiskit_aer,1,1,1.0,1.0,0.0,0.0,1.0,1.0,0.0,0.0,0.0,0.0,0.0,0.0,0.0,1.0,0.0,0.0,1.0,0.0,1.0,0.2951999999999999,0.0,0.2951999999999999,0.2951999999999999,0.2951999999999999,1.0,1.0,1.0,0.0,0.0,0.0,0.2951999999999999,0.0,0.2951999999999999,0.2951999999999999,0.2951999999999999,1.0,1.0,1.0,0.0,0.0,0.0,0.2951999999999999,0.0,0.2951999999999999,0.2951999999999999,0.2951999999999999,1.0,1.0,1.0,0.0,0.0,0.0,0.2951999999999999,0.0,0.2951999999999999,0.2951999999999999,0.2951999999999999,1.0,1.0,1.0,0.0,0.0,0.0,0.2951999999999999,0.0,0.2951999999999999,0.2951999999999999,0.2951999999999999,1.0,1.0,1.0,0.0,0.0,0.0,1.0,1.0,1.0,1.0,1.0,1.0,0.0,1.0,1.0,0.0,1.0,1.0,0.0,1.0,1.0,0.0,1.0,1.0,0.0,1.0,1.0,1.0,1.0,1.0,0.0,0.0,0.0,0.0,1.0,1.0,1.0,1.0,1.0,1.0,0.0,0.0,0.0,0.0,0.0,1.0000000129948268,1.0,1.0,0.0,0.0,0,0,0,0,C1,0.0,0.0,0.2951999999999999,1.0,1.0,1.0,0.0,0.0,0.2951999999999999
bitflip,depolarizing,0.01,1,10,qiskit_aer,1,1,0.9933333333333335,0.9933333333333335,0.0,0.0,1.0,1.0,0.0,0.0,0.0034432676174493857,0.000541688547848816,0.003545657391871404,0.002952874487322593,0.0037207977954882288,1.0,0.0,1.0,1.0,0.0,0.0,0.009999999999999787,0.0,0.009999999999999787,0.009999999999999787,0.009999999999999787,1.0,1.0,1.0,0.0,0.0,0.0,0.009999999999999787,0.0,0.009999999999999787,0.009999999999999787,0.009999999999999787,1.0,1.0,1.0,0.0,0.0,0.0,0.009999999999999787,0.0,0.009999999999999787,0.009999999999999787,0.009999999999999787,1.0,1.0,1.0,0.0,0.0,0.0,0.009999999999999787,0.0,0.009999999999999787,0.009999999999999787,0.009999999999999787,1.0,1.0,1.0,0.0,0.0,0.0,0.009999999999999787,0.0,0.009999999999999787,0.009999999999999787,0.009999999999999787,1.0,1.0,1.0,0.0,0.0,0.0,1.0,1.0,1.0,1.0,1.0,1.0,0.0,1.0,1.0,0.0,1.0,1.0,0.0,1.0,1.0,0.0,1.0,1.0,0.0,1.0,1.0,1.0,1.0,1.0,0.0,0.0,0.0,0.0,1.0,1.0,1.0,1.0,1.0,1.0,0.0,0.0,0.0,0.0,0.0,1.0066666650845044,1.4072128126989405e-19,1.4072128126989405e-19,0.0,0.0,0,0,0,0,C1,0.0,0.0,0.009999999999999787,1.0,1.0,1.0,0.0,0.0,0.009999999999999787
bitflip,depolarizing,0.01,2,10,qiskit_aer,1,1,0.9867377777777778,0.9867377777777778,0.0,0.0,1.0,1.0,0.0,0.0,0.00691076882572379,0.0005691065921376708,0.006781365799410466,0.006743565131911655,0.007405629485534082,1.0,0.0,0.0,1.0,0.0,1.0,0.01987555555555538,1.0886621079053278e-05,0.019866666666666477,0.019866666666666477,0.019888888888888734,1.0,1.0,1.0,0.0,0.0,0.0,0.01987555555555538,1.0886621079053278e-05,0.019866666666666477,0.019866666666666477,0.019888888888888734,1.0,1.0,1.0,0.0,0.0,0.0,0.01987555555555538,1.0886621079053278e-05,0.019866666666666477,0.019866666666666477,0.019888888888888734,1.0,1.0,1.0,0.0,0.0,0.0,0.01987555555555538,1.0886621079053278e-05,0.019866666666666477,0.019866666666666477,0.019888888888888734,1.0,1.0,1.0,0.0,0.0,0.0,0.01987555555555538,1.0886621079053278e-05,0.019866666666666477,0.019866666666666477,0.019888888888888734,1.0,1.0,1.0,0.0,0.0,0.0,1.0,1.0,1.0,1.0,1.0,1.0,0.0,1.0,1.0,0.0,1.0,1.0,0.0,1.0,1.0,0.0,1.0,1.0,0.0,1.0,1.0,1.0,1.0,1.0,0.0,0.0,0.0,0.0,1.0,1.0,1.0,1.0,1.0,1.0,0.0,0.0,0.0,0.0,0.0,1.0132622222417875,0.35000000000000003,0.35000000000000003,0.0,0.0,0,0,0,0,C1,0.0,0.0,0.01987555555555538,1.0,1.0,1.0,0.0,0.0,0.01987555555555538
bitflip,depolarizing,0.01,3,10,qiskit_aer,1,1,0.9801905185185186,0.9801905185185186,0.0,0.0,1.0,1.0,0.0,0.0,0.009908160907924079,0.0003096248391833649,0.00981502063684414,0.009647879927178082,0.010086832617789504,1.0,0.3,0.0,0.7,0.0,1.0,0.029639259259258876,2.6162895851522557e-05,0.02964592592592552,0.02961281481481451,0.029662370370369923,1.0,1.0,1.0,0.0,0.0,0.0,0.023745812015051927,0.008999224219932765,0.029601777777777505,0.015180392490958455,0.029662370370369923,1.0,1.0,0.7,0.0,0.0,0.3,0.023745812015051927,0.008999224219932765,0.029601777777777505,0.015180392490958455,0.029662370370369923,1.0,1.0,0.7,0.0,0.0,0.3,0.023745812015051927,0.008999224219932765,0.029601777777777505,0.015180392490958455,0.029662370370369923,1.0,1.0,0.7,0.0,0.0,0.3,0.023745812015051927,0.008999224219932765,0.029601777777777505,0.015180392490958455,0.029662370370369923,1.0,1.0,0.7,0.0,0.0,0.3,1.0,0.7,0.7,0.7,0.7,0.7,0.0,0.7,0.7,0.0,0.7,0.7,0.0,0.7,0.7,0.0,0.7,0.7,0.0,0.7,0.7,0.7,0.7,0.7,0.0,0.0,0.0,0.0,0.7,0.7,1.0,1.0,1.0,0.7,0.0,0.0,0.0,0.0,0.0,0.4198094816119368,0.47500000000000003,0.47500000000000003,0.0,0.0,0,0,0,0,C1,0.0,0.0,0.023745812015051927,0.7,1.0,0.7,0.0,0.0,0.023745812015051927
bitflip,depolarizing,0.01,4,10,qiskit_aer,1,1,0.9737087462716049,0.9737087462716049,0.0,0.0,1.0,1.0,0.0,0.0,0.013092829907347881,0.0005812457444896595,0.013118192259336026,0.012700536044882776,0.013610471532535945,1.0,0.0,0.0,1.0,0.0,1.0,0.039283685135802035,4.1776203919413535e-05,0.03930561185185144,0.03927286913580197,0.03931642864197493,1.0,1.0,1.0,0.0,0.0,0.0,0.039283685135802035,4.1776203919413535e-05,0.03930561185185144,0.03927286913580197,0.03931642864197493,1.0,1.0,1.0,0.0,0.0,0.0,0.039283685135802035,4.1776203919413535e-05,0.03930561185185144,0.03927286913580197,0.03931642864197493,1.0,1.0,1.0,0.0,0.0,0.0,0.039283685135802035,4.1776203919413535e-05,0.03930561185185144,0.03927286913580197,0.03931642864197493,1.0,1.0,1.0,0.0,0.0,0.0,0.039283685135802035,4.1776203919413535e-05,0.03930561185185144,0.03927286913580197,0.03931642864197493,1.0,1.0,1.0,0.0,0.0,0.0,1.0,1.0,1.0,1.0,1.0,1.0,0.0,1.0,1.0,0.0,1.0,1.0,0.0,1.0,1.0,0.0,1.0,1.0,0.0,1.0,1.0,1.0,1.0,1.0,0.0,0.0,0.0,0.0,1.0,1.0,1.0,1.0,1.0,1.0,0.0,0.0,0.0,0.0,0.0,1.026291253717531,0.2,0.2,0.0,0.0,0,0,0,0,C1,0.0,0.0,0.039283685135802035,1.0,1.0,1.0,0.0,0.0,0.039283685135802035
bitflip,depolarizing,0.03,1,10,qiskit_aer,1,1,0.98,0.98,0.0,0.0,1.0,1.0,0.0,0.0,0.010128613945577892,0.0005972514010838351,0.010203018707482636,0.009777848639455411,0.010601615646258056,1.0,0.0,0.0,1.0,0.0,1.0,0.029999999999999694,0.0,0.029999999999999694,0.029999999999999694,0.029999999999999694,1.0,1.0,1.0,0.0,0.0,0.0,0.029999999999999694,0.0,0.029999999999999694,0.029999999999999694,0.029999999999999694,1.0,1.0,1.0,0.0,0.0,0.0,0.029999999999999694,0.0,0.029999999999999694,0.029999999999999694,0.029999999999999694,1.0,1.0,1.0,0.0,0.0,0.0,0.029999999999999694,0.0,0.029999999999999694,0.029999999999999694,0.029999999999999694,1.0,1.0,1.0,0.0,0.0,0.0,0.029999999999999694,0.0,0.029999999999999694,0.029999999999999694,0.029999999999999694,1.0,1.0,1.0,0.0,0.0,0.0,1.0,1.0,1.0,1.0,1.0,1.0,0.0,1.0,1.0,0.0,1.0,1.0,0.0,1.0,1.0,0.0,1.0,1.0,0.0,1.0,1.0,1.0,1.0,1.0,0.0,0.0,0.0,0.0,1.0,1.0,1.0,1.0,1.0,1.0,0.0,0.0,0.0,0.0,0.0,1.0199999998729572,1.4072128126989405e-19,1.4072128126989405e-19,0.0,0.0,0,0,0,0,C1,0.0,0.0,0.029999999999999694,1.0,1.0,1.0,0.0,0.0,0.029999999999999694
bitflip,depolarizing,0.03,2,10,qiskit_aer,1,1,0.9606400000000002,0.9606400000000002,0.0,0.0,1.0,1.0,0.0,0.0,0.01962497217194743,0.0008191273129698117,0.019341389082609017,0.019022861155201215,0.020316444629474878,1.0,0.0,0.0,1.0,0.0,1.0,0.05887999999999986,9.797958971147951e-05,0.05879999999999974,0.05879999999999974,0.05900000000000005,1.0,1.0,1.0,0.0,0.0,0.0,0.05887999999999986,9.797958971147951e-05,0.05879999999999974,0.05879999999999974,0.05900000000000005,1.0,1.0,1.0,0.0,0.0,0.0,0.05887999999999986,9.797958971147951e-05,0.05879999999999974,0.05879999999999974,0.05900000000000005,1.0,1.0,1.0,0.0,0.0,0.0,0.05887999999999986,9.797958971147951e-05,0.05879999999999974,0.05879999999999974,0.05900000000000005,1.0,1.0,1.0,0.0,0.0,0.0,0.05887999999999986,9.797958971147951e-05,0.05879999999999974,0.05879999999999974,0.05900000000000005,1.0,1.0,1.0,0.0,0.0,0.0,1.0,1.0,1.0,1.0,1.0,1.0,0.0,1.0,1.0,0.0,1.0,1.0,0.0,1.0,1.0,0.0,1.0,1.0,0.0,1.0,1.0,1.0,1.0,1.0,0.0,0.0,0.0,0.0,1.0,1.0,1.0,1.0,1.0,1.0,0.0,0.0,0.0,0.0,0.0,1.0393600000019387,0.35000000000000003,0.35000000000000003,0.0,0.0,0,0,0,0,C1,0.0,0.0,0.05887999999999986,1.0,1.0,1.0,0.0,0.0,0.05887999999999986
bitflip,depolarizing,0.03,3,10,qiskit_aer,1,1,0.9417040000000001,0.9417040000000001,0.0,0.0,1.0,1.0,0.0,0.0,0.029476974077534558,0.0005400733654728043,0.029643928055471336,0.029353891484987044,0.029685248007612935,1.0,0.0,0.0,1.0,0.0,1.0,0.08677999999999989,0.00023142687830066876,0.0868399999999997,0.0865459999999999,0.08698399999999995,1.0,1.0,1.0,0.0,0.0,0.0,0.08677999999999989,0.00023142687830066876,0.0868399999999997,0.0865459999999999,0.08698399999999995,1.0,1.0,1.0,0.0,0.0,0.0,0.08677999999999989,0.00023142687830066876,0.0868399999999997,0.0865459999999999,0.08698399999999995,1.0,1.0,1.0,0.0,0.0,0.0,0.08677999999999989,0.00023142687830066876,0.0868399999999997,0.0865459999999999,0.08698399999999995,1.0,1.0,1.0,0.0,0.0,0.0,0.08677999999999989,0.00023142687830066876,0.0868399999999997,0.0865459999999999,0.08698399999999995,1.0,1.0,1.0,0.0,0.0,0.0,1.0,1.0,1.0,1.0,1.0,1.0,0.0,1.0,1.0,0.0,1.0,1.0,0.0,1.0,1.0,0.0,1.0,1.0,0.0,1.0,1.0,1.0,1.0,1.0,0.0,0.0,0.0,0.0,1.0,1.0,1.0,1.0,1.0,1.0,0.0,0.0,0.0,0.0,0.0,1.0582960000022592,0.42500000000000004,0.42500000000000004,0.0,0.0,0,0,0,0,C1,0.0,0.0,0.08677999999999989,1.0,1.0,1.0,0.0,0.0,0.08677999999999989
bitflip,depolarizing,0.03,4,10,qiskit_aer,1,1,0.9233364479999999,0.9233364479999999,0.0,0.0,1.0,1.0,0.0,0.0,0.03840822323899142,0.0008463873000217814,0.03846780857911697,0.037644679108043394,0.03919674969719292,1.0,0.2,0.0,0.8,0.0,1.0,0.1136584959999998,0.0003639258804536531,0.11385055999999977,0.11356639999999985,0.11394271999999972,1.0,1.0,1.0,0.0,0.0,0.0,0.09854542168255022,0.03056070420316438,0.11385055999999977,0.11356639999999985,0.11394271999999972,1.0,1.0,0.8,0.0,0.0,0.2,0.09854542168255022,0.03056070420316438,0.11385055999999977,0.11356639999999985,0.11394271999999972,1.0,1.0,0.8,0.0,0.0,0.2,0.09854542168255022,0.03056070420316438,0.11385055999999977,0.11356639999999985,0.11394271999999972,1.0,1.0,0.8,0.0,0.0,0.2,0.09854542168255022,0.03056070420316438,0.11385055999999977,0.11356639999999985,0.11394271999999972,1.0,1.0,0.8,0.0,0.0,0.2,1.0,0.8,0.8,0.8,0.8,0.8,0.0,0.8,0.8,0.0,0.8,0.8,0.0,0.8,0.8,0.0,0.8,0.8,0.0,0.8,0.8,0.8,0.8,0.8,0.0,0.0,0.0,0.0,0.8,0.8,1.0,1.0,1.0,0.8,0.0,0.0,0.0,0.0,0.0,0.6766635519986058,1.1726773439157836e-19,1.1726773439157836e-19,0.0,0.0,0,0,0,0,C1,0.0,0.0,0.09854542168255022,0.8,1.0,0.8,0.0,0.0,0.09854542168255022
bitflip,depolarizing,0.05,1,10,qiskit_aer,1,1,0.9666666666666667,0.9666666666666667,0.0,0.0,1.0,1.0,0.0,0.0,0.016918103448275677,0.0007975937749923461,0.016808099856321645,0.016624760536398275,0.017554552801723994,1.0,0.0,0.0,1.0,0.0,1.0,0.050000000000000044,0.0,0.050000000000000044,0.050000000000000044,0.050000000000000044,1.0,1.0,1.0,0.0,0.0,0.0,0.050000000000000044,0.0,0.050000000000000044,0.050000000000000044,0.050000000000000044,1.0,1.0,1.0,0.0,0.0,0.0,0.050000000000000044,0.0,0.050000000000000044,0.050000000000000044,0.050000000000000044,1.0,1.0,1.0,0.0,0.0,0.0,0.050000000000000044,0.0,0.050000000000000044,0.050000000000000044,0.050000000000000044,1.0,1.0,1.0,0.0,0.0,0.0,0.050000000000000044,0.0,0.050000000000000044,0.050000000000000044,0.050000000000000044,1.0,1.0,1.0,0.0,0.0,0.0,1.0,1.0,1.0,1.0,1.0,1.0,0.0,1.0,1.0,0.0,1.0,1.0,0.0,1.0,1.0,0.0,1.0,1.0,0.0,1.0,1.0,1.0,1.0,1.0,0.0,0.0,0.0,0.0,1.0,1.0,1.0,1.0,1.0,1.0,0.0,0.0,0.0,0.0,0.0,1.0333333333303139,0.10000000000000002,0.10000000000000002,0.0,0.0,0,0,0,0,C1,0.0,0.0,0.050000000000000044,1.0,1.0,1.0,0.0,0.0,0.050000000000000044
bitflip,depolarizing,0.05,2,10,qiskit_aer,1,1,0.9351111111111111,0.9351111111111111,0.0,0.0,1.0,1.0,0.0,0.0,0.03218731108579363,0.0011625771309675386,0.03222382542112945,0.03171301794668793,0.03241919135618959,1.0,0.0,0.0,1.0,0.0,1.0,0.09688888888888902,0.000272165526975924,0.09666666666666679,0.09666666666666679,0.09722222222222238,1.0,1.0,1.0,0.0,0.0,0.0,0.09688888888888902,0.000272165526975924,0.09666666666666679,0.09666666666666679,0.09722222222222238,1.0,1.0,1.0,0.0,0.0,0.0,0.09688888888888902,0.000272165526975924,0.09666666666666679,0.09666666666666679,0.09722222222222238,1.0,1.0,1.0,0.0,0.0,0.0,0.09688888888888902,0.000272165526975924,0.09666666666666679,0.09666666666666679,0.09722222222222238,1.0,1.0,1.0,0.0,0.0,0.0,0.09688888888888902,0.000272165526975924,0.09666666666666679,0.09666666666666679,0.09722222222222238,1.0,1.0,1.0,0.0,0.0,0.0,1.0,1.0,1.0,1.0,1.0,1.0,0.0,1.0,1.0,0.0,1.0,1.0,0.0,1.0,1.0,0.0,1.0,1.0,0.0,1.0,1.0,1.0,1.0,1.0,0.0,0.0,0.0,0.0,1.0,1.0,1.0,1.0,1.0,1.0,0.0,0.0,0.0,0.0,0.0,1.064888888885682,1.2664915314290463e-19,1.2664915314290463e-19,0.0,0.0,0,0,0,0,C1,0.0,0.0,0.09688888888888902,1.0,1.0,1.0,0.0,0.0,0.09688888888888902
bitflip,depolarizing,0.05,3,10,qiskit_aer,1,1,0.9047037037037037,0.9047037037037037,0.0,0.0,1.0,1.0,0.0,0.0,0.047854435216588956,0.0010696209402488706,0.04773629894805914,0.04696676626011004,0.04867191031282311,1.0,0.0,0.0,1.0,0.0,1.0,0.14112962962962963,0.000631641665357525,0.14129629629629625,0.14049074074074075,0.1416851851851852,1.0,1.0,1.0,0.0,0.0,0.0,0.14112962962962963,0.000631641665357525,0.14129629629629625,0.14049074074074075,0.1416851851851852,1.0,1.0,1.0,0.0,0.0,0.0,0.14112962962962963,0.000631641665357525,0.14129629629629625,0.14049074074074075,0.1416851851851852,1.0,1.0,1.0,0.0,0.0,0.0,0.14112962962962963,0.000631641665357525,0.14129629629629625,0.14049074074074075,0.1416851851851852,1.0,1.0,1.0,0.0,0.0,0.0,0.14112962962962963,0.000631641665357525,0.14129629629629625,0.14049074074074075,0.1416851851851852,1.0,1.0,1.0,0.0,0.0,0.0,1.0,1.0,1.0,1.0,1.0,1.0,0.0,1.0,1.0,0.0,1.0,1.0,0.0,1.0,1.0,0.0,1.0,1.0,0.0,1.0,1.0,1.0,1.0,1.0,0.0,0.0,0.0,0.0,1.0,1.0,1.0,1.0,1.0,1.0,0.0,0.0,0.0,0.0,0.0,1.0952962962959216,0.2,0.2,0.0,0.0,0,0,0,0,C1,0.0,0.0,0.14112962962962963,1.0,1.0,1.0,0.0,0.0,0.14112962962962963
bitflip,depolarizing,0.05,4,10,qiskit_aer,1,1,0.8758182716049383,0.8758182716049383,0.0,0.0,0.0,0.0,0.0,0.0,0.062060259732527656,0.0020233675291181576,0.062481032987562024,0.060306328114416274,0.06371052861900536,1.0,0.0,0.0,0.0,0.0,0.0,0.18267358024691357,0.0009780251588792923,0.18319259259259257,0.18243209876543198,0.1834345679012347,1.0,1.0,1.0,0.0,0.0,0.0,0.18267358024691357,0.0009780251588792923,0.18319259259259257,0.18243209876543198,0.1834345679012347,1.0,1.0,1.0,0.0,0.0,0.0,0.18267358024691357,0.0009780251588792923,0.18319259259259257,0.18243209876543198,0.1834345679012347,1.0,1.0,1.0,0.0,0.0,0.0,0.18267358024691357,0.0009780251588792923,0.18319259259259257,0.18243209876543198,0.1834345679012347,1.0,1.0,1.0,0.0,0.0,0.0,0.18267358024691357,0.0009780251588792923,0.18319259259259257,0.18243209876543198,0.1834345679012347,1.0,1.0,1.0,0.0,0.0,0.0,1.0,1.0,1.0,1.0,1.0,1.0,0.0,1.0,1.0,0.0,1.0,1.0,0.0,1.0,1.0,0.0,1.0,1.0,0.0,1.0,1.0,1.0,1.0,1.0,0.0,0.0,0.0,0.0,1.0,1.0,1.0,1.0,1.0,1.0,0.0,0.0,0.0,0.0,0.0,1.1241817283944266,1.4428211174484998e-19,1.4428211174484998e-19,0.0,0.0,0,0,0,0,C1,0.0,0.0,0.18267358024691357,1.0,1.0,1.0,0.0,0.0,0.18267358024691357
bitflip,depolarizing,0.1,1,10,qiskit_aer,1,1,0.9333333333333333,0.9333333333333333,0.0,0.0,1.0,1.0,0.0,0.0,0.03326784164186562,0.0013562974435367108,0.03385726686507984,0.0324214874751991,0.03403359064980219,1.0,0.0,0.0,1.0,0.0,1.0,0.09999999999999998,0.0,0.09999999999999998,0.09999999999999998,0.09999999999999998,1.0,1.0,1.0,0.0,0.0,0.0,0.09999999999999998,0.0,0.09999999999999998,0.09999999999999998,0.09999999999999998,1.0,1.0,1.0,0.0,0.0,0.0,0.09999999999999998,0.0,0.09999999999999998,0.09999999999999998,0.09999999999999998,1.0,1.0,1.0,0.0,0.0,0.0,0.09999999999999998,0.0,0.09999999999999998,0.09999999999999998,0.09999999999999998,1.0,1.0,1.0,0.0,0.0,0.0,0.09999999999999998,0.0,0.09999999999999998,0.09999999999999998,0.09999999999999998,1.0,1.0,1.0,0.0,0.0,0.0,1.0,1.0,1.0,1.0,1.0,1.0,0.0,1.0,1.0,0.0,1.0,1.0,0.0,1.0,1.0,0.0,1.0,1.0,0.0,1.0,1.0,1.0,1.0,1.0,0.0,0.0,0.0,0.0,1.0,1.0,1.0,1.0,1.0,1.0,0.0,0.0,0.0,0.0,0.0,1.066666666671272,0.55,0.55,0.0,0.0,0,0,0,0,C1,0.0,0.0,0.09999999999999998,1.0,1.0,1.0,0.0,0.0,0.09999999999999998
bitflip,depolarizing,0.1,2,10,qiskit_aer,1,1,0.8737777777777779,0.8737777777777779,0.0,0.0,0.0,0.0,0.0,0.0,0.06333750149839175,0.0017289279528274058,0.06361290670826275,0.06194280145450354,0.0639346227309199,1.0,0.1,0.0,0.0,0.0,0.0,0.18755555555555542,0.0010886621079036418,0.18666666666666654,0.18666666666666654,0.18888888888888877,1.0,1.0,1.0,0.0,0.0,0.0,0.1753957192903202,0.03604876581965782,0.18666666666666654,0.18666666666666654,0.1883333333333332,1.0,1.0,0.9,0.0,0.0,0.0,0.1753957192903202,0.03604876581965782,0.18666666666666654,0.18666666666666654,0.1883333333333332,1.0,1.0,0.9,0.0,0.0,0.0,0.1753957192903202,0.03604876581965782,0.18666666666666654,0.18666666666666654,0.1883333333333332,1.0,1.0,0.9,0.0,0.0,0.0,0.1753957192903202,0.03604876581965782,0.18666666666666654,0.18666666666666654,0.1883333333333332,1.0,1.0,0.9,0.0,0.0,0.0,1.0,0.9,0.9,0.9,0.9,0.9,0.0,0.9,0.9,0.0,0.9,0.9,0.0,0.9,0.9,0.0,0.9,0.9,0.0,0.9,0.9,0.9,0.9,0.9,0.0,0.0,0.0,0.0,0.9,0.9,1.0,1.0,1.0,0.9,0.0,0.0,0.0,0.0,0.0,0.9262222222226235,0.3,0.3,0.0,0.0,0,0,0,0,C1,0.0,0.0,0.1753957192903202,0.9,1.0,0.9,0.0,0.0,0.1753957192903202
bitflip,depolarizing,0.1,3,10,qiskit_aer,1,1,0.8185185185185185,0.8185185185185185,0.0,0.0,0.0,0.0,0.0,0.0,0.09164168329518349,0.0032601199622936078,0.09127003221268737,0.0894897106197175,0.09331207645047315,1.0,0.0,0.0,0.0,0.0,0.0,0.2652592592592592,0.0024146330311037374,0.2659259259259259,0.2628148148148147,0.2673703703703703,1.0,1.0,1.0,0.0,0.0,0.0,0.2652592592592592,0.0024146330311037374,0.2659259259259259,0.2628148148148147,0.2673703703703703,1.0,1.0,1.0,0.0,0.0,0.0,0.2652592592592592,0.0024146330311037374,0.2659259259259259,0.2628148148148147,0.2673703703703703,1.0,1.0,1.0,0.0,0.0,0.0,0.2652592592592592,0.0024146330311037374,0.2659259259259259,0.2628148148148147,0.2673703703703703,1.0,1.0,1.0,0.0,0.0,0.0,0.2652592592592592,0.0024146330311037374,0.2659259259259259,0.2628148148148147,0.2673703703703703,1.0,1.0,1.0,0.0,0.0,0.0,1.0,1.0,1.0,1.0,1.0,1.0,0.0,1.0,1.0,0.0,1.0,1.0,0.0,1.0,1.0,0.0,1.0,1.0,0.0,1.0,1.0,1.0,1.0,1.0,0.0,0.0,0.0,0.0,1.0,1.0,1.0,1.0,1.0,1.0,0.0,0.0,0.0,0.0,0.0,1.181481481481581,0.25,0.25,0.0,0.0,0,0,0,0,C1,0.0,0.0,0.2652592592592592,1.0,1.0,1.0,0.0,0.0,0.2652592592592592
bitflip,depolarizing,0.1,4,10,qiskit_aer,1,1,0.7687960493827161,0.7687960493827161,0.0,0.0,0.0,0.0,0.0,0.0,0.1160013170351304,0.004204833762759276,0.1168520584031153,0.11401340814471023,0.11927424370182399,1.0,0.0,0.0,0.0,0.0,0.0,0.3335180246913579,0.0035941527815808107,0.3354518518518517,0.3326913580246913,0.33628641975308626,1.0,1.0,1.0,0.0,0.0,0.0,0.3335180246913579,0.0035941527815808107,0.3354518518518517,0.3326913580246913,0.33628641975308626,1.0,1.0,1.0,0.0,0.0,0.0,0.3335180246913579,0.0035941527815808107,0.3354518518518517,0.3326913580246913,0.33628641975308626,1.0,1.0,1.0,0.0,0.0,0.0,0.3335180246913579,0.0035941527815808107,0.3354518518518517,0.3326913580246913,0.33628641975308626,1.0,1.0,1.0,0.0,0.0,0.0,0.3335180246913579,0.0035941527815808107,0.3354518518518517,0.3326913580246913,0.33628641975308626,1.0,1.0,1.0,0.0,0.0,0.0,1.0,1.0,1.0,1.0,1.0,1.0,0.0,1.0,1.0,0.0,1.0,1.0,0.0,1.0,1.0,0.0,1.0,1.0,0.0,1.0,1.0,1.0,1.0,1.0,0.0,0.0,0.0,0.0,1.0,1.0,1.0,1.0,1.0,1.0,0.0,0.0,0.0,0.0,0.0,1.2312039506172259,0.10000000000000002,0.10000000000000002,0.0,0.0,0,0,0,0,C1,0.0,0.0,0.3335180246913579,1.0,1.0,1.0,0.0,0.0,0.3335180246913579
bitflip,depolarizing,0.15,1,10,qiskit_aer,1,1,0.9,0.9,0.0,0.0,0.3,0.3,0.0,0.0,0.04999517746913561,0.0010616251577412166,0.04973958333333317,0.049197048611110905,0.05070408950617261,1.0,0.0,0.0,0.3,0.0,0.3,0.1499999999999999,0.0,0.1499999999999999,0.1499999999999999,0.1499999999999999,1.0,1.0,1.0,0.0,0.0,0.0,0.1499999999999999,0.0,0.1499999999999999,0.1499999999999999,0.1499999999999999,1.0,1.0,1.0,0.0,0.0,0.0,0.1499999999999999,0.0,0.1499999999999999,0.1499999999999999,0.1499999999999999,1.0,1.0,1.0,0.0,0.0,0.0,0.1499999999999999,0.0,0.1499999999999999,0.1499999999999999,0.1499999999999999,1.0,1.0,1.0,0.0,0.0,0.0,0.1499999999999999,0.0,0.1499999999999999,0.1499999999999999,0.1499999999999999,1.0,1.0,1.0,0.0,0.0,0.0,1.0,1.0,1.0,1.0,1.0,1.0,0.0,1.0,1.0,0.0,1.0,1.0,0.0,1.0,1.0,0.0,1.0,1.0,0.0,1.0,1.0,1.0,1.0,1.0,0.0,0.0,0.0,0.0,1.0,1.0,1.0,1.0,1.0,1.0,0.0,0.0,0.0,0.0,0.0,1.100000000001379,0.5,0.5,0.0,0.0,0,0,0,0,C1,0.0,0.0,0.1499999999999999,1.0,1.0,1.0,0.0,0.0,0.1499999999999999
bitflip,depolarizing,0.15,2,10,qiskit_aer,1,1,0.8160000000000001,0.8160000000000001,0.0,0.0,0.0,0.0,0.0,0.0,0.09130455184181481,0.0033967768402039995,0.09039718834688376,0.08814236111111126,0.09504458161865559,1.0,0.0,0.0,0.0,0.0,0.0,0.2719999999999999,0.0024494897427831666,0.2699999999999999,0.2699999999999999,0.2749999999999999,1.0,1.0,1.0,0.0,0.0,0.0,0.2719999999999999,0.0024494897427831666,0.2699999999999999,0.2699999999999999,0.2749999999999999,1.0,1.0,1.0,0.0,0.0,0.0,0.2719999999999999,0.0024494897427831666,0.2699999999999999,0.2699999999999999,0.2749999999999999,1.0,1.0,1.0,0.0,0.0,0.0,0.2719999999999999,0.0024494897427831666,0.2699999999999999,0.2699999999999999,0.2749999999999999,1.0,1.0,1.0,0.0,0.0,0.0,0.2719999999999999,0.0024494897427831666,0.2699999999999999,0.2699999999999999,0.2749999999999999,1.0,1.0,1.0,0.0,0.0,0.0,1.0,1.0,1.0,1.0,1.0,1.0,0.0,1.0,1.0,0.0,1.0,1.0,0.0,1.0,1.0,0.0,1.0,1.0,0.0,1.0,1.0,1.0,1.0,1.0,0.0,0.0,0.0,0.0,1.0,1.0,1.0,1.0,1.0,1.0,0.0,0.0,0.0,0.0,0.0,1.1839999999999042,1.6886553752387284e-19,1.6886553752387284e-19,0.0,0.0,0,0,0,0,C1,0.0,0.0,0.2719999999999999,1.0,1.0,1.0,0.0,0.0,0.2719999999999999
bitflip,depolarizing,0.15,3,10,qiskit_aer,1,1,0.7410000000000001,0.7410000000000001,0.0,0.0,0.0,0.0,0.0,0.0,0.12922206523235774,0.005984191988033891,0.1299307437518819,0.12308395706972938,0.1346266504560022,1.0,0.0,0.0,0.0,0.0,0.0,0.3734999999999999,0.00518169856321265,0.3749999999999999,0.36824999999999986,0.3779999999999999,1.0,1.0,1.0,0.0,0.0,0.0,0.3734999999999999,0.00518169856321265,0.3749999999999999,0.36824999999999986,0.3779999999999999,1.0,1.0,1.0,0.0,0.0,0.0,0.3734999999999999,0.00518169856321265,0.3749999999999999,0.36824999999999986,0.3779999999999999,1.0,1.0,1.0,0.0,0.0,0.0,0.3734999999999999,0.00518169856321265,0.3749999999999999,0.36824999999999986,0.3779999999999999,1.0,1.0,1.0,0.0,0.0,0.0,0.3734999999999999,0.00518169856321265,0.3749999999999999,0.36824999999999986,0.3779999999999999,1.0,1.0,1.0,0.0,0.0,0.0,1.0,1.0,1.0,1.0,1.0,1.0,0.0,1.0,1.0,0.0,1.0,1.0,0.0,1.0,1.0,0.0,1.0,1.0,0.0,1.0,1.0,1.0,1.0,1.0,0.0,0.0,0.0,0.0,1.0,1.0,1.0,1.0,1.0,1.0,0.0,0.0,0.0,0.0,0.0,1.2589999999999115,0.15000000000000002,0.15000000000000002,0.0,0.0,0,0,0,0,C1,0.0,0.0,0.3734999999999999,1.0,1.0,1.0,0.0,0.0,0.3734999999999999
bitflip,depolarizing,0.15,4,10,qiskit_aer,1,1,0.6772800000000001,0.6772800000000001,0.0,0.0,0.0,0.0,0.0,0.0,0.1614706994802414,0.007411214916421748,0.16400446534180413,0.15937324449670107,0.16612892892892878,1.0,0.0,0.0,0.0,0.0,0.0,0.45655999999999985,0.0074063756318458384,0.46059999999999984,0.45499999999999985,0.46219999999999983,1.0,1.0,1.0,0.0,0.0,0.0,0.45655999999999985,0.0074063756318458384,0.46059999999999984,0.45499999999999985,0.46219999999999983,1.0,1.0,1.0,0.0,0.0,0.0,0.45655999999999985,0.0074063756318458384,0.46059999999999984,0.45499999999999985,0.46219999999999983,1.0,1.0,1.0,0.0,0.0,0.0,0.45655999999999985,0.0074063756318458384,0.46059999999999984,0.45499999999999985,0.46219999999999983,1.0,1.0,1.0,0.0,0.0,0.0,0.45655999999999985,0.0074063756318458384,0.46059999999999984,0.45499999999999985,0.46219999999999983,1.0,1.0,1.0,0.0,0.0,0.0,1.0,1.0,1.0,1.0,1.0,1.0,0.0,1.0,1.0,0.0,1.0,1.0,0.0,1.0,1.0,0.0,1.0,1.0,0.0,1.0,1.0,1.0,1.0,1.0,0.0,0.0,0.0,0.0,1.0,1.0,1.0,1.0,1.0,1.0,0.0,0.0,0.0,0.0,0.0,1.322719999999938,1.8293766565086226e-19,1.8293766565086226e-19,0.0,0.0,0,0,0,0,C1,0.0,0.0,0.45655999999999985,1.0,1.0,1.0,0.0,0.0,0.45655999999999985
bitflip,depolarizing,0.2,1,10,qiskit_aer,1,1,0.8666666666666667,0.8666666666666667,0.0,0.0,0.0,0.0,0.0,0.0,0.0665059929220086,0.001662060177542823,0.06626727764423085,0.06563605936164535,0.06682963575053416,1.0,0.0,0.0,0.0,0.0,0.0,0.19999999999999973,0.0,0.19999999999999973,0.19999999999999973,0.19999999999999973,1.0,1.0,1.0,0.0,0.0,0.0,0.19999999999999973,0.0,0.19999999999999973,0.19999999999999973,0.19999999999999973,1.0,1.0,1.0,0.0,0.0,0.0,0.19999999999999973,0.0,0.19999999999999973,0.19999999999999973,0.19999999999999973,1.0,1.0,1.0,0.0,0.0,0.0,0.19999999999999973,0.0,0.19999999999999973,0.19999999999999973,0.19999999999999973,1.0,1.0,1.0,0.0,0.0,0.0,0.19999999999999973,0.0,0.19999999999999973,0.19999999999999973,0.19999999999999973,1.0,1.0,1.0,0.0,0.0,0.0,1.0,1.0,1.0,1.0,1.0,1.0,0.0,1.0,1.0,0.0,1.0,1.0,0.0,1.0,1.0,0.0,1.0,1.0,0.0,1.0,1.0,1.0,1.0,1.0,0.0,0.0,0.0,0.0,1.0,1.0,1.0,1.0,1.0,1.0,0.0,0.0,0.0,0.0,0.0,1.1333333333339874,0.5,0.5,0.0,0.0,0,0,0,0,C1,0.0,0.0,0.19999999999999973,1.0,1.0,1.0,0.0,0.0,0.19999999999999973
bitflip,depolarizing,0.2,2,10,qiskit_aer,1,1,0.7617777777777779,0.7617777777777779,0.0,0.0,0.0,0.0,0.0,0.0,0.11882370443220497,0.004461901962026658,0.11720317392220642,0.11538176255419105,0.12320181842229594,1.0,0.0,0.0,0.0,0.0,0.0,0.350222222222222,0.004354648431614539,0.34666666666666646,0.34666666666666646,0.3555555555555553,1.0,1.0,1.0,0.0,0.0,0.0,0.350222222222222,0.004354648431614539,0.34666666666666646,0.34666666666666646,0.3555555555555553,1.0,1.0,1.0,0.0,0.0,0.0,0.350222222222222,0.004354648431614539,0.34666666666666646,0.34666666666666646,0.3555555555555553,1.0,1.0,1.0,0.0,0.0,0.0,0.350222222222222,0.004354648431614539,0.34666666666666646,0.34666666666666646,0.3555555555555553,1.0,1.0,1.0,0.0,0.0,0.0,0.350222222222222,0.004354648431614539,0.34666666666666646,0.34666666666666646,0.3555555555555553,1.0,1.0,1.0,0.0,0.0,0.0,1.0,1.0,1.0,1.0,1.0,1.0,0.0,1.0,1.0,0.0,1.0,1.0,0.0,1.0,1.0,0.0,1.0,1.0,0.0,1.0,1.0,1.0,1.0,1.0,0.0,0.0,0.0,0.0,1.0,1.0,1.0,1.0,1.0,1.0,0.0,0.0,0.0,0.0,0.0,1.2382222222222579,0.3,0.3,0.0,0.0,0,0,0,0,C1,0.0,0.0,0.350222222222222,1.0,1.0,1.0,0.0,0.0,0.350222222222222
bitflip,depolarizing,0.2,3,10,qiskit_aer,1,1,0.6717037037037037,0.6717037037037037,0.0,0.0,0.0,0.0,0.0,0.0,0.16434146719591144,0.008842219536270185,0.16600346167226604,0.15638388945901427,0.17158477400825048,1.0,0.0,0.0,0.0,0.0,0.0,0.4669629629629627,0.008766565741333382,0.4696296296296294,0.45807407407407374,0.47451851851851823,1.0,1.0,1.0,0.0,0.0,0.0,0.4669629629629627,0.008766565741333382,0.4696296296296294,0.45807407407407374,0.47451851851851823,1.0,1.0,1.0,0.0,0.0,0.0,0.4669629629629627,0.008766565741333382,0.4696296296296294,0.45807407407407374,0.47451851851851823,1.0,1.0,1.0,0.0,0.0,0.0,0.4669629629629627,0.008766565741333382,0.4696296296296294,0.45807407407407374,0.47451851851851823,1.0,1.0,1.0,0.0,0.0,0.0,0.4669629629629627,0.008766565741333382,0.4696296296296294,0.45807407407407374,0.47451851851851823,1.0,1.0,1.0,0.0,0.0,0.0,1.0,1.0,1.0,1.0,1.0,1.0,0.0,1.0,1.0,0.0,1.0,1.0,0.0,1.0,1.0,0.0,1.0,1.0,0.0,1.0,1.0,1.0,1.0,1.0,0.0,0.0,0.0,0.0,1.0,1.0,1.0,1.0,1.0,1.0,0.0,0.0,0.0,0.0,0.0,1.3282962962962337,0.1,0.1,0.0,0.0,0,0,0,0,C1,0.0,0.0,0.4669629629629627,1.0,1.0,1.0,0.0,0.0,0.4669629629629627
bitflip,depolarizing,0.2,4,10,qiskit_aer,1,1,0.5996997530864198,0.5996997530864198,0.0,0.0,0.0,0.0,0.0,0.0,0.1998196099467371,0.012001748865203209,0.20602809142770662,0.19686569523854047,0.20872527064519802,1.0,0.0,0.0,0.0,0.0,0.0,0.5555476543209874,0.012019321172636927,0.5621925925925924,0.5532839506172836,0.5645827160493825,1.0,1.0,1.0,0.0,0.0,0.0,0.5555476543209874,0.012019321172636927,0.5621925925925924,0.5532839506172836,0.5645827160493825,1.0,1.0,1.0,0.0,0.0,0.0,0.5555476543209874,0.012019321172636927,0.5621925925925924,0.5532839506172836,0.5645827160493825,1.0,1.0,1.0,0.0,0.0,0.0,0.5555476543209874,0.012019321172636927,0.5621925925925924,0.5532839506172836,0.5645827160493825,1.0,1.0,1.0,0.0,0.0,0.0,0.5555476543209874,0.012019321172636927,0.5621925925925924,0.5532839506172836,0.5645827160493825,1.0,1.0,1.0,0.0,0.0,0.0,1.0,1.0,1.0,1.0,1.0,1.0,0.0,1.0,1.0,0.0,1.0,1.0,0.0,1.0,1.0,0.0,1.0,1.0,0.0,1.0,1.0,1.0,1.0,1.0,0.0,0.0,0.0,0.0,1.0,1.0,1.0,1.0,1.0,1.0,0.0,0.0,0.0,0.0,0.0,1.4003002469135972,0.4,0.4,0.0,0.0,0,0,0,0,C1,0.0,0.0,0.5555476543209874,1.0,1.0,1.0,0.0,0.0,0.5555476543209874
bitflip,mixed_pauli,0.01,1,10,qiskit_aer,1,1,0.996,0.996,0.0,0.0,1.0,1.0,0.0,0.0,0.0029316682979114495,0.0037815379073427107,0.0015168542598800738,-7.771561172376096e-16,0.0031684319071584033,1.0,0.0,0.5,1.0,0.0,0.5,0.009999999999999787,0.0,0.009999999999999787,0.009999999999999787,0.009999999999999787,1.0,1.0,1.0,0.0,0.0,0.0,0.009999999999999787,0.0,0.009999999999999787,0.009999999999999787,0.009999999999999787,1.0,1.0,1.0,0.0,0.0,0.0,0.009999999999999787,0.0,0.009999999999999787,0.009999999999999787,0.009999999999999787,1.0,1.0,1.0,0.0,0.0,0.0,0.009999999999999787,0.0,0.009999999999999787,0.009999999999999787,0.009999999999999787,1.0,1.0,1.0,0.0,0.0,0.0,0.009999999999999787,0.0,0.009999999999999787,0.009999999999999787,0.009999999999999787,1.0,1.0,1.0,0.0,0.0,0.0,1.0,1.0,1.0,1.0,1.0,1.0,0.0,1.0,1.0,0.0,1.0,1.0,0.0,1.0,1.0,0.0,1.0,1.0,0.0,1.0,1.0,1.0,1.0,1.0,0.0,0.0,0.0,0.0,1.0,1.0,1.0,1.0,1.0,1.0,0.0,0.0,0.0,0.0,0.0,1.004000006712965,0.65,0.65,0.0,0.0,0,0,0,0,C1,0.0,0.0,0.009999999999999787,1.0,1.0,1.0,0.0,0.0,0.009999999999999787
bitflip,mixed_pauli,0.01,2,10,qiskit_aer,1,1,0.9916777777777778,0.9916777777777778,0.0,0.0,1.0,1.0,0.0,0.0,0.0065219173912646426,0.004363589194320936,0.007963645844281053,0.0033697733151564213,0.00989999999999941,1.0,0.1,0.1,0.9,0.0,0.9,0.019872222222222145,3.8248698840208043e-05,0.01989444444444438,0.019866666666666477,0.01990000000000003,1.0,1.0,1.0,0.0,0.0,0.0,0.019164815203206488,0.0021132876727959,0.019877777777777605,0.019816666666666483,0.01990000000000003,1.0,1.0,1.0,0.0,0.0,0.0,0.019164815203206488,0.0021132876727959,0.019877777777777605,0.019816666666666483,0.01990000000000003,1.0,1.0,1.0,0.0,0.0,0.0,0.019164815203206488,0.0021132876727959,0.019877777777777605,0.019816666666666483,0.01990000000000003,1.0,1.0,1.0,0.0,0.0,0.0,0.019164815203206488,0.0021132876727959,0.019877777777777605,0.019816666666666483,0.01990000000000003,1.0,1.0,1.0,0.0,0.0,0.0,0.9,0.9,0.9,0.9,0.9,0.9,1.0,1.0,0.9,1.0,1.0,0.9,1.0,1.0,0.9,1.0,1.0,0.9,0.0,0.9,0.9,0.9,0.9,0.9,0.0,0.0,0.0,0.0,0.9,0.9,1.0,1.0,1.0,0.9,0.0,0.0,0.0,0.0,0.0,0.8083222251718123,0.5,0.5,0.0,0.0,0,0,0,0,C1,0.0,0.0,0.019164815203206488,1.0,1.0,0.9,0.0,0.0,0.019164815203206488
bitflip,mixed_pauli,0.01,3,10,qiskit_aer,1,1,0.9857398666666667,0.9857398666666667,0.0,0.0,1.0,1.0,0.0,0.0,0.01134931476767217,0.004836266094578379,0.009802000000000088,0.009802000000000088,0.012873899251847065,1.0,0.0,0.1,1.0,0.0,0.9,0.029618451851851725,3.970509187726751e-05,0.029601999999999906,0.029601999999999906,0.02965955555555516,1.0,1.0,1.0,0.0,0.0,0.0,0.029618451851851725,3.970509187726751e-05,0.029601999999999906,0.029601999999999906,0.02965955555555516,1.0,1.0,1.0,0.0,0.0,0.0,0.029618451851851725,3.970509187726751e-05,0.029601999999999906,0.029601999999999906,0.02965955555555516,1.0,1.0,1.0,0.0,0.0,0.0,0.029618451851851725,3.970509187726751e-05,0.029601999999999906,0.029601999999999906,0.02965955555555516,1.0,1.0,1.0,0.0,0.0,0.0,0.029618451851851725,3.970509187726751e-05,0.029601999999999906,0.029601999999999906,0.02965955555555516,1.0,1.0,1.0,0.0,0.0,0.0,1.0,1.0,1.0,1.0,1.0,1.0,0.0,1.0,1.0,0.0,1.0,1.0,0.0,1.0,1.0,0.0,1.0,1.0,0.0,1.0,1.0,1.0,1.0,1.0,0.0,0.0,0.0,0.0,1.0,1.0,1.0,1.0,1.0,1.0,0.0,0.0,0.0,0.0,0.0,1.0142601339181432,0.7000000000000001,0.7000000000000001,0.0,0.0,0,0,0,0,C1,0.0,0.0,0.029618451851851725,1.0,1.0,1.0,0.0,0.0,0.029618451851851725
bitflip,mixed_pauli,0.01,4,10,qiskit_aer,1,1,0.9808491573333333,0.9808491573333333,0.0,0.0,1.0,1.0,0.0,0.0,0.01507770516270852,0.00599300976744521,0.013008990344891558,0.01049290108384604,0.019481475000000137,1.0,0.0,0.0,1.0,0.0,1.0,0.03921980037037023,5.482420293308458e-05,0.0392350844444444,0.039207469999999855,0.03924063999999994,1.0,1.0,1.0,0.0,0.0,0.0,0.03921980037037023,5.482420293308458e-05,0.0392350844444444,0.039207469999999855,0.03924063999999994,1.0,1.0,1.0,0.0,0.0,0.0,0.03921980037037023,5.482420293308458e-05,0.0392350844444444,0.039207469999999855,0.03924063999999994,1.0,1.0,1.0,0.0,0.0,0.0,0.03921980037037023,5.482420293308458e-05,0.0392350844444444,0.039207469999999855,0.03924063999999994,1.0,1.0,1.0,0.0,0.0,0.0,0.03921980037037023,5.482420293308458e-05,0.0392350844444444,0.039207469999999855,0.03924063999999994,1.0,1.0,1.0,0.0,0.0,0.0,1.0,1.0,1.0,1.0,1.0,1.0,0.0,1.0,1.0,0.0,1.0,1.0,0.0,1.0,1.0,0.0,1.0,1.0,0.0,1.0,1.0,1.0,1.0,1.0,0.0,0.0,0.0,0.0,1.0,1.0,1.0,1.0,1.0,1.0,0.0,0.0,0.0,0.0,0.0,1.0191508429322218,0.6,0.6,0.0,0.0,0,0,0,0,C1,0.0,0.0,0.03921980037037023,1.0,1.0,1.0,0.0,0.0,0.03921980037037023
bitflip,mixed_pauli,0.03,1,10,qiskit_aer,1,1,0.988,0.988,0.0,0.0,1.0,1.0,0.0,0.0,0.008951955782312549,0.011365865553294113,0.004344175170067632,-4.440892098500626e-16,0.010721194727890848,1.0,0.0,0.2,1.0,0.0,0.8,0.029999999999999694,0.0,0.029999999999999694,0.029999999999999694,0.029999999999999694,1.0,1.0,1.0,0.0,0.0,0.0,0.029999999999999694,0.0,0.029999999999999694,0.029999999999999694,0.029999999999999694,1.0,1.0,1.0,0.0,0.0,0.0,0.029999999999999694,0.0,0.029999999999999694,0.029999999999999694,0.029999999999999694,1.0,1.0,1.0,0.0,0.0,0.0,0.029999999999999694,0.0,0.029999999999999694,0.029999999999999694,0.029999999999999694,1.0,1.0,1.0,0.0,0.0,0.0,0.029999999999999694,0.0,0.029999999999999694,0.029999999999999694,0.029999999999999694,1.0,1.0,1.0,0.0,0.0,0.0,1.0,1.0,1.0,1.0,1.0,1.0,0.0,1.0,1.0,0.0,1.0,1.0,0.0,1.0,1.0,0.0,1.0,1.0,0.0,1.0,1.0,1.0,1.0,1.0,0.0,0.0,0.0,0.0,1.0,1.0,1.0,1.0,1.0,1.0,0.0,0.0,0.0,0.0,0.0,1.0120000065014934,0.6,0.6,0.0,0.0,0,0,0,0,C1,0.0,0.0,0.029999999999999694,1.0,1.0,1.0,0.0,0.0,0.029999999999999694
bitflip,mixed_pauli,0.03,2,10,qiskit_aer,1,1,0.9751000000000001,0.9751000000000001,0.0,0.0,1.0,1.0,0.0,0.0,0.019371616687491367,0.012505427460258803,0.02429260724698068,0.010690412414966072,0.029099999999999904,1.0,0.0,0.0,1.0,0.0,1.0,0.05884999999999996,0.0003442382895613031,0.05905000000000005,0.05879999999999996,0.05910000000000004,1.0,1.0,1.0,0.0,0.0,0.0,0.05884999999999996,0.0003442382895613031,0.05905000000000005,0.05879999999999996,0.05910000000000004,1.0,1.0,1.0,0.0,0.0,0.0,0.05884999999999996,0.0003442382895613031,0.05905000000000005,0.05879999999999996,0.05910000000000004,1.0,1.0,1.0,0.0,0.0,0.0,0.05884999999999996,0.0003442382895613031,0.05905000000000005,0.05879999999999996,0.05910000000000004,1.0,1.0,1.0,0.0,0.0,0.0,0.05884999999999996,0.0003442382895613031,0.05905000000000005,0.05879999999999996,0.05910000000000004,1.0,1.0,1.0,0.0,0.0,0.0,1.0,1.0,1.0,1.0,1.0,1.0,0.0,1.0,1.0,0.0,1.0,1.0,0.0,1.0,1.0,0.0,1.0,1.0,0.0,1.0,1.0,1.0,1.0,1.0,0.0,0.0,0.0,0.0,1.0,1.0,1.0,1.0,1.0,1.0,0.0,0.0,0.0,0.0,0.0,1.024900002619365,0.5,0.5,0.0,0.0,0,0,0,0,C1,0.0,0.0,0.05884999999999996,1.0,1.0,1.0,0.0,0.0,0.05884999999999996
bitflip,mixed_pauli,0.03,3,10,qiskit_aer,1,1,0.9576564,0.9576564,0.0,0.0,1.0,1.0,0.0,0.0,0.033265027314787185,0.01355976378399884,0.028620475563111147,0.028254000000000445,0.037902284013605375,1.0,0.0,0.0,1.0,0.0,1.0,0.08659819999999982,0.0003495487948770361,0.08645399999999981,0.08645399999999981,0.08695799999999992,1.0,1.0,1.0,0.0,0.0,0.0,0.08659819999999982,0.0003495487948770361,0.08645399999999981,0.08645399999999981,0.08695799999999992,1.0,1.0,1.0,0.0,0.0,0.0,0.08659819999999982,0.0003495487948770361,0.08645399999999981,0.08645399999999981,0.08695799999999992,1.0,1.0,1.0,0.0,0.0,0.0,0.08659819999999982,0.0003495487948770361,0.08645399999999981,0.08645399999999981,0.08695799999999992,1.0,1.0,1.0,0.0,0.0,0.0,0.08659819999999982,0.0003495487948770361,0.08645399999999981,0.08645399999999981,0.08695799999999992,1.0,1.0,1.0,0.0,0.0,0.0,1.0,1.0,1.0,1.0,1.0,1.0,0.0,1.0,1.0,0.0,1.0,1.0,0.0,1.0,1.0,0.0,1.0,1.0,0.0,1.0,1.0,1.0,1.0,1.0,0.0,0.0,0.0,0.0,1.0,1.0,1.0,1.0,1.0,1.0,0.0,0.0,0.0,0.0,0.0,1.042343600009389,0.3,0.3,0.0,0.0,0,0,0,0,C1,0.0,0.0,0.08659819999999982,1.0,1.0,1.0,0.0,0.0,0.08659819999999982
bitflip,mixed_pauli,0.03,4,10,qiskit_aer,1,1,0.943627344,0.943627344,0.0,0.0,1.0,1.0,0.0,0.0,0.043889107603903535,0.0164283859234002,0.0382371877891155,0.03090059051291058,0.055448475000000524,1.0,0.0,0.0,1.0,0.0,1.0,0.11311302999999988,0.00047479299904277145,0.11324583999999993,0.11300006999999979,0.11329583999999993,1.0,1.0,1.0,0.0,0.0,0.0,0.11311302999999988,0.00047479299904277145,0.11324583999999993,0.11300006999999979,0.11329583999999993,1.0,1.0,1.0,0.0,0.0,0.0,0.11311302999999988,0.00047479299904277145,0.11324583999999993,0.11300006999999979,0.11329583999999993,1.0,1.0,1.0,0.0,0.0,0.0,0.11311302999999988,0.00047479299904277145,0.11324583999999993,0.11300006999999979,0.11329583999999993,1.0,1.0,1.0,0.0,0.0,0.0,0.11311302999999988,0.00047479299904277145,0.11324583999999993,0.11300006999999979,0.11329583999999993,1.0,1.0,1.0,0.0,0.0,0.0,1.0,1.0,1.0,1.0,1.0,1.0,0.0,1.0,1.0,0.0,1.0,1.0,0.0,1.0,1.0,0.0,1.0,1.0,0.0,1.0,1.0,1.0,1.0,1.0,0.0,0.0,0.0,0.0,1.0,1.0,1.0,1.0,1.0,1.0,0.0,0.0,0.0,0.0,0.0,1.0563726560127744,0.4,0.4,0.0,0.0,0,0,0,0,C1,0.0,0.0,0.11311302999999988,1.0,1.0,1.0,0.0,0.0,0.11311302999999988
bitflip,mixed_pauli,0.05,1,10,qiskit_aer,1,1,0.98,0.98,0.0,0.0,1.0,1.0,0.0,0.0,0.015176005747126308,0.018955301748810993,0.008155232279693336,-1.1102230246251565e-16,0.018196240421455734,1.0,0.0,0.2,1.0,0.0,0.8,0.04999999999999997,5.089573435171981e-17,0.04999999999999993,0.04999999999999993,0.05000000000000002,1.0,1.0,1.0,0.0,0.0,0.0,0.04999999999999997,5.089573435171981e-17,0.04999999999999993,0.04999999999999993,0.05000000000000002,1.0,1.0,1.0,0.0,0.0,0.0,0.04999999999999997,5.089573435171981e-17,0.04999999999999993,0.04999999999999993,0.05000000000000002,1.0,1.0,1.0,0.0,0.0,0.0,0.04999999999999997,5.089573435171981e-17,0.04999999999999993,0.04999999999999993,0.05000000000000002,1.0,1.0,1.0,0.0,0.0,0.0,0.04999999999999997,5.089573435171981e-17,0.04999999999999993,0.04999999999999993,0.05000000000000002,1.0,1.0,1.0,0.0,0.0,0.0,1.0,1.0,1.0,1.0,1.0,1.0,0.0,1.0,1.0,0.0,1.0,1.0,0.0,1.0,1.0,0.0,1.0,1.0,0.0,1.0,1.0,1.0,1.0,1.0,0.0,0.0,0.0,0.0,1.0,1.0,1.0,1.0,1.0,1.0,0.0,0.0,0.0,0.0,0.0,1.0200000064993033,0.6,0.6,0.0,0.0,0,0,0,0,C1,0.0,0.0,0.04999999999999997,1.0,1.0,1.0,0.0,0.0,0.04999999999999997
bitflip,mixed_pauli,0.05,2,10,qiskit_aer,1,1,0.9586111111111111,0.9586111111111111,0.0,0.0,1.0,1.0,0.0,0.0,0.03188717909813051,0.02111714713725274,0.04062341045712764,0.015909999102011407,0.0475000000000001,1.0,0.0,0.0,1.0,0.0,1.0,0.09680555555555562,0.0009562174710032917,0.09736111111111106,0.09666666666666679,0.09750000000000014,1.0,1.0,1.0,0.0,0.0,0.0,0.09680555555555562,0.0009562174710032917,0.09736111111111106,0.09666666666666679,0.09750000000000014,1.0,1.0,1.0,0.0,0.0,0.0,0.09680555555555562,0.0009562174710032917,0.09736111111111106,0.09666666666666679,0.09750000000000014,1.0,1.0,1.0,0.0,0.0,0.0,0.09680555555555562,0.0009562174710032917,0.09736111111111106,0.09666666666666679,0.09750000000000014,1.0,1.0,1.0,0.0,0.0,0.0,0.09680555555555562,0.0009562174710032917,0.09736111111111106,0.09666666666666679,0.09750000000000014,1.0,1.0,1.0,0.0,0.0,0.0,1.0,1.0,1.0,1.0,1.0,1.0,0.0,1.0,1.0,0.0,1.0,1.0,0.0,1.0,1.0,0.0,1.0,1.0,0.0,1.0,1.0,1.0,1.0,1.0,0.0,0.0,0.0,0.0,1.0,1.0,1.0,1.0,1.0,1.0,0.0,0.0,0.0,0.0,0.0,1.0413888915022662,0.55,0.55,0.0,0.0,0,0,0,0,C1,0.0,0.0,0.09680555555555562,1.0,1.0,1.0,0.0,0.0,0.09680555555555562
bitflip,mixed_pauli,0.05,3,10,qiskit_aer,1,1,0.9301499999999999,0.9301499999999999,0.0,0.0,0.9,0.9,0.0,0.0,0.053917515614974196,0.022052311380967773,0.04715496446631129,0.0452499999999999,0.060878143203788815,1.0,0.0,0.0,0.9,0.0,0.9,0.14063981481481472,0.0009493378133997949,0.14024999999999982,0.14024999999999976,0.14161111111111113,1.0,1.0,1.0,0.0,0.0,0.0,0.14063981481481472,0.0009493378133997949,0.14024999999999982,0.14024999999999976,0.14161111111111113,1.0,1.0,1.0,0.0,0.0,0.0,0.14063981481481472,0.0009493378133997949,0.14024999999999982,0.14024999999999976,0.14161111111111113,1.0,1.0,1.0,0.0,0.0,0.0,0.14063981481481472,0.0009493378133997949,0.14024999999999982,0.14024999999999976,0.14161111111111113,1.0,1.0,1.0,0.0,0.0,0.0,0.14063981481481472,0.0009493378133997949,0.14024999999999982,0.14024999999999976,0.14161111111111113,1.0,1.0,1.0,0.0,0.0,0.0,1.0,1.0,1.0,1.0,1.0,1.0,0.0,1.0,1.0,0.0,1.0,1.0,0.0,1.0,1.0,0.0,1.0,1.0,0.0,1.0,1.0,1.0,1.0,1.0,0.0,0.0,0.0,0.0,1.0,1.0,1.0,1.0,1.0,1.0,0.0,0.0,0.0,0.0,0.0,1.069850000002812,0.35000000000000003,0.35000000000000003,0.0,0.0,0,0,0,0,C1,0.0,0.0,0.14063981481481472,1.0,1.0,1.0,0.0,0.0,0.14063981481481472
bitflip,mixed_pauli,0.05,4,10,qiskit_aer,1,1,0.9078122222222222,0.9078122222222222,0.0,0.0,0.8,0.8,0.0,0.0,0.06964879163351782,0.025931113841926777,0.060250978807471045,0.05050562695005978,0.08767187500000007,1.0,0.0,0.0,0.8,0.0,0.8,0.18123819444444444,0.00126833151585261,0.18159444444444445,0.18091875000000002,0.1817333333333334,1.0,1.0,1.0,0.0,0.0,0.0,0.18123819444444444,0.00126833151585261,0.18159444444444445,0.18091875000000002,0.1817333333333334,1.0,1.0,1.0,0.0,0.0,0.0,0.18123819444444444,0.00126833151585261,0.18159444444444445,0.18091875000000002,0.1817333333333334,1.0,1.0,1.0,0.0,0.0,0.0,0.18123819444444444,0.00126833151585261,0.18159444444444445,0.18091875000000002,0.1817333333333334,1.0,1.0,1.0,0.0,0.0,0.0,0.18123819444444444,0.00126833151585261,0.18159444444444445,0.18091875000000002,0.1817333333333334,1.0,1.0,1.0,0.0,0.0,0.0,1.0,1.0,1.0,1.0,1.0,1.0,0.0,1.0,1.0,0.0,1.0,1.0,0.0,1.0,1.0,0.0,1.0,1.0,0.0,1.0,1.0,1.0,1.0,1.0,0.0,0.0,0.0,0.0,1.0,1.0,1.0,1.0,1.0,1.0,0.0,0.0,0.0,0.0,0.0,1.0921877777812499,0.55,0.55,0.0,0.0,0,0,0,0,C1,0.0,0.0,0.18123819444444444,1.0,1.0,1.0,0.0,0.0,0.18123819444444444
bitflip,mixed_pauli,0.1,1,10,qiskit_aer,1,1,0.96,0.96,0.0,0.0,0.8,0.8,0.0,0.0,0.03019748263888903,0.03787928906785909,0.01660117497519875,-1.1102230246251565e-16,0.03447440011160771,1.0,0.0,0.2,0.8,0.0,0.8,0.09999999999999992,5.551115123125783e-17,0.09999999999999992,0.09999999999999987,0.09999999999999998,1.0,1.0,1.0,0.0,0.0,0.0,0.09999999999999992,5.551115123125783e-17,0.09999999999999992,0.09999999999999987,0.09999999999999998,1.0,1.0,1.0,0.0,0.0,0.0,0.09999999999999992,5.551115123125783e-17,0.09999999999999992,0.09999999999999987,0.09999999999999998,1.0,1.0,1.0,0.0,0.0,0.0,0.09999999999999992,5.551115123125783e-17,0.09999999999999992,0.09999999999999987,0.09999999999999998,1.0,1.0,1.0,0.0,0.0,0.0,0.09999999999999992,5.551115123125783e-17,0.09999999999999992,0.09999999999999987,0.09999999999999998,1.0,1.0,1.0,0.0,0.0,0.0,1.0,1.0,1.0,1.0,1.0,1.0,0.0,1.0,1.0,0.0,1.0,1.0,0.0,1.0,1.0,0.0,1.0,1.0,0.0,1.0,1.0,1.0,1.0,1.0,0.0,0.0,0.0,0.0,1.0,1.0,1.0,1.0,1.0,1.0,0.0,0.0,0.0,0.0,0.0,1.0400000065002013,0.9,0.9,0.0,0.0,0,0,0,0,C1,0.0,0.0,0.09999999999999992,1.0,1.0,1.0,0.0,0.0,0.09999999999999992
bitflip,mixed_pauli,0.1,2,10,qiskit_aer,1,1,0.9177777777777777,0.9177777777777777,0.0,0.0,0.4,0.4,0.0,0.0,0.06136804226899094,0.04034070376945747,0.07815407543225616,0.03223105778769844,0.08999999999999986,1.0,0.0,0.0,0.4,0.0,0.4,0.1872222222222221,0.003824869884012964,0.1894444444444443,0.18666666666666654,0.18999999999999984,1.0,1.0,1.0,0.0,0.0,0.0,0.1872222222222221,0.003824869884012964,0.1894444444444443,0.18666666666666654,0.18999999999999984,1.0,1.0,1.0,0.0,0.0,0.0,0.1872222222222221,0.003824869884012964,0.1894444444444443,0.18666666666666654,0.18999999999999984,1.0,1.0,1.0,0.0,0.0,0.0,0.1872222222222221,0.003824869884012964,0.1894444444444443,0.18666666666666654,0.18999999999999984,1.0,1.0,1.0,0.0,0.0,0.0,0.1872222222222221,0.003824869884012964,0.1894444444444443,0.18666666666666654,0.18999999999999984,1.0,1.0,1.0,0.0,0.0,0.0,1.0,1.0,1.0,1.0,1.0,1.0,0.0,1.0,1.0,0.0,1.0,1.0,0.0,1.0,1.0,0.0,1.0,1.0,0.0,1.0,1.0,1.0,1.0,1.0,0.0,0.0,0.0,0.0,1.0,1.0,1.0,1.0,1.0,1.0,0.0,0.0,0.0,0.0,0.0,1.08222222482233,0.55,0.55,0.0,0.0,0,0,0,0,C1,0.0,0.0,0.1872222222222221,1.0,1.0,1.0,0.0,0.0,0.1872222222222221
bitflip,mixed_pauli,0.1,3,10,qiskit_aer,1,1,0.8638666666666667,0.8638666666666667,0.0,0.0,0.1,0.1,0.0,0.0,0.09911488892385115,0.03928075798691415,0.0876519030023023,0.08200000000000007,0.11341748825639325,1.0,0.0,0.0,0.1,0.0,0.1,0.26345185185185166,0.0035815714876276696,0.2619999999999998,0.2619999999999998,0.2670555555555555,1.0,1.0,1.0,0.0,0.0,0.0,0.26345185185185166,0.0035815714876276696,0.2619999999999998,0.2619999999999998,0.2670555555555555,1.0,1.0,1.0,0.0,0.0,0.0,0.26345185185185166,0.0035815714876276696,0.2619999999999998,0.2619999999999998,0.2670555555555555,1.0,1.0,1.0,0.0,0.0,0.0,0.26345185185185166,0.0035815714876276696,0.2619999999999998,0.2619999999999998,0.2670555555555555,1.0,1.0,1.0,0.0,0.0,0.0,0.26345185185185166,0.0035815714876276696,0.2619999999999998,0.2619999999999998,0.2670555555555555,1.0,1.0,1.0,0.0,0.0,0.0,1.0,1.0,1.0,1.0,1.0,1.0,0.0,1.0,1.0,0.0,1.0,1.0,0.0,1.0,1.0,0.0,1.0,1.0,0.0,1.0,1.0,1.0,1.0,1.0,0.0,0.0,0.0,0.0,1.0,1.0,1.0,1.0,1.0,1.0,0.0,0.0,0.0,0.0,0.0,1.1361333333346018,0.4,0.4,0.0,0.0,0,0,0,0,C1,0.0,0.0,0.26345185185185166,1.0,1.0,1.0,0.0,0.0,0.26345185185185166
bitflip,mixed_pauli,0.1,4,10,qiskit_aer,1,1,0.8241733333333333,0.8241733333333333,0.0,0.0,0.0,0.0,0.0,0.0,0.1236447283308508,0.04327177802771548,0.1073270833333333,0.09721364460003037,0.15375000000000014,1.0,0.1,0.0,0.0,0.0,0.0,0.32853703703703685,0.004589010849424046,0.3298444444444442,0.3271999999999998,0.3303999999999998,1.0,1.0,1.0,0.0,0.0,0.0,0.3041370370370369,0.07625894326558375,0.3298444444444442,0.3271999999999998,0.3303999999999998,1.0,1.0,0.9,0.0,0.0,0.0,0.3041370370370369,0.07625894326558375,0.3298444444444442,0.3271999999999998,0.3303999999999998,1.0,1.0,0.9,0.0,0.0,0.0,0.3041370370370369,0.07625894326558375,0.3298444444444442,0.3271999999999998,0.3303999999999998,1.0,1.0,0.9,0.0,0.0,0.0,0.3041370370370369,0.07625894326558375,0.3298444444444442,0.3271999999999998,0.3303999999999998,1.0,1.0,0.9,0.0,0.0,0.0,1.0,0.9,0.9,0.9,0.9,0.9,0.0,0.9,0.9,0.0,0.9,0.9,0.0,0.9,0.9,0.0,0.9,0.9,0.0,0.9,0.9,0.9,0.9,0.9,0.0,0.0,0.0,0.0,0.9,0.9,1.0,1.0,1.0,0.9,0.0,0.0,0.0,0.0,0.0,0.9758266666664355,0.2,0.2,0.0,0.0,0,0,0,0,C1,0.0,0.0,0.3041370370370369,0.9,1.0,0.9,0.0,0.0,0.3041370370370369
bitflip,mixed_pauli,0.15,1,10,qiskit_aer,1,1,0.9400000000000001,0.9400000000000001,0.0,0.0,0.7,0.7,0.0,0.0,0.04485435956790116,0.056777523729568166,0.024363425925925886,0.0,0.04994454089506156,1.0,0.0,0.2,0.7,0.0,0.7,0.14999999999999983,5.1178752665209035e-17,0.1499999999999998,0.1499999999999998,0.14999999999999988,1.0,1.0,1.0,0.0,0.0,0.0,0.14999999999999983,5.1178752665209035e-17,0.1499999999999998,0.1499999999999998,0.14999999999999988,1.0,1.0,1.0,0.0,0.0,0.0,0.14999999999999983,5.1178752665209035e-17,0.1499999999999998,0.1499999999999998,0.14999999999999988,1.0,1.0,1.0,0.0,0.0,0.0,0.14999999999999983,5.1178752665209035e-17,0.1499999999999998,0.1499999999999998,0.14999999999999988,1.0,1.0,1.0,0.0,0.0,0.0,0.14999999999999983,5.1178752665209035e-17,0.1499999999999998,0.1499999999999998,0.14999999999999988,1.0,1.0,1.0,0.0,0.0,0.0,1.0,1.0,1.0,1.0,1.0,1.0,0.0,1.0,1.0,0.0,1.0,1.0,0.0,1.0,1.0,0.0,1.0,1.0,0.0,1.0,1.0,1.0,1.0,1.0,0.0,0.0,0.0,0.0,1.0,1.0,1.0,1.0,1.0,1.0,0.0,0.0,0.0,0.0,0.0,1.0600000064981432,0.8,0.8,0.0,0.0,0,0,0,0,C1,0.0,0.0,0.14999999999999983,1.0,1.0,1.0,0.0,0.0,0.14999999999999983
bitflip,mixed_pauli,0.15,2,10,qiskit_aer,1,1,0.8775,0.8775,0.0,0.0,0.3,0.3,0.0,0.0,0.08839637988683131,0.0577488347723233,0.11148662551440325,0.04896532600308662,0.12750000000000017,1.0,0.0,0.0,0.3,0.0,0.3,0.2712499999999999,0.008605957239029282,0.2762499999999999,0.26999999999999985,0.27749999999999986,1.0,1.0,1.0,0.0,0.0,0.0,0.2712499999999999,0.008605957239029282,0.2762499999999999,0.26999999999999985,0.27749999999999986,1.0,1.0,1.0,0.0,0.0,0.0,0.2712499999999999,0.008605957239029282,0.2762499999999999,0.26999999999999985,0.27749999999999986,1.0,1.0,1.0,0.0,0.0,0.0,0.2712499999999999,0.008605957239029282,0.2762499999999999,0.26999999999999985,0.27749999999999986,1.0,1.0,1.0,0.0,0.0,0.0,0.2712499999999999,0.008605957239029282,0.2762499999999999,0.26999999999999985,0.27749999999999986,1.0,1.0,1.0,0.0,0.0,0.0,1.0,1.0,1.0,1.0,1.0,1.0,0.0,1.0,1.0,0.0,1.0,1.0,0.0,1.0,1.0,0.0,1.0,1.0,0.0,1.0,1.0,1.0,1.0,1.0,0.0,0.0,0.0,0.0,1.0,1.0,1.0,1.0,1.0,1.0,0.0,0.0,0.0,0.0,0.0,1.122500002599468,0.45,0.45,0.0,0.0,0,0,0,0,C1,0.0,0.0,0.2712499999999999,1.0,1.0,1.0,0.0,0.0,0.2712499999999999
bitflip,mixed_pauli,0.15,3,10,qiskit_aer,1,1,0.80105,0.80105,0.0,0.0,0.1,0.1,0.0,0.0,0.136739252069489,0.05275741795325751,0.12265810502283114,0.1117499999999999,0.15750325976107235,1.0,0.0,0.0,0.1,0.0,0.1,0.36977499999999985,0.0075749999999999585,0.3667499999999999,0.3667499999999999,0.37724999999999986,1.0,1.0,1.0,0.0,0.0,0.0,0.36977499999999985,0.0075749999999999585,0.3667499999999999,0.3667499999999999,0.37724999999999986,1.0,1.0,1.0,0.0,0.0,0.0,0.36977499999999985,0.0075749999999999585,0.3667499999999999,0.3667499999999999,0.37724999999999986,1.0,1.0,1.0,0.0,0.0,0.0,0.36977499999999985,0.0075749999999999585,0.3667499999999999,0.3667499999999999,0.37724999999999986,1.0,1.0,1.0,0.0,0.0,0.0,0.36977499999999985,0.0075749999999999585,0.3667499999999999,0.3667499999999999,0.37724999999999986,1.0,1.0,1.0,0.0,0.0,0.0,1.0,1.0,1.0,1.0,1.0,1.0,0.0,1.0,1.0,0.0,1.0,1.0,0.0,1.0,1.0,0.0,1.0,1.0,0.0,1.0,1.0,1.0,1.0,1.0,0.0,0.0,0.0,0.0,1.0,1.0,1.0,1.0,1.0,1.0,0.0,0.0,0.0,0.0,0.0,1.1989500000000441,0.2,0.2,0.0,0.0,0,0,0,0,C1,0.0,0.0,0.36977499999999985,1.0,1.0,1.0,0.0,0.0,0.36977499999999985
bitflip,mixed_pauli,0.15,4,10,qiskit_aer,1,1,0.74849,0.74849,0.0,0.0,0.0,0.0,0.0,0.0,0.16507331639730796,0.05321649556188902,0.14736315586419751,0.13575542508297384,0.202546875,1.0,0.0,0.0,0.0,0.0,0.0,0.44694374999999975,0.009303996537107024,0.44964999999999966,0.4437937499999999,0.45089999999999975,1.0,1.0,1.0,0.0,0.0,0.0,0.44694374999999975,0.009303996537107024,0.44964999999999966,0.4437937499999999,0.45089999999999975,1.0,1.0,1.0,0.0,0.0,0.0,0.44694374999999975,0.009303996537107024,0.44964999999999966,0.4437937499999999,0.45089999999999975,1.0,1.0,1.0,0.0,0.0,0.0,0.44694374999999975,0.009303996537107024,0.44964999999999966,0.4437937499999999,0.45089999999999975,1.0,1.0,1.0,0.0,0.0,0.0,0.44694374999999975,0.009303996537107024,0.44964999999999966,0.4437937499999999,0.45089999999999975,1.0,1.0,1.0,0.0,0.0,0.0,1.0,1.0,1.0,1.0,1.0,1.0,0.0,1.0,1.0,0.0,1.0,1.0,0.0,1.0,1.0,0.0,1.0,1.0,0.0,1.0,1.0,1.0,1.0,1.0,0.0,0.0,0.0,0.0,1.0,1.0,1.0,1.0,1.0,1.0,0.0,0.0,0.0,0.0,0.0,1.2515099999998556,0.1,0.1,0.0,0.0,0,0,0,0,C1,0.0,0.0,0.44694374999999975,1.0,1.0,1.0,0.0,0.0,0.44694374999999975
bitflip,mixed_pauli,0.2,1,10,qiskit_aer,1,1,0.92,0.92,0.0,0.0,0.5,0.5,0.0,0.0,0.05990543202457277,0.07571150853928899,0.03270900106837621,2.220446049250313e-16,0.06692144931891034,1.0,0.0,0.2,0.5,0.0,0.5,0.1999999999999998,8.95090418262362e-17,0.19999999999999973,0.19999999999999973,0.19999999999999973,1.0,1.0,1.0,0.0,0.0,0.0,0.1999999999999998,8.95090418262362e-17,0.19999999999999973,0.19999999999999973,0.19999999999999973,1.0,1.0,1.0,0.0,0.0,0.0,0.1999999999999998,8.95090418262362e-17,0.19999999999999973,0.19999999999999973,0.19999999999999973,1.0,1.0,1.0,0.0,0.0,0.0,0.1999999999999998,8.95090418262362e-17,0.19999999999999973,0.19999999999999973,0.19999999999999973,1.0,1.0,1.0,0.0,0.0,0.0,0.1999999999999998,8.95090418262362e-17,0.19999999999999973,0.19999999999999973,0.19999999999999973,1.0,1.0,1.0,0.0,0.0,0.0,1.0,1.0,1.0,1.0,1.0,1.0,0.0,1.0,1.0,0.0,1.0,1.0,0.0,1.0,1.0,0.0,1.0,1.0,0.0,1.0,1.0,1.0,1.0,1.0,0.0,0.0,0.0,0.0,1.0,1.0,1.0,1.0,1.0,1.0,0.0,0.0,0.0,0.0,0.0,1.0800000064979056,1.0,1.0,0.0,0.0,0,0,0,0,C1,0.0,0.0,0.1999999999999998,1.0,1.0,1.0,0.0,0.0,0.1999999999999998
bitflip,mixed_pauli,0.2,2,10,qiskit_aer,1,1,0.8377777777777778,0.8377777777777778,0.0,0.0,0.2,0.2,0.0,0.0,0.11268712889340907,0.07228345938544788,0.14268369134204484,0.06604141626602572,0.16000000000000036,1.0,0.0,0.0,0.2,0.0,0.2,0.3488888888888887,0.015299479536052004,0.35777777777777753,0.34666666666666646,0.3599999999999999,1.0,1.0,1.0,0.0,0.0,0.0,0.3488888888888887,0.015299479536052004,0.35777777777777753,0.34666666666666646,0.3599999999999999,1.0,1.0,1.0,0.0,0.0,0.0,0.3488888888888887,0.015299479536052004,0.35777777777777753,0.34666666666666646,0.3599999999999999,1.0,1.0,1.0,0.0,0.0,0.0,0.3488888888888887,0.015299479536052004,0.35777777777777753,0.34666666666666646,0.3599999999999999,1.0,1.0,1.0,0.0,0.0,0.0,0.3488888888888887,0.015299479536052004,0.35777777777777753,0.34666666666666646,0.3599999999999999,1.0,1.0,1.0,0.0,0.0,0.0,1.0,1.0,1.0,1.0,1.0,1.0,0.0,1.0,1.0,0.0,1.0,1.0,0.0,1.0,1.0,0.0,1.0,1.0,0.0,1.0,1.0,1.0,1.0,1.0,0.0,0.0,0.0,0.0,1.0,1.0,1.0,1.0,1.0,1.0,0.0,0.0,0.0,0.0,0.0,1.1622222248213705,0.65,0.65,0.0,0.0,0,0,0,0,C1,0.0,0.0,0.3488888888888887,1.0,1.0,1.0,0.0,0.0,0.3488888888888887
bitflip,mixed_pauli,0.2,3,10,qiskit_aer,1,1,0.7416,0.7416,0.0,0.0,0.0,0.0,0.0,0.0,0.16879619179046262,0.06409353877218893,0.15556529706790112,0.1359999999999999,0.1934043704053471,1.0,0.0,0.0,0.0,0.0,0.0,0.4609481481481479,0.012611262847839009,0.45599999999999974,0.45599999999999974,0.4731111111111108,1.0,1.0,1.0,0.0,0.0,0.0,0.4609481481481479,0.012611262847839009,0.45599999999999974,0.45599999999999974,0.4731111111111108,1.0,1.0,1.0,0.0,0.0,0.0,0.4609481481481479,0.012611262847839009,0.45599999999999974,0.45599999999999974,0.4731111111111108,1.0,1.0,1.0,0.0,0.0,0.0,0.4609481481481479,0.012611262847839009,0.45599999999999974,0.45599999999999974,0.4731111111111108,1.0,1.0,1.0,0.0,0.0,0.0,0.4609481481481479,0.012611262847839009,0.45599999999999974,0.45599999999999974,0.4731111111111108,1.0,1.0,1.0,0.0,0.0,0.0,1.0,1.0,1.0,1.0,1.0,1.0,0.0,1.0,1.0,0.0,1.0,1.0,0.0,1.0,1.0,0.0,1.0,1.0,0.0,1.0,1.0,1.0,1.0,1.0,0.0,0.0,0.0,0.0,1.0,1.0,1.0,1.0,1.0,1.0,0.0,0.0,0.0,0.0,0.0,1.2584000000003248,0.6,0.6,0.0,0.0,0,0,0,0,C1,0.0,0.0,0.4609481481481479,1.0,1.0,1.0,0.0,0.0,0.4609481481481479
bitflip,mixed_pauli,0.2,4,10,qiskit_aer,1,1,0.6801955555555556,0.6801955555555556,0.0,0.0,0.0,0.0,0.0,0.0,0.19775825704762834,0.05778172700928805,0.17953997395833338,0.17444594419097767,0.23799999999999996,1.0,0.0,0.0,0.0,0.0,0.0,0.5410666666666665,0.014849127671098783,0.5455111111111108,0.5351999999999998,0.5477333333333331,1.0,1.0,1.0,0.0,0.0,0.0,0.5410666666666665,0.014849127671098783,0.5455111111111108,0.5351999999999998,0.5477333333333331,1.0,1.0,1.0,0.0,0.0,0.0,0.5410666666666665,0.014849127671098783,0.5455111111111108,0.5351999999999998,0.5477333333333331,1.0,1.0,1.0,0.0,0.0,0.0,0.5410666666666665,0.014849127671098783,0.5455111111111108,0.5351999999999998,0.5477333333333331,1.0,1.0,1.0,0.0,0.0,0.0,0.5410666666666665,0.014849127671098783,0.5455111111111108,0.5351999999999998,0.5477333333333331,1.0,1.0,1.0,0.0,0.0,0.0,1.0,1.0,1.0,1.0,1.0,1.0,0.0,1.0,1.0,0.0,1.0,1.0,0.0,1.0,1.0,0.0,1.0,1.0,0.0,1.0,1.0,1.0,1.0,1.0,0.0,0.0,0.0,0.0,1.0,1.0,1.0,1.0,1.0,1.0,0.0,0.0,0.0,0.0,0.0,1.3198044444444739,0.2,0.2,0.0,0.0,0,0,0,0,C1,0.0,0.0,0.5410666666666665,1.0,1.0,1.0,0.0,0.0,0.5410666666666665
bitflip,phaseflip,0.01,1,10,qiskit_aer,1,1,1.0,1.0,0.0,0.0,1.0,1.0,0.0,0.0,-7.771561172376096e-16,0.0,-7.771561172376096e-16,-7.771561172376096e-16,-7.771561172376096e-16,1.0,0.0,0.0,1.0,0.0,1.0,0.009999999999999787,0.0,0.009999999999999787,0.009999999999999787,0.009999999999999787,1.0,1.0,1.0,0.0,0.0,0.0,0.009999999999999787,0.0,0.009999999999999787,0.009999999999999787,0.009999999999999787,1.0,1.0,1.0,0.0,0.0,0.0,0.009999999999999787,0.0,0.009999999999999787,0.009999999999999787,0.009999999999999787,1.0,1.0,1.0,0.0,0.0,0.0,0.009999999999999787,0.0,0.009999999999999787,0.009999999999999787,0.009999999999999787,1.0,1.0,1.0,0.0,0.0,0.0,0.009999999999999787,0.0,0.009999999999999787,0.009999999999999787,0.009999999999999787,1.0,1.0,1.0,0.0,0.0,0.0,1.0,1.0,1.0,1.0,1.0,1.0,0.0,1.0,1.0,0.0,1.0,1.0,0.0,1.0,1.0,0.0,1.0,1.0,0.0,1.0,1.0,1.0,1.0,1.0,0.0,0.0,0.0,0.0,1.0,1.0,1.0,1.0,1.0,1.0,0.0,0.0,0.0,0.0,0.0,1.0000000129948268,1.0,1.0,0.0,0.0,0,0,0,0,C1,0.0,0.0,0.009999999999999787,1.0,1.0,1.0,0.0,0.0,0.009999999999999787
bitflip,phaseflip,0.01,2,10,qiskit_aer,1,1,1.0,1.0,0.0,0.0,1.0,1.0,0.0,0.0,0.0,0.0,0.0,0.0,0.0,1.0,0.0,0.0,1.0,0.0,1.0,0.019799999999999818,0.0,0.019799999999999818,0.019799999999999818,0.019799999999999818,1.0,1.0,1.0,0.0,0.0,0.0,0.019799999999999818,0.0,0.019799999999999818,0.019799999999999818,0.019799999999999818,1.0,1.0,1.0,0.0,0.0,0.0,0.019799999999999818,0.0,0.019799999999999818,0.019799999999999818,0.019799999999999818,1.0,1.0,1.0,0.0,0.0,0.0,0.019799999999999818,0.0,0.019799999999999818,0.019799999999999818,0.019799999999999818,1.0,1.0,1.0,0.0,0.0,0.0,0.019799999999999818,0.0,0.019799999999999818,0.019799999999999818,0.019799999999999818,1.0,1.0,1.0,0.0,0.0,0.0,1.0,1.0,1.0,1.0,1.0,1.0,0.0,1.0,1.0,0.0,1.0,1.0,0.0,1.0,1.0,0.0,1.0,1.0,0.0,1.0,1.0,1.0,1.0,1.0,0.0,0.0,0.0,0.0,1.0,1.0,1.0,1.0,1.0,1.0,0.0,0.0,0.0,0.0,0.0,1.0000000129948268,1.0,1.0,0.0,0.0,0,0,0,0,C1,0.0,0.0,0.019799999999999818,1.0,1.0,1.0,0.0,0.0,0.019799999999999818
bitflip,phaseflip,0.01,3,10,qiskit_aer,1,1,1.0,1.0,0.0,0.0,1.0,1.0,0.0,0.0,3.3306690738754696e-16,0.0,3.3306690738754696e-16,3.3306690738754696e-16,3.3306690738754696e-16,1.0,0.0,0.0,1.0,0.0,1.0,0.029403999999999875,0.0,0.029403999999999875,0.029403999999999875,0.029403999999999875,1.0,1.0,1.0,0.0,0.0,0.0,0.029403999999999875,0.0,0.029403999999999875,0.029403999999999875,0.029403999999999875,1.0,1.0,1.0,0.0,0.0,0.0,0.029403999999999875,0.0,0.029403999999999875,0.029403999999999875,0.029403999999999875,1.0,1.0,1.0,0.0,0.0,0.0,0.029403999999999875,0.0,0.029403999999999875,0.029403999999999875,0.029403999999999875,1.0,1.0,1.0,0.0,0.0,0.0,0.029403999999999875,0.0,0.029403999999999875,0.029403999999999875,0.029403999999999875,1.0,1.0,1.0,0.0,0.0,0.0,1.0,1.0,1.0,1.0,1.0,1.0,0.0,1.0,1.0,0.0,1.0,1.0,0.0,1.0,1.0,0.0,1.0,1.0,0.0,1.0,1.0,1.0,1.0,1.0,0.0,0.0,0.0,0.0,1.0,1.0,1.0,1.0,1.0,1.0,0.0,0.0,0.0,0.0,0.0,1.0000000129948268,1.0,1.0,0.0,0.0,0,0,0,0,C1,0.0,0.0,0.029403999999999875,1.0,1.0,1.0,0.0,0.0,0.029403999999999875
bitflip,phaseflip,0.01,4,10,qiskit_aer,1,1,1.0,1.0,0.0,0.0,1.0,1.0,0.0,0.0,-2.220446049250313e-16,0.0,-2.220446049250313e-16,-2.220446049250313e-16,-2.220446049250313e-16,1.0,0.0,0.0,1.0,0.0,1.0,0.038815920000000115,0.0,0.038815920000000115,0.038815920000000115,0.038815920000000115,1.0,1.0,1.0,0.0,0.0,0.0,0.038815920000000115,0.0,0.038815920000000115,0.038815920000000115,0.038815920000000115,1.0,1.0,1.0,0.0,0.0,0.0,0.038815920000000115,0.0,0.038815920000000115,0.038815920000000115,0.038815920000000115,1.0,1.0,1.0,0.0,0.0,0.0,0.038815920000000115,0.0,0.038815920000000115,0.038815920000000115,0.038815920000000115,1.0,1.0,1.0,0.0,0.0,0.0,0.038815920000000115,0.0,0.038815920000000115,0.038815920000000115,0.038815920000000115,1.0,1.0,1.0,0.0,0.0,0.0,1.0,1.0,1.0,1.0,1.0,1.0,0.0,1.0,1.0,0.0,1.0,1.0,0.0,1.0,1.0,0.0,1.0,1.0,0.0,1.0,1.0,1.0,1.0,1.0,0.0,0.0,0.0,0.0,1.0,1.0,1.0,1.0,1.0,1.0,0.0,0.0,0.0,0.0,0.0,1.0000000129948268,1.0,1.0,0.0,0.0,0,0,0,0,C1,0.0,0.0,0.038815920000000115,1.0,1.0,1.0,0.0,0.0,0.038815920000000115
bitflip,phaseflip,0.03,1,10,qiskit_aer,1,1,1.0,1.0,0.0,0.0,1.0,1.0,0.0,0.0,-4.440892098500626e-16,0.0,-4.440892098500626e-16,-4.440892098500626e-16,-4.440892098500626e-16,1.0,0.0,0.0,1.0,0.0,1.0,0.029999999999999694,0.0,0.029999999999999694,0.029999999999999694,0.029999999999999694,1.0,1.0,1.0,0.0,0.0,0.0,0.029999999999999694,0.0,0.029999999999999694,0.029999999999999694,0.029999999999999694,1.0,1.0,1.0,0.0,0.0,0.0,0.029999999999999694,0.0,0.029999999999999694,0.029999999999999694,0.029999999999999694,1.0,1.0,1.0,0.0,0.0,0.0,0.029999999999999694,0.0,0.029999999999999694,0.029999999999999694,0.029999999999999694,1.0,1.0,1.0,0.0,0.0,0.0,0.029999999999999694,0.0,0.029999999999999694,0.029999999999999694,0.029999999999999694,1.0,1.0,1.0,0.0,0.0,0.0,1.0,1.0,1.0,1.0,1.0,1.0,0.0,1.0,1.0,0.0,1.0,1.0,0.0,1.0,1.0,0.0,1.0,1.0,0.0,1.0,1.0,1.0,1.0,1.0,0.0,0.0,0.0,0.0,1.0,1.0,1.0,1.0,1.0,1.0,0.0,0.0,0.0,0.0,0.0,1.0000000129948268,1.0,1.0,0.0,0.0,0,0,0,0,C1,0.0,0.0,0.029999999999999694,1.0,1.0,1.0,0.0,0.0,0.029999999999999694
bitflip,phaseflip,0.03,2,10,qiskit_aer,1,1,1.0,1.0,0.0,0.0,1.0,1.0,0.0,0.0,1.1102230246251565e-16,0.0,1.1102230246251565e-16,1.1102230246251565e-16,1.1102230246251565e-16,1.0,0.0,0.0,1.0,0.0,1.0,0.058199999999999696,0.0,0.058199999999999696,0.058199999999999696,0.058199999999999696,1.0,1.0,1.0,0.0,0.0,0.0,0.058199999999999696,0.0,0.058199999999999696,0.058199999999999696,0.058199999999999696,1.0,1.0,1.0,0.0,0.0,0.0,0.058199999999999696,0.0,0.058199999999999696,0.058199999999999696,0.058199999999999696,1.0,1.0,1.0,0.0,0.0,0.0,0.058199999999999696,0.0,0.058199999999999696,0.058199999999999696,0.058199999999999696,1.0,1.0,1.0,0.0,0.0,0.0,0.058199999999999696,0.0,0.058199999999999696,0.058199999999999696,0.058199999999999696,1.0,1.0,1.0,0.0,0.0,0.0,1.0,1.0,1.0,1.0,1.0,1.0,0.0,1.0,1.0,0.0,1.0,1.0,0.0,1.0,1.0,0.0,1.0,1.0,0.0,1.0,1.0,1.0,1.0,1.0,0.0,0.0,0.0,0.0,1.0,1.0,1.0,1.0,1.0,1.0,0.0,0.0,0.0,0.0,0.0,1.0000000129948268,1.0,1.0,0.0,0.0,0,0,0,0,C1,0.0,0.0,0.058199999999999696,1.0,1.0,1.0,0.0,0.0,0.058199999999999696
bitflip,phaseflip,0.03,3,10,qiskit_aer,1,1,1.0,1.0,0.0,0.0,1.0,1.0,0.0,0.0,2.220446049250313e-16,0.0,2.220446049250313e-16,2.220446049250313e-16,2.220446049250313e-16,1.0,0.0,0.0,1.0,0.0,1.0,0.08470800000000012,0.0,0.08470800000000012,0.08470800000000012,0.08470800000000012,1.0,1.0,1.0,0.0,0.0,0.0,0.08470800000000012,0.0,0.08470800000000012,0.08470800000000012,0.08470800000000012,1.0,1.0,1.0,0.0,0.0,0.0,0.08470800000000012,0.0,0.08470800000000012,0.08470800000000012,0.08470800000000012,1.0,1.0,1.0,0.0,0.0,0.0,0.08470800000000012,0.0,0.08470800000000012,0.08470800000000012,0.08470800000000012,1.0,1.0,1.0,0.0,0.0,0.0,0.08470800000000012,0.0,0.08470800000000012,0.08470800000000012,0.08470800000000012,1.0,1.0,1.0,0.0,0.0,0.0,1.0,1.0,1.0,1.0,1.0,1.0,0.0,1.0,1.0,0.0,1.0,1.0,0.0,1.0,1.0,0.0,1.0,1.0,0.0,1.0,1.0,1.0,1.0,1.0,0.0,0.0,0.0,0.0,1.0,1.0,1.0,1.0,1.0,1.0,0.0,0.0,0.0,0.0,0.0,1.0000000129948268,1.0,1.0,0.0,0.0,0,0,0,0,C1,0.0,0.0,0.08470800000000012,1.0,1.0,1.0,0.0,0.0,0.08470800000000012
bitflip,phaseflip,0.03,4,10,qiskit_aer,1,1,1.0,1.0,0.0,0.0,1.0,1.0,0.0,0.0,-2.220446049250313e-16,0.0,-2.220446049250313e-16,-2.220446049250313e-16,-2.220446049250313e-16,1.0,0.0,0.0,1.0,0.0,1.0,0.10962551999999981,0.0,0.10962551999999981,0.10962551999999981,0.10962551999999981,1.0,1.0,1.0,0.0,0.0,0.0,0.10962551999999981,0.0,0.10962551999999981,0.10962551999999981,0.10962551999999981,1.0,1.0,1.0,0.0,0.0,0.0,0.10962551999999981,0.0,0.10962551999999981,0.10962551999999981,0.10962551999999981,1.0,1.0,1.0,0.0,0.0,0.0,0.10962551999999981,0.0,0.10962551999999981,0.10962551999999981,0.10962551999999981,1.0,1.0,1.0,0.0,0.0,0.0,0.10962551999999981,0.0,0.10962551999999981,0.10962551999999981,0.10962551999999981,1.0,1.0,1.0,0.0,0.0,0.0,1.0,1.0,1.0,1.0,1.0,1.0,0.0,1.0,1.0,0.0,1.0,1.0,0.0,1.0,1.0,0.0,1.0,1.0,0.0,1.0,1.0,1.0,1.0,1.0,0.0,0.0,0.0,0.0,1.0,1.0,1.0,1.0,1.0,1.0,0.0,0.0,0.0,0.0,0.0,1.0000000129948268,1.0,1.0,0.0,0.0,0,0,0,0,C1,0.0,0.0,0.10962551999999981,1.0,1.0,1.0,0.0,0.0,0.10962551999999981
bitflip,phaseflip,0.05,1,10,qiskit_aer,1,1,1.0,1.0,0.0,0.0,1.0,1.0,0.0,0.0,-1.1102230246251565e-16,0.0,-1.1102230246251565e-16,-1.1102230246251565e-16,-1.1102230246251565e-16,1.0,0.0,0.0,1.0,0.0,1.0,0.04999999999999993,0.0,0.04999999999999993,0.04999999999999993,0.04999999999999993,1.0,1.0,1.0,0.0,0.0,0.0,0.04999999999999993,0.0,0.04999999999999993,0.04999999999999993,0.04999999999999993,1.0,1.0,1.0,0.0,0.0,0.0,0.04999999999999993,0.0,0.04999999999999993,0.04999999999999993,0.04999999999999993,1.0,1.0,1.0,0.0,0.0,0.0,0.04999999999999993,0.0,0.04999999999999993,0.04999999999999993,0.04999999999999993,1.0,1.0,1.0,0.0,0.0,0.0,0.04999999999999993,0.0,0.04999999999999993,0.04999999999999993,0.04999999999999993,1.0,1.0,1.0,0.0,0.0,0.0,1.0,1.0,1.0,1.0,1.0,1.0,0.0,1.0,1.0,0.0,1.0,1.0,0.0,1.0,1.0,0.0,1.0,1.0,0.0,1.0,1.0,1.0,1.0,1.0,0.0,0.0,0.0,0.0,1.0,1.0,1.0,1.0,1.0,1.0,0.0,0.0,0.0,0.0,0.0,1.0000000129948268,1.0,1.0,0.0,0.0,0,0,0,0,C1,0.0,0.0,0.04999999999999993,1.0,1.0,1.0,0.0,0.0,0.04999999999999993
bitflip,phaseflip,0.05,2,10,qiskit_aer,1,1,1.0,1.0,0.0,0.0,1.0,1.0,0.0,0.0,1.1102230246251565e-16,0.0,1.1102230246251565e-16,1.1102230246251565e-16,1.1102230246251565e-16,1.0,0.0,0.0,1.0,0.0,1.0,0.09499999999999997,0.0,0.09499999999999997,0.09499999999999997,0.09499999999999997,1.0,1.0,1.0,0.0,0.0,0.0,0.09499999999999997,0.0,0.09499999999999997,0.09499999999999997,0.09499999999999997,1.0,1.0,1.0,0.0,0.0,0.0,0.09499999999999997,0.0,0.09499999999999997,0.09499999999999997,0.09499999999999997,1.0,1.0,1.0,0.0,0.0,0.0,0.09499999999999997,0.0,0.09499999999999997,0.09499999999999997,0.09499999999999997,1.0,1.0,1.0,0.0,0.0,0.0,0.09499999999999997,0.0,0.09499999999999997,0.09499999999999997,0.09499999999999997,1.0,1.0,1.0,0.0,0.0,0.0,1.0,1.0,1.0,1.0,1.0,1.0,0.0,1.0,1.0,0.0,1.0,1.0,0.0,1.0,1.0,0.0,1.0,1.0,0.0,1.0,1.0,1.0,1.0,1.0,0.0,0.0,0.0,0.0,1.0,1.0,1.0,1.0,1.0,1.0,0.0,0.0,0.0,0.0,0.0,1.0000000129948268,1.0,1.0,0.0,0.0,0,0,0,0,C1,0.0,0.0,0.09499999999999997,1.0,1.0,1.0,0.0,0.0,0.09499999999999997
bitflip,phaseflip,0.05,3,10,qiskit_aer,1,1,1.0,1.0,0.0,0.0,1.0,1.0,0.0,0.0,-2.220446049250313e-16,0.0,-2.220446049250313e-16,-2.220446049250313e-16,-2.220446049250313e-16,1.0,0.0,0.0,1.0,0.0,1.0,0.13549999999999995,0.0,0.13549999999999995,0.13549999999999995,0.13549999999999995,1.0,1.0,1.0,0.0,0.0,0.0,0.13549999999999995,0.0,0.13549999999999995,0.13549999999999995,0.13549999999999995,1.0,1.0,1.0,0.0,0.0,0.0,0.13549999999999995,0.0,0.13549999999999995,0.13549999999999995,0.13549999999999995,1.0,1.0,1.0,0.0,0.0,0.0,0.13549999999999995,0.0,0.13549999999999995,0.13549999999999995,0.13549999999999995,1.0,1.0,1.0,0.0,0.0,0.0,0.13549999999999995,0.0,0.13549999999999995,0.13549999999999995,0.13549999999999995,1.0,1.0,1.0,0.0,0.0,0.0,1.0,1.0,1.0,1.0,1.0,1.0,0.0,1.0,1.0,0.0,1.0,1.0,0.0,1.0,1.0,0.0,1.0,1.0,0.0,1.0,1.0,1.0,1.0,1.0,0.0,0.0,0.0,0.0,1.0,1.0,1.0,1.0,1.0,1.0,0.0,0.0,0.0,0.0,0.0,1.0000000129948268,1.0,1.0,0.0,0.0,0,0,0,0,C1,0.0,0.0,0.13549999999999995,1.0,1.0,1.0,0.0,0.0,0.13549999999999995
bitflip,phaseflip,0.05,4,10,qiskit_aer,1,1,1.0,1.0,0.0,0.0,1.0,1.0,0.0,0.0,0.0,0.0,0.0,0.0,0.0,1.0,0.0,0.0,1.0,0.0,1.0,0.17195000000000005,0.0,0.17195000000000005,0.17195000000000005,0.17195000000000005,1.0,1.0,1.0,0.0,0.0,0.0,0.17195000000000005,0.0,0.17195000000000005,0.17195000000000005,0.17195000000000005,1.0,1.0,1.0,0.0,0.0,0.0,0.17195000000000005,0.0,0.17195000000000005,0.17195000000000005,0.17195000000000005,1.0,1.0,1.0,0.0,0.0,0.0,0.17195000000000005,0.0,0.17195000000000005,0.17195000000000005,0.17195000000000005,1.0,1.0,1.0,0.0,0.0,0.0,0.17195000000000005,0.0,0.17195000000000005,0.17195000000000005,0.17195000000000005,1.0,1.0,1.0,0.0,0.0,0.0,1.0,1.0,1.0,1.0,1.0,1.0,0.0,1.0,1.0,0.0,1.0,1.0,0.0,1.0,1.0,0.0,1.0,1.0,0.0,1.0,1.0,1.0,1.0,1.0,0.0,0.0,0.0,0.0,1.0,1.0,1.0,1.0,1.0,1.0,0.0,0.0,0.0,0.0,0.0,1.0000000129948268,1.0,1.0,0.0,0.0,0,0,0,0,C1,0.0,0.0,0.17195000000000005,1.0,1.0,1.0,0.0,0.0,0.17195000000000005
bitflip,phaseflip,0.1,1,10,qiskit_aer,1,1,1.0,1.0,0.0,0.0,1.0,1.0,0.0,0.0,-1.1102230246251565e-16,0.0,-1.1102230246251565e-16,-1.1102230246251565e-16,-1.1102230246251565e-16,1.0,0.0,0.0,1.0,0.0,1.0,0.09999999999999987,0.0,0.09999999999999987,0.09999999999999987,0.09999999999999987,1.0,1.0,1.0,0.0,0.0,0.0,0.09999999999999987,0.0,0.09999999999999987,0.09999999999999987,0.09999999999999987,1.0,1.0,1.0,0.0,0.0,0.0,0.09999999999999987,0.0,0.09999999999999987,0.09999999999999987,0.09999999999999987,1.0,1.0,1.0,0.0,0.0,0.0,0.09999999999999987,0.0,0.09999999999999987,0.09999999999999987,0.09999999999999987,1.0,1.0,1.0,0.0,0.0,0.0,0.09999999999999987,0.0,0.09999999999999987,0.09999999999999987,0.09999999999999987,1.0,1.0,1.0,0.0,0.0,0.0,1.0,1.0,1.0,1.0,1.0,1.0,0.0,1.0,1.0,0.0,1.0,1.0,0.0,1.0,1.0,0.0,1.0,1.0,0.0,1.0,1.0,1.0,1.0,1.0,0.0,0.0,0.0,0.0,1.0,1.0,1.0,1.0,1.0,1.0,0.0,0.0,0.0,0.0,0.0,1.0000000129948268,1.0,1.0,0.0,0.0,0,0,0,0,C1,0.0,0.0,0.09999999999999987,1.0,1.0,1.0,0.0,0.0,0.09999999999999987
bitflip,phaseflip,0.1,2,10,qiskit_aer,1,1,1.0,1.0,0.0,0.0,1.0,1.0,0.0,0.0,2.220446049250313e-16,0.0,2.220446049250313e-16,2.220446049250313e-16,2.220446049250313e-16,1.0,0.0,0.0,1.0,0.0,1.0,0.17999999999999994,0.0,0.17999999999999994,0.17999999999999994,0.17999999999999994,1.0,1.0,1.0,0.0,0.0,0.0,0.17999999999999994,0.0,0.17999999999999994,0.17999999999999994,0.17999999999999994,1.0,1.0,1.0,0.0,0.0,0.0,0.17999999999999994,0.0,0.17999999999999994,0.17999999999999994,0.17999999999999994,1.0,1.0,1.0,0.0,0.0,0.0,0.17999999999999994,0.0,0.17999999999999994,0.17999999999999994,0.17999999999999994,1.0,1.0,1.0,0.0,0.0,0.0,0.17999999999999994,0.0,0.17999999999999994,0.17999999999999994,0.17999999999999994,1.0,1.0,1.0,0.0,0.0,0.0,1.0,1.0,1.0,1.0,1.0,1.0,0.0,1.0,1.0,0.0,1.0,1.0,0.0,1.0,1.0,0.0,1.0,1.0,0.0,1.0,1.0,1.0,1.0,1.0,0.0,0.0,0.0,0.0,1.0,1.0,1.0,1.0,1.0,1.0,0.0,0.0,0.0,0.0,0.0,1.0000000129948268,1.0,1.0,0.0,0.0,0,0,0,0,C1,0.0,0.0,0.17999999999999994,1.0,1.0,1.0,0.0,0.0,0.17999999999999994
bitflip,phaseflip,0.1,3,10,qiskit_aer,1,1,1.0,1.0,0.0,0.0,1.0,1.0,0.0,0.0,2.220446049250313e-16,0.0,2.220446049250313e-16,2.220446049250313e-16,2.220446049250313e-16,1.0,0.0,0.0,1.0,0.0,1.0,0.24399999999999977,0.0,0.24399999999999977,0.24399999999999977,0.24399999999999977,1.0,1.0,1.0,0.0,0.0,0.0,0.24399999999999977,0.0,0.24399999999999977,0.24399999999999977,0.24399999999999977,1.0,1.0,1.0,0.0,0.0,0.0,0.24399999999999977,0.0,0.24399999999999977,0.24399999999999977,0.24399999999999977,1.0,1.0,1.0,0.0,0.0,0.0,0.24399999999999977,0.0,0.24399999999999977,0.24399999999999977,0.24399999999999977,1.0,1.0,1.0,0.0,0.0,0.0,0.24399999999999977,0.0,0.24399999999999977,0.24399999999999977,0.24399999999999977,1.0,1.0,1.0,0.0,0.0,0.0,1.0,1.0,1.0,1.0,1.0,1.0,0.0,1.0,1.0,0.0,1.0,1.0,0.0,1.0,1.0,0.0,1.0,1.0,0.0,1.0,1.0,1.0,1.0,1.0,0.0,0.0,0.0,0.0,1.0,1.0,1.0,1.0,1.0,1.0,0.0,0.0,0.0,0.0,0.0,1.0000000129948268,1.0,1.0,0.0,0.0,0,0,0,0,C1,0.0,0.0,0.24399999999999977,1.0,1.0,1.0,0.0,0.0,0.24399999999999977
bitflip,phaseflip,0.1,4,10,qiskit_aer,1,1,1.0,1.0,0.0,0.0,1.0,1.0,0.0,0.0,0.0,0.0,0.0,0.0,0.0,1.0,0.0,0.0,1.0,0.0,1.0,0.2951999999999999,0.0,0.2951999999999999,0.2951999999999999,0.2951999999999999,1.0,1.0,1.0,0.0,0.0,0.0,0.2951999999999999,0.0,0.2951999999999999,0.2951999999999999,0.2951999999999999,1.0,1.0,1.0,0.0,0.0,0.0,0.2951999999999999,0.0,0.2951999999999999,0.2951999999999999,0.2951999999999999,1.0,1.0,1.0,0.0,0.0,0.0,0.2951999999999999,0.0,0.2951999999999999,0.2951999999999999,0.2951999999999999,1.0,1.0,1.0,0.0,0.0,0.0,0.2951999999999999,0.0,0.2951999999999999,0.2951999999999999,0.2951999999999999,1.0,1.0,1.0,0.0,0.0,0.0,1.0,1.0,1.0,1.0,1.0,1.0,0.0,1.0,1.0,0.0,1.0,1.0,0.0,1.0,1.0,0.0,1.0,1.0,0.0,1.0,1.0,1.0,1.0,1.0,0.0,0.0,0.0,0.0,1.0,1.0,1.0,1.0,1.0,1.0,0.0,0.0,0.0,0.0,0.0,1.0000000129948268,1.0,1.0,0.0,0.0,0,0,0,0,C1,0.0,0.0,0.2951999999999999,1.0,1.0,1.0,0.0,0.0,0.2951999999999999
bitflip,phaseflip,0.15,1,10,qiskit_aer,1,1,1.0,1.0,0.0,0.0,1.0,1.0,0.0,0.0,0.0,0.0,0.0,0.0,0.0,1.0,0.0,0.0,1.0,0.0,1.0,0.1499999999999998,2.7755575615628914e-17,0.1499999999999998,0.1499999999999998,0.1499999999999998,1.0,1.0,1.0,0.0,0.0,0.0,0.1499999999999998,2.7755575615628914e-17,0.1499999999999998,0.1499999999999998,0.1499999999999998,1.0,1.0,1.0,0.0,0.0,0.0,0.1499999999999998,2.7755575615628914e-17,0.1499999999999998,0.1499999999999998,0.1499999999999998,1.0,1.0,1.0,0.0,0.0,0.0,0.1499999999999998,2.7755575615628914e-17,0.1499999999999998,0.1499999999999998,0.1499999999999998,1.0,1.0,1.0,0.0,0.0,0.0,0.1499999999999998,2.7755575615628914e-17,0.1499999999999998,0.1499999999999998,0.1499999999999998,1.0,1.0,1.0,0.0,0.0,0.0,1.0,1.0,1.0,1.0,1.0,1.0,0.0,1.0,1.0,0.0,1.0,1.0,0.0,1.0,1.0,0.0,1.0,1.0,0.0,1.0,1.0,1.0,1.0,1.0,0.0,0.0,0.0,0.0,1.0,1.0,1.0,1.0,1.0,1.0,0.0,0.0,0.0,0.0,0.0,1.0000000129948268,1.0,1.0,0.0,0.0,0,0,0,0,C1,0.0,0.0,0.1499999999999998,1.0,1.0,1.0,0.0,0.0,0.1499999999999998
bitflip,phaseflip,0.15,2,10,qiskit_aer,1,1,1.0,1.0,0.0,0.0,1.0,1.0,0.0,0.0,-2.220446049250313e-16,0.0,-2.220446049250313e-16,-2.220446049250313e-16,-2.220446049250313e-16,1.0,0.0,0.0,1.0,0.0,1.0,0.2549999999999998,0.0,0.2549999999999998,0.2549999999999998,0.2549999999999998,1.0,1.0,1.0,0.0,0.0,0.0,0.2549999999999998,0.0,0.2549999999999998,0.2549999999999998,0.2549999999999998,1.0,1.0,1.0,0.0,0.0,0.0,0.2549999999999998,0.0,0.2549999999999998,0.2549999999999998,0.2549999999999998,1.0,1.0,1.0,0.0,0.0,0.0,0.2549999999999998,0.0,0.2549999999999998,0.2549999999999998,0.2549999999999998,1.0,1.0,1.0,0.0,0.0,0.0,0.2549999999999998,0.0,0.2549999999999998,0.2549999999999998,0.2549999999999998,1.0,1.0,1.0,0.0,0.0,0.0,1.0,1.0,1.0,1.0,1.0,1.0,0.0,1.0,1.0,0.0,1.0,1.0,0.0,1.0,1.0,0.0,1.0,1.0,0.0,1.0,1.0,1.0,1.0,1.0,0.0,0.0,0.0,0.0,1.0,1.0,1.0,1.0,1.0,1.0,0.0,0.0,0.0,0.0,0.0,1.0000000129948268,1.0,1.0,0.0,0.0,0,0,0,0,C1,0.0,0.0,0.2549999999999998,1.0,1.0,1.0,0.0,0.0,0.2549999999999998
bitflip,phaseflip,0.15,3,10,qiskit_aer,1,1,1.0,1.0,0.0,0.0,1.0,1.0,0.0,0.0,0.0,0.0,0.0,0.0,0.0,1.0,0.0,0.0,1.0,0.0,1.0,0.3284999999999998,5.551115123125783e-17,0.3284999999999998,0.3284999999999998,0.3284999999999998,1.0,1.0,1.0,0.0,0.0,0.0,0.3284999999999998,5.551115123125783e-17,0.3284999999999998,0.3284999999999998,0.3284999999999998,1.0,1.0,1.0,0.0,0.0,0.0,0.3284999999999998,5.551115123125783e-17,0.3284999999999998,0.3284999999999998,0.3284999999999998,1.0,1.0,1.0,0.0,0.0,0.0,0.3284999999999998,5.551115123125783e-17,0.3284999999999998,0.3284999999999998,0.3284999999999998,1.0,1.0,1.0,0.0,0.0,0.0,0.3284999999999998,5.551115123125783e-17,0.3284999999999998,0.3284999999999998,0.3284999999999998,1.0,1.0,1.0,0.0,0.0,0.0,1.0,1.0,1.0,1.0,1.0,1.0,0.0,1.0,1.0,0.0,1.0,1.0,0.0,1.0,1.0,0.0,1.0,1.0,0.0,1.0,1.0,1.0,1.0,1.0,0.0,0.0,0.0,0.0,1.0,1.0,1.0,1.0,1.0,1.0,0.0,0.0,0.0,0.0,0.0,1.0000000129948268,1.0,1.0,0.0,0.0,0,0,0,0,C1,0.0,0.0,0.3284999999999998,1.0,1.0,1.0,0.0,0.0,0.3284999999999998
bitflip,phaseflip,0.15,4,10,qiskit_aer,1,1,1.0,1.0,0.0,0.0,1.0,1.0,0.0,0.0,0.0,0.0,0.0,0.0,0.0,1.0,0.0,0.0,1.0,0.0,1.0,0.3799499999999998,5.551115123125783e-17,0.3799499999999998,0.3799499999999998,0.3799499999999998,1.0,1.0,1.0,0.0,0.0,0.0,0.3799499999999998,5.551115123125783e-17,0.3799499999999998,0.3799499999999998,0.3799499999999998,1.0,1.0,1.0,0.0,0.0,0.0,0.3799499999999998,5.551115123125783e-17,0.3799499999999998,0.3799499999999998,0.3799499999999998,1.0,1.0,1.0,0.0,0.0,0.0,0.3799499999999998,5.551115123125783e-17,0.3799499999999998,0.3799499999999998,0.3799499999999998,1.0,1.0,1.0,0.0,0.0,0.0,0.3799499999999998,5.551115123125783e-17,0.3799499999999998,0.3799499999999998,0.3799499999999998,1.0,1.0,1.0,0.0,0.0,0.0,1.0,1.0,1.0,1.0,1.0,1.0,0.0,1.0,1.0,0.0,1.0,1.0,0.0,1.0,1.0,0.0,1.0,1.0,0.0,1.0,1.0,1.0,1.0,1.0,0.0,0.0,0.0,0.0,1.0,1.0,1.0,1.0,1.0,1.0,0.0,0.0,0.0,0.0,0.0,1.0000000129948268,1.0,1.0,0.0,0.0,0,0,0,0,C1,0.0,0.0,0.3799499999999998,1.0,1.0,1.0,0.0,0.0,0.3799499999999998
bitflip,phaseflip,0.2,1,10,qiskit_aer,1,1,1.0,1.0,0.0,0.0,1.0,1.0,0.0,0.0,2.220446049250313e-16,0.0,2.220446049250313e-16,2.220446049250313e-16,2.220446049250313e-16,1.0,0.0,0.0,1.0,0.0,1.0,0.19999999999999973,0.0,0.19999999999999973,0.19999999999999973,0.19999999999999973,1.0,1.0,1.0,0.0,0.0,0.0,0.19999999999999973,0.0,0.19999999999999973,0.19999999999999973,0.19999999999999973,1.0,1.0,1.0,0.0,0.0,0.0,0.19999999999999973,0.0,0.19999999999999973,0.19999999999999973,0.19999999999999973,1.0,1.0,1.0,0.0,0.0,0.0,0.19999999999999973,0.0,0.19999999999999973,0.19999999999999973,0.19999999999999973,1.0,1.0,1.0,0.0,0.0,0.0,0.19999999999999973,0.0,0.19999999999999973,0.19999999999999973,0.19999999999999973,1.0,1.0,1.0,0.0,0.0,0.0,1.0,1.0,1.0,1.0,1.0,1.0,0.0,1.0,1.0,0.0,1.0,1.0,0.0,1.0,1.0,0.0,1.0,1.0,0.0,1.0,1.0,1.0,1.0,1.0,0.0,0.0,0.0,0.0,1.0,1.0,1.0,1.0,1.0,1.0,0.0,0.0,0.0,0.0,0.0,1.0000000129948268,1.0,1.0,0.0,0.0,0,0,0,0,C1,0.0,0.0,0.19999999999999973,1.0,1.0,1.0,0.0,0.0,0.19999999999999973
bitflip,phaseflip,0.2,2,10,qiskit_aer,1,1,1.0,1.0,0.0,0.0,1.0,1.0,0.0,0.0,0.0,0.0,0.0,0.0,0.0,1.0,0.0,0.0,1.0,0.0,1.0,0.31999999999999984,0.0,0.31999999999999984,0.31999999999999984,0.31999999999999984,1.0,1.0,1.0,0.0,0.0,0.0,0.31999999999999984,0.0,0.31999999999999984,0.31999999999999984,0.31999999999999984,1.0,1.0,1.0,0.0,0.0,0.0,0.31999999999999984,0.0,0.31999999999999984,0.31999999999999984,0.31999999999999984,1.0,1.0,1.0,0.0,0.0,0.0,0.31999999999999984,0.0,0.31999999999999984,0.31999999999999984,0.31999999999999984,1.0,1.0,1.0,0.0,0.0,0.0,0.31999999999999984,0.0,0.31999999999999984,0.31999999999999984,0.31999999999999984,1.0,1.0,1.0,0.0,0.0,0.0,1.0,1.0,1.0,1.0,1.0,1.0,0.0,1.0,1.0,0.0,1.0,1.0,0.0,1.0,1.0,0.0,1.0,1.0,0.0,1.0,1.0,1.0,1.0,1.0,0.0,0.0,0.0,0.0,1.0,1.0,1.0,1.0,1.0,1.0,0.0,0.0,0.0,0.0,0.0,1.0000000129948268,1.0,1.0,0.0,0.0,0,0,0,0,C1,0.0,0.0,0.31999999999999984,1.0,1.0,1.0,0.0,0.0,0.31999999999999984
bitflip,phaseflip,0.2,3,10,qiskit_aer,1,1,1.0,1.0,0.0,0.0,1.0,1.0,0.0,0.0,-1.1102230246251565e-16,0.0,-1.1102230246251565e-16,-1.1102230246251565e-16,-1.1102230246251565e-16,1.0,0.0,0.0,1.0,0.0,1.0,0.3919999999999998,0.0,0.3919999999999998,0.3919999999999998,0.3919999999999998,1.0,1.0,1.0,0.0,0.0,0.0,0.3919999999999998,0.0,0.3919999999999998,0.3919999999999998,0.3919999999999998,1.0,1.0,1.0,0.0,0.0,0.0,0.3919999999999998,0.0,0.3919999999999998,0.3919999999999998,0.3919999999999998,1.0,1.0,1.0,0.0,0.0,0.0,0.3919999999999998,0.0,0.3919999999999998,0.3919999999999998,0.3919999999999998,1.0,1.0,1.0,0.0,0.0,0.0,0.3919999999999998,0.0,0.3919999999999998,0.3919999999999998,0.3919999999999998,1.0,1.0,1.0,0.0,0.0,0.0,1.0,1.0,1.0,1.0,1.0,1.0,0.0,1.0,1.0,0.0,1.0,1.0,0.0,1.0,1.0,0.0,1.0,1.0,0.0,1.0,1.0,1.0,1.0,1.0,0.0,0.0,0.0,0.0,1.0,1.0,1.0,1.0,1.0,1.0,0.0,0.0,0.0,0.0,0.0,1.0000000129948268,1.0,1.0,0.0,0.0,0,0,0,0,C1,0.0,0.0,0.3919999999999998,1.0,1.0,1.0,0.0,0.0,0.3919999999999998
bitflip,phaseflip,0.2,4,10,qiskit_aer,1,1,1.0,1.0,0.0,0.0,1.0,1.0,0.0,0.0,0.0,0.0,0.0,0.0,0.0,1.0,0.0,0.0,1.0,0.0,1.0,0.4351999999999998,5.551115123125783e-17,0.4351999999999998,0.4351999999999998,0.4351999999999998,1.0,1.0,1.0,0.0,0.0,0.0,0.4351999999999998,5.551115123125783e-17,0.4351999999999998,0.4351999999999998,0.4351999999999998,1.0,1.0,1.0,0.0,0.0,0.0,0.4351999999999998,5.551115123125783e-17,0.4351999999999998,0.4351999999999998,0.4351999999999998,1.0,1.0,1.0,0.0,0.0,0.0,0.4351999999999998,5.551115123125783e-17,0.4351999999999998,0.4351999999999998,0.4351999999999998,1.0,1.0,1.0,0.0,0.0,0.0,0.4351999999999998,5.551115123125783e-17,0.4351999999999998,0.4351999999999998,0.4351999999999998,1.0,1.0,1.0,0.0,0.0,0.0,1.0,1.0,1.0,1.0,1.0,1.0,0.0,1.0,1.0,0.0,1.0,1.0,0.0,1.0,1.0,0.0,1.0,1.0,0.0,1.0,1.0,1.0,1.0,1.0,0.0,0.0,0.0,0.0,1.0,1.0,1.0,1.0,1.0,1.0,0.0,0.0,0.0,0.0,0.0,1.0000000129948268,1.0,1.0,0.0,0.0,0,0,0,0,C1,0.0,0.0,0.4351999999999998,1.0,1.0,1.0,0.0,0.0,0.4351999999999998
phaseflip,bitflip,0.01,1,10,qiskit_aer,1,1,1.0,1.0,0.0,0.0,1.0,1.0,0.0,0.0,0.0,0.0,0.0,0.0,0.0,1.0,0.0,1.0,1.0,0.0,0.0,-0.020153689607045777,0.0,-0.020153689607045777,-0.020153689607045777,-0.020153689607045777,0.0,1.0,0.0,0.0,1.0,1.0,-0.020153689607045777,0.0,-0.020153689607045777,-0.020153689607045777,-0.020153689607045777,0.0,1.0,0.0,0.0,1.0,1.0,-0.020153689607045777,0.0,-0.020153689607045777,-0.020153689607045777,-0.020153689607045777,0.0,1.0,0.0,0.0,1.0,1.0,-0.020153689607045777,0.0,-0.020153689607045777,-0.020153689607045777,-0.020153689607045777,0.0,1.0,0.0,0.0,1.0,1.0,-0.020153689607045777,0.0,-0.020153689607045777,-0.020153689607045777,-0.020153689607045777,0.0,1.0,0.0,0.0,1.0,1.0,1.0,1.0,1.0,1.0,1.0,1.0,0.0,1.0,1.0,0.0,1.0,1.0,0.0,1.0,1.0,0.0,1.0,1.0,0.0,1.0,1.0,1.0,1.0,1.0,0.0,0.0,0.0,0.0,1.0,1.0,1.0,1.0,1.0,1.0,0.0,0.0,0.0,0.0,0.0,1.0000000356145726,2.166112591183837e-20,2.166112591183837e-20,0.0,0.0,0,0,0,0,C1,1.0,0.0,-0.020153689607045777,0.0,0.0,1.0,1.0,0.0,-0.020153689607045777
phaseflip,bitflip,0.01,2,10,qiskit_aer,1,1,1.0,1.0,0.0,0.0,1.0,1.0,0.0,0.0,0.0,0.0,0.0,0.0,0.0,1.0,1.0,0.0,0.0,0.0,1.0,-0.010353689607045524,0.0,-0.010353689607045524,-0.010353689607045524,-0.010353689607045524,0.0,1.0,0.0,0.0,1.0,1.0,-0.010353689607045524,0.0,-0.010353689607045524,-0.010353689607045524,-0.010353689607045524,0.0,1.0,0.0,0.0,1.0,1.0,0.0,0.0,0.0,0.0,0.0,1.0,1.0,0.0,0.0,0.0,1.0,0.0,0.0,0.0,0.0,0.0,1.0,1.0,0.0,0.0,0.0,1.0,0.0,0.0,0.0,0.0,0.0,1.0,1.0,0.0,0.0,0.0,1.0,1.0,1.0,0.0,0.0,0.0,1.0,0.0,0.0,0.0,1.0,0.0,0.0,1.0,0.0,0.0,1.0,0.0,0.0,1.0,0.0,0.0,0.0,0.0,0.0,0.0,0.0,0.0,0.0,0.0,0.0,1.0,1.0,1.0,0.0,0.0,0.0,0.0,0.0,0.0,-0.9999999707356284,0.0,0.0,0.0,0.0,0,0,0,0,C2,0.0,0.0,0.0,0.0,1.0,0.0,0.0,0.0,0.0
phaseflip,bitflip,0.01,3,10,qiskit_aer,1,1,1.0,1.0,0.0,0.0,1.0,1.0,0.0,0.0,0.0,0.0,0.0,0.0,0.0,1.0,1.0,0.0,0.0,0.0,1.0,-0.0007496896070455783,0.0,-0.0007496896070455783,-0.0007496896070455783,-0.0007496896070455783,0.0,1.0,0.0,0.0,0.0,1.0,-0.0007496896070455783,0.0,-0.0007496896070455783,-0.0007496896070455783,-0.0007496896070455783,0.0,1.0,0.0,0.0,0.0,1.0,0.0,0.0,0.0,0.0,0.0,1.0,1.0,0.0,0.0,0.0,1.0,0.0,0.0,0.0,0.0,0.0,1.0,1.0,0.0,0.0,0.0,1.0,0.0,0.0,0.0,0.0,0.0,1.0,1.0,0.0,0.0,0.0,1.0,0.0,1.0,0.0,0.0,0.0,1.0,0.0,0.0,0.0,1.0,0.0,0.0,1.0,0.0,0.0,1.0,0.0,0.0,1.0,0.0,0.0,0.0,0.0,0.0,0.0,0.0,0.0,0.0,0.0,0.0,1.0,1.0,1.0,0.0,0.0,0.0,0.0,0.0,0.0,-0.9999999739596394,0.0,0.0,0.0,0.0,0,0,0,0,C2,0.0,0.0,0.0,0.0,1.0,0.0,0.0,0.0,0.0
phaseflip,bitflip,0.01,4,10,qiskit_aer,1,1,1.0,1.0,0.0,0.0,1.0,1.0,0.0,0.0,2.220446049250313e-16,0.0,2.220446049250313e-16,2.220446049250313e-16,2.220446049250313e-16,1.0,1.0,0.0,0.0,0.0,1.0,0.00866223039295444,0.0,0.00866223039295444,0.00866223039295444,0.00866223039295444,1.0,1.0,0.0,0.0,0.0,1.0,0.00866223039295444,0.0,0.00866223039295444,0.00866223039295444,0.00866223039295444,1.0,1.0,0.0,0.0,0.0,1.0,2.220446049250313e-16,0.0,2.220446049250313e-16,2.220446049250313e-16,2.220446049250313e-16,1.0,1.0,0.0,0.0,0.0,1.0,2.220446049250313e-16,0.0,2.220446049250313e-16,2.220446049250313e-16,2.220446049250313e-16,1.0,1.0,0.0,0.0,0.0,1.0,2.220446049250313e-16,0.0,2.220446049250313e-16,2.220446049250313e-16,2.220446049250313e-16,1.0,1.0,0.0,0.0,0.0,1.0,0.0,1.0,0.0,0.0,0.0,1.0,0.0,0.0,0.0,1.0,0.0,0.0,1.0,0.0,0.0,1.0,0.0,0.0,1.0,0.0,0.0,0.0,0.0,0.0,0.0,0.0,0.0,0.0,0.0,0.0,1.0,1.0,1.0,0.0,0.0,0.0,0.0,0.0,0.0,-0.9999999602174491,0.0,0.0,0.0,0.0,0,0,0,0,C1,0.0,0.0,0.00866223039295444,0.0,1.0,1.0,0.0,0.0,0.00866223039295444
phaseflip,bitflip,0.03,1,10,qiskit_aer,1,1,1.0,1.0,0.0,0.0,1.0,1.0,0.0,0.0,0.0,0.0,0.0,0.0,0.0,1.0,0.0,0.0,1.0,0.0,1.0,-0.00015368960704553736,0.0,-0.00015368960704553736,-0.00015368960704553736,-0.00015368960704553736,0.0,1.0,0.0,0.0,0.0,1.0,-0.00015368960704553736,0.0,-0.00015368960704553736,-0.00015368960704553736,-0.00015368960704553736,0.0,1.0,0.0,0.0,0.0,1.0,-0.00015368960704553736,0.0,-0.00015368960704553736,-0.00015368960704553736,-0.00015368960704553736,0.0,1.0,0.0,0.0,0.0,1.0,-0.00015368960704553736,0.0,-0.00015368960704553736,-0.00015368960704553736,-0.00015368960704553736,0.0,1.0,0.0,0.0,0.0,1.0,-0.00015368960704553736,0.0,-0.00015368960704553736,-0.00015368960704553736,-0.00015368960704553736,0.0,1.0,0.0,0.0,0.0,1.0,1.0,1.0,1.0,1.0,1.0,1.0,0.0,1.0,1.0,0.0,1.0,1.0,0.0,1.0,1.0,0.0,1.0,1.0,0.0,1.0,1.0,1.0,1.0,1.0,0.0,0.0,0.0,0.0,1.0,1.0,1.0,1.0,1.0,1.0,0.0,0.0,0.0,0.0,0.0,1.0000000356145726,2.166112591183837e-20,2.166112591183837e-20,0.0,0.0,0,0,0,0,C1,0.0,0.0,-0.00015368960704553736,0.0,0.0,1.0,0.0,0.0,-0.00015368960704553736
phaseflip,bitflip,0.03,2,10,qiskit_aer,1,1,1.0,1.0,0.0,0.0,1.0,1.0,0.0,0.0,2.220446049250313e-16,0.0,2.220446049250313e-16,2.220446049250313e-16,2.220446049250313e-16,1.0,0.0,0.0,1.0,0.0,1.0,0.028046310392954465,0.0,0.028046310392954465,0.028046310392954465,0.028046310392954465,1.0,1.0,0.0,0.0,0.0,1.0,0.028046310392954465,0.0,0.028046310392954465,0.028046310392954465,0.028046310392954465,1.0,1.0,0.0,0.0,0.0,1.0,0.028046310392954465,0.0,0.028046310392954465,0.028046310392954465,0.028046310392954465,1.0,1.0,0.0,0.0,0.0,1.0,0.028046310392954465,0.0,0.028046310392954465,0.028046310392954465,0.028046310392954465,1.0,1.0,0.0,0.0,0.0,1.0,0.028046310392954465,0.0,0.028046310392954465,0.028046310392954465,0.028046310392954465,1.0,1.0,0.0,0.0,0.0,1.0,1.0,1.0,1.0,1.0,1.0,1.0,0.0,1.0,1.0,0.0,1.0,1.0,0.0,1.0,1.0,0.0,1.0,1.0,0.0,1.0,1.0,1.0,1.0,1.0,0.0,0.0,0.0,0.0,1.0,1.0,1.0,1.0,1.0,1.0,0.0,0.0,0.0,0.0,0.0,1.0000000592900582,3.1887545362821103e-19,3.1887545362821103e-19,0.0,0.0,0,0,0,0,C1,0.0,0.0,0.028046310392954465,0.0,1.0,1.0,0.0,0.0,0.028046310392954465
phaseflip,bitflip,0.03,3,10,qiskit_aer,1,1,1.0,1.0,0.0,0.0,1.0,1.0,0.0,0.0,0.0,0.0,0.0,0.0,0.0,1.0,1.0,0.0,0.0,0.0,1.0,0.05455431039295433,0.0,0.05455431039295433,0.05455431039295433,0.05455431039295433,1.0,1.0,0.0,0.0,0.0,1.0,0.05455431039295433,0.0,0.05455431039295433,0.05455431039295433,0.05455431039295433,1.0,1.0,0.0,0.0,0.0,1.0,0.0,0.0,0.0,0.0,0.0,1.0,1.0,0.0,0.0,0.0,1.0,0.0,0.0,0.0,0.0,0.0,1.0,1.0,0.0,0.0,0.0,1.0,0.0,0.0,0.0,0.0,0.0,1.0,1.0,0.0,0.0,0.0,1.0,1.0,1.0,0.0,0.0,0.0,1.0,0.0,1.0,0.0,0.0,0.0,0.0,0.0,0.0,0.0,0.0,0.0,0.0,1.0,0.0,0.0,0.0,0.0,0.0,0.0,0.0,0.0,0.0,0.0,0.0,1.0,1.0,1.0,0.0,0.0,0.0,0.0,0.0,0.0,-0.999999949533079,0.0,0.0,0.0,0.0,0,0,0,0,C1,0.0,0.0,0.05455431039295433,0.0,1.0,1.0,0.0,0.0,0.05455431039295433
phaseflip,bitflip,0.03,4,10,qiskit_aer,1,1,1.0,1.0,0.0,0.0,1.0,1.0,0.0,0.0,-2.220446049250313e-16,0.0,-2.220446049250313e-16,-2.220446049250313e-16,-2.220446049250313e-16,1.0,1.0,0.0,0.0,0.0,1.0,0.07947183039295425,0.0,0.07947183039295425,0.07947183039295425,0.07947183039295425,1.0,1.0,0.0,0.0,0.0,1.0,0.07947183039295425,0.0,0.07947183039295425,0.07947183039295425,0.07947183039295425,1.0,1.0,0.0,0.0,0.0,1.0,-2.220446049250313e-16,0.0,-2.220446049250313e-16,-2.220446049250313e-16,-2.220446049250313e-16,1.0,1.0,0.0,0.0,0.0,1.0,-2.220446049250313e-16,0.0,-2.220446049250313e-16,-2.220446049250313e-16,-2.220446049250313e-16,1.0,1.0,0.0,0.0,0.0,1.0,-2.220446049250313e-16,0.0,-2.220446049250313e-16,-2.220446049250313e-16,-2.220446049250313e-16,1.0,1.0,0.0,0.0,0.0,1.0,1.0,1.0,0.0,0.0,0.0,1.0,0.0,1.0,0.0,0.0,0.0,0.0,0.0,0.0,0.0,0.0,0.0,0.0,1.0,0.0,0.0,0.0,0.0,0.0,0.0,0.0,0.0,0.0,0.0,0.0,1.0,1.0,1.0,0.0,0.0,0.0,0.0,0.0,0.0,-0.9999999879788849,0.0,0.0,0.0,0.0,0,0,0,0,C1,0.0,0.0,0.07947183039295425,0.0,1.0,1.0,0.0,0.0,0.07947183039295425
phaseflip,bitflip,0.05,1,10,qiskit_aer,1,1,1.0,1.0,0.0,0.0,1.0,1.0,0.0,0.0,0.0,0.0,0.0,0.0,0.0,1.0,1.0,0.0,0.0,0.0,1.0,0.01984631039295437,0.0,0.01984631039295437,0.01984631039295437,0.01984631039295437,1.0,1.0,0.0,0.0,0.0,1.0,0.0,0.0,0.0,0.0,0.0,1.0,1.0,0.0,0.0,0.0,1.0,0.0,0.0,0.0,0.0,0.0,1.0,1.0,0.0,0.0,0.0,1.0,0.0,0.0,0.0,0.0,0.0,1.0,1.0,0.0,0.0,0.0,1.0,0.0,0.0,0.0,0.0,0.0,1.0,1.0,0.0,0.0,0.0,1.0,1.0,0.0,0.0,0.0,0.0,0.0,0.0,0.0,0.0,0.0,0.0,0.0,0.0,0.0,0.0,0.0,0.0,0.0,0.0,0.0,0.0,0.0,0.0,0.0,0.0,0.0,0.0,0.0,0.0,0.0,1.0,1.0,1.0,0.0,0.0,0.0,0.0,0.0,0.0,-1.0,0.0,0.0,0.0,0.0,0,0,0,0,C1,0.0,0.0,0.0,0.0,1.0,0.0,0.0,0.0,0.0
phaseflip,bitflip,0.05,2,10,qiskit_aer,1,1,1.0,1.0,0.0,0.0,1.0,1.0,0.0,0.0,2.220446049250313e-16,0.0,2.220446049250313e-16,2.220446049250313e-16,2.220446049250313e-16,1.0,1.0,0.0,0.0,0.0,1.0,0.06484631039295452,0.0,0.06484631039295452,0.06484631039295452,0.06484631039295452,1.0,1.0,0.0,0.0,0.0,1.0,2.220446049250313e-16,0.0,2.220446049250313e-16,2.220446049250313e-16,2.220446049250313e-16,1.0,1.0,0.0,0.0,0.0,1.0,2.220446049250313e-16,0.0,2.220446049250313e-16,2.220446049250313e-16,2.220446049250313e-16,1.0,1.0,0.0,0.0,0.0,1.0,2.220446049250313e-16,0.0,2.220446049250313e-16,2.220446049250313e-16,2.220446049250313e-16,1.0,1.0,0.0,0.0,0.0,1.0,2.220446049250313e-16,0.0,2.220446049250313e-16,2.220446049250313e-16,2.220446049250313e-16,1.0,1.0,0.0,0.0,0.0,1.0,1.0,0.0,0.0,0.0,0.0,0.0,0.0,0.0,0.0,0.0,0.0,0.0,0.0,0.0,0.0,0.0,0.0,0.0,0.0,0.0,0.0,0.0,0.0,0.0,0.0,0.0,0.0,0.0,0.0,0.0,1.0,1.0,1.0,0.0,0.0,0.0,0.0,0.0,0.0,-1.0,0.0,0.0,0.0,0.0,0,0,0,0,C1,0.0,0.0,2.220446049250313e-16,0.0,1.0,0.0,0.0,0.0,2.220446049250313e-16
phaseflip,bitflip,0.05,3,10,qiskit_aer,1,1,1.0,1.0,0.0,0.0,1.0,1.0,0.0,0.0,-1.887379141862766e-16,5.087681048627601e-17,-2.220446049250313e-16,-2.220446049250313e-16,-1.3877787807814457e-16,1.0,1.0,0.0,0.0,0.0,1.0,0.10534631039295442,5.155369359468229e-17,0.10534631039295439,0.10534631039295439,0.10534631039295447,1.0,1.0,0.0,0.0,0.0,1.0,-1.887379141862766e-16,5.087681048627601e-17,-2.220446049250313e-16,-2.220446049250313e-16,-1.3877787807814457e-16,1.0,1.0,0.0,0.0,0.0,1.0,-1.887379141862766e-16,5.087681048627601e-17,-2.220446049250313e-16,-2.220446049250313e-16,-1.3877787807814457e-16,1.0,1.0,0.0,0.0,0.0,1.0,-1.887379141862766e-16,5.087681048627601e-17,-2.220446049250313e-16,-2.220446049250313e-16,-1.3877787807814457e-16,1.0,1.0,0.0,0.0,0.0,1.0,-1.887379141862766e-16,5.087681048627601e-17,-2.220446049250313e-16,-2.220446049250313e-16,-1.3877787807814457e-16,1.0,1.0,0.0,0.0,0.0,1.0,1.0,0.0,0.0,0.0,0.0,0.0,0.0,0.0,0.0,0.0,0.0,0.0,0.0,0.0,0.0,0.0,0.0,0.0,0.0,0.0,0.0,0.0,0.0,0.0,0.0,0.0,0.0,0.0,0.0,0.0,1.0,1.0,1.0,0.0,0.0,0.0,0.0,0.0,0.0,-1.0,0.0,0.0,0.0,0.0,0,0,0,0,C1,0.0,0.0,-1.887379141862766e-16,0.0,1.0,0.0,0.0,0.0,-1.887379141862766e-16
phaseflip,bitflip,0.05,4,10,qiskit_aer,1,1,1.0,1.0,0.0,0.0,1.0,1.0,0.0,0.0,-9.992007221626409e-17,1.0473823066688542e-16,-5.551115123125783e-17,-2.220446049250313e-16,0.0,1.0,1.0,0.0,0.0,0.0,1.0,0.14179631039295448,0.0,0.14179631039295448,0.14179631039295448,0.14179631039295448,1.0,1.0,0.0,0.0,0.0,1.0,0.14179631039295448,0.0,0.14179631039295448,0.14179631039295448,0.14179631039295448,1.0,1.0,0.0,0.0,0.0,1.0,-9.992007221626409e-17,1.0473823066688542e-16,-5.551115123125783e-17,-2.220446049250313e-16,0.0,1.0,1.0,0.0,0.0,0.0,1.0,-9.992007221626409e-17,1.0473823066688542e-16,-5.551115123125783e-17,-2.220446049250313e-16,0.0,1.0,1.0,0.0,0.0,0.0,1.0,-9.992007221626409e-17,1.0473823066688542e-16,-5.551115123125783e-17,-2.220446049250313e-16,0.0,1.0,1.0,0.0,0.0,0.0,1.0,1.0,1.0,0.0,0.0,0.0,1.0,0.0,1.0,0.0,0.0,0.0,0.0,0.0,0.0,0.0,0.0,0.0,0.0,1.0,0.0,0.0,0.0,0.0,0.0,0.0,0.0,0.0,0.0,0.0,0.0,1.0,1.0,1.0,0.0,0.0,0.0,0.0,0.0,0.0,-0.9999999281643386,0.0,0.0,0.0,0.0,0,0,0,0,C1,0.0,0.0,0.14179631039295448,0.0,1.0,1.0,0.0,0.0,0.14179631039295448
phaseflip,bitflip,0.1,1,10,qiskit_aer,1,1,1.0,1.0,0.0,0.0,1.0,1.0,0.0,0.0,0.0,0.0,0.0,0.0,0.0,1.0,1.0,0.0,0.0,0.0,1.0,0.06984631039295408,0.0,0.06984631039295408,0.06984631039295408,0.06984631039295408,1.0,1.0,0.0,0.0,0.0,1.0,0.06984631039295408,0.0,0.06984631039295408,0.06984631039295408,0.06984631039295408,1.0,1.0,0.0,0.0,0.0,1.0,0.0,0.0,0.0,0.0,0.0,1.0,1.0,0.0,0.0,0.0,1.0,0.0,0.0,0.0,0.0,0.0,1.0,1.0,0.0,0.0,0.0,1.0,0.0,0.0,0.0,0.0,0.0,1.0,1.0,0.0,0.0,0.0,1.0,1.0,1.0,0.0,0.0,0.0,1.0,0.0,1.0,0.0,0.0,0.0,0.0,0.0,0.0,0.0,0.0,0.0,0.0,1.0,0.0,0.0,0.0,0.0,0.0,0.0,0.0,0.0,0.0,0.0,0.0,1.0,1.0,1.0,0.0,0.0,0.0,0.0,0.0,0.0,-0.9999999246028822,0.0,0.0,0.0,0.0,0,0,0,0,C1,0.0,0.0,0.06984631039295408,0.0,1.0,1.0,0.0,0.0,0.06984631039295408
phaseflip,bitflip,0.1,2,10,qiskit_aer,1,1,1.0,1.0,0.0,0.0,1.0,1.0,0.0,0.0,-2.220446049250313e-16,0.0,-2.220446049250313e-16,-2.220446049250313e-16,-2.220446049250313e-16,1.0,1.0,0.0,0.0,0.0,1.0,0.14984631039295437,0.0,0.14984631039295437,0.14984631039295437,0.14984631039295437,1.0,1.0,0.0,0.0,0.0,1.0,-2.220446049250313e-16,0.0,-2.220446049250313e-16,-2.220446049250313e-16,-2.220446049250313e-16,1.0,1.0,0.0,0.0,0.0,1.0,-2.220446049250313e-16,0.0,-2.220446049250313e-16,-2.220446049250313e-16,-2.220446049250313e-16,1.0,1.0,0.0,0.0,0.0,1.0,-2.220446049250313e-16,0.0,-2.220446049250313e-16,-2.220446049250313e-16,-2.220446049250313e-16,1.0,1.0,0.0,0.0,0.0,1.0,-2.220446049250313e-16,0.0,-2.220446049250313e-16,-2.220446049250313e-16,-2.220446049250313e-16,1.0,1.0,0.0,0.0,0.0,1.0,1.0,0.0,0.0,0.0,0.0,0.0,0.0,0.0,0.0,0.0,0.0,0.0,0.0,0.0,0.0,0.0,0.0,0.0,0.0,0.0,0.0,0.0,0.0,0.0,0.0,0.0,0.0,0.0,0.0,0.0,1.0,1.0,1.0,0.0,0.0,0.0,0.0,0.0,0.0,-1.0,0.0,0.0,0.0,0.0,0,0,0,0,C1,0.0,0.0,-2.220446049250313e-16,0.0,1.0,0.0,0.0,0.0,-2.220446049250313e-16
phaseflip,bitflip,0.1,3,10,qiskit_aer,1,1,1.0,1.0,0.0,0.0,1.0,1.0,0.0,0.0,2.220446049250313e-16,0.0,2.220446049250313e-16,2.220446049250313e-16,2.220446049250313e-16,1.0,1.0,0.0,0.0,0.0,1.0,0.21384631039295443,0.0,0.21384631039295443,0.21384631039295443,0.21384631039295443,1.0,1.0,0.0,0.0,0.0,1.0,2.220446049250313e-16,0.0,2.220446049250313e-16,2.220446049250313e-16,2.220446049250313e-16,1.0,1.0,0.0,0.0,0.0,1.0,2.220446049250313e-16,0.0,2.220446049250313e-16,2.220446049250313e-16,2.220446049250313e-16,1.0,1.0,0.0,0.0,0.0,1.0,2.220446049250313e-16,0.0,2.220446049250313e-16,2.220446049250313e-16,2.220446049250313e-16,1.0,1.0,0.0,0.0,0.0,1.0,2.220446049250313e-16,0.0,2.220446049250313e-16,2.220446049250313e-16,2.220446049250313e-16,1.0,1.0,0.0,0.0,0.0,1.0,1.0,0.0,0.0,0.0,0.0,0.0,0.0,0.0,0.0,0.0,0.0,0.0,0.0,0.0,0.0,0.0,0.0,0.0,0.0,0.0,0.0,0.0,0.0,0.0,0.0,0.0,0.0,0.0,0.0,0.0,1.0,1.0,1.0,0.0,0.0,0.0,0.0,0.0,0.0,-1.0,0.0,0.0,0.0,0.0,0,0,0,0,C1,0.0,0.0,2.220446049250313e-16,0.0,1.0,0.0,0.0,0.0,2.220446049250313e-16
phaseflip,bitflip,0.1,4,10,qiskit_aer,1,1,1.0,1.0,0.0,0.0,1.0,1.0,0.0,0.0,5.551115123125783e-16,0.0,5.551115123125783e-16,5.551115123125783e-16,5.551115123125783e-16,1.0,1.0,0.0,0.0,0.0,1.0,0.26504631039295456,5.551115123125783e-17,0.26504631039295456,0.26504631039295456,0.26504631039295456,1.0,1.0,0.0,0.0,0.0,1.0,5.551115123125783e-16,0.0,5.551115123125783e-16,5.551115123125783e-16,5.551115123125783e-16,1.0,1.0,0.0,0.0,0.0,1.0,5.551115123125783e-16,0.0,5.551115123125783e-16,5.551115123125783e-16,5.551115123125783e-16,1.0,1.0,0.0,0.0,0.0,1.0,5.551115123125783e-16,0.0,5.551115123125783e-16,5.551115123125783e-16,5.551115123125783e-16,1.0,1.0,0.0,0.0,0.0,1.0,5.551115123125783e-16,0.0,5.551115123125783e-16,5.551115123125783e-16,5.551115123125783e-16,1.0,1.0,0.0,0.0,0.0,1.0,1.0,0.0,0.0,0.0,0.0,0.0,0.0,0.0,0.0,0.0,0.0,0.0,0.0,0.0,0.0,0.0,0.0,0.0,0.0,0.0,0.0,0.0,0.0,0.0,0.0,0.0,0.0,0.0,0.0,0.0,1.0,1.0,1.0,0.0,0.0,0.0,0.0,0.0,0.0,-1.0,0.0,0.0,0.0,0.0,0,0,0,0,C1,0.0,0.0,5.551115123125783e-16,0.0,1.0,0.0,0.0,0.0,5.551115123125783e-16
phaseflip,bitflip,0.15,1,10,qiskit_aer,1,1,1.0,1.0,0.0,0.0,1.0,1.0,0.0,0.0,-1.1102230246251565e-16,0.0,-1.1102230246251565e-16,-1.1102230246251565e-16,-1.1102230246251565e-16,1.0,1.0,0.0,0.0,0.0,1.0,0.11984631039295435,0.0,0.11984631039295435,0.11984631039295435,0.11984631039295435,1.0,1.0,0.0,0.0,0.0,1.0,-1.1102230246251565e-16,0.0,-1.1102230246251565e-16,-1.1102230246251565e-16,-1.1102230246251565e-16,1.0,1.0,0.0,0.0,0.0,1.0,-1.1102230246251565e-16,0.0,-1.1102230246251565e-16,-1.1102230246251565e-16,-1.1102230246251565e-16,1.0,1.0,0.0,0.0,0.0,1.0,-1.1102230246251565e-16,0.0,-1.1102230246251565e-16,-1.1102230246251565e-16,-1.1102230246251565e-16,1.0,1.0,0.0,0.0,0.0,1.0,-1.1102230246251565e-16,0.0,-1.1102230246251565e-16,-1.1102230246251565e-16,-1.1102230246251565e-16,1.0,1.0,0.0,0.0,0.0,1.0,1.0,0.0,0.0,0.0,0.0,0.0,0.0,0.0,0.0,0.0,0.0,0.0,0.0,0.0,0.0,0.0,0.0,0.0,0.0,0.0,0.0,0.0,0.0,0.0,0.0,0.0,0.0,0.0,0.0,0.0,1.0,1.0,1.0,0.0,0.0,0.0,0.0,0.0,0.0,-1.0,0.0,0.0,0.0,0.0,0,0,0,0,C1,0.0,0.0,-1.1102230246251565e-16,0.0,1.0,0.0,0.0,0.0,-1.1102230246251565e-16
phaseflip,bitflip,0.15,2,10,qiskit_aer,1,1,1.0,1.0,0.0,0.0,1.0,1.0,0.0,0.0,-2.220446049250313e-16,0.0,-2.220446049250313e-16,-2.220446049250313e-16,-2.220446049250313e-16,1.0,1.0,0.0,0.0,0.0,1.0,0.22484631039295433,0.0,0.22484631039295433,0.22484631039295433,0.22484631039295433,1.0,1.0,0.0,0.0,0.0,1.0,-2.220446049250313e-16,0.0,-2.220446049250313e-16,-2.220446049250313e-16,-2.220446049250313e-16,1.0,1.0,0.0,0.0,0.0,1.0,-2.220446049250313e-16,0.0,-2.220446049250313e-16,-2.220446049250313e-16,-2.220446049250313e-16,1.0,1.0,0.0,0.0,0.0,1.0,-2.220446049250313e-16,0.0,-2.220446049250313e-16,-2.220446049250313e-16,-2.220446049250313e-16,1.0,1.0,0.0,0.0,0.0,1.0,-2.220446049250313e-16,0.0,-2.220446049250313e-16,-2.220446049250313e-16,-2.220446049250313e-16,1.0,1.0,0.0,0.0,0.0,1.0,1.0,0.0,0.0,0.0,0.0,0.0,0.0,0.0,0.0,0.0,0.0,0.0,0.0,0.0,0.0,0.0,0.0,0.0,0.0,0.0,0.0,0.0,0.0,0.0,0.0,0.0,0.0,0.0,0.0,0.0,1.0,1.0,1.0,0.0,0.0,0.0,0.0,0.0,0.0,-1.0,0.0,0.0,0.0,0.0,0,0,0,0,C1,0.0,0.0,-2.220446049250313e-16,0.0,1.0,0.0,0.0,0.0,-2.220446049250313e-16
phaseflip,bitflip,0.15,3,10,qiskit_aer,1,1,1.0,1.0,0.0,0.0,1.0,1.0,0.0,0.0,1.1102230246251565e-16,0.0,1.1102230246251565e-16,1.1102230246251565e-16,1.1102230246251565e-16,1.0,1.0,0.0,0.0,0.0,1.0,0.29834631039295423,5.551115123125783e-17,0.29834631039295423,0.29834631039295423,0.29834631039295423,1.0,1.0,0.0,0.0,0.0,1.0,1.1102230246251565e-16,0.0,1.1102230246251565e-16,1.1102230246251565e-16,1.1102230246251565e-16,1.0,1.0,0.0,0.0,0.0,1.0,1.1102230246251565e-16,0.0,1.1102230246251565e-16,1.1102230246251565e-16,1.1102230246251565e-16,1.0,1.0,0.0,0.0,0.0,1.0,1.1102230246251565e-16,0.0,1.1102230246251565e-16,1.1102230246251565e-16,1.1102230246251565e-16,1.0,1.0,0.0,0.0,0.0,1.0,1.1102230246251565e-16,0.0,1.1102230246251565e-16,1.1102230246251565e-16,1.1102230246251565e-16,1.0,1.0,0.0,0.0,0.0,1.0,1.0,0.0,0.0,0.0,0.0,0.0,0.0,0.0,0.0,0.0,0.0,0.0,0.0,0.0,0.0,0.0,0.0,0.0,0.0,0.0,0.0,0.0,0.0,0.0,0.0,0.0,0.0,0.0,0.0,0.0,1.0,1.0,1.0,0.0,0.0,0.0,0.0,0.0,0.0,-1.0,0.0,0.0,0.0,0.0,0,0,0,0,C1,0.0,0.0,1.1102230246251565e-16,0.0,1.0,0.0,0.0,0.0,1.1102230246251565e-16
phaseflip,bitflip,0.15,4,10,qiskit_aer,1,1,1.0,1.0,0.0,0.0,1.0,1.0,0.0,0.0,-3.3306690738754696e-16,0.0,-3.3306690738754696e-16,-3.3306690738754696e-16,-3.3306690738754696e-16,1.0,0.0,0.0,1.0,0.0,1.0,0.34979631039295433,0.0,0.34979631039295433,0.34979631039295433,0.34979631039295433,1.0,1.0,0.0,0.0,0.0,1.0,0.34979631039295433,0.0,0.34979631039295433,0.34979631039295433,0.34979631039295433,1.0,1.0,0.0,0.0,0.0,1.0,0.34979631039295433,0.0,0.34979631039295433,0.34979631039295433,0.34979631039295433,1.0,1.0,0.0,0.0,0.0,1.0,0.34979631039295433,0.0,0.34979631039295433,0.34979631039295433,0.34979631039295433,1.0,1.0,0.0,0.0,0.0,1.0,0.34979631039295433,0.0,0.34979631039295433,0.34979631039295433,0.34979631039295433,1.0,1.0,0.0,0.0,0.0,1.0,1.0,1.0,1.0,1.0,1.0,1.0,0.0,1.0,1.0,0.0,1.0,1.0,0.0,1.0,1.0,0.0,1.0,1.0,0.0,1.0,1.0,1.0,1.0,1.0,0.0,0.0,0.0,0.0,1.0,1.0,1.0,1.0,1.0,1.0,0.0,0.0,0.0,0.0,0.0,1.0000000356145726,2.166112591183837e-20,2.166112591183837e-20,0.0,0.0,0,0,0,0,C1,0.0,0.0,0.34979631039295433,0.0,1.0,1.0,0.0,0.0,0.34979631039295433
phaseflip,bitflip,0.2,1,10,qiskit_aer,1,1,1.0,1.0,0.0,0.0,1.0,1.0,0.0,0.0,2.220446049250313e-16,0.0,2.220446049250313e-16,2.220446049250313e-16,2.220446049250313e-16,1.0,1.0,0.0,0.0,0.0,1.0,0.1698463103929544,0.0,0.1698463103929544,0.1698463103929544,0.1698463103929544,1.0,1.0,0.0,0.0,0.0,1.0,0.1698463103929544,0.0,0.1698463103929544,0.1698463103929544,0.1698463103929544,1.0,1.0,0.0,0.0,0.0,1.0,2.220446049250313e-16,0.0,2.220446049250313e-16,2.220446049250313e-16,2.220446049250313e-16,1.0,1.0,0.0,0.0,0.0,1.0,2.220446049250313e-16,0.0,2.220446049250313e-16,2.220446049250313e-16,2.220446049250313e-16,1.0,1.0,0.0,0.0,0.0,1.0,2.220446049250313e-16,0.0,2.220446049250313e-16,2.220446049250313e-16,2.220446049250313e-16,1.0,1.0,0.0,0.0,0.0,1.0,1.0,1.0,0.0,0.0,0.0,1.0,0.0,1.0,0.0,0.0,0.0,0.0,0.0,0.0,0.0,0.0,0.0,0.0,1.0,0.0,0.0,0.0,0.0,0.0,0.0,0.0,0.0,0.0,0.0,0.0,1.0,1.0,1.0,0.0,0.0,0.0,0.0,0.0,0.0,-0.9999999246028822,0.0,0.0,0.0,0.0,0,0,0,0,C1,0.0,0.0,0.1698463103929544,0.0,1.0,1.0,0.0,0.0,0.1698463103929544
phaseflip,bitflip,0.2,2,10,qiskit_aer,1,1,1.0,1.0,0.0,0.0,1.0,1.0,0.0,0.0,-1.1102230246251565e-16,0.0,-1.1102230246251565e-16,-1.1102230246251565e-16,-1.1102230246251565e-16,1.0,1.0,0.0,0.0,0.0,1.0,0.2898463103929544,0.0,0.2898463103929544,0.2898463103929544,0.2898463103929544,1.0,1.0,0.0,0.0,0.0,1.0,-1.1102230246251565e-16,0.0,-1.1102230246251565e-16,-1.1102230246251565e-16,-1.1102230246251565e-16,1.0,1.0,0.0,0.0,0.0,1.0,-1.1102230246251565e-16,0.0,-1.1102230246251565e-16,-1.1102230246251565e-16,-1.1102230246251565e-16,1.0,1.0,0.0,0.0,0.0,1.0,-1.1102230246251565e-16,0.0,-1.1102230246251565e-16,-1.1102230246251565e-16,-1.1102230246251565e-16,1.0,1.0,0.0,0.0,0.0,1.0,-1.1102230246251565e-16,0.0,-1.1102230246251565e-16,-1.1102230246251565e-16,-1.1102230246251565e-16,1.0,1.0,0.0,0.0,0.0,1.0,1.0,0.0,0.0,0.0,0.0,0.0,0.0,0.0,0.0,0.0,0.0,0.0,0.0,0.0,0.0,0.0,0.0,0.0,0.0,0.0,0.0,0.0,0.0,0.0,0.0,0.0,0.0,0.0,0.0,0.0,1.0,1.0,1.0,0.0,0.0,0.0,0.0,0.0,0.0,-1.0,0.0,0.0,0.0,0.0,0,0,0,0,C1,0.0,0.0,-1.1102230246251565e-16,0.0,1.0,0.0,0.0,0.0,-1.1102230246251565e-16
phaseflip,bitflip,0.2,3,10,qiskit_aer,1,1,1.0,1.0,0.0,0.0,1.0,1.0,0.0,0.0,3.774758283725532e-16,1.0175362097255204e-16,4.440892098500626e-16,2.7755575615628914e-16,4.440892098500626e-16,1.0,1.0,0.0,0.0,0.0,1.0,0.3618463103929545,1.1102230246251565e-16,0.36184631039295456,0.3618463103929544,0.36184631039295456,1.0,1.0,0.0,0.0,0.0,1.0,3.774758283725532e-16,1.0175362097255204e-16,4.440892098500626e-16,2.7755575615628914e-16,4.440892098500626e-16,1.0,1.0,0.0,0.0,0.0,1.0,3.774758283725532e-16,1.0175362097255204e-16,4.440892098500626e-16,2.7755575615628914e-16,4.440892098500626e-16,1.0,1.0,0.0,0.0,0.0,1.0,3.774758283725532e-16,1.0175362097255204e-16,4.440892098500626e-16,2.7755575615628914e-16,4.440892098500626e-16,1.0,1.0,0.0,0.0,0.0,1.0,3.774758283725532e-16,1.0175362097255204e-16,4.440892098500626e-16,2.7755575615628914e-16,4.440892098500626e-16,1.0,1.0,0.0,0.0,0.0,1.0,1.0,0.0,0.0,0.0,0.0,0.0,0.0,0.0,0.0,0.0,0.0,0.0,0.0,0.0,0.0,0.0,0.0,0.0,0.0,0.0,0.0,0.0,0.0,0.0,0.0,0.0,0.0,0.0,0.0,0.0,1.0,1.0,1.0,0.0,0.0,0.0,0.0,0.0,0.0,-1.0,0.0,0.0,0.0,0.0,0,0,0,0,C1,0.0,0.0,3.774758283725532e-16,0.0,1.0,0.0,0.0,0.0,3.774758283725532e-16
phaseflip,bitflip,0.2,4,10,qiskit_aer,1,1,1.0,1.0,0.0,0.0,1.0,1.0,0.0,0.0,-1.887379141862766e-16,1.1157603309187458e-16,-2.220446049250313e-16,-2.220446049250313e-16,-1.3877787807814457e-16,1.0,1.0,0.0,0.0,0.0,1.0,0.4050463103929543,9.288792252416251e-17,0.4050463103929543,0.40504631039295425,0.40504631039295436,1.0,1.0,0.0,0.0,0.0,1.0,0.2430277862357725,0.19843135653194274,0.40504631039295425,-1.942890293094024e-16,0.40504631039295436,1.0,1.0,0.0,0.0,0.0,1.0,-1.887379141862766e-16,1.1157603309187458e-16,-2.220446049250313e-16,-2.220446049250313e-16,-1.3877787807814457e-16,1.0,1.0,0.0,0.0,0.0,1.0,-1.887379141862766e-16,1.1157603309187458e-16,-2.220446049250313e-16,-2.220446049250313e-16,-1.3877787807814457e-16,1.0,1.0,0.0,0.0,0.0,1.0,-1.887379141862766e-16,1.1157603309187458e-16,-2.220446049250313e-16,-2.220446049250313e-16,-1.3877787807814457e-16,1.0,1.0,0.0,0.0,0.0,1.0,1.0,0.6,0.0,0.0,0.0,0.6,0.0,0.6,0.0,0.0,0.0,0.0,0.0,0.0,0.0,0.0,0.0,0.0,0.6,0.0,0.0,0.0,0.0,0.0,0.0,0.0,0.0,0.0,0.0,0.0,1.0,1.0,1.0,0.0,0.0,0.0,0.0,0.0,0.0,-0.9999999941836912,0.0,0.0,0.0,0.0,0,0,0,0,C1,0.0,0.0,0.2430277862357725,0.0,1.0,0.6,0.0,0.0,0.2430277862357725
phaseflip,dephasing,0.01,1,10,qiskit_aer,1,1,0.9950000000000002,0.9950000000000002,0.0,0.0,1.0,1.0,0.0,0.0,0.004999999999999738,8.881801137644041e-17,0.004999999999999782,0.004999999999999782,0.004999999999999782,1.0,0.1,1.0,0.9,0.0,0.0,-0.025153689607045605,8.882055243408597e-17,-0.02515368960704556,-0.02515368960704556,-0.02515368960704556,0.0,1.0,0.0,0.0,1.0,1.0,-0.025153689607045605,8.882055243408597e-17,-0.02515368960704556,-0.02515368960704556,-0.02515368960704556,0.0,1.0,0.0,0.0,1.0,1.0,-0.02213832064634107,0.009046106882113544,-0.02515368960704556,-0.02515368960704556,-0.02515368960704556,0.1,1.0,0.1,0.0,0.9,0.9,-0.02213832064634107,0.009046106882113544,-0.02515368960704556,-0.02515368960704556,-0.02515368960704556,0.1,1.0,0.1,0.0,0.9,0.9,-0.02213832064634107,0.009046106882113544,-0.02515368960704556,-0.02515368960704556,-0.02515368960704556,0.1,1.0,0.1,0.0,0.9,0.9,1.0,1.0,0.9,0.9,0.9,1.0,0.0,1.0,0.9,1.0,1.0,0.9,1.0,1.0,0.9,1.0,1.0,0.9,0.1,0.9,0.9,0.9,0.9,0.9,0.0,0.0,0.0,0.0,0.9,0.9,1.0,1.0,1.0,0.9,0.0,0.0,0.0,0.0,0.0,0.8050000751503459,0.1272027946476944,0.1272027946476944,0.0,0.0,0,0,0,0,C2,0.9,0.0,-0.02213832064634107,0.1,0.1,0.9,0.9,0.0,-0.02213832064634107
phaseflip,dephasing,0.01,2,10,qiskit_aer,1,1,0.99004,0.99004,0.0,0.0,1.0,1.0,0.0,0.0,0.009959999999999835,1.2247448713832956e-05,0.009949999999999903,0.009949999999999903,0.009974999999999734,1.0,0.5,1.0,0.5,0.0,0.0,-0.020193689607045505,1.2247448713832958e-05,-0.02020368960704544,-0.02020368960704544,-0.020178689607045608,0.0,1.0,0.0,0.0,1.0,1.0,-0.020193689607045505,1.2247448713832958e-05,-0.02020368960704544,-0.02020368960704544,-0.020178689607045608,0.0,1.0,0.0,0.0,1.0,1.0,-0.005116844803522836,0.015071848950327042,-0.005114344803522852,-0.020178689607045608,0.009949999999999903,0.5,1.0,0.5,0.0,0.5,0.5,-0.005116844803522836,0.015071848950327042,-0.005114344803522852,-0.020178689607045608,0.009949999999999903,0.5,1.0,0.5,0.0,0.5,0.5,-0.005116844803522836,0.015071848950327042,-0.005114344803522852,-0.020178689607045608,0.009949999999999903,0.5,1.0,0.5,0.0,0.5,0.5,1.0,1.0,0.5,0.5,0.5,1.0,0.0,1.0,0.5,1.0,1.0,0.5,1.0,1.0,0.5,1.0,1.0,0.5,0.5,0.5,0.5,0.5,0.5,0.5,0.0,0.0,0.0,0.0,0.5,0.5,1.0,1.0,1.0,0.5,0.0,0.0,0.0,0.0,0.0,0.009960040396527614,0.0292261202839025,0.0292261202839025,0.0,0.0,0,0,0,0,C2,0.5,0.0,-0.005116844803522836,0.5,0.5,0.5,0.5,0.0,-0.005116844803522836
phaseflip,dephasing,0.01,3,10,qiskit_aer,1,1,0.9851072500000002,0.9851072500000002,0.0,0.0,1.0,1.0,0.0,0.0,0.014892749999999632,2.9496398085178455e-05,0.014900249999999615,0.014862937499999646,0.014918812499999629,1.0,0.8,1.0,0.2,0.0,0.0,-0.01526093960704571,2.9496398085178455e-05,-0.015253439607045727,-0.015290752107045696,-0.015234877107045713,0.0,1.0,0.0,0.0,1.0,1.0,-0.012245570646341176,0.009048654612401423,-0.015253439607045727,-0.015290752107045696,-0.015228689607045709,0.1,1.0,0.1,0.0,0.9,0.9,0.008862012078590564,0.01205776133764326,0.014875374999999635,0.014850499999999656,0.014918812499999629,0.8,1.0,0.8,0.0,0.2,0.2,0.008862012078590564,0.01205776133764326,0.014875374999999635,0.014850499999999656,0.014918812499999629,0.8,1.0,0.8,0.0,0.2,0.2,0.008862012078590564,0.01205776133764326,0.014875374999999635,0.014850499999999656,0.014918812499999629,0.8,1.0,0.8,0.0,0.2,0.2,1.0,0.9,0.2,0.2,0.2,0.9,0.125,1.0,0.2,1.0,1.0,0.2,1.0,1.0,0.2,1.0,1.0,0.2,0.7,0.2,0.2,0.2,0.2,0.2,0.0,0.0,0.0,0.0,0.2,0.2,1.0,1.0,1.0,0.2,0.0,0.0,0.0,0.0,0.0,-0.5851072279315843,0.008849818758155135,0.008849818758155135,0.0,0.0,0,0,0,0,C2,0.2,0.0,0.008862012078590564,0.8,0.8,0.2,0.2,0.0,0.008862012078590564
phaseflip,dephasing,0.01,4,10,qiskit_aer,1,1,0.9802115017500002,0.9802115017500002,0.0,0.0,1.0,1.0,0.0,0.0,0.019788498249999655,4.718862684810869e-05,0.019813248749999735,0.019776247499999622,0.019825499999999607,1.0,0.5,1.0,0.5,0.0,0.0,-0.01036519135704569,4.718862684810869e-05,-0.010340440857045607,-0.01037744210704572,-0.010328189607045735,0.0,1.0,0.0,0.0,1.0,1.0,-0.007349822396341155,0.009058555312300638,-0.010340440857045607,-0.01037744210704572,-0.010328189607045735,0.1,1.0,0.1,0.0,0.9,0.9,0.004711653446476982,0.015094209401008064,0.004724028946476944,-0.010346566482045544,0.01981318687499961,0.5,1.0,0.5,0.0,0.5,0.5,0.004711653446476982,0.015094209401008064,0.004724028946476944,-0.010346566482045544,0.01981318687499961,0.5,1.0,0.5,0.0,0.5,0.5,0.004711653446476982,0.015094209401008064,0.004724028946476944,-0.010346566482045544,0.01981318687499961,0.5,1.0,0.5,0.0,0.5,0.5,1.0,0.9,0.5,0.5,0.5,0.9,0.2,1.0,0.5,1.0,1.0,0.5,1.0,1.0,0.5,1.0,1.0,0.5,0.4,0.5,0.5,0.5,0.5,0.5,0.0,0.0,0.0,0.0,0.5,0.5,1.0,1.0,1.0,0.5,0.0,0.0,0.0,0.0,0.0,0.019788508877600742,9.597967791511354e-21,9.597967791511354e-21,0.0,0.0,0,0,0,0,C2,0.5,0.0,0.004711653446476982,0.5,0.5,0.5,0.5,0.0,0.004711653446476982
phaseflip,dephasing,0.03,1,10,qiskit_aer,1,1,0.985,0.985,0.0,0.0,1.0,1.0,0.0,0.0,0.014999999999999791,0.0,0.014999999999999791,0.014999999999999791,0.014999999999999791,1.0,0.9,1.0,0.1,0.0,0.0,-0.01515368960704555,0.0,-0.01515368960704555,-0.01515368960704555,-0.01515368960704555,0.0,1.0,0.0,0.0,1.0,1.0,-0.01515368960704555,0.0,-0.01515368960704555,-0.01515368960704555,-0.01515368960704555,0.0,1.0,0.0,0.0,1.0,1.0,0.011984631039295257,0.009046106882113603,0.014999999999999791,0.014999999999999791,0.014999999999999791,0.9,1.0,0.9,0.0,0.1,0.1,0.011984631039295257,0.009046106882113603,0.014999999999999791,0.014999999999999791,0.014999999999999791,0.9,1.0,0.9,0.0,0.1,0.1,0.011984631039295257,0.009046106882113603,0.014999999999999791,0.014999999999999791,0.014999999999999791,0.9,1.0,0.9,0.0,0.1,0.1,1.0,1.0,0.1,0.1,0.1,1.0,0.0,1.0,0.1,1.0,1.0,0.1,1.0,1.0,0.1,1.0,1.0,0.1,0.9,0.1,0.1,0.1,0.1,0.1,0.0,0.0,0.0,0.0,0.1,0.1,1.0,1.0,1.0,0.1,0.0,0.0,0.0,0.0,0.0,-0.7849999729199191,1.058794410427286e-17,1.058794410427286e-17,0.0,0.0,0,0,0,0,C2,0.1,0.0,0.011984631039295257,0.9,0.9,0.1,0.1,0.0,0.011984631039295257
phaseflip,dephasing,0.03,2,10,qiskit_aer,1,1,0.97036,0.97036,0.0,0.0,1.0,1.0,0.0,0.0,0.0296399999999996,0.00011022703842520368,0.029549999999999632,0.029549999999999632,0.029774999999999552,1.0,0.7,1.0,0.3,0.0,0.0,-0.0005136896070457419,0.00011022703842520368,-0.0006036896070457098,-0.0006036896070457098,-0.00037868960704579013,0.0,1.0,0.0,0.0,0.0,1.0,-0.0005136896070457419,0.00011022703842520368,-0.0006036896070457098,-0.0006036896070457098,-0.00037868960704579013,0.0,1.0,0.0,0.0,0.0,1.0,0.020593893117885998,0.013828412148878502,0.029549999999999632,0.007103482794715565,0.029718749999999572,0.7,1.0,0.7,0.0,0.0,0.3,0.020593893117885998,0.013828412148878502,0.029549999999999632,0.007103482794715565,0.029718749999999572,0.7,1.0,0.7,0.0,0.0,0.3,0.020593893117885998,0.013828412148878502,0.029549999999999632,0.007103482794715565,0.029718749999999572,0.7,1.0,0.7,0.0,0.0,0.3,1.0,1.0,0.3,0.3,0.3,1.0,0.0,1.0,0.3,1.0,1.0,0.3,1.0,1.0,0.3,1.0,1.0,0.3,0.7,0.3,0.3,0.3,0.3,0.3,0.0,0.0,0.0,0.0,0.3,0.3,1.0,1.0,1.0,0.3,0.0,0.0,0.0,0.0,0.0,-0.3703599931464058,0.04915630686845529,0.04915630686845529,0.0,0.0,0,0,0,0,C2,0.0,0.0,0.020593893117885998,0.7,0.7,0.3,0.0,0.0,0.020593893117885998
phaseflip,dephasing,0.03,3,10,qiskit_aer,1,1,0.9559607500000001,0.9559607500000001,0.0,0.0,1.0,1.0,0.0,0.0,0.04403924999999963,0.0002620588435828815,0.04410674999999964,0.043774312499999635,0.04427043749999962,1.0,1.0,1.0,0.0,0.0,0.0,0.013885560392954289,0.0002620588435828815,0.013953060392954297,0.013620622892954293,0.014116747892954279,1.0,1.0,0.0,0.0,0.0,1.0,0.013885560392954289,0.0002620588435828815,0.013953060392954297,0.013620622892954293,0.014116747892954279,1.0,1.0,0.0,0.0,0.0,1.0,0.04403924999999963,0.0002620588435828815,0.04410674999999964,0.043774312499999635,0.04427043749999962,1.0,1.0,1.0,0.0,0.0,0.0,0.04403924999999963,0.0002620588435828815,0.04410674999999964,0.043774312499999635,0.04427043749999962,1.0,1.0,1.0,0.0,0.0,0.0,0.04403924999999963,0.0002620588435828815,0.04410674999999964,0.043774312499999635,0.04427043749999962,1.0,1.0,1.0,0.0,0.0,0.0,1.0,1.0,0.0,0.0,0.0,1.0,0.0,0.0,0.0,1.0,0.0,0.0,1.0,0.0,0.0,1.0,0.0,0.0,1.0,0.0,0.0,0.0,0.0,0.0,0.0,0.0,0.0,0.0,0.0,0.0,1.0,1.0,1.0,0.0,0.0,0.0,0.0,0.0,0.0,-0.9559607478721007,0.0,0.0,0.0,0.0,0,0,0,0,C2,0.0,0.0,0.04403924999999963,1.0,1.0,0.0,0.0,0.0,0.04403924999999963
phaseflip,dephasing,0.03,4,10,qiskit_aer,1,1,0.9418856417500002,0.9418856417500002,0.0,0.0,1.0,1.0,0.0,0.0,0.058114358249999575,0.0004144749968500171,0.05833264874999955,0.05800854749999951,0.058438499999999616,1.0,0.8,1.0,0.2,0.0,0.0,0.027960668642954233,0.0004144749968500171,0.028178959142954207,0.027854857892954166,0.028284810392954274,1.0,1.0,0.0,0.0,0.0,1.0,0.030976037603658767,0.009162895458820538,0.028178959142954207,0.027854857892954166,0.028284810392954274,1.0,1.0,0.1,0.0,0.0,0.9,0.052083620328590506,0.011905518096354522,0.05800854749999951,0.05735359499999959,0.05838557437499958,1.0,1.0,0.8,0.0,0.0,0.2,0.052083620328590506,0.011905518096354522,0.05800854749999951,0.05735359499999959,0.05838557437499958,1.0,1.0,0.8,0.0,0.0,0.2,0.052083620328590506,0.011905518096354522,0.05800854749999951,0.05735359499999959,0.05838557437499958,1.0,1.0,0.8,0.0,0.0,0.2,1.0,0.9,0.2,0.2,0.2,0.9,0.125,1.0,0.2,1.0,1.0,0.2,1.0,1.0,0.2,1.0,1.0,0.2,0.7,0.2,0.2,0.2,0.2,0.2,0.0,0.0,0.0,0.0,0.2,0.2,1.0,1.0,1.0,0.2,0.0,0.0,0.0,0.0,0.0,-0.5418856410846015,4.332225182367674e-21,4.332225182367674e-21,0.0,0.0,0,0,0,0,C2,0.0,0.0,0.052083620328590506,0.8,1.0,0.2,0.0,0.0,0.052083620328590506
phaseflip,dephasing,0.05,1,10,qiskit_aer,1,1,0.9750000000000001,0.9750000000000001,0.0,0.0,1.0,1.0,0.0,0.0,0.0249999999999998,0.0,0.0249999999999998,0.0249999999999998,0.0249999999999998,1.0,0.4,1.0,0.6,0.0,0.0,-0.005153689607045542,0.0,-0.005153689607045542,-0.005153689607045542,-0.005153689607045542,0.0,1.0,0.0,0.0,0.0,1.0,-0.005153689607045542,0.0,-0.005153689607045542,-0.005153689607045542,-0.005153689607045542,0.0,1.0,0.0,0.0,0.0,1.0,0.006907786235772595,0.014772230679905057,-0.005153689607045542,-0.005153689607045542,0.0249999999999998,0.4,1.0,0.4,0.0,0.0,0.6,0.006907786235772595,0.014772230679905057,-0.005153689607045542,-0.005153689607045542,0.0249999999999998,0.4,1.0,0.4,0.0,0.0,0.6,0.006907786235772595,0.014772230679905057,-0.005153689607045542,-0.005153689607045542,0.0249999999999998,0.4,1.0,0.4,0.0,0.0,0.6,1.0,1.0,0.6,0.6,0.6,1.0,0.0,1.0,0.6,1.0,1.0,0.6,1.0,1.0,0.6,1.0,1.0,0.6,0.4,0.6,0.6,0.6,0.6,0.6,0.0,0.0,0.0,0.0,0.6,0.6,1.0,1.0,1.0,0.6,0.0,0.0,0.0,0.0,0.0,0.22500000851103424,1.7537554287174895e-17,1.7537554287174895e-17,0.0,0.0,0,0,0,0,C2,0.0,0.0,0.006907786235772595,0.4,0.4,0.6,0.0,0.0,0.006907786235772595
phaseflip,dephasing,0.05,2,10,qiskit_aer,1,1,0.951,0.951,0.0,0.0,1.0,1.0,0.0,0.0,0.04899999999999967,0.0003061862178479451,0.04874999999999963,0.04874999999999963,0.049374999999999725,1.0,0.8,1.0,0.2,0.0,0.0,0.018846310392954323,0.0003061862178479451,0.018596310392954285,0.018596310392954285,0.019221310392954383,1.0,1.0,0.0,0.0,0.0,1.0,0.018846310392954323,0.0003061862178479451,0.018596310392954285,0.018596310392954285,0.019221310392954383,1.0,1.0,0.0,0.0,0.0,1.0,0.0429692620785906,0.012189680818938228,0.04874999999999963,0.04874999999999963,0.049374999999999725,1.0,1.0,0.8,0.0,0.0,0.2,0.0429692620785906,0.012189680818938228,0.04874999999999963,0.04874999999999963,0.049374999999999725,1.0,1.0,0.8,0.0,0.0,0.2,0.0429692620785906,0.012189680818938228,0.04874999999999963,0.04874999999999963,0.049374999999999725,1.0,1.0,0.8,0.0,0.0,0.2,1.0,1.0,0.2,0.2,0.2,1.0,0.0,1.0,0.2,1.0,1.0,0.2,1.0,1.0,0.2,1.0,1.0,0.2,0.8,0.2,0.2,0.2,0.2,0.2,0.0,0.0,0.0,0.0,0.2,0.2,1.0,1.0,1.0,0.2,0.0,0.0,0.0,0.0,0.0,-0.550999998632511,0.0013474284426294833,0.0013474284426294833,0.0,0.0,0,0,0,0,C2,0.0,0.0,0.0429692620785906,0.8,1.0,0.2,0.0,0.0,0.0429692620785906
phaseflip,dephasing,0.05,3,10,qiskit_aer,1,1,0.9276562499999998,0.9276562499999998,0.0,0.0,1.0,1.0,0.0,0.0,0.07234374999999979,0.0007184782094816984,0.07253124999999983,0.07161718749999987,0.07297656249999979,1.0,0.4,1.0,0.6,0.0,0.0,0.04219006039295444,0.0007184782094816984,0.04237756039295448,0.04146349789295453,0.042822872892954444,1.0,1.0,0.0,0.0,0.0,1.0,0.04219006039295444,0.0007184782094816984,0.04237756039295448,0.04146349789295453,0.042822872892954444,1.0,1.0,0.0,0.0,0.0,1.0,0.05425153623577258,0.014687397360905104,0.04267443539295446,0.04237756039295448,0.07131249999999967,1.0,1.0,0.4,0.0,0.0,0.6,0.05425153623577258,0.014687397360905104,0.04267443539295446,0.04237756039295448,0.07131249999999967,1.0,1.0,0.4,0.0,0.0,0.6,0.05425153623577258,0.014687397360905104,0.04267443539295446,0.04237756039295448,0.07131249999999967,1.0,1.0,0.4,0.0,0.0,0.6,1.0,1.0,0.6,0.6,0.6,1.0,0.0,1.0,0.6,1.0,1.0,0.6,1.0,1.0,0.6,1.0,1.0,0.6,0.4,0.6,0.6,0.6,0.6,0.6,0.0,0.0,0.0,0.0,0.6,0.6,1.0,1.0,1.0,0.6,0.0,0.0,0.0,0.0,0.0,0.27234375031468505,0.011874890566266219,0.011874890566266219,0.0,0.0,0,0,0,0,C2,0.0,0.0,0.05425153623577258,0.4,1.0,0.6,0.0,0.0,0.05425153623577258
phaseflip,dephasing,0.05,4,10,qiskit_aer,1,1,0.9051885937499999,0.9051885937499999,0.0,0.0,1.0,1.0,0.0,0.0,0.09481140624999983,0.0011233153727951157,0.09540546874999983,0.0945296874999999,0.09568749999999981,1.0,0.6,1.0,0.4,0.0,0.0,0.06465771664295449,0.0011233153727951157,0.06525177914295449,0.06437599789295456,0.06553381039295447,1.0,1.0,0.0,0.0,0.0,1.0,0.06465771664295449,0.0011233153727951157,0.06525177914295449,0.06437599789295456,0.06553381039295447,1.0,1.0,0.0,0.0,0.0,1.0,0.08274993040718169,0.014687181829466293,0.09274687499999978,0.0651107635179545,0.09568749999999981,1.0,1.0,0.6,0.0,0.0,0.4,0.08274993040718169,0.014687181829466293,0.09274687499999978,0.0651107635179545,0.09568749999999981,1.0,1.0,0.6,0.0,0.0,0.4,0.08274993040718169,0.014687181829466293,0.09274687499999978,0.0651107635179545,0.09568749999999981,1.0,1.0,0.6,0.0,0.0,0.4,1.0,1.0,0.4,0.4,0.4,1.0,0.0,1.0,0.4,1.0,1.0,0.4,1.0,1.0,0.4,1.0,1.0,0.4,0.6,0.4,0.4,0.4,0.4,0.4,0.0,0.0,0.0,0.0,0.4,0.4,1.0,1.0,1.0,0.4,0.0,0.0,0.0,0.0,0.0,-0.10518859361987162,0.018682905005783377,0.018682905005783377,0.0,0.0,0,0,0,0,C2,0.0,0.0,0.08274993040718169,0.6,1.0,0.4,0.0,0.0,0.08274993040718169
phaseflip,dephasing,0.1,1,10,qiskit_aer,1,1,0.9499999999999998,0.9499999999999998,0.0,0.0,1.0,1.0,0.0,0.0,0.04999999999999971,0.0,0.04999999999999971,0.04999999999999971,0.04999999999999971,1.0,0.2,1.0,0.8,0.0,0.0,0.01984631039295437,0.0,0.01984631039295437,0.01984631039295437,0.01984631039295437,1.0,1.0,0.0,0.0,0.0,1.0,0.01984631039295437,0.0,0.01984631039295437,0.01984631039295437,0.01984631039295437,1.0,1.0,0.0,0.0,0.0,1.0,0.025877048314363438,0.012061475842818137,0.01984631039295437,0.01984631039295437,0.01984631039295437,1.0,1.0,0.2,0.0,0.0,0.8,0.025877048314363438,0.012061475842818137,0.01984631039295437,0.01984631039295437,0.01984631039295437,1.0,1.0,0.2,0.0,0.0,0.8,0.025877048314363438,0.012061475842818137,0.01984631039295437,0.01984631039295437,0.01984631039295437,1.0,1.0,0.2,0.0,0.0,0.8,1.0,1.0,0.8,0.8,0.8,1.0,0.0,1.0,0.8,1.0,1.0,0.8,1.0,1.0,0.8,1.0,1.0,0.8,0.2,0.8,0.8,0.8,0.8,0.8,0.0,0.0,0.0,0.0,0.8,0.8,1.0,1.0,1.0,0.8,0.0,0.0,0.0,0.0,0.0,0.6500000014234767,0.15815673649080345,0.15815673649080345,0.0,0.0,0,0,0,0,C2,0.0,0.0,0.025877048314363438,0.2,1.0,0.8,0.0,0.0,0.025877048314363438
phaseflip,dephasing,0.1,2,10,qiskit_aer,1,1,0.9039999999999999,0.9039999999999999,0.0,0.0,1.0,1.0,0.0,0.0,0.0959999999999998,0.0012247448713915085,0.09499999999999986,0.09499999999999986,0.0974999999999997,1.0,0.8,1.0,0.2,0.0,0.0,0.06584631039295445,0.0012247448713915085,0.06484631039295452,0.06484631039295452,0.06734631039295436,1.0,1.0,0.0,0.0,0.0,1.0,0.06584631039295445,0.0012247448713915085,0.06484631039295452,0.06484631039295452,0.06734631039295436,1.0,1.0,0.0,0.0,0.0,1.0,0.08996926207859073,0.01135284042619552,0.09499999999999986,0.09499999999999986,0.09499999999999986,1.0,1.0,0.8,0.0,0.0,0.2,0.08996926207859073,0.01135284042619552,0.09499999999999986,0.09499999999999986,0.09499999999999986,1.0,1.0,0.8,0.0,0.0,0.2,0.08996926207859073,0.01135284042619552,0.09499999999999986,0.09499999999999986,0.09499999999999986,1.0,1.0,0.8,0.0,0.0,0.2,1.0,1.0,0.2,0.2,0.2,1.0,0.0,1.0,0.2,1.0,1.0,0.2,1.0,1.0,0.2,1.0,1.0,0.2,0.8,0.2,0.2,0.2,0.2,0.2,0.0,0.0,0.0,0.0,0.2,0.2,1.0,1.0,1.0,0.2,0.0,0.0,0.0,0.0,0.0,-0.5039999998732057,0.008495877083870586,0.008495877083870586,0.0,0.0,0,0,0,0,C2,0.0,0.0,0.08996926207859073,0.8,1.0,0.2,0.0,0.0,0.08996926207859073
phaseflip,dephasing,0.1,3,10,qiskit_aer,1,1,0.8604999999999999,0.8604999999999999,0.0,0.0,0.0,0.0,0.0,0.0,0.13949999999999982,0.002779388421937513,0.14024999999999987,0.13668749999999977,0.14193749999999986,1.0,0.6,1.0,0.0,0.0,0.0,0.10934631039295448,0.002779388421937513,0.11009631039295453,0.10653381039295443,0.11178381039295451,1.0,1.0,0.0,0.0,0.0,0.0,0.12743852415718168,0.0129284223525761,0.13549999999999973,0.11234631039295451,0.13906249999999984,1.0,1.0,0.6,0.0,0.0,0.0,0.12743852415718168,0.0129284223525761,0.13549999999999973,0.11234631039295451,0.13906249999999984,1.0,1.0,0.6,0.0,0.0,0.0,0.12743852415718168,0.0129284223525761,0.13549999999999973,0.11234631039295451,0.13906249999999984,1.0,1.0,0.6,0.0,0.0,0.0,0.12743852415718168,0.0129284223525761,0.13549999999999973,0.11234631039295451,0.13906249999999984,1.0,1.0,0.6,0.0,0.0,0.0,1.0,0.4,0.4,0.4,0.4,0.4,0.6,0.0,0.4,0.6,0.0,0.4,0.6,0.0,0.4,0.6,0.0,0.4,0.0,0.4,0.4,0.4,0.4,0.4,0.0,0.0,0.0,0.0,0.4,0.4,1.0,1.0,1.0,0.4,0.0,0.0,0.0,0.0,0.0,-0.06049999996991049,0.027544488809430962,0.027544488809430962,0.0,0.0,0,0,0,0,C1,0.0,0.0,0.12743852415718168,0.6,1.0,0.4,0.0,0.0,0.12743852415718168
phaseflip,dephasing,0.1,4,10,qiskit_aer,1,1,0.8202674999999998,0.8202674999999998,0.0,0.0,0.0,0.0,0.0,0.0,0.17973249999999985,0.004220086640105866,0.1819874999999999,0.1787249999999999,0.18299999999999983,1.0,0.8,1.0,0.0,0.0,0.0,0.1495788103929545,0.004220086640105866,0.15183381039295457,0.14857131039295457,0.1528463103929545,1.0,1.0,0.0,0.0,0.0,0.0,0.17370176207859078,0.013245386656059694,0.1819874999999999,0.17194999999999983,0.18299999999999983,1.0,1.0,0.8,0.0,0.0,0.0,0.17370176207859078,0.013245386656059694,0.1819874999999999,0.17194999999999983,0.18299999999999983,1.0,1.0,0.8,0.0,0.0,0.0,0.17370176207859078,0.013245386656059694,0.1819874999999999,0.17194999999999983,0.18299999999999983,1.0,1.0,0.8,0.0,0.0,0.0,0.17370176207859078,0.013245386656059694,0.1819874999999999,0.17194999999999983,0.18299999999999983,1.0,1.0,0.8,0.0,0.0,0.0,1.0,0.2,0.2,0.2,0.2,0.2,0.8,0.0,0.2,0.8,0.0,0.2,0.8,0.0,0.2,0.8,0.0,0.2,0.0,0.2,0.2,0.2,0.2,0.2,0.0,0.0,0.0,0.0,0.2,0.2,1.0,1.0,1.0,0.2,0.0,0.0,0.0,0.0,0.0,-0.42026749998777635,4.332225182367674e-21,4.332225182367674e-21,0.0,0.0,0,0,0,0,C1,0.0,0.0,0.17370176207859078,0.8,1.0,0.2,0.0,0.0,0.17370176207859078
phaseflip,dephasing,0.15,1,10,qiskit_aer,1,1,0.9250000000000002,0.9250000000000002,0.0,0.0,1.0,1.0,0.0,0.0,0.07499999999999973,0.0,0.07499999999999973,0.07499999999999973,0.07499999999999973,1.0,0.4,1.0,0.6,0.0,0.0,0.04484631039295439,0.0,0.04484631039295439,0.04484631039295439,0.04484631039295439,1.0,1.0,0.0,0.0,0.0,1.0,0.04484631039295439,0.0,0.04484631039295439,0.04484631039295439,0.04484631039295439,1.0,1.0,0.0,0.0,0.0,1.0,0.05690778623577253,0.014772230679905057,0.04484631039295439,0.04484631039295439,0.07499999999999973,1.0,1.0,0.4,0.0,0.0,0.6,0.05690778623577253,0.014772230679905057,0.04484631039295439,0.04484631039295439,0.07499999999999973,1.0,1.0,0.4,0.0,0.0,0.6,0.05690778623577253,0.014772230679905057,0.04484631039295439,0.04484631039295439,0.07499999999999973,1.0,1.0,0.4,0.0,0.0,0.6,1.0,1.0,0.6,0.6,0.6,1.0,0.0,1.0,0.6,1.0,1.0,0.6,1.0,1.0,0.6,1.0,1.0,0.6,0.4,0.6,0.6,0.6,0.6,0.6,0.0,0.0,0.0,0.0,0.6,0.6,1.0,1.0,1.0,0.6,0.0,0.0,0.0,0.0,0.0,0.2750000002512554,1.2683343809989637e-17,1.2683343809989637e-17,0.0,0.0,0,0,0,0,C2,0.0,0.0,0.05690778623577253,0.4,1.0,0.6,0.0,0.0,0.05690778623577253
phaseflip,dephasing,0.15,2,10,qiskit_aer,1,1,0.8590000000000001,0.8590000000000001,0.0,0.0,0.0,0.0,0.0,0.0,0.14099999999999968,0.00275567596063103,0.1387499999999997,0.1387499999999997,0.1443749999999996,1.0,0.7,1.0,0.0,0.0,0.0,0.11084631039295433,0.00275567596063103,0.10859631039295436,0.10859631039295436,0.11422131039295425,1.0,1.0,0.0,0.0,0.0,0.0,0.13195389311788608,0.015467471684871368,0.1387499999999997,0.1161347327947157,0.1443749999999996,1.0,1.0,0.7,0.0,0.0,0.0,0.13195389311788608,0.015467471684871368,0.1387499999999997,0.1161347327947157,0.1443749999999996,1.0,1.0,0.7,0.0,0.0,0.0,0.13195389311788608,0.015467471684871368,0.1387499999999997,0.1161347327947157,0.1443749999999996,1.0,1.0,0.7,0.0,0.0,0.0,0.13195389311788608,0.015467471684871368,0.1387499999999997,0.1161347327947157,0.1443749999999996,1.0,1.0,0.7,0.0,0.0,0.0,1.0,0.3,0.3,0.3,0.3,0.3,0.7,0.0,0.3,0.7,0.0,0.3,0.7,0.0,0.3,0.7,0.0,0.3,0.0,0.3,0.3,0.3,0.3,0.3,0.0,0.0,0.0,0.0,0.3,0.3,1.0,1.0,1.0,0.3,0.0,0.0,0.0,0.0,0.0,-0.25899999998731305,6.498337773551511e-21,6.498337773551511e-21,0.0,0.0,0,0,0,0,C1,0.0,0.0,0.13195389311788608,0.7,1.0,0.3,0.0,0.0,0.13195389311788608
phaseflip,dephasing,0.15,3,10,qiskit_aer,1,1,0.79834375,0.79834375,0.0,0.0,0.0,0.0,0.0,0.0,0.20165624999999965,0.00604131284883512,0.2033437499999997,0.19553906249999972,0.20692968749999968,1.0,0.8,1.0,0.0,0.0,0.0,0.1715025603929543,0.00604131284883512,0.17319006039295437,0.16538537289295438,0.17677599789295434,1.0,1.0,0.0,0.0,0.0,0.0,0.19562551207859058,0.014979328638303289,0.2033437499999997,0.19293749999999954,0.20692968749999968,1.0,1.0,0.8,0.0,0.0,0.0,0.19562551207859058,0.014979328638303289,0.2033437499999997,0.19293749999999954,0.20692968749999968,1.0,1.0,0.8,0.0,0.0,0.0,0.19562551207859058,0.014979328638303289,0.2033437499999997,0.19293749999999954,0.20692968749999968,1.0,1.0,0.8,0.0,0.0,0.0,0.19562551207859058,0.014979328638303289,0.2033437499999997,0.19293749999999954,0.20692968749999968,1.0,1.0,0.8,0.0,0.0,0.0,1.0,0.2,0.2,0.2,0.2,0.2,0.8,0.0,0.2,0.8,0.0,0.2,0.8,0.0,0.2,0.8,0.0,0.2,0.0,0.2,0.2,0.2,0.2,0.2,0.0,0.0,0.0,0.0,0.2,0.2,1.0,1.0,1.0,0.2,0.0,0.0,0.0,0.0,0.0,-0.39834374999415817,4.332225182367674e-21,4.332225182367674e-21,0.0,0.0,0,0,0,0,C1,0.0,0.0,0.19562551207859058,0.8,1.0,0.2,0.0,0.0,0.19562551207859058
phaseflip,dephasing,0.15,4,10,qiskit_aer,1,1,0.7445260937500001,0.7445260937500001,0.0,0.0,0.0,0.0,0.0,0.0,0.25547390624999966,0.00890263334050704,0.26028046874999966,0.25346718749999964,0.2623124999999996,1.0,1.0,1.0,0.0,0.0,0.0,0.2253202166429543,0.00890263334050704,0.23012677914295432,0.2233134978929543,0.23215881039295427,1.0,1.0,0.0,0.0,0.0,0.0,0.25547390624999966,0.00890263334050704,0.26028046874999966,0.25346718749999964,0.2623124999999996,1.0,1.0,1.0,0.0,0.0,0.0,0.25547390624999966,0.00890263334050704,0.26028046874999966,0.25346718749999964,0.2623124999999996,1.0,1.0,1.0,0.0,0.0,0.0,0.25547390624999966,0.00890263334050704,0.26028046874999966,0.25346718749999964,0.2623124999999996,1.0,1.0,1.0,0.0,0.0,0.0,0.25547390624999966,0.00890263334050704,0.26028046874999966,0.25346718749999964,0.2623124999999996,1.0,1.0,1.0,0.0,0.0,0.0,1.0,0.0,0.0,0.0,0.0,0.0,1.0,0.0,0.0,1.0,0.0,0.0,1.0,0.0,0.0,1.0,0.0,0.0,0.0,0.0,0.0,0.0,0.0,0.0,0.0,0.0,0.0,0.0,0.0,0.0,1.0,1.0,1.0,0.0,0.0,0.0,0.0,0.0,0.0,-0.7445260937490144,0.0,0.0,0.0,0.0,0,0,0,0,C1,0.0,0.0,0.25547390624999966,1.0,1.0,0.0,0.0,0.0,0.25547390624999966
phaseflip,dephasing,0.2,1,10,qiskit_aer,1,1,0.9000000000000001,0.9000000000000001,0.0,0.0,1.0,1.0,0.0,0.0,0.09999999999999964,0.0,0.09999999999999964,0.09999999999999964,0.09999999999999964,1.0,0.8,1.0,0.2,0.0,0.0,0.0698463103929543,0.0,0.0698463103929543,0.0698463103929543,0.0698463103929543,1.0,1.0,0.0,0.0,0.0,1.0,0.0698463103929543,0.0,0.0698463103929543,0.0698463103929543,0.0698463103929543,1.0,1.0,0.0,0.0,0.0,1.0,0.09396926207859058,0.012061475842818137,0.09999999999999964,0.09999999999999964,0.09999999999999964,1.0,1.0,0.8,0.0,0.0,0.2,0.09396926207859058,0.012061475842818137,0.09999999999999964,0.09999999999999964,0.09999999999999964,1.0,1.0,0.8,0.0,0.0,0.2,0.09396926207859058,0.012061475842818137,0.09999999999999964,0.09999999999999964,0.09999999999999964,1.0,1.0,0.8,0.0,0.0,0.2,1.0,1.0,0.2,0.2,0.2,1.0,0.0,1.0,0.2,1.0,1.0,0.2,1.0,1.0,0.2,1.0,1.0,0.2,0.8,0.2,0.2,0.2,0.2,0.2,0.0,0.0,0.0,0.0,0.2,0.2,1.0,1.0,1.0,0.2,0.0,0.0,0.0,0.0,0.0,-0.4999999998967022,0.006573680430971311,0.006573680430971311,0.0,0.0,0,0,0,0,C2,0.0,0.0,0.09396926207859058,0.8,1.0,0.2,0.0,0.0,0.09396926207859058
phaseflip,dephasing,0.2,2,10,qiskit_aer,1,1,0.8160000000000001,0.8160000000000001,0.0,0.0,0.0,0.0,0.0,0.0,0.1839999999999997,0.00489897948556632,0.17999999999999972,0.17999999999999972,0.1899999999999996,1.0,0.7,1.0,0.0,0.0,0.0,0.15384631039295435,0.00489897948556632,0.14984631039295437,0.14984631039295437,0.15984631039295427,1.0,1.0,0.0,0.0,0.0,0.0,0.1749538931178861,0.01695023021701166,0.17999999999999972,0.1573847327947157,0.1899999999999996,1.0,1.0,0.7,0.0,0.0,0.0,0.1749538931178861,0.01695023021701166,0.17999999999999972,0.1573847327947157,0.1899999999999996,1.0,1.0,0.7,0.0,0.0,0.0,0.1749538931178861,0.01695023021701166,0.17999999999999972,0.1573847327947157,0.1899999999999996,1.0,1.0,0.7,0.0,0.0,0.0,0.1749538931178861,0.01695023021701166,0.17999999999999972,0.1573847327947157,0.1899999999999996,1.0,1.0,0.7,0.0,0.0,0.0,1.0,0.3,0.3,0.3,0.3,0.3,0.7,0.0,0.3,0.7,0.0,0.3,0.7,0.0,0.3,0.7,0.0,0.3,0.0,0.3,0.3,0.3,0.3,0.3,0.0,0.0,0.0,0.0,0.3,0.3,1.0,1.0,1.0,0.3,0.0,0.0,0.0,0.0,0.0,-0.21599999999121614,6.498337773551511e-21,6.498337773551511e-21,0.0,0.0,0,0,0,0,C1,0.0,0.0,0.1749538931178861,0.7,1.0,0.3,0.0,0.0,0.1749538931178861
phaseflip,dephasing,0.2,3,10,qiskit_aer,1,1,0.7410000000000001,0.7410000000000001,0.0,0.0,0.0,0.0,0.0,0.0,0.2589999999999997,0.010363397126425285,0.2619999999999997,0.24849999999999975,0.2679999999999997,1.0,0.7,1.0,0.0,0.0,0.0,0.22884631039295433,0.010363397126425285,0.23184631039295434,0.2183463103929544,0.23784631039295434,1.0,1.0,0.0,0.0,0.0,0.0,0.24995389311788607,0.01877812798565044,0.25299999999999967,0.23488473279471567,0.2679999999999997,1.0,1.0,0.7,0.0,0.0,0.0,0.24995389311788607,0.01877812798565044,0.25299999999999967,0.23488473279471567,0.2679999999999997,1.0,1.0,0.7,0.0,0.0,0.0,0.24995389311788607,0.01877812798565044,0.25299999999999967,0.23488473279471567,0.2679999999999997,1.0,1.0,0.7,0.0,0.0,0.0,0.24995389311788607,0.01877812798565044,0.25299999999999967,0.23488473279471567,0.2679999999999997,1.0,1.0,0.7,0.0,0.0,0.0,1.0,0.3,0.3,0.3,0.3,0.3,0.7,0.0,0.3,0.7,0.0,0.3,0.7,0.0,0.3,0.7,0.0,0.3,0.0,0.3,0.3,0.3,0.3,0.3,0.0,0.0,0.0,0.0,0.3,0.3,1.0,1.0,1.0,0.3,0.0,0.0,0.0,0.0,0.0,-0.14099999999793494,5.26574260914368e-21,5.26574260914368e-21,0.0,0.0,0,0,0,0,C1,0.0,0.0,0.24995389311788607,0.7,1.0,0.3,0.0,0.0,0.24995389311788607
phaseflip,dephasing,0.2,4,10,qiskit_aer,1,1,0.6772800000000001,0.6772800000000001,0.0,0.0,0.0,0.0,0.0,0.0,0.3227199999999998,0.01481275126369163,0.33079999999999976,0.3195999999999999,0.33399999999999974,1.0,0.8,1.0,0.0,0.0,0.0,0.29256631039295444,0.01481275126369163,0.3006463103929544,0.28944631039295454,0.3038463103929544,1.0,1.0,0.0,0.0,0.0,0.0,0.3166892620785907,0.02639751152478653,0.33079999999999976,0.3195999999999999,0.33399999999999974,1.0,1.0,0.8,0.0,0.0,0.0,0.3166892620785907,0.02639751152478653,0.33079999999999976,0.3195999999999999,0.33399999999999974,1.0,1.0,0.8,0.0,0.0,0.0,0.3166892620785907,0.02639751152478653,0.33079999999999976,0.3195999999999999,0.33399999999999974,1.0,1.0,0.8,0.0,0.0,0.0,0.3166892620785907,0.02639751152478653,0.33079999999999976,0.3195999999999999,0.33399999999999974,1.0,1.0,0.8,0.0,0.0,0.0,1.0,0.2,0.2,0.2,0.2,0.2,0.8,0.0,0.2,0.8,0.0,0.2,0.8,0.0,0.2,0.8,0.0,0.2,0.0,0.2,0.2,0.2,0.2,0.2,0.0,0.0,0.0,0.0,0.2,0.2,1.0,1.0,1.0,0.2,0.0,0.0,0.0,0.0,0.0,-0.2772799999992633,4.332225182367674e-21,4.332225182367674e-21,0.0,0.0,0,0,0,0,C1,0.0,0.0,0.3166892620785907,0.8,1.0,0.2,0.0,0.0,0.3166892620785907
phaseflip,depolarizing,0.01,1,10,qiskit_aer,1,1,0.9933333333333335,0.9933333333333335,0.0,0.0,1.0,1.0,0.0,0.0,0.003470212294928887,0.0003586376047976173,0.0034648233594331,0.0032627382783367576,0.0036938531180086553,1.0,1.0,1.0,0.0,0.0,0.0,-0.020153689607045777,0.0,-0.020153689607045777,-0.020153689607045777,-0.020153689607045777,0.0,1.0,0.0,0.0,1.0,1.0,-0.01535993085230336,0.009587585661825312,-0.020153689607045777,-0.020153689607045777,-0.020153689607045777,0.2,1.0,0.2,0.0,0.8,0.8,0.003470212294928887,0.0003586376047976173,0.0034648233594331,0.0032627382783367576,0.0036938531180086553,1.0,1.0,1.0,0.0,0.0,0.0,0.003470212294928887,0.0003586376047976173,0.0034648233594331,0.0032627382783367576,0.0036938531180086553,1.0,1.0,1.0,0.0,0.0,0.0,0.003470212294928887,0.0003586376047976173,0.0034648233594331,0.0032627382783367576,0.0036938531180086553,1.0,1.0,1.0,0.0,0.0,0.0,1.0,0.8,0.0,0.0,0.0,0.8,0.2,0.0,0.0,1.0,0.0,0.0,1.0,0.0,0.0,1.0,0.0,0.0,0.8,0.0,0.0,0.0,0.0,0.0,0.0,0.0,0.0,0.0,0.0,0.0,1.0,1.0,1.0,0.0,0.0,0.0,0.0,0.0,0.0,-0.9933333184492785,0.0,0.0,0.0,0.0,0,0,0,0,C2,0.0,0.0,0.003470212294928887,1.0,1.0,0.0,0.0,0.0,0.003470212294928887
phaseflip,depolarizing,0.01,2,10,qiskit_aer,1,1,0.9867377777777778,0.9867377777777778,0.0,0.0,1.0,1.0,0.0,0.0,0.0067073638773614275,0.0004865024257163712,0.006647547801290454,0.006288596113549788,0.007073424159198677,1.0,1.0,0.0,0.0,0.0,1.0,-0.010278134051490029,1.0886621079107667e-05,-0.010287022940378976,-0.010287022940378976,-0.010264800718156608,0.0,1.0,0.0,0.0,1.0,1.0,-0.00531994849384706,0.007573110235148041,-0.010264800718156608,-0.010287022940378976,0.0020014677107408896,0.3,1.0,0.0,0.0,0.7,1.0,0.0067073638773614275,0.0004865024257163712,0.006647547801290454,0.006288596113549788,0.007073424159198677,1.0,1.0,0.0,0.0,0.0,1.0,0.0067073638773614275,0.0004865024257163712,0.006647547801290454,0.006288596113549788,0.007073424159198677,1.0,1.0,0.0,0.0,0.0,1.0,0.0067073638773614275,0.0004865024257163712,0.006647547801290454,0.006288596113549788,0.007073424159198677,1.0,1.0,0.0,0.0,0.0,1.0,1.0,0.7,0.0,0.0,0.0,0.7,0.3,0.0,0.0,1.0,0.0,0.0,1.0,0.0,0.0,1.0,0.0,0.0,0.7,0.0,0.0,0.0,0.0,0.0,0.0,0.0,0.0,0.0,0.0,0.0,1.0,1.0,1.0,0.0,0.0,0.0,0.0,0.0,0.0,-0.9867377635754983,0.0,0.0,0.0,0.0,0,0,0,0,C2,0.0,0.0,0.0067073638773614275,0.0,1.0,0.0,0.0,0.0,0.0067073638773614275
phaseflip,depolarizing,0.01,3,10,qiskit_aer,1,1,0.9801905185185186,0.9801905185185186,0.0,0.0,1.0,1.0,0.0,0.0,0.010025099645550761,0.0004401308617175079,0.010143463151477905,0.009653081775451405,0.010291079613408638,1.0,1.0,0.0,0.0,0.0,1.0,-0.0005144303477863099,2.6162895851617987e-05,-0.0005077636811195996,-0.0005408747922307777,-0.0004913192366751973,0.0,1.0,0.0,0.0,0.0,1.0,-0.0005144303477863099,2.6162895851617987e-05,-0.0005077636811195996,-0.0005408747922307777,-0.0004913192366751973,0.0,1.0,0.0,0.0,0.0,1.0,0.010025099645550761,0.0004401308617175079,0.010143463151477905,0.009653081775451405,0.010291079613408638,1.0,1.0,0.0,0.0,0.0,1.0,0.010025099645550761,0.0004401308617175079,0.010143463151477905,0.009653081775451405,0.010291079613408638,1.0,1.0,0.0,0.0,0.0,1.0,0.010025099645550761,0.0004401308617175079,0.010143463151477905,0.009653081775451405,0.010291079613408638,1.0,1.0,0.0,0.0,0.0,1.0,0.9,1.0,0.0,0.0,0.0,1.0,0.0,0.0,0.0,1.0,0.0,0.0,1.0,0.0,0.0,1.0,0.0,0.0,1.0,0.0,0.0,0.0,0.0,0.0,0.0,0.0,0.0,0.0,0.0,0.0,1.0,1.0,1.0,0.0,0.0,0.0,0.0,0.0,0.0,-0.980190506844886,0.0,0.0,0.0,0.0,0,0,0,0,C2,0.0,0.0,0.010025099645550761,0.0,1.0,0.0,0.0,0.0,0.010025099645550761
phaseflip,depolarizing,0.01,4,10,qiskit_aer,1,1,0.9737087462716051,0.9737087462716051,0.0,0.0,1.0,1.0,0.0,0.0,0.013203720885437076,0.0007402506664128574,0.013329399371344641,0.012498865119282943,0.013825103786392151,1.0,1.0,0.0,0.0,0.0,1.0,0.009129995528756773,4.1776203919311905e-05,0.009151922244806099,0.009119179528756849,0.00916273903492959,1.0,1.0,0.0,0.0,0.0,1.0,0.009129995528756773,4.1776203919311905e-05,0.009151922244806099,0.009119179528756849,0.00916273903492959,1.0,1.0,0.0,0.0,0.0,1.0,0.013203720885437076,0.0007402506664128574,0.013329399371344641,0.012498865119282943,0.013825103786392151,1.0,1.0,0.0,0.0,0.0,1.0,0.013203720885437076,0.0007402506664128574,0.013329399371344641,0.012498865119282943,0.013825103786392151,1.0,1.0,0.0,0.0,0.0,1.0,0.013203720885437076,0.0007402506664128574,0.013329399371344641,0.012498865119282943,0.013825103786392151,1.0,1.0,0.0,0.0,0.0,1.0,0.0,1.0,0.0,0.0,0.0,1.0,0.0,0.0,0.0,1.0,0.0,0.0,1.0,0.0,0.0,1.0,0.0,0.0,1.0,0.0,0.0,0.0,0.0,0.0,0.0,0.0,0.0,0.0,0.0,0.0,1.0,1.0,1.0,0.0,0.0,0.0,0.0,0.0,0.0,-0.9737087398390429,0.0,0.0,0.0,0.0,0,0,0,0,C2,0.0,0.0,0.013203720885437076,0.0,1.0,0.0,0.0,0.0,0.013203720885437076
phaseflip,depolarizing,0.03,1,10,qiskit_aer,1,1,0.98,0.98,0.0,0.0,1.0,1.0,0.0,0.0,0.010139243197279024,0.0006120132619378795,0.010096726190476302,0.009698129251700827,0.010482036564625985,1.0,0.7,0.0,0.3,0.0,1.0,-0.00015368960704553736,0.0,-0.00015368960704553736,-0.00015368960704553736,-0.00015368960704553736,0.0,1.0,0.0,0.0,0.0,1.0,0.004963546352939874,0.005144507535872541,0.004479915400558865,-0.00015368960704553736,0.00977784863945591,0.5,1.0,0.0,0.0,0.0,1.0,0.007008314886593902,0.004721316068003117,0.009698129251700882,0.0021631128967566637,0.01028273809523822,0.7,1.0,0.0,0.0,0.0,1.0,0.007008314886593902,0.004721316068003117,0.009698129251700882,0.0021631128967566637,0.01028273809523822,0.7,1.0,0.0,0.0,0.0,1.0,0.007008314886593902,0.004721316068003117,0.009698129251700882,0.0021631128967566637,0.01028273809523822,0.7,1.0,0.0,0.0,0.0,1.0,0.6,0.5,0.3,0.3,0.3,0.5,0.7142857142857143,1.0,0.3,1.0,1.0,0.3,1.0,1.0,0.3,1.0,1.0,0.3,0.2,0.3,0.3,0.3,0.3,0.3,0.0,0.0,0.0,0.0,0.3,0.3,1.0,1.0,1.0,0.3,0.0,0.0,0.0,0.0,0.0,-0.37999999478463947,4.033147444735849e-21,4.033147444735849e-21,0.0,0.0,0,0,0,0,C2,0.0,0.0,0.007008314886593902,0.0,0.7,0.3,0.0,0.0,0.007008314886593902
phaseflip,depolarizing,0.03,2,10,qiskit_aer,1,1,0.9606399999999999,0.9606399999999999,0.0,0.0,1.0,1.0,0.0,0.0,0.019468828430146922,0.0010701409044757378,0.019431765195670248,0.018612135720233125,0.02040930862140794,1.0,0.7,0.0,0.3,0.0,1.0,0.02872631039295439,9.797958971131634e-05,0.0286463103929544,0.0286463103929544,0.028846310392954377,1.0,1.0,0.0,0.0,0.0,1.0,0.027703377938171847,0.003096899490812085,0.0286463103929544,0.0286463103929544,0.028846310392954377,1.0,1.0,0.0,0.0,0.0,1.0,0.022296332442883083,0.0043490002687658095,0.02039629321116221,0.019418755203996663,0.02673947883967831,1.0,1.0,0.0,0.0,0.0,1.0,0.022296332442883083,0.0043490002687658095,0.02039629321116221,0.019418755203996663,0.02673947883967831,1.0,1.0,0.0,0.0,0.0,1.0,0.022296332442883083,0.0043490002687658095,0.02039629321116221,0.019418755203996663,0.02673947883967831,1.0,1.0,0.0,0.0,0.0,1.0,0.5,0.9,0.3,0.3,0.3,0.9,0.0,0.8,0.3,1.0,0.6,0.3,1.0,0.6,0.3,1.0,0.6,0.3,0.6,0.3,0.3,0.3,0.3,0.3,0.0,0.0,0.0,0.0,0.3,0.3,1.0,1.0,1.0,0.3,0.0,0.0,0.0,0.0,0.0,-0.36063999752833276,0.010197584473055256,0.010197584473055256,0.0,0.0,0,0,0,0,C1,0.0,0.0,0.027703377938171847,0.0,1.0,0.9,0.0,0.0,0.027703377938171847
phaseflip,depolarizing,0.03,3,10,qiskit_aer,1,1,0.9417040000000001,0.9417040000000001,0.0,0.0,1.0,1.0,0.0,0.0,0.030144910972161054,0.0010445685496057293,0.03068734739628426,0.029662561269402976,0.030768555602584374,1.0,1.0,0.0,0.0,0.0,1.0,0.056626310392954425,0.0002314268783007252,0.05668631039295435,0.05639231039295439,0.0568303103929545,1.0,1.0,0.0,0.0,0.0,1.0,0.056626310392954425,0.0002314268783007252,0.05668631039295435,0.05639231039295439,0.0568303103929545,1.0,1.0,0.0,0.0,0.0,1.0,0.030144910972161054,0.0010445685496057293,0.03068734739628426,0.029662561269402976,0.030768555602584374,1.0,1.0,0.0,0.0,0.0,1.0,0.030144910972161054,0.0010445685496057293,0.03068734739628426,0.029662561269402976,0.030768555602584374,1.0,1.0,0.0,0.0,0.0,1.0,0.030144910972161054,0.0010445685496057293,0.03068734739628426,0.029662561269402976,0.030768555602584374,1.0,1.0,0.0,0.0,0.0,1.0,1.0,1.0,0.0,0.0,0.0,1.0,0.0,1.0,0.0,0.0,0.0,0.0,0.0,0.0,0.0,0.0,0.0,0.0,1.0,0.0,0.0,0.0,0.0,0.0,0.0,0.0,0.0,0.0,0.0,0.0,1.0,1.0,1.0,0.0,0.0,0.0,0.0,0.0,0.0,-0.9417039993749341,0.0,0.0,0.0,0.0,0,0,0,0,C1,0.0,0.0,0.056626310392954425,0.0,1.0,1.0,0.0,0.0,0.056626310392954425
phaseflip,depolarizing,0.03,4,10,qiskit_aer,1,1,0.923336448,0.923336448,0.0,0.0,1.0,1.0,0.0,0.0,0.03825836617411223,0.0008128132797368805,0.03831310271882338,0.03766340517450564,0.03868528959593337,1.0,1.0,0.0,0.0,0.0,1.0,0.08350480639295439,0.00036392588045372015,0.08369687039295443,0.08341271039295442,0.08378903039295438,1.0,1.0,0.0,0.0,0.0,1.0,0.08350480639295439,0.00036392588045372015,0.08369687039295443,0.08341271039295442,0.08378903039295438,1.0,1.0,0.0,0.0,0.0,1.0,0.03825836617411223,0.0008128132797368805,0.03831310271882338,0.03766340517450564,0.03868528959593337,1.0,1.0,0.0,0.0,0.0,1.0,0.03825836617411223,0.0008128132797368805,0.03831310271882338,0.03766340517450564,0.03868528959593337,1.0,1.0,0.0,0.0,0.0,1.0,0.03825836617411223,0.0008128132797368805,0.03831310271882338,0.03766340517450564,0.03868528959593337,1.0,1.0,0.0,0.0,0.0,1.0,1.0,1.0,0.0,0.0,0.0,1.0,0.0,1.0,0.0,0.0,0.0,0.0,0.0,0.0,0.0,0.0,0.0,0.0,1.0,0.0,0.0,0.0,0.0,0.0,0.0,0.0,0.0,0.0,0.0,0.0,1.0,1.0,1.0,0.0,0.0,0.0,0.0,0.0,0.0,-0.9233364478079011,0.0,0.0,0.0,0.0,0,0,0,0,C1,0.0,0.0,0.08350480639295439,0.0,1.0,1.0,0.0,0.0,0.08350480639295439
phaseflip,depolarizing,0.05,1,10,qiskit_aer,1,1,0.9666666666666666,0.9666666666666666,0.0,0.0,1.0,1.0,0.0,0.0,0.016614284003831324,0.0010415591433365126,0.016284273227969215,0.015839020593869546,0.017070013170498194,1.0,1.0,0.0,0.0,0.0,1.0,0.01984631039295426,1.1102230246251565e-16,0.01984631039295426,0.019846310392954147,0.01984631039295437,1.0,1.0,0.0,0.0,0.0,1.0,0.01984631039295426,1.1102230246251565e-16,0.01984631039295426,0.019846310392954147,0.01984631039295437,1.0,1.0,0.0,0.0,0.0,1.0,0.016614284003831324,0.0010415591433365126,0.016284273227969215,0.015839020593869546,0.017070013170498194,1.0,1.0,0.0,0.0,0.0,1.0,0.016614284003831324,0.0010415591433365126,0.016284273227969215,0.015839020593869546,0.017070013170498194,1.0,1.0,0.0,0.0,0.0,1.0,0.016614284003831324,0.0010415591433365126,0.016284273227969215,0.015839020593869546,0.017070013170498194,1.0,1.0,0.0,0.0,0.0,1.0,0.0,1.0,0.0,0.0,0.0,1.0,0.0,0.0,0.0,1.0,0.0,0.0,1.0,0.0,0.0,1.0,0.0,0.0,1.0,0.0,0.0,0.0,0.0,0.0,0.0,0.0,0.0,0.0,0.0,0.0,1.0,1.0,1.0,0.0,0.0,0.0,0.0,0.0,0.0,-0.9666666628539905,0.0,0.0,0.0,0.0,0,0,0,0,C2,0.0,0.0,0.016614284003831324,0.0,1.0,0.0,0.0,0.0,0.01984631039295426
phaseflip,depolarizing,0.05,2,10,qiskit_aer,1,1,0.9351111111111111,0.9351111111111111,0.0,0.0,1.0,1.0,0.0,0.0,0.032667348056235765,0.0008535534096382063,0.03257179499868035,0.032141021353547405,0.033076957970440746,1.0,0.9,0.0,0.1,0.0,1.0,0.06673519928184327,0.0002721655269759512,0.066512977059621,0.066512977059621,0.06706853261517665,1.0,1.0,0.0,0.0,0.0,1.0,0.06323612611016574,0.010389079659578582,0.066512977059621,0.066512977059621,0.06692964372628774,1.0,1.0,0.0,0.0,0.0,1.0,0.03614113304585489,0.010343799438306147,0.03287489278173661,0.032176041274883105,0.03320003244742595,1.0,1.0,0.0,0.0,0.0,1.0,0.03614113304585489,0.010343799438306147,0.03287489278173661,0.032176041274883105,0.03320003244742595,1.0,1.0,0.0,0.0,0.0,1.0,0.03614113304585489,0.010343799438306147,0.03287489278173661,0.032176041274883105,0.03320003244742595,1.0,1.0,0.0,0.0,0.0,1.0,1.0,0.9,0.1,0.1,0.1,0.9,0.0,0.9,0.1,0.0,0.1,0.1,0.0,0.1,0.1,0.0,0.1,0.1,0.8,0.1,0.1,0.1,0.1,0.1,0.0,0.0,0.0,0.0,0.1,0.1,1.0,1.0,1.0,0.1,0.0,0.0,0.0,0.0,0.0,-0.7351111107628024,0.01836139386093746,0.01836139386093746,0.0,0.0,0,0,0,0,C1,0.0,0.0,0.06323612611016574,0.0,1.0,0.9,0.0,0.0,0.06323612611016574
phaseflip,depolarizing,0.05,3,10,qiskit_aer,1,1,0.9047037037037037,0.9047037037037037,0.0,0.0,1.0,1.0,0.0,0.0,0.046791071641117635,0.0010876940071755203,0.046858814382366665,0.04634293481887994,0.04717409309930573,1.0,1.0,0.0,0.0,0.0,1.0,0.11097594002258405,0.000631641665357513,0.11114260668925069,0.11033705113369516,0.11153149557813949,1.0,1.0,0.0,0.0,0.0,1.0,0.11097594002258405,0.000631641665357513,0.11114260668925069,0.11033705113369516,0.11153149557813949,1.0,1.0,0.0,0.0,0.0,1.0,0.046791071641117635,0.0010876940071755203,0.046858814382366665,0.04634293481887994,0.04717409309930573,1.0,1.0,0.0,0.0,0.0,1.0,0.046791071641117635,0.0010876940071755203,0.046858814382366665,0.04634293481887994,0.04717409309930573,1.0,1.0,0.0,0.0,0.0,1.0,0.046791071641117635,0.0010876940071755203,0.046858814382366665,0.04634293481887994,0.04717409309930573,1.0,1.0,0.0,0.0,0.0,1.0,1.0,1.0,0.0,0.0,0.0,1.0,0.0,1.0,0.0,0.0,0.0,0.0,0.0,0.0,0.0,0.0,0.0,0.0,1.0,0.0,0.0,0.0,0.0,0.0,0.0,0.0,0.0,0.0,0.0,0.0,1.0,1.0,1.0,0.0,0.0,0.0,0.0,0.0,0.0,-0.9047037036403268,0.0,0.0,0.0,0.0,0,0,0,0,C1,0.0,0.0,0.11097594002258405,0.0,1.0,1.0,0.0,0.0,0.11097594002258405
phaseflip,depolarizing,0.05,4,10,qiskit_aer,1,1,0.8758182716049381,0.8758182716049381,0.0,0.0,0.0,0.0,0.0,0.0,0.06208335696797838,0.0016416282965216712,0.0619103970578635,0.0607924990497552,0.06320654470586132,1.0,0.8,0.0,0.0,0.0,0.0,0.15251989063986815,0.0009780251588791563,0.15303890298554712,0.15227840915838664,0.1532808782941891,1.0,1.0,0.0,0.0,0.0,0.0,0.08032469284450508,0.036509176913000055,0.062084025990502056,0.061212640940211255,0.06497014932905762,1.0,1.0,0.0,0.0,0.0,0.0,0.08032469284450508,0.036509176913000055,0.062084025990502056,0.061212640940211255,0.06497014932905762,1.0,1.0,0.0,0.0,0.0,0.0,0.08032469284450508,0.036509176913000055,0.062084025990502056,0.061212640940211255,0.06497014932905762,1.0,1.0,0.0,0.0,0.0,0.0,0.08032469284450508,0.036509176913000055,0.062084025990502056,0.061212640940211255,0.06497014932905762,1.0,1.0,0.0,0.0,0.0,0.0,1.0,0.2,0.2,0.2,0.2,0.2,0.0,0.2,0.2,0.0,0.2,0.2,0.0,0.2,0.2,0.0,0.2,0.2,0.0,0.2,0.2,0.2,0.2,0.2,0.0,0.0,0.0,0.0,0.2,0.2,1.0,1.0,1.0,0.2,0.0,0.0,0.0,0.0,0.0,-0.47581827156329304,0.04845503616798391,0.04845503616798391,0.0,0.0,0,0,0,0,C1,0.0,0.0,0.08032469284450508,0.0,1.0,0.2,0.0,0.0,0.08032469284450508
phaseflip,depolarizing,0.1,1,10,qiskit_aer,1,1,0.9333333333333333,0.9333333333333333,0.0,0.0,1.0,1.0,0.0,0.0,0.033151971726190485,0.0015126895489574945,0.03287489149305556,0.0321695963541668,0.033693537636408755,1.0,0.7,0.0,0.3,0.0,1.0,0.0698463103929543,0.0,0.0698463103929543,0.0698463103929543,0.0698463103929543,1.0,1.0,0.0,0.0,0.0,1.0,0.06600559056397634,0.011522159486933903,0.0698463103929543,0.0698463103929543,0.0698463103929543,1.0,1.0,0.0,0.0,0.0,1.0,0.04441720226967201,0.016702504282678964,0.034058779761904745,0.03290008060515873,0.06157953376197761,1.0,1.0,0.0,0.0,0.0,1.0,0.04441720226967201,0.016702504282678964,0.034058779761904745,0.03290008060515873,0.06157953376197761,1.0,1.0,0.0,0.0,0.0,1.0,0.04441720226967201,0.016702504282678964,0.034058779761904745,0.03290008060515873,0.06157953376197761,1.0,1.0,0.0,0.0,0.0,1.0,1.0,0.9,0.3,0.3,0.3,0.9,0.0,0.9,0.3,0.0,0.3,0.3,0.0,0.3,0.3,0.0,0.3,0.3,0.6,0.3,0.3,0.3,0.3,0.3,0.0,0.0,0.0,0.0,0.3,0.3,1.0,1.0,1.0,0.3,0.0,0.0,0.0,0.0,0.0,-0.3333333331382679,2.800552280328018e-21,2.800552280328018e-21,0.0,0.0,0,0,0,0,C1,0.0,0.0,0.06600559056397634,0.0,1.0,0.9,0.0,0.0,0.06600559056397634
phaseflip,depolarizing,0.1,2,10,qiskit_aer,1,1,0.8737777777777779,0.8737777777777779,0.0,0.0,0.0,0.0,0.0,0.0,0.06187744996045955,0.0020692670445334447,0.06198392554991533,0.060354944391567966,0.06389899221407314,1.0,0.9,0.0,0.0,0.0,0.0,0.15740186594850986,0.0010886621079035691,0.15651297705962108,0.15651297705962097,0.1587351992818431,1.0,1.0,0.0,0.0,0.0,0.0,0.07130727392067335,0.029203553508795402,0.06198392554991533,0.060354944391567966,0.06389899221407314,1.0,1.0,0.0,0.0,0.0,0.0,0.07130727392067335,0.029203553508795402,0.06198392554991533,0.060354944391567966,0.06389899221407314,1.0,1.0,0.0,0.0,0.0,0.0,0.07130727392067335,0.029203553508795402,0.06198392554991533,0.060354944391567966,0.06389899221407314,1.0,1.0,0.0,0.0,0.0,0.0,0.07130727392067335,0.029203553508795402,0.06198392554991533,0.060354944391567966,0.06389899221407314,1.0,1.0,0.0,0.0,0.0,0.0,1.0,0.1,0.1,0.1,0.1,0.1,0.0,0.1,0.1,0.0,0.1,0.1,0.0,0.1,0.1,0.0,0.1,0.1,0.0,0.1,0.1,0.1,0.1,0.1,0.0,0.0,0.0,0.0,0.1,0.1,1.0,1.0,1.0,0.1,0.0,0.0,0.0,0.0,0.0,-0.6737777777527307,0.00041827891724225894,0.00041827891724225894,0.0,0.0,0,0,0,0,C1,0.0,0.0,0.07130727392067335,0.0,1.0,0.1,0.0,0.0,0.07130727392067335
phaseflip,depolarizing,0.1,3,10,qiskit_aer,1,1,0.8185185185185185,0.8185185185185185,0.0,0.0,0.0,0.0,0.0,0.0,0.09093423318620729,0.0017920673522088411,0.09130960489588075,0.08937276766306598,0.09168762721102763,1.0,1.0,0.0,0.0,0.0,0.0,0.2351055696522136,0.002414633031103689,0.23577223631888033,0.23266112520776924,0.23721668076332467,1.0,1.0,0.0,0.0,0.0,0.0,0.09093423318620729,0.0017920673522088411,0.09130960489588075,0.08937276766306598,0.09168762721102763,1.0,1.0,0.0,0.0,0.0,0.0,0.09093423318620729,0.0017920673522088411,0.09130960489588075,0.08937276766306598,0.09168762721102763,1.0,1.0,0.0,0.0,0.0,0.0,0.09093423318620729,0.0017920673522088411,0.09130960489588075,0.08937276766306598,0.09168762721102763,1.0,1.0,0.0,0.0,0.0,0.0,0.09093423318620729,0.0017920673522088411,0.09130960489588075,0.08937276766306598,0.09168762721102763,1.0,1.0,0.0,0.0,0.0,0.0,1.0,0.0,0.0,0.0,0.0,0.0,0.0,0.0,0.0,0.0,0.0,0.0,0.0,0.0,0.0,0.0,0.0,0.0,0.0,0.0,0.0,0.0,0.0,0.0,0.0,0.0,0.0,0.0,0.0,0.0,1.0,1.0,1.0,0.0,0.0,0.0,0.0,0.0,0.0,-0.8185185185125762,0.0,0.0,0.0,0.0,0,0,0,0,C1,0.0,0.0,0.09093423318620729,0.0,1.0,0.0,0.0,0.0,0.09093423318620729
phaseflip,depolarizing,0.1,4,10,qiskit_aer,1,1,0.7687960493827161,0.7687960493827161,0.0,0.0,0.0,0.0,0.0,0.0,0.11593237728919512,0.003828567161844944,0.11727061611608275,0.11399221856844188,0.11925472192324774,1.0,0.8,0.0,0.0,0.0,0.0,0.30336433508431254,0.003594152781580763,0.3052981622448063,0.30253766841764584,0.3061327301460409,1.0,1.0,0.0,0.0,0.0,0.0,0.15341825887436922,0.07643901224636966,0.11727061611608275,0.11399221856844188,0.1199364524652344,1.0,1.0,0.0,0.0,0.0,0.0,0.15341825887436922,0.07643901224636966,0.11727061611608275,0.11399221856844188,0.1199364524652344,1.0,1.0,0.0,0.0,0.0,0.0,0.15341825887436922,0.07643901224636966,0.11727061611608275,0.11399221856844188,0.1199364524652344,1.0,1.0,0.0,0.0,0.0,0.0,0.15341825887436922,0.07643901224636966,0.11727061611608275,0.11399221856844188,0.1199364524652344,1.0,1.0,0.0,0.0,0.0,0.0,1.0,0.2,0.2,0.2,0.2,0.2,0.0,0.2,0.2,0.0,0.2,0.2,0.0,0.2,0.2,0.0,0.2,0.2,0.0,0.2,0.2,0.2,0.2,0.2,0.0,0.0,0.0,0.0,0.2,0.2,1.0,1.0,1.0,0.2,0.0,0.0,0.0,0.0,0.0,-0.36879604937939725,0.03964638433607283,0.03964638433607283,0.0,0.0,0,0,0,0,C1,0.0,0.0,0.15341825887436922,0.0,1.0,0.2,0.0,0.0,0.15341825887436922
phaseflip,depolarizing,0.15,1,10,qiskit_aer,1,1,0.8999999999999999,0.8999999999999999,0.0,0.0,0.0,0.0,0.0,0.0,0.05001929012345695,0.0015577297247856728,0.049763695987654566,0.04941406250000027,0.05101755401234581,1.0,1.0,0.0,0.0,0.0,0.0,0.11984631039295446,2.7755575615628914e-17,0.11984631039295446,0.11984631039295446,0.11984631039295446,1.0,1.0,0.0,0.0,0.0,0.0,0.05001929012345695,0.0015577297247856728,0.049763695987654566,0.04941406250000027,0.05101755401234581,1.0,1.0,0.0,0.0,0.0,0.0,0.05001929012345695,0.0015577297247856728,0.049763695987654566,0.04941406250000027,0.05101755401234581,1.0,1.0,0.0,0.0,0.0,0.0,0.05001929012345695,0.0015577297247856728,0.049763695987654566,0.04941406250000027,0.05101755401234581,1.0,1.0,0.0,0.0,0.0,0.0,0.05001929012345695,0.0015577297247856728,0.049763695987654566,0.04941406250000027,0.05101755401234581,1.0,1.0,0.0,0.0,0.0,0.0,1.0,0.0,0.0,0.0,0.0,0.0,0.0,0.0,0.0,0.0,0.0,0.0,0.0,0.0,0.0,0.0,0.0,0.0,0.0,0.0,0.0,0.0,0.0,0.0,0.0,0.0,0.0,0.0,0.0,0.0,1.0,1.0,1.0,0.0,0.0,0.0,0.0,0.0,0.0,-0.8999999999620123,0.0,0.0,0.0,0.0,0,0,0,0,C1,0.0,0.0,0.05001929012345695,0.0,1.0,0.0,0.0,0.0,0.05001929012345695
phaseflip,depolarizing,0.15,2,10,qiskit_aer,1,1,0.8159999999999998,0.8159999999999998,0.0,0.0,0.0,0.0,0.0,0.0,0.09194917653651871,0.002567418727488655,0.09213329945799487,0.0892644817073173,0.09357638888888911,1.0,0.8,0.0,0.0,0.0,0.0,0.24184631039295462,0.002449489742783126,0.23984631039295468,0.23984631039295468,0.24484631039295457,1.0,1.0,0.0,0.0,0.0,0.0,0.12202913151216202,0.06021032669891402,0.09310342015457218,0.09020663956639591,0.09580546982167376,1.0,1.0,0.0,0.0,0.0,0.0,0.12202913151216202,0.06021032669891402,0.09310342015457218,0.09020663956639591,0.09580546982167376,1.0,1.0,0.0,0.0,0.0,0.0,0.12202913151216202,0.06021032669891402,0.09310342015457218,0.09020663956639591,0.09580546982167376,1.0,1.0,0.0,0.0,0.0,0.0,0.12202913151216202,0.06021032669891402,0.09310342015457218,0.09020663956639591,0.09580546982167376,1.0,1.0,0.0,0.0,0.0,0.0,1.0,0.2,0.2,0.2,0.2,0.2,0.0,0.2,0.2,0.0,0.2,0.2,0.0,0.2,0.2,0.0,0.2,0.2,0.0,0.2,0.2,0.2,0.2,0.2,0.0,0.0,0.0,0.0,0.2,0.2,1.0,1.0,1.0,0.2,0.0,0.0,0.0,0.0,0.0,-0.41599999999688836,1.867034853552012e-21,1.867034853552012e-21,0.0,0.0,0,0,0,0,C1,0.0,0.0,0.12202913151216202,0.0,1.0,0.2,0.0,0.0,0.12202913151216202
phaseflip,depolarizing,0.15,3,10,qiskit_aer,1,1,0.7409999999999999,0.7409999999999999,0.0,0.0,0.0,0.0,0.0,0.0,0.12951800929584315,0.004454053188456803,0.1309093646492025,0.12594790187981292,0.13304299847793033,1.0,0.8,0.0,0.0,0.0,0.0,0.34334631039295466,0.005181698563212599,0.34484631039295466,0.33809631039295474,0.34784631039295466,1.0,1.0,0.0,0.0,0.0,0.0,0.1722892150336836,0.08517639047354968,0.13249981850655684,0.12978018669075628,0.13461693127585792,1.0,1.0,0.0,0.0,0.0,0.0,0.1722892150336836,0.08517639047354968,0.13249981850655684,0.12978018669075628,0.13461693127585792,1.0,1.0,0.0,0.0,0.0,0.0,0.1722892150336836,0.08517639047354968,0.13249981850655684,0.12978018669075628,0.13461693127585792,1.0,1.0,0.0,0.0,0.0,0.0,0.1722892150336836,0.08517639047354968,0.13249981850655684,0.12978018669075628,0.13461693127585792,1.0,1.0,0.0,0.0,0.0,0.0,1.0,0.2,0.2,0.2,0.2,0.2,0.0,0.2,0.2,0.0,0.2,0.2,0.0,0.2,0.2,0.0,0.2,0.2,0.0,0.2,0.2,0.2,0.2,0.2,0.0,0.0,0.0,0.0,0.2,0.2,1.0,1.0,1.0,0.2,0.0,0.0,0.0,0.0,0.0,-0.3409999999979057,0.005997452821858527,0.005997452821858527,0.0,0.0,0,0,0,0,C1,0.0,0.0,0.1722892150336836,0.0,1.0,0.2,0.0,0.0,0.1722892150336836
phaseflip,depolarizing,0.15,4,10,qiskit_aer,1,1,0.6772799999999999,0.6772799999999999,0.0,0.0,0.0,0.0,0.0,0.0,0.1608826527872409,0.007469070504029191,0.16322701726116362,0.1594467306812986,0.16670450450450477,1.0,1.0,0.0,0.0,0.0,0.0,0.42640631039295457,0.007406375631845874,0.43044631039295456,0.4248463103929546,0.4320463103929546,1.0,1.0,0.0,0.0,0.0,0.0,0.1608826527872409,0.007469070504029191,0.16322701726116362,0.1594467306812986,0.16670450450450477,1.0,1.0,0.0,0.0,0.0,0.0,0.1608826527872409,0.007469070504029191,0.16322701726116362,0.1594467306812986,0.16670450450450477,1.0,1.0,0.0,0.0,0.0,0.0,0.1608826527872409,0.007469070504029191,0.16322701726116362,0.1594467306812986,0.16670450450450477,1.0,1.0,0.0,0.0,0.0,0.0,0.1608826527872409,0.007469070504029191,0.16322701726116362,0.1594467306812986,0.16670450450450477,1.0,1.0,0.0,0.0,0.0,0.0,1.0,0.0,0.0,0.0,0.0,0.0,0.0,0.0,0.0,0.0,0.0,0.0,0.0,0.0,0.0,0.0,0.0,0.0,0.0,0.0,0.0,0.0,0.0,0.0,0.0,0.0,0.0,0.0,0.0,0.0,1.0,1.0,1.0,0.0,0.0,0.0,0.0,0.0,0.0,-0.677279999999331,0.0,0.0,0.0,0.0,0,0,0,0,C1,0.0,0.0,0.1608826527872409,0.0,1.0,0.0,0.0,0.0,0.1608826527872409
phaseflip,depolarizing,0.2,1,10,qiskit_aer,1,1,0.8666666666666667,0.8666666666666667,0.0,0.0,0.0,0.0,0.0,0.0,0.06685029380341895,0.0018746388178731243,0.06674929887820519,0.06536061865651727,0.06788549178685915,1.0,1.0,0.0,0.0,0.0,0.0,0.1698463103929544,0.0,0.1698463103929544,0.1698463103929544,0.1698463103929544,1.0,1.0,0.0,0.0,0.0,0.0,0.06685029380341895,0.0018746388178731243,0.06674929887820519,0.06536061865651727,0.06788549178685915,1.0,1.0,0.0,0.0,0.0,0.0,0.06685029380341895,0.0018746388178731243,0.06674929887820519,0.06536061865651727,0.06788549178685915,1.0,1.0,0.0,0.0,0.0,0.0,0.06685029380341895,0.0018746388178731243,0.06674929887820519,0.06536061865651727,0.06788549178685915,1.0,1.0,0.0,0.0,0.0,0.0,0.06685029380341895,0.0018746388178731243,0.06674929887820519,0.06536061865651727,0.06788549178685915,1.0,1.0,0.0,0.0,0.0,0.0,1.0,0.0,0.0,0.0,0.0,0.0,0.0,0.0,0.0,0.0,0.0,0.0,0.0,0.0,0.0,0.0,0.0,0.0,0.0,0.0,0.0,0.0,0.0,0.0,0.0,0.0,0.0,0.0,0.0,0.0,1.0,1.0,1.0,0.0,0.0,0.0,0.0,0.0,0.0,-0.8666666666342141,0.0,0.0,0.0,0.0,0,0,0,0,C1,0.0,0.0,0.06685029380341895,0.0,1.0,0.0,0.0,0.0,0.06685029380341895
phaseflip,depolarizing,0.2,2,10,qiskit_aer,1,1,0.7617777777777778,0.7617777777777778,0.0,0.0,0.0,0.0,0.0,0.0,0.11918637006849911,0.005484148557725218,0.11792414925537892,0.11512562658056358,0.12447396603796837,1.0,1.0,0.0,0.0,0.0,0.0,0.3200685326151767,0.0043546484316144855,0.3165129770596212,0.3165129770596211,0.32540186594850995,1.0,1.0,0.0,0.0,0.0,0.0,0.11918637006849911,0.005484148557725218,0.11792414925537892,0.11512562658056358,0.12447396603796837,1.0,1.0,0.0,0.0,0.0,0.0,0.11918637006849911,0.005484148557725218,0.11792414925537892,0.11512562658056358,0.12447396603796837,1.0,1.0,0.0,0.0,0.0,0.0,0.11918637006849911,0.005484148557725218,0.11792414925537892,0.11512562658056358,0.12447396603796837,1.0,1.0,0.0,0.0,0.0,0.0,0.11918637006849911,0.005484148557725218,0.11792414925537892,0.11512562658056358,0.12447396603796837,1.0,1.0,0.0,0.0,0.0,0.0,1.0,0.0,0.0,0.0,0.0,0.0,0.0,0.0,0.0,0.0,0.0,0.0,0.0,0.0,0.0,0.0,0.0,0.0,0.0,0.0,0.0,0.0,0.0,0.0,0.0,0.0,0.0,0.0,0.0,0.0,1.0,1.0,1.0,0.0,0.0,0.0,0.0,0.0,0.0,-0.7617777777757637,0.0,0.0,0.0,0.0,0,0,0,0,C1,0.0,0.0,0.11918637006849911,0.0,1.0,0.0,0.0,0.0,0.11918637006849911
phaseflip,depolarizing,0.2,3,10,qiskit_aer,1,1,0.6717037037037038,0.6717037037037038,0.0,0.0,0.0,0.0,0.0,0.0,0.1639470031565385,0.007938225183782899,0.16601951577887525,0.15583148627690652,0.17091262023589388,1.0,0.6,0.0,0.0,0.0,0.0,0.43680927335591735,0.008766565741333334,0.43947594002258406,0.4279203844670285,0.44436482891147283,1.0,1.0,0.0,0.0,0.0,0.0,0.2728298377851986,0.1299854459343464,0.17272354841820997,0.16738030646996138,0.42406853261517663,1.0,1.0,0.0,0.0,0.0,0.0,0.2728298377851986,0.1299854459343464,0.17272354841820997,0.16738030646996138,0.42406853261517663,1.0,1.0,0.0,0.0,0.0,0.0,0.2728298377851986,0.1299854459343464,0.17272354841820997,0.16738030646996138,0.42406853261517663,1.0,1.0,0.0,0.0,0.0,0.0,0.2728298377851986,0.1299854459343464,0.17272354841820997,0.16738030646996138,0.42406853261517663,1.0,1.0,0.0,0.0,0.0,0.0,1.0,0.4,0.4,0.4,0.4,0.4,0.0,0.4,0.4,0.0,0.4,0.4,0.0,0.4,0.4,0.0,0.4,0.4,0.0,0.4,0.4,0.4,0.4,0.4,0.0,0.0,0.0,0.0,0.4,0.4,1.0,1.0,1.0,0.4,0.0,0.0,0.0,0.0,0.0,0.12829629629676936,8.664450364735348e-21,8.664450364735348e-21,0.0,0.0,0,0,0,0,C1,0.0,0.0,0.2728298377851986,0.0,1.0,0.4,0.0,0.0,0.2728298377851986
phaseflip,depolarizing,0.2,4,10,qiskit_aer,1,1,0.5996997530864199,0.5996997530864199,0.0,0.0,0.0,0.0,0.0,0.0,0.20086354977940363,0.012512893001256237,0.20671621207534677,0.19761875769620033,0.2105731656510117,1.0,0.9,0.0,0.0,0.0,0.0,0.5253939647139422,0.012019321172636925,0.532038902985547,0.5231302610102384,0.5344290264423373,1.0,1.0,0.0,0.0,0.0,0.0,0.2332403684734721,0.10112026570405731,0.20671621207534677,0.19761875769620033,0.21079572234879215,1.0,1.0,0.0,0.0,0.0,0.0,0.2332403684734721,0.10112026570405731,0.20671621207534677,0.19761875769620033,0.21079572234879215,1.0,1.0,0.0,0.0,0.0,0.0,0.2332403684734721,0.10112026570405731,0.20671621207534677,0.19761875769620033,0.21079572234879215,1.0,1.0,0.0,0.0,0.0,0.0,0.2332403684734721,0.10112026570405731,0.20671621207534677,0.19761875769620033,0.21079572234879215,1.0,1.0,0.0,0.0,0.0,0.0,1.0,0.1,0.1,0.1,0.1,0.1,0.0,0.1,0.1,0.0,0.1,0.1,0.0,0.1,0.1,0.0,0.1,0.1,0.0,0.1,0.1,0.1,0.1,0.1,0.0,0.0,0.0,0.0,0.1,0.1,1.0,1.0,1.0,0.1,0.0,0.0,0.0,0.0,0.0,-0.39969975308613437,2.166112591183837e-21,2.166112591183837e-21,0.0,0.0,0,0,0,0,C1,0.0,0.0,0.2332403684734721,0.0,1.0,0.1,0.0,0.0,0.2332403684734721
phaseflip,mixed_pauli,0.01,1,10,qiskit_aer,1,1,0.9965,0.9965,0.0,0.0,1.0,1.0,0.0,0.0,0.0034999999999998253,0.0039051248379531485,0.00249999999999978,0.0,0.004999999999999782,1.0,0.1,1.0,0.9,0.0,0.0,-0.021653689607045733,0.0022912878474778543,-0.020153689607045777,-0.023903689607045614,-0.020153689607045777,0.0,1.0,0.0,0.0,1.0,1.0,-0.021653689607045733,0.0022912878474778543,-0.020153689607045777,-0.023903689607045614,-0.020153689607045777,0.0,1.0,0.0,0.0,1.0,1.0,-0.0186383206463412,0.009804496754282502,-0.020153689607045777,-0.023903689607045614,-0.020153689607045777,0.1,1.0,0.1,0.0,0.9,0.9,-0.0186383206463412,0.009804496754282502,-0.020153689607045777,-0.023903689607045614,-0.020153689607045777,0.1,1.0,0.1,0.0,0.9,0.9,-0.0186383206463412,0.009804496754282502,-0.020153689607045777,-0.023903689607045614,-0.020153689607045777,0.1,1.0,0.1,0.0,0.9,0.9,1.0,1.0,0.9,0.9,0.9,1.0,0.0,1.0,0.9,1.0,1.0,0.9,1.0,1.0,0.9,1.0,1.0,0.9,0.1,0.9,0.9,0.9,0.9,0.9,0.0,0.0,0.0,0.0,0.9,0.9,1.0,1.0,1.0,0.9,0.0,0.0,0.0,0.0,0.0,0.8035000459269818,0.002694856885258987,0.002694856885258987,0.0,0.0,0,0,0,0,C2,0.9,0.0,-0.0186383206463412,0.1,0.1,0.9,0.9,0.0,-0.0186383206463412
phaseflip,mixed_pauli,0.01,2,10,qiskit_aer,1,1,0.9925075000000001,0.9925075000000001,0.0,0.0,1.0,1.0,0.0,0.0,0.007442500000000063,0.004584103647388413,0.009900000000000242,0.004950000000000121,0.009900000000000242,1.0,0.7,0.8,0.3,0.0,0.2,-0.012751189607045577,0.003311465876315245,-0.010353689607045524,-0.015203689607045656,-0.010253689607045535,0.0,1.0,0.0,0.0,1.0,1.0,-0.010735820646340998,0.007588674629911529,-0.010353689607045524,-0.015203689607045656,-0.010253689607045535,0.1,1.0,0.1,0.0,0.9,0.9,0.00039639311788637334,0.008856538989603022,0.0024750000000000605,-0.007690267205284151,0.008662500000000212,0.7,1.0,0.5,0.0,0.3,0.5,0.00039639311788637334,0.008856538989603022,0.0024750000000000605,-0.007690267205284151,0.008662500000000212,0.7,1.0,0.5,0.0,0.3,0.5,0.00039639311788637334,0.008856538989603022,0.0024750000000000605,-0.007690267205284151,0.008662500000000212,0.7,1.0,0.5,0.0,0.3,0.5,1.0,0.9,0.3,0.3,0.3,0.9,0.14285714285714285,1.0,0.3,1.0,1.0,0.3,1.0,1.0,0.3,1.0,1.0,0.3,0.6,0.3,0.3,0.3,0.3,0.3,0.0,0.0,0.0,0.0,0.3,0.3,1.0,1.0,1.0,0.3,0.0,0.0,0.0,0.0,0.0,-0.3925074726726832,6.498337773551511e-21,6.498337773551511e-21,0.0,0.0,0,0,0,0,C2,0.3,0.0,0.00039639311788637334,0.5,0.7,0.3,0.3,0.0,0.00039639311788637334
phaseflip,mixed_pauli,0.01,3,10,qiskit_aer,1,1,0.9870574,0.9870574,0.0,0.0,1.0,1.0,0.0,0.0,0.012808699999999973,0.005062660245364997,0.012276500000000135,0.009802000000000033,0.014800499999999994,1.0,0.6,0.5,0.4,0.0,0.5,-0.0044449896070456575,0.004260482221533207,-0.005353189607045783,-0.00544018960704562,-0.0005516896070455468,0.0,1.0,0.0,0.0,0.1,1.0,-0.0014296206463411231,0.005911860109942076,-0.002952439607045665,-0.005390314607045726,-0.0005516896070455468,0.1,1.0,0.1,0.0,0.0,0.9,0.0057072241571817115,0.007815682698796754,0.007351499999999955,-0.0005516896070455468,0.01355087499999999,0.6,1.0,0.3,0.0,0.0,0.7,0.0057072241571817115,0.007815682698796754,0.007351499999999955,-0.0005516896070455468,0.01355087499999999,0.6,1.0,0.3,0.0,0.0,0.7,0.0057072241571817115,0.007815682698796754,0.007351499999999955,-0.0005516896070455468,0.01355087499999999,0.6,1.0,0.3,0.0,0.0,0.7,1.0,0.9,0.4,0.4,0.4,0.9,0.16666666666666666,1.0,0.4,1.0,1.0,0.4,1.0,1.0,0.4,1.0,1.0,0.4,0.5,0.4,0.4,0.4,0.4,0.4,0.0,0.0,0.0,0.0,0.4,0.4,1.0,1.0,1.0,0.4,0.0,0.0,0.0,0.0,0.0,-0.18705737715769793,0.03499622717099749,0.03499622717099749,0.0,0.0,0,0,0,0,C2,0.0,0.0,0.0057072241571817115,0.3,0.6,0.4,0.0,0.0,0.0057072241571817115
phaseflip,mixed_pauli,0.01,4,10,qiskit_aer,1,1,0.982649401,0.982649401,0.0,0.0,1.0,1.0,0.0,0.0,0.01709455799999996,0.0059076660233408195,0.014714870000000047,0.014653989999999839,0.019481474999999998,1.0,0.9,0.3,0.1,0.0,0.7,0.0037612683929543313,0.004553711682236412,0.004300300392954259,0.000600047892954314,0.007792277892954391,0.7,1.0,0.0,0.0,0.0,1.0,0.006812006314363461,0.008103094202109449,0.006628285392954347,0.0006245503929543095,0.009127785392954418,0.7,1.0,0.1,0.0,0.0,0.9,0.016059189039295384,0.00630539202251418,0.014653990000000006,0.010978239999999834,0.018323422499999964,1.0,1.0,0.3,0.0,0.0,0.7,0.016059189039295384,0.00630539202251418,0.014653990000000006,0.010978239999999834,0.018323422499999964,1.0,1.0,0.3,0.0,0.0,0.7,0.016059189039295384,0.00630539202251418,0.014653990000000006,0.010978239999999834,0.018323422499999964,1.0,1.0,0.3,0.0,0.0,0.7,0.9,0.8,0.1,0.1,0.1,0.8,0.2222222222222222,1.0,0.1,1.0,1.0,0.1,1.0,1.0,0.1,1.0,1.0,0.1,0.7,0.1,0.1,0.1,0.1,0.1,0.0,0.0,0.0,0.0,0.1,0.1,1.0,1.0,1.0,0.1,0.0,0.0,0.0,0.0,0.0,-0.7826493837926418,2.166112591183837e-21,2.166112591183837e-21,0.0,0.0,0,0,0,0,C2,0.0,0.0,0.016059189039295384,0.3,1.0,0.1,0.0,0.0,0.016059189039295384
phaseflip,mixed_pauli,0.03,1,10,qiskit_aer,1,1,0.9895,0.9895,0.0,0.0,1.0,1.0,0.0,0.0,0.010499999999999898,0.011715374513859893,0.007499999999999896,0.0,0.014999999999999791,1.0,0.3,0.5,0.7,0.0,0.5,-0.004653689607045541,0.006873863542433766,-0.00015368960704553736,-0.011403689607045547,-0.00015368960704553736,0.0,1.0,0.0,0.0,0.3,1.0,-0.004653689607045541,0.006873863542433766,-0.00015368960704553736,-0.011403689607045547,-0.00015368960704553736,0.0,1.0,0.0,0.0,0.3,1.0,0.004392417275068061,0.011776428730711937,-0.00015368960704553736,-0.00015368960704553736,0.011211577598238459,0.3,1.0,0.3,0.0,0.1,0.7,0.004392417275068061,0.011776428730711937,-0.00015368960704553736,-0.00015368960704553736,0.011211577598238459,0.3,1.0,0.3,0.0,0.1,0.7,0.004392417275068061,0.011776428730711937,-0.00015368960704553736,-0.00015368960704553736,0.011211577598238459,0.3,1.0,0.3,0.0,0.1,0.7,1.0,1.0,0.7,0.7,0.7,1.0,0.0,1.0,0.7,1.0,1.0,0.7,1.0,1.0,0.7,1.0,1.0,0.7,0.3,0.7,0.7,0.7,0.7,0.7,0.0,0.0,0.0,0.0,0.7,0.7,1.0,1.0,1.0,0.7,0.0,0.0,0.0,0.0,0.0,0.41050002663224866,0.018171827806813496,0.018171827806813496,0.0,0.0,0,0,0,0,C2,0.1,0.0,0.004392417275068061,0.3,0.3,0.7,0.1,0.0,0.004392417275068061
phaseflip,mixed_pauli,0.03,2,10,qiskit_aer,1,1,0.9775675,0.9775675,0.0,0.0,1.0,1.0,0.0,0.0,0.02198249999999994,0.013599981847414221,0.029100000000000015,0.01454999999999984,0.029100000000000015,1.0,0.4,0.2,0.6,0.0,0.8,0.021468810392954396,0.009682732375213202,0.028046310392954465,0.014396310392954303,0.028946310392954477,0.9,1.0,0.0,0.0,0.0,1.0,0.021468810392954396,0.009682732375213202,0.028046310392954465,0.014396310392954303,0.028946310392954477,0.9,1.0,0.0,0.0,0.0,1.0,0.02453028623577259,0.006618157045716097,0.02849631039295447,0.017924077598238497,0.02906157759823863,1.0,1.0,0.1,0.0,0.0,0.9,0.02453028623577259,0.006618157045716097,0.02849631039295447,0.017924077598238497,0.02906157759823863,1.0,1.0,0.1,0.0,0.0,0.9,0.02453028623577259,0.006618157045716097,0.02849631039295447,0.017924077598238497,0.02906157759823863,1.0,1.0,0.1,0.0,0.0,0.9,0.7,1.0,0.6,0.6,0.6,1.0,0.0,1.0,0.6,1.0,1.0,0.6,1.0,1.0,0.6,1.0,1.0,0.6,0.4,0.6,0.6,0.6,0.6,0.6,0.0,0.0,0.0,0.0,0.6,0.6,1.0,1.0,1.0,0.6,0.0,0.0,0.0,0.0,0.0,0.22243251872300174,7.120694592596972e-20,7.120694592596972e-20,0.0,0.0,0,0,0,0,C2,0.0,0.0,0.02453028623577259,0.1,1.0,0.6,0.0,0.0,0.02453028623577259
phaseflip,mixed_pauli,0.03,3,10,qiskit_aer,1,1,0.9615148000000001,0.9615148000000001,0.0,0.0,1.0,1.0,0.0,0.0,0.03729990000000012,0.014968253874116252,0.0355155000000002,0.028254000000000223,0.04321350000000024,1.0,0.7,0.2,0.3,0.0,0.8,0.04524621039295444,0.012205521866761831,0.04305981039295448,0.042285810392954454,0.05630031039295447,1.0,1.0,0.0,0.0,0.0,1.0,0.039636948314363596,0.012280853407616593,0.04239831039295444,0.031733827598238784,0.04305981039295448,1.0,1.0,0.0,0.0,0.0,1.0,0.04007379311788639,0.01561817747041171,0.04284156039295445,0.028254000000000223,0.04404712499999977,1.0,1.0,0.2,0.0,0.0,0.8,0.04007379311788639,0.01561817747041171,0.04284156039295445,0.028254000000000223,0.04404712499999977,1.0,1.0,0.2,0.0,0.0,0.8,0.04007379311788639,0.01561817747041171,0.04284156039295445,0.028254000000000223,0.04404712499999977,1.0,1.0,0.2,0.0,0.0,0.8,0.9,0.8,0.3,0.3,0.3,0.8,0.0,0.7142857142857143,0.3,1.0,0.42857142857142855,0.3,1.0,0.42857142857142855,0.3,1.0,0.42857142857142855,0.3,0.5,0.3,0.3,0.3,0.3,0.3,0.0,0.0,0.0,0.0,0.3,0.3,1.0,1.0,1.0,0.3,0.0,0.0,0.0,0.0,0.0,-0.3615147954142819,0.02093183766884686,0.02093183766884686,0.0,0.0,0,0,0,0,C2,0.0,0.0,0.04007379311788639,0.2,1.0,0.3,0.0,0.0,0.04007379311788639
phaseflip,mixed_pauli,0.03,4,10,qiskit_aer,1,1,0.9488338810000001,0.9488338810000001,0.0,0.0,1.0,1.0,0.0,0.0,0.048932147999999995,0.017062603855765825,0.04247622000000001,0.04195718999999987,0.05544847500000019,1.0,0.9,0.1,0.1,0.0,0.9,0.06816925839295436,0.012727879856362473,0.07000350039295433,0.059196547892954365,0.07901067789295435,1.0,1.0,0.0,0.0,0.0,1.0,0.0711846273536589,0.01287589435178166,0.07000350039295433,0.06936839289295443,0.08264757039295437,1.0,1.0,0.1,0.0,0.0,0.9,0.051736779039295445,0.01987239144211174,0.04247622000000001,0.04195718999999987,0.06589788000000024,1.0,1.0,0.1,0.0,0.0,0.9,0.051736779039295445,0.01987239144211174,0.04247622000000001,0.04195718999999987,0.06589788000000024,1.0,1.0,0.1,0.0,0.0,0.9,0.051736779039295445,0.01987239144211174,0.04247622000000001,0.04195718999999987,0.06589788000000024,1.0,1.0,0.1,0.0,0.0,0.9,0.8,0.9,0.1,0.1,0.1,0.9,0.3333333333333333,1.0,0.1,1.0,0.14285714285714285,0.1,1.0,0.14285714285714285,0.1,1.0,0.14285714285714285,0.1,0.8,0.1,0.1,0.1,0.1,0.1,0.0,0.0,0.0,0.0,0.1,0.1,1.0,1.0,1.0,0.1,0.0,0.0,0.0,0.0,0.0,-0.7488338796404569,2.166112591183837e-21,2.166112591183837e-21,0.0,0.0,0,0,0,0,C1,0.0,0.0,0.0711846273536589,0.1,1.0,0.9,0.0,0.0,0.0711846273536589
phaseflip,mixed_pauli,0.05,1,10,qiskit_aer,1,1,0.9825,0.9825,0.0,0.0,1.0,1.0,0.0,0.0,0.017499999999999884,0.019525624189766517,0.0124999999999999,0.0,0.0249999999999998,1.0,0.7,0.5,0.3,0.0,0.5,0.012346310392954396,0.01145643923738956,0.01984631039295437,0.001096310392954436,0.01984631039295437,0.7,1.0,0.0,0.0,0.0,1.0,0.0024231551964772114,0.008992868346985513,0.0,-0.0038652672052841563,0.0,0.7,1.0,0.0,0.0,0.0,1.0,0.00845389311788628,0.016903591277768575,0.0,0.0,0.014884732794715777,0.8,1.0,0.2,0.0,0.0,0.8,0.00845389311788628,0.016903591277768575,0.0,0.0,0.014884732794715777,0.8,1.0,0.2,0.0,0.0,0.8,0.00845389311788628,0.016903591277768575,0.0,0.0,0.014884732794715777,0.8,1.0,0.2,0.0,0.0,0.8,1.0,0.5,0.3,0.3,0.3,0.5,0.0,0.375,0.3,1.0,0.375,0.3,1.0,0.375,0.3,1.0,0.375,0.3,0.2,0.3,0.3,0.3,0.3,0.3,0.0,0.0,0.0,0.0,0.3,0.3,1.0,1.0,1.0,0.3,0.0,0.0,0.0,0.0,0.0,-0.38249999752391795,0.0349962271709975,0.0349962271709975,0.0,0.0,0,0,0,0,C2,0.0,0.0,0.00845389311788628,0.2,0.8,0.3,0.0,0.0,0.00845389311788628
phaseflip,mixed_pauli,0.05,2,10,qiskit_aer,1,1,0.9626874999999999,0.9626874999999999,0.0,0.0,1.0,1.0,0.0,0.0,0.03606250000000005,0.02241659890014528,0.0475000000000001,0.023749999999999993,0.04750000000000021,1.0,0.5,0.2,0.5,0.0,0.8,0.05490881039295442,0.01572828363967289,0.06484631039295452,0.04359631039295431,0.06734631039295436,1.0,1.0,0.0,0.0,0.0,1.0,0.03995491727506815,0.024434086925678007,0.04359631039295431,0.025315060392954364,0.06238473279471582,1.0,1.0,0.0,0.0,0.0,1.0,0.04098565519647725,0.02422357722662967,0.04554815519647726,0.02871157759823853,0.0628534827947157,1.0,1.0,0.1,0.0,0.0,0.9,0.04098565519647725,0.02422357722662967,0.04554815519647726,0.02871157759823853,0.0628534827947157,1.0,1.0,0.1,0.0,0.0,0.9,0.04098565519647725,0.02422357722662967,0.04554815519647726,0.02871157759823853,0.0628534827947157,1.0,1.0,0.1,0.0,0.0,0.9,1.0,0.7,0.5,0.5,0.5,0.7,0.0,0.6666666666666666,0.5,1.0,0.5555555555555556,0.5,1.0,0.5555555555555556,0.5,1.0,0.5555555555555556,0.5,0.2,0.5,0.5,0.5,0.5,0.5,0.0,0.0,0.0,0.0,0.5,0.5,1.0,1.0,1.0,0.5,0.0,0.0,0.0,0.0,0.0,0.03731250204557205,1.3828930438437358e-19,1.3828930438437358e-19,0.0,0.0,0,0,0,0,C2,0.0,0.0,0.04098565519647725,0.1,1.0,0.5,0.0,0.0,0.04098565519647725
phaseflip,mixed_pauli,0.05,3,10,qiskit_aer,1,1,0.936425,0.936425,0.0,0.0,0.9,0.9,0.0,0.0,0.0603375000000001,0.02457678020001792,0.05706250000000018,0.045250000000000234,0.07006250000000011,1.0,0.9,0.2,0.1,0.0,0.8,0.0926838103929545,0.019415345090932616,0.08990881039295445,0.08778381039295452,0.11009631039295453,1.0,1.0,0.0,0.0,0.0,0.9,0.09569917935365903,0.020672504766168977,0.10000256039295452,0.08901818539295447,0.11009631039295453,1.0,1.0,0.1,0.0,0.0,0.9,0.057322131039295565,0.02467249710816883,0.045250000000000234,0.045250000000000234,0.06976562500000005,1.0,1.0,0.1,0.0,0.0,0.9,0.057322131039295565,0.02467249710816883,0.045250000000000234,0.045250000000000234,0.06976562500000005,1.0,1.0,0.1,0.0,0.0,0.9,0.057322131039295565,0.02467249710816883,0.045250000000000234,0.045250000000000234,0.06976562500000005,1.0,1.0,0.1,0.0,0.0,0.9,1.0,0.9,0.1,0.1,0.1,0.9,1.0,1.0,0.1,1.0,0.1111111111111111,0.1,1.0,0.1111111111111111,0.1,1.0,0.1111111111111111,0.1,0.8,0.1,0.1,0.1,0.1,0.1,0.0,0.0,0.0,0.0,0.1,0.1,1.0,1.0,1.0,0.1,0.0,0.0,0.0,0.0,0.0,-0.7364249988651466,9.33517426776006e-22,9.33517426776006e-22,0.0,0.0,0,0,0,0,C1,0.0,0.0,0.09569917935365903,0.1,1.0,0.9,0.0,0.0,0.09569917935365903
phaseflip,mixed_pauli,0.05,4,10,qiskit_aer,1,1,0.9161756249999999,0.9161756249999999,0.0,0.0,0.8,0.8,0.0,0.0,0.07781125000000014,0.027375707011417928,0.06810625000000037,0.06674375000000021,0.08767187500000015,1.0,0.9,0.1,0.1,0.0,0.8,0.12820756039295444,0.01975871856611656,0.1315900603929544,0.11405724789295452,0.14432599789295447,1.0,1.0,0.0,0.0,0.0,0.8,0.11221903623577266,0.030691555569054257,0.12053878019647724,0.09422756039295446,0.1315900603929545,1.0,1.0,0.1,0.0,0.0,0.8,0.08429588103929557,0.03137428857778829,0.07772187500000016,0.06674375000000027,0.10417500000000018,1.0,1.0,0.1,0.0,0.0,0.8,0.08429588103929557,0.03137428857778829,0.07772187500000016,0.06674375000000027,0.10417500000000018,1.0,1.0,0.1,0.0,0.0,0.8,0.08429588103929557,0.03137428857778829,0.07772187500000016,0.06674375000000027,0.10417500000000018,1.0,1.0,0.1,0.0,0.0,0.8,1.0,0.6,0.1,0.1,0.1,0.6,1.0,0.6666666666666666,0.1,1.0,0.1111111111111111,0.1,1.0,0.1111111111111111,0.1,1.0,0.1111111111111111,0.1,0.5,0.1,0.1,0.1,0.1,0.1,0.0,0.0,0.0,0.0,0.1,0.1,1.0,1.0,1.0,0.1,0.0,0.0,0.0,0.0,0.0,-0.7161756247472936,0.004647966849674839,0.004647966849674839,0.0,0.0,0,0,0,0,C1,0.0,0.0,0.11221903623577266,0.1,1.0,0.6,0.0,0.0,0.11221903623577266
phaseflip,mixed_pauli,0.1,1,10,qiskit_aer,1,1,0.965,0.965,0.0,0.0,1.0,1.0,0.0,0.0,0.034999999999999844,0.039051248379533124,0.024999999999999856,0.0,0.04999999999999971,1.0,0.7,0.5,0.3,0.0,0.5,0.05484631039295421,0.0229128784747791,0.06984631039295408,0.0323463103929543,0.06984631039295408,1.0,1.0,0.0,0.0,0.0,1.0,0.05484631039295421,0.0229128784747791,0.06984631039295408,0.0323463103929543,0.06984631039295408,1.0,1.0,0.0,0.0,0.0,1.0,0.02595389311788624,0.0338085987112586,0.009923155196477185,0.0,0.042461577598238376,1.0,1.0,0.2,0.0,0.0,0.8,0.02595389311788624,0.0338085987112586,0.009923155196477185,0.0,0.042461577598238376,1.0,1.0,0.2,0.0,0.0,0.8,0.02595389311788624,0.0338085987112586,0.009923155196477185,0.0,0.042461577598238376,1.0,1.0,0.2,0.0,0.0,0.8,1.0,1.0,0.3,0.3,0.3,1.0,0.0,1.0,0.3,1.0,0.375,0.3,1.0,0.375,0.3,1.0,0.375,0.3,0.7,0.3,0.3,0.3,0.3,0.3,0.0,0.0,0.0,0.0,0.3,0.3,1.0,1.0,1.0,0.3,0.0,0.0,0.0,0.0,0.0,-0.3649999620637617,0.0032868402154856554,0.0032868402154856554,0.0,0.0,0,0,0,0,C1,0.0,0.0,0.05484631039295421,0.0,1.0,1.0,0.0,0.0,0.05484631039295421
phaseflip,mixed_pauli,0.1,2,10,qiskit_aer,1,1,0.92575,0.92575,0.0,0.0,0.5,0.5,0.0,0.0,0.06925000000000006,0.04361837342221743,0.09000000000000025,0.04500000000000012,0.0900000000000003,1.0,0.9,0.2,0.1,0.0,0.4,0.1350963103929544,0.029505296134761966,0.14984631039295437,0.11484631039295445,0.15984631039295435,1.0,1.0,0.0,0.0,0.0,0.5,0.08020389311788637,0.04473614962492923,0.0900000000000003,0.07300973279471581,0.10863473279471583,1.0,1.0,0.1,0.0,0.0,0.5,0.06623463103929553,0.042591386493548475,0.07867315519647727,0.04500000000000012,0.0900000000000003,1.0,1.0,0.1,0.0,0.0,0.5,0.06623463103929553,0.042591386493548475,0.07867315519647727,0.04500000000000012,0.0900000000000003,1.0,1.0,0.1,0.0,0.0,0.5,0.06623463103929553,0.042591386493548475,0.07867315519647727,0.04500000000000012,0.0900000000000003,1.0,1.0,0.1,0.0,0.0,0.5,1.0,0.3,0.1,0.1,0.1,0.3,1.0,0.3333333333333333,0.1,1.0,0.1111111111111111,0.1,1.0,0.1111111111111111,0.1,1.0,0.1111111111111111,0.1,0.2,0.1,0.1,0.1,0.1,0.1,0.0,0.0,0.0,0.0,0.1,0.1,1.0,1.0,1.0,0.1,0.0,0.0,0.0,0.0,0.0,-0.7257499998404298,0.008495877083870586,0.008495877083870586,0.0,0.0,0,0,0,0,C1,0.0,0.0,0.08020389311788637,0.1,1.0,0.3,0.0,0.0,0.08020389311788637
phaseflip,mixed_pauli,0.1,3,10,qiskit_aer,1,1,0.87565,0.87565,0.0,0.0,0.5,0.5,0.0,0.0,0.11195000000000009,0.04725751263026848,0.10400000000000026,0.08200000000000018,0.13050000000000006,1.0,0.7,0.2,0.2,0.0,0.5,0.20179631039295437,0.03448583042352318,0.20034631039295436,0.1920963103929544,0.23184631039295434,1.0,1.0,0.0,0.0,0.0,0.5,0.18385778623577265,0.04979507869822858,0.20592315519647703,0.13050000000000006,0.23184631039295434,1.0,1.0,0.1,0.0,0.0,0.5,0.1389038931178864,0.06410202922802857,0.1282500000000002,0.08958657759823876,0.19837499999999975,1.0,1.0,0.1,0.0,0.0,0.5,0.1389038931178864,0.06410202922802857,0.1282500000000002,0.08958657759823876,0.19837499999999975,1.0,1.0,0.1,0.0,0.0,0.5,0.1389038931178864,0.06410202922802857,0.1282500000000002,0.08958657759823876,0.19837499999999975,1.0,1.0,0.1,0.0,0.0,0.5,1.0,0.6,0.3,0.3,0.3,0.6,0.5,0.625,0.3,0.5,0.25,0.3,0.5,0.25,0.3,0.5,0.25,0.3,0.3,0.3,0.3,0.3,0.3,0.3,0.0,0.0,0.0,0.0,0.3,0.3,1.0,1.0,1.0,0.3,0.0,0.0,0.0,0.0,0.0,-0.27564999983081323,3.238283622611596e-20,3.238283622611596e-20,0.0,0.0,0,0,0,0,C1,0.0,0.0,0.18385778623577265,0.1,1.0,0.6,0.0,0.0,0.18385778623577265
phaseflip,mixed_pauli,0.1,4,10,qiskit_aer,1,1,0.83941,0.83941,0.0,0.0,0.1,0.1,0.0,0.0,0.13840500000000017,0.04974939421741725,0.12357500000000032,0.11890000000000003,0.15375000000000014,1.0,0.8,0.1,0.1,0.0,0.1,0.26065131039295447,0.03309498791357987,0.26874631039295444,0.23597131039295446,0.2842713103929545,1.0,1.0,0.0,0.0,0.0,0.1,0.16837426207859102,0.0691061069293662,0.1379250000000003,0.11890000000000012,0.2185097327947159,1.0,1.0,0.1,0.0,0.0,0.1,0.16837426207859102,0.0691061069293662,0.1379250000000003,0.11890000000000012,0.2185097327947159,1.0,1.0,0.1,0.0,0.0,0.1,0.16837426207859102,0.0691061069293662,0.1379250000000003,0.11890000000000012,0.2185097327947159,1.0,1.0,0.1,0.0,0.0,0.1,0.16837426207859102,0.0691061069293662,0.1379250000000003,0.11890000000000012,0.2185097327947159,1.0,1.0,0.1,0.0,0.0,0.1,1.0,0.2,0.2,0.2,0.2,0.2,1.0,0.2222222222222222,0.2,1.0,0.2222222222222222,0.2,1.0,0.2222222222222222,0.2,1.0,0.2222222222222222,0.2,0.0,0.2,0.2,0.2,0.2,0.2,0.0,0.0,0.0,0.0,0.2,0.2,1.0,1.0,1.0,0.2,0.0,0.0,0.0,0.0,0.0,-0.43940999997464664,6.678590731994621e-20,6.678590731994621e-20,0.0,0.0,0,0,0,0,C1,0.0,0.0,0.16837426207859102,0.1,1.0,0.2,0.0,0.0,0.16837426207859102
phaseflip,mixed_pauli,0.15,1,10,qiskit_aer,1,1,0.9475,0.9475,0.0,0.0,0.8,0.8,0.0,0.0,0.052499999999999804,0.058576872569299825,0.03749999999999981,-1.1102230246251565e-16,0.07499999999999973,1.0,0.6,0.5,0.3,0.0,0.5,0.09734631039295435,0.03436931771216878,0.11984631039295435,0.06359631039295438,0.11984631039295435,1.0,1.0,0.0,0.0,0.0,0.8,0.04043852415718167,0.05152084085326854,0.02242315519647714,-1.1102230246251565e-16,0.04484631039295439,1.0,1.0,0.1,0.0,0.0,0.8,0.04043852415718167,0.05152084085326854,0.02242315519647714,-1.1102230246251565e-16,0.04484631039295439,1.0,1.0,0.1,0.0,0.0,0.8,0.04043852415718167,0.05152084085326854,0.02242315519647714,-1.1102230246251565e-16,0.04484631039295439,1.0,1.0,0.1,0.0,0.0,0.8,0.04043852415718167,0.05152084085326854,0.02242315519647714,-1.1102230246251565e-16,0.04484631039295439,1.0,1.0,0.1,0.0,0.0,0.8,1.0,0.4,0.4,0.4,0.4,0.4,0.5,0.375,0.4,0.5,0.375,0.4,0.5,0.375,0.4,0.5,0.375,0.4,0.0,0.4,0.4,0.4,0.4,0.4,0.0,0.0,0.0,0.0,0.4,0.4,1.0,1.0,1.0,0.4,0.0,0.0,0.0,0.0,0.0,-0.14749999993891655,6.344454315168206e-18,6.344454315168206e-18,0.0,0.0,0,0,0,0,C1,0.0,0.0,0.04043852415718167,0.1,1.0,0.4,0.0,0.0,0.04043852415718167
phaseflip,mixed_pauli,0.15,2,10,qiskit_aer,1,1,0.8891875000000001,0.8891875000000001,0.0,0.0,0.4,0.4,0.0,0.0,0.0995624999999998,0.0636862732953499,0.12749999999999984,0.06374999999999978,0.12749999999999992,1.0,0.9,0.2,0.1,0.0,0.4,0.21040881039295437,0.04157302498315466,0.22484631039295433,0.18359631039295432,0.2473463103929544,1.0,1.0,0.0,0.0,0.0,0.4,0.1235317620785907,0.06809732085948483,0.1274999999999999,0.12749999999999984,0.17379098279471566,1.0,1.0,0.2,0.0,0.0,0.4,0.11154713103929524,0.06700913846926297,0.12749999999999984,0.07968749999999977,0.14015624999999976,1.0,1.0,0.2,0.0,0.0,0.4,0.11154713103929524,0.06700913846926297,0.12749999999999984,0.07968749999999977,0.14015624999999976,1.0,1.0,0.2,0.0,0.0,0.4,0.11154713103929524,0.06700913846926297,0.12749999999999984,0.07968749999999977,0.14015624999999976,1.0,1.0,0.2,0.0,0.0,0.4,1.0,0.2,0.1,0.1,0.1,0.2,1.0,0.25,0.1,1.0,0.125,0.1,1.0,0.125,0.1,1.0,0.125,0.1,0.1,0.1,0.1,0.1,0.1,0.1,0.0,0.0,0.0,0.0,0.1,0.1,1.0,1.0,1.0,0.1,0.0,0.0,0.0,0.0,0.0,-0.6891874999660226,2.166112591183837e-21,2.166112591183837e-21,0.0,0.0,0,0,0,0,C1,0.0,0.0,0.1235317620785907,0.2,1.0,0.2,0.0,0.0,0.1235317620785907
phaseflip,mixed_pauli,0.15,3,10,qiskit_aer,1,1,0.8176000000000001,0.8176000000000001,0.0,0.0,0.1,0.1,0.0,0.0,0.1557374999999998,0.0679261133511995,0.14193749999999983,0.1117499999999998,0.1816874999999999,1.0,1.0,0.2,0.0,0.0,0.1,0.29808381039295434,0.045851874280120775,0.30153381039295435,0.28353381039295444,0.33659631039295435,1.0,1.0,0.0,0.0,0.0,0.1,0.17822213103929524,0.06836111202603386,0.17690624999999988,0.1117499999999998,0.20151562499999973,1.0,1.0,0.2,0.0,0.0,0.1,0.1557374999999998,0.0679261133511995,0.14193749999999983,0.1117499999999998,0.1816874999999999,1.0,1.0,0.2,0.0,0.0,0.1,0.1557374999999998,0.0679261133511995,0.14193749999999983,0.1117499999999998,0.1816874999999999,1.0,1.0,0.2,0.0,0.0,0.1,0.1557374999999998,0.0679261133511995,0.14193749999999983,0.1117499999999998,0.1816874999999999,1.0,1.0,0.2,0.0,0.0,0.1,1.0,0.1,0.0,0.0,0.0,0.1,1.0,0.125,0.0,1.0,0.0,0.0,1.0,0.0,0.0,1.0,0.0,0.0,0.1,0.0,0.0,0.0,0.0,0.0,0.0,0.0,0.0,0.0,0.0,0.0,1.0,1.0,1.0,0.0,0.0,0.0,0.0,0.0,0.0,-0.8175999999602503,0.0,0.0,0.0,0.0,0,0,0,0,C1,0.0,0.0,0.17822213103929524,0.2,1.0,0.1,0.0,0.0,0.17822213103929524
phaseflip,mixed_pauli,0.15,4,10,qiskit_aer,1,1,0.7692756250000001,0.7692756250000001,0.0,0.0,0.0,0.0,0.0,0.0,0.18482999999999983,0.06770821334732956,0.1680749999999998,0.1592437499999998,0.20254687499999985,1.0,0.9,0.1,0.0,0.0,0.0,0.37052631039295436,0.041727402922869576,0.38409006039295435,0.3381197478929542,0.3953259978929544,1.0,1.0,0.0,0.0,0.0,0.0,0.2073146310392953,0.10059619257423942,0.1680749999999998,0.1592437499999998,0.23348437499999994,1.0,1.0,0.1,0.0,0.0,0.0,0.2073146310392953,0.10059619257423942,0.1680749999999998,0.1592437499999998,0.23348437499999994,1.0,1.0,0.1,0.0,0.0,0.0,0.2073146310392953,0.10059619257423942,0.1680749999999998,0.1592437499999998,0.23348437499999994,1.0,1.0,0.1,0.0,0.0,0.0,0.2073146310392953,0.10059619257423942,0.1680749999999998,0.1592437499999998,0.23348437499999994,1.0,1.0,0.1,0.0,0.0,0.0,1.0,0.1,0.1,0.1,0.1,0.1,1.0,0.1111111111111111,0.1,1.0,0.1111111111111111,0.1,1.0,0.1111111111111111,0.1,1.0,0.1111111111111111,0.1,0.0,0.1,0.1,0.1,0.1,0.1,0.0,0.0,0.0,0.0,0.1,0.1,1.0,1.0,1.0,0.1,0.0,0.0,0.0,0.0,0.0,-0.5692756249957005,2.166112591183837e-21,2.166112591183837e-21,0.0,0.0,0,0,0,0,C1,0.0,0.0,0.2073146310392953,0.1,1.0,0.1,0.0,0.0,0.2073146310392953
phaseflip,mixed_pauli,0.2,1,10,qiskit_aer,1,1,0.93,0.93,0.0,0.0,0.8,0.8,0.0,0.0,0.06999999999999995,0.07810249675906632,0.04999999999999993,2.220446049250313e-16,0.09999999999999964,1.0,0.7,0.5,0.1,0.0,0.5,0.13984631039295436,0.04582575694955844,0.1698463103929544,0.09484631039295432,0.1698463103929544,1.0,1.0,0.0,0.0,0.0,0.8,0.13984631039295436,0.04582575694955844,0.1698463103929544,0.09484631039295432,0.1698463103929544,1.0,1.0,0.0,0.0,0.0,0.8,0.06095389311788635,0.06739456544962752,0.03492315519647726,2.220446049250313e-16,0.09999999999999964,1.0,1.0,0.2,0.0,0.0,0.6,0.06095389311788635,0.06739456544962752,0.03492315519647726,2.220446049250313e-16,0.09999999999999964,1.0,1.0,0.2,0.0,0.0,0.6,0.06095389311788635,0.06739456544962752,0.03492315519647726,2.220446049250313e-16,0.09999999999999964,1.0,1.0,0.2,0.0,0.0,0.6,1.0,1.0,0.3,0.3,0.3,1.0,0.0,1.0,0.3,0.5,0.16666666666666666,0.3,0.5,0.16666666666666666,0.3,0.5,0.16666666666666666,0.3,0.7,0.3,0.3,0.3,0.3,0.3,0.0,0.0,0.0,0.0,0.3,0.3,1.0,1.0,1.0,0.3,0.0,0.0,0.0,0.0,0.0,-0.3299999622707763,0.015161730781751875,0.015161730781751875,0.0,0.0,0,0,0,0,C1,0.0,0.0,0.13984631039295436,0.0,1.0,1.0,0.0,0.0,0.13984631039295436
phaseflip,mixed_pauli,0.2,2,10,qiskit_aer,1,1,0.8530000000000001,0.8530000000000001,0.0,0.0,0.4,0.4,0.0,0.0,0.12699999999999992,0.08271033792700883,0.15999999999999992,0.08000000000000007,0.15999999999999992,1.0,0.9,0.2,0.0,0.0,0.4,0.2808463103929545,0.052239831546435946,0.2898463103929544,0.24984631039295446,0.32984631039295453,1.0,1.0,0.0,0.0,0.0,0.4,0.17795389311788626,0.10405242205526466,0.17499999999999982,0.15999999999999992,0.24984631039295446,1.0,1.0,0.2,0.0,0.0,0.4,0.14398463103929537,0.10275351513433728,0.15999999999999992,0.08000000000000007,0.18249999999999977,1.0,1.0,0.2,0.0,0.0,0.4,0.14398463103929537,0.10275351513433728,0.15999999999999992,0.08000000000000007,0.18249999999999977,1.0,1.0,0.2,0.0,0.0,0.4,0.14398463103929537,0.10275351513433728,0.15999999999999992,0.08000000000000007,0.18249999999999977,1.0,1.0,0.2,0.0,0.0,0.4,1.0,0.3,0.1,0.1,0.1,0.3,1.0,0.375,0.1,1.0,0.125,0.1,1.0,0.125,0.1,1.0,0.125,0.1,0.2,0.1,0.1,0.1,0.1,0.1,0.0,0.0,0.0,0.0,0.1,0.1,1.0,1.0,1.0,0.1,0.0,0.0,0.0,0.0,0.0,-0.6529999999762316,0.004647966849674839,0.004647966849674839,0.0,0.0,0,0,0,0,C1,0.0,0.0,0.17795389311788626,0.2,1.0,0.3,0.0,0.0,0.17795389311788626
phaseflip,mixed_pauli,0.2,3,10,qiskit_aer,1,1,0.7622000000000001,0.7622000000000001,0.0,0.0,0.0,0.0,0.0,0.0,0.19260000000000005,0.08644096251199417,0.17200000000000004,0.13600000000000012,0.2240000000000002,1.0,0.5,0.2,0.0,0.0,0.0,0.38244631039295457,0.054185237842054444,0.3938463103929546,0.36284631039295456,0.4258463103929546,1.0,1.0,0.0,0.0,0.0,0.0,0.3135231551964773,0.10782912596168281,0.36784631039295457,0.23550000000000007,0.39238473279471586,1.0,1.0,0.2,0.0,0.0,0.0,0.3135231551964773,0.10782912596168281,0.36784631039295457,0.23550000000000007,0.39238473279471586,1.0,1.0,0.2,0.0,0.0,0.0,0.3135231551964773,0.10782912596168281,0.36784631039295457,0.23550000000000007,0.39238473279471586,1.0,1.0,0.2,0.0,0.0,0.0,0.3135231551964773,0.10782912596168281,0.36784631039295457,0.23550000000000007,0.39238473279471586,1.0,1.0,0.2,0.0,0.0,0.0,1.0,0.5,0.5,0.5,0.5,0.5,1.0,0.625,0.5,1.0,0.625,0.5,1.0,0.625,0.5,1.0,0.625,0.5,0.0,0.5,0.5,0.5,0.5,0.5,0.0,0.0,0.0,0.0,0.5,0.5,1.0,1.0,1.0,0.5,0.0,0.0,0.0,0.0,0.0,0.2378000000077686,0.005562978542669485,0.005562978542669485,0.0,0.0,0,0,0,0,C1,0.0,0.0,0.3135231551964773,0.2,1.0,0.5,0.0,0.0,0.3135231551964773
phaseflip,mixed_pauli,0.2,4,10,qiskit_aer,1,1,0.70536,0.70536,0.0,0.0,0.0,0.0,0.0,0.0,0.21988000000000002,0.08175124219239724,0.20320000000000005,0.1904,0.23800000000000004,1.0,0.5,0.1,0.0,0.0,0.0,0.4609263103929545,0.047188490122062623,0.4802463103929545,0.4228463103929545,0.48264631039295447,1.0,1.0,0.0,0.0,0.0,0.0,0.3528031551964773,0.14717935270101673,0.41632315519647717,0.19680000000000003,0.47384631039295455,1.0,1.0,0.1,0.0,0.0,0.0,0.3528031551964773,0.14717935270101673,0.41632315519647717,0.19680000000000003,0.47384631039295455,1.0,1.0,0.1,0.0,0.0,0.0,0.3528031551964773,0.14717935270101673,0.41632315519647717,0.19680000000000003,0.47384631039295455,1.0,1.0,0.1,0.0,0.0,0.0,0.3528031551964773,0.14717935270101673,0.41632315519647717,0.19680000000000003,0.47384631039295455,1.0,1.0,0.1,0.0,0.0,0.0,1.0,0.5,0.5,0.5,0.5,0.5,1.0,0.5555555555555556,0.5,1.0,0.5555555555555556,0.5,1.0,0.5555555555555556,0.5,1.0,0.5555555555555556,0.5,0.0,0.5,0.5,0.5,0.5,0.5,0.0,0.0,0.0,0.0,0.5,0.5,1.0,1.0,1.0,0.5,0.0,0.0,0.0,0.0,0.0,0.29464000000164736,1.0830562955919185e-20,1.0830562955919185e-20,0.0,0.0,0,0,0,0,C1,0.0,0.0,0.3528031551964773,0.1,1.0,0.5,0.0,0.0,0.3528031551964773
phaseflip,phaseflip,0.01,1,10,qiskit_aer,1,1,0.99,0.99,0.0,0.0,1.0,1.0,0.0,0.0,0.009999999999999565,0.0,0.009999999999999565,0.009999999999999565,0.009999999999999565,1.0,0.0,1.0,1.0,0.0,0.0,-0.020153689607045777,0.0,-0.020153689607045777,-0.020153689607045777,-0.020153689607045777,0.0,1.0,0.0,0.0,1.0,1.0,-0.020153689607045777,0.0,-0.020153689607045777,-0.020153689607045777,-0.020153689607045777,0.0,1.0,0.0,0.0,1.0,1.0,-0.020153689607045777,0.0,-0.020153689607045777,-0.020153689607045777,-0.020153689607045777,0.0,1.0,0.0,0.0,1.0,1.0,-0.020153689607045777,0.0,-0.020153689607045777,-0.020153689607045777,-0.020153689607045777,0.0,1.0,0.0,0.0,1.0,1.0,-0.020153689607045777,0.0,-0.020153689607045777,-0.020153689607045777,-0.020153689607045777,0.0,1.0,0.0,0.0,1.0,1.0,1.0,1.0,1.0,1.0,1.0,1.0,0.0,1.0,1.0,0.0,1.0,1.0,0.0,1.0,1.0,0.0,1.0,1.0,0.0,1.0,1.0,1.0,1.0,1.0,0.0,0.0,0.0,0.0,1.0,1.0,1.0,1.0,1.0,1.0,0.0,0.0,0.0,0.0,0.0,1.0100000304357892,2.0202210597091297e-17,2.0202210597091297e-17,0.0,0.0,0,0,0,0,C1,1.0,0.0,-0.020153689607045777,0.0,0.0,1.0,1.0,0.0,-0.020153689607045777
phaseflip,phaseflip,0.01,2,10,qiskit_aer,1,1,0.9801599999999999,0.9801599999999999,0.0,0.0,1.0,1.0,0.0,0.0,0.01983999999999968,4.898979485576694e-05,0.019799999999999596,0.019799999999999596,0.019899999999999807,1.0,0.4,1.0,0.6,0.0,0.0,-0.010313689607045661,4.898979485576694e-05,-0.010353689607045746,-0.010353689607045746,-0.010253689607045535,0.0,1.0,0.0,0.0,1.0,1.0,-0.010313689607045661,4.898979485576694e-05,-0.010353689607045746,-0.010353689607045746,-0.010253689607045535,0.0,1.0,0.0,0.0,1.0,1.0,0.001747786235772475,0.014821220474760824,-0.010353689607045746,-0.010353689607045746,0.019899999999999807,0.4,1.0,0.4,0.0,0.6,0.6,0.001747786235772475,0.014821220474760824,-0.010353689607045746,-0.010353689607045746,0.019899999999999807,0.4,1.0,0.4,0.0,0.6,0.6,0.001747786235772475,0.014821220474760824,-0.010353689607045746,-0.010353689607045746,0.019899999999999807,0.4,1.0,0.4,0.0,0.6,0.6,1.0,1.0,0.6,0.6,0.6,1.0,0.0,1.0,0.6,1.0,1.0,0.6,1.0,1.0,0.6,1.0,1.0,0.6,0.4,0.6,0.6,0.6,0.6,0.6,0.0,0.0,0.0,0.0,0.6,0.6,1.0,1.0,1.0,0.6,0.0,0.0,0.0,0.0,0.0,0.21984001994863692,0.08207777523706133,0.08207777523706133,0.0,0.0,0,0,0,0,C2,0.6,0.0,0.001747786235772475,0.4,0.4,0.6,0.6,0.0,0.001747786235772475
phaseflip,phaseflip,0.01,3,10,qiskit_aer,1,1,0.970428,0.970428,0.0,0.0,1.0,1.0,0.0,0.0,0.02957199999999973,0.0001172279830074261,0.029601999999999795,0.02945349999999977,0.02967549999999966,1.0,0.5,1.0,0.5,0.0,0.0,-0.0005816896070456101,0.0001172279830074261,-0.0005516896070455468,-0.0007001896070455704,-0.0004781896070456815,0.0,1.0,0.0,0.0,0.0,1.0,-0.0005816896070456101,0.0001172279830074261,-0.0005516896070455468,-0.0007001896070455704,-0.0004781896070456815,0.0,1.0,0.0,0.0,0.0,1.0,0.014495155196477061,0.01502762019166702,0.014475155196477019,-0.0005516896070455468,0.029403999999999764,0.5,1.0,0.5,0.0,0.0,0.5,0.014495155196477061,0.01502762019166702,0.014475155196477019,-0.0005516896070455468,0.029403999999999764,0.5,1.0,0.5,0.0,0.0,0.5,0.014495155196477061,0.01502762019166702,0.014475155196477019,-0.0005516896070455468,0.029403999999999764,0.5,1.0,0.5,0.0,0.0,0.5,1.0,1.0,0.5,0.5,0.5,1.0,0.0,1.0,0.5,1.0,1.0,0.5,1.0,1.0,0.5,1.0,1.0,0.5,0.5,0.5,0.5,0.5,0.5,0.5,0.0,0.0,0.0,0.0,0.5,0.5,1.0,1.0,1.0,0.5,0.0,0.0,0.0,0.0,0.0,0.029572006218572845,0.016208635152040473,0.016208635152040473,0.0,0.0,0,0,0,0,C2,0.0,0.0,0.014495155196477061,0.5,0.5,0.5,0.0,0.0,0.014495155196477061
phaseflip,phaseflip,0.01,4,10,qiskit_aer,1,1,0.9608420280000001,0.9608420280000001,0.0,0.0,1.0,1.0,0.0,0.0,0.039157971999999784,0.00018647496608392434,0.0392559799999998,0.03910995999999978,0.039303999999999784,1.0,0.4,1.0,0.6,0.0,0.0,0.009004282392954444,0.00018647496608392437,0.00910229039295446,0.008956270392954435,0.009150310392954442,1.0,1.0,0.0,0.0,0.0,1.0,0.009004282392954444,0.00018647496608392437,0.00910229039295446,0.008956270392954435,0.009150310392954442,1.0,1.0,0.0,0.0,0.0,1.0,0.02106575823577258,0.014693169618318968,0.009150310392954442,0.009078280392954469,0.03881591999999978,1.0,1.0,0.4,0.0,0.0,0.6,0.02106575823577258,0.014693169618318968,0.009150310392954442,0.009078280392954469,0.03881591999999978,1.0,1.0,0.4,0.0,0.0,0.6,0.02106575823577258,0.014693169618318968,0.009150310392954442,0.009078280392954469,0.03881591999999978,1.0,1.0,0.4,0.0,0.0,0.6,1.0,1.0,0.6,0.6,0.6,1.0,0.0,1.0,0.6,1.0,1.0,0.6,1.0,1.0,0.6,1.0,1.0,0.6,0.4,0.6,0.6,0.6,0.6,0.6,0.0,0.0,0.0,0.0,0.6,0.6,1.0,1.0,1.0,0.6,0.0,0.0,0.0,0.0,0.0,0.23915797499195052,0.004647966849674839,0.004647966849674839,0.0,0.0,0,0,0,0,C2,0.0,0.0,0.02106575823577258,0.4,1.0,0.6,0.0,0.0,0.02106575823577258
phaseflip,phaseflip,0.03,1,10,qiskit_aer,1,1,0.9700000000000001,0.9700000000000001,0.0,0.0,1.0,1.0,0.0,0.0,0.029999999999999805,0.0,0.029999999999999805,0.029999999999999805,0.029999999999999805,1.0,0.2,1.0,0.8,0.0,0.0,-0.00015368960704553736,0.0,-0.00015368960704553736,-0.00015368960704553736,-0.00015368960704553736,0.0,1.0,0.0,0.0,0.0,1.0,-0.00015368960704553736,0.0,-0.00015368960704553736,-0.00015368960704553736,-0.00015368960704553736,0.0,1.0,0.0,0.0,0.0,1.0,0.005877048314363531,0.012061475842818137,-0.00015368960704553736,-0.00015368960704553736,-0.00015368960704553736,0.2,1.0,0.2,0.0,0.0,0.8,0.005877048314363531,0.012061475842818137,-0.00015368960704553736,-0.00015368960704553736,-0.00015368960704553736,0.2,1.0,0.2,0.0,0.0,0.8,0.005877048314363531,0.012061475842818137,-0.00015368960704553736,-0.00015368960704553736,-0.00015368960704553736,0.2,1.0,0.2,0.0,0.0,0.8,1.0,1.0,0.8,0.8,0.8,1.0,0.0,1.0,0.8,1.0,1.0,0.8,1.0,1.0,0.8,1.0,1.0,0.8,0.2,0.8,0.8,0.8,0.8,0.8,0.0,0.0,0.0,0.0,0.8,0.8,1.0,1.0,1.0,0.8,0.0,0.0,0.0,0.0,0.0,0.6300000071230164,0.10768353839825145,0.10768353839825145,0.0,0.0,0,0,0,0,C2,0.0,0.0,0.005877048314363531,0.2,0.2,0.8,0.0,0.0,0.005877048314363531
phaseflip,phaseflip,0.03,2,10,qiskit_aer,1,1,0.94144,0.94144,0.0,0.0,1.0,1.0,0.0,0.0,0.05855999999999972,0.00044090815370086914,0.05819999999999981,0.05819999999999981,0.0590999999999996,1.0,0.5,1.0,0.5,0.0,0.0,0.02840631039295438,0.00044090815370086914,0.028046310392954465,0.028046310392954465,0.028946310392954255,1.0,1.0,0.0,0.0,0.0,1.0,0.031421679353658916,0.009234882143275199,0.028046310392954465,0.028046310392954465,0.028946310392954255,1.0,1.0,0.1,0.0,0.0,0.9,0.04348315519647705,0.015083290397970479,0.04357315519647703,0.028271310392954413,0.05819999999999981,1.0,1.0,0.5,0.0,0.0,0.5,0.04348315519647705,0.015083290397970479,0.04357315519647703,0.028271310392954413,0.05819999999999981,1.0,1.0,0.5,0.0,0.0,0.5,0.04348315519647705,0.015083290397970479,0.04357315519647703,0.028271310392954413,0.05819999999999981,1.0,1.0,0.5,0.0,0.0,0.5,1.0,0.9,0.5,0.5,0.5,0.9,0.2,1.0,0.5,1.0,1.0,0.5,1.0,1.0,0.5,1.0,1.0,0.5,0.4,0.5,0.5,0.5,0.5,0.5,0.0,0.0,0.0,0.0,0.5,0.5,1.0,1.0,1.0,0.5,0.0,0.0,0.0,0.0,0.0,0.05856000055614334,1.0830562955919185e-20,1.0830562955919185e-20,0.0,0.0,0,0,0,0,C2,0.0,0.0,0.04348315519647705,0.5,1.0,0.5,0.0,0.0,0.04348315519647705
phaseflip,phaseflip,0.03,3,10,qiskit_aer,1,1,0.913816,0.913816,0.0,0.0,1.0,1.0,0.0,0.0,0.08618399999999984,0.0010277984238166223,0.08645399999999981,0.08514449999999987,0.08708849999999982,1.0,0.5,1.0,0.5,0.0,0.0,0.056030310392954495,0.0010277984238166223,0.05630031039295447,0.05499081039295453,0.05693481039295448,1.0,1.0,0.0,0.0,0.0,1.0,0.056030310392954495,0.0010277984238166223,0.05630031039295447,0.05499081039295453,0.05693481039295448,1.0,1.0,0.0,0.0,0.0,1.0,0.07110715519647717,0.014667110088701694,0.07092715519647719,0.05630031039295447,0.0847079999999999,1.0,1.0,0.5,0.0,0.0,0.5,0.07110715519647717,0.014667110088701694,0.07092715519647719,0.05630031039295447,0.0847079999999999,1.0,1.0,0.5,0.0,0.0,0.5,0.07110715519647717,0.014667110088701694,0.07092715519647719,0.05630031039295447,0.0847079999999999,1.0,1.0,0.5,0.0,0.0,0.5,1.0,1.0,0.5,0.5,0.5,1.0,0.0,1.0,0.5,1.0,1.0,0.5,1.0,1.0,0.5,1.0,1.0,0.5,0.5,0.5,0.5,0.5,0.5,0.5,0.0,0.0,0.0,0.0,0.5,0.5,1.0,1.0,1.0,0.5,0.0,0.0,0.0,0.0,0.0,0.08618400013141136,1.0830562955919185e-20,1.0830562955919185e-20,0.0,0.0,0,0,0,0,C2,0.0,0.0,0.07110715519647717,0.5,1.0,0.5,0.0,0.0,0.07110715519647717
phaseflip,phaseflip,0.03,4,10,qiskit_aer,1,1,0.8874362680000001,0.8874362680000001,0.0,0.0,0.0,0.0,0.0,0.0,0.11256373199999978,0.0015976230304849519,0.1134103799999997,0.11216675999999981,0.11380799999999977,1.0,0.5,1.0,0.0,0.0,0.0,0.08241004239295444,0.0015976230304849519,0.08325669039295436,0.08201307039295447,0.08365431039295443,1.0,1.0,0.0,0.0,0.0,0.0,0.0974868871964771,0.01558176045895122,0.09791053519647713,0.08365431039295435,0.11280125999999974,1.0,1.0,0.5,0.0,0.0,0.0,0.0974868871964771,0.01558176045895122,0.09791053519647713,0.08365431039295435,0.11280125999999974,1.0,1.0,0.5,0.0,0.0,0.0,0.0974868871964771,0.01558176045895122,0.09791053519647713,0.08365431039295435,0.11280125999999974,1.0,1.0,0.5,0.0,0.0,0.0,0.0974868871964771,0.01558176045895122,0.09791053519647713,0.08365431039295435,0.11280125999999974,1.0,1.0,0.5,0.0,0.0,0.0,1.0,0.5,0.5,0.5,0.5,0.5,0.5,0.0,0.5,0.5,0.0,0.5,0.5,0.0,0.5,0.5,0.0,0.5,0.0,0.5,0.5,0.5,0.5,0.5,0.0,0.0,0.0,0.0,0.5,0.5,1.0,1.0,1.0,0.5,0.0,0.0,0.0,0.0,0.0,0.11256373204966728,8.365372627103523e-21,8.365372627103523e-21,0.0,0.0,0,0,0,0,C1,0.0,0.0,0.0974868871964771,0.5,1.0,0.5,0.0,0.0,0.0974868871964771
phaseflip,phaseflip,0.05,1,10,qiskit_aer,1,1,0.9499999999999998,0.9499999999999998,0.0,0.0,1.0,1.0,0.0,0.0,0.04999999999999971,0.0,0.04999999999999971,0.04999999999999971,0.04999999999999971,1.0,0.2,1.0,0.8,0.0,0.0,0.01984631039295437,0.0,0.01984631039295437,0.01984631039295437,0.01984631039295437,1.0,1.0,0.0,0.0,0.0,1.0,0.01984631039295437,0.0,0.01984631039295437,0.01984631039295437,0.01984631039295437,1.0,1.0,0.0,0.0,0.0,1.0,0.025877048314363438,0.012061475842818137,0.01984631039295437,0.01984631039295437,0.01984631039295437,1.0,1.0,0.2,0.0,0.0,0.8,0.025877048314363438,0.012061475842818137,0.01984631039295437,0.01984631039295437,0.01984631039295437,1.0,1.0,0.2,0.0,0.0,0.8,0.025877048314363438,0.012061475842818137,0.01984631039295437,0.01984631039295437,0.01984631039295437,1.0,1.0,0.2,0.0,0.0,0.8,1.0,1.0,0.8,0.8,0.8,1.0,0.0,1.0,0.8,1.0,1.0,0.8,1.0,1.0,0.8,1.0,1.0,0.8,0.2,0.8,0.8,0.8,0.8,0.8,0.0,0.0,0.0,0.0,0.8,0.8,1.0,1.0,1.0,0.8,0.0,0.0,0.0,0.0,0.0,0.6500000013871522,0.14133233712661944,0.14133233712661944,0.0,0.0,0,0,0,0,C2,0.0,0.0,0.025877048314363438,0.2,1.0,0.8,0.0,0.0,0.025877048314363438
phaseflip,phaseflip,0.05,2,10,qiskit_aer,1,1,0.9039999999999999,0.9039999999999999,0.0,0.0,1.0,1.0,0.0,0.0,0.0959999999999998,0.0012247448713915085,0.09499999999999986,0.09499999999999986,0.0974999999999997,1.0,0.8,1.0,0.2,0.0,0.0,0.06584631039295445,0.0012247448713915085,0.06484631039295452,0.06484631039295452,0.06734631039295436,1.0,1.0,0.0,0.0,0.0,1.0,0.06584631039295445,0.0012247448713915085,0.06484631039295452,0.06484631039295452,0.06734631039295436,1.0,1.0,0.0,0.0,0.0,1.0,0.08996926207859073,0.01135284042619552,0.09499999999999986,0.09499999999999986,0.09499999999999986,1.0,1.0,0.8,0.0,0.0,0.2,0.08996926207859073,0.01135284042619552,0.09499999999999986,0.09499999999999986,0.09499999999999986,1.0,1.0,0.8,0.0,0.0,0.2,0.08996926207859073,0.01135284042619552,0.09499999999999986,0.09499999999999986,0.09499999999999986,1.0,1.0,0.8,0.0,0.0,0.2,1.0,1.0,0.2,0.2,0.2,1.0,0.0,1.0,0.2,1.0,1.0,0.2,1.0,1.0,0.2,1.0,1.0,0.2,0.8,0.2,0.2,0.2,0.2,0.2,0.0,0.0,0.0,0.0,0.2,0.2,1.0,1.0,1.0,0.2,0.0,0.0,0.0,0.0,0.0,-0.5039999998732057,0.008495877083870586,0.008495877083870586,0.0,0.0,0,0,0,0,C2,0.0,0.0,0.08996926207859073,0.8,1.0,0.2,0.0,0.0,0.08996926207859073
phaseflip,phaseflip,0.05,3,10,qiskit_aer,1,1,0.8604999999999999,0.8604999999999999,0.0,0.0,0.0,0.0,0.0,0.0,0.13949999999999982,0.002779388421937513,0.14024999999999987,0.13668749999999977,0.14193749999999986,1.0,0.4,1.0,0.0,0.0,0.0,0.10934631039295448,0.002779388421937513,0.11009631039295453,0.10653381039295443,0.11178381039295451,1.0,1.0,0.0,0.0,0.0,0.0,0.12140778623577261,0.013665430939826563,0.11234631039295451,0.11065881039295453,0.13549999999999973,1.0,1.0,0.4,0.0,0.0,0.0,0.12140778623577261,0.013665430939826563,0.11234631039295451,0.11065881039295453,0.13549999999999973,1.0,1.0,0.4,0.0,0.0,0.0,0.12140778623577261,0.013665430939826563,0.11234631039295451,0.11065881039295453,0.13549999999999973,1.0,1.0,0.4,0.0,0.0,0.0,0.12140778623577261,0.013665430939826563,0.11234631039295451,0.11065881039295453,0.13549999999999973,1.0,1.0,0.4,0.0,0.0,0.0,1.0,0.6,0.6,0.6,0.6,0.6,0.4,0.0,0.6,0.4,0.0,0.6,0.4,0.0,0.6,0.4,0.0,0.6,0.0,0.6,0.6,0.6,0.6,0.6,0.0,0.0,0.0,0.0,0.6,0.6,1.0,1.0,1.0,0.6,0.0,0.0,0.0,0.0,0.0,0.3395000000339827,0.06003699478064346,0.06003699478064346,0.0,0.0,0,0,0,0,C1,0.0,0.0,0.12140778623577261,0.4,1.0,0.6,0.0,0.0,0.12140778623577261
phaseflip,phaseflip,0.05,4,10,qiskit_aer,1,1,0.8202674999999998,0.8202674999999998,0.0,0.0,0.0,0.0,0.0,0.0,0.17973249999999985,0.004220086640105866,0.1819874999999999,0.1787249999999999,0.18299999999999983,1.0,0.8,1.0,0.0,0.0,0.0,0.1495788103929545,0.004220086640105866,0.15183381039295457,0.14857131039295457,0.1528463103929545,1.0,1.0,0.0,0.0,0.0,0.0,0.17370176207859078,0.013245386656059694,0.1819874999999999,0.17194999999999983,0.18299999999999983,1.0,1.0,0.8,0.0,0.0,0.0,0.17370176207859078,0.013245386656059694,0.1819874999999999,0.17194999999999983,0.18299999999999983,1.0,1.0,0.8,0.0,0.0,0.0,0.17370176207859078,0.013245386656059694,0.1819874999999999,0.17194999999999983,0.18299999999999983,1.0,1.0,0.8,0.0,0.0,0.0,0.17370176207859078,0.013245386656059694,0.1819874999999999,0.17194999999999983,0.18299999999999983,1.0,1.0,0.8,0.0,0.0,0.0,1.0,0.2,0.2,0.2,0.2,0.2,0.8,0.0,0.2,0.8,0.0,0.2,0.8,0.0,0.2,0.8,0.0,0.2,0.0,0.2,0.2,0.2,0.2,0.2,0.0,0.0,0.0,0.0,0.2,0.2,1.0,1.0,1.0,0.2,0.0,0.0,0.0,0.0,0.0,-0.42026749998737484,1.867034853552012e-21,1.867034853552012e-21,0.0,0.0,0,0,0,0,C1,0.0,0.0,0.17370176207859078,0.8,1.0,0.2,0.0,0.0,0.17370176207859078
phaseflip,phaseflip,0.1,1,10,qiskit_aer,1,1,0.9000000000000001,0.9000000000000001,0.0,0.0,1.0,1.0,0.0,0.0,0.09999999999999964,0.0,0.09999999999999964,0.09999999999999964,0.09999999999999964,1.0,0.8,1.0,0.2,0.0,0.0,0.0698463103929543,0.0,0.0698463103929543,0.0698463103929543,0.0698463103929543,1.0,1.0,0.0,0.0,0.0,1.0,0.0698463103929543,0.0,0.0698463103929543,0.0698463103929543,0.0698463103929543,1.0,1.0,0.0,0.0,0.0,1.0,0.09396926207859058,0.012061475842818137,0.09999999999999964,0.09999999999999964,0.09999999999999964,1.0,1.0,0.8,0.0,0.0,0.2,0.09396926207859058,0.012061475842818137,0.09999999999999964,0.09999999999999964,0.09999999999999964,1.0,1.0,0.8,0.0,0.0,0.2,0.09396926207859058,0.012061475842818137,0.09999999999999964,0.09999999999999964,0.09999999999999964,1.0,1.0,0.8,0.0,0.0,0.2,1.0,1.0,0.2,0.2,0.2,1.0,0.0,1.0,0.2,1.0,1.0,0.2,1.0,1.0,0.2,1.0,1.0,0.2,0.8,0.2,0.2,0.2,0.2,0.2,0.0,0.0,0.0,0.0,0.2,0.2,1.0,1.0,1.0,0.2,0.0,0.0,0.0,0.0,0.0,-0.49999999989806265,0.003286840215485658,0.003286840215485658,0.0,0.0,0,0,0,0,C2,0.0,0.0,0.09396926207859058,0.8,1.0,0.2,0.0,0.0,0.09396926207859058
phaseflip,phaseflip,0.1,2,10,qiskit_aer,1,1,0.8160000000000001,0.8160000000000001,0.0,0.0,0.0,0.0,0.0,0.0,0.1839999999999997,0.00489897948556632,0.17999999999999972,0.17999999999999972,0.1899999999999996,1.0,0.7,1.0,0.0,0.0,0.0,0.15384631039295435,0.00489897948556632,0.14984631039295437,0.14984631039295437,0.15984631039295427,1.0,1.0,0.0,0.0,0.0,0.0,0.1749538931178861,0.01695023021701166,0.17999999999999972,0.1573847327947157,0.1899999999999996,1.0,1.0,0.7,0.0,0.0,0.0,0.1749538931178861,0.01695023021701166,0.17999999999999972,0.1573847327947157,0.1899999999999996,1.0,1.0,0.7,0.0,0.0,0.0,0.1749538931178861,0.01695023021701166,0.17999999999999972,0.1573847327947157,0.1899999999999996,1.0,1.0,0.7,0.0,0.0,0.0,0.1749538931178861,0.01695023021701166,0.17999999999999972,0.1573847327947157,0.1899999999999996,1.0,1.0,0.7,0.0,0.0,0.0,1.0,0.3,0.3,0.3,0.3,0.3,0.7,0.0,0.3,0.7,0.0,0.3,0.7,0.0,0.3,0.7,0.0,0.3,0.0,0.3,0.3,0.3,0.3,0.3,0.0,0.0,0.0,0.0,0.3,0.3,1.0,1.0,1.0,0.3,0.0,0.0,0.0,0.0,0.0,-0.21599999999179842,6.498337773551511e-21,6.498337773551511e-21,0.0,0.0,0,0,0,0,C1,0.0,0.0,0.1749538931178861,0.7,1.0,0.3,0.0,0.0,0.1749538931178861
phaseflip,phaseflip,0.1,3,10,qiskit_aer,1,1,0.7410000000000001,0.7410000000000001,0.0,0.0,0.0,0.0,0.0,0.0,0.2589999999999997,0.010363397126425285,0.2619999999999997,0.24849999999999975,0.2679999999999997,1.0,0.8,1.0,0.0,0.0,0.0,0.22884631039295433,0.010363397126425285,0.23184631039295434,0.2183463103929544,0.23784631039295434,1.0,1.0,0.0,0.0,0.0,0.0,0.2529692620785906,0.01803463486083912,0.2619999999999997,0.24399999999999966,0.2679999999999997,1.0,1.0,0.8,0.0,0.0,0.0,0.2529692620785906,0.01803463486083912,0.2619999999999997,0.24399999999999966,0.2679999999999997,1.0,1.0,0.8,0.0,0.0,0.0,0.2529692620785906,0.01803463486083912,0.2619999999999997,0.24399999999999966,0.2679999999999997,1.0,1.0,0.8,0.0,0.0,0.0,0.2529692620785906,0.01803463486083912,0.2619999999999997,0.24399999999999966,0.2679999999999997,1.0,1.0,0.8,0.0,0.0,0.0,1.0,0.2,0.2,0.2,0.2,0.2,0.8,0.0,0.2,0.8,0.0,0.2,0.8,0.0,0.2,0.8,0.0,0.2,0.0,0.2,0.2,0.2,0.2,0.2,0.0,0.0,0.0,0.0,0.2,0.2,1.0,1.0,1.0,0.2,0.0,0.0,0.0,0.0,0.0,-0.3409999999977571,3.099630017959843e-21,3.099630017959843e-21,0.0,0.0,0,0,0,0,C1,0.0,0.0,0.2529692620785906,0.8,1.0,0.2,0.0,0.0,0.2529692620785906
phaseflip,phaseflip,0.1,4,10,qiskit_aer,1,1,0.6772800000000001,0.6772800000000001,0.0,0.0,0.0,0.0,0.0,0.0,0.3227199999999998,0.01481275126369163,0.33079999999999976,0.3195999999999999,0.33399999999999974,1.0,0.7,1.0,0.0,0.0,0.0,0.29256631039295444,0.01481275126369163,0.3006463103929544,0.28944631039295454,0.3038463103929544,1.0,1.0,0.0,0.0,0.0,0.0,0.3136738931178862,0.02669945436690913,0.3267999999999998,0.3029847327947158,0.33399999999999974,1.0,1.0,0.7,0.0,0.0,0.0,0.3136738931178862,0.02669945436690913,0.3267999999999998,0.3029847327947158,0.33399999999999974,1.0,1.0,0.7,0.0,0.0,0.0,0.3136738931178862,0.02669945436690913,0.3267999999999998,0.3029847327947158,0.33399999999999974,1.0,1.0,0.7,0.0,0.0,0.0,0.3136738931178862,0.02669945436690913,0.3267999999999998,0.3029847327947158,0.33399999999999974,1.0,1.0,0.7,0.0,0.0,0.0,1.0,0.3,0.3,0.3,0.3,0.3,0.7,0.0,0.3,0.7,0.0,0.3,0.7,0.0,0.3,0.7,0.0,0.3,0.0,0.3,0.3,0.3,0.3,0.3,0.0,0.0,0.0,0.0,0.3,0.3,1.0,1.0,1.0,0.3,0.0,0.0,0.0,0.0,0.0,-0.0772799999993388,5.26574260914368e-21,5.26574260914368e-21,0.0,0.0,0,0,0,0,C1,0.0,0.0,0.3136738931178862,0.7,1.0,0.3,0.0,0.0,0.3136738931178862
phaseflip,phaseflip,0.15,1,10,qiskit_aer,1,1,0.8500000000000001,0.8500000000000001,0.0,0.0,0.0,0.0,0.0,0.0,0.1499999999999997,0.0,0.1499999999999997,0.1499999999999997,0.1499999999999997,1.0,0.5,1.0,0.0,0.0,0.0,0.11984631039295435,0.0,0.11984631039295435,0.11984631039295435,0.11984631039295435,1.0,1.0,0.0,0.0,0.0,0.0,0.13492315519647702,0.015076844803522671,0.13492315519647702,0.11984631039295435,0.1499999999999997,1.0,1.0,0.5,0.0,0.0,0.0,0.13492315519647702,0.015076844803522671,0.13492315519647702,0.11984631039295435,0.1499999999999997,1.0,1.0,0.5,0.0,0.0,0.0,0.13492315519647702,0.015076844803522671,0.13492315519647702,0.11984631039295435,0.1499999999999997,1.0,1.0,0.5,0.0,0.0,0.0,0.13492315519647702,0.015076844803522671,0.13492315519647702,0.11984631039295435,0.1499999999999997,1.0,1.0,0.5,0.0,0.0,0.0,1.0,0.5,0.5,0.5,0.5,0.5,0.5,0.0,0.5,0.5,0.0,0.5,0.5,0.0,0.5,0.5,0.0,0.5,0.0,0.5,0.5,0.5,0.5,0.5,0.0,0.0,0.0,0.0,0.5,0.5,1.0,1.0,1.0,0.5,0.0,0.0,0.0,0.0,0.0,0.15000000001784616,1.7539085960076933e-17,1.7539085960076933e-17,0.0,0.0,0,0,0,0,C1,0.0,0.0,0.13492315519647702,0.5,1.0,0.5,0.0,0.0,0.13492315519647702
phaseflip,phaseflip,0.15,2,10,qiskit_aer,1,1,0.7360000000000001,0.7360000000000001,0.0,0.0,0.0,0.0,0.0,0.0,0.2639999999999998,0.011022703842524283,0.2549999999999998,0.2549999999999998,0.27749999999999975,1.0,0.3,1.0,0.0,0.0,0.0,0.23384631039295442,0.011022703842524285,0.22484631039295444,0.22484631039295444,0.2473463103929544,1.0,1.0,0.0,0.0,0.0,0.0,0.24289241727506802,0.02359420130391901,0.22484631039295444,0.22484631039295444,0.2699615775982384,1.0,1.0,0.3,0.0,0.0,0.0,0.24289241727506802,0.02359420130391901,0.22484631039295444,0.22484631039295444,0.2699615775982384,1.0,1.0,0.3,0.0,0.0,0.0,0.24289241727506802,0.02359420130391901,0.22484631039295444,0.22484631039295444,0.2699615775982384,1.0,1.0,0.3,0.0,0.0,0.0,0.24289241727506802,0.02359420130391901,0.22484631039295444,0.22484631039295444,0.2699615775982384,1.0,1.0,0.3,0.0,0.0,0.0,1.0,0.7,0.7,0.7,0.7,0.7,0.3,0.0,0.7,0.3,0.0,0.7,0.3,0.0,0.7,0.3,0.0,0.7,0.0,0.7,0.7,0.7,0.7,0.7,0.0,0.0,0.0,0.0,0.7,0.7,1.0,1.0,1.0,0.7,0.0,0.0,0.0,0.0,0.0,0.6640000000012454,0.0026948568852589666,0.0026948568852589666,0.0,0.0,0,0,0,0,C1,0.0,0.0,0.24289241727506802,0.3,1.0,0.7,0.0,0.0,0.24289241727506802
phaseflip,phaseflip,0.15,3,10,qiskit_aer,1,1,0.6400000000000001,0.6400000000000001,0.0,0.0,0.0,0.0,0.0,0.0,0.3599999999999997,0.021628106713256233,0.3667499999999997,0.33806249999999977,0.3785624999999997,1.0,1.0,1.0,0.0,0.0,0.0,0.32984631039295437,0.021628106713256233,0.33659631039295435,0.3079088103929544,0.34840881039295435,1.0,1.0,0.0,0.0,0.0,0.0,0.3599999999999997,0.021628106713256233,0.3667499999999997,0.33806249999999977,0.3785624999999997,1.0,1.0,1.0,0.0,0.0,0.0,0.3599999999999997,0.021628106713256233,0.3667499999999997,0.33806249999999977,0.3785624999999997,1.0,1.0,1.0,0.0,0.0,0.0,0.3599999999999997,0.021628106713256233,0.3667499999999997,0.33806249999999977,0.3785624999999997,1.0,1.0,1.0,0.0,0.0,0.0,0.3599999999999997,0.021628106713256233,0.3667499999999997,0.33806249999999977,0.3785624999999997,1.0,1.0,1.0,0.0,0.0,0.0,1.0,0.0,0.0,0.0,0.0,0.0,1.0,0.0,0.0,1.0,0.0,0.0,1.0,0.0,0.0,1.0,0.0,0.0,0.0,0.0,0.0,0.0,0.0,0.0,0.0,0.0,0.0,0.0,0.0,0.0,1.0,1.0,1.0,0.0,0.0,0.0,0.0,0.0,0.0,-0.6399999999995231,0.0,0.0,0.0,0.0,0,0,0,0,C1,0.0,0.0,0.3599999999999997,1.0,1.0,0.0,0.0,0.0,0.3599999999999997
phaseflip,phaseflip,0.15,4,10,qiskit_aer,1,1,0.5656675,0.5656675,0.0,0.0,0.0,0.0,0.0,0.0,0.4343324999999998,0.02903058957806402,0.4504874999999998,0.42922499999999975,0.45599999999999974,1.0,0.9,1.0,0.0,0.0,0.0,0.40417881039295445,0.02903058957806402,0.4203338103929545,0.3990713103929544,0.4258463103929544,1.0,1.0,0.0,0.0,0.0,0.0,0.43131713103929525,0.029333002789418364,0.44261249999999974,0.41842223279471585,0.45599999999999974,1.0,1.0,0.9,0.0,0.0,0.0,0.43131713103929525,0.029333002789418364,0.44261249999999974,0.41842223279471585,0.45599999999999974,1.0,1.0,0.9,0.0,0.0,0.0,0.43131713103929525,0.029333002789418364,0.44261249999999974,0.41842223279471585,0.45599999999999974,1.0,1.0,0.9,0.0,0.0,0.0,0.43131713103929525,0.029333002789418364,0.44261249999999974,0.41842223279471585,0.45599999999999974,1.0,1.0,0.9,0.0,0.0,0.0,1.0,0.1,0.1,0.1,0.1,0.1,0.9,0.0,0.1,0.9,0.0,0.1,0.9,0.0,0.1,0.9,0.0,0.1,0.0,0.1,0.1,0.1,0.1,0.1,0.0,0.0,0.0,0.0,0.1,0.1,1.0,1.0,1.0,0.1,0.0,0.0,0.0,0.0,0.0,-0.3656674999999213,2.166112591183837e-21,2.166112591183837e-21,0.0,0.0,0,0,0,0,C1,0.0,0.0,0.43131713103929525,0.9,1.0,0.1,0.0,0.0,0.43131713103929525
phaseflip,phaseflip,0.2,1,10,qiskit_aer,1,1,0.8,0.8,0.0,0.0,0.0,0.0,0.0,0.0,0.19999999999999973,0.0,0.19999999999999973,0.19999999999999973,0.19999999999999973,1.0,0.3,1.0,0.0,0.0,0.0,0.1698463103929544,0.0,0.1698463103929544,0.1698463103929544,0.1698463103929544,1.0,1.0,0.0,0.0,0.0,0.0,0.178892417275068,0.013818156510648851,0.1698463103929544,0.1698463103929544,0.1924615775982384,1.0,1.0,0.3,0.0,0.0,0.0,0.178892417275068,0.013818156510648851,0.1698463103929544,0.1698463103929544,0.1924615775982384,1.0,1.0,0.3,0.0,0.0,0.0,0.178892417275068,0.013818156510648851,0.1698463103929544,0.1698463103929544,0.1924615775982384,1.0,1.0,0.3,0.0,0.0,0.0,0.178892417275068,0.013818156510648851,0.1698463103929544,0.1698463103929544,0.1924615775982384,1.0,1.0,0.3,0.0,0.0,0.0,1.0,0.7,0.7,0.7,0.7,0.7,0.3,0.0,0.7,0.3,0.0,0.7,0.3,0.0,0.7,0.3,0.0,0.7,0.0,0.7,0.7,0.7,0.7,0.7,0.0,0.0,0.0,0.0,0.7,0.7,1.0,1.0,1.0,0.7,0.0,0.0,0.0,0.0,0.0,0.6000000000071077,0.059374452831331095,0.059374452831331095,0.0,0.0,0,0,0,0,C1,0.0,0.0,0.178892417275068,0.3,1.0,0.7,0.0,0.0,0.178892417275068
phaseflip,phaseflip,0.2,2,10,qiskit_aer,1,1,0.6640000000000001,0.6640000000000001,0.0,0.0,0.0,0.0,0.0,0.0,0.3359999999999998,0.019595917942265496,0.31999999999999973,0.31999999999999973,0.3599999999999999,1.0,0.0,1.0,0.0,0.0,0.0,0.30584631039295446,0.019595917942265496,0.2898463103929544,0.2898463103929544,0.32984631039295453,1.0,1.0,0.0,0.0,0.0,0.0,0.30584631039295446,0.019595917942265496,0.2898463103929544,0.2898463103929544,0.32984631039295453,1.0,1.0,0.0,0.0,0.0,0.0,0.30584631039295446,0.019595917942265496,0.2898463103929544,0.2898463103929544,0.32984631039295453,1.0,1.0,0.0,0.0,0.0,0.0,0.30584631039295446,0.019595917942265496,0.2898463103929544,0.2898463103929544,0.32984631039295453,1.0,1.0,0.0,0.0,0.0,0.0,0.30584631039295446,0.019595917942265496,0.2898463103929544,0.2898463103929544,0.32984631039295453,1.0,1.0,0.0,0.0,0.0,0.0,1.0,1.0,1.0,1.0,1.0,1.0,0.0,0.0,1.0,0.0,0.0,1.0,0.0,0.0,1.0,0.0,0.0,1.0,0.0,1.0,1.0,1.0,1.0,1.0,0.0,0.0,0.0,0.0,1.0,1.0,1.0,1.0,1.0,1.0,0.0,0.0,0.0,0.0,0.0,1.336000000000499,2.166112591183837e-20,2.166112591183837e-20,0.0,0.0,0,0,0,0,C1,0.0,0.0,0.30584631039295446,0.0,1.0,1.0,0.0,0.0,0.30584631039295446
phaseflip,phaseflip,0.2,3,10,qiskit_aer,1,1,0.556,0.556,0.0,0.0,0.0,0.0,0.0,0.0,0.44399999999999984,0.035462656414882346,0.4559999999999998,0.40799999999999986,0.4739999999999998,1.0,0.8,1.0,0.0,0.0,0.0,0.4138463103929545,0.035462656414882346,0.42584631039295445,0.3778463103929545,0.44384631039295447,1.0,1.0,0.0,0.0,0.0,0.0,0.43796926207859077,0.040550076650522425,0.45599999999999974,0.4004615775982385,0.4739999999999998,1.0,1.0,0.8,0.0,0.0,0.0,0.43796926207859077,0.040550076650522425,0.45599999999999974,0.4004615775982385,0.4739999999999998,1.0,1.0,0.8,0.0,0.0,0.0,0.43796926207859077,0.040550076650522425,0.45599999999999974,0.4004615775982385,0.4739999999999998,1.0,1.0,0.8,0.0,0.0,0.0,0.43796926207859077,0.040550076650522425,0.45599999999999974,0.4004615775982385,0.4739999999999998,1.0,1.0,0.8,0.0,0.0,0.0,1.0,0.2,0.2,0.2,0.2,0.2,0.8,0.0,0.2,0.8,0.0,0.2,0.8,0.0,0.2,0.8,0.0,0.2,0.0,0.2,0.2,0.2,0.2,0.2,0.0,0.0,0.0,0.0,0.2,0.2,1.0,1.0,1.0,0.2,0.0,0.0,0.0,0.0,0.0,-0.15599999999979328,4.332225182367674e-21,4.332225182367674e-21,0.0,0.0,0,0,0,0,C1,0.0,0.0,0.43796926207859077,0.8,1.0,0.2,0.0,0.0,0.43796926207859077
phaseflip,phaseflip,0.2,4,10,qiskit_aer,1,1,0.48048,0.48048,0.0,0.0,0.0,0.0,0.0,0.0,0.5195199999999999,0.04459983856473026,0.5447999999999998,0.5135999999999998,0.5519999999999998,1.0,1.0,1.0,0.0,0.0,0.0,0.4893663103929545,0.04459983856473026,0.5146463103929545,0.4834463103929545,0.5218463103929545,1.0,1.0,0.0,0.0,0.0,0.0,0.5195199999999999,0.04459983856473026,0.5447999999999998,0.5135999999999998,0.5519999999999998,1.0,1.0,1.0,0.0,0.0,0.0,0.5195199999999999,0.04459983856473026,0.5447999999999998,0.5135999999999998,0.5519999999999998,1.0,1.0,1.0,0.0,0.0,0.0,0.5195199999999999,0.04459983856473026,0.5447999999999998,0.5135999999999998,0.5519999999999998,1.0,1.0,1.0,0.0,0.0,0.0,0.5195199999999999,0.04459983856473026,0.5447999999999998,0.5135999999999998,0.5519999999999998,1.0,1.0,1.0,0.0,0.0,0.0,1.0,0.0,0.0,0.0,0.0,0.0,1.0,0.0,0.0,1.0,0.0,0.0,1.0,0.0,0.0,1.0,0.0,0.0,0.0,0.0,0.0,0.0,0.0,0.0,0.0,0.0,0.0,0.0,0.0,0.0,1.0,1.0,1.0,0.0,0.0,0.0,0.0,0.0,0.0,-0.4804799999999164,0.0,0.0,0.0,0.0,0,0,0,0,C1,0.0,0.0,0.5195199999999999,1.0,1.0,0.0,0.0,0.0,0.5195199999999999
