code_family,noise_family,noise_strength,noise_depth,syndrome_noise_prob,cases,backend,code_count,noise_family_count,true_syndrome_mean_no_error_mean,observed_syndrome_mean_no_error_mean,syndrome_corruption_rate,syndrome_information_loss_mean,observed_syndrome_consistent_rate,true_syndrome_consistent_rate,partial_syndrome_case_rate,ambiguous_syndrome_case_rate,fid_gain_A_mean,fid_gain_A_std,fid_gain_A_median,fid_gain_A_p25,fid_gain_A_p75,nonworsen_rate_A,admissible_rate_A,logical_success_rate_A,false_safe_rate_A,false_safe_fidelity_rate_A,failure_boundary_rate_A,fid_gain_B_mean,fid_gain_B_std,fid_gain_B_median,fid_gain_B_p25,fid_gain_B_p75,nonworsen_rate_B,admissible_rate_B,logical_success_rate_B,false_safe_rate_B,false_safe_fidelity_rate_B,failure_boundary_rate_B,fid_gain_C1_mean,fid_gain_C1_std,fid_gain_C1_median,fid_gain_C1_p25,fid_gain_C1_p75,nonworsen_rate_C1,admissible_rate_C1,logical_success_rate_C1,false_safe_rate_C1,false_safe_fidelity_rate_C1,failure_boundary_rate_C1,fid_gain_C2_mean,fid_gain_C2_std,fid_gain_C2_median,fid_gain_C2_p25,fid_gain_C2_p75,nonworsen_rate_C2,admissible_rate_C2,logical_success_rate_C2,false_safe_rate_C2,false_safe_fidelity_rate_C2,failure_boundary_rate_C2,fid_gain_C3_mean,fid_gain_C3_std,fid_gain_C3_median,fid_gain_C3_p25,fid_gain_C3_p75,nonworsen_rate_C3,admissible_rate_C3,logical_success_rate_C3,false_safe_rate_C3,false_safe_fidelity_rate_C3,failure_boundary_rate_C3,fid_gain_C3R_mean,fid_gain_C3R_std,fid_gain_C3R_median,fid_gain_C3R_p25,fid_gain_C3R_p75,nonworsen_rate_C3R,admissible_rate_C3R,logical_success_rate_C3R,false_safe_rate_C3R,false_safe_fidelity_rate_C3R,failure_boundary_rate_C3R,decision_disagreement_rate_AB,decision_disagreement_rate_C1A,decision_disagreement_rate_C2A,decision_disagreement_rate_C3A,decision_disagreement_rate_C3RA,chosen_B_rate_C1,safe_case_retention_rate_C1,risky_case_capture_rate_C1,chosen_B_rate_C2,safe_case_retention_rate_C2,risky_case_capture_rate_C2,chosen_B_rate_C3,safe_case_retention_rate_C3,risky_case_capture_rate_C3,chosen_B_rate_C3R,safe_case_retention_rate_C3R,risky_case_capture_rate_C3R,veto_rate_C1,tie_break_rate_C1,weighted_score_switch_rate_C2,weighted_score_switch_rate_C3,weighted_score_switch_rate_C3R,veto_rate_C2,veto_rate_C3,veto_rate_C3R,tie_break_rate_C2,tie_break_rate_C3,tie_break_rate_C3R,c3r_gate_c2_switch_rate,c3r_gate_score_margin_rate,c3r_gate_leave_A_rate,c3r_gate_B_safe_rate,c3r_gate_uncertainty_rate,c3r_allow_B_rate,c3r_blocks_c2_switch_rate,c3r_prevented_harmful_switch_rate,c3r_missed_beneficial_switch_rate,c3r_prevented_harmful_switch_rate_given_block,c3r_missed_beneficial_switch_rate_given_block,c3r_score_margin_mean,c3r_structural_margin_mean,c3r_violation_A_mean,c3r_violation_B_mean,c3r_syndrome_uncertainty_mean,c3r_blocked_by_score_margin_count,c3r_blocked_by_leave_A_count,c3r_blocked_by_B_safe_count,c3r_blocked_by_uncertainty_count,preferred_policy,preferred_false_safe_fidelity_rate,preferred_false_safe_rate,preferred_fid_gain_mean,preferred_logical_success_rate,preferred_nonworsen_rate,preferred_chosen_B_rate,min_false_safe_fidelity_rate,min_false_safe_rate,max_fid_gain_mean_within_safety_band
phaseflip,dephasing,0.01,1,0.0,10,qiskit_aer,1,1,0.9950000000000002,0.9950000000000002,0.0,0.0,1.0,1.0,0.0,0.0,0.004999999999999738,8.881801137644041e-17,0.004999999999999782,0.004999999999999782,0.004999999999999782,1.0,0.0,1.0,1.0,0.0,0.0,-0.025153689607045605,8.882055243408597e-17,-0.02515368960704556,-0.02515368960704556,-0.02515368960704556,0.0,1.0,0.0,0.0,1.0,1.0,-0.025153689607045605,8.882055243408597e-17,-0.02515368960704556,-0.02515368960704556,-0.02515368960704556,0.0,1.0,0.0,0.0,1.0,1.0,-0.025153689607045605,8.882055243408597e-17,-0.02515368960704556,-0.02515368960704556,-0.02515368960704556,0.0,1.0,0.0,0.0,1.0,1.0,-0.025153689607045605,8.882055243408597e-17,-0.02515368960704556,-0.02515368960704556,-0.02515368960704556,0.0,1.0,0.0,0.0,1.0,1.0,-0.025153689607045605,8.882055243408597e-17,-0.02515368960704556,-0.02515368960704556,-0.02515368960704556,0.0,1.0,0.0,0.0,1.0,1.0,1.0,1.0,1.0,1.0,1.0,1.0,0.0,1.0,1.0,0.0,1.0,1.0,0.0,1.0,1.0,0.0,1.0,1.0,0.0,1.0,1.0,1.0,1.0,1.0,0.0,0.0,0.0,0.0,1.0,1.0,1.0,1.0,1.0,1.0,0.0,0.0,0.0,0.0,0.0,1.0050000806264607,0.14206400135710542,0.14206400135710542,0.0,0.0,0,0,0,0,C1,1.0,0.0,-0.025153689607045605,0.0,0.0,1.0,1.0,0.0,-0.025153689607045605
phaseflip,dephasing,0.01,1,0.01,10,qiskit_aer,1,1,0.9950000000000002,0.9286666666666669,0.03333333333333333,0.0,0.4,1.0,0.0,0.0,0.004999999999999738,8.881801137644041e-17,0.004999999999999782,0.004999999999999782,0.004999999999999782,1.0,0.1,1.0,0.4,0.0,0.0,-0.025153689607045605,8.882055243408597e-17,-0.02515368960704556,-0.02515368960704556,-0.02515368960704556,0.0,1.0,0.0,0.0,1.0,0.4,-0.02213832064634107,0.009046106882113544,-0.02515368960704556,-0.02515368960704556,-0.02515368960704556,0.1,1.0,0.1,0.0,0.9,0.4,-0.02213832064634107,0.009046106882113544,-0.02515368960704556,-0.02515368960704556,-0.02515368960704556,0.1,1.0,0.1,0.0,0.9,0.4,-0.02213832064634107,0.009046106882113544,-0.02515368960704556,-0.02515368960704556,-0.02515368960704556,0.1,1.0,0.1,0.0,0.9,0.4,-0.02213832064634107,0.009046106882113544,-0.02515368960704556,-0.02515368960704556,-0.02515368960704556,0.1,1.0,0.1,0.0,0.9,0.4,1.0,0.9,0.9,0.9,0.9,0.9,0.16666666666666666,1.0,0.9,0.16666666666666666,1.0,0.9,0.16666666666666666,1.0,0.9,0.16666666666666666,1.0,0.9,0.0,0.9,0.9,0.9,0.9,0.9,0.0,0.0,0.0,0.0,0.9,0.9,1.0,1.0,1.0,0.9,0.0,0.0,0.0,0.0,0.0,0.8713334122027634,0.14402719401187844,0.14402719401187844,0.0,0.01,0,0,0,0,C1,0.9,0.0,-0.02213832064634107,0.1,0.1,0.9,0.9,0.0,-0.02213832064634107
phaseflip,dephasing,0.01,1,0.03,10,qiskit_aer,1,1,0.9950000000000002,0.8512777777777779,0.1111111111111111,0.0,0.4,1.0,0.0,0.0,0.004999999999999738,8.881801137644041e-17,0.004999999999999782,0.004999999999999782,0.004999999999999782,1.0,0.1,1.0,0.4,0.0,0.0,-0.025153689607045605,8.882055243408597e-17,-0.02515368960704556,-0.02515368960704556,-0.02515368960704556,0.0,1.0,0.0,0.0,1.0,0.4,-0.02213832064634107,0.009046106882113544,-0.02515368960704556,-0.02515368960704556,-0.02515368960704556,0.1,1.0,0.1,0.0,0.9,0.4,-0.02213832064634107,0.009046106882113544,-0.02515368960704556,-0.02515368960704556,-0.02515368960704556,0.1,1.0,0.1,0.0,0.9,0.4,-0.02213832064634107,0.009046106882113544,-0.02515368960704556,-0.02515368960704556,-0.02515368960704556,0.1,1.0,0.1,0.0,0.9,0.4,-0.02213832064634107,0.009046106882113544,-0.02515368960704556,-0.02515368960704556,-0.02515368960704556,0.1,1.0,0.1,0.0,0.9,0.4,1.0,0.9,0.9,0.9,0.9,0.9,0.16666666666666666,1.0,0.9,0.16666666666666666,1.0,0.9,0.16666666666666666,1.0,0.9,0.16666666666666666,1.0,0.9,0.0,0.9,0.9,0.9,0.9,0.9,0.0,0.0,0.0,0.0,0.9,0.9,1.0,1.0,1.0,0.9,0.0,0.0,0.0,0.0,0.0,0.9487222901394237,0.07403473966988347,0.07403473966988347,0.0,0.03,0,0,0,0,C1,0.9,0.0,-0.02213832064634107,0.1,0.1,0.9,0.9,0.0,-0.02213832064634107
phaseflip,dephasing,0.01,1,0.05,10,qiskit_aer,1,1,0.9950000000000002,0.8291666666666668,0.15555555555555556,0.0,0.2,1.0,0.0,0.0,0.004999999999999738,8.881801137644041e-17,0.004999999999999782,0.004999999999999782,0.004999999999999782,1.0,0.0,1.0,0.2,0.0,0.0,-0.025153689607045605,8.882055243408597e-17,-0.02515368960704556,-0.02515368960704556,-0.02515368960704556,0.0,1.0,0.0,0.0,1.0,0.2,-0.025153689607045605,8.882055243408597e-17,-0.02515368960704556,-0.02515368960704556,-0.02515368960704556,0.0,1.0,0.0,0.0,1.0,0.2,-0.025153689607045605,8.882055243408597e-17,-0.02515368960704556,-0.02515368960704556,-0.02515368960704556,0.0,1.0,0.0,0.0,1.0,0.2,-0.025153689607045605,8.882055243408597e-17,-0.02515368960704556,-0.02515368960704556,-0.02515368960704556,0.0,1.0,0.0,0.0,1.0,0.2,-0.025153689607045605,8.882055243408597e-17,-0.02515368960704556,-0.02515368960704556,-0.02515368960704556,0.0,1.0,0.0,0.0,1.0,0.2,1.0,1.0,1.0,1.0,1.0,1.0,0.0,1.0,1.0,0.0,1.0,1.0,0.0,1.0,1.0,0.0,1.0,1.0,0.0,1.0,1.0,1.0,1.0,1.0,0.0,0.0,0.0,0.0,1.0,1.0,1.0,1.0,1.0,1.0,0.0,0.0,0.0,0.0,0.0,1.1708334069316724,0.09220656747669696,0.09220656747669696,0.0,0.05,0,0,0,0,C1,1.0,0.0,-0.025153689607045605,0.0,0.0,1.0,1.0,0.0,-0.025153689607045605
phaseflip,dephasing,0.01,1,0.1,10,qiskit_aer,1,1,0.9950000000000002,0.7296666666666668,0.25555555555555554,0.0,0.1,1.0,0.0,0.0,0.004999999999999738,8.881801137644041e-17,0.004999999999999782,0.004999999999999782,0.004999999999999782,1.0,0.2,1.0,0.1,0.0,0.0,-0.025153689607045605,8.882055243408597e-17,-0.02515368960704556,-0.02515368960704556,-0.02515368960704556,0.0,1.0,0.0,0.0,1.0,0.1,-0.019122951685636536,0.012061475842818048,-0.02515368960704556,-0.02515368960704556,-0.02515368960704556,0.2,1.0,0.2,0.0,0.8,0.1,-0.019122951685636536,0.012061475842818048,-0.02515368960704556,-0.02515368960704556,-0.02515368960704556,0.2,1.0,0.2,0.0,0.8,0.1,-0.019122951685636536,0.012061475842818048,-0.02515368960704556,-0.02515368960704556,-0.02515368960704556,0.2,1.0,0.2,0.0,0.8,0.1,-0.019122951685636536,0.012061475842818048,-0.02515368960704556,-0.02515368960704556,-0.02515368960704556,0.2,1.0,0.2,0.0,0.8,0.1,1.0,0.8,0.8,0.8,0.8,0.8,0.2222222222222222,1.0,0.8,0.2222222222222222,1.0,0.8,0.2222222222222222,1.0,0.8,0.2222222222222222,1.0,0.8,0.0,0.8,0.8,0.8,0.8,0.8,0.0,0.0,0.0,0.0,0.8,0.8,1.0,1.0,1.0,0.8,0.0,0.0,0.0,0.0,0.0,0.8703334074493424,0.11037839528351041,0.11037839528351041,0.0,0.1,0,0,0,0,C1,0.8,0.0,-0.019122951685636536,0.2,0.2,0.8,0.8,0.0,-0.019122951685636536
phaseflip,dephasing,0.01,2,0.0,10,qiskit_aer,1,1,0.99004,0.99004,0.0,0.0,1.0,1.0,0.0,0.0,0.009959999999999835,1.2247448713832956e-05,0.009949999999999903,0.009949999999999903,0.009974999999999734,1.0,0.4,1.0,0.6,0.0,0.0,-0.020193689607045505,1.2247448713832958e-05,-0.02020368960704544,-0.02020368960704544,-0.020178689607045608,0.0,1.0,0.0,0.0,1.0,1.0,-0.020193689607045505,1.2247448713832958e-05,-0.02020368960704544,-0.02020368960704544,-0.020178689607045608,0.0,1.0,0.0,0.0,1.0,1.0,-0.00813221376422737,0.014774276856737925,-0.020178689607045608,-0.02020368960704544,0.009949999999999903,0.4,1.0,0.4,0.0,0.6,0.6,-0.00813221376422737,0.014774276856737925,-0.020178689607045608,-0.02020368960704544,0.009949999999999903,0.4,1.0,0.4,0.0,0.6,0.6,-0.00813221376422737,0.014774276856737925,-0.020178689607045608,-0.02020368960704544,0.009949999999999903,0.4,1.0,0.4,0.0,0.6,0.6,1.0,1.0,0.6,0.6,0.6,1.0,0.0,1.0,0.6,1.0,1.0,0.6,1.0,1.0,0.6,1.0,1.0,0.6,0.4,0.6,0.6,0.6,0.6,0.6,0.0,0.0,0.0,0.0,0.6,0.6,1.0,1.0,1.0,0.6,0.0,0.0,0.0,0.0,0.0,0.20996004058944215,0.03241727030408096,0.03241727030408096,0.0,0.0,0,0,0,0,C2,0.6,0.0,-0.00813221376422737,0.4,0.4,0.6,0.6,0.0,-0.00813221376422737
phaseflip,dephasing,0.01,2,0.01,10,qiskit_aer,1,1,0.99004,0.9020363888888889,0.03333333333333333,0.0,0.3,1.0,0.0,0.0,0.009959999999999835,1.2247448713832956e-05,0.009949999999999903,0.009949999999999903,0.009974999999999734,1.0,0.3,1.0,0.2,0.0,0.0,-0.020193689607045505,1.2247448713832958e-05,-0.02020368960704544,-0.02020368960704544,-0.020178689607045608,0.0,1.0,0.0,0.0,1.0,0.3,-0.014162951685636438,0.012056481026753127,-0.020178689607045608,-0.02020368960704544,-0.020178689607045608,0.2,1.0,0.2,0.0,0.8,0.3,-0.011147582724931904,0.013811613852665666,-0.020178689607045608,-0.02019743960704548,0.0024178275982385256,0.3,1.0,0.3,0.0,0.7,0.2,-0.011147582724931904,0.013811613852665666,-0.020178689607045608,-0.02019743960704548,0.0024178275982385256,0.3,1.0,0.3,0.0,0.7,0.2,-0.011147582724931904,0.013811613852665666,-0.020178689607045608,-0.02019743960704548,0.0024178275982385256,0.3,1.0,0.3,0.0,0.7,0.2,1.0,0.8,0.7,0.7,0.7,0.8,0.25,1.0,0.7,0.375,1.0,0.7,0.375,1.0,0.7,0.375,1.0,0.7,0.1,0.7,0.7,0.7,0.7,0.7,0.0,0.0,0.0,0.0,0.7,0.7,1.0,1.0,1.0,0.7,0.0,0.0,0.0,0.0,0.0,0.49796365247312396,0.06055677876200393,0.06055677876200393,0.0,0.01,0,0,0,0,C2,0.7,0.0,-0.011147582724931904,0.3,0.3,0.7,0.7,0.0,-0.011147582724931904
phaseflip,dephasing,0.01,2,0.03,10,qiskit_aer,1,1,0.99004,0.8250333333333334,0.1111111111111111,0.0,0.3,1.0,0.0,0.0,0.009959999999999835,1.2247448713832956e-05,0.009949999999999903,0.009949999999999903,0.009974999999999734,1.0,0.7,1.0,0.1,0.0,0.0,-0.020193689607045505,1.2247448713832958e-05,-0.02020368960704544,-0.02020368960704544,-0.020178689607045608,0.0,1.0,0.0,0.0,1.0,0.3,-0.005116844803522836,0.015076849778037471,-0.005114344803522852,-0.02019743960704548,0.009949999999999903,0.5,1.0,0.5,0.0,0.5,0.3,0.000913893117886233,0.01381925298423884,0.009949999999999903,-0.01264651720528423,0.009968749999999776,0.7,1.0,0.7,0.0,0.3,0.1,0.000913893117886233,0.01381925298423884,0.009949999999999903,-0.01264651720528423,0.009968749999999776,0.7,1.0,0.7,0.0,0.3,0.1,0.000913893117886233,0.01381925298423884,0.009949999999999903,-0.01264651720528423,0.009968749999999776,0.7,1.0,0.7,0.0,0.3,0.1,1.0,0.5,0.3,0.3,0.3,0.5,0.5555555555555556,1.0,0.3,0.7777777777777778,1.0,0.3,0.7777777777777778,1.0,0.3,0.7777777777777778,1.0,0.3,0.2,0.3,0.3,0.3,0.3,0.3,0.0,0.0,0.0,0.0,0.3,0.3,1.0,1.0,1.0,0.3,0.0,0.0,0.0,0.0,0.0,-0.2250333008134309,7.315150141925845e-19,7.315150141925845e-19,0.0,0.03,0,0,0,0,C2,0.3,0.0,0.000913893117886233,0.7,0.7,0.3,0.3,0.0,0.000913893117886233
phaseflip,dephasing,0.01,2,0.05,10,qiskit_aer,1,1,0.99004,0.8030322222222223,0.15555555555555556,0.0,0.1,1.0,0.0,0.0,0.009959999999999835,1.2247448713832956e-05,0.009949999999999903,0.009949999999999903,0.009974999999999734,1.0,0.5,1.0,0.0,0.0,0.0,-0.020193689607045505,1.2247448713832958e-05,-0.02020368960704544,-0.02020368960704544,-0.020178689607045608,0.0,1.0,0.0,0.0,1.0,0.1,-0.00813221376422737,0.014769173578487988,-0.020178689607045608,-0.02019743960704548,0.009949999999999903,0.4,1.0,0.4,0.0,0.6,0.1,-0.005116844803522836,0.015076849778037471,-0.005114344803522852,-0.02019743960704548,0.009949999999999903,0.5,1.0,0.5,0.0,0.5,0.0,-0.005116844803522836,0.015076849778037471,-0.005114344803522852,-0.02019743960704548,0.009949999999999903,0.5,1.0,0.5,0.0,0.5,0.0,-0.005116844803522836,0.015076849778037471,-0.005114344803522852,-0.02019743960704548,0.009949999999999903,0.5,1.0,0.5,0.0,0.5,0.0,1.0,0.6,0.5,0.5,0.5,0.6,0.4,0.0,0.5,0.5,0.0,0.5,0.5,0.0,0.5,0.5,0.0,0.5,0.1,0.5,0.5,0.5,0.5,0.5,0.0,0.0,0.0,0.0,0.5,0.5,1.0,1.0,1.0,0.5,0.0,0.0,0.0,0.0,0.0,0.19696781963327062,0.027208233435696044,0.027208233435696044,0.0,0.05,0,0,0,0,C2,0.5,0.0,-0.005116844803522836,0.5,0.5,0.5,0.5,0.0,-0.005116844803522836
phaseflip,dephasing,0.01,2,0.1,10,qiskit_aer,1,1,0.99004,0.7040286111111111,0.25555555555555554,0.0,0.1,1.0,0.0,0.0,0.009959999999999835,1.2247448713832956e-05,0.009949999999999903,0.009949999999999903,0.009974999999999734,1.0,0.4,1.0,0.0,0.0,0.0,-0.020193689607045505,1.2247448713832958e-05,-0.02020368960704544,-0.02020368960704544,-0.020178689607045608,0.0,1.0,0.0,0.0,1.0,0.1,-0.011147582724931904,0.013817070806186828,-0.020178689607045608,-0.02020368960704544,0.0024178275982385256,0.3,1.0,0.3,0.0,0.7,0.1,-0.00813221376422737,0.014774276856737925,-0.020178689607045608,-0.02020368960704544,0.009949999999999903,0.4,1.0,0.4,0.0,0.6,0.0,-0.00813221376422737,0.014774276856737925,-0.020178689607045608,-0.02020368960704544,0.009949999999999903,0.4,1.0,0.4,0.0,0.6,0.0,-0.00813221376422737,0.014774276856737925,-0.020178689607045608,-0.02020368960704544,0.009949999999999903,0.4,1.0,0.4,0.0,0.6,0.0,1.0,0.7,0.6,0.6,0.6,0.7,0.3,0.0,0.6,0.4,0.0,0.6,0.4,0.0,0.6,0.4,0.0,0.6,0.1,0.6,0.6,0.6,0.6,0.6,0.0,0.0,0.0,0.0,0.6,0.6,1.0,1.0,1.0,0.6,0.0,0.0,0.0,0.0,0.0,0.495971429223312,0.029226120283902493,0.029226120283902493,0.0,0.1,0,0,0,0,C2,0.6,0.0,-0.00813221376422737,0.4,0.4,0.6,0.6,0.0,-0.00813221376422737
phaseflip,dephasing,0.01,3,0.0,10,qiskit_aer,1,1,0.9851072500000002,0.9851072500000002,0.0,0.0,1.0,1.0,0.0,0.0,0.014892749999999632,2.9496398085178455e-05,0.014900249999999615,0.014862937499999646,0.014918812499999629,1.0,0.6,1.0,0.4,0.0,0.0,-0.01526093960704571,2.9496398085178455e-05,-0.015253439607045727,-0.015290752107045696,-0.015234877107045713,0.0,1.0,0.0,0.0,1.0,1.0,-0.01526093960704571,2.9496398085178455e-05,-0.015253439607045727,-0.015290752107045696,-0.015234877107045713,0.0,1.0,0.0,0.0,1.0,1.0,0.002831274157181496,0.01476108012296632,0.014850499999999656,-0.015247252107045722,0.014887812499999625,0.6,1.0,0.6,0.0,0.4,0.4,0.002831274157181496,0.01476108012296632,0.014850499999999656,-0.015247252107045722,0.014887812499999625,0.6,1.0,0.6,0.0,0.4,0.4,0.002831274157181496,0.01476108012296632,0.014850499999999656,-0.015247252107045722,0.014887812499999625,0.6,1.0,0.6,0.0,0.4,0.4,1.0,1.0,0.4,0.4,0.4,1.0,0.0,1.0,0.4,1.0,1.0,0.4,1.0,1.0,0.4,1.0,1.0,0.4,0.6,0.4,0.4,0.4,0.4,0.4,0.0,0.0,0.0,0.0,0.4,0.4,1.0,1.0,1.0,0.4,0.0,0.0,0.0,0.0,0.0,-0.1851072238469672,0.019267892494924988,0.019267892494924988,0.0,0.0,0,0,0,0,C2,0.4,0.0,0.002831274157181496,0.6,0.6,0.4,0.4,0.0,0.002831274157181496
phaseflip,dephasing,0.01,3,0.01,10,qiskit_aer,1,1,0.9851072500000002,0.9632164194444446,0.02222222222222222,0.0,0.8,1.0,0.0,0.0,0.014892749999999632,2.9496398085178455e-05,0.014900249999999615,0.014862937499999646,0.014918812499999629,1.0,0.8,1.0,0.1,0.0,0.0,-0.01526093960704571,2.9496398085178455e-05,-0.015253439607045727,-0.015290752107045696,-0.015234877107045713,0.0,1.0,0.0,0.0,1.0,0.8,-0.012245570646341176,0.009056898534161048,-0.015253439607045727,-0.015290752107045696,-0.015234877107045713,0.1,1.0,0.1,0.0,0.9,0.8,0.008862012078590564,0.012057761337643259,0.014875374999999635,0.014850499999999656,0.014918812499999629,0.8,1.0,0.8,0.0,0.2,0.1,0.008862012078590564,0.012057761337643259,0.014875374999999635,0.014850499999999656,0.014918812499999629,0.8,1.0,0.8,0.0,0.2,0.1,0.008862012078590564,0.012057761337643259,0.014875374999999635,0.014850499999999656,0.014918812499999629,0.8,1.0,0.8,0.0,0.2,0.1,1.0,0.9,0.2,0.2,0.2,0.9,0.1111111111111111,1.0,0.2,0.8888888888888888,1.0,0.2,0.8888888888888888,1.0,0.2,0.8888888888888888,1.0,0.2,0.7,0.2,0.2,0.2,0.2,0.2,0.0,0.0,0.0,0.0,0.2,0.2,1.0,1.0,1.0,0.2,0.0,0.0,0.0,0.0,0.0,-0.5632163973870797,0.00556297854266948,0.00556297854266948,0.0,0.01,0,0,0,0,C2,0.2,0.0,0.008862012078590564,0.8,0.8,0.2,0.2,0.0,0.008862012078590564
phaseflip,dephasing,0.01,3,0.03,10,qiskit_aer,1,1,0.9851072500000002,0.9413250361111113,0.04444444444444444,0.0,0.7,1.0,0.0,0.0,0.014892749999999632,2.9496398085178455e-05,0.014900249999999615,0.014862937499999646,0.014918812499999629,1.0,0.8,1.0,0.2,0.0,0.0,-0.01526093960704571,2.9496398085178455e-05,-0.015253439607045727,-0.015290752107045696,-0.015234877107045713,0.0,1.0,0.0,0.0,1.0,0.7,-0.0031994637642275723,0.014778331561816788,-0.015241064607045718,-0.015253439607045727,0.014887812499999625,0.4,1.0,0.4,0.0,0.6,0.6,0.008862012078590564,0.012051570342159132,0.014875374999999635,0.014850499999999656,0.014900249999999615,0.8,1.0,0.8,0.0,0.2,0.2,0.008862012078590564,0.012051570342159132,0.014875374999999635,0.014850499999999656,0.014900249999999615,0.8,1.0,0.8,0.0,0.2,0.2,0.008862012078590564,0.012051570342159132,0.014875374999999635,0.014850499999999656,0.014900249999999615,0.8,1.0,0.8,0.0,0.2,0.2,1.0,0.6,0.2,0.2,0.2,0.6,0.5,1.0,0.2,1.0,1.0,0.2,1.0,1.0,0.2,1.0,1.0,0.2,0.4,0.2,0.2,0.2,0.2,0.2,0.0,0.0,0.0,0.0,0.2,0.2,1.0,1.0,1.0,0.2,0.0,0.0,0.0,0.0,0.0,-0.5413250141984749,0.008495877083870586,0.008495877083870586,0.0,0.03,0,0,0,0,C2,0.2,0.0,0.008862012078590564,0.8,0.8,0.2,0.2,0.0,0.008862012078590564
phaseflip,dephasing,0.01,3,0.05,10,qiskit_aer,1,1,0.9851072500000002,0.9084886527777779,0.07777777777777778,0.0,0.4,1.0,0.0,0.0,0.014892749999999632,2.9496398085178455e-05,0.014900249999999615,0.014862937499999646,0.014918812499999629,1.0,0.4,1.0,0.2,0.0,0.0,-0.01526093960704571,2.9496398085178455e-05,-0.015253439607045727,-0.015290752107045696,-0.015234877107045713,0.0,1.0,0.0,0.0,1.0,0.4,-0.009230201685636642,0.01205901165789185,-0.015253439607045727,-0.015253439607045727,-0.015228689607045709,0.2,1.0,0.2,0.0,0.8,0.4,-0.0031994637642275723,0.014752957824255293,-0.015228689607045709,-0.015253439607045727,0.014850499999999656,0.4,1.0,0.4,0.0,0.6,0.2,-0.0031994637642275723,0.014752957824255293,-0.015228689607045709,-0.015253439607045727,0.014850499999999656,0.4,1.0,0.4,0.0,0.6,0.2,-0.0031994637642275723,0.014752957824255293,-0.015228689607045709,-0.015253439607045727,0.014850499999999656,0.4,1.0,0.4,0.0,0.6,0.2,1.0,0.8,0.6,0.6,0.6,0.8,0.25,1.0,0.6,0.5,1.0,0.6,0.5,1.0,0.6,0.5,1.0,0.6,0.2,0.6,0.6,0.6,0.6,0.6,0.0,0.0,0.0,0.0,0.6,0.6,1.0,1.0,1.0,0.6,0.0,0.0,0.0,0.0,0.0,0.29151137727665855,0.05745222852931975,0.05745222852931975,0.0,0.05,0,0,0,0,C2,0.6,0.0,-0.0031994637642275723,0.4,0.4,0.6,0.6,0.0,-0.0031994637642275723
phaseflip,dephasing,0.01,3,0.1,10,qiskit_aer,1,1,0.9851072500000002,0.7880864638888889,0.19999999999999998,0.0,0.0,1.0,0.0,0.0,0.014892749999999632,2.9496398085178455e-05,0.014900249999999615,0.014862937499999646,0.014918812499999629,1.0,0.7,1.0,0.0,0.0,0.0,-0.01526093960704571,2.9496398085178455e-05,-0.015253439607045727,-0.015290752107045696,-0.015234877107045713,0.0,1.0,0.0,0.0,1.0,0.0,0.00584664311788603,0.013813277228342875,0.014850499999999656,-0.007727454705284381,0.014918812499999629,0.7,1.0,0.7,0.0,0.3,0.0,0.00584664311788603,0.013813277228342875,0.014850499999999656,-0.007727454705284381,0.014918812499999629,0.7,1.0,0.7,0.0,0.3,0.0,0.00584664311788603,0.013813277228342875,0.014850499999999656,-0.007727454705284381,0.014918812499999629,0.7,1.0,0.7,0.0,0.3,0.0,0.00584664311788603,0.013813277228342875,0.014850499999999656,-0.007727454705284381,0.014918812499999629,0.7,1.0,0.7,0.0,0.3,0.0,1.0,0.3,0.3,0.3,0.3,0.3,0.7,0.0,0.3,0.7,0.0,0.3,0.7,0.0,0.3,0.7,0.0,0.3,0.0,0.3,0.3,0.3,0.3,0.3,0.0,0.0,0.0,0.0,0.3,0.3,1.0,1.0,1.0,0.3,0.0,0.0,0.0,0.0,0.0,-0.18808643988994322,0.029120578464713828,0.029120578464713828,0.0,0.1,0,0,0,0,C1,0.3,0.0,0.00584664311788603,0.7,0.7,0.3,0.3,0.0,0.00584664311788603
phaseflip,dephasing,0.01,4,0.0,10,qiskit_aer,1,1,0.9802115017500002,0.9802115017500002,0.0,0.0,1.0,1.0,0.0,0.0,0.019788498249999655,4.718862684810869e-05,0.019813248749999735,0.019776247499999622,0.019825499999999607,1.0,0.7,1.0,0.3,0.0,0.0,-0.01036519135704569,4.718862684810869e-05,-0.010340440857045607,-0.01037744210704572,-0.010328189607045735,0.0,1.0,0.0,0.0,1.0,1.0,-0.007349822396341155,0.009058555312300638,-0.010340440857045607,-0.01037744210704572,-0.010328189607045735,0.1,1.0,0.1,0.0,0.9,0.9,0.01074239136788605,0.013799347836204404,0.019739121249999658,-0.0028206434552843773,0.01981318687499961,0.7,1.0,0.7,0.0,0.3,0.3,0.01074239136788605,0.013799347836204404,0.019739121249999658,-0.0028206434552843773,0.01981318687499961,0.7,1.0,0.7,0.0,0.3,0.3,0.01074239136788605,0.013799347836204404,0.019739121249999658,-0.0028206434552843773,0.01981318687499961,0.7,1.0,0.7,0.0,0.3,0.3,1.0,0.9,0.3,0.3,0.3,0.9,0.14285714285714285,1.0,0.3,1.0,1.0,0.3,1.0,1.0,0.3,1.0,1.0,0.3,0.6,0.3,0.3,0.3,0.3,0.3,0.0,0.0,0.0,0.0,0.3,0.3,1.0,1.0,1.0,0.3,0.0,0.0,0.0,0.0,0.0,-0.3802114896211276,6.498337773551511e-21,6.498337773551511e-21,0.0,0.0,0,0,0,0,C2,0.3,0.0,0.01074239136788605,0.7,0.7,0.3,0.3,0.0,0.01074239136788605
phaseflip,dephasing,0.01,4,0.01,10,qiskit_aer,1,1,0.9802115017500002,0.9475387461666667,0.02222222222222222,0.0,0.7,1.0,0.0,0.0,0.019788498249999655,4.718862684810869e-05,0.019813248749999735,0.019776247499999622,0.019825499999999607,1.0,0.5,1.0,0.3,0.0,0.0,-0.01036519135704569,4.718862684810869e-05,-0.010340440857045607,-0.01037744210704572,-0.010328189607045735,0.0,1.0,0.0,0.0,1.0,0.7,-0.0013190844749320862,0.013842439080232236,-0.010340440857045607,-0.01037744210704572,0.012287077598238272,0.3,1.0,0.3,0.0,0.7,0.5,0.004711653446476982,0.015094209401008064,0.004724028946476944,-0.010346566482045544,0.01981318687499961,0.5,1.0,0.5,0.0,0.5,0.3,0.004711653446476982,0.015094209401008064,0.004724028946476944,-0.010346566482045544,0.01981318687499961,0.5,1.0,0.5,0.0,0.5,0.3,0.004711653446476982,0.015094209401008064,0.004724028946476944,-0.010346566482045544,0.01981318687499961,0.5,1.0,0.5,0.0,0.5,0.3,1.0,0.7,0.5,0.5,0.5,0.7,0.42857142857142855,1.0,0.5,0.7142857142857143,1.0,0.5,0.7142857142857143,1.0,0.5,0.7142857142857143,1.0,0.5,0.2,0.5,0.5,0.5,0.5,0.5,0.0,0.0,0.0,0.0,0.5,0.5,1.0,1.0,1.0,0.5,0.0,0.0,0.0,0.0,0.0,0.05246126446307041,7.132777462695692e-21,7.132777462695692e-21,0.0,0.01,0,0,0,0,C2,0.5,0.0,0.004711653446476982,0.5,0.5,0.5,0.5,0.0,0.004711653446476982
phaseflip,dephasing,0.01,4,0.03,10,qiskit_aer,1,1,0.9802115017500002,0.9257557183333334,0.04444444444444444,0.0,0.6,1.0,0.0,0.0,0.019788498249999655,4.718862684810869e-05,0.019813248749999735,0.019776247499999622,0.019825499999999607,1.0,0.6,1.0,0.1,0.0,0.0,-0.01036519135704569,4.718862684810869e-05,-0.010340440857045607,-0.01037744210704572,-0.010328189607045735,0.0,1.0,0.0,0.0,1.0,0.6,-0.007349822396341155,0.009058555312300638,-0.010340440857045607,-0.01037744210704572,-0.010328189607045735,0.1,1.0,0.1,0.0,0.9,0.6,0.007727022407181516,0.014772306151789573,0.019739121249999658,-0.010328189607045735,0.01981318687499961,0.6,1.0,0.6,0.0,0.4,0.1,0.007727022407181516,0.014772306151789573,0.019739121249999658,-0.010328189607045735,0.01981318687499961,0.6,1.0,0.6,0.0,0.4,0.1,0.007727022407181516,0.014772306151789573,0.019739121249999658,-0.010328189607045735,0.01981318687499961,0.6,1.0,0.6,0.0,0.4,0.1,1.0,0.9,0.4,0.4,0.4,0.9,0.1111111111111111,1.0,0.4,0.6666666666666666,1.0,0.4,0.6666666666666666,1.0,0.4,0.6666666666666666,1.0,0.4,0.5,0.4,0.4,0.4,0.4,0.4,0.0,0.0,0.0,0.0,0.4,0.4,1.0,1.0,1.0,0.4,0.0,0.0,0.0,0.0,0.0,-0.12575570679809023,7.431855200327517e-21,7.431855200327517e-21,0.0,0.03,0,0,0,0,C2,0.4,0.0,0.007727022407181516,0.6,0.6,0.4,0.4,0.0,0.007727022407181516
phaseflip,dephasing,0.01,4,0.05,10,qiskit_aer,1,1,0.9802115017500002,0.8930832350000001,0.07777777777777778,0.0,0.4,1.0,0.0,0.0,0.019788498249999655,4.718862684810869e-05,0.019813248749999735,0.019776247499999622,0.019825499999999607,1.0,0.5,1.0,0.1,0.0,0.0,-0.01036519135704569,4.718862684810869e-05,-0.010340440857045607,-0.01037744210704572,-0.010328189607045735,0.0,1.0,0.0,0.0,1.0,0.4,-0.0013190844749320862,0.013842439080232236,-0.010340440857045607,-0.01037744210704572,0.012287077598238272,0.3,1.0,0.3,0.0,0.7,0.3,0.004711653446476982,0.015094209401008064,0.004724028946476944,-0.010346566482045544,0.01981318687499961,0.5,1.0,0.5,0.0,0.5,0.1,0.004711653446476982,0.015094209401008064,0.004724028946476944,-0.010346566482045544,0.01981318687499961,0.5,1.0,0.5,0.0,0.5,0.1,0.004711653446476982,0.015094209401008064,0.004724028946476944,-0.010346566482045544,0.01981318687499961,0.5,1.0,0.5,0.0,0.5,0.1,1.0,0.7,0.5,0.5,0.5,0.7,0.3333333333333333,1.0,0.5,0.5555555555555556,1.0,0.5,0.5555555555555556,1.0,0.5,0.5555555555555556,1.0,0.5,0.2,0.5,0.5,0.5,0.5,0.5,0.0,0.0,0.0,0.0,0.5,0.5,1.0,1.0,1.0,0.5,0.0,0.0,0.0,0.0,0.0,0.10691677487666909,8.365372627103523e-21,8.365372627103523e-21,0.0,0.05,0,0,0,0,C2,0.5,0.0,0.004711653446476982,0.5,0.5,0.5,0.5,0.0,0.004711653446476982
phaseflip,dephasing,0.01,4,0.1,10,qiskit_aer,1,1,0.9802115017500002,0.7732794708888889,0.19999999999999998,0.0,0.0,1.0,0.0,0.0,0.019788498249999655,4.718862684810869e-05,0.019813248749999735,0.019776247499999622,0.019825499999999607,1.0,0.6,1.0,0.0,0.0,0.0,-0.01036519135704569,4.718862684810869e-05,-0.010340440857045607,-0.01037744210704572,-0.010328189607045735,0.0,1.0,0.0,0.0,1.0,0.0,0.007727022407181516,0.014772306151789573,0.019739121249999658,-0.010328189607045735,0.01981318687499961,0.6,1.0,0.6,0.0,0.4,0.0,0.007727022407181516,0.014772306151789573,0.019739121249999658,-0.010328189607045735,0.01981318687499961,0.6,1.0,0.6,0.0,0.4,0.0,0.007727022407181516,0.014772306151789573,0.019739121249999658,-0.010328189607045735,0.01981318687499961,0.6,1.0,0.6,0.0,0.4,0.0,0.007727022407181516,0.014772306151789573,0.019739121249999658,-0.010328189607045735,0.01981318687499961,0.6,1.0,0.6,0.0,0.4,0.0,1.0,0.4,0.4,0.4,0.4,0.4,0.6,0.0,0.4,0.6,0.0,0.4,0.6,0.0,0.4,0.6,0.0,0.4,0.0,0.4,0.4,0.4,0.4,0.4,0.0,0.0,0.0,0.0,0.4,0.4,1.0,1.0,1.0,0.4,0.0,0.0,0.0,0.0,0.0,0.026720540780487502,6.199260035919686e-21,6.199260035919686e-21,0.0,0.1,0,0,0,0,C1,0.4,0.0,0.007727022407181516,0.6,0.6,0.4,0.4,0.0,0.007727022407181516
phaseflip,dephasing,0.03,1,0.0,10,qiskit_aer,1,1,0.985,0.985,0.0,0.0,1.0,1.0,0.0,0.0,0.014999999999999791,0.0,0.014999999999999791,0.014999999999999791,0.014999999999999791,1.0,1.0,1.0,0.0,0.0,0.0,-0.01515368960704555,0.0,-0.01515368960704555,-0.01515368960704555,-0.01515368960704555,0.0,1.0,0.0,0.0,1.0,1.0,-0.01515368960704555,0.0,-0.01515368960704555,-0.01515368960704555,-0.01515368960704555,0.0,1.0,0.0,0.0,1.0,1.0,0.014999999999999791,0.0,0.014999999999999791,0.014999999999999791,0.014999999999999791,1.0,1.0,1.0,0.0,0.0,0.0,0.014999999999999791,0.0,0.014999999999999791,0.014999999999999791,0.014999999999999791,1.0,1.0,1.0,0.0,0.0,0.0,0.014999999999999791,0.0,0.014999999999999791,0.014999999999999791,0.014999999999999791,1.0,1.0,1.0,0.0,0.0,0.0,1.0,1.0,0.0,0.0,0.0,1.0,0.0,0.0,0.0,1.0,0.0,0.0,1.0,0.0,0.0,1.0,0.0,0.0,1.0,0.0,0.0,0.0,0.0,0.0,0.0,0.0,0.0,0.0,0.0,0.0,1.0,1.0,1.0,0.0,0.0,0.0,0.0,0.0,0.0,-0.9849999734412764,0.0,0.0,0.0,0.0,0,0,0,0,C2,0.0,0.0,0.014999999999999791,1.0,1.0,0.0,0.0,0.0,0.014999999999999791
phaseflip,dephasing,0.03,1,0.01,10,qiskit_aer,1,1,0.985,0.8755555555555556,0.03333333333333333,0.0,0.3,1.0,0.0,0.0,0.014999999999999791,0.0,0.014999999999999791,0.014999999999999791,0.014999999999999791,1.0,1.0,1.0,0.0,0.0,0.0,-0.01515368960704555,0.0,-0.01515368960704555,-0.01515368960704555,-0.01515368960704555,0.0,1.0,0.0,0.0,1.0,0.3,0.005953893117886189,0.013818156510648851,0.014999999999999791,-0.007615267205284215,0.014999999999999791,0.7,1.0,0.7,0.0,0.3,0.3,0.014999999999999791,0.0,0.014999999999999791,0.014999999999999791,0.014999999999999791,1.0,1.0,1.0,0.0,0.0,0.0,0.014999999999999791,0.0,0.014999999999999791,0.014999999999999791,0.014999999999999791,1.0,1.0,1.0,0.0,0.0,0.0,0.014999999999999791,0.0,0.014999999999999791,0.014999999999999791,0.014999999999999791,1.0,1.0,1.0,0.0,0.0,0.0,1.0,0.3,0.0,0.0,0.0,0.3,0.7,0.0,0.0,1.0,0.0,0.0,1.0,0.0,0.0,1.0,0.0,0.0,0.3,0.0,0.0,0.0,0.0,0.0,0.0,0.0,0.0,0.0,0.0,0.0,1.0,1.0,1.0,0.0,0.0,0.0,0.0,0.0,0.0,-0.875555528996832,0.0,0.0,0.0,0.01,0,0,0,0,C2,0.0,0.0,0.014999999999999791,1.0,1.0,0.0,0.0,0.0,0.014999999999999791
phaseflip,dephasing,0.03,1,0.03,10,qiskit_aer,1,1,0.985,0.7989444444444445,0.1111111111111111,0.0,0.3,1.0,0.0,0.0,0.014999999999999791,0.0,0.014999999999999791,0.014999999999999791,0.014999999999999791,1.0,0.9,1.0,0.0,0.0,0.0,-0.01515368960704555,0.0,-0.01515368960704555,-0.01515368960704555,-0.01515368960704555,0.0,1.0,0.0,0.0,1.0,0.3,0.0029385241571816545,0.014772230679905057,0.014999999999999791,-0.01515368960704555,0.014999999999999791,0.6,1.0,0.6,0.0,0.4,0.3,0.011984631039295257,0.009046106882113603,0.014999999999999791,0.014999999999999791,0.014999999999999791,0.9,1.0,0.9,0.0,0.1,0.0,0.011984631039295257,0.009046106882113603,0.014999999999999791,0.014999999999999791,0.014999999999999791,0.9,1.0,0.9,0.0,0.1,0.0,0.011984631039295257,0.009046106882113603,0.014999999999999791,0.014999999999999791,0.014999999999999791,0.9,1.0,0.9,0.0,0.1,0.0,1.0,0.4,0.1,0.1,0.1,0.4,0.6,0.0,0.1,0.9,0.0,0.1,0.9,0.0,0.1,0.9,0.0,0.1,0.3,0.1,0.1,0.1,0.1,0.1,0.0,0.0,0.0,0.0,0.1,0.1,1.0,1.0,1.0,0.1,0.0,0.0,0.0,0.0,0.0,-0.5989444169914239,1.058794410427286e-17,1.058794410427286e-17,0.0,0.03,0,0,0,0,C2,0.1,0.0,0.011984631039295257,0.9,0.9,0.1,0.1,0.0,0.011984631039295257
phaseflip,dephasing,0.03,1,0.05,10,qiskit_aer,1,1,0.985,0.7770555555555556,0.15555555555555556,0.0,0.1,1.0,0.0,0.0,0.014999999999999791,0.0,0.014999999999999791,0.014999999999999791,0.014999999999999791,1.0,0.9,1.0,0.0,0.0,0.0,-0.01515368960704555,0.0,-0.01515368960704555,-0.01515368960704555,-0.01515368960704555,0.0,1.0,0.0,0.0,1.0,0.1,0.008969262078590723,0.012061475842818137,0.014999999999999791,0.014999999999999791,0.014999999999999791,0.8,1.0,0.8,0.0,0.2,0.1,0.011984631039295257,0.009046106882113603,0.014999999999999791,0.014999999999999791,0.014999999999999791,0.9,1.0,0.9,0.0,0.1,0.0,0.011984631039295257,0.009046106882113603,0.014999999999999791,0.014999999999999791,0.014999999999999791,0.9,1.0,0.9,0.0,0.1,0.0,0.011984631039295257,0.009046106882113603,0.014999999999999791,0.014999999999999791,0.014999999999999791,0.9,1.0,0.9,0.0,0.1,0.0,1.0,0.2,0.1,0.1,0.1,0.2,0.8,0.0,0.1,0.9,0.0,0.1,0.9,0.0,0.1,0.9,0.0,0.1,0.1,0.1,0.1,0.1,0.1,0.1,0.0,0.0,0.0,0.0,0.1,0.1,1.0,1.0,1.0,0.1,0.0,0.0,0.0,0.0,0.0,-0.5770555286528275,0.004647966849674839,0.004647966849674839,0.0,0.05,0,0,0,0,C2,0.1,0.0,0.011984631039295257,0.9,0.9,0.1,0.1,0.0,0.011984631039295257
phaseflip,dephasing,0.03,1,0.1,10,qiskit_aer,1,1,0.985,0.6785555555555556,0.25555555555555554,0.0,0.1,1.0,0.0,0.0,0.014999999999999791,0.0,0.014999999999999791,0.014999999999999791,0.014999999999999791,1.0,1.0,1.0,0.0,0.0,0.0,-0.01515368960704555,0.0,-0.01515368960704555,-0.01515368960704555,-0.01515368960704555,0.0,1.0,0.0,0.0,1.0,0.1,0.011984631039295257,0.009046106882113603,0.014999999999999791,0.014999999999999791,0.014999999999999791,0.9,1.0,0.9,0.0,0.1,0.1,0.014999999999999791,0.0,0.014999999999999791,0.014999999999999791,0.014999999999999791,1.0,1.0,1.0,0.0,0.0,0.0,0.014999999999999791,0.0,0.014999999999999791,0.014999999999999791,0.014999999999999791,1.0,1.0,1.0,0.0,0.0,0.0,0.014999999999999791,0.0,0.014999999999999791,0.014999999999999791,0.014999999999999791,1.0,1.0,1.0,0.0,0.0,0.0,1.0,0.1,0.0,0.0,0.0,0.1,0.9,0.0,0.0,1.0,0.0,0.0,1.0,0.0,0.0,1.0,0.0,0.0,0.1,0.0,0.0,0.0,0.0,0.0,0.0,0.0,0.0,0.0,0.0,0.0,1.0,1.0,1.0,0.0,0.0,0.0,0.0,0.0,0.0,-0.678555528996832,0.0,0.0,0.0,0.1,0,0,0,0,C2,0.0,0.0,0.014999999999999791,1.0,1.0,0.0,0.0,0.0,0.014999999999999791
phaseflip,dephasing,0.03,2,0.0,10,qiskit_aer,1,1,0.97036,0.97036,0.0,0.0,1.0,1.0,0.0,0.0,0.0296399999999996,0.00011022703842520368,0.029549999999999632,0.029549999999999632,0.029774999999999552,1.0,0.7,1.0,0.3,0.0,0.0,-0.0005136896070457419,0.00011022703842520368,-0.0006036896070457098,-0.0006036896070457098,-0.00037868960704579013,0.0,1.0,0.0,0.0,0.0,1.0,-0.0005136896070457419,0.00011022703842520368,-0.0006036896070457098,-0.0006036896070457098,-0.00037868960704579013,0.0,1.0,0.0,0.0,0.0,1.0,0.020593893117885998,0.0138284121488785,0.029549999999999632,0.007103482794715565,0.029718749999999572,0.7,1.0,0.7,0.0,0.0,0.3,0.020593893117885998,0.0138284121488785,0.029549999999999632,0.007103482794715565,0.029718749999999572,0.7,1.0,0.7,0.0,0.0,0.3,0.020593893117885998,0.0138284121488785,0.029549999999999632,0.007103482794715565,0.029718749999999572,0.7,1.0,0.7,0.0,0.0,0.3,1.0,1.0,0.3,0.3,0.3,1.0,0.0,1.0,0.3,1.0,1.0,0.3,1.0,1.0,0.3,1.0,1.0,0.3,0.7,0.3,0.3,0.3,0.3,0.3,0.0,0.0,0.0,0.0,0.3,0.3,1.0,1.0,1.0,0.3,0.0,0.0,0.0,0.0,0.0,-0.37035999329049846,0.011581122830541296,0.011581122830541296,0.0,0.0,0,0,0,0,C2,0.0,0.0,0.020593893117885998,0.7,0.7,0.3,0.0,0.0,0.020593893117885998
phaseflip,dephasing,0.03,2,0.01,10,qiskit_aer,1,1,0.97036,0.8517594444444445,0.03333333333333333,0.0,0.2,1.0,0.0,0.0,0.0296399999999996,0.00011022703842520368,0.029549999999999632,0.029549999999999632,0.029774999999999552,1.0,0.7,1.0,0.1,0.0,0.0,-0.0005136896070457419,0.00011022703842520368,-0.0006036896070457098,-0.0006036896070457098,-0.00037868960704579013,0.0,1.0,0.0,0.0,0.0,0.2,0.017578524157181464,0.014754259820384131,0.029549999999999632,-0.00037868960704579013,0.029549999999999632,0.6,1.0,0.6,0.0,0.0,0.2,0.020593893117885998,0.0138284121488785,0.029549999999999632,0.007103482794715565,0.029718749999999572,0.7,1.0,0.7,0.0,0.0,0.1,0.020593893117885998,0.0138284121488785,0.029549999999999632,0.007103482794715565,0.029718749999999572,0.7,1.0,0.7,0.0,0.0,0.1,0.020593893117885998,0.0138284121488785,0.029549999999999632,0.007103482794715565,0.029718749999999572,0.7,1.0,0.7,0.0,0.0,0.1,1.0,0.4,0.3,0.3,0.3,0.4,0.6666666666666666,1.0,0.3,0.7777777777777778,1.0,0.3,0.7777777777777778,1.0,0.3,0.7777777777777778,1.0,0.3,0.1,0.3,0.3,0.3,0.3,0.3,0.0,0.0,0.0,0.0,0.3,0.3,1.0,1.0,1.0,0.3,0.0,0.0,0.0,0.0,0.0,-0.2517594380356922,0.030368714849498293,0.030368714849498293,0.0,0.01,0,0,0,0,C2,0.0,0.0,0.020593893117885998,0.7,0.7,0.3,0.0,0.0,0.020593893117885998
phaseflip,dephasing,0.03,2,0.03,10,qiskit_aer,1,1,0.97036,0.7762875,0.1111111111111111,0.0,0.2,1.0,0.0,0.0,0.0296399999999996,0.00011022703842520368,0.029549999999999632,0.029549999999999632,0.029774999999999552,1.0,0.6,1.0,0.1,0.0,0.0,-0.0005136896070457419,0.00011022703842520368,-0.0006036896070457098,-0.0006036896070457098,-0.00037868960704579013,0.0,1.0,0.0,0.0,0.0,0.2,0.01456315519647693,0.015032181584759812,0.014585655196476921,-0.00037868960704579013,0.029549999999999632,0.5,1.0,0.5,0.0,0.0,0.2,0.017578524157181464,0.014754259820384131,0.029549999999999632,-0.00037868960704579013,0.029549999999999632,0.6,1.0,0.6,0.0,0.0,0.1,0.017578524157181464,0.014754259820384131,0.029549999999999632,-0.00037868960704579013,0.029549999999999632,0.6,1.0,0.6,0.0,0.0,0.1,0.017578524157181464,0.014754259820384131,0.029549999999999632,-0.00037868960704579013,0.029549999999999632,0.6,1.0,0.6,0.0,0.0,0.1,1.0,0.5,0.4,0.4,0.4,0.5,0.5555555555555556,1.0,0.4,0.6666666666666666,1.0,0.4,0.6666666666666666,1.0,0.4,0.6666666666666666,1.0,0.4,0.1,0.4,0.4,0.4,0.4,0.4,0.0,0.0,0.0,0.0,0.4,0.4,1.0,1.0,1.0,0.4,0.0,0.0,0.0,0.0,0.0,0.023712507161798103,0.05380427371813013,0.05380427371813013,0.0,0.03,0,0,0,0,C2,0.0,0.0,0.017578524157181464,0.6,0.6,0.4,0.0,0.0,0.017578524157181464
phaseflip,dephasing,0.03,2,0.05,10,qiskit_aer,1,1,0.97036,0.7547219444444445,0.15555555555555556,0.0,0.1,1.0,0.0,0.0,0.0296399999999996,0.00011022703842520368,0.029549999999999632,0.029549999999999632,0.029774999999999552,1.0,0.7,1.0,0.0,0.0,0.0,-0.0005136896070457419,0.00011022703842520368,-0.0006036896070457098,-0.0006036896070457098,-0.00037868960704579013,0.0,1.0,0.0,0.0,0.0,0.1,0.017578524157181464,0.014754259820384131,0.029549999999999632,-0.00037868960704579013,0.029549999999999632,0.6,1.0,0.6,0.0,0.0,0.1,0.020593893117885998,0.013828412148878502,0.029549999999999632,0.007103482794715565,0.029718749999999572,0.7,1.0,0.7,0.0,0.0,0.0,0.020593893117885998,0.013828412148878502,0.029549999999999632,0.007103482794715565,0.029718749999999572,0.7,1.0,0.7,0.0,0.0,0.0,0.020593893117885998,0.013828412148878502,0.029549999999999632,0.007103482794715565,0.029718749999999572,0.7,1.0,0.7,0.0,0.0,0.0,1.0,0.4,0.3,0.3,0.3,0.4,0.6,0.0,0.3,0.7,0.0,0.3,0.7,0.0,0.3,0.7,0.0,0.3,0.1,0.3,0.3,0.3,0.3,0.3,0.0,0.0,0.0,0.0,0.3,0.3,1.0,1.0,1.0,0.3,0.0,0.0,0.0,0.0,0.0,-0.15472193772709167,0.04915630686845529,0.04915630686845529,0.0,0.05,0,0,0,0,C2,0.0,0.0,0.020593893117885998,0.7,0.7,0.3,0.0,0.0,0.020593893117885998
phaseflip,dephasing,0.03,2,0.1,10,qiskit_aer,1,1,0.97036,0.6576894444444444,0.25555555555555554,0.0,0.1,1.0,0.0,0.0,0.0296399999999996,0.00011022703842520368,0.029549999999999632,0.029549999999999632,0.029774999999999552,1.0,0.6,1.0,0.0,0.0,0.0,-0.0005136896070457419,0.00011022703842520368,-0.0006036896070457098,-0.0006036896070457098,-0.00037868960704579013,0.0,1.0,0.0,0.0,0.0,0.1,0.01456315519647693,0.015032181584759812,0.014585655196476921,-0.00037868960704579013,0.029549999999999632,0.5,1.0,0.5,0.0,0.0,0.1,0.017578524157181464,0.014754259820384131,0.029549999999999632,-0.00037868960704579013,0.029549999999999632,0.6,1.0,0.6,0.0,0.0,0.0,0.017578524157181464,0.014754259820384131,0.029549999999999632,-0.00037868960704579013,0.029549999999999632,0.6,1.0,0.6,0.0,0.0,0.0,0.017578524157181464,0.014754259820384131,0.029549999999999632,-0.00037868960704579013,0.029549999999999632,0.6,1.0,0.6,0.0,0.0,0.0,1.0,0.5,0.4,0.4,0.4,0.5,0.5,0.0,0.4,0.6,0.0,0.4,0.6,0.0,0.4,0.6,0.0,0.4,0.1,0.4,0.4,0.4,0.4,0.4,0.0,0.0,0.0,0.0,0.4,0.4,1.0,1.0,1.0,0.4,0.0,0.0,0.0,0.0,0.0,0.14231056250162788,0.030368714849498293,0.030368714849498293,0.0,0.1,0,0,0,0,C2,0.0,0.0,0.017578524157181464,0.6,0.6,0.4,0.0,0.0,0.017578524157181464
phaseflip,dephasing,0.03,3,0.0,10,qiskit_aer,1,1,0.9559607500000001,0.9559607500000001,0.0,0.0,1.0,1.0,0.0,0.0,0.04403924999999963,0.0002620588435828815,0.04410674999999964,0.043774312499999635,0.04427043749999962,1.0,0.6,1.0,0.4,0.0,0.0,0.013885560392954289,0.0002620588435828815,0.013953060392954297,0.013620622892954293,0.014116747892954279,1.0,1.0,0.0,0.0,0.0,1.0,0.013885560392954289,0.0002620588435828815,0.013953060392954297,0.013620622892954293,0.014116747892954279,1.0,1.0,0.0,0.0,0.0,1.0,0.03197777415718149,0.014809871688934788,0.04366349999999963,0.013953060392954297,0.04427043749999962,1.0,1.0,0.6,0.0,0.0,0.4,0.03197777415718149,0.014809871688934788,0.04366349999999963,0.013953060392954297,0.04427043749999962,1.0,1.0,0.6,0.0,0.0,0.4,0.03197777415718149,0.014809871688934788,0.04366349999999963,0.013953060392954297,0.04427043749999962,1.0,1.0,0.6,0.0,0.0,0.4,1.0,1.0,0.4,0.4,0.4,1.0,0.0,1.0,0.4,1.0,1.0,0.4,1.0,1.0,0.4,1.0,1.0,0.4,0.6,0.4,0.4,0.4,0.4,0.4,0.0,0.0,0.0,0.0,0.4,0.4,1.0,1.0,1.0,0.4,0.0,0.0,0.0,0.0,0.0,-0.15596074791511289,3.734069707104024e-21,3.734069707104024e-21,0.0,0.0,0,0,0,0,C2,0.0,0.0,0.03197777415718149,0.6,1.0,0.4,0.0,0.0,0.03197777415718149
phaseflip,dephasing,0.03,3,0.01,10,qiskit_aer,1,1,0.9559607500000001,0.8922393833333335,0.02222222222222222,0.0,0.5,1.0,0.0,0.0,0.04403924999999963,0.0002620588435828815,0.04410674999999964,0.043774312499999635,0.04427043749999962,1.0,0.8,1.0,0.0,0.0,0.0,0.013885560392954289,0.0002620588435828815,0.013953060392954297,0.013620622892954293,0.014116747892954279,1.0,1.0,0.0,0.0,0.0,0.5,0.02293166727506789,0.013959361221849211,0.013953060392954297,0.013620622892954293,0.0366228900982383,1.0,1.0,0.3,0.0,0.0,0.5,0.03800851207859056,0.012030533019155682,0.043885124999999636,0.04366349999999963,0.04427043749999962,1.0,1.0,0.8,0.0,0.0,0.0,0.03800851207859056,0.012030533019155682,0.043885124999999636,0.04366349999999963,0.04427043749999962,1.0,1.0,0.8,0.0,0.0,0.0,0.03800851207859056,0.012030533019155682,0.043885124999999636,0.04366349999999963,0.04427043749999962,1.0,1.0,0.8,0.0,0.0,0.0,1.0,0.7,0.2,0.2,0.2,0.7,0.3,0.0,0.2,0.8,0.0,0.2,0.8,0.0,0.2,0.8,0.0,0.2,0.5,0.2,0.2,0.2,0.2,0.2,0.0,0.0,0.0,0.0,0.2,0.2,1.0,1.0,1.0,0.2,0.0,0.0,0.0,0.0,0.0,-0.492239380948569,7.293489016014007e-19,7.293489016014007e-19,0.0,0.01,0,0,0,0,C2,0.0,0.0,0.03800851207859056,0.8,1.0,0.2,0.0,0.0,0.03800851207859056
phaseflip,dephasing,0.03,3,0.03,10,qiskit_aer,1,1,0.9559607500000001,0.8709948111111113,0.04444444444444444,0.0,0.4,1.0,0.0,0.0,0.04403924999999963,0.0002620588435828815,0.04410674999999964,0.043774312499999635,0.04427043749999962,1.0,0.7,1.0,0.2,0.0,0.0,0.013885560392954289,0.0002620588435828815,0.013953060392954297,0.013620622892954293,0.014116747892954279,1.0,1.0,0.0,0.0,0.0,0.4,0.02896240519647696,0.01514511771609962,0.028917405196476953,0.013953060392954297,0.04410674999999964,1.0,1.0,0.5,0.0,0.0,0.4,0.034993143117886025,0.01387306831039429,0.043885124999999636,0.02138067029471563,0.04427043749999962,1.0,1.0,0.7,0.0,0.0,0.2,0.034993143117886025,0.01387306831039429,0.043885124999999636,0.02138067029471563,0.04427043749999962,1.0,1.0,0.7,0.0,0.0,0.2,0.034993143117886025,0.01387306831039429,0.043885124999999636,0.02138067029471563,0.04427043749999962,1.0,1.0,0.7,0.0,0.0,0.2,1.0,0.5,0.3,0.3,0.3,0.5,0.625,1.0,0.3,0.875,1.0,0.3,0.875,1.0,0.3,0.875,1.0,0.3,0.2,0.3,0.3,0.3,0.3,0.3,0.0,0.0,0.0,0.0,0.3,0.3,1.0,1.0,1.0,0.3,0.0,0.0,0.0,0.0,0.0,-0.2709948091187091,4.033147444735849e-21,4.033147444735849e-21,0.0,0.03,0,0,0,0,C2,0.0,0.0,0.034993143117886025,0.7,1.0,0.3,0.0,0.0,0.034993143117886025
phaseflip,dephasing,0.03,3,0.05,10,qiskit_aer,1,1,0.9559607500000001,0.839134127777778,0.07777777777777778,0.0,0.3,1.0,0.0,0.0,0.04403924999999963,0.0002620588435828815,0.04410674999999964,0.043774312499999635,0.04427043749999962,1.0,0.9,1.0,0.0,0.0,0.0,0.013885560392954289,0.0002620588435828815,0.013953060392954297,0.013620622892954293,0.014116747892954279,1.0,1.0,0.0,0.0,0.0,0.3,0.03197777415718149,0.014855612255138775,0.043885124999999636,0.014007622892954291,0.04410674999999964,1.0,1.0,0.6,0.0,0.0,0.3,0.04102388103929509,0.00902738332798757,0.04410674999999964,0.04366349999999963,0.04427043749999962,1.0,1.0,0.9,0.0,0.0,0.0,0.04102388103929509,0.00902738332798757,0.04410674999999964,0.04366349999999963,0.04427043749999962,1.0,1.0,0.9,0.0,0.0,0.0,0.04102388103929509,0.00902738332798757,0.04410674999999964,0.04366349999999963,0.04427043749999962,1.0,1.0,0.9,0.0,0.0,0.0,1.0,0.4,0.1,0.1,0.1,0.4,0.6,0.0,0.1,0.9,0.0,0.1,0.9,0.0,0.1,0.9,0.0,0.1,0.3,0.1,0.1,0.1,0.1,0.1,0.0,0.0,0.0,0.0,0.1,0.1,1.0,1.0,1.0,0.1,0.0,0.0,0.0,0.0,0.0,-0.6391341256351091,2.166112591183837e-21,2.166112591183837e-21,0.0,0.05,0,0,0,0,C2,0.0,0.0,0.04102388103929509,0.9,1.0,0.1,0.0,0.0,0.04102388103929509
phaseflip,dephasing,0.03,3,0.1,10,qiskit_aer,1,1,0.9559607500000001,0.7222928055555558,0.19999999999999998,0.0,0.0,1.0,0.0,0.0,0.04403924999999963,0.0002620588435828815,0.04410674999999964,0.043774312499999635,0.04427043749999962,1.0,0.8,1.0,0.0,0.0,0.0,0.013885560392954289,0.0002620588435828815,0.013953060392954297,0.013620622892954293,0.014116747892954279,1.0,1.0,0.0,0.0,0.0,0.0,0.03800851207859056,0.012141122242554835,0.04410674999999964,0.04366349999999963,0.04427043749999962,1.0,1.0,0.8,0.0,0.0,0.0,0.03800851207859056,0.012141122242554835,0.04410674999999964,0.04366349999999963,0.04427043749999962,1.0,1.0,0.8,0.0,0.0,0.0,0.03800851207859056,0.012141122242554835,0.04410674999999964,0.04366349999999963,0.04427043749999962,1.0,1.0,0.8,0.0,0.0,0.0,0.03800851207859056,0.012141122242554835,0.04410674999999964,0.04366349999999963,0.04427043749999962,1.0,1.0,0.8,0.0,0.0,0.0,1.0,0.2,0.2,0.2,0.2,0.2,0.8,0.0,0.2,0.8,0.0,0.2,0.8,0.0,0.2,0.8,0.0,0.2,0.0,0.2,0.2,0.2,0.2,0.2,0.0,0.0,0.0,0.0,0.2,0.2,1.0,1.0,1.0,0.2,0.0,0.0,0.0,0.0,0.0,-0.32229280342177474,3.099630017959843e-21,3.099630017959843e-21,0.0,0.1,0,0,0,0,C1,0.0,0.0,0.03800851207859056,0.8,1.0,0.2,0.0,0.0,0.03800851207859056
phaseflip,dephasing,0.03,4,0.0,10,qiskit_aer,1,1,0.9418856417500002,0.9418856417500002,0.0,0.0,1.0,1.0,0.0,0.0,0.058114358249999575,0.0004144749968500171,0.05833264874999955,0.05800854749999951,0.058438499999999616,1.0,0.7,1.0,0.3,0.0,0.0,0.027960668642954233,0.0004144749968500171,0.028178959142954207,0.027854857892954166,0.028284810392954274,1.0,1.0,0.0,0.0,0.0,1.0,0.030976037603658767,0.009162895458820538,0.028178959142954207,0.027854857892954166,0.028284810392954274,1.0,1.0,0.1,0.0,0.0,0.9,0.04906825136788597,0.013705536395597398,0.05768107124999955,0.0355520065447156,0.05838557437499958,1.0,1.0,0.7,0.0,0.0,0.3,0.04906825136788597,0.013705536395597398,0.05768107124999955,0.0355520065447156,0.05838557437499958,1.0,1.0,0.7,0.0,0.0,0.3,0.04906825136788597,0.013705536395597398,0.05768107124999955,0.0355520065447156,0.05838557437499958,1.0,1.0,0.7,0.0,0.0,0.3,1.0,0.9,0.3,0.3,0.3,0.9,0.14285714285714285,1.0,0.3,1.0,1.0,0.3,1.0,1.0,0.3,1.0,1.0,0.3,0.6,0.3,0.3,0.3,0.3,0.3,0.0,0.0,0.0,0.0,0.3,0.3,1.0,1.0,1.0,0.3,0.0,0.0,0.0,0.0,0.0,-0.34188564111143976,5.26574260914368e-21,5.26574260914368e-21,0.0,0.0,0,0,0,0,C2,0.0,0.0,0.04906825136788597,0.7,1.0,0.3,0.0,0.0,0.04906825136788597
phaseflip,dephasing,0.03,4,0.01,10,qiskit_aer,1,1,0.9418856417500002,0.8372389588055558,0.02222222222222222,0.0,0.3,1.0,0.0,0.0,0.058114358249999575,0.0004144749968500171,0.05833264874999955,0.05800854749999951,0.058438499999999616,1.0,0.8,1.0,0.0,0.0,0.0,0.027960668642954233,0.0004144749968500171,0.028178959142954207,0.027854857892954166,0.028284810392954274,1.0,1.0,0.0,0.0,0.0,0.3,0.043037513446476904,0.015061363736565109,0.04281920269647693,0.028284810392954274,0.05817223499999949,1.0,1.0,0.5,0.0,0.0,0.3,0.052083620328590506,0.011905518096354522,0.05800854749999951,0.05735359499999959,0.05838557437499958,1.0,1.0,0.8,0.0,0.0,0.0,0.052083620328590506,0.011905518096354522,0.05800854749999951,0.05735359499999959,0.05838557437499958,1.0,1.0,0.8,0.0,0.0,0.0,0.052083620328590506,0.011905518096354522,0.05800854749999951,0.05735359499999959,0.05838557437499958,1.0,1.0,0.8,0.0,0.0,0.0,1.0,0.5,0.2,0.2,0.2,0.5,0.5,0.0,0.2,0.8,0.0,0.2,0.8,0.0,0.2,0.8,0.0,0.2,0.3,0.2,0.2,0.2,0.2,0.2,0.0,0.0,0.0,0.0,0.2,0.2,1.0,1.0,1.0,0.2,0.0,0.0,0.0,0.0,0.0,-0.4372389581645454,4.332225182367674e-21,4.332225182367674e-21,0.0,0.01,0,0,0,0,C2,0.0,0.0,0.052083620328590506,0.8,1.0,0.2,0.0,0.0,0.052083620328590506
phaseflip,dephasing,0.03,4,0.03,10,qiskit_aer,1,1,0.9418856417500002,0.8163033154166669,0.04444444444444444,0.0,0.2,1.0,0.0,0.0,0.058114358249999575,0.0004144749968500171,0.05833264874999955,0.05800854749999951,0.058438499999999616,1.0,0.8,1.0,0.0,0.0,0.0,0.027960668642954233,0.0004144749968500171,0.028178959142954207,0.027854857892954166,0.028284810392954274,1.0,1.0,0.0,0.0,0.0,0.2,0.04605288240718144,0.014600146021699536,0.05735359499999959,0.028284810392954274,0.05817223499999949,1.0,1.0,0.6,0.0,0.0,0.2,0.052083620328590506,0.011905518096354522,0.05800854749999951,0.05735359499999959,0.05838557437499958,1.0,1.0,0.8,0.0,0.0,0.0,0.052083620328590506,0.011905518096354522,0.05800854749999951,0.05735359499999959,0.05838557437499958,1.0,1.0,0.8,0.0,0.0,0.0,0.052083620328590506,0.011905518096354522,0.05800854749999951,0.05735359499999959,0.05838557437499958,1.0,1.0,0.8,0.0,0.0,0.0,1.0,0.4,0.2,0.2,0.2,0.4,0.6,0.0,0.2,0.8,0.0,0.2,0.8,0.0,0.2,0.8,0.0,0.2,0.2,0.2,0.2,0.2,0.2,0.2,0.0,0.0,0.0,0.0,0.2,0.2,1.0,1.0,1.0,0.2,0.0,0.0,0.0,0.0,0.0,-0.4163033147678871,4.332225182367674e-21,4.332225182367674e-21,0.0,0.03,0,0,0,0,C2,0.0,0.0,0.052083620328590506,0.8,1.0,0.2,0.0,0.0,0.052083620328590506
phaseflip,dephasing,0.03,4,0.05,10,qiskit_aer,1,1,0.9418856417500002,0.7849179320833336,0.07777777777777778,0.0,0.1,1.0,0.0,0.0,0.058114358249999575,0.0004144749968500171,0.05833264874999955,0.05800854749999951,0.058438499999999616,1.0,0.8,1.0,0.0,0.0,0.0,0.027960668642954233,0.0004144749968500171,0.028178959142954207,0.027854857892954166,0.028284810392954274,1.0,1.0,0.0,0.0,0.0,0.1,0.04906825136788597,0.013705536395597398,0.05768107124999955,0.0355520065447156,0.05838557437499958,1.0,1.0,0.7,0.0,0.0,0.1,0.052083620328590506,0.011905518096354522,0.05800854749999951,0.05735359499999959,0.05838557437499958,1.0,1.0,0.8,0.0,0.0,0.0,0.052083620328590506,0.011905518096354522,0.05800854749999951,0.05735359499999959,0.05838557437499958,1.0,1.0,0.8,0.0,0.0,0.0,0.052083620328590506,0.011905518096354522,0.05800854749999951,0.05735359499999959,0.05838557437499958,1.0,1.0,0.8,0.0,0.0,0.0,1.0,0.3,0.2,0.2,0.2,0.3,0.7,0.0,0.2,0.8,0.0,0.2,0.8,0.0,0.2,0.8,0.0,0.2,0.1,0.2,0.2,0.2,0.2,0.2,0.0,0.0,0.0,0.0,0.2,0.2,1.0,1.0,1.0,0.2,0.0,0.0,0.0,0.0,0.0,-0.3849179314246178,4.332225182367674e-21,4.332225182367674e-21,0.0,0.05,0,0,0,0,C2,0.0,0.0,0.052083620328590506,0.8,1.0,0.2,0.0,0.0,0.052083620328590506
phaseflip,dephasing,0.03,4,0.1,10,qiskit_aer,1,1,0.9418856417500002,0.6697974001944447,0.19999999999999998,0.0,0.0,1.0,0.0,0.0,0.058114358249999575,0.0004144749968500171,0.05833264874999955,0.05800854749999951,0.058438499999999616,1.0,0.8,1.0,0.0,0.0,0.0,0.027960668642954233,0.0004144749968500171,0.028178959142954207,0.027854857892954166,0.028284810392954274,1.0,1.0,0.0,0.0,0.0,0.0,0.052083620328590506,0.011905518096354522,0.05800854749999951,0.05735359499999959,0.05838557437499958,1.0,1.0,0.8,0.0,0.0,0.0,0.052083620328590506,0.011905518096354522,0.05800854749999951,0.05735359499999959,0.05838557437499958,1.0,1.0,0.8,0.0,0.0,0.0,0.052083620328590506,0.011905518096354522,0.05800854749999951,0.05735359499999959,0.05838557437499958,1.0,1.0,0.8,0.0,0.0,0.0,0.052083620328590506,0.011905518096354522,0.05800854749999951,0.05735359499999959,0.05838557437499958,1.0,1.0,0.8,0.0,0.0,0.0,1.0,0.2,0.2,0.2,0.2,0.2,0.8,0.0,0.2,0.8,0.0,0.2,0.8,0.0,0.2,0.8,0.0,0.2,0.0,0.2,0.2,0.2,0.2,0.2,0.0,0.0,0.0,0.0,0.2,0.2,1.0,1.0,1.0,0.2,0.0,0.0,0.0,0.0,0.0,-0.26979739954566484,4.332225182367674e-21,4.332225182367674e-21,0.0,0.1,0,0,0,0,C1,0.0,0.0,0.052083620328590506,0.8,1.0,0.2,0.0,0.0,0.052083620328590506
phaseflip,dephasing,0.05,1,0.0,10,qiskit_aer,1,1,0.9750000000000001,0.9750000000000001,0.0,0.0,1.0,1.0,0.0,0.0,0.0249999999999998,0.0,0.0249999999999998,0.0249999999999998,0.0249999999999998,1.0,0.2,1.0,0.8,0.0,0.0,-0.005153689607045542,0.0,-0.005153689607045542,-0.005153689607045542,-0.005153689607045542,0.0,1.0,0.0,0.0,0.0,1.0,-0.005153689607045542,0.0,-0.005153689607045542,-0.005153689607045542,-0.005153689607045542,0.0,1.0,0.0,0.0,0.0,1.0,0.0008770483143635266,0.012061475842818137,-0.005153689607045542,-0.005153689607045542,-0.005153689607045542,0.2,1.0,0.2,0.0,0.0,0.8,0.0008770483143635266,0.012061475842818137,-0.005153689607045542,-0.005153689607045542,-0.005153689607045542,0.2,1.0,0.2,0.0,0.0,0.8,0.0008770483143635266,0.012061475842818137,-0.005153689607045542,-0.005153689607045542,-0.005153689607045542,0.2,1.0,0.2,0.0,0.0,0.8,1.0,1.0,0.8,0.8,0.8,1.0,0.0,1.0,0.8,1.0,1.0,0.8,1.0,1.0,0.8,1.0,1.0,0.8,0.2,0.8,0.8,0.8,0.8,0.8,0.0,0.0,0.0,0.0,0.8,0.8,1.0,1.0,1.0,0.8,0.0,0.0,0.0,0.0,0.0,0.6250000068973877,1.1715158450454226e-17,1.1715158450454226e-17,0.0,0.0,0,0,0,0,C2,0.0,0.0,0.0008770483143635266,0.2,0.2,0.8,0.0,0.0,0.0008770483143635266
phaseflip,dephasing,0.05,1,0.01,10,qiskit_aer,1,1,0.9750000000000001,0.8558333333333334,0.03333333333333333,0.0,0.2,1.0,0.0,0.0,0.0249999999999998,0.0,0.0249999999999998,0.0249999999999998,0.0249999999999998,1.0,0.4,1.0,0.2,0.0,0.0,-0.005153689607045542,0.0,-0.005153689607045542,-0.005153689607045542,-0.005153689607045542,0.0,1.0,0.0,0.0,0.0,0.2,0.006907786235772595,0.014772230679905057,-0.005153689607045542,-0.005153689607045542,0.0249999999999998,0.4,1.0,0.4,0.0,0.0,0.2,0.006907786235772595,0.014772230679905057,-0.005153689607045542,-0.005153689607045542,0.0249999999999998,0.4,1.0,0.4,0.0,0.0,0.2,0.006907786235772595,0.014772230679905057,-0.005153689607045542,-0.005153689607045542,0.0249999999999998,0.4,1.0,0.4,0.0,0.0,0.2,0.006907786235772595,0.014772230679905057,-0.005153689607045542,-0.005153689607045542,0.0249999999999998,0.4,1.0,0.4,0.0,0.0,0.2,1.0,0.6,0.6,0.6,0.6,0.6,0.5,1.0,0.6,0.5,1.0,0.6,0.5,1.0,0.6,0.5,1.0,0.6,0.0,0.6,0.6,0.6,0.6,0.6,0.0,0.0,0.0,0.0,0.6,0.6,1.0,1.0,1.0,0.6,0.0,0.0,0.0,0.0,0.0,0.34416667488345126,1.7538786882339303e-17,1.7538786882339303e-17,0.0,0.01,0,0,0,0,C1,0.0,0.0,0.006907786235772595,0.4,0.4,0.6,0.0,0.0,0.006907786235772595
phaseflip,dephasing,0.05,1,0.03,10,qiskit_aer,1,1,0.9750000000000001,0.78,0.1111111111111111,0.0,0.2,1.0,0.0,0.0,0.0249999999999998,0.0,0.0249999999999998,0.0249999999999998,0.0249999999999998,1.0,0.6,1.0,0.2,0.0,0.0,-0.005153689607045542,0.0,-0.005153689607045542,-0.005153689607045542,-0.005153689607045542,0.0,1.0,0.0,0.0,0.0,0.2,0.012938524157181663,0.014772230679905058,0.0249999999999998,-0.005153689607045542,0.0249999999999998,0.6,1.0,0.6,0.0,0.0,0.2,0.012938524157181663,0.014772230679905058,0.0249999999999998,-0.005153689607045542,0.0249999999999998,0.6,1.0,0.6,0.0,0.0,0.2,0.012938524157181663,0.014772230679905058,0.0249999999999998,-0.005153689607045542,0.0249999999999998,0.6,1.0,0.6,0.0,0.0,0.2,0.012938524157181663,0.014772230679905058,0.0249999999999998,-0.005153689607045542,0.0249999999999998,0.6,1.0,0.6,0.0,0.0,0.2,1.0,0.4,0.4,0.4,0.4,0.4,0.75,1.0,0.4,0.75,1.0,0.4,0.75,1.0,0.4,0.75,1.0,0.4,0.0,0.4,0.4,0.4,0.4,0.4,0.0,0.0,0.0,0.0,0.4,0.4,1.0,1.0,1.0,0.4,0.0,0.0,0.0,0.0,0.0,0.02000000909953381,1.7535687252321342e-17,1.7535687252321342e-17,0.0,0.03,0,0,0,0,C1,0.0,0.0,0.012938524157181663,0.6,0.6,0.4,0.0,0.0,0.012938524157181663
phaseflip,dephasing,0.05,1,0.05,10,qiskit_aer,1,1,0.9750000000000001,0.7583333333333333,0.15555555555555556,0.0,0.1,1.0,0.0,0.0,0.0249999999999998,0.0,0.0249999999999998,0.0249999999999998,0.0249999999999998,1.0,0.3,1.0,0.1,0.0,0.0,-0.005153689607045542,0.0,-0.005153689607045542,-0.005153689607045542,-0.005153689607045542,0.0,1.0,0.0,0.0,0.0,0.1,0.003892417275068061,0.013818156510648851,-0.005153689607045542,-0.005153689607045542,0.017461577598238465,0.3,1.0,0.3,0.0,0.0,0.1,0.003892417275068061,0.013818156510648851,-0.005153689607045542,-0.005153689607045542,0.017461577598238465,0.3,1.0,0.3,0.0,0.0,0.1,0.003892417275068061,0.013818156510648851,-0.005153689607045542,-0.005153689607045542,0.017461577598238465,0.3,1.0,0.3,0.0,0.0,0.1,0.003892417275068061,0.013818156510648851,-0.005153689607045542,-0.005153689607045542,0.017461577598238465,0.3,1.0,0.3,0.0,0.0,0.1,1.0,0.7,0.7,0.7,0.7,0.7,0.3333333333333333,1.0,0.7,0.3333333333333333,1.0,0.7,0.3333333333333333,1.0,0.7,0.3333333333333333,1.0,0.7,0.0,0.7,0.7,0.7,0.7,0.7,0.0,0.0,0.0,0.0,0.7,0.7,1.0,1.0,1.0,0.7,0.0,0.0,0.0,0.0,0.0,0.6416666741620074,5.8690079436582954e-18,5.8690079436582954e-18,0.0,0.05,0,0,0,0,C1,0.0,0.0,0.003892417275068061,0.3,0.3,0.7,0.0,0.0,0.003892417275068061
phaseflip,dephasing,0.05,1,0.1,10,qiskit_aer,1,1,0.9750000000000001,0.6608333333333334,0.25555555555555554,0.0,0.1,1.0,0.0,0.0,0.0249999999999998,0.0,0.0249999999999998,0.0249999999999998,0.0249999999999998,1.0,0.4,1.0,0.1,0.0,0.0,-0.005153689607045542,0.0,-0.005153689607045542,-0.005153689607045542,-0.005153689607045542,0.0,1.0,0.0,0.0,0.0,0.1,0.006907786235772595,0.014772230679905057,-0.005153689607045542,-0.005153689607045542,0.0249999999999998,0.4,1.0,0.4,0.0,0.0,0.1,0.006907786235772595,0.014772230679905057,-0.005153689607045542,-0.005153689607045542,0.0249999999999998,0.4,1.0,0.4,0.0,0.0,0.1,0.006907786235772595,0.014772230679905057,-0.005153689607045542,-0.005153689607045542,0.0249999999999998,0.4,1.0,0.4,0.0,0.0,0.1,0.006907786235772595,0.014772230679905057,-0.005153689607045542,-0.005153689607045542,0.0249999999999998,0.4,1.0,0.4,0.0,0.0,0.1,1.0,0.6,0.6,0.6,0.6,0.6,0.4444444444444444,1.0,0.6,0.4444444444444444,1.0,0.6,0.4444444444444444,1.0,0.6,0.4444444444444444,1.0,0.6,0.0,0.6,0.6,0.6,0.6,0.6,0.0,0.0,0.0,0.0,0.6,0.6,1.0,1.0,1.0,0.6,0.0,0.0,0.0,0.0,0.0,0.5391666748834514,1.7538786882339303e-17,1.7538786882339303e-17,0.0,0.1,0,0,0,0,C1,0.0,0.0,0.006907786235772595,0.4,0.4,0.6,0.0,0.0,0.006907786235772595
phaseflip,dephasing,0.05,2,0.0,10,qiskit_aer,1,1,0.951,0.951,0.0,0.0,1.0,1.0,0.0,0.0,0.04899999999999967,0.0003061862178479451,0.04874999999999963,0.04874999999999963,0.049374999999999725,1.0,0.5,1.0,0.5,0.0,0.0,0.018846310392954323,0.0003061862178479451,0.018596310392954285,0.018596310392954285,0.019221310392954383,1.0,1.0,0.0,0.0,0.0,1.0,0.018846310392954323,0.0003061862178479451,0.018596310392954285,0.018596310392954285,0.019221310392954383,1.0,1.0,0.0,0.0,0.0,1.0,0.033923155196477,0.015204414175836893,0.033985655196477005,0.018596310392954285,0.0492187499999997,1.0,1.0,0.5,0.0,0.0,0.5,0.033923155196477,0.015204414175836893,0.033985655196477005,0.018596310392954285,0.0492187499999997,1.0,1.0,0.5,0.0,0.0,0.5,0.033923155196477,0.015204414175836893,0.033985655196477005,0.018596310392954285,0.0492187499999997,1.0,1.0,0.5,0.0,0.0,0.5,1.0,1.0,0.5,0.5,0.5,1.0,0.0,1.0,0.5,1.0,1.0,0.5,1.0,1.0,0.5,1.0,1.0,0.5,0.5,0.5,0.5,0.5,0.5,0.5,0.0,0.0,0.0,0.0,0.5,0.5,1.0,1.0,1.0,0.5,0.0,0.0,0.0,0.0,0.0,0.04900000135669118,0.00464796684967486,0.00464796684967486,0.0,0.0,0,0,0,0,C2,0.0,0.0,0.033923155196477,0.5,1.0,0.5,0.0,0.0,0.033923155196477
phaseflip,dephasing,0.05,2,0.01,10,qiskit_aer,1,1,0.951,0.8347638888888889,0.03333333333333333,0.0,0.2,1.0,0.0,0.0,0.04899999999999967,0.0003061862178479451,0.04874999999999963,0.04874999999999963,0.049374999999999725,1.0,0.7,1.0,0.1,0.0,0.0,0.018846310392954323,0.0003061862178479451,0.018596310392954285,0.018596310392954285,0.019221310392954383,1.0,1.0,0.0,0.0,0.0,0.2,0.03693852415718153,0.014851736463486585,0.04874999999999963,0.01875256039295431,0.0492187499999997,1.0,1.0,0.6,0.0,0.0,0.2,0.039953893117886066,0.013984214414612096,0.04874999999999963,0.02613473279471562,0.049374999999999725,1.0,1.0,0.7,0.0,0.0,0.1,0.039953893117886066,0.013984214414612096,0.04874999999999963,0.02613473279471562,0.049374999999999725,1.0,1.0,0.7,0.0,0.0,0.1,0.039953893117886066,0.013984214414612096,0.04874999999999963,0.02613473279471562,0.049374999999999725,1.0,1.0,0.7,0.0,0.0,0.1,1.0,0.4,0.3,0.3,0.3,0.4,0.6666666666666666,1.0,0.3,0.7777777777777778,1.0,0.3,0.7777777777777778,1.0,0.3,0.7777777777777778,1.0,0.3,0.1,0.3,0.3,0.3,0.3,0.3,0.0,0.0,0.0,0.0,0.3,0.3,1.0,1.0,1.0,0.3,0.0,0.0,0.0,0.0,0.0,-0.23476388752464228,0.0013474284426294933,0.0013474284426294933,0.0,0.01,0,0,0,0,C2,0.0,0.0,0.039953893117886066,0.7,1.0,0.3,0.0,0.0,0.039953893117886066
phaseflip,dephasing,0.05,2,0.03,10,qiskit_aer,1,1,0.951,0.7607986111111111,0.1111111111111111,0.0,0.2,1.0,0.0,0.0,0.04899999999999967,0.0003061862178479451,0.04874999999999963,0.04874999999999963,0.049374999999999725,1.0,0.6,1.0,0.1,0.0,0.0,0.018846310392954323,0.0003061862178479451,0.018596310392954285,0.018596310392954285,0.019221310392954383,1.0,1.0,0.0,0.0,0.0,0.2,0.033923155196477,0.015204414175836893,0.033985655196477005,0.018596310392954285,0.0492187499999997,1.0,1.0,0.5,0.0,0.0,0.2,0.03693852415718153,0.014978093576344697,0.04874999999999963,0.018596310392954285,0.049374999999999725,1.0,1.0,0.6,0.0,0.0,0.1,0.03693852415718153,0.014978093576344697,0.04874999999999963,0.018596310392954285,0.049374999999999725,1.0,1.0,0.6,0.0,0.0,0.1,0.03693852415718153,0.014978093576344697,0.04874999999999963,0.018596310392954285,0.049374999999999725,1.0,1.0,0.6,0.0,0.0,0.1,1.0,0.5,0.4,0.4,0.4,0.5,0.5555555555555556,1.0,0.4,0.6666666666666666,1.0,0.4,0.6666666666666666,1.0,0.4,0.6666666666666666,1.0,0.4,0.1,0.4,0.4,0.4,0.4,0.4,0.0,0.0,0.0,0.0,0.4,0.4,1.0,1.0,1.0,0.4,0.0,0.0,0.0,0.0,0.0,0.03920139023697326,0.0013474284426294933,0.0013474284426294933,0.0,0.03,0,0,0,0,C2,0.0,0.0,0.03693852415718153,0.6,1.0,0.4,0.0,0.0,0.03693852415718153
phaseflip,dephasing,0.05,2,0.05,10,qiskit_aer,1,1,0.951,0.7396597222222222,0.15555555555555556,0.0,0.1,1.0,0.0,0.0,0.04899999999999967,0.0003061862178479451,0.04874999999999963,0.04874999999999963,0.049374999999999725,1.0,0.8,1.0,0.0,0.0,0.0,0.018846310392954323,0.0003061862178479451,0.018596310392954285,0.018596310392954285,0.019221310392954383,1.0,1.0,0.0,0.0,0.0,0.1,0.039953893117886066,0.013848792062593887,0.04874999999999963,0.026603482794715694,0.0492187499999997,1.0,1.0,0.7,0.0,0.0,0.1,0.0429692620785906,0.012189680818938228,0.04874999999999963,0.04874999999999963,0.049374999999999725,1.0,1.0,0.8,0.0,0.0,0.0,0.0429692620785906,0.012189680818938228,0.04874999999999963,0.04874999999999963,0.049374999999999725,1.0,1.0,0.8,0.0,0.0,0.0,0.0429692620785906,0.012189680818938228,0.04874999999999963,0.04874999999999963,0.049374999999999725,1.0,1.0,0.8,0.0,0.0,0.0,1.0,0.3,0.2,0.2,0.2,0.3,0.7,0.0,0.2,0.8,0.0,0.2,0.8,0.0,0.2,0.8,0.0,0.2,0.1,0.2,0.2,0.2,0.2,0.2,0.0,0.0,0.0,0.0,0.2,0.2,1.0,1.0,1.0,0.2,0.0,0.0,0.0,0.0,0.0,-0.33965972075060025,0.0026948568852589666,0.0026948568852589666,0.0,0.05,0,0,0,0,C2,0.0,0.0,0.0429692620785906,0.8,1.0,0.2,0.0,0.0,0.0429692620785906
phaseflip,dephasing,0.05,2,0.1,10,qiskit_aer,1,1,0.951,0.6445694444444444,0.25555555555555554,0.0,0.1,1.0,0.0,0.0,0.04899999999999967,0.0003061862178479451,0.04874999999999963,0.04874999999999963,0.049374999999999725,1.0,0.6,1.0,0.1,0.0,0.0,0.018846310392954323,0.0003061862178479451,0.018596310392954285,0.018596310392954285,0.019221310392954383,1.0,1.0,0.0,0.0,0.0,0.1,0.03693852415718153,0.014851736463486585,0.04874999999999963,0.01875256039295431,0.0492187499999997,1.0,1.0,0.6,0.0,0.0,0.1,0.03693852415718153,0.014851736463486585,0.04874999999999963,0.01875256039295431,0.0492187499999997,1.0,1.0,0.6,0.0,0.0,0.1,0.03693852415718153,0.014851736463486585,0.04874999999999963,0.01875256039295431,0.0492187499999997,1.0,1.0,0.6,0.0,0.0,0.1,0.03693852415718153,0.014851736463486585,0.04874999999999963,0.01875256039295431,0.0492187499999997,1.0,1.0,0.6,0.0,0.0,0.1,1.0,0.4,0.4,0.4,0.4,0.4,0.6666666666666666,1.0,0.4,0.6666666666666666,1.0,0.4,0.6666666666666666,1.0,0.4,0.6666666666666666,1.0,0.4,0.0,0.4,0.4,0.4,0.4,0.4,0.0,0.0,0.0,0.0,0.4,0.4,1.0,1.0,1.0,0.4,0.0,0.0,0.0,0.0,0.0,0.1554305569954076,0.0026948568852589666,0.0026948568852589666,0.0,0.1,0,0,0,0,C1,0.0,0.0,0.03693852415718153,0.6,1.0,0.4,0.0,0.0,0.03693852415718153
phaseflip,dephasing,0.05,3,0.0,10,qiskit_aer,1,1,0.9276562499999998,0.9276562499999998,0.0,0.0,1.0,1.0,0.0,0.0,0.07234374999999979,0.0007184782094816984,0.07253124999999983,0.07161718749999987,0.07297656249999979,1.0,0.3,1.0,0.7,0.0,0.0,0.04219006039295444,0.0007184782094816984,0.04237756039295448,0.04146349789295453,0.042822872892954444,1.0,1.0,0.0,0.0,0.0,1.0,0.04219006039295444,0.0007184782094816984,0.04237756039295448,0.04146349789295453,0.042822872892954444,1.0,1.0,0.0,0.0,0.0,1.0,0.051236167275068044,0.013554732654260666,0.04267443539295446,0.04237756039295448,0.06422720259823836,1.0,1.0,0.3,0.0,0.0,0.7,0.051236167275068044,0.013554732654260666,0.04267443539295446,0.04237756039295448,0.06422720259823836,1.0,1.0,0.3,0.0,0.0,0.7,0.051236167275068044,0.013554732654260666,0.04267443539295446,0.04237756039295448,0.06422720259823836,1.0,1.0,0.3,0.0,0.0,0.7,1.0,1.0,0.7,0.7,0.7,1.0,0.0,1.0,0.7,1.0,1.0,0.7,1.0,1.0,0.7,1.0,1.0,0.7,0.3,0.7,0.7,0.7,0.7,0.7,0.0,0.0,0.0,0.0,0.7,0.7,1.0,1.0,1.0,0.7,0.0,0.0,0.0,0.0,0.0,0.47234375030153436,7.377142742285042e-19,7.377142742285042e-19,0.0,0.0,0,0,0,0,C2,0.0,0.0,0.051236167275068044,0.3,1.0,0.7,0.0,0.0,0.051236167275068044
phaseflip,dephasing,0.05,3,0.01,10,qiskit_aer,1,1,0.9276562499999998,0.8246104166666667,0.02222222222222222,0.0,0.3,1.0,0.0,0.0,0.07234374999999979,0.0007184782094816984,0.07253124999999983,0.07161718749999987,0.07297656249999979,1.0,0.4,1.0,0.2,0.0,0.0,0.04219006039295444,0.0007184782094816984,0.04237756039295448,0.04146349789295453,0.042822872892954444,1.0,1.0,0.0,0.0,0.0,0.3,0.051236167275068044,0.0139521141699398,0.04237756039295448,0.04237756039295448,0.06422720259823836,1.0,1.0,0.3,0.0,0.0,0.3,0.05425153623577258,0.014687397360905104,0.04267443539295446,0.04237756039295448,0.07131249999999967,1.0,1.0,0.4,0.0,0.0,0.2,0.05425153623577258,0.014687397360905104,0.04267443539295446,0.04237756039295448,0.07131249999999967,1.0,1.0,0.4,0.0,0.0,0.2,0.05425153623577258,0.014687397360905104,0.04267443539295446,0.04237756039295448,0.07131249999999967,1.0,1.0,0.4,0.0,0.0,0.2,1.0,0.7,0.6,0.6,0.6,0.7,0.375,1.0,0.6,0.5,1.0,0.6,0.5,1.0,0.6,0.5,1.0,0.6,0.1,0.6,0.6,0.6,0.6,0.6,0.0,0.0,0.0,0.0,0.6,0.6,1.0,1.0,1.0,0.6,0.0,0.0,0.0,0.0,0.0,0.3753895836387481,0.004647966849674839,0.004647966849674839,0.0,0.01,0,0,0,0,C2,0.0,0.0,0.05425153623577258,0.4,1.0,0.6,0.0,0.0,0.05425153623577258
phaseflip,dephasing,0.05,3,0.03,10,qiskit_aer,1,1,0.9276562499999998,0.8039930555555556,0.04444444444444444,0.0,0.2,1.0,0.0,0.0,0.07234374999999979,0.0007184782094816984,0.07253124999999983,0.07161718749999987,0.07297656249999979,1.0,0.5,1.0,0.2,0.0,0.0,0.04219006039295444,0.0007184782094816984,0.04237756039295448,0.04146349789295453,0.042822872892954444,1.0,1.0,0.0,0.0,0.0,0.2,0.05726690519647711,0.015031395629367453,0.05714190519647705,0.04237756039295448,0.07222656249999979,1.0,1.0,0.5,0.0,0.0,0.2,0.05726690519647711,0.015031395629367453,0.05714190519647705,0.04237756039295448,0.07222656249999979,1.0,1.0,0.5,0.0,0.0,0.2,0.05726690519647711,0.015031395629367453,0.05714190519647705,0.04237756039295448,0.07222656249999979,1.0,1.0,0.5,0.0,0.0,0.2,0.05726690519647711,0.015031395629367453,0.05714190519647705,0.04237756039295448,0.07222656249999979,1.0,1.0,0.5,0.0,0.0,0.2,1.0,0.5,0.5,0.5,0.5,0.5,0.625,1.0,0.5,0.625,1.0,0.5,0.625,1.0,0.5,0.625,1.0,0.5,0.0,0.5,0.5,0.5,0.5,0.5,0.0,0.0,0.0,0.0,0.5,0.5,1.0,1.0,1.0,0.5,0.0,0.0,0.0,0.0,0.0,0.19600694474448146,9.597967791511354e-21,9.597967791511354e-21,0.0,0.03,0,0,0,0,C1,0.0,0.0,0.05726690519647711,0.5,1.0,0.5,0.0,0.0,0.05726690519647711
phaseflip,dephasing,0.05,3,0.05,10,qiskit_aer,1,1,0.9276562499999998,0.7730840277777777,0.07777777777777778,0.0,0.1,1.0,0.0,0.0,0.07234374999999979,0.0007184782094816984,0.07253124999999983,0.07161718749999987,0.07297656249999979,1.0,0.4,1.0,0.1,0.0,0.0,0.04219006039295444,0.0007184782094816984,0.04237756039295448,0.04146349789295453,0.042822872892954444,1.0,1.0,0.0,0.0,0.0,0.1,0.05425153623577258,0.014564988520293651,0.04297131039295443,0.04237756039295448,0.07131249999999967,1.0,1.0,0.4,0.0,0.0,0.1,0.05425153623577258,0.014564988520293651,0.04297131039295443,0.04237756039295448,0.07131249999999967,1.0,1.0,0.4,0.0,0.0,0.1,0.05425153623577258,0.014564988520293651,0.04297131039295443,0.04237756039295448,0.07131249999999967,1.0,1.0,0.4,0.0,0.0,0.1,0.05425153623577258,0.014564988520293651,0.04297131039295443,0.04237756039295448,0.07131249999999967,1.0,1.0,0.4,0.0,0.0,0.1,1.0,0.6,0.6,0.6,0.6,0.6,0.4444444444444444,1.0,0.6,0.4444444444444444,1.0,0.6,0.4444444444444444,1.0,0.6,0.4444444444444444,1.0,0.6,0.0,0.6,0.6,0.6,0.6,0.6,0.0,0.0,0.0,0.0,0.6,0.6,1.0,1.0,1.0,0.6,0.0,0.0,0.0,0.0,0.0,0.42691597251837277,1.053148521828736e-20,1.053148521828736e-20,0.0,0.05,0,0,0,0,C1,0.0,0.0,0.05425153623577258,0.4,1.0,0.6,0.0,0.0,0.05425153623577258
phaseflip,dephasing,0.05,3,0.1,10,qiskit_aer,1,1,0.9276562499999998,0.6596993055555556,0.19999999999999998,0.0,0.0,1.0,0.0,0.0,0.07234374999999979,0.0007184782094816984,0.07253124999999983,0.07161718749999987,0.07297656249999979,1.0,0.4,1.0,0.0,0.0,0.0,0.04219006039295444,0.0007184782094816984,0.04237756039295448,0.04146349789295453,0.042822872892954444,1.0,1.0,0.0,0.0,0.0,0.0,0.05425153623577258,0.014687397360905104,0.04267443539295446,0.04237756039295448,0.07131249999999967,1.0,1.0,0.4,0.0,0.0,0.0,0.05425153623577258,0.014687397360905104,0.04267443539295446,0.04237756039295448,0.07131249999999967,1.0,1.0,0.4,0.0,0.0,0.0,0.05425153623577258,0.014687397360905104,0.04267443539295446,0.04237756039295448,0.07131249999999967,1.0,1.0,0.4,0.0,0.0,0.0,0.05425153623577258,0.014687397360905104,0.04267443539295446,0.04237756039295448,0.07131249999999967,1.0,1.0,0.4,0.0,0.0,0.0,1.0,0.6,0.6,0.6,0.6,0.6,0.4,0.0,0.6,0.4,0.0,0.6,0.4,0.0,0.6,0.4,0.0,0.6,0.0,0.6,0.6,0.6,0.6,0.6,0.0,0.0,0.0,0.0,0.6,0.6,1.0,1.0,1.0,0.6,0.0,0.0,0.0,0.0,0.0,0.5403006947537456,0.004647966849674839,0.004647966849674839,0.0,0.1,0,0,0,0,C1,0.0,0.0,0.05425153623577258,0.4,1.0,0.6,0.0,0.0,0.05425153623577258
phaseflip,dephasing,0.05,4,0.0,10,qiskit_aer,1,1,0.9051885937499999,0.9051885937499999,0.0,0.0,1.0,1.0,0.0,0.0,0.09481140624999983,0.0011233153727951157,0.09540546874999983,0.0945296874999999,0.09568749999999981,1.0,0.6,1.0,0.4,0.0,0.0,0.06465771664295449,0.0011233153727951157,0.06525177914295449,0.06437599789295456,0.06553381039295447,1.0,1.0,0.0,0.0,0.0,1.0,0.06465771664295449,0.0011233153727951157,0.06525177914295449,0.06437599789295456,0.06553381039295447,1.0,1.0,0.0,0.0,0.0,1.0,0.08274993040718169,0.014687181829466293,0.09274687499999978,0.0651107635179545,0.09568749999999981,1.0,1.0,0.6,0.0,0.0,0.4,0.08274993040718169,0.014687181829466293,0.09274687499999978,0.0651107635179545,0.09568749999999981,1.0,1.0,0.6,0.0,0.0,0.4,0.08274993040718169,0.014687181829466293,0.09274687499999978,0.0651107635179545,0.09568749999999981,1.0,1.0,0.6,0.0,0.0,0.4,1.0,1.0,0.4,0.4,0.4,1.0,0.0,1.0,0.4,1.0,1.0,0.4,1.0,1.0,0.4,1.0,1.0,0.4,0.6,0.4,0.4,0.4,0.4,0.4,0.0,0.0,0.0,0.0,0.4,0.4,1.0,1.0,1.0,0.4,0.0,0.0,0.0,0.0,0.0,-0.10518859363259196,2.0566388041852992e-17,2.0566388041852992e-17,0.0,0.0,0,0,0,0,C2,0.0,0.0,0.08274993040718169,0.6,1.0,0.4,0.0,0.0,0.08274993040718169
phaseflip,dephasing,0.05,4,0.01,10,qiskit_aer,1,1,0.9051885937499999,0.7644075520833333,0.02222222222222222,0.0,0.3,1.0,0.0,0.0,0.09481140624999983,0.0011233153727951157,0.09540546874999983,0.0945296874999999,0.09568749999999981,1.0,0.6,1.0,0.1,0.0,0.0,0.06465771664295449,0.0011233153727951157,0.06525177914295449,0.06437599789295456,0.06553381039295447,1.0,1.0,0.0,0.0,0.0,0.3,0.07671919248577262,0.014929181665124174,0.06553381039295447,0.06452443539295455,0.0949523437499998,1.0,1.0,0.4,0.0,0.0,0.3,0.08274993040718169,0.014687181829466293,0.09274687499999978,0.0651107635179545,0.09568749999999981,1.0,1.0,0.6,0.0,0.0,0.1,0.08274993040718169,0.014687181829466293,0.09274687499999978,0.0651107635179545,0.09568749999999981,1.0,1.0,0.6,0.0,0.0,0.1,0.08274993040718169,0.014687181829466293,0.09274687499999978,0.0651107635179545,0.09568749999999981,1.0,1.0,0.6,0.0,0.0,0.1,1.0,0.6,0.4,0.4,0.4,0.6,0.4444444444444444,1.0,0.4,0.6666666666666666,1.0,0.4,0.6666666666666666,1.0,0.4,0.6666666666666666,1.0,0.4,0.2,0.4,0.4,0.4,0.4,0.4,0.0,0.0,0.0,0.0,0.4,0.4,1.0,1.0,1.0,0.4,0.0,0.0,0.0,0.0,0.0,0.035592448038307266,0.004647966849674866,0.004647966849674866,0.0,0.01,0,0,0,0,C2,0.0,0.0,0.08274993040718169,0.6,1.0,0.4,0.0,0.0,0.08274993040718169
phaseflip,dephasing,0.05,4,0.03,10,qiskit_aer,1,1,0.9051885937499999,0.7442790451388889,0.04444444444444444,0.0,0.2,1.0,0.0,0.0,0.09481140624999983,0.0011233153727951157,0.09540546874999983,0.0945296874999999,0.09568749999999981,1.0,0.6,1.0,0.1,0.0,0.0,0.06465771664295449,0.0011233153727951157,0.06525177914295449,0.06437599789295456,0.06553381039295447,1.0,1.0,0.0,0.0,0.0,0.2,0.07973456144647716,0.014816283888349022,0.07914034269647713,0.0651107635179545,0.0949523437499998,1.0,1.0,0.5,0.0,0.0,0.2,0.08274993040718169,0.014687181829466293,0.09274687499999978,0.0651107635179545,0.09568749999999981,1.0,1.0,0.6,0.0,0.0,0.1,0.08274993040718169,0.014687181829466293,0.09274687499999978,0.0651107635179545,0.09568749999999981,1.0,1.0,0.6,0.0,0.0,0.1,0.08274993040718169,0.014687181829466293,0.09274687499999978,0.0651107635179545,0.09568749999999981,1.0,1.0,0.6,0.0,0.0,0.1,1.0,0.5,0.4,0.4,0.4,0.5,0.5555555555555556,1.0,0.4,0.6666666666666666,1.0,0.4,0.6666666666666666,1.0,0.4,0.6666666666666666,1.0,0.4,0.1,0.4,0.4,0.4,0.4,0.4,0.0,0.0,0.0,0.0,0.4,0.4,1.0,1.0,1.0,0.4,0.0,0.0,0.0,0.0,0.0,0.055720954984917935,0.004077721441073337,0.004077721441073337,0.0,0.03,0,0,0,0,C2,0.0,0.0,0.08274993040718169,0.6,1.0,0.4,0.0,0.0,0.08274993040718169
phaseflip,dephasing,0.05,4,0.05,10,qiskit_aer,1,1,0.9051885937499999,0.7141352951388888,0.07777777777777778,0.0,0.1,1.0,0.0,0.0,0.09481140624999983,0.0011233153727951157,0.09540546874999983,0.0945296874999999,0.09568749999999981,1.0,0.7,1.0,0.1,0.0,0.0,0.06465771664295449,0.0011233153727951157,0.06525177914295449,0.06437599789295456,0.06553381039295447,1.0,1.0,0.0,0.0,0.0,0.1,0.08576529936788622,0.013795569537946003,0.09393515624999982,0.0723370765447158,0.09568749999999981,1.0,1.0,0.7,0.0,0.0,0.1,0.08576529936788622,0.013795569537946003,0.09393515624999982,0.0723370765447158,0.09568749999999981,1.0,1.0,0.7,0.0,0.0,0.1,0.08576529936788622,0.013795569537946003,0.09393515624999982,0.0723370765447158,0.09568749999999981,1.0,1.0,0.7,0.0,0.0,0.1,0.08576529936788622,0.013795569537946003,0.09393515624999982,0.0723370765447158,0.09568749999999981,1.0,1.0,0.7,0.0,0.0,0.1,1.0,0.3,0.3,0.3,0.3,0.3,0.7777777777777778,1.0,0.3,0.7777777777777778,1.0,0.3,0.7777777777777778,1.0,0.3,0.7777777777777778,1.0,0.3,0.0,0.3,0.3,0.3,0.3,0.3,0.0,0.0,0.0,0.0,0.3,0.3,1.0,1.0,1.0,0.3,0.0,0.0,0.0,0.0,0.0,-0.11413529502215458,2.2489535576066832e-17,2.2489535576066832e-17,0.0,0.05,0,0,0,0,C1,0.0,0.0,0.08576529936788622,0.7,1.0,0.3,0.0,0.0,0.08576529936788622
phaseflip,dephasing,0.05,4,0.1,10,qiskit_aer,1,1,0.9051885937499999,0.6236591840277778,0.19999999999999998,0.0,0.0,1.0,0.0,0.0,0.09481140624999983,0.0011233153727951157,0.09540546874999983,0.0945296874999999,0.09568749999999981,1.0,0.7,1.0,0.0,0.0,0.0,0.06465771664295449,0.0011233153727951157,0.06525177914295449,0.06437599789295456,0.06553381039295447,1.0,1.0,0.0,0.0,0.0,0.0,0.08576529936788622,0.013795569537946003,0.09393515624999982,0.0723370765447158,0.09568749999999981,1.0,1.0,0.7,0.0,0.0,0.0,0.08576529936788622,0.013795569537946003,0.09393515624999982,0.0723370765447158,0.09568749999999981,1.0,1.0,0.7,0.0,0.0,0.0,0.08576529936788622,0.013795569537946003,0.09393515624999982,0.0723370765447158,0.09568749999999981,1.0,1.0,0.7,0.0,0.0,0.0,0.08576529936788622,0.013795569537946003,0.09393515624999982,0.0723370765447158,0.09568749999999981,1.0,1.0,0.7,0.0,0.0,0.0,1.0,0.3,0.3,0.3,0.3,0.3,0.7,0.0,0.3,0.7,0.0,0.3,0.7,0.0,0.3,0.7,0.0,0.3,0.0,0.3,0.3,0.3,0.3,0.3,0.0,0.0,0.0,0.0,0.3,0.3,1.0,1.0,1.0,0.3,0.0,0.0,0.0,0.0,0.0,-0.023659183911734723,1.666157491899939e-17,1.666157491899939e-17,0.0,0.1,0,0,0,0,C1,0.0,0.0,0.08576529936788622,0.7,1.0,0.3,0.0,0.0,0.08576529936788622
phaseflip,dephasing,0.1,1,0.0,10,qiskit_aer,1,1,0.9499999999999998,0.9499999999999998,0.0,0.0,1.0,1.0,0.0,0.0,0.04999999999999971,0.0,0.04999999999999971,0.04999999999999971,0.04999999999999971,1.0,0.2,1.0,0.8,0.0,0.0,0.01984631039295437,0.0,0.01984631039295437,0.01984631039295437,0.01984631039295437,1.0,1.0,0.0,0.0,0.0,1.0,0.01984631039295437,0.0,0.01984631039295437,0.01984631039295437,0.01984631039295437,1.0,1.0,0.0,0.0,0.0,1.0,0.025877048314363438,0.012061475842818137,0.01984631039295437,0.01984631039295437,0.01984631039295437,1.0,1.0,0.2,0.0,0.0,0.8,0.025877048314363438,0.012061475842818137,0.01984631039295437,0.01984631039295437,0.01984631039295437,1.0,1.0,0.2,0.0,0.0,0.8,0.025877048314363438,0.012061475842818137,0.01984631039295437,0.01984631039295437,0.01984631039295437,1.0,1.0,0.2,0.0,0.0,0.8,1.0,1.0,0.8,0.8,0.8,1.0,0.0,1.0,0.8,1.0,1.0,0.8,1.0,1.0,0.8,1.0,1.0,0.8,0.2,0.8,0.8,0.8,0.8,0.8,0.0,0.0,0.0,0.0,0.8,0.8,1.0,1.0,1.0,0.8,0.0,0.0,0.0,0.0,0.0,0.6500000014234767,0.15815673649080345,0.15815673649080345,0.0,0.0,0,0,0,0,C2,0.0,0.0,0.025877048314363438,0.2,1.0,0.8,0.0,0.0,0.025877048314363438
phaseflip,dephasing,0.1,1,0.01,10,qiskit_aer,1,1,0.9499999999999998,0.8338888888888889,0.03333333333333333,0.0,0.2,1.0,0.0,0.0,0.04999999999999971,0.0,0.04999999999999971,0.04999999999999971,0.04999999999999971,1.0,0.2,1.0,0.2,0.0,0.0,0.01984631039295437,0.0,0.01984631039295437,0.01984631039295437,0.01984631039295437,1.0,1.0,0.0,0.0,0.0,0.2,0.025877048314363438,0.012061475842818137,0.01984631039295437,0.01984631039295437,0.01984631039295437,1.0,1.0,0.2,0.0,0.0,0.2,0.025877048314363438,0.012061475842818137,0.01984631039295437,0.01984631039295437,0.01984631039295437,1.0,1.0,0.2,0.0,0.0,0.2,0.025877048314363438,0.012061475842818137,0.01984631039295437,0.01984631039295437,0.01984631039295437,1.0,1.0,0.2,0.0,0.0,0.2,0.025877048314363438,0.012061475842818137,0.01984631039295437,0.01984631039295437,0.01984631039295437,1.0,1.0,0.2,0.0,0.0,0.2,1.0,0.8,0.8,0.8,0.8,0.8,0.25,1.0,0.8,0.25,1.0,0.8,0.25,1.0,0.8,0.25,1.0,0.8,0.0,0.8,0.8,0.8,0.8,0.8,0.0,0.0,0.0,0.0,0.8,0.8,1.0,1.0,1.0,0.8,0.0,0.0,0.0,0.0,0.0,0.7661111125709121,0.17498113585498745,0.17498113585498745,0.0,0.01,0,0,0,0,C1,0.0,0.0,0.025877048314363438,0.2,1.0,0.8,0.0,0.0,0.025877048314363438
phaseflip,dephasing,0.1,1,0.03,10,qiskit_aer,1,1,0.9499999999999998,0.76,0.1111111111111111,0.0,0.2,1.0,0.0,0.0,0.04999999999999971,0.0,0.04999999999999971,0.04999999999999971,0.04999999999999971,1.0,0.2,1.0,0.2,0.0,0.0,0.01984631039295437,0.0,0.01984631039295437,0.01984631039295437,0.01984631039295437,1.0,1.0,0.0,0.0,0.0,0.2,0.025877048314363438,0.012061475842818137,0.01984631039295437,0.01984631039295437,0.01984631039295437,1.0,1.0,0.2,0.0,0.0,0.2,0.025877048314363438,0.012061475842818137,0.01984631039295437,0.01984631039295437,0.01984631039295437,1.0,1.0,0.2,0.0,0.0,0.2,0.025877048314363438,0.012061475842818137,0.01984631039295437,0.01984631039295437,0.01984631039295437,1.0,1.0,0.2,0.0,0.0,0.2,0.025877048314363438,0.012061475842818137,0.01984631039295437,0.01984631039295437,0.01984631039295437,1.0,1.0,0.2,0.0,0.0,0.2,1.0,0.8,0.8,0.8,0.8,0.8,0.25,1.0,0.8,0.25,1.0,0.8,0.25,1.0,0.8,0.25,1.0,0.8,0.0,0.8,0.8,0.8,0.8,0.8,0.0,0.0,0.0,0.0,0.8,0.8,1.0,1.0,1.0,0.8,0.0,0.0,0.0,0.0,0.0,0.8400000014234765,0.15815673649080345,0.15815673649080345,0.0,0.03,0,0,0,0,C1,0.0,0.0,0.025877048314363438,0.2,1.0,0.8,0.0,0.0,0.025877048314363438
phaseflip,dephasing,0.1,1,0.05,10,qiskit_aer,1,1,0.9499999999999998,0.7388888888888889,0.15555555555555556,0.0,0.1,1.0,0.0,0.0,0.04999999999999971,0.0,0.04999999999999971,0.04999999999999971,0.04999999999999971,1.0,0.2,1.0,0.1,0.0,0.0,0.01984631039295437,0.0,0.01984631039295437,0.01984631039295437,0.01984631039295437,1.0,1.0,0.0,0.0,0.0,0.1,0.025877048314363438,0.012061475842818137,0.01984631039295437,0.01984631039295437,0.01984631039295437,1.0,1.0,0.2,0.0,0.0,0.1,0.025877048314363438,0.012061475842818137,0.01984631039295437,0.01984631039295437,0.01984631039295437,1.0,1.0,0.2,0.0,0.0,0.1,0.025877048314363438,0.012061475842818137,0.01984631039295437,0.01984631039295437,0.01984631039295437,1.0,1.0,0.2,0.0,0.0,0.1,0.025877048314363438,0.012061475842818137,0.01984631039295437,0.01984631039295437,0.01984631039295437,1.0,1.0,0.2,0.0,0.0,0.1,1.0,0.8,0.8,0.8,0.8,0.8,0.2222222222222222,1.0,0.8,0.2222222222222222,1.0,0.8,0.2222222222222222,1.0,0.8,0.2222222222222222,1.0,0.8,0.0,0.8,0.8,0.8,0.8,0.8,0.0,0.0,0.0,0.0,0.8,0.8,1.0,1.0,1.0,0.8,0.0,0.0,0.0,0.0,0.0,0.8611111124982631,0.14133233712661944,0.14133233712661944,0.0,0.05,0,0,0,0,C1,0.0,0.0,0.025877048314363438,0.2,1.0,0.8,0.0,0.0,0.025877048314363438
phaseflip,dephasing,0.1,1,0.1,10,qiskit_aer,1,1,0.9499999999999998,0.6438888888888888,0.25555555555555554,0.0,0.1,1.0,0.0,0.0,0.04999999999999971,0.0,0.04999999999999971,0.04999999999999971,0.04999999999999971,1.0,0.2,1.0,0.1,0.0,0.0,0.01984631039295437,0.0,0.01984631039295437,0.01984631039295437,0.01984631039295437,1.0,1.0,0.0,0.0,0.0,0.1,0.025877048314363438,0.012061475842818137,0.01984631039295437,0.01984631039295437,0.01984631039295437,1.0,1.0,0.2,0.0,0.0,0.1,0.025877048314363438,0.012061475842818137,0.01984631039295437,0.01984631039295437,0.01984631039295437,1.0,1.0,0.2,0.0,0.0,0.1,0.025877048314363438,0.012061475842818137,0.01984631039295437,0.01984631039295437,0.01984631039295437,1.0,1.0,0.2,0.0,0.0,0.1,0.025877048314363438,0.012061475842818137,0.01984631039295437,0.01984631039295437,0.01984631039295437,1.0,1.0,0.2,0.0,0.0,0.1,1.0,0.8,0.8,0.8,0.8,0.8,0.2222222222222222,1.0,0.8,0.2222222222222222,1.0,0.8,0.2222222222222222,1.0,0.8,0.2222222222222222,1.0,0.8,0.0,0.8,0.8,0.8,0.8,0.8,0.0,0.0,0.0,0.0,0.8,0.8,1.0,1.0,1.0,0.8,0.0,0.0,0.0,0.0,0.0,0.9561111125709122,0.17498113585498745,0.17498113585498745,0.0,0.1,0,0,0,0,C1,0.0,0.0,0.025877048314363438,0.2,1.0,0.8,0.0,0.0,0.025877048314363438
phaseflip,dephasing,0.1,2,0.0,10,qiskit_aer,1,1,0.9039999999999999,0.9039999999999999,0.0,0.0,1.0,1.0,0.0,0.0,0.0959999999999998,0.0012247448713915085,0.09499999999999986,0.09499999999999986,0.0974999999999997,1.0,0.9,1.0,0.1,0.0,0.0,0.06584631039295445,0.0012247448713915085,0.06484631039295452,0.06484631039295452,0.06734631039295436,1.0,1.0,0.0,0.0,0.0,1.0,0.06584631039295445,0.0012247448713915085,0.06484631039295452,0.06484631039295452,0.06734631039295436,1.0,1.0,0.0,0.0,0.0,1.0,0.09298463103929526,0.008618929332609118,0.09499999999999986,0.09499999999999986,0.09687499999999974,1.0,1.0,0.9,0.0,0.0,0.1,0.09298463103929526,0.008618929332609118,0.09499999999999986,0.09499999999999986,0.09687499999999974,1.0,1.0,0.9,0.0,0.0,0.1,0.09298463103929526,0.008618929332609118,0.09499999999999986,0.09499999999999986,0.09687499999999974,1.0,1.0,0.9,0.0,0.0,0.1,1.0,1.0,0.1,0.1,0.1,1.0,0.0,1.0,0.1,1.0,1.0,0.1,1.0,1.0,0.1,1.0,1.0,0.1,0.9,0.1,0.1,0.1,0.1,0.1,0.0,0.0,0.0,0.0,0.1,0.1,1.0,1.0,1.0,0.1,0.0,0.0,0.0,0.0,0.0,-0.7039999998787,2.166112591183837e-21,2.166112591183837e-21,0.0,0.0,0,0,0,0,C2,0.0,0.0,0.09298463103929526,0.9,1.0,0.1,0.0,0.0,0.09298463103929526
phaseflip,dephasing,0.1,2,0.01,10,qiskit_aer,1,1,0.9039999999999999,0.7030833333333333,0.03333333333333333,0.0,0.0,1.0,0.0,0.0,0.0959999999999998,0.0012247448713915085,0.09499999999999986,0.09499999999999986,0.0974999999999997,1.0,0.8,1.0,0.0,0.0,0.0,0.06584631039295445,0.0012247448713915085,0.06484631039295452,0.06484631039295452,0.06734631039295436,1.0,1.0,0.0,0.0,0.0,0.0,0.08996926207859073,0.01135284042619552,0.09499999999999986,0.09499999999999986,0.09499999999999986,1.0,1.0,0.8,0.0,0.0,0.0,0.08996926207859073,0.01135284042619552,0.09499999999999986,0.09499999999999986,0.09499999999999986,1.0,1.0,0.8,0.0,0.0,0.0,0.08996926207859073,0.01135284042619552,0.09499999999999986,0.09499999999999986,0.09499999999999986,1.0,1.0,0.8,0.0,0.0,0.0,0.08996926207859073,0.01135284042619552,0.09499999999999986,0.09499999999999986,0.09499999999999986,1.0,1.0,0.8,0.0,0.0,0.0,1.0,0.2,0.2,0.2,0.2,0.2,0.8,0.0,0.2,0.8,0.0,0.2,0.8,0.0,0.2,0.8,0.0,0.2,0.0,0.2,0.2,0.2,0.2,0.2,0.0,0.0,0.0,0.0,0.2,0.2,1.0,1.0,1.0,0.2,0.0,0.0,0.0,0.0,0.0,-0.3030833332059572,0.00556297854266948,0.00556297854266948,0.0,0.01,0,0,0,0,C1,0.0,0.0,0.08996926207859073,0.8,1.0,0.2,0.0,0.0,0.08996926207859073
phaseflip,dephasing,0.1,2,0.03,10,qiskit_aer,1,1,0.9039999999999999,0.6327777777777777,0.1111111111111111,0.0,0.0,1.0,0.0,0.0,0.0959999999999998,0.0012247448713915085,0.09499999999999986,0.09499999999999986,0.0974999999999997,1.0,0.8,1.0,0.0,0.0,0.0,0.06584631039295445,0.0012247448713915085,0.06484631039295452,0.06484631039295452,0.06734631039295436,1.0,1.0,0.0,0.0,0.0,0.0,0.08996926207859073,0.01135284042619552,0.09499999999999986,0.09499999999999986,0.09499999999999986,1.0,1.0,0.8,0.0,0.0,0.0,0.08996926207859073,0.01135284042619552,0.09499999999999986,0.09499999999999986,0.09499999999999986,1.0,1.0,0.8,0.0,0.0,0.0,0.08996926207859073,0.01135284042619552,0.09499999999999986,0.09499999999999986,0.09499999999999986,1.0,1.0,0.8,0.0,0.0,0.0,0.08996926207859073,0.01135284042619552,0.09499999999999986,0.09499999999999986,0.09499999999999986,1.0,1.0,0.8,0.0,0.0,0.0,1.0,0.2,0.2,0.2,0.2,0.2,0.8,0.0,0.2,0.8,0.0,0.2,0.8,0.0,0.2,0.8,0.0,0.2,0.0,0.2,0.2,0.2,0.2,0.2,0.0,0.0,0.0,0.0,0.2,0.2,1.0,1.0,1.0,0.2,0.0,0.0,0.0,0.0,0.0,-0.23277777764965188,0.008495877083870586,0.008495877083870586,0.0,0.03,0,0,0,0,C1,0.0,0.0,0.08996926207859073,0.8,1.0,0.2,0.0,0.0,0.08996926207859073
phaseflip,dephasing,0.1,2,0.05,10,qiskit_aer,1,1,0.9039999999999999,0.6126666666666666,0.15555555555555556,0.0,0.0,1.0,0.0,0.0,0.0959999999999998,0.0012247448713915085,0.09499999999999986,0.09499999999999986,0.0974999999999997,1.0,0.8,1.0,0.0,0.0,0.0,0.06584631039295445,0.0012247448713915085,0.06484631039295452,0.06484631039295452,0.06734631039295436,1.0,1.0,0.0,0.0,0.0,0.0,0.08996926207859073,0.01135284042619552,0.09499999999999986,0.09499999999999986,0.09499999999999986,1.0,1.0,0.8,0.0,0.0,0.0,0.08996926207859073,0.01135284042619552,0.09499999999999986,0.09499999999999986,0.09499999999999986,1.0,1.0,0.8,0.0,0.0,0.0,0.08996926207859073,0.01135284042619552,0.09499999999999986,0.09499999999999986,0.09499999999999986,1.0,1.0,0.8,0.0,0.0,0.0,0.08996926207859073,0.01135284042619552,0.09499999999999986,0.09499999999999986,0.09499999999999986,1.0,1.0,0.8,0.0,0.0,0.0,1.0,0.2,0.2,0.2,0.2,0.2,0.8,0.0,0.2,0.8,0.0,0.2,0.8,0.0,0.2,0.8,0.0,0.2,0.0,0.2,0.2,0.2,0.2,0.2,0.0,0.0,0.0,0.0,0.2,0.2,1.0,1.0,1.0,0.2,0.0,0.0,0.0,0.0,0.0,-0.21266666654062216,0.0003539416742845664,0.0003539416742845664,0.0,0.05,0,0,0,0,C1,0.0,0.0,0.08996926207859073,0.8,1.0,0.2,0.0,0.0,0.08996926207859073
phaseflip,dephasing,0.1,2,0.1,10,qiskit_aer,1,1,0.9039999999999999,0.5424166666666667,0.25555555555555554,0.0,0.0,1.0,0.0,0.0,0.0959999999999998,0.0012247448713915085,0.09499999999999986,0.09499999999999986,0.0974999999999997,1.0,0.9,1.0,0.0,0.0,0.0,0.06584631039295445,0.0012247448713915085,0.06484631039295452,0.06484631039295452,0.06734631039295436,1.0,1.0,0.0,0.0,0.0,0.0,0.09298463103929526,0.008618929332609118,0.09499999999999986,0.09499999999999986,0.09687499999999974,1.0,1.0,0.9,0.0,0.0,0.0,0.09298463103929526,0.008618929332609118,0.09499999999999986,0.09499999999999986,0.09687499999999974,1.0,1.0,0.9,0.0,0.0,0.0,0.09298463103929526,0.008618929332609118,0.09499999999999986,0.09499999999999986,0.09687499999999974,1.0,1.0,0.9,0.0,0.0,0.0,0.09298463103929526,0.008618929332609118,0.09499999999999986,0.09499999999999986,0.09687499999999974,1.0,1.0,0.9,0.0,0.0,0.0,1.0,0.1,0.1,0.1,0.1,0.1,0.9,0.0,0.1,0.9,0.0,0.1,0.9,0.0,0.1,0.9,0.0,0.1,0.0,0.1,0.1,0.1,0.1,0.1,0.0,0.0,0.0,0.0,0.1,0.1,1.0,1.0,1.0,0.1,0.0,0.0,0.0,0.0,0.0,-0.34241666654270353,2.166112591183837e-21,2.166112591183837e-21,0.0,0.1,0,0,0,0,C1,0.0,0.0,0.09298463103929526,0.9,1.0,0.1,0.0,0.0,0.09298463103929526
phaseflip,dephasing,0.1,3,0.0,10,qiskit_aer,1,1,0.8604999999999999,0.8604999999999999,0.0,0.0,0.0,0.0,0.0,0.0,0.13949999999999982,0.002779388421937513,0.14024999999999987,0.13668749999999977,0.14193749999999986,1.0,0.5,1.0,0.0,0.0,0.0,0.10934631039295448,0.002779388421937513,0.11009631039295453,0.10653381039295443,0.11178381039295451,1.0,1.0,0.0,0.0,0.0,0.0,0.12442315519647715,0.01310394982647265,0.12392315519647712,0.11234631039295451,0.13549999999999973,1.0,1.0,0.5,0.0,0.0,0.0,0.12442315519647715,0.01310394982647265,0.12392315519647712,0.11234631039295451,0.13549999999999973,1.0,1.0,0.5,0.0,0.0,0.0,0.12442315519647715,0.01310394982647265,0.12392315519647712,0.11234631039295451,0.13549999999999973,1.0,1.0,0.5,0.0,0.0,0.0,0.12442315519647715,0.01310394982647265,0.12392315519647712,0.11234631039295451,0.13549999999999973,1.0,1.0,0.5,0.0,0.0,0.0,1.0,0.5,0.5,0.5,0.5,0.5,0.5,0.0,0.5,0.5,0.0,0.5,0.5,0.0,0.5,0.5,0.0,0.5,0.0,0.5,0.5,0.5,0.5,0.5,0.0,0.0,0.0,0.0,0.5,0.5,1.0,1.0,1.0,0.5,0.0,0.0,0.0,0.0,0.0,0.13950000003321766,0.0278516250974346,0.0278516250974346,0.0,0.0,0,0,0,0,C1,0.0,0.0,0.12442315519647715,0.5,1.0,0.5,0.0,0.0,0.12442315519647715
phaseflip,dephasing,0.1,3,0.01,10,qiskit_aer,1,1,0.8604999999999999,0.7172277777777778,0.02222222222222222,0.0,0.0,0.0,0.0,0.0,0.13949999999999982,0.002779388421937513,0.14024999999999987,0.13668749999999977,0.14193749999999986,1.0,0.6,1.0,0.0,0.0,0.0,0.10934631039295448,0.002779388421937513,0.11009631039295453,0.10653381039295443,0.11178381039295451,1.0,1.0,0.0,0.0,0.0,0.0,0.12743852415718168,0.013442963395388667,0.13549999999999973,0.11234631039295451,0.13906249999999984,1.0,1.0,0.6,0.0,0.0,0.0,0.12743852415718168,0.013442963395388667,0.13549999999999973,0.11234631039295451,0.13906249999999984,1.0,1.0,0.6,0.0,0.0,0.0,0.12743852415718168,0.013442963395388667,0.13549999999999973,0.11234631039295451,0.13906249999999984,1.0,1.0,0.6,0.0,0.0,0.0,0.12743852415718168,0.013442963395388667,0.13549999999999973,0.11234631039295451,0.13906249999999984,1.0,1.0,0.6,0.0,0.0,0.0,1.0,0.4,0.4,0.4,0.4,0.4,0.6,0.0,0.4,0.6,0.0,0.4,0.6,0.0,0.4,0.6,0.0,0.4,0.0,0.4,0.4,0.4,0.4,0.4,0.0,0.0,0.0,0.0,0.4,0.4,1.0,1.0,1.0,0.4,0.0,0.0,0.0,0.0,0.0,0.0827722222575411,0.027544488809430962,0.027544488809430962,0.0,0.01,0,0,0,0,C1,0.0,0.0,0.12743852415718168,0.6,1.0,0.4,0.0,0.0,0.12743852415718168
phaseflip,dephasing,0.1,3,0.03,10,qiskit_aer,1,1,0.8604999999999999,0.6980944444444445,0.04444444444444444,0.0,0.0,0.0,0.0,0.0,0.13949999999999982,0.002779388421937513,0.14024999999999987,0.13668749999999977,0.14193749999999986,1.0,0.5,1.0,0.0,0.0,0.0,0.10934631039295448,0.002779388421937513,0.11009631039295453,0.10653381039295443,0.11178381039295451,1.0,1.0,0.0,0.0,0.0,0.0,0.12442315519647715,0.01310394982647265,0.12392315519647712,0.11234631039295451,0.13549999999999973,1.0,1.0,0.5,0.0,0.0,0.0,0.12442315519647715,0.01310394982647265,0.12392315519647712,0.11234631039295451,0.13549999999999973,1.0,1.0,0.5,0.0,0.0,0.0,0.12442315519647715,0.01310394982647265,0.12392315519647712,0.11234631039295451,0.13549999999999973,1.0,1.0,0.5,0.0,0.0,0.0,0.12442315519647715,0.01310394982647265,0.12392315519647712,0.11234631039295451,0.13549999999999973,1.0,1.0,0.5,0.0,0.0,0.0,1.0,0.5,0.5,0.5,0.5,0.5,0.5,0.0,0.5,0.5,0.0,0.5,0.5,0.0,0.5,0.5,0.0,0.5,0.0,0.5,0.5,0.5,0.5,0.5,0.0,0.0,0.0,0.0,0.5,0.5,1.0,1.0,1.0,0.5,0.0,0.0,0.0,0.0,0.0,0.30190555558827803,0.0197096896878486,0.0197096896878486,0.0,0.03,0,0,0,0,C1,0.0,0.0,0.12442315519647715,0.5,1.0,0.5,0.0,0.0,0.12442315519647715
phaseflip,dephasing,0.1,3,0.05,10,qiskit_aer,1,1,0.8604999999999999,0.6790138888888889,0.07777777777777778,0.0,0.0,0.0,0.0,0.0,0.13949999999999982,0.002779388421937513,0.14024999999999987,0.13668749999999977,0.14193749999999986,1.0,0.5,1.0,0.0,0.0,0.0,0.10934631039295448,0.002779388421937513,0.11009631039295453,0.10653381039295443,0.11178381039295451,1.0,1.0,0.0,0.0,0.0,0.0,0.12442315519647715,0.01310394982647265,0.12392315519647712,0.11234631039295451,0.13549999999999973,1.0,1.0,0.5,0.0,0.0,0.0,0.12442315519647715,0.01310394982647265,0.12392315519647712,0.11234631039295451,0.13549999999999973,1.0,1.0,0.5,0.0,0.0,0.0,0.12442315519647715,0.01310394982647265,0.12392315519647712,0.11234631039295451,0.13549999999999973,1.0,1.0,0.5,0.0,0.0,0.0,0.12442315519647715,0.01310394982647265,0.12392315519647712,0.11234631039295451,0.13549999999999973,1.0,1.0,0.5,0.0,0.0,0.0,1.0,0.5,0.5,0.5,0.5,0.5,0.5,0.0,0.5,0.5,0.0,0.5,0.5,0.0,0.5,0.5,0.0,0.5,0.0,0.5,0.5,0.5,0.5,0.5,0.0,0.0,0.0,0.0,0.5,0.5,1.0,1.0,1.0,0.5,0.0,0.0,0.0,0.0,0.0,0.3209861111443101,0.027544488809430962,0.027544488809430962,0.0,0.05,0,0,0,0,C1,0.0,0.0,0.12442315519647715,0.5,1.0,0.5,0.0,0.0,0.12442315519647715
phaseflip,dephasing,0.1,3,0.1,10,qiskit_aer,1,1,0.8604999999999999,0.5930361111111111,0.19999999999999998,0.0,0.0,0.0,0.0,0.0,0.13949999999999982,0.002779388421937513,0.14024999999999987,0.13668749999999977,0.14193749999999986,1.0,0.6,1.0,0.0,0.0,0.0,0.10934631039295448,0.002779388421937513,0.11009631039295453,0.10653381039295443,0.11178381039295451,1.0,1.0,0.0,0.0,0.0,0.0,0.12743852415718168,0.0129284223525761,0.13549999999999973,0.11234631039295451,0.13906249999999984,1.0,1.0,0.6,0.0,0.0,0.0,0.12743852415718168,0.0129284223525761,0.13549999999999973,0.11234631039295451,0.13906249999999984,1.0,1.0,0.6,0.0,0.0,0.0,0.12743852415718168,0.0129284223525761,0.13549999999999973,0.11234631039295451,0.13906249999999984,1.0,1.0,0.6,0.0,0.0,0.0,0.12743852415718168,0.0129284223525761,0.13549999999999973,0.11234631039295451,0.13906249999999984,1.0,1.0,0.6,0.0,0.0,0.0,1.0,0.4,0.4,0.4,0.4,0.4,0.6,0.0,0.4,0.6,0.0,0.4,0.6,0.0,0.4,0.6,0.0,0.4,0.0,0.4,0.4,0.4,0.4,0.4,0.0,0.0,0.0,0.0,0.4,0.4,1.0,1.0,1.0,0.4,0.0,0.0,0.0,0.0,0.0,0.2069638889195987,0.0197096896878486,0.0197096896878486,0.0,0.1,0,0,0,0,C1,0.0,0.0,0.12743852415718168,0.6,1.0,0.4,0.0,0.0,0.12743852415718168
phaseflip,dephasing,0.1,4,0.0,10,qiskit_aer,1,1,0.8202674999999998,0.8202674999999998,0.0,0.0,0.0,0.0,0.0,0.0,0.17973249999999985,0.004220086640105866,0.1819874999999999,0.1787249999999999,0.18299999999999983,1.0,0.8,1.0,0.0,0.0,0.0,0.1495788103929545,0.004220086640105866,0.15183381039295457,0.14857131039295457,0.1528463103929545,1.0,1.0,0.0,0.0,0.0,0.0,0.17370176207859078,0.013245386656059694,0.1819874999999999,0.17194999999999983,0.18299999999999983,1.0,1.0,0.8,0.0,0.0,0.0,0.17370176207859078,0.013245386656059694,0.1819874999999999,0.17194999999999983,0.18299999999999983,1.0,1.0,0.8,0.0,0.0,0.0,0.17370176207859078,0.013245386656059694,0.1819874999999999,0.17194999999999983,0.18299999999999983,1.0,1.0,0.8,0.0,0.0,0.0,0.17370176207859078,0.013245386656059694,0.1819874999999999,0.17194999999999983,0.18299999999999983,1.0,1.0,0.8,0.0,0.0,0.0,1.0,0.2,0.2,0.2,0.2,0.2,0.8,0.0,0.2,0.8,0.0,0.2,0.8,0.0,0.2,0.8,0.0,0.2,0.0,0.2,0.2,0.2,0.2,0.2,0.0,0.0,0.0,0.0,0.2,0.2,1.0,1.0,1.0,0.2,0.0,0.0,0.0,0.0,0.0,-0.4202674999881557,1.867034853552012e-21,1.867034853552012e-21,0.0,0.0,0,0,0,0,C1,0.0,0.0,0.17370176207859078,0.8,1.0,0.2,0.0,0.0,0.17370176207859078
phaseflip,dephasing,0.1,4,0.01,10,qiskit_aer,1,1,0.8202674999999998,0.6655097222222222,0.02222222222222222,0.0,0.0,0.0,0.0,0.0,0.17973249999999985,0.004220086640105866,0.1819874999999999,0.1787249999999999,0.18299999999999983,1.0,0.9,1.0,0.0,0.0,0.0,0.1495788103929545,0.004220086640105866,0.15183381039295457,0.14857131039295457,0.1528463103929545,1.0,1.0,0.0,0.0,0.0,0.0,0.17671713103929532,0.010281884527091443,0.1819874999999999,0.17364374999999985,0.18299999999999983,1.0,1.0,0.9,0.0,0.0,0.0,0.17671713103929532,0.010281884527091443,0.1819874999999999,0.17364374999999985,0.18299999999999983,1.0,1.0,0.9,0.0,0.0,0.0,0.17671713103929532,0.010281884527091443,0.1819874999999999,0.17364374999999985,0.18299999999999983,1.0,1.0,0.9,0.0,0.0,0.0,0.17671713103929532,0.010281884527091443,0.1819874999999999,0.17364374999999985,0.18299999999999983,1.0,1.0,0.9,0.0,0.0,0.0,1.0,0.1,0.1,0.1,0.1,0.1,0.9,0.0,0.1,0.9,0.0,0.1,0.9,0.0,0.1,0.9,0.0,0.1,0.0,0.1,0.1,0.1,0.1,0.1,0.0,0.0,0.0,0.0,0.1,0.1,1.0,1.0,1.0,0.1,0.0,0.0,0.0,0.0,0.0,-0.4655097222091639,9.33517426776006e-22,9.33517426776006e-22,0.0,0.01,0,0,0,0,C1,0.0,0.0,0.17671713103929532,0.9,1.0,0.1,0.0,0.0,0.17671713103929532
phaseflip,dephasing,0.1,4,0.03,10,qiskit_aer,1,1,0.8202674999999998,0.6472313888888888,0.04444444444444444,0.0,0.0,0.0,0.0,0.0,0.17973249999999985,0.004220086640105866,0.1819874999999999,0.1787249999999999,0.18299999999999983,1.0,0.9,1.0,0.0,0.0,0.0,0.1495788103929545,0.004220086640105866,0.15183381039295457,0.14857131039295457,0.1528463103929545,1.0,1.0,0.0,0.0,0.0,0.0,0.17671713103929532,0.010281884527091443,0.1819874999999999,0.17364374999999985,0.18299999999999983,1.0,1.0,0.9,0.0,0.0,0.0,0.17671713103929532,0.010281884527091443,0.1819874999999999,0.17364374999999985,0.18299999999999983,1.0,1.0,0.9,0.0,0.0,0.0,0.17671713103929532,0.010281884527091443,0.1819874999999999,0.17364374999999985,0.18299999999999983,1.0,1.0,0.9,0.0,0.0,0.0,0.17671713103929532,0.010281884527091443,0.1819874999999999,0.17364374999999985,0.18299999999999983,1.0,1.0,0.9,0.0,0.0,0.0,1.0,0.1,0.1,0.1,0.1,0.1,0.9,0.0,0.1,0.9,0.0,0.1,0.9,0.0,0.1,0.9,0.0,0.1,0.0,0.1,0.1,0.1,0.1,0.1,0.0,0.0,0.0,0.0,0.1,0.1,1.0,1.0,1.0,0.1,0.0,0.0,0.0,0.0,0.0,-0.4472313888766052,9.33517426776006e-22,9.33517426776006e-22,0.0,0.03,0,0,0,0,C1,0.0,0.0,0.17671713103929532,0.9,1.0,0.1,0.0,0.0,0.17671713103929532
phaseflip,dephasing,0.1,4,0.05,10,qiskit_aer,1,1,0.8202674999999998,0.6472313888888888,0.07777777777777778,0.0,0.0,0.0,0.0,0.0,0.17973249999999985,0.004220086640105866,0.1819874999999999,0.1787249999999999,0.18299999999999983,1.0,0.8,1.0,0.0,0.0,0.0,0.1495788103929545,0.004220086640105866,0.15183381039295457,0.14857131039295457,0.1528463103929545,1.0,1.0,0.0,0.0,0.0,0.0,0.17370176207859078,0.013245386656059694,0.1819874999999999,0.17194999999999983,0.18299999999999983,1.0,1.0,0.8,0.0,0.0,0.0,0.17370176207859078,0.013245386656059694,0.1819874999999999,0.17194999999999983,0.18299999999999983,1.0,1.0,0.8,0.0,0.0,0.0,0.17370176207859078,0.013245386656059694,0.1819874999999999,0.17194999999999983,0.18299999999999983,1.0,1.0,0.8,0.0,0.0,0.0,0.17370176207859078,0.013245386656059694,0.1819874999999999,0.17194999999999983,0.18299999999999983,1.0,1.0,0.8,0.0,0.0,0.0,1.0,0.2,0.2,0.2,0.2,0.2,0.8,0.0,0.2,0.8,0.0,0.2,0.8,0.0,0.2,0.8,0.0,0.2,0.0,0.2,0.2,0.2,0.2,0.2,0.0,0.0,0.0,0.0,0.2,0.2,1.0,1.0,1.0,0.2,0.0,0.0,0.0,0.0,0.0,-0.247231388877361,3.099630017959843e-21,3.099630017959843e-21,0.0,0.05,0,0,0,0,C1,0.0,0.0,0.17370176207859078,0.8,1.0,0.2,0.0,0.0,0.17370176207859078
phaseflip,dephasing,0.1,4,0.1,10,qiskit_aer,1,1,0.8202674999999998,0.5653663888888888,0.19999999999999998,0.0,0.0,0.0,0.0,0.0,0.17973249999999985,0.004220086640105866,0.1819874999999999,0.1787249999999999,0.18299999999999983,1.0,0.9,1.0,0.0,0.0,0.0,0.1495788103929545,0.004220086640105866,0.15183381039295457,0.14857131039295457,0.1528463103929545,1.0,1.0,0.0,0.0,0.0,0.0,0.17671713103929532,0.010281884527091443,0.1819874999999999,0.17364374999999985,0.18299999999999983,1.0,1.0,0.9,0.0,0.0,0.0,0.17671713103929532,0.010281884527091443,0.1819874999999999,0.17364374999999985,0.18299999999999983,1.0,1.0,0.9,0.0,0.0,0.0,0.17671713103929532,0.010281884527091443,0.1819874999999999,0.17364374999999985,0.18299999999999983,1.0,1.0,0.9,0.0,0.0,0.0,0.17671713103929532,0.010281884527091443,0.1819874999999999,0.17364374999999985,0.18299999999999983,1.0,1.0,0.9,0.0,0.0,0.0,1.0,0.1,0.1,0.1,0.1,0.1,0.9,0.0,0.1,0.9,0.0,0.1,0.9,0.0,0.1,0.9,0.0,0.1,0.0,0.1,0.1,0.1,0.1,0.1,0.0,0.0,0.0,0.0,0.1,0.1,1.0,1.0,1.0,0.1,0.0,0.0,0.0,0.0,0.0,-0.3653663888769102,9.33517426776006e-22,9.33517426776006e-22,0.0,0.1,0,0,0,0,C1,0.0,0.0,0.17671713103929532,0.9,1.0,0.1,0.0,0.0,0.17671713103929532
phaseflip,dephasing,0.15,1,0.0,10,qiskit_aer,1,1,0.9250000000000002,0.9250000000000002,0.0,0.0,1.0,1.0,0.0,0.0,0.07499999999999973,0.0,0.07499999999999973,0.07499999999999973,0.07499999999999973,1.0,0.4,1.0,0.6,0.0,0.0,0.04484631039295439,0.0,0.04484631039295439,0.04484631039295439,0.04484631039295439,1.0,1.0,0.0,0.0,0.0,1.0,0.04484631039295439,0.0,0.04484631039295439,0.04484631039295439,0.04484631039295439,1.0,1.0,0.0,0.0,0.0,1.0,0.05690778623577253,0.014772230679905057,0.04484631039295439,0.04484631039295439,0.07499999999999973,1.0,1.0,0.4,0.0,0.0,0.6,0.05690778623577253,0.014772230679905057,0.04484631039295439,0.04484631039295439,0.07499999999999973,1.0,1.0,0.4,0.0,0.0,0.6,0.05690778623577253,0.014772230679905057,0.04484631039295439,0.04484631039295439,0.07499999999999973,1.0,1.0,0.4,0.0,0.0,0.6,1.0,1.0,0.6,0.6,0.6,1.0,0.0,1.0,0.6,1.0,1.0,0.6,1.0,1.0,0.6,1.0,1.0,0.6,0.4,0.6,0.6,0.6,0.6,0.6,0.0,0.0,0.0,0.0,0.6,0.6,1.0,1.0,1.0,0.6,0.0,0.0,0.0,0.0,0.0,0.2750000002512554,1.2683343809989637e-17,1.2683343809989637e-17,0.0,0.0,0,0,0,0,C2,0.0,0.0,0.05690778623577253,0.4,1.0,0.6,0.0,0.0,0.05690778623577253
phaseflip,dephasing,0.15,1,0.01,10,qiskit_aer,1,1,0.9250000000000002,0.7400000000000001,0.03333333333333333,0.0,0.0,1.0,0.0,0.0,0.07499999999999973,0.0,0.07499999999999973,0.07499999999999973,0.07499999999999973,1.0,0.5,1.0,0.0,0.0,0.0,0.04484631039295439,0.0,0.04484631039295439,0.04484631039295439,0.04484631039295439,1.0,1.0,0.0,0.0,0.0,0.0,0.05992315519647706,0.015076844803522671,0.05992315519647706,0.04484631039295439,0.07499999999999973,1.0,1.0,0.5,0.0,0.0,0.0,0.05992315519647706,0.015076844803522671,0.05992315519647706,0.04484631039295439,0.07499999999999973,1.0,1.0,0.5,0.0,0.0,0.0,0.05992315519647706,0.015076844803522671,0.05992315519647706,0.04484631039295439,0.07499999999999973,1.0,1.0,0.5,0.0,0.0,0.0,0.05992315519647706,0.015076844803522671,0.05992315519647706,0.04484631039295439,0.07499999999999973,1.0,1.0,0.5,0.0,0.0,0.0,1.0,0.5,0.5,0.5,0.5,0.5,0.5,0.0,0.5,0.5,0.0,0.5,0.5,0.0,0.5,0.5,0.0,0.5,0.0,0.5,0.5,0.5,0.5,0.5,0.0,0.0,0.0,0.0,0.5,0.5,1.0,1.0,1.0,0.5,0.0,0.0,0.0,0.0,0.0,0.2600000002596428,1.268241029256286e-17,1.268241029256286e-17,0.0,0.01,0,0,0,0,C1,0.0,0.0,0.05992315519647706,0.5,1.0,0.5,0.0,0.0,0.05992315519647706
phaseflip,dephasing,0.15,1,0.03,10,qiskit_aer,1,1,0.9250000000000002,0.6680555555555556,0.1111111111111111,0.0,0.0,1.0,0.0,0.0,0.07499999999999973,0.0,0.07499999999999973,0.07499999999999973,0.07499999999999973,1.0,0.4,1.0,0.0,0.0,0.0,0.04484631039295439,0.0,0.04484631039295439,0.04484631039295439,0.04484631039295439,1.0,1.0,0.0,0.0,0.0,0.0,0.05690778623577253,0.014772230679905057,0.04484631039295439,0.04484631039295439,0.07499999999999973,1.0,1.0,0.4,0.0,0.0,0.0,0.05690778623577253,0.014772230679905057,0.04484631039295439,0.04484631039295439,0.07499999999999973,1.0,1.0,0.4,0.0,0.0,0.0,0.05690778623577253,0.014772230679905057,0.04484631039295439,0.04484631039295439,0.07499999999999973,1.0,1.0,0.4,0.0,0.0,0.0,0.05690778623577253,0.014772230679905057,0.04484631039295439,0.04484631039295439,0.07499999999999973,1.0,1.0,0.4,0.0,0.0,0.0,1.0,0.6,0.6,0.6,0.6,0.6,0.4,0.0,0.6,0.4,0.0,0.6,0.4,0.0,0.6,0.4,0.0,0.6,0.0,0.6,0.6,0.6,0.6,0.6,0.0,0.0,0.0,0.0,0.6,0.6,1.0,1.0,1.0,0.6,0.0,0.0,0.0,0.0,0.0,0.5319444446957,1.2683343809989637e-17,1.2683343809989637e-17,0.0,0.03,0,0,0,0,C1,0.0,0.0,0.05690778623577253,0.4,1.0,0.6,0.0,0.0,0.05690778623577253
phaseflip,dephasing,0.15,1,0.05,10,qiskit_aer,1,1,0.9250000000000002,0.6475000000000001,0.15555555555555556,0.0,0.0,1.0,0.0,0.0,0.07499999999999973,0.0,0.07499999999999973,0.07499999999999973,0.07499999999999973,1.0,0.3,1.0,0.0,0.0,0.0,0.04484631039295439,0.0,0.04484631039295439,0.04484631039295439,0.04484631039295439,1.0,1.0,0.0,0.0,0.0,0.0,0.053892417275067994,0.013818156510648851,0.04484631039295439,0.04484631039295439,0.0674615775982384,1.0,1.0,0.3,0.0,0.0,0.0,0.053892417275067994,0.013818156510648851,0.04484631039295439,0.04484631039295439,0.0674615775982384,1.0,1.0,0.3,0.0,0.0,0.0,0.053892417275067994,0.013818156510648851,0.04484631039295439,0.04484631039295439,0.0674615775982384,1.0,1.0,0.3,0.0,0.0,0.0,0.053892417275067994,0.013818156510648851,0.04484631039295439,0.04484631039295439,0.0674615775982384,1.0,1.0,0.3,0.0,0.0,0.0,1.0,0.7,0.7,0.7,0.7,0.7,0.3,0.0,0.7,0.3,0.0,0.7,0.3,0.0,0.7,0.3,0.0,0.7,0.0,0.7,0.7,0.7,0.7,0.7,0.0,0.0,0.0,0.0,0.7,0.7,1.0,1.0,1.0,0.7,0.0,0.0,0.0,0.0,0.0,0.7525000002428683,1.2684277327416412e-17,1.2684277327416412e-17,0.0,0.05,0,0,0,0,C1,0.0,0.0,0.053892417275067994,0.3,1.0,0.7,0.0,0.0,0.053892417275067994
phaseflip,dephasing,0.15,1,0.1,10,qiskit_aer,1,1,0.9250000000000002,0.5652777777777778,0.25555555555555554,0.0,0.0,1.0,0.0,0.0,0.07499999999999973,0.0,0.07499999999999973,0.07499999999999973,0.07499999999999973,1.0,0.5,1.0,0.0,0.0,0.0,0.04484631039295439,0.0,0.04484631039295439,0.04484631039295439,0.04484631039295439,1.0,1.0,0.0,0.0,0.0,0.0,0.05992315519647706,0.015076844803522671,0.05992315519647706,0.04484631039295439,0.07499999999999973,1.0,1.0,0.5,0.0,0.0,0.0,0.05992315519647706,0.015076844803522671,0.05992315519647706,0.04484631039295439,0.07499999999999973,1.0,1.0,0.5,0.0,0.0,0.0,0.05992315519647706,0.015076844803522671,0.05992315519647706,0.04484631039295439,0.07499999999999973,1.0,1.0,0.5,0.0,0.0,0.0,0.05992315519647706,0.015076844803522671,0.05992315519647706,0.04484631039295439,0.07499999999999973,1.0,1.0,0.5,0.0,0.0,0.0,1.0,0.5,0.5,0.5,0.5,0.5,0.5,0.0,0.5,0.5,0.0,0.5,0.5,0.0,0.5,0.5,0.0,0.5,0.0,0.5,0.5,0.5,0.5,0.5,0.0,0.0,0.0,0.0,0.5,0.5,1.0,1.0,1.0,0.5,0.0,0.0,0.0,0.0,0.0,0.43472222247780623,6.358946379403468e-18,6.358946379403468e-18,0.0,0.1,0,0,0,0,C1,0.0,0.0,0.05992315519647706,0.5,1.0,0.5,0.0,0.0,0.05992315519647706
phaseflip,dephasing,0.15,2,0.0,10,qiskit_aer,1,1,0.8590000000000001,0.8590000000000001,0.0,0.0,0.0,0.0,0.0,0.0,0.14099999999999968,0.00275567596063103,0.1387499999999997,0.1387499999999997,0.1443749999999996,1.0,0.5,1.0,0.0,0.0,0.0,0.11084631039295433,0.00275567596063103,0.10859631039295436,0.10859631039295436,0.11422131039295425,1.0,1.0,0.0,0.0,0.0,0.0,0.125923155196477,0.015326610820057663,0.12648565519647698,0.11000256039295433,0.1387499999999997,1.0,1.0,0.5,0.0,0.0,0.0,0.125923155196477,0.015326610820057663,0.12648565519647698,0.11000256039295433,0.1387499999999997,1.0,1.0,0.5,0.0,0.0,0.0,0.125923155196477,0.015326610820057663,0.12648565519647698,0.11000256039295433,0.1387499999999997,1.0,1.0,0.5,0.0,0.0,0.0,0.125923155196477,0.015326610820057663,0.12648565519647698,0.11000256039295433,0.1387499999999997,1.0,1.0,0.5,0.0,0.0,0.0,1.0,0.5,0.5,0.5,0.5,0.5,0.5,0.0,0.5,0.5,0.0,0.5,0.5,0.0,0.5,0.5,0.0,0.5,0.0,0.5,0.5,0.5,0.5,0.5,0.0,0.0,0.0,0.0,0.5,0.5,1.0,1.0,1.0,0.5,0.0,0.0,0.0,0.0,0.0,0.14100000001533664,9.597967791511354e-21,9.597967791511354e-21,0.0,0.0,0,0,0,0,C1,0.0,0.0,0.125923155196477,0.5,1.0,0.5,0.0,0.0,0.125923155196477
phaseflip,dephasing,0.15,2,0.01,10,qiskit_aer,1,1,0.8590000000000001,0.6394652777777778,0.03333333333333333,0.0,0.0,0.0,0.0,0.0,0.14099999999999968,0.00275567596063103,0.1387499999999997,0.1387499999999997,0.1443749999999996,1.0,0.7,1.0,0.0,0.0,0.0,0.11084631039295433,0.00275567596063103,0.10859631039295436,0.10859631039295436,0.11422131039295425,1.0,1.0,0.0,0.0,0.0,0.0,0.13195389311788608,0.015467471684871368,0.1387499999999997,0.1161347327947157,0.1443749999999996,1.0,1.0,0.7,0.0,0.0,0.0,0.13195389311788608,0.015467471684871368,0.1387499999999997,0.1161347327947157,0.1443749999999996,1.0,1.0,0.7,0.0,0.0,0.0,0.13195389311788608,0.015467471684871368,0.1387499999999997,0.1161347327947157,0.1443749999999996,1.0,1.0,0.7,0.0,0.0,0.0,0.13195389311788608,0.015467471684871368,0.1387499999999997,0.1161347327947157,0.1443749999999996,1.0,1.0,0.7,0.0,0.0,0.0,1.0,0.3,0.3,0.3,0.3,0.3,0.7,0.0,0.3,0.7,0.0,0.3,0.7,0.0,0.3,0.7,0.0,0.3,0.0,0.3,0.3,0.3,0.3,0.3,0.0,0.0,0.0,0.0,0.3,0.3,1.0,1.0,1.0,0.3,0.0,0.0,0.0,0.0,0.0,-0.0394652777648456,6.498337773551511e-21,6.498337773551511e-21,0.0,0.01,0,0,0,0,C1,0.0,0.0,0.13195389311788608,0.7,1.0,0.3,0.0,0.0,0.13195389311788608
phaseflip,dephasing,0.15,2,0.03,10,qiskit_aer,1,1,0.8590000000000001,0.5821736111111112,0.1111111111111111,0.0,0.0,0.0,0.0,0.0,0.14099999999999968,0.00275567596063103,0.1387499999999997,0.1387499999999997,0.1443749999999996,1.0,0.3,1.0,0.0,0.0,0.0,0.11084631039295433,0.00275567596063103,0.10859631039295436,0.10859631039295436,0.11422131039295425,1.0,1.0,0.0,0.0,0.0,0.0,0.11989241727506793,0.015022433890655924,0.1114088103929543,0.10859631039295436,0.13261782759823834,1.0,1.0,0.3,0.0,0.0,0.0,0.11989241727506793,0.015022433890655924,0.1114088103929543,0.10859631039295436,0.13261782759823834,1.0,1.0,0.3,0.0,0.0,0.0,0.11989241727506793,0.015022433890655924,0.1114088103929543,0.10859631039295436,0.13261782759823834,1.0,1.0,0.3,0.0,0.0,0.0,0.11989241727506793,0.015022433890655924,0.1114088103929543,0.10859631039295436,0.13261782759823834,1.0,1.0,0.3,0.0,0.0,0.0,1.0,0.7,0.7,0.7,0.7,0.7,0.3,0.0,0.7,0.3,0.0,0.7,0.3,0.0,0.7,0.3,0.0,0.7,0.0,0.7,0.7,0.7,0.7,0.7,0.0,0.0,0.0,0.0,0.7,0.7,1.0,1.0,1.0,0.7,0.0,0.0,0.0,0.0,0.0,0.8178263889064843,1.3930192973879027e-20,1.3930192973879027e-20,0.0,0.03,0,0,0,0,C1,0.0,0.0,0.11989241727506793,0.3,1.0,0.7,0.0,0.0,0.11989241727506793
phaseflip,dephasing,0.15,2,0.05,10,qiskit_aer,1,1,0.8590000000000001,0.5630347222222223,0.15555555555555556,0.0,0.0,0.0,0.0,0.0,0.14099999999999968,0.00275567596063103,0.1387499999999997,0.1387499999999997,0.1443749999999996,1.0,0.5,1.0,0.0,0.0,0.0,0.11084631039295433,0.00275567596063103,0.10859631039295436,0.10859631039295436,0.11422131039295425,1.0,1.0,0.0,0.0,0.0,0.0,0.125923155196477,0.016395972067475412,0.12648565519647698,0.10859631039295436,0.14296874999999962,1.0,1.0,0.5,0.0,0.0,0.0,0.125923155196477,0.016395972067475412,0.12648565519647698,0.10859631039295436,0.14296874999999962,1.0,1.0,0.5,0.0,0.0,0.0,0.125923155196477,0.016395972067475412,0.12648565519647698,0.10859631039295436,0.14296874999999962,1.0,1.0,0.5,0.0,0.0,0.0,0.125923155196477,0.016395972067475412,0.12648565519647698,0.10859631039295436,0.14296874999999962,1.0,1.0,0.5,0.0,0.0,0.0,1.0,0.5,0.5,0.5,0.5,0.5,0.5,0.0,0.5,0.5,0.0,0.5,0.5,0.0,0.5,0.5,0.0,0.5,0.0,0.5,0.5,0.5,0.5,0.5,0.0,0.0,0.0,0.0,0.5,0.5,1.0,1.0,1.0,0.5,0.0,0.0,0.0,0.0,0.0,0.4369652777920191,1.0830562955919185e-20,1.0830562955919185e-20,0.0,0.05,0,0,0,0,C1,0.0,0.0,0.125923155196477,0.5,1.0,0.5,0.0,0.0,0.125923155196477
phaseflip,dephasing,0.15,2,0.1,10,qiskit_aer,1,1,0.8590000000000001,0.5059305555555557,0.25555555555555554,0.0,0.0,0.0,0.0,0.0,0.14099999999999968,0.00275567596063103,0.1387499999999997,0.1387499999999997,0.1443749999999996,1.0,0.2,1.0,0.0,0.0,0.0,0.11084631039295433,0.00275567596063103,0.10859631039295436,0.10859631039295436,0.11422131039295425,1.0,1.0,0.0,0.0,0.0,0.0,0.1168770483143634,0.013920503959138696,0.10859631039295436,0.10859631039295436,0.11422131039295425,1.0,1.0,0.2,0.0,0.0,0.0,0.1168770483143634,0.013920503959138696,0.10859631039295436,0.10859631039295436,0.11422131039295425,1.0,1.0,0.2,0.0,0.0,0.0,0.1168770483143634,0.013920503959138696,0.10859631039295436,0.10859631039295436,0.11422131039295425,1.0,1.0,0.2,0.0,0.0,0.0,0.1168770483143634,0.013920503959138696,0.10859631039295436,0.10859631039295436,0.11422131039295425,1.0,1.0,0.2,0.0,0.0,0.0,1.0,0.8,0.8,0.8,0.8,0.8,0.2,0.0,0.8,0.2,0.0,0.8,0.2,0.0,0.8,0.2,0.0,0.8,0.0,0.8,0.8,0.8,0.8,0.8,0.0,0.0,0.0,0.0,0.8,0.8,1.0,1.0,1.0,0.8,0.0,0.0,0.0,0.0,0.0,1.0940694444624501,1.6096305565062865e-20,1.6096305565062865e-20,0.0,0.1,0,0,0,0,C1,0.0,0.0,0.1168770483143634,0.2,1.0,0.8,0.0,0.0,0.1168770483143634
phaseflip,dephasing,0.15,3,0.0,10,qiskit_aer,1,1,0.79834375,0.79834375,0.0,0.0,0.0,0.0,0.0,0.0,0.20165624999999965,0.00604131284883512,0.2033437499999997,0.19553906249999972,0.20692968749999968,1.0,0.8,1.0,0.0,0.0,0.0,0.1715025603929543,0.00604131284883512,0.17319006039295437,0.16538537289295438,0.17677599789295434,1.0,1.0,0.0,0.0,0.0,0.0,0.19562551207859058,0.014979328638303289,0.2033437499999997,0.19293749999999954,0.20692968749999968,1.0,1.0,0.8,0.0,0.0,0.0,0.19562551207859058,0.014979328638303289,0.2033437499999997,0.19293749999999954,0.20692968749999968,1.0,1.0,0.8,0.0,0.0,0.0,0.19562551207859058,0.014979328638303289,0.2033437499999997,0.19293749999999954,0.20692968749999968,1.0,1.0,0.8,0.0,0.0,0.0,0.19562551207859058,0.014979328638303289,0.2033437499999997,0.19293749999999954,0.20692968749999968,1.0,1.0,0.8,0.0,0.0,0.0,1.0,0.2,0.2,0.2,0.2,0.2,0.8,0.0,0.2,0.8,0.0,0.2,0.8,0.0,0.2,0.8,0.0,0.2,0.0,0.2,0.2,0.2,0.2,0.2,0.0,0.0,0.0,0.0,0.2,0.2,1.0,1.0,1.0,0.2,0.0,0.0,0.0,0.0,0.0,-0.3983437499942448,4.332225182367674e-21,4.332225182367674e-21,0.0,0.0,0,0,0,0,C1,0.0,0.0,0.19562551207859058,0.8,1.0,0.2,0.0,0.0,0.19562551207859058
phaseflip,dephasing,0.15,3,0.01,10,qiskit_aer,1,1,0.79834375,0.638753125,0.02222222222222222,0.0,0.0,0.0,0.0,0.0,0.20165624999999965,0.00604131284883512,0.2033437499999997,0.19553906249999972,0.20692968749999968,1.0,0.8,1.0,0.0,0.0,0.0,0.1715025603929543,0.00604131284883512,0.17319006039295437,0.16538537289295438,0.17677599789295434,1.0,1.0,0.0,0.0,0.0,0.0,0.19562551207859058,0.014979328638303289,0.2033437499999997,0.19293749999999954,0.20692968749999968,1.0,1.0,0.8,0.0,0.0,0.0,0.19562551207859058,0.014979328638303289,0.2033437499999997,0.19293749999999954,0.20692968749999968,1.0,1.0,0.8,0.0,0.0,0.0,0.19562551207859058,0.014979328638303289,0.2033437499999997,0.19293749999999954,0.20692968749999968,1.0,1.0,0.8,0.0,0.0,0.0,0.19562551207859058,0.014979328638303289,0.2033437499999997,0.19293749999999954,0.20692968749999968,1.0,1.0,0.8,0.0,0.0,0.0,1.0,0.2,0.2,0.2,0.2,0.2,0.8,0.0,0.2,0.8,0.0,0.2,0.8,0.0,0.2,0.8,0.0,0.2,0.0,0.2,0.2,0.2,0.2,0.2,0.0,0.0,0.0,0.0,0.2,0.2,1.0,1.0,1.0,0.2,0.0,0.0,0.0,0.0,0.0,-0.23875312499415818,4.332225182367674e-21,4.332225182367674e-21,0.0,0.01,0,0,0,0,C1,0.0,0.0,0.19562551207859058,0.8,1.0,0.2,0.0,0.0,0.19562551207859058
phaseflip,dephasing,0.15,3,0.03,10,qiskit_aer,1,1,0.79834375,0.6209871527777778,0.04444444444444444,0.0,0.0,0.0,0.0,0.0,0.20165624999999965,0.00604131284883512,0.2033437499999997,0.19553906249999972,0.20692968749999968,1.0,0.8,1.0,0.0,0.0,0.0,0.1715025603929543,0.00604131284883512,0.17319006039295437,0.16538537289295438,0.17677599789295434,1.0,1.0,0.0,0.0,0.0,0.0,0.19562551207859058,0.014979328638303289,0.2033437499999997,0.19293749999999954,0.20692968749999968,1.0,1.0,0.8,0.0,0.0,0.0,0.19562551207859058,0.014979328638303289,0.2033437499999997,0.19293749999999954,0.20692968749999968,1.0,1.0,0.8,0.0,0.0,0.0,0.19562551207859058,0.014979328638303289,0.2033437499999997,0.19293749999999954,0.20692968749999968,1.0,1.0,0.8,0.0,0.0,0.0,0.19562551207859058,0.014979328638303289,0.2033437499999997,0.19293749999999954,0.20692968749999968,1.0,1.0,0.8,0.0,0.0,0.0,1.0,0.2,0.2,0.2,0.2,0.2,0.8,0.0,0.2,0.8,0.0,0.2,0.8,0.0,0.2,0.8,0.0,0.2,0.0,0.2,0.2,0.2,0.2,0.2,0.0,0.0,0.0,0.0,0.2,0.2,1.0,1.0,1.0,0.2,0.0,0.0,0.0,0.0,0.0,-0.22098715277204772,4.332225182367674e-21,4.332225182367674e-21,0.0,0.03,0,0,0,0,C1,0.0,0.0,0.19562551207859058,0.8,1.0,0.2,0.0,0.0,0.19562551207859058
phaseflip,dephasing,0.15,3,0.05,10,qiskit_aer,1,1,0.79834375,0.6209871527777778,0.07777777777777778,0.0,0.0,0.0,0.0,0.0,0.20165624999999965,0.00604131284883512,0.2033437499999997,0.19553906249999972,0.20692968749999968,1.0,0.8,1.0,0.0,0.0,0.0,0.1715025603929543,0.00604131284883512,0.17319006039295437,0.16538537289295438,0.17677599789295434,1.0,1.0,0.0,0.0,0.0,0.0,0.19562551207859058,0.014979328638303289,0.2033437499999997,0.19293749999999954,0.20692968749999968,1.0,1.0,0.8,0.0,0.0,0.0,0.19562551207859058,0.014979328638303289,0.2033437499999997,0.19293749999999954,0.20692968749999968,1.0,1.0,0.8,0.0,0.0,0.0,0.19562551207859058,0.014979328638303289,0.2033437499999997,0.19293749999999954,0.20692968749999968,1.0,1.0,0.8,0.0,0.0,0.0,0.19562551207859058,0.014979328638303289,0.2033437499999997,0.19293749999999954,0.20692968749999968,1.0,1.0,0.8,0.0,0.0,0.0,1.0,0.2,0.2,0.2,0.2,0.2,0.8,0.0,0.2,0.8,0.0,0.2,0.8,0.0,0.2,0.8,0.0,0.2,0.0,0.2,0.2,0.2,0.2,0.2,0.0,0.0,0.0,0.0,0.2,0.2,1.0,1.0,1.0,0.2,0.0,0.0,0.0,0.0,0.0,-0.22098715277226263,4.332225182367674e-21,4.332225182367674e-21,0.0,0.05,0,0,0,0,C1,0.0,0.0,0.19562551207859058,0.8,1.0,0.2,0.0,0.0,0.19562551207859058
phaseflip,dephasing,0.15,3,0.1,10,qiskit_aer,1,1,0.79834375,0.550279513888889,0.19999999999999998,0.0,0.0,0.0,0.0,0.0,0.20165624999999965,0.00604131284883512,0.2033437499999997,0.19553906249999972,0.20692968749999968,1.0,0.8,1.0,0.0,0.0,0.0,0.1715025603929543,0.00604131284883512,0.17319006039295437,0.16538537289295438,0.17677599789295434,1.0,1.0,0.0,0.0,0.0,0.0,0.19562551207859058,0.014979328638303289,0.2033437499999997,0.19293749999999954,0.20692968749999968,1.0,1.0,0.8,0.0,0.0,0.0,0.19562551207859058,0.014979328638303289,0.2033437499999997,0.19293749999999954,0.20692968749999968,1.0,1.0,0.8,0.0,0.0,0.0,0.19562551207859058,0.014979328638303289,0.2033437499999997,0.19293749999999954,0.20692968749999968,1.0,1.0,0.8,0.0,0.0,0.0,0.19562551207859058,0.014979328638303289,0.2033437499999997,0.19293749999999954,0.20692968749999968,1.0,1.0,0.8,0.0,0.0,0.0,1.0,0.2,0.2,0.2,0.2,0.2,0.8,0.0,0.2,0.8,0.0,0.2,0.8,0.0,0.2,0.8,0.0,0.2,0.0,0.2,0.2,0.2,0.2,0.2,0.0,0.0,0.0,0.0,0.2,0.2,1.0,1.0,1.0,0.2,0.0,0.0,0.0,0.0,0.0,-0.15027951388315888,4.332225182367674e-21,4.332225182367674e-21,0.0,0.1,0,0,0,0,C1,0.0,0.0,0.19562551207859058,0.8,1.0,0.2,0.0,0.0,0.19562551207859058
phaseflip,dephasing,0.15,4,0.0,10,qiskit_aer,1,1,0.7445260937500001,0.7445260937500001,0.0,0.0,0.0,0.0,0.0,0.0,0.25547390624999966,0.00890263334050704,0.26028046874999966,0.25346718749999964,0.2623124999999996,1.0,1.0,1.0,0.0,0.0,0.0,0.2253202166429543,0.00890263334050704,0.23012677914295432,0.2233134978929543,0.23215881039295427,1.0,1.0,0.0,0.0,0.0,0.0,0.25547390624999966,0.00890263334050704,0.26028046874999966,0.25346718749999964,0.2623124999999996,1.0,1.0,1.0,0.0,0.0,0.0,0.25547390624999966,0.00890263334050704,0.26028046874999966,0.25346718749999964,0.2623124999999996,1.0,1.0,1.0,0.0,0.0,0.0,0.25547390624999966,0.00890263334050704,0.26028046874999966,0.25346718749999964,0.2623124999999996,1.0,1.0,1.0,0.0,0.0,0.0,0.25547390624999966,0.00890263334050704,0.26028046874999966,0.25346718749999964,0.2623124999999996,1.0,1.0,1.0,0.0,0.0,0.0,1.0,0.0,0.0,0.0,0.0,0.0,1.0,0.0,0.0,1.0,0.0,0.0,1.0,0.0,0.0,1.0,0.0,0.0,0.0,0.0,0.0,0.0,0.0,0.0,0.0,0.0,0.0,0.0,0.0,0.0,1.0,1.0,1.0,0.0,0.0,0.0,0.0,0.0,0.0,-0.7445260937488213,0.0,0.0,0.0,0.0,0,0,0,0,C1,0.0,0.0,0.25547390624999966,1.0,1.0,0.0,0.0,0.0,0.25547390624999966
phaseflip,dephasing,0.15,4,0.01,10,qiskit_aer,1,1,0.7445260937500001,0.562415763888889,0.02222222222222222,0.0,0.0,0.0,0.0,0.0,0.25547390624999966,0.00890263334050704,0.26028046874999966,0.25346718749999964,0.2623124999999996,1.0,1.0,1.0,0.0,0.0,0.0,0.2253202166429543,0.00890263334050704,0.23012677914295432,0.2233134978929543,0.23215881039295427,1.0,1.0,0.0,0.0,0.0,0.0,0.25547390624999966,0.00890263334050704,0.26028046874999966,0.25346718749999964,0.2623124999999996,1.0,1.0,1.0,0.0,0.0,0.0,0.25547390624999966,0.00890263334050704,0.26028046874999966,0.25346718749999964,0.2623124999999996,1.0,1.0,1.0,0.0,0.0,0.0,0.25547390624999966,0.00890263334050704,0.26028046874999966,0.25346718749999964,0.2623124999999996,1.0,1.0,1.0,0.0,0.0,0.0,0.25547390624999966,0.00890263334050704,0.26028046874999966,0.25346718749999964,0.2623124999999996,1.0,1.0,1.0,0.0,0.0,0.0,1.0,0.0,0.0,0.0,0.0,0.0,1.0,0.0,0.0,1.0,0.0,0.0,1.0,0.0,0.0,1.0,0.0,0.0,0.0,0.0,0.0,0.0,0.0,0.0,0.0,0.0,0.0,0.0,0.0,0.0,1.0,1.0,1.0,0.0,0.0,0.0,0.0,0.0,0.0,-0.5624157638878068,0.0,0.0,0.0,0.01,0,0,0,0,C1,0.0,0.0,0.25547390624999966,1.0,1.0,0.0,0.0,0.0,0.25547390624999966
phaseflip,dephasing,0.15,4,0.03,10,qiskit_aer,1,1,0.7445260937500001,0.562156701388889,0.04444444444444444,0.0,0.0,0.0,0.0,0.0,0.25547390624999966,0.00890263334050704,0.26028046874999966,0.25346718749999964,0.2623124999999996,1.0,1.0,1.0,0.0,0.0,0.0,0.2253202166429543,0.00890263334050704,0.23012677914295432,0.2233134978929543,0.23215881039295427,1.0,1.0,0.0,0.0,0.0,0.0,0.25547390624999966,0.00890263334050704,0.26028046874999966,0.25346718749999964,0.2623124999999996,1.0,1.0,1.0,0.0,0.0,0.0,0.25547390624999966,0.00890263334050704,0.26028046874999966,0.25346718749999964,0.2623124999999996,1.0,1.0,1.0,0.0,0.0,0.0,0.25547390624999966,0.00890263334050704,0.26028046874999966,0.25346718749999964,0.2623124999999996,1.0,1.0,1.0,0.0,0.0,0.0,0.25547390624999966,0.00890263334050704,0.26028046874999966,0.25346718749999964,0.2623124999999996,1.0,1.0,1.0,0.0,0.0,0.0,1.0,0.0,0.0,0.0,0.0,0.0,1.0,0.0,0.0,1.0,0.0,0.0,1.0,0.0,0.0,1.0,0.0,0.0,0.0,0.0,0.0,0.0,0.0,0.0,0.0,0.0,0.0,0.0,0.0,0.0,1.0,1.0,1.0,0.0,0.0,0.0,0.0,0.0,0.0,-0.5621567013878067,0.0,0.0,0.0,0.03,0,0,0,0,C1,0.0,0.0,0.25547390624999966,1.0,1.0,0.0,0.0,0.0,0.25547390624999966
phaseflip,dephasing,0.15,4,0.05,10,qiskit_aer,1,1,0.7445260937500001,0.5703532291666668,0.07777777777777778,0.0,0.0,0.0,0.0,0.0,0.25547390624999966,0.00890263334050704,0.26028046874999966,0.25346718749999964,0.2623124999999996,1.0,1.0,1.0,0.0,0.0,0.0,0.2253202166429543,0.00890263334050704,0.23012677914295432,0.2233134978929543,0.23215881039295427,1.0,1.0,0.0,0.0,0.0,0.0,0.25547390624999966,0.00890263334050704,0.26028046874999966,0.25346718749999964,0.2623124999999996,1.0,1.0,1.0,0.0,0.0,0.0,0.25547390624999966,0.00890263334050704,0.26028046874999966,0.25346718749999964,0.2623124999999996,1.0,1.0,1.0,0.0,0.0,0.0,0.25547390624999966,0.00890263334050704,0.26028046874999966,0.25346718749999964,0.2623124999999996,1.0,1.0,1.0,0.0,0.0,0.0,0.25547390624999966,0.00890263334050704,0.26028046874999966,0.25346718749999964,0.2623124999999996,1.0,1.0,1.0,0.0,0.0,0.0,1.0,0.0,0.0,0.0,0.0,0.0,1.0,0.0,0.0,1.0,0.0,0.0,1.0,0.0,0.0,1.0,0.0,0.0,0.0,0.0,0.0,0.0,0.0,0.0,0.0,0.0,0.0,0.0,0.0,0.0,1.0,1.0,1.0,0.0,0.0,0.0,0.0,0.0,0.0,-0.5703532291655845,0.0,0.0,0.0,0.05,0,0,0,0,C1,0.0,0.0,0.25547390624999966,1.0,1.0,0.0,0.0,0.0,0.25547390624999966
phaseflip,dephasing,0.15,4,0.1,10,qiskit_aer,1,1,0.7445260937500001,0.5130931597222224,0.19999999999999998,0.0,0.0,0.0,0.0,0.0,0.25547390624999966,0.00890263334050704,0.26028046874999966,0.25346718749999964,0.2623124999999996,1.0,1.0,1.0,0.0,0.0,0.0,0.2253202166429543,0.00890263334050704,0.23012677914295432,0.2233134978929543,0.23215881039295427,1.0,1.0,0.0,0.0,0.0,0.0,0.25547390624999966,0.00890263334050704,0.26028046874999966,0.25346718749999964,0.2623124999999996,1.0,1.0,1.0,0.0,0.0,0.0,0.25547390624999966,0.00890263334050704,0.26028046874999966,0.25346718749999964,0.2623124999999996,1.0,1.0,1.0,0.0,0.0,0.0,0.25547390624999966,0.00890263334050704,0.26028046874999966,0.25346718749999964,0.2623124999999996,1.0,1.0,1.0,0.0,0.0,0.0,0.25547390624999966,0.00890263334050704,0.26028046874999966,0.25346718749999964,0.2623124999999996,1.0,1.0,1.0,0.0,0.0,0.0,1.0,0.0,0.0,0.0,0.0,0.0,1.0,0.0,0.0,1.0,0.0,0.0,1.0,0.0,0.0,1.0,0.0,0.0,0.0,0.0,0.0,0.0,0.0,0.0,0.0,0.0,0.0,0.0,0.0,0.0,1.0,1.0,1.0,0.0,0.0,0.0,0.0,0.0,0.0,-0.51309315972114,0.0,0.0,0.0,0.1,0,0,0,0,C1,0.0,0.0,0.25547390624999966,1.0,1.0,0.0,0.0,0.0,0.25547390624999966
phaseflip,dephasing,0.2,1,0.0,10,qiskit_aer,1,1,0.9000000000000001,0.9000000000000001,0.0,0.0,1.0,1.0,0.0,0.0,0.09999999999999964,0.0,0.09999999999999964,0.09999999999999964,0.09999999999999964,1.0,0.8,1.0,0.2,0.0,0.0,0.0698463103929543,0.0,0.0698463103929543,0.0698463103929543,0.0698463103929543,1.0,1.0,0.0,0.0,0.0,1.0,0.0698463103929543,0.0,0.0698463103929543,0.0698463103929543,0.0698463103929543,1.0,1.0,0.0,0.0,0.0,1.0,0.09396926207859058,0.012061475842818137,0.09999999999999964,0.09999999999999964,0.09999999999999964,1.0,1.0,0.8,0.0,0.0,0.2,0.09396926207859058,0.012061475842818137,0.09999999999999964,0.09999999999999964,0.09999999999999964,1.0,1.0,0.8,0.0,0.0,0.2,0.09396926207859058,0.012061475842818137,0.09999999999999964,0.09999999999999964,0.09999999999999964,1.0,1.0,0.8,0.0,0.0,0.2,1.0,1.0,0.2,0.2,0.2,1.0,0.0,1.0,0.2,1.0,1.0,0.2,1.0,1.0,0.2,1.0,1.0,0.2,0.8,0.2,0.2,0.2,0.2,0.2,0.0,0.0,0.0,0.0,0.2,0.2,1.0,1.0,1.0,0.2,0.0,0.0,0.0,0.0,0.0,-0.4999999998967022,0.006573680430971311,0.006573680430971311,0.0,0.0,0,0,0,0,C2,0.0,0.0,0.09396926207859058,0.8,1.0,0.2,0.0,0.0,0.09396926207859058
phaseflip,dephasing,0.2,1,0.01,10,qiskit_aer,1,1,0.9000000000000001,0.6900000000000001,0.03333333333333333,0.0,0.0,1.0,0.0,0.0,0.09999999999999964,0.0,0.09999999999999964,0.09999999999999964,0.09999999999999964,1.0,0.8,1.0,0.0,0.0,0.0,0.0698463103929543,0.0,0.0698463103929543,0.0698463103929543,0.0698463103929543,1.0,1.0,0.0,0.0,0.0,0.0,0.09396926207859058,0.012061475842818137,0.09999999999999964,0.09999999999999964,0.09999999999999964,1.0,1.0,0.8,0.0,0.0,0.0,0.09396926207859058,0.012061475842818137,0.09999999999999964,0.09999999999999964,0.09999999999999964,1.0,1.0,0.8,0.0,0.0,0.0,0.09396926207859058,0.012061475842818137,0.09999999999999964,0.09999999999999964,0.09999999999999964,1.0,1.0,0.8,0.0,0.0,0.0,0.09396926207859058,0.012061475842818137,0.09999999999999964,0.09999999999999964,0.09999999999999964,1.0,1.0,0.8,0.0,0.0,0.0,1.0,0.2,0.2,0.2,0.2,0.2,0.8,0.0,0.2,0.8,0.0,0.2,0.8,0.0,0.2,0.8,0.0,0.2,0.0,0.2,0.2,0.2,0.2,0.2,0.0,0.0,0.0,0.0,0.2,0.2,1.0,1.0,1.0,0.2,0.0,0.0,0.0,0.0,0.0,-0.28999999989670205,0.006573680430971311,0.006573680430971311,0.0,0.01,0,0,0,0,C1,0.0,0.0,0.09396926207859058,0.8,1.0,0.2,0.0,0.0,0.09396926207859058
phaseflip,dephasing,0.2,1,0.03,10,qiskit_aer,1,1,0.9000000000000001,0.6200000000000001,0.1111111111111111,0.0,0.0,1.0,0.0,0.0,0.09999999999999964,0.0,0.09999999999999964,0.09999999999999964,0.09999999999999964,1.0,0.9,1.0,0.0,0.0,0.0,0.0698463103929543,0.0,0.0698463103929543,0.0698463103929543,0.0698463103929543,1.0,1.0,0.0,0.0,0.0,0.0,0.09698463103929511,0.009046106882113603,0.09999999999999964,0.09999999999999964,0.09999999999999964,1.0,1.0,0.9,0.0,0.0,0.0,0.09698463103929511,0.009046106882113603,0.09999999999999964,0.09999999999999964,0.09999999999999964,1.0,1.0,0.9,0.0,0.0,0.0,0.09698463103929511,0.009046106882113603,0.09999999999999964,0.09999999999999964,0.09999999999999964,1.0,1.0,0.9,0.0,0.0,0.0,0.09698463103929511,0.009046106882113603,0.09999999999999964,0.09999999999999964,0.09999999999999964,1.0,1.0,0.9,0.0,0.0,0.0,1.0,0.1,0.1,0.1,0.1,0.1,0.9,0.0,0.1,0.9,0.0,0.1,0.9,0.0,0.1,0.9,0.0,0.1,0.0,0.1,0.1,0.1,0.1,0.1,0.0,0.0,0.0,0.0,0.1,0.1,1.0,1.0,1.0,0.1,0.0,0.0,0.0,0.0,0.0,-0.419999999899423,0.0032868402154856554,0.0032868402154856554,0.0,0.03,0,0,0,0,C1,0.0,0.0,0.09698463103929511,0.9,1.0,0.1,0.0,0.0,0.09698463103929511
phaseflip,dephasing,0.2,1,0.05,10,qiskit_aer,1,1,0.9000000000000001,0.6000000000000001,0.15555555555555556,0.0,0.0,1.0,0.0,0.0,0.09999999999999964,0.0,0.09999999999999964,0.09999999999999964,0.09999999999999964,1.0,0.8,1.0,0.0,0.0,0.0,0.0698463103929543,0.0,0.0698463103929543,0.0698463103929543,0.0698463103929543,1.0,1.0,0.0,0.0,0.0,0.0,0.09396926207859058,0.012061475842818137,0.09999999999999964,0.09999999999999964,0.09999999999999964,1.0,1.0,0.8,0.0,0.0,0.0,0.09396926207859058,0.012061475842818137,0.09999999999999964,0.09999999999999964,0.09999999999999964,1.0,1.0,0.8,0.0,0.0,0.0,0.09396926207859058,0.012061475842818137,0.09999999999999964,0.09999999999999964,0.09999999999999964,1.0,1.0,0.8,0.0,0.0,0.0,0.09396926207859058,0.012061475842818137,0.09999999999999964,0.09999999999999964,0.09999999999999964,1.0,1.0,0.8,0.0,0.0,0.0,1.0,0.2,0.2,0.2,0.2,0.2,0.8,0.0,0.2,0.8,0.0,0.2,0.8,0.0,0.2,0.8,0.0,0.2,0.0,0.2,0.2,0.2,0.2,0.2,0.0,0.0,0.0,0.0,0.2,0.2,1.0,1.0,1.0,0.2,0.0,0.0,0.0,0.0,0.0,-0.19999999989942296,4.629530721534997e-18,4.629530721534997e-18,0.0,0.05,0,0,0,0,C1,0.0,0.0,0.09396926207859058,0.8,1.0,0.2,0.0,0.0,0.09396926207859058
phaseflip,dephasing,0.2,1,0.1,10,qiskit_aer,1,1,0.9000000000000001,0.54,0.25555555555555554,0.0,0.0,1.0,0.0,0.0,0.09999999999999964,0.0,0.09999999999999964,0.09999999999999964,0.09999999999999964,1.0,0.8,1.0,0.0,0.0,0.0,0.0698463103929543,0.0,0.0698463103929543,0.0698463103929543,0.0698463103929543,1.0,1.0,0.0,0.0,0.0,0.0,0.09396926207859058,0.012061475842818137,0.09999999999999964,0.09999999999999964,0.09999999999999964,1.0,1.0,0.8,0.0,0.0,0.0,0.09396926207859058,0.012061475842818137,0.09999999999999964,0.09999999999999964,0.09999999999999964,1.0,1.0,0.8,0.0,0.0,0.0,0.09396926207859058,0.012061475842818137,0.09999999999999964,0.09999999999999964,0.09999999999999964,1.0,1.0,0.8,0.0,0.0,0.0,0.09396926207859058,0.012061475842818137,0.09999999999999964,0.09999999999999964,0.09999999999999964,1.0,1.0,0.8,0.0,0.0,0.0,1.0,0.2,0.2,0.2,0.2,0.2,0.8,0.0,0.2,0.8,0.0,0.2,0.8,0.0,0.2,0.8,0.0,0.2,0.0,0.2,0.2,0.2,0.2,0.2,0.0,0.0,0.0,0.0,0.2,0.2,1.0,1.0,1.0,0.2,0.0,0.0,0.0,0.0,0.0,-0.13999999989806247,0.003286840215485658,0.003286840215485658,0.0,0.1,0,0,0,0,C1,0.0,0.0,0.09396926207859058,0.8,1.0,0.2,0.0,0.0,0.09396926207859058
phaseflip,dephasing,0.2,2,0.0,10,qiskit_aer,1,1,0.8160000000000001,0.8160000000000001,0.0,0.0,0.0,0.0,0.0,0.0,0.1839999999999997,0.00489897948556632,0.17999999999999972,0.17999999999999972,0.1899999999999996,1.0,0.7,1.0,0.0,0.0,0.0,0.15384631039295435,0.00489897948556632,0.14984631039295437,0.14984631039295437,0.15984631039295427,1.0,1.0,0.0,0.0,0.0,0.0,0.1749538931178861,0.01695023021701166,0.17999999999999972,0.1573847327947157,0.1899999999999996,1.0,1.0,0.7,0.0,0.0,0.0,0.1749538931178861,0.01695023021701166,0.17999999999999972,0.1573847327947157,0.1899999999999996,1.0,1.0,0.7,0.0,0.0,0.0,0.1749538931178861,0.01695023021701166,0.17999999999999972,0.1573847327947157,0.1899999999999996,1.0,1.0,0.7,0.0,0.0,0.0,0.1749538931178861,0.01695023021701166,0.17999999999999972,0.1573847327947157,0.1899999999999996,1.0,1.0,0.7,0.0,0.0,0.0,1.0,0.3,0.3,0.3,0.3,0.3,0.7,0.0,0.3,0.7,0.0,0.3,0.7,0.0,0.3,0.7,0.0,0.3,0.0,0.3,0.3,0.3,0.3,0.3,0.0,0.0,0.0,0.0,0.3,0.3,1.0,1.0,1.0,0.3,0.0,0.0,0.0,0.0,0.0,-0.21599999999121614,6.498337773551511e-21,6.498337773551511e-21,0.0,0.0,0,0,0,0,C1,0.0,0.0,0.1749538931178861,0.7,1.0,0.3,0.0,0.0,0.1749538931178861
phaseflip,dephasing,0.2,2,0.01,10,qiskit_aer,1,1,0.8160000000000001,0.562,0.03333333333333333,0.0,0.0,0.0,0.0,0.0,0.1839999999999997,0.00489897948556632,0.17999999999999972,0.17999999999999972,0.1899999999999996,1.0,0.7,1.0,0.0,0.0,0.0,0.15384631039295435,0.00489897948556632,0.14984631039295437,0.14984631039295437,0.15984631039295427,1.0,1.0,0.0,0.0,0.0,0.0,0.1749538931178861,0.01695023021701166,0.17999999999999972,0.1573847327947157,0.1899999999999996,1.0,1.0,0.7,0.0,0.0,0.0,0.1749538931178861,0.01695023021701166,0.17999999999999972,0.1573847327947157,0.1899999999999996,1.0,1.0,0.7,0.0,0.0,0.0,0.1749538931178861,0.01695023021701166,0.17999999999999972,0.1573847327947157,0.1899999999999996,1.0,1.0,0.7,0.0,0.0,0.0,0.1749538931178861,0.01695023021701166,0.17999999999999972,0.1573847327947157,0.1899999999999996,1.0,1.0,0.7,0.0,0.0,0.0,1.0,0.3,0.3,0.3,0.3,0.3,0.7,0.0,0.3,0.7,0.0,0.3,0.7,0.0,0.3,0.7,0.0,0.3,0.0,0.3,0.3,0.3,0.3,0.3,0.0,0.0,0.0,0.0,0.3,0.3,1.0,1.0,1.0,0.3,0.0,0.0,0.0,0.0,0.0,0.03800000000907509,6.498337773551511e-21,6.498337773551511e-21,0.0,0.01,0,0,0,0,C1,0.0,0.0,0.1749538931178861,0.7,1.0,0.3,0.0,0.0,0.1749538931178861
phaseflip,dephasing,0.2,2,0.03,10,qiskit_aer,1,1,0.8160000000000001,0.5075555555555555,0.1111111111111111,0.0,0.0,0.0,0.0,0.0,0.1839999999999997,0.00489897948556632,0.17999999999999972,0.17999999999999972,0.1899999999999996,1.0,0.7,1.0,0.0,0.0,0.0,0.15384631039295435,0.00489897948556632,0.14984631039295437,0.14984631039295437,0.15984631039295427,1.0,1.0,0.0,0.0,0.0,0.0,0.1749538931178861,0.01695023021701166,0.17999999999999972,0.1573847327947157,0.1899999999999996,1.0,1.0,0.7,0.0,0.0,0.0,0.1749538931178861,0.01695023021701166,0.17999999999999972,0.1573847327947157,0.1899999999999996,1.0,1.0,0.7,0.0,0.0,0.0,0.1749538931178861,0.01695023021701166,0.17999999999999972,0.1573847327947157,0.1899999999999996,1.0,1.0,0.7,0.0,0.0,0.0,0.1749538931178861,0.01695023021701166,0.17999999999999972,0.1573847327947157,0.1899999999999996,1.0,1.0,0.7,0.0,0.0,0.0,1.0,0.3,0.3,0.3,0.3,0.3,0.7,0.0,0.3,0.7,0.0,0.3,0.7,0.0,0.3,0.7,0.0,0.3,0.0,0.3,0.3,0.3,0.3,0.3,0.0,0.0,0.0,0.0,0.3,0.3,1.0,1.0,1.0,0.3,0.0,0.0,0.0,0.0,0.0,0.09244444445322839,6.498337773551511e-21,6.498337773551511e-21,0.0,0.03,0,0,0,0,C1,0.0,0.0,0.1749538931178861,0.7,1.0,0.3,0.0,0.0,0.1749538931178861
phaseflip,dephasing,0.2,2,0.05,10,qiskit_aer,1,1,0.8160000000000001,0.48933333333333334,0.15555555555555556,0.0,0.0,0.0,0.0,0.0,0.1839999999999997,0.00489897948556632,0.17999999999999972,0.17999999999999972,0.1899999999999996,1.0,0.7,1.0,0.0,0.0,0.0,0.15384631039295435,0.00489897948556632,0.14984631039295437,0.14984631039295437,0.15984631039295427,1.0,1.0,0.0,0.0,0.0,0.0,0.1749538931178861,0.01695023021701166,0.17999999999999972,0.1573847327947157,0.1899999999999996,1.0,1.0,0.7,0.0,0.0,0.0,0.1749538931178861,0.01695023021701166,0.17999999999999972,0.1573847327947157,0.1899999999999996,1.0,1.0,0.7,0.0,0.0,0.0,0.1749538931178861,0.01695023021701166,0.17999999999999972,0.1573847327947157,0.1899999999999996,1.0,1.0,0.7,0.0,0.0,0.0,0.1749538931178861,0.01695023021701166,0.17999999999999972,0.1573847327947157,0.1899999999999996,1.0,1.0,0.7,0.0,0.0,0.0,1.0,0.3,0.3,0.3,0.3,0.3,0.7,0.0,0.3,0.7,0.0,0.3,0.7,0.0,0.3,0.7,0.0,0.3,0.0,0.3,0.3,0.3,0.3,0.3,0.0,0.0,0.0,0.0,0.3,0.3,1.0,1.0,1.0,0.3,0.0,0.0,0.0,0.0,0.0,0.11066666667545062,6.498337773551511e-21,6.498337773551511e-21,0.0,0.05,0,0,0,0,C1,0.0,0.0,0.1749538931178861,0.7,1.0,0.3,0.0,0.0,0.1749538931178861
phaseflip,dephasing,0.2,2,0.1,10,qiskit_aer,1,1,0.8160000000000001,0.43522222222222223,0.25555555555555554,0.0,0.0,0.0,0.0,0.0,0.1839999999999997,0.00489897948556632,0.17999999999999972,0.17999999999999972,0.1899999999999996,1.0,0.7,1.0,0.0,0.0,0.0,0.15384631039295435,0.00489897948556632,0.14984631039295437,0.14984631039295437,0.15984631039295427,1.0,1.0,0.0,0.0,0.0,0.0,0.1749538931178861,0.01695023021701166,0.17999999999999972,0.1573847327947157,0.1899999999999996,1.0,1.0,0.7,0.0,0.0,0.0,0.1749538931178861,0.01695023021701166,0.17999999999999972,0.1573847327947157,0.1899999999999996,1.0,1.0,0.7,0.0,0.0,0.0,0.1749538931178861,0.01695023021701166,0.17999999999999972,0.1573847327947157,0.1899999999999996,1.0,1.0,0.7,0.0,0.0,0.0,0.1749538931178861,0.01695023021701166,0.17999999999999972,0.1573847327947157,0.1899999999999996,1.0,1.0,0.7,0.0,0.0,0.0,1.0,0.3,0.3,0.3,0.3,0.3,0.7,0.0,0.3,0.7,0.0,0.3,0.7,0.0,0.3,0.7,0.0,0.3,0.0,0.3,0.3,0.3,0.3,0.3,0.0,0.0,0.0,0.0,0.3,0.3,1.0,1.0,1.0,0.3,0.0,0.0,0.0,0.0,0.0,0.16477777778627054,6.498337773551511e-21,6.498337773551511e-21,0.0,0.1,0,0,0,0,C1,0.0,0.0,0.1749538931178861,0.7,1.0,0.3,0.0,0.0,0.1749538931178861
phaseflip,dephasing,0.2,3,0.0,10,qiskit_aer,1,1,0.7410000000000001,0.7410000000000001,0.0,0.0,0.0,0.0,0.0,0.0,0.2589999999999997,0.010363397126425285,0.2619999999999997,0.24849999999999975,0.2679999999999997,1.0,0.7,1.0,0.0,0.0,0.0,0.22884631039295433,0.010363397126425285,0.23184631039295434,0.2183463103929544,0.23784631039295434,1.0,1.0,0.0,0.0,0.0,0.0,0.24995389311788607,0.01877812798565044,0.25299999999999967,0.23488473279471567,0.2679999999999997,1.0,1.0,0.7,0.0,0.0,0.0,0.24995389311788607,0.01877812798565044,0.25299999999999967,0.23488473279471567,0.2679999999999997,1.0,1.0,0.7,0.0,0.0,0.0,0.24995389311788607,0.01877812798565044,0.25299999999999967,0.23488473279471567,0.2679999999999997,1.0,1.0,0.7,0.0,0.0,0.0,0.24995389311788607,0.01877812798565044,0.25299999999999967,0.23488473279471567,0.2679999999999997,1.0,1.0,0.7,0.0,0.0,0.0,1.0,0.3,0.3,0.3,0.3,0.3,0.7,0.0,0.3,0.7,0.0,0.3,0.7,0.0,0.3,0.7,0.0,0.3,0.0,0.3,0.3,0.3,0.3,0.3,0.0,0.0,0.0,0.0,0.3,0.3,1.0,1.0,1.0,0.3,0.0,0.0,0.0,0.0,0.0,-0.14099999999792562,4.033147444735849e-21,4.033147444735849e-21,0.0,0.0,0,0,0,0,C1,0.0,0.0,0.24995389311788607,0.7,1.0,0.3,0.0,0.0,0.24995389311788607
phaseflip,dephasing,0.2,3,0.01,10,qiskit_aer,1,1,0.7410000000000001,0.5600222222222223,0.02222222222222222,0.0,0.0,0.0,0.0,0.0,0.2589999999999997,0.010363397126425285,0.2619999999999997,0.24849999999999975,0.2679999999999997,1.0,0.8,1.0,0.0,0.0,0.0,0.22884631039295433,0.010363397126425285,0.23184631039295434,0.2183463103929544,0.23784631039295434,1.0,1.0,0.0,0.0,0.0,0.0,0.2529692620785906,0.01803463486083912,0.2619999999999997,0.24399999999999966,0.2679999999999997,1.0,1.0,0.8,0.0,0.0,0.0,0.2529692620785906,0.01803463486083912,0.2619999999999997,0.24399999999999966,0.2679999999999997,1.0,1.0,0.8,0.0,0.0,0.0,0.2529692620785906,0.01803463486083912,0.2619999999999997,0.24399999999999966,0.2679999999999997,1.0,1.0,0.8,0.0,0.0,0.0,0.2529692620785906,0.01803463486083912,0.2619999999999997,0.24399999999999966,0.2679999999999997,1.0,1.0,0.8,0.0,0.0,0.0,1.0,0.2,0.2,0.2,0.2,0.2,0.8,0.0,0.2,0.8,0.0,0.2,0.8,0.0,0.2,0.8,0.0,0.2,0.0,0.2,0.2,0.2,0.2,0.2,0.0,0.0,0.0,0.0,0.2,0.2,1.0,1.0,1.0,0.2,0.0,0.0,0.0,0.0,0.0,-0.1600222222200683,4.332225182367674e-21,4.332225182367674e-21,0.0,0.01,0,0,0,0,C1,0.0,0.0,0.2529692620785906,0.8,1.0,0.2,0.0,0.0,0.2529692620785906
phaseflip,dephasing,0.2,3,0.03,10,qiskit_aer,1,1,0.7410000000000001,0.5597333333333334,0.04444444444444444,0.0,0.0,0.0,0.0,0.0,0.2589999999999997,0.010363397126425285,0.2619999999999997,0.24849999999999975,0.2679999999999997,1.0,0.7,1.0,0.0,0.0,0.0,0.22884631039295433,0.010363397126425285,0.23184631039295434,0.2183463103929544,0.23784631039295434,1.0,1.0,0.0,0.0,0.0,0.0,0.24995389311788607,0.01877812798565044,0.25299999999999967,0.23488473279471567,0.2679999999999997,1.0,1.0,0.7,0.0,0.0,0.0,0.24995389311788607,0.01877812798565044,0.25299999999999967,0.23488473279471567,0.2679999999999997,1.0,1.0,0.7,0.0,0.0,0.0,0.24995389311788607,0.01877812798565044,0.25299999999999967,0.23488473279471567,0.2679999999999997,1.0,1.0,0.7,0.0,0.0,0.0,0.24995389311788607,0.01877812798565044,0.25299999999999967,0.23488473279471567,0.2679999999999997,1.0,1.0,0.7,0.0,0.0,0.0,1.0,0.3,0.3,0.3,0.3,0.3,0.7,0.0,0.3,0.7,0.0,0.3,0.7,0.0,0.3,0.7,0.0,0.3,0.0,0.3,0.3,0.3,0.3,0.3,0.0,0.0,0.0,0.0,0.3,0.3,1.0,1.0,1.0,0.3,0.0,0.0,0.0,0.0,0.0,0.04026666666882064,4.033147444735849e-21,4.033147444735849e-21,0.0,0.03,0,0,0,0,C1,0.0,0.0,0.24995389311788607,0.7,1.0,0.3,0.0,0.0,0.24995389311788607
phaseflip,dephasing,0.2,3,0.05,10,qiskit_aer,1,1,0.7410000000000001,0.5678444444444445,0.07777777777777778,0.0,0.0,0.0,0.0,0.0,0.2589999999999997,0.010363397126425285,0.2619999999999997,0.24849999999999975,0.2679999999999997,1.0,0.7,1.0,0.0,0.0,0.0,0.22884631039295433,0.010363397126425285,0.23184631039295434,0.2183463103929544,0.23784631039295434,1.0,1.0,0.0,0.0,0.0,0.0,0.24995389311788607,0.01877812798565044,0.25299999999999967,0.23488473279471567,0.2679999999999997,1.0,1.0,0.7,0.0,0.0,0.0,0.24995389311788607,0.01877812798565044,0.25299999999999967,0.23488473279471567,0.2679999999999997,1.0,1.0,0.7,0.0,0.0,0.0,0.24995389311788607,0.01877812798565044,0.25299999999999967,0.23488473279471567,0.2679999999999997,1.0,1.0,0.7,0.0,0.0,0.0,0.24995389311788607,0.01877812798565044,0.25299999999999967,0.23488473279471567,0.2679999999999997,1.0,1.0,0.7,0.0,0.0,0.0,1.0,0.3,0.3,0.3,0.3,0.3,0.7,0.0,0.3,0.7,0.0,0.3,0.7,0.0,0.3,0.7,0.0,0.3,0.0,0.3,0.3,0.3,0.3,0.3,0.0,0.0,0.0,0.0,0.3,0.3,1.0,1.0,1.0,0.3,0.0,0.0,0.0,0.0,0.0,0.03215555555770951,4.033147444735849e-21,4.033147444735849e-21,0.0,0.05,0,0,0,0,C1,0.0,0.0,0.24995389311788607,0.7,1.0,0.3,0.0,0.0,0.24995389311788607
phaseflip,dephasing,0.2,3,0.1,10,qiskit_aer,1,1,0.7410000000000001,0.5107111111111112,0.19999999999999998,0.0,0.0,0.0,0.0,0.0,0.2589999999999997,0.010363397126425285,0.2619999999999997,0.24849999999999975,0.2679999999999997,1.0,0.7,1.0,0.0,0.0,0.0,0.22884631039295433,0.010363397126425285,0.23184631039295434,0.2183463103929544,0.23784631039295434,1.0,1.0,0.0,0.0,0.0,0.0,0.24995389311788607,0.01877812798565044,0.25299999999999967,0.23488473279471567,0.2679999999999997,1.0,1.0,0.7,0.0,0.0,0.0,0.24995389311788607,0.01877812798565044,0.25299999999999967,0.23488473279471567,0.2679999999999997,1.0,1.0,0.7,0.0,0.0,0.0,0.24995389311788607,0.01877812798565044,0.25299999999999967,0.23488473279471567,0.2679999999999997,1.0,1.0,0.7,0.0,0.0,0.0,0.24995389311788607,0.01877812798565044,0.25299999999999967,0.23488473279471567,0.2679999999999997,1.0,1.0,0.7,0.0,0.0,0.0,1.0,0.3,0.3,0.3,0.3,0.3,0.7,0.0,0.3,0.7,0.0,0.3,0.7,0.0,0.3,0.7,0.0,0.3,0.0,0.3,0.3,0.3,0.3,0.3,0.0,0.0,0.0,0.0,0.3,0.3,1.0,1.0,1.0,0.3,0.0,0.0,0.0,0.0,0.0,0.08928888889095396,5.26574260914368e-21,5.26574260914368e-21,0.0,0.1,0,0,0,0,C1,0.0,0.0,0.24995389311788607,0.7,1.0,0.3,0.0,0.0,0.24995389311788607
phaseflip,dephasing,0.2,4,0.0,10,qiskit_aer,1,1,0.6772800000000001,0.6772800000000001,0.0,0.0,0.0,0.0,0.0,0.0,0.3227199999999998,0.01481275126369163,0.33079999999999976,0.3195999999999999,0.33399999999999974,1.0,0.7,1.0,0.0,0.0,0.0,0.29256631039295444,0.01481275126369163,0.3006463103929544,0.28944631039295454,0.3038463103929544,1.0,1.0,0.0,0.0,0.0,0.0,0.3136738931178862,0.02669945436690913,0.3267999999999998,0.3029847327947158,0.33399999999999974,1.0,1.0,0.7,0.0,0.0,0.0,0.3136738931178862,0.02669945436690913,0.3267999999999998,0.3029847327947158,0.33399999999999974,1.0,1.0,0.7,0.0,0.0,0.0,0.3136738931178862,0.02669945436690913,0.3267999999999998,0.3029847327947158,0.33399999999999974,1.0,1.0,0.7,0.0,0.0,0.0,0.3136738931178862,0.02669945436690913,0.3267999999999998,0.3029847327947158,0.33399999999999974,1.0,1.0,0.7,0.0,0.0,0.0,1.0,0.3,0.3,0.3,0.3,0.3,0.7,0.0,0.3,0.7,0.0,0.3,0.7,0.0,0.3,0.7,0.0,0.3,0.0,0.3,0.3,0.3,0.3,0.3,0.0,0.0,0.0,0.0,0.3,0.3,1.0,1.0,1.0,0.3,0.0,0.0,0.0,0.0,0.0,-0.0772799999993791,6.498337773551511e-21,6.498337773551511e-21,0.0,0.0,0,0,0,0,C1,0.0,0.0,0.3136738931178862,0.7,1.0,0.3,0.0,0.0,0.3136738931178862
phaseflip,dephasing,0.2,4,0.01,10,qiskit_aer,1,1,0.6772800000000001,0.43656000000000006,0.02222222222222222,0.0,0.0,0.0,0.0,0.0,0.3227199999999998,0.01481275126369163,0.33079999999999976,0.3195999999999999,0.33399999999999974,1.0,0.8,1.0,0.0,0.0,0.0,0.29256631039295444,0.01481275126369163,0.3006463103929544,0.28944631039295454,0.3038463103929544,1.0,1.0,0.0,0.0,0.0,0.0,0.3166892620785907,0.02639751152478653,0.33079999999999976,0.3195999999999999,0.33399999999999974,1.0,1.0,0.8,0.0,0.0,0.0,0.3166892620785907,0.02639751152478653,0.33079999999999976,0.3195999999999999,0.33399999999999974,1.0,1.0,0.8,0.0,0.0,0.0,0.3166892620785907,0.02639751152478653,0.33079999999999976,0.3195999999999999,0.33399999999999974,1.0,1.0,0.8,0.0,0.0,0.0,0.3166892620785907,0.02639751152478653,0.33079999999999976,0.3195999999999999,0.33399999999999974,1.0,1.0,0.8,0.0,0.0,0.0,1.0,0.2,0.2,0.2,0.2,0.2,0.8,0.0,0.2,0.8,0.0,0.2,0.8,0.0,0.2,0.8,0.0,0.2,0.0,0.2,0.2,0.2,0.2,0.2,0.0,0.0,0.0,0.0,0.2,0.2,1.0,1.0,1.0,0.2,0.0,0.0,0.0,0.0,0.0,-0.03655999999929851,4.332225182367674e-21,4.332225182367674e-21,0.0,0.01,0,0,0,0,C1,0.0,0.0,0.3166892620785907,0.8,1.0,0.2,0.0,0.0,0.3166892620785907
phaseflip,dephasing,0.2,4,0.03,10,qiskit_aer,1,1,0.6772800000000001,0.43612888888888895,0.04444444444444444,0.0,0.0,0.0,0.0,0.0,0.3227199999999998,0.01481275126369163,0.33079999999999976,0.3195999999999999,0.33399999999999974,1.0,0.7,1.0,0.0,0.0,0.0,0.29256631039295444,0.01481275126369163,0.3006463103929544,0.28944631039295454,0.3038463103929544,1.0,1.0,0.0,0.0,0.0,0.0,0.3136738931178862,0.02669945436690913,0.3267999999999998,0.3029847327947158,0.33399999999999974,1.0,1.0,0.7,0.0,0.0,0.0,0.3136738931178862,0.02669945436690913,0.3267999999999998,0.3029847327947158,0.33399999999999974,1.0,1.0,0.7,0.0,0.0,0.0,0.3136738931178862,0.02669945436690913,0.3267999999999998,0.3029847327947158,0.33399999999999974,1.0,1.0,0.7,0.0,0.0,0.0,0.3136738931178862,0.02669945436690913,0.3267999999999998,0.3029847327947158,0.33399999999999974,1.0,1.0,0.7,0.0,0.0,0.0,1.0,0.3,0.3,0.3,0.3,0.3,0.7,0.0,0.3,0.7,0.0,0.3,0.7,0.0,0.3,0.7,0.0,0.3,0.0,0.3,0.3,0.3,0.3,0.3,0.0,0.0,0.0,0.0,0.3,0.3,1.0,1.0,1.0,0.3,0.0,0.0,0.0,0.0,0.0,0.16387111111173208,6.498337773551511e-21,6.498337773551511e-21,0.0,0.03,0,0,0,0,C1,0.0,0.0,0.3136738931178862,0.7,1.0,0.3,0.0,0.0,0.3136738931178862
phaseflip,dephasing,0.2,4,0.05,10,qiskit_aer,1,1,0.6772800000000001,0.4435288888888889,0.07777777777777778,0.0,0.0,0.0,0.0,0.0,0.3227199999999998,0.01481275126369163,0.33079999999999976,0.3195999999999999,0.33399999999999974,1.0,0.7,1.0,0.0,0.0,0.0,0.29256631039295444,0.01481275126369163,0.3006463103929544,0.28944631039295454,0.3038463103929544,1.0,1.0,0.0,0.0,0.0,0.0,0.3136738931178862,0.02669945436690913,0.3267999999999998,0.3029847327947158,0.33399999999999974,1.0,1.0,0.7,0.0,0.0,0.0,0.3136738931178862,0.02669945436690913,0.3267999999999998,0.3029847327947158,0.33399999999999974,1.0,1.0,0.7,0.0,0.0,0.0,0.3136738931178862,0.02669945436690913,0.3267999999999998,0.3029847327947158,0.33399999999999974,1.0,1.0,0.7,0.0,0.0,0.0,0.3136738931178862,0.02669945436690913,0.3267999999999998,0.3029847327947158,0.33399999999999974,1.0,1.0,0.7,0.0,0.0,0.0,1.0,0.3,0.3,0.3,0.3,0.3,0.7,0.0,0.3,0.7,0.0,0.3,0.7,0.0,0.3,0.7,0.0,0.3,0.0,0.3,0.3,0.3,0.3,0.3,0.0,0.0,0.0,0.0,0.3,0.3,1.0,1.0,1.0,0.3,0.0,0.0,0.0,0.0,0.0,0.1564711111118095,5.26574260914368e-21,5.26574260914368e-21,0.0,0.05,0,0,0,0,C1,0.0,0.0,0.3136738931178862,0.7,1.0,0.3,0.0,0.0,0.3136738931178862
phaseflip,dephasing,0.2,4,0.1,10,qiskit_aer,1,1,0.6772800000000001,0.42891111111111113,0.19999999999999998,0.0,0.0,0.0,0.0,0.0,0.3227199999999998,0.01481275126369163,0.33079999999999976,0.3195999999999999,0.33399999999999974,1.0,0.8,1.0,0.0,0.0,0.0,0.29256631039295444,0.01481275126369163,0.3006463103929544,0.28944631039295454,0.3038463103929544,1.0,1.0,0.0,0.0,0.0,0.0,0.3166892620785907,0.02639751152478653,0.33079999999999976,0.3195999999999999,0.33399999999999974,1.0,1.0,0.8,0.0,0.0,0.0,0.3166892620785907,0.02639751152478653,0.33079999999999976,0.3195999999999999,0.33399999999999974,1.0,1.0,0.8,0.0,0.0,0.0,0.3166892620785907,0.02639751152478653,0.33079999999999976,0.3195999999999999,0.33399999999999974,1.0,1.0,0.8,0.0,0.0,0.0,0.3166892620785907,0.02639751152478653,0.33079999999999976,0.3195999999999999,0.33399999999999974,1.0,1.0,0.8,0.0,0.0,0.0,1.0,0.2,0.2,0.2,0.2,0.2,0.8,0.0,0.2,0.8,0.0,0.2,0.8,0.0,0.2,0.8,0.0,0.2,0.0,0.2,0.2,0.2,0.2,0.2,0.0,0.0,0.0,0.0,0.2,0.2,1.0,1.0,1.0,0.2,0.0,0.0,0.0,0.0,0.0,-0.028911111110374275,4.332225182367674e-21,4.332225182367674e-21,0.0,0.1,0,0,0,0,C1,0.0,0.0,0.3166892620785907,0.8,1.0,0.2,0.0,0.0,0.3166892620785907
phaseflip,mixed_pauli,0.01,1,0.0,10,qiskit_aer,1,1,0.9965,0.9965,0.0,0.0,1.0,1.0,0.0,0.0,0.0034999999999998253,0.0039051248379531485,0.00249999999999978,0.0,0.004999999999999782,1.0,0.1,1.0,0.9,0.0,0.0,-0.021653689607045733,0.0022912878474778543,-0.020153689607045777,-0.023903689607045614,-0.020153689607045777,0.0,1.0,0.0,0.0,1.0,1.0,-0.021653689607045733,0.0022912878474778543,-0.020153689607045777,-0.023903689607045614,-0.020153689607045777,0.0,1.0,0.0,0.0,1.0,1.0,-0.0186383206463412,0.009804496754282502,-0.020153689607045777,-0.023903689607045614,-0.020153689607045777,0.1,1.0,0.1,0.0,0.9,0.9,-0.0186383206463412,0.009804496754282502,-0.020153689607045777,-0.023903689607045614,-0.020153689607045777,0.1,1.0,0.1,0.0,0.9,0.9,-0.0186383206463412,0.009804496754282502,-0.020153689607045777,-0.023903689607045614,-0.020153689607045777,0.1,1.0,0.1,0.0,0.9,0.9,1.0,1.0,0.9,0.9,0.9,1.0,0.0,1.0,0.9,1.0,1.0,0.9,1.0,1.0,0.9,1.0,1.0,0.9,0.1,0.9,0.9,0.9,0.9,0.9,0.0,0.0,0.0,0.0,0.9,0.9,1.0,1.0,1.0,0.9,0.0,0.0,0.0,0.0,0.0,0.8035000464809957,0.012085320895066356,0.012085320895066356,0.0,0.0,0,0,0,0,C2,0.9,0.0,-0.0186383206463412,0.1,0.1,0.9,0.9,0.0,-0.0186383206463412
phaseflip,mixed_pauli,0.01,1,0.01,10,qiskit_aer,1,1,0.9965,0.9412222222222223,0.03333333333333333,0.0,0.5,1.0,0.0,0.0,0.0034999999999998253,0.0039051248379531485,0.00249999999999978,0.0,0.004999999999999782,1.0,0.1,1.0,0.4,0.0,0.0,-0.021653689607045733,0.0022912878474778543,-0.020153689607045777,-0.023903689607045614,-0.020153689607045777,0.0,1.0,0.0,0.0,1.0,0.5,-0.021653689607045733,0.0022912878474778543,-0.020153689607045777,-0.023903689607045614,-0.020153689607045777,0.0,1.0,0.0,0.0,1.0,0.5,-0.0186383206463412,0.00812246680496084,-0.020153689607045777,-0.020153689607045777,-0.020153689607045777,0.1,1.0,0.1,0.0,0.9,0.4,-0.0186383206463412,0.00812246680496084,-0.020153689607045777,-0.020153689607045777,-0.020153689607045777,0.1,1.0,0.1,0.0,0.9,0.4,-0.0186383206463412,0.00812246680496084,-0.020153689607045777,-0.020153689607045777,-0.020153689607045777,0.1,1.0,0.1,0.0,0.9,0.4,1.0,1.0,0.9,0.9,0.9,1.0,0.0,1.0,0.9,0.16666666666666666,1.0,0.9,0.16666666666666666,1.0,0.9,0.16666666666666666,1.0,0.9,0.1,0.9,0.9,0.9,0.9,0.9,0.0,0.0,0.0,0.0,0.9,0.9,1.0,1.0,1.0,0.9,0.0,0.0,0.0,0.0,0.0,0.8587778190737583,0.0013474284426295035,0.0013474284426295035,0.0,0.01,0,0,0,0,C2,0.9,0.0,-0.0186383206463412,0.1,0.1,0.9,0.9,0.0,-0.0186383206463412
phaseflip,mixed_pauli,0.01,1,0.03,10,qiskit_aer,1,1,0.9965,0.8638333333333333,0.1111111111111111,0.0,0.4,1.0,0.0,0.0,0.0034999999999998253,0.0039051248379531485,0.00249999999999978,0.0,0.004999999999999782,1.0,0.1,1.0,0.3,0.0,0.0,-0.021653689607045733,0.0022912878474778543,-0.020153689607045777,-0.023903689607045614,-0.020153689607045777,0.0,1.0,0.0,0.0,1.0,0.4,-0.021653689607045733,0.0022912878474778543,-0.020153689607045777,-0.023903689607045614,-0.020153689607045777,0.0,1.0,0.0,0.0,1.0,0.4,-0.0186383206463412,0.00812246680496084,-0.020153689607045777,-0.020153689607045777,-0.020153689607045777,0.1,1.0,0.1,0.0,0.9,0.3,-0.0186383206463412,0.00812246680496084,-0.020153689607045777,-0.020153689607045777,-0.020153689607045777,0.1,1.0,0.1,0.0,0.9,0.3,-0.0186383206463412,0.00812246680496084,-0.020153689607045777,-0.020153689607045777,-0.020153689607045777,0.1,1.0,0.1,0.0,0.9,0.3,1.0,1.0,0.9,0.9,0.9,1.0,0.0,1.0,0.9,0.14285714285714285,1.0,0.9,0.14285714285714285,1.0,0.9,0.14285714285714285,1.0,0.9,0.1,0.9,0.9,0.9,0.9,0.9,0.0,0.0,0.0,0.0,0.9,0.9,1.0,1.0,1.0,0.9,0.0,0.0,0.0,0.0,0.0,0.936166708109779,0.0026948568852589766,0.0026948568852589766,0.0,0.03,0,0,0,0,C2,0.9,0.0,-0.0186383206463412,0.1,0.1,0.9,0.9,0.0,-0.0186383206463412
phaseflip,mixed_pauli,0.01,1,0.05,10,qiskit_aer,1,1,0.9965,0.8305555555555556,0.15555555555555556,0.0,0.2,1.0,0.0,0.0,0.0034999999999998253,0.0039051248379531485,0.00249999999999978,0.0,0.004999999999999782,1.0,0.1,1.0,0.1,0.0,0.0,-0.021653689607045733,0.0022912878474778543,-0.020153689607045777,-0.023903689607045614,-0.020153689607045777,0.0,1.0,0.0,0.0,1.0,0.2,-0.021653689607045733,0.0022912878474778543,-0.020153689607045777,-0.023903689607045614,-0.020153689607045777,0.0,1.0,0.0,0.0,1.0,0.2,-0.0186383206463412,0.00812246680496084,-0.020153689607045777,-0.020153689607045777,-0.020153689607045777,0.1,1.0,0.1,0.0,0.9,0.1,-0.0186383206463412,0.00812246680496084,-0.020153689607045777,-0.020153689607045777,-0.020153689607045777,0.1,1.0,0.1,0.0,0.9,0.1,-0.0186383206463412,0.00812246680496084,-0.020153689607045777,-0.020153689607045777,-0.020153689607045777,0.1,1.0,0.1,0.0,0.9,0.1,1.0,1.0,0.9,0.9,0.9,1.0,0.0,1.0,0.9,0.1111111111111111,1.0,0.9,0.1111111111111111,1.0,0.9,0.1111111111111111,1.0,0.9,0.1,0.9,0.9,0.9,0.9,0.9,0.0,0.0,0.0,0.0,0.9,0.9,1.0,1.0,1.0,0.9,0.0,0.0,0.0,0.0,0.0,0.9694444870171323,0.0026948568852589666,0.0026948568852589666,0.0,0.05,0,0,0,0,C2,0.9,0.0,-0.0186383206463412,0.1,0.1,0.9,0.9,0.0,-0.0186383206463412
phaseflip,mixed_pauli,0.01,1,0.1,10,qiskit_aer,1,1,0.9965,0.7308333333333333,0.25555555555555554,0.0,0.1,1.0,0.0,0.0,0.0034999999999998253,0.0039051248379531485,0.00249999999999978,0.0,0.004999999999999782,1.0,0.1,1.0,0.1,0.0,0.0,-0.021653689607045733,0.0022912878474778543,-0.020153689607045777,-0.023903689607045614,-0.020153689607045777,0.0,1.0,0.0,0.0,1.0,0.1,-0.0186383206463412,0.009804496754282502,-0.020153689607045777,-0.023903689607045614,-0.020153689607045777,0.1,1.0,0.1,0.0,0.9,0.1,-0.0186383206463412,0.009804496754282502,-0.020153689607045777,-0.023903689607045614,-0.020153689607045777,0.1,1.0,0.1,0.0,0.9,0.1,-0.0186383206463412,0.009804496754282502,-0.020153689607045777,-0.023903689607045614,-0.020153689607045777,0.1,1.0,0.1,0.0,0.9,0.1,-0.0186383206463412,0.009804496754282502,-0.020153689607045777,-0.023903689607045614,-0.020153689607045777,0.1,1.0,0.1,0.0,0.9,0.1,1.0,0.9,0.9,0.9,0.9,0.9,0.1111111111111111,1.0,0.9,0.1111111111111111,1.0,0.9,0.1111111111111111,1.0,0.9,0.1111111111111111,1.0,0.9,0.0,0.9,0.9,0.9,0.9,0.9,0.0,0.0,0.0,0.0,0.9,0.9,1.0,1.0,1.0,0.9,0.0,0.0,0.0,0.0,0.0,1.0691667131476625,0.002694856885258987,0.002694856885258987,0.0,0.1,0,0,0,0,C1,0.9,0.0,-0.0186383206463412,0.1,0.1,0.9,0.9,0.0,-0.0186383206463412
phaseflip,mixed_pauli,0.01,2,0.0,10,qiskit_aer,1,1,0.9925075000000001,0.9925075000000001,0.0,0.0,1.0,1.0,0.0,0.0,0.007442500000000063,0.004584103647388413,0.009900000000000242,0.004950000000000121,0.009900000000000242,1.0,0.6,0.8,0.4,0.0,0.2,-0.012751189607045577,0.003311465876315245,-0.010353689607045524,-0.015203689607045656,-0.010253689607045535,0.0,1.0,0.0,0.0,1.0,1.0,-0.010735820646340998,0.007588674629911529,-0.010353689607045524,-0.015203689607045656,-0.010253689607045535,0.1,1.0,0.1,0.0,0.9,0.9,-0.0026189758428181607,0.010124438988840353,0.0,-0.010253689607045535,0.004950000000000121,0.6,1.0,0.4,0.0,0.4,0.6,-0.0026189758428181607,0.010124438988840353,0.0,-0.010253689607045535,0.004950000000000121,0.6,1.0,0.4,0.0,0.4,0.6,-0.0026189758428181607,0.010124438988840353,0.0,-0.010253689607045535,0.004950000000000121,0.6,1.0,0.4,0.0,0.4,0.6,1.0,0.9,0.4,0.4,0.4,0.9,0.16666666666666666,1.0,0.4,1.0,1.0,0.4,1.0,1.0,0.4,1.0,1.0,0.4,0.5,0.4,0.4,0.4,0.4,0.4,0.0,0.0,0.0,0.0,0.4,0.4,1.0,1.0,1.0,0.4,0.0,0.0,0.0,0.0,0.0,-0.19250746598466303,0.04434814360996346,0.04434814360996346,0.0,0.0,0,0,0,0,C2,0.4,0.0,-0.0026189758428181607,0.4,0.6,0.4,0.4,0.0,-0.0026189758428181607
phaseflip,mixed_pauli,0.01,2,0.01,10,qiskit_aer,1,1,0.9925075000000001,0.9704519444444445,0.02222222222222222,0.0,0.8,1.0,0.0,0.0,0.007442500000000063,0.004584103647388413,0.009900000000000242,0.004950000000000121,0.009900000000000242,1.0,0.6,0.8,0.3,0.0,0.2,-0.012751189607045577,0.003311465876315245,-0.010353689607045524,-0.015203689607045656,-0.010253689607045535,0.0,1.0,0.0,0.0,1.0,0.8,-0.008720451685636421,0.00872551329268409,-0.01030368960704553,-0.013991189607045623,-0.010253689607045535,0.2,1.0,0.2,0.0,0.8,0.7,-0.0026189758428181607,0.010124438988840353,0.0,-0.010253689607045535,0.004950000000000121,0.6,1.0,0.4,0.0,0.4,0.5,-0.0026189758428181607,0.010124438988840353,0.0,-0.010253689607045535,0.004950000000000121,0.6,1.0,0.4,0.0,0.4,0.5,-0.0026189758428181607,0.010124438988840353,0.0,-0.010253689607045535,0.004950000000000121,0.6,1.0,0.4,0.0,0.4,0.5,1.0,0.8,0.4,0.4,0.4,0.8,0.2857142857142857,1.0,0.4,0.8571428571428571,1.0,0.4,0.8571428571428571,1.0,0.4,0.8571428571428571,1.0,0.4,0.4,0.4,0.4,0.4,0.4,0.4,0.0,0.0,0.0,0.0,0.4,0.4,1.0,1.0,1.0,0.4,0.0,0.0,0.0,0.0,0.0,-0.17045191118084405,0.023435558868631853,0.023435558868631853,0.0,0.01,0,0,0,0,C2,0.4,0.0,-0.0026189758428181607,0.4,0.6,0.4,0.4,0.0,-0.0026189758428181607
phaseflip,mixed_pauli,0.01,2,0.03,10,qiskit_aer,1,1,0.9925075000000001,0.9482852777777778,0.04444444444444444,0.0,0.7,1.0,0.0,0.0,0.007442500000000063,0.004584103647388413,0.009900000000000242,0.004950000000000121,0.009900000000000242,1.0,0.7,0.8,0.2,0.0,0.1,-0.012751189607045577,0.003311465876315245,-0.010353689607045524,-0.015203689607045656,-0.010253689607045535,0.0,1.0,0.0,0.0,1.0,0.7,-0.007685082724931869,0.00907747070969526,-0.010253689607045535,-0.013991189607045623,-0.002563422401761384,0.3,1.0,0.2,0.0,0.7,0.6,0.00039639311788637334,0.008856538989603022,0.0024750000000000605,-0.007690267205284151,0.008662500000000212,0.7,1.0,0.5,0.0,0.3,0.3,0.00039639311788637334,0.008856538989603022,0.0024750000000000605,-0.007690267205284151,0.008662500000000212,0.7,1.0,0.5,0.0,0.3,0.3,0.00039639311788637334,0.008856538989603022,0.0024750000000000605,-0.007690267205284151,0.008662500000000212,0.7,1.0,0.5,0.0,0.3,0.3,1.0,0.7,0.3,0.3,0.3,0.7,0.375,1.0,0.3,0.875,1.0,0.3,0.875,1.0,0.3,0.875,1.0,0.3,0.4,0.3,0.3,0.3,0.3,0.3,0.0,0.0,0.0,0.0,0.3,0.3,1.0,1.0,1.0,0.3,0.0,0.0,0.0,0.0,0.0,-0.34828524614193057,0.014445958626030231,0.014445958626030231,0.0,0.03,0,0,0,0,C2,0.3,0.0,0.00039639311788637334,0.5,0.7,0.3,0.3,0.0,0.00039639311788637334
phaseflip,mixed_pauli,0.01,2,0.05,10,qiskit_aer,1,1,0.9925075000000001,0.9153402777777778,0.07777777777777778,0.0,0.4,1.0,0.0,0.0,0.007442500000000063,0.004584103647388413,0.009900000000000242,0.004950000000000121,0.009900000000000242,1.0,0.6,0.8,0.1,0.0,0.1,-0.012751189607045577,0.003311465876315245,-0.010353689607045524,-0.015203689607045656,-0.010253689607045535,0.0,1.0,0.0,0.0,1.0,0.4,-0.005669713764227291,0.010421252407958954,-0.010253689607045535,-0.013991189607045623,0.0037125000000000907,0.4,1.0,0.3,0.0,0.6,0.3,-0.0026189758428181607,0.010124438988840353,0.0,-0.010253689607045535,0.004950000000000121,0.6,1.0,0.4,0.0,0.4,0.2,-0.0026189758428181607,0.010124438988840353,0.0,-0.010253689607045535,0.004950000000000121,0.6,1.0,0.4,0.0,0.4,0.2,-0.0026189758428181607,0.010124438988840353,0.0,-0.010253689607045535,0.004950000000000121,0.6,1.0,0.4,0.0,0.4,0.2,1.0,0.6,0.4,0.4,0.4,0.6,0.4444444444444444,1.0,0.4,0.6666666666666666,1.0,0.4,0.6666666666666666,1.0,0.4,0.6666666666666666,1.0,0.4,0.2,0.4,0.4,0.4,0.4,0.4,0.0,0.0,0.0,0.0,0.4,0.4,1.0,1.0,1.0,0.4,0.0,0.0,0.0,0.0,0.0,-0.11534024714884672,0.01099959828365556,0.01099959828365556,0.0,0.05,0,0,0,0,C2,0.4,0.0,-0.0026189758428181607,0.4,0.6,0.4,0.4,0.0,-0.0026189758428181607
phaseflip,mixed_pauli,0.01,2,0.1,10,qiskit_aer,1,1,0.9925075000000001,0.7939511111111112,0.19999999999999998,0.0,0.0,1.0,0.0,0.0,0.007442500000000063,0.004584103647388413,0.009900000000000242,0.004950000000000121,0.009900000000000242,1.0,0.7,0.8,0.0,0.0,0.0,-0.012751189607045577,0.003311465876315245,-0.010353689607045524,-0.015203689607045656,-0.010253689607045535,0.0,1.0,0.0,0.0,1.0,0.0,0.00039639311788637334,0.008856538989603022,0.0024750000000000605,-0.007690267205284151,0.008662500000000212,0.7,1.0,0.5,0.0,0.3,0.0,0.00039639311788637334,0.008856538989603022,0.0024750000000000605,-0.007690267205284151,0.008662500000000212,0.7,1.0,0.5,0.0,0.3,0.0,0.00039639311788637334,0.008856538989603022,0.0024750000000000605,-0.007690267205284151,0.008662500000000212,0.7,1.0,0.5,0.0,0.3,0.0,0.00039639311788637334,0.008856538989603022,0.0024750000000000605,-0.007690267205284151,0.008662500000000212,0.7,1.0,0.5,0.0,0.3,0.0,1.0,0.3,0.3,0.3,0.3,0.3,0.7,0.0,0.3,0.7,0.0,0.3,0.7,0.0,0.3,0.7,0.0,0.3,0.0,0.3,0.3,0.3,0.3,0.3,0.0,0.0,0.0,0.0,0.3,0.3,1.0,1.0,1.0,0.3,0.0,0.0,0.0,0.0,0.0,-0.19395108116536533,6.498337773551511e-21,6.498337773551511e-21,0.0,0.1,0,0,0,0,C1,0.3,0.0,0.00039639311788637334,0.5,0.7,0.3,0.3,0.0,0.00039639311788637334
phaseflip,mixed_pauli,0.01,3,0.0,10,qiskit_aer,1,1,0.9870574,0.9870574,0.0,0.0,1.0,1.0,0.0,0.0,0.01280869999999995,0.005062660245365031,0.012276500000000135,0.009802000000000033,0.014800499999999994,1.0,0.6,0.5,0.4,0.0,0.5,-0.0044449896070456575,0.004260482221533207,-0.005353189607045783,-0.00544018960704562,-0.0005516896070455468,0.0,1.0,0.0,0.0,0.1,1.0,-0.0044449896070456575,0.004260482221533207,-0.005353189607045783,-0.00544018960704562,-0.0005516896070455468,0.0,1.0,0.0,0.0,0.1,1.0,0.00570722415718169,0.01095634017215451,0.007351499999999844,-0.0005516896070455468,0.01355087499999999,0.6,1.0,0.3,0.0,0.1,0.7,0.00570722415718169,0.01095634017215451,0.007351499999999844,-0.0005516896070455468,0.01355087499999999,0.6,1.0,0.3,0.0,0.1,0.7,0.00570722415718169,0.01095634017215451,0.007351499999999844,-0.0005516896070455468,0.01355087499999999,0.6,1.0,0.3,0.0,0.1,0.7,1.0,1.0,0.4,0.4,0.4,1.0,0.0,1.0,0.4,1.0,1.0,0.4,1.0,1.0,0.4,1.0,1.0,0.4,0.6,0.4,0.4,0.4,0.4,0.4,0.0,0.0,0.0,0.0,0.4,0.4,1.0,1.0,1.0,0.4,0.0,0.0,0.0,0.0,0.0,-0.18705737578022208,7.431855200327517e-21,7.431855200327517e-21,0.0,0.0,0,0,0,0,C2,0.1,0.0,0.00570722415718169,0.3,0.6,0.4,0.1,0.0,0.00570722415718169
phaseflip,mixed_pauli,0.01,3,0.01,10,qiskit_aer,1,1,0.9870574,0.9540574,0.03333333333333333,0.0,0.7,1.0,0.0,0.0,0.01280869999999995,0.005062660245365031,0.012276500000000135,0.009802000000000033,0.014800499999999994,1.0,0.6,0.5,0.3,0.0,0.2,-0.0044449896070456575,0.004260482221533207,-0.005353189607045783,-0.00544018960704562,-0.0005516896070455468,0.0,1.0,0.0,0.0,0.1,0.7,-0.0023742516856365527,0.007171299660137759,-0.005353189607045783,-0.00544018960704562,-0.0005516896070455468,0.2,1.0,0.0,0.0,0.1,0.7,0.00570722415718169,0.007815682698796756,0.007351499999999844,-0.0005516896070455468,0.01355087499999999,0.6,1.0,0.3,0.0,0.0,0.4,0.00570722415718169,0.007815682698796756,0.007351499999999844,-0.0005516896070455468,0.01355087499999999,0.6,1.0,0.3,0.0,0.0,0.4,0.00570722415718169,0.007815682698796756,0.007351499999999844,-0.0005516896070455468,0.01355087499999999,0.6,1.0,0.3,0.0,0.0,0.4,1.0,0.8,0.4,0.4,0.4,0.8,0.2857142857142857,1.0,0.4,0.8571428571428571,1.0,0.4,0.8571428571428571,1.0,0.4,0.8571428571428571,1.0,0.4,0.4,0.4,0.4,0.4,0.4,0.4,0.0,0.0,0.0,0.0,0.4,0.4,1.0,1.0,1.0,0.4,0.0,0.0,0.0,0.0,0.0,-0.15405737661125476,0.016208635152040473,0.016208635152040473,0.0,0.01,0,0,0,0,C2,0.0,0.0,0.00570722415718169,0.3,0.6,0.4,0.0,0.0,0.00570722415718169
phaseflip,mixed_pauli,0.01,3,0.03,10,qiskit_aer,1,1,0.9870574,0.8992201888888889,0.08888888888888888,0.0,0.4,1.0,0.0,0.0,0.01280869999999995,0.005062660245365031,0.012276500000000135,0.009802000000000033,0.014800499999999994,1.0,0.5,0.5,0.3,0.0,0.1,-0.0044449896070456575,0.004260482221533207,-0.005353189607045783,-0.00544018960704562,-0.0005516896070455468,0.0,1.0,0.0,0.0,0.1,0.4,0.0016764862357725341,0.010569936574707854,-0.0005516896070455468,-0.005353189607045783,0.00857674999999991,0.4,1.0,0.1,0.0,0.1,0.4,0.003691855196477112,0.010951903333595865,0.002174655196477082,-0.004152814607045724,0.009801999999999977,0.5,1.0,0.2,0.0,0.1,0.3,0.003691855196477112,0.010951903333595865,0.002174655196477082,-0.004152814607045724,0.009801999999999977,0.5,1.0,0.2,0.0,0.1,0.3,0.003691855196477112,0.010951903333595865,0.002174655196477082,-0.004152814607045724,0.009801999999999977,0.5,1.0,0.2,0.0,0.1,0.3,1.0,0.6,0.5,0.5,0.5,0.6,0.5714285714285714,1.0,0.5,0.7142857142857143,1.0,0.5,0.7142857142857143,1.0,0.5,0.7142857142857143,1.0,0.5,0.1,0.5,0.5,0.5,0.5,0.5,0.0,0.0,0.0,0.0,0.5,0.5,1.0,1.0,1.0,0.5,0.0,0.0,0.0,0.0,0.0,0.10077983667093157,0.01278990225926086,0.01278990225926086,0.0,0.03,0,0,0,0,C2,0.1,0.0,0.003691855196477112,0.2,0.5,0.5,0.1,0.0,0.003691855196477112
phaseflip,mixed_pauli,0.01,3,0.05,10,qiskit_aer,1,1,0.9870574,0.8774385333333333,0.1111111111111111,0.0,0.4,1.0,0.0,0.0,0.01280869999999995,0.005062660245365031,0.012276500000000135,0.009802000000000033,0.014800499999999994,1.0,0.7,0.5,0.2,0.0,0.1,-0.0044449896070456575,0.004260482221533207,-0.005353189607045783,-0.00544018960704562,-0.0005516896070455468,0.0,1.0,0.0,0.0,0.1,0.4,0.003691855196477112,0.010951903333595865,0.002174655196477082,-0.004152814607045724,0.009801999999999977,0.5,1.0,0.2,0.0,0.1,0.4,0.008722593117886224,0.008695655848371274,0.009801999999999977,0.0008114827947157677,0.014800499999999994,0.7,1.0,0.4,0.0,0.0,0.2,0.008722593117886224,0.008695655848371274,0.009801999999999977,0.0008114827947157677,0.014800499999999994,0.7,1.0,0.4,0.0,0.0,0.2,0.008722593117886224,0.008695655848371274,0.009801999999999977,0.0008114827947157677,0.014800499999999994,0.7,1.0,0.4,0.0,0.0,0.2,1.0,0.5,0.3,0.3,0.3,0.5,0.625,1.0,0.3,0.875,1.0,0.3,0.875,1.0,0.3,0.875,1.0,0.3,0.2,0.3,0.3,0.3,0.3,0.3,0.0,0.0,0.0,0.0,0.3,0.3,1.0,1.0,1.0,0.3,0.0,0.0,0.0,0.0,0.0,-0.2774385103324548,6.498337773551511e-21,6.498337773551511e-21,0.0,0.05,0,0,0,0,C2,0.0,0.0,0.008722593117886224,0.4,0.7,0.3,0.0,0.0,0.008722593117886224
phaseflip,mixed_pauli,0.01,3,0.1,10,qiskit_aer,1,1,0.9870574,0.7786010444444444,0.2111111111111111,0.0,0.2,1.0,0.0,0.0,0.012808699999999928,0.005062660245365023,0.012276500000000135,0.009802000000000033,0.014800499999999939,1.0,0.7,0.5,0.1,0.0,0.0,-0.0044449896070456575,0.004260482221533207,-0.005353189607045783,-0.00544018960704562,-0.0005516896070455468,0.0,1.0,0.0,0.0,0.1,0.2,0.006707224157181624,0.009363300129266741,0.007351499999999844,-0.0005516896070455468,0.013550874999999823,0.6,1.0,0.3,0.0,0.0,0.2,0.008722593117886202,0.008695655848371259,0.009801999999999977,0.0008114827947157677,0.014800499999999939,0.7,1.0,0.4,0.0,0.0,0.1,0.008722593117886202,0.008695655848371259,0.009801999999999977,0.0008114827947157677,0.014800499999999939,0.7,1.0,0.4,0.0,0.0,0.1,0.008722593117886202,0.008695655848371259,0.009801999999999977,0.0008114827947157677,0.014800499999999939,0.7,1.0,0.4,0.0,0.0,0.1,1.0,0.4,0.3,0.3,0.3,0.4,0.6666666666666666,1.0,0.3,0.7777777777777778,1.0,0.3,0.7777777777777778,1.0,0.3,0.7777777777777778,1.0,0.3,0.1,0.3,0.3,0.3,0.3,0.3,0.0,0.0,0.0,0.0,0.3,0.3,1.0,1.0,1.0,0.3,0.0,0.0,0.0,0.0,0.0,-0.1786010197411814,6.498337773551511e-21,6.498337773551511e-21,0.0,0.1,0,0,0,0,C2,0.0,0.0,0.008722593117886202,0.4,0.7,0.3,0.0,0.0,0.008722593117886202
phaseflip,mixed_pauli,0.01,4,0.0,10,qiskit_aer,1,1,0.982649401,0.982649401,0.0,0.0,1.0,1.0,0.0,0.0,0.017094557999999916,0.005907666023340838,0.014714869999999936,0.014653989999999784,0.019481474999999998,1.0,0.8,0.3,0.2,0.0,0.7,0.0037612683929543313,0.004553711682236412,0.004300300392954259,0.000600047892954314,0.007792277892954391,0.7,1.0,0.0,0.0,0.0,1.0,0.005776637353658909,0.007685658242106197,0.004300300392954259,0.0006245503929543095,0.009029770392954467,0.7,1.0,0.1,0.0,0.0,0.9,0.015023820078590789,0.007232957034193992,0.014653989999999895,0.009717717499999973,0.01832342249999991,1.0,1.0,0.3,0.0,0.0,0.7,0.015023820078590789,0.007232957034193992,0.014653989999999895,0.009717717499999973,0.01832342249999991,1.0,1.0,0.3,0.0,0.0,0.7,0.015023820078590789,0.007232957034193992,0.014653989999999895,0.009717717499999973,0.01832342249999991,1.0,1.0,0.3,0.0,0.0,0.7,0.9,0.9,0.2,0.2,0.2,0.9,0.125,1.0,0.2,1.0,1.0,0.2,1.0,1.0,0.2,1.0,1.0,0.2,0.7,0.2,0.2,0.2,0.2,0.2,0.0,0.0,0.0,0.0,0.2,0.2,1.0,1.0,1.0,0.2,0.0,0.0,0.0,0.0,0.0,-0.5826493844227428,3.099630017959843e-21,3.099630017959843e-21,0.0,0.0,0,0,0,0,C2,0.0,0.0,0.015023820078590789,0.3,1.0,0.2,0.0,0.0,0.015023820078590789
phaseflip,mixed_pauli,0.01,4,0.01,10,qiskit_aer,1,1,0.982649401,0.971704401,0.01111111111111111,0.0,0.9,1.0,0.0,0.0,0.017094557999999916,0.005907666023340857,0.014714869999999824,0.014653989999999784,0.019481475000000165,1.0,0.7,0.3,0.3,0.0,0.6,0.0037612683929543313,0.004553711682236412,0.004300300392954259,0.000600047892954314,0.007792277892954391,0.7,1.0,0.0,0.0,0.0,0.9,0.007847375275068014,0.00837298936536311,0.009005270392954456,0.0006245503929543095,0.013278565098238437,0.7,1.0,0.1,0.0,0.0,0.8,0.012008451117886232,0.006076608930017556,0.012203489999999817,0.009290707794715802,0.014653989999999784,0.9,1.0,0.2,0.0,0.0,0.7,0.012008451117886232,0.006076608930017556,0.012203489999999817,0.009290707794715802,0.014653989999999784,0.9,1.0,0.2,0.0,0.0,0.7,0.012008451117886232,0.006076608930017556,0.012203489999999817,0.009290707794715802,0.014653989999999784,0.9,1.0,0.2,0.0,0.0,0.7,0.9,0.7,0.3,0.3,0.3,0.7,0.42857142857142855,1.0,0.3,1.0,1.0,0.3,1.0,1.0,0.3,1.0,1.0,0.3,0.4,0.3,0.3,0.3,0.3,0.3,0.0,0.0,0.0,0.0,0.3,0.3,1.0,1.0,1.0,0.3,0.0,0.0,0.0,0.0,0.0,-0.37170438418586693,0.004647966849674846,0.004647966849674846,0.0,0.01,0,0,0,0,C2,0.0,0.0,0.012008451117886232,0.2,0.9,0.3,0.0,0.0,0.012008451117886232
phaseflip,mixed_pauli,0.01,4,0.03,10,qiskit_aer,1,1,0.982649401,0.9280866454444444,0.05555555555555555,0.0,0.7,1.0,0.0,0.0,0.017094557999999937,0.005907666023340829,0.014714870000000047,0.014653989999999784,0.019481474999999998,1.0,0.5,0.3,0.4,0.0,0.5,0.0037612683929543313,0.004553711682236412,0.004300300392954259,0.000600047892954314,0.007792277892954391,0.7,1.0,0.0,0.0,0.0,0.7,0.006812006314363461,0.008700996226614386,0.004300300392954259,0.0006245503929543095,0.009029770392954467,0.7,1.0,0.1,0.0,0.0,0.7,0.00993771319647715,0.007291622765942065,0.009380115196477246,0.004300300392954259,0.013520060000000028,0.9,1.0,0.2,0.0,0.0,0.6,0.00993771319647715,0.007291622765942065,0.009380115196477246,0.004300300392954259,0.013520060000000028,0.9,1.0,0.2,0.0,0.0,0.6,0.00993771319647715,0.007291622765942065,0.009380115196477246,0.004300300392954259,0.013520060000000028,0.9,1.0,0.2,0.0,0.0,0.6,0.9,0.8,0.5,0.5,0.5,0.8,0.3333333333333333,1.0,0.5,0.8333333333333334,1.0,0.5,0.8333333333333334,1.0,0.5,0.8333333333333334,1.0,0.5,0.3,0.5,0.5,0.5,0.5,0.5,0.0,0.0,0.0,0.0,0.5,0.5,1.0,1.0,1.0,0.5,0.0,0.0,0.0,0.0,0.0,0.0719133741356762,0.013546983537383137,0.013546983537383137,0.0,0.03,0,0,0,0,C2,0.0,0.0,0.00993771319647715,0.2,0.9,0.5,0.0,0.0,0.00993771319647715
phaseflip,mixed_pauli,0.01,4,0.05,10,qiskit_aer,1,1,0.982649401,0.8842508121111111,0.09999999999999999,0.0,0.4,1.0,0.0,0.0,0.017094557999999916,0.005907666023340838,0.014714869999999936,0.014653989999999784,0.019481474999999998,1.0,0.9,0.3,0.1,0.0,0.3,0.0037612683929543313,0.004553711682236412,0.004300300392954259,0.000600047892954314,0.007792277892954391,0.7,1.0,0.0,0.0,0.0,0.4,0.010973082157181702,0.0071513675652301895,0.009729474999999932,0.005488792892954314,0.0147453099999999,0.9,1.0,0.2,0.0,0.0,0.4,0.01605918903929534,0.006305392022514189,0.014653989999999895,0.010978239999999834,0.01832342249999991,1.0,1.0,0.3,0.0,0.0,0.3,0.01605918903929534,0.006305392022514189,0.014653989999999895,0.010978239999999834,0.01832342249999991,1.0,1.0,0.3,0.0,0.0,0.3,0.01605918903929534,0.006305392022514189,0.014653989999999895,0.010978239999999834,0.01832342249999991,1.0,1.0,0.3,0.0,0.0,0.3,0.9,0.4,0.1,0.1,0.1,0.4,0.6666666666666666,1.0,0.1,1.0,1.0,0.1,1.0,1.0,0.1,1.0,1.0,0.1,0.3,0.1,0.1,0.1,0.1,0.1,0.0,0.0,0.0,0.0,0.1,0.1,1.0,1.0,1.0,0.1,0.0,0.0,0.0,0.0,0.0,-0.6842507946128149,2.166112591183837e-21,2.166112591183837e-21,0.0,0.05,0,0,0,0,C2,0.0,0.0,0.01605918903929534,0.3,1.0,0.1,0.0,0.0,0.01605918903929534
phaseflip,mixed_pauli,0.01,4,0.1,10,qiskit_aer,1,1,0.982649401,0.7093944897777777,0.2777777777777778,0.0,0.0,1.0,0.0,0.0,0.01709455799999996,0.005907666023340838,0.014714870000000047,0.014653989999999784,0.019481475000000165,1.0,0.5,0.3,0.0,0.0,0.0,0.0037612683929543313,0.004553711682236412,0.004300300392954259,0.000600047892954314,0.007792277892954391,0.7,1.0,0.0,0.0,0.0,0.0,0.00993771319647715,0.006566624922553941,0.009429125196477206,0.005488792892954314,0.0134287399999998,0.9,1.0,0.2,0.0,0.0,0.0,0.00993771319647715,0.006566624922553941,0.009429125196477206,0.005488792892954314,0.0134287399999998,0.9,1.0,0.2,0.0,0.0,0.0,0.00993771319647715,0.006566624922553941,0.009429125196477206,0.005488792892954314,0.0134287399999998,0.9,1.0,0.2,0.0,0.0,0.0,0.00993771319647715,0.006566624922553941,0.009429125196477206,0.005488792892954314,0.0134287399999998,0.9,1.0,0.2,0.0,0.0,0.0,0.9,0.5,0.5,0.5,0.5,0.5,0.5,0.0,0.5,0.5,0.0,0.5,0.5,0.0,0.5,0.5,0.0,0.5,0.0,0.5,0.5,0.5,0.5,0.5,0.0,0.0,0.0,0.0,0.5,0.5,1.0,1.0,1.0,0.5,0.0,0.0,0.0,0.0,0.0,0.2906055294888745,0.03854408709308652,0.03854408709308652,0.0,0.1,0,0,0,0,C1,0.0,0.0,0.00993771319647715,0.2,0.9,0.5,0.0,0.0,0.00993771319647715
phaseflip,mixed_pauli,0.03,1,0.0,10,qiskit_aer,1,1,0.9895,0.9895,0.0,0.0,1.0,1.0,0.0,0.0,0.010499999999999898,0.011715374513859893,0.007499999999999896,0.0,0.014999999999999791,1.0,0.4,0.5,0.6,0.0,0.5,-0.004653689607045541,0.006873863542433766,-0.00015368960704553736,-0.011403689607045547,-0.00015368960704553736,0.0,1.0,0.0,0.0,0.3,1.0,-0.004653689607045541,0.006873863542433766,-0.00015368960704553736,-0.011403689607045547,-0.00015368960704553736,0.0,1.0,0.0,0.0,0.3,1.0,0.007407786235772595,0.010131084610360499,-0.00015368960704553736,-0.00015368960704553736,0.014999999999999791,0.4,1.0,0.4,0.0,0.0,0.6,0.007407786235772595,0.010131084610360499,-0.00015368960704553736,-0.00015368960704553736,0.014999999999999791,0.4,1.0,0.4,0.0,0.0,0.6,0.007407786235772595,0.010131084610360499,-0.00015368960704553736,-0.00015368960704553736,0.014999999999999791,0.4,1.0,0.4,0.0,0.0,0.6,1.0,1.0,0.6,0.6,0.6,1.0,0.0,1.0,0.6,1.0,1.0,0.6,1.0,1.0,0.6,1.0,1.0,0.6,0.4,0.6,0.6,0.6,0.6,0.6,0.0,0.0,0.0,0.0,0.6,0.6,1.0,1.0,1.0,0.6,0.0,0.0,0.0,0.0,0.0,0.21050002611089125,0.018171827806813486,0.018171827806813486,0.0,0.0,0,0,0,0,C2,0.0,0.0,0.007407786235772595,0.4,0.4,0.6,0.0,0.0,0.007407786235772595
phaseflip,mixed_pauli,0.03,1,0.01,10,qiskit_aer,1,1,0.9895,0.9238333333333333,0.03333333333333333,0.0,0.5,1.0,0.0,0.0,0.010499999999999898,0.011715374513859893,0.007499999999999896,0.0,0.014999999999999791,1.0,0.4,0.5,0.3,0.0,0.3,-0.004653689607045541,0.006873863542433766,-0.00015368960704553736,-0.011403689607045547,-0.00015368960704553736,0.0,1.0,0.0,0.0,0.3,0.5,0.001377048314363527,0.012511785323383354,-0.00015368960704553736,-0.00015368960704553736,-0.00015368960704553736,0.2,1.0,0.2,0.0,0.2,0.5,0.007407786235772595,0.010131084610360499,-0.00015368960704553736,-0.00015368960704553736,0.014999999999999791,0.4,1.0,0.4,0.0,0.0,0.3,0.007407786235772595,0.010131084610360499,-0.00015368960704553736,-0.00015368960704553736,0.014999999999999791,0.4,1.0,0.4,0.0,0.0,0.3,0.007407786235772595,0.010131084610360499,-0.00015368960704553736,-0.00015368960704553736,0.014999999999999791,0.4,1.0,0.4,0.0,0.0,0.3,1.0,0.8,0.6,0.6,0.6,0.8,0.2857142857142857,1.0,0.6,0.5714285714285714,1.0,0.6,0.5714285714285714,1.0,0.6,0.5714285714285714,1.0,0.6,0.2,0.6,0.6,0.6,0.6,0.6,0.0,0.0,0.0,0.0,0.6,0.6,1.0,1.0,1.0,0.6,0.0,0.0,0.0,0.0,0.0,0.2761666929597723,0.03499622717099749,0.03499622717099749,0.0,0.01,0,0,0,0,C2,0.0,0.0,0.007407786235772595,0.4,0.4,0.6,0.0,0.0,0.007407786235772595
phaseflip,mixed_pauli,0.03,1,0.03,10,qiskit_aer,1,1,0.9895,0.8472222222222222,0.1111111111111111,0.0,0.4,1.0,0.0,0.0,0.010499999999999898,0.011715374513859893,0.007499999999999896,0.0,0.014999999999999791,1.0,0.3,0.5,0.2,0.0,0.2,-0.004653689607045541,0.006873863542433766,-0.00015368960704553736,-0.011403689607045547,-0.00015368960704553736,0.0,1.0,0.0,0.0,0.3,0.4,-0.0016383206463410072,0.008109210907839793,-0.00015368960704553736,-0.00015368960704553736,-0.00015368960704553736,0.1,1.0,0.1,0.0,0.2,0.4,0.004392417275068061,0.006944292968215083,-0.00015368960704553736,-0.00015368960704553736,0.011211577598238459,0.3,1.0,0.3,0.0,0.0,0.2,0.004392417275068061,0.006944292968215083,-0.00015368960704553736,-0.00015368960704553736,0.011211577598238459,0.3,1.0,0.3,0.0,0.0,0.2,0.004392417275068061,0.006944292968215083,-0.00015368960704553736,-0.00015368960704553736,0.011211577598238459,0.3,1.0,0.3,0.0,0.0,0.2,1.0,0.9,0.7,0.7,0.7,0.9,0.125,1.0,0.7,0.375,1.0,0.7,0.375,1.0,0.7,0.375,1.0,0.7,0.2,0.7,0.7,0.7,0.7,0.7,0.0,0.0,0.0,0.0,0.7,0.7,1.0,1.0,1.0,0.7,0.0,0.0,0.0,0.0,0.0,0.55277780427436,0.0349962271709975,0.0349962271709975,0.0,0.03,0,0,0,0,C2,0.0,0.0,0.004392417275068061,0.3,0.3,0.7,0.0,0.0,0.004392417275068061
phaseflip,mixed_pauli,0.03,1,0.05,10,qiskit_aer,1,1,0.9895,0.8140555555555555,0.15555555555555556,0.0,0.2,1.0,0.0,0.0,0.010499999999999898,0.011715374513859893,0.007499999999999896,0.0,0.014999999999999791,1.0,0.3,0.5,0.1,0.0,0.1,-0.004653689607045541,0.006873863542433766,-0.00015368960704553736,-0.011403689607045547,-0.00015368960704553736,0.0,1.0,0.0,0.0,0.3,0.2,0.001377048314363527,0.008129188345541946,-0.00015368960704553736,-0.00015368960704553736,-0.00015368960704553736,0.2,1.0,0.2,0.0,0.1,0.2,0.004392417275068061,0.006944292968215083,-0.00015368960704553736,-0.00015368960704553736,0.011211577598238459,0.3,1.0,0.3,0.0,0.0,0.1,0.004392417275068061,0.006944292968215083,-0.00015368960704553736,-0.00015368960704553736,0.011211577598238459,0.3,1.0,0.3,0.0,0.0,0.1,0.004392417275068061,0.006944292968215083,-0.00015368960704553736,-0.00015368960704553736,0.011211577598238459,0.3,1.0,0.3,0.0,0.0,0.1,1.0,0.8,0.7,0.7,0.7,0.8,0.2222222222222222,1.0,0.7,0.3333333333333333,1.0,0.7,0.3333333333333333,1.0,0.7,0.3333333333333333,1.0,0.7,0.1,0.7,0.7,0.7,0.7,0.7,0.0,0.0,0.0,0.0,0.7,0.7,1.0,1.0,1.0,0.7,0.0,0.0,0.0,0.0,0.0,0.585944470568087,0.0349962271709975,0.0349962271709975,0.0,0.05,0,0,0,0,C2,0.0,0.0,0.004392417275068061,0.3,0.3,0.7,0.0,0.0,0.004392417275068061
phaseflip,mixed_pauli,0.03,1,0.1,10,qiskit_aer,1,1,0.9895,0.7148888888888889,0.25555555555555554,0.0,0.1,1.0,0.0,0.0,0.010499999999999898,0.011715374513859893,0.007499999999999896,0.0,0.014999999999999791,1.0,0.3,0.5,0.0,0.0,0.0,-0.004653689607045541,0.006873863542433766,-0.00015368960704553736,-0.011403689607045547,-0.00015368960704553736,0.0,1.0,0.0,0.0,0.3,0.1,0.001377048314363527,0.008129188345541946,-0.00015368960704553736,-0.00015368960704553736,-0.00015368960704553736,0.2,1.0,0.2,0.0,0.1,0.1,0.004392417275068061,0.006944292968215083,-0.00015368960704553736,-0.00015368960704553736,0.011211577598238459,0.3,1.0,0.3,0.0,0.0,0.0,0.004392417275068061,0.006944292968215083,-0.00015368960704553736,-0.00015368960704553736,0.011211577598238459,0.3,1.0,0.3,0.0,0.0,0.0,0.004392417275068061,0.006944292968215083,-0.00015368960704553736,-0.00015368960704553736,0.011211577598238459,0.3,1.0,0.3,0.0,0.0,0.0,1.0,0.8,0.7,0.7,0.7,0.8,0.2,0.0,0.7,0.3,0.0,0.7,0.3,0.0,0.7,0.3,0.0,0.7,0.1,0.7,0.7,0.7,0.7,0.7,0.0,0.0,0.0,0.0,0.7,0.7,1.0,1.0,1.0,0.7,0.0,0.0,0.0,0.0,0.0,0.6851111376076933,0.0349962271709975,0.0349962271709975,0.0,0.1,0,0,0,0,C2,0.0,0.0,0.004392417275068061,0.3,0.3,0.7,0.0,0.0,0.004392417275068061
phaseflip,mixed_pauli,0.03,2,0.0,10,qiskit_aer,1,1,0.9775675,0.9775675,0.0,0.0,1.0,1.0,0.0,0.0,0.02198249999999994,0.013599981847414221,0.029100000000000015,0.01454999999999984,0.029100000000000015,1.0,0.4,0.2,0.6,0.0,0.8,0.021468810392954396,0.009682732375213202,0.028046310392954465,0.014396310392954303,0.028946310392954477,0.9,1.0,0.0,0.0,0.0,1.0,0.021468810392954396,0.009682732375213202,0.028046310392954465,0.014396310392954303,0.028946310392954477,0.9,1.0,0.0,0.0,0.0,1.0,0.02453028623577259,0.006618157045716097,0.02849631039295447,0.017924077598238497,0.02906157759823863,1.0,1.0,0.1,0.0,0.0,0.9,0.02453028623577259,0.006618157045716097,0.02849631039295447,0.017924077598238497,0.02906157759823863,1.0,1.0,0.1,0.0,0.0,0.9,0.02453028623577259,0.006618157045716097,0.02849631039295447,0.017924077598238497,0.02906157759823863,1.0,1.0,0.1,0.0,0.0,0.9,0.7,1.0,0.6,0.6,0.6,1.0,0.0,1.0,0.6,1.0,1.0,0.6,1.0,1.0,0.6,1.0,1.0,0.6,0.4,0.6,0.6,0.6,0.6,0.6,0.0,0.0,0.0,0.0,0.6,0.6,1.0,1.0,1.0,0.6,0.0,0.0,0.0,0.0,0.0,0.2224325187441804,7.243954109037755e-20,7.243954109037755e-20,0.0,0.0,0,0,0,0,C2,0.0,0.0,0.02453028623577259,0.1,1.0,0.6,0.0,0.0,0.02453028623577259
phaseflip,mixed_pauli,0.03,2,0.01,10,qiskit_aer,1,1,0.9775675,0.9344513888888889,0.02222222222222222,0.0,0.6,1.0,0.0,0.0,0.02198249999999994,0.013599981847414221,0.029100000000000015,0.01454999999999984,0.029100000000000015,1.0,0.4,0.2,0.2,0.0,0.5,0.021468810392954396,0.009682732375213202,0.028046310392954465,0.014396310392954303,0.028946310392954477,0.9,1.0,0.0,0.0,0.0,0.6,0.021468810392954396,0.009682732375213202,0.028046310392954465,0.014396310392954303,0.028946310392954477,0.9,1.0,0.0,0.0,0.0,0.6,0.02453028623577259,0.006618157045716097,0.02849631039295447,0.017924077598238497,0.02906157759823863,1.0,1.0,0.1,0.0,0.0,0.5,0.02453028623577259,0.006618157045716097,0.02849631039295447,0.017924077598238497,0.02906157759823863,1.0,1.0,0.1,0.0,0.0,0.5,0.02453028623577259,0.006618157045716097,0.02849631039295447,0.017924077598238497,0.02906157759823863,1.0,1.0,0.1,0.0,0.0,0.5,0.7,1.0,0.6,0.6,0.6,1.0,0.0,1.0,0.6,0.5,1.0,0.6,0.5,1.0,0.6,0.5,1.0,0.6,0.4,0.6,0.6,0.6,0.6,0.6,0.0,0.0,0.0,0.0,0.6,0.6,1.0,1.0,1.0,0.6,0.0,0.0,0.0,0.0,0.0,0.26554862986672384,7.243954109037755e-20,7.243954109037755e-20,0.0,0.01,0,0,0,0,C2,0.0,0.0,0.02453028623577259,0.1,1.0,0.6,0.0,0.0,0.02453028623577259
phaseflip,mixed_pauli,0.03,2,0.03,10,qiskit_aer,1,1,0.9775675,0.9123958333333333,0.04444444444444444,0.0,0.5,1.0,0.0,0.0,0.02198249999999994,0.013599981847414221,0.029100000000000015,0.01454999999999984,0.029100000000000015,1.0,0.4,0.2,0.1,0.0,0.4,0.021468810392954396,0.009682732375213202,0.028046310392954465,0.014396310392954303,0.028946310392954477,0.9,1.0,0.0,0.0,0.0,0.5,0.021468810392954396,0.009682732375213202,0.028046310392954465,0.014396310392954303,0.028946310392954477,0.9,1.0,0.0,0.0,0.0,0.5,0.02453028623577259,0.006618157045716097,0.02849631039295447,0.017924077598238497,0.02906157759823863,1.0,1.0,0.1,0.0,0.0,0.4,0.02453028623577259,0.006618157045716097,0.02849631039295447,0.017924077598238497,0.02906157759823863,1.0,1.0,0.1,0.0,0.0,0.4,0.02453028623577259,0.006618157045716097,0.02849631039295447,0.017924077598238497,0.02906157759823863,1.0,1.0,0.1,0.0,0.0,0.4,0.7,1.0,0.6,0.6,0.6,1.0,0.0,1.0,0.6,0.5,1.0,0.6,0.5,1.0,0.6,0.5,1.0,0.6,0.4,0.6,0.6,0.6,0.6,0.6,0.0,0.0,0.0,0.0,0.6,0.6,1.0,1.0,1.0,0.6,0.0,0.0,0.0,0.0,0.0,0.2876041852667877,7.243954109037755e-20,7.243954109037755e-20,0.0,0.03,0,0,0,0,C2,0.0,0.0,0.02453028623577259,0.1,1.0,0.6,0.0,0.0,0.02453028623577259
phaseflip,mixed_pauli,0.03,2,0.05,10,qiskit_aer,1,1,0.9775675,0.8802241666666667,0.07777777777777778,0.0,0.4,1.0,0.0,0.0,0.02198249999999994,0.013599981847414221,0.029100000000000015,0.01454999999999984,0.029100000000000015,1.0,0.4,0.2,0.1,0.0,0.3,0.021468810392954396,0.009682732375213202,0.028046310392954465,0.014396310392954303,0.028946310392954477,0.9,1.0,0.0,0.0,0.0,0.4,0.02148417935365895,0.009694703445795375,0.028046310392954465,0.014396310392954303,0.028946310392954477,0.9,1.0,0.0,0.0,0.0,0.4,0.02453028623577259,0.006618157045716097,0.02849631039295447,0.017924077598238497,0.02906157759823863,1.0,1.0,0.1,0.0,0.0,0.3,0.02453028623577259,0.006618157045716097,0.02849631039295447,0.017924077598238497,0.02906157759823863,1.0,1.0,0.1,0.0,0.0,0.3,0.02453028623577259,0.006618157045716097,0.02849631039295447,0.017924077598238497,0.02906157759823863,1.0,1.0,0.1,0.0,0.0,0.3,0.7,0.9,0.6,0.6,0.6,0.9,0.125,1.0,0.6,0.5,1.0,0.6,0.5,1.0,0.6,0.5,1.0,0.6,0.3,0.6,0.6,0.6,0.6,0.6,0.0,0.0,0.0,0.0,0.6,0.6,1.0,1.0,1.0,0.6,0.0,0.0,0.0,0.0,0.0,0.3197758520054841,7.243954109037755e-20,7.243954109037755e-20,0.0,0.05,0,0,0,0,C2,0.0,0.0,0.02453028623577259,0.1,1.0,0.6,0.0,0.0,0.02453028623577259
phaseflip,mixed_pauli,0.03,2,0.1,10,qiskit_aer,1,1,0.9775675,0.7604994444444445,0.19999999999999998,0.0,0.0,1.0,0.0,0.0,0.02198249999999994,0.013599981847414221,0.029100000000000015,0.01454999999999984,0.029100000000000015,1.0,0.4,0.2,0.0,0.0,0.0,0.021468810392954396,0.009682732375213202,0.028046310392954465,0.014396310392954303,0.028946310392954477,0.9,1.0,0.0,0.0,0.0,0.0,0.02453028623577259,0.006618157045716097,0.02849631039295447,0.017924077598238497,0.02906157759823863,1.0,1.0,0.1,0.0,0.0,0.0,0.02453028623577259,0.006618157045716097,0.02849631039295447,0.017924077598238497,0.02906157759823863,1.0,1.0,0.1,0.0,0.0,0.0,0.02453028623577259,0.006618157045716097,0.02849631039295447,0.017924077598238497,0.02906157759823863,1.0,1.0,0.1,0.0,0.0,0.0,0.02453028623577259,0.006618157045716097,0.02849631039295447,0.017924077598238497,0.02906157759823863,1.0,1.0,0.1,0.0,0.0,0.0,0.7,0.6,0.6,0.6,0.6,0.6,0.5,1.0,0.6,0.5,1.0,0.6,0.5,1.0,0.6,0.5,1.0,0.6,0.0,0.6,0.6,0.6,0.6,0.6,0.0,0.0,0.0,0.0,0.6,0.6,1.0,1.0,1.0,0.6,0.0,0.0,0.0,0.0,0.0,0.4395005744014381,6.997435076156189e-20,6.997435076156189e-20,0.0,0.1,0,0,0,0,C1,0.0,0.0,0.02453028623577259,0.1,1.0,0.6,0.0,0.0,0.02453028623577259
phaseflip,mixed_pauli,0.03,3,0.0,10,qiskit_aer,1,1,0.9615148000000001,0.9615148000000001,0.0,0.0,1.0,1.0,0.0,0.0,0.03729990000000012,0.014968253874116252,0.0355155000000002,0.028254000000000223,0.04321350000000024,1.0,0.5,0.2,0.5,0.0,0.8,0.04524621039295444,0.012205521866761831,0.04305981039295448,0.042285810392954454,0.05630031039295447,1.0,1.0,0.0,0.0,0.0,1.0,0.039636948314363596,0.012280853407616593,0.04239831039295444,0.031733827598238784,0.04305981039295448,1.0,1.0,0.0,0.0,0.0,1.0,0.04286305519647724,0.01576110953877288,0.04305981039295448,0.03184632759823877,0.053306482794715754,1.0,1.0,0.2,0.0,0.0,0.8,0.04286305519647724,0.01576110953877288,0.04305981039295448,0.03184632759823877,0.053306482794715754,1.0,1.0,0.2,0.0,0.0,0.8,0.04286305519647724,0.01576110953877288,0.04305981039295448,0.03184632759823877,0.053306482794715754,1.0,1.0,0.2,0.0,0.0,0.8,1.0,0.8,0.5,0.5,0.5,0.8,0.0,0.75,0.5,1.0,0.625,0.5,1.0,0.625,0.5,1.0,0.625,0.5,0.3,0.5,0.5,0.5,0.5,0.5,0.0,0.0,0.0,0.0,0.5,0.5,1.0,1.0,1.0,0.5,0.0,0.0,0.0,0.0,0.0,0.038485204973425516,0.02093183766884686,0.02093183766884686,0.0,0.0,0,0,0,0,C2,0.0,0.0,0.04286305519647724,0.2,1.0,0.5,0.0,0.0,0.04286305519647724
phaseflip,mixed_pauli,0.03,3,0.01,10,qiskit_aer,1,1,0.9615148000000001,0.9076259111111111,0.03333333333333333,0.0,0.6,1.0,0.0,0.0,0.03729990000000012,0.014968253874116252,0.0355155000000002,0.028254000000000223,0.04321350000000024,1.0,0.5,0.2,0.3,0.0,0.4,0.04524621039295444,0.012205521866761831,0.04305981039295448,0.042285810392954454,0.05630031039295447,1.0,1.0,0.0,0.0,0.0,0.6,0.039636948314363596,0.012280853407616593,0.04239831039295444,0.031733827598238784,0.04305981039295448,1.0,1.0,0.0,0.0,0.0,0.6,0.04286305519647724,0.01576110953877288,0.04305981039295448,0.03184632759823877,0.053306482794715754,1.0,1.0,0.2,0.0,0.0,0.4,0.04286305519647724,0.01576110953877288,0.04305981039295448,0.03184632759823877,0.053306482794715754,1.0,1.0,0.2,0.0,0.0,0.4,0.04286305519647724,0.01576110953877288,0.04305981039295448,0.03184632759823877,0.053306482794715754,1.0,1.0,0.2,0.0,0.0,0.4,1.0,0.8,0.5,0.5,0.5,0.8,0.0,0.75,0.5,1.0,0.625,0.5,1.0,0.625,0.5,1.0,0.625,0.5,0.3,0.5,0.5,0.5,0.5,0.5,0.0,0.0,0.0,0.0,0.5,0.5,1.0,1.0,1.0,0.5,0.0,0.0,0.0,0.0,0.0,0.09237409349666907,0.004107438304662859,0.004107438304662859,0.0,0.01,0,0,0,0,C2,0.0,0.0,0.04286305519647724,0.2,1.0,0.5,0.0,0.0,0.04286305519647724
phaseflip,mixed_pauli,0.03,3,0.03,10,qiskit_aer,1,1,0.9615148000000001,0.8542023222222223,0.08888888888888888,0.0,0.3,1.0,0.0,0.0,0.03729990000000012,0.014968253874116252,0.0355155000000002,0.028254000000000223,0.04321350000000024,1.0,0.4,0.2,0.2,0.0,0.2,0.04524621039295444,0.012205521866761831,0.04305981039295448,0.042285810392954454,0.05630031039295447,1.0,1.0,0.0,0.0,0.0,0.3,0.03683231727506817,0.014400897131552825,0.04239831039295444,0.028254000000000223,0.04305981039295448,1.0,1.0,0.0,0.0,0.0,0.3,0.03984768623577271,0.012351327636125332,0.04284156039295445,0.031733827598238784,0.04400870259823833,1.0,1.0,0.1,0.0,0.0,0.2,0.03984768623577271,0.012351327636125332,0.04284156039295445,0.031733827598238784,0.04400870259823833,1.0,1.0,0.1,0.0,0.0,0.2,0.03984768623577271,0.012351327636125332,0.04284156039295445,0.031733827598238784,0.04400870259823833,1.0,1.0,0.1,0.0,0.0,0.2,1.0,0.7,0.6,0.6,0.6,0.7,0.0,0.5714285714285714,0.6,0.3333333333333333,0.5714285714285714,0.6,0.3333333333333333,0.5714285714285714,0.6,0.3333333333333333,0.5714285714285714,0.6,0.1,0.6,0.6,0.6,0.6,0.6,0.0,0.0,0.0,0.0,0.6,0.6,1.0,1.0,1.0,0.6,0.0,0.0,0.0,0.0,0.0,0.3457976823325213,0.028158761385438224,0.028158761385438224,0.0,0.03,0,0,0,0,C2,0.0,0.0,0.03984768623577271,0.1,1.0,0.6,0.0,0.0,0.03984768623577271
phaseflip,mixed_pauli,0.03,3,0.05,10,qiskit_aer,1,1,0.9615148000000001,0.8332787333333334,0.1111111111111111,0.0,0.3,1.0,0.0,0.0,0.03729990000000012,0.014968253874116252,0.0355155000000002,0.028254000000000223,0.04321350000000024,1.0,0.6,0.2,0.2,0.0,0.2,0.04524621039295444,0.012205521866761831,0.04305981039295448,0.042285810392954454,0.05630031039295447,1.0,1.0,0.0,0.0,0.0,0.3,0.037043055196477284,0.017318618139771945,0.03543865519647732,0.028254000000000223,0.04305981039295448,1.0,1.0,0.1,0.0,0.0,0.3,0.04005842415718182,0.015615155627737558,0.04284156039295445,0.028254000000000223,0.04400870259823833,1.0,1.0,0.2,0.0,0.0,0.2,0.04005842415718182,0.015615155627737558,0.04284156039295445,0.028254000000000223,0.04400870259823833,1.0,1.0,0.2,0.0,0.0,0.2,0.04005842415718182,0.015615155627737558,0.04284156039295445,0.028254000000000223,0.04400870259823833,1.0,1.0,0.2,0.0,0.0,0.2,1.0,0.5,0.4,0.4,0.4,0.5,0.3333333333333333,0.42857142857142855,0.4,0.6666666666666666,0.42857142857142855,0.4,0.6666666666666666,0.42857142857142855,0.4,0.6666666666666666,0.42857142857142855,0.4,0.1,0.4,0.4,0.4,0.4,0.4,0.0,0.0,0.0,0.0,0.4,0.4,1.0,1.0,1.0,0.4,0.0,0.0,0.0,0.0,0.0,-0.03327872840403201,0.028158761385438224,0.028158761385438224,0.0,0.05,0,0,0,0,C2,0.0,0.0,0.04005842415718182,0.2,1.0,0.4,0.0,0.0,0.04005842415718182
phaseflip,mixed_pauli,0.03,3,0.1,10,qiskit_aer,1,1,0.9615148000000001,0.7367415333333334,0.2111111111111111,0.0,0.2,1.0,0.0,0.0,0.03729990000000012,0.014968253874116252,0.0355155000000002,0.028254000000000223,0.04321350000000024,1.0,0.6,0.2,0.1,0.0,0.2,0.04524621039295444,0.012205521866761831,0.04305981039295448,0.042285810392954454,0.05630031039295447,1.0,1.0,0.0,0.0,0.0,0.2,0.04286305519647724,0.01576110953877288,0.04305981039295448,0.03184632759823877,0.053306482794715754,1.0,1.0,0.2,0.0,0.0,0.2,0.042878424157181814,0.015761368835971762,0.04313665519647736,0.03184632759823877,0.053306482794715754,1.0,1.0,0.2,0.0,0.0,0.2,0.042878424157181814,0.015761368835971762,0.04313665519647736,0.03184632759823877,0.053306482794715754,1.0,1.0,0.2,0.0,0.0,0.2,0.042878424157181814,0.015761368835971762,0.04313665519647736,0.03184632759823877,0.053306482794715754,1.0,1.0,0.2,0.0,0.0,0.2,0.9,0.5,0.4,0.4,0.4,0.5,0.5,0.5,0.4,0.75,0.5,0.4,0.75,0.5,0.4,0.75,0.5,0.4,0.1,0.4,0.4,0.4,0.4,0.4,0.0,0.0,0.0,0.0,0.4,0.4,1.0,1.0,1.0,0.4,0.0,0.0,0.0,0.0,0.0,0.06325847130569702,0.028158761385438224,0.028158761385438224,0.0,0.1,0,0,0,0,C2,0.0,0.0,0.042878424157181814,0.2,1.0,0.4,0.0,0.0,0.042878424157181814
phaseflip,mixed_pauli,0.03,4,0.0,10,qiskit_aer,1,1,0.9488338810000001,0.9488338810000001,0.0,0.0,1.0,1.0,0.0,0.0,0.048932147999999995,0.017062603855765825,0.04247622000000001,0.04195718999999987,0.05544847500000019,1.0,0.8,0.1,0.2,0.0,0.9,0.06816925839295436,0.012727879856362473,0.07000350039295433,0.059196547892954365,0.07901067789295435,1.0,1.0,0.0,0.0,0.0,1.0,0.0711846273536589,0.01287589435178166,0.07000350039295433,0.06936839289295443,0.08264757039295437,1.0,1.0,0.1,0.0,0.0,0.9,0.051721410078590865,0.0198792043076603,0.04239937519647713,0.04195718999999987,0.06589788000000024,1.0,1.0,0.1,0.0,0.0,0.9,0.051721410078590865,0.0198792043076603,0.04239937519647713,0.04195718999999987,0.06589788000000024,1.0,1.0,0.1,0.0,0.0,0.9,0.051721410078590865,0.0198792043076603,0.04239937519647713,0.04195718999999987,0.06589788000000024,1.0,1.0,0.1,0.0,0.0,0.9,0.9,0.9,0.2,0.2,0.2,0.9,0.5,1.0,0.2,1.0,0.25,0.2,1.0,0.25,0.2,1.0,0.25,0.2,0.7,0.2,0.2,0.2,0.2,0.2,0.0,0.0,0.0,0.0,0.2,0.2,1.0,1.0,1.0,0.2,0.0,0.0,0.0,0.0,0.0,-0.5488338795750759,1.5425581662038152e-20,1.5425581662038152e-20,0.0,0.0,0,0,0,0,C1,0.0,0.0,0.0711846273536589,0.1,1.0,0.9,0.0,0.0,0.0711846273536589
phaseflip,mixed_pauli,0.03,4,0.01,10,qiskit_aer,1,1,0.9488338810000001,0.9066614608888889,0.01111111111111111,0.0,0.6,1.0,0.0,0.0,0.048932147999999995,0.017062603855765825,0.04247622000000001,0.04195718999999987,0.05544847500000019,1.0,0.9,0.1,0.1,0.0,0.6,0.06816925839295436,0.012727879856362473,0.07000350039295433,0.059196547892954365,0.07901067789295435,1.0,1.0,0.0,0.0,0.0,0.6,0.06013530319647716,0.0198413798638294,0.06259344019647728,0.04217828259823861,0.07964517789295436,1.0,1.0,0.1,0.0,0.0,0.6,0.051736779039295445,0.01987239144211174,0.04247622000000001,0.04195718999999987,0.06589788000000024,1.0,1.0,0.1,0.0,0.0,0.6,0.051736779039295445,0.01987239144211174,0.04247622000000001,0.04195718999999987,0.06589788000000024,1.0,1.0,0.1,0.0,0.0,0.6,0.051736779039295445,0.01987239144211174,0.04247622000000001,0.04195718999999987,0.06589788000000024,1.0,1.0,0.1,0.0,0.0,0.6,0.8,0.5,0.1,0.1,0.1,0.5,0.6666666666666666,0.5714285714285714,0.1,1.0,0.14285714285714285,0.1,1.0,0.14285714285714285,0.1,1.0,0.14285714285714285,0.1,0.4,0.1,0.1,0.1,0.1,0.1,0.0,0.0,0.0,0.0,0.1,0.1,1.0,1.0,1.0,0.1,0.0,0.0,0.0,0.0,0.0,-0.706661459432792,2.166112591183837e-21,2.166112591183837e-21,0.0,0.01,0,0,0,0,C1,0.0,0.0,0.06013530319647716,0.1,1.0,0.5,0.0,0.0,0.06013530319647716
phaseflip,mixed_pauli,0.03,4,0.03,10,qiskit_aer,1,1,0.9488338810000001,0.8646576164444445,0.05555555555555555,0.0,0.4,1.0,0.0,0.0,0.04893214800000002,0.017062603855765815,0.04247622000000001,0.04195718999999992,0.05544847500000019,1.0,0.9,0.1,0.1,0.0,0.4,0.06816925839295436,0.012727879856362473,0.07000350039295433,0.059196547892954365,0.07901067789295435,1.0,1.0,0.0,0.0,0.0,0.4,0.05733067215718174,0.01822788698557807,0.05576844019647731,0.04217828259823861,0.0698302202947158,1.0,1.0,0.1,0.0,0.0,0.4,0.051736779039295466,0.01987239144211173,0.04247622000000001,0.04195718999999992,0.06589788000000024,1.0,1.0,0.1,0.0,0.0,0.4,0.051736779039295466,0.01987239144211173,0.04247622000000001,0.04195718999999992,0.06589788000000024,1.0,1.0,0.1,0.0,0.0,0.4,0.051736779039295466,0.01987239144211173,0.04247622000000001,0.04195718999999992,0.06589788000000024,1.0,1.0,0.1,0.0,0.0,0.4,0.8,0.4,0.1,0.1,0.1,0.4,0.6666666666666666,0.42857142857142855,0.1,1.0,0.14285714285714285,0.1,1.0,0.14285714285714285,0.1,1.0,0.14285714285714285,0.1,0.3,0.1,0.1,0.1,0.1,0.1,0.0,0.0,0.0,0.0,0.1,0.1,1.0,1.0,1.0,0.1,0.0,0.0,0.0,0.0,0.0,-0.6646576149836442,2.166112591183837e-21,2.166112591183837e-21,0.0,0.03,0,0,0,0,C1,0.0,0.0,0.05733067215718174,0.1,1.0,0.4,0.0,0.0,0.05733067215718174
phaseflip,mixed_pauli,0.03,4,0.05,10,qiskit_aer,1,1,0.9488338810000001,0.843579560888889,0.09999999999999999,0.0,0.3,1.0,0.0,0.0,0.048932147999999995,0.017062603855765825,0.04247622000000001,0.04195718999999987,0.05544847500000019,1.0,0.9,0.1,0.1,0.0,0.3,0.06816925839295436,0.012727879856362473,0.07000350039295433,0.059196547892954365,0.07901067789295435,1.0,1.0,0.0,0.0,0.0,0.3,0.05999684111788632,0.019575743964808507,0.06248538000000026,0.04221670500000005,0.07901067789295435,1.0,1.0,0.1,0.0,0.0,0.3,0.051736779039295445,0.01987239144211174,0.04247622000000001,0.04195718999999987,0.06589788000000024,1.0,1.0,0.1,0.0,0.0,0.3,0.051736779039295445,0.01987239144211174,0.04247622000000001,0.04195718999999987,0.06589788000000024,1.0,1.0,0.1,0.0,0.0,0.3,0.051736779039295445,0.01987239144211174,0.04247622000000001,0.04195718999999987,0.06589788000000024,1.0,1.0,0.1,0.0,0.0,0.3,0.8,0.3,0.1,0.1,0.1,0.3,1.0,0.42857142857142855,0.1,1.0,0.14285714285714285,0.1,1.0,0.14285714285714285,0.1,1.0,0.14285714285714285,0.1,0.2,0.1,0.1,0.1,0.1,0.1,0.0,0.0,0.0,0.0,0.1,0.1,1.0,1.0,1.0,0.1,0.0,0.0,0.0,0.0,0.0,-0.6435795595083311,2.166112591183837e-21,2.166112591183837e-21,0.0,0.05,0,0,0,0,C1,0.0,0.0,0.05999684111788632,0.1,1.0,0.3,0.0,0.0,0.05999684111788632
phaseflip,mixed_pauli,0.03,4,0.1,10,qiskit_aer,1,1,0.9488338810000001,0.6744294074444445,0.2777777777777778,0.0,0.0,1.0,0.0,0.0,0.048932147999999995,0.017062603855765825,0.04247622000000001,0.04195718999999987,0.05544847500000019,1.0,0.9,0.1,0.0,0.0,0.0,0.06816925839295436,0.012727879856362473,0.07000350039295433,0.059196547892954365,0.07901067789295435,1.0,1.0,0.0,0.0,0.0,0.0,0.051736779039295445,0.01987239144211174,0.04247622000000001,0.04195718999999987,0.06589788000000024,1.0,1.0,0.1,0.0,0.0,0.0,0.051736779039295445,0.01987239144211174,0.04247622000000001,0.04195718999999987,0.06589788000000024,1.0,1.0,0.1,0.0,0.0,0.0,0.051736779039295445,0.01987239144211174,0.04247622000000001,0.04195718999999987,0.06589788000000024,1.0,1.0,0.1,0.0,0.0,0.0,0.051736779039295445,0.01987239144211174,0.04247622000000001,0.04195718999999987,0.06589788000000024,1.0,1.0,0.1,0.0,0.0,0.0,0.8,0.1,0.1,0.1,0.1,0.1,1.0,0.14285714285714285,0.1,1.0,0.14285714285714285,0.1,1.0,0.14285714285714285,0.1,1.0,0.14285714285714285,0.1,0.0,0.1,0.1,0.1,0.1,0.1,0.0,0.0,0.0,0.0,0.1,0.1,1.0,1.0,1.0,0.1,0.0,0.0,0.0,0.0,0.0,-0.4744294059735296,2.166112591183837e-21,2.166112591183837e-21,0.0,0.1,0,0,0,0,C1,0.0,0.0,0.051736779039295445,0.1,1.0,0.1,0.0,0.0,0.051736779039295445
phaseflip,mixed_pauli,0.05,1,0.0,10,qiskit_aer,1,1,0.9825,0.9825,0.0,0.0,1.0,1.0,0.0,0.0,0.017499999999999884,0.019525624189766517,0.0124999999999999,0.0,0.0249999999999998,1.0,0.7,0.5,0.3,0.0,0.5,0.012346310392954396,0.01145643923738956,0.01984631039295437,0.001096310392954436,0.01984631039295437,0.7,1.0,0.0,0.0,0.0,1.0,0.0024231551964772114,0.008992868346985513,0.0,-0.0038652672052841563,0.0,0.7,1.0,0.0,0.0,0.0,1.0,0.00845389311788628,0.016903591277768575,0.0,0.0,0.014884732794715777,0.8,1.0,0.2,0.0,0.0,0.8,0.00845389311788628,0.016903591277768575,0.0,0.0,0.014884732794715777,0.8,1.0,0.2,0.0,0.0,0.8,0.00845389311788628,0.016903591277768575,0.0,0.0,0.014884732794715777,0.8,1.0,0.2,0.0,0.0,0.8,1.0,0.5,0.3,0.3,0.3,0.5,0.0,0.375,0.3,1.0,0.375,0.3,1.0,0.375,0.3,1.0,0.375,0.3,0.2,0.3,0.3,0.3,0.3,0.3,0.0,0.0,0.0,0.0,0.3,0.3,1.0,1.0,1.0,0.3,0.0,0.0,0.0,0.0,0.0,-0.38249999738151985,0.0349962271709975,0.0349962271709975,0.0,0.0,0,0,0,0,C2,0.0,0.0,0.00845389311788628,0.2,0.8,0.3,0.0,0.0,0.00845389311788628
phaseflip,mixed_pauli,0.05,1,0.01,10,qiskit_aer,1,1,0.9825,0.9175,0.03333333333333333,0.0,0.5,1.0,0.0,0.0,0.017499999999999884,0.019525624189766517,0.0124999999999999,0.0,0.0249999999999998,1.0,0.7,0.5,0.1,0.0,0.3,0.012346310392954396,0.01145643923738956,0.01984631039295437,0.001096310392954436,0.01984631039295437,0.7,1.0,0.0,0.0,0.0,0.5,0.005438524157181745,0.01636393026087643,0.0,-0.0038652672052841563,0.0,0.7,1.0,0.1,0.0,0.0,0.5,0.00845389311788628,0.016903591277768575,0.0,0.0,0.014884732794715777,0.8,1.0,0.2,0.0,0.0,0.4,0.00845389311788628,0.016903591277768575,0.0,0.0,0.014884732794715777,0.8,1.0,0.2,0.0,0.0,0.4,0.00845389311788628,0.016903591277768575,0.0,0.0,0.014884732794715777,0.8,1.0,0.2,0.0,0.0,0.4,1.0,0.4,0.3,0.3,0.3,0.4,0.25,0.16666666666666666,0.3,0.5,0.16666666666666666,0.3,0.5,0.16666666666666666,0.3,0.5,0.16666666666666666,0.3,0.1,0.3,0.3,0.3,0.3,0.3,0.0,0.0,0.0,0.0,0.3,0.3,1.0,1.0,1.0,0.3,0.0,0.0,0.0,0.0,0.0,-0.31749999756024244,0.018171827806813493,0.018171827806813493,0.0,0.01,0,0,0,0,C2,0.0,0.0,0.00845389311788628,0.2,0.8,0.3,0.0,0.0,0.00845389311788628
phaseflip,mixed_pauli,0.05,1,0.03,10,qiskit_aer,1,1,0.9825,0.8416666666666667,0.1111111111111111,0.0,0.4,1.0,0.0,0.0,0.017499999999999884,0.019525624189766517,0.0124999999999999,0.0,0.0249999999999998,1.0,0.7,0.5,0.1,0.0,0.2,0.012346310392954396,0.01145643923738956,0.01984631039295437,0.001096310392954436,0.01984631039295437,0.7,1.0,0.0,0.0,0.0,0.4,0.005438524157181745,0.01636393026087643,0.0,-0.0038652672052841563,0.0,0.7,1.0,0.1,0.0,0.0,0.4,0.00845389311788628,0.016903591277768575,0.0,0.0,0.014884732794715777,0.8,1.0,0.2,0.0,0.0,0.3,0.00845389311788628,0.016903591277768575,0.0,0.0,0.014884732794715777,0.8,1.0,0.2,0.0,0.0,0.3,0.00845389311788628,0.016903591277768575,0.0,0.0,0.014884732794715777,0.8,1.0,0.2,0.0,0.0,0.3,1.0,0.4,0.3,0.3,0.3,0.4,0.25,0.16666666666666666,0.3,0.5,0.16666666666666666,0.3,0.5,0.16666666666666666,0.3,0.5,0.16666666666666666,0.3,0.1,0.3,0.3,0.3,0.3,0.3,0.0,0.0,0.0,0.0,0.3,0.3,1.0,1.0,1.0,0.3,0.0,0.0,0.0,0.0,0.0,-0.24166666404818654,0.0349962271709975,0.0349962271709975,0.0,0.03,0,0,0,0,C2,0.0,0.0,0.00845389311788628,0.2,0.8,0.3,0.0,0.0,0.00845389311788628
phaseflip,mixed_pauli,0.05,1,0.05,10,qiskit_aer,1,1,0.9825,0.8086111111111112,0.15555555555555556,0.0,0.2,1.0,0.0,0.0,0.017499999999999884,0.019525624189766517,0.0124999999999999,0.0,0.0249999999999998,1.0,0.7,0.5,0.0,0.0,0.1,0.012346310392954396,0.01145643923738956,0.01984631039295437,0.001096310392954436,0.01984631039295437,0.7,1.0,0.0,0.0,0.0,0.2,0.005438524157181745,0.01636393026087643,0.0,-0.0038652672052841563,0.0,0.7,1.0,0.1,0.0,0.0,0.2,0.00845389311788628,0.016903591277768575,0.0,0.0,0.014884732794715777,0.8,1.0,0.2,0.0,0.0,0.1,0.00845389311788628,0.016903591277768575,0.0,0.0,0.014884732794715777,0.8,1.0,0.2,0.0,0.0,0.1,0.00845389311788628,0.016903591277768575,0.0,0.0,0.014884732794715777,0.8,1.0,0.2,0.0,0.0,0.1,1.0,0.4,0.3,0.3,0.3,0.4,0.2,0.0,0.3,0.4,0.0,0.3,0.4,0.0,0.3,0.4,0.0,0.3,0.1,0.3,0.3,0.3,0.3,0.3,0.0,0.0,0.0,0.0,0.3,0.3,1.0,1.0,1.0,0.3,0.0,0.0,0.0,0.0,0.0,-0.2086111086659819,0.0181718278068135,0.0181718278068135,0.0,0.05,0,0,0,0,C2,0.0,0.0,0.00845389311788628,0.2,0.8,0.3,0.0,0.0,0.00845389311788628
phaseflip,mixed_pauli,0.05,1,0.1,10,qiskit_aer,1,1,0.9825,0.71,0.25555555555555554,0.0,0.1,1.0,0.0,0.0,0.017499999999999884,0.019525624189766517,0.0124999999999999,0.0,0.0249999999999998,1.0,0.7,0.5,0.0,0.0,0.0,0.012346310392954396,0.01145643923738956,0.01984631039295437,0.001096310392954436,0.01984631039295437,0.7,1.0,0.0,0.0,0.0,0.1,0.005438524157181745,0.01636393026087643,0.0,-0.0038652672052841563,0.0,0.7,1.0,0.1,0.0,0.0,0.1,0.00845389311788628,0.016903591277768575,0.0,0.0,0.014884732794715777,0.8,1.0,0.2,0.0,0.0,0.0,0.00845389311788628,0.016903591277768575,0.0,0.0,0.014884732794715777,0.8,1.0,0.2,0.0,0.0,0.0,0.00845389311788628,0.016903591277768575,0.0,0.0,0.014884732794715777,0.8,1.0,0.2,0.0,0.0,0.0,1.0,0.4,0.3,0.3,0.3,0.4,0.2,0.0,0.3,0.4,0.0,0.3,0.4,0.0,0.3,0.4,0.0,0.3,0.1,0.3,0.3,0.3,0.3,0.3,0.0,0.0,0.0,0.0,0.3,0.3,1.0,1.0,1.0,0.3,0.0,0.0,0.0,0.0,0.0,-0.10999999752391791,0.0349962271709975,0.0349962271709975,0.0,0.1,0,0,0,0,C2,0.0,0.0,0.00845389311788628,0.2,0.8,0.3,0.0,0.0,0.00845389311788628
phaseflip,mixed_pauli,0.05,2,0.0,10,qiskit_aer,1,1,0.9626874999999999,0.9626874999999999,0.0,0.0,1.0,1.0,0.0,0.0,0.03606250000000005,0.02241659890014528,0.0475000000000001,0.023749999999999993,0.04750000000000021,1.0,0.5,0.2,0.5,0.0,0.8,0.05490881039295442,0.01572828363967289,0.06484631039295452,0.04359631039295431,0.06734631039295436,1.0,1.0,0.0,0.0,0.0,1.0,0.03995491727506815,0.024434086925678007,0.04359631039295431,0.025315060392954364,0.06238473279471582,1.0,1.0,0.0,0.0,0.0,1.0,0.04098565519647725,0.02422357722662967,0.04554815519647726,0.02871157759823853,0.0628534827947157,1.0,1.0,0.1,0.0,0.0,0.9,0.04098565519647725,0.02422357722662967,0.04554815519647726,0.02871157759823853,0.0628534827947157,1.0,1.0,0.1,0.0,0.0,0.9,0.04098565519647725,0.02422357722662967,0.04554815519647726,0.02871157759823853,0.0628534827947157,1.0,1.0,0.1,0.0,0.0,0.9,1.0,0.7,0.5,0.5,0.5,0.7,0.0,0.6666666666666666,0.5,1.0,0.5555555555555556,0.5,1.0,0.5555555555555556,0.5,1.0,0.5555555555555556,0.5,0.2,0.5,0.5,0.5,0.5,0.5,0.0,0.0,0.0,0.0,0.5,0.5,1.0,1.0,1.0,0.5,0.0,0.0,0.0,0.0,0.0,0.03731250200858064,1.395218995487814e-19,1.395218995487814e-19,0.0,0.0,0,0,0,0,C2,0.0,0.0,0.04098565519647725,0.1,1.0,0.5,0.0,0.0,0.04098565519647725
phaseflip,mixed_pauli,0.05,2,0.01,10,qiskit_aer,1,1,0.9626874999999999,0.9204513888888889,0.02222222222222222,0.0,0.6,1.0,0.0,0.0,0.03606250000000005,0.02241659890014528,0.0475000000000001,0.023749999999999993,0.04750000000000021,1.0,0.4,0.2,0.3,0.0,0.5,0.05490881039295442,0.01572828363967289,0.06484631039295452,0.04359631039295431,0.06734631039295436,1.0,1.0,0.0,0.0,0.0,0.6,0.03797028623577271,0.02486000409361864,0.04359631039295431,0.02035348279471577,0.06238473279471582,1.0,1.0,0.0,0.0,0.0,0.6,0.03797028623577271,0.02486000409361864,0.04359631039295431,0.02035348279471577,0.06238473279471582,1.0,1.0,0.0,0.0,0.0,0.6,0.03797028623577271,0.02486000409361864,0.04359631039295431,0.02035348279471577,0.06238473279471582,1.0,1.0,0.0,0.0,0.0,0.6,0.03797028623577271,0.02486000409361864,0.04359631039295431,0.02035348279471577,0.06238473279471582,1.0,1.0,0.0,0.0,0.0,0.6,1.0,0.6,0.6,0.6,0.6,0.6,0.0,0.5555555555555556,0.6,0.0,0.5555555555555556,0.6,0.0,0.5555555555555556,0.6,0.0,0.5555555555555556,0.6,0.0,0.6,0.6,0.6,0.6,0.6,0.0,0.0,0.0,0.0,0.6,0.6,1.0,1.0,1.0,0.6,0.0,0.0,0.0,0.0,0.0,0.27954861317307966,0.00464796684967484,0.00464796684967484,0.0,0.01,0,0,0,0,C1,0.0,0.0,0.03797028623577271,0.0,1.0,0.6,0.0,0.0,0.03797028623577271
phaseflip,mixed_pauli,0.05,2,0.03,10,qiskit_aer,1,1,0.9626874999999999,0.8985069444444445,0.04444444444444444,0.0,0.5,1.0,0.0,0.0,0.03606250000000005,0.02241659890014528,0.0475000000000001,0.023749999999999993,0.04750000000000021,1.0,0.5,0.2,0.2,0.0,0.4,0.05490881039295442,0.01572828363967289,0.06484631039295452,0.04359631039295431,0.06734631039295436,1.0,1.0,0.0,0.0,0.0,0.5,0.03797028623577271,0.02486000409361864,0.04359631039295431,0.02035348279471577,0.06238473279471582,1.0,1.0,0.0,0.0,0.0,0.5,0.04098565519647725,0.02422357722662967,0.04554815519647726,0.02871157759823853,0.0628534827947157,1.0,1.0,0.1,0.0,0.0,0.4,0.04098565519647725,0.02422357722662967,0.04554815519647726,0.02871157759823853,0.0628534827947157,1.0,1.0,0.1,0.0,0.0,0.4,0.04098565519647725,0.02422357722662967,0.04554815519647726,0.02871157759823853,0.0628534827947157,1.0,1.0,0.1,0.0,0.0,0.4,1.0,0.6,0.5,0.5,0.5,0.6,0.0,0.5,0.5,0.5,0.5,0.5,0.5,0.5,0.5,0.5,0.5,0.5,0.1,0.5,0.5,0.5,0.5,0.5,0.0,0.0,0.0,0.0,0.5,0.5,1.0,1.0,1.0,0.5,0.0,0.0,0.0,0.0,0.0,0.10149305757538266,1.395218995487814e-19,1.395218995487814e-19,0.0,0.03,0,0,0,0,C2,0.0,0.0,0.04098565519647725,0.1,1.0,0.5,0.0,0.0,0.04098565519647725
phaseflip,mixed_pauli,0.05,2,0.05,10,qiskit_aer,1,1,0.9626874999999999,0.8671041666666667,0.07777777777777778,0.0,0.4,1.0,0.0,0.0,0.03606250000000005,0.02241659890014528,0.0475000000000001,0.023749999999999993,0.04750000000000021,1.0,0.6,0.2,0.1,0.0,0.3,0.05490881039295442,0.01572828363967289,0.06484631039295452,0.04359631039295431,0.06734631039295436,1.0,1.0,0.0,0.0,0.0,0.4,0.03598565519647727,0.0231704015521328,0.04359631039295431,0.02035348279471577,0.04750000000000021,1.0,1.0,0.0,0.0,0.0,0.4,0.039001024157181804,0.022750784335392012,0.04554815519647726,0.02871157759823853,0.048906249999999846,1.0,1.0,0.1,0.0,0.0,0.3,0.039001024157181804,0.022750784335392012,0.04554815519647726,0.02871157759823853,0.048906249999999846,1.0,1.0,0.1,0.0,0.0,0.3,0.039001024157181804,0.022750784335392012,0.04554815519647726,0.02871157759823853,0.048906249999999846,1.0,1.0,0.1,0.0,0.0,0.3,1.0,0.5,0.4,0.4,0.4,0.5,0.0,0.375,0.4,0.5,0.375,0.4,0.5,0.375,0.4,0.5,0.375,0.4,0.1,0.4,0.4,0.4,0.4,0.4,0.0,0.0,0.0,0.0,0.4,0.4,1.0,1.0,1.0,0.4,0.0,0.0,0.0,0.0,0.0,-0.06710416465670398,7.301011866116646e-20,7.301011866116646e-20,0.0,0.05,0,0,0,0,C2,0.0,0.0,0.039001024157181804,0.1,1.0,0.4,0.0,0.0,0.039001024157181804
phaseflip,mixed_pauli,0.05,2,0.1,10,qiskit_aer,1,1,0.9626874999999999,0.7490416666666666,0.19999999999999998,0.0,0.0,1.0,0.0,0.0,0.03606250000000005,0.02241659890014528,0.0475000000000001,0.023749999999999993,0.04750000000000021,1.0,0.4,0.2,0.0,0.0,0.0,0.05490881039295442,0.01572828363967289,0.06484631039295452,0.04359631039295431,0.06734631039295436,1.0,1.0,0.0,0.0,0.0,0.0,0.03797028623577271,0.02486000409361864,0.04359631039295431,0.02035348279471577,0.06238473279471582,1.0,1.0,0.0,0.0,0.0,0.0,0.03797028623577271,0.02486000409361864,0.04359631039295431,0.02035348279471577,0.06238473279471582,1.0,1.0,0.0,0.0,0.0,0.0,0.03797028623577271,0.02486000409361864,0.04359631039295431,0.02035348279471577,0.06238473279471582,1.0,1.0,0.0,0.0,0.0,0.0,0.03797028623577271,0.02486000409361864,0.04359631039295431,0.02035348279471577,0.06238473279471582,1.0,1.0,0.0,0.0,0.0,0.0,1.0,0.6,0.6,0.6,0.6,0.6,0.0,0.5,0.6,0.0,0.5,0.6,0.0,0.5,0.6,0.0,0.5,0.6,0.0,0.6,0.6,0.6,0.6,0.6,0.0,0.0,0.0,0.0,0.6,0.6,1.0,1.0,1.0,0.6,0.0,0.0,0.0,0.0,0.0,0.4509583353947833,0.00464796684967484,0.00464796684967484,0.0,0.1,0,0,0,0,C1,0.0,0.0,0.03797028623577271,0.0,1.0,0.6,0.0,0.0,0.03797028623577271
phaseflip,mixed_pauli,0.05,3,0.0,10,qiskit_aer,1,1,0.936425,0.936425,0.0,0.0,0.9,0.9,0.0,0.0,0.06033750000000012,0.024576780200017922,0.05706250000000018,0.045250000000000234,0.07006250000000028,1.0,0.9,0.2,0.1,0.0,0.8,0.0926838103929545,0.019415345090932616,0.08990881039295445,0.08778381039295452,0.11009631039295453,1.0,1.0,0.0,0.0,0.0,0.9,0.09569917935365903,0.020672504766168977,0.10000256039295452,0.08901818539295447,0.11009631039295453,1.0,1.0,0.1,0.0,0.0,0.9,0.062322131039295556,0.02594907596148997,0.05765625000000013,0.045250000000000234,0.07235937499999992,1.0,1.0,0.2,0.0,0.0,0.8,0.062322131039295556,0.02594907596148997,0.05765625000000013,0.045250000000000234,0.07235937499999992,1.0,1.0,0.2,0.0,0.0,0.8,0.062322131039295556,0.02594907596148997,0.05765625000000013,0.045250000000000234,0.07235937499999992,1.0,1.0,0.2,0.0,0.0,0.8,1.0,0.9,0.1,0.1,0.1,0.9,0.5,1.0,0.1,1.0,0.125,0.1,1.0,0.125,0.1,1.0,0.125,0.1,0.8,0.1,0.1,0.1,0.1,0.1,0.0,0.0,0.0,0.0,0.1,0.1,1.0,1.0,1.0,0.1,0.0,0.0,0.0,0.0,0.0,-0.7364249987606726,9.33517426776006e-22,9.33517426776006e-22,0.0,0.0,0,0,0,0,C1,0.0,0.0,0.09569917935365903,0.1,1.0,0.9,0.0,0.0,0.09569917935365903
phaseflip,mixed_pauli,0.05,3,0.01,10,qiskit_aer,1,1,0.936425,0.83185,0.03333333333333333,0.0,0.2,0.9,0.0,0.0,0.0603375000000001,0.02457678020001792,0.05706250000000018,0.045250000000000234,0.07006250000000011,1.0,0.8,0.2,0.0,0.0,0.2,0.0926838103929545,0.019415345090932616,0.08990881039295445,0.08778381039295452,0.11009631039295453,1.0,1.0,0.0,0.0,0.0,0.2,0.06327602415718188,0.028955865944365184,0.045250000000000234,0.045250000000000234,0.08961193539295442,1.0,1.0,0.1,0.0,0.0,0.2,0.059306762078591,0.02626856146568493,0.045250000000000234,0.045250000000000234,0.07006250000000011,1.0,1.0,0.1,0.0,0.0,0.2,0.059306762078591,0.02626856146568493,0.045250000000000234,0.045250000000000234,0.07006250000000011,1.0,1.0,0.1,0.0,0.0,0.2,0.059306762078591,0.02626856146568493,0.045250000000000234,0.045250000000000234,0.07006250000000011,1.0,1.0,0.1,0.0,0.0,0.2,1.0,0.4,0.2,0.2,0.2,0.4,0.5,0.375,0.2,0.5,0.125,0.2,0.5,0.125,0.2,0.5,0.125,0.2,0.2,0.2,0.2,0.2,0.2,0.2,0.0,0.0,0.0,0.0,0.2,0.2,1.0,1.0,1.0,0.2,0.0,0.0,0.0,0.0,0.0,-0.43184999892304804,1.867034853552012e-21,1.867034853552012e-21,0.0,0.01,0,0,0,0,C2,0.0,0.0,0.059306762078591,0.1,1.0,0.2,0.0,0.0,0.06327602415718188
phaseflip,mixed_pauli,0.05,3,0.03,10,qiskit_aer,1,1,0.936425,0.7798097222222222,0.08888888888888888,0.0,0.1,0.9,0.0,0.0,0.0603375000000001,0.02457678020001792,0.05706250000000018,0.045250000000000234,0.07006250000000011,1.0,0.9,0.2,0.0,0.0,0.1,0.0926838103929545,0.019415345090932616,0.08990881039295445,0.08778381039295452,0.11009631039295453,1.0,1.0,0.0,0.0,0.0,0.1,0.059306762078591,0.026358126264869327,0.045250000000000234,0.045250000000000234,0.06976562500000005,1.0,1.0,0.1,0.0,0.0,0.1,0.057322131039295565,0.02467249710816883,0.045250000000000234,0.045250000000000234,0.06976562500000005,1.0,1.0,0.1,0.0,0.0,0.1,0.057322131039295565,0.02467249710816883,0.045250000000000234,0.045250000000000234,0.06976562500000005,1.0,1.0,0.1,0.0,0.0,0.1,0.057322131039295565,0.02467249710816883,0.045250000000000234,0.045250000000000234,0.06976562500000005,1.0,1.0,0.1,0.0,0.0,0.1,1.0,0.2,0.1,0.1,0.1,0.2,0.5,0.125,0.1,0.5,0.0,0.1,0.5,0.0,0.1,0.5,0.0,0.1,0.1,0.1,0.1,0.1,0.1,0.1,0.0,0.0,0.0,0.0,0.1,0.1,1.0,1.0,1.0,0.1,0.0,0.0,0.0,0.0,0.0,-0.5798097211149644,9.33517426776006e-22,9.33517426776006e-22,0.0,0.03,0,0,0,0,C2,0.0,0.0,0.057322131039295565,0.1,1.0,0.1,0.0,0.0,0.059306762078591
phaseflip,mixed_pauli,0.05,3,0.05,10,qiskit_aer,1,1,0.936425,0.7793222222222222,0.1111111111111111,0.0,0.1,0.9,0.0,0.0,0.0603375000000001,0.02457678020001792,0.05706250000000018,0.045250000000000234,0.07006250000000011,1.0,0.8,0.2,0.0,0.0,0.1,0.0926838103929545,0.019415345090932616,0.08990881039295445,0.08778381039295452,0.11009631039295453,1.0,1.0,0.0,0.0,0.0,0.1,0.061291393117886436,0.027800935346004436,0.045250000000000234,0.045250000000000234,0.08465035779471583,1.0,1.0,0.1,0.0,0.0,0.1,0.059306762078591,0.026358126264869317,0.045250000000000234,0.045250000000000234,0.06976562500000014,1.0,1.0,0.1,0.0,0.0,0.1,0.059306762078591,0.026358126264869317,0.045250000000000234,0.045250000000000234,0.06976562500000014,1.0,1.0,0.1,0.0,0.0,0.1,0.059306762078591,0.026358126264869317,0.045250000000000234,0.045250000000000234,0.06976562500000014,1.0,1.0,0.1,0.0,0.0,0.1,1.0,0.3,0.2,0.2,0.2,0.3,0.5,0.25,0.2,0.5,0.125,0.2,0.5,0.125,0.2,0.5,0.125,0.2,0.1,0.2,0.2,0.2,0.2,0.2,0.0,0.0,0.0,0.0,0.2,0.2,1.0,1.0,1.0,0.2,0.0,0.0,0.0,0.0,0.0,-0.37932222107430213,6.744529831439096e-20,6.744529831439096e-20,0.0,0.05,0,0,0,0,C2,0.0,0.0,0.059306762078591,0.1,1.0,0.2,0.0,0.0,0.061291393117886436
phaseflip,mixed_pauli,0.05,3,0.1,10,qiskit_aer,1,1,0.936425,0.6850527777777777,0.2111111111111111,0.0,0.1,0.9,0.0,0.0,0.0603375000000001,0.02457678020001792,0.05706250000000018,0.045250000000000234,0.07006250000000011,1.0,0.9,0.2,0.0,0.0,0.1,0.0926838103929545,0.019415345090932616,0.08990881039295445,0.08778381039295452,0.11009631039295453,1.0,1.0,0.0,0.0,0.0,0.1,0.06430676207859097,0.02728077048440427,0.05706250000000018,0.045250000000000234,0.08571285779471574,1.0,1.0,0.2,0.0,0.0,0.1,0.062322131039295535,0.02603973966792876,0.05706250000000018,0.045250000000000234,0.07235937499999986,1.0,1.0,0.2,0.0,0.0,0.1,0.062322131039295535,0.02603973966792876,0.05706250000000018,0.045250000000000234,0.07235937499999986,1.0,1.0,0.2,0.0,0.0,0.1,0.062322131039295535,0.02603973966792876,0.05706250000000018,0.045250000000000234,0.07235937499999986,1.0,1.0,0.2,0.0,0.0,0.1,1.0,0.2,0.1,0.1,0.1,0.2,1.0,0.25,0.1,1.0,0.125,0.1,1.0,0.125,0.1,1.0,0.125,0.1,0.1,0.1,0.1,0.1,0.1,0.1,0.0,0.0,0.0,0.0,0.1,0.1,1.0,1.0,1.0,0.1,0.0,0.0,0.0,0.0,0.0,-0.48505277668666497,6.651178088761495e-20,6.651178088761495e-20,0.0,0.1,0,0,0,0,C2,0.0,0.0,0.062322131039295535,0.2,1.0,0.1,0.0,0.0,0.06430676207859097
phaseflip,mixed_pauli,0.05,4,0.0,10,qiskit_aer,1,1,0.9161756249999999,0.9161756249999999,0.0,0.0,0.8,0.8,0.0,0.0,0.07781125000000014,0.027375707011417928,0.06810625000000037,0.06674375000000021,0.08767187500000015,1.0,0.9,0.1,0.1,0.0,0.8,0.12820756039295444,0.01975871856611656,0.1315900603929544,0.11405724789295452,0.14432599789295447,1.0,1.0,0.0,0.0,0.0,0.8,0.11221903623577266,0.030691555569054257,0.12053878019647724,0.09422756039295446,0.1315900603929545,1.0,1.0,0.1,0.0,0.0,0.8,0.08429588103929556,0.03137428857778831,0.07772187500000016,0.06674375000000021,0.10417500000000018,1.0,1.0,0.1,0.0,0.0,0.8,0.08429588103929556,0.03137428857778831,0.07772187500000016,0.06674375000000021,0.10417500000000018,1.0,1.0,0.1,0.0,0.0,0.8,0.08429588103929556,0.03137428857778831,0.07772187500000016,0.06674375000000021,0.10417500000000018,1.0,1.0,0.1,0.0,0.0,0.8,1.0,0.6,0.1,0.1,0.1,0.6,1.0,0.6666666666666666,0.1,1.0,0.1111111111111111,0.1,1.0,0.1111111111111111,0.1,1.0,0.1111111111111111,0.1,0.5,0.1,0.1,0.1,0.1,0.1,0.0,0.0,0.0,0.0,0.1,0.1,1.0,1.0,1.0,0.1,0.0,0.0,0.0,0.0,0.0,-0.7161756247630224,6.116088847801245e-18,6.116088847801245e-18,0.0,0.0,0,0,0,0,C1,0.0,0.0,0.11221903623577266,0.1,1.0,0.6,0.0,0.0,0.11221903623577266
phaseflip,mixed_pauli,0.05,4,0.01,10,qiskit_aer,1,1,0.9161756249999999,0.8347116666666666,0.01111111111111111,0.0,0.3,0.8,0.0,0.0,0.07781125000000012,0.027375707011417935,0.06810625000000026,0.06674375000000021,0.08767187500000015,1.0,0.8,0.1,0.0,0.0,0.3,0.12820756039295444,0.01975871856611656,0.1315900603929544,0.11405724789295452,0.14432599789295447,1.0,1.0,0.0,0.0,0.0,0.3,0.10374977415718184,0.034202619455363764,0.10922628019647734,0.07359531250000023,0.1315900603929545,1.0,1.0,0.1,0.0,0.0,0.3,0.09078051207859097,0.033692161606493735,0.08710625000000011,0.06742500000000023,0.12606442029471593,1.0,1.0,0.1,0.0,0.0,0.3,0.09078051207859097,0.033692161606493735,0.08710625000000011,0.06742500000000023,0.12606442029471593,1.0,1.0,0.1,0.0,0.0,0.3,0.09078051207859097,0.033692161606493735,0.08710625000000011,0.06742500000000023,0.12606442029471593,1.0,1.0,0.1,0.0,0.0,0.3,1.0,0.4,0.2,0.2,0.2,0.4,1.0,0.4444444444444444,0.2,1.0,0.2222222222222222,0.2,1.0,0.2222222222222222,0.2,1.0,0.2222222222222222,0.2,0.2,0.2,0.2,0.2,0.2,0.2,0.0,0.0,0.0,0.0,0.2,0.2,1.0,1.0,1.0,0.2,0.0,0.0,0.0,0.0,0.0,-0.4347116664410033,0.005082441128863887,0.005082441128863887,0.0,0.01,0,0,0,0,C1,0.0,0.0,0.10374977415718184,0.1,1.0,0.4,0.0,0.0,0.10374977415718184
phaseflip,mixed_pauli,0.05,4,0.03,10,qiskit_aer,1,1,0.9161756249999999,0.7942699999999999,0.05555555555555555,0.0,0.2,0.8,0.0,0.0,0.07781125000000012,0.027375707011417935,0.06810625000000026,0.06674375000000021,0.08767187500000015,1.0,0.9,0.1,0.0,0.0,0.2,0.12820756039295444,0.01975871856611656,0.1315900603929544,0.11405724789295452,0.14432599789295447,1.0,1.0,0.0,0.0,0.0,0.2,0.0972651431178864,0.030140456030294836,0.09860128019647735,0.07359531250000023,0.12606442029471576,1.0,1.0,0.1,0.0,0.0,0.2,0.08429588103929556,0.03137428857778831,0.07772187500000016,0.06674375000000021,0.10417500000000018,1.0,1.0,0.1,0.0,0.0,0.2,0.08429588103929556,0.03137428857778831,0.07772187500000016,0.06674375000000021,0.10417500000000018,1.0,1.0,0.1,0.0,0.0,0.2,0.08429588103929556,0.03137428857778831,0.07772187500000016,0.06674375000000021,0.10417500000000018,1.0,1.0,0.1,0.0,0.0,0.2,1.0,0.3,0.1,0.1,0.1,0.3,1.0,0.3333333333333333,0.1,1.0,0.1111111111111111,0.1,1.0,0.1111111111111111,0.1,1.0,0.1111111111111111,0.1,0.2,0.1,0.1,0.1,0.1,0.1,0.0,0.0,0.0,0.0,0.1,0.1,1.0,1.0,1.0,0.1,0.0,0.0,0.0,0.0,0.0,-0.5942699997422681,6.362607880682811e-18,6.362607880682811e-18,0.0,0.03,0,0,0,0,C1,0.0,0.0,0.0972651431178864,0.1,1.0,0.3,0.0,0.0,0.0972651431178864
phaseflip,mixed_pauli,0.05,4,0.05,10,qiskit_aer,1,1,0.9161756249999999,0.7739297222222222,0.09999999999999999,0.0,0.1,0.8,0.0,0.0,0.0778112500000001,0.02737570701141795,0.06810625000000026,0.06674375000000005,0.08767187500000015,1.0,0.7,0.1,0.0,0.0,0.1,0.12820756039295444,0.01975871856611656,0.1315900603929544,0.11405724789295452,0.14432599789295447,1.0,1.0,0.0,0.0,0.0,0.1,0.09424977415718186,0.03227776868303685,0.09772628019647733,0.07359531250000023,0.12606442029471576,1.0,1.0,0.0,0.0,0.0,0.1,0.08776514311788643,0.030594645778574493,0.08710625000000011,0.06742500000000007,0.10891939009823876,1.0,1.0,0.0,0.0,0.0,0.1,0.08776514311788643,0.030594645778574493,0.08710625000000011,0.06742500000000007,0.10891939009823876,1.0,1.0,0.0,0.0,0.0,0.1,0.08776514311788643,0.030594645778574493,0.08710625000000011,0.06742500000000007,0.10891939009823876,1.0,1.0,0.0,0.0,0.0,0.1,1.0,0.4,0.3,0.3,0.3,0.4,0.0,0.3333333333333333,0.3,0.0,0.2222222222222222,0.3,0.0,0.2222222222222222,0.3,0.0,0.2222222222222222,0.3,0.1,0.3,0.3,0.3,0.3,0.3,0.0,0.0,0.0,0.0,0.3,0.3,1.0,1.0,1.0,0.3,0.0,0.0,0.0,0.0,0.0,-0.17392972196949355,0.00464796684967484,0.00464796684967484,0.0,0.05,0,0,0,0,C1,0.0,0.0,0.09424977415718186,0.0,1.0,0.4,0.0,0.0,0.09424977415718186
phaseflip,mixed_pauli,0.05,4,0.1,10,qiskit_aer,1,1,0.9161756249999999,0.6299671527777777,0.2777777777777778,0.0,0.0,0.8,0.0,0.0,0.07781125000000012,0.027375707011417935,0.06810625000000026,0.06674375000000021,0.08767187500000015,1.0,0.9,0.1,0.0,0.0,0.0,0.12820756039295444,0.01975871856611656,0.1315900603929544,0.11405724789295452,0.14432599789295447,1.0,1.0,0.0,0.0,0.0,0.0,0.08429588103929556,0.03137428857778831,0.07772187500000016,0.06674375000000021,0.10417500000000018,1.0,1.0,0.1,0.0,0.0,0.0,0.08429588103929556,0.03137428857778831,0.07772187500000016,0.06674375000000021,0.10417500000000018,1.0,1.0,0.1,0.0,0.0,0.0,0.08429588103929556,0.03137428857778831,0.07772187500000016,0.06674375000000021,0.10417500000000018,1.0,1.0,0.1,0.0,0.0,0.0,0.08429588103929556,0.03137428857778831,0.07772187500000016,0.06674375000000021,0.10417500000000018,1.0,1.0,0.1,0.0,0.0,0.0,1.0,0.1,0.1,0.1,0.1,0.1,1.0,0.1111111111111111,0.1,1.0,0.1111111111111111,0.1,1.0,0.1111111111111111,0.1,1.0,0.1111111111111111,0.1,0.0,0.1,0.1,0.1,0.1,0.1,0.0,0.0,0.0,0.0,0.1,0.1,1.0,1.0,1.0,0.1,0.0,0.0,0.0,0.0,0.0,-0.4299671525177652,1.1088520680629686e-19,1.1088520680629686e-19,0.0,0.1,0,0,0,0,C1,0.0,0.0,0.08429588103929556,0.1,1.0,0.1,0.0,0.0,0.08429588103929556
phaseflip,mixed_pauli,0.1,1,0.0,10,qiskit_aer,1,1,0.965,0.965,0.0,0.0,1.0,1.0,0.0,0.0,0.034999999999999844,0.039051248379533124,0.024999999999999856,0.0,0.04999999999999971,1.0,0.7,0.5,0.3,0.0,0.5,0.05484631039295421,0.0229128784747791,0.06984631039295408,0.0323463103929543,0.06984631039295408,1.0,1.0,0.0,0.0,0.0,1.0,0.05484631039295421,0.0229128784747791,0.06984631039295408,0.0323463103929543,0.06984631039295408,1.0,1.0,0.0,0.0,0.0,1.0,0.02595389311788624,0.0338085987112586,0.009923155196477185,0.0,0.042461577598238376,1.0,1.0,0.2,0.0,0.0,0.8,0.02595389311788624,0.0338085987112586,0.009923155196477185,0.0,0.042461577598238376,1.0,1.0,0.2,0.0,0.0,0.8,0.02595389311788624,0.0338085987112586,0.009923155196477185,0.0,0.042461577598238376,1.0,1.0,0.2,0.0,0.0,0.8,1.0,1.0,0.3,0.3,0.3,1.0,0.0,1.0,0.3,1.0,0.375,0.3,1.0,0.375,0.3,1.0,0.375,0.3,0.7,0.3,0.3,0.3,0.3,0.3,0.0,0.0,0.0,0.0,0.3,0.3,1.0,1.0,1.0,0.3,0.0,0.0,0.0,0.0,0.0,-0.3649999620637617,0.0032868402154856554,0.0032868402154856554,0.0,0.0,0,0,0,0,C1,0.0,0.0,0.05484631039295421,0.0,1.0,1.0,0.0,0.0,0.05484631039295421
phaseflip,mixed_pauli,0.1,1,0.01,10,qiskit_aer,1,1,0.965,0.9016666666666666,0.03333333333333333,0.0,0.5,1.0,0.0,0.0,0.034999999999999844,0.039051248379533124,0.024999999999999856,0.0,0.04999999999999971,1.0,0.7,0.5,0.1,0.0,0.3,0.05484631039295421,0.0229128784747791,0.06984631039295408,0.0323463103929543,0.06984631039295408,1.0,1.0,0.0,0.0,0.0,0.5,0.04389241727506793,0.033808598711258575,0.044846310392954225,0.01984631039295437,0.06984631039295408,1.0,1.0,0.1,0.0,0.0,0.5,0.02595389311788624,0.0338085987112586,0.009923155196477185,0.0,0.042461577598238376,1.0,1.0,0.2,0.0,0.0,0.4,0.02595389311788624,0.0338085987112586,0.009923155196477185,0.0,0.042461577598238376,1.0,1.0,0.2,0.0,0.0,0.4,0.02595389311788624,0.0338085987112586,0.009923155196477185,0.0,0.042461577598238376,1.0,1.0,0.2,0.0,0.0,0.4,1.0,0.7,0.3,0.3,0.3,0.7,0.25,0.6666666666666666,0.3,0.5,0.16666666666666666,0.3,0.5,0.16666666666666666,0.3,0.5,0.16666666666666666,0.3,0.4,0.3,0.3,0.3,0.3,0.3,0.0,0.0,0.0,0.0,0.3,0.3,1.0,1.0,1.0,0.3,0.0,0.0,0.0,0.0,0.0,-0.3016666287304283,0.0032868402154856554,0.0032868402154856554,0.0,0.01,0,0,0,0,C1,0.0,0.0,0.04389241727506793,0.1,1.0,0.7,0.0,0.0,0.04389241727506793
phaseflip,mixed_pauli,0.1,1,0.03,10,qiskit_aer,1,1,0.965,0.8277777777777777,0.1111111111111111,0.0,0.4,1.0,0.0,0.0,0.034999999999999844,0.039051248379533124,0.024999999999999856,0.0,0.04999999999999971,1.0,0.7,0.5,0.1,0.0,0.2,0.05484631039295421,0.0229128784747791,0.06984631039295408,0.0323463103929543,0.06984631039295408,1.0,1.0,0.0,0.0,0.0,0.4,0.036907786235772524,0.034921773275296726,0.01984631039295437,0.004961577598238592,0.06984631039295408,1.0,1.0,0.1,0.0,0.0,0.4,0.02595389311788624,0.0338085987112586,0.009923155196477185,0.0,0.042461577598238376,1.0,1.0,0.2,0.0,0.0,0.3,0.02595389311788624,0.0338085987112586,0.009923155196477185,0.0,0.042461577598238376,1.0,1.0,0.2,0.0,0.0,0.3,0.02595389311788624,0.0338085987112586,0.009923155196477185,0.0,0.042461577598238376,1.0,1.0,0.2,0.0,0.0,0.3,1.0,0.6,0.3,0.3,0.3,0.6,0.25,0.5,0.3,0.5,0.16666666666666666,0.3,0.5,0.16666666666666666,0.3,0.5,0.16666666666666666,0.3,0.3,0.3,0.3,0.3,0.3,0.3,0.0,0.0,0.0,0.0,0.3,0.3,1.0,1.0,1.0,0.3,0.0,0.0,0.0,0.0,0.0,-0.22777773984153937,0.0032868402154856554,0.0032868402154856554,0.0,0.03,0,0,0,0,C1,0.0,0.0,0.036907786235772524,0.1,1.0,0.6,0.0,0.0,0.036907786235772524
phaseflip,mixed_pauli,0.1,1,0.05,10,qiskit_aer,1,1,0.965,0.795,0.15555555555555556,0.0,0.2,1.0,0.0,0.0,0.034999999999999844,0.039051248379533124,0.024999999999999856,0.0,0.04999999999999971,1.0,0.7,0.5,0.0,0.0,0.1,0.05484631039295421,0.0229128784747791,0.06984631039295408,0.0323463103929543,0.06984631039295408,1.0,1.0,0.0,0.0,0.0,0.2,0.029923155196477112,0.03461891114771469,0.01984631039295437,0.0,0.05734631039295415,1.0,1.0,0.1,0.0,0.0,0.2,0.02595389311788624,0.0338085987112586,0.009923155196477185,0.0,0.042461577598238376,1.0,1.0,0.2,0.0,0.0,0.1,0.02595389311788624,0.0338085987112586,0.009923155196477185,0.0,0.042461577598238376,1.0,1.0,0.2,0.0,0.0,0.1,0.02595389311788624,0.0338085987112586,0.009923155196477185,0.0,0.042461577598238376,1.0,1.0,0.2,0.0,0.0,0.1,1.0,0.5,0.3,0.3,0.3,0.5,0.2,0.2,0.3,0.4,0.0,0.3,0.4,0.0,0.3,0.4,0.0,0.3,0.2,0.3,0.3,0.3,0.3,0.3,0.0,0.0,0.0,0.0,0.3,0.3,1.0,1.0,1.0,0.3,0.0,0.0,0.0,0.0,0.0,-0.19499996206376158,0.0032868402154856554,0.0032868402154856554,0.0,0.05,0,0,0,0,C2,0.0,0.0,0.02595389311788624,0.2,1.0,0.3,0.0,0.0,0.029923155196477112
phaseflip,mixed_pauli,0.1,1,0.1,10,qiskit_aer,1,1,0.965,0.6977777777777778,0.25555555555555554,0.0,0.1,1.0,0.0,0.0,0.034999999999999844,0.039051248379533124,0.024999999999999856,0.0,0.04999999999999971,1.0,0.7,0.5,0.0,0.0,0.0,0.05484631039295421,0.0229128784747791,0.06984631039295408,0.0323463103929543,0.06984631039295408,1.0,1.0,0.0,0.0,0.0,0.1,0.022938524157181707,0.03286088294470072,0.009923155196477185,0.0,0.01984631039295437,1.0,1.0,0.1,0.0,0.0,0.1,0.02595389311788624,0.0338085987112586,0.009923155196477185,0.0,0.042461577598238376,1.0,1.0,0.2,0.0,0.0,0.0,0.02595389311788624,0.0338085987112586,0.009923155196477185,0.0,0.042461577598238376,1.0,1.0,0.2,0.0,0.0,0.0,0.02595389311788624,0.0338085987112586,0.009923155196477185,0.0,0.042461577598238376,1.0,1.0,0.2,0.0,0.0,0.0,1.0,0.4,0.3,0.3,0.3,0.4,0.2,0.0,0.3,0.4,0.0,0.3,0.4,0.0,0.3,0.4,0.0,0.3,0.1,0.3,0.3,0.3,0.3,0.3,0.0,0.0,0.0,0.0,0.3,0.3,1.0,1.0,1.0,0.3,0.0,0.0,0.0,0.0,0.0,-0.0977777398415394,0.0032868402154856554,0.0032868402154856554,0.0,0.1,0,0,0,0,C2,0.0,0.0,0.02595389311788624,0.2,1.0,0.3,0.0,0.0,0.02595389311788624
phaseflip,mixed_pauli,0.1,2,0.0,10,qiskit_aer,1,1,0.92575,0.92575,0.0,0.0,0.5,0.5,0.0,0.0,0.06925,0.04361837342221746,0.09000000000000025,0.0449999999999999,0.0900000000000003,1.0,1.0,0.2,0.0,0.0,0.4,0.1350963103929544,0.029505296134761966,0.14984631039295437,0.11484631039295445,0.15984631039295435,1.0,1.0,0.0,0.0,0.0,0.5,0.08020389311788637,0.04473614962492923,0.0900000000000003,0.07300973279471581,0.10863473279471583,1.0,1.0,0.1,0.0,0.0,0.5,0.06925,0.04361837342221746,0.09000000000000025,0.0449999999999999,0.0900000000000003,1.0,1.0,0.2,0.0,0.0,0.4,0.06925,0.04361837342221746,0.09000000000000025,0.0449999999999999,0.0900000000000003,1.0,1.0,0.2,0.0,0.0,0.4,0.06925,0.04361837342221746,0.09000000000000025,0.0449999999999999,0.0900000000000003,1.0,1.0,0.2,0.0,0.0,0.4,1.0,0.3,0.0,0.0,0.0,0.3,0.5,0.25,0.0,1.0,0.0,0.0,1.0,0.0,0.0,1.0,0.0,0.0,0.3,0.0,0.0,0.0,0.0,0.0,0.0,0.0,0.0,0.0,0.0,0.0,1.0,1.0,1.0,0.0,0.0,0.0,0.0,0.0,0.0,-0.9257499998122339,0.0,0.0,0.0,0.0,0,0,0,0,C1,0.0,0.0,0.08020389311788637,0.1,1.0,0.3,0.0,0.0,0.08020389311788637
phaseflip,mixed_pauli,0.1,2,0.01,10,qiskit_aer,1,1,0.92575,0.8140277777777778,0.02222222222222222,0.0,0.4,0.5,0.0,0.0,0.06925000000000003,0.043618373422217444,0.09000000000000025,0.04500000000000007,0.0900000000000003,1.0,0.9,0.2,0.1,0.0,0.3,0.1350963103929544,0.029505296134761966,0.14984631039295437,0.11484631039295445,0.15984631039295435,1.0,1.0,0.0,0.0,0.0,0.4,0.0732192620785909,0.05084364766266398,0.07867315519647727,0.04500000000000007,0.0900000000000003,1.0,1.0,0.1,0.0,0.0,0.4,0.0662346310392955,0.04259138649354848,0.07867315519647727,0.04500000000000007,0.0900000000000003,1.0,1.0,0.1,0.0,0.0,0.4,0.0662346310392955,0.04259138649354848,0.07867315519647727,0.04500000000000007,0.0900000000000003,1.0,1.0,0.1,0.0,0.0,0.4,0.0662346310392955,0.04259138649354848,0.07867315519647727,0.04500000000000007,0.0900000000000003,1.0,1.0,0.1,0.0,0.0,0.4,1.0,0.2,0.1,0.1,0.1,0.2,1.0,0.2222222222222222,0.1,1.0,0.1111111111111111,0.1,1.0,0.1111111111111111,0.1,1.0,0.1111111111111111,0.1,0.1,0.1,0.1,0.1,0.1,0.1,0.0,0.0,0.0,0.0,0.1,0.1,1.0,1.0,1.0,0.1,0.0,0.0,0.0,0.0,0.0,-0.6140277775948835,0.01914153369324158,0.01914153369324158,0.0,0.01,0,0,0,0,C1,0.0,0.0,0.0732192620785909,0.1,1.0,0.2,0.0,0.0,0.0732192620785909
phaseflip,mixed_pauli,0.1,2,0.03,10,qiskit_aer,1,1,0.92575,0.7923611111111112,0.04444444444444444,0.0,0.3,0.5,0.0,0.0,0.06925,0.04361837342221746,0.09000000000000025,0.0449999999999999,0.0900000000000003,1.0,0.8,0.2,0.1,0.0,0.2,0.1350963103929544,0.029505296134761966,0.14984631039295437,0.11484631039295445,0.15984631039295435,1.0,1.0,0.0,0.0,0.0,0.3,0.07020389311788636,0.047265396847570994,0.07867315519647727,0.0449999999999999,0.0900000000000003,1.0,1.0,0.0,0.0,0.0,0.3,0.06321926207859094,0.03769409709331624,0.07867315519647727,0.0449999999999999,0.0900000000000003,1.0,1.0,0.0,0.0,0.0,0.3,0.06321926207859094,0.03769409709331624,0.07867315519647727,0.0449999999999999,0.0900000000000003,1.0,1.0,0.0,0.0,0.0,0.3,0.06321926207859094,0.03769409709331624,0.07867315519647727,0.0449999999999999,0.0900000000000003,1.0,1.0,0.0,0.0,0.0,0.3,1.0,0.3,0.2,0.2,0.2,0.3,0.0,0.2222222222222222,0.2,0.0,0.1111111111111111,0.2,0.0,0.1111111111111111,0.2,0.0,0.1111111111111111,0.2,0.1,0.2,0.2,0.2,0.2,0.2,0.0,0.0,0.0,0.0,0.2,0.2,1.0,1.0,1.0,0.2,0.0,0.0,0.0,0.0,0.0,-0.39236111091628884,0.0003539416742845664,0.0003539416742845664,0.0,0.03,0,0,0,0,C1,0.0,0.0,0.07020389311788636,0.0,1.0,0.3,0.0,0.0,0.07020389311788636
phaseflip,mixed_pauli,0.1,2,0.05,10,qiskit_aer,1,1,0.92575,0.7828611111111111,0.07777777777777778,0.0,0.2,0.5,0.0,0.0,0.06925,0.04361837342221746,0.09000000000000025,0.0449999999999999,0.0900000000000003,1.0,0.8,0.2,0.1,0.0,0.1,0.1350963103929544,0.029505296134761966,0.14984631039295437,0.11484631039295445,0.15984631039295435,1.0,1.0,0.0,0.0,0.0,0.2,0.0732192620785909,0.04423188571730275,0.09000000000000025,0.05058657759823845,0.0900000000000003,1.0,1.0,0.1,0.0,0.0,0.2,0.0732192620785909,0.04423188571730275,0.09000000000000025,0.05058657759823845,0.0900000000000003,1.0,1.0,0.1,0.0,0.0,0.2,0.0732192620785909,0.04423188571730275,0.09000000000000025,0.05058657759823845,0.0900000000000003,1.0,1.0,0.1,0.0,0.0,0.2,0.0732192620785909,0.04423188571730275,0.09000000000000025,0.05058657759823845,0.0900000000000003,1.0,1.0,0.1,0.0,0.0,0.2,1.0,0.2,0.2,0.2,0.2,0.2,1.0,0.2222222222222222,0.2,1.0,0.2222222222222222,0.2,1.0,0.2222222222222222,0.2,1.0,0.2222222222222222,0.2,0.0,0.2,0.2,0.2,0.2,0.2,0.0,0.0,0.0,0.0,0.2,0.2,1.0,1.0,1.0,0.2,0.0,0.0,0.0,0.0,0.0,-0.38286111094773095,0.00556297854266948,0.00556297854266948,0.0,0.05,0,0,0,0,C1,0.0,0.0,0.0732192620785909,0.1,1.0,0.2,0.0,0.0,0.0732192620785909
phaseflip,mixed_pauli,0.1,2,0.1,10,qiskit_aer,1,1,0.92575,0.6689444444444445,0.19999999999999998,0.0,0.0,0.5,0.0,0.0,0.06925,0.04361837342221746,0.09000000000000025,0.0449999999999999,0.0900000000000003,1.0,0.9,0.2,0.0,0.0,0.0,0.1350963103929544,0.029505296134761966,0.14984631039295437,0.11484631039295445,0.15984631039295435,1.0,1.0,0.0,0.0,0.0,0.0,0.06623463103929547,0.04259138649354849,0.07867315519647727,0.0449999999999999,0.0900000000000003,1.0,1.0,0.1,0.0,0.0,0.0,0.06623463103929547,0.04259138649354849,0.07867315519647727,0.0449999999999999,0.0900000000000003,1.0,1.0,0.1,0.0,0.0,0.0,0.06623463103929547,0.04259138649354849,0.07867315519647727,0.0449999999999999,0.0900000000000003,1.0,1.0,0.1,0.0,0.0,0.0,0.06623463103929547,0.04259138649354849,0.07867315519647727,0.0449999999999999,0.0900000000000003,1.0,1.0,0.1,0.0,0.0,0.0,1.0,0.1,0.1,0.1,0.1,0.1,0.5,0.0,0.1,0.5,0.0,0.1,0.5,0.0,0.1,0.5,0.0,0.1,0.0,0.1,0.1,0.1,0.1,0.1,0.0,0.0,0.0,0.0,0.1,0.1,1.0,1.0,1.0,0.1,0.0,0.0,0.0,0.0,0.0,-0.4689444442680309,0.008495877083870586,0.008495877083870586,0.0,0.1,0,0,0,0,C1,0.0,0.0,0.06623463103929547,0.1,1.0,0.1,0.0,0.0,0.06623463103929547
phaseflip,mixed_pauli,0.1,3,0.0,10,qiskit_aer,1,1,0.87565,0.87565,0.0,0.0,0.5,0.5,0.0,0.0,0.11195000000000009,0.04725751263026848,0.10400000000000026,0.08200000000000018,0.13050000000000006,1.0,0.8,0.2,0.2,0.0,0.5,0.20179631039295437,0.03448583042352318,0.20034631039295436,0.1920963103929544,0.23184631039295434,1.0,1.0,0.0,0.0,0.0,0.5,0.18687315519647718,0.046153168288907205,0.20592315519647703,0.1335,0.23184631039295434,1.0,1.0,0.2,0.0,0.0,0.5,0.14191926207859093,0.06348811211268963,0.13050000000000006,0.09300000000000022,0.2013749999999997,1.0,1.0,0.2,0.0,0.0,0.5,0.14191926207859093,0.06348811211268963,0.13050000000000006,0.09300000000000022,0.2013749999999997,1.0,1.0,0.2,0.0,0.0,0.5,0.14191926207859093,0.06348811211268963,0.13050000000000006,0.09300000000000022,0.2013749999999997,1.0,1.0,0.2,0.0,0.0,0.5,1.0,0.5,0.2,0.2,0.2,0.5,1.0,0.625,0.2,1.0,0.25,0.2,1.0,0.25,0.2,1.0,0.25,0.2,0.3,0.2,0.2,0.2,0.2,0.2,0.0,0.0,0.0,0.0,0.2,0.2,1.0,1.0,1.0,0.2,0.0,0.0,0.0,0.0,0.0,-0.47564999982973716,3.144931879933996e-20,3.144931879933996e-20,0.0,0.0,0,0,0,0,C1,0.0,0.0,0.18687315519647718,0.2,1.0,0.5,0.0,0.0,0.18687315519647718
phaseflip,mixed_pauli,0.1,3,0.01,10,qiskit_aer,1,1,0.87565,0.7214611111111112,0.03333333333333333,0.0,0.0,0.5,0.0,0.0,0.11195000000000009,0.04725751263026848,0.10400000000000026,0.08200000000000018,0.13050000000000006,1.0,0.7,0.2,0.0,0.0,0.0,0.20179631039295437,0.03448583042352318,0.20034631039295436,0.1920963103929544,0.23184631039295434,1.0,1.0,0.0,0.0,0.0,0.0,0.1389038931178864,0.06410202922802857,0.1282500000000002,0.08958657759823876,0.19837499999999975,1.0,1.0,0.1,0.0,0.0,0.0,0.1389038931178864,0.06410202922802857,0.1282500000000002,0.08958657759823876,0.19837499999999975,1.0,1.0,0.1,0.0,0.0,0.0,0.1389038931178864,0.06410202922802857,0.1282500000000002,0.08958657759823876,0.19837499999999975,1.0,1.0,0.1,0.0,0.0,0.0,0.1389038931178864,0.06410202922802857,0.1282500000000002,0.08958657759823876,0.19837499999999975,1.0,1.0,0.1,0.0,0.0,0.0,1.0,0.3,0.3,0.3,0.3,0.3,0.5,0.25,0.3,0.5,0.25,0.3,0.5,0.25,0.3,0.5,0.25,0.3,0.0,0.3,0.3,0.3,0.3,0.3,0.0,0.0,0.0,0.0,0.3,0.3,1.0,1.0,1.0,0.3,0.0,0.0,0.0,0.0,0.0,-0.12146111094322311,2.868505073289247e-20,2.868505073289247e-20,0.0,0.01,0,0,0,0,C1,0.0,0.0,0.1389038931178864,0.1,1.0,0.3,0.0,0.0,0.1389038931178864
phaseflip,mixed_pauli,0.1,3,0.03,10,qiskit_aer,1,1,0.87565,0.6814055555555556,0.08888888888888888,0.0,0.0,0.5,0.0,0.0,0.11195000000000009,0.04725751263026848,0.10400000000000026,0.08200000000000018,0.13050000000000006,1.0,0.6,0.2,0.0,0.0,0.0,0.20179631039295437,0.03448583042352318,0.20034631039295436,0.1920963103929544,0.23184631039295434,1.0,1.0,0.0,0.0,0.0,0.0,0.1538885241571818,0.056531541870367345,0.13050000000000006,0.11575973279471596,0.21346157759823833,1.0,1.0,0.1,0.0,0.0,0.0,0.1538885241571818,0.056531541870367345,0.13050000000000006,0.11575973279471596,0.21346157759823833,1.0,1.0,0.1,0.0,0.0,0.0,0.1538885241571818,0.056531541870367345,0.13050000000000006,0.11575973279471596,0.21346157759823833,1.0,1.0,0.1,0.0,0.0,0.0,0.1538885241571818,0.056531541870367345,0.13050000000000006,0.11575973279471596,0.21346157759823833,1.0,1.0,0.1,0.0,0.0,0.0,1.0,0.4,0.4,0.4,0.4,0.4,0.5,0.375,0.4,0.5,0.375,0.4,0.5,0.375,0.4,0.5,0.375,0.4,0.0,0.4,0.4,0.4,0.4,0.4,0.0,0.0,0.0,0.0,0.4,0.4,1.0,1.0,1.0,0.4,0.0,0.0,0.0,0.0,0.0,0.11859444463123052,0.00556297854266948,0.00556297854266948,0.0,0.03,0,0,0,0,C1,0.0,0.0,0.1538885241571818,0.1,1.0,0.4,0.0,0.0,0.1538885241571818
phaseflip,mixed_pauli,0.1,3,0.05,10,qiskit_aer,1,1,0.87565,0.6805611111111112,0.1111111111111111,0.0,0.0,0.5,0.0,0.0,0.11195000000000009,0.04725751263026848,0.10400000000000026,0.08200000000000018,0.13050000000000006,1.0,0.6,0.2,0.0,0.0,0.0,0.20179631039295437,0.03448583042352318,0.20034631039295436,0.1920963103929544,0.23184631039295434,1.0,1.0,0.0,0.0,0.0,0.0,0.1538885241571818,0.056531541870367345,0.13050000000000006,0.11575973279471596,0.21346157759823833,1.0,1.0,0.1,0.0,0.0,0.0,0.1538885241571818,0.056531541870367345,0.13050000000000006,0.11575973279471596,0.21346157759823833,1.0,1.0,0.1,0.0,0.0,0.0,0.1538885241571818,0.056531541870367345,0.13050000000000006,0.11575973279471596,0.21346157759823833,1.0,1.0,0.1,0.0,0.0,0.0,0.1538885241571818,0.056531541870367345,0.13050000000000006,0.11575973279471596,0.21346157759823833,1.0,1.0,0.1,0.0,0.0,0.0,1.0,0.4,0.4,0.4,0.4,0.4,0.5,0.375,0.4,0.5,0.375,0.4,0.5,0.375,0.4,0.5,0.375,0.4,0.0,0.4,0.4,0.4,0.4,0.4,0.0,0.0,0.0,0.0,0.4,0.4,1.0,1.0,1.0,0.4,0.0,0.0,0.0,0.0,0.0,0.11943888907705166,0.00556297854266948,0.00556297854266948,0.0,0.05,0,0,0,0,C1,0.0,0.0,0.1538885241571818,0.1,1.0,0.4,0.0,0.0,0.1538885241571818
phaseflip,mixed_pauli,0.1,3,0.1,10,qiskit_aer,1,1,0.87565,0.5918222222222222,0.2111111111111111,0.0,0.0,0.5,0.0,0.0,0.11195000000000012,0.047257512630268485,0.10400000000000026,0.08200000000000018,0.13050000000000023,1.0,0.6,0.2,0.0,0.0,0.0,0.20179631039295437,0.03448583042352318,0.20034631039295436,0.1920963103929544,0.23184631039295434,1.0,1.0,0.0,0.0,0.0,0.0,0.15388852415718182,0.05653154187036734,0.13050000000000017,0.11575973279471596,0.21346157759823833,1.0,1.0,0.1,0.0,0.0,0.0,0.15388852415718182,0.05653154187036734,0.13050000000000017,0.11575973279471596,0.21346157759823833,1.0,1.0,0.1,0.0,0.0,0.0,0.15388852415718182,0.05653154187036734,0.13050000000000017,0.11575973279471596,0.21346157759823833,1.0,1.0,0.1,0.0,0.0,0.0,0.15388852415718182,0.05653154187036734,0.13050000000000017,0.11575973279471596,0.21346157759823833,1.0,1.0,0.1,0.0,0.0,0.0,1.0,0.4,0.4,0.4,0.4,0.4,0.5,0.375,0.4,0.5,0.375,0.4,0.5,0.375,0.4,0.5,0.375,0.4,0.0,0.4,0.4,0.4,0.4,0.4,0.0,0.0,0.0,0.0,0.4,0.4,1.0,1.0,1.0,0.4,0.0,0.0,0.0,0.0,0.0,0.2081777779658786,0.00556297854266948,0.00556297854266948,0.0,0.1,0,0,0,0,C1,0.0,0.0,0.15388852415718182,0.1,1.0,0.4,0.0,0.0,0.15388852415718182
phaseflip,mixed_pauli,0.1,4,0.0,10,qiskit_aer,1,1,0.83941,0.83941,0.0,0.0,0.1,0.1,0.0,0.0,0.13840500000000017,0.049749394217417225,0.12357500000000032,0.11890000000000012,0.15375000000000014,1.0,0.7,0.1,0.1,0.0,0.1,0.26065131039295447,0.03309498791357987,0.26874631039295444,0.23597131039295446,0.2842713103929545,1.0,1.0,0.0,0.0,0.0,0.1,0.18335889311788645,0.0728958119167978,0.16920000000000002,0.12123750000000022,0.2454865775982385,1.0,1.0,0.1,0.0,0.0,0.1,0.18335889311788645,0.0728958119167978,0.16920000000000002,0.12123750000000022,0.2454865775982385,1.0,1.0,0.1,0.0,0.0,0.1,0.18335889311788645,0.0728958119167978,0.16920000000000002,0.12123750000000022,0.2454865775982385,1.0,1.0,0.1,0.0,0.0,0.1,0.18335889311788645,0.0728958119167978,0.16920000000000002,0.12123750000000022,0.2454865775982385,1.0,1.0,0.1,0.0,0.0,0.1,1.0,0.3,0.3,0.3,0.3,0.3,1.0,0.3333333333333333,0.3,1.0,0.3333333333333333,0.3,1.0,0.3333333333333333,0.3,1.0,0.3333333333333333,0.3,0.0,0.3,0.3,0.3,0.3,0.3,0.0,0.0,0.0,0.0,0.3,0.3,1.0,1.0,1.0,0.3,0.0,0.0,0.0,0.0,0.0,-0.23940999996882853,0.014005564838939407,0.014005564838939407,0.0,0.0,0,0,0,0,C1,0.0,0.0,0.18335889311788645,0.1,1.0,0.3,0.0,0.0,0.18335889311788645
phaseflip,mixed_pauli,0.1,4,0.01,10,qiskit_aer,1,1,0.83941,0.7451422222222222,0.01111111111111111,0.0,0.0,0.1,0.0,0.0,0.13840500000000017,0.04974939421741725,0.12357500000000032,0.11890000000000003,0.15375000000000005,1.0,0.7,0.1,0.0,0.0,0.0,0.26065131039295447,0.03309498791357987,0.26874631039295444,0.23597131039295446,0.2842713103929545,1.0,1.0,0.0,0.0,0.0,0.0,0.18335889311788645,0.07289581191679781,0.16920000000000013,0.12123750000000022,0.2454865775982385,1.0,1.0,0.1,0.0,0.0,0.0,0.18335889311788645,0.07289581191679781,0.16920000000000013,0.12123750000000022,0.2454865775982385,1.0,1.0,0.1,0.0,0.0,0.0,0.18335889311788645,0.07289581191679781,0.16920000000000013,0.12123750000000022,0.2454865775982385,1.0,1.0,0.1,0.0,0.0,0.0,0.18335889311788645,0.07289581191679781,0.16920000000000013,0.12123750000000022,0.2454865775982385,1.0,1.0,0.1,0.0,0.0,0.0,1.0,0.3,0.3,0.3,0.3,0.3,1.0,0.3333333333333333,0.3,1.0,0.3333333333333333,0.3,1.0,0.3333333333333333,0.3,1.0,0.3333333333333333,0.3,0.0,0.3,0.3,0.3,0.3,0.3,0.0,0.0,0.0,0.0,0.3,0.3,1.0,1.0,1.0,0.3,0.0,0.0,0.0,0.0,0.0,-0.14514222219835354,0.00714019163779657,0.00714019163779657,0.0,0.01,0,0,0,0,C1,0.0,0.0,0.18335889311788645,0.1,1.0,0.3,0.0,0.0,0.18335889311788645
phaseflip,mixed_pauli,0.1,4,0.03,10,qiskit_aer,1,1,0.83941,0.7083866666666666,0.05555555555555555,0.0,0.0,0.1,0.0,0.0,0.13840500000000017,0.04974939421741725,0.12357500000000032,0.11890000000000003,0.15375000000000005,1.0,0.9,0.1,0.0,0.0,0.0,0.26065131039295447,0.03309498791357987,0.26874631039295444,0.23597131039295446,0.2842713103929545,1.0,1.0,0.0,0.0,0.0,0.0,0.15338963103929557,0.05179347960302721,0.1379250000000003,0.11890000000000012,0.18205000000000016,1.0,1.0,0.1,0.0,0.0,0.0,0.15338963103929557,0.05179347960302721,0.1379250000000003,0.11890000000000012,0.18205000000000016,1.0,1.0,0.1,0.0,0.0,0.0,0.15338963103929557,0.05179347960302721,0.1379250000000003,0.11890000000000012,0.18205000000000016,1.0,1.0,0.1,0.0,0.0,0.0,0.15338963103929557,0.05179347960302721,0.1379250000000003,0.11890000000000012,0.18205000000000016,1.0,1.0,0.1,0.0,0.0,0.0,1.0,0.1,0.1,0.1,0.1,0.1,1.0,0.1111111111111111,0.1,1.0,0.1111111111111111,0.1,1.0,0.1111111111111111,0.1,1.0,0.1111111111111111,0.1,0.0,0.1,0.1,0.1,0.1,0.1,0.0,0.0,0.0,0.0,0.1,0.1,1.0,1.0,1.0,0.1,0.0,0.0,0.0,0.0,0.0,-0.5083866666414105,7.096493248815162e-21,7.096493248815162e-21,0.0,0.03,0,0,0,0,C1,0.0,0.0,0.15338963103929557,0.1,1.0,0.1,0.0,0.0,0.15338963103929557
phaseflip,mixed_pauli,0.1,4,0.05,10,qiskit_aer,1,1,0.83941,0.6898033333333333,0.09999999999999999,0.0,0.0,0.1,0.0,0.0,0.13840500000000017,0.04974939421741725,0.12357500000000032,0.11890000000000003,0.15375000000000014,1.0,0.8,0.1,0.0,0.0,0.0,0.26065131039295447,0.03309498791357987,0.26874631039295444,0.23597131039295446,0.2842713103929545,1.0,1.0,0.0,0.0,0.0,0.0,0.16837426207859102,0.0691061069293662,0.1379250000000003,0.11890000000000012,0.2185097327947159,1.0,1.0,0.1,0.0,0.0,0.0,0.16837426207859102,0.0691061069293662,0.1379250000000003,0.11890000000000012,0.2185097327947159,1.0,1.0,0.1,0.0,0.0,0.0,0.16837426207859102,0.0691061069293662,0.1379250000000003,0.11890000000000012,0.2185097327947159,1.0,1.0,0.1,0.0,0.0,0.0,0.16837426207859102,0.0691061069293662,0.1379250000000003,0.11890000000000012,0.2185097327947159,1.0,1.0,0.1,0.0,0.0,0.0,1.0,0.2,0.2,0.2,0.2,0.2,1.0,0.2222222222222222,0.2,1.0,0.2222222222222222,0.2,1.0,0.2222222222222222,0.2,1.0,0.2222222222222222,0.2,0.0,0.2,0.2,0.2,0.2,0.2,0.0,0.0,0.0,0.0,0.2,0.2,1.0,1.0,1.0,0.2,0.0,0.0,0.0,0.0,0.0,-0.2898033333118836,0.005322612663004763,0.005322612663004763,0.0,0.05,0,0,0,0,C1,0.0,0.0,0.16837426207859102,0.1,1.0,0.2,0.0,0.0,0.16837426207859102
phaseflip,mixed_pauli,0.1,4,0.1,10,qiskit_aer,1,1,0.83941,0.5762966666666667,0.2777777777777778,0.0,0.0,0.1,0.0,0.0,0.1384050000000001,0.04974939421741723,0.12357500000000021,0.11890000000000003,0.15375000000000005,1.0,0.8,0.1,0.0,0.0,0.0,0.26065131039295447,0.03309498791357987,0.26874631039295444,0.23597131039295446,0.2842713103929545,1.0,1.0,0.0,0.0,0.0,0.0,0.16837426207859096,0.06057877717677202,0.15170000000000006,0.12123750000000016,0.21850973279471583,1.0,1.0,0.1,0.0,0.0,0.0,0.16837426207859096,0.06057877717677202,0.15170000000000006,0.12123750000000016,0.21850973279471583,1.0,1.0,0.1,0.0,0.0,0.0,0.16837426207859096,0.06057877717677202,0.15170000000000006,0.12123750000000016,0.21850973279471583,1.0,1.0,0.1,0.0,0.0,0.0,0.16837426207859096,0.06057877717677202,0.15170000000000006,0.12123750000000016,0.21850973279471583,1.0,1.0,0.1,0.0,0.0,0.0,1.0,0.2,0.2,0.2,0.2,0.2,1.0,0.2222222222222222,0.2,1.0,0.2222222222222222,0.2,1.0,0.2222222222222222,0.2,1.0,0.2222222222222222,0.2,0.0,0.2,0.2,0.2,0.2,0.2,0.0,0.0,0.0,0.0,0.2,0.2,1.0,1.0,1.0,0.2,0.0,0.0,0.0,0.0,0.0,-0.17629666663837387,0.00017810738310138207,0.00017810738310138207,0.0,0.1,0,0,0,0,C1,0.0,0.0,0.16837426207859096,0.1,1.0,0.2,0.0,0.0,0.16837426207859096
phaseflip,mixed_pauli,0.15,1,0.0,10,qiskit_aer,1,1,0.9475,0.9475,0.0,0.0,0.8,0.8,0.0,0.0,0.052499999999999804,0.058576872569299825,0.03749999999999981,-1.1102230246251565e-16,0.07499999999999973,1.0,0.6,0.5,0.3,0.0,0.5,0.09734631039295435,0.03436931771216878,0.11984631039295435,0.06359631039295438,0.11984631039295435,1.0,1.0,0.0,0.0,0.0,0.8,0.04043852415718167,0.05152084085326854,0.02242315519647714,-1.1102230246251565e-16,0.04484631039295439,1.0,1.0,0.1,0.0,0.0,0.8,0.04043852415718167,0.05152084085326854,0.02242315519647714,-1.1102230246251565e-16,0.04484631039295439,1.0,1.0,0.1,0.0,0.0,0.8,0.04043852415718167,0.05152084085326854,0.02242315519647714,-1.1102230246251565e-16,0.04484631039295439,1.0,1.0,0.1,0.0,0.0,0.8,0.04043852415718167,0.05152084085326854,0.02242315519647714,-1.1102230246251565e-16,0.04484631039295439,1.0,1.0,0.1,0.0,0.0,0.8,1.0,0.4,0.4,0.4,0.4,0.4,0.5,0.375,0.4,0.5,0.375,0.4,0.5,0.375,0.4,0.5,0.375,0.4,0.0,0.4,0.4,0.4,0.4,0.4,0.0,0.0,0.0,0.0,0.4,0.4,1.0,1.0,1.0,0.4,0.0,0.0,0.0,0.0,0.0,-0.14749999993891655,6.344454315168206e-18,6.344454315168206e-18,0.0,0.0,0,0,0,0,C1,0.0,0.0,0.04043852415718167,0.1,1.0,0.4,0.0,0.0,0.04043852415718167
phaseflip,mixed_pauli,0.15,1,0.01,10,qiskit_aer,1,1,0.9475,0.8447222222222223,0.03333333333333333,0.0,0.3,0.8,0.0,0.0,0.052499999999999804,0.058576872569299825,0.03749999999999981,-1.1102230246251565e-16,0.07499999999999973,1.0,0.6,0.5,0.0,0.0,0.3,0.09734631039295435,0.03436931771216878,0.11984631039295435,0.06359631039295438,0.11984631039295435,1.0,1.0,0.0,0.0,0.0,0.3,0.04043852415718167,0.05152084085326854,0.02242315519647714,-1.1102230246251565e-16,0.04484631039295439,1.0,1.0,0.1,0.0,0.0,0.3,0.04043852415718167,0.05152084085326854,0.02242315519647714,-1.1102230246251565e-16,0.04484631039295439,1.0,1.0,0.1,0.0,0.0,0.3,0.04043852415718167,0.05152084085326854,0.02242315519647714,-1.1102230246251565e-16,0.04484631039295439,1.0,1.0,0.1,0.0,0.0,0.3,0.04043852415718167,0.05152084085326854,0.02242315519647714,-1.1102230246251565e-16,0.04484631039295439,1.0,1.0,0.1,0.0,0.0,0.3,1.0,0.4,0.4,0.4,0.4,0.4,0.2,0.0,0.4,0.2,0.0,0.4,0.2,0.0,0.4,0.2,0.0,0.4,0.0,0.4,0.4,0.4,0.4,0.4,0.0,0.0,0.0,0.0,0.4,0.4,1.0,1.0,1.0,0.4,0.0,0.0,0.0,0.0,0.0,-0.04472222216113871,6.344454315168206e-18,6.344454315168206e-18,0.0,0.01,0,0,0,0,C1,0.0,0.0,0.04043852415718167,0.1,1.0,0.4,0.0,0.0,0.04043852415718167
phaseflip,mixed_pauli,0.15,1,0.03,10,qiskit_aer,1,1,0.9475,0.7727777777777778,0.1111111111111111,0.0,0.2,0.8,0.0,0.0,0.052499999999999804,0.058576872569299825,0.03749999999999981,-1.1102230246251565e-16,0.07499999999999973,1.0,0.6,0.5,0.0,0.0,0.2,0.09734631039295435,0.03436931771216878,0.11984631039295435,0.06359631039295438,0.11984631039295435,1.0,1.0,0.0,0.0,0.0,0.2,0.04043852415718167,0.05152084085326854,0.02242315519647714,-1.1102230246251565e-16,0.04484631039295439,1.0,1.0,0.1,0.0,0.0,0.2,0.04043852415718167,0.05152084085326854,0.02242315519647714,-1.1102230246251565e-16,0.04484631039295439,1.0,1.0,0.1,0.0,0.0,0.2,0.04043852415718167,0.05152084085326854,0.02242315519647714,-1.1102230246251565e-16,0.04484631039295439,1.0,1.0,0.1,0.0,0.0,0.2,0.04043852415718167,0.05152084085326854,0.02242315519647714,-1.1102230246251565e-16,0.04484631039295439,1.0,1.0,0.1,0.0,0.0,0.2,1.0,0.4,0.4,0.4,0.4,0.4,0.2,0.0,0.4,0.2,0.0,0.4,0.2,0.0,0.4,0.2,0.0,0.4,0.0,0.4,0.4,0.4,0.4,0.4,0.0,0.0,0.0,0.0,0.4,0.4,1.0,1.0,1.0,0.4,0.0,0.0,0.0,0.0,0.0,0.027222222283305775,6.344454315168206e-18,6.344454315168206e-18,0.0,0.03,0,0,0,0,C1,0.0,0.0,0.04043852415718167,0.1,1.0,0.4,0.0,0.0,0.04043852415718167
phaseflip,mixed_pauli,0.15,1,0.05,10,qiskit_aer,1,1,0.9475,0.7402777777777778,0.15555555555555556,0.0,0.1,0.8,0.0,0.0,0.052499999999999804,0.058576872569299825,0.03749999999999981,-1.1102230246251565e-16,0.07499999999999973,1.0,0.6,0.5,0.0,0.0,0.1,0.09734631039295435,0.03436931771216878,0.11984631039295435,0.06359631039295438,0.11984631039295435,1.0,1.0,0.0,0.0,0.0,0.1,0.04043852415718167,0.05152084085326854,0.02242315519647714,-1.1102230246251565e-16,0.04484631039295439,1.0,1.0,0.1,0.0,0.0,0.1,0.04043852415718167,0.05152084085326854,0.02242315519647714,-1.1102230246251565e-16,0.04484631039295439,1.0,1.0,0.1,0.0,0.0,0.1,0.04043852415718167,0.05152084085326854,0.02242315519647714,-1.1102230246251565e-16,0.04484631039295439,1.0,1.0,0.1,0.0,0.0,0.1,0.04043852415718167,0.05152084085326854,0.02242315519647714,-1.1102230246251565e-16,0.04484631039295439,1.0,1.0,0.1,0.0,0.0,0.1,1.0,0.4,0.4,0.4,0.4,0.4,0.2,0.0,0.4,0.2,0.0,0.4,0.2,0.0,0.4,0.2,0.0,0.4,0.0,0.4,0.4,0.4,0.4,0.4,0.0,0.0,0.0,0.0,0.4,0.4,1.0,1.0,1.0,0.4,0.0,0.0,0.0,0.0,0.0,0.059722222283305794,6.344454315168206e-18,6.344454315168206e-18,0.0,0.05,0,0,0,0,C1,0.0,0.0,0.04043852415718167,0.1,1.0,0.4,0.0,0.0,0.04043852415718167
phaseflip,mixed_pauli,0.15,1,0.1,10,qiskit_aer,1,1,0.9475,0.6547222222222222,0.25555555555555554,0.0,0.0,0.8,0.0,0.0,0.052499999999999804,0.058576872569299825,0.03749999999999981,-1.1102230246251565e-16,0.07499999999999973,1.0,0.6,0.5,0.0,0.0,0.0,0.09734631039295435,0.03436931771216878,0.11984631039295435,0.06359631039295438,0.11984631039295435,1.0,1.0,0.0,0.0,0.0,0.0,0.04043852415718167,0.05152084085326854,0.02242315519647714,-1.1102230246251565e-16,0.04484631039295439,1.0,1.0,0.1,0.0,0.0,0.0,0.04043852415718167,0.05152084085326854,0.02242315519647714,-1.1102230246251565e-16,0.04484631039295439,1.0,1.0,0.1,0.0,0.0,0.0,0.04043852415718167,0.05152084085326854,0.02242315519647714,-1.1102230246251565e-16,0.04484631039295439,1.0,1.0,0.1,0.0,0.0,0.0,0.04043852415718167,0.05152084085326854,0.02242315519647714,-1.1102230246251565e-16,0.04484631039295439,1.0,1.0,0.1,0.0,0.0,0.0,1.0,0.4,0.4,0.4,0.4,0.4,0.2,0.0,0.4,0.2,0.0,0.4,0.2,0.0,0.4,0.2,0.0,0.4,0.0,0.4,0.4,0.4,0.4,0.4,0.0,0.0,0.0,0.0,0.4,0.4,1.0,1.0,1.0,0.4,0.0,0.0,0.0,0.0,0.0,0.1452777778388613,6.344454315168206e-18,6.344454315168206e-18,0.0,0.1,0,0,0,0,C1,0.0,0.0,0.04043852415718167,0.1,1.0,0.4,0.0,0.0,0.04043852415718167
phaseflip,mixed_pauli,0.15,2,0.0,10,qiskit_aer,1,1,0.8891875000000001,0.8891875000000001,0.0,0.0,0.4,0.4,0.0,0.0,0.0995624999999998,0.0636862732953499,0.12749999999999984,0.06374999999999978,0.12749999999999992,1.0,0.9,0.2,0.1,0.0,0.4,0.21040881039295437,0.04157302498315466,0.22484631039295433,0.18359631039295432,0.2473463103929544,1.0,1.0,0.0,0.0,0.0,0.4,0.1235317620785907,0.06809732085948483,0.1274999999999999,0.12749999999999984,0.17379098279471566,1.0,1.0,0.2,0.0,0.0,0.4,0.11154713103929524,0.06700913846926297,0.12749999999999984,0.07968749999999977,0.14015624999999976,1.0,1.0,0.2,0.0,0.0,0.4,0.11154713103929524,0.06700913846926297,0.12749999999999984,0.07968749999999977,0.14015624999999976,1.0,1.0,0.2,0.0,0.0,0.4,0.11154713103929524,0.06700913846926297,0.12749999999999984,0.07968749999999977,0.14015624999999976,1.0,1.0,0.2,0.0,0.0,0.4,1.0,0.2,0.1,0.1,0.1,0.2,1.0,0.25,0.1,1.0,0.125,0.1,1.0,0.125,0.1,1.0,0.125,0.1,0.1,0.1,0.1,0.1,0.1,0.1,0.0,0.0,0.0,0.0,0.1,0.1,1.0,1.0,1.0,0.1,0.0,0.0,0.0,0.0,0.0,-0.689187499966076,2.166112591183837e-21,2.166112591183837e-21,0.0,0.0,0,0,0,0,C1,0.0,0.0,0.1235317620785907,0.2,1.0,0.2,0.0,0.0,0.1235317620785907
phaseflip,mixed_pauli,0.15,2,0.01,10,qiskit_aer,1,1,0.8891875000000001,0.7652013888888889,0.02222222222222222,0.0,0.2,0.4,0.0,0.0,0.0995624999999998,0.0636862732953499,0.12749999999999984,0.06374999999999986,0.12749999999999992,1.0,0.9,0.2,0.0,0.0,0.2,0.21040881039295437,0.04157302498315466,0.22484631039295433,0.18359631039295432,0.2473463103929544,1.0,1.0,0.0,0.0,0.0,0.2,0.11154713103929526,0.06700913846926296,0.12749999999999984,0.07968749999999986,0.14015624999999976,1.0,1.0,0.2,0.0,0.0,0.2,0.11154713103929526,0.06700913846926296,0.12749999999999984,0.07968749999999986,0.14015624999999976,1.0,1.0,0.2,0.0,0.0,0.2,0.11154713103929526,0.06700913846926296,0.12749999999999984,0.07968749999999986,0.14015624999999976,1.0,1.0,0.2,0.0,0.0,0.2,0.11154713103929526,0.06700913846926296,0.12749999999999984,0.07968749999999986,0.14015624999999976,1.0,1.0,0.2,0.0,0.0,0.2,1.0,0.1,0.1,0.1,0.1,0.1,1.0,0.125,0.1,1.0,0.125,0.1,1.0,0.125,0.1,1.0,0.125,0.1,0.0,0.1,0.1,0.1,0.1,0.1,0.0,0.0,0.0,0.0,0.1,0.1,1.0,1.0,1.0,0.1,0.0,0.0,0.0,0.0,0.0,-0.5652013888523438,2.166112591183837e-21,2.166112591183837e-21,0.0,0.01,0,0,0,0,C1,0.0,0.0,0.11154713103929526,0.2,1.0,0.1,0.0,0.0,0.11154713103929526
phaseflip,mixed_pauli,0.15,2,0.03,10,qiskit_aer,1,1,0.8891875000000001,0.7438125,0.04444444444444444,0.0,0.1,0.4,0.0,0.0,0.0995624999999998,0.0636862732953499,0.12749999999999984,0.06374999999999978,0.12749999999999992,1.0,0.9,0.2,0.0,0.0,0.1,0.21040881039295437,0.04157302498315466,0.22484631039295433,0.18359631039295432,0.2473463103929544,1.0,1.0,0.0,0.0,0.0,0.1,0.11154713103929524,0.06700913846926297,0.12749999999999984,0.07968749999999977,0.14015624999999976,1.0,1.0,0.2,0.0,0.0,0.1,0.11154713103929524,0.06700913846926297,0.12749999999999984,0.07968749999999977,0.14015624999999976,1.0,1.0,0.2,0.0,0.0,0.1,0.11154713103929524,0.06700913846926297,0.12749999999999984,0.07968749999999977,0.14015624999999976,1.0,1.0,0.2,0.0,0.0,0.1,0.11154713103929524,0.06700913846926297,0.12749999999999984,0.07968749999999977,0.14015624999999976,1.0,1.0,0.2,0.0,0.0,0.1,1.0,0.1,0.1,0.1,0.1,0.1,1.0,0.125,0.1,1.0,0.125,0.1,1.0,0.125,0.1,1.0,0.125,0.1,0.0,0.1,0.1,0.1,0.1,0.1,0.0,0.0,0.0,0.0,0.1,0.1,1.0,1.0,1.0,0.1,0.0,0.0,0.0,0.0,0.0,-0.5438124999658288,2.166112591183837e-21,2.166112591183837e-21,0.0,0.03,0,0,0,0,C1,0.0,0.0,0.11154713103929524,0.2,1.0,0.1,0.0,0.0,0.11154713103929524
phaseflip,mixed_pauli,0.15,2,0.05,10,qiskit_aer,1,1,0.8891875000000001,0.7438125,0.07777777777777778,0.0,0.1,0.4,0.0,0.0,0.0995624999999998,0.0636862732953499,0.12749999999999984,0.06374999999999986,0.12749999999999992,1.0,0.9,0.2,0.0,0.0,0.1,0.21040881039295437,0.04157302498315466,0.22484631039295433,0.18359631039295432,0.2473463103929544,1.0,1.0,0.0,0.0,0.0,0.1,0.11154713103929526,0.06700913846926296,0.12749999999999984,0.07968749999999986,0.14015624999999976,1.0,1.0,0.2,0.0,0.0,0.1,0.11154713103929526,0.06700913846926296,0.12749999999999984,0.07968749999999986,0.14015624999999976,1.0,1.0,0.2,0.0,0.0,0.1,0.11154713103929526,0.06700913846926296,0.12749999999999984,0.07968749999999986,0.14015624999999976,1.0,1.0,0.2,0.0,0.0,0.1,0.11154713103929526,0.06700913846926296,0.12749999999999984,0.07968749999999986,0.14015624999999976,1.0,1.0,0.2,0.0,0.0,0.1,1.0,0.1,0.1,0.1,0.1,0.1,1.0,0.125,0.1,1.0,0.125,0.1,1.0,0.125,0.1,1.0,0.125,0.1,0.0,0.1,0.1,0.1,0.1,0.1,0.0,0.0,0.0,0.0,0.1,0.1,1.0,1.0,1.0,0.1,0.0,0.0,0.0,0.0,0.0,-0.5438124999633724,2.166112591183837e-21,2.166112591183837e-21,0.0,0.05,0,0,0,0,C1,0.0,0.0,0.11154713103929526,0.2,1.0,0.1,0.0,0.0,0.11154713103929526
phaseflip,mixed_pauli,0.15,2,0.1,10,qiskit_aer,1,1,0.8891875000000001,0.6340277777777779,0.19999999999999998,0.0,0.0,0.4,0.0,0.0,0.0995624999999998,0.0636862732953499,0.12749999999999984,0.06374999999999986,0.12749999999999992,1.0,0.9,0.2,0.0,0.0,0.0,0.21040881039295437,0.04157302498315466,0.22484631039295433,0.18359631039295432,0.2473463103929544,1.0,1.0,0.0,0.0,0.0,0.0,0.11154713103929526,0.06700913846926296,0.12749999999999984,0.07968749999999986,0.14015624999999976,1.0,1.0,0.2,0.0,0.0,0.0,0.11154713103929526,0.06700913846926296,0.12749999999999984,0.07968749999999986,0.14015624999999976,1.0,1.0,0.2,0.0,0.0,0.0,0.11154713103929526,0.06700913846926296,0.12749999999999984,0.07968749999999986,0.14015624999999976,1.0,1.0,0.2,0.0,0.0,0.0,0.11154713103929526,0.06700913846926296,0.12749999999999984,0.07968749999999986,0.14015624999999976,1.0,1.0,0.2,0.0,0.0,0.0,1.0,0.1,0.1,0.1,0.1,0.1,1.0,0.125,0.1,1.0,0.125,0.1,1.0,0.125,0.1,1.0,0.125,0.1,0.0,0.1,0.1,0.1,0.1,0.1,0.0,0.0,0.0,0.0,0.1,0.1,1.0,1.0,1.0,0.1,0.0,0.0,0.0,0.0,0.0,-0.43402777774394413,2.166112591183837e-21,2.166112591183837e-21,0.0,0.1,0,0,0,0,C1,0.0,0.0,0.11154713103929526,0.2,1.0,0.1,0.0,0.0,0.11154713103929526
phaseflip,mixed_pauli,0.15,3,0.0,10,qiskit_aer,1,1,0.8176000000000001,0.8176000000000001,0.0,0.0,0.1,0.1,0.0,0.0,0.15573749999999978,0.0679261133511995,0.14193749999999983,0.1117499999999998,0.18168749999999986,1.0,1.0,0.2,0.0,0.0,0.1,0.29808381039295434,0.045851874280120775,0.30153381039295435,0.28353381039295444,0.33659631039295435,1.0,1.0,0.0,0.0,0.0,0.1,0.17822213103929524,0.06836111202603386,0.17690624999999982,0.1117499999999998,0.20151562499999973,1.0,1.0,0.2,0.0,0.0,0.1,0.15573749999999978,0.0679261133511995,0.14193749999999983,0.1117499999999998,0.18168749999999986,1.0,1.0,0.2,0.0,0.0,0.1,0.15573749999999978,0.0679261133511995,0.14193749999999983,0.1117499999999998,0.18168749999999986,1.0,1.0,0.2,0.0,0.0,0.1,0.15573749999999978,0.0679261133511995,0.14193749999999983,0.1117499999999998,0.18168749999999986,1.0,1.0,0.2,0.0,0.0,0.1,1.0,0.1,0.0,0.0,0.0,0.1,1.0,0.125,0.0,1.0,0.0,0.0,1.0,0.0,0.0,1.0,0.0,0.0,0.1,0.0,0.0,0.0,0.0,0.0,0.0,0.0,0.0,0.0,0.0,0.0,1.0,1.0,1.0,0.0,0.0,0.0,0.0,0.0,0.0,-0.8175999999602459,0.0,0.0,0.0,0.0,0,0,0,0,C1,0.0,0.0,0.17822213103929524,0.2,1.0,0.1,0.0,0.0,0.17822213103929524
phaseflip,mixed_pauli,0.15,3,0.01,10,qiskit_aer,1,1,0.8176000000000001,0.5859611111111112,0.03333333333333333,0.0,0.0,0.1,0.0,0.0,0.1557374999999998,0.0679261133511995,0.14193749999999983,0.1117499999999998,0.1816874999999999,1.0,1.0,0.2,0.0,0.0,0.0,0.29808381039295434,0.045851874280120775,0.30153381039295435,0.28353381039295444,0.33659631039295435,1.0,1.0,0.0,0.0,0.0,0.0,0.1557374999999998,0.0679261133511995,0.14193749999999983,0.1117499999999998,0.1816874999999999,1.0,1.0,0.2,0.0,0.0,0.0,0.1557374999999998,0.0679261133511995,0.14193749999999983,0.1117499999999998,0.1816874999999999,1.0,1.0,0.2,0.0,0.0,0.0,0.1557374999999998,0.0679261133511995,0.14193749999999983,0.1117499999999998,0.1816874999999999,1.0,1.0,0.2,0.0,0.0,0.0,0.1557374999999998,0.0679261133511995,0.14193749999999983,0.1117499999999998,0.1816874999999999,1.0,1.0,0.2,0.0,0.0,0.0,1.0,0.0,0.0,0.0,0.0,0.0,1.0,0.0,0.0,1.0,0.0,0.0,1.0,0.0,0.0,1.0,0.0,0.0,0.0,0.0,0.0,0.0,0.0,0.0,0.0,0.0,0.0,0.0,0.0,0.0,1.0,1.0,1.0,0.0,0.0,0.0,0.0,0.0,0.0,-0.5859611110713592,0.0,0.0,0.0,0.01,0,0,0,0,C1,0.0,0.0,0.1557374999999998,0.2,1.0,0.0,0.0,0.0,0.1557374999999998
phaseflip,mixed_pauli,0.15,3,0.03,10,qiskit_aer,1,1,0.8176000000000001,0.5480583333333334,0.08888888888888888,0.0,0.0,0.1,0.0,0.0,0.1557374999999998,0.0679261133511995,0.14193749999999983,0.1117499999999998,0.1816874999999999,1.0,1.0,0.2,0.0,0.0,0.0,0.29808381039295434,0.045851874280120775,0.30153381039295435,0.28353381039295444,0.33659631039295435,1.0,1.0,0.0,0.0,0.0,0.0,0.1557374999999998,0.0679261133511995,0.14193749999999983,0.1117499999999998,0.1816874999999999,1.0,1.0,0.2,0.0,0.0,0.0,0.1557374999999998,0.0679261133511995,0.14193749999999983,0.1117499999999998,0.1816874999999999,1.0,1.0,0.2,0.0,0.0,0.0,0.1557374999999998,0.0679261133511995,0.14193749999999983,0.1117499999999998,0.1816874999999999,1.0,1.0,0.2,0.0,0.0,0.0,0.1557374999999998,0.0679261133511995,0.14193749999999983,0.1117499999999998,0.1816874999999999,1.0,1.0,0.2,0.0,0.0,0.0,1.0,0.0,0.0,0.0,0.0,0.0,1.0,0.0,0.0,1.0,0.0,0.0,1.0,0.0,0.0,1.0,0.0,0.0,0.0,0.0,0.0,0.0,0.0,0.0,0.0,0.0,0.0,0.0,0.0,0.0,1.0,1.0,1.0,0.0,0.0,0.0,0.0,0.0,0.0,-0.5480583332935837,0.0,0.0,0.0,0.03,0,0,0,0,C1,0.0,0.0,0.1557374999999998,0.2,1.0,0.0,0.0,0.0,0.1557374999999998
phaseflip,mixed_pauli,0.15,3,0.05,10,qiskit_aer,1,1,0.8176000000000001,0.5469791666666667,0.1111111111111111,0.0,0.0,0.1,0.0,0.0,0.1557374999999998,0.0679261133511995,0.14193749999999983,0.1117499999999998,0.1816874999999999,1.0,1.0,0.2,0.0,0.0,0.0,0.29808381039295434,0.045851874280120775,0.30153381039295435,0.28353381039295444,0.33659631039295435,1.0,1.0,0.0,0.0,0.0,0.0,0.1557374999999998,0.0679261133511995,0.14193749999999983,0.1117499999999998,0.1816874999999999,1.0,1.0,0.2,0.0,0.0,0.0,0.1557374999999998,0.0679261133511995,0.14193749999999983,0.1117499999999998,0.1816874999999999,1.0,1.0,0.2,0.0,0.0,0.0,0.1557374999999998,0.0679261133511995,0.14193749999999983,0.1117499999999998,0.1816874999999999,1.0,1.0,0.2,0.0,0.0,0.0,0.1557374999999998,0.0679261133511995,0.14193749999999983,0.1117499999999998,0.1816874999999999,1.0,1.0,0.2,0.0,0.0,0.0,1.0,0.0,0.0,0.0,0.0,0.0,1.0,0.0,0.0,1.0,0.0,0.0,1.0,0.0,0.0,1.0,0.0,0.0,0.0,0.0,0.0,0.0,0.0,0.0,0.0,0.0,0.0,0.0,0.0,0.0,1.0,1.0,1.0,0.0,0.0,0.0,0.0,0.0,0.0,-0.5469791666269169,0.0,0.0,0.0,0.05,0,0,0,0,C1,0.0,0.0,0.1557374999999998,0.2,1.0,0.0,0.0,0.0,0.1557374999999998
phaseflip,mixed_pauli,0.15,3,0.1,10,qiskit_aer,1,1,0.8176000000000001,0.4635791666666667,0.2111111111111111,0.0,0.0,0.1,0.0,0.0,0.1557374999999998,0.0679261133511995,0.14193749999999983,0.1117499999999998,0.1816874999999999,1.0,1.0,0.2,0.0,0.0,0.0,0.29808381039295434,0.045851874280120775,0.30153381039295435,0.28353381039295444,0.33659631039295435,1.0,1.0,0.0,0.0,0.0,0.0,0.1557374999999998,0.0679261133511995,0.14193749999999983,0.1117499999999998,0.1816874999999999,1.0,1.0,0.2,0.0,0.0,0.0,0.1557374999999998,0.0679261133511995,0.14193749999999983,0.1117499999999998,0.1816874999999999,1.0,1.0,0.2,0.0,0.0,0.0,0.1557374999999998,0.0679261133511995,0.14193749999999983,0.1117499999999998,0.1816874999999999,1.0,1.0,0.2,0.0,0.0,0.0,0.1557374999999998,0.0679261133511995,0.14193749999999983,0.1117499999999998,0.1816874999999999,1.0,1.0,0.2,0.0,0.0,0.0,1.0,0.0,0.0,0.0,0.0,0.0,1.0,0.0,0.0,1.0,0.0,0.0,1.0,0.0,0.0,1.0,0.0,0.0,0.0,0.0,0.0,0.0,0.0,0.0,0.0,0.0,0.0,0.0,0.0,0.0,1.0,1.0,1.0,0.0,0.0,0.0,0.0,0.0,0.0,-0.46357916662691473,0.0,0.0,0.0,0.1,0,0,0,0,C1,0.0,0.0,0.1557374999999998,0.2,1.0,0.0,0.0,0.0,0.1557374999999998
phaseflip,mixed_pauli,0.15,4,0.0,10,qiskit_aer,1,1,0.7692756250000001,0.7692756250000001,0.0,0.0,0.0,0.0,0.0,0.0,0.18482999999999983,0.06770821334732956,0.1680749999999998,0.1592437499999998,0.20254687499999985,1.0,0.9,0.1,0.0,0.0,0.0,0.37052631039295436,0.041727402922869576,0.38409006039295435,0.3381197478929542,0.3953259978929544,1.0,1.0,0.0,0.0,0.0,0.0,0.2073146310392953,0.10059619257423942,0.1680749999999998,0.1592437499999998,0.23348437499999994,1.0,1.0,0.1,0.0,0.0,0.0,0.2073146310392953,0.10059619257423942,0.1680749999999998,0.1592437499999998,0.23348437499999994,1.0,1.0,0.1,0.0,0.0,0.0,0.2073146310392953,0.10059619257423942,0.1680749999999998,0.1592437499999998,0.23348437499999994,1.0,1.0,0.1,0.0,0.0,0.0,0.2073146310392953,0.10059619257423942,0.1680749999999998,0.1592437499999998,0.23348437499999994,1.0,1.0,0.1,0.0,0.0,0.0,1.0,0.1,0.1,0.1,0.1,0.1,1.0,0.1111111111111111,0.1,1.0,0.1111111111111111,0.1,1.0,0.1111111111111111,0.1,1.0,0.1111111111111111,0.1,0.0,0.1,0.1,0.1,0.1,0.1,0.0,0.0,0.0,0.0,0.1,0.1,1.0,1.0,1.0,0.1,0.0,0.0,0.0,0.0,0.0,-0.5692756249952464,2.166112591183837e-21,2.166112591183837e-21,0.0,0.0,0,0,0,0,C1,0.0,0.0,0.2073146310392953,0.1,1.0,0.1,0.0,0.0,0.2073146310392953
phaseflip,mixed_pauli,0.15,4,0.01,10,qiskit_aer,1,1,0.7692756250000001,0.6413268750000001,0.01111111111111111,0.0,0.0,0.0,0.0,0.0,0.18482999999999983,0.06770821334732956,0.1680749999999998,0.1592437499999998,0.20254687499999985,1.0,1.0,0.1,0.0,0.0,0.0,0.37052631039295436,0.041727402922869576,0.38409006039295435,0.3381197478929542,0.3953259978929544,1.0,1.0,0.0,0.0,0.0,0.0,0.18482999999999983,0.06770821334732956,0.1680749999999998,0.1592437499999998,0.20254687499999985,1.0,1.0,0.1,0.0,0.0,0.0,0.18482999999999983,0.06770821334732956,0.1680749999999998,0.1592437499999998,0.20254687499999985,1.0,1.0,0.1,0.0,0.0,0.0,0.18482999999999983,0.06770821334732956,0.1680749999999998,0.1592437499999998,0.20254687499999985,1.0,1.0,0.1,0.0,0.0,0.0,0.18482999999999983,0.06770821334732956,0.1680749999999998,0.1592437499999998,0.20254687499999985,1.0,1.0,0.1,0.0,0.0,0.0,1.0,0.0,0.0,0.0,0.0,0.0,1.0,0.0,0.0,1.0,0.0,0.0,1.0,0.0,0.0,1.0,0.0,0.0,0.0,0.0,0.0,0.0,0.0,0.0,0.0,0.0,0.0,0.0,0.0,0.0,1.0,1.0,1.0,0.0,0.0,0.0,0.0,0.0,0.0,-0.6413268749958061,0.0,0.0,0.0,0.01,0,0,0,0,C1,0.0,0.0,0.18482999999999983,0.1,1.0,0.0,0.0,0.0,0.18482999999999983
phaseflip,mixed_pauli,0.15,4,0.03,10,qiskit_aer,1,1,0.7692756250000001,0.6247213194444445,0.05555555555555555,0.0,0.0,0.0,0.0,0.0,0.18482999999999983,0.06770821334732956,0.1680749999999998,0.1592437499999998,0.20254687499999985,1.0,1.0,0.1,0.0,0.0,0.0,0.37052631039295436,0.041727402922869576,0.38409006039295435,0.3381197478929542,0.3953259978929544,1.0,1.0,0.0,0.0,0.0,0.0,0.18482999999999983,0.06770821334732956,0.1680749999999998,0.1592437499999998,0.20254687499999985,1.0,1.0,0.1,0.0,0.0,0.0,0.18482999999999983,0.06770821334732956,0.1680749999999998,0.1592437499999998,0.20254687499999985,1.0,1.0,0.1,0.0,0.0,0.0,0.18482999999999983,0.06770821334732956,0.1680749999999998,0.1592437499999998,0.20254687499999985,1.0,1.0,0.1,0.0,0.0,0.0,0.18482999999999983,0.06770821334732956,0.1680749999999998,0.1592437499999998,0.20254687499999985,1.0,1.0,0.1,0.0,0.0,0.0,1.0,0.0,0.0,0.0,0.0,0.0,1.0,0.0,0.0,1.0,0.0,0.0,1.0,0.0,0.0,1.0,0.0,0.0,0.0,0.0,0.0,0.0,0.0,0.0,0.0,0.0,0.0,0.0,0.0,0.0,1.0,1.0,1.0,0.0,0.0,0.0,0.0,0.0,0.0,-0.6247213194400407,0.0,0.0,0.0,0.03,0,0,0,0,C1,0.0,0.0,0.18482999999999983,0.1,1.0,0.0,0.0,0.0,0.18482999999999983
phaseflip,mixed_pauli,0.15,4,0.05,10,qiskit_aer,1,1,0.7692756250000001,0.6077699305555556,0.09999999999999999,0.0,0.0,0.0,0.0,0.0,0.18482999999999983,0.06770821334732956,0.1680749999999998,0.1592437499999998,0.20254687499999985,1.0,0.9,0.1,0.0,0.0,0.0,0.37052631039295436,0.041727402922869576,0.38409006039295435,0.3381197478929542,0.3953259978929544,1.0,1.0,0.0,0.0,0.0,0.0,0.2073146310392953,0.10059619257423942,0.1680749999999998,0.1592437499999998,0.23348437499999994,1.0,1.0,0.1,0.0,0.0,0.0,0.2073146310392953,0.10059619257423942,0.1680749999999998,0.1592437499999998,0.23348437499999994,1.0,1.0,0.1,0.0,0.0,0.0,0.2073146310392953,0.10059619257423942,0.1680749999999998,0.1592437499999998,0.23348437499999994,1.0,1.0,0.1,0.0,0.0,0.0,0.2073146310392953,0.10059619257423942,0.1680749999999998,0.1592437499999998,0.23348437499999994,1.0,1.0,0.1,0.0,0.0,0.0,1.0,0.1,0.1,0.1,0.1,0.1,1.0,0.1111111111111111,0.1,1.0,0.1111111111111111,0.1,1.0,0.1111111111111111,0.1,1.0,0.1111111111111111,0.1,0.0,0.1,0.1,0.1,0.1,0.1,0.0,0.0,0.0,0.0,0.1,0.1,1.0,1.0,1.0,0.1,0.0,0.0,0.0,0.0,0.0,-0.40776993055087657,2.166112591183837e-21,2.166112591183837e-21,0.0,0.05,0,0,0,0,C1,0.0,0.0,0.2073146310392953,0.1,1.0,0.1,0.0,0.0,0.2073146310392953
phaseflip,mixed_pauli,0.15,4,0.1,10,qiskit_aer,1,1,0.7692756250000001,0.5032351388888889,0.2777777777777778,0.0,0.0,0.0,0.0,0.0,0.18482999999999983,0.06770821334732956,0.1680749999999998,0.1592437499999998,0.20254687499999985,1.0,0.9,0.1,0.0,0.0,0.0,0.37052631039295436,0.041727402922869576,0.38409006039295435,0.3381197478929542,0.3953259978929544,1.0,1.0,0.0,0.0,0.0,0.0,0.2073146310392953,0.10059619257423942,0.1680749999999998,0.1592437499999998,0.23348437499999994,1.0,1.0,0.1,0.0,0.0,0.0,0.2073146310392953,0.10059619257423942,0.1680749999999998,0.1592437499999998,0.23348437499999994,1.0,1.0,0.1,0.0,0.0,0.0,0.2073146310392953,0.10059619257423942,0.1680749999999998,0.1592437499999998,0.23348437499999994,1.0,1.0,0.1,0.0,0.0,0.0,0.2073146310392953,0.10059619257423942,0.1680749999999998,0.1592437499999998,0.23348437499999994,1.0,1.0,0.1,0.0,0.0,0.0,1.0,0.1,0.1,0.1,0.1,0.1,1.0,0.1111111111111111,0.1,1.0,0.1111111111111111,0.1,1.0,0.1111111111111111,0.1,1.0,0.1111111111111111,0.1,0.0,0.1,0.1,0.1,0.1,0.1,0.0,0.0,0.0,0.0,0.1,0.1,1.0,1.0,1.0,0.1,0.0,0.0,0.0,0.0,0.0,-0.3032351388844205,2.166112591183837e-21,2.166112591183837e-21,0.0,0.1,0,0,0,0,C1,0.0,0.0,0.2073146310392953,0.1,1.0,0.1,0.0,0.0,0.2073146310392953
phaseflip,mixed_pauli,0.2,1,0.0,10,qiskit_aer,1,1,0.93,0.93,0.0,0.0,0.8,0.8,0.0,0.0,0.06999999999999995,0.07810249675906632,0.04999999999999993,2.220446049250313e-16,0.09999999999999964,1.0,0.7,0.5,0.1,0.0,0.5,0.13984631039295436,0.04582575694955844,0.1698463103929544,0.09484631039295432,0.1698463103929544,1.0,1.0,0.0,0.0,0.0,0.8,0.13984631039295436,0.04582575694955844,0.1698463103929544,0.09484631039295432,0.1698463103929544,1.0,1.0,0.0,0.0,0.0,0.8,0.06095389311788635,0.06739456544962752,0.03492315519647726,2.220446049250313e-16,0.09999999999999964,1.0,1.0,0.2,0.0,0.0,0.6,0.06095389311788635,0.06739456544962752,0.03492315519647726,2.220446049250313e-16,0.09999999999999964,1.0,1.0,0.2,0.0,0.0,0.6,0.06095389311788635,0.06739456544962752,0.03492315519647726,2.220446049250313e-16,0.09999999999999964,1.0,1.0,0.2,0.0,0.0,0.6,1.0,1.0,0.3,0.3,0.3,1.0,0.0,1.0,0.3,0.5,0.16666666666666666,0.3,0.5,0.16666666666666666,0.3,0.5,0.16666666666666666,0.3,0.7,0.3,0.3,0.3,0.3,0.3,0.0,0.0,0.0,0.0,0.3,0.3,1.0,1.0,1.0,0.3,0.0,0.0,0.0,0.0,0.0,-0.3299999622707763,0.015161730781751875,0.015161730781751875,0.0,0.0,0,0,0,0,C1,0.0,0.0,0.13984631039295436,0.0,1.0,1.0,0.0,0.0,0.13984631039295436
phaseflip,mixed_pauli,0.2,1,0.01,10,qiskit_aer,1,1,0.93,0.8011111111111111,0.03333333333333333,0.0,0.3,0.8,0.0,0.0,0.06999999999999995,0.07810249675906632,0.04999999999999993,2.220446049250313e-16,0.09999999999999964,1.0,0.7,0.5,0.0,0.0,0.3,0.13984631039295436,0.04582575694955844,0.1698463103929544,0.09484631039295432,0.1698463103929544,1.0,1.0,0.0,0.0,0.0,0.3,0.1119077862357726,0.06624486896665586,0.13492315519647702,0.07738473279471564,0.1698463103929544,1.0,1.0,0.2,0.0,0.0,0.3,0.06095389311788635,0.06739456544962752,0.03492315519647726,2.220446049250313e-16,0.09999999999999964,1.0,1.0,0.2,0.0,0.0,0.3,0.06095389311788635,0.06739456544962752,0.03492315519647726,2.220446049250313e-16,0.09999999999999964,1.0,1.0,0.2,0.0,0.0,0.3,0.06095389311788635,0.06739456544962752,0.03492315519647726,2.220446049250313e-16,0.09999999999999964,1.0,1.0,0.2,0.0,0.0,0.3,1.0,0.6,0.3,0.3,0.3,0.6,0.4,0.6,0.3,0.4,0.0,0.3,0.4,0.0,0.3,0.4,0.0,0.3,0.3,0.3,0.3,0.3,0.3,0.3,0.0,0.0,0.0,0.0,0.3,0.3,1.0,1.0,1.0,0.3,0.0,0.0,0.0,0.0,0.0,-0.20111107338188736,0.015161730781751875,0.015161730781751875,0.0,0.01,0,0,0,0,C1,0.0,0.0,0.1119077862357726,0.2,1.0,0.6,0.0,0.0,0.1119077862357726
phaseflip,mixed_pauli,0.2,1,0.03,10,qiskit_aer,1,1,0.93,0.7311111111111112,0.1111111111111111,0.0,0.2,0.8,0.0,0.0,0.06999999999999995,0.07810249675906632,0.04999999999999993,2.220446049250313e-16,0.09999999999999964,1.0,0.7,0.5,0.0,0.0,0.2,0.13984631039295436,0.04582575694955844,0.1698463103929544,0.09484631039295432,0.1698463103929544,1.0,1.0,0.0,0.0,0.0,0.2,0.09492315519647718,0.07082762862567338,0.09999999999999964,0.017461577598238742,0.1698463103929544,1.0,1.0,0.2,0.0,0.0,0.2,0.06095389311788635,0.06739456544962752,0.03492315519647726,2.220446049250313e-16,0.09999999999999964,1.0,1.0,0.2,0.0,0.0,0.2,0.06095389311788635,0.06739456544962752,0.03492315519647726,2.220446049250313e-16,0.09999999999999964,1.0,1.0,0.2,0.0,0.0,0.2,0.06095389311788635,0.06739456544962752,0.03492315519647726,2.220446049250313e-16,0.09999999999999964,1.0,1.0,0.2,0.0,0.0,0.2,1.0,0.5,0.3,0.3,0.3,0.5,0.4,0.4,0.3,0.4,0.0,0.3,0.4,0.0,0.3,0.4,0.0,0.3,0.2,0.3,0.3,0.3,0.3,0.3,0.0,0.0,0.0,0.0,0.3,0.3,1.0,1.0,1.0,0.3,0.0,0.0,0.0,0.0,0.0,-0.13111107338188735,0.015161730781751875,0.015161730781751875,0.0,0.03,0,0,0,0,C1,0.0,0.0,0.09492315519647718,0.2,1.0,0.5,0.0,0.0,0.09492315519647718
phaseflip,mixed_pauli,0.2,1,0.05,10,qiskit_aer,1,1,0.93,0.6988888888888889,0.15555555555555556,0.0,0.1,0.8,0.0,0.0,0.06999999999999995,0.07810249675906632,0.04999999999999993,2.220446049250313e-16,0.09999999999999964,1.0,0.7,0.5,0.0,0.0,0.1,0.13984631039295436,0.04582575694955844,0.1698463103929544,0.09484631039295432,0.1698463103929544,1.0,1.0,0.0,0.0,0.0,0.1,0.07793852415718176,0.07118825679830355,0.08492315519647697,2.220446049250313e-16,0.1523847327947157,1.0,1.0,0.2,0.0,0.0,0.1,0.06095389311788635,0.06739456544962752,0.03492315519647726,2.220446049250313e-16,0.09999999999999964,1.0,1.0,0.2,0.0,0.0,0.1,0.06095389311788635,0.06739456544962752,0.03492315519647726,2.220446049250313e-16,0.09999999999999964,1.0,1.0,0.2,0.0,0.0,0.1,0.06095389311788635,0.06739456544962752,0.03492315519647726,2.220446049250313e-16,0.09999999999999964,1.0,1.0,0.2,0.0,0.0,0.1,1.0,0.4,0.3,0.3,0.3,0.4,0.4,0.2,0.3,0.4,0.0,0.3,0.4,0.0,0.3,0.4,0.0,0.3,0.1,0.3,0.3,0.3,0.3,0.3,0.0,0.0,0.0,0.0,0.3,0.3,1.0,1.0,1.0,0.3,0.0,0.0,0.0,0.0,0.0,-0.09888885116102558,0.011874890566266222,0.011874890566266222,0.0,0.05,0,0,0,0,C1,0.0,0.0,0.07793852415718176,0.2,1.0,0.4,0.0,0.0,0.07793852415718176
phaseflip,mixed_pauli,0.2,1,0.1,10,qiskit_aer,1,1,0.93,0.6344444444444445,0.25555555555555554,0.0,0.0,0.8,0.0,0.0,0.06999999999999995,0.07810249675906632,0.04999999999999993,2.220446049250313e-16,0.09999999999999964,1.0,0.7,0.5,0.0,0.0,0.0,0.13984631039295436,0.04582575694955844,0.1698463103929544,0.09484631039295432,0.1698463103929544,1.0,1.0,0.0,0.0,0.0,0.0,0.06095389311788635,0.06739456544962752,0.03492315519647726,2.220446049250313e-16,0.09999999999999964,1.0,1.0,0.2,0.0,0.0,0.0,0.06095389311788635,0.06739456544962752,0.03492315519647726,2.220446049250313e-16,0.09999999999999964,1.0,1.0,0.2,0.0,0.0,0.0,0.06095389311788635,0.06739456544962752,0.03492315519647726,2.220446049250313e-16,0.09999999999999964,1.0,1.0,0.2,0.0,0.0,0.0,0.06095389311788635,0.06739456544962752,0.03492315519647726,2.220446049250313e-16,0.09999999999999964,1.0,1.0,0.2,0.0,0.0,0.0,1.0,0.3,0.3,0.3,0.3,0.3,0.4,0.0,0.3,0.4,0.0,0.3,0.4,0.0,0.3,0.4,0.0,0.3,0.0,0.3,0.3,0.3,0.3,0.3,0.0,0.0,0.0,0.0,0.3,0.3,1.0,1.0,1.0,0.3,0.0,0.0,0.0,0.0,0.0,-0.034444406715220685,0.015161730781751875,0.015161730781751875,0.0,0.1,0,0,0,0,C1,0.0,0.0,0.06095389311788635,0.2,1.0,0.3,0.0,0.0,0.06095389311788635
phaseflip,mixed_pauli,0.2,2,0.0,10,qiskit_aer,1,1,0.8530000000000001,0.8530000000000001,0.0,0.0,0.4,0.4,0.0,0.0,0.1269999999999999,0.08271033792700883,0.15999999999999992,0.07999999999999999,0.15999999999999992,1.0,0.9,0.2,0.0,0.0,0.4,0.2808463103929545,0.052239831546435946,0.2898463103929544,0.24984631039295446,0.32984631039295453,1.0,1.0,0.0,0.0,0.0,0.4,0.17795389311788626,0.10405242205526465,0.17499999999999982,0.15999999999999992,0.24984631039295446,1.0,1.0,0.2,0.0,0.0,0.4,0.14398463103929537,0.1027535151343373,0.15999999999999992,0.07999999999999999,0.18249999999999977,1.0,1.0,0.2,0.0,0.0,0.4,0.14398463103929537,0.1027535151343373,0.15999999999999992,0.07999999999999999,0.18249999999999977,1.0,1.0,0.2,0.0,0.0,0.4,0.14398463103929537,0.1027535151343373,0.15999999999999992,0.07999999999999999,0.18249999999999977,1.0,1.0,0.2,0.0,0.0,0.4,1.0,0.3,0.1,0.1,0.1,0.3,1.0,0.375,0.1,1.0,0.125,0.1,1.0,0.125,0.1,1.0,0.125,0.1,0.2,0.1,0.1,0.1,0.1,0.1,0.0,0.0,0.0,0.0,0.1,0.1,1.0,1.0,1.0,0.1,0.0,0.0,0.0,0.0,0.0,-0.6529999999777418,0.01278990225926086,0.01278990225926086,0.0,0.0,0,0,0,0,C1,0.0,0.0,0.17795389311788626,0.2,1.0,0.3,0.0,0.0,0.17795389311788626
phaseflip,mixed_pauli,0.2,2,0.01,10,qiskit_aer,1,1,0.8530000000000001,0.7066666666666667,0.02222222222222222,0.0,0.2,0.4,0.0,0.0,0.12699999999999992,0.08271033792700883,0.15999999999999992,0.08000000000000007,0.15999999999999992,1.0,0.9,0.2,0.0,0.0,0.2,0.2808463103929545,0.052239831546435946,0.2898463103929544,0.24984631039295446,0.32984631039295453,1.0,1.0,0.0,0.0,0.0,0.2,0.14398463103929537,0.10275351513433728,0.15999999999999992,0.08000000000000007,0.18249999999999977,1.0,1.0,0.2,0.0,0.0,0.2,0.14398463103929537,0.10275351513433728,0.15999999999999992,0.08000000000000007,0.18249999999999977,1.0,1.0,0.2,0.0,0.0,0.2,0.14398463103929537,0.10275351513433728,0.15999999999999992,0.08000000000000007,0.18249999999999977,1.0,1.0,0.2,0.0,0.0,0.2,0.14398463103929537,0.10275351513433728,0.15999999999999992,0.08000000000000007,0.18249999999999977,1.0,1.0,0.2,0.0,0.0,0.2,1.0,0.1,0.1,0.1,0.1,0.1,1.0,0.125,0.1,1.0,0.125,0.1,1.0,0.125,0.1,1.0,0.125,0.1,0.0,0.1,0.1,0.1,0.1,0.1,0.0,0.0,0.0,0.0,0.1,0.1,1.0,1.0,1.0,0.1,0.0,0.0,0.0,0.0,0.0,-0.5066666666441174,0.00556297854266948,0.00556297854266948,0.0,0.01,0,0,0,0,C1,0.0,0.0,0.14398463103929537,0.2,1.0,0.1,0.0,0.0,0.14398463103929537
phaseflip,mixed_pauli,0.2,2,0.03,10,qiskit_aer,1,1,0.8530000000000001,0.6855555555555556,0.04444444444444444,0.0,0.1,0.4,0.0,0.0,0.12699999999999992,0.08271033792700883,0.15999999999999992,0.08000000000000007,0.15999999999999992,1.0,0.8,0.2,0.0,0.0,0.1,0.2808463103929545,0.052239831546435946,0.2898463103929544,0.24984631039295446,0.32984631039295453,1.0,1.0,0.0,0.0,0.0,0.1,0.16096926207859083,0.11704107980466934,0.15999999999999992,0.08000000000000007,0.2574999999999998,1.0,1.0,0.2,0.0,0.0,0.1,0.16096926207859083,0.11704107980466934,0.15999999999999992,0.08000000000000007,0.2574999999999998,1.0,1.0,0.2,0.0,0.0,0.1,0.16096926207859083,0.11704107980466934,0.15999999999999992,0.08000000000000007,0.2574999999999998,1.0,1.0,0.2,0.0,0.0,0.1,0.16096926207859083,0.11704107980466934,0.15999999999999992,0.08000000000000007,0.2574999999999998,1.0,1.0,0.2,0.0,0.0,0.1,1.0,0.2,0.2,0.2,0.2,0.2,1.0,0.25,0.2,1.0,0.25,0.2,1.0,0.25,0.2,1.0,0.25,0.2,0.0,0.2,0.2,0.2,0.2,0.2,0.0,0.0,0.0,0.0,0.2,0.2,1.0,1.0,1.0,0.2,0.0,0.0,0.0,0.0,0.0,-0.28555555552993694,0.0174378691089357,0.0174378691089357,0.0,0.03,0,0,0,0,C1,0.0,0.0,0.16096926207859083,0.2,1.0,0.2,0.0,0.0,0.16096926207859083
phaseflip,mixed_pauli,0.2,2,0.05,10,qiskit_aer,1,1,0.8530000000000001,0.6855555555555556,0.07777777777777778,0.0,0.1,0.4,0.0,0.0,0.1269999999999999,0.08271033792700883,0.15999999999999992,0.07999999999999999,0.15999999999999992,1.0,0.8,0.2,0.0,0.0,0.1,0.2808463103929545,0.052239831546435946,0.2898463103929544,0.24984631039295446,0.32984631039295453,1.0,1.0,0.0,0.0,0.0,0.1,0.16096926207859083,0.11704107980466935,0.15999999999999992,0.07999999999999999,0.2574999999999998,1.0,1.0,0.2,0.0,0.0,0.1,0.16096926207859083,0.11704107980466935,0.15999999999999992,0.07999999999999999,0.2574999999999998,1.0,1.0,0.2,0.0,0.0,0.1,0.16096926207859083,0.11704107980466935,0.15999999999999992,0.07999999999999999,0.2574999999999998,1.0,1.0,0.2,0.0,0.0,0.1,0.16096926207859083,0.11704107980466935,0.15999999999999992,0.07999999999999999,0.2574999999999998,1.0,1.0,0.2,0.0,0.0,0.1,1.0,0.2,0.2,0.2,0.2,0.2,1.0,0.25,0.2,1.0,0.25,0.2,1.0,0.25,0.2,1.0,0.25,0.2,0.0,0.2,0.2,0.2,0.2,0.2,0.0,0.0,0.0,0.0,0.2,0.2,1.0,1.0,1.0,0.2,0.0,0.0,0.0,0.0,0.0,-0.2855555555328363,0.018352880801930337,0.018352880801930337,0.0,0.05,0,0,0,0,C1,0.0,0.0,0.16096926207859083,0.2,1.0,0.2,0.0,0.0,0.16096926207859083
phaseflip,mixed_pauli,0.2,2,0.1,10,qiskit_aer,1,1,0.8530000000000001,0.5798888888888889,0.19999999999999998,0.0,0.0,0.4,0.0,0.0,0.12699999999999992,0.08271033792700883,0.15999999999999992,0.08000000000000007,0.15999999999999992,1.0,0.8,0.2,0.0,0.0,0.0,0.2808463103929545,0.052239831546435946,0.2898463103929544,0.24984631039295446,0.32984631039295453,1.0,1.0,0.0,0.0,0.0,0.0,0.16096926207859083,0.11704107980466934,0.15999999999999992,0.08000000000000007,0.2574999999999998,1.0,1.0,0.2,0.0,0.0,0.0,0.16096926207859083,0.11704107980466934,0.15999999999999992,0.08000000000000007,0.2574999999999998,1.0,1.0,0.2,0.0,0.0,0.0,0.16096926207859083,0.11704107980466934,0.15999999999999992,0.08000000000000007,0.2574999999999998,1.0,1.0,0.2,0.0,0.0,0.0,0.16096926207859083,0.11704107980466934,0.15999999999999992,0.08000000000000007,0.2574999999999998,1.0,1.0,0.2,0.0,0.0,0.0,1.0,0.2,0.2,0.2,0.2,0.2,1.0,0.25,0.2,1.0,0.25,0.2,1.0,0.25,0.2,1.0,0.25,0.2,0.0,0.2,0.2,0.2,0.2,0.2,0.0,0.0,0.0,0.0,0.2,0.2,1.0,1.0,1.0,0.2,0.0,0.0,0.0,0.0,0.0,-0.17988888886533164,0.009295933699349678,0.009295933699349678,0.0,0.1,0,0,0,0,C1,0.0,0.0,0.16096926207859083,0.2,1.0,0.2,0.0,0.0,0.16096926207859083
phaseflip,mixed_pauli,0.2,3,0.0,10,qiskit_aer,1,1,0.7622000000000001,0.7622000000000001,0.0,0.0,0.0,0.0,0.0,0.0,0.19260000000000005,0.08644096251199417,0.17200000000000004,0.13600000000000012,0.2240000000000002,1.0,0.5,0.2,0.0,0.0,0.0,0.38244631039295457,0.054185237842054444,0.3938463103929546,0.36284631039295456,0.4258463103929546,1.0,1.0,0.0,0.0,0.0,0.0,0.3135231551964773,0.10782912596168281,0.36784631039295457,0.23550000000000007,0.39238473279471586,1.0,1.0,0.2,0.0,0.0,0.0,0.3135231551964773,0.10782912596168281,0.36784631039295457,0.23550000000000007,0.39238473279471586,1.0,1.0,0.2,0.0,0.0,0.0,0.3135231551964773,0.10782912596168281,0.36784631039295457,0.23550000000000007,0.39238473279471586,1.0,1.0,0.2,0.0,0.0,0.0,0.3135231551964773,0.10782912596168281,0.36784631039295457,0.23550000000000007,0.39238473279471586,1.0,1.0,0.2,0.0,0.0,0.0,1.0,0.5,0.5,0.5,0.5,0.5,1.0,0.625,0.5,1.0,0.625,0.5,1.0,0.625,0.5,1.0,0.625,0.5,0.0,0.5,0.5,0.5,0.5,0.5,0.0,0.0,0.0,0.0,0.5,0.5,1.0,1.0,1.0,0.5,0.0,0.0,0.0,0.0,0.0,0.23780000000637805,5.862210528147112e-18,5.862210528147112e-18,0.0,0.0,0,0,0,0,C1,0.0,0.0,0.3135231551964773,0.2,1.0,0.5,0.0,0.0,0.3135231551964773
phaseflip,mixed_pauli,0.2,3,0.01,10,qiskit_aer,1,1,0.7622000000000001,0.5474222222222223,0.03333333333333333,0.0,0.0,0.0,0.0,0.0,0.19260000000000005,0.08644096251199417,0.17200000000000004,0.13600000000000012,0.2240000000000002,1.0,0.5,0.2,0.0,0.0,0.0,0.38244631039295457,0.054185237842054444,0.3938463103929546,0.36284631039295456,0.4258463103929546,1.0,1.0,0.0,0.0,0.0,0.0,0.3135231551964773,0.10782912596168281,0.36784631039295457,0.23550000000000007,0.39238473279471586,1.0,1.0,0.2,0.0,0.0,0.0,0.3135231551964773,0.10782912596168281,0.36784631039295457,0.23550000000000007,0.39238473279471586,1.0,1.0,0.2,0.0,0.0,0.0,0.3135231551964773,0.10782912596168281,0.36784631039295457,0.23550000000000007,0.39238473279471586,1.0,1.0,0.2,0.0,0.0,0.0,0.3135231551964773,0.10782912596168281,0.36784631039295457,0.23550000000000007,0.39238473279471586,1.0,1.0,0.2,0.0,0.0,0.0,1.0,0.5,0.5,0.5,0.5,0.5,1.0,0.625,0.5,1.0,0.625,0.5,1.0,0.625,0.5,1.0,0.625,0.5,0.0,0.5,0.5,0.5,0.5,0.5,0.0,0.0,0.0,0.0,0.5,0.5,1.0,1.0,1.0,0.5,0.0,0.0,0.0,0.0,0.0,0.45257777778496155,5.859745337818297e-18,5.859745337818297e-18,0.0,0.01,0,0,0,0,C1,0.0,0.0,0.3135231551964773,0.2,1.0,0.5,0.0,0.0,0.3135231551964773
phaseflip,mixed_pauli,0.2,3,0.03,10,qiskit_aer,1,1,0.7622000000000001,0.5116444444444445,0.08888888888888888,0.0,0.0,0.0,0.0,0.0,0.19260000000000005,0.08644096251199417,0.17200000000000004,0.13600000000000012,0.2240000000000002,1.0,0.4,0.2,0.0,0.0,0.0,0.38244631039295457,0.054185237842054444,0.3938463103929546,0.36284631039295456,0.4258463103929546,1.0,1.0,0.0,0.0,0.0,0.0,0.3305077862357727,0.10574679242680576,0.3829231551964772,0.2919615775982384,0.3938463103929546,1.0,1.0,0.2,0.0,0.0,0.0,0.3305077862357727,0.10574679242680576,0.3829231551964772,0.2919615775982384,0.3938463103929546,1.0,1.0,0.2,0.0,0.0,0.0,0.3305077862357727,0.10574679242680576,0.3829231551964772,0.2919615775982384,0.3938463103929546,1.0,1.0,0.2,0.0,0.0,0.0,0.3305077862357727,0.10574679242680576,0.3829231551964772,0.2919615775982384,0.3938463103929546,1.0,1.0,0.2,0.0,0.0,0.0,1.0,0.6,0.6,0.6,0.6,0.6,1.0,0.75,0.6,1.0,0.75,0.6,1.0,0.75,0.6,1.0,0.75,0.6,0.0,0.6,0.6,0.6,0.6,0.6,0.0,0.0,0.0,0.0,0.6,0.6,1.0,1.0,1.0,0.6,0.0,0.0,0.0,0.0,0.0,0.6883555555621488,0.007917541697926618,0.007917541697926618,0.0,0.03,0,0,0,0,C1,0.0,0.0,0.3305077862357727,0.2,1.0,0.6,0.0,0.0,0.3305077862357727
phaseflip,mixed_pauli,0.2,3,0.05,10,qiskit_aer,1,1,0.7622000000000001,0.5104444444444445,0.1111111111111111,0.0,0.0,0.0,0.0,0.0,0.19260000000000005,0.08644096251199417,0.17200000000000004,0.13600000000000012,0.2240000000000002,1.0,0.5,0.2,0.0,0.0,0.0,0.38244631039295457,0.054185237842054444,0.3938463103929546,0.36284631039295456,0.4258463103929546,1.0,1.0,0.0,0.0,0.0,0.0,0.3135231551964773,0.10782912596168281,0.36784631039295457,0.23550000000000007,0.39238473279471586,1.0,1.0,0.2,0.0,0.0,0.0,0.3135231551964773,0.10782912596168281,0.36784631039295457,0.23550000000000007,0.39238473279471586,1.0,1.0,0.2,0.0,0.0,0.0,0.3135231551964773,0.10782912596168281,0.36784631039295457,0.23550000000000007,0.39238473279471586,1.0,1.0,0.2,0.0,0.0,0.0,0.3135231551964773,0.10782912596168281,0.36784631039295457,0.23550000000000007,0.39238473279471586,1.0,1.0,0.2,0.0,0.0,0.0,1.0,0.5,0.5,0.5,0.5,0.5,1.0,0.625,0.5,1.0,0.625,0.5,1.0,0.625,0.5,1.0,0.625,0.5,0.0,0.5,0.5,0.5,0.5,0.5,0.0,0.0,0.0,0.0,0.5,0.5,1.0,1.0,1.0,0.5,0.0,0.0,0.0,0.0,0.0,0.4895555555633574,5.859745337818297e-18,5.859745337818297e-18,0.0,0.05,0,0,0,0,C1,0.0,0.0,0.3135231551964773,0.2,1.0,0.5,0.0,0.0,0.3135231551964773
phaseflip,mixed_pauli,0.2,3,0.1,10,qiskit_aer,1,1,0.7622000000000001,0.4410888888888889,0.2111111111111111,0.0,0.0,0.0,0.0,0.0,0.19260000000000005,0.08644096251199417,0.17200000000000004,0.13600000000000012,0.2240000000000002,1.0,0.4,0.2,0.0,0.0,0.0,0.38244631039295457,0.054185237842054444,0.3938463103929546,0.36284631039295456,0.4258463103929546,1.0,1.0,0.0,0.0,0.0,0.0,0.3305077862357727,0.10574679242680576,0.3829231551964772,0.2919615775982384,0.3938463103929546,1.0,1.0,0.2,0.0,0.0,0.0,0.3305077862357727,0.10574679242680576,0.3829231551964772,0.2919615775982384,0.3938463103929546,1.0,1.0,0.2,0.0,0.0,0.0,0.3305077862357727,0.10574679242680576,0.3829231551964772,0.2919615775982384,0.3938463103929546,1.0,1.0,0.2,0.0,0.0,0.0,0.3305077862357727,0.10574679242680576,0.3829231551964772,0.2919615775982384,0.3938463103929546,1.0,1.0,0.2,0.0,0.0,0.0,1.0,0.6,0.6,0.6,0.6,0.6,1.0,0.75,0.6,1.0,0.75,0.6,1.0,0.75,0.6,1.0,0.75,0.6,0.0,0.6,0.6,0.6,0.6,0.6,0.0,0.0,0.0,0.0,0.6,0.6,1.0,1.0,1.0,0.6,0.0,0.0,0.0,0.0,0.0,0.7589111111175837,5.869307021395927e-18,5.869307021395927e-18,0.0,0.1,0,0,0,0,C1,0.0,0.0,0.3305077862357727,0.2,1.0,0.6,0.0,0.0,0.3305077862357727
phaseflip,mixed_pauli,0.2,4,0.0,10,qiskit_aer,1,1,0.70536,0.70536,0.0,0.0,0.0,0.0,0.0,0.0,0.21988000000000002,0.08175124219239724,0.20320000000000005,0.1904,0.23800000000000004,1.0,0.5,0.1,0.0,0.0,0.0,0.4609263103929545,0.047188490122062623,0.4802463103929545,0.4228463103929545,0.48264631039295447,1.0,1.0,0.0,0.0,0.0,0.0,0.35280315519647726,0.1390132246604014,0.39904631039295446,0.214,0.4652847327947158,1.0,1.0,0.1,0.0,0.0,0.0,0.35280315519647726,0.1390132246604014,0.39904631039295446,0.214,0.4652847327947158,1.0,1.0,0.1,0.0,0.0,0.0,0.35280315519647726,0.1390132246604014,0.39904631039295446,0.214,0.4652847327947158,1.0,1.0,0.1,0.0,0.0,0.0,0.35280315519647726,0.1390132246604014,0.39904631039295446,0.214,0.4652847327947158,1.0,1.0,0.1,0.0,0.0,0.0,1.0,0.5,0.5,0.5,0.5,0.5,1.0,0.5555555555555556,0.5,1.0,0.5555555555555556,0.5,1.0,0.5555555555555556,0.5,1.0,0.5555555555555556,0.5,0.0,0.5,0.5,0.5,0.5,0.5,0.0,0.0,0.0,0.0,0.5,0.5,1.0,1.0,1.0,0.5,0.0,0.0,0.0,0.0,0.0,0.29464000000168117,0.00556297854266948,0.00556297854266948,0.0,0.0,0,0,0,0,C1,0.0,0.0,0.35280315519647726,0.1,1.0,0.5,0.0,0.0,0.35280315519647726
phaseflip,mixed_pauli,0.2,4,0.01,10,qiskit_aer,1,1,0.70536,0.544,0.01111111111111111,0.0,0.0,0.0,0.0,0.0,0.21988000000000002,0.08175124219239724,0.20320000000000005,0.1904,0.23800000000000004,1.0,0.4,0.1,0.0,0.0,0.0,0.4609263103929545,0.047188490122062623,0.4802463103929545,0.4228463103929545,0.48264631039295447,1.0,1.0,0.0,0.0,0.0,0.0,0.36978778623577274,0.14003913329249074,0.41632315519647717,0.23926157759823863,0.47384631039295455,1.0,1.0,0.1,0.0,0.0,0.0,0.36978778623577274,0.14003913329249074,0.41632315519647717,0.23926157759823863,0.47384631039295455,1.0,1.0,0.1,0.0,0.0,0.0,0.36978778623577274,0.14003913329249074,0.41632315519647717,0.23926157759823863,0.47384631039295455,1.0,1.0,0.1,0.0,0.0,0.0,0.36978778623577274,0.14003913329249074,0.41632315519647717,0.23926157759823863,0.47384631039295455,1.0,1.0,0.1,0.0,0.0,0.0,1.0,0.6,0.6,0.6,0.6,0.6,1.0,0.6666666666666666,0.6,1.0,0.6666666666666666,0.6,1.0,0.6666666666666666,0.6,1.0,0.6666666666666666,0.6,0.0,0.6,0.6,0.6,0.6,0.6,0.0,0.0,0.0,0.0,0.6,0.6,1.0,1.0,1.0,0.6,0.0,0.0,0.0,0.0,0.0,0.6560000000017051,0.00556297854266948,0.00556297854266948,0.0,0.01,0,0,0,0,C1,0.0,0.0,0.36978778623577274,0.1,1.0,0.6,0.0,0.0,0.36978778623577274
phaseflip,mixed_pauli,0.2,4,0.03,10,qiskit_aer,1,1,0.70536,0.5288444444444445,0.05555555555555555,0.0,0.0,0.0,0.0,0.0,0.21988000000000002,0.08175124219239724,0.20320000000000005,0.1904,0.23800000000000004,1.0,0.4,0.1,0.0,0.0,0.0,0.4609263103929545,0.047188490122062623,0.4802463103929545,0.4228463103929545,0.48264631039295447,1.0,1.0,0.0,0.0,0.0,0.0,0.36978778623577274,0.14003913329249074,0.41632315519647717,0.23926157759823863,0.47384631039295455,1.0,1.0,0.1,0.0,0.0,0.0,0.36978778623577274,0.14003913329249074,0.41632315519647717,0.23926157759823863,0.47384631039295455,1.0,1.0,0.1,0.0,0.0,0.0,0.36978778623577274,0.14003913329249074,0.41632315519647717,0.23926157759823863,0.47384631039295455,1.0,1.0,0.1,0.0,0.0,0.0,0.36978778623577274,0.14003913329249074,0.41632315519647717,0.23926157759823863,0.47384631039295455,1.0,1.0,0.1,0.0,0.0,0.0,1.0,0.6,0.6,0.6,0.6,0.6,1.0,0.6666666666666666,0.6,1.0,0.6666666666666666,0.6,1.0,0.6666666666666666,0.6,1.0,0.6666666666666666,0.6,0.0,0.6,0.6,0.6,0.6,0.6,0.0,0.0,0.0,0.0,0.6,0.6,1.0,1.0,1.0,0.6,0.0,0.0,0.0,0.0,0.0,0.6711555555572606,0.00556297854266948,0.00556297854266948,0.0,0.03,0,0,0,0,C1,0.0,0.0,0.36978778623577274,0.1,1.0,0.6,0.0,0.0,0.36978778623577274
phaseflip,mixed_pauli,0.2,4,0.05,10,qiskit_aer,1,1,0.70536,0.5134,0.09999999999999999,0.0,0.0,0.0,0.0,0.0,0.21988000000000002,0.08175124219239724,0.20320000000000005,0.1904,0.23800000000000004,1.0,0.4,0.1,0.0,0.0,0.0,0.4609263103929545,0.047188490122062623,0.4802463103929545,0.4228463103929545,0.48264631039295447,1.0,1.0,0.0,0.0,0.0,0.0,0.36978778623577274,0.14003913329249074,0.41632315519647717,0.23926157759823863,0.47384631039295455,1.0,1.0,0.1,0.0,0.0,0.0,0.36978778623577274,0.14003913329249074,0.41632315519647717,0.23926157759823863,0.47384631039295455,1.0,1.0,0.1,0.0,0.0,0.0,0.36978778623577274,0.14003913329249074,0.41632315519647717,0.23926157759823863,0.47384631039295455,1.0,1.0,0.1,0.0,0.0,0.0,0.36978778623577274,0.14003913329249074,0.41632315519647717,0.23926157759823863,0.47384631039295455,1.0,1.0,0.1,0.0,0.0,0.0,1.0,0.6,0.6,0.6,0.6,0.6,1.0,0.6666666666666666,0.6,1.0,0.6666666666666666,0.6,1.0,0.6666666666666666,0.6,1.0,0.6666666666666666,0.6,0.0,0.6,0.6,0.6,0.6,0.6,0.0,0.0,0.0,0.0,0.6,0.6,1.0,1.0,1.0,0.6,0.0,0.0,0.0,0.0,0.0,0.6866000000017052,0.00556297854266948,0.00556297854266948,0.0,0.05,0,0,0,0,C1,0.0,0.0,0.36978778623577274,0.1,1.0,0.6,0.0,0.0,0.36978778623577274
phaseflip,mixed_pauli,0.2,4,0.1,10,qiskit_aer,1,1,0.70536,0.4172266666666667,0.2777777777777778,0.0,0.0,0.0,0.0,0.0,0.21988000000000002,0.08175124219239724,0.20320000000000005,0.1904,0.23800000000000004,1.0,0.4,0.1,0.0,0.0,0.0,0.4609263103929545,0.047188490122062623,0.4802463103929545,0.4228463103929545,0.48264631039295447,1.0,1.0,0.0,0.0,0.0,0.0,0.36978778623577274,0.14003913329249074,0.41632315519647717,0.23926157759823863,0.47384631039295455,1.0,1.0,0.1,0.0,0.0,0.0,0.36978778623577274,0.14003913329249074,0.41632315519647717,0.23926157759823863,0.47384631039295455,1.0,1.0,0.1,0.0,0.0,0.0,0.36978778623577274,0.14003913329249074,0.41632315519647717,0.23926157759823863,0.47384631039295455,1.0,1.0,0.1,0.0,0.0,0.0,0.36978778623577274,0.14003913329249074,0.41632315519647717,0.23926157759823863,0.47384631039295455,1.0,1.0,0.1,0.0,0.0,0.0,1.0,0.6,0.6,0.6,0.6,0.6,1.0,0.6666666666666666,0.6,1.0,0.6666666666666666,0.6,1.0,0.6666666666666666,0.6,1.0,0.6666666666666666,0.6,0.0,0.6,0.6,0.6,0.6,0.6,0.0,0.0,0.0,0.0,0.6,0.6,1.0,1.0,1.0,0.6,0.0,0.0,0.0,0.0,0.0,0.7827733333350384,0.00556297854266948,0.00556297854266948,0.0,0.1,0,0,0,0,C1,0.0,0.0,0.36978778623577274,0.1,1.0,0.6,0.0,0.0,0.36978778623577274
phaseflip,phaseflip,0.01,1,0.0,10,qiskit_aer,1,1,0.99,0.99,0.0,0.0,1.0,1.0,0.0,0.0,0.009999999999999565,0.0,0.009999999999999565,0.009999999999999565,0.009999999999999565,1.0,0.3,1.0,0.7,0.0,0.0,-0.020153689607045777,0.0,-0.020153689607045777,-0.020153689607045777,-0.020153689607045777,0.0,1.0,0.0,0.0,1.0,1.0,-0.020153689607045777,0.0,-0.020153689607045777,-0.020153689607045777,-0.020153689607045777,0.0,1.0,0.0,0.0,1.0,1.0,-0.011107582724932175,0.013818156510648851,-0.020153689607045777,-0.020153689607045777,0.0024615775982382293,0.3,1.0,0.3,0.0,0.7,0.7,-0.011107582724932175,0.013818156510648851,-0.020153689607045777,-0.020153689607045777,0.0024615775982382293,0.3,1.0,0.3,0.0,0.7,0.7,-0.011107582724932175,0.013818156510648851,-0.020153689607045777,-0.020153689607045777,0.0024615775982382293,0.3,1.0,0.3,0.0,0.7,0.7,1.0,1.0,0.7,0.7,0.7,1.0,0.0,1.0,0.7,1.0,1.0,0.7,1.0,1.0,0.7,1.0,1.0,0.7,0.3,0.7,0.7,0.7,0.7,0.7,0.0,0.0,0.0,0.0,0.7,0.7,1.0,1.0,1.0,0.7,0.0,0.0,0.0,0.0,0.0,0.410000031549565,1.0107902714056831e-17,1.0107902714056831e-17,0.0,0.0,0,0,0,0,C2,0.7,0.0,-0.011107582724932175,0.3,0.3,0.7,0.7,0.0,-0.011107582724932175
phaseflip,phaseflip,0.01,1,0.01,10,qiskit_aer,1,1,0.99,0.902,0.03333333333333333,0.0,0.3,1.0,0.0,0.0,0.009999999999999565,0.0,0.009999999999999565,0.009999999999999565,0.009999999999999565,1.0,0.1,1.0,0.3,0.0,0.0,-0.020153689607045777,0.0,-0.020153689607045777,-0.020153689607045777,-0.020153689607045777,0.0,1.0,0.0,0.0,1.0,0.3,-0.017138320646341243,0.009046106882113603,-0.020153689607045777,-0.020153689607045777,-0.020153689607045777,0.1,1.0,0.1,0.0,0.9,0.3,-0.017138320646341243,0.009046106882113603,-0.020153689607045777,-0.020153689607045777,-0.020153689607045777,0.1,1.0,0.1,0.0,0.9,0.3,-0.017138320646341243,0.009046106882113603,-0.020153689607045777,-0.020153689607045777,-0.020153689607045777,0.1,1.0,0.1,0.0,0.9,0.3,-0.017138320646341243,0.009046106882113603,-0.020153689607045777,-0.020153689607045777,-0.020153689607045777,0.1,1.0,0.1,0.0,0.9,0.3,1.0,0.9,0.9,0.9,0.9,0.9,0.14285714285714285,1.0,0.9,0.14285714285714285,1.0,0.9,0.14285714285714285,1.0,0.9,0.14285714285714285,1.0,0.9,0.0,0.9,0.9,0.9,0.9,0.9,0.0,0.0,0.0,0.0,0.9,0.9,1.0,1.0,1.0,0.9,0.0,0.0,0.0,0.0,0.0,0.898000031696697,2.0201277079664518e-17,2.0201277079664518e-17,0.0,0.01,0,0,0,0,C1,0.9,0.0,-0.017138320646341243,0.1,0.1,0.9,0.9,0.0,-0.017138320646341243
phaseflip,phaseflip,0.01,1,0.03,10,qiskit_aer,1,1,0.99,0.825,0.1111111111111111,0.0,0.3,1.0,0.0,0.0,0.009999999999999565,0.0,0.009999999999999565,0.009999999999999565,0.009999999999999565,1.0,0.2,1.0,0.2,0.0,0.0,-0.020153689607045777,0.0,-0.020153689607045777,-0.020153689607045777,-0.020153689607045777,0.0,1.0,0.0,0.0,1.0,0.3,-0.017138320646341243,0.009046106882113603,-0.020153689607045777,-0.020153689607045777,-0.020153689607045777,0.1,1.0,0.1,0.0,0.9,0.3,-0.014122951685636709,0.012061475842818137,-0.020153689607045777,-0.020153689607045777,-0.020153689607045777,0.2,1.0,0.2,0.0,0.8,0.2,-0.014122951685636709,0.012061475842818137,-0.020153689607045777,-0.020153689607045777,-0.020153689607045777,0.2,1.0,0.2,0.0,0.8,0.2,-0.014122951685636709,0.012061475842818137,-0.020153689607045777,-0.020153689607045777,-0.020153689607045777,0.2,1.0,0.2,0.0,0.8,0.2,1.0,0.9,0.8,0.8,0.8,0.9,0.125,1.0,0.8,0.25,1.0,0.8,0.25,1.0,0.8,0.25,1.0,0.8,0.1,0.8,0.8,0.8,0.8,0.8,0.0,0.0,0.0,0.0,0.8,0.8,1.0,1.0,1.0,0.8,0.0,0.0,0.0,0.0,0.0,0.7750000342185127,2.0199110967073336e-17,2.0199110967073336e-17,0.0,0.03,0,0,0,0,C2,0.8,0.0,-0.014122951685636709,0.2,0.2,0.8,0.8,0.0,-0.014122951685636709
phaseflip,phaseflip,0.01,1,0.05,10,qiskit_aer,1,1,0.99,0.803,0.15555555555555556,0.0,0.1,1.0,0.0,0.0,0.009999999999999565,0.0,0.009999999999999565,0.009999999999999565,0.009999999999999565,1.0,0.1,1.0,0.1,0.0,0.0,-0.020153689607045777,0.0,-0.020153689607045777,-0.020153689607045777,-0.020153689607045777,0.0,1.0,0.0,0.0,1.0,0.1,-0.017138320646341243,0.009046106882113603,-0.020153689607045777,-0.020153689607045777,-0.020153689607045777,0.1,1.0,0.1,0.0,0.9,0.1,-0.017138320646341243,0.009046106882113603,-0.020153689607045777,-0.020153689607045777,-0.020153689607045777,0.1,1.0,0.1,0.0,0.9,0.1,-0.017138320646341243,0.009046106882113603,-0.020153689607045777,-0.020153689607045777,-0.020153689607045777,0.1,1.0,0.1,0.0,0.9,0.1,-0.017138320646341243,0.009046106882113603,-0.020153689607045777,-0.020153689607045777,-0.020153689607045777,0.1,1.0,0.1,0.0,0.9,0.1,1.0,0.9,0.9,0.9,0.9,0.9,0.1111111111111111,1.0,0.9,0.1111111111111111,1.0,0.9,0.1111111111111111,1.0,0.9,0.1111111111111111,1.0,0.9,0.0,0.9,0.9,0.9,0.9,0.9,0.0,0.0,0.0,0.0,0.9,0.9,1.0,1.0,1.0,0.9,0.0,0.0,0.0,0.0,0.0,0.9970000316966969,2.0201277079664518e-17,2.0201277079664518e-17,0.0,0.05,0,0,0,0,C1,0.9,0.0,-0.017138320646341243,0.1,0.1,0.9,0.9,0.0,-0.017138320646341243
phaseflip,phaseflip,0.01,1,0.1,10,qiskit_aer,1,1,0.99,0.7040000000000001,0.25555555555555554,0.0,0.1,1.0,0.0,0.0,0.009999999999999565,0.0,0.009999999999999565,0.009999999999999565,0.009999999999999565,1.0,0.3,1.0,0.1,0.0,0.0,-0.020153689607045777,0.0,-0.020153689607045777,-0.020153689607045777,-0.020153689607045777,0.0,1.0,0.0,0.0,1.0,0.1,-0.011107582724932175,0.013818156510648851,-0.020153689607045777,-0.020153689607045777,0.0024615775982382293,0.3,1.0,0.3,0.0,0.7,0.1,-0.011107582724932175,0.013818156510648851,-0.020153689607045777,-0.020153689607045777,0.0024615775982382293,0.3,1.0,0.3,0.0,0.7,0.1,-0.011107582724932175,0.013818156510648851,-0.020153689607045777,-0.020153689607045777,0.0024615775982382293,0.3,1.0,0.3,0.0,0.7,0.1,-0.011107582724932175,0.013818156510648851,-0.020153689607045777,-0.020153689607045777,0.0024615775982382293,0.3,1.0,0.3,0.0,0.7,0.1,1.0,0.7,0.7,0.7,0.7,0.7,0.3333333333333333,1.0,0.7,0.3333333333333333,1.0,0.7,0.3333333333333333,1.0,0.7,0.3333333333333333,1.0,0.7,0.0,0.7,0.7,0.7,0.7,0.7,0.0,0.0,0.0,0.0,0.7,0.7,1.0,1.0,1.0,0.7,0.0,0.0,0.0,0.0,0.0,0.6960000340713808,1.0105437523728016e-17,1.0105437523728016e-17,0.0,0.1,0,0,0,0,C1,0.7,0.0,-0.011107582724932175,0.3,0.3,0.7,0.7,0.0,-0.011107582724932175
phaseflip,phaseflip,0.01,2,0.0,10,qiskit_aer,1,1,0.9801599999999999,0.9801599999999999,0.0,0.0,1.0,1.0,0.0,0.0,0.01983999999999968,4.898979485576694e-05,0.019799999999999596,0.019799999999999596,0.019899999999999807,1.0,0.1,1.0,0.9,0.0,0.0,-0.010313689607045661,4.898979485576694e-05,-0.010353689607045746,-0.010353689607045746,-0.010253689607045535,0.0,1.0,0.0,0.0,1.0,1.0,-0.010313689607045661,4.898979485576694e-05,-0.010353689607045746,-0.010353689607045746,-0.010253689607045535,0.0,1.0,0.0,0.0,1.0,1.0,-0.007298320646341128,0.009066217182370407,-0.010353689607045746,-0.010353689607045746,-0.010253689607045535,0.1,1.0,0.1,0.0,0.9,0.9,-0.007298320646341128,0.009066217182370407,-0.010353689607045746,-0.010353689607045746,-0.010253689607045535,0.1,1.0,0.1,0.0,0.9,0.9,-0.007298320646341128,0.009066217182370407,-0.010353689607045746,-0.010353689607045746,-0.010253689607045535,0.1,1.0,0.1,0.0,0.9,0.9,1.0,1.0,0.9,0.9,0.9,1.0,0.0,1.0,0.9,1.0,1.0,0.9,1.0,1.0,0.9,1.0,1.0,0.9,0.1,0.9,0.9,0.9,0.9,0.9,0.0,0.0,0.0,0.0,0.9,0.9,1.0,1.0,1.0,0.9,0.0,0.0,0.0,0.0,0.0,0.8198400207182811,0.0786136118874968,0.0786136118874968,0.0,0.0,0,0,0,0,C2,0.9,0.0,-0.007298320646341128,0.1,0.1,0.9,0.9,0.0,-0.007298320646341128
phaseflip,phaseflip,0.01,2,0.01,10,qiskit_aer,1,1,0.9801599999999999,0.8712533333333333,0.03333333333333333,0.0,0.3,1.0,0.0,0.0,0.01983999999999968,4.898979485576694e-05,0.019799999999999596,0.019799999999999596,0.019899999999999807,1.0,0.3,1.0,0.2,0.0,0.0,-0.010313689607045661,4.898979485576694e-05,-0.010353689607045746,-0.010353689607045746,-0.010253689607045535,0.0,1.0,0.0,0.0,1.0,0.3,-0.004282951685636594,0.012066574255575354,-0.01030368960704564,-0.010353689607045746,-0.010253689607045535,0.2,1.0,0.2,0.0,0.8,0.3,-0.0012675827249320592,0.013835689660674704,-0.01030368960704564,-0.010353689607045746,0.012286577598238313,0.3,1.0,0.3,0.0,0.7,0.2,-0.0012675827249320592,0.013835689660674704,-0.01030368960704564,-0.010353689607045746,0.012286577598238313,0.3,1.0,0.3,0.0,0.7,0.2,-0.0012675827249320592,0.013835689660674704,-0.01030368960704564,-0.010353689607045746,0.012286577598238313,0.3,1.0,0.3,0.0,0.7,0.2,1.0,0.8,0.7,0.7,0.7,0.8,0.25,1.0,0.7,0.375,1.0,0.7,0.375,1.0,0.7,0.375,1.0,0.7,0.1,0.7,0.7,0.7,0.7,0.7,0.0,0.0,0.0,0.0,0.7,0.7,1.0,1.0,1.0,0.7,0.0,0.0,0.0,0.0,0.0,0.5287466849893905,0.07133988278462448,0.07133988278462448,0.0,0.01,0,0,0,0,C2,0.7,0.0,-0.0012675827249320592,0.3,0.3,0.7,0.7,0.0,-0.0012675827249320592
phaseflip,phaseflip,0.01,2,0.03,10,qiskit_aer,1,1,0.9801599999999999,0.7950188888888889,0.1111111111111111,0.0,0.3,1.0,0.0,0.0,0.01983999999999968,4.898979485576694e-05,0.019799999999999596,0.019799999999999596,0.019899999999999807,1.0,0.2,1.0,0.2,0.0,0.0,-0.010313689607045661,4.898979485576694e-05,-0.010353689607045746,-0.010353689607045746,-0.010253689607045535,0.0,1.0,0.0,0.0,1.0,0.3,-0.007298320646341128,0.0090328965567954,-0.01030368960704564,-0.010353689607045746,-0.010253689607045535,0.1,1.0,0.1,0.0,0.9,0.3,-0.004282951685636594,0.012066574255575354,-0.01030368960704564,-0.010353689607045746,-0.010253689607045535,0.2,1.0,0.2,0.0,0.8,0.2,-0.004282951685636594,0.012066574255575354,-0.01030368960704564,-0.010353689607045746,-0.010253689607045535,0.2,1.0,0.2,0.0,0.8,0.2,-0.004282951685636594,0.012066574255575354,-0.01030368960704564,-0.010353689607045746,-0.010253689607045535,0.2,1.0,0.2,0.0,0.8,0.2,1.0,0.9,0.8,0.8,0.8,0.9,0.125,1.0,0.8,0.25,1.0,0.8,0.25,1.0,0.8,0.25,1.0,0.8,0.1,0.8,0.8,0.8,0.8,0.8,0.0,0.0,0.0,0.0,0.8,0.8,1.0,1.0,1.0,0.8,0.0,0.0,0.0,0.0,0.0,0.8049811288110487,0.06699824939169768,0.06699824939169768,0.0,0.03,0,0,0,0,C2,0.8,0.0,-0.004282951685636594,0.2,0.2,0.8,0.8,0.0,-0.004282951685636594
phaseflip,phaseflip,0.01,2,0.05,10,qiskit_aer,1,1,0.9801599999999999,0.7732366666666667,0.15555555555555556,0.0,0.1,1.0,0.0,0.0,0.01983999999999968,4.898979485576694e-05,0.019799999999999596,0.019799999999999596,0.019899999999999807,1.0,0.2,1.0,0.0,0.0,0.0,-0.010313689607045661,4.898979485576694e-05,-0.010353689607045746,-0.010353689607045746,-0.010253689607045535,0.0,1.0,0.0,0.0,1.0,0.1,-0.007298320646341128,0.009066217182370407,-0.010353689607045746,-0.010353689607045746,-0.010253689607045535,0.1,1.0,0.1,0.0,0.9,0.1,-0.004282951685636594,0.01209153786982682,-0.010353689607045746,-0.010353689607045746,-0.010253689607045535,0.2,1.0,0.2,0.0,0.8,0.0,-0.004282951685636594,0.01209153786982682,-0.010353689607045746,-0.010353689607045746,-0.010253689607045535,0.2,1.0,0.2,0.0,0.8,0.0,-0.004282951685636594,0.01209153786982682,-0.010353689607045746,-0.010353689607045746,-0.010253689607045535,0.2,1.0,0.2,0.0,0.8,0.0,1.0,0.9,0.8,0.8,0.8,0.9,0.1,0.0,0.8,0.2,0.0,0.8,0.2,0.0,0.8,0.2,0.0,0.8,0.1,0.8,0.8,0.8,0.8,0.8,0.0,0.0,0.0,0.0,0.8,0.8,1.0,1.0,1.0,0.8,0.0,0.0,0.0,0.0,0.0,0.8267633528512701,0.0713398827846245,0.0713398827846245,0.0,0.05,0,0,0,0,C2,0.8,0.0,-0.004282951685636594,0.2,0.2,0.8,0.8,0.0,-0.004282951685636594
phaseflip,phaseflip,0.01,2,0.1,10,qiskit_aer,1,1,0.9801599999999999,0.6752222222222223,0.25555555555555554,0.0,0.1,1.0,0.0,0.0,0.01983999999999968,4.898979485576694e-05,0.019799999999999596,0.019799999999999596,0.019899999999999807,1.0,0.3,1.0,0.0,0.0,0.0,-0.010313689607045661,4.898979485576694e-05,-0.010353689607045746,-0.010353689607045746,-0.010253689607045535,0.0,1.0,0.0,0.0,1.0,0.1,-0.004282951685636594,0.012066574255575354,-0.01030368960704564,-0.010353689607045746,-0.010253689607045535,0.2,1.0,0.2,0.0,0.8,0.1,-0.0012675827249320592,0.013835689660674704,-0.01030368960704564,-0.010353689607045746,0.012286577598238313,0.3,1.0,0.3,0.0,0.7,0.0,-0.0012675827249320592,0.013835689660674704,-0.01030368960704564,-0.010353689607045746,0.012286577598238313,0.3,1.0,0.3,0.0,0.7,0.0,-0.0012675827249320592,0.013835689660674704,-0.01030368960704564,-0.010353689607045746,0.012286577598238313,0.3,1.0,0.3,0.0,0.7,0.0,1.0,0.8,0.7,0.7,0.7,0.8,0.2,0.0,0.7,0.3,0.0,0.7,0.3,0.0,0.7,0.3,0.0,0.7,0.1,0.7,0.7,0.7,0.7,0.7,0.0,0.0,0.0,0.0,0.7,0.7,1.0,1.0,1.0,0.7,0.0,0.0,0.0,0.0,0.0,0.7247777963813854,0.08816428214880849,0.08816428214880849,0.0,0.1,0,0,0,0,C2,0.7,0.0,-0.0012675827249320592,0.3,0.3,0.7,0.7,0.0,-0.0012675827249320592
phaseflip,phaseflip,0.01,3,0.0,10,qiskit_aer,1,1,0.970428,0.970428,0.0,0.0,1.0,1.0,0.0,0.0,0.02957199999999973,0.0001172279830074261,0.029601999999999795,0.02945349999999977,0.02967549999999966,1.0,0.4,1.0,0.6,0.0,0.0,-0.0005816896070456101,0.0001172279830074261,-0.0005516896070455468,-0.0007001896070455704,-0.0004781896070456815,0.0,1.0,0.0,0.0,0.0,1.0,-0.0005816896070456101,0.0001172279830074261,-0.0005516896070455468,-0.0007001896070455704,-0.0004781896070456815,0.0,1.0,0.0,0.0,0.0,1.0,0.011479786235772527,0.014736318071700186,-0.00045368960704572636,-0.0005516896070455468,0.029403999999999764,0.4,1.0,0.4,0.0,0.0,0.6,0.011479786235772527,0.014736318071700186,-0.00045368960704572636,-0.0005516896070455468,0.029403999999999764,0.4,1.0,0.4,0.0,0.0,0.6,0.011479786235772527,0.014736318071700186,-0.00045368960704572636,-0.0005516896070455468,0.029403999999999764,0.4,1.0,0.4,0.0,0.0,0.6,1.0,1.0,0.6,0.6,0.6,1.0,0.0,1.0,0.6,1.0,1.0,0.6,1.0,1.0,0.6,1.0,1.0,0.6,0.4,0.6,0.6,0.6,0.6,0.6,0.0,0.0,0.0,0.0,0.6,0.6,1.0,1.0,1.0,0.6,0.0,0.0,0.0,0.0,0.0,0.22957200539761052,1.053148521828736e-20,1.053148521828736e-20,0.0,0.0,0,0,0,0,C2,0.0,0.0,0.011479786235772527,0.4,0.4,0.6,0.0,0.0,0.011479786235772527
phaseflip,phaseflip,0.01,3,0.01,10,qiskit_aer,1,1,0.970428,0.9273013777777779,0.02222222222222222,0.0,0.6,1.0,0.0,0.0,0.02957199999999973,0.0001172279830074261,0.029601999999999795,0.02945349999999977,0.02967549999999966,1.0,0.4,1.0,0.4,0.0,0.0,-0.0005816896070456101,0.0001172279830074261,-0.0005516896070455468,-0.0007001896070455704,-0.0004781896070456815,0.0,1.0,0.0,0.0,0.0,0.6,0.005449048314363459,0.012101479186383282,-0.0005516896070455468,-0.0007001896070455704,-0.00045368960704572636,0.2,1.0,0.2,0.0,0.0,0.6,0.011479786235772527,0.014776777606053245,-0.00045368960704572636,-0.0005516896070455468,0.029552499999999787,0.4,1.0,0.4,0.0,0.0,0.4,0.011479786235772527,0.014776777606053245,-0.00045368960704572636,-0.0005516896070455468,0.029552499999999787,0.4,1.0,0.4,0.0,0.0,0.4,0.011479786235772527,0.014776777606053245,-0.00045368960704572636,-0.0005516896070455468,0.029552499999999787,0.4,1.0,0.4,0.0,0.0,0.4,1.0,0.8,0.6,0.6,0.6,0.8,0.3333333333333333,1.0,0.6,0.6666666666666666,1.0,0.6,0.6666666666666666,1.0,0.6,0.6666666666666666,1.0,0.6,0.2,0.6,0.6,0.6,0.6,0.6,0.0,0.0,0.0,0.0,0.6,0.6,1.0,1.0,1.0,0.6,0.0,0.0,0.0,0.0,0.0,0.27269862702842734,1.053148521828736e-20,1.053148521828736e-20,0.0,0.01,0,0,0,0,C2,0.0,0.0,0.011479786235772527,0.4,0.4,0.6,0.0,0.0,0.011479786235772527
phaseflip,phaseflip,0.01,3,0.03,10,qiskit_aer,1,1,0.970428,0.9057358666666667,0.04444444444444444,0.0,0.5,1.0,0.0,0.0,0.02957199999999973,0.0001172279830074261,0.029601999999999795,0.02945349999999977,0.02967549999999966,1.0,0.2,1.0,0.4,0.0,0.0,-0.0005816896070456101,0.0001172279830074261,-0.0005516896070455468,-0.0007001896070455704,-0.0004781896070456815,0.0,1.0,0.0,0.0,0.0,0.5,0.002433679353658924,0.009056860066284879,-0.0005516896070455468,-0.0007001896070455704,-0.00045368960704572636,0.1,1.0,0.1,0.0,0.0,0.5,0.005449048314363459,0.012027497664673712,-0.0005026896070456366,-0.0005516896070455468,-0.00045368960704572636,0.2,1.0,0.2,0.0,0.0,0.4,0.005449048314363459,0.012027497664673712,-0.0005026896070456366,-0.0005516896070455468,-0.00045368960704572636,0.2,1.0,0.2,0.0,0.0,0.4,0.005449048314363459,0.012027497664673712,-0.0005026896070456366,-0.0005516896070455468,-0.00045368960704572636,0.2,1.0,0.2,0.0,0.0,0.4,1.0,0.9,0.8,0.8,0.8,0.9,0.16666666666666666,1.0,0.8,0.3333333333333333,1.0,0.8,0.3333333333333333,1.0,0.8,0.3333333333333333,1.0,0.8,0.1,0.8,0.8,0.8,0.8,0.8,0.0,0.0,0.0,0.0,0.8,0.8,1.0,1.0,1.0,0.8,0.0,0.0,0.0,0.0,0.0,0.694264138467829,1.2398520071839372e-20,1.2398520071839372e-20,0.0,0.03,0,0,0,0,C2,0.0,0.0,0.005449048314363459,0.2,0.2,0.8,0.0,0.0,0.005449048314363459
phaseflip,phaseflip,0.01,3,0.05,10,qiskit_aer,1,1,0.970428,0.8733903555555556,0.07777777777777778,0.0,0.4,1.0,0.0,0.0,0.02957199999999973,0.0001172279830074261,0.029601999999999795,0.02945349999999977,0.02967549999999966,1.0,0.5,1.0,0.2,0.0,0.0,-0.0005816896070456101,0.0001172279830074261,-0.0005516896070455468,-0.0007001896070455704,-0.0004781896070456815,0.0,1.0,0.0,0.0,0.0,0.4,0.008464417275067993,0.013816471487813847,-0.0005026896070456366,-0.0005516896070455468,0.02193957759823839,0.3,1.0,0.3,0.0,0.0,0.4,0.014495155196477061,0.015007943107191647,0.014475155196477019,-0.0005271896070455917,0.029403999999999764,0.5,1.0,0.5,0.0,0.0,0.2,0.014495155196477061,0.015007943107191647,0.014475155196477019,-0.0005271896070455917,0.029403999999999764,0.5,1.0,0.5,0.0,0.0,0.2,0.014495155196477061,0.015007943107191647,0.014475155196477019,-0.0005271896070455917,0.029403999999999764,0.5,1.0,0.5,0.0,0.0,0.2,1.0,0.7,0.5,0.5,0.5,0.7,0.375,1.0,0.5,0.625,1.0,0.5,0.625,1.0,0.5,0.625,1.0,0.5,0.2,0.5,0.5,0.5,0.5,0.5,0.0,0.0,0.0,0.0,0.5,0.5,1.0,1.0,1.0,0.5,0.0,0.0,0.0,0.0,0.0,0.12660964996838908,9.597967791511354e-21,9.597967791511354e-21,0.0,0.05,0,0,0,0,C2,0.0,0.0,0.014495155196477061,0.5,0.5,0.5,0.0,0.0,0.014495155196477061
phaseflip,phaseflip,0.01,3,0.1,10,qiskit_aer,1,1,0.970428,0.7547817333333333,0.19999999999999998,0.0,0.0,1.0,0.0,0.0,0.02957199999999973,0.0001172279830074261,0.029601999999999795,0.02945349999999977,0.02967549999999966,1.0,0.3,1.0,0.0,0.0,0.0,-0.0005816896070456101,0.0001172279830074261,-0.0005516896070455468,-0.0007001896070455704,-0.0004781896070456815,0.0,1.0,0.0,0.0,0.0,0.0,0.008464417275067993,0.013837842920407429,-0.0005516896070455468,-0.0005516896070455468,0.02193957759823839,0.3,1.0,0.3,0.0,0.0,0.0,0.008464417275067993,0.013837842920407429,-0.0005516896070455468,-0.0005516896070455468,0.02193957759823839,0.3,1.0,0.3,0.0,0.0,0.0,0.008464417275067993,0.013837842920407429,-0.0005516896070455468,-0.0005516896070455468,0.02193957759823839,0.3,1.0,0.3,0.0,0.0,0.0,0.008464417275067993,0.013837842920407429,-0.0005516896070455468,-0.0005516896070455468,0.02193957759823839,0.3,1.0,0.3,0.0,0.0,0.0,1.0,0.7,0.7,0.7,0.7,0.7,0.3,0.0,0.7,0.3,0.0,0.7,0.3,0.0,0.7,0.3,0.0,0.7,0.0,0.7,0.7,0.7,0.7,0.7,0.0,0.0,0.0,0.0,0.7,0.7,1.0,1.0,1.0,0.7,0.0,0.0,0.0,0.0,0.0,0.6452182718509928,0.016208635152040473,0.016208635152040473,0.0,0.1,0,0,0,0,C1,0.0,0.0,0.008464417275067993,0.3,0.3,0.7,0.0,0.0,0.008464417275067993
phaseflip,phaseflip,0.01,4,0.0,10,qiskit_aer,1,1,0.9608420280000001,0.9608420280000001,0.0,0.0,1.0,1.0,0.0,0.0,0.039157971999999784,0.00018647496608392434,0.0392559799999998,0.03910995999999978,0.039303999999999784,1.0,0.6,1.0,0.4,0.0,0.0,0.009004282392954444,0.00018647496608392437,0.00910229039295446,0.008956270392954435,0.009150310392954442,1.0,1.0,0.0,0.0,0.0,1.0,0.009004282392954444,0.00018647496608392437,0.00910229039295446,0.008956270392954435,0.009150310392954442,1.0,1.0,0.0,0.0,0.0,1.0,0.027096496157181647,0.01467345010059073,0.03881591999999978,0.009150310392954442,0.03910995999999978,1.0,1.0,0.6,0.0,0.0,0.4,0.027096496157181647,0.01467345010059073,0.03881591999999978,0.009150310392954442,0.03910995999999978,1.0,1.0,0.6,0.0,0.0,0.4,0.027096496157181647,0.01467345010059073,0.03881591999999978,0.009150310392954442,0.03910995999999978,1.0,1.0,0.6,0.0,0.0,0.4,1.0,1.0,0.4,0.4,0.4,1.0,0.0,1.0,0.4,1.0,1.0,0.4,1.0,1.0,0.4,1.0,1.0,0.4,0.6,0.4,0.4,0.4,0.4,0.4,0.0,0.0,0.0,0.0,0.4,0.4,1.0,1.0,1.0,0.4,0.0,0.0,0.0,0.0,0.0,-0.16084202499458602,7.431855200327517e-21,7.431855200327517e-21,0.0,0.0,0,0,0,0,C2,0.0,0.0,0.027096496157181647,0.6,1.0,0.4,0.0,0.0,0.027096496157181647
phaseflip,phaseflip,0.01,4,0.01,10,qiskit_aer,1,1,0.9608420280000001,0.907466804888889,0.02222222222222222,0.0,0.5,1.0,0.0,0.0,0.039157971999999784,0.00018647496608392434,0.0392559799999998,0.03910995999999978,0.039303999999999784,1.0,0.6,1.0,0.1,0.0,0.0,0.009004282392954444,0.00018647496608392437,0.00910229039295446,0.008956270392954435,0.009150310392954442,1.0,1.0,0.0,0.0,0.0,0.5,0.015035020314363512,0.012111816277679602,0.009150310392954442,0.008956270392954435,0.009150310392954442,1.0,1.0,0.2,0.0,0.0,0.5,0.027096496157181647,0.014693575132377566,0.03881591999999978,0.009150310392954442,0.03918345999999981,1.0,1.0,0.6,0.0,0.0,0.1,0.027096496157181647,0.014693575132377566,0.03881591999999978,0.009150310392954442,0.03918345999999981,1.0,1.0,0.6,0.0,0.0,0.1,0.027096496157181647,0.014693575132377566,0.03881591999999978,0.009150310392954442,0.03918345999999981,1.0,1.0,0.6,0.0,0.0,0.1,1.0,0.8,0.4,0.4,0.4,0.8,0.2222222222222222,1.0,0.4,0.6666666666666666,1.0,0.4,0.6666666666666666,1.0,0.4,0.6666666666666666,1.0,0.4,0.4,0.4,0.4,0.4,0.4,0.4,0.0,0.0,0.0,0.0,0.4,0.4,1.0,1.0,1.0,0.4,0.0,0.0,0.0,0.0,0.0,-0.10746680187735991,7.431855200327517e-21,7.431855200327517e-21,0.0,0.01,0,0,0,0,C2,0.0,0.0,0.027096496157181647,0.6,1.0,0.4,0.0,0.0,0.027096496157181647
phaseflip,phaseflip,0.01,4,0.03,10,qiskit_aer,1,1,0.9608420280000001,0.8861125817777779,0.04444444444444444,0.0,0.4,1.0,0.0,0.0,0.039157971999999784,0.00018647496608392434,0.0392559799999998,0.03910995999999978,0.039303999999999784,1.0,0.6,1.0,0.1,0.0,0.0,0.009004282392954444,0.00018647496608392437,0.00910229039295446,0.008956270392954435,0.009150310392954442,1.0,1.0,0.0,0.0,0.0,0.4,0.018050389275068045,0.01378751309782415,0.009150310392954442,0.009004780392954437,0.03139951759823845,1.0,1.0,0.3,0.0,0.0,0.4,0.027096496157181647,0.014693575132377566,0.03881591999999978,0.009150310392954442,0.03918345999999981,1.0,1.0,0.6,0.0,0.0,0.1,0.027096496157181647,0.014693575132377566,0.03881591999999978,0.009150310392954442,0.03918345999999981,1.0,1.0,0.6,0.0,0.0,0.1,0.027096496157181647,0.014693575132377566,0.03881591999999978,0.009150310392954442,0.03918345999999981,1.0,1.0,0.6,0.0,0.0,0.1,1.0,0.7,0.4,0.4,0.4,0.7,0.3333333333333333,1.0,0.4,0.6666666666666666,1.0,0.4,0.6666666666666666,1.0,0.4,0.6666666666666666,1.0,0.4,0.3,0.4,0.4,0.4,0.4,0.4,0.0,0.0,0.0,0.0,0.4,0.4,1.0,1.0,1.0,0.4,0.0,0.0,0.0,0.0,0.0,-0.08611257895540947,7.431855200327517e-21,7.431855200327517e-21,0.0,0.03,0,0,0,0,C2,0.0,0.0,0.027096496157181647,0.6,1.0,0.4,0.0,0.0,0.027096496157181647
phaseflip,phaseflip,0.01,4,0.05,10,qiskit_aer,1,1,0.9608420280000001,0.8540893817777778,0.07777777777777778,0.0,0.3,1.0,0.0,0.0,0.039157971999999784,0.00018647496608392434,0.0392559799999998,0.03910995999999978,0.039303999999999784,1.0,0.7,1.0,0.1,0.0,0.0,0.009004282392954444,0.00018647496608392437,0.00910229039295446,0.008956270392954435,0.009150310392954442,1.0,1.0,0.0,0.0,0.0,0.3,0.024081127196477113,0.015068391623112886,0.02398311519647711,0.009150310392954442,0.03918345999999981,1.0,1.0,0.5,0.0,0.0,0.3,0.03011186511788618,0.013723492721395695,0.03896293999999978,0.016566712794715777,0.03918345999999981,1.0,1.0,0.7,0.0,0.0,0.1,0.03011186511788618,0.013723492721395695,0.03896293999999978,0.016566712794715777,0.03918345999999981,1.0,1.0,0.7,0.0,0.0,0.1,0.03011186511788618,0.013723492721395695,0.03896293999999978,0.016566712794715777,0.03918345999999981,1.0,1.0,0.7,0.0,0.0,0.1,1.0,0.5,0.3,0.3,0.3,0.5,0.5555555555555556,1.0,0.3,0.7777777777777778,1.0,0.3,0.7777777777777778,1.0,0.3,0.7777777777777778,1.0,0.3,0.2,0.3,0.3,0.3,0.3,0.3,0.0,0.0,0.0,0.0,0.3,0.3,1.0,1.0,1.0,0.3,0.0,0.0,0.0,0.0,0.0,-0.25408937863170933,6.498337773551511e-21,6.498337773551511e-21,0.0,0.05,0,0,0,0,C2,0.0,0.0,0.03011186511788618,0.7,1.0,0.3,0.0,0.0,0.03011186511788618
phaseflip,phaseflip,0.01,4,0.1,10,qiskit_aer,1,1,0.9608420280000001,0.7366526004444445,0.19999999999999998,0.0,0.0,1.0,0.0,0.0,0.039157971999999784,0.00018647496608392434,0.0392559799999998,0.03910995999999978,0.039303999999999784,1.0,0.6,1.0,0.0,0.0,0.0,0.009004282392954444,0.00018647496608392437,0.00910229039295446,0.008956270392954435,0.009150310392954442,1.0,1.0,0.0,0.0,0.0,0.0,0.027096496157181647,0.014693575132377566,0.03881591999999978,0.009150310392954442,0.03918345999999981,1.0,1.0,0.6,0.0,0.0,0.0,0.027096496157181647,0.014693575132377566,0.03881591999999978,0.009150310392954442,0.03918345999999981,1.0,1.0,0.6,0.0,0.0,0.0,0.027096496157181647,0.014693575132377566,0.03881591999999978,0.009150310392954442,0.03918345999999981,1.0,1.0,0.6,0.0,0.0,0.0,0.027096496157181647,0.014693575132377566,0.03881591999999978,0.009150310392954442,0.03918345999999981,1.0,1.0,0.6,0.0,0.0,0.0,1.0,0.4,0.4,0.4,0.4,0.4,0.6,0.0,0.4,0.6,0.0,0.4,0.6,0.0,0.4,0.6,0.0,0.4,0.0,0.4,0.4,0.4,0.4,0.4,0.0,0.0,0.0,0.0,0.4,0.4,1.0,1.0,1.0,0.4,0.0,0.0,0.0,0.0,0.0,0.0633474025342893,7.431855200327517e-21,7.431855200327517e-21,0.0,0.1,0,0,0,0,C1,0.0,0.0,0.027096496157181647,0.6,1.0,0.4,0.0,0.0,0.027096496157181647
phaseflip,phaseflip,0.03,1,0.0,10,qiskit_aer,1,1,0.9700000000000001,0.9700000000000001,0.0,0.0,1.0,1.0,0.0,0.0,0.029999999999999805,0.0,0.029999999999999805,0.029999999999999805,0.029999999999999805,1.0,0.0,1.0,1.0,0.0,0.0,-0.00015368960704553736,0.0,-0.00015368960704553736,-0.00015368960704553736,-0.00015368960704553736,0.0,1.0,0.0,0.0,0.0,1.0,-0.00015368960704553736,0.0,-0.00015368960704553736,-0.00015368960704553736,-0.00015368960704553736,0.0,1.0,0.0,0.0,0.0,1.0,-0.00015368960704553736,0.0,-0.00015368960704553736,-0.00015368960704553736,-0.00015368960704553736,0.0,1.0,0.0,0.0,0.0,1.0,-0.00015368960704553736,0.0,-0.00015368960704553736,-0.00015368960704553736,-0.00015368960704553736,0.0,1.0,0.0,0.0,0.0,1.0,-0.00015368960704553736,0.0,-0.00015368960704553736,-0.00015368960704553736,-0.00015368960704553736,0.0,1.0,0.0,0.0,0.0,1.0,1.0,1.0,1.0,1.0,1.0,1.0,0.0,1.0,1.0,0.0,1.0,1.0,0.0,1.0,1.0,0.0,1.0,1.0,0.0,1.0,1.0,1.0,1.0,1.0,0.0,0.0,0.0,0.0,1.0,1.0,1.0,1.0,1.0,1.0,0.0,0.0,0.0,0.0,0.0,1.0300000077121838,0.12450793776243547,0.12450793776243547,0.0,0.0,0,0,0,0,C1,0.0,0.0,-0.00015368960704553736,0.0,0.0,1.0,0.0,0.0,-0.00015368960704553736
phaseflip,phaseflip,0.03,1,0.01,10,qiskit_aer,1,1,0.9700000000000001,0.8514444444444444,0.03333333333333333,0.0,0.2,1.0,0.0,0.0,0.029999999999999805,0.0,0.029999999999999805,0.029999999999999805,0.029999999999999805,1.0,0.2,1.0,0.2,0.0,0.0,-0.00015368960704553736,0.0,-0.00015368960704553736,-0.00015368960704553736,-0.00015368960704553736,0.0,1.0,0.0,0.0,0.0,0.2,0.005877048314363531,0.012061475842818137,-0.00015368960704553736,-0.00015368960704553736,-0.00015368960704553736,0.2,1.0,0.2,0.0,0.0,0.2,0.005877048314363531,0.012061475842818137,-0.00015368960704553736,-0.00015368960704553736,-0.00015368960704553736,0.2,1.0,0.2,0.0,0.0,0.2,0.005877048314363531,0.012061475842818137,-0.00015368960704553736,-0.00015368960704553736,-0.00015368960704553736,0.2,1.0,0.2,0.0,0.0,0.2,0.005877048314363531,0.012061475842818137,-0.00015368960704553736,-0.00015368960704553736,-0.00015368960704553736,0.2,1.0,0.2,0.0,0.0,0.2,1.0,0.8,0.8,0.8,0.8,0.8,0.25,1.0,0.8,0.25,1.0,0.8,0.25,1.0,0.8,0.25,1.0,0.8,0.0,0.8,0.8,0.8,0.8,0.8,0.0,0.0,0.0,0.0,0.8,0.8,1.0,1.0,1.0,0.8,0.0,0.0,0.0,0.0,0.0,0.7485555624081774,0.09085913903406745,0.09085913903406745,0.0,0.01,0,0,0,0,C1,0.0,0.0,0.005877048314363531,0.2,0.2,0.8,0.0,0.0,0.005877048314363531
phaseflip,phaseflip,0.03,1,0.03,10,qiskit_aer,1,1,0.9700000000000001,0.776,0.1111111111111111,0.0,0.2,1.0,0.0,0.0,0.029999999999999805,0.0,0.029999999999999805,0.029999999999999805,0.029999999999999805,1.0,0.2,1.0,0.2,0.0,0.0,-0.00015368960704553736,0.0,-0.00015368960704553736,-0.00015368960704553736,-0.00015368960704553736,0.0,1.0,0.0,0.0,0.0,0.2,0.005877048314363531,0.012061475842818137,-0.00015368960704553736,-0.00015368960704553736,-0.00015368960704553736,0.2,1.0,0.2,0.0,0.0,0.2,0.005877048314363531,0.012061475842818137,-0.00015368960704553736,-0.00015368960704553736,-0.00015368960704553736,0.2,1.0,0.2,0.0,0.0,0.2,0.005877048314363531,0.012061475842818137,-0.00015368960704553736,-0.00015368960704553736,-0.00015368960704553736,0.2,1.0,0.2,0.0,0.0,0.2,0.005877048314363531,0.012061475842818137,-0.00015368960704553736,-0.00015368960704553736,-0.00015368960704553736,0.2,1.0,0.2,0.0,0.0,0.2,1.0,0.8,0.8,0.8,0.8,0.8,0.25,1.0,0.8,0.25,1.0,0.8,0.25,1.0,0.8,0.25,1.0,0.8,0.0,0.8,0.8,0.8,0.8,0.8,0.0,0.0,0.0,0.0,0.8,0.8,1.0,1.0,1.0,0.8,0.0,0.0,0.0,0.0,0.0,0.8240000077636938,0.17498113585498745,0.17498113585498745,0.0,0.03,0,0,0,0,C1,0.0,0.0,0.005877048314363531,0.2,0.2,0.8,0.0,0.0,0.005877048314363531
phaseflip,phaseflip,0.03,1,0.05,10,qiskit_aer,1,1,0.9700000000000001,0.7544444444444445,0.15555555555555556,0.0,0.1,1.0,0.0,0.0,0.029999999999999805,0.0,0.029999999999999805,0.029999999999999805,0.029999999999999805,1.0,0.2,1.0,0.1,0.0,0.0,-0.00015368960704553736,0.0,-0.00015368960704553736,-0.00015368960704553736,-0.00015368960704553736,0.0,1.0,0.0,0.0,0.0,0.1,0.005877048314363531,0.012061475842818137,-0.00015368960704553736,-0.00015368960704553736,-0.00015368960704553736,0.2,1.0,0.2,0.0,0.0,0.1,0.005877048314363531,0.012061475842818137,-0.00015368960704553736,-0.00015368960704553736,-0.00015368960704553736,0.2,1.0,0.2,0.0,0.0,0.1,0.005877048314363531,0.012061475842818137,-0.00015368960704553736,-0.00015368960704553736,-0.00015368960704553736,0.2,1.0,0.2,0.0,0.0,0.1,0.005877048314363531,0.012061475842818137,-0.00015368960704553736,-0.00015368960704553736,-0.00015368960704553736,0.2,1.0,0.2,0.0,0.0,0.1,1.0,0.8,0.8,0.8,0.8,0.8,0.2222222222222222,1.0,0.8,0.2222222222222222,1.0,0.8,0.2222222222222222,1.0,0.8,0.2222222222222222,1.0,0.8,0.0,0.8,0.8,0.8,0.8,0.8,0.0,0.0,0.0,0.0,0.8,0.8,1.0,1.0,1.0,0.8,0.0,0.0,0.0,0.0,0.0,0.8455555632252151,0.15815673649080347,0.15815673649080347,0.0,0.05,0,0,0,0,C1,0.0,0.0,0.005877048314363531,0.2,0.2,0.8,0.0,0.0,0.005877048314363531
phaseflip,phaseflip,0.03,1,0.1,10,qiskit_aer,1,1,0.9700000000000001,0.6574444444444445,0.25555555555555554,0.0,0.1,1.0,0.0,0.0,0.029999999999999805,0.0,0.029999999999999805,0.029999999999999805,0.029999999999999805,1.0,0.1,1.0,0.1,0.0,0.0,-0.00015368960704553736,0.0,-0.00015368960704553736,-0.00015368960704553736,-0.00015368960704553736,0.0,1.0,0.0,0.0,0.0,0.1,0.002861679353658997,0.009046106882113603,-0.00015368960704553736,-0.00015368960704553736,-0.00015368960704553736,0.1,1.0,0.1,0.0,0.0,0.1,0.002861679353658997,0.009046106882113603,-0.00015368960704553736,-0.00015368960704553736,-0.00015368960704553736,0.1,1.0,0.1,0.0,0.0,0.1,0.002861679353658997,0.009046106882113603,-0.00015368960704553736,-0.00015368960704553736,-0.00015368960704553736,0.1,1.0,0.1,0.0,0.0,0.1,0.002861679353658997,0.009046106882113603,-0.00015368960704553736,-0.00015368960704553736,-0.00015368960704553736,0.1,1.0,0.1,0.0,0.0,0.1,1.0,0.9,0.9,0.9,0.9,0.9,0.1111111111111111,1.0,0.9,0.1111111111111111,1.0,0.9,0.1111111111111111,1.0,0.9,0.1111111111111111,1.0,0.9,0.0,0.9,0.9,0.9,0.9,0.9,0.0,0.0,0.0,0.0,0.9,0.9,1.0,1.0,1.0,0.9,0.0,0.0,0.0,0.0,0.0,1.142555563091379,0.1352458302148723,0.1352458302148723,0.0,0.1,0,0,0,0,C1,0.0,0.0,0.002861679353658997,0.1,0.1,0.9,0.0,0.0,0.002861679353658997
phaseflip,phaseflip,0.03,2,0.0,10,qiskit_aer,1,1,0.94144,0.94144,0.0,0.0,1.0,1.0,0.0,0.0,0.05855999999999972,0.00044090815370086914,0.05819999999999981,0.05819999999999981,0.0590999999999996,1.0,0.5,1.0,0.5,0.0,0.0,0.02840631039295438,0.00044090815370086914,0.028046310392954465,0.028046310392954465,0.028946310392954255,1.0,1.0,0.0,0.0,0.0,1.0,0.031421679353658916,0.009234882143275199,0.028046310392954465,0.028046310392954465,0.028946310392954255,1.0,1.0,0.1,0.0,0.0,0.9,0.04348315519647705,0.015083290397970479,0.04357315519647703,0.028271310392954413,0.05819999999999981,1.0,1.0,0.5,0.0,0.0,0.5,0.04348315519647705,0.015083290397970479,0.04357315519647703,0.028271310392954413,0.05819999999999981,1.0,1.0,0.5,0.0,0.0,0.5,0.04348315519647705,0.015083290397970479,0.04357315519647703,0.028271310392954413,0.05819999999999981,1.0,1.0,0.5,0.0,0.0,0.5,1.0,0.9,0.5,0.5,0.5,0.9,0.2,1.0,0.5,1.0,1.0,0.5,1.0,1.0,0.5,1.0,1.0,0.5,0.4,0.5,0.5,0.5,0.5,0.5,0.0,0.0,0.0,0.0,0.5,0.5,1.0,1.0,1.0,0.5,0.0,0.0,0.0,0.0,0.0,0.05856000055614334,1.0830562955919185e-20,1.0830562955919185e-20,0.0,0.0,0,0,0,0,C2,0.0,0.0,0.04348315519647705,0.5,1.0,0.5,0.0,0.0,0.04348315519647705
phaseflip,phaseflip,0.03,2,0.01,10,qiskit_aer,1,1,0.94144,0.7949977777777778,0.03333333333333333,0.0,0.1,1.0,0.0,0.0,0.05855999999999972,0.00044090815370086914,0.05819999999999981,0.05819999999999981,0.0590999999999996,1.0,0.5,1.0,0.1,0.0,0.0,0.02840631039295438,0.00044090815370086914,0.028046310392954465,0.028046310392954465,0.028946310392954255,1.0,1.0,0.0,0.0,0.0,0.1,0.04348315519647705,0.015083290397970479,0.04357315519647703,0.028271310392954413,0.05819999999999981,1.0,1.0,0.5,0.0,0.0,0.1,0.04348315519647705,0.015083290397970479,0.04357315519647703,0.028271310392954413,0.05819999999999981,1.0,1.0,0.5,0.0,0.0,0.1,0.04348315519647705,0.015083290397970479,0.04357315519647703,0.028271310392954413,0.05819999999999981,1.0,1.0,0.5,0.0,0.0,0.1,0.04348315519647705,0.015083290397970479,0.04357315519647703,0.028271310392954413,0.05819999999999981,1.0,1.0,0.5,0.0,0.0,0.1,1.0,0.5,0.5,0.5,0.5,0.5,0.5555555555555556,1.0,0.5,0.5555555555555556,1.0,0.5,0.5555555555555556,1.0,0.5,0.5555555555555556,1.0,0.5,0.0,0.5,0.5,0.5,0.5,0.5,0.0,0.0,0.0,0.0,0.5,0.5,1.0,1.0,1.0,0.5,0.0,0.0,0.0,0.0,0.0,0.20500222276996144,1.0830562955919185e-20,1.0830562955919185e-20,0.0,0.01,0,0,0,0,C1,0.0,0.0,0.04348315519647705,0.5,1.0,0.5,0.0,0.0,0.04348315519647705
phaseflip,phaseflip,0.03,2,0.03,10,qiskit_aer,1,1,0.94144,0.7217766666666667,0.1111111111111111,0.0,0.1,1.0,0.0,0.0,0.05855999999999972,0.00044090815370086914,0.05819999999999981,0.05819999999999981,0.0590999999999996,1.0,0.5,1.0,0.1,0.0,0.0,0.02840631039295438,0.00044090815370086914,0.028046310392954465,0.028046310392954465,0.028946310392954255,1.0,1.0,0.0,0.0,0.0,0.1,0.04348315519647705,0.015083290397970479,0.04357315519647703,0.028271310392954413,0.05819999999999981,1.0,1.0,0.5,0.0,0.0,0.1,0.04348315519647705,0.015083290397970479,0.04357315519647703,0.028271310392954413,0.05819999999999981,1.0,1.0,0.5,0.0,0.0,0.1,0.04348315519647705,0.015083290397970479,0.04357315519647703,0.028271310392954413,0.05819999999999981,1.0,1.0,0.5,0.0,0.0,0.1,0.04348315519647705,0.015083290397970479,0.04357315519647703,0.028271310392954413,0.05819999999999981,1.0,1.0,0.5,0.0,0.0,0.1,1.0,0.5,0.5,0.5,0.5,0.5,0.5555555555555556,1.0,0.5,0.5555555555555556,1.0,0.5,0.5555555555555556,1.0,0.5,0.5555555555555556,1.0,0.5,0.0,0.5,0.5,0.5,0.5,0.5,0.0,0.0,0.0,0.0,0.5,0.5,1.0,1.0,1.0,0.5,0.0,0.0,0.0,0.0,0.0,0.2782233338894766,1.0830562955919185e-20,1.0830562955919185e-20,0.0,0.03,0,0,0,0,C1,0.0,0.0,0.04348315519647705,0.5,1.0,0.5,0.0,0.0,0.04348315519647705
phaseflip,phaseflip,0.03,2,0.05,10,qiskit_aer,1,1,0.94144,0.7008477777777778,0.15555555555555556,0.0,0.0,1.0,0.0,0.0,0.05855999999999972,0.00044090815370086914,0.05819999999999981,0.05819999999999981,0.0590999999999996,1.0,0.5,1.0,0.0,0.0,0.0,0.02840631039295438,0.00044090815370086914,0.028046310392954465,0.028046310392954465,0.028946310392954255,1.0,1.0,0.0,0.0,0.0,0.0,0.04348315519647705,0.015083290397970479,0.04357315519647703,0.028271310392954413,0.05819999999999981,1.0,1.0,0.5,0.0,0.0,0.0,0.04348315519647705,0.015083290397970479,0.04357315519647703,0.028271310392954413,0.05819999999999981,1.0,1.0,0.5,0.0,0.0,0.0,0.04348315519647705,0.015083290397970479,0.04357315519647703,0.028271310392954413,0.05819999999999981,1.0,1.0,0.5,0.0,0.0,0.0,0.04348315519647705,0.015083290397970479,0.04357315519647703,0.028271310392954413,0.05819999999999981,1.0,1.0,0.5,0.0,0.0,0.0,1.0,0.5,0.5,0.5,0.5,0.5,0.5,0.0,0.5,0.5,0.0,0.5,0.5,0.0,0.5,0.5,0.0,0.5,0.0,0.5,0.5,0.5,0.5,0.5,0.0,0.0,0.0,0.0,0.5,0.5,1.0,1.0,1.0,0.5,0.0,0.0,0.0,0.0,0.0,0.2991522227783655,1.0830562955919185e-20,1.0830562955919185e-20,0.0,0.05,0,0,0,0,C1,0.0,0.0,0.04348315519647705,0.5,1.0,0.5,0.0,0.0,0.04348315519647705
phaseflip,phaseflip,0.03,2,0.1,10,qiskit_aer,1,1,0.94144,0.6067177777777778,0.25555555555555554,0.0,0.0,1.0,0.0,0.0,0.05855999999999972,0.00044090815370086914,0.05819999999999981,0.05819999999999981,0.0590999999999996,1.0,0.5,1.0,0.0,0.0,0.0,0.02840631039295438,0.00044090815370086914,0.028046310392954465,0.028046310392954465,0.028946310392954255,1.0,1.0,0.0,0.0,0.0,0.0,0.04348315519647705,0.015083290397970479,0.04357315519647703,0.028271310392954413,0.05819999999999981,1.0,1.0,0.5,0.0,0.0,0.0,0.04348315519647705,0.015083290397970479,0.04357315519647703,0.028271310392954413,0.05819999999999981,1.0,1.0,0.5,0.0,0.0,0.0,0.04348315519647705,0.015083290397970479,0.04357315519647703,0.028271310392954413,0.05819999999999981,1.0,1.0,0.5,0.0,0.0,0.0,0.04348315519647705,0.015083290397970479,0.04357315519647703,0.028271310392954413,0.05819999999999981,1.0,1.0,0.5,0.0,0.0,0.0,1.0,0.5,0.5,0.5,0.5,0.5,0.5,0.0,0.5,0.5,0.0,0.5,0.5,0.0,0.5,0.5,0.0,0.5,0.0,0.5,0.5,0.5,0.5,0.5,0.0,0.0,0.0,0.0,0.5,0.5,1.0,1.0,1.0,0.5,0.0,0.0,0.0,0.0,0.0,0.3932822227699615,1.0830562955919185e-20,1.0830562955919185e-20,0.0,0.1,0,0,0,0,C1,0.0,0.0,0.04348315519647705,0.5,1.0,0.5,0.0,0.0,0.04348315519647705
phaseflip,phaseflip,0.03,3,0.0,10,qiskit_aer,1,1,0.913816,0.913816,0.0,0.0,1.0,1.0,0.0,0.0,0.08618399999999984,0.0010277984238166223,0.08645399999999981,0.08514449999999987,0.08708849999999982,1.0,0.4,1.0,0.6,0.0,0.0,0.056030310392954495,0.0010277984238166223,0.05630031039295447,0.05499081039295453,0.05693481039295448,1.0,1.0,0.0,0.0,0.0,1.0,0.056030310392954495,0.0010277984238166223,0.05630031039295447,0.05499081039295453,0.05693481039295448,1.0,1.0,0.0,0.0,0.0,1.0,0.06809178623577264,0.01411741353310238,0.05714631039295448,0.05630031039295447,0.0847079999999999,1.0,1.0,0.4,0.0,0.0,0.6,0.06809178623577264,0.01411741353310238,0.05714631039295448,0.05630031039295447,0.0847079999999999,1.0,1.0,0.4,0.0,0.0,0.6,0.06809178623577264,0.01411741353310238,0.05714631039295448,0.05630031039295447,0.0847079999999999,1.0,1.0,0.4,0.0,0.0,0.6,1.0,1.0,0.6,0.6,0.6,1.0,0.0,1.0,0.6,1.0,1.0,0.6,1.0,1.0,0.6,1.0,1.0,0.6,0.4,0.6,0.6,0.6,0.6,0.6,0.0,0.0,0.0,0.0,0.6,0.6,1.0,1.0,1.0,0.6,0.0,0.0,0.0,0.0,0.0,0.28618400013476947,1.2996675547103021e-20,1.2996675547103021e-20,0.0,0.0,0,0,0,0,C2,0.0,0.0,0.06809178623577264,0.4,1.0,0.6,0.0,0.0,0.06809178623577264
phaseflip,phaseflip,0.03,3,0.01,10,qiskit_aer,1,1,0.913816,0.8021785777777778,0.02222222222222222,0.0,0.3,1.0,0.0,0.0,0.08618399999999984,0.0010277984238166223,0.08645399999999981,0.08514449999999987,0.08708849999999982,1.0,0.4,1.0,0.1,0.0,0.0,0.056030310392954495,0.0010277984238166223,0.05630031039295447,0.05499081039295453,0.05693481039295448,1.0,1.0,0.0,0.0,0.0,0.3,0.062061048314363564,0.01201517804508857,0.05630031039295447,0.05630031039295447,0.05714631039295448,1.0,1.0,0.2,0.0,0.0,0.3,0.06809178623577264,0.01411741353310238,0.05714631039295448,0.05630031039295447,0.0847079999999999,1.0,1.0,0.4,0.0,0.0,0.1,0.06809178623577264,0.01411741353310238,0.05714631039295448,0.05630031039295447,0.0847079999999999,1.0,1.0,0.4,0.0,0.0,0.1,0.06809178623577264,0.01411741353310238,0.05714631039295448,0.05630031039295447,0.0847079999999999,1.0,1.0,0.4,0.0,0.0,0.1,1.0,0.8,0.6,0.6,0.6,0.8,0.2222222222222222,1.0,0.6,0.4444444444444444,1.0,0.6,0.4444444444444444,1.0,0.6,0.4444444444444444,1.0,0.6,0.2,0.6,0.6,0.6,0.6,0.6,0.0,0.0,0.0,0.0,0.6,0.6,1.0,1.0,1.0,0.6,0.0,0.0,0.0,0.0,0.0,0.3978214223642805,1.0105736601465647e-17,1.0105736601465647e-17,0.0,0.01,0,0,0,0,C2,0.0,0.0,0.06809178623577264,0.4,1.0,0.6,0.0,0.0,0.06809178623577264
phaseflip,phaseflip,0.03,3,0.03,10,qiskit_aer,1,1,0.913816,0.7818675555555555,0.04444444444444444,0.0,0.2,1.0,0.0,0.0,0.08618399999999984,0.0010277984238166223,0.08645399999999981,0.08514449999999987,0.08708849999999982,1.0,0.5,1.0,0.1,0.0,0.0,0.056030310392954495,0.0010277984238166223,0.05630031039295447,0.05499081039295453,0.05693481039295448,1.0,1.0,0.0,0.0,0.0,0.2,0.06809178623577264,0.014660594720437303,0.056723310392954474,0.05630031039295447,0.0847079999999999,1.0,1.0,0.4,0.0,0.0,0.2,0.07110715519647717,0.014667110088701694,0.07092715519647719,0.05630031039295447,0.0847079999999999,1.0,1.0,0.5,0.0,0.0,0.1,0.07110715519647717,0.014667110088701694,0.07092715519647719,0.05630031039295447,0.0847079999999999,1.0,1.0,0.5,0.0,0.0,0.1,0.07110715519647717,0.014667110088701694,0.07092715519647719,0.05630031039295447,0.0847079999999999,1.0,1.0,0.5,0.0,0.0,0.1,1.0,0.6,0.5,0.5,0.5,0.6,0.4444444444444444,1.0,0.5,0.5555555555555556,1.0,0.5,0.5555555555555556,1.0,0.5,0.5555555555555556,1.0,0.5,0.1,0.5,0.5,0.5,0.5,0.5,0.0,0.0,0.0,0.0,0.5,0.5,1.0,1.0,1.0,0.5,0.0,0.0,0.0,0.0,0.0,0.21813244457585584,1.0830562955919185e-20,1.0830562955919185e-20,0.0,0.03,0,0,0,0,C2,0.0,0.0,0.07110715519647717,0.5,1.0,0.5,0.0,0.0,0.07110715519647717
phaseflip,phaseflip,0.03,3,0.05,10,qiskit_aer,1,1,0.913816,0.7514254222222222,0.07777777777777778,0.0,0.1,1.0,0.0,0.0,0.08618399999999984,0.0010277984238166223,0.08645399999999981,0.08514449999999987,0.08708849999999982,1.0,0.6,1.0,0.0,0.0,0.0,0.056030310392954495,0.0010277984238166223,0.05630031039295447,0.05499081039295453,0.05693481039295448,1.0,1.0,0.0,0.0,0.0,0.1,0.07110715519647717,0.015190648144381032,0.07050415519647718,0.05630031039295447,0.08665199999999984,1.0,1.0,0.5,0.0,0.0,0.1,0.07412252415718171,0.014586362531666595,0.0847079999999999,0.05630031039295447,0.08665199999999984,1.0,1.0,0.6,0.0,0.0,0.0,0.07412252415718171,0.014586362531666595,0.0847079999999999,0.05630031039295447,0.08665199999999984,1.0,1.0,0.6,0.0,0.0,0.0,0.07412252415718171,0.014586362531666595,0.0847079999999999,0.05630031039295447,0.08665199999999984,1.0,1.0,0.6,0.0,0.0,0.0,1.0,0.5,0.4,0.4,0.4,0.5,0.5,0.0,0.4,0.6,0.0,0.4,0.6,0.0,0.4,0.6,0.0,0.4,0.1,0.4,0.4,0.4,0.4,0.4,0.0,0.0,0.0,0.0,0.4,0.4,1.0,1.0,1.0,0.4,0.0,0.0,0.0,0.0,0.0,0.04857457790583107,8.664450364735348e-21,8.664450364735348e-21,0.0,0.05,0,0,0,0,C2,0.0,0.0,0.07412252415718171,0.6,1.0,0.4,0.0,0.0,0.07412252415718171
phaseflip,phaseflip,0.03,3,0.1,10,qiskit_aer,1,1,0.913816,0.6397304,0.19999999999999998,0.0,0.0,1.0,0.0,0.0,0.08618399999999984,0.0010277984238166223,0.08645399999999981,0.08514449999999987,0.08708849999999982,1.0,0.3,1.0,0.0,0.0,0.0,0.056030310392954495,0.0010277984238166223,0.05630031039295447,0.05499081039295453,0.05693481039295448,1.0,1.0,0.0,0.0,0.0,0.0,0.0650764172750681,0.012856660197609206,0.05714631039295448,0.05630031039295447,0.07781757759823854,1.0,1.0,0.3,0.0,0.0,0.0,0.0650764172750681,0.012856660197609206,0.05714631039295448,0.05630031039295447,0.07781757759823854,1.0,1.0,0.3,0.0,0.0,0.0,0.0650764172750681,0.012856660197609206,0.05714631039295448,0.05630031039295447,0.07781757759823854,1.0,1.0,0.3,0.0,0.0,0.0,0.0650764172750681,0.012856660197609206,0.05714631039295448,0.05630031039295447,0.07781757759823854,1.0,1.0,0.3,0.0,0.0,0.0,1.0,0.7,0.7,0.7,0.7,0.7,0.3,0.0,0.7,0.3,0.0,0.7,0.3,0.0,0.7,0.3,0.0,0.7,0.0,0.7,0.7,0.7,0.7,0.7,0.0,0.0,0.0,0.0,0.7,0.7,1.0,1.0,1.0,0.7,0.0,0.0,0.0,0.0,0.0,0.7602696001381276,1.5162788138286858e-20,1.5162788138286858e-20,0.0,0.1,0,0,0,0,C1,0.0,0.0,0.0650764172750681,0.3,1.0,0.7,0.0,0.0,0.0650764172750681
phaseflip,phaseflip,0.03,4,0.0,10,qiskit_aer,1,1,0.8874362680000001,0.8874362680000001,0.0,0.0,0.0,0.0,0.0,0.0,0.11256373199999978,0.0015976230304849519,0.1134103799999997,0.11216675999999981,0.11380799999999977,1.0,0.5,1.0,0.0,0.0,0.0,0.08241004239295444,0.0015976230304849519,0.08325669039295436,0.08201307039295447,0.08365431039295443,1.0,1.0,0.0,0.0,0.0,0.0,0.0974868871964771,0.01558176045895122,0.09791053519647713,0.08365431039295435,0.11280125999999974,1.0,1.0,0.5,0.0,0.0,0.0,0.0974868871964771,0.01558176045895122,0.09791053519647713,0.08365431039295435,0.11280125999999974,1.0,1.0,0.5,0.0,0.0,0.0,0.0974868871964771,0.01558176045895122,0.09791053519647713,0.08365431039295435,0.11280125999999974,1.0,1.0,0.5,0.0,0.0,0.0,0.0974868871964771,0.01558176045895122,0.09791053519647713,0.08365431039295435,0.11280125999999974,1.0,1.0,0.5,0.0,0.0,0.0,1.0,0.5,0.5,0.5,0.5,0.5,0.5,0.0,0.5,0.5,0.0,0.5,0.5,0.0,0.5,0.5,0.0,0.5,0.0,0.5,0.5,0.5,0.5,0.5,0.0,0.0,0.0,0.0,0.5,0.5,1.0,1.0,1.0,0.5,0.0,0.0,0.0,0.0,0.0,0.1125637320464823,1.0830562955919185e-20,1.0830562955919185e-20,0.0,0.0,0,0,0,0,C1,0.0,0.0,0.0974868871964771,0.5,1.0,0.5,0.0,0.0,0.0974868871964771
phaseflip,phaseflip,0.03,4,0.01,10,qiskit_aer,1,1,0.8874362680000001,0.7395811133333333,0.02222222222222222,0.0,0.0,0.0,0.0,0.0,0.11256373199999978,0.0015976230304849519,0.1134103799999997,0.11216675999999981,0.11380799999999977,1.0,0.6,1.0,0.0,0.0,0.0,0.08241004239295444,0.0015976230304849519,0.08325669039295436,0.08201307039295447,0.08365431039295443,1.0,1.0,0.0,0.0,0.0,0.0,0.10050225615718164,0.01469623157484314,0.11089613999999981,0.08365431039295437,0.11280125999999974,1.0,1.0,0.6,0.0,0.0,0.0,0.10050225615718164,0.01469623157484314,0.11089613999999981,0.08365431039295437,0.11280125999999974,1.0,1.0,0.6,0.0,0.0,0.0,0.10050225615718164,0.01469623157484314,0.11089613999999981,0.08365431039295437,0.11280125999999974,1.0,1.0,0.6,0.0,0.0,0.0,0.10050225615718164,0.01469623157484314,0.11089613999999981,0.08365431039295437,0.11280125999999974,1.0,1.0,0.6,0.0,0.0,0.0,1.0,0.4,0.4,0.4,0.4,0.4,0.6,0.0,0.4,0.6,0.0,0.4,0.6,0.0,0.4,0.6,0.0,0.4,0.0,0.4,0.4,0.4,0.4,0.4,0.0,0.0,0.0,0.0,0.4,0.4,1.0,1.0,1.0,0.4,0.0,0.0,0.0,0.0,0.0,0.06041888671557629,8.664450364735348e-21,8.664450364735348e-21,0.0,0.01,0,0,0,0,C1,0.0,0.0,0.10050225615718164,0.6,1.0,0.4,0.0,0.0,0.10050225615718164
phaseflip,phaseflip,0.03,4,0.03,10,qiskit_aer,1,1,0.8874362680000001,0.7198414857777778,0.04444444444444444,0.0,0.0,0.0,0.0,0.0,0.11256373199999978,0.0015976230304849519,0.1134103799999997,0.11216675999999981,0.11380799999999977,1.0,0.5,1.0,0.0,0.0,0.0,0.08241004239295444,0.0015976230304849519,0.08325669039295436,0.08201307039295447,0.08365431039295443,1.0,1.0,0.0,0.0,0.0,0.0,0.0974868871964771,0.01558176045895122,0.09791053519647713,0.08365431039295435,0.11280125999999974,1.0,1.0,0.5,0.0,0.0,0.0,0.0974868871964771,0.01558176045895122,0.09791053519647713,0.08365431039295435,0.11280125999999974,1.0,1.0,0.5,0.0,0.0,0.0,0.0974868871964771,0.01558176045895122,0.09791053519647713,0.08365431039295435,0.11280125999999974,1.0,1.0,0.5,0.0,0.0,0.0,0.0974868871964771,0.01558176045895122,0.09791053519647713,0.08365431039295435,0.11280125999999974,1.0,1.0,0.5,0.0,0.0,0.0,1.0,0.5,0.5,0.5,0.5,0.5,0.5,0.0,0.5,0.5,0.0,0.5,0.5,0.0,0.5,0.5,0.0,0.5,0.0,0.5,0.5,0.5,0.5,0.5,0.0,0.0,0.0,0.0,0.5,0.5,1.0,1.0,1.0,0.5,0.0,0.0,0.0,0.0,0.0,0.2801585142660497,1.0830562955919185e-20,1.0830562955919185e-20,0.0,0.03,0,0,0,0,C1,0.0,0.0,0.0974868871964771,0.5,1.0,0.5,0.0,0.0,0.0974868871964771
phaseflip,phaseflip,0.03,4,0.05,10,qiskit_aer,1,1,0.8874362680000001,0.7001483302222222,0.07777777777777778,0.0,0.0,0.0,0.0,0.0,0.11256373199999978,0.0015976230304849519,0.1134103799999997,0.11216675999999981,0.11380799999999977,1.0,0.5,1.0,0.0,0.0,0.0,0.08241004239295444,0.0015976230304849519,0.08325669039295436,0.08201307039295447,0.08365431039295443,1.0,1.0,0.0,0.0,0.0,0.0,0.0974868871964771,0.01558176045895122,0.09791053519647713,0.08365431039295435,0.11280125999999974,1.0,1.0,0.5,0.0,0.0,0.0,0.0974868871964771,0.01558176045895122,0.09791053519647713,0.08365431039295435,0.11280125999999974,1.0,1.0,0.5,0.0,0.0,0.0,0.0974868871964771,0.01558176045895122,0.09791053519647713,0.08365431039295435,0.11280125999999974,1.0,1.0,0.5,0.0,0.0,0.0,0.0974868871964771,0.01558176045895122,0.09791053519647713,0.08365431039295435,0.11280125999999974,1.0,1.0,0.5,0.0,0.0,0.0,1.0,0.5,0.5,0.5,0.5,0.5,0.5,0.0,0.5,0.5,0.0,0.5,0.5,0.0,0.5,0.5,0.0,0.5,0.0,0.5,0.5,0.5,0.5,0.5,0.0,0.0,0.0,0.0,0.5,0.5,1.0,1.0,1.0,0.5,0.0,0.0,0.0,0.0,0.0,0.2998516698262314,9.597967791511354e-21,9.597967791511354e-21,0.0,0.05,0,0,0,0,C1,0.0,0.0,0.0974868871964771,0.5,1.0,0.5,0.0,0.0,0.0974868871964771
phaseflip,phaseflip,0.03,4,0.1,10,qiskit_aer,1,1,0.8874362680000001,0.6114655862222222,0.19999999999999998,0.0,0.0,0.0,0.0,0.0,0.11256373199999978,0.0015976230304849519,0.1134103799999997,0.11216675999999981,0.11380799999999977,1.0,0.6,1.0,0.0,0.0,0.0,0.08241004239295444,0.0015976230304849519,0.08325669039295436,0.08201307039295447,0.08365431039295443,1.0,1.0,0.0,0.0,0.0,0.0,0.10050225615718164,0.01469623157484314,0.11089613999999981,0.08365431039295437,0.11280125999999974,1.0,1.0,0.6,0.0,0.0,0.0,0.10050225615718164,0.01469623157484314,0.11089613999999981,0.08365431039295437,0.11280125999999974,1.0,1.0,0.6,0.0,0.0,0.0,0.10050225615718164,0.01469623157484314,0.11089613999999981,0.08365431039295437,0.11280125999999974,1.0,1.0,0.6,0.0,0.0,0.0,0.10050225615718164,0.01469623157484314,0.11089613999999981,0.08365431039295437,0.11280125999999974,1.0,1.0,0.6,0.0,0.0,0.0,1.0,0.4,0.4,0.4,0.4,0.4,0.6,0.0,0.4,0.6,0.0,0.4,0.6,0.0,0.4,0.6,0.0,0.4,0.0,0.4,0.4,0.4,0.4,0.4,0.0,0.0,0.0,0.0,0.4,0.4,1.0,1.0,1.0,0.4,0.0,0.0,0.0,0.0,0.0,0.18853441382554795,8.664450364735348e-21,8.664450364735348e-21,0.0,0.1,0,0,0,0,C1,0.0,0.0,0.10050225615718164,0.6,1.0,0.4,0.0,0.0,0.10050225615718164
phaseflip,phaseflip,0.05,1,0.0,10,qiskit_aer,1,1,0.9499999999999998,0.9499999999999998,0.0,0.0,1.0,1.0,0.0,0.0,0.04999999999999971,0.0,0.04999999999999971,0.04999999999999971,0.04999999999999971,1.0,0.2,1.0,0.8,0.0,0.0,0.01984631039295437,0.0,0.01984631039295437,0.01984631039295437,0.01984631039295437,1.0,1.0,0.0,0.0,0.0,1.0,0.01984631039295437,0.0,0.01984631039295437,0.01984631039295437,0.01984631039295437,1.0,1.0,0.0,0.0,0.0,1.0,0.025877048314363438,0.012061475842818137,0.01984631039295437,0.01984631039295437,0.01984631039295437,1.0,1.0,0.2,0.0,0.0,0.8,0.025877048314363438,0.012061475842818137,0.01984631039295437,0.01984631039295437,0.01984631039295437,1.0,1.0,0.2,0.0,0.0,0.8,0.025877048314363438,0.012061475842818137,0.01984631039295437,0.01984631039295437,0.01984631039295437,1.0,1.0,0.2,0.0,0.0,0.8,1.0,1.0,0.8,0.8,0.8,1.0,0.0,1.0,0.8,1.0,1.0,0.8,1.0,1.0,0.8,1.0,1.0,0.8,0.2,0.8,0.8,0.8,0.8,0.8,0.0,0.0,0.0,0.0,0.8,0.8,1.0,1.0,1.0,0.8,0.0,0.0,0.0,0.0,0.0,0.6500000014234767,0.15815673649080345,0.15815673649080345,0.0,0.0,0,0,0,0,C2,0.0,0.0,0.025877048314363438,0.2,1.0,0.8,0.0,0.0,0.025877048314363438
phaseflip,phaseflip,0.05,1,0.01,10,qiskit_aer,1,1,0.9499999999999998,0.8338888888888889,0.03333333333333333,0.0,0.2,1.0,0.0,0.0,0.04999999999999971,0.0,0.04999999999999971,0.04999999999999971,0.04999999999999971,1.0,0.2,1.0,0.2,0.0,0.0,0.01984631039295437,0.0,0.01984631039295437,0.01984631039295437,0.01984631039295437,1.0,1.0,0.0,0.0,0.0,0.2,0.025877048314363438,0.012061475842818137,0.01984631039295437,0.01984631039295437,0.01984631039295437,1.0,1.0,0.2,0.0,0.0,0.2,0.025877048314363438,0.012061475842818137,0.01984631039295437,0.01984631039295437,0.01984631039295437,1.0,1.0,0.2,0.0,0.0,0.2,0.025877048314363438,0.012061475842818137,0.01984631039295437,0.01984631039295437,0.01984631039295437,1.0,1.0,0.2,0.0,0.0,0.2,0.025877048314363438,0.012061475842818137,0.01984631039295437,0.01984631039295437,0.01984631039295437,1.0,1.0,0.2,0.0,0.0,0.2,1.0,0.8,0.8,0.8,0.8,0.8,0.25,1.0,0.8,0.25,1.0,0.8,0.25,1.0,0.8,0.25,1.0,0.8,0.0,0.8,0.8,0.8,0.8,0.8,0.0,0.0,0.0,0.0,0.8,0.8,1.0,1.0,1.0,0.8,0.0,0.0,0.0,0.0,0.0,0.7661111125345876,0.15815673649080345,0.15815673649080345,0.0,0.01,0,0,0,0,C1,0.0,0.0,0.025877048314363438,0.2,1.0,0.8,0.0,0.0,0.025877048314363438
phaseflip,phaseflip,0.05,1,0.03,10,qiskit_aer,1,1,0.9499999999999998,0.76,0.1111111111111111,0.0,0.2,1.0,0.0,0.0,0.04999999999999971,0.0,0.04999999999999971,0.04999999999999971,0.04999999999999971,1.0,0.2,1.0,0.2,0.0,0.0,0.01984631039295437,0.0,0.01984631039295437,0.01984631039295437,0.01984631039295437,1.0,1.0,0.0,0.0,0.0,0.2,0.025877048314363438,0.012061475842818137,0.01984631039295437,0.01984631039295437,0.01984631039295437,1.0,1.0,0.2,0.0,0.0,0.2,0.025877048314363438,0.012061475842818137,0.01984631039295437,0.01984631039295437,0.01984631039295437,1.0,1.0,0.2,0.0,0.0,0.2,0.025877048314363438,0.012061475842818137,0.01984631039295437,0.01984631039295437,0.01984631039295437,1.0,1.0,0.2,0.0,0.0,0.2,0.025877048314363438,0.012061475842818137,0.01984631039295437,0.01984631039295437,0.01984631039295437,1.0,1.0,0.2,0.0,0.0,0.2,1.0,0.8,0.8,0.8,0.8,0.8,0.25,1.0,0.8,0.25,1.0,0.8,0.25,1.0,0.8,0.25,1.0,0.8,0.0,0.8,0.8,0.8,0.8,0.8,0.0,0.0,0.0,0.0,0.8,0.8,1.0,1.0,1.0,0.8,0.0,0.0,0.0,0.0,0.0,0.840000001459801,0.17498113585498745,0.17498113585498745,0.0,0.03,0,0,0,0,C1,0.0,0.0,0.025877048314363438,0.2,1.0,0.8,0.0,0.0,0.025877048314363438
phaseflip,phaseflip,0.05,1,0.05,10,qiskit_aer,1,1,0.9499999999999998,0.7388888888888889,0.15555555555555556,0.0,0.1,1.0,0.0,0.0,0.04999999999999971,0.0,0.04999999999999971,0.04999999999999971,0.04999999999999971,1.0,0.2,1.0,0.1,0.0,0.0,0.01984631039295437,0.0,0.01984631039295437,0.01984631039295437,0.01984631039295437,1.0,1.0,0.0,0.0,0.0,0.1,0.025877048314363438,0.012061475842818137,0.01984631039295437,0.01984631039295437,0.01984631039295437,1.0,1.0,0.2,0.0,0.0,0.1,0.025877048314363438,0.012061475842818137,0.01984631039295437,0.01984631039295437,0.01984631039295437,1.0,1.0,0.2,0.0,0.0,0.1,0.025877048314363438,0.012061475842818137,0.01984631039295437,0.01984631039295437,0.01984631039295437,1.0,1.0,0.2,0.0,0.0,0.1,0.025877048314363438,0.012061475842818137,0.01984631039295437,0.01984631039295437,0.01984631039295437,1.0,1.0,0.2,0.0,0.0,0.1,1.0,0.8,0.8,0.8,0.8,0.8,0.2222222222222222,1.0,0.8,0.2222222222222222,1.0,0.8,0.2222222222222222,1.0,0.8,0.2222222222222222,1.0,0.8,0.0,0.8,0.8,0.8,0.8,0.8,0.0,0.0,0.0,0.0,0.8,0.8,1.0,1.0,1.0,0.8,0.0,0.0,0.0,0.0,0.0,0.8611111124982631,0.14133233712661944,0.14133233712661944,0.0,0.05,0,0,0,0,C1,0.0,0.0,0.025877048314363438,0.2,1.0,0.8,0.0,0.0,0.025877048314363438
phaseflip,phaseflip,0.05,1,0.1,10,qiskit_aer,1,1,0.9499999999999998,0.6438888888888888,0.25555555555555554,0.0,0.1,1.0,0.0,0.0,0.04999999999999971,0.0,0.04999999999999971,0.04999999999999971,0.04999999999999971,1.0,0.2,1.0,0.1,0.0,0.0,0.01984631039295437,0.0,0.01984631039295437,0.01984631039295437,0.01984631039295437,1.0,1.0,0.0,0.0,0.0,0.1,0.025877048314363438,0.012061475842818137,0.01984631039295437,0.01984631039295437,0.01984631039295437,1.0,1.0,0.2,0.0,0.0,0.1,0.025877048314363438,0.012061475842818137,0.01984631039295437,0.01984631039295437,0.01984631039295437,1.0,1.0,0.2,0.0,0.0,0.1,0.025877048314363438,0.012061475842818137,0.01984631039295437,0.01984631039295437,0.01984631039295437,1.0,1.0,0.2,0.0,0.0,0.1,0.025877048314363438,0.012061475842818137,0.01984631039295437,0.01984631039295437,0.01984631039295437,1.0,1.0,0.2,0.0,0.0,0.1,1.0,0.8,0.8,0.8,0.8,0.8,0.2222222222222222,1.0,0.8,0.2222222222222222,1.0,0.8,0.2222222222222222,1.0,0.8,0.2222222222222222,1.0,0.8,0.0,0.8,0.8,0.8,0.8,0.8,0.0,0.0,0.0,0.0,0.8,0.8,1.0,1.0,1.0,0.8,0.0,0.0,0.0,0.0,0.0,0.9561111125709122,0.17498113585498745,0.17498113585498745,0.0,0.1,0,0,0,0,C1,0.0,0.0,0.025877048314363438,0.2,1.0,0.8,0.0,0.0,0.025877048314363438
phaseflip,phaseflip,0.05,2,0.0,10,qiskit_aer,1,1,0.9039999999999999,0.9039999999999999,0.0,0.0,1.0,1.0,0.0,0.0,0.0959999999999998,0.0012247448713915085,0.09499999999999986,0.09499999999999986,0.0974999999999997,1.0,0.8,1.0,0.2,0.0,0.0,0.06584631039295445,0.0012247448713915085,0.06484631039295452,0.06484631039295452,0.06734631039295436,1.0,1.0,0.0,0.0,0.0,1.0,0.06584631039295445,0.0012247448713915085,0.06484631039295452,0.06484631039295452,0.06734631039295436,1.0,1.0,0.0,0.0,0.0,1.0,0.08996926207859073,0.01135284042619552,0.09499999999999986,0.09499999999999986,0.09499999999999986,1.0,1.0,0.8,0.0,0.0,0.2,0.08996926207859073,0.01135284042619552,0.09499999999999986,0.09499999999999986,0.09499999999999986,1.0,1.0,0.8,0.0,0.0,0.2,0.08996926207859073,0.01135284042619552,0.09499999999999986,0.09499999999999986,0.09499999999999986,1.0,1.0,0.8,0.0,0.0,0.2,1.0,1.0,0.2,0.2,0.2,1.0,0.0,1.0,0.2,1.0,1.0,0.2,1.0,1.0,0.2,1.0,1.0,0.2,0.8,0.2,0.2,0.2,0.2,0.2,0.0,0.0,0.0,0.0,0.2,0.2,1.0,1.0,1.0,0.2,0.0,0.0,0.0,0.0,0.0,-0.5039999998732057,0.008495877083870586,0.008495877083870586,0.0,0.0,0,0,0,0,C2,0.0,0.0,0.08996926207859073,0.8,1.0,0.2,0.0,0.0,0.08996926207859073
phaseflip,phaseflip,0.05,2,0.01,10,qiskit_aer,1,1,0.9039999999999999,0.7030833333333333,0.03333333333333333,0.0,0.0,1.0,0.0,0.0,0.0959999999999998,0.0012247448713915085,0.09499999999999986,0.09499999999999986,0.0974999999999997,1.0,0.8,1.0,0.0,0.0,0.0,0.06584631039295445,0.0012247448713915085,0.06484631039295452,0.06484631039295452,0.06734631039295436,1.0,1.0,0.0,0.0,0.0,0.0,0.08996926207859073,0.01135284042619552,0.09499999999999986,0.09499999999999986,0.09499999999999986,1.0,1.0,0.8,0.0,0.0,0.0,0.08996926207859073,0.01135284042619552,0.09499999999999986,0.09499999999999986,0.09499999999999986,1.0,1.0,0.8,0.0,0.0,0.0,0.08996926207859073,0.01135284042619552,0.09499999999999986,0.09499999999999986,0.09499999999999986,1.0,1.0,0.8,0.0,0.0,0.0,0.08996926207859073,0.01135284042619552,0.09499999999999986,0.09499999999999986,0.09499999999999986,1.0,1.0,0.8,0.0,0.0,0.0,1.0,0.2,0.2,0.2,0.2,0.2,0.8,0.0,0.2,0.8,0.0,0.2,0.8,0.0,0.2,0.8,0.0,0.2,0.0,0.2,0.2,0.2,0.2,0.2,0.0,0.0,0.0,0.0,0.2,0.2,1.0,1.0,1.0,0.2,0.0,0.0,0.0,0.0,0.0,-0.3030833332086204,0.0003539416742845664,0.0003539416742845664,0.0,0.01,0,0,0,0,C1,0.0,0.0,0.08996926207859073,0.8,1.0,0.2,0.0,0.0,0.08996926207859073
phaseflip,phaseflip,0.05,2,0.03,10,qiskit_aer,1,1,0.9039999999999999,0.6327777777777777,0.1111111111111111,0.0,0.0,1.0,0.0,0.0,0.0959999999999998,0.0012247448713915085,0.09499999999999986,0.09499999999999986,0.0974999999999997,1.0,0.8,1.0,0.0,0.0,0.0,0.06584631039295445,0.0012247448713915085,0.06484631039295452,0.06484631039295452,0.06734631039295436,1.0,1.0,0.0,0.0,0.0,0.0,0.08996926207859073,0.01135284042619552,0.09499999999999986,0.09499999999999986,0.09499999999999986,1.0,1.0,0.8,0.0,0.0,0.0,0.08996926207859073,0.01135284042619552,0.09499999999999986,0.09499999999999986,0.09499999999999986,1.0,1.0,0.8,0.0,0.0,0.0,0.08996926207859073,0.01135284042619552,0.09499999999999986,0.09499999999999986,0.09499999999999986,1.0,1.0,0.8,0.0,0.0,0.0,0.08996926207859073,0.01135284042619552,0.09499999999999986,0.09499999999999986,0.09499999999999986,1.0,1.0,0.8,0.0,0.0,0.0,1.0,0.2,0.2,0.2,0.2,0.2,0.8,0.0,0.2,0.8,0.0,0.2,0.8,0.0,0.2,0.8,0.0,0.2,0.0,0.2,0.2,0.2,0.2,0.2,0.0,0.0,0.0,0.0,0.2,0.2,1.0,1.0,1.0,0.2,0.0,0.0,0.0,0.0,0.0,-0.2327777776530649,0.0003539416742845664,0.0003539416742845664,0.0,0.03,0,0,0,0,C1,0.0,0.0,0.08996926207859073,0.8,1.0,0.2,0.0,0.0,0.08996926207859073
phaseflip,phaseflip,0.05,2,0.05,10,qiskit_aer,1,1,0.9039999999999999,0.6126666666666666,0.15555555555555556,0.0,0.0,1.0,0.0,0.0,0.0959999999999998,0.0012247448713915085,0.09499999999999986,0.09499999999999986,0.0974999999999997,1.0,0.8,1.0,0.0,0.0,0.0,0.06584631039295445,0.0012247448713915085,0.06484631039295452,0.06484631039295452,0.06734631039295436,1.0,1.0,0.0,0.0,0.0,0.0,0.08996926207859073,0.01135284042619552,0.09499999999999986,0.09499999999999986,0.09499999999999986,1.0,1.0,0.8,0.0,0.0,0.0,0.08996926207859073,0.01135284042619552,0.09499999999999986,0.09499999999999986,0.09499999999999986,1.0,1.0,0.8,0.0,0.0,0.0,0.08996926207859073,0.01135284042619552,0.09499999999999986,0.09499999999999986,0.09499999999999986,1.0,1.0,0.8,0.0,0.0,0.0,0.08996926207859073,0.01135284042619552,0.09499999999999986,0.09499999999999986,0.09499999999999986,1.0,1.0,0.8,0.0,0.0,0.0,1.0,0.2,0.2,0.2,0.2,0.2,0.8,0.0,0.2,0.8,0.0,0.2,0.8,0.0,0.2,0.8,0.0,0.2,0.0,0.2,0.2,0.2,0.2,0.2,0.0,0.0,0.0,0.0,0.2,0.2,1.0,1.0,1.0,0.2,0.0,0.0,0.0,0.0,0.0,-0.21266666654120403,0.0032868402154856554,0.0032868402154856554,0.0,0.05,0,0,0,0,C1,0.0,0.0,0.08996926207859073,0.8,1.0,0.2,0.0,0.0,0.08996926207859073
phaseflip,phaseflip,0.05,2,0.1,10,qiskit_aer,1,1,0.9039999999999999,0.5424166666666667,0.25555555555555554,0.0,0.0,1.0,0.0,0.0,0.0959999999999998,0.0012247448713915085,0.09499999999999986,0.09499999999999986,0.0974999999999997,1.0,0.8,1.0,0.0,0.0,0.0,0.06584631039295445,0.0012247448713915085,0.06484631039295452,0.06484631039295452,0.06734631039295436,1.0,1.0,0.0,0.0,0.0,0.0,0.08996926207859073,0.01135284042619552,0.09499999999999986,0.09499999999999986,0.09499999999999986,1.0,1.0,0.8,0.0,0.0,0.0,0.08996926207859073,0.01135284042619552,0.09499999999999986,0.09499999999999986,0.09499999999999986,1.0,1.0,0.8,0.0,0.0,0.0,0.08996926207859073,0.01135284042619552,0.09499999999999986,0.09499999999999986,0.09499999999999986,1.0,1.0,0.8,0.0,0.0,0.0,0.08996926207859073,0.01135284042619552,0.09499999999999986,0.09499999999999986,0.09499999999999986,1.0,1.0,0.8,0.0,0.0,0.0,1.0,0.2,0.2,0.2,0.2,0.2,0.8,0.0,0.2,0.8,0.0,0.2,0.8,0.0,0.2,0.8,0.0,0.2,0.0,0.2,0.2,0.2,0.2,0.2,0.0,0.0,0.0,0.0,0.2,0.2,1.0,1.0,1.0,0.2,0.0,0.0,0.0,0.0,0.0,-0.14241666653656918,0.016208635152040473,0.016208635152040473,0.0,0.1,0,0,0,0,C1,0.0,0.0,0.08996926207859073,0.8,1.0,0.2,0.0,0.0,0.08996926207859073
phaseflip,phaseflip,0.05,3,0.0,10,qiskit_aer,1,1,0.8604999999999999,0.8604999999999999,0.0,0.0,0.0,0.0,0.0,0.0,0.13949999999999982,0.002779388421937513,0.14024999999999987,0.13668749999999977,0.14193749999999986,1.0,0.6,1.0,0.0,0.0,0.0,0.10934631039295448,0.002779388421937513,0.11009631039295453,0.10653381039295443,0.11178381039295451,1.0,1.0,0.0,0.0,0.0,0.0,0.12743852415718168,0.0129284223525761,0.13549999999999973,0.11234631039295451,0.13906249999999984,1.0,1.0,0.6,0.0,0.0,0.0,0.12743852415718168,0.0129284223525761,0.13549999999999973,0.11234631039295451,0.13906249999999984,1.0,1.0,0.6,0.0,0.0,0.0,0.12743852415718168,0.0129284223525761,0.13549999999999973,0.11234631039295451,0.13906249999999984,1.0,1.0,0.6,0.0,0.0,0.0,0.12743852415718168,0.0129284223525761,0.13549999999999973,0.11234631039295451,0.13906249999999984,1.0,1.0,0.6,0.0,0.0,0.0,1.0,0.4,0.4,0.4,0.4,0.4,0.6,0.0,0.4,0.6,0.0,0.4,0.6,0.0,0.4,0.6,0.0,0.4,0.0,0.4,0.4,0.4,0.4,0.4,0.0,0.0,0.0,0.0,0.4,0.4,1.0,1.0,1.0,0.4,0.0,0.0,0.0,0.0,0.0,-0.06049999996929012,0.0197096896878486,0.0197096896878486,0.0,0.0,0,0,0,0,C1,0.0,0.0,0.12743852415718168,0.6,1.0,0.4,0.0,0.0,0.12743852415718168
phaseflip,phaseflip,0.05,3,0.01,10,qiskit_aer,1,1,0.8604999999999999,0.7172277777777778,0.02222222222222222,0.0,0.0,0.0,0.0,0.0,0.13949999999999982,0.002779388421937513,0.14024999999999987,0.13668749999999977,0.14193749999999986,1.0,0.6,1.0,0.0,0.0,0.0,0.10934631039295448,0.002779388421937513,0.11009631039295453,0.10653381039295443,0.11178381039295451,1.0,1.0,0.0,0.0,0.0,0.0,0.12743852415718168,0.0129284223525761,0.13549999999999973,0.11234631039295451,0.13906249999999984,1.0,1.0,0.6,0.0,0.0,0.0,0.12743852415718168,0.0129284223525761,0.13549999999999973,0.11234631039295451,0.13906249999999984,1.0,1.0,0.6,0.0,0.0,0.0,0.12743852415718168,0.0129284223525761,0.13549999999999973,0.11234631039295451,0.13906249999999984,1.0,1.0,0.6,0.0,0.0,0.0,0.12743852415718168,0.0129284223525761,0.13549999999999973,0.11234631039295451,0.13906249999999984,1.0,1.0,0.6,0.0,0.0,0.0,1.0,0.4,0.4,0.4,0.4,0.4,0.6,0.0,0.4,0.6,0.0,0.4,0.6,0.0,0.4,0.6,0.0,0.4,0.0,0.4,0.4,0.4,0.4,0.4,0.0,0.0,0.0,0.0,0.4,0.4,1.0,1.0,1.0,0.4,0.0,0.0,0.0,0.0,0.0,0.08277222225249266,0.027544488809430962,0.027544488809430962,0.0,0.01,0,0,0,0,C1,0.0,0.0,0.12743852415718168,0.6,1.0,0.4,0.0,0.0,0.12743852415718168
phaseflip,phaseflip,0.05,3,0.03,10,qiskit_aer,1,1,0.8604999999999999,0.6980944444444445,0.04444444444444444,0.0,0.0,0.0,0.0,0.0,0.13949999999999982,0.002779388421937513,0.14024999999999987,0.13668749999999977,0.14193749999999986,1.0,0.6,1.0,0.0,0.0,0.0,0.10934631039295448,0.002779388421937513,0.11009631039295453,0.10653381039295443,0.11178381039295451,1.0,1.0,0.0,0.0,0.0,0.0,0.12743852415718168,0.013442963395388667,0.13549999999999973,0.11234631039295451,0.13906249999999984,1.0,1.0,0.6,0.0,0.0,0.0,0.12743852415718168,0.013442963395388667,0.13549999999999973,0.11234631039295451,0.13906249999999984,1.0,1.0,0.6,0.0,0.0,0.0,0.12743852415718168,0.013442963395388667,0.13549999999999973,0.11234631039295451,0.13906249999999984,1.0,1.0,0.6,0.0,0.0,0.0,0.12743852415718168,0.013442963395388667,0.13549999999999973,0.11234631039295451,0.13906249999999984,1.0,1.0,0.6,0.0,0.0,0.0,1.0,0.4,0.4,0.4,0.4,0.4,0.6,0.0,0.4,0.6,0.0,0.4,0.6,0.0,0.4,0.6,0.0,0.4,0.0,0.4,0.4,0.4,0.4,0.4,0.0,0.0,0.0,0.0,0.4,0.4,1.0,1.0,1.0,0.4,0.0,0.0,0.0,0.0,0.0,0.10190555558985132,0.027544488809430962,0.027544488809430962,0.0,0.03,0,0,0,0,C1,0.0,0.0,0.12743852415718168,0.6,1.0,0.4,0.0,0.0,0.12743852415718168
phaseflip,phaseflip,0.05,3,0.05,10,qiskit_aer,1,1,0.8604999999999999,0.6790138888888889,0.07777777777777778,0.0,0.0,0.0,0.0,0.0,0.13949999999999982,0.002779388421937513,0.14024999999999987,0.13668749999999977,0.14193749999999986,1.0,0.5,1.0,0.0,0.0,0.0,0.10934631039295448,0.002779388421937513,0.11009631039295453,0.10653381039295443,0.11178381039295451,1.0,1.0,0.0,0.0,0.0,0.0,0.12442315519647715,0.01310394982647265,0.12392315519647712,0.11234631039295451,0.13549999999999973,1.0,1.0,0.5,0.0,0.0,0.0,0.12442315519647715,0.01310394982647265,0.12392315519647712,0.11234631039295451,0.13549999999999973,1.0,1.0,0.5,0.0,0.0,0.0,0.12442315519647715,0.01310394982647265,0.12392315519647712,0.11234631039295451,0.13549999999999973,1.0,1.0,0.5,0.0,0.0,0.0,0.12442315519647715,0.01310394982647265,0.12392315519647712,0.11234631039295451,0.13549999999999973,1.0,1.0,0.5,0.0,0.0,0.0,1.0,0.5,0.5,0.5,0.5,0.5,0.5,0.0,0.5,0.5,0.0,0.5,0.5,0.0,0.5,0.5,0.0,0.5,0.0,0.5,0.5,0.5,0.5,0.5,0.0,0.0,0.0,0.0,0.5,0.5,1.0,1.0,1.0,0.5,0.0,0.0,0.0,0.0,0.0,0.32098611114375997,0.0197096896878486,0.0197096896878486,0.0,0.05,0,0,0,0,C1,0.0,0.0,0.12442315519647715,0.5,1.0,0.5,0.0,0.0,0.12442315519647715
phaseflip,phaseflip,0.05,3,0.1,10,qiskit_aer,1,1,0.8604999999999999,0.5930361111111111,0.19999999999999998,0.0,0.0,0.0,0.0,0.0,0.13949999999999982,0.002779388421937513,0.14024999999999987,0.13668749999999977,0.14193749999999986,1.0,0.6,1.0,0.0,0.0,0.0,0.10934631039295448,0.002779388421937513,0.11009631039295453,0.10653381039295443,0.11178381039295451,1.0,1.0,0.0,0.0,0.0,0.0,0.12743852415718168,0.0129284223525761,0.13549999999999973,0.11234631039295451,0.13906249999999984,1.0,1.0,0.6,0.0,0.0,0.0,0.12743852415718168,0.0129284223525761,0.13549999999999973,0.11234631039295451,0.13906249999999984,1.0,1.0,0.6,0.0,0.0,0.0,0.12743852415718168,0.0129284223525761,0.13549999999999973,0.11234631039295451,0.13906249999999984,1.0,1.0,0.6,0.0,0.0,0.0,0.12743852415718168,0.0129284223525761,0.13549999999999973,0.11234631039295451,0.13906249999999984,1.0,1.0,0.6,0.0,0.0,0.0,1.0,0.4,0.4,0.4,0.4,0.4,0.6,0.0,0.4,0.6,0.0,0.4,0.6,0.0,0.4,0.6,0.0,0.4,0.0,0.4,0.4,0.4,0.4,0.4,0.0,0.0,0.0,0.0,0.4,0.4,1.0,1.0,1.0,0.4,0.0,0.0,0.0,0.0,0.0,0.20696388892007517,0.027544488809430962,0.027544488809430962,0.0,0.1,0,0,0,0,C1,0.0,0.0,0.12743852415718168,0.6,1.0,0.4,0.0,0.0,0.12743852415718168
phaseflip,phaseflip,0.05,4,0.0,10,qiskit_aer,1,1,0.8202674999999998,0.8202674999999998,0.0,0.0,0.0,0.0,0.0,0.0,0.17973249999999985,0.004220086640105866,0.1819874999999999,0.1787249999999999,0.18299999999999983,1.0,0.9,1.0,0.0,0.0,0.0,0.1495788103929545,0.004220086640105866,0.15183381039295457,0.14857131039295457,0.1528463103929545,1.0,1.0,0.0,0.0,0.0,0.0,0.17671713103929532,0.010281884527091443,0.1819874999999999,0.17364374999999985,0.18299999999999983,1.0,1.0,0.9,0.0,0.0,0.0,0.17671713103929532,0.010281884527091443,0.1819874999999999,0.17364374999999985,0.18299999999999983,1.0,1.0,0.9,0.0,0.0,0.0,0.17671713103929532,0.010281884527091443,0.1819874999999999,0.17364374999999985,0.18299999999999983,1.0,1.0,0.9,0.0,0.0,0.0,0.17671713103929532,0.010281884527091443,0.1819874999999999,0.17364374999999985,0.18299999999999983,1.0,1.0,0.9,0.0,0.0,0.0,1.0,0.1,0.1,0.1,0.1,0.1,0.9,0.0,0.1,0.9,0.0,0.1,0.9,0.0,0.1,0.9,0.0,0.1,0.0,0.1,0.1,0.1,0.1,0.1,0.0,0.0,0.0,0.0,0.1,0.1,1.0,1.0,1.0,0.1,0.0,0.0,0.0,0.0,0.0,-0.6202674999877139,9.33517426776006e-22,9.33517426776006e-22,0.0,0.0,0,0,0,0,C1,0.0,0.0,0.17671713103929532,0.9,1.0,0.1,0.0,0.0,0.17671713103929532
phaseflip,phaseflip,0.05,4,0.01,10,qiskit_aer,1,1,0.8202674999999998,0.6655097222222222,0.02222222222222222,0.0,0.0,0.0,0.0,0.0,0.17973249999999985,0.004220086640105866,0.1819874999999999,0.1787249999999999,0.18299999999999983,1.0,0.8,1.0,0.0,0.0,0.0,0.1495788103929545,0.004220086640105866,0.15183381039295457,0.14857131039295457,0.1528463103929545,1.0,1.0,0.0,0.0,0.0,0.0,0.17370176207859078,0.013245386656059694,0.1819874999999999,0.17194999999999983,0.18299999999999983,1.0,1.0,0.8,0.0,0.0,0.0,0.17370176207859078,0.013245386656059694,0.1819874999999999,0.17194999999999983,0.18299999999999983,1.0,1.0,0.8,0.0,0.0,0.0,0.17370176207859078,0.013245386656059694,0.1819874999999999,0.17194999999999983,0.18299999999999983,1.0,1.0,0.8,0.0,0.0,0.0,0.17370176207859078,0.013245386656059694,0.1819874999999999,0.17194999999999983,0.18299999999999983,1.0,1.0,0.8,0.0,0.0,0.0,1.0,0.2,0.2,0.2,0.2,0.2,0.8,0.0,0.2,0.8,0.0,0.2,0.8,0.0,0.2,0.8,0.0,0.2,0.0,0.2,0.2,0.2,0.2,0.2,0.0,0.0,0.0,0.0,0.2,0.2,1.0,1.0,1.0,0.2,0.0,0.0,0.0,0.0,0.0,-0.26550972221049846,1.867034853552012e-21,1.867034853552012e-21,0.0,0.01,0,0,0,0,C1,0.0,0.0,0.17370176207859078,0.8,1.0,0.2,0.0,0.0,0.17370176207859078
phaseflip,phaseflip,0.05,4,0.03,10,qiskit_aer,1,1,0.8202674999999998,0.6472313888888888,0.04444444444444444,0.0,0.0,0.0,0.0,0.0,0.17973249999999985,0.004220086640105866,0.1819874999999999,0.1787249999999999,0.18299999999999983,1.0,0.8,1.0,0.0,0.0,0.0,0.1495788103929545,0.004220086640105866,0.15183381039295457,0.14857131039295457,0.1528463103929545,1.0,1.0,0.0,0.0,0.0,0.0,0.17370176207859078,0.013245386656059694,0.1819874999999999,0.17194999999999983,0.18299999999999983,1.0,1.0,0.8,0.0,0.0,0.0,0.17370176207859078,0.013245386656059694,0.1819874999999999,0.17194999999999983,0.18299999999999983,1.0,1.0,0.8,0.0,0.0,0.0,0.17370176207859078,0.013245386656059694,0.1819874999999999,0.17194999999999983,0.18299999999999983,1.0,1.0,0.8,0.0,0.0,0.0,0.17370176207859078,0.013245386656059694,0.1819874999999999,0.17194999999999983,0.18299999999999983,1.0,1.0,0.8,0.0,0.0,0.0,1.0,0.2,0.2,0.2,0.2,0.2,0.8,0.0,0.2,0.8,0.0,0.2,0.8,0.0,0.2,0.8,0.0,0.2,0.0,0.2,0.2,0.2,0.2,0.2,0.0,0.0,0.0,0.0,0.2,0.2,1.0,1.0,1.0,0.2,0.0,0.0,0.0,0.0,0.0,-0.24723138887682108,3.099630017959843e-21,3.099630017959843e-21,0.0,0.03,0,0,0,0,C1,0.0,0.0,0.17370176207859078,0.8,1.0,0.2,0.0,0.0,0.17370176207859078
phaseflip,phaseflip,0.05,4,0.05,10,qiskit_aer,1,1,0.8202674999999998,0.6472313888888888,0.07777777777777778,0.0,0.0,0.0,0.0,0.0,0.17973249999999985,0.004220086640105866,0.1819874999999999,0.1787249999999999,0.18299999999999983,1.0,0.8,1.0,0.0,0.0,0.0,0.1495788103929545,0.004220086640105866,0.15183381039295457,0.14857131039295457,0.1528463103929545,1.0,1.0,0.0,0.0,0.0,0.0,0.17370176207859078,0.013245386656059694,0.1819874999999999,0.17194999999999983,0.18299999999999983,1.0,1.0,0.8,0.0,0.0,0.0,0.17370176207859078,0.013245386656059694,0.1819874999999999,0.17194999999999983,0.18299999999999983,1.0,1.0,0.8,0.0,0.0,0.0,0.17370176207859078,0.013245386656059694,0.1819874999999999,0.17194999999999983,0.18299999999999983,1.0,1.0,0.8,0.0,0.0,0.0,0.17370176207859078,0.013245386656059694,0.1819874999999999,0.17194999999999983,0.18299999999999983,1.0,1.0,0.8,0.0,0.0,0.0,1.0,0.2,0.2,0.2,0.2,0.2,0.8,0.0,0.2,0.8,0.0,0.2,0.8,0.0,0.2,0.8,0.0,0.2,0.0,0.2,0.2,0.2,0.2,0.2,0.0,0.0,0.0,0.0,0.2,0.2,1.0,1.0,1.0,0.2,0.0,0.0,0.0,0.0,0.0,-0.24723138887680604,1.867034853552012e-21,1.867034853552012e-21,0.0,0.05,0,0,0,0,C1,0.0,0.0,0.17370176207859078,0.8,1.0,0.2,0.0,0.0,0.17370176207859078
phaseflip,phaseflip,0.05,4,0.1,10,qiskit_aer,1,1,0.8202674999999998,0.5653663888888888,0.19999999999999998,0.0,0.0,0.0,0.0,0.0,0.17973249999999985,0.004220086640105866,0.1819874999999999,0.1787249999999999,0.18299999999999983,1.0,0.9,1.0,0.0,0.0,0.0,0.1495788103929545,0.004220086640105866,0.15183381039295457,0.14857131039295457,0.1528463103929545,1.0,1.0,0.0,0.0,0.0,0.0,0.17671713103929532,0.010281884527091443,0.1819874999999999,0.17364374999999985,0.18299999999999983,1.0,1.0,0.9,0.0,0.0,0.0,0.17671713103929532,0.010281884527091443,0.1819874999999999,0.17364374999999985,0.18299999999999983,1.0,1.0,0.9,0.0,0.0,0.0,0.17671713103929532,0.010281884527091443,0.1819874999999999,0.17364374999999985,0.18299999999999983,1.0,1.0,0.9,0.0,0.0,0.0,0.17671713103929532,0.010281884527091443,0.1819874999999999,0.17364374999999985,0.18299999999999983,1.0,1.0,0.9,0.0,0.0,0.0,1.0,0.1,0.1,0.1,0.1,0.1,0.9,0.0,0.1,0.9,0.0,0.1,0.9,0.0,0.1,0.9,0.0,0.1,0.0,0.1,0.1,0.1,0.1,0.1,0.0,0.0,0.0,0.0,0.1,0.1,1.0,1.0,1.0,0.1,0.0,0.0,0.0,0.0,0.0,-0.3653663888764293,9.33517426776006e-22,9.33517426776006e-22,0.0,0.1,0,0,0,0,C1,0.0,0.0,0.17671713103929532,0.9,1.0,0.1,0.0,0.0,0.17671713103929532
phaseflip,phaseflip,0.1,1,0.0,10,qiskit_aer,1,1,0.9000000000000001,0.9000000000000001,0.0,0.0,1.0,1.0,0.0,0.0,0.09999999999999964,0.0,0.09999999999999964,0.09999999999999964,0.09999999999999964,1.0,0.8,1.0,0.2,0.0,0.0,0.0698463103929543,0.0,0.0698463103929543,0.0698463103929543,0.0698463103929543,1.0,1.0,0.0,0.0,0.0,1.0,0.0698463103929543,0.0,0.0698463103929543,0.0698463103929543,0.0698463103929543,1.0,1.0,0.0,0.0,0.0,1.0,0.09396926207859058,0.012061475842818137,0.09999999999999964,0.09999999999999964,0.09999999999999964,1.0,1.0,0.8,0.0,0.0,0.2,0.09396926207859058,0.012061475842818137,0.09999999999999964,0.09999999999999964,0.09999999999999964,1.0,1.0,0.8,0.0,0.0,0.2,0.09396926207859058,0.012061475842818137,0.09999999999999964,0.09999999999999964,0.09999999999999964,1.0,1.0,0.8,0.0,0.0,0.2,1.0,1.0,0.2,0.2,0.2,1.0,0.0,1.0,0.2,1.0,1.0,0.2,1.0,1.0,0.2,1.0,1.0,0.2,0.8,0.2,0.2,0.2,0.2,0.2,0.0,0.0,0.0,0.0,0.2,0.2,1.0,1.0,1.0,0.2,0.0,0.0,0.0,0.0,0.0,-0.4999999998967022,0.006573680430971311,0.006573680430971311,0.0,0.0,0,0,0,0,C2,0.0,0.0,0.09396926207859058,0.8,1.0,0.2,0.0,0.0,0.09396926207859058
phaseflip,phaseflip,0.1,1,0.01,10,qiskit_aer,1,1,0.9000000000000001,0.6900000000000001,0.03333333333333333,0.0,0.0,1.0,0.0,0.0,0.09999999999999964,0.0,0.09999999999999964,0.09999999999999964,0.09999999999999964,1.0,0.8,1.0,0.0,0.0,0.0,0.0698463103929543,0.0,0.0698463103929543,0.0698463103929543,0.0698463103929543,1.0,1.0,0.0,0.0,0.0,0.0,0.09396926207859058,0.012061475842818137,0.09999999999999964,0.09999999999999964,0.09999999999999964,1.0,1.0,0.8,0.0,0.0,0.0,0.09396926207859058,0.012061475842818137,0.09999999999999964,0.09999999999999964,0.09999999999999964,1.0,1.0,0.8,0.0,0.0,0.0,0.09396926207859058,0.012061475842818137,0.09999999999999964,0.09999999999999964,0.09999999999999964,1.0,1.0,0.8,0.0,0.0,0.0,0.09396926207859058,0.012061475842818137,0.09999999999999964,0.09999999999999964,0.09999999999999964,1.0,1.0,0.8,0.0,0.0,0.0,1.0,0.2,0.2,0.2,0.2,0.2,0.8,0.0,0.2,0.8,0.0,0.2,0.8,0.0,0.2,0.8,0.0,0.2,0.0,0.2,0.2,0.2,0.2,0.2,0.0,0.0,0.0,0.0,0.2,0.2,1.0,1.0,1.0,0.2,0.0,0.0,0.0,0.0,0.0,-0.28999999989670205,0.006573680430971311,0.006573680430971311,0.0,0.01,0,0,0,0,C1,0.0,0.0,0.09396926207859058,0.8,1.0,0.2,0.0,0.0,0.09396926207859058
phaseflip,phaseflip,0.1,1,0.03,10,qiskit_aer,1,1,0.9000000000000001,0.6200000000000001,0.1111111111111111,0.0,0.0,1.0,0.0,0.0,0.09999999999999964,0.0,0.09999999999999964,0.09999999999999964,0.09999999999999964,1.0,0.8,1.0,0.0,0.0,0.0,0.0698463103929543,0.0,0.0698463103929543,0.0698463103929543,0.0698463103929543,1.0,1.0,0.0,0.0,0.0,0.0,0.09396926207859058,0.012061475842818137,0.09999999999999964,0.09999999999999964,0.09999999999999964,1.0,1.0,0.8,0.0,0.0,0.0,0.09396926207859058,0.012061475842818137,0.09999999999999964,0.09999999999999964,0.09999999999999964,1.0,1.0,0.8,0.0,0.0,0.0,0.09396926207859058,0.012061475842818137,0.09999999999999964,0.09999999999999964,0.09999999999999964,1.0,1.0,0.8,0.0,0.0,0.0,0.09396926207859058,0.012061475842818137,0.09999999999999964,0.09999999999999964,0.09999999999999964,1.0,1.0,0.8,0.0,0.0,0.0,1.0,0.2,0.2,0.2,0.2,0.2,0.8,0.0,0.2,0.8,0.0,0.2,0.8,0.0,0.2,0.8,0.0,0.2,0.0,0.2,0.2,0.2,0.2,0.2,0.0,0.0,0.0,0.0,0.2,0.2,1.0,1.0,1.0,0.2,0.0,0.0,0.0,0.0,0.0,-0.21999999989942295,4.629530721534989e-18,4.629530721534989e-18,0.0,0.03,0,0,0,0,C1,0.0,0.0,0.09396926207859058,0.8,1.0,0.2,0.0,0.0,0.09396926207859058
phaseflip,phaseflip,0.1,1,0.05,10,qiskit_aer,1,1,0.9000000000000001,0.6000000000000001,0.15555555555555556,0.0,0.0,1.0,0.0,0.0,0.09999999999999964,0.0,0.09999999999999964,0.09999999999999964,0.09999999999999964,1.0,0.8,1.0,0.0,0.0,0.0,0.0698463103929543,0.0,0.0698463103929543,0.0698463103929543,0.0698463103929543,1.0,1.0,0.0,0.0,0.0,0.0,0.09396926207859058,0.012061475842818137,0.09999999999999964,0.09999999999999964,0.09999999999999964,1.0,1.0,0.8,0.0,0.0,0.0,0.09396926207859058,0.012061475842818137,0.09999999999999964,0.09999999999999964,0.09999999999999964,1.0,1.0,0.8,0.0,0.0,0.0,0.09396926207859058,0.012061475842818137,0.09999999999999964,0.09999999999999964,0.09999999999999964,1.0,1.0,0.8,0.0,0.0,0.0,0.09396926207859058,0.012061475842818137,0.09999999999999964,0.09999999999999964,0.09999999999999964,1.0,1.0,0.8,0.0,0.0,0.0,1.0,0.2,0.2,0.2,0.2,0.2,0.8,0.0,0.2,0.8,0.0,0.2,0.8,0.0,0.2,0.8,0.0,0.2,0.0,0.2,0.2,0.2,0.2,0.2,0.0,0.0,0.0,0.0,0.2,0.2,1.0,1.0,1.0,0.2,0.0,0.0,0.0,0.0,0.0,-0.1999999998980625,0.003286840215485658,0.003286840215485658,0.0,0.05,0,0,0,0,C1,0.0,0.0,0.09396926207859058,0.8,1.0,0.2,0.0,0.0,0.09396926207859058
phaseflip,phaseflip,0.1,1,0.1,10,qiskit_aer,1,1,0.9000000000000001,0.54,0.25555555555555554,0.0,0.0,1.0,0.0,0.0,0.09999999999999964,0.0,0.09999999999999964,0.09999999999999964,0.09999999999999964,1.0,0.8,1.0,0.0,0.0,0.0,0.0698463103929543,0.0,0.0698463103929543,0.0698463103929543,0.0698463103929543,1.0,1.0,0.0,0.0,0.0,0.0,0.09396926207859058,0.012061475842818137,0.09999999999999964,0.09999999999999964,0.09999999999999964,1.0,1.0,0.8,0.0,0.0,0.0,0.09396926207859058,0.012061475842818137,0.09999999999999964,0.09999999999999964,0.09999999999999964,1.0,1.0,0.8,0.0,0.0,0.0,0.09396926207859058,0.012061475842818137,0.09999999999999964,0.09999999999999964,0.09999999999999964,1.0,1.0,0.8,0.0,0.0,0.0,0.09396926207859058,0.012061475842818137,0.09999999999999964,0.09999999999999964,0.09999999999999964,1.0,1.0,0.8,0.0,0.0,0.0,1.0,0.2,0.2,0.2,0.2,0.2,0.8,0.0,0.2,0.8,0.0,0.2,0.8,0.0,0.2,0.8,0.0,0.2,0.0,0.2,0.2,0.2,0.2,0.2,0.0,0.0,0.0,0.0,0.2,0.2,1.0,1.0,1.0,0.2,0.0,0.0,0.0,0.0,0.0,-0.139999999896702,0.006573680430971311,0.006573680430971311,0.0,0.1,0,0,0,0,C1,0.0,0.0,0.09396926207859058,0.8,1.0,0.2,0.0,0.0,0.09396926207859058
phaseflip,phaseflip,0.1,2,0.0,10,qiskit_aer,1,1,0.8160000000000001,0.8160000000000001,0.0,0.0,0.0,0.0,0.0,0.0,0.1839999999999997,0.00489897948556632,0.17999999999999972,0.17999999999999972,0.1899999999999996,1.0,0.7,1.0,0.0,0.0,0.0,0.15384631039295435,0.00489897948556632,0.14984631039295437,0.14984631039295437,0.15984631039295427,1.0,1.0,0.0,0.0,0.0,0.0,0.1749538931178861,0.01695023021701166,0.17999999999999972,0.1573847327947157,0.1899999999999996,1.0,1.0,0.7,0.0,0.0,0.0,0.1749538931178861,0.01695023021701166,0.17999999999999972,0.1573847327947157,0.1899999999999996,1.0,1.0,0.7,0.0,0.0,0.0,0.1749538931178861,0.01695023021701166,0.17999999999999972,0.1573847327947157,0.1899999999999996,1.0,1.0,0.7,0.0,0.0,0.0,0.1749538931178861,0.01695023021701166,0.17999999999999972,0.1573847327947157,0.1899999999999996,1.0,1.0,0.7,0.0,0.0,0.0,1.0,0.3,0.3,0.3,0.3,0.3,0.7,0.0,0.3,0.7,0.0,0.3,0.7,0.0,0.3,0.7,0.0,0.3,0.0,0.3,0.3,0.3,0.3,0.3,0.0,0.0,0.0,0.0,0.3,0.3,1.0,1.0,1.0,0.3,0.0,0.0,0.0,0.0,0.0,-0.21599999999121614,6.498337773551511e-21,6.498337773551511e-21,0.0,0.0,0,0,0,0,C1,0.0,0.0,0.1749538931178861,0.7,1.0,0.3,0.0,0.0,0.1749538931178861
phaseflip,phaseflip,0.1,2,0.01,10,qiskit_aer,1,1,0.8160000000000001,0.562,0.03333333333333333,0.0,0.0,0.0,0.0,0.0,0.1839999999999997,0.00489897948556632,0.17999999999999972,0.17999999999999972,0.1899999999999996,1.0,0.7,1.0,0.0,0.0,0.0,0.15384631039295435,0.00489897948556632,0.14984631039295437,0.14984631039295437,0.15984631039295427,1.0,1.0,0.0,0.0,0.0,0.0,0.1749538931178861,0.01695023021701166,0.17999999999999972,0.1573847327947157,0.1899999999999996,1.0,1.0,0.7,0.0,0.0,0.0,0.1749538931178861,0.01695023021701166,0.17999999999999972,0.1573847327947157,0.1899999999999996,1.0,1.0,0.7,0.0,0.0,0.0,0.1749538931178861,0.01695023021701166,0.17999999999999972,0.1573847327947157,0.1899999999999996,1.0,1.0,0.7,0.0,0.0,0.0,0.1749538931178861,0.01695023021701166,0.17999999999999972,0.1573847327947157,0.1899999999999996,1.0,1.0,0.7,0.0,0.0,0.0,1.0,0.3,0.3,0.3,0.3,0.3,0.7,0.0,0.3,0.7,0.0,0.3,0.7,0.0,0.3,0.7,0.0,0.3,0.0,0.3,0.3,0.3,0.3,0.3,0.0,0.0,0.0,0.0,0.3,0.3,1.0,1.0,1.0,0.3,0.0,0.0,0.0,0.0,0.0,0.038000000009075094,6.498337773551511e-21,6.498337773551511e-21,0.0,0.01,0,0,0,0,C1,0.0,0.0,0.1749538931178861,0.7,1.0,0.3,0.0,0.0,0.1749538931178861
phaseflip,phaseflip,0.1,2,0.03,10,qiskit_aer,1,1,0.8160000000000001,0.5075555555555555,0.1111111111111111,0.0,0.0,0.0,0.0,0.0,0.1839999999999997,0.00489897948556632,0.17999999999999972,0.17999999999999972,0.1899999999999996,1.0,0.7,1.0,0.0,0.0,0.0,0.15384631039295435,0.00489897948556632,0.14984631039295437,0.14984631039295437,0.15984631039295427,1.0,1.0,0.0,0.0,0.0,0.0,0.1749538931178861,0.01695023021701166,0.17999999999999972,0.1573847327947157,0.1899999999999996,1.0,1.0,0.7,0.0,0.0,0.0,0.1749538931178861,0.01695023021701166,0.17999999999999972,0.1573847327947157,0.1899999999999996,1.0,1.0,0.7,0.0,0.0,0.0,0.1749538931178861,0.01695023021701166,0.17999999999999972,0.1573847327947157,0.1899999999999996,1.0,1.0,0.7,0.0,0.0,0.0,0.1749538931178861,0.01695023021701166,0.17999999999999972,0.1573847327947157,0.1899999999999996,1.0,1.0,0.7,0.0,0.0,0.0,1.0,0.3,0.3,0.3,0.3,0.3,0.7,0.0,0.3,0.7,0.0,0.3,0.7,0.0,0.3,0.7,0.0,0.3,0.0,0.3,0.3,0.3,0.3,0.3,0.0,0.0,0.0,0.0,0.3,0.3,1.0,1.0,1.0,0.3,0.0,0.0,0.0,0.0,0.0,0.09244444445264607,6.498337773551511e-21,6.498337773551511e-21,0.0,0.03,0,0,0,0,C1,0.0,0.0,0.1749538931178861,0.7,1.0,0.3,0.0,0.0,0.1749538931178861
phaseflip,phaseflip,0.1,2,0.05,10,qiskit_aer,1,1,0.8160000000000001,0.48933333333333334,0.15555555555555556,0.0,0.0,0.0,0.0,0.0,0.1839999999999997,0.00489897948556632,0.17999999999999972,0.17999999999999972,0.1899999999999996,1.0,0.7,1.0,0.0,0.0,0.0,0.15384631039295435,0.00489897948556632,0.14984631039295437,0.14984631039295437,0.15984631039295427,1.0,1.0,0.0,0.0,0.0,0.0,0.1749538931178861,0.01695023021701166,0.17999999999999972,0.1573847327947157,0.1899999999999996,1.0,1.0,0.7,0.0,0.0,0.0,0.1749538931178861,0.01695023021701166,0.17999999999999972,0.1573847327947157,0.1899999999999996,1.0,1.0,0.7,0.0,0.0,0.0,0.1749538931178861,0.01695023021701166,0.17999999999999972,0.1573847327947157,0.1899999999999996,1.0,1.0,0.7,0.0,0.0,0.0,0.1749538931178861,0.01695023021701166,0.17999999999999972,0.1573847327947157,0.1899999999999996,1.0,1.0,0.7,0.0,0.0,0.0,1.0,0.3,0.3,0.3,0.3,0.3,0.7,0.0,0.3,0.7,0.0,0.3,0.7,0.0,0.3,0.7,0.0,0.3,0.0,0.3,0.3,0.3,0.3,0.3,0.0,0.0,0.0,0.0,0.3,0.3,1.0,1.0,1.0,0.3,0.0,0.0,0.0,0.0,0.0,0.11066666667574175,6.498337773551511e-21,6.498337773551511e-21,0.0,0.05,0,0,0,0,C1,0.0,0.0,0.1749538931178861,0.7,1.0,0.3,0.0,0.0,0.1749538931178861
phaseflip,phaseflip,0.1,2,0.1,10,qiskit_aer,1,1,0.8160000000000001,0.43522222222222223,0.25555555555555554,0.0,0.0,0.0,0.0,0.0,0.1839999999999997,0.00489897948556632,0.17999999999999972,0.17999999999999972,0.1899999999999996,1.0,0.7,1.0,0.0,0.0,0.0,0.15384631039295435,0.00489897948556632,0.14984631039295437,0.14984631039295437,0.15984631039295427,1.0,1.0,0.0,0.0,0.0,0.0,0.1749538931178861,0.01695023021701166,0.17999999999999972,0.1573847327947157,0.1899999999999996,1.0,1.0,0.7,0.0,0.0,0.0,0.1749538931178861,0.01695023021701166,0.17999999999999972,0.1573847327947157,0.1899999999999996,1.0,1.0,0.7,0.0,0.0,0.0,0.1749538931178861,0.01695023021701166,0.17999999999999972,0.1573847327947157,0.1899999999999996,1.0,1.0,0.7,0.0,0.0,0.0,0.1749538931178861,0.01695023021701166,0.17999999999999972,0.1573847327947157,0.1899999999999996,1.0,1.0,0.7,0.0,0.0,0.0,1.0,0.3,0.3,0.3,0.3,0.3,0.7,0.0,0.3,0.7,0.0,0.3,0.7,0.0,0.3,0.7,0.0,0.3,0.0,0.3,0.3,0.3,0.3,0.3,0.0,0.0,0.0,0.0,0.3,0.3,1.0,1.0,1.0,0.3,0.0,0.0,0.0,0.0,0.0,0.16477777778685285,6.498337773551511e-21,6.498337773551511e-21,0.0,0.1,0,0,0,0,C1,0.0,0.0,0.1749538931178861,0.7,1.0,0.3,0.0,0.0,0.1749538931178861
phaseflip,phaseflip,0.1,3,0.0,10,qiskit_aer,1,1,0.7410000000000001,0.7410000000000001,0.0,0.0,0.0,0.0,0.0,0.0,0.2589999999999997,0.010363397126425285,0.2619999999999997,0.24849999999999975,0.2679999999999997,1.0,0.8,1.0,0.0,0.0,0.0,0.22884631039295433,0.010363397126425285,0.23184631039295434,0.2183463103929544,0.23784631039295434,1.0,1.0,0.0,0.0,0.0,0.0,0.2529692620785906,0.01803463486083912,0.2619999999999997,0.24399999999999966,0.2679999999999997,1.0,1.0,0.8,0.0,0.0,0.0,0.2529692620785906,0.01803463486083912,0.2619999999999997,0.24399999999999966,0.2679999999999997,1.0,1.0,0.8,0.0,0.0,0.0,0.2529692620785906,0.01803463486083912,0.2619999999999997,0.24399999999999966,0.2679999999999997,1.0,1.0,0.8,0.0,0.0,0.0,0.2529692620785906,0.01803463486083912,0.2619999999999997,0.24399999999999966,0.2679999999999997,1.0,1.0,0.8,0.0,0.0,0.0,1.0,0.2,0.2,0.2,0.2,0.2,0.8,0.0,0.2,0.8,0.0,0.2,0.8,0.0,0.2,0.8,0.0,0.2,0.0,0.2,0.2,0.2,0.2,0.2,0.0,0.0,0.0,0.0,0.2,0.2,1.0,1.0,1.0,0.2,0.0,0.0,0.0,0.0,0.0,-0.3409999999978461,4.332225182367674e-21,4.332225182367674e-21,0.0,0.0,0,0,0,0,C1,0.0,0.0,0.2529692620785906,0.8,1.0,0.2,0.0,0.0,0.2529692620785906
phaseflip,phaseflip,0.1,3,0.01,10,qiskit_aer,1,1,0.7410000000000001,0.5600222222222223,0.02222222222222222,0.0,0.0,0.0,0.0,0.0,0.2589999999999997,0.010363397126425285,0.2619999999999997,0.24849999999999975,0.2679999999999997,1.0,0.9,1.0,0.0,0.0,0.0,0.22884631039295433,0.010363397126425285,0.23184631039295434,0.2183463103929544,0.23784631039295434,1.0,1.0,0.0,0.0,0.0,0.0,0.25598463103929514,0.01672402817935196,0.2619999999999997,0.24849999999999967,0.2679999999999997,1.0,1.0,0.9,0.0,0.0,0.0,0.25598463103929514,0.01672402817935196,0.2619999999999997,0.24849999999999967,0.2679999999999997,1.0,1.0,0.9,0.0,0.0,0.0,0.25598463103929514,0.01672402817935196,0.2619999999999997,0.24849999999999967,0.2679999999999997,1.0,1.0,0.9,0.0,0.0,0.0,0.25598463103929514,0.01672402817935196,0.2619999999999997,0.24849999999999967,0.2679999999999997,1.0,1.0,0.9,0.0,0.0,0.0,1.0,0.1,0.1,0.1,0.1,0.1,0.9,0.0,0.1,0.9,0.0,0.1,0.9,0.0,0.1,0.9,0.0,0.1,0.0,0.1,0.1,0.1,0.1,0.1,0.0,0.0,0.0,0.0,0.1,0.1,1.0,1.0,1.0,0.1,0.0,0.0,0.0,0.0,0.0,-0.36002222221989044,2.166112591183837e-21,2.166112591183837e-21,0.0,0.01,0,0,0,0,C1,0.0,0.0,0.25598463103929514,0.9,1.0,0.1,0.0,0.0,0.25598463103929514
phaseflip,phaseflip,0.1,3,0.03,10,qiskit_aer,1,1,0.7410000000000001,0.5597333333333334,0.04444444444444444,0.0,0.0,0.0,0.0,0.0,0.2589999999999997,0.010363397126425285,0.2619999999999997,0.24849999999999975,0.2679999999999997,1.0,0.7,1.0,0.0,0.0,0.0,0.22884631039295433,0.010363397126425285,0.23184631039295434,0.2183463103929544,0.23784631039295434,1.0,1.0,0.0,0.0,0.0,0.0,0.24995389311788607,0.01877812798565044,0.25299999999999967,0.23488473279471567,0.2679999999999997,1.0,1.0,0.7,0.0,0.0,0.0,0.24995389311788607,0.01877812798565044,0.25299999999999967,0.23488473279471567,0.2679999999999997,1.0,1.0,0.7,0.0,0.0,0.0,0.24995389311788607,0.01877812798565044,0.25299999999999967,0.23488473279471567,0.2679999999999997,1.0,1.0,0.7,0.0,0.0,0.0,0.24995389311788607,0.01877812798565044,0.25299999999999967,0.23488473279471567,0.2679999999999997,1.0,1.0,0.7,0.0,0.0,0.0,1.0,0.3,0.3,0.3,0.3,0.3,0.7,0.0,0.3,0.7,0.0,0.3,0.7,0.0,0.3,0.7,0.0,0.3,0.0,0.3,0.3,0.3,0.3,0.3,0.0,0.0,0.0,0.0,0.3,0.3,1.0,1.0,1.0,0.3,0.0,0.0,0.0,0.0,0.0,0.04026666666882064,4.033147444735849e-21,4.033147444735849e-21,0.0,0.03,0,0,0,0,C1,0.0,0.0,0.24995389311788607,0.7,1.0,0.3,0.0,0.0,0.24995389311788607
phaseflip,phaseflip,0.1,3,0.05,10,qiskit_aer,1,1,0.7410000000000001,0.5678444444444445,0.07777777777777778,0.0,0.0,0.0,0.0,0.0,0.2589999999999997,0.010363397126425285,0.2619999999999997,0.24849999999999975,0.2679999999999997,1.0,0.8,1.0,0.0,0.0,0.0,0.22884631039295433,0.010363397126425285,0.23184631039295434,0.2183463103929544,0.23784631039295434,1.0,1.0,0.0,0.0,0.0,0.0,0.2529692620785906,0.01803463486083912,0.2619999999999997,0.24399999999999966,0.2679999999999997,1.0,1.0,0.8,0.0,0.0,0.0,0.2529692620785906,0.01803463486083912,0.2619999999999997,0.24399999999999966,0.2679999999999997,1.0,1.0,0.8,0.0,0.0,0.0,0.2529692620785906,0.01803463486083912,0.2619999999999997,0.24399999999999966,0.2679999999999997,1.0,1.0,0.8,0.0,0.0,0.0,0.2529692620785906,0.01803463486083912,0.2619999999999997,0.24399999999999966,0.2679999999999997,1.0,1.0,0.8,0.0,0.0,0.0,1.0,0.2,0.2,0.2,0.2,0.2,0.8,0.0,0.2,0.8,0.0,0.2,0.8,0.0,0.2,0.8,0.0,0.2,0.0,0.2,0.2,0.2,0.2,0.2,0.0,0.0,0.0,0.0,0.2,0.2,1.0,1.0,1.0,0.2,0.0,0.0,0.0,0.0,0.0,-0.16784444444220156,3.099630017959843e-21,3.099630017959843e-21,0.0,0.05,0,0,0,0,C1,0.0,0.0,0.2529692620785906,0.8,1.0,0.2,0.0,0.0,0.2529692620785906
phaseflip,phaseflip,0.1,3,0.1,10,qiskit_aer,1,1,0.7410000000000001,0.5107111111111112,0.19999999999999998,0.0,0.0,0.0,0.0,0.0,0.2589999999999997,0.010363397126425285,0.2619999999999997,0.24849999999999975,0.2679999999999997,1.0,0.8,1.0,0.0,0.0,0.0,0.22884631039295433,0.010363397126425285,0.23184631039295434,0.2183463103929544,0.23784631039295434,1.0,1.0,0.0,0.0,0.0,0.0,0.2529692620785906,0.01803463486083912,0.2619999999999997,0.24399999999999966,0.2679999999999997,1.0,1.0,0.8,0.0,0.0,0.0,0.2529692620785906,0.01803463486083912,0.2619999999999997,0.24399999999999966,0.2679999999999997,1.0,1.0,0.8,0.0,0.0,0.0,0.2529692620785906,0.01803463486083912,0.2619999999999997,0.24399999999999966,0.2679999999999997,1.0,1.0,0.8,0.0,0.0,0.0,0.2529692620785906,0.01803463486083912,0.2619999999999997,0.24399999999999966,0.2679999999999997,1.0,1.0,0.8,0.0,0.0,0.0,1.0,0.2,0.2,0.2,0.2,0.2,0.8,0.0,0.2,0.8,0.0,0.2,0.8,0.0,0.2,0.8,0.0,0.2,0.0,0.2,0.2,0.2,0.2,0.2,0.0,0.0,0.0,0.0,0.2,0.2,1.0,1.0,1.0,0.2,0.0,0.0,0.0,0.0,0.0,-0.11071111110886818,3.099630017959843e-21,3.099630017959843e-21,0.0,0.1,0,0,0,0,C1,0.0,0.0,0.2529692620785906,0.8,1.0,0.2,0.0,0.0,0.2529692620785906
phaseflip,phaseflip,0.1,4,0.0,10,qiskit_aer,1,1,0.6772800000000001,0.6772800000000001,0.0,0.0,0.0,0.0,0.0,0.0,0.3227199999999998,0.01481275126369163,0.33079999999999976,0.3195999999999999,0.33399999999999974,1.0,0.7,1.0,0.0,0.0,0.0,0.29256631039295444,0.01481275126369163,0.3006463103929544,0.28944631039295454,0.3038463103929544,1.0,1.0,0.0,0.0,0.0,0.0,0.3136738931178862,0.02669945436690913,0.3267999999999998,0.3029847327947158,0.33399999999999974,1.0,1.0,0.7,0.0,0.0,0.0,0.3136738931178862,0.02669945436690913,0.3267999999999998,0.3029847327947158,0.33399999999999974,1.0,1.0,0.7,0.0,0.0,0.0,0.3136738931178862,0.02669945436690913,0.3267999999999998,0.3029847327947158,0.33399999999999974,1.0,1.0,0.7,0.0,0.0,0.0,0.3136738931178862,0.02669945436690913,0.3267999999999998,0.3029847327947158,0.33399999999999974,1.0,1.0,0.7,0.0,0.0,0.0,1.0,0.3,0.3,0.3,0.3,0.3,0.7,0.0,0.3,0.7,0.0,0.3,0.7,0.0,0.3,0.7,0.0,0.3,0.0,0.3,0.3,0.3,0.3,0.3,0.0,0.0,0.0,0.0,0.3,0.3,1.0,1.0,1.0,0.3,0.0,0.0,0.0,0.0,0.0,-0.07727999999926269,5.26574260914368e-21,5.26574260914368e-21,0.0,0.0,0,0,0,0,C1,0.0,0.0,0.3136738931178862,0.7,1.0,0.3,0.0,0.0,0.3136738931178862
phaseflip,phaseflip,0.1,4,0.01,10,qiskit_aer,1,1,0.6772800000000001,0.43656000000000006,0.02222222222222222,0.0,0.0,0.0,0.0,0.0,0.3227199999999998,0.01481275126369163,0.33079999999999976,0.3195999999999999,0.33399999999999974,1.0,0.8,1.0,0.0,0.0,0.0,0.29256631039295444,0.01481275126369163,0.3006463103929544,0.28944631039295454,0.3038463103929544,1.0,1.0,0.0,0.0,0.0,0.0,0.3166892620785907,0.02639751152478653,0.33079999999999976,0.3195999999999999,0.33399999999999974,1.0,1.0,0.8,0.0,0.0,0.0,0.3166892620785907,0.02639751152478653,0.33079999999999976,0.3195999999999999,0.33399999999999974,1.0,1.0,0.8,0.0,0.0,0.0,0.3166892620785907,0.02639751152478653,0.33079999999999976,0.3195999999999999,0.33399999999999974,1.0,1.0,0.8,0.0,0.0,0.0,0.3166892620785907,0.02639751152478653,0.33079999999999976,0.3195999999999999,0.33399999999999974,1.0,1.0,0.8,0.0,0.0,0.0,1.0,0.2,0.2,0.2,0.2,0.2,0.8,0.0,0.2,0.8,0.0,0.2,0.8,0.0,0.2,0.8,0.0,0.2,0.0,0.2,0.2,0.2,0.2,0.2,0.0,0.0,0.0,0.0,0.2,0.2,1.0,1.0,1.0,0.2,0.0,0.0,0.0,0.0,0.0,-0.03655999999922421,4.332225182367674e-21,4.332225182367674e-21,0.0,0.01,0,0,0,0,C1,0.0,0.0,0.3166892620785907,0.8,1.0,0.2,0.0,0.0,0.3166892620785907
phaseflip,phaseflip,0.1,4,0.03,10,qiskit_aer,1,1,0.6772800000000001,0.43612888888888895,0.04444444444444444,0.0,0.0,0.0,0.0,0.0,0.3227199999999998,0.01481275126369163,0.33079999999999976,0.3195999999999999,0.33399999999999974,1.0,0.8,1.0,0.0,0.0,0.0,0.29256631039295444,0.01481275126369163,0.3006463103929544,0.28944631039295454,0.3038463103929544,1.0,1.0,0.0,0.0,0.0,0.0,0.3166892620785907,0.02639751152478653,0.33079999999999976,0.3195999999999999,0.33399999999999974,1.0,1.0,0.8,0.0,0.0,0.0,0.3166892620785907,0.02639751152478653,0.33079999999999976,0.3195999999999999,0.33399999999999974,1.0,1.0,0.8,0.0,0.0,0.0,0.3166892620785907,0.02639751152478653,0.33079999999999976,0.3195999999999999,0.33399999999999974,1.0,1.0,0.8,0.0,0.0,0.0,0.3166892620785907,0.02639751152478653,0.33079999999999976,0.3195999999999999,0.33399999999999974,1.0,1.0,0.8,0.0,0.0,0.0,1.0,0.2,0.2,0.2,0.2,0.2,0.8,0.0,0.2,0.8,0.0,0.2,0.8,0.0,0.2,0.8,0.0,0.2,0.0,0.2,0.2,0.2,0.2,0.2,0.0,0.0,0.0,0.0,0.2,0.2,1.0,1.0,1.0,0.2,0.0,0.0,0.0,0.0,0.0,-0.036128888888189215,4.332225182367674e-21,4.332225182367674e-21,0.0,0.03,0,0,0,0,C1,0.0,0.0,0.3166892620785907,0.8,1.0,0.2,0.0,0.0,0.3166892620785907
phaseflip,phaseflip,0.1,4,0.05,10,qiskit_aer,1,1,0.6772800000000001,0.4435288888888889,0.07777777777777778,0.0,0.0,0.0,0.0,0.0,0.3227199999999998,0.01481275126369163,0.33079999999999976,0.3195999999999999,0.33399999999999974,1.0,0.7,1.0,0.0,0.0,0.0,0.29256631039295444,0.01481275126369163,0.3006463103929544,0.28944631039295454,0.3038463103929544,1.0,1.0,0.0,0.0,0.0,0.0,0.3136738931178862,0.02669945436690913,0.3267999999999998,0.3029847327947158,0.33399999999999974,1.0,1.0,0.7,0.0,0.0,0.0,0.3136738931178862,0.02669945436690913,0.3267999999999998,0.3029847327947158,0.33399999999999974,1.0,1.0,0.7,0.0,0.0,0.0,0.3136738931178862,0.02669945436690913,0.3267999999999998,0.3029847327947158,0.33399999999999974,1.0,1.0,0.7,0.0,0.0,0.0,0.3136738931178862,0.02669945436690913,0.3267999999999998,0.3029847327947158,0.33399999999999974,1.0,1.0,0.7,0.0,0.0,0.0,1.0,0.3,0.3,0.3,0.3,0.3,0.7,0.0,0.3,0.7,0.0,0.3,0.7,0.0,0.3,0.7,0.0,0.3,0.0,0.3,0.3,0.3,0.3,0.3,0.0,0.0,0.0,0.0,0.3,0.3,1.0,1.0,1.0,0.3,0.0,0.0,0.0,0.0,0.0,0.15647111111169626,5.26574260914368e-21,5.26574260914368e-21,0.0,0.05,0,0,0,0,C1,0.0,0.0,0.3136738931178862,0.7,1.0,0.3,0.0,0.0,0.3136738931178862
phaseflip,phaseflip,0.1,4,0.1,10,qiskit_aer,1,1,0.6772800000000001,0.42891111111111113,0.19999999999999998,0.0,0.0,0.0,0.0,0.0,0.3227199999999998,0.01481275126369163,0.33079999999999976,0.3195999999999999,0.33399999999999974,1.0,0.7,1.0,0.0,0.0,0.0,0.29256631039295444,0.01481275126369163,0.3006463103929544,0.28944631039295454,0.3038463103929544,1.0,1.0,0.0,0.0,0.0,0.0,0.3136738931178862,0.02669945436690913,0.3267999999999998,0.3029847327947158,0.33399999999999974,1.0,1.0,0.7,0.0,0.0,0.0,0.3136738931178862,0.02669945436690913,0.3267999999999998,0.3029847327947158,0.33399999999999974,1.0,1.0,0.7,0.0,0.0,0.0,0.3136738931178862,0.02669945436690913,0.3267999999999998,0.3029847327947158,0.33399999999999974,1.0,1.0,0.7,0.0,0.0,0.0,0.3136738931178862,0.02669945436690913,0.3267999999999998,0.3029847327947158,0.33399999999999974,1.0,1.0,0.7,0.0,0.0,0.0,1.0,0.3,0.3,0.3,0.3,0.3,0.7,0.0,0.3,0.7,0.0,0.3,0.7,0.0,0.3,0.7,0.0,0.3,0.0,0.3,0.3,0.3,0.3,0.3,0.0,0.0,0.0,0.0,0.3,0.3,1.0,1.0,1.0,0.3,0.0,0.0,0.0,0.0,0.0,0.17108888888966528,5.26574260914368e-21,5.26574260914368e-21,0.0,0.1,0,0,0,0,C1,0.0,0.0,0.3136738931178862,0.7,1.0,0.3,0.0,0.0,0.3136738931178862
phaseflip,phaseflip,0.15,1,0.0,10,qiskit_aer,1,1,0.8500000000000001,0.8500000000000001,0.0,0.0,0.0,0.0,0.0,0.0,0.1499999999999997,0.0,0.1499999999999997,0.1499999999999997,0.1499999999999997,1.0,0.5,1.0,0.0,0.0,0.0,0.11984631039295435,0.0,0.11984631039295435,0.11984631039295435,0.11984631039295435,1.0,1.0,0.0,0.0,0.0,0.0,0.13492315519647702,0.015076844803522671,0.13492315519647702,0.11984631039295435,0.1499999999999997,1.0,1.0,0.5,0.0,0.0,0.0,0.13492315519647702,0.015076844803522671,0.13492315519647702,0.11984631039295435,0.1499999999999997,1.0,1.0,0.5,0.0,0.0,0.0,0.13492315519647702,0.015076844803522671,0.13492315519647702,0.11984631039295435,0.1499999999999997,1.0,1.0,0.5,0.0,0.0,0.0,0.13492315519647702,0.015076844803522671,0.13492315519647702,0.11984631039295435,0.1499999999999997,1.0,1.0,0.5,0.0,0.0,0.0,1.0,0.5,0.5,0.5,0.5,0.5,0.5,0.0,0.5,0.5,0.0,0.5,0.5,0.0,0.5,0.5,0.0,0.5,0.0,0.5,0.5,0.5,0.5,0.5,0.0,0.0,0.0,0.0,0.5,0.5,1.0,1.0,1.0,0.5,0.0,0.0,0.0,0.0,0.0,0.15000000001784616,1.7539085960076933e-17,1.7539085960076933e-17,0.0,0.0,0,0,0,0,C1,0.0,0.0,0.13492315519647702,0.5,1.0,0.5,0.0,0.0,0.13492315519647702
phaseflip,phaseflip,0.15,1,0.01,10,qiskit_aer,1,1,0.8500000000000001,0.6138888888888889,0.03333333333333333,0.0,0.0,0.0,0.0,0.0,0.1499999999999997,0.0,0.1499999999999997,0.1499999999999997,0.1499999999999997,1.0,0.5,1.0,0.0,0.0,0.0,0.11984631039295435,0.0,0.11984631039295435,0.11984631039295435,0.11984631039295435,1.0,1.0,0.0,0.0,0.0,0.0,0.13492315519647702,0.015076844803522671,0.13492315519647702,0.11984631039295435,0.1499999999999997,1.0,1.0,0.5,0.0,0.0,0.0,0.13492315519647702,0.015076844803522671,0.13492315519647702,0.11984631039295435,0.1499999999999997,1.0,1.0,0.5,0.0,0.0,0.0,0.13492315519647702,0.015076844803522671,0.13492315519647702,0.11984631039295435,0.1499999999999997,1.0,1.0,0.5,0.0,0.0,0.0,0.13492315519647702,0.015076844803522671,0.13492315519647702,0.11984631039295435,0.1499999999999997,1.0,1.0,0.5,0.0,0.0,0.0,1.0,0.5,0.5,0.5,0.5,0.5,0.5,0.0,0.5,0.5,0.0,0.5,0.5,0.0,0.5,0.5,0.0,0.5,0.0,0.5,0.5,0.5,0.5,0.5,0.0,0.0,0.0,0.0,0.5,0.5,1.0,1.0,1.0,0.5,0.0,0.0,0.0,0.0,0.0,0.3861111111289574,1.7539085960076933e-17,1.7539085960076933e-17,0.0,0.01,0,0,0,0,C1,0.0,0.0,0.13492315519647702,0.5,1.0,0.5,0.0,0.0,0.13492315519647702
phaseflip,phaseflip,0.15,1,0.03,10,qiskit_aer,1,1,0.8500000000000001,0.5572222222222223,0.1111111111111111,0.0,0.0,0.0,0.0,0.0,0.1499999999999997,0.0,0.1499999999999997,0.1499999999999997,0.1499999999999997,1.0,0.5,1.0,0.0,0.0,0.0,0.11984631039295435,0.0,0.11984631039295435,0.11984631039295435,0.11984631039295435,1.0,1.0,0.0,0.0,0.0,0.0,0.13492315519647702,0.015076844803522671,0.13492315519647702,0.11984631039295435,0.1499999999999997,1.0,1.0,0.5,0.0,0.0,0.0,0.13492315519647702,0.015076844803522671,0.13492315519647702,0.11984631039295435,0.1499999999999997,1.0,1.0,0.5,0.0,0.0,0.0,0.13492315519647702,0.015076844803522671,0.13492315519647702,0.11984631039295435,0.1499999999999997,1.0,1.0,0.5,0.0,0.0,0.0,0.13492315519647702,0.015076844803522671,0.13492315519647702,0.11984631039295435,0.1499999999999997,1.0,1.0,0.5,0.0,0.0,0.0,1.0,0.5,0.5,0.5,0.5,0.5,0.5,0.0,0.5,0.5,0.0,0.5,0.5,0.0,0.5,0.5,0.0,0.5,0.0,0.5,0.5,0.5,0.5,0.5,0.0,0.0,0.0,0.0,0.5,0.5,1.0,1.0,1.0,0.5,0.0,0.0,0.0,0.0,0.0,0.4427777777956241,1.7539085960076933e-17,1.7539085960076933e-17,0.0,0.03,0,0,0,0,C1,0.0,0.0,0.13492315519647702,0.5,1.0,0.5,0.0,0.0,0.13492315519647702
phaseflip,phaseflip,0.15,1,0.05,10,qiskit_aer,1,1,0.8500000000000001,0.5383333333333333,0.15555555555555556,0.0,0.0,0.0,0.0,0.0,0.1499999999999997,0.0,0.1499999999999997,0.1499999999999997,0.1499999999999997,1.0,0.5,1.0,0.0,0.0,0.0,0.11984631039295435,0.0,0.11984631039295435,0.11984631039295435,0.11984631039295435,1.0,1.0,0.0,0.0,0.0,0.0,0.13492315519647702,0.015076844803522671,0.13492315519647702,0.11984631039295435,0.1499999999999997,1.0,1.0,0.5,0.0,0.0,0.0,0.13492315519647702,0.015076844803522671,0.13492315519647702,0.11984631039295435,0.1499999999999997,1.0,1.0,0.5,0.0,0.0,0.0,0.13492315519647702,0.015076844803522671,0.13492315519647702,0.11984631039295435,0.1499999999999997,1.0,1.0,0.5,0.0,0.0,0.0,0.13492315519647702,0.015076844803522671,0.13492315519647702,0.11984631039295435,0.1499999999999997,1.0,1.0,0.5,0.0,0.0,0.0,1.0,0.5,0.5,0.5,0.5,0.5,0.5,0.0,0.5,0.5,0.0,0.5,0.5,0.0,0.5,0.5,0.0,0.5,0.0,0.5,0.5,0.5,0.5,0.5,0.0,0.0,0.0,0.0,0.5,0.5,1.0,1.0,1.0,0.5,0.0,0.0,0.0,0.0,0.0,0.461666666684513,1.7539085960076933e-17,1.7539085960076933e-17,0.0,0.05,0,0,0,0,C1,0.0,0.0,0.13492315519647702,0.5,1.0,0.5,0.0,0.0,0.13492315519647702
phaseflip,phaseflip,0.15,1,0.1,10,qiskit_aer,1,1,0.8500000000000001,0.4816666666666667,0.25555555555555554,0.0,0.0,0.0,0.0,0.0,0.1499999999999997,0.0,0.1499999999999997,0.1499999999999997,0.1499999999999997,1.0,0.5,1.0,0.0,0.0,0.0,0.11984631039295435,0.0,0.11984631039295435,0.11984631039295435,0.11984631039295435,1.0,1.0,0.0,0.0,0.0,0.0,0.13492315519647702,0.015076844803522671,0.13492315519647702,0.11984631039295435,0.1499999999999997,1.0,1.0,0.5,0.0,0.0,0.0,0.13492315519647702,0.015076844803522671,0.13492315519647702,0.11984631039295435,0.1499999999999997,1.0,1.0,0.5,0.0,0.0,0.0,0.13492315519647702,0.015076844803522671,0.13492315519647702,0.11984631039295435,0.1499999999999997,1.0,1.0,0.5,0.0,0.0,0.0,0.13492315519647702,0.015076844803522671,0.13492315519647702,0.11984631039295435,0.1499999999999997,1.0,1.0,0.5,0.0,0.0,0.0,1.0,0.5,0.5,0.5,0.5,0.5,0.5,0.0,0.5,0.5,0.0,0.5,0.5,0.0,0.5,0.5,0.0,0.5,0.0,0.5,0.5,0.5,0.5,0.5,0.0,0.0,0.0,0.0,0.5,0.5,1.0,1.0,1.0,0.5,0.0,0.0,0.0,0.0,0.0,0.5183333333511797,1.7539085960076933e-17,1.7539085960076933e-17,0.0,0.1,0,0,0,0,C1,0.0,0.0,0.13492315519647702,0.5,1.0,0.5,0.0,0.0,0.13492315519647702
phaseflip,phaseflip,0.15,2,0.0,10,qiskit_aer,1,1,0.7360000000000001,0.7360000000000001,0.0,0.0,0.0,0.0,0.0,0.0,0.2639999999999998,0.011022703842524283,0.2549999999999998,0.2549999999999998,0.27749999999999975,1.0,0.3,1.0,0.0,0.0,0.0,0.23384631039295442,0.011022703842524285,0.22484631039295444,0.22484631039295444,0.2473463103929544,1.0,1.0,0.0,0.0,0.0,0.0,0.24289241727506802,0.02359420130391901,0.22484631039295444,0.22484631039295444,0.2699615775982384,1.0,1.0,0.3,0.0,0.0,0.0,0.24289241727506802,0.02359420130391901,0.22484631039295444,0.22484631039295444,0.2699615775982384,1.0,1.0,0.3,0.0,0.0,0.0,0.24289241727506802,0.02359420130391901,0.22484631039295444,0.22484631039295444,0.2699615775982384,1.0,1.0,0.3,0.0,0.0,0.0,0.24289241727506802,0.02359420130391901,0.22484631039295444,0.22484631039295444,0.2699615775982384,1.0,1.0,0.3,0.0,0.0,0.0,1.0,0.7,0.7,0.7,0.7,0.7,0.3,0.0,0.7,0.3,0.0,0.7,0.3,0.0,0.7,0.3,0.0,0.7,0.0,0.7,0.7,0.7,0.7,0.7,0.0,0.0,0.0,0.0,0.7,0.7,1.0,1.0,1.0,0.7,0.0,0.0,0.0,0.0,0.0,0.6640000000012797,0.0026948568852589723,0.0026948568852589723,0.0,0.0,0,0,0,0,C1,0.0,0.0,0.24289241727506802,0.3,1.0,0.7,0.0,0.0,0.24289241727506802
phaseflip,phaseflip,0.15,2,0.01,10,qiskit_aer,1,1,0.7360000000000001,0.45780555555555563,0.03333333333333333,0.0,0.0,0.0,0.0,0.0,0.2639999999999998,0.011022703842524283,0.2549999999999998,0.2549999999999998,0.27749999999999975,1.0,0.3,1.0,0.0,0.0,0.0,0.23384631039295442,0.011022703842524285,0.22484631039295444,0.22484631039295444,0.2473463103929544,1.0,1.0,0.0,0.0,0.0,0.0,0.24289241727506802,0.02359420130391901,0.22484631039295444,0.22484631039295444,0.2699615775982384,1.0,1.0,0.3,0.0,0.0,0.0,0.24289241727506802,0.02359420130391901,0.22484631039295444,0.22484631039295444,0.2699615775982384,1.0,1.0,0.3,0.0,0.0,0.0,0.24289241727506802,0.02359420130391901,0.22484631039295444,0.22484631039295444,0.2699615775982384,1.0,1.0,0.3,0.0,0.0,0.0,0.24289241727506802,0.02359420130391901,0.22484631039295444,0.22484631039295444,0.2699615775982384,1.0,1.0,0.3,0.0,0.0,0.0,1.0,0.7,0.7,0.7,0.7,0.7,0.3,0.0,0.7,0.3,0.0,0.7,0.3,0.0,0.7,0.3,0.0,0.7,0.0,0.7,0.7,0.7,0.7,0.7,0.0,0.0,0.0,0.0,0.7,0.7,1.0,1.0,1.0,0.7,0.0,0.0,0.0,0.0,0.0,0.9421944444456897,0.0026948568852589666,0.0026948568852589666,0.0,0.01,0,0,0,0,C1,0.0,0.0,0.24289241727506802,0.3,1.0,0.7,0.0,0.0,0.24289241727506802
phaseflip,phaseflip,0.15,2,0.03,10,qiskit_aer,1,1,0.7360000000000001,0.40863888888888894,0.1111111111111111,0.0,0.0,0.0,0.0,0.0,0.2639999999999998,0.011022703842524283,0.2549999999999998,0.2549999999999998,0.27749999999999975,1.0,0.3,1.0,0.0,0.0,0.0,0.23384631039295442,0.011022703842524285,0.22484631039295444,0.22484631039295444,0.2473463103929544,1.0,1.0,0.0,0.0,0.0,0.0,0.24289241727506802,0.02359420130391901,0.22484631039295444,0.22484631039295444,0.2699615775982384,1.0,1.0,0.3,0.0,0.0,0.0,0.24289241727506802,0.02359420130391901,0.22484631039295444,0.22484631039295444,0.2699615775982384,1.0,1.0,0.3,0.0,0.0,0.0,0.24289241727506802,0.02359420130391901,0.22484631039295444,0.22484631039295444,0.2699615775982384,1.0,1.0,0.3,0.0,0.0,0.0,0.24289241727506802,0.02359420130391901,0.22484631039295444,0.22484631039295444,0.2699615775982384,1.0,1.0,0.3,0.0,0.0,0.0,1.0,0.7,0.7,0.7,0.7,0.7,0.3,0.0,0.7,0.3,0.0,0.7,0.3,0.0,0.7,0.3,0.0,0.7,0.0,0.7,0.7,0.7,0.7,0.7,0.0,0.0,0.0,0.0,0.7,0.7,1.0,1.0,1.0,0.7,0.0,0.0,0.0,0.0,0.0,0.9913611111123564,0.0026948568852589666,0.0026948568852589666,0.0,0.03,0,0,0,0,C1,0.0,0.0,0.24289241727506802,0.3,1.0,0.7,0.0,0.0,0.24289241727506802
phaseflip,phaseflip,0.15,2,0.05,10,qiskit_aer,1,1,0.7360000000000001,0.40036111111111117,0.15555555555555556,0.0,0.0,0.0,0.0,0.0,0.2639999999999998,0.011022703842524283,0.2549999999999998,0.2549999999999998,0.27749999999999975,1.0,0.3,1.0,0.0,0.0,0.0,0.23384631039295442,0.011022703842524285,0.22484631039295444,0.22484631039295444,0.2473463103929544,1.0,1.0,0.0,0.0,0.0,0.0,0.24289241727506802,0.02359420130391901,0.22484631039295444,0.22484631039295444,0.2699615775982384,1.0,1.0,0.3,0.0,0.0,0.0,0.24289241727506802,0.02359420130391901,0.22484631039295444,0.22484631039295444,0.2699615775982384,1.0,1.0,0.3,0.0,0.0,0.0,0.24289241727506802,0.02359420130391901,0.22484631039295444,0.22484631039295444,0.2699615775982384,1.0,1.0,0.3,0.0,0.0,0.0,0.24289241727506802,0.02359420130391901,0.22484631039295444,0.22484631039295444,0.2699615775982384,1.0,1.0,0.3,0.0,0.0,0.0,1.0,0.7,0.7,0.7,0.7,0.7,0.3,0.0,0.7,0.3,0.0,0.7,0.3,0.0,0.7,0.3,0.0,0.7,0.0,0.7,0.7,0.7,0.7,0.7,0.0,0.0,0.0,0.0,0.7,0.7,1.0,1.0,1.0,0.7,0.0,0.0,0.0,0.0,0.0,0.9996388888901342,0.0026948568852589666,0.0026948568852589666,0.0,0.05,0,0,0,0,C1,0.0,0.0,0.24289241727506802,0.3,1.0,0.7,0.0,0.0,0.24289241727506802
phaseflip,phaseflip,0.15,2,0.1,10,qiskit_aer,1,1,0.7360000000000001,0.3519444444444445,0.25555555555555554,0.0,0.0,0.0,0.0,0.0,0.2639999999999998,0.011022703842524283,0.2549999999999998,0.2549999999999998,0.27749999999999975,1.0,0.3,1.0,0.0,0.0,0.0,0.23384631039295442,0.011022703842524285,0.22484631039295444,0.22484631039295444,0.2473463103929544,1.0,1.0,0.0,0.0,0.0,0.0,0.24289241727506802,0.02359420130391901,0.22484631039295444,0.22484631039295444,0.2699615775982384,1.0,1.0,0.3,0.0,0.0,0.0,0.24289241727506802,0.02359420130391901,0.22484631039295444,0.22484631039295444,0.2699615775982384,1.0,1.0,0.3,0.0,0.0,0.0,0.24289241727506802,0.02359420130391901,0.22484631039295444,0.22484631039295444,0.2699615775982384,1.0,1.0,0.3,0.0,0.0,0.0,0.24289241727506802,0.02359420130391901,0.22484631039295444,0.22484631039295444,0.2699615775982384,1.0,1.0,0.3,0.0,0.0,0.0,1.0,0.7,0.7,0.7,0.7,0.7,0.3,0.0,0.7,0.3,0.0,0.7,0.3,0.0,0.7,0.3,0.0,0.7,0.0,0.7,0.7,0.7,0.7,0.7,0.0,0.0,0.0,0.0,0.7,0.7,1.0,1.0,1.0,0.7,0.0,0.0,0.0,0.0,0.0,1.0480555555568354,0.0026948568852589723,0.0026948568852589723,0.0,0.1,0,0,0,0,C1,0.0,0.0,0.24289241727506802,0.3,1.0,0.7,0.0,0.0,0.24289241727506802
phaseflip,phaseflip,0.15,3,0.0,10,qiskit_aer,1,1,0.6400000000000001,0.6400000000000001,0.0,0.0,0.0,0.0,0.0,0.0,0.3599999999999997,0.021628106713256233,0.3667499999999997,0.33806249999999977,0.3785624999999997,1.0,1.0,1.0,0.0,0.0,0.0,0.32984631039295437,0.021628106713256233,0.33659631039295435,0.3079088103929544,0.34840881039295435,1.0,1.0,0.0,0.0,0.0,0.0,0.3599999999999997,0.021628106713256233,0.3667499999999997,0.33806249999999977,0.3785624999999997,1.0,1.0,1.0,0.0,0.0,0.0,0.3599999999999997,0.021628106713256233,0.3667499999999997,0.33806249999999977,0.3785624999999997,1.0,1.0,1.0,0.0,0.0,0.0,0.3599999999999997,0.021628106713256233,0.3667499999999997,0.33806249999999977,0.3785624999999997,1.0,1.0,1.0,0.0,0.0,0.0,0.3599999999999997,0.021628106713256233,0.3667499999999997,0.33806249999999977,0.3785624999999997,1.0,1.0,1.0,0.0,0.0,0.0,1.0,0.0,0.0,0.0,0.0,0.0,1.0,0.0,0.0,1.0,0.0,0.0,1.0,0.0,0.0,1.0,0.0,0.0,0.0,0.0,0.0,0.0,0.0,0.0,0.0,0.0,0.0,0.0,0.0,0.0,1.0,1.0,1.0,0.0,0.0,0.0,0.0,0.0,0.0,-0.6399999999995658,0.0,0.0,0.0,0.0,0,0,0,0,C1,0.0,0.0,0.3599999999999997,1.0,1.0,0.0,0.0,0.0,0.3599999999999997
phaseflip,phaseflip,0.15,3,0.01,10,qiskit_aer,1,1,0.6400000000000001,0.38557500000000006,0.02222222222222222,0.0,0.0,0.0,0.0,0.0,0.3599999999999997,0.021628106713256233,0.3667499999999997,0.33806249999999977,0.3785624999999997,1.0,1.0,1.0,0.0,0.0,0.0,0.32984631039295437,0.021628106713256233,0.33659631039295435,0.3079088103929544,0.34840881039295435,1.0,1.0,0.0,0.0,0.0,0.0,0.3599999999999997,0.021628106713256233,0.3667499999999997,0.33806249999999977,0.3785624999999997,1.0,1.0,1.0,0.0,0.0,0.0,0.3599999999999997,0.021628106713256233,0.3667499999999997,0.33806249999999977,0.3785624999999997,1.0,1.0,1.0,0.0,0.0,0.0,0.3599999999999997,0.021628106713256233,0.3667499999999997,0.33806249999999977,0.3785624999999997,1.0,1.0,1.0,0.0,0.0,0.0,0.3599999999999997,0.021628106713256233,0.3667499999999997,0.33806249999999977,0.3785624999999997,1.0,1.0,1.0,0.0,0.0,0.0,1.0,0.0,0.0,0.0,0.0,0.0,1.0,0.0,0.0,1.0,0.0,0.0,1.0,0.0,0.0,1.0,0.0,0.0,0.0,0.0,0.0,0.0,0.0,0.0,0.0,0.0,0.0,0.0,0.0,0.0,1.0,1.0,1.0,0.0,0.0,0.0,0.0,0.0,0.0,-0.3855749999994992,0.0,0.0,0.0,0.01,0,0,0,0,C1,0.0,0.0,0.3599999999999997,1.0,1.0,0.0,0.0,0.0,0.3599999999999997
phaseflip,phaseflip,0.15,3,0.03,10,qiskit_aer,1,1,0.6400000000000001,0.3781138888888889,0.04444444444444444,0.0,0.0,0.0,0.0,0.0,0.3599999999999997,0.021628106713256233,0.3667499999999997,0.33806249999999977,0.3785624999999997,1.0,1.0,1.0,0.0,0.0,0.0,0.32984631039295437,0.021628106713256233,0.33659631039295435,0.3079088103929544,0.34840881039295435,1.0,1.0,0.0,0.0,0.0,0.0,0.3599999999999997,0.021628106713256233,0.3667499999999997,0.33806249999999977,0.3785624999999997,1.0,1.0,1.0,0.0,0.0,0.0,0.3599999999999997,0.021628106713256233,0.3667499999999997,0.33806249999999977,0.3785624999999997,1.0,1.0,1.0,0.0,0.0,0.0,0.3599999999999997,0.021628106713256233,0.3667499999999997,0.33806249999999977,0.3785624999999997,1.0,1.0,1.0,0.0,0.0,0.0,0.3599999999999997,0.021628106713256233,0.3667499999999997,0.33806249999999977,0.3785624999999997,1.0,1.0,1.0,0.0,0.0,0.0,1.0,0.0,0.0,0.0,0.0,0.0,1.0,0.0,0.0,1.0,0.0,0.0,1.0,0.0,0.0,1.0,0.0,0.0,0.0,0.0,0.0,0.0,0.0,0.0,0.0,0.0,0.0,0.0,0.0,0.0,1.0,1.0,1.0,0.0,0.0,0.0,0.0,0.0,0.0,-0.3781138888884547,0.0,0.0,0.0,0.03,0,0,0,0,C1,0.0,0.0,0.3599999999999997,1.0,1.0,0.0,0.0,0.0,0.3599999999999997
phaseflip,phaseflip,0.15,3,0.05,10,qiskit_aer,1,1,0.6400000000000001,0.38497500000000007,0.07777777777777778,0.0,0.0,0.0,0.0,0.0,0.3599999999999997,0.021628106713256233,0.3667499999999997,0.33806249999999977,0.3785624999999997,1.0,1.0,1.0,0.0,0.0,0.0,0.32984631039295437,0.021628106713256233,0.33659631039295435,0.3079088103929544,0.34840881039295435,1.0,1.0,0.0,0.0,0.0,0.0,0.3599999999999997,0.021628106713256233,0.3667499999999997,0.33806249999999977,0.3785624999999997,1.0,1.0,1.0,0.0,0.0,0.0,0.3599999999999997,0.021628106713256233,0.3667499999999997,0.33806249999999977,0.3785624999999997,1.0,1.0,1.0,0.0,0.0,0.0,0.3599999999999997,0.021628106713256233,0.3667499999999997,0.33806249999999977,0.3785624999999997,1.0,1.0,1.0,0.0,0.0,0.0,0.3599999999999997,0.021628106713256233,0.3667499999999997,0.33806249999999977,0.3785624999999997,1.0,1.0,1.0,0.0,0.0,0.0,1.0,0.0,0.0,0.0,0.0,0.0,1.0,0.0,0.0,1.0,0.0,0.0,1.0,0.0,0.0,1.0,0.0,0.0,0.0,0.0,0.0,0.0,0.0,0.0,0.0,0.0,0.0,0.0,0.0,0.0,1.0,1.0,1.0,0.0,0.0,0.0,0.0,0.0,0.0,-0.38497499999954693,0.0,0.0,0.0,0.05,0,0,0,0,C1,0.0,0.0,0.3599999999999997,1.0,1.0,0.0,0.0,0.0,0.3599999999999997
phaseflip,phaseflip,0.15,3,0.1,10,qiskit_aer,1,1,0.6400000000000001,0.38480000000000003,0.19999999999999998,0.0,0.0,0.0,0.0,0.0,0.3599999999999997,0.021628106713256233,0.3667499999999997,0.33806249999999977,0.3785624999999997,1.0,1.0,1.0,0.0,0.0,0.0,0.32984631039295437,0.021628106713256233,0.33659631039295435,0.3079088103929544,0.34840881039295435,1.0,1.0,0.0,0.0,0.0,0.0,0.3599999999999997,0.021628106713256233,0.3667499999999997,0.33806249999999977,0.3785624999999997,1.0,1.0,1.0,0.0,0.0,0.0,0.3599999999999997,0.021628106713256233,0.3667499999999997,0.33806249999999977,0.3785624999999997,1.0,1.0,1.0,0.0,0.0,0.0,0.3599999999999997,0.021628106713256233,0.3667499999999997,0.33806249999999977,0.3785624999999997,1.0,1.0,1.0,0.0,0.0,0.0,0.3599999999999997,0.021628106713256233,0.3667499999999997,0.33806249999999977,0.3785624999999997,1.0,1.0,1.0,0.0,0.0,0.0,1.0,0.0,0.0,0.0,0.0,0.0,1.0,0.0,0.0,1.0,0.0,0.0,1.0,0.0,0.0,1.0,0.0,0.0,0.0,0.0,0.0,0.0,0.0,0.0,0.0,0.0,0.0,0.0,0.0,0.0,1.0,1.0,1.0,0.0,0.0,0.0,0.0,0.0,0.0,-0.3847999999995469,0.0,0.0,0.0,0.1,0,0,0,0,C1,0.0,0.0,0.3599999999999997,1.0,1.0,0.0,0.0,0.0,0.3599999999999997
phaseflip,phaseflip,0.15,4,0.0,10,qiskit_aer,1,1,0.5656675,0.5656675,0.0,0.0,0.0,0.0,0.0,0.0,0.4343324999999998,0.02903058957806402,0.4504874999999998,0.42922499999999975,0.45599999999999974,1.0,0.9,1.0,0.0,0.0,0.0,0.40417881039295445,0.02903058957806402,0.4203338103929545,0.3990713103929544,0.4258463103929544,1.0,1.0,0.0,0.0,0.0,0.0,0.43131713103929525,0.029333002789418364,0.44261249999999974,0.41842223279471585,0.45599999999999974,1.0,1.0,0.9,0.0,0.0,0.0,0.43131713103929525,0.029333002789418364,0.44261249999999974,0.41842223279471585,0.45599999999999974,1.0,1.0,0.9,0.0,0.0,0.0,0.43131713103929525,0.029333002789418364,0.44261249999999974,0.41842223279471585,0.45599999999999974,1.0,1.0,0.9,0.0,0.0,0.0,0.43131713103929525,0.029333002789418364,0.44261249999999974,0.41842223279471585,0.45599999999999974,1.0,1.0,0.9,0.0,0.0,0.0,1.0,0.1,0.1,0.1,0.1,0.1,0.9,0.0,0.1,0.9,0.0,0.1,0.9,0.0,0.1,0.9,0.0,0.1,0.0,0.1,0.1,0.1,0.1,0.1,0.0,0.0,0.0,0.0,0.1,0.1,1.0,1.0,1.0,0.1,0.0,0.0,0.0,0.0,0.0,-0.3656674999999213,2.166112591183837e-21,2.166112591183837e-21,0.0,0.0,0,0,0,0,C1,0.0,0.0,0.43131713103929525,0.9,1.0,0.1,0.0,0.0,0.43131713103929525
phaseflip,phaseflip,0.15,4,0.01,10,qiskit_aer,1,1,0.5656675,0.30247333333333337,0.02222222222222222,0.0,0.0,0.0,0.0,0.0,0.4343324999999998,0.02903058957806402,0.4504874999999998,0.42922499999999975,0.45599999999999974,1.0,0.9,1.0,0.0,0.0,0.0,0.40417881039295445,0.02903058957806402,0.4203338103929545,0.3990713103929544,0.4258463103929544,1.0,1.0,0.0,0.0,0.0,0.0,0.43131713103929525,0.029333002789418364,0.44261249999999974,0.41842223279471585,0.45599999999999974,1.0,1.0,0.9,0.0,0.0,0.0,0.43131713103929525,0.029333002789418364,0.44261249999999974,0.41842223279471585,0.45599999999999974,1.0,1.0,0.9,0.0,0.0,0.0,0.43131713103929525,0.029333002789418364,0.44261249999999974,0.41842223279471585,0.45599999999999974,1.0,1.0,0.9,0.0,0.0,0.0,0.43131713103929525,0.029333002789418364,0.44261249999999974,0.41842223279471585,0.45599999999999974,1.0,1.0,0.9,0.0,0.0,0.0,1.0,0.1,0.1,0.1,0.1,0.1,0.9,0.0,0.1,0.9,0.0,0.1,0.9,0.0,0.1,0.9,0.0,0.1,0.0,0.1,0.1,0.1,0.1,0.1,0.0,0.0,0.0,0.0,0.1,0.1,1.0,1.0,1.0,0.1,0.0,0.0,0.0,0.0,0.0,-0.10247333333324302,9.33517426776006e-22,9.33517426776006e-22,0.0,0.01,0,0,0,0,C1,0.0,0.0,0.43131713103929525,0.9,1.0,0.1,0.0,0.0,0.43131713103929525
phaseflip,phaseflip,0.15,4,0.03,10,qiskit_aer,1,1,0.5656675,0.30247333333333337,0.04444444444444444,0.0,0.0,0.0,0.0,0.0,0.4343324999999998,0.02903058957806402,0.4504874999999998,0.42922499999999975,0.45599999999999974,1.0,1.0,1.0,0.0,0.0,0.0,0.40417881039295445,0.02903058957806402,0.4203338103929545,0.3990713103929544,0.4258463103929544,1.0,1.0,0.0,0.0,0.0,0.0,0.4343324999999998,0.02903058957806402,0.4504874999999998,0.42922499999999975,0.45599999999999974,1.0,1.0,1.0,0.0,0.0,0.0,0.4343324999999998,0.02903058957806402,0.4504874999999998,0.42922499999999975,0.45599999999999974,1.0,1.0,1.0,0.0,0.0,0.0,0.4343324999999998,0.02903058957806402,0.4504874999999998,0.42922499999999975,0.45599999999999974,1.0,1.0,1.0,0.0,0.0,0.0,0.4343324999999998,0.02903058957806402,0.4504874999999998,0.42922499999999975,0.45599999999999974,1.0,1.0,1.0,0.0,0.0,0.0,1.0,0.0,0.0,0.0,0.0,0.0,1.0,0.0,0.0,1.0,0.0,0.0,1.0,0.0,0.0,1.0,0.0,0.0,0.0,0.0,0.0,0.0,0.0,0.0,0.0,0.0,0.0,0.0,0.0,0.0,1.0,1.0,1.0,0.0,0.0,0.0,0.0,0.0,0.0,-0.302473333333265,0.0,0.0,0.0,0.03,0,0,0,0,C1,0.0,0.0,0.4343324999999998,1.0,1.0,0.0,0.0,0.0,0.4343324999999998
phaseflip,phaseflip,0.15,4,0.05,10,qiskit_aer,1,1,0.5656675,0.2964288888888889,0.07777777777777778,0.0,0.0,0.0,0.0,0.0,0.4343324999999998,0.02903058957806402,0.4504874999999998,0.42922499999999975,0.45599999999999974,1.0,0.9,1.0,0.0,0.0,0.0,0.40417881039295445,0.02903058957806402,0.4203338103929545,0.3990713103929544,0.4258463103929544,1.0,1.0,0.0,0.0,0.0,0.0,0.43131713103929525,0.029333002789418364,0.44261249999999974,0.41842223279471585,0.45599999999999974,1.0,1.0,0.9,0.0,0.0,0.0,0.43131713103929525,0.029333002789418364,0.44261249999999974,0.41842223279471585,0.45599999999999974,1.0,1.0,0.9,0.0,0.0,0.0,0.43131713103929525,0.029333002789418364,0.44261249999999974,0.41842223279471585,0.45599999999999974,1.0,1.0,0.9,0.0,0.0,0.0,0.43131713103929525,0.029333002789418364,0.44261249999999974,0.41842223279471585,0.45599999999999974,1.0,1.0,0.9,0.0,0.0,0.0,1.0,0.1,0.1,0.1,0.1,0.1,0.9,0.0,0.1,0.9,0.0,0.1,0.9,0.0,0.1,0.9,0.0,0.1,0.0,0.1,0.1,0.1,0.1,0.1,0.0,0.0,0.0,0.0,0.1,0.1,1.0,1.0,1.0,0.1,0.0,0.0,0.0,0.0,0.0,-0.0964288888887986,9.33517426776006e-22,9.33517426776006e-22,0.0,0.05,0,0,0,0,C1,0.0,0.0,0.43131713103929525,0.9,1.0,0.1,0.0,0.0,0.43131713103929525
phaseflip,phaseflip,0.15,4,0.1,10,qiskit_aer,1,1,0.5656675,0.3215741666666667,0.19999999999999998,0.0,0.0,0.0,0.0,0.0,0.4343324999999998,0.02903058957806402,0.4504874999999998,0.42922499999999975,0.45599999999999974,1.0,1.0,1.0,0.0,0.0,0.0,0.40417881039295445,0.02903058957806402,0.4203338103929545,0.3990713103929544,0.4258463103929544,1.0,1.0,0.0,0.0,0.0,0.0,0.4343324999999998,0.02903058957806402,0.4504874999999998,0.42922499999999975,0.45599999999999974,1.0,1.0,1.0,0.0,0.0,0.0,0.4343324999999998,0.02903058957806402,0.4504874999999998,0.42922499999999975,0.45599999999999974,1.0,1.0,1.0,0.0,0.0,0.0,0.4343324999999998,0.02903058957806402,0.4504874999999998,0.42922499999999975,0.45599999999999974,1.0,1.0,1.0,0.0,0.0,0.0,0.4343324999999998,0.02903058957806402,0.4504874999999998,0.42922499999999975,0.45599999999999974,1.0,1.0,1.0,0.0,0.0,0.0,1.0,0.0,0.0,0.0,0.0,0.0,1.0,0.0,0.0,1.0,0.0,0.0,1.0,0.0,0.0,1.0,0.0,0.0,0.0,0.0,0.0,0.0,0.0,0.0,0.0,0.0,0.0,0.0,0.0,0.0,1.0,1.0,1.0,0.0,0.0,0.0,0.0,0.0,0.0,-0.3215741666665984,0.0,0.0,0.0,0.1,0,0,0,0,C1,0.0,0.0,0.4343324999999998,1.0,1.0,0.0,0.0,0.0,0.4343324999999998
phaseflip,phaseflip,0.2,1,0.0,10,qiskit_aer,1,1,0.8,0.8,0.0,0.0,0.0,0.0,0.0,0.0,0.19999999999999973,0.0,0.19999999999999973,0.19999999999999973,0.19999999999999973,1.0,0.3,1.0,0.0,0.0,0.0,0.1698463103929544,0.0,0.1698463103929544,0.1698463103929544,0.1698463103929544,1.0,1.0,0.0,0.0,0.0,0.0,0.178892417275068,0.013818156510648851,0.1698463103929544,0.1698463103929544,0.1924615775982384,1.0,1.0,0.3,0.0,0.0,0.0,0.178892417275068,0.013818156510648851,0.1698463103929544,0.1698463103929544,0.1924615775982384,1.0,1.0,0.3,0.0,0.0,0.0,0.178892417275068,0.013818156510648851,0.1698463103929544,0.1698463103929544,0.1924615775982384,1.0,1.0,0.3,0.0,0.0,0.0,0.178892417275068,0.013818156510648851,0.1698463103929544,0.1698463103929544,0.1924615775982384,1.0,1.0,0.3,0.0,0.0,0.0,1.0,0.7,0.7,0.7,0.7,0.7,0.3,0.0,0.7,0.3,0.0,0.7,0.3,0.0,0.7,0.3,0.0,0.7,0.0,0.7,0.7,0.7,0.7,0.7,0.0,0.0,0.0,0.0,0.7,0.7,1.0,1.0,1.0,0.7,0.0,0.0,0.0,0.0,0.0,0.6000000000071077,0.059374452831331095,0.059374452831331095,0.0,0.0,0,0,0,0,C1,0.0,0.0,0.178892417275068,0.3,1.0,0.7,0.0,0.0,0.178892417275068
phaseflip,phaseflip,0.2,1,0.01,10,qiskit_aer,1,1,0.8,0.5333333333333333,0.03333333333333333,0.0,0.0,0.0,0.0,0.0,0.19999999999999973,0.0,0.19999999999999973,0.19999999999999973,0.19999999999999973,1.0,0.3,1.0,0.0,0.0,0.0,0.1698463103929544,0.0,0.1698463103929544,0.1698463103929544,0.1698463103929544,1.0,1.0,0.0,0.0,0.0,0.0,0.178892417275068,0.013818156510648851,0.1698463103929544,0.1698463103929544,0.1924615775982384,1.0,1.0,0.3,0.0,0.0,0.0,0.178892417275068,0.013818156510648851,0.1698463103929544,0.1698463103929544,0.1924615775982384,1.0,1.0,0.3,0.0,0.0,0.0,0.178892417275068,0.013818156510648851,0.1698463103929544,0.1698463103929544,0.1924615775982384,1.0,1.0,0.3,0.0,0.0,0.0,0.178892417275068,0.013818156510648851,0.1698463103929544,0.1698463103929544,0.1924615775982384,1.0,1.0,0.3,0.0,0.0,0.0,1.0,0.7,0.7,0.7,0.7,0.7,0.3,0.0,0.7,0.3,0.0,0.7,0.3,0.0,0.7,0.3,0.0,0.7,0.0,0.7,0.7,0.7,0.7,0.7,0.0,0.0,0.0,0.0,0.7,0.7,1.0,1.0,1.0,0.7,0.0,0.0,0.0,0.0,0.0,0.8666666666737745,0.059374452831331095,0.059374452831331095,0.0,0.01,0,0,0,0,C1,0.0,0.0,0.178892417275068,0.3,1.0,0.7,0.0,0.0,0.178892417275068
phaseflip,phaseflip,0.2,1,0.03,10,qiskit_aer,1,1,0.8,0.48000000000000004,0.1111111111111111,0.0,0.0,0.0,0.0,0.0,0.19999999999999973,0.0,0.19999999999999973,0.19999999999999973,0.19999999999999973,1.0,0.3,1.0,0.0,0.0,0.0,0.1698463103929544,0.0,0.1698463103929544,0.1698463103929544,0.1698463103929544,1.0,1.0,0.0,0.0,0.0,0.0,0.178892417275068,0.013818156510648851,0.1698463103929544,0.1698463103929544,0.1924615775982384,1.0,1.0,0.3,0.0,0.0,0.0,0.178892417275068,0.013818156510648851,0.1698463103929544,0.1698463103929544,0.1924615775982384,1.0,1.0,0.3,0.0,0.0,0.0,0.178892417275068,0.013818156510648851,0.1698463103929544,0.1698463103929544,0.1924615775982384,1.0,1.0,0.3,0.0,0.0,0.0,0.178892417275068,0.013818156510648851,0.1698463103929544,0.1698463103929544,0.1924615775982384,1.0,1.0,0.3,0.0,0.0,0.0,1.0,0.7,0.7,0.7,0.7,0.7,0.3,0.0,0.7,0.3,0.0,0.7,0.3,0.0,0.7,0.3,0.0,0.7,0.0,0.7,0.7,0.7,0.7,0.7,0.0,0.0,0.0,0.0,0.7,0.7,1.0,1.0,1.0,0.7,0.0,0.0,0.0,0.0,0.0,0.9200000000071077,0.059374452831331095,0.059374452831331095,0.0,0.03,0,0,0,0,C1,0.0,0.0,0.178892417275068,0.3,1.0,0.7,0.0,0.0,0.178892417275068
phaseflip,phaseflip,0.2,1,0.05,10,qiskit_aer,1,1,0.8,0.47111111111111115,0.15555555555555556,0.0,0.0,0.0,0.0,0.0,0.19999999999999973,0.0,0.19999999999999973,0.19999999999999973,0.19999999999999973,1.0,0.3,1.0,0.0,0.0,0.0,0.1698463103929544,0.0,0.1698463103929544,0.1698463103929544,0.1698463103929544,1.0,1.0,0.0,0.0,0.0,0.0,0.178892417275068,0.013818156510648851,0.1698463103929544,0.1698463103929544,0.1924615775982384,1.0,1.0,0.3,0.0,0.0,0.0,0.178892417275068,0.013818156510648851,0.1698463103929544,0.1698463103929544,0.1924615775982384,1.0,1.0,0.3,0.0,0.0,0.0,0.178892417275068,0.013818156510648851,0.1698463103929544,0.1698463103929544,0.1924615775982384,1.0,1.0,0.3,0.0,0.0,0.0,0.178892417275068,0.013818156510648851,0.1698463103929544,0.1698463103929544,0.1924615775982384,1.0,1.0,0.3,0.0,0.0,0.0,1.0,0.7,0.7,0.7,0.7,0.7,0.3,0.0,0.7,0.3,0.0,0.7,0.3,0.0,0.7,0.3,0.0,0.7,0.0,0.7,0.7,0.7,0.7,0.7,0.0,0.0,0.0,0.0,0.7,0.7,1.0,1.0,1.0,0.7,0.0,0.0,0.0,0.0,0.0,0.9288888888959965,0.059374452831331095,0.059374452831331095,0.0,0.05,0,0,0,0,C1,0.0,0.0,0.178892417275068,0.3,1.0,0.7,0.0,0.0,0.178892417275068
phaseflip,phaseflip,0.2,1,0.1,10,qiskit_aer,1,1,0.8,0.4177777777777778,0.25555555555555554,0.0,0.0,0.0,0.0,0.0,0.19999999999999973,0.0,0.19999999999999973,0.19999999999999973,0.19999999999999973,1.0,0.3,1.0,0.0,0.0,0.0,0.1698463103929544,0.0,0.1698463103929544,0.1698463103929544,0.1698463103929544,1.0,1.0,0.0,0.0,0.0,0.0,0.178892417275068,0.013818156510648851,0.1698463103929544,0.1698463103929544,0.1924615775982384,1.0,1.0,0.3,0.0,0.0,0.0,0.178892417275068,0.013818156510648851,0.1698463103929544,0.1698463103929544,0.1924615775982384,1.0,1.0,0.3,0.0,0.0,0.0,0.178892417275068,0.013818156510648851,0.1698463103929544,0.1698463103929544,0.1924615775982384,1.0,1.0,0.3,0.0,0.0,0.0,0.178892417275068,0.013818156510648851,0.1698463103929544,0.1698463103929544,0.1924615775982384,1.0,1.0,0.3,0.0,0.0,0.0,1.0,0.7,0.7,0.7,0.7,0.7,0.3,0.0,0.7,0.3,0.0,0.7,0.3,0.0,0.7,0.3,0.0,0.7,0.0,0.7,0.7,0.7,0.7,0.7,0.0,0.0,0.0,0.0,0.7,0.7,1.0,1.0,1.0,0.7,0.0,0.0,0.0,0.0,0.0,0.9822222222293299,0.059374452831331095,0.059374452831331095,0.0,0.1,0,0,0,0,C1,0.0,0.0,0.178892417275068,0.3,1.0,0.7,0.0,0.0,0.178892417275068
phaseflip,phaseflip,0.2,2,0.0,10,qiskit_aer,1,1,0.6640000000000001,0.6640000000000001,0.0,0.0,0.0,0.0,0.0,0.0,0.3359999999999998,0.019595917942265496,0.31999999999999973,0.31999999999999973,0.3599999999999999,1.0,0.0,1.0,0.0,0.0,0.0,0.30584631039295446,0.019595917942265496,0.2898463103929544,0.2898463103929544,0.32984631039295453,1.0,1.0,0.0,0.0,0.0,0.0,0.30584631039295446,0.019595917942265496,0.2898463103929544,0.2898463103929544,0.32984631039295453,1.0,1.0,0.0,0.0,0.0,0.0,0.30584631039295446,0.019595917942265496,0.2898463103929544,0.2898463103929544,0.32984631039295453,1.0,1.0,0.0,0.0,0.0,0.0,0.30584631039295446,0.019595917942265496,0.2898463103929544,0.2898463103929544,0.32984631039295453,1.0,1.0,0.0,0.0,0.0,0.0,0.30584631039295446,0.019595917942265496,0.2898463103929544,0.2898463103929544,0.32984631039295453,1.0,1.0,0.0,0.0,0.0,0.0,1.0,1.0,1.0,1.0,1.0,1.0,0.0,0.0,1.0,0.0,0.0,1.0,0.0,0.0,1.0,0.0,0.0,1.0,0.0,1.0,1.0,1.0,1.0,1.0,0.0,0.0,0.0,0.0,1.0,1.0,1.0,1.0,1.0,1.0,0.0,0.0,0.0,0.0,0.0,1.3360000000005277,2.0428530747430538e-20,2.0428530747430538e-20,0.0,0.0,0,0,0,0,C1,0.0,0.0,0.30584631039295446,0.0,1.0,1.0,0.0,0.0,0.30584631039295446
phaseflip,phaseflip,0.2,2,0.01,10,qiskit_aer,1,1,0.6640000000000001,0.37644444444444447,0.03333333333333333,0.0,0.0,0.0,0.0,0.0,0.3359999999999998,0.019595917942265496,0.31999999999999973,0.31999999999999973,0.3599999999999999,1.0,0.0,1.0,0.0,0.0,0.0,0.30584631039295446,0.019595917942265496,0.2898463103929544,0.2898463103929544,0.32984631039295453,1.0,1.0,0.0,0.0,0.0,0.0,0.30584631039295446,0.019595917942265496,0.2898463103929544,0.2898463103929544,0.32984631039295453,1.0,1.0,0.0,0.0,0.0,0.0,0.30584631039295446,0.019595917942265496,0.2898463103929544,0.2898463103929544,0.32984631039295453,1.0,1.0,0.0,0.0,0.0,0.0,0.30584631039295446,0.019595917942265496,0.2898463103929544,0.2898463103929544,0.32984631039295453,1.0,1.0,0.0,0.0,0.0,0.0,0.30584631039295446,0.019595917942265496,0.2898463103929544,0.2898463103929544,0.32984631039295453,1.0,1.0,0.0,0.0,0.0,0.0,1.0,1.0,1.0,1.0,1.0,1.0,0.0,0.0,1.0,0.0,0.0,1.0,0.0,0.0,1.0,0.0,0.0,1.0,0.0,1.0,1.0,1.0,1.0,1.0,0.0,0.0,0.0,0.0,1.0,1.0,1.0,1.0,1.0,1.0,0.0,0.0,0.0,0.0,0.0,1.6235555555560832,2.0428530747430538e-20,2.0428530747430538e-20,0.0,0.01,0,0,0,0,C1,0.0,0.0,0.30584631039295446,0.0,1.0,1.0,0.0,0.0,0.30584631039295446
phaseflip,phaseflip,0.2,2,0.03,10,qiskit_aer,1,1,0.6640000000000001,0.332,0.1111111111111111,0.0,0.0,0.0,0.0,0.0,0.3359999999999998,0.019595917942265496,0.31999999999999973,0.31999999999999973,0.3599999999999999,1.0,0.1,1.0,0.0,0.0,0.0,0.30584631039295446,0.019595917942265496,0.2898463103929544,0.2898463103929544,0.32984631039295453,1.0,1.0,0.0,0.0,0.0,0.0,0.308861679353659,0.02470970982906202,0.2898463103929544,0.2898463103929544,0.32984631039295453,1.0,1.0,0.1,0.0,0.0,0.0,0.308861679353659,0.02470970982906202,0.2898463103929544,0.2898463103929544,0.32984631039295453,1.0,1.0,0.1,0.0,0.0,0.0,0.308861679353659,0.02470970982906202,0.2898463103929544,0.2898463103929544,0.32984631039295453,1.0,1.0,0.1,0.0,0.0,0.0,0.308861679353659,0.02470970982906202,0.2898463103929544,0.2898463103929544,0.32984631039295453,1.0,1.0,0.1,0.0,0.0,0.0,1.0,0.9,0.9,0.9,0.9,0.9,0.1,0.0,0.9,0.1,0.0,0.9,0.1,0.0,0.9,0.1,0.0,0.9,0.0,0.9,0.9,0.9,0.9,0.9,0.0,0.0,0.0,0.0,0.9,0.9,1.0,1.0,1.0,0.9,0.0,0.0,0.0,0.0,0.0,1.4680000000005327,1.702982299183887e-20,1.702982299183887e-20,0.0,0.03,0,0,0,0,C1,0.0,0.0,0.308861679353659,0.1,1.0,0.9,0.0,0.0,0.308861679353659
phaseflip,phaseflip,0.2,2,0.05,10,qiskit_aer,1,1,0.6640000000000001,0.3244444444444445,0.15555555555555556,0.0,0.0,0.0,0.0,0.0,0.3359999999999998,0.019595917942265496,0.31999999999999973,0.31999999999999973,0.3599999999999999,1.0,0.0,1.0,0.0,0.0,0.0,0.30584631039295446,0.019595917942265496,0.2898463103929544,0.2898463103929544,0.32984631039295453,1.0,1.0,0.0,0.0,0.0,0.0,0.30584631039295446,0.019595917942265496,0.2898463103929544,0.2898463103929544,0.32984631039295453,1.0,1.0,0.0,0.0,0.0,0.0,0.30584631039295446,0.019595917942265496,0.2898463103929544,0.2898463103929544,0.32984631039295453,1.0,1.0,0.0,0.0,0.0,0.0,0.30584631039295446,0.019595917942265496,0.2898463103929544,0.2898463103929544,0.32984631039295453,1.0,1.0,0.0,0.0,0.0,0.0,0.30584631039295446,0.019595917942265496,0.2898463103929544,0.2898463103929544,0.32984631039295453,1.0,1.0,0.0,0.0,0.0,0.0,1.0,1.0,1.0,1.0,1.0,1.0,0.0,0.0,1.0,0.0,0.0,1.0,0.0,0.0,1.0,0.0,0.0,1.0,0.0,1.0,1.0,1.0,1.0,1.0,0.0,0.0,0.0,0.0,1.0,1.0,1.0,1.0,1.0,1.0,0.0,0.0,0.0,0.0,0.0,1.6755555555561121,1.9195935583022707e-20,1.9195935583022707e-20,0.0,0.05,0,0,0,0,C1,0.0,0.0,0.30584631039295446,0.0,1.0,1.0,0.0,0.0,0.30584631039295446
phaseflip,phaseflip,0.2,2,0.1,10,qiskit_aer,1,1,0.6640000000000001,0.3026666666666667,0.25555555555555554,0.0,0.0,0.0,0.0,0.0,0.3359999999999998,0.019595917942265496,0.31999999999999973,0.31999999999999973,0.3599999999999999,1.0,0.1,1.0,0.0,0.0,0.0,0.30584631039295446,0.019595917942265496,0.2898463103929544,0.2898463103929544,0.32984631039295453,1.0,1.0,0.0,0.0,0.0,0.0,0.308861679353659,0.02470970982906202,0.2898463103929544,0.2898463103929544,0.32984631039295453,1.0,1.0,0.1,0.0,0.0,0.0,0.308861679353659,0.02470970982906202,0.2898463103929544,0.2898463103929544,0.32984631039295453,1.0,1.0,0.1,0.0,0.0,0.0,0.308861679353659,0.02470970982906202,0.2898463103929544,0.2898463103929544,0.32984631039295453,1.0,1.0,0.1,0.0,0.0,0.0,0.308861679353659,0.02470970982906202,0.2898463103929544,0.2898463103929544,0.32984631039295453,1.0,1.0,0.1,0.0,0.0,0.0,1.0,0.9,0.9,0.9,0.9,0.9,0.1,0.0,0.9,0.1,0.0,0.9,0.1,0.0,0.9,0.1,0.0,0.9,0.0,0.9,0.9,0.9,0.9,0.9,0.0,0.0,0.0,0.0,0.9,0.9,1.0,1.0,1.0,0.9,0.0,0.0,0.0,0.0,0.0,1.4973333333338372,1.82624181562467e-20,1.82624181562467e-20,0.0,0.1,0,0,0,0,C1,0.0,0.0,0.308861679353659,0.1,1.0,0.9,0.0,0.0,0.308861679353659
phaseflip,phaseflip,0.2,3,0.0,10,qiskit_aer,1,1,0.556,0.556,0.0,0.0,0.0,0.0,0.0,0.0,0.44399999999999984,0.035462656414882346,0.4559999999999998,0.40799999999999986,0.4739999999999998,1.0,0.8,1.0,0.0,0.0,0.0,0.4138463103929545,0.035462656414882346,0.42584631039295445,0.3778463103929545,0.44384631039295447,1.0,1.0,0.0,0.0,0.0,0.0,0.43796926207859077,0.040550076650522425,0.45599999999999974,0.4004615775982385,0.4739999999999998,1.0,1.0,0.8,0.0,0.0,0.0,0.43796926207859077,0.040550076650522425,0.45599999999999974,0.4004615775982385,0.4739999999999998,1.0,1.0,0.8,0.0,0.0,0.0,0.43796926207859077,0.040550076650522425,0.45599999999999974,0.4004615775982385,0.4739999999999998,1.0,1.0,0.8,0.0,0.0,0.0,0.43796926207859077,0.040550076650522425,0.45599999999999974,0.4004615775982385,0.4739999999999998,1.0,1.0,0.8,0.0,0.0,0.0,1.0,0.2,0.2,0.2,0.2,0.2,0.8,0.0,0.2,0.8,0.0,0.2,0.8,0.0,0.2,0.8,0.0,0.2,0.0,0.2,0.2,0.2,0.2,0.2,0.0,0.0,0.0,0.0,0.2,0.2,1.0,1.0,1.0,0.2,0.0,0.0,0.0,0.0,0.0,-0.1559999999998035,4.332225182367674e-21,4.332225182367674e-21,0.0,0.0,0,0,0,0,C1,0.0,0.0,0.43796926207859077,0.8,1.0,0.2,0.0,0.0,0.43796926207859077
phaseflip,phaseflip,0.2,3,0.01,10,qiskit_aer,1,1,0.556,0.2992,0.02222222222222222,0.0,0.0,0.0,0.0,0.0,0.44399999999999984,0.035462656414882346,0.4559999999999998,0.40799999999999986,0.4739999999999998,1.0,0.8,1.0,0.0,0.0,0.0,0.4138463103929545,0.035462656414882346,0.42584631039295445,0.3778463103929545,0.44384631039295447,1.0,1.0,0.0,0.0,0.0,0.0,0.43796926207859077,0.040550076650522425,0.45599999999999974,0.4004615775982385,0.4739999999999998,1.0,1.0,0.8,0.0,0.0,0.0,0.43796926207859077,0.040550076650522425,0.45599999999999974,0.4004615775982385,0.4739999999999998,1.0,1.0,0.8,0.0,0.0,0.0,0.43796926207859077,0.040550076650522425,0.45599999999999974,0.4004615775982385,0.4739999999999998,1.0,1.0,0.8,0.0,0.0,0.0,0.43796926207859077,0.040550076650522425,0.45599999999999974,0.4004615775982385,0.4739999999999998,1.0,1.0,0.8,0.0,0.0,0.0,1.0,0.2,0.2,0.2,0.2,0.2,0.8,0.0,0.2,0.8,0.0,0.2,0.8,0.0,0.2,0.8,0.0,0.2,0.0,0.2,0.2,0.2,0.2,0.2,0.0,0.0,0.0,0.0,0.2,0.2,1.0,1.0,1.0,0.2,0.0,0.0,0.0,0.0,0.0,0.10080000000019647,4.332225182367674e-21,4.332225182367674e-21,0.0,0.01,0,0,0,0,C1,0.0,0.0,0.43796926207859077,0.8,1.0,0.2,0.0,0.0,0.43796926207859077
phaseflip,phaseflip,0.2,3,0.03,10,qiskit_aer,1,1,0.556,0.2992,0.04444444444444444,0.0,0.0,0.0,0.0,0.0,0.44399999999999984,0.035462656414882346,0.4559999999999998,0.40799999999999986,0.4739999999999998,1.0,0.8,1.0,0.0,0.0,0.0,0.4138463103929545,0.035462656414882346,0.42584631039295445,0.3778463103929545,0.44384631039295447,1.0,1.0,0.0,0.0,0.0,0.0,0.43796926207859077,0.040550076650522425,0.45599999999999974,0.4004615775982385,0.4739999999999998,1.0,1.0,0.8,0.0,0.0,0.0,0.43796926207859077,0.040550076650522425,0.45599999999999974,0.4004615775982385,0.4739999999999998,1.0,1.0,0.8,0.0,0.0,0.0,0.43796926207859077,0.040550076650522425,0.45599999999999974,0.4004615775982385,0.4739999999999998,1.0,1.0,0.8,0.0,0.0,0.0,0.43796926207859077,0.040550076650522425,0.45599999999999974,0.4004615775982385,0.4739999999999998,1.0,1.0,0.8,0.0,0.0,0.0,1.0,0.2,0.2,0.2,0.2,0.2,0.8,0.0,0.2,0.8,0.0,0.2,0.8,0.0,0.2,0.8,0.0,0.2,0.0,0.2,0.2,0.2,0.2,0.2,0.0,0.0,0.0,0.0,0.2,0.2,1.0,1.0,1.0,0.2,0.0,0.0,0.0,0.0,0.0,0.10080000000020561,4.332225182367674e-21,4.332225182367674e-21,0.0,0.03,0,0,0,0,C1,0.0,0.0,0.43796926207859077,0.8,1.0,0.2,0.0,0.0,0.43796926207859077
phaseflip,phaseflip,0.2,3,0.05,10,qiskit_aer,1,1,0.556,0.2992,0.07777777777777778,0.0,0.0,0.0,0.0,0.0,0.44399999999999984,0.035462656414882346,0.4559999999999998,0.40799999999999986,0.4739999999999998,1.0,0.8,1.0,0.0,0.0,0.0,0.4138463103929545,0.035462656414882346,0.42584631039295445,0.3778463103929545,0.44384631039295447,1.0,1.0,0.0,0.0,0.0,0.0,0.43796926207859077,0.040550076650522425,0.45599999999999974,0.4004615775982385,0.4739999999999998,1.0,1.0,0.8,0.0,0.0,0.0,0.43796926207859077,0.040550076650522425,0.45599999999999974,0.4004615775982385,0.4739999999999998,1.0,1.0,0.8,0.0,0.0,0.0,0.43796926207859077,0.040550076650522425,0.45599999999999974,0.4004615775982385,0.4739999999999998,1.0,1.0,0.8,0.0,0.0,0.0,0.43796926207859077,0.040550076650522425,0.45599999999999974,0.4004615775982385,0.4739999999999998,1.0,1.0,0.8,0.0,0.0,0.0,1.0,0.2,0.2,0.2,0.2,0.2,0.8,0.0,0.2,0.8,0.0,0.2,0.8,0.0,0.2,0.8,0.0,0.2,0.0,0.2,0.2,0.2,0.2,0.2,0.0,0.0,0.0,0.0,0.2,0.2,1.0,1.0,1.0,0.2,0.0,0.0,0.0,0.0,0.0,0.10080000000020557,4.332225182367674e-21,4.332225182367674e-21,0.0,0.05,0,0,0,0,C1,0.0,0.0,0.43796926207859077,0.8,1.0,0.2,0.0,0.0,0.43796926207859077
phaseflip,phaseflip,0.2,3,0.1,10,qiskit_aer,1,1,0.556,0.3168,0.19999999999999998,0.0,0.0,0.0,0.0,0.0,0.44399999999999984,0.035462656414882346,0.4559999999999998,0.40799999999999986,0.4739999999999998,1.0,0.8,1.0,0.0,0.0,0.0,0.4138463103929545,0.035462656414882346,0.42584631039295445,0.3778463103929545,0.44384631039295447,1.0,1.0,0.0,0.0,0.0,0.0,0.43796926207859077,0.040550076650522425,0.45599999999999974,0.4004615775982385,0.4739999999999998,1.0,1.0,0.8,0.0,0.0,0.0,0.43796926207859077,0.040550076650522425,0.45599999999999974,0.4004615775982385,0.4739999999999998,1.0,1.0,0.8,0.0,0.0,0.0,0.43796926207859077,0.040550076650522425,0.45599999999999974,0.4004615775982385,0.4739999999999998,1.0,1.0,0.8,0.0,0.0,0.0,0.43796926207859077,0.040550076650522425,0.45599999999999974,0.4004615775982385,0.4739999999999998,1.0,1.0,0.8,0.0,0.0,0.0,1.0,0.2,0.2,0.2,0.2,0.2,0.8,0.0,0.2,0.8,0.0,0.2,0.8,0.0,0.2,0.8,0.0,0.2,0.0,0.2,0.2,0.2,0.2,0.2,0.0,0.0,0.0,0.0,0.2,0.2,1.0,1.0,1.0,0.2,0.0,0.0,0.0,0.0,0.0,0.08320000000019263,4.332225182367674e-21,4.332225182367674e-21,0.0,0.1,0,0,0,0,C1,0.0,0.0,0.43796926207859077,0.8,1.0,0.2,0.0,0.0,0.43796926207859077
phaseflip,phaseflip,0.2,4,0.0,10,qiskit_aer,1,1,0.48048,0.48048,0.0,0.0,0.0,0.0,0.0,0.0,0.5195199999999999,0.04459983856473026,0.5447999999999998,0.5135999999999998,0.5519999999999998,1.0,1.0,1.0,0.0,0.0,0.0,0.4893663103929545,0.04459983856473026,0.5146463103929545,0.4834463103929545,0.5218463103929545,1.0,1.0,0.0,0.0,0.0,0.0,0.5195199999999999,0.04459983856473026,0.5447999999999998,0.5135999999999998,0.5519999999999998,1.0,1.0,1.0,0.0,0.0,0.0,0.5195199999999999,0.04459983856473026,0.5447999999999998,0.5135999999999998,0.5519999999999998,1.0,1.0,1.0,0.0,0.0,0.0,0.5195199999999999,0.04459983856473026,0.5447999999999998,0.5135999999999998,0.5519999999999998,1.0,1.0,1.0,0.0,0.0,0.0,0.5195199999999999,0.04459983856473026,0.5447999999999998,0.5135999999999998,0.5519999999999998,1.0,1.0,1.0,0.0,0.0,0.0,1.0,0.0,0.0,0.0,0.0,0.0,1.0,0.0,0.0,1.0,0.0,0.0,1.0,0.0,0.0,1.0,0.0,0.0,0.0,0.0,0.0,0.0,0.0,0.0,0.0,0.0,0.0,0.0,0.0,0.0,1.0,1.0,1.0,0.0,0.0,0.0,0.0,0.0,0.0,-0.4804799999999164,0.0,0.0,0.0,0.0,0,0,0,0,C1,0.0,0.0,0.5195199999999999,1.0,1.0,0.0,0.0,0.0,0.5195199999999999
phaseflip,phaseflip,0.2,4,0.01,10,qiskit_aer,1,1,0.48048,0.22225777777777778,0.02222222222222222,0.0,0.0,0.0,0.0,0.0,0.5195199999999999,0.04459983856473026,0.5447999999999998,0.5135999999999998,0.5519999999999998,1.0,0.9,1.0,0.0,0.0,0.0,0.4893663103929545,0.04459983856473026,0.5146463103929545,0.4834463103929545,0.5218463103929545,1.0,1.0,0.0,0.0,0.0,0.0,0.5165046310392953,0.0458985796971689,0.5447999999999998,0.4909847327947159,0.5519999999999998,1.0,1.0,0.9,0.0,0.0,0.0,0.5165046310392953,0.0458985796971689,0.5447999999999998,0.4909847327947159,0.5519999999999998,1.0,1.0,0.9,0.0,0.0,0.0,0.5165046310392953,0.0458985796971689,0.5447999999999998,0.4909847327947159,0.5519999999999998,1.0,1.0,0.9,0.0,0.0,0.0,0.5165046310392953,0.0458985796971689,0.5447999999999998,0.4909847327947159,0.5519999999999998,1.0,1.0,0.9,0.0,0.0,0.0,1.0,0.1,0.1,0.1,0.1,0.1,0.9,0.0,0.1,0.9,0.0,0.1,0.9,0.0,0.1,0.9,0.0,0.1,0.0,0.1,0.1,0.1,0.1,0.1,0.0,0.0,0.0,0.0,0.1,0.1,1.0,1.0,1.0,0.1,0.0,0.0,0.0,0.0,0.0,-0.022257777777688448,2.166112591183837e-21,2.166112591183837e-21,0.0,0.01,0,0,0,0,C1,0.0,0.0,0.5165046310392953,0.9,1.0,0.1,0.0,0.0,0.5165046310392953
phaseflip,phaseflip,0.2,4,0.03,10,qiskit_aer,1,1,0.48048,0.22225777777777778,0.04444444444444444,0.0,0.0,0.0,0.0,0.0,0.5195199999999999,0.04459983856473026,0.5447999999999998,0.5135999999999998,0.5519999999999998,1.0,1.0,1.0,0.0,0.0,0.0,0.4893663103929545,0.04459983856473026,0.5146463103929545,0.4834463103929545,0.5218463103929545,1.0,1.0,0.0,0.0,0.0,0.0,0.5195199999999999,0.04459983856473026,0.5447999999999998,0.5135999999999998,0.5519999999999998,1.0,1.0,1.0,0.0,0.0,0.0,0.5195199999999999,0.04459983856473026,0.5447999999999998,0.5135999999999998,0.5519999999999998,1.0,1.0,1.0,0.0,0.0,0.0,0.5195199999999999,0.04459983856473026,0.5447999999999998,0.5135999999999998,0.5519999999999998,1.0,1.0,1.0,0.0,0.0,0.0,0.5195199999999999,0.04459983856473026,0.5447999999999998,0.5135999999999998,0.5519999999999998,1.0,1.0,1.0,0.0,0.0,0.0,1.0,0.0,0.0,0.0,0.0,0.0,1.0,0.0,0.0,1.0,0.0,0.0,1.0,0.0,0.0,1.0,0.0,0.0,0.0,0.0,0.0,0.0,0.0,0.0,0.0,0.0,0.0,0.0,0.0,0.0,1.0,1.0,1.0,0.0,0.0,0.0,0.0,0.0,0.0,-0.22225777777769967,0.0,0.0,0.0,0.03,0,0,0,0,C1,0.0,0.0,0.5195199999999999,1.0,1.0,0.0,0.0,0.0,0.5195199999999999
phaseflip,phaseflip,0.2,4,0.05,10,qiskit_aer,1,1,0.48048,0.21728,0.07777777777777778,0.0,0.0,0.0,0.0,0.0,0.5195199999999999,0.04459983856473026,0.5447999999999998,0.5135999999999998,0.5519999999999998,1.0,1.0,1.0,0.0,0.0,0.0,0.4893663103929545,0.04459983856473026,0.5146463103929545,0.4834463103929545,0.5218463103929545,1.0,1.0,0.0,0.0,0.0,0.0,0.5195199999999999,0.04459983856473026,0.5447999999999998,0.5135999999999998,0.5519999999999998,1.0,1.0,1.0,0.0,0.0,0.0,0.5195199999999999,0.04459983856473026,0.5447999999999998,0.5135999999999998,0.5519999999999998,1.0,1.0,1.0,0.0,0.0,0.0,0.5195199999999999,0.04459983856473026,0.5447999999999998,0.5135999999999998,0.5519999999999998,1.0,1.0,1.0,0.0,0.0,0.0,0.5195199999999999,0.04459983856473026,0.5447999999999998,0.5135999999999998,0.5519999999999998,1.0,1.0,1.0,0.0,0.0,0.0,1.0,0.0,0.0,0.0,0.0,0.0,1.0,0.0,0.0,1.0,0.0,0.0,1.0,0.0,0.0,1.0,0.0,0.0,0.0,0.0,0.0,0.0,0.0,0.0,0.0,0.0,0.0,0.0,0.0,0.0,1.0,1.0,1.0,0.0,0.0,0.0,0.0,0.0,0.0,-0.21727999999992192,0.0,0.0,0.0,0.05,0,0,0,0,C1,0.0,0.0,0.5195199999999999,1.0,1.0,0.0,0.0,0.0,0.5195199999999999
phaseflip,phaseflip,0.2,4,0.1,10,qiskit_aer,1,1,0.48048,0.23891555555555558,0.19999999999999998,0.0,0.0,0.0,0.0,0.0,0.5195199999999999,0.04459983856473026,0.5447999999999998,0.5135999999999998,0.5519999999999998,1.0,0.9,1.0,0.0,0.0,0.0,0.4893663103929545,0.04459983856473026,0.5146463103929545,0.4834463103929545,0.5218463103929545,1.0,1.0,0.0,0.0,0.0,0.0,0.5165046310392953,0.0458985796971689,0.5447999999999998,0.4909847327947159,0.5519999999999998,1.0,1.0,0.9,0.0,0.0,0.0,0.5165046310392953,0.0458985796971689,0.5447999999999998,0.4909847327947159,0.5519999999999998,1.0,1.0,0.9,0.0,0.0,0.0,0.5165046310392953,0.0458985796971689,0.5447999999999998,0.4909847327947159,0.5519999999999998,1.0,1.0,0.9,0.0,0.0,0.0,0.5165046310392953,0.0458985796971689,0.5447999999999998,0.4909847327947159,0.5519999999999998,1.0,1.0,0.9,0.0,0.0,0.0,1.0,0.1,0.1,0.1,0.1,0.1,0.9,0.0,0.1,0.9,0.0,0.1,0.9,0.0,0.1,0.9,0.0,0.1,0.0,0.1,0.1,0.1,0.1,0.1,0.0,0.0,0.0,0.0,0.1,0.1,1.0,1.0,1.0,0.1,0.0,0.0,0.0,0.0,0.0,-0.03891555555546629,2.166112591183837e-21,2.166112591183837e-21,0.0,0.1,0,0,0,0,C1,0.0,0.0,0.5165046310392953,0.9,1.0,0.1,0.0,0.0,0.5165046310392953
