code_family,noise_family,noise_strength,noise_depth,syndrome_observation_ratio,syndrome_noise_prob,cases,backend,code_count,noise_family_count,true_syndrome_mean_no_error_mean,observed_syndrome_mean_no_error_mean,syndrome_corruption_rate,syndrome_information_loss_mean,observed_syndrome_consistent_rate,true_syndrome_consistent_rate,partial_syndrome_case_rate,ambiguous_syndrome_case_rate,fid_gain_A_mean,fid_gain_A_std,fid_gain_A_median,fid_gain_A_p25,fid_gain_A_p75,nonworsen_rate_A,admissible_rate_A,logical_success_rate_A,false_safe_rate_A,false_safe_fidelity_rate_A,failure_boundary_rate_A,fid_gain_B_mean,fid_gain_B_std,fid_gain_B_median,fid_gain_B_p25,fid_gain_B_p75,nonworsen_rate_B,admissible_rate_B,logical_success_rate_B,false_safe_rate_B,false_safe_fidelity_rate_B,failure_boundary_rate_B,fid_gain_C1_mean,fid_gain_C1_std,fid_gain_C1_median,fid_gain_C1_p25,fid_gain_C1_p75,nonworsen_rate_C1,admissible_rate_C1,logical_success_rate_C1,false_safe_rate_C1,false_safe_fidelity_rate_C1,failure_boundary_rate_C1,fid_gain_C2_mean,fid_gain_C2_std,fid_gain_C2_median,fid_gain_C2_p25,fid_gain_C2_p75,nonworsen_rate_C2,admissible_rate_C2,logical_success_rate_C2,false_safe_rate_C2,false_safe_fidelity_rate_C2,failure_boundary_rate_C2,fid_gain_C3_mean,fid_gain_C3_std,fid_gain_C3_median,fid_gain_C3_p25,fid_gain_C3_p75,nonworsen_rate_C3,admissible_rate_C3,logical_success_rate_C3,false_safe_rate_C3,false_safe_fidelity_rate_C3,failure_boundary_rate_C3,fid_gain_C3R_mean,fid_gain_C3R_std,fid_gain_C3R_median,fid_gain_C3R_p25,fid_gain_C3R_p75,nonworsen_rate_C3R,admissible_rate_C3R,logical_success_rate_C3R,false_safe_rate_C3R,false_safe_fidelity_rate_C3R,failure_boundary_rate_C3R,decision_disagreement_rate_AB,decision_disagreement_rate_C1A,decision_disagreement_rate_C2A,decision_disagreement_rate_C3A,decision_disagreement_rate_C3RA,chosen_B_rate_C1,safe_case_retention_rate_C1,risky_case_capture_rate_C1,chosen_B_rate_C2,safe_case_retention_rate_C2,risky_case_capture_rate_C2,chosen_B_rate_C3,safe_case_retention_rate_C3,risky_case_capture_rate_C3,chosen_B_rate_C3R,safe_case_retention_rate_C3R,risky_case_capture_rate_C3R,veto_rate_C1,tie_break_rate_C1,weighted_score_switch_rate_C2,weighted_score_switch_rate_C3,weighted_score_switch_rate_C3R,veto_rate_C2,veto_rate_C3,veto_rate_C3R,tie_break_rate_C2,tie_break_rate_C3,tie_break_rate_C3R,c3r_gate_c2_switch_rate,c3r_gate_score_margin_rate,c3r_gate_leave_A_rate,c3r_gate_B_safe_rate,c3r_gate_uncertainty_rate,c3r_allow_B_rate,c3r_blocks_c2_switch_rate,c3r_prevented_harmful_switch_rate,c3r_missed_beneficial_switch_rate,c3r_prevented_harmful_switch_rate_given_block,c3r_missed_beneficial_switch_rate_given_block,c3r_score_margin_mean,c3r_structural_margin_mean,c3r_violation_A_mean,c3r_violation_B_mean,c3r_syndrome_uncertainty_mean,c3r_blocked_by_score_margin_count,c3r_blocked_by_leave_A_count,c3r_blocked_by_B_safe_count,c3r_blocked_by_uncertainty_count,preferred_policy,preferred_false_safe_fidelity_rate,preferred_false_safe_rate,preferred_fid_gain_mean,preferred_logical_success_rate,preferred_nonworsen_rate,preferred_chosen_B_rate,min_false_safe_fidelity_rate,min_false_safe_rate,max_fid_gain_mean_within_safety_band
phaseflip,dephasing,0.01,1,0.5,0.03,10,qiskit_aer,1,1,0.9950000000000002,0.46433333333333343,0.8222222222222222,0.5333333333333333,0.0,1.0,1.0,0.0,0.004999999999999738,8.881801137644041e-17,0.004999999999999782,0.004999999999999782,0.004999999999999782,1.0,0.1,1.0,0.0,0.0,0.0,-0.025153689607045605,8.882055243408597e-17,-0.02515368960704556,-0.02515368960704556,-0.02515368960704556,0.0,1.0,0.0,0.0,1.0,0.0,-0.02213832064634107,0.009046106882113544,-0.02515368960704556,-0.02515368960704556,-0.02515368960704556,0.1,1.0,0.1,0.0,0.9,0.0,-0.02213832064634107,0.009046106882113544,-0.02515368960704556,-0.02515368960704556,-0.02515368960704556,0.1,1.0,0.1,0.0,0.9,0.0,-0.02213832064634107,0.009046106882113544,-0.02515368960704556,-0.02515368960704556,-0.02515368960704556,0.1,1.0,0.1,0.0,0.9,0.0,-0.0010307379214093304,0.012061475842818114,0.004999999999999782,0.00499999999999956,0.004999999999999782,0.8,0.3,0.8,0.0,0.2,0.0,1.0,0.9,0.9,0.9,0.2,0.9,0.1,0.0,0.9,0.1,0.0,0.9,0.1,0.0,0.2,0.8,0.0,0.9,0.0,0.9,0.9,0.2,0.9,0.9,0.7,0.0,0.0,0.0,0.9,0.9,1.0,1.0,0.2,0.2,0.7,0.7,0.0,1.0,0.0,1.3356667439840897,0.12111628773594726,0.12111628773594726,0.0,1.0633333333333335,0,0,0,7,C3R,0.2,0.0,-0.0010307379214093304,0.8,0.8,0.2,0.2,0.0,-0.0010307379214093304
phaseflip,dephasing,0.01,1,0.5,0.05,10,qiskit_aer,1,1,0.9950000000000002,0.45880555555555563,0.8222222222222222,0.5333333333333333,0.0,1.0,1.0,0.0,0.004999999999999738,8.881801137644041e-17,0.004999999999999782,0.004999999999999782,0.004999999999999782,1.0,0.1,1.0,0.0,0.0,0.0,-0.025153689607045605,8.882055243408597e-17,-0.02515368960704556,-0.02515368960704556,-0.02515368960704556,0.0,1.0,0.0,0.0,1.0,0.0,-0.02213832064634107,0.009046106882113544,-0.02515368960704556,-0.02515368960704556,-0.02515368960704556,0.1,1.0,0.1,0.0,0.9,0.0,-0.02213832064634107,0.009046106882113544,-0.02515368960704556,-0.02515368960704556,-0.02515368960704556,0.1,1.0,0.1,0.0,0.9,0.0,-0.02213832064634107,0.009046106882113544,-0.02515368960704556,-0.02515368960704556,-0.02515368960704556,0.1,1.0,0.1,0.0,0.9,0.0,-0.0010307379214093304,0.012061475842818114,0.004999999999999782,0.00499999999999956,0.004999999999999782,0.8,0.3,0.8,0.0,0.2,0.0,1.0,0.9,0.9,0.9,0.2,0.9,0.1,0.0,0.9,0.1,0.0,0.9,0.1,0.0,0.2,0.8,0.0,0.9,0.0,0.9,0.9,0.2,0.9,0.9,0.7,0.0,0.0,0.0,0.9,0.9,1.0,1.0,0.2,0.2,0.7,0.7,0.0,1.0,0.0,1.3411945197998139,0.11037839528351043,0.11037839528351043,0.0,1.0833333333333335,0,0,0,7,C3R,0.2,0.0,-0.0010307379214093304,0.8,0.8,0.2,0.2,0.0,-0.0010307379214093304
phaseflip,dephasing,0.01,1,0.5,0.1,10,qiskit_aer,1,1,0.9950000000000002,0.3980000000000001,0.8666666666666667,0.5333333333333333,0.0,1.0,1.0,0.0,0.004999999999999738,8.881801137644041e-17,0.004999999999999782,0.004999999999999782,0.004999999999999782,1.0,0.2,1.0,0.0,0.0,0.0,-0.025153689607045605,8.882055243408597e-17,-0.02515368960704556,-0.02515368960704556,-0.02515368960704556,0.0,1.0,0.0,0.0,1.0,0.0,-0.019122951685636536,0.012061475842818048,-0.02515368960704556,-0.02515368960704556,-0.02515368960704556,0.2,1.0,0.2,0.0,0.8,0.0,-0.019122951685636536,0.012061475842818048,-0.02515368960704556,-0.02515368960704556,-0.02515368960704556,0.2,1.0,0.2,0.0,0.8,0.0,-0.019122951685636536,0.012061475842818048,-0.02515368960704556,-0.02515368960704556,-0.02515368960704556,0.2,1.0,0.2,0.0,0.8,0.0,-0.0010307379214093304,0.012061475842818114,0.004999999999999782,0.00499999999999956,0.004999999999999782,0.8,0.4,0.8,0.0,0.2,0.0,1.0,0.8,0.8,0.8,0.2,0.8,0.2,0.0,0.8,0.2,0.0,0.8,0.2,0.0,0.2,0.8,0.0,0.8,0.0,0.8,0.8,0.2,0.8,0.8,0.6,0.0,0.0,0.0,0.8,0.8,1.0,1.0,0.2,0.2,0.6,0.6,0.0,1.0,0.0,1.2020000712262386,0.12450793776243547,0.12450793776243547,0.0,1.1333333333333333,0,0,0,6,C3R,0.2,0.0,-0.0010307379214093304,0.8,0.8,0.2,0.2,0.0,-0.0010307379214093304
phaseflip,dephasing,0.01,2,0.5,0.03,10,qiskit_aer,1,1,0.99004,0.46201875000000003,0.8222222222222222,0.5333333333333333,0.0,1.0,1.0,0.0,0.009959999999999835,1.2247448713832956e-05,0.009949999999999903,0.009949999999999903,0.009974999999999734,1.0,0.5,1.0,0.0,0.0,0.0,-0.020193689607045505,1.2247448713832958e-05,-0.02020368960704544,-0.02020368960704544,-0.020178689607045608,0.0,1.0,0.0,0.0,1.0,0.0,-0.005116844803522836,0.015076849778037471,-0.005114344803522852,-0.02019743960704548,0.009949999999999903,0.5,1.0,0.5,0.0,0.5,0.0,-0.005116844803522836,0.015076849778037471,-0.005114344803522852,-0.02019743960704548,0.009949999999999903,0.5,1.0,0.5,0.0,0.5,0.0,-0.005116844803522836,0.015076849778037471,-0.005114344803522852,-0.02019743960704548,0.009949999999999903,0.5,1.0,0.5,0.0,0.5,0.0,0.003929262078590767,0.01206023199682654,0.009949999999999903,0.009949999999999903,0.009968749999999776,0.8,0.7,0.8,0.0,0.2,0.0,1.0,0.5,0.5,0.5,0.2,0.5,0.5,0.0,0.5,0.5,0.0,0.5,0.5,0.0,0.2,0.8,0.0,0.5,0.0,0.5,0.5,0.2,0.5,0.5,0.3,0.0,0.0,0.0,0.5,0.5,1.0,1.0,0.2,0.2,0.3,0.3,0.0,1.0,0.0,0.5379812933021361,0.09468696332978711,0.09468696332978711,0.0,1.0633333333333335,0,0,0,3,C3R,0.2,0.0,0.003929262078590767,0.8,0.8,0.2,0.2,0.0,0.003929262078590767
phaseflip,dephasing,0.01,2,0.5,0.05,10,qiskit_aer,1,1,0.99004,0.45651847222222225,0.8222222222222222,0.5333333333333333,0.0,1.0,1.0,0.0,0.009959999999999835,1.2247448713832956e-05,0.009949999999999903,0.009949999999999903,0.009974999999999734,1.0,0.7,1.0,0.0,0.0,0.0,-0.020193689607045505,1.2247448713832958e-05,-0.02020368960704544,-0.02020368960704544,-0.020178689607045608,0.0,1.0,0.0,0.0,1.0,0.0,0.000913893117886233,0.013813796892757612,0.009949999999999903,-0.01264651720528423,0.009949999999999903,0.7,1.0,0.7,0.0,0.3,0.0,0.000913893117886233,0.013813796892757612,0.009949999999999903,-0.01264651720528423,0.009949999999999903,0.7,1.0,0.7,0.0,0.3,0.0,0.000913893117886233,0.013813796892757612,0.009949999999999903,-0.01264651720528423,0.009949999999999903,0.7,1.0,0.7,0.0,0.3,0.0,0.006944631039295301,0.009041113794981378,0.009949999999999903,0.009949999999999903,0.009968749999999776,0.9,0.8,0.9,0.0,0.1,0.0,1.0,0.3,0.3,0.3,0.1,0.3,0.7,0.0,0.3,0.7,0.0,0.3,0.7,0.0,0.1,0.9,0.0,0.3,0.0,0.3,0.3,0.1,0.3,0.3,0.2,0.0,0.0,0.0,0.3,0.3,1.0,1.0,0.2,0.1,0.2,0.2,0.0,1.0,0.0,0.1434815711481976,0.0480137123028595,0.0480137123028595,0.0,1.0833333333333335,0,0,0,2,C3R,0.1,0.0,0.006944631039295301,0.9,0.9,0.1,0.1,0.0,0.006944631039295301
phaseflip,dephasing,0.01,2,0.5,0.1,10,qiskit_aer,1,1,0.99004,0.3960163888888889,0.8666666666666667,0.5333333333333333,0.0,1.0,1.0,0.0,0.009959999999999835,1.2247448713832956e-05,0.009949999999999903,0.009949999999999903,0.009974999999999734,1.0,0.3,1.0,0.0,0.0,0.0,-0.020193689607045505,1.2247448713832958e-05,-0.02020368960704544,-0.02020368960704544,-0.020178689607045608,0.0,1.0,0.0,0.0,1.0,0.0,-0.011147582724931904,0.013817070806186828,-0.020178689607045608,-0.02020368960704544,0.0024178275982385256,0.3,1.0,0.3,0.0,0.7,0.0,-0.011147582724931904,0.013817070806186828,-0.020178689607045608,-0.02020368960704544,0.0024178275982385256,0.3,1.0,0.3,0.0,0.7,0.0,-0.011147582724931904,0.013817070806186828,-0.020178689607045608,-0.02020368960704544,0.0024178275982385256,0.3,1.0,0.3,0.0,0.7,0.0,0.003929262078590767,0.01206023199682654,0.009949999999999903,0.009949999999999903,0.009968749999999776,0.8,0.5,0.8,0.0,0.2,0.0,1.0,0.7,0.7,0.7,0.2,0.7,0.3,0.0,0.7,0.3,0.0,0.7,0.3,0.0,0.2,0.8,0.0,0.7,0.0,0.7,0.7,0.2,0.7,0.7,0.5,0.0,0.0,0.0,0.7,0.7,1.0,1.0,0.2,0.2,0.5,0.5,0.0,1.0,0.0,1.0039836510948343,0.041662080868878786,0.041662080868878786,0.0,1.1333333333333333,0,0,0,5,C3R,0.2,0.0,0.003929262078590767,0.8,0.8,0.2,0.2,0.0,0.003929262078590767
phaseflip,dephasing,0.01,3,0.5,0.03,10,qiskit_aer,1,1,0.9851072500000002,0.44329904861111114,0.8,0.55,0.0,1.0,1.0,0.0,0.014892749999999632,2.9496398085178455e-05,0.014900249999999615,0.014862937499999646,0.014918812499999629,1.0,0.6,1.0,0.0,0.0,0.0,-0.01526093960704571,2.9496398085178455e-05,-0.015253439607045727,-0.015290752107045696,-0.015234877107045713,0.0,1.0,0.0,0.0,1.0,0.0,0.002831274157181496,0.014766135146347075,0.014850499999999656,-0.015253439607045727,0.014906374999999639,0.6,1.0,0.6,0.0,0.4,0.0,0.002831274157181496,0.014766135146347075,0.014850499999999656,-0.015253439607045727,0.014906374999999639,0.6,1.0,0.6,0.0,0.4,0.0,0.002831274157181496,0.014766135146347075,0.014850499999999656,-0.015253439607045727,0.014906374999999639,0.6,1.0,0.6,0.0,0.4,0.0,0.011877381039295098,0.009043654638790262,0.014900249999999615,0.014850499999999656,0.014918812499999629,0.9,0.7,0.9,0.0,0.1,0.0,1.0,0.4,0.4,0.4,0.1,0.4,0.6,0.0,0.4,0.6,0.0,0.4,0.6,0.0,0.1,0.9,0.0,0.4,0.0,0.4,0.4,0.1,0.4,0.4,0.3,0.0,0.0,0.0,0.4,0.4,1.0,1.0,0.3,0.1,0.3,0.3,0.0,1.0,0.0,0.3567009757880024,0.034075681602392285,0.034075681602392285,0.0,1.08,0,0,0,3,C3R,0.1,0.0,0.011877381039295098,0.9,0.9,0.1,0.1,0.0,0.011877381039295098
phaseflip,dephasing,0.01,3,0.5,0.05,10,qiskit_aer,1,1,0.9851072500000002,0.44329904861111114,0.8,0.55,0.0,1.0,1.0,0.0,0.014892749999999632,2.9496398085178455e-05,0.014900249999999615,0.014862937499999646,0.014918812499999629,1.0,0.7,1.0,0.0,0.0,0.0,-0.01526093960704571,2.9496398085178455e-05,-0.015253439607045727,-0.015290752107045696,-0.015234877107045713,0.0,1.0,0.0,0.0,1.0,0.0,0.00584664311788603,0.013813277228342875,0.014850499999999656,-0.007727454705284381,0.014918812499999629,0.7,1.0,0.7,0.0,0.3,0.0,0.00584664311788603,0.013813277228342875,0.014850499999999656,-0.007727454705284381,0.014918812499999629,0.7,1.0,0.7,0.0,0.3,0.0,0.00584664311788603,0.013813277228342875,0.014850499999999656,-0.007727454705284381,0.014918812499999629,0.7,1.0,0.7,0.0,0.3,0.0,0.011877381039295098,0.009043654638790262,0.014900249999999615,0.014850499999999656,0.014918812499999629,0.9,0.8,0.9,0.0,0.1,0.0,1.0,0.3,0.3,0.3,0.1,0.3,0.7,0.0,0.3,0.7,0.0,0.3,0.7,0.0,0.1,0.9,0.0,0.3,0.0,0.3,0.3,0.1,0.3,0.3,0.2,0.0,0.0,0.0,0.3,0.3,1.0,1.0,0.3,0.1,0.2,0.2,0.0,1.0,0.0,0.15670097855828913,0.0525837647829407,0.0525837647829407,0.0,1.1,0,0,0,2,C3R,0.1,0.0,0.011877381039295098,0.9,0.9,0.1,0.1,0.0,0.011877381039295098
phaseflip,dephasing,0.01,3,0.5,0.1,10,qiskit_aer,1,1,0.9851072500000002,0.41593461388888897,0.8111111111111111,0.55,0.0,1.0,1.0,0.0,0.014892749999999632,2.9496398085178455e-05,0.014900249999999615,0.014862937499999646,0.014918812499999629,1.0,0.7,1.0,0.0,0.0,0.0,-0.01526093960704571,2.9496398085178455e-05,-0.015253439607045727,-0.015290752107045696,-0.015234877107045713,0.0,1.0,0.0,0.0,1.0,0.0,0.00584664311788603,0.013813277228342875,0.014850499999999656,-0.007727454705284381,0.014918812499999629,0.7,1.0,0.7,0.0,0.3,0.0,0.00584664311788603,0.013813277228342875,0.014850499999999656,-0.007727454705284381,0.014918812499999629,0.7,1.0,0.7,0.0,0.3,0.0,0.00584664311788603,0.013813277228342875,0.014850499999999656,-0.007727454705284381,0.014918812499999629,0.7,1.0,0.7,0.0,0.3,0.0,0.014892749999999632,2.9496398085178455e-05,0.014900249999999615,0.014862937499999646,0.014918812499999629,1.0,0.7,1.0,0.0,0.0,0.0,1.0,0.3,0.3,0.3,0.0,0.3,0.7,0.0,0.3,0.7,0.0,0.3,0.7,0.0,0.0,1.0,0.0,0.3,0.0,0.3,0.3,0.0,0.3,0.3,0.3,0.0,0.0,0.0,0.3,0.3,1.0,1.0,0.1,0.0,0.3,0.3,0.0,1.0,0.0,0.184065411065832,0.05753327358085848,0.05753327358085848,0.0,1.15,0,0,0,3,C3R,0.0,0.0,0.014892749999999632,1.0,1.0,0.0,0.0,0.0,0.014892749999999632
phaseflip,dephasing,0.01,4,0.5,0.03,10,qiskit_aer,1,1,0.9802115017500002,0.42475941331944445,0.8,0.55,0.0,1.0,1.0,0.0,0.019788498249999655,4.718862684810869e-05,0.019813248749999735,0.019776247499999622,0.019825499999999607,1.0,0.5,1.0,0.0,0.0,0.0,-0.01036519135704569,4.718862684810869e-05,-0.010340440857045607,-0.01037744210704572,-0.010328189607045735,0.0,1.0,0.0,0.0,1.0,0.0,0.004711653446476982,0.015094209401008064,0.004724028946476944,-0.010346566482045544,0.01981318687499961,0.5,1.0,0.5,0.0,0.5,0.0,0.004711653446476982,0.015094209401008064,0.004724028946476944,-0.010346566482045544,0.01981318687499961,0.5,1.0,0.5,0.0,0.5,0.0,0.004711653446476982,0.015094209401008064,0.004724028946476944,-0.010346566482045544,0.01981318687499961,0.5,1.0,0.5,0.0,0.5,0.0,0.013757760328590584,0.0120800548426952,0.019800873749999615,0.019720558124999676,0.019825499999999607,0.8,0.7,0.8,0.0,0.2,0.0,1.0,0.5,0.5,0.5,0.2,0.5,0.5,0.0,0.5,0.5,0.0,0.5,0.5,0.0,0.2,0.8,0.0,0.5,0.0,0.5,0.5,0.2,0.5,0.5,0.3,0.0,0.0,0.0,0.5,0.5,1.0,1.0,0.3,0.2,0.3,0.3,0.0,1.0,0.0,0.5752405969030743,8.365372627103523e-21,8.365372627103523e-21,0.0,1.08,0,0,0,3,C3R,0.2,0.0,0.013757760328590584,0.8,0.8,0.2,0.2,0.0,0.013757760328590584
phaseflip,dephasing,0.01,4,0.5,0.05,10,qiskit_aer,1,1,0.9802115017500002,0.42475941331944445,0.8,0.55,0.0,1.0,1.0,0.0,0.019788498249999655,4.718862684810869e-05,0.019813248749999735,0.019776247499999622,0.019825499999999607,1.0,0.7,1.0,0.0,0.0,0.0,-0.01036519135704569,4.718862684810869e-05,-0.010340440857045607,-0.01037744210704572,-0.010328189607045735,0.0,1.0,0.0,0.0,1.0,0.0,0.01074239136788605,0.013826309232457598,0.019776247499999622,-0.0028206434552843773,0.019825499999999607,0.7,1.0,0.7,0.0,0.3,0.0,0.01074239136788605,0.013826309232457598,0.019776247499999622,-0.0028206434552843773,0.019825499999999607,0.7,1.0,0.7,0.0,0.3,0.0,0.01074239136788605,0.013826309232457598,0.019776247499999622,-0.0028206434552843773,0.019825499999999607,0.7,1.0,0.7,0.0,0.3,0.0,0.01677312928929512,0.00904206264013701,0.019800873749999615,0.019720558124999676,0.019825499999999607,0.9,0.8,0.9,0.0,0.1,0.0,1.0,0.3,0.3,0.3,0.1,0.3,0.7,0.0,0.3,0.7,0.0,0.3,0.7,0.0,0.1,0.9,0.0,0.3,0.0,0.3,0.3,0.1,0.3,0.3,0.2,0.0,0.0,0.0,0.3,0.3,1.0,1.0,0.3,0.1,0.2,0.2,0.0,1.0,0.0,0.1752405970576485,5.26574260914368e-21,5.26574260914368e-21,0.0,1.1,0,0,0,2,C3R,0.1,0.0,0.01677312928929512,0.9,0.9,0.1,0.1,0.0,0.01677312928929512
phaseflip,dephasing,0.01,4,0.5,0.1,10,qiskit_aer,1,1,0.9802115017500002,0.3975313841111111,0.8111111111111111,0.55,0.0,1.0,1.0,0.0,0.019788498249999655,4.718862684810869e-05,0.019813248749999735,0.019776247499999622,0.019825499999999607,1.0,0.5,1.0,0.0,0.0,0.0,-0.01036519135704569,4.718862684810869e-05,-0.010340440857045607,-0.01037744210704572,-0.010328189607045735,0.0,1.0,0.0,0.0,1.0,0.0,0.004711653446476982,0.015094209401008064,0.004724028946476944,-0.010346566482045544,0.01981318687499961,0.5,1.0,0.5,0.0,0.5,0.0,0.004711653446476982,0.015094209401008064,0.004724028946476944,-0.010346566482045544,0.01981318687499961,0.5,1.0,0.5,0.0,0.5,0.0,0.004711653446476982,0.015094209401008064,0.004724028946476944,-0.010346566482045544,0.01981318687499961,0.5,1.0,0.5,0.0,0.5,0.0,0.019788498249999655,4.718862684810869e-05,0.019813248749999735,0.019776247499999622,0.019825499999999607,1.0,0.5,1.0,0.0,0.0,0.0,1.0,0.5,0.5,0.5,0.0,0.5,0.5,0.0,0.5,0.5,0.0,0.5,0.5,0.0,0.0,1.0,0.0,0.5,0.0,0.5,0.5,0.0,0.5,0.5,0.5,0.0,0.0,0.0,0.5,0.5,1.0,1.0,0.1,0.0,0.5,0.5,0.0,1.0,0.0,0.6024686264776983,8.365372627103523e-21,8.365372627103523e-21,0.0,1.15,0,0,0,5,C3R,0.0,0.0,0.019788498249999655,1.0,1.0,0.0,0.0,0.0,0.019788498249999655
phaseflip,dephasing,0.03,1,0.5,0.03,10,qiskit_aer,1,1,0.985,0.45419444444444446,0.8222222222222222,0.5333333333333333,0.0,1.0,1.0,0.0,0.014999999999999791,0.0,0.014999999999999791,0.014999999999999791,0.014999999999999791,1.0,1.0,1.0,0.0,0.0,0.0,-0.01515368960704555,0.0,-0.01515368960704555,-0.01515368960704555,-0.01515368960704555,0.0,1.0,0.0,0.0,1.0,0.0,0.014999999999999791,0.0,0.014999999999999791,0.014999999999999791,0.014999999999999791,1.0,1.0,1.0,0.0,0.0,0.0,0.014999999999999791,0.0,0.014999999999999791,0.014999999999999791,0.014999999999999791,1.0,1.0,1.0,0.0,0.0,0.0,0.014999999999999791,0.0,0.014999999999999791,0.014999999999999791,0.014999999999999791,1.0,1.0,1.0,0.0,0.0,0.0,0.014999999999999791,0.0,0.014999999999999791,0.014999999999999791,0.014999999999999791,1.0,1.0,1.0,0.0,0.0,0.0,1.0,0.0,0.0,0.0,0.0,0.0,1.0,0.0,0.0,1.0,0.0,0.0,1.0,0.0,0.0,1.0,0.0,0.0,0.0,0.0,0.0,0.0,0.0,0.0,0.0,0.0,0.0,0.0,0.0,0.0,1.0,1.0,0.2,0.0,0.0,0.0,0.0,0.0,0.0,-0.45419441788572096,0.0,0.0,0.0,1.0633333333333335,0,0,0,0,C1,0.0,0.0,0.014999999999999791,1.0,1.0,0.0,0.0,0.0,0.014999999999999791
phaseflip,dephasing,0.03,1,0.5,0.05,10,qiskit_aer,1,1,0.985,0.44872222222222224,0.8222222222222222,0.5333333333333333,0.0,1.0,1.0,0.0,0.014999999999999791,0.0,0.014999999999999791,0.014999999999999791,0.014999999999999791,1.0,0.9,1.0,0.0,0.0,0.0,-0.01515368960704555,0.0,-0.01515368960704555,-0.01515368960704555,-0.01515368960704555,0.0,1.0,0.0,0.0,1.0,0.0,0.011984631039295257,0.009046106882113603,0.014999999999999791,0.014999999999999791,0.014999999999999791,0.9,1.0,0.9,0.0,0.1,0.0,0.011984631039295257,0.009046106882113603,0.014999999999999791,0.014999999999999791,0.014999999999999791,0.9,1.0,0.9,0.0,0.1,0.0,0.011984631039295257,0.009046106882113603,0.014999999999999791,0.014999999999999791,0.014999999999999791,0.9,1.0,0.9,0.0,0.1,0.0,0.014999999999999791,0.0,0.014999999999999791,0.014999999999999791,0.014999999999999791,1.0,0.9,1.0,0.0,0.0,0.0,1.0,0.1,0.1,0.1,0.0,0.1,0.9,0.0,0.1,0.9,0.0,0.1,0.9,0.0,0.0,1.0,0.0,0.1,0.0,0.1,0.1,0.0,0.1,0.1,0.1,0.0,0.0,0.0,0.1,0.1,1.0,1.0,0.2,0.0,0.1,0.1,0.0,1.0,0.0,-0.24872219476920165,1.058794410427286e-17,1.058794410427286e-17,0.0,1.0833333333333335,0,0,0,1,C3R,0.0,0.0,0.014999999999999791,1.0,1.0,0.0,0.0,0.0,0.014999999999999791
phaseflip,dephasing,0.03,1,0.5,0.1,10,qiskit_aer,1,1,0.985,0.3885277777777778,0.8666666666666667,0.5333333333333333,0.0,1.0,1.0,0.0,0.014999999999999791,0.0,0.014999999999999791,0.014999999999999791,0.014999999999999791,1.0,0.9,1.0,0.0,0.0,0.0,-0.01515368960704555,0.0,-0.01515368960704555,-0.01515368960704555,-0.01515368960704555,0.0,1.0,0.0,0.0,1.0,0.0,0.011984631039295257,0.009046106882113603,0.014999999999999791,0.014999999999999791,0.014999999999999791,0.9,1.0,0.9,0.0,0.1,0.0,0.011984631039295257,0.009046106882113603,0.014999999999999791,0.014999999999999791,0.014999999999999791,0.9,1.0,0.9,0.0,0.1,0.0,0.011984631039295257,0.009046106882113603,0.014999999999999791,0.014999999999999791,0.014999999999999791,0.9,1.0,0.9,0.0,0.1,0.0,0.014999999999999791,0.0,0.014999999999999791,0.014999999999999791,0.014999999999999791,1.0,0.9,1.0,0.0,0.0,0.0,1.0,0.1,0.1,0.1,0.0,0.1,0.9,0.0,0.1,0.9,0.0,0.1,0.9,0.0,0.0,1.0,0.0,0.1,0.0,0.1,0.1,0.0,0.1,0.1,0.1,0.0,0.0,0.0,0.1,0.1,1.0,1.0,0.2,0.0,0.1,0.1,0.0,1.0,0.0,-0.18852774943046022,0.010737892452436854,0.010737892452436854,0.0,1.1333333333333333,0,0,0,1,C3R,0.0,0.0,0.014999999999999791,1.0,1.0,0.0,0.0,0.0,0.014999999999999791
phaseflip,dephasing,0.03,2,0.5,0.03,10,qiskit_aer,1,1,0.97036,0.42587847222222225,0.8222222222222222,0.5333333333333333,0.0,1.0,1.0,0.0,0.0296399999999996,0.00011022703842520368,0.029549999999999632,0.029549999999999632,0.029774999999999552,1.0,0.7,1.0,0.0,0.0,0.0,-0.0005136896070457419,0.00011022703842520368,-0.0006036896070457098,-0.0006036896070457098,-0.00037868960704579013,0.0,1.0,0.0,0.0,0.0,0.0,0.020593893117885998,0.0138284121488785,0.029549999999999632,0.007103482794715565,0.029718749999999572,0.7,1.0,0.7,0.0,0.0,0.0,0.020593893117885998,0.0138284121488785,0.029549999999999632,0.007103482794715565,0.029718749999999572,0.7,1.0,0.7,0.0,0.0,0.0,0.020593893117885998,0.0138284121488785,0.029549999999999632,0.007103482794715565,0.029718749999999572,0.7,1.0,0.7,0.0,0.0,0.0,0.0296399999999996,0.00011022703842520368,0.029549999999999632,0.029549999999999632,0.029774999999999552,1.0,0.7,1.0,0.0,0.0,0.0,1.0,0.3,0.3,0.3,0.0,0.3,0.7,0.0,0.3,0.7,0.0,0.3,0.7,0.0,0.0,1.0,0.0,0.3,0.0,0.3,0.3,0.0,0.3,0.3,0.3,0.0,0.0,0.0,0.3,0.3,1.0,1.0,0.2,0.0,0.3,0.3,0.0,1.0,0.0,0.17412153463137203,0.04915630686845529,0.04915630686845529,0.0,1.0633333333333335,0,0,0,3,C3R,0.0,0.0,0.0296399999999996,1.0,1.0,0.0,0.0,0.0,0.0296399999999996
phaseflip,dephasing,0.03,2,0.5,0.05,10,qiskit_aer,1,1,0.97036,0.42048708333333334,0.8222222222222222,0.5333333333333333,0.0,1.0,1.0,0.0,0.0296399999999996,0.00011022703842520368,0.029549999999999632,0.029549999999999632,0.029774999999999552,1.0,0.6,1.0,0.0,0.0,0.0,-0.0005136896070457419,0.00011022703842520368,-0.0006036896070457098,-0.0006036896070457098,-0.00037868960704579013,0.0,1.0,0.0,0.0,0.0,0.0,0.017578524157181464,0.014754259820384131,0.029549999999999632,-0.00037868960704579013,0.029549999999999632,0.6,1.0,0.6,0.0,0.0,0.0,0.017578524157181464,0.014754259820384131,0.029549999999999632,-0.00037868960704579013,0.029549999999999632,0.6,1.0,0.6,0.0,0.0,0.0,0.017578524157181464,0.014754259820384131,0.029549999999999632,-0.00037868960704579013,0.029549999999999632,0.6,1.0,0.6,0.0,0.0,0.0,0.026624631039295066,0.00900166929537145,0.029549999999999632,0.029549999999999632,0.029718749999999572,0.9,0.7,0.9,0.0,0.0,0.0,1.0,0.4,0.4,0.4,0.1,0.4,0.6,0.0,0.4,0.6,0.0,0.4,0.6,0.0,0.1,0.9,0.0,0.4,0.0,0.4,0.4,0.1,0.4,0.4,0.3,0.0,0.0,0.0,0.4,0.4,1.0,1.0,0.2,0.1,0.3,0.3,0.0,1.0,0.0,0.3795129236643204,0.04915630686845529,0.04915630686845529,0.0,1.0833333333333335,0,0,0,3,C3R,0.0,0.0,0.026624631039295066,0.9,0.9,0.1,0.0,0.0,0.026624631039295066
phaseflip,dephasing,0.03,2,0.5,0.1,10,qiskit_aer,1,1,0.97036,0.36119055555555557,0.8666666666666667,0.5333333333333333,0.0,1.0,1.0,0.0,0.0296399999999996,0.00011022703842520368,0.029549999999999632,0.029549999999999632,0.029774999999999552,1.0,0.8,1.0,0.0,0.0,0.0,-0.0005136896070457419,0.00011022703842520368,-0.0006036896070457098,-0.0006036896070457098,-0.00037868960704579013,0.0,1.0,0.0,0.0,0.0,0.0,0.023609262078590532,0.012106894000227256,0.029549999999999632,0.029549999999999632,0.029774999999999552,0.8,1.0,0.8,0.0,0.0,0.0,0.023609262078590532,0.012106894000227256,0.029549999999999632,0.029549999999999632,0.029774999999999552,0.8,1.0,0.8,0.0,0.0,0.0,0.023609262078590532,0.012106894000227256,0.029549999999999632,0.029549999999999632,0.029774999999999552,0.8,1.0,0.8,0.0,0.0,0.0,0.0296399999999996,0.00011022703842520368,0.029549999999999632,0.029549999999999632,0.029774999999999552,1.0,0.8,1.0,0.0,0.0,0.0,1.0,0.2,0.2,0.2,0.0,0.2,0.8,0.0,0.2,0.8,0.0,0.2,0.8,0.0,0.0,1.0,0.0,0.2,0.0,0.2,0.2,0.0,0.2,0.2,0.2,0.0,0.0,0.0,0.2,0.2,1.0,1.0,0.2,0.0,0.2,0.2,0.0,1.0,0.0,0.038809451089767556,0.04915630686845529,0.04915630686845529,0.0,1.1333333333333333,0,0,0,2,C3R,0.0,0.0,0.0296399999999996,1.0,1.0,0.0,0.0,0.0,0.0296399999999996
phaseflip,dephasing,0.03,3,0.5,0.03,10,qiskit_aer,1,1,0.9559607500000001,0.4089484527777778,0.8,0.55,0.0,1.0,1.0,0.0,0.04403924999999963,0.0002620588435828815,0.04410674999999964,0.043774312499999635,0.04427043749999962,1.0,0.8,1.0,0.0,0.0,0.0,0.013885560392954289,0.0002620588435828815,0.013953060392954297,0.013620622892954293,0.014116747892954279,1.0,1.0,0.0,0.0,0.0,0.0,0.03800851207859056,0.012030533019155682,0.043885124999999636,0.04366349999999963,0.04427043749999962,1.0,1.0,0.8,0.0,0.0,0.0,0.03800851207859056,0.012030533019155682,0.043885124999999636,0.04366349999999963,0.04427043749999962,1.0,1.0,0.8,0.0,0.0,0.0,0.03800851207859056,0.012030533019155682,0.043885124999999636,0.04366349999999963,0.04427043749999962,1.0,1.0,0.8,0.0,0.0,0.0,0.04102388103929509,0.00902738332798757,0.04410674999999964,0.04366349999999963,0.04427043749999962,1.0,0.9,0.9,0.0,0.0,0.0,1.0,0.2,0.2,0.2,0.1,0.2,0.8,0.0,0.2,0.8,0.0,0.2,0.8,0.0,0.1,0.9,0.0,0.2,0.0,0.2,0.2,0.1,0.2,0.2,0.1,0.0,0.0,0.0,0.2,0.2,1.0,1.0,0.3,0.1,0.1,0.1,0.0,1.0,0.0,-0.008948450657298152,3.099630017959843e-21,3.099630017959843e-21,0.0,1.08,0,0,0,1,C3R,0.0,0.0,0.04102388103929509,0.9,1.0,0.1,0.0,0.0,0.04102388103929509
phaseflip,dephasing,0.03,3,0.5,0.05,10,qiskit_aer,1,1,0.9559607500000001,0.4089484527777778,0.8,0.55,0.0,1.0,1.0,0.0,0.04403924999999963,0.0002620588435828815,0.04410674999999964,0.043774312499999635,0.04427043749999962,1.0,0.8,1.0,0.0,0.0,0.0,0.013885560392954289,0.0002620588435828815,0.013953060392954297,0.013620622892954293,0.014116747892954279,1.0,1.0,0.0,0.0,0.0,0.0,0.03800851207859056,0.012030533019155682,0.043885124999999636,0.04366349999999963,0.04427043749999962,1.0,1.0,0.8,0.0,0.0,0.0,0.03800851207859056,0.012030533019155682,0.043885124999999636,0.04366349999999963,0.04427043749999962,1.0,1.0,0.8,0.0,0.0,0.0,0.03800851207859056,0.012030533019155682,0.043885124999999636,0.04366349999999963,0.04427043749999962,1.0,1.0,0.8,0.0,0.0,0.0,0.04102388103929509,0.00902738332798757,0.04410674999999964,0.04366349999999963,0.04427043749999962,1.0,0.9,0.9,0.0,0.0,0.0,1.0,0.2,0.2,0.2,0.1,0.2,0.8,0.0,0.2,0.8,0.0,0.2,0.8,0.0,0.1,0.9,0.0,0.2,0.0,0.2,0.2,0.1,0.2,0.2,0.1,0.0,0.0,0.0,0.2,0.2,1.0,1.0,0.3,0.1,0.1,0.1,0.0,1.0,0.0,-0.008948450635371275,3.099630017959843e-21,3.099630017959843e-21,0.0,1.1,0,0,0,1,C3R,0.0,0.0,0.04102388103929509,0.9,1.0,0.1,0.0,0.0,0.04102388103929509
phaseflip,dephasing,0.03,3,0.5,0.1,10,qiskit_aer,1,1,0.9559607500000001,0.3823909375,0.8111111111111111,0.55,0.0,1.0,1.0,0.0,0.04403924999999963,0.0002620588435828815,0.04410674999999964,0.043774312499999635,0.04427043749999962,1.0,0.7,1.0,0.0,0.0,0.0,0.013885560392954289,0.0002620588435828815,0.013953060392954297,0.013620622892954293,0.014116747892954279,1.0,1.0,0.0,0.0,0.0,0.0,0.034993143117886025,0.01387306831039429,0.043885124999999636,0.02138067029471563,0.04427043749999962,1.0,1.0,0.7,0.0,0.0,0.0,0.034993143117886025,0.01387306831039429,0.043885124999999636,0.02138067029471563,0.04427043749999962,1.0,1.0,0.7,0.0,0.0,0.0,0.034993143117886025,0.01387306831039429,0.043885124999999636,0.02138067029471563,0.04427043749999962,1.0,1.0,0.7,0.0,0.0,0.0,0.04403924999999963,0.0002620588435828815,0.04410674999999964,0.043774312499999635,0.04427043749999962,1.0,0.7,1.0,0.0,0.0,0.0,1.0,0.3,0.3,0.3,0.0,0.3,0.7,0.0,0.3,0.7,0.0,0.3,0.7,0.0,0.0,1.0,0.0,0.3,0.0,0.3,0.3,0.0,0.3,0.3,0.3,0.0,0.0,0.0,0.3,0.3,1.0,1.0,0.1,0.0,0.3,0.3,0.0,1.0,0.0,0.21760906458488727,4.033147444735849e-21,4.033147444735849e-21,0.0,1.15,0,0,0,3,C3R,0.0,0.0,0.04403924999999963,1.0,1.0,0.0,0.0,0.0,0.04403924999999963
phaseflip,dephasing,0.03,4,0.5,0.03,10,qiskit_aer,1,1,0.9418856417500002,0.4029291399861112,0.8,0.55,0.0,1.0,1.0,0.0,0.058114358249999575,0.0004144749968500171,0.05833264874999955,0.05800854749999951,0.058438499999999616,1.0,0.8,1.0,0.0,0.0,0.0,0.027960668642954233,0.0004144749968500171,0.028178959142954207,0.027854857892954166,0.028284810392954274,1.0,1.0,0.0,0.0,0.0,0.0,0.052083620328590506,0.011905518096354522,0.05800854749999951,0.05735359499999959,0.05838557437499958,1.0,1.0,0.8,0.0,0.0,0.0,0.052083620328590506,0.011905518096354522,0.05800854749999951,0.05735359499999959,0.05838557437499958,1.0,1.0,0.8,0.0,0.0,0.0,0.052083620328590506,0.011905518096354522,0.05800854749999951,0.05735359499999959,0.05838557437499958,1.0,1.0,0.8,0.0,0.0,0.0,0.05509898928929504,0.008947012087954268,0.058117672499999495,0.05751733312499957,0.058438499999999616,1.0,0.9,0.9,0.0,0.0,0.0,1.0,0.2,0.2,0.2,0.1,0.2,0.8,0.0,0.2,0.8,0.0,0.2,0.8,0.0,0.1,0.9,0.0,0.2,0.0,0.2,0.2,0.1,0.2,0.2,0.1,0.0,0.0,0.0,0.2,0.2,1.0,1.0,0.3,0.1,0.1,0.1,0.0,1.0,0.0,-0.0029291393279355315,4.332225182367674e-21,4.332225182367674e-21,0.0,1.08,0,0,0,1,C3R,0.0,0.0,0.05509898928929504,0.9,1.0,0.1,0.0,0.0,0.05509898928929504
phaseflip,dephasing,0.03,4,0.5,0.05,10,qiskit_aer,1,1,0.9418856417500002,0.4029291399861112,0.8,0.55,0.0,1.0,1.0,0.0,0.058114358249999575,0.0004144749968500171,0.05833264874999955,0.05800854749999951,0.058438499999999616,1.0,0.8,1.0,0.0,0.0,0.0,0.027960668642954233,0.0004144749968500171,0.028178959142954207,0.027854857892954166,0.028284810392954274,1.0,1.0,0.0,0.0,0.0,0.0,0.052083620328590506,0.011905518096354522,0.05800854749999951,0.05735359499999959,0.05838557437499958,1.0,1.0,0.8,0.0,0.0,0.0,0.052083620328590506,0.011905518096354522,0.05800854749999951,0.05735359499999959,0.05838557437499958,1.0,1.0,0.8,0.0,0.0,0.0,0.052083620328590506,0.011905518096354522,0.05800854749999951,0.05735359499999959,0.05838557437499958,1.0,1.0,0.8,0.0,0.0,0.0,0.05509898928929504,0.008947012087954268,0.058117672499999495,0.05751733312499957,0.058438499999999616,1.0,0.9,0.9,0.0,0.0,0.0,1.0,0.2,0.2,0.2,0.1,0.2,0.8,0.0,0.2,0.8,0.0,0.2,0.8,0.0,0.1,0.9,0.0,0.2,0.0,0.2,0.2,0.1,0.2,0.2,0.1,0.0,0.0,0.0,0.2,0.2,1.0,1.0,0.3,0.1,0.1,0.1,0.0,1.0,0.0,-0.002929139328475633,4.332225182367674e-21,4.332225182367674e-21,0.0,1.1,0,0,0,1,C3R,0.0,0.0,0.05509898928929504,0.9,1.0,0.1,0.0,0.0,0.05509898928929504
phaseflip,dephasing,0.03,4,0.5,0.1,10,qiskit_aer,1,1,0.9418856417500002,0.3767662380000001,0.8111111111111111,0.55,0.0,1.0,1.0,0.0,0.058114358249999575,0.0004144749968500171,0.05833264874999955,0.05800854749999951,0.058438499999999616,1.0,0.7,1.0,0.0,0.0,0.0,0.027960668642954233,0.0004144749968500171,0.028178959142954207,0.027854857892954166,0.028284810392954274,1.0,1.0,0.0,0.0,0.0,0.0,0.04906825136788597,0.013705536395597398,0.05768107124999955,0.0355520065447156,0.05838557437499958,1.0,1.0,0.7,0.0,0.0,0.0,0.04906825136788597,0.013705536395597398,0.05768107124999955,0.0355520065447156,0.05838557437499958,1.0,1.0,0.7,0.0,0.0,0.0,0.04906825136788597,0.013705536395597398,0.05768107124999955,0.0355520065447156,0.05838557437499958,1.0,1.0,0.7,0.0,0.0,0.0,0.05509898928929504,0.008947012087954268,0.058117672499999495,0.05751733312499957,0.058438499999999616,1.0,0.8,0.9,0.0,0.0,0.0,1.0,0.3,0.3,0.3,0.1,0.3,0.7,0.0,0.3,0.7,0.0,0.3,0.7,0.0,0.1,0.9,0.0,0.3,0.0,0.3,0.3,0.1,0.3,0.3,0.2,0.0,0.0,0.0,0.3,0.3,1.0,1.0,0.1,0.1,0.2,0.2,0.0,1.0,0.0,0.223233762669704,7.315150141925845e-19,7.315150141925845e-19,0.0,1.15,0,0,0,2,C3R,0.0,0.0,0.05509898928929504,0.9,1.0,0.1,0.0,0.0,0.05509898928929504
phaseflip,dephasing,0.05,1,0.5,0.03,10,qiskit_aer,1,1,0.9750000000000001,0.42250000000000004,0.8222222222222222,0.5333333333333333,0.0,1.0,1.0,0.0,0.0249999999999998,0.0,0.0249999999999998,0.0249999999999998,0.0249999999999998,1.0,0.5,1.0,0.0,0.0,0.0,-0.005153689607045542,0.0,-0.005153689607045542,-0.005153689607045542,-0.005153689607045542,0.0,1.0,0.0,0.0,0.0,0.0,0.00992315519647713,0.015076844803522671,0.00992315519647713,-0.005153689607045542,0.0249999999999998,0.5,1.0,0.5,0.0,0.0,0.0,0.00992315519647713,0.015076844803522671,0.00992315519647713,-0.005153689607045542,0.0249999999999998,0.5,1.0,0.5,0.0,0.0,0.0,0.00992315519647713,0.015076844803522671,0.00992315519647713,-0.005153689607045542,0.0249999999999998,0.5,1.0,0.5,0.0,0.0,0.0,0.021984631039295266,0.009046106882113603,0.0249999999999998,0.0249999999999998,0.0249999999999998,0.9,0.6,0.9,0.0,0.0,0.0,1.0,0.5,0.5,0.5,0.1,0.5,0.5,0.0,0.5,0.5,0.0,0.5,0.5,0.0,0.1,0.9,0.0,0.5,0.0,0.5,0.5,0.1,0.5,0.5,0.4,0.0,0.0,0.0,0.5,0.5,1.0,1.0,0.2,0.1,0.4,0.4,0.0,1.0,0.0,0.5775000083686362,1.1709892707845082e-17,1.1709892707845082e-17,0.0,1.0633333333333335,0,0,0,4,C3R,0.0,0.0,0.021984631039295266,0.9,0.9,0.1,0.0,0.0,0.021984631039295266
phaseflip,dephasing,0.05,1,0.5,0.05,10,qiskit_aer,1,1,0.9750000000000001,0.41708333333333336,0.8222222222222222,0.5333333333333333,0.0,1.0,1.0,0.0,0.0249999999999998,0.0,0.0249999999999998,0.0249999999999998,0.0249999999999998,1.0,0.4,1.0,0.0,0.0,0.0,-0.005153689607045542,0.0,-0.005153689607045542,-0.005153689607045542,-0.005153689607045542,0.0,1.0,0.0,0.0,0.0,0.0,0.006907786235772595,0.014772230679905057,-0.005153689607045542,-0.005153689607045542,0.0249999999999998,0.4,1.0,0.4,0.0,0.0,0.0,0.006907786235772595,0.014772230679905057,-0.005153689607045542,-0.005153689607045542,0.0249999999999998,0.4,1.0,0.4,0.0,0.0,0.0,0.006907786235772595,0.014772230679905057,-0.005153689607045542,-0.005153689607045542,0.0249999999999998,0.4,1.0,0.4,0.0,0.0,0.0,0.021984631039295266,0.009046106882113603,0.0249999999999998,0.0249999999999998,0.0249999999999998,0.9,0.5,0.9,0.0,0.0,0.0,1.0,0.6,0.6,0.6,0.1,0.6,0.4,0.0,0.6,0.4,0.0,0.6,0.4,0.0,0.1,0.9,0.0,0.6,0.0,0.6,0.6,0.1,0.6,0.6,0.5,0.0,0.0,0.0,0.6,0.6,1.0,1.0,0.2,0.1,0.5,0.5,0.0,1.0,0.0,0.7829166750406746,1.7537554287174895e-17,1.7537554287174895e-17,0.0,1.0833333333333335,0,0,0,5,C3R,0.0,0.0,0.021984631039295266,0.9,0.9,0.1,0.0,0.0,0.021984631039295266
phaseflip,dephasing,0.05,1,0.5,0.1,10,qiskit_aer,1,1,0.9750000000000001,0.35750000000000004,0.8666666666666667,0.5333333333333333,0.0,1.0,1.0,0.0,0.0249999999999998,0.0,0.0249999999999998,0.0249999999999998,0.0249999999999998,1.0,0.3,1.0,0.0,0.0,0.0,-0.005153689607045542,0.0,-0.005153689607045542,-0.005153689607045542,-0.005153689607045542,0.0,1.0,0.0,0.0,0.0,0.0,0.003892417275068061,0.013818156510648851,-0.005153689607045542,-0.005153689607045542,0.017461577598238465,0.3,1.0,0.3,0.0,0.0,0.0,0.003892417275068061,0.013818156510648851,-0.005153689607045542,-0.005153689607045542,0.017461577598238465,0.3,1.0,0.3,0.0,0.0,0.0,0.003892417275068061,0.013818156510648851,-0.005153689607045542,-0.005153689607045542,0.017461577598238465,0.3,1.0,0.3,0.0,0.0,0.0,0.021984631039295266,0.009046106882113603,0.0249999999999998,0.0249999999999998,0.0249999999999998,0.9,0.4,0.9,0.0,0.0,0.0,1.0,0.7,0.7,0.7,0.1,0.7,0.3,0.0,0.7,0.3,0.0,0.7,0.3,0.0,0.1,0.9,0.0,0.7,0.0,0.7,0.7,0.1,0.7,0.7,0.6,0.0,0.0,0.0,0.7,0.7,1.0,1.0,0.2,0.1,0.6,0.6,0.0,1.0,0.0,1.042500007922535,1.7539720399766078e-17,1.7539720399766078e-17,0.0,1.1333333333333333,0,0,0,6,C3R,0.0,0.0,0.021984631039295266,0.9,0.9,0.1,0.0,0.0,0.021984631039295266
phaseflip,dephasing,0.05,2,0.5,0.03,10,qiskit_aer,1,1,0.951,0.4173784722222222,0.8222222222222222,0.5333333333333333,0.0,1.0,1.0,0.0,0.04899999999999967,0.0003061862178479451,0.04874999999999963,0.04874999999999963,0.049374999999999725,1.0,0.6,1.0,0.0,0.0,0.0,0.018846310392954323,0.0003061862178479451,0.018596310392954285,0.018596310392954285,0.019221310392954383,1.0,1.0,0.0,0.0,0.0,0.0,0.03693852415718153,0.01472429505205515,0.04874999999999963,0.019221310392954383,0.04874999999999963,1.0,1.0,0.6,0.0,0.0,0.0,0.03693852415718153,0.01472429505205515,0.04874999999999963,0.019221310392954383,0.04874999999999963,1.0,1.0,0.6,0.0,0.0,0.0,0.03693852415718153,0.01472429505205515,0.04874999999999963,0.019221310392954383,0.04874999999999963,1.0,1.0,0.6,0.0,0.0,0.0,0.04899999999999967,0.0003061862178479451,0.04874999999999963,0.04874999999999963,0.049374999999999725,1.0,0.6,1.0,0.0,0.0,0.0,1.0,0.4,0.4,0.4,0.0,0.4,0.6,0.0,0.4,0.6,0.0,0.4,0.6,0.0,0.0,1.0,0.0,0.4,0.0,0.4,0.4,0.0,0.4,0.4,0.4,0.0,0.0,0.0,0.4,0.4,1.0,1.0,0.2,0.0,0.4,0.4,0.0,1.0,0.0,0.38262152923807213,0.0026948568852589666,0.0026948568852589666,0.0,1.0633333333333335,0,0,0,4,C3R,0.0,0.0,0.04899999999999967,1.0,1.0,0.0,0.0,0.0,0.04899999999999967
phaseflip,dephasing,0.05,2,0.5,0.05,10,qiskit_aer,1,1,0.951,0.41209375,0.8222222222222222,0.5333333333333333,0.0,1.0,1.0,0.0,0.04899999999999967,0.0003061862178479451,0.04874999999999963,0.04874999999999963,0.049374999999999725,1.0,0.6,1.0,0.0,0.0,0.0,0.018846310392954323,0.0003061862178479451,0.018596310392954285,0.018596310392954285,0.019221310392954383,1.0,1.0,0.0,0.0,0.0,0.0,0.03693852415718153,0.014978093576344697,0.04874999999999963,0.018596310392954285,0.049374999999999725,1.0,1.0,0.6,0.0,0.0,0.0,0.03693852415718153,0.014978093576344697,0.04874999999999963,0.018596310392954285,0.049374999999999725,1.0,1.0,0.6,0.0,0.0,0.0,0.03693852415718153,0.014978093576344697,0.04874999999999963,0.018596310392954285,0.049374999999999725,1.0,1.0,0.6,0.0,0.0,0.0,0.04899999999999967,0.0003061862178479451,0.04874999999999963,0.04874999999999963,0.049374999999999725,1.0,0.6,1.0,0.0,0.0,0.0,1.0,0.4,0.4,0.4,0.0,0.4,0.6,0.0,0.4,0.6,0.0,0.4,0.6,0.0,0.0,1.0,0.0,0.4,0.0,0.4,0.4,0.0,0.4,0.4,0.4,0.0,0.0,0.0,0.4,0.4,1.0,1.0,0.2,0.0,0.4,0.4,0.0,1.0,0.0,0.3879062514079548,0.0026948568852589666,0.0026948568852589666,0.0,1.0833333333333335,0,0,0,4,C3R,0.0,0.0,0.04899999999999967,1.0,1.0,0.0,0.0,0.0,0.04899999999999967
phaseflip,dephasing,0.05,2,0.5,0.1,10,qiskit_aer,1,1,0.951,0.3539861111111111,0.8666666666666667,0.5333333333333333,0.0,1.0,1.0,0.0,0.04899999999999967,0.0003061862178479451,0.04874999999999963,0.04874999999999963,0.049374999999999725,1.0,0.6,1.0,0.0,0.0,0.0,0.018846310392954323,0.0003061862178479451,0.018596310392954285,0.018596310392954285,0.019221310392954383,1.0,1.0,0.0,0.0,0.0,0.0,0.03693852415718153,0.014851736463486583,0.04874999999999963,0.01875256039295431,0.0492187499999997,1.0,1.0,0.6,0.0,0.0,0.0,0.03693852415718153,0.014851736463486583,0.04874999999999963,0.01875256039295431,0.0492187499999997,1.0,1.0,0.6,0.0,0.0,0.0,0.03693852415718153,0.014851736463486583,0.04874999999999963,0.01875256039295431,0.0492187499999997,1.0,1.0,0.6,0.0,0.0,0.0,0.045984631039295135,0.00892548446876103,0.04874999999999963,0.04874999999999963,0.0492187499999997,1.0,0.7,0.9,0.0,0.0,0.0,1.0,0.4,0.4,0.4,0.1,0.4,0.6,0.0,0.4,0.6,0.0,0.4,0.6,0.0,0.1,0.9,0.0,0.4,0.0,0.4,0.4,0.1,0.4,0.4,0.3,0.0,0.0,0.0,0.4,0.4,1.0,1.0,0.2,0.1,0.3,0.3,0.0,1.0,0.0,0.446013890252581,0.0013474284426294933,0.0013474284426294933,0.0,1.1333333333333333,0,0,0,3,C3R,0.0,0.0,0.045984631039295135,0.9,1.0,0.1,0.0,0.0,0.045984631039295135
phaseflip,dephasing,0.05,3,0.5,0.03,10,qiskit_aer,1,1,0.9276562499999998,0.39685729166666667,0.8,0.55,0.0,1.0,1.0,0.0,0.07234374999999979,0.0007184782094816984,0.07253124999999983,0.07161718749999987,0.07297656249999979,1.0,0.6,1.0,0.0,0.0,0.0,0.04219006039295444,0.0007184782094816984,0.04237756039295448,0.04146349789295453,0.042822872892954444,1.0,1.0,0.0,0.0,0.0,0.0,0.060282274157181646,0.014884956116780708,0.07131249999999967,0.04237756039295448,0.07297656249999979,1.0,1.0,0.6,0.0,0.0,0.0,0.060282274157181646,0.014884956116780708,0.07131249999999967,0.04237756039295448,0.07297656249999979,1.0,1.0,0.6,0.0,0.0,0.0,0.060282274157181646,0.014884956116780708,0.07131249999999967,0.04237756039295448,0.07297656249999979,1.0,1.0,0.6,0.0,0.0,0.0,0.07234374999999979,0.0007184782094816984,0.07253124999999983,0.07161718749999987,0.07297656249999979,1.0,0.6,1.0,0.0,0.0,0.0,1.0,0.4,0.4,0.4,0.0,0.4,0.6,0.0,0.4,0.6,0.0,0.4,0.6,0.0,0.0,1.0,0.0,0.4,0.0,0.4,0.4,0.0,0.4,0.4,0.4,0.0,0.0,0.0,0.4,0.4,1.0,1.0,0.3,0.0,0.4,0.4,0.0,1.0,0.0,0.4031427086372568,8.664450364735348e-21,8.664450364735348e-21,0.0,1.08,0,0,0,4,C3R,0.0,0.0,0.07234374999999979,1.0,1.0,0.0,0.0,0.0,0.07234374999999979
phaseflip,dephasing,0.05,3,0.5,0.05,10,qiskit_aer,1,1,0.9276562499999998,0.39685729166666667,0.8,0.55,0.0,1.0,1.0,0.0,0.07234374999999979,0.0007184782094816984,0.07253124999999983,0.07161718749999987,0.07297656249999979,1.0,0.5,1.0,0.0,0.0,0.0,0.04219006039295444,0.0007184782094816984,0.04237756039295448,0.04146349789295453,0.042822872892954444,1.0,1.0,0.0,0.0,0.0,0.0,0.05726690519647711,0.015031395629367453,0.05714190519647705,0.04237756039295448,0.07222656249999979,1.0,1.0,0.5,0.0,0.0,0.0,0.05726690519647711,0.015031395629367453,0.05714190519647705,0.04237756039295448,0.07222656249999979,1.0,1.0,0.5,0.0,0.0,0.0,0.05726690519647711,0.015031395629367453,0.05714190519647705,0.04237756039295448,0.07222656249999979,1.0,1.0,0.5,0.0,0.0,0.0,0.07234374999999979,0.0007184782094816984,0.07253124999999983,0.07161718749999987,0.07297656249999979,1.0,0.5,1.0,0.0,0.0,0.0,1.0,0.5,0.5,0.5,0.0,0.5,0.5,0.0,0.5,0.5,0.0,0.5,0.5,0.0,0.0,1.0,0.0,0.5,0.0,0.5,0.5,0.0,0.5,0.5,0.5,0.0,0.0,0.0,0.5,0.5,1.0,1.0,0.3,0.0,0.5,0.5,0.0,1.0,0.0,0.6031427086294898,9.597967791511354e-21,9.597967791511354e-21,0.0,1.1,0,0,0,5,C3R,0.0,0.0,0.07234374999999979,1.0,1.0,0.0,0.0,0.0,0.07234374999999979
phaseflip,dephasing,0.05,3,0.5,0.1,10,qiskit_aer,1,1,0.9276562499999998,0.3710807291666666,0.8111111111111111,0.55,0.0,1.0,1.0,0.0,0.07234374999999979,0.0007184782094816984,0.07253124999999983,0.07161718749999987,0.07297656249999979,1.0,0.4,1.0,0.0,0.0,0.0,0.04219006039295444,0.0007184782094816984,0.04237756039295448,0.04146349789295453,0.042822872892954444,1.0,1.0,0.0,0.0,0.0,0.0,0.05425153623577258,0.014564988520293651,0.04297131039295443,0.04237756039295448,0.07131249999999967,1.0,1.0,0.4,0.0,0.0,0.0,0.05425153623577258,0.014564988520293651,0.04297131039295443,0.04237756039295448,0.07131249999999967,1.0,1.0,0.4,0.0,0.0,0.0,0.05425153623577258,0.014564988520293651,0.04297131039295443,0.04237756039295448,0.07131249999999967,1.0,1.0,0.4,0.0,0.0,0.0,0.07234374999999979,0.0007184782094816984,0.07253124999999983,0.07161718749999987,0.07297656249999979,1.0,0.4,1.0,0.0,0.0,0.0,1.0,0.6,0.6,0.6,0.0,0.6,0.4,0.0,0.6,0.4,0.0,0.6,0.4,0.0,0.0,1.0,0.0,0.6,0.0,0.6,0.6,0.0,0.6,0.6,0.6,0.0,0.0,0.0,0.6,0.6,1.0,1.0,0.1,0.0,0.6,0.6,0.0,1.0,0.0,0.8289192711256034,1.053148521828736e-20,1.053148521828736e-20,0.0,1.15,0,0,0,6,C3R,0.0,0.0,0.07234374999999979,1.0,1.0,0.0,0.0,0.0,0.07234374999999979
phaseflip,dephasing,0.05,4,0.5,0.03,10,qiskit_aer,1,1,0.9051885937499999,0.3771992881944444,0.8,0.55,0.0,1.0,1.0,0.0,0.09481140624999983,0.0011233153727951157,0.09540546874999983,0.0945296874999999,0.09568749999999981,1.0,0.7,1.0,0.0,0.0,0.0,0.06465771664295449,0.0011233153727951157,0.06525177914295449,0.06437599789295456,0.06553381039295447,1.0,1.0,0.0,0.0,0.0,0.0,0.08576529936788622,0.013795569537946003,0.09393515624999982,0.0723370765447158,0.09568749999999981,1.0,1.0,0.7,0.0,0.0,0.0,0.08576529936788622,0.013795569537946003,0.09393515624999982,0.0723370765447158,0.09568749999999981,1.0,1.0,0.7,0.0,0.0,0.0,0.08576529936788622,0.013795569537946003,0.09393515624999982,0.0723370765447158,0.09568749999999981,1.0,1.0,0.7,0.0,0.0,0.0,0.09481140624999983,0.0011233153727951157,0.09540546874999983,0.0945296874999999,0.09568749999999981,1.0,0.7,1.0,0.0,0.0,0.0,1.0,0.3,0.3,0.3,0.0,0.3,0.7,0.0,0.3,0.7,0.0,0.3,0.7,0.0,0.0,1.0,0.0,0.3,0.0,0.3,0.3,0.0,0.3,0.3,0.3,0.0,0.0,0.0,0.3,0.3,1.0,1.0,0.3,0.0,0.3,0.3,0.0,1.0,0.0,0.22280071193007328,0.0054251498837028025,0.0054251498837028025,0.0,1.08,0,0,0,3,C3R,0.0,0.0,0.09481140624999983,1.0,1.0,0.0,0.0,0.0,0.09481140624999983
phaseflip,dephasing,0.05,4,0.5,0.05,10,qiskit_aer,1,1,0.9051885937499999,0.3771992881944444,0.8,0.55,0.0,1.0,1.0,0.0,0.09481140624999983,0.0011233153727951157,0.09540546874999983,0.0945296874999999,0.09568749999999981,1.0,0.6,1.0,0.0,0.0,0.0,0.06465771664295449,0.0011233153727951157,0.06525177914295449,0.06437599789295456,0.06553381039295447,1.0,1.0,0.0,0.0,0.0,0.0,0.08274993040718169,0.014687181829466293,0.09274687499999978,0.0651107635179545,0.09568749999999981,1.0,1.0,0.6,0.0,0.0,0.0,0.08274993040718169,0.014687181829466293,0.09274687499999978,0.0651107635179545,0.09568749999999981,1.0,1.0,0.6,0.0,0.0,0.0,0.08274993040718169,0.014687181829466293,0.09274687499999978,0.0651107635179545,0.09568749999999981,1.0,1.0,0.6,0.0,0.0,0.0,0.09179603728929529,0.009011776098935277,0.09510859374999986,0.09319257812499981,0.09568749999999981,1.0,0.7,0.9,0.0,0.0,0.0,1.0,0.4,0.4,0.4,0.1,0.4,0.6,0.0,0.4,0.6,0.0,0.4,0.6,0.0,0.1,0.9,0.0,0.4,0.0,0.4,0.4,0.1,0.4,0.4,0.3,0.0,0.0,0.0,0.4,0.4,1.0,1.0,0.3,0.1,0.3,0.3,0.0,1.0,0.0,0.42280071192939506,0.0046479668496748755,0.0046479668496748755,0.0,1.1,0,0,0,3,C3R,0.0,0.0,0.09179603728929529,0.9,1.0,0.1,0.0,0.0,0.09179603728929529
phaseflip,dephasing,0.05,4,0.5,0.1,10,qiskit_aer,1,1,0.9051885937499999,0.35205672743055555,0.8111111111111111,0.55,0.0,1.0,1.0,0.0,0.09481140624999983,0.0011233153727951157,0.09540546874999983,0.0945296874999999,0.09568749999999981,1.0,0.6,1.0,0.0,0.0,0.0,0.06465771664295449,0.0011233153727951157,0.06525177914295449,0.06437599789295456,0.06553381039295447,1.0,1.0,0.0,0.0,0.0,0.0,0.08274993040718169,0.014687181829466293,0.09274687499999978,0.0651107635179545,0.09568749999999981,1.0,1.0,0.6,0.0,0.0,0.0,0.08274993040718169,0.014687181829466293,0.09274687499999978,0.0651107635179545,0.09568749999999981,1.0,1.0,0.6,0.0,0.0,0.0,0.08274993040718169,0.014687181829466293,0.09274687499999978,0.0651107635179545,0.09568749999999981,1.0,1.0,0.6,0.0,0.0,0.0,0.09481140624999983,0.0011233153727951157,0.09540546874999983,0.0945296874999999,0.09568749999999981,1.0,0.6,1.0,0.0,0.0,0.0,1.0,0.4,0.4,0.4,0.0,0.4,0.6,0.0,0.4,0.6,0.0,0.4,0.6,0.0,0.0,1.0,0.0,0.4,0.0,0.4,0.4,0.0,0.4,0.4,0.4,0.0,0.0,0.0,0.4,0.4,1.0,1.0,0.1,0.0,0.4,0.4,0.0,1.0,0.0,0.4479432726868524,1.9846803185586047e-17,1.9846803185586047e-17,0.0,1.15,0,0,0,4,C3R,0.0,0.0,0.09481140624999983,1.0,1.0,0.0,0.0,0.0,0.09481140624999983
phaseflip,dephasing,0.1,1,0.5,0.03,10,qiskit_aer,1,1,0.9499999999999998,0.4063888888888889,0.8222222222222222,0.5333333333333333,0.0,1.0,1.0,0.0,0.04999999999999971,0.0,0.04999999999999971,0.04999999999999971,0.04999999999999971,1.0,0.2,1.0,0.0,0.0,0.0,0.01984631039295437,0.0,0.01984631039295437,0.01984631039295437,0.01984631039295437,1.0,1.0,0.0,0.0,0.0,0.0,0.025877048314363438,0.012061475842818137,0.01984631039295437,0.01984631039295437,0.01984631039295437,1.0,1.0,0.2,0.0,0.0,0.0,0.025877048314363438,0.012061475842818137,0.01984631039295437,0.01984631039295437,0.01984631039295437,1.0,1.0,0.2,0.0,0.0,0.0,0.025877048314363438,0.012061475842818137,0.01984631039295437,0.01984631039295437,0.01984631039295437,1.0,1.0,0.2,0.0,0.0,0.0,0.04396926207859064,0.012061475842818137,0.04999999999999971,0.04999999999999971,0.04999999999999971,1.0,0.4,0.8,0.0,0.0,0.0,1.0,0.8,0.8,0.8,0.2,0.8,0.2,0.0,0.8,0.2,0.0,0.8,0.2,0.0,0.2,0.8,0.0,0.8,0.0,0.8,0.8,0.2,0.8,0.8,0.6,0.0,0.0,0.0,0.8,0.8,1.0,1.0,0.2,0.2,0.6,0.6,0.0,1.0,0.0,1.1936111124982631,0.14133233712661944,0.14133233712661944,0.0,1.0633333333333335,0,0,0,6,C3R,0.0,0.0,0.04396926207859064,0.8,1.0,0.2,0.0,0.0,0.04396926207859064
phaseflip,dephasing,0.1,1,0.5,0.05,10,qiskit_aer,1,1,0.9499999999999998,0.4011111111111111,0.8222222222222222,0.5333333333333333,0.0,1.0,1.0,0.0,0.04999999999999971,0.0,0.04999999999999971,0.04999999999999971,0.04999999999999971,1.0,0.2,1.0,0.0,0.0,0.0,0.01984631039295437,0.0,0.01984631039295437,0.01984631039295437,0.01984631039295437,1.0,1.0,0.0,0.0,0.0,0.0,0.025877048314363438,0.012061475842818137,0.01984631039295437,0.01984631039295437,0.01984631039295437,1.0,1.0,0.2,0.0,0.0,0.0,0.025877048314363438,0.012061475842818137,0.01984631039295437,0.01984631039295437,0.01984631039295437,1.0,1.0,0.2,0.0,0.0,0.0,0.025877048314363438,0.012061475842818137,0.01984631039295437,0.01984631039295437,0.01984631039295437,1.0,1.0,0.2,0.0,0.0,0.0,0.04396926207859064,0.012061475842818137,0.04999999999999971,0.04999999999999971,0.04999999999999971,1.0,0.4,0.8,0.0,0.0,0.0,1.0,0.8,0.8,0.8,0.2,0.8,0.2,0.0,0.8,0.2,0.0,0.8,0.2,0.0,0.2,0.8,0.0,0.8,0.0,0.8,0.8,0.2,0.8,0.8,0.6,0.0,0.0,0.0,0.8,0.8,1.0,1.0,0.2,0.2,0.6,0.6,0.0,1.0,0.0,1.1988888902397166,0.12450793776243545,0.12450793776243545,0.0,1.0833333333333335,0,0,0,6,C3R,0.0,0.0,0.04396926207859064,0.8,1.0,0.2,0.0,0.0,0.04396926207859064
phaseflip,dephasing,0.1,1,0.5,0.1,10,qiskit_aer,1,1,0.9499999999999998,0.34305555555555556,0.8666666666666667,0.5333333333333333,0.0,1.0,1.0,0.0,0.04999999999999971,0.0,0.04999999999999971,0.04999999999999971,0.04999999999999971,1.0,0.2,1.0,0.0,0.0,0.0,0.01984631039295437,0.0,0.01984631039295437,0.01984631039295437,0.01984631039295437,1.0,1.0,0.0,0.0,0.0,0.0,0.025877048314363438,0.012061475842818137,0.01984631039295437,0.01984631039295437,0.01984631039295437,1.0,1.0,0.2,0.0,0.0,0.0,0.025877048314363438,0.012061475842818137,0.01984631039295437,0.01984631039295437,0.01984631039295437,1.0,1.0,0.2,0.0,0.0,0.0,0.025877048314363438,0.012061475842818137,0.01984631039295437,0.01984631039295437,0.01984631039295437,1.0,1.0,0.2,0.0,0.0,0.0,0.04396926207859064,0.012061475842818137,0.04999999999999971,0.04999999999999971,0.04999999999999971,1.0,0.4,0.8,0.0,0.0,0.0,1.0,0.8,0.8,0.8,0.2,0.8,0.2,0.0,0.8,0.2,0.0,0.8,0.2,0.0,0.2,0.8,0.0,0.8,0.0,0.8,0.8,0.2,0.8,0.8,0.6,0.0,0.0,0.0,0.8,0.8,1.0,1.0,0.2,0.2,0.6,0.6,0.0,1.0,0.0,1.2569444458315966,0.14133233712661944,0.14133233712661944,0.0,1.1333333333333333,0,0,0,6,C3R,0.0,0.0,0.04396926207859064,0.8,1.0,0.2,0.0,0.0,0.04396926207859064
phaseflip,dephasing,0.1,2,0.5,0.03,10,qiskit_aer,1,1,0.9039999999999999,0.3515277777777778,0.8222222222222222,0.5333333333333333,0.0,1.0,1.0,0.0,0.0959999999999998,0.0012247448713915085,0.09499999999999986,0.09499999999999986,0.0974999999999997,1.0,0.8,1.0,0.0,0.0,0.0,0.06584631039295445,0.0012247448713915085,0.06484631039295452,0.06484631039295452,0.06734631039295436,1.0,1.0,0.0,0.0,0.0,0.0,0.08996926207859073,0.01135284042619552,0.09499999999999986,0.09499999999999986,0.09499999999999986,1.0,1.0,0.8,0.0,0.0,0.0,0.08996926207859073,0.01135284042619552,0.09499999999999986,0.09499999999999986,0.09499999999999986,1.0,1.0,0.8,0.0,0.0,0.0,0.08996926207859073,0.01135284042619552,0.09499999999999986,0.09499999999999986,0.09499999999999986,1.0,1.0,0.8,0.0,0.0,0.0,0.0959999999999998,0.0012247448713915085,0.09499999999999986,0.09499999999999986,0.0974999999999997,1.0,0.8,1.0,0.0,0.0,0.0,1.0,0.2,0.2,0.2,0.0,0.2,0.8,0.0,0.2,0.8,0.0,0.2,0.8,0.0,0.0,1.0,0.0,0.2,0.0,0.2,0.2,0.0,0.2,0.2,0.2,0.0,0.0,0.0,0.2,0.2,1.0,1.0,0.2,0.0,0.2,0.2,0.0,1.0,0.0,0.048472222347743024,0.013932496824856649,0.013932496824856649,0.0,1.0633333333333335,0,0,0,2,C3R,0.0,0.0,0.0959999999999998,1.0,1.0,0.0,0.0,0.0,0.0959999999999998
phaseflip,dephasing,0.1,2,0.5,0.05,10,qiskit_aer,1,1,0.9039999999999999,0.3465,0.8222222222222222,0.5333333333333333,0.0,1.0,1.0,0.0,0.0959999999999998,0.0012247448713915085,0.09499999999999986,0.09499999999999986,0.0974999999999997,1.0,0.8,1.0,0.0,0.0,0.0,0.06584631039295445,0.0012247448713915085,0.06484631039295452,0.06484631039295452,0.06734631039295436,1.0,1.0,0.0,0.0,0.0,0.0,0.08996926207859073,0.01135284042619552,0.09499999999999986,0.09499999999999986,0.09499999999999986,1.0,1.0,0.8,0.0,0.0,0.0,0.08996926207859073,0.01135284042619552,0.09499999999999986,0.09499999999999986,0.09499999999999986,1.0,1.0,0.8,0.0,0.0,0.0,0.08996926207859073,0.01135284042619552,0.09499999999999986,0.09499999999999986,0.09499999999999986,1.0,1.0,0.8,0.0,0.0,0.0,0.0959999999999998,0.0012247448713915085,0.09499999999999986,0.09499999999999986,0.0974999999999997,1.0,0.8,1.0,0.0,0.0,0.0,1.0,0.2,0.2,0.2,0.0,0.2,0.8,0.0,0.2,0.8,0.0,0.2,0.8,0.0,0.0,1.0,0.0,0.2,0.0,0.2,0.2,0.0,0.2,0.2,0.2,0.0,0.0,0.0,0.2,0.2,1.0,1.0,0.2,0.0,0.2,0.2,0.0,1.0,0.0,0.05350000012679422,0.008495877083870586,0.008495877083870586,0.0,1.0833333333333335,0,0,0,2,C3R,0.0,0.0,0.0959999999999998,1.0,1.0,0.0,0.0,0.0,0.0959999999999998
phaseflip,dephasing,0.1,2,0.5,0.1,10,qiskit_aer,1,1,0.9039999999999999,0.31140277777777775,0.8666666666666667,0.5333333333333333,0.0,1.0,1.0,0.0,0.0959999999999998,0.0012247448713915085,0.09499999999999986,0.09499999999999986,0.0974999999999997,1.0,0.9,1.0,0.0,0.0,0.0,0.06584631039295445,0.0012247448713915085,0.06484631039295452,0.06484631039295452,0.06734631039295436,1.0,1.0,0.0,0.0,0.0,0.0,0.09298463103929526,0.008618929332609118,0.09499999999999986,0.09499999999999986,0.09687499999999974,1.0,1.0,0.9,0.0,0.0,0.0,0.09298463103929526,0.008618929332609118,0.09499999999999986,0.09499999999999986,0.09687499999999974,1.0,1.0,0.9,0.0,0.0,0.0,0.09298463103929526,0.008618929332609118,0.09499999999999986,0.09499999999999986,0.09687499999999974,1.0,1.0,0.9,0.0,0.0,0.0,0.0959999999999998,0.0012247448713915085,0.09499999999999986,0.09499999999999986,0.0974999999999997,1.0,0.9,1.0,0.0,0.0,0.0,1.0,0.1,0.1,0.1,0.0,0.1,0.9,0.0,0.1,0.9,0.0,0.1,0.9,0.0,0.0,1.0,0.0,0.1,0.0,0.1,0.1,0.0,0.1,0.1,0.1,0.0,0.0,0.0,0.1,0.1,1.0,1.0,0.2,0.0,0.1,0.1,0.0,1.0,0.0,-0.11140277765248303,2.166112591183837e-21,2.166112591183837e-21,0.0,1.1333333333333333,0,0,0,1,C3R,0.0,0.0,0.0959999999999998,1.0,1.0,0.0,0.0,0.0,0.0959999999999998
phaseflip,dephasing,0.1,3,0.5,0.03,10,qiskit_aer,1,1,0.8604999999999999,0.3490986111111111,0.8,0.55,0.0,0.0,1.0,0.0,0.13949999999999982,0.002779388421937513,0.14024999999999987,0.13668749999999977,0.14193749999999986,1.0,0.7,1.0,0.0,0.0,0.0,0.10934631039295448,0.002779388421937513,0.11009631039295453,0.10653381039295443,0.11178381039295451,1.0,1.0,0.0,0.0,0.0,0.0,0.13045389311788622,0.012568172833919642,0.13549999999999973,0.11813473279471581,0.14024999999999987,1.0,1.0,0.7,0.0,0.0,0.0,0.13045389311788622,0.012568172833919642,0.13549999999999973,0.11813473279471581,0.14024999999999987,1.0,1.0,0.7,0.0,0.0,0.0,0.13045389311788622,0.012568172833919642,0.13549999999999973,0.11813473279471581,0.14024999999999987,1.0,1.0,0.7,0.0,0.0,0.0,0.13346926207859075,0.011427551456965807,0.1378749999999998,0.13549999999999973,0.14024999999999987,1.0,0.9,0.8,0.0,0.0,0.0,1.0,0.3,0.3,0.3,0.2,0.3,0.7,0.0,0.3,0.7,0.0,0.3,0.7,0.0,0.2,0.8,0.0,0.3,0.0,0.3,0.3,0.2,0.3,0.3,0.1,0.0,0.0,0.0,0.3,0.3,1.0,1.0,0.3,0.2,0.1,0.1,0.0,1.0,0.0,0.25090138892276376,0.035686424219016966,0.035686424219016966,0.0,1.08,0,0,0,1,C3R,0.0,0.0,0.13346926207859075,0.8,1.0,0.2,0.0,0.0,0.13346926207859075
phaseflip,dephasing,0.1,3,0.5,0.05,10,qiskit_aer,1,1,0.8604999999999999,0.3490986111111111,0.8,0.55,0.0,0.0,1.0,0.0,0.13949999999999982,0.002779388421937513,0.14024999999999987,0.13668749999999977,0.14193749999999986,1.0,0.6,1.0,0.0,0.0,0.0,0.10934631039295448,0.002779388421937513,0.11009631039295453,0.10653381039295443,0.11178381039295451,1.0,1.0,0.0,0.0,0.0,0.0,0.12743852415718168,0.0129284223525761,0.13549999999999973,0.11234631039295451,0.13906249999999984,1.0,1.0,0.6,0.0,0.0,0.0,0.12743852415718168,0.0129284223525761,0.13549999999999973,0.11234631039295451,0.13906249999999984,1.0,1.0,0.6,0.0,0.0,0.0,0.12743852415718168,0.0129284223525761,0.13549999999999973,0.11234631039295451,0.13906249999999984,1.0,1.0,0.6,0.0,0.0,0.0,0.13346926207859075,0.011427551456965807,0.1378749999999998,0.13549999999999973,0.14024999999999987,1.0,0.8,0.8,0.0,0.0,0.0,1.0,0.4,0.4,0.4,0.2,0.4,0.6,0.0,0.4,0.6,0.0,0.4,0.6,0.0,0.2,0.8,0.0,0.4,0.0,0.4,0.4,0.2,0.4,0.4,0.2,0.0,0.0,0.0,0.4,0.4,1.0,1.0,0.3,0.2,0.2,0.2,0.0,1.0,0.0,0.45090138892187825,0.027544488809430962,0.027544488809430962,0.0,1.1,0,0,0,2,C3R,0.0,0.0,0.13346926207859075,0.8,1.0,0.2,0.0,0.0,0.13346926207859075
phaseflip,dephasing,0.1,3,0.5,0.1,10,qiskit_aer,1,1,0.8604999999999999,0.32516388888888886,0.8111111111111111,0.55,0.0,0.0,1.0,0.0,0.13949999999999982,0.002779388421937513,0.14024999999999987,0.13668749999999977,0.14193749999999986,1.0,0.6,1.0,0.0,0.0,0.0,0.10934631039295448,0.002779388421937513,0.11009631039295453,0.10653381039295443,0.11178381039295451,1.0,1.0,0.0,0.0,0.0,0.0,0.12743852415718168,0.0129284223525761,0.13549999999999973,0.11234631039295451,0.13906249999999984,1.0,1.0,0.6,0.0,0.0,0.0,0.12743852415718168,0.0129284223525761,0.13549999999999973,0.11234631039295451,0.13906249999999984,1.0,1.0,0.6,0.0,0.0,0.0,0.12743852415718168,0.0129284223525761,0.13549999999999973,0.11234631039295451,0.13906249999999984,1.0,1.0,0.6,0.0,0.0,0.0,0.13648463103929528,0.008453687713560044,0.14024999999999987,0.13549999999999973,0.14024999999999987,1.0,0.7,0.9,0.0,0.0,0.0,1.0,0.4,0.4,0.4,0.1,0.4,0.6,0.0,0.4,0.6,0.0,0.4,0.6,0.0,0.1,0.9,0.0,0.4,0.0,0.4,0.4,0.1,0.4,0.4,0.3,0.0,0.0,0.0,0.4,0.4,1.0,1.0,0.1,0.1,0.3,0.3,0.0,1.0,0.0,0.47483611114247826,0.027544488809430962,0.027544488809430962,0.0,1.15,0,0,0,3,C3R,0.0,0.0,0.13648463103929528,0.9,1.0,0.1,0.0,0.0,0.13648463103929528
phaseflip,dephasing,0.1,4,0.5,0.03,10,qiskit_aer,1,1,0.8202674999999998,0.33736638888888887,0.8,0.55,0.0,0.0,1.0,0.0,0.17973249999999985,0.004220086640105866,0.1819874999999999,0.1787249999999999,0.18299999999999983,1.0,1.0,1.0,0.0,0.0,0.0,0.1495788103929545,0.004220086640105866,0.15183381039295457,0.14857131039295457,0.1528463103929545,1.0,1.0,0.0,0.0,0.0,0.0,0.17973249999999985,0.004220086640105866,0.1819874999999999,0.1787249999999999,0.18299999999999983,1.0,1.0,1.0,0.0,0.0,0.0,0.17973249999999985,0.004220086640105866,0.1819874999999999,0.1787249999999999,0.18299999999999983,1.0,1.0,1.0,0.0,0.0,0.0,0.17973249999999985,0.004220086640105866,0.1819874999999999,0.1787249999999999,0.18299999999999983,1.0,1.0,1.0,0.0,0.0,0.0,0.17973249999999985,0.004220086640105866,0.1819874999999999,0.1787249999999999,0.18299999999999983,1.0,1.0,1.0,0.0,0.0,0.0,1.0,0.0,0.0,0.0,0.0,0.0,1.0,0.0,0.0,1.0,0.0,0.0,1.0,0.0,0.0,1.0,0.0,0.0,0.0,0.0,0.0,0.0,0.0,0.0,0.0,0.0,0.0,0.0,0.0,0.0,1.0,1.0,0.3,0.0,0.0,0.0,0.0,0.0,0.0,-0.3373663888763479,0.0,0.0,0.0,1.08,0,0,0,0,C1,0.0,0.0,0.17973249999999985,1.0,1.0,0.0,0.0,0.0,0.17973249999999985
phaseflip,dephasing,0.1,4,0.5,0.05,10,qiskit_aer,1,1,0.8202674999999998,0.33736638888888887,0.8,0.55,0.0,0.0,1.0,0.0,0.17973249999999985,0.004220086640105866,0.1819874999999999,0.1787249999999999,0.18299999999999983,1.0,0.9,1.0,0.0,0.0,0.0,0.1495788103929545,0.004220086640105866,0.15183381039295457,0.14857131039295457,0.1528463103929545,1.0,1.0,0.0,0.0,0.0,0.0,0.17671713103929532,0.010281884527091443,0.1819874999999999,0.17364374999999985,0.18299999999999983,1.0,1.0,0.9,0.0,0.0,0.0,0.17671713103929532,0.010281884527091443,0.1819874999999999,0.17364374999999985,0.18299999999999983,1.0,1.0,0.9,0.0,0.0,0.0,0.17671713103929532,0.010281884527091443,0.1819874999999999,0.17364374999999985,0.18299999999999983,1.0,1.0,0.9,0.0,0.0,0.0,0.17973249999999985,0.004220086640105866,0.1819874999999999,0.1787249999999999,0.18299999999999983,1.0,0.9,1.0,0.0,0.0,0.0,1.0,0.1,0.1,0.1,0.0,0.1,0.9,0.0,0.1,0.9,0.0,0.1,0.9,0.0,0.0,1.0,0.0,0.1,0.0,0.1,0.1,0.0,0.1,0.1,0.1,0.0,0.0,0.0,0.1,0.1,1.0,1.0,0.3,0.0,0.1,0.1,0.0,1.0,0.0,-0.1373663888761307,9.33517426776006e-22,9.33517426776006e-22,0.0,1.1,0,0,0,1,C3R,0.0,0.0,0.17973249999999985,1.0,1.0,0.0,0.0,0.0,0.17973249999999985
phaseflip,dephasing,0.1,4,0.5,0.1,10,qiskit_aer,1,1,0.8202674999999998,0.3145868055555555,0.8111111111111111,0.55,0.0,0.0,1.0,0.0,0.17973249999999985,0.004220086640105866,0.1819874999999999,0.1787249999999999,0.18299999999999983,1.0,0.9,1.0,0.0,0.0,0.0,0.1495788103929545,0.004220086640105866,0.15183381039295457,0.14857131039295457,0.1528463103929545,1.0,1.0,0.0,0.0,0.0,0.0,0.17671713103929532,0.010281884527091443,0.1819874999999999,0.17364374999999985,0.18299999999999983,1.0,1.0,0.9,0.0,0.0,0.0,0.17671713103929532,0.010281884527091443,0.1819874999999999,0.17364374999999985,0.18299999999999983,1.0,1.0,0.9,0.0,0.0,0.0,0.17671713103929532,0.010281884527091443,0.1819874999999999,0.17364374999999985,0.18299999999999983,1.0,1.0,0.9,0.0,0.0,0.0,0.17973249999999985,0.004220086640105866,0.1819874999999999,0.1787249999999999,0.18299999999999983,1.0,0.9,1.0,0.0,0.0,0.0,1.0,0.1,0.1,0.1,0.0,0.1,0.9,0.0,0.1,0.9,0.0,0.1,0.9,0.0,0.0,1.0,0.0,0.1,0.0,0.1,0.1,0.0,0.1,0.1,0.1,0.0,0.0,0.0,0.1,0.1,1.0,1.0,0.1,0.0,0.1,0.1,0.0,1.0,0.0,-0.1145868055426956,2.166112591183837e-21,2.166112591183837e-21,0.0,1.15,0,0,0,1,C3R,0.0,0.0,0.17973249999999985,1.0,1.0,0.0,0.0,0.0,0.17973249999999985
phaseflip,dephasing,0.15,1,0.5,0.03,10,qiskit_aer,1,1,0.9250000000000002,0.36486111111111114,0.8222222222222222,0.5333333333333333,0.0,1.0,1.0,0.0,0.07499999999999973,0.0,0.07499999999999973,0.07499999999999973,0.07499999999999973,1.0,0.5,1.0,0.0,0.0,0.0,0.04484631039295439,0.0,0.04484631039295439,0.04484631039295439,0.04484631039295439,1.0,1.0,0.0,0.0,0.0,0.0,0.05992315519647706,0.015076844803522671,0.05992315519647706,0.04484631039295439,0.07499999999999973,1.0,1.0,0.5,0.0,0.0,0.0,0.05992315519647706,0.015076844803522671,0.05992315519647706,0.04484631039295439,0.07499999999999973,1.0,1.0,0.5,0.0,0.0,0.0,0.05992315519647706,0.015076844803522671,0.05992315519647706,0.04484631039295439,0.07499999999999973,1.0,1.0,0.5,0.0,0.0,0.0,0.07499999999999973,0.0,0.07499999999999973,0.07499999999999973,0.07499999999999973,1.0,0.5,1.0,0.0,0.0,0.0,1.0,0.5,0.5,0.5,0.0,0.5,0.5,0.0,0.5,0.5,0.0,0.5,0.5,0.0,0.0,1.0,0.0,0.5,0.0,0.5,0.5,0.0,0.5,0.5,0.5,0.0,0.0,0.0,0.5,0.5,1.0,1.0,0.2,0.0,0.5,0.5,0.0,1.0,0.0,0.6351388891485317,1.268241029256286e-17,1.268241029256286e-17,0.0,1.0633333333333335,0,0,0,5,C3R,0.0,0.0,0.07499999999999973,1.0,1.0,0.0,0.0,0.0,0.07499999999999973
phaseflip,dephasing,0.15,1,0.5,0.05,10,qiskit_aer,1,1,0.9250000000000002,0.3597222222222222,0.8222222222222222,0.5333333333333333,0.0,1.0,1.0,0.0,0.07499999999999973,0.0,0.07499999999999973,0.07499999999999973,0.07499999999999973,1.0,0.5,1.0,0.0,0.0,0.0,0.04484631039295439,0.0,0.04484631039295439,0.04484631039295439,0.04484631039295439,1.0,1.0,0.0,0.0,0.0,0.0,0.05992315519647706,0.015076844803522671,0.05992315519647706,0.04484631039295439,0.07499999999999973,1.0,1.0,0.5,0.0,0.0,0.0,0.05992315519647706,0.015076844803522671,0.05992315519647706,0.04484631039295439,0.07499999999999973,1.0,1.0,0.5,0.0,0.0,0.0,0.05992315519647706,0.015076844803522671,0.05992315519647706,0.04484631039295439,0.07499999999999973,1.0,1.0,0.5,0.0,0.0,0.0,0.07499999999999973,0.0,0.07499999999999973,0.07499999999999973,0.07499999999999973,1.0,0.5,1.0,0.0,0.0,0.0,1.0,0.5,0.5,0.5,0.0,0.5,0.5,0.0,0.5,0.5,0.0,0.5,0.5,0.0,0.0,1.0,0.0,0.5,0.0,0.5,0.5,0.0,0.5,0.5,0.5,0.0,0.0,0.0,0.5,0.5,1.0,1.0,0.2,0.0,0.5,0.5,0.0,1.0,0.0,0.6402777780374206,1.268241029256286e-17,1.268241029256286e-17,0.0,1.0833333333333335,0,0,0,5,C3R,0.0,0.0,0.07499999999999973,1.0,1.0,0.0,0.0,0.0,0.07499999999999973
phaseflip,dephasing,0.15,1,0.5,0.1,10,qiskit_aer,1,1,0.9250000000000002,0.31347222222222226,0.8666666666666667,0.5333333333333333,0.0,1.0,1.0,0.0,0.07499999999999973,0.0,0.07499999999999973,0.07499999999999973,0.07499999999999973,1.0,0.5,1.0,0.0,0.0,0.0,0.04484631039295439,0.0,0.04484631039295439,0.04484631039295439,0.04484631039295439,1.0,1.0,0.0,0.0,0.0,0.0,0.05992315519647706,0.015076844803522671,0.05992315519647706,0.04484631039295439,0.07499999999999973,1.0,1.0,0.5,0.0,0.0,0.0,0.05992315519647706,0.015076844803522671,0.05992315519647706,0.04484631039295439,0.07499999999999973,1.0,1.0,0.5,0.0,0.0,0.0,0.05992315519647706,0.015076844803522671,0.05992315519647706,0.04484631039295439,0.07499999999999973,1.0,1.0,0.5,0.0,0.0,0.0,0.07499999999999973,0.0,0.07499999999999973,0.07499999999999973,0.07499999999999973,1.0,0.5,1.0,0.0,0.0,0.0,1.0,0.5,0.5,0.5,0.0,0.5,0.5,0.0,0.5,0.5,0.0,0.5,0.5,0.0,0.0,1.0,0.0,0.5,0.0,0.5,0.5,0.0,0.5,0.5,0.5,0.0,0.0,0.0,0.5,0.5,1.0,1.0,0.2,0.0,0.5,0.5,0.0,1.0,0.0,0.6865277780374206,1.268241029256286e-17,1.268241029256286e-17,0.0,1.1333333333333333,0,0,0,5,C3R,0.0,0.0,0.07499999999999973,1.0,1.0,0.0,0.0,0.0,0.07499999999999973
phaseflip,dephasing,0.15,2,0.5,0.03,10,qiskit_aer,1,1,0.8590000000000001,0.3339930555555556,0.8222222222222222,0.5333333333333333,0.0,0.0,1.0,0.0,0.14099999999999968,0.00275567596063103,0.1387499999999997,0.1387499999999997,0.1443749999999996,1.0,0.4,1.0,0.0,0.0,0.0,0.11084631039295433,0.00275567596063103,0.10859631039295436,0.10859631039295436,0.11422131039295425,1.0,1.0,0.0,0.0,0.0,0.0,0.12290778623577246,0.016531927001757048,0.1114088103929543,0.10859631039295436,0.14296874999999962,1.0,1.0,0.4,0.0,0.0,0.0,0.12290778623577246,0.016531927001757048,0.1114088103929543,0.10859631039295436,0.14296874999999962,1.0,1.0,0.4,0.0,0.0,0.0,0.12290778623577246,0.016531927001757048,0.1114088103929543,0.10859631039295436,0.14296874999999962,1.0,1.0,0.4,0.0,0.0,0.0,0.13798463103929515,0.010148643261332671,0.1387499999999997,0.1387499999999997,0.1443749999999996,1.0,0.5,0.9,0.0,0.0,0.0,1.0,0.6,0.6,0.6,0.1,0.6,0.4,0.0,0.6,0.4,0.0,0.6,0.4,0.0,0.1,0.9,0.0,0.6,0.0,0.6,0.6,0.1,0.6,0.6,0.5,0.0,0.0,0.0,0.6,0.6,1.0,1.0,0.2,0.1,0.5,0.5,0.0,1.0,0.0,0.8660069444614351,1.176408038269519e-20,1.176408038269519e-20,0.0,1.0633333333333335,0,0,0,5,C3R,0.0,0.0,0.13798463103929515,0.9,1.0,0.1,0.0,0.0,0.13798463103929515
phaseflip,dephasing,0.15,2,0.5,0.05,10,qiskit_aer,1,1,0.8590000000000001,0.3292083333333334,0.8222222222222222,0.5333333333333333,0.0,0.0,1.0,0.0,0.14099999999999968,0.00275567596063103,0.1387499999999997,0.1387499999999997,0.1443749999999996,1.0,0.4,1.0,0.0,0.0,0.0,0.11084631039295433,0.00275567596063103,0.10859631039295436,0.10859631039295436,0.11422131039295425,1.0,1.0,0.0,0.0,0.0,0.0,0.12290778623577246,0.015471965278641836,0.11422131039295425,0.10859631039295436,0.1387499999999997,1.0,1.0,0.4,0.0,0.0,0.0,0.12290778623577246,0.015471965278641836,0.11422131039295425,0.10859631039295436,0.1387499999999997,1.0,1.0,0.4,0.0,0.0,0.0,0.12290778623577246,0.015471965278641836,0.11422131039295425,0.10859631039295436,0.1387499999999997,1.0,1.0,0.4,0.0,0.0,0.0,0.13798463103929515,0.008310960187479406,0.1387499999999997,0.1387499999999997,0.14296874999999962,1.0,0.5,0.9,0.0,0.0,0.0,1.0,0.6,0.6,0.6,0.1,0.6,0.4,0.0,0.6,0.4,0.0,0.6,0.4,0.0,0.1,0.9,0.0,0.6,0.0,0.6,0.6,0.1,0.6,0.6,0.5,0.0,0.0,0.0,0.6,0.6,1.0,1.0,0.2,0.1,0.5,0.5,0.0,1.0,0.0,0.8707916666802037,1.2996675547103021e-20,1.2996675547103021e-20,0.0,1.0833333333333335,0,0,0,5,C3R,0.0,0.0,0.13798463103929515,0.9,1.0,0.1,0.0,0.0,0.13798463103929515
phaseflip,dephasing,0.15,2,0.5,0.1,10,qiskit_aer,1,1,0.8590000000000001,0.29593402777777783,0.8666666666666667,0.5333333333333333,0.0,0.0,1.0,0.0,0.14099999999999968,0.00275567596063103,0.1387499999999997,0.1387499999999997,0.1443749999999996,1.0,0.5,1.0,0.0,0.0,0.0,0.11084631039295433,0.00275567596063103,0.10859631039295436,0.10859631039295436,0.11422131039295425,1.0,1.0,0.0,0.0,0.0,0.0,0.125923155196477,0.016395972067475412,0.12648565519647698,0.10859631039295436,0.14296874999999962,1.0,1.0,0.5,0.0,0.0,0.0,0.125923155196477,0.016395972067475412,0.12648565519647698,0.10859631039295436,0.14296874999999962,1.0,1.0,0.5,0.0,0.0,0.0,0.125923155196477,0.016395972067475412,0.12648565519647698,0.10859631039295436,0.14296874999999962,1.0,1.0,0.5,0.0,0.0,0.0,0.14099999999999968,0.00275567596063103,0.1387499999999997,0.1387499999999997,0.1443749999999996,1.0,0.5,1.0,0.0,0.0,0.0,1.0,0.5,0.5,0.5,0.0,0.5,0.5,0.0,0.5,0.5,0.0,0.5,0.5,0.0,0.0,1.0,0.0,0.5,0.0,0.5,0.5,0.0,0.5,0.5,0.5,0.0,0.0,0.0,0.5,0.5,1.0,1.0,0.2,0.0,0.5,0.5,0.0,1.0,0.0,0.7040659722357594,1.0830562955919185e-20,1.0830562955919185e-20,0.0,1.1333333333333333,0,0,0,5,C3R,0.0,0.0,0.14099999999999968,1.0,1.0,0.0,0.0,0.0,0.14099999999999968
phaseflip,dephasing,0.15,3,0.5,0.03,10,qiskit_aer,1,1,0.79834375,0.32386024305555555,0.8,0.55,0.0,0.0,1.0,0.0,0.20165624999999965,0.00604131284883512,0.2033437499999997,0.19553906249999972,0.20692968749999968,1.0,0.8,1.0,0.0,0.0,0.0,0.1715025603929543,0.00604131284883512,0.17319006039295437,0.16538537289295438,0.17677599789295434,1.0,1.0,0.0,0.0,0.0,0.0,0.19562551207859058,0.014979328638303289,0.2033437499999997,0.19293749999999954,0.20692968749999968,1.0,1.0,0.8,0.0,0.0,0.0,0.19562551207859058,0.014979328638303289,0.2033437499999997,0.19293749999999954,0.20692968749999968,1.0,1.0,0.8,0.0,0.0,0.0,0.19562551207859058,0.014979328638303289,0.2033437499999997,0.19293749999999954,0.20692968749999968,1.0,1.0,0.8,0.0,0.0,0.0,0.19864088103929511,0.010399646167911001,0.2033437499999997,0.1929374999999996,0.20692968749999968,1.0,0.9,0.9,0.0,0.0,0.0,1.0,0.2,0.2,0.2,0.1,0.2,0.8,0.0,0.2,0.8,0.0,0.2,0.8,0.0,0.1,0.9,0.0,0.2,0.0,0.2,0.2,0.1,0.2,0.2,0.1,0.0,0.0,0.0,0.2,0.2,1.0,1.0,0.3,0.1,0.1,0.1,0.0,1.0,0.0,0.0761397569505263,4.332225182367674e-21,4.332225182367674e-21,0.0,1.08,0,0,0,1,C3R,0.0,0.0,0.19864088103929511,0.9,1.0,0.1,0.0,0.0,0.19864088103929511
phaseflip,dephasing,0.15,3,0.5,0.05,10,qiskit_aer,1,1,0.79834375,0.32386024305555555,0.8,0.55,0.0,0.0,1.0,0.0,0.20165624999999965,0.00604131284883512,0.2033437499999997,0.19553906249999972,0.20692968749999968,1.0,0.8,1.0,0.0,0.0,0.0,0.1715025603929543,0.00604131284883512,0.17319006039295437,0.16538537289295438,0.17677599789295434,1.0,1.0,0.0,0.0,0.0,0.0,0.19562551207859058,0.014979328638303289,0.2033437499999997,0.19293749999999954,0.20692968749999968,1.0,1.0,0.8,0.0,0.0,0.0,0.19562551207859058,0.014979328638303289,0.2033437499999997,0.19293749999999954,0.20692968749999968,1.0,1.0,0.8,0.0,0.0,0.0,0.19562551207859058,0.014979328638303289,0.2033437499999997,0.19293749999999954,0.20692968749999968,1.0,1.0,0.8,0.0,0.0,0.0,0.19864088103929511,0.010399646167911001,0.2033437499999997,0.1929374999999996,0.20692968749999968,1.0,0.9,0.9,0.0,0.0,0.0,1.0,0.2,0.2,0.2,0.1,0.2,0.8,0.0,0.2,0.8,0.0,0.2,0.8,0.0,0.1,0.9,0.0,0.2,0.0,0.2,0.2,0.1,0.2,0.2,0.1,0.0,0.0,0.0,0.2,0.2,1.0,1.0,0.3,0.1,0.1,0.1,0.0,1.0,0.0,0.0761397569505263,4.332225182367674e-21,4.332225182367674e-21,0.0,1.1,0,0,0,1,C3R,0.0,0.0,0.19864088103929511,0.9,1.0,0.1,0.0,0.0,0.19864088103929511
phaseflip,dephasing,0.15,3,0.5,0.1,10,qiskit_aer,1,1,0.79834375,0.3016152777777778,0.8111111111111111,0.55,0.0,0.0,1.0,0.0,0.20165624999999965,0.00604131284883512,0.2033437499999997,0.19553906249999972,0.20692968749999968,1.0,0.8,1.0,0.0,0.0,0.0,0.1715025603929543,0.00604131284883512,0.17319006039295437,0.16538537289295438,0.17677599789295434,1.0,1.0,0.0,0.0,0.0,0.0,0.19562551207859058,0.014979328638303289,0.2033437499999997,0.19293749999999954,0.20692968749999968,1.0,1.0,0.8,0.0,0.0,0.0,0.19562551207859058,0.014979328638303289,0.2033437499999997,0.19293749999999954,0.20692968749999968,1.0,1.0,0.8,0.0,0.0,0.0,0.19562551207859058,0.014979328638303289,0.2033437499999997,0.19293749999999954,0.20692968749999968,1.0,1.0,0.8,0.0,0.0,0.0,0.20165624999999965,0.00604131284883512,0.2033437499999997,0.19553906249999972,0.20692968749999968,1.0,0.8,1.0,0.0,0.0,0.0,1.0,0.2,0.2,0.2,0.0,0.2,0.8,0.0,0.2,0.8,0.0,0.2,0.8,0.0,0.0,1.0,0.0,0.2,0.0,0.2,0.2,0.0,0.2,0.2,0.2,0.0,0.0,0.0,0.2,0.2,1.0,1.0,0.1,0.0,0.2,0.2,0.0,1.0,0.0,0.09838472222830405,4.332225182367674e-21,4.332225182367674e-21,0.0,1.15,0,0,0,2,C3R,0.0,0.0,0.20165624999999965,1.0,1.0,0.0,0.0,0.0,0.20165624999999965
phaseflip,dephasing,0.15,4,0.5,0.03,10,qiskit_aer,1,1,0.7445260937500001,0.29352525173611116,0.8,0.55,0.0,0.0,1.0,0.0,0.25547390624999966,0.00890263334050704,0.26028046874999966,0.25346718749999964,0.2623124999999996,1.0,1.0,1.0,0.0,0.0,0.0,0.2253202166429543,0.00890263334050704,0.23012677914295432,0.2233134978929543,0.23215881039295427,1.0,1.0,0.0,0.0,0.0,0.0,0.25547390624999966,0.00890263334050704,0.26028046874999966,0.25346718749999964,0.2623124999999996,1.0,1.0,1.0,0.0,0.0,0.0,0.25547390624999966,0.00890263334050704,0.26028046874999966,0.25346718749999964,0.2623124999999996,1.0,1.0,1.0,0.0,0.0,0.0,0.25547390624999966,0.00890263334050704,0.26028046874999966,0.25346718749999964,0.2623124999999996,1.0,1.0,1.0,0.0,0.0,0.0,0.25547390624999966,0.00890263334050704,0.26028046874999966,0.25346718749999964,0.2623124999999996,1.0,1.0,1.0,0.0,0.0,0.0,1.0,0.0,0.0,0.0,0.0,0.0,1.0,0.0,0.0,1.0,0.0,0.0,1.0,0.0,0.0,1.0,0.0,0.0,0.0,0.0,0.0,0.0,0.0,0.0,0.0,0.0,0.0,0.0,0.0,0.0,1.0,1.0,0.3,0.0,0.0,0.0,0.0,0.0,0.0,-0.2935252517349324,0.0,0.0,0.0,1.08,0,0,0,0,C1,0.0,0.0,0.25547390624999966,1.0,1.0,0.0,0.0,0.0,0.25547390624999966
phaseflip,dephasing,0.15,4,0.5,0.05,10,qiskit_aer,1,1,0.7445260937500001,0.29352525173611116,0.8,0.55,0.0,0.0,1.0,0.0,0.25547390624999966,0.00890263334050704,0.26028046874999966,0.25346718749999964,0.2623124999999996,1.0,1.0,1.0,0.0,0.0,0.0,0.2253202166429543,0.00890263334050704,0.23012677914295432,0.2233134978929543,0.23215881039295427,1.0,1.0,0.0,0.0,0.0,0.0,0.25547390624999966,0.00890263334050704,0.26028046874999966,0.25346718749999964,0.2623124999999996,1.0,1.0,1.0,0.0,0.0,0.0,0.25547390624999966,0.00890263334050704,0.26028046874999966,0.25346718749999964,0.2623124999999996,1.0,1.0,1.0,0.0,0.0,0.0,0.25547390624999966,0.00890263334050704,0.26028046874999966,0.25346718749999964,0.2623124999999996,1.0,1.0,1.0,0.0,0.0,0.0,0.25547390624999966,0.00890263334050704,0.26028046874999966,0.25346718749999964,0.2623124999999996,1.0,1.0,1.0,0.0,0.0,0.0,1.0,0.0,0.0,0.0,0.0,0.0,1.0,0.0,0.0,1.0,0.0,0.0,1.0,0.0,0.0,1.0,0.0,0.0,0.0,0.0,0.0,0.0,0.0,0.0,0.0,0.0,0.0,0.0,0.0,0.0,1.0,1.0,0.3,0.0,0.0,0.0,0.0,0.0,0.0,-0.2935252517349324,0.0,0.0,0.0,1.1,0,0,0,0,C1,0.0,0.0,0.25547390624999966,1.0,1.0,0.0,0.0,0.0,0.25547390624999966
phaseflip,dephasing,0.15,4,0.5,0.1,10,qiskit_aer,1,1,0.7445260937500001,0.27285526041666675,0.8111111111111111,0.55,0.0,0.0,1.0,0.0,0.25547390624999966,0.00890263334050704,0.26028046874999966,0.25346718749999964,0.2623124999999996,1.0,1.0,1.0,0.0,0.0,0.0,0.2253202166429543,0.00890263334050704,0.23012677914295432,0.2233134978929543,0.23215881039295427,1.0,1.0,0.0,0.0,0.0,0.0,0.25547390624999966,0.00890263334050704,0.26028046874999966,0.25346718749999964,0.2623124999999996,1.0,1.0,1.0,0.0,0.0,0.0,0.25547390624999966,0.00890263334050704,0.26028046874999966,0.25346718749999964,0.2623124999999996,1.0,1.0,1.0,0.0,0.0,0.0,0.25547390624999966,0.00890263334050704,0.26028046874999966,0.25346718749999964,0.2623124999999996,1.0,1.0,1.0,0.0,0.0,0.0,0.25547390624999966,0.00890263334050704,0.26028046874999966,0.25346718749999964,0.2623124999999996,1.0,1.0,1.0,0.0,0.0,0.0,1.0,0.0,0.0,0.0,0.0,0.0,1.0,0.0,0.0,1.0,0.0,0.0,1.0,0.0,0.0,1.0,0.0,0.0,0.0,0.0,0.0,0.0,0.0,0.0,0.0,0.0,0.0,0.0,0.0,0.0,1.0,1.0,0.1,0.0,0.0,0.0,0.0,0.0,0.0,-0.272855260415681,0.0,0.0,0.0,1.15,0,0,0,0,C1,0.0,0.0,0.25547390624999966,1.0,1.0,0.0,0.0,0.0,0.25547390624999966
phaseflip,dephasing,0.2,1,0.5,0.03,10,qiskit_aer,1,1,0.9000000000000001,0.3400000000000001,0.8222222222222222,0.5333333333333333,0.0,1.0,1.0,0.0,0.09999999999999964,0.0,0.09999999999999964,0.09999999999999964,0.09999999999999964,1.0,0.8,1.0,0.0,0.0,0.0,0.0698463103929543,0.0,0.0698463103929543,0.0698463103929543,0.0698463103929543,1.0,1.0,0.0,0.0,0.0,0.0,0.09396926207859058,0.012061475842818137,0.09999999999999964,0.09999999999999964,0.09999999999999964,1.0,1.0,0.8,0.0,0.0,0.0,0.09396926207859058,0.012061475842818137,0.09999999999999964,0.09999999999999964,0.09999999999999964,1.0,1.0,0.8,0.0,0.0,0.0,0.09396926207859058,0.012061475842818137,0.09999999999999964,0.09999999999999964,0.09999999999999964,1.0,1.0,0.8,0.0,0.0,0.0,0.09999999999999964,0.0,0.09999999999999964,0.09999999999999964,0.09999999999999964,1.0,0.8,1.0,0.0,0.0,0.0,1.0,0.2,0.2,0.2,0.0,0.2,0.8,0.0,0.2,0.8,0.0,0.2,0.8,0.0,0.0,1.0,0.0,0.2,0.0,0.2,0.2,0.0,0.2,0.2,0.2,0.0,0.0,0.0,0.2,0.2,1.0,1.0,0.2,0.0,0.2,0.2,0.0,1.0,0.0,0.060000000100577044,4.6295307215349926e-18,4.6295307215349926e-18,0.0,1.0633333333333335,0,0,0,2,C3R,0.0,0.0,0.09999999999999964,1.0,1.0,0.0,0.0,0.0,0.09999999999999964
phaseflip,dephasing,0.2,1,0.5,0.05,10,qiskit_aer,1,1,0.9000000000000001,0.3350000000000001,0.8222222222222222,0.5333333333333333,0.0,1.0,1.0,0.0,0.09999999999999964,0.0,0.09999999999999964,0.09999999999999964,0.09999999999999964,1.0,0.8,1.0,0.0,0.0,0.0,0.0698463103929543,0.0,0.0698463103929543,0.0698463103929543,0.0698463103929543,1.0,1.0,0.0,0.0,0.0,0.0,0.09396926207859058,0.012061475842818137,0.09999999999999964,0.09999999999999964,0.09999999999999964,1.0,1.0,0.8,0.0,0.0,0.0,0.09396926207859058,0.012061475842818137,0.09999999999999964,0.09999999999999964,0.09999999999999964,1.0,1.0,0.8,0.0,0.0,0.0,0.09396926207859058,0.012061475842818137,0.09999999999999964,0.09999999999999964,0.09999999999999964,1.0,1.0,0.8,0.0,0.0,0.0,0.09999999999999964,0.0,0.09999999999999964,0.09999999999999964,0.09999999999999964,1.0,0.8,1.0,0.0,0.0,0.0,1.0,0.2,0.2,0.2,0.0,0.2,0.8,0.0,0.2,0.8,0.0,0.2,0.8,0.0,0.0,1.0,0.0,0.2,0.0,0.2,0.2,0.0,0.2,0.2,0.2,0.0,0.0,0.0,0.2,0.2,1.0,1.0,0.2,0.0,0.2,0.2,0.0,1.0,0.0,0.06500000010329798,0.006573680430971311,0.006573680430971311,0.0,1.0833333333333335,0,0,0,2,C3R,0.0,0.0,0.09999999999999964,1.0,1.0,0.0,0.0,0.0,0.09999999999999964
phaseflip,dephasing,0.2,1,0.5,0.1,10,qiskit_aer,1,1,0.9000000000000001,0.30000000000000004,0.8666666666666667,0.5333333333333333,0.0,1.0,1.0,0.0,0.09999999999999964,0.0,0.09999999999999964,0.09999999999999964,0.09999999999999964,1.0,0.8,1.0,0.0,0.0,0.0,0.0698463103929543,0.0,0.0698463103929543,0.0698463103929543,0.0698463103929543,1.0,1.0,0.0,0.0,0.0,0.0,0.09396926207859058,0.012061475842818137,0.09999999999999964,0.09999999999999964,0.09999999999999964,1.0,1.0,0.8,0.0,0.0,0.0,0.09396926207859058,0.012061475842818137,0.09999999999999964,0.09999999999999964,0.09999999999999964,1.0,1.0,0.8,0.0,0.0,0.0,0.09396926207859058,0.012061475842818137,0.09999999999999964,0.09999999999999964,0.09999999999999964,1.0,1.0,0.8,0.0,0.0,0.0,0.09999999999999964,0.0,0.09999999999999964,0.09999999999999964,0.09999999999999964,1.0,0.8,1.0,0.0,0.0,0.0,1.0,0.2,0.2,0.2,0.0,0.2,0.8,0.0,0.2,0.8,0.0,0.2,0.8,0.0,0.0,1.0,0.0,0.2,0.0,0.2,0.2,0.0,0.2,0.2,0.2,0.0,0.0,0.0,0.2,0.2,1.0,1.0,0.2,0.0,0.2,0.2,0.0,1.0,0.0,0.10000000010193752,0.003286840215485658,0.003286840215485658,0.0,1.1333333333333333,0,0,0,2,C3R,0.0,0.0,0.09999999999999964,1.0,1.0,0.0,0.0,0.0,0.09999999999999964
phaseflip,dephasing,0.2,2,0.5,0.03,10,qiskit_aer,1,1,0.8160000000000001,0.3081666666666667,0.8222222222222222,0.5333333333333333,0.0,0.0,1.0,0.0,0.1839999999999997,0.00489897948556632,0.17999999999999972,0.17999999999999972,0.1899999999999996,1.0,0.7,1.0,0.0,0.0,0.0,0.15384631039295435,0.00489897948556632,0.14984631039295437,0.14984631039295437,0.15984631039295427,1.0,1.0,0.0,0.0,0.0,0.0,0.1749538931178861,0.01695023021701166,0.17999999999999972,0.1573847327947157,0.1899999999999996,1.0,1.0,0.7,0.0,0.0,0.0,0.1749538931178861,0.01695023021701166,0.17999999999999972,0.1573847327947157,0.1899999999999996,1.0,1.0,0.7,0.0,0.0,0.0,0.1749538931178861,0.01695023021701166,0.17999999999999972,0.1573847327947157,0.1899999999999996,1.0,1.0,0.7,0.0,0.0,0.0,0.1839999999999997,0.00489897948556632,0.17999999999999972,0.17999999999999972,0.1899999999999996,1.0,0.7,1.0,0.0,0.0,0.0,1.0,0.3,0.3,0.3,0.0,0.3,0.7,0.0,0.3,0.7,0.0,0.3,0.7,0.0,0.0,1.0,0.0,0.3,0.0,0.3,0.3,0.0,0.3,0.3,0.3,0.0,0.0,0.0,0.3,0.3,1.0,1.0,0.2,0.0,0.3,0.3,0.0,1.0,0.0,0.2918333333421173,6.498337773551511e-21,6.498337773551511e-21,0.0,1.0633333333333335,0,0,0,3,C3R,0.0,0.0,0.1839999999999997,1.0,1.0,0.0,0.0,0.0,0.1839999999999997
phaseflip,dephasing,0.2,2,0.5,0.05,10,qiskit_aer,1,1,0.8160000000000001,0.3036111111111111,0.8222222222222222,0.5333333333333333,0.0,0.0,1.0,0.0,0.1839999999999997,0.00489897948556632,0.17999999999999972,0.17999999999999972,0.1899999999999996,1.0,0.7,1.0,0.0,0.0,0.0,0.15384631039295435,0.00489897948556632,0.14984631039295437,0.14984631039295437,0.15984631039295427,1.0,1.0,0.0,0.0,0.0,0.0,0.1749538931178861,0.01695023021701166,0.17999999999999972,0.1573847327947157,0.1899999999999996,1.0,1.0,0.7,0.0,0.0,0.0,0.1749538931178861,0.01695023021701166,0.17999999999999972,0.1573847327947157,0.1899999999999996,1.0,1.0,0.7,0.0,0.0,0.0,0.1749538931178861,0.01695023021701166,0.17999999999999972,0.1573847327947157,0.1899999999999996,1.0,1.0,0.7,0.0,0.0,0.0,0.1839999999999997,0.00489897948556632,0.17999999999999972,0.17999999999999972,0.1899999999999996,1.0,0.7,1.0,0.0,0.0,0.0,1.0,0.3,0.3,0.3,0.0,0.3,0.7,0.0,0.3,0.7,0.0,0.3,0.7,0.0,0.0,1.0,0.0,0.3,0.0,0.3,0.3,0.0,0.3,0.3,0.3,0.0,0.0,0.0,0.3,0.3,1.0,1.0,0.2,0.0,0.3,0.3,0.0,1.0,0.0,0.2963888888973817,6.498337773551511e-21,6.498337773551511e-21,0.0,1.0833333333333335,0,0,0,3,C3R,0.0,0.0,0.1839999999999997,1.0,1.0,0.0,0.0,0.0,0.1839999999999997
phaseflip,dephasing,0.2,2,0.5,0.1,10,qiskit_aer,1,1,0.8160000000000001,0.28122222222222226,0.8666666666666667,0.5333333333333333,0.0,0.0,1.0,0.0,0.1839999999999997,0.00489897948556632,0.17999999999999972,0.17999999999999972,0.1899999999999996,1.0,0.7,1.0,0.0,0.0,0.0,0.15384631039295435,0.00489897948556632,0.14984631039295437,0.14984631039295437,0.15984631039295427,1.0,1.0,0.0,0.0,0.0,0.0,0.1749538931178861,0.01695023021701166,0.17999999999999972,0.1573847327947157,0.1899999999999996,1.0,1.0,0.7,0.0,0.0,0.0,0.1749538931178861,0.01695023021701166,0.17999999999999972,0.1573847327947157,0.1899999999999996,1.0,1.0,0.7,0.0,0.0,0.0,0.1749538931178861,0.01695023021701166,0.17999999999999972,0.1573847327947157,0.1899999999999996,1.0,1.0,0.7,0.0,0.0,0.0,0.1839999999999997,0.00489897948556632,0.17999999999999972,0.17999999999999972,0.1899999999999996,1.0,0.7,1.0,0.0,0.0,0.0,1.0,0.3,0.3,0.3,0.0,0.3,0.7,0.0,0.3,0.7,0.0,0.3,0.7,0.0,0.0,1.0,0.0,0.3,0.0,0.3,0.3,0.0,0.3,0.3,0.3,0.0,0.0,0.0,0.3,0.3,1.0,1.0,0.2,0.0,0.3,0.3,0.0,1.0,0.0,0.31877777778685285,6.498337773551511e-21,6.498337773551511e-21,0.0,1.1333333333333333,0,0,0,3,C3R,0.0,0.0,0.1839999999999997,1.0,1.0,0.0,0.0,0.0,0.1839999999999997
phaseflip,dephasing,0.2,3,0.5,0.03,10,qiskit_aer,1,1,0.7410000000000001,0.28391111111111117,0.8,0.55,0.0,0.0,1.0,0.0,0.2589999999999997,0.010363397126425285,0.2619999999999997,0.24849999999999975,0.2679999999999997,1.0,0.8,1.0,0.0,0.0,0.0,0.22884631039295433,0.010363397126425285,0.23184631039295434,0.2183463103929544,0.23784631039295434,1.0,1.0,0.0,0.0,0.0,0.0,0.2529692620785906,0.01803463486083912,0.2619999999999997,0.24399999999999966,0.2679999999999997,1.0,1.0,0.8,0.0,0.0,0.0,0.2529692620785906,0.01803463486083912,0.2619999999999997,0.24399999999999966,0.2679999999999997,1.0,1.0,0.8,0.0,0.0,0.0,0.2529692620785906,0.01803463486083912,0.2619999999999997,0.24399999999999966,0.2679999999999997,1.0,1.0,0.8,0.0,0.0,0.0,0.2589999999999997,0.010363397126425285,0.2619999999999997,0.24849999999999975,0.2679999999999997,1.0,0.8,1.0,0.0,0.0,0.0,1.0,0.2,0.2,0.2,0.0,0.2,0.8,0.0,0.2,0.8,0.0,0.2,0.8,0.0,0.0,1.0,0.0,0.2,0.0,0.2,0.2,0.0,0.2,0.2,0.2,0.0,0.0,0.0,0.2,0.2,1.0,1.0,0.3,0.0,0.2,0.2,0.0,1.0,0.0,0.11608888889113193,3.099630017959843e-21,3.099630017959843e-21,0.0,1.08,0,0,0,2,C3R,0.0,0.0,0.2589999999999997,1.0,1.0,0.0,0.0,0.0,0.2589999999999997
phaseflip,dephasing,0.2,3,0.5,0.05,10,qiskit_aer,1,1,0.7410000000000001,0.28391111111111117,0.8,0.55,0.0,0.0,1.0,0.0,0.2589999999999997,0.010363397126425285,0.2619999999999997,0.24849999999999975,0.2679999999999997,1.0,0.7,1.0,0.0,0.0,0.0,0.22884631039295433,0.010363397126425285,0.23184631039295434,0.2183463103929544,0.23784631039295434,1.0,1.0,0.0,0.0,0.0,0.0,0.24995389311788607,0.01877812798565044,0.25299999999999967,0.23488473279471567,0.2679999999999997,1.0,1.0,0.7,0.0,0.0,0.0,0.24995389311788607,0.01877812798565044,0.25299999999999967,0.23488473279471567,0.2679999999999997,1.0,1.0,0.7,0.0,0.0,0.0,0.24995389311788607,0.01877812798565044,0.25299999999999967,0.23488473279471567,0.2679999999999997,1.0,1.0,0.7,0.0,0.0,0.0,0.2589999999999997,0.010363397126425285,0.2619999999999997,0.24849999999999975,0.2679999999999997,1.0,0.7,1.0,0.0,0.0,0.0,1.0,0.3,0.3,0.3,0.0,0.3,0.7,0.0,0.3,0.7,0.0,0.3,0.7,0.0,0.0,1.0,0.0,0.3,0.0,0.3,0.3,0.0,0.3,0.3,0.3,0.0,0.0,0.0,0.3,0.3,1.0,1.0,0.3,0.0,0.3,0.3,0.0,1.0,0.0,0.31608888889104303,4.033147444735849e-21,4.033147444735849e-21,0.0,1.1,0,0,0,3,C3R,0.0,0.0,0.2589999999999997,1.0,1.0,0.0,0.0,0.0,0.2589999999999997
phaseflip,dephasing,0.2,3,0.5,0.1,10,qiskit_aer,1,1,0.7410000000000001,0.2632111111111112,0.8111111111111111,0.55,0.0,0.0,1.0,0.0,0.2589999999999997,0.010363397126425285,0.2619999999999997,0.24849999999999975,0.2679999999999997,1.0,0.7,1.0,0.0,0.0,0.0,0.22884631039295433,0.010363397126425285,0.23184631039295434,0.2183463103929544,0.23784631039295434,1.0,1.0,0.0,0.0,0.0,0.0,0.24995389311788607,0.01877812798565044,0.25299999999999967,0.23488473279471567,0.2679999999999997,1.0,1.0,0.7,0.0,0.0,0.0,0.24995389311788607,0.01877812798565044,0.25299999999999967,0.23488473279471567,0.2679999999999997,1.0,1.0,0.7,0.0,0.0,0.0,0.24995389311788607,0.01877812798565044,0.25299999999999967,0.23488473279471567,0.2679999999999997,1.0,1.0,0.7,0.0,0.0,0.0,0.2589999999999997,0.010363397126425285,0.2619999999999997,0.24849999999999975,0.2679999999999997,1.0,0.7,1.0,0.0,0.0,0.0,1.0,0.3,0.3,0.3,0.0,0.3,0.7,0.0,0.3,0.7,0.0,0.3,0.7,0.0,0.0,1.0,0.0,0.3,0.0,0.3,0.3,0.0,0.3,0.3,0.3,0.0,0.0,0.0,0.3,0.3,1.0,1.0,0.1,0.0,0.3,0.3,0.0,1.0,0.0,0.33678888889104297,4.033147444735849e-21,4.033147444735849e-21,0.0,1.15,0,0,0,3,C3R,0.0,0.0,0.2589999999999997,1.0,1.0,0.0,0.0,0.0,0.2589999999999997
phaseflip,dephasing,0.2,4,0.5,0.03,10,qiskit_aer,1,1,0.6772800000000001,0.2481577777777778,0.8,0.55,0.0,0.0,1.0,0.0,0.3227199999999998,0.01481275126369163,0.33079999999999976,0.3195999999999999,0.33399999999999974,1.0,0.8,1.0,0.0,0.0,0.0,0.29256631039295444,0.01481275126369163,0.3006463103929544,0.28944631039295454,0.3038463103929544,1.0,1.0,0.0,0.0,0.0,0.0,0.3166892620785907,0.02639751152478653,0.33079999999999976,0.3195999999999999,0.33399999999999974,1.0,1.0,0.8,0.0,0.0,0.0,0.3166892620785907,0.02639751152478653,0.33079999999999976,0.3195999999999999,0.33399999999999974,1.0,1.0,0.8,0.0,0.0,0.0,0.3166892620785907,0.02639751152478653,0.33079999999999976,0.3195999999999999,0.33399999999999974,1.0,1.0,0.8,0.0,0.0,0.0,0.31970463103929525,0.021615169611173494,0.33079999999999976,0.3195999999999999,0.33399999999999974,1.0,0.9,0.9,0.0,0.0,0.0,1.0,0.2,0.2,0.2,0.1,0.2,0.8,0.0,0.2,0.8,0.0,0.2,0.8,0.0,0.1,0.9,0.0,0.2,0.0,0.2,0.2,0.1,0.2,0.2,0.1,0.0,0.0,0.0,0.2,0.2,1.0,1.0,0.3,0.1,0.1,0.1,0.0,1.0,0.0,0.15184222222295904,4.332225182367674e-21,4.332225182367674e-21,0.0,1.08,0,0,0,1,C3R,0.0,0.0,0.31970463103929525,0.9,1.0,0.1,0.0,0.0,0.31970463103929525
phaseflip,dephasing,0.2,4,0.5,0.05,10,qiskit_aer,1,1,0.6772800000000001,0.2481577777777778,0.8,0.55,0.0,0.0,1.0,0.0,0.3227199999999998,0.01481275126369163,0.33079999999999976,0.3195999999999999,0.33399999999999974,1.0,0.7,1.0,0.0,0.0,0.0,0.29256631039295444,0.01481275126369163,0.3006463103929544,0.28944631039295454,0.3038463103929544,1.0,1.0,0.0,0.0,0.0,0.0,0.3136738931178862,0.02669945436690913,0.3267999999999998,0.3029847327947158,0.33399999999999974,1.0,1.0,0.7,0.0,0.0,0.0,0.3136738931178862,0.02669945436690913,0.3267999999999998,0.3029847327947158,0.33399999999999974,1.0,1.0,0.7,0.0,0.0,0.0,0.3136738931178862,0.02669945436690913,0.3267999999999998,0.3029847327947158,0.33399999999999974,1.0,1.0,0.7,0.0,0.0,0.0,0.3166892620785907,0.022392693139673583,0.3267999999999998,0.3029847327947158,0.33399999999999974,1.0,0.9,0.8,0.0,0.0,0.0,1.0,0.3,0.3,0.3,0.2,0.3,0.7,0.0,0.3,0.7,0.0,0.3,0.7,0.0,0.2,0.8,0.0,0.3,0.0,0.3,0.3,0.2,0.3,0.3,0.1,0.0,0.0,0.0,0.3,0.3,1.0,1.0,0.3,0.2,0.1,0.1,0.0,1.0,0.0,0.35184222222299866,5.26574260914368e-21,5.26574260914368e-21,0.0,1.1,0,0,0,1,C3R,0.0,0.0,0.3166892620785907,0.8,1.0,0.2,0.0,0.0,0.3166892620785907
phaseflip,dephasing,0.2,4,0.5,0.1,10,qiskit_aer,1,1,0.6772800000000001,0.22936222222222225,0.8111111111111111,0.55,0.0,0.0,1.0,0.0,0.3227199999999998,0.01481275126369163,0.33079999999999976,0.3195999999999999,0.33399999999999974,1.0,0.8,1.0,0.0,0.0,0.0,0.29256631039295444,0.01481275126369163,0.3006463103929544,0.28944631039295454,0.3038463103929544,1.0,1.0,0.0,0.0,0.0,0.0,0.3166892620785907,0.02639751152478653,0.33079999999999976,0.3195999999999999,0.33399999999999974,1.0,1.0,0.8,0.0,0.0,0.0,0.3166892620785907,0.02639751152478653,0.33079999999999976,0.3195999999999999,0.33399999999999974,1.0,1.0,0.8,0.0,0.0,0.0,0.3166892620785907,0.02639751152478653,0.33079999999999976,0.3195999999999999,0.33399999999999974,1.0,1.0,0.8,0.0,0.0,0.0,0.3227199999999998,0.01481275126369163,0.33079999999999976,0.3195999999999999,0.33399999999999974,1.0,0.8,1.0,0.0,0.0,0.0,1.0,0.2,0.2,0.2,0.0,0.2,0.8,0.0,0.2,0.8,0.0,0.2,0.8,0.0,0.0,1.0,0.0,0.2,0.0,0.2,0.2,0.0,0.2,0.2,0.2,0.0,0.0,0.0,0.2,0.2,1.0,1.0,0.1,0.0,0.2,0.2,0.0,1.0,0.0,0.1706377777785536,4.332225182367674e-21,4.332225182367674e-21,0.0,1.15,0,0,0,2,C3R,0.0,0.0,0.3227199999999998,1.0,1.0,0.0,0.0,0.0,0.3227199999999998
phaseflip,mixed_pauli,0.01,1,0.5,0.03,10,qiskit_aer,1,1,0.9965,0.46519444444444447,0.8222222222222222,0.5333333333333333,0.0,1.0,1.0,0.0,0.0034999999999998253,0.0039051248379531485,0.00249999999999978,0.0,0.004999999999999782,1.0,0.1,1.0,0.0,0.0,0.0,-0.021653689607045733,0.0022912878474778543,-0.020153689607045777,-0.023903689607045614,-0.020153689607045777,0.0,1.0,0.0,0.0,1.0,0.0,-0.0186383206463412,0.00812246680496084,-0.020153689607045777,-0.020153689607045777,-0.020153689607045777,0.1,1.0,0.1,0.0,0.9,0.0,-0.0186383206463412,0.00812246680496084,-0.020153689607045777,-0.020153689607045777,-0.020153689607045777,0.1,1.0,0.1,0.0,0.9,0.0,-0.0186383206463412,0.00812246680496084,-0.020153689607045777,-0.020153689607045777,-0.020153689607045777,0.1,1.0,0.1,0.0,0.9,0.0,-0.00053073792140933,0.010414055800417266,0.00249999999999978,0.0,0.004999999999999782,0.8,0.3,0.8,0.0,0.2,0.0,1.0,0.9,0.9,0.9,0.2,0.9,0.1,0.0,0.9,0.1,0.0,0.9,0.1,0.0,0.2,0.8,0.0,0.9,0.0,0.9,0.9,0.2,0.9,0.9,0.7,0.0,0.0,0.0,0.9,0.9,1.0,1.0,0.2,0.2,0.7,0.7,0.0,1.0,0.0,1.334805596297522,0.0013474284426295035,0.0013474284426295035,0.0,1.0633333333333335,0,0,0,7,C3R,0.2,0.0,-0.00053073792140933,0.8,0.8,0.2,0.2,0.0,-0.00053073792140933
phaseflip,mixed_pauli,0.01,1,0.5,0.05,10,qiskit_aer,1,1,0.9965,0.45963888888888893,0.8222222222222222,0.5333333333333333,0.0,1.0,1.0,0.0,0.0034999999999998253,0.0039051248379531485,0.00249999999999978,0.0,0.004999999999999782,1.0,0.1,1.0,0.0,0.0,0.0,-0.021653689607045733,0.0022912878474778543,-0.020153689607045777,-0.023903689607045614,-0.020153689607045777,0.0,1.0,0.0,0.0,1.0,0.0,-0.0186383206463412,0.00812246680496084,-0.020153689607045777,-0.020153689607045777,-0.020153689607045777,0.1,1.0,0.1,0.0,0.9,0.0,-0.0186383206463412,0.00812246680496084,-0.020153689607045777,-0.020153689607045777,-0.020153689607045777,0.1,1.0,0.1,0.0,0.9,0.0,-0.0186383206463412,0.00812246680496084,-0.020153689607045777,-0.020153689607045777,-0.020153689607045777,0.1,1.0,0.1,0.0,0.9,0.0,-0.00053073792140933,0.010414055800417266,0.00249999999999978,0.0,0.004999999999999782,0.8,0.3,0.8,0.0,0.2,0.0,1.0,0.9,0.9,0.9,0.2,0.9,0.1,0.0,0.9,0.1,0.0,0.9,0.1,0.0,0.2,0.8,0.0,0.9,0.0,0.9,0.9,0.2,0.9,0.9,0.7,0.0,0.0,0.0,0.9,0.9,1.0,1.0,0.2,0.2,0.7,0.7,0.0,1.0,0.0,1.3403611524070917,0.0013474284426295035,0.0013474284426295035,0.0,1.0833333333333335,0,0,0,7,C3R,0.2,0.0,-0.00053073792140933,0.8,0.8,0.2,0.2,0.0,-0.00053073792140933
phaseflip,mixed_pauli,0.01,1,0.5,0.1,10,qiskit_aer,1,1,0.9965,0.39861111111111114,0.8666666666666667,0.5333333333333333,0.0,1.0,1.0,0.0,0.0034999999999998253,0.0039051248379531485,0.00249999999999978,0.0,0.004999999999999782,1.0,0.2,1.0,0.0,0.0,0.0,-0.021653689607045733,0.0022912878474778543,-0.020153689607045777,-0.023903689607045614,-0.020153689607045777,0.0,1.0,0.0,0.0,1.0,0.0,-0.015622951685636665,0.011775726035538807,-0.020153689607045777,-0.020153689607045777,-0.020153689607045777,0.2,1.0,0.2,0.0,0.8,0.0,-0.015622951685636665,0.011775726035538807,-0.020153689607045777,-0.020153689607045777,-0.020153689607045777,0.2,1.0,0.2,0.0,0.8,0.0,-0.015622951685636665,0.011775726035538807,-0.020153689607045777,-0.020153689607045777,-0.020153689607045777,0.2,1.0,0.2,0.0,0.8,0.0,-0.00053073792140933,0.010414055800417266,0.00249999999999978,0.0,0.004999999999999782,0.8,0.4,0.8,0.0,0.2,0.0,1.0,0.8,0.8,0.8,0.2,0.8,0.2,0.0,0.8,0.2,0.0,0.8,0.2,0.0,0.2,0.8,0.0,0.8,0.0,0.8,0.8,0.2,0.8,0.8,0.6,0.0,0.0,0.0,0.8,0.8,1.0,1.0,0.2,0.2,0.6,0.6,0.0,1.0,0.0,1.201388933407831,0.0026948568852589766,0.0026948568852589766,0.0,1.1333333333333333,0,0,0,6,C3R,0.2,0.0,-0.00053073792140933,0.8,0.8,0.2,0.2,0.0,-0.00053073792140933
phaseflip,mixed_pauli,0.01,2,0.5,0.03,10,qiskit_aer,1,1,0.9925075000000001,0.4468359722222222,0.8,0.55,0.0,1.0,1.0,0.0,0.007442500000000063,0.004584103647388413,0.009900000000000242,0.004950000000000121,0.009900000000000242,1.0,0.7,0.8,0.0,0.0,0.0,-0.012751189607045577,0.003311465876315245,-0.010353689607045524,-0.015203689607045656,-0.010253689607045535,0.0,1.0,0.0,0.0,1.0,0.0,0.00039639311788637334,0.008856538989603022,0.0024750000000000605,-0.007690267205284151,0.008662500000000212,0.7,1.0,0.5,0.0,0.3,0.0,0.00039639311788637334,0.008856538989603022,0.0024750000000000605,-0.007690267205284151,0.008662500000000212,0.7,1.0,0.5,0.0,0.3,0.0,0.00039639311788637334,0.008856538989603022,0.0024750000000000605,-0.007690267205284151,0.008662500000000212,0.7,1.0,0.5,0.0,0.3,0.0,0.005427131039295485,0.006903902971369099,0.0074250000000001815,0.0012375000000000302,0.009900000000000242,0.9,0.8,0.7,0.0,0.1,0.0,1.0,0.3,0.3,0.3,0.1,0.3,0.7,0.0,0.3,0.7,0.0,0.3,0.7,0.0,0.1,0.9,0.0,0.3,0.0,0.3,0.3,0.1,0.3,0.3,0.2,0.0,0.0,0.0,0.3,0.3,1.0,1.0,0.3,0.1,0.2,0.2,0.0,1.0,0.0,0.1531640587656534,6.498337773551511e-21,6.498337773551511e-21,0.0,1.08,0,0,0,2,C3R,0.1,0.0,0.005427131039295485,0.7,0.9,0.1,0.1,0.0,0.005427131039295485
phaseflip,mixed_pauli,0.01,2,0.5,0.05,10,qiskit_aer,1,1,0.9925075000000001,0.4468359722222222,0.8,0.55,0.0,1.0,1.0,0.0,0.007442500000000063,0.004584103647388413,0.009900000000000242,0.004950000000000121,0.009900000000000242,1.0,0.7,0.8,0.0,0.0,0.0,-0.012751189607045577,0.003311465876315245,-0.010353689607045524,-0.015203689607045656,-0.010253689607045535,0.0,1.0,0.0,0.0,1.0,0.0,0.00039639311788637334,0.008856538989603022,0.0024750000000000605,-0.007690267205284151,0.008662500000000212,0.7,1.0,0.5,0.0,0.3,0.0,0.00039639311788637334,0.008856538989603022,0.0024750000000000605,-0.007690267205284151,0.008662500000000212,0.7,1.0,0.5,0.0,0.3,0.0,0.00039639311788637334,0.008856538989603022,0.0024750000000000605,-0.007690267205284151,0.008662500000000212,0.7,1.0,0.5,0.0,0.3,0.0,0.005427131039295485,0.006903902971369099,0.0074250000000001815,0.0012375000000000302,0.009900000000000242,0.9,0.8,0.7,0.0,0.1,0.0,1.0,0.3,0.3,0.3,0.1,0.3,0.7,0.0,0.3,0.7,0.0,0.3,0.7,0.0,0.1,0.9,0.0,0.3,0.0,0.3,0.3,0.1,0.3,0.3,0.2,0.0,0.0,0.0,0.3,0.3,1.0,1.0,0.3,0.1,0.2,0.2,0.0,1.0,0.0,0.15316405672006553,6.498337773551511e-21,6.498337773551511e-21,0.0,1.1,0,0,0,2,C3R,0.1,0.0,0.005427131039295485,0.7,0.9,0.1,0.1,0.0,0.005427131039295485
phaseflip,mixed_pauli,0.01,2,0.5,0.1,10,qiskit_aer,1,1,0.9925075000000001,0.41928027777777777,0.8111111111111111,0.55,0.0,1.0,1.0,0.0,0.007442500000000063,0.004584103647388413,0.009900000000000242,0.004950000000000121,0.009900000000000242,1.0,0.6,0.8,0.0,0.0,0.0,-0.012751189607045577,0.003311465876315245,-0.010353689607045524,-0.015203689607045656,-0.010253689607045535,0.0,1.0,0.0,0.0,1.0,0.0,-0.0026189758428181607,0.010124438988840353,0.0,-0.010253689607045535,0.004950000000000121,0.6,1.0,0.4,0.0,0.4,0.0,-0.0026189758428181607,0.010124438988840353,0.0,-0.010253689607045535,0.004950000000000121,0.6,1.0,0.4,0.0,0.4,0.0,-0.0026189758428181607,0.010124438988840353,0.0,-0.010253689607045535,0.004950000000000121,0.6,1.0,0.4,0.0,0.4,0.0,0.007442500000000063,0.004584103647388413,0.009900000000000242,0.004950000000000121,0.009900000000000242,1.0,0.6,0.8,0.0,0.0,0.0,1.0,0.4,0.4,0.4,0.0,0.4,0.6,0.0,0.4,0.6,0.0,0.4,0.6,0.0,0.0,1.0,0.0,0.4,0.0,0.4,0.4,0.0,0.4,0.4,0.4,0.0,0.0,0.0,0.4,0.4,1.0,1.0,0.1,0.0,0.4,0.4,0.0,1.0,0.0,0.38071975230038324,0.004647966849674839,0.004647966849674839,0.0,1.15,0,0,0,4,C3R,0.0,0.0,0.007442500000000063,0.8,1.0,0.0,0.0,0.0,0.007442500000000063
phaseflip,mixed_pauli,0.01,3,0.5,0.03,10,qiskit_aer,1,1,0.9870574,0.4770552333333334,0.7777777777777778,0.5166666666666667,0.0,1.0,1.0,0.0,0.01280869999999995,0.005062660245365031,0.012276500000000135,0.009802000000000033,0.014800499999999994,1.0,0.5,0.5,0.0,0.0,0.0,-0.0044449896070456575,0.004260482221533207,-0.005353189607045783,-0.00544018960704562,-0.0005516896070455468,0.0,1.0,0.0,0.0,0.1,0.0,0.0026918551964771552,0.009344889268715998,0.002174655196477082,-0.004189939607045667,0.009801999999999977,0.5,1.0,0.2,0.0,0.1,0.0,0.0026918551964771552,0.009344889268715998,0.002174655196477082,-0.004189939607045667,0.009801999999999977,0.5,1.0,0.2,0.0,0.1,0.0,0.0026918551964771552,0.009344889268715998,0.002174655196477082,-0.004189939607045667,0.009801999999999977,0.5,1.0,0.2,0.0,0.1,0.0,0.0107379620785908,0.0074319934293060165,0.012276500000000024,0.006126249999999778,0.014800499999999994,0.8,0.7,0.5,0.0,0.0,0.0,1.0,0.5,0.5,0.5,0.2,0.5,0.5,0.0,0.5,0.5,0.0,0.5,0.5,0.0,0.2,0.8,0.0,0.5,0.0,0.5,0.5,0.2,0.5,0.5,0.3,0.0,0.0,0.0,0.5,0.5,1.0,1.0,0.5,0.2,0.3,0.3,0.0,1.0,0.0,0.5229447884702272,1.1612266970109649e-17,1.1612266970109649e-17,0.0,1.0466666666666666,0,0,0,3,C3R,0.0,0.0,0.0107379620785908,0.5,0.8,0.2,0.0,0.0,0.0107379620785908
phaseflip,mixed_pauli,0.01,3,0.5,0.05,10,qiskit_aer,1,1,0.9870574,0.4770552333333334,0.7777777777777778,0.5166666666666667,0.0,1.0,1.0,0.0,0.012808699999999973,0.0050626602453650174,0.012276500000000135,0.0098020000000002,0.014800499999999994,1.0,0.7,0.5,0.0,0.0,0.0,-0.0044449896070456575,0.004260482221533207,-0.005353189607045783,-0.00544018960704562,-0.0005516896070455468,0.0,1.0,0.0,0.0,0.1,0.0,0.008722593117886247,0.008695655848371276,0.009802000000000088,0.0008114827947157677,0.014800499999999994,0.7,1.0,0.4,0.0,0.0,0.0,0.008722593117886247,0.008695655848371276,0.009802000000000088,0.0008114827947157677,0.014800499999999994,0.7,1.0,0.4,0.0,0.0,0.0,0.008722593117886247,0.008695655848371276,0.009802000000000088,0.0008114827947157677,0.014800499999999994,0.7,1.0,0.4,0.0,0.0,0.0,0.010737962078590823,0.007431993429306014,0.012276500000000135,0.006126249999999778,0.014800499999999994,0.8,0.9,0.5,0.0,0.0,0.0,1.0,0.3,0.3,0.3,0.2,0.3,0.7,0.0,0.3,0.7,0.0,0.3,0.7,0.0,0.2,0.8,0.0,0.3,0.0,0.3,0.3,0.2,0.3,0.3,0.1,0.0,0.0,0.0,0.3,0.3,1.0,1.0,0.5,0.2,0.1,0.1,0.0,1.0,0.0,0.12294479005147227,6.498337773551511e-21,6.498337773551511e-21,0.0,1.0666666666666667,0,0,0,1,C3R,0.0,0.0,0.010737962078590823,0.5,0.8,0.2,0.0,0.0,0.010737962078590823
phaseflip,mixed_pauli,0.01,3,0.5,0.1,10,qiskit_aer,1,1,0.9870574,0.4440548166666667,0.7999999999999999,0.5166666666666667,0.0,1.0,1.0,0.0,0.012808699999999973,0.005062660245364997,0.012276500000000135,0.009802000000000033,0.014800499999999994,1.0,0.5,0.5,0.0,0.0,0.0,-0.0044449896070456575,0.004260482221533207,-0.005353189607045783,-0.00544018960704562,-0.0005516896070455468,0.0,1.0,0.0,0.0,0.1,0.0,0.003691855196477134,0.010951903333595867,0.002174655196477193,-0.004152814607045724,0.009801999999999977,0.5,1.0,0.2,0.0,0.1,0.0,0.003691855196477134,0.010951903333595867,0.002174655196477193,-0.004152814607045724,0.009801999999999977,0.5,1.0,0.2,0.0,0.1,0.0,0.003691855196477134,0.010951903333595867,0.002174655196477193,-0.004152814607045724,0.009801999999999977,0.5,1.0,0.2,0.0,0.1,0.0,0.010793331039295395,0.0073591788535188754,0.0098020000000002,0.009801999999999977,0.014788125000000013,0.9,0.6,0.4,0.0,0.0,0.0,1.0,0.5,0.5,0.5,0.1,0.5,0.5,0.0,0.5,0.5,0.0,0.5,0.5,0.0,0.1,0.9,0.0,0.5,0.0,0.5,0.5,0.1,0.5,0.5,0.4,0.0,0.0,0.0,0.5,0.5,1.0,1.0,0.2,0.1,0.4,0.4,0.0,1.0,0.0,0.5559452100818492,0.01278990225926086,0.01278990225926086,0.0,1.1166666666666665,0,0,0,4,C3R,0.0,0.0,0.010793331039295395,0.4,0.9,0.1,0.0,0.0,0.010793331039295395
phaseflip,mixed_pauli,0.01,4,0.5,0.03,10,qiskit_aer,1,1,0.982649401,0.4527677781666667,0.7777777777777778,0.5333333333333333,0.0,1.0,1.0,0.0,0.01709455799999989,0.005907666023340847,0.014714869999999824,0.014653989999999784,0.019481474999999998,1.0,0.8,0.3,0.0,0.0,0.0,0.0037612683929543313,0.004553711682236412,0.004300300392954259,0.000600047892954314,0.007792277892954391,0.7,1.0,0.0,0.0,0.0,0.0,0.015023820078590766,0.006501420442580092,0.014653989999999784,0.009717717499999973,0.014745309999999845,1.0,1.0,0.3,0.0,0.0,0.0,0.015023820078590766,0.006501420442580092,0.014653989999999784,0.009717717499999973,0.014745309999999845,1.0,1.0,0.3,0.0,0.0,0.0,0.015023820078590766,0.006501420442580092,0.014653989999999784,0.009717717499999973,0.014745309999999845,1.0,1.0,0.3,0.0,0.0,0.0,0.01605918903929534,0.006289276176677999,0.014653989999999784,0.010978239999999834,0.018249907500000134,1.0,0.9,0.3,0.0,0.0,0.0,0.9,0.2,0.2,0.2,0.1,0.2,0.8,0.0,0.2,0.8,0.0,0.2,0.8,0.0,0.1,0.9,0.0,0.2,0.0,0.2,0.2,0.1,0.2,0.2,0.1,0.0,0.0,0.0,0.2,0.2,1.0,1.0,0.3,0.1,0.1,0.1,0.0,1.0,0.0,-0.05276776143233259,0.015415664512458307,0.015415664512458307,0.0,1.0633333333333332,0,0,0,1,C3R,0.0,0.0,0.01605918903929534,0.3,1.0,0.1,0.0,0.0,0.01605918903929534
phaseflip,mixed_pauli,0.01,4,0.5,0.05,10,qiskit_aer,1,1,0.982649401,0.4527677781666667,0.7777777777777778,0.5333333333333333,0.0,1.0,1.0,0.0,0.017094557999999982,0.005907666023340829,0.014714870000000047,0.014653989999999839,0.019481475000000165,1.0,0.6,0.3,0.0,0.0,0.0,0.0037612683929543313,0.004553711682236412,0.004300300392954259,0.000600047892954314,0.007792277892954391,0.7,1.0,0.0,0.0,0.0,0.0,0.012953082157181706,0.0084260982638215,0.009729474999999932,0.005488792892954314,0.01832342250000013,1.0,1.0,0.3,0.0,0.0,0.0,0.012953082157181706,0.0084260982638215,0.009729474999999932,0.005488792892954314,0.01832342250000013,1.0,1.0,0.3,0.0,0.0,0.0,0.012953082157181706,0.0084260982638215,0.009729474999999932,0.005488792892954314,0.01832342250000013,1.0,1.0,0.3,0.0,0.0,0.0,0.01605918903929541,0.007042882542952674,0.014714870000000047,0.010978239999999834,0.019481475000000165,1.0,0.7,0.3,0.0,0.0,0.0,0.9,0.4,0.4,0.4,0.1,0.4,0.6,0.0,0.4,0.6,0.0,0.4,0.6,0.0,0.1,0.9,0.0,0.4,0.0,0.4,0.4,0.1,0.4,0.4,0.3,0.0,0.0,0.0,0.4,0.4,1.0,1.0,0.3,0.1,0.3,0.3,0.0,1.0,0.0,0.34723224250101936,0.00486065710686156,0.00486065710686156,0.0,1.0833333333333333,0,0,0,3,C3R,0.0,0.0,0.01605918903929541,0.3,1.0,0.1,0.0,0.0,0.01605918903929541
phaseflip,mixed_pauli,0.01,4,0.5,0.1,10,qiskit_aer,1,1,0.982649401,0.43095847261111114,0.7888888888888889,0.5333333333333333,0.0,1.0,1.0,0.0,0.017094557999999916,0.005907666023340838,0.014714869999999936,0.014653989999999784,0.019481474999999998,1.0,0.6,0.3,0.0,0.0,0.0,0.0037612683929543313,0.004553711682236412,0.004300300392954259,0.000600047892954314,0.007792277892954391,0.7,1.0,0.0,0.0,0.0,0.0,0.01097308215718168,0.007151367565230179,0.009729474999999932,0.005488792892954314,0.014745309999999845,0.9,1.0,0.2,0.0,0.0,0.0,0.01097308215718168,0.007151367565230179,0.009729474999999932,0.005488792892954314,0.014745309999999845,0.9,1.0,0.2,0.0,0.0,0.0,0.01097308215718168,0.007151367565230179,0.009729474999999932,0.005488792892954314,0.014745309999999845,0.9,1.0,0.2,0.0,0.0,0.0,0.016059189039295364,0.007042882542952667,0.014714869999999936,0.010978239999999834,0.019481474999999998,1.0,0.7,0.3,0.0,0.0,0.0,0.9,0.4,0.4,0.4,0.1,0.4,0.6,0.0,0.4,0.6,0.0,0.4,0.6,0.0,0.1,0.9,0.0,0.4,0.0,0.4,0.4,0.1,0.4,0.4,0.3,0.0,0.0,0.0,0.4,0.4,1.0,1.0,0.3,0.1,0.3,0.3,0.0,1.0,0.0,0.36904154286461965,4.966664871511855e-21,4.966664871511855e-21,0.0,1.1333333333333333,0,0,0,3,C3R,0.0,0.0,0.016059189039295364,0.3,1.0,0.1,0.0,0.0,0.016059189039295364
phaseflip,mixed_pauli,0.03,1,0.5,0.03,10,qiskit_aer,1,1,0.9895,0.4514722222222222,0.8222222222222222,0.5333333333333333,0.0,1.0,1.0,0.0,0.010499999999999898,0.011715374513859893,0.007499999999999896,0.0,0.014999999999999791,1.0,0.4,0.5,0.0,0.0,0.0,-0.004653689607045541,0.006873863542433766,-0.00015368960704553736,-0.011403689607045547,-0.00015368960704553736,0.0,1.0,0.0,0.0,0.3,0.0,0.007407786235772595,0.010131084610360499,-0.00015368960704553736,-0.00015368960704553736,0.014999999999999791,0.4,1.0,0.4,0.0,0.0,0.0,0.007407786235772595,0.010131084610360499,-0.00015368960704553736,-0.00015368960704553736,0.014999999999999791,0.4,1.0,0.4,0.0,0.0,0.0,0.007407786235772595,0.010131084610360499,-0.00015368960704553736,-0.00015368960704553736,0.014999999999999791,0.4,1.0,0.4,0.0,0.0,0.0,0.01046926207859079,0.01174305222797035,0.007499999999999896,0.0,0.014999999999999791,0.8,0.6,0.5,0.0,0.0,0.0,1.0,0.6,0.6,0.6,0.2,0.6,0.4,0.0,0.6,0.4,0.0,0.6,0.4,0.0,0.2,0.8,0.0,0.6,0.0,0.6,0.6,0.2,0.6,0.6,0.4,0.0,0.0,0.0,0.6,0.6,1.0,1.0,0.2,0.2,0.4,0.1,0.0,0.25,0.0,0.7485278040708834,0.03499622717099749,0.03499622717099749,0.0,1.0633333333333335,0,0,0,4,C3R,0.0,0.0,0.01046926207859079,0.5,0.8,0.2,0.0,0.0,0.01046926207859079
phaseflip,mixed_pauli,0.03,1,0.5,0.05,10,qiskit_aer,1,1,0.9895,0.4459166666666667,0.8222222222222222,0.5333333333333333,0.0,1.0,1.0,0.0,0.010499999999999898,0.011715374513859893,0.007499999999999896,0.0,0.014999999999999791,1.0,0.4,0.5,0.0,0.0,0.0,-0.004653689607045541,0.006873863542433766,-0.00015368960704553736,-0.011403689607045547,-0.00015368960704553736,0.0,1.0,0.0,0.0,0.3,0.0,0.007407786235772595,0.010131084610360499,-0.00015368960704553736,-0.00015368960704553736,0.014999999999999791,0.4,1.0,0.4,0.0,0.0,0.0,0.007407786235772595,0.010131084610360499,-0.00015368960704553736,-0.00015368960704553736,0.014999999999999791,0.4,1.0,0.4,0.0,0.0,0.0,0.007407786235772595,0.010131084610360499,-0.00015368960704553736,-0.00015368960704553736,0.014999999999999791,0.4,1.0,0.4,0.0,0.0,0.0,0.01046926207859079,0.01174305222797035,0.007499999999999896,0.0,0.014999999999999791,0.8,0.6,0.5,0.0,0.0,0.0,1.0,0.6,0.6,0.6,0.2,0.6,0.4,0.0,0.6,0.4,0.0,0.6,0.4,0.0,0.2,0.8,0.0,0.6,0.0,0.6,0.6,0.2,0.6,0.6,0.4,0.0,0.0,0.0,0.6,0.6,1.0,1.0,0.2,0.2,0.4,0.1,0.0,0.25,0.0,0.7540833588890705,0.0013474284426294833,0.0013474284426294833,0.0,1.0833333333333335,0,0,0,4,C3R,0.0,0.0,0.01046926207859079,0.5,0.8,0.2,0.0,0.0,0.01046926207859079
phaseflip,mixed_pauli,0.03,1,0.5,0.1,10,qiskit_aer,1,1,0.9895,0.3850555555555556,0.8666666666666667,0.5333333333333333,0.0,1.0,1.0,0.0,0.010499999999999898,0.011715374513859893,0.007499999999999896,0.0,0.014999999999999791,1.0,0.4,0.5,0.0,0.0,0.0,-0.004653689607045541,0.006873863542433766,-0.00015368960704553736,-0.011403689607045547,-0.00015368960704553736,0.0,1.0,0.0,0.0,0.3,0.0,0.007407786235772595,0.010131084610360499,-0.00015368960704553736,-0.00015368960704553736,0.014999999999999791,0.4,1.0,0.4,0.0,0.0,0.0,0.007407786235772595,0.010131084610360499,-0.00015368960704553736,-0.00015368960704553736,0.014999999999999791,0.4,1.0,0.4,0.0,0.0,0.0,0.007407786235772595,0.010131084610360499,-0.00015368960704553736,-0.00015368960704553736,0.014999999999999791,0.4,1.0,0.4,0.0,0.0,0.0,0.01046926207859079,0.01174305222797035,0.007499999999999896,0.0,0.014999999999999791,0.8,0.6,0.5,0.0,0.0,0.0,1.0,0.6,0.6,0.6,0.2,0.6,0.4,0.0,0.6,0.4,0.0,0.6,0.4,0.0,0.2,0.8,0.0,0.6,0.0,0.6,0.6,0.2,0.6,0.6,0.4,0.0,0.0,0.0,0.6,0.6,1.0,1.0,0.2,0.2,0.4,0.1,0.0,0.25,0.0,0.8149444705553357,0.018171827806813486,0.018171827806813486,0.0,1.1333333333333333,0,0,0,4,C3R,0.0,0.0,0.01046926207859079,0.5,0.8,0.2,0.0,0.0,0.01046926207859079
phaseflip,mixed_pauli,0.03,2,0.5,0.03,10,qiskit_aer,1,1,0.9775675,0.4297459722222222,0.8,0.55,0.0,1.0,1.0,0.0,0.02198249999999994,0.013599981847414221,0.029100000000000015,0.01454999999999984,0.029100000000000015,1.0,0.4,0.2,0.0,0.0,0.0,0.021468810392954396,0.009682732375213202,0.028046310392954465,0.014396310392954303,0.028946310392954477,0.9,1.0,0.0,0.0,0.0,0.0,0.02453028623577259,0.006618157045716097,0.02849631039295447,0.017924077598238497,0.02906157759823863,1.0,1.0,0.1,0.0,0.0,0.0,0.02453028623577259,0.006618157045716097,0.02849631039295447,0.017924077598238497,0.02906157759823863,1.0,1.0,0.1,0.0,0.0,0.0,0.02453028623577259,0.006618157045716097,0.02849631039295447,0.017924077598238497,0.02906157759823863,1.0,1.0,0.1,0.0,0.0,0.0,0.024756393117886254,0.011516656580276128,0.029023155196477246,0.017924077598238497,0.029100000000000015,1.0,0.7,0.2,0.0,0.0,0.0,0.7,0.6,0.6,0.6,0.3,0.6,0.5,1.0,0.6,0.5,1.0,0.6,0.5,1.0,0.3,0.75,0.5,0.6,0.0,0.6,0.6,0.3,0.6,0.6,0.3,0.0,0.0,0.0,0.6,0.6,1.0,1.0,0.3,0.3,0.3,0.1,0.1,0.3333333333333333,0.3333333333333333,0.7702540465007796,7.120694592596972e-20,7.120694592596972e-20,0.0,1.08,0,0,0,3,C3R,0.0,0.0,0.024756393117886254,0.2,1.0,0.3,0.0,0.0,0.024756393117886254
phaseflip,mixed_pauli,0.03,2,0.5,0.05,10,qiskit_aer,1,1,0.9775675,0.4297459722222222,0.8,0.55,0.0,1.0,1.0,0.0,0.02198249999999994,0.013599981847414221,0.029100000000000015,0.01454999999999984,0.029100000000000015,1.0,0.4,0.2,0.0,0.0,0.0,0.021468810392954396,0.009682732375213202,0.028046310392954465,0.014396310392954303,0.028946310392954477,0.9,1.0,0.0,0.0,0.0,0.0,0.02453028623577259,0.006618157045716097,0.02849631039295447,0.017924077598238497,0.02906157759823863,1.0,1.0,0.1,0.0,0.0,0.0,0.02453028623577259,0.006618157045716097,0.02849631039295447,0.017924077598238497,0.02906157759823863,1.0,1.0,0.1,0.0,0.0,0.0,0.02453028623577259,0.006618157045716097,0.02849631039295447,0.017924077598238497,0.02906157759823863,1.0,1.0,0.1,0.0,0.0,0.0,0.024756393117886254,0.011516656580276128,0.029023155196477246,0.017924077598238497,0.029100000000000015,1.0,0.7,0.2,0.0,0.0,0.0,0.7,0.6,0.6,0.6,0.3,0.6,0.5,1.0,0.6,0.5,1.0,0.6,0.5,1.0,0.3,0.75,0.5,0.6,0.0,0.6,0.6,0.3,0.6,0.6,0.3,0.0,0.0,0.0,0.6,0.6,1.0,1.0,0.3,0.3,0.3,0.1,0.1,0.3333333333333333,0.3333333333333333,0.7702540464499285,7.243954109037755e-20,7.243954109037755e-20,0.0,1.1,0,0,0,3,C3R,0.0,0.0,0.024756393117886254,0.2,1.0,0.3,0.0,0.0,0.024756393117886254
phaseflip,mixed_pauli,0.03,2,0.5,0.1,10,qiskit_aer,1,1,0.9775675,0.4026336111111111,0.8111111111111111,0.55,0.0,1.0,1.0,0.0,0.02198249999999994,0.013599981847414221,0.029100000000000015,0.01454999999999984,0.029100000000000015,1.0,0.4,0.2,0.0,0.0,0.0,0.021468810392954396,0.009682732375213202,0.028046310392954465,0.014396310392954303,0.028946310392954477,0.9,1.0,0.0,0.0,0.0,0.0,0.02453028623577259,0.006618157045716097,0.02849631039295447,0.017924077598238497,0.02906157759823863,1.0,1.0,0.1,0.0,0.0,0.0,0.02453028623577259,0.006618157045716097,0.02849631039295447,0.017924077598238497,0.02906157759823863,1.0,1.0,0.1,0.0,0.0,0.0,0.02453028623577259,0.006618157045716097,0.02849631039295447,0.017924077598238497,0.02906157759823863,1.0,1.0,0.1,0.0,0.0,0.0,0.021967131039295384,0.01360845662429975,0.029100000000000015,0.014434732794715688,0.029100000000000015,1.0,0.5,0.2,0.0,0.0,0.0,0.7,0.6,0.6,0.6,0.1,0.6,0.5,1.0,0.6,0.5,1.0,0.6,0.5,1.0,0.1,0.875,0.0,0.6,0.0,0.6,0.6,0.1,0.6,0.6,0.5,0.0,0.0,0.0,0.6,0.6,1.0,1.0,0.1,0.1,0.5,0.1,0.2,0.2,0.4,0.7973664076330693,7.243954109037755e-20,7.243954109037755e-20,0.0,1.15,0,0,0,5,C3R,0.0,0.0,0.021967131039295384,0.2,1.0,0.1,0.0,0.0,0.02453028623577259
phaseflip,mixed_pauli,0.03,3,0.5,0.03,10,qiskit_aer,1,1,0.9615148000000001,0.4540468555555556,0.7777777777777778,0.5166666666666667,0.0,1.0,1.0,0.0,0.03729990000000012,0.014968253874116252,0.0355155000000002,0.028254000000000223,0.04321350000000024,1.0,0.5,0.2,0.0,0.0,0.0,0.04524621039295444,0.012205521866761831,0.04305981039295448,0.042285810392954454,0.05630031039295447,1.0,1.0,0.0,0.0,0.0,0.0,0.04286305519647724,0.01576110953877288,0.04305981039295448,0.03184632759823877,0.053306482794715754,1.0,1.0,0.2,0.0,0.0,0.0,0.04286305519647724,0.01576110953877288,0.04305981039295448,0.03184632759823877,0.053306482794715754,1.0,1.0,0.2,0.0,0.0,0.0,0.04286305519647724,0.01576110953877288,0.04305981039295448,0.03184632759823877,0.053306482794715754,1.0,1.0,0.2,0.0,0.0,0.0,0.042878424157181814,0.015760943197691148,0.04305981039295448,0.03188475000000021,0.053306482794715754,1.0,0.9,0.2,0.0,0.0,0.0,1.0,0.5,0.5,0.5,0.4,0.5,0.4,0.4,0.5,0.4,0.4,0.5,0.4,0.4,0.4,0.6,0.4,0.5,0.0,0.5,0.5,0.4,0.5,0.5,0.1,0.0,0.0,0.0,0.5,0.5,1.0,1.0,0.5,0.4,0.1,0.0,0.0,0.0,0.0,0.5459531488796686,0.004107438304662859,0.004107438304662859,0.0,1.0466666666666666,0,0,0,1,C3R,0.0,0.0,0.042878424157181814,0.2,1.0,0.4,0.0,0.0,0.042878424157181814
phaseflip,mixed_pauli,0.03,3,0.5,0.05,10,qiskit_aer,1,1,0.9615148000000001,0.4540468555555556,0.7777777777777778,0.5166666666666667,0.0,1.0,1.0,0.0,0.03729990000000012,0.014968253874116252,0.0355155000000002,0.028254000000000223,0.04321350000000024,1.0,0.5,0.2,0.0,0.0,0.0,0.04524621039295444,0.012205521866761831,0.04305981039295448,0.042285810392954454,0.05630031039295447,1.0,1.0,0.0,0.0,0.0,0.0,0.04286305519647724,0.01576110953877288,0.04305981039295448,0.03184632759823877,0.053306482794715754,1.0,1.0,0.2,0.0,0.0,0.0,0.04286305519647724,0.01576110953877288,0.04305981039295448,0.03184632759823877,0.053306482794715754,1.0,1.0,0.2,0.0,0.0,0.0,0.04286305519647724,0.01576110953877288,0.04305981039295448,0.03184632759823877,0.053306482794715754,1.0,1.0,0.2,0.0,0.0,0.0,0.042878424157181814,0.015760943197691148,0.04305981039295448,0.03188475000000021,0.053306482794715754,1.0,0.9,0.2,0.0,0.0,0.0,1.0,0.5,0.5,0.5,0.4,0.5,0.4,0.4,0.5,0.4,0.4,0.5,0.4,0.4,0.4,0.6,0.4,0.5,0.0,0.5,0.5,0.4,0.5,0.5,0.1,0.0,0.0,0.0,0.5,0.5,1.0,1.0,0.5,0.4,0.1,0.0,0.0,0.0,0.0,0.5459531492764547,7.40911745947894e-18,7.40911745947894e-18,0.0,1.0666666666666667,0,0,0,1,C3R,0.0,0.0,0.042878424157181814,0.2,1.0,0.4,0.0,0.0,0.042878424157181814
phaseflip,mixed_pauli,0.03,3,0.5,0.1,10,qiskit_aer,1,1,0.9615148000000001,0.4217097722222222,0.7999999999999999,0.5166666666666667,0.0,1.0,1.0,0.0,0.03729990000000012,0.014968253874116252,0.0355155000000002,0.028254000000000223,0.04321350000000024,1.0,0.6,0.2,0.0,0.0,0.0,0.04524621039295444,0.012205521866761831,0.04305981039295448,0.042285810392954454,0.05630031039295447,1.0,1.0,0.0,0.0,0.0,0.0,0.04005842415718182,0.015615155627737558,0.04284156039295445,0.028254000000000223,0.04400870259823833,1.0,1.0,0.2,0.0,0.0,0.0,0.04005842415718182,0.015615155627737558,0.04284156039295445,0.028254000000000223,0.04400870259823833,1.0,1.0,0.2,0.0,0.0,0.0,0.04005842415718182,0.015615155627737558,0.04284156039295445,0.028254000000000223,0.04400870259823833,1.0,1.0,0.2,0.0,0.0,0.0,0.03726916207859097,0.014956231469697039,0.0355155000000002,0.028254000000000223,0.04305981039295448,1.0,0.8,0.2,0.0,0.0,0.0,1.0,0.4,0.4,0.4,0.2,0.4,0.4,0.2,0.4,0.4,0.2,0.4,0.4,0.2,0.2,0.6,0.0,0.4,0.0,0.4,0.4,0.2,0.4,0.4,0.2,0.0,0.0,0.0,0.4,0.4,1.0,1.0,0.2,0.2,0.2,0.0,0.1,0.0,0.5,0.3782902325232847,0.028158761385438224,0.028158761385438224,0.0,1.1166666666666665,0,0,0,2,C3R,0.0,0.0,0.03726916207859097,0.2,1.0,0.2,0.0,0.0,0.04005842415718182
phaseflip,mixed_pauli,0.03,4,0.5,0.03,10,qiskit_aer,1,1,0.9488338810000001,0.41021586483333333,0.7777777777777778,0.5333333333333333,0.0,1.0,1.0,0.0,0.048932147999999995,0.017062603855765825,0.04247622000000001,0.04195718999999987,0.05544847500000019,1.0,0.8,0.1,0.0,0.0,0.0,0.06816925839295436,0.012727879856362473,0.07000350039295433,0.059196547892954365,0.07901067789295435,1.0,1.0,0.0,0.0,0.0,0.0,0.051721410078590865,0.0198792043076603,0.04239937519647713,0.04195718999999987,0.06589788000000024,1.0,1.0,0.1,0.0,0.0,0.0,0.051721410078590865,0.0198792043076603,0.04239937519647713,0.04195718999999987,0.06589788000000024,1.0,1.0,0.1,0.0,0.0,0.0,0.051721410078590865,0.0198792043076603,0.04239937519647713,0.04195718999999987,0.06589788000000024,1.0,1.0,0.1,0.0,0.0,0.0,0.048932147999999995,0.017062603855765825,0.04247622000000001,0.04195718999999987,0.05544847500000019,1.0,0.8,0.1,0.0,0.0,0.0,0.9,0.2,0.2,0.2,0.0,0.2,0.6666666666666666,0.14285714285714285,0.2,0.6666666666666666,0.14285714285714285,0.2,0.6666666666666666,0.14285714285714285,0.0,1.0,0.0,0.2,0.0,0.2,0.2,0.0,0.2,0.2,0.2,0.0,0.0,0.0,0.2,0.2,1.0,1.0,0.3,0.0,0.2,0.0,0.1,0.0,0.5,-0.010215863428225901,1.5425581662038152e-20,1.5425581662038152e-20,0.0,1.0633333333333332,0,0,0,2,C3R,0.0,0.0,0.048932147999999995,0.1,1.0,0.0,0.0,0.0,0.051721410078590865
phaseflip,mixed_pauli,0.03,4,0.5,0.05,10,qiskit_aer,1,1,0.9488338810000001,0.41021586483333333,0.7777777777777778,0.5333333333333333,0.0,1.0,1.0,0.0,0.048932147999999995,0.017062603855765825,0.04247622000000001,0.04195718999999987,0.05544847500000019,1.0,0.9,0.1,0.0,0.0,0.0,0.06816925839295436,0.012727879856362473,0.07000350039295433,0.059196547892954365,0.07901067789295435,1.0,1.0,0.0,0.0,0.0,0.0,0.051736779039295445,0.01987239144211174,0.04247622000000001,0.04195718999999987,0.06589788000000024,1.0,1.0,0.1,0.0,0.0,0.0,0.051736779039295445,0.01987239144211174,0.04247622000000001,0.04195718999999987,0.06589788000000024,1.0,1.0,0.1,0.0,0.0,0.0,0.051736779039295445,0.01987239144211174,0.04247622000000001,0.04195718999999987,0.06589788000000024,1.0,1.0,0.1,0.0,0.0,0.0,0.048932147999999995,0.017062603855765825,0.04247622000000001,0.04195718999999987,0.05544847500000019,1.0,0.9,0.1,0.0,0.0,0.0,0.8,0.1,0.1,0.1,0.0,0.1,1.0,0.14285714285714285,0.1,1.0,0.14285714285714285,0.1,1.0,0.14285714285714285,0.0,1.0,0.0,0.1,0.0,0.1,0.1,0.0,0.1,0.1,0.1,0.0,0.0,0.0,0.1,0.1,1.0,1.0,0.3,0.0,0.1,0.0,0.1,0.0,1.0,-0.21021586346375457,2.166112591183837e-21,2.166112591183837e-21,0.0,1.0833333333333333,0,0,0,1,C3R,0.0,0.0,0.048932147999999995,0.1,1.0,0.0,0.0,0.0,0.051736779039295445
phaseflip,mixed_pauli,0.03,4,0.5,0.1,10,qiskit_aer,1,1,0.9488338810000001,0.3892098926111111,0.7888888888888889,0.5333333333333333,0.0,1.0,1.0,0.0,0.048932147999999995,0.017062603855765825,0.04247622000000001,0.04195718999999987,0.05544847500000019,1.0,0.8,0.1,0.0,0.0,0.0,0.06816925839295436,0.012727879856362473,0.07000350039295433,0.059196547892954365,0.07901067789295435,1.0,1.0,0.0,0.0,0.0,0.0,0.051721410078590865,0.0198792043076603,0.04239937519647713,0.04195718999999987,0.06589788000000024,1.0,1.0,0.1,0.0,0.0,0.0,0.051721410078590865,0.0198792043076603,0.04239937519647713,0.04195718999999987,0.06589788000000024,1.0,1.0,0.1,0.0,0.0,0.0,0.051721410078590865,0.0198792043076603,0.04239937519647713,0.04195718999999987,0.06589788000000024,1.0,1.0,0.1,0.0,0.0,0.0,0.048932147999999995,0.017062603855765825,0.04247622000000001,0.04195718999999987,0.05544847500000019,1.0,0.8,0.1,0.0,0.0,0.0,0.9,0.2,0.2,0.2,0.0,0.2,0.6666666666666666,0.14285714285714285,0.2,0.6666666666666666,0.14285714285714285,0.2,0.6666666666666666,0.14285714285714285,0.0,1.0,0.0,0.2,0.0,0.2,0.2,0.0,0.2,0.2,0.2,0.0,0.0,0.0,0.2,0.2,1.0,1.0,0.3,0.0,0.2,0.0,0.1,0.0,0.5,0.010790108932757891,1.5425581662038152e-20,1.5425581662038152e-20,0.0,1.1333333333333333,0,0,0,2,C3R,0.0,0.0,0.048932147999999995,0.1,1.0,0.0,0.0,0.0,0.051721410078590865
phaseflip,mixed_pauli,0.05,1,0.5,0.03,10,qiskit_aer,1,1,0.9825,0.44333333333333336,0.8222222222222222,0.5333333333333333,0.0,1.0,1.0,0.0,0.017499999999999884,0.019525624189766517,0.0124999999999999,0.0,0.0249999999999998,1.0,0.7,0.5,0.0,0.0,0.0,0.012346310392954396,0.01145643923738956,0.01984631039295437,0.001096310392954436,0.01984631039295437,0.7,1.0,0.0,0.0,0.0,0.0,0.00845389311788628,0.016903591277768575,0.0,0.0,0.014884732794715777,0.8,1.0,0.2,0.0,0.0,0.0,0.00845389311788628,0.016903591277768575,0.0,0.0,0.014884732794715777,0.8,1.0,0.2,0.0,0.0,0.0,0.00845389311788628,0.016903591277768575,0.0,0.0,0.014884732794715777,0.8,1.0,0.2,0.0,0.0,0.0,0.017499999999999884,0.019525624189766517,0.0124999999999999,0.0,0.0249999999999998,1.0,0.7,0.5,0.0,0.0,0.0,1.0,0.3,0.3,0.3,0.0,0.3,0.4,0.0,0.3,0.4,0.0,0.3,0.4,0.0,0.0,1.0,0.0,0.3,0.0,0.3,0.3,0.0,0.3,0.3,0.3,0.0,0.0,0.0,0.3,0.3,1.0,1.0,0.2,0.0,0.3,0.3,0.0,1.0,0.0,0.15666666914274877,0.0349962271709975,0.0349962271709975,0.0,1.0633333333333335,0,0,0,3,C3R,0.0,0.0,0.017499999999999884,0.5,1.0,0.0,0.0,0.0,0.017499999999999884
phaseflip,mixed_pauli,0.05,1,0.5,0.05,10,qiskit_aer,1,1,0.9825,0.4377777777777778,0.8222222222222222,0.5333333333333333,0.0,1.0,1.0,0.0,0.017499999999999884,0.019525624189766517,0.0124999999999999,0.0,0.0249999999999998,1.0,0.7,0.5,0.0,0.0,0.0,0.012346310392954396,0.01145643923738956,0.01984631039295437,0.001096310392954436,0.01984631039295437,0.7,1.0,0.0,0.0,0.0,0.0,0.00845389311788628,0.016903591277768575,0.0,0.0,0.014884732794715777,0.8,1.0,0.2,0.0,0.0,0.0,0.00845389311788628,0.016903591277768575,0.0,0.0,0.014884732794715777,0.8,1.0,0.2,0.0,0.0,0.0,0.00845389311788628,0.016903591277768575,0.0,0.0,0.014884732794715777,0.8,1.0,0.2,0.0,0.0,0.0,0.017499999999999884,0.019525624189766517,0.0124999999999999,0.0,0.0249999999999998,1.0,0.7,0.5,0.0,0.0,0.0,1.0,0.3,0.3,0.3,0.0,0.3,0.4,0.0,0.3,0.4,0.0,0.3,0.4,0.0,0.0,1.0,0.0,0.3,0.0,0.3,0.3,0.0,0.3,0.3,0.3,0.0,0.0,0.0,0.3,0.3,1.0,1.0,0.2,0.0,0.3,0.3,0.0,1.0,0.0,0.1622222248407024,0.0349962271709975,0.0349962271709975,0.0,1.0833333333333335,0,0,0,3,C3R,0.0,0.0,0.017499999999999884,0.5,1.0,0.0,0.0,0.0,0.017499999999999884
phaseflip,mixed_pauli,0.05,1,0.5,0.1,10,qiskit_aer,1,1,0.9825,0.3770833333333333,0.8666666666666667,0.5333333333333333,0.0,1.0,1.0,0.0,0.017499999999999884,0.019525624189766517,0.0124999999999999,0.0,0.0249999999999998,1.0,0.7,0.5,0.0,0.0,0.0,0.012346310392954396,0.01145643923738956,0.01984631039295437,0.001096310392954436,0.01984631039295437,0.7,1.0,0.0,0.0,0.0,0.0,0.00845389311788628,0.016903591277768575,0.0,0.0,0.014884732794715777,0.8,1.0,0.2,0.0,0.0,0.0,0.00845389311788628,0.016903591277768575,0.0,0.0,0.014884732794715777,0.8,1.0,0.2,0.0,0.0,0.0,0.00845389311788628,0.016903591277768575,0.0,0.0,0.014884732794715777,0.8,1.0,0.2,0.0,0.0,0.0,0.017499999999999884,0.019525624189766517,0.0124999999999999,0.0,0.0249999999999998,1.0,0.7,0.5,0.0,0.0,0.0,1.0,0.3,0.3,0.3,0.0,0.3,0.4,0.0,0.3,0.4,0.0,0.3,0.4,0.0,0.0,1.0,0.0,0.3,0.0,0.3,0.3,0.0,0.3,0.3,0.3,0.0,0.0,0.0,0.3,0.3,1.0,1.0,0.2,0.0,0.3,0.3,0.0,1.0,0.0,0.22291666928514686,0.0349962271709975,0.0349962271709975,0.0,1.1333333333333333,0,0,0,3,C3R,0.0,0.0,0.017499999999999884,0.5,1.0,0.0,0.0,0.0,0.017499999999999884
phaseflip,mixed_pauli,0.05,2,0.5,0.03,10,qiskit_aer,1,1,0.9626874999999999,0.41826041666666663,0.8,0.55,0.0,1.0,1.0,0.0,0.03606250000000005,0.02241659890014528,0.0475000000000001,0.023749999999999993,0.04750000000000021,1.0,0.5,0.2,0.0,0.0,0.0,0.05490881039295442,0.01572828363967289,0.06484631039295452,0.04359631039295431,0.06734631039295436,1.0,1.0,0.0,0.0,0.0,0.0,0.04098565519647725,0.02422357722662967,0.04554815519647726,0.02871157759823853,0.0628534827947157,1.0,1.0,0.1,0.0,0.0,0.0,0.04098565519647725,0.02422357722662967,0.04554815519647726,0.02871157759823853,0.0628534827947157,1.0,1.0,0.1,0.0,0.0,0.0,0.04098565519647725,0.02422357722662967,0.04554815519647726,0.02871157759823853,0.0628534827947157,1.0,1.0,0.1,0.0,0.0,0.0,0.03804713103929549,0.024152664129099555,0.0475000000000001,0.023749999999999993,0.048906249999999846,1.0,0.6,0.2,0.0,0.0,0.0,1.0,0.5,0.5,0.5,0.1,0.5,0.5,0.5,0.5,0.5,0.5,0.5,0.5,0.5,0.1,1.0,0.125,0.5,0.0,0.5,0.5,0.1,0.5,0.5,0.4,0.0,0.0,0.0,0.5,0.5,1.0,1.0,0.3,0.1,0.4,0.1,0.3,0.25,0.75,0.5817395853575217,1.395218995487814e-19,1.395218995487814e-19,0.0,1.08,0,0,0,4,C3R,0.0,0.0,0.03804713103929549,0.2,1.0,0.1,0.0,0.0,0.04098565519647725
phaseflip,mixed_pauli,0.05,2,0.5,0.05,10,qiskit_aer,1,1,0.9626874999999999,0.41826041666666663,0.8,0.55,0.0,1.0,1.0,0.0,0.03606250000000005,0.02241659890014528,0.0475000000000001,0.023749999999999993,0.04750000000000021,1.0,0.5,0.2,0.0,0.0,0.0,0.05490881039295442,0.01572828363967289,0.06484631039295452,0.04359631039295431,0.06734631039295436,1.0,1.0,0.0,0.0,0.0,0.0,0.04098565519647725,0.02422357722662967,0.04554815519647726,0.02871157759823853,0.0628534827947157,1.0,1.0,0.1,0.0,0.0,0.0,0.04098565519647725,0.02422357722662967,0.04554815519647726,0.02871157759823853,0.0628534827947157,1.0,1.0,0.1,0.0,0.0,0.0,0.04098565519647725,0.02422357722662967,0.04554815519647726,0.02871157759823853,0.0628534827947157,1.0,1.0,0.1,0.0,0.0,0.0,0.03804713103929549,0.024152664129099555,0.0475000000000001,0.023749999999999993,0.048906249999999846,1.0,0.6,0.2,0.0,0.0,0.0,1.0,0.5,0.5,0.5,0.1,0.5,0.5,0.5,0.5,0.5,0.5,0.5,0.5,0.5,0.1,1.0,0.125,0.5,0.0,0.5,0.5,0.1,0.5,0.5,0.4,0.0,0.0,0.0,0.5,0.5,1.0,1.0,0.3,0.1,0.4,0.1,0.3,0.25,0.75,0.581739585341914,1.395218995487814e-19,1.395218995487814e-19,0.0,1.1,0,0,0,4,C3R,0.0,0.0,0.03804713103929549,0.2,1.0,0.1,0.0,0.0,0.04098565519647725
phaseflip,mixed_pauli,0.05,2,0.5,0.1,10,qiskit_aer,1,1,0.9626874999999999,0.3915902777777778,0.8111111111111111,0.55,0.0,1.0,1.0,0.0,0.03606250000000005,0.02241659890014528,0.0475000000000001,0.023749999999999993,0.04750000000000021,1.0,0.5,0.2,0.0,0.0,0.0,0.05490881039295442,0.01572828363967289,0.06484631039295452,0.04359631039295431,0.06734631039295436,1.0,1.0,0.0,0.0,0.0,0.0,0.04098565519647725,0.02422357722662967,0.04554815519647726,0.02871157759823853,0.0628534827947157,1.0,1.0,0.1,0.0,0.0,0.0,0.04098565519647725,0.02422357722662967,0.04554815519647726,0.02871157759823853,0.0628534827947157,1.0,1.0,0.1,0.0,0.0,0.0,0.04098565519647725,0.02422357722662967,0.04554815519647726,0.02871157759823853,0.0628534827947157,1.0,1.0,0.1,0.0,0.0,0.0,0.03606250000000005,0.02241659890014528,0.0475000000000001,0.023749999999999993,0.04750000000000021,1.0,0.5,0.2,0.0,0.0,0.0,1.0,0.5,0.5,0.5,0.0,0.5,0.5,0.5,0.5,0.5,0.5,0.5,0.5,0.5,0.0,1.0,0.0,0.5,0.0,0.5,0.5,0.0,0.5,0.5,0.5,0.0,0.0,0.0,0.5,0.5,1.0,1.0,0.1,0.0,0.5,0.1,0.4,0.2,0.8,0.6084097242464106,1.395218995487814e-19,1.395218995487814e-19,0.0,1.15,0,0,0,5,C3R,0.0,0.0,0.03606250000000005,0.2,1.0,0.0,0.0,0.0,0.04098565519647725
phaseflip,mixed_pauli,0.05,3,0.5,0.03,10,qiskit_aer,1,1,0.936425,0.4421958333333333,0.7777777777777778,0.5166666666666667,0.0,0.9,1.0,0.0,0.0603375000000001,0.02457678020001792,0.05706250000000018,0.045250000000000234,0.07006250000000011,1.0,0.8,0.2,0.0,0.0,0.0,0.0926838103929545,0.019415345090932616,0.08990881039295445,0.08778381039295452,0.11009631039295453,1.0,1.0,0.0,0.0,0.0,0.0,0.059306762078591,0.02626856146568493,0.045250000000000234,0.045250000000000234,0.07006250000000011,1.0,1.0,0.1,0.0,0.0,0.0,0.059306762078591,0.02626856146568493,0.045250000000000234,0.045250000000000234,0.07006250000000011,1.0,1.0,0.1,0.0,0.0,0.0,0.059306762078591,0.02626856146568493,0.045250000000000234,0.045250000000000234,0.07006250000000011,1.0,1.0,0.1,0.0,0.0,0.0,0.0603375000000001,0.02457678020001792,0.05706250000000018,0.045250000000000234,0.07006250000000011,1.0,0.8,0.2,0.0,0.0,0.0,1.0,0.2,0.2,0.2,0.0,0.2,0.5,0.125,0.2,0.5,0.125,0.2,0.5,0.125,0.0,1.0,0.0,0.2,0.0,0.2,0.2,0.0,0.2,0.2,0.2,0.0,0.0,0.0,0.2,0.2,1.0,1.0,0.5,0.0,0.2,0.1,0.1,0.5,0.5,-0.042195832220922,3.099630017959843e-21,3.099630017959843e-21,0.0,1.0466666666666666,0,0,0,2,C3R,0.0,0.0,0.0603375000000001,0.2,1.0,0.0,0.0,0.0,0.0603375000000001
phaseflip,mixed_pauli,0.05,3,0.5,0.05,10,qiskit_aer,1,1,0.936425,0.4421958333333333,0.7777777777777778,0.5166666666666667,0.0,0.9,1.0,0.0,0.0603375000000001,0.02457678020001792,0.05706250000000018,0.045250000000000234,0.07006250000000011,1.0,0.8,0.2,0.0,0.0,0.0,0.0926838103929545,0.019415345090932616,0.08990881039295445,0.08778381039295452,0.11009631039295453,1.0,1.0,0.0,0.0,0.0,0.0,0.06430676207859097,0.02719424460257016,0.057656250000000187,0.045250000000000234,0.08482223279471582,1.0,1.0,0.2,0.0,0.0,0.0,0.06430676207859097,0.02719424460257016,0.057656250000000187,0.045250000000000234,0.08482223279471582,1.0,1.0,0.2,0.0,0.0,0.0,0.06430676207859097,0.02719424460257016,0.057656250000000187,0.045250000000000234,0.08482223279471582,1.0,1.0,0.2,0.0,0.0,0.0,0.062322131039295535,0.02603973966792876,0.05706250000000018,0.045250000000000234,0.07235937499999986,1.0,0.9,0.2,0.0,0.0,0.0,1.0,0.2,0.2,0.2,0.1,0.2,1.0,0.25,0.2,1.0,0.25,0.2,1.0,0.25,0.1,1.0,0.125,0.2,0.0,0.2,0.2,0.1,0.2,0.2,0.1,0.0,0.0,0.0,0.2,0.2,1.0,1.0,0.5,0.1,0.1,0.0,0.1,0.0,1.0,-0.04219583211942711,6.744529831439096e-20,6.744529831439096e-20,0.0,1.0666666666666667,0,0,0,1,C3R,0.0,0.0,0.062322131039295535,0.2,1.0,0.1,0.0,0.0,0.06430676207859097
phaseflip,mixed_pauli,0.05,3,0.5,0.1,10,qiskit_aer,1,1,0.936425,0.41051875,0.7999999999999999,0.5166666666666667,0.0,0.9,1.0,0.0,0.0603375000000001,0.02457678020001792,0.05706250000000018,0.045250000000000234,0.07006250000000011,1.0,0.9,0.2,0.0,0.0,0.0,0.0926838103929545,0.019415345090932616,0.08990881039295445,0.08778381039295452,0.11009631039295453,1.0,1.0,0.0,0.0,0.0,0.0,0.062322131039295535,0.025949075961489966,0.05765625000000013,0.045250000000000234,0.07235937499999986,1.0,1.0,0.2,0.0,0.0,0.0,0.062322131039295535,0.025949075961489966,0.05765625000000013,0.045250000000000234,0.07235937499999986,1.0,1.0,0.2,0.0,0.0,0.0,0.062322131039295535,0.025949075961489966,0.05765625000000013,0.045250000000000234,0.07235937499999986,1.0,1.0,0.2,0.0,0.0,0.0,0.0603375000000001,0.02457678020001792,0.05706250000000018,0.045250000000000234,0.07006250000000011,1.0,0.9,0.2,0.0,0.0,0.0,1.0,0.1,0.1,0.1,0.0,0.1,1.0,0.125,0.1,1.0,0.125,0.1,1.0,0.125,0.0,1.0,0.0,0.1,0.0,0.1,0.1,0.0,0.1,0.1,0.1,0.0,0.0,0.0,0.1,0.1,1.0,1.0,0.2,0.0,0.1,0.0,0.1,0.0,1.0,-0.2105187488706921,9.33517426776006e-22,9.33517426776006e-22,0.0,1.1166666666666665,0,0,0,1,C3R,0.0,0.0,0.0603375000000001,0.2,1.0,0.0,0.0,0.0,0.062322131039295535
phaseflip,mixed_pauli,0.05,4,0.5,0.03,10,qiskit_aer,1,1,0.9161756249999999,0.3954932986111111,0.7777777777777778,0.5333333333333333,0.0,0.8,1.0,0.0,0.07781125000000008,0.027375707011417935,0.06810625000000026,0.06674375000000005,0.08767187499999998,1.0,0.9,0.1,0.0,0.0,0.0,0.12820756039295444,0.01975871856611656,0.1315900603929544,0.11405724789295452,0.14432599789295447,1.0,1.0,0.0,0.0,0.0,0.0,0.0842958810392955,0.03137428857778831,0.07772187500000016,0.06674375000000005,0.10417500000000013,1.0,1.0,0.1,0.0,0.0,0.0,0.0842958810392955,0.03137428857778831,0.07772187500000016,0.06674375000000005,0.10417500000000013,1.0,1.0,0.1,0.0,0.0,0.0,0.0842958810392955,0.03137428857778831,0.07772187500000016,0.06674375000000005,0.10417500000000013,1.0,1.0,0.1,0.0,0.0,0.0,0.07781125000000008,0.027375707011417935,0.06810625000000026,0.06674375000000005,0.08767187499999998,1.0,0.9,0.1,0.0,0.0,0.0,1.0,0.1,0.1,0.1,0.0,0.1,1.0,0.1111111111111111,0.1,1.0,0.1111111111111111,0.1,1.0,0.1111111111111111,0.0,1.0,0.0,0.1,0.0,0.1,0.1,0.0,0.1,0.1,0.1,0.0,0.0,0.0,0.1,0.1,1.0,1.0,0.3,0.0,0.1,0.0,0.1,0.0,1.0,-0.1954932983521755,1.4492064235262148e-20,1.4492064235262148e-20,0.0,1.0633333333333332,0,0,0,1,C1,0.0,0.0,0.0842958810392955,0.1,1.0,0.1,0.0,0.0,0.0842958810392955
phaseflip,mixed_pauli,0.05,4,0.5,0.05,10,qiskit_aer,1,1,0.9161756249999999,0.3954932986111111,0.7777777777777778,0.5333333333333333,0.0,0.8,1.0,0.0,0.07781125000000012,0.027375707011417935,0.06810625000000037,0.06674375000000005,0.08767187500000015,1.0,0.9,0.1,0.0,0.0,0.0,0.12820756039295444,0.01975871856611656,0.1315900603929544,0.11405724789295452,0.14432599789295447,1.0,1.0,0.0,0.0,0.0,0.0,0.08429588103929553,0.03137428857778832,0.07772187500000016,0.06674375000000005,0.10417500000000018,1.0,1.0,0.1,0.0,0.0,0.0,0.08429588103929553,0.03137428857778832,0.07772187500000016,0.06674375000000005,0.10417500000000018,1.0,1.0,0.1,0.0,0.0,0.0,0.08429588103929553,0.03137428857778832,0.07772187500000016,0.06674375000000005,0.10417500000000018,1.0,1.0,0.1,0.0,0.0,0.0,0.07781125000000012,0.027375707011417935,0.06810625000000037,0.06674375000000005,0.08767187500000015,1.0,0.9,0.1,0.0,0.0,0.0,1.0,0.1,0.1,0.1,0.0,0.1,1.0,0.1111111111111111,0.1,1.0,0.1111111111111111,0.1,1.0,0.1111111111111111,0.0,1.0,0.0,0.1,0.0,0.1,0.1,0.0,0.1,0.1,0.1,0.0,0.0,0.0,0.1,0.1,1.0,1.0,0.3,0.0,0.1,0.0,0.1,0.0,1.0,-0.1954932983537494,2.166112591183837e-21,2.166112591183837e-21,0.0,1.0833333333333333,0,0,0,1,C1,0.0,0.0,0.08429588103929553,0.1,1.0,0.1,0.0,0.0,0.08429588103929553
phaseflip,mixed_pauli,0.05,4,0.5,0.1,10,qiskit_aer,1,1,0.9161756249999999,0.3752606597222222,0.7888888888888889,0.5333333333333333,0.0,0.8,1.0,0.0,0.0778112500000001,0.02737570701141795,0.06810625000000026,0.06674375000000005,0.08767187500000015,1.0,0.9,0.1,0.0,0.0,0.0,0.12820756039295444,0.01975871856611656,0.1315900603929544,0.11405724789295452,0.14432599789295447,1.0,1.0,0.0,0.0,0.0,0.0,0.08429588103929553,0.03137428857778832,0.07772187500000016,0.06674375000000005,0.10417500000000018,1.0,1.0,0.1,0.0,0.0,0.0,0.08429588103929553,0.03137428857778832,0.07772187500000016,0.06674375000000005,0.10417500000000018,1.0,1.0,0.1,0.0,0.0,0.0,0.08429588103929553,0.03137428857778832,0.07772187500000016,0.06674375000000005,0.10417500000000018,1.0,1.0,0.1,0.0,0.0,0.0,0.0778112500000001,0.02737570701141795,0.06810625000000026,0.06674375000000005,0.08767187500000015,1.0,0.9,0.1,0.0,0.0,0.0,1.0,0.1,0.1,0.1,0.0,0.1,1.0,0.1111111111111111,0.1,1.0,0.1111111111111111,0.1,1.0,0.1111111111111111,0.0,1.0,0.0,0.1,0.0,0.1,0.1,0.0,0.1,0.1,0.1,0.0,0.0,0.0,0.1,0.1,1.0,1.0,0.3,0.0,0.1,0.0,0.1,0.0,1.0,-0.1752606594914983,9.33517426776006e-22,9.33517426776006e-22,0.0,1.1333333333333333,0,0,0,1,C1,0.0,0.0,0.08429588103929553,0.1,1.0,0.1,0.0,0.0,0.08429588103929553
phaseflip,mixed_pauli,0.1,1,0.5,0.03,10,qiskit_aer,1,1,0.965,0.4316666666666667,0.8222222222222222,0.5333333333333333,0.0,1.0,1.0,0.0,0.034999999999999844,0.039051248379533124,0.024999999999999856,0.0,0.04999999999999971,1.0,0.7,0.5,0.0,0.0,0.0,0.05484631039295421,0.0229128784747791,0.06984631039295408,0.0323463103929543,0.06984631039295408,1.0,1.0,0.0,0.0,0.0,0.0,0.02595389311788624,0.0338085987112586,0.009923155196477185,0.0,0.042461577598238376,1.0,1.0,0.2,0.0,0.0,0.0,0.02595389311788624,0.0338085987112586,0.009923155196477185,0.0,0.042461577598238376,1.0,1.0,0.2,0.0,0.0,0.0,0.02595389311788624,0.0338085987112586,0.009923155196477185,0.0,0.042461577598238376,1.0,1.0,0.2,0.0,0.0,0.0,0.034999999999999844,0.039051248379533124,0.024999999999999856,0.0,0.04999999999999971,1.0,0.7,0.5,0.0,0.0,0.0,1.0,0.3,0.3,0.3,0.0,0.3,0.4,0.0,0.3,0.4,0.0,0.3,0.4,0.0,0.0,1.0,0.0,0.3,0.0,0.3,0.3,0.0,0.3,0.3,0.3,0.0,0.0,0.0,0.3,0.3,1.0,1.0,0.2,0.0,0.3,0.3,0.0,1.0,0.0,0.16833337126957168,0.0032868402154856554,0.0032868402154856554,0.0,1.0633333333333335,0,0,0,3,C3R,0.0,0.0,0.034999999999999844,0.5,1.0,0.0,0.0,0.0,0.034999999999999844
phaseflip,mixed_pauli,0.1,1,0.5,0.05,10,qiskit_aer,1,1,0.965,0.4261111111111111,0.8222222222222222,0.5333333333333333,0.0,1.0,1.0,0.0,0.034999999999999844,0.039051248379533124,0.024999999999999856,0.0,0.04999999999999971,1.0,0.7,0.5,0.0,0.0,0.0,0.05484631039295421,0.0229128784747791,0.06984631039295408,0.0323463103929543,0.06984631039295408,1.0,1.0,0.0,0.0,0.0,0.0,0.02595389311788624,0.0338085987112586,0.009923155196477185,0.0,0.042461577598238376,1.0,1.0,0.2,0.0,0.0,0.0,0.02595389311788624,0.0338085987112586,0.009923155196477185,0.0,0.042461577598238376,1.0,1.0,0.2,0.0,0.0,0.0,0.02595389311788624,0.0338085987112586,0.009923155196477185,0.0,0.042461577598238376,1.0,1.0,0.2,0.0,0.0,0.0,0.034999999999999844,0.039051248379533124,0.024999999999999856,0.0,0.04999999999999971,1.0,0.7,0.5,0.0,0.0,0.0,1.0,0.3,0.3,0.3,0.0,0.3,0.4,0.0,0.3,0.4,0.0,0.3,0.4,0.0,0.0,1.0,0.0,0.3,0.0,0.3,0.3,0.0,0.3,0.3,0.3,0.0,0.0,0.0,0.3,0.3,1.0,1.0,0.2,0.0,0.3,0.3,0.0,1.0,0.0,0.17388892682376675,2.319097585949862e-18,2.319097585949862e-18,0.0,1.0833333333333335,0,0,0,3,C3R,0.0,0.0,0.034999999999999844,0.5,1.0,0.0,0.0,0.0,0.034999999999999844
phaseflip,mixed_pauli,0.1,1,0.5,0.1,10,qiskit_aer,1,1,0.965,0.36583333333333334,0.8666666666666667,0.5333333333333333,0.0,1.0,1.0,0.0,0.034999999999999844,0.039051248379533124,0.024999999999999856,0.0,0.04999999999999971,1.0,0.7,0.5,0.0,0.0,0.0,0.05484631039295421,0.0229128784747791,0.06984631039295408,0.0323463103929543,0.06984631039295408,1.0,1.0,0.0,0.0,0.0,0.0,0.02595389311788624,0.0338085987112586,0.009923155196477185,0.0,0.042461577598238376,1.0,1.0,0.2,0.0,0.0,0.0,0.02595389311788624,0.0338085987112586,0.009923155196477185,0.0,0.042461577598238376,1.0,1.0,0.2,0.0,0.0,0.0,0.02595389311788624,0.0338085987112586,0.009923155196477185,0.0,0.042461577598238376,1.0,1.0,0.2,0.0,0.0,0.0,0.034999999999999844,0.039051248379533124,0.024999999999999856,0.0,0.04999999999999971,1.0,0.7,0.5,0.0,0.0,0.0,1.0,0.3,0.3,0.3,0.0,0.3,0.4,0.0,0.3,0.4,0.0,0.3,0.4,0.0,0.0,1.0,0.0,0.3,0.0,0.3,0.3,0.0,0.3,0.3,0.3,0.0,0.0,0.0,0.3,0.3,1.0,1.0,0.2,0.0,0.3,0.3,0.0,1.0,0.0,0.234166704602905,0.0032868402154856554,0.0032868402154856554,0.0,1.1333333333333333,0,0,0,3,C3R,0.0,0.0,0.034999999999999844,0.5,1.0,0.0,0.0,0.0,0.034999999999999844
phaseflip,mixed_pauli,0.1,2,0.5,0.03,10,qiskit_aer,1,1,0.92575,0.3985694444444444,0.8,0.55,0.0,0.5,1.0,0.0,0.06925,0.04361837342221746,0.09000000000000025,0.0449999999999999,0.0900000000000003,1.0,0.8,0.2,0.0,0.0,0.0,0.1350963103929544,0.029505296134761966,0.14984631039295437,0.11484631039295445,0.15984631039295435,1.0,1.0,0.0,0.0,0.0,0.0,0.0732192620785909,0.04423188571730275,0.09000000000000025,0.05058657759823845,0.0900000000000003,1.0,1.0,0.1,0.0,0.0,0.0,0.0732192620785909,0.04423188571730275,0.09000000000000025,0.05058657759823845,0.0900000000000003,1.0,1.0,0.1,0.0,0.0,0.0,0.0732192620785909,0.04423188571730275,0.09000000000000025,0.05058657759823845,0.0900000000000003,1.0,1.0,0.1,0.0,0.0,0.0,0.07623463103929544,0.04475347507613216,0.0900000000000003,0.05624999999999991,0.09562499999999985,1.0,0.9,0.2,0.0,0.0,0.0,1.0,0.2,0.2,0.2,0.1,0.2,0.5,0.125,0.2,0.5,0.125,0.2,0.5,0.125,0.1,1.0,0.125,0.2,0.0,0.2,0.2,0.1,0.2,0.2,0.1,0.0,0.0,0.0,0.2,0.2,1.0,1.0,0.3,0.1,0.1,0.1,0.0,1.0,0.0,0.0014305557271571457,0.0003539416742845664,0.0003539416742845664,0.0,1.08,0,0,0,1,C3R,0.0,0.0,0.07623463103929544,0.2,1.0,0.1,0.0,0.0,0.07623463103929544
phaseflip,mixed_pauli,0.1,2,0.5,0.05,10,qiskit_aer,1,1,0.92575,0.3985694444444444,0.8,0.55,0.0,0.5,1.0,0.0,0.06925,0.04361837342221746,0.09000000000000025,0.0449999999999999,0.0900000000000003,1.0,0.9,0.2,0.0,0.0,0.0,0.1350963103929544,0.029505296134761966,0.14984631039295437,0.11484631039295445,0.15984631039295435,1.0,1.0,0.0,0.0,0.0,0.0,0.06623463103929547,0.04259138649354849,0.07867315519647727,0.0449999999999999,0.0900000000000003,1.0,1.0,0.1,0.0,0.0,0.0,0.06623463103929547,0.04259138649354849,0.07867315519647727,0.0449999999999999,0.0900000000000003,1.0,1.0,0.1,0.0,0.0,0.0,0.06623463103929547,0.04259138649354849,0.07867315519647727,0.0449999999999999,0.0900000000000003,1.0,1.0,0.1,0.0,0.0,0.0,0.06925,0.04361837342221746,0.09000000000000025,0.0449999999999999,0.0900000000000003,1.0,0.9,0.2,0.0,0.0,0.0,1.0,0.1,0.1,0.1,0.0,0.1,0.5,0.0,0.1,0.5,0.0,0.1,0.5,0.0,0.0,1.0,0.0,0.1,0.0,0.1,0.1,0.0,0.1,0.1,0.1,0.0,0.0,0.0,0.1,0.1,1.0,1.0,0.3,0.0,0.1,0.1,0.0,1.0,0.0,-0.1985694442547053,0.0137049139522555,0.0137049139522555,0.0,1.1,0,0,0,1,C3R,0.0,0.0,0.06925,0.2,1.0,0.0,0.0,0.0,0.06925
phaseflip,mixed_pauli,0.1,2,0.5,0.1,10,qiskit_aer,1,1,0.92575,0.373,0.8111111111111111,0.55,0.0,0.5,1.0,0.0,0.06925,0.04361837342221746,0.09000000000000025,0.0449999999999999,0.0900000000000003,1.0,0.9,0.2,0.0,0.0,0.0,0.1350963103929544,0.029505296134761966,0.14984631039295437,0.11484631039295445,0.15984631039295435,1.0,1.0,0.0,0.0,0.0,0.0,0.06623463103929547,0.04259138649354849,0.07867315519647727,0.0449999999999999,0.0900000000000003,1.0,1.0,0.1,0.0,0.0,0.0,0.06623463103929547,0.04259138649354849,0.07867315519647727,0.0449999999999999,0.0900000000000003,1.0,1.0,0.1,0.0,0.0,0.0,0.06623463103929547,0.04259138649354849,0.07867315519647727,0.0449999999999999,0.0900000000000003,1.0,1.0,0.1,0.0,0.0,0.0,0.06925,0.04361837342221746,0.09000000000000025,0.0449999999999999,0.0900000000000003,1.0,0.9,0.2,0.0,0.0,0.0,1.0,0.1,0.1,0.1,0.0,0.1,0.5,0.0,0.1,0.5,0.0,0.1,0.5,0.0,0.0,1.0,0.0,0.1,0.0,0.1,0.1,0.0,0.1,0.1,0.1,0.0,0.0,0.0,0.1,0.1,1.0,1.0,0.1,0.0,0.1,0.1,0.0,1.0,0.0,-0.17299999982429265,0.01914153369324158,0.01914153369324158,0.0,1.15,0,0,0,1,C3R,0.0,0.0,0.06925,0.2,1.0,0.0,0.0,0.0,0.06925
phaseflip,mixed_pauli,0.1,3,0.5,0.03,10,qiskit_aer,1,1,0.87565,0.4043916666666667,0.7777777777777778,0.5166666666666667,0.0,0.5,1.0,0.0,0.11195000000000009,0.04725751263026848,0.10400000000000026,0.08200000000000018,0.13050000000000006,1.0,0.7,0.2,0.0,0.0,0.0,0.20179631039295437,0.03448583042352318,0.20034631039295436,0.1920963103929544,0.23184631039295434,1.0,1.0,0.0,0.0,0.0,0.0,0.1389038931178864,0.06410202922802857,0.1282500000000002,0.08958657759823876,0.19837499999999975,1.0,1.0,0.1,0.0,0.0,0.0,0.1389038931178864,0.06410202922802857,0.1282500000000002,0.08958657759823876,0.19837499999999975,1.0,1.0,0.1,0.0,0.0,0.0,0.1389038931178864,0.06410202922802857,0.1282500000000002,0.08958657759823876,0.19837499999999975,1.0,1.0,0.1,0.0,0.0,0.0,0.14191926207859093,0.06348811211268963,0.13050000000000006,0.09300000000000022,0.2013749999999997,1.0,0.9,0.2,0.0,0.0,0.0,1.0,0.3,0.3,0.3,0.2,0.3,0.5,0.25,0.3,0.5,0.25,0.3,0.5,0.25,0.2,1.0,0.25,0.3,0.0,0.3,0.3,0.2,0.3,0.3,0.1,0.0,0.0,0.0,0.3,0.3,1.0,1.0,0.5,0.2,0.1,0.1,0.0,1.0,0.0,0.19560833350391743,4.717397819900993e-20,4.717397819900993e-20,0.0,1.0466666666666666,0,0,0,1,C3R,0.0,0.0,0.14191926207859093,0.2,1.0,0.2,0.0,0.0,0.14191926207859093
phaseflip,mixed_pauli,0.1,3,0.5,0.05,10,qiskit_aer,1,1,0.87565,0.4043916666666667,0.7777777777777778,0.5166666666666667,0.0,0.5,1.0,0.0,0.11195000000000009,0.04725751263026848,0.10400000000000026,0.08200000000000018,0.13050000000000006,1.0,0.7,0.2,0.0,0.0,0.0,0.20179631039295437,0.03448583042352318,0.20034631039295436,0.1920963103929544,0.23184631039295434,1.0,1.0,0.0,0.0,0.0,0.0,0.1389038931178864,0.06410202922802857,0.1282500000000002,0.08958657759823876,0.19837499999999975,1.0,1.0,0.1,0.0,0.0,0.0,0.1389038931178864,0.06410202922802857,0.1282500000000002,0.08958657759823876,0.19837499999999975,1.0,1.0,0.1,0.0,0.0,0.0,0.1389038931178864,0.06410202922802857,0.1282500000000002,0.08958657759823876,0.19837499999999975,1.0,1.0,0.1,0.0,0.0,0.0,0.14191926207859093,0.06348811211268963,0.13050000000000006,0.09300000000000022,0.2013749999999997,1.0,0.9,0.2,0.0,0.0,0.0,1.0,0.3,0.3,0.3,0.2,0.3,0.5,0.25,0.3,0.5,0.25,0.3,0.5,0.25,0.2,1.0,0.25,0.3,0.0,0.3,0.3,0.2,0.3,0.3,0.1,0.0,0.0,0.0,0.3,0.3,1.0,1.0,0.5,0.2,0.1,0.1,0.0,1.0,0.0,0.19560833350391743,4.717397819900993e-20,4.717397819900993e-20,0.0,1.0666666666666667,0,0,0,1,C3R,0.0,0.0,0.14191926207859093,0.2,1.0,0.2,0.0,0.0,0.14191926207859093
phaseflip,mixed_pauli,0.1,3,0.5,0.1,10,qiskit_aer,1,1,0.87565,0.3838777777777778,0.7999999999999999,0.5166666666666667,0.0,0.5,1.0,0.0,0.11195000000000009,0.04725751263026848,0.10400000000000026,0.08200000000000018,0.13050000000000006,1.0,0.7,0.2,0.0,0.0,0.0,0.20179631039295437,0.03448583042352318,0.20034631039295436,0.1920963103929544,0.23184631039295434,1.0,1.0,0.0,0.0,0.0,0.0,0.1389038931178864,0.06410202922802857,0.1282500000000002,0.08958657759823876,0.19837499999999975,1.0,1.0,0.1,0.0,0.0,0.0,0.1389038931178864,0.06410202922802857,0.1282500000000002,0.08958657759823876,0.19837499999999975,1.0,1.0,0.1,0.0,0.0,0.0,0.1389038931178864,0.06410202922802857,0.1282500000000002,0.08958657759823876,0.19837499999999975,1.0,1.0,0.1,0.0,0.0,0.0,0.11195000000000009,0.04725751263026848,0.10400000000000026,0.08200000000000018,0.13050000000000006,1.0,0.7,0.2,0.0,0.0,0.0,1.0,0.3,0.3,0.3,0.0,0.3,0.5,0.25,0.3,0.5,0.25,0.3,0.5,0.25,0.0,1.0,0.0,0.3,0.0,0.3,0.3,0.0,0.3,0.3,0.3,0.0,0.0,0.0,0.3,0.3,1.0,1.0,0.2,0.0,0.3,0.1,0.2,0.3333333333333333,0.6666666666666666,0.21612222239280632,4.717397819900993e-20,4.717397819900993e-20,0.0,1.1166666666666665,0,0,0,3,C1,0.0,0.0,0.1389038931178864,0.1,1.0,0.3,0.0,0.0,0.1389038931178864
phaseflip,mixed_pauli,0.1,4,0.5,0.03,10,qiskit_aer,1,1,0.83941,0.3473311111111111,0.7777777777777778,0.5333333333333333,0.0,0.1,1.0,0.0,0.13840500000000017,0.04974939421741725,0.12357500000000032,0.11890000000000003,0.15375000000000014,1.0,0.7,0.1,0.0,0.0,0.0,0.26065131039295447,0.03309498791357987,0.26874631039295444,0.23597131039295446,0.2842713103929545,1.0,1.0,0.0,0.0,0.0,0.0,0.18335889311788647,0.08088596380232718,0.16920000000000013,0.12123750000000014,0.2644097327947158,1.0,1.0,0.1,0.0,0.0,0.0,0.18335889311788647,0.08088596380232718,0.16920000000000013,0.12123750000000014,0.2644097327947158,1.0,1.0,0.1,0.0,0.0,0.0,0.18335889311788647,0.08088596380232718,0.16920000000000013,0.12123750000000014,0.2644097327947158,1.0,1.0,0.1,0.0,0.0,0.0,0.16837426207859102,0.0774880233336431,0.1379250000000003,0.11890000000000003,0.23624999999999993,1.0,0.9,0.1,0.0,0.0,0.0,1.0,0.3,0.3,0.3,0.2,0.3,1.0,0.3333333333333333,0.3,1.0,0.3333333333333333,0.3,1.0,0.3333333333333333,0.2,1.0,0.2222222222222222,0.3,0.0,0.3,0.3,0.2,0.3,0.3,0.1,0.0,0.0,0.0,0.3,0.3,1.0,1.0,0.3,0.2,0.1,0.0,0.1,0.0,1.0,0.25266888891232925,0.03524403377121946,0.03524403377121946,0.0,1.0633333333333332,0,0,0,1,C1,0.0,0.0,0.18335889311788647,0.1,1.0,0.3,0.0,0.0,0.18335889311788647
phaseflip,mixed_pauli,0.1,4,0.5,0.05,10,qiskit_aer,1,1,0.83941,0.3473311111111111,0.7777777777777778,0.5333333333333333,0.0,0.1,1.0,0.0,0.13840500000000017,0.049749394217417246,0.12357500000000038,0.11890000000000012,0.15375000000000005,1.0,0.8,0.1,0.0,0.0,0.0,0.26065131039295447,0.03309498791357987,0.26874631039295444,0.23597131039295446,0.2842713103929545,1.0,1.0,0.0,0.0,0.0,0.0,0.16837426207859102,0.06057877717677199,0.15170000000000006,0.1212375000000003,0.2185097327947159,1.0,1.0,0.1,0.0,0.0,0.0,0.16837426207859102,0.06057877717677199,0.15170000000000006,0.1212375000000003,0.2185097327947159,1.0,1.0,0.1,0.0,0.0,0.0,0.16837426207859102,0.06057877717677199,0.15170000000000006,0.1212375000000003,0.2185097327947159,1.0,1.0,0.1,0.0,0.0,0.0,0.15338963103929562,0.06254042112595196,0.1379250000000003,0.11890000000000014,0.18205000000000016,1.0,0.9,0.1,0.0,0.0,0.0,1.0,0.2,0.2,0.2,0.1,0.2,1.0,0.2222222222222222,0.2,1.0,0.2222222222222222,0.2,1.0,0.2222222222222222,0.1,1.0,0.1111111111111111,0.2,0.0,0.2,0.2,0.1,0.2,0.2,0.1,0.0,0.0,0.0,0.2,0.2,1.0,1.0,0.3,0.1,0.1,0.0,0.1,0.0,1.0,0.05266888891186606,0.010590840309597538,0.010590840309597538,0.0,1.0833333333333333,0,0,0,1,C1,0.0,0.0,0.16837426207859102,0.1,1.0,0.2,0.0,0.0,0.16837426207859102
phaseflip,mixed_pauli,0.1,4,0.5,0.1,10,qiskit_aer,1,1,0.83941,0.33842833333333333,0.7888888888888889,0.5333333333333333,0.0,0.1,1.0,0.0,0.13840500000000017,0.04974939421741723,0.12357500000000032,0.11890000000000003,0.15375000000000022,1.0,0.9,0.1,0.0,0.0,0.0,0.26065131039295447,0.03309498791357987,0.26874631039295444,0.23597131039295446,0.2842713103929545,1.0,1.0,0.0,0.0,0.0,0.0,0.15338963103929557,0.07083198462073062,0.12357500000000032,0.11890000000000003,0.18,1.0,1.0,0.1,0.0,0.0,0.0,0.15338963103929557,0.07083198462073062,0.12357500000000032,0.11890000000000003,0.18,1.0,1.0,0.1,0.0,0.0,0.0,0.15338963103929557,0.07083198462073062,0.12357500000000032,0.11890000000000003,0.18,1.0,1.0,0.1,0.0,0.0,0.0,0.15338963103929557,0.07083198462073062,0.12357500000000032,0.11890000000000003,0.18,1.0,1.0,0.1,0.0,0.0,0.0,1.0,0.1,0.1,0.1,0.1,0.1,1.0,0.1111111111111111,0.1,1.0,0.1111111111111111,0.1,1.0,0.1111111111111111,0.1,1.0,0.1111111111111111,0.1,0.0,0.1,0.1,0.1,0.1,0.1,0.0,0.0,0.0,0.0,0.1,0.1,1.0,1.0,0.3,0.1,0.0,0.0,0.0,0.0,0.0,-0.1384283333118973,3.900920631273301e-20,3.900920631273301e-20,0.0,1.1333333333333333,0,0,0,0,C1,0.0,0.0,0.15338963103929557,0.1,1.0,0.1,0.0,0.0,0.15338963103929557
phaseflip,mixed_pauli,0.15,1,0.5,0.03,10,qiskit_aer,1,1,0.9475,0.40472222222222226,0.8222222222222222,0.5333333333333333,0.0,0.8,1.0,0.0,0.052499999999999804,0.058576872569299825,0.03749999999999981,-1.1102230246251565e-16,0.07499999999999973,1.0,0.6,0.5,0.0,0.0,0.0,0.09734631039295435,0.03436931771216878,0.11984631039295435,0.06359631039295438,0.11984631039295435,1.0,1.0,0.0,0.0,0.0,0.0,0.04043852415718167,0.05152084085326854,0.02242315519647714,-1.1102230246251565e-16,0.04484631039295439,1.0,1.0,0.1,0.0,0.0,0.0,0.04043852415718167,0.05152084085326854,0.02242315519647714,-1.1102230246251565e-16,0.04484631039295439,1.0,1.0,0.1,0.0,0.0,0.0,0.04043852415718167,0.05152084085326854,0.02242315519647714,-1.1102230246251565e-16,0.04484631039295439,1.0,1.0,0.1,0.0,0.0,0.0,0.052499999999999804,0.058576872569299825,0.03749999999999981,-1.1102230246251565e-16,0.07499999999999973,1.0,0.6,0.5,0.0,0.0,0.0,1.0,0.4,0.4,0.4,0.0,0.4,0.2,0.0,0.4,0.2,0.0,0.4,0.2,0.0,0.0,1.0,0.0,0.4,0.0,0.4,0.4,0.0,0.4,0.4,0.4,0.0,0.0,0.0,0.4,0.4,1.0,1.0,0.2,0.0,0.4,0.4,0.0,1.0,0.0,0.39527777783886126,6.344454315168206e-18,6.344454315168206e-18,0.0,1.0633333333333335,0,0,0,4,C3R,0.0,0.0,0.052499999999999804,0.5,1.0,0.0,0.0,0.0,0.052499999999999804
phaseflip,mixed_pauli,0.15,1,0.5,0.05,10,qiskit_aer,1,1,0.9475,0.39916666666666667,0.8222222222222222,0.5333333333333333,0.0,0.8,1.0,0.0,0.052499999999999804,0.058576872569299825,0.03749999999999981,-1.1102230246251565e-16,0.07499999999999973,1.0,0.6,0.5,0.0,0.0,0.0,0.09734631039295435,0.03436931771216878,0.11984631039295435,0.06359631039295438,0.11984631039295435,1.0,1.0,0.0,0.0,0.0,0.0,0.04043852415718167,0.05152084085326854,0.02242315519647714,-1.1102230246251565e-16,0.04484631039295439,1.0,1.0,0.1,0.0,0.0,0.0,0.04043852415718167,0.05152084085326854,0.02242315519647714,-1.1102230246251565e-16,0.04484631039295439,1.0,1.0,0.1,0.0,0.0,0.0,0.04043852415718167,0.05152084085326854,0.02242315519647714,-1.1102230246251565e-16,0.04484631039295439,1.0,1.0,0.1,0.0,0.0,0.0,0.052499999999999804,0.058576872569299825,0.03749999999999981,-1.1102230246251565e-16,0.07499999999999973,1.0,0.6,0.5,0.0,0.0,0.0,1.0,0.4,0.4,0.4,0.0,0.4,0.2,0.0,0.4,0.2,0.0,0.4,0.2,0.0,0.0,1.0,0.0,0.4,0.0,0.4,0.4,0.0,0.4,0.4,0.4,0.0,0.0,0.0,0.4,0.4,1.0,1.0,0.2,0.0,0.4,0.4,0.0,1.0,0.0,0.4008333333944168,6.344454315168206e-18,6.344454315168206e-18,0.0,1.0833333333333335,0,0,0,4,C3R,0.0,0.0,0.052499999999999804,0.5,1.0,0.0,0.0,0.0,0.052499999999999804
phaseflip,mixed_pauli,0.15,1,0.5,0.1,10,qiskit_aer,1,1,0.9475,0.34958333333333336,0.8666666666666667,0.5333333333333333,0.0,0.8,1.0,0.0,0.052499999999999804,0.058576872569299825,0.03749999999999981,-1.1102230246251565e-16,0.07499999999999973,1.0,0.6,0.5,0.0,0.0,0.0,0.09734631039295435,0.03436931771216878,0.11984631039295435,0.06359631039295438,0.11984631039295435,1.0,1.0,0.0,0.0,0.0,0.0,0.04043852415718167,0.05152084085326854,0.02242315519647714,-1.1102230246251565e-16,0.04484631039295439,1.0,1.0,0.1,0.0,0.0,0.0,0.04043852415718167,0.05152084085326854,0.02242315519647714,-1.1102230246251565e-16,0.04484631039295439,1.0,1.0,0.1,0.0,0.0,0.0,0.04043852415718167,0.05152084085326854,0.02242315519647714,-1.1102230246251565e-16,0.04484631039295439,1.0,1.0,0.1,0.0,0.0,0.0,0.052499999999999804,0.058576872569299825,0.03749999999999981,-1.1102230246251565e-16,0.07499999999999973,1.0,0.6,0.5,0.0,0.0,0.0,1.0,0.4,0.4,0.4,0.0,0.4,0.2,0.0,0.4,0.2,0.0,0.4,0.2,0.0,0.0,1.0,0.0,0.4,0.0,0.4,0.4,0.0,0.4,0.4,0.4,0.0,0.0,0.0,0.4,0.4,1.0,1.0,0.2,0.0,0.4,0.4,0.0,1.0,0.0,0.45041666672775016,6.344454315168206e-18,6.344454315168206e-18,0.0,1.1333333333333333,0,0,0,4,C3R,0.0,0.0,0.052499999999999804,0.5,1.0,0.0,0.0,0.0,0.052499999999999804
phaseflip,mixed_pauli,0.15,2,0.5,0.03,10,qiskit_aer,1,1,0.8891875000000001,0.3746666666666667,0.8,0.55,0.0,0.4,1.0,0.0,0.0995624999999998,0.0636862732953499,0.12749999999999984,0.06374999999999986,0.12749999999999992,1.0,0.9,0.2,0.0,0.0,0.0,0.21040881039295437,0.04157302498315466,0.22484631039295433,0.18359631039295432,0.2473463103929544,1.0,1.0,0.0,0.0,0.0,0.0,0.11154713103929526,0.06700913846926296,0.12749999999999984,0.07968749999999986,0.14015624999999976,1.0,1.0,0.2,0.0,0.0,0.0,0.11154713103929526,0.06700913846926296,0.12749999999999984,0.07968749999999986,0.14015624999999976,1.0,1.0,0.2,0.0,0.0,0.0,0.11154713103929526,0.06700913846926296,0.12749999999999984,0.07968749999999986,0.14015624999999976,1.0,1.0,0.2,0.0,0.0,0.0,0.11154713103929526,0.06700913846926296,0.12749999999999984,0.07968749999999986,0.14015624999999976,1.0,1.0,0.2,0.0,0.0,0.0,1.0,0.1,0.1,0.1,0.1,0.1,1.0,0.125,0.1,1.0,0.125,0.1,1.0,0.125,0.1,1.0,0.125,0.1,0.0,0.1,0.1,0.1,0.1,0.1,0.0,0.0,0.0,0.0,0.1,0.1,1.0,1.0,0.3,0.1,0.0,0.0,0.0,0.0,0.0,-0.17466666662994218,2.166112591183837e-21,2.166112591183837e-21,0.0,1.08,0,0,0,0,C1,0.0,0.0,0.11154713103929526,0.2,1.0,0.1,0.0,0.0,0.11154713103929526
phaseflip,mixed_pauli,0.15,2,0.5,0.05,10,qiskit_aer,1,1,0.8891875000000001,0.3746666666666667,0.8,0.55,0.0,0.4,1.0,0.0,0.0995624999999998,0.0636862732953499,0.12749999999999984,0.06374999999999978,0.12749999999999992,1.0,0.9,0.2,0.0,0.0,0.0,0.21040881039295437,0.04157302498315466,0.22484631039295433,0.18359631039295432,0.2473463103929544,1.0,1.0,0.0,0.0,0.0,0.0,0.11154713103929524,0.06700913846926297,0.12749999999999984,0.07968749999999977,0.14015624999999976,1.0,1.0,0.2,0.0,0.0,0.0,0.11154713103929524,0.06700913846926297,0.12749999999999984,0.07968749999999977,0.14015624999999976,1.0,1.0,0.2,0.0,0.0,0.0,0.11154713103929524,0.06700913846926297,0.12749999999999984,0.07968749999999977,0.14015624999999976,1.0,1.0,0.2,0.0,0.0,0.0,0.11154713103929524,0.06700913846926297,0.12749999999999984,0.07968749999999977,0.14015624999999976,1.0,1.0,0.2,0.0,0.0,0.0,1.0,0.1,0.1,0.1,0.1,0.1,1.0,0.125,0.1,1.0,0.125,0.1,1.0,0.125,0.1,1.0,0.125,0.1,0.0,0.1,0.1,0.1,0.1,0.1,0.0,0.0,0.0,0.0,0.1,0.1,1.0,1.0,0.3,0.1,0.0,0.0,0.0,0.0,0.0,-0.17466666662965158,2.166112591183837e-21,2.166112591183837e-21,0.0,1.1,0,0,0,0,C1,0.0,0.0,0.11154713103929524,0.2,1.0,0.1,0.0,0.0,0.11154713103929524
phaseflip,mixed_pauli,0.15,2,0.5,0.1,10,qiskit_aer,1,1,0.8891875000000001,0.35019097222222223,0.8111111111111111,0.55,0.0,0.4,1.0,0.0,0.0995624999999998,0.0636862732953499,0.12749999999999984,0.06374999999999986,0.12749999999999992,1.0,0.9,0.2,0.0,0.0,0.0,0.21040881039295437,0.04157302498315466,0.22484631039295433,0.18359631039295432,0.2473463103929544,1.0,1.0,0.0,0.0,0.0,0.0,0.11154713103929526,0.06700913846926296,0.12749999999999984,0.07968749999999986,0.14015624999999976,1.0,1.0,0.2,0.0,0.0,0.0,0.11154713103929526,0.06700913846926296,0.12749999999999984,0.07968749999999986,0.14015624999999976,1.0,1.0,0.2,0.0,0.0,0.0,0.11154713103929526,0.06700913846926296,0.12749999999999984,0.07968749999999986,0.14015624999999976,1.0,1.0,0.2,0.0,0.0,0.0,0.11154713103929526,0.06700913846926296,0.12749999999999984,0.07968749999999986,0.14015624999999976,1.0,1.0,0.2,0.0,0.0,0.0,1.0,0.1,0.1,0.1,0.1,0.1,1.0,0.125,0.1,1.0,0.125,0.1,1.0,0.125,0.1,1.0,0.125,0.1,0.0,0.1,0.1,0.1,0.1,0.1,0.0,0.0,0.0,0.0,0.1,0.1,1.0,1.0,0.1,0.1,0.0,0.0,0.0,0.0,0.0,-0.15019097218520713,2.166112591183837e-21,2.166112591183837e-21,0.0,1.15,0,0,0,0,C1,0.0,0.0,0.11154713103929526,0.2,1.0,0.1,0.0,0.0,0.11154713103929526
phaseflip,mixed_pauli,0.15,3,0.5,0.03,10,qiskit_aer,1,1,0.8176000000000001,0.36927291666666673,0.7777777777777778,0.5166666666666667,0.0,0.1,1.0,0.0,0.1557374999999998,0.0679261133511995,0.14193749999999983,0.1117499999999998,0.1816874999999999,1.0,1.0,0.2,0.0,0.0,0.0,0.29808381039295434,0.045851874280120775,0.30153381039295435,0.28353381039295444,0.33659631039295435,1.0,1.0,0.0,0.0,0.0,0.0,0.1557374999999998,0.0679261133511995,0.14193749999999983,0.1117499999999998,0.1816874999999999,1.0,1.0,0.2,0.0,0.0,0.0,0.1557374999999998,0.0679261133511995,0.14193749999999983,0.1117499999999998,0.1816874999999999,1.0,1.0,0.2,0.0,0.0,0.0,0.1557374999999998,0.0679261133511995,0.14193749999999983,0.1117499999999998,0.1816874999999999,1.0,1.0,0.2,0.0,0.0,0.0,0.1557374999999998,0.0679261133511995,0.14193749999999983,0.1117499999999998,0.1816874999999999,1.0,1.0,0.2,0.0,0.0,0.0,1.0,0.0,0.0,0.0,0.0,0.0,1.0,0.0,0.0,1.0,0.0,0.0,1.0,0.0,0.0,1.0,0.0,0.0,0.0,0.0,0.0,0.0,0.0,0.0,0.0,0.0,0.0,0.0,0.0,0.0,1.0,1.0,0.5,0.0,0.0,0.0,0.0,0.0,0.0,-0.3692729166269607,0.0,0.0,0.0,1.0466666666666666,0,0,0,0,C1,0.0,0.0,0.1557374999999998,0.2,1.0,0.0,0.0,0.0,0.1557374999999998
phaseflip,mixed_pauli,0.15,3,0.5,0.05,10,qiskit_aer,1,1,0.8176000000000001,0.36927291666666673,0.7777777777777778,0.5166666666666667,0.0,0.1,1.0,0.0,0.1557374999999998,0.0679261133511995,0.14193749999999983,0.1117499999999998,0.1816874999999999,1.0,1.0,0.2,0.0,0.0,0.0,0.29808381039295434,0.045851874280120775,0.30153381039295435,0.28353381039295444,0.33659631039295435,1.0,1.0,0.0,0.0,0.0,0.0,0.1557374999999998,0.0679261133511995,0.14193749999999983,0.1117499999999998,0.1816874999999999,1.0,1.0,0.2,0.0,0.0,0.0,0.1557374999999998,0.0679261133511995,0.14193749999999983,0.1117499999999998,0.1816874999999999,1.0,1.0,0.2,0.0,0.0,0.0,0.1557374999999998,0.0679261133511995,0.14193749999999983,0.1117499999999998,0.1816874999999999,1.0,1.0,0.2,0.0,0.0,0.0,0.1557374999999998,0.0679261133511995,0.14193749999999983,0.1117499999999998,0.1816874999999999,1.0,1.0,0.2,0.0,0.0,0.0,1.0,0.0,0.0,0.0,0.0,0.0,1.0,0.0,0.0,1.0,0.0,0.0,1.0,0.0,0.0,1.0,0.0,0.0,0.0,0.0,0.0,0.0,0.0,0.0,0.0,0.0,0.0,0.0,0.0,0.0,1.0,1.0,0.5,0.0,0.0,0.0,0.0,0.0,0.0,-0.36927291662695844,0.0,0.0,0.0,1.0666666666666667,0,0,0,0,C1,0.0,0.0,0.1557374999999998,0.2,1.0,0.0,0.0,0.0,0.1557374999999998
phaseflip,mixed_pauli,0.15,3,0.5,0.1,10,qiskit_aer,1,1,0.8176000000000001,0.3496444444444445,0.7999999999999999,0.5166666666666667,0.0,0.1,1.0,0.0,0.1557374999999998,0.0679261133511995,0.14193749999999983,0.1117499999999998,0.1816874999999999,1.0,1.0,0.2,0.0,0.0,0.0,0.29808381039295434,0.045851874280120775,0.30153381039295435,0.28353381039295444,0.33659631039295435,1.0,1.0,0.0,0.0,0.0,0.0,0.1557374999999998,0.0679261133511995,0.14193749999999983,0.1117499999999998,0.1816874999999999,1.0,1.0,0.2,0.0,0.0,0.0,0.1557374999999998,0.0679261133511995,0.14193749999999983,0.1117499999999998,0.1816874999999999,1.0,1.0,0.2,0.0,0.0,0.0,0.1557374999999998,0.0679261133511995,0.14193749999999983,0.1117499999999998,0.1816874999999999,1.0,1.0,0.2,0.0,0.0,0.0,0.1557374999999998,0.0679261133511995,0.14193749999999983,0.1117499999999998,0.1816874999999999,1.0,1.0,0.2,0.0,0.0,0.0,1.0,0.0,0.0,0.0,0.0,0.0,1.0,0.0,0.0,1.0,0.0,0.0,1.0,0.0,0.0,1.0,0.0,0.0,0.0,0.0,0.0,0.0,0.0,0.0,0.0,0.0,0.0,0.0,0.0,0.0,1.0,1.0,0.2,0.0,0.0,0.0,0.0,0.0,0.0,-0.34964444440469705,0.0,0.0,0.0,1.1166666666666665,0,0,0,0,C1,0.0,0.0,0.1557374999999998,0.2,1.0,0.0,0.0,0.0,0.1557374999999998
phaseflip,mixed_pauli,0.15,4,0.5,0.03,10,qiskit_aer,1,1,0.7692756250000001,0.30084881944444447,0.7777777777777778,0.5333333333333333,0.0,0.0,1.0,0.0,0.18482999999999983,0.06770821334732956,0.1680749999999998,0.1592437499999998,0.20254687499999985,1.0,0.9,0.1,0.0,0.0,0.0,0.37052631039295436,0.041727402922869576,0.38409006039295435,0.3381197478929542,0.3953259978929544,1.0,1.0,0.0,0.0,0.0,0.0,0.2073146310392953,0.10059619257423942,0.1680749999999998,0.1592437499999998,0.23348437499999994,1.0,1.0,0.1,0.0,0.0,0.0,0.2073146310392953,0.10059619257423942,0.1680749999999998,0.1592437499999998,0.23348437499999994,1.0,1.0,0.1,0.0,0.0,0.0,0.2073146310392953,0.10059619257423942,0.1680749999999998,0.1592437499999998,0.23348437499999994,1.0,1.0,0.1,0.0,0.0,0.0,0.2073146310392953,0.10059619257423942,0.1680749999999998,0.1592437499999998,0.23348437499999994,1.0,1.0,0.1,0.0,0.0,0.0,1.0,0.1,0.1,0.1,0.1,0.1,1.0,0.1111111111111111,0.1,1.0,0.1111111111111111,0.1,1.0,0.1111111111111111,0.1,1.0,0.1111111111111111,0.1,0.0,0.1,0.1,0.1,0.1,0.1,0.0,0.0,0.0,0.0,0.1,0.1,1.0,1.0,0.3,0.1,0.0,0.0,0.0,0.0,0.0,-0.10084881943986669,2.166112591183837e-21,2.166112591183837e-21,0.0,1.0633333333333332,0,0,0,0,C1,0.0,0.0,0.2073146310392953,0.1,1.0,0.1,0.0,0.0,0.2073146310392953
phaseflip,mixed_pauli,0.15,4,0.5,0.05,10,qiskit_aer,1,1,0.7692756250000001,0.30084881944444447,0.7777777777777778,0.5333333333333333,0.0,0.0,1.0,0.0,0.18482999999999983,0.06770821334732956,0.1680749999999998,0.1592437499999998,0.20254687499999985,1.0,1.0,0.1,0.0,0.0,0.0,0.37052631039295436,0.041727402922869576,0.38409006039295435,0.3381197478929542,0.3953259978929544,1.0,1.0,0.0,0.0,0.0,0.0,0.18482999999999983,0.06770821334732956,0.1680749999999998,0.1592437499999998,0.20254687499999985,1.0,1.0,0.1,0.0,0.0,0.0,0.18482999999999983,0.06770821334732956,0.1680749999999998,0.1592437499999998,0.20254687499999985,1.0,1.0,0.1,0.0,0.0,0.0,0.18482999999999983,0.06770821334732956,0.1680749999999998,0.1592437499999998,0.20254687499999985,1.0,1.0,0.1,0.0,0.0,0.0,0.18482999999999983,0.06770821334732956,0.1680749999999998,0.1592437499999998,0.20254687499999985,1.0,1.0,0.1,0.0,0.0,0.0,1.0,0.0,0.0,0.0,0.0,0.0,1.0,0.0,0.0,1.0,0.0,0.0,1.0,0.0,0.0,1.0,0.0,0.0,0.0,0.0,0.0,0.0,0.0,0.0,0.0,0.0,0.0,0.0,0.0,0.0,1.0,1.0,0.3,0.0,0.0,0.0,0.0,0.0,0.0,-0.3008488194398515,0.0,0.0,0.0,1.0833333333333333,0,0,0,0,C1,0.0,0.0,0.18482999999999983,0.1,1.0,0.0,0.0,0.0,0.18482999999999983
phaseflip,mixed_pauli,0.15,4,0.5,0.1,10,qiskit_aer,1,1,0.7692756250000001,0.29283145833333335,0.7888888888888889,0.5333333333333333,0.0,0.0,1.0,0.0,0.18482999999999983,0.06770821334732956,0.1680749999999998,0.1592437499999998,0.20254687499999985,1.0,1.0,0.1,0.0,0.0,0.0,0.37052631039295436,0.041727402922869576,0.38409006039295435,0.3381197478929542,0.3953259978929544,1.0,1.0,0.0,0.0,0.0,0.0,0.18482999999999983,0.06770821334732956,0.1680749999999998,0.1592437499999998,0.20254687499999985,1.0,1.0,0.1,0.0,0.0,0.0,0.18482999999999983,0.06770821334732956,0.1680749999999998,0.1592437499999998,0.20254687499999985,1.0,1.0,0.1,0.0,0.0,0.0,0.18482999999999983,0.06770821334732956,0.1680749999999998,0.1592437499999998,0.20254687499999985,1.0,1.0,0.1,0.0,0.0,0.0,0.18482999999999983,0.06770821334732956,0.1680749999999998,0.1592437499999998,0.20254687499999985,1.0,1.0,0.1,0.0,0.0,0.0,1.0,0.0,0.0,0.0,0.0,0.0,1.0,0.0,0.0,1.0,0.0,0.0,1.0,0.0,0.0,1.0,0.0,0.0,0.0,0.0,0.0,0.0,0.0,0.0,0.0,0.0,0.0,0.0,0.0,0.0,1.0,1.0,0.3,0.0,0.0,0.0,0.0,0.0,0.0,-0.29283145832884316,0.0,0.0,0.0,1.1333333333333333,0,0,0,0,C1,0.0,0.0,0.18482999999999983,0.1,1.0,0.0,0.0,0.0,0.18482999999999983
phaseflip,mixed_pauli,0.2,1,0.5,0.03,10,qiskit_aer,1,1,0.93,0.3938888888888889,0.8222222222222222,0.5333333333333333,0.0,0.8,1.0,0.0,0.06999999999999995,0.07810249675906632,0.04999999999999993,2.220446049250313e-16,0.09999999999999964,1.0,0.7,0.5,0.0,0.0,0.0,0.13984631039295436,0.04582575694955844,0.1698463103929544,0.09484631039295432,0.1698463103929544,1.0,1.0,0.0,0.0,0.0,0.0,0.06095389311788635,0.06739456544962752,0.03492315519647726,2.220446049250313e-16,0.09999999999999964,1.0,1.0,0.2,0.0,0.0,0.0,0.06095389311788635,0.06739456544962752,0.03492315519647726,2.220446049250313e-16,0.09999999999999964,1.0,1.0,0.2,0.0,0.0,0.0,0.06095389311788635,0.06739456544962752,0.03492315519647726,2.220446049250313e-16,0.09999999999999964,1.0,1.0,0.2,0.0,0.0,0.0,0.06999999999999995,0.07810249675906632,0.04999999999999993,2.220446049250313e-16,0.09999999999999964,1.0,0.7,0.5,0.0,0.0,0.0,1.0,0.3,0.3,0.3,0.0,0.3,0.4,0.0,0.3,0.4,0.0,0.3,0.4,0.0,0.0,1.0,0.0,0.3,0.0,0.3,0.3,0.0,0.3,0.3,0.3,0.0,0.0,0.0,0.3,0.3,1.0,1.0,0.2,0.0,0.3,0.3,0.0,1.0,0.0,0.2061111488389744,0.011874890566266222,0.011874890566266222,0.0,1.0633333333333335,0,0,0,3,C3R,0.0,0.0,0.06999999999999995,0.5,1.0,0.0,0.0,0.0,0.06999999999999995
phaseflip,mixed_pauli,0.2,1,0.5,0.05,10,qiskit_aer,1,1,0.93,0.38833333333333336,0.8222222222222222,0.5333333333333333,0.0,0.8,1.0,0.0,0.06999999999999995,0.07810249675906632,0.04999999999999993,2.220446049250313e-16,0.09999999999999964,1.0,0.7,0.5,0.0,0.0,0.0,0.13984631039295436,0.04582575694955844,0.1698463103929544,0.09484631039295432,0.1698463103929544,1.0,1.0,0.0,0.0,0.0,0.0,0.06095389311788635,0.06739456544962752,0.03492315519647726,2.220446049250313e-16,0.09999999999999964,1.0,1.0,0.2,0.0,0.0,0.0,0.06095389311788635,0.06739456544962752,0.03492315519647726,2.220446049250313e-16,0.09999999999999964,1.0,1.0,0.2,0.0,0.0,0.0,0.06095389311788635,0.06739456544962752,0.03492315519647726,2.220446049250313e-16,0.09999999999999964,1.0,1.0,0.2,0.0,0.0,0.0,0.06999999999999995,0.07810249675906632,0.04999999999999993,2.220446049250313e-16,0.09999999999999964,1.0,0.7,0.5,0.0,0.0,0.0,1.0,0.3,0.3,0.3,0.0,0.3,0.4,0.0,0.3,0.4,0.0,0.3,0.4,0.0,0.0,1.0,0.0,0.3,0.0,0.3,0.3,0.0,0.3,0.3,0.3,0.0,0.0,0.0,0.3,0.3,1.0,1.0,0.2,0.0,0.3,0.3,0.0,1.0,0.0,0.21166670439589041,0.015161730781751875,0.015161730781751875,0.0,1.0833333333333335,0,0,0,3,C3R,0.0,0.0,0.06999999999999995,0.5,1.0,0.0,0.0,0.0,0.06999999999999995
phaseflip,mixed_pauli,0.2,1,0.5,0.1,10,qiskit_aer,1,1,0.93,0.3488888888888889,0.8666666666666667,0.5333333333333333,0.0,0.8,1.0,0.0,0.06999999999999995,0.07810249675906632,0.04999999999999993,2.220446049250313e-16,0.09999999999999964,1.0,0.7,0.5,0.0,0.0,0.0,0.13984631039295436,0.04582575694955844,0.1698463103929544,0.09484631039295432,0.1698463103929544,1.0,1.0,0.0,0.0,0.0,0.0,0.06095389311788635,0.06739456544962752,0.03492315519647726,2.220446049250313e-16,0.09999999999999964,1.0,1.0,0.2,0.0,0.0,0.0,0.06095389311788635,0.06739456544962752,0.03492315519647726,2.220446049250313e-16,0.09999999999999964,1.0,1.0,0.2,0.0,0.0,0.0,0.06095389311788635,0.06739456544962752,0.03492315519647726,2.220446049250313e-16,0.09999999999999964,1.0,1.0,0.2,0.0,0.0,0.0,0.06999999999999995,0.07810249675906632,0.04999999999999993,2.220446049250313e-16,0.09999999999999964,1.0,0.7,0.5,0.0,0.0,0.0,1.0,0.3,0.3,0.3,0.0,0.3,0.4,0.0,0.3,0.4,0.0,0.3,0.4,0.0,0.0,1.0,0.0,0.3,0.0,0.3,0.3,0.0,0.3,0.3,0.3,0.0,0.0,0.0,0.3,0.3,1.0,1.0,0.2,0.0,0.3,0.3,0.0,1.0,0.0,0.2511111488403349,0.015161730781751875,0.015161730781751875,0.0,1.1333333333333333,0,0,0,3,C3R,0.0,0.0,0.06999999999999995,0.5,1.0,0.0,0.0,0.0,0.06999999999999995
phaseflip,mixed_pauli,0.2,2,0.5,0.03,10,qiskit_aer,1,1,0.8530000000000001,0.3608888888888889,0.8,0.55,0.0,0.4,1.0,0.0,0.12699999999999992,0.08271033792700883,0.15999999999999992,0.08000000000000007,0.15999999999999992,1.0,0.8,0.2,0.0,0.0,0.0,0.2808463103929545,0.052239831546435946,0.2898463103929544,0.24984631039295446,0.32984631039295453,1.0,1.0,0.0,0.0,0.0,0.0,0.16096926207859083,0.11704107980466934,0.15999999999999992,0.08000000000000007,0.2574999999999998,1.0,1.0,0.2,0.0,0.0,0.0,0.16096926207859083,0.11704107980466934,0.15999999999999992,0.08000000000000007,0.2574999999999998,1.0,1.0,0.2,0.0,0.0,0.0,0.16096926207859083,0.11704107980466934,0.15999999999999992,0.08000000000000007,0.2574999999999998,1.0,1.0,0.2,0.0,0.0,0.0,0.12699999999999992,0.08271033792700883,0.15999999999999992,0.08000000000000007,0.15999999999999992,1.0,0.8,0.2,0.0,0.0,0.0,1.0,0.2,0.2,0.2,0.0,0.2,1.0,0.25,0.2,1.0,0.25,0.2,1.0,0.25,0.0,1.0,0.0,0.2,0.0,0.2,0.2,0.0,0.2,0.2,0.2,0.0,0.0,0.0,0.2,0.2,1.0,1.0,0.3,0.0,0.2,0.0,0.2,0.0,1.0,0.039111111135059634,0.01835288080193034,0.01835288080193034,0.0,1.08,0,0,0,2,C1,0.0,0.0,0.16096926207859083,0.2,1.0,0.2,0.0,0.0,0.16096926207859083
phaseflip,mixed_pauli,0.2,2,0.5,0.05,10,qiskit_aer,1,1,0.8530000000000001,0.3608888888888889,0.8,0.55,0.0,0.4,1.0,0.0,0.12699999999999992,0.08271033792700883,0.15999999999999992,0.08000000000000007,0.15999999999999992,1.0,0.8,0.2,0.0,0.0,0.0,0.2808463103929545,0.052239831546435946,0.2898463103929544,0.24984631039295446,0.32984631039295453,1.0,1.0,0.0,0.0,0.0,0.0,0.16096926207859083,0.11704107980466934,0.15999999999999992,0.08000000000000007,0.2574999999999998,1.0,1.0,0.2,0.0,0.0,0.0,0.16096926207859083,0.11704107980466934,0.15999999999999992,0.08000000000000007,0.2574999999999998,1.0,1.0,0.2,0.0,0.0,0.0,0.16096926207859083,0.11704107980466934,0.15999999999999992,0.08000000000000007,0.2574999999999998,1.0,1.0,0.2,0.0,0.0,0.0,0.14398463103929537,0.10275351513433728,0.15999999999999992,0.08000000000000007,0.18249999999999977,1.0,0.9,0.2,0.0,0.0,0.0,1.0,0.2,0.2,0.2,0.1,0.2,1.0,0.25,0.2,1.0,0.25,0.2,1.0,0.25,0.1,1.0,0.125,0.2,0.0,0.2,0.2,0.1,0.2,0.2,0.1,0.0,0.0,0.0,0.2,0.2,1.0,1.0,0.3,0.1,0.1,0.0,0.1,0.0,1.0,0.03911111113542058,0.0174378691089357,0.0174378691089357,0.0,1.1,0,0,0,1,C1,0.0,0.0,0.16096926207859083,0.2,1.0,0.2,0.0,0.0,0.16096926207859083
phaseflip,mixed_pauli,0.2,2,0.5,0.1,10,qiskit_aer,1,1,0.8530000000000001,0.3375,0.8111111111111111,0.55,0.0,0.4,1.0,0.0,0.12699999999999992,0.08271033792700883,0.15999999999999992,0.08000000000000007,0.15999999999999992,1.0,0.8,0.2,0.0,0.0,0.0,0.2808463103929545,0.052239831546435946,0.2898463103929544,0.24984631039295446,0.32984631039295453,1.0,1.0,0.0,0.0,0.0,0.0,0.16096926207859083,0.11704107980466934,0.15999999999999992,0.08000000000000007,0.2574999999999998,1.0,1.0,0.2,0.0,0.0,0.0,0.16096926207859083,0.11704107980466934,0.15999999999999992,0.08000000000000007,0.2574999999999998,1.0,1.0,0.2,0.0,0.0,0.0,0.16096926207859083,0.11704107980466934,0.15999999999999992,0.08000000000000007,0.2574999999999998,1.0,1.0,0.2,0.0,0.0,0.0,0.12699999999999992,0.08271033792700883,0.15999999999999992,0.08000000000000007,0.15999999999999992,1.0,0.8,0.2,0.0,0.0,0.0,1.0,0.2,0.2,0.2,0.0,0.2,1.0,0.25,0.2,1.0,0.25,0.2,1.0,0.25,0.0,1.0,0.0,0.2,0.0,0.2,0.2,0.0,0.2,0.2,0.2,0.0,0.0,0.0,0.2,0.2,1.0,1.0,0.1,0.0,0.2,0.0,0.2,0.0,1.0,0.06250000002504644,0.025579804518521702,0.025579804518521702,0.0,1.15,0,0,0,2,C1,0.0,0.0,0.16096926207859083,0.2,1.0,0.2,0.0,0.0,0.16096926207859083
phaseflip,mixed_pauli,0.2,3,0.5,0.03,10,qiskit_aer,1,1,0.7622000000000001,0.33567777777777785,0.7777777777777778,0.5166666666666667,0.0,0.0,1.0,0.0,0.19260000000000005,0.08644096251199417,0.17200000000000004,0.13600000000000012,0.2240000000000002,1.0,0.4,0.2,0.0,0.0,0.0,0.38244631039295457,0.054185237842054444,0.3938463103929546,0.36284631039295456,0.4258463103929546,1.0,1.0,0.0,0.0,0.0,0.0,0.3305077862357727,0.10574679242680576,0.3829231551964772,0.2919615775982384,0.3938463103929546,1.0,1.0,0.2,0.0,0.0,0.0,0.3305077862357727,0.10574679242680576,0.3829231551964772,0.2919615775982384,0.3938463103929546,1.0,1.0,0.2,0.0,0.0,0.0,0.3305077862357727,0.10574679242680576,0.3829231551964772,0.2919615775982384,0.3938463103929546,1.0,1.0,0.2,0.0,0.0,0.0,0.25555389311788634,0.11220422960167623,0.23899999999999982,0.13600000000000012,0.3804615775982385,1.0,0.7,0.2,0.0,0.0,0.0,1.0,0.6,0.6,0.6,0.3,0.6,1.0,0.75,0.6,1.0,0.75,0.6,1.0,0.75,0.3,1.0,0.375,0.6,0.0,0.6,0.6,0.3,0.6,0.6,0.3,0.0,0.0,0.0,0.6,0.6,1.0,1.0,0.5,0.3,0.3,0.0,0.3,0.0,1.0,0.8643222222293544,6.1234723450111646e-18,6.1234723450111646e-18,0.0,1.0466666666666666,0,0,0,3,C1,0.0,0.0,0.3305077862357727,0.2,1.0,0.6,0.0,0.0,0.3305077862357727
phaseflip,mixed_pauli,0.2,3,0.5,0.05,10,qiskit_aer,1,1,0.7622000000000001,0.33567777777777785,0.7777777777777778,0.5166666666666667,0.0,0.0,1.0,0.0,0.19260000000000005,0.08644096251199417,0.17200000000000004,0.13600000000000012,0.2240000000000002,1.0,0.6,0.2,0.0,0.0,0.0,0.38244631039295457,0.054185237842054444,0.3938463103929546,0.36284631039295456,0.4258463103929546,1.0,1.0,0.0,0.0,0.0,0.0,0.29653852415718185,0.10721427759249685,0.3139231551964771,0.2240000000000002,0.3854615775982385,1.0,1.0,0.2,0.0,0.0,0.0,0.29653852415718185,0.10721427759249685,0.3139231551964771,0.2240000000000002,0.3854615775982385,1.0,1.0,0.2,0.0,0.0,0.0,0.29653852415718185,0.10721427759249685,0.3139231551964771,0.2240000000000002,0.3854615775982385,1.0,1.0,0.2,0.0,0.0,0.0,0.2215846310392955,0.08837448428909987,0.21600000000000008,0.13600000000000012,0.25849999999999984,1.0,0.7,0.2,0.0,0.0,0.0,1.0,0.4,0.4,0.4,0.1,0.4,1.0,0.5,0.4,1.0,0.5,0.4,1.0,0.5,0.1,1.0,0.125,0.4,0.0,0.4,0.4,0.1,0.4,0.4,0.3,0.0,0.0,0.0,0.4,0.4,1.0,1.0,0.5,0.1,0.3,0.0,0.3,0.0,1.0,0.4643222222292689,5.851416249405074e-18,5.851416249405074e-18,0.0,1.0666666666666667,0,0,0,3,C1,0.0,0.0,0.29653852415718185,0.2,1.0,0.4,0.0,0.0,0.29653852415718185
phaseflip,mixed_pauli,0.2,3,0.5,0.1,10,qiskit_aer,1,1,0.7622000000000001,0.3169555555555556,0.7999999999999999,0.5166666666666667,0.0,0.0,1.0,0.0,0.19260000000000005,0.08644096251199417,0.17200000000000004,0.13600000000000012,0.2240000000000002,1.0,0.5,0.2,0.0,0.0,0.0,0.38244631039295457,0.054185237842054444,0.3938463103929546,0.36284631039295456,0.4258463103929546,1.0,1.0,0.0,0.0,0.0,0.0,0.3135231551964773,0.10782912596168281,0.36784631039295457,0.23550000000000007,0.39238473279471586,1.0,1.0,0.2,0.0,0.0,0.0,0.3135231551964773,0.10782912596168281,0.36784631039295457,0.23550000000000007,0.39238473279471586,1.0,1.0,0.2,0.0,0.0,0.0,0.3135231551964773,0.10782912596168281,0.36784631039295457,0.23550000000000007,0.39238473279471586,1.0,1.0,0.2,0.0,0.0,0.0,0.20958463103929548,0.10552238650228075,0.17200000000000004,0.13600000000000012,0.25849999999999984,1.0,0.6,0.2,0.0,0.0,0.0,1.0,0.5,0.5,0.5,0.1,0.5,1.0,0.625,0.5,1.0,0.625,0.5,1.0,0.625,0.1,1.0,0.125,0.5,0.0,0.5,0.5,0.1,0.5,0.5,0.4,0.0,0.0,0.0,0.5,0.5,1.0,1.0,0.2,0.1,0.4,0.0,0.4,0.0,1.0,0.6830444444522881,9.102953935122524e-18,9.102953935122524e-18,0.0,1.1166666666666665,0,0,0,4,C1,0.0,0.0,0.3135231551964773,0.2,1.0,0.5,0.0,0.0,0.3135231551964773
phaseflip,mixed_pauli,0.2,4,0.5,0.03,10,qiskit_aer,1,1,0.70536,0.2480088888888889,0.7777777777777778,0.5333333333333333,0.0,0.0,1.0,0.0,0.21988000000000002,0.08175124219239724,0.20320000000000005,0.1904,0.23800000000000004,1.0,0.4,0.1,0.0,0.0,0.0,0.4609263103929545,0.047188490122062623,0.4802463103929545,0.4228463103929545,0.48264631039295447,1.0,1.0,0.0,0.0,0.0,0.0,0.36978778623577274,0.14003913329249074,0.41632315519647717,0.23926157759823863,0.47384631039295455,1.0,1.0,0.1,0.0,0.0,0.0,0.36978778623577274,0.14003913329249074,0.41632315519647717,0.23926157759823863,0.47384631039295455,1.0,1.0,0.1,0.0,0.0,0.0,0.36978778623577274,0.14003913329249074,0.41632315519647717,0.23926157759823863,0.47384631039295455,1.0,1.0,0.1,0.0,0.0,0.0,0.26584926207859094,0.13966329628553562,0.20320000000000005,0.1904,0.3696999999999999,1.0,0.6,0.1,0.0,0.0,0.0,1.0,0.6,0.6,0.6,0.2,0.6,1.0,0.6666666666666666,0.6,1.0,0.6666666666666666,0.6,1.0,0.6666666666666666,0.2,1.0,0.2222222222222222,0.6,0.0,0.6,0.6,0.2,0.6,0.6,0.4,0.0,0.0,0.0,0.6,0.6,1.0,1.0,0.3,0.2,0.4,0.0,0.4,0.0,1.0,0.9519911111128011,0.00556297854266948,0.00556297854266948,0.0,1.0633333333333332,0,0,0,4,C1,0.0,0.0,0.36978778623577274,0.1,1.0,0.6,0.0,0.0,0.36978778623577274
phaseflip,mixed_pauli,0.2,4,0.5,0.05,10,qiskit_aer,1,1,0.70536,0.2480088888888889,0.7777777777777778,0.5333333333333333,0.0,0.0,1.0,0.0,0.21988000000000002,0.08175124219239724,0.20320000000000005,0.1904,0.23800000000000004,1.0,0.4,0.1,0.0,0.0,0.0,0.4609263103929545,0.047188490122062623,0.4802463103929545,0.4228463103929545,0.48264631039295447,1.0,1.0,0.0,0.0,0.0,0.0,0.36978778623577274,0.14003913329249074,0.41632315519647717,0.23926157759823863,0.47384631039295455,1.0,1.0,0.1,0.0,0.0,0.0,0.36978778623577274,0.14003913329249074,0.41632315519647717,0.23926157759823863,0.47384631039295455,1.0,1.0,0.1,0.0,0.0,0.0,0.36978778623577274,0.14003913329249074,0.41632315519647717,0.23926157759823863,0.47384631039295455,1.0,1.0,0.1,0.0,0.0,0.0,0.26584926207859094,0.13966329628553562,0.20320000000000005,0.1904,0.3696999999999999,1.0,0.6,0.1,0.0,0.0,0.0,1.0,0.6,0.6,0.6,0.2,0.6,1.0,0.6666666666666666,0.6,1.0,0.6666666666666666,0.6,1.0,0.6666666666666666,0.2,1.0,0.2222222222222222,0.6,0.0,0.6,0.6,0.2,0.6,0.6,0.4,0.0,0.0,0.0,0.6,0.6,1.0,1.0,0.3,0.2,0.4,0.0,0.4,0.0,1.0,0.9519911111128011,0.00556297854266948,0.00556297854266948,0.0,1.0833333333333333,0,0,0,4,C1,0.0,0.0,0.36978778623577274,0.1,1.0,0.6,0.0,0.0,0.36978778623577274
phaseflip,mixed_pauli,0.2,4,0.5,0.1,10,qiskit_aer,1,1,0.70536,0.24073111111111112,0.7888888888888889,0.5333333333333333,0.0,0.0,1.0,0.0,0.21988000000000002,0.08175124219239724,0.20320000000000005,0.1904,0.23800000000000004,1.0,0.4,0.1,0.0,0.0,0.0,0.4609263103929545,0.047188490122062623,0.4802463103929545,0.4228463103929545,0.48264631039295447,1.0,1.0,0.0,0.0,0.0,0.0,0.36978778623577274,0.14003913329249074,0.41632315519647717,0.23926157759823863,0.47384631039295455,1.0,1.0,0.1,0.0,0.0,0.0,0.36978778623577274,0.14003913329249074,0.41632315519647717,0.23926157759823863,0.47384631039295455,1.0,1.0,0.1,0.0,0.0,0.0,0.36978778623577274,0.14003913329249074,0.41632315519647717,0.23926157759823863,0.47384631039295455,1.0,1.0,0.1,0.0,0.0,0.0,0.26584926207859094,0.13966329628553562,0.20320000000000005,0.1904,0.3696999999999999,1.0,0.6,0.1,0.0,0.0,0.0,1.0,0.6,0.6,0.6,0.2,0.6,1.0,0.6666666666666666,0.6,1.0,0.6666666666666666,0.6,1.0,0.6666666666666666,0.2,1.0,0.2222222222222222,0.6,0.0,0.6,0.6,0.2,0.6,0.6,0.4,0.0,0.0,0.0,0.6,0.6,1.0,1.0,0.3,0.2,0.4,0.0,0.4,0.0,1.0,0.9592688888905789,0.00556297854266948,0.00556297854266948,0.0,1.1333333333333333,0,0,0,4,C1,0.0,0.0,0.36978778623577274,0.1,1.0,0.6,0.0,0.0,0.36978778623577274
phaseflip,phaseflip,0.01,1,0.5,0.03,10,qiskit_aer,1,1,0.99,0.462,0.8222222222222222,0.5333333333333333,0.0,1.0,1.0,0.0,0.009999999999999565,0.0,0.009999999999999565,0.009999999999999565,0.009999999999999565,1.0,0.3,1.0,0.0,0.0,0.0,-0.020153689607045777,0.0,-0.020153689607045777,-0.020153689607045777,-0.020153689607045777,0.0,1.0,0.0,0.0,1.0,0.0,-0.011107582724932175,0.013818156510648851,-0.020153689607045777,-0.020153689607045777,0.0024615775982382293,0.3,1.0,0.3,0.0,0.7,0.0,-0.011107582724932175,0.013818156510648851,-0.020153689607045777,-0.020153689607045777,0.0024615775982382293,0.3,1.0,0.3,0.0,0.7,0.0,-0.011107582724932175,0.013818156510648851,-0.020153689607045777,-0.020153689607045777,0.0024615775982382293,0.3,1.0,0.3,0.0,0.7,0.0,0.006984631039295031,0.009046106882113603,0.009999999999999565,0.009999999999999565,0.009999999999999565,0.9,0.4,0.9,0.0,0.1,0.0,1.0,0.7,0.7,0.7,0.1,0.7,0.3,0.0,0.7,0.3,0.0,0.7,0.3,0.0,0.1,0.9,0.0,0.7,0.0,0.7,0.7,0.1,0.7,0.7,0.6,0.0,0.0,0.0,0.7,0.7,1.0,1.0,0.2,0.1,0.6,0.6,0.0,1.0,0.0,0.9380000354794205,2.019817744964656e-17,2.019817744964656e-17,0.0,1.0633333333333335,0,0,0,6,C3R,0.1,0.0,0.006984631039295031,0.9,0.9,0.1,0.1,0.0,0.006984631039295031
phaseflip,phaseflip,0.01,1,0.5,0.05,10,qiskit_aer,1,1,0.99,0.4565,0.8222222222222222,0.5333333333333333,0.0,1.0,1.0,0.0,0.009999999999999565,0.0,0.009999999999999565,0.009999999999999565,0.009999999999999565,1.0,0.3,1.0,0.0,0.0,0.0,-0.020153689607045777,0.0,-0.020153689607045777,-0.020153689607045777,-0.020153689607045777,0.0,1.0,0.0,0.0,1.0,0.0,-0.011107582724932175,0.013818156510648851,-0.020153689607045777,-0.020153689607045777,0.0024615775982382293,0.3,1.0,0.3,0.0,0.7,0.0,-0.011107582724932175,0.013818156510648851,-0.020153689607045777,-0.020153689607045777,0.0024615775982382293,0.3,1.0,0.3,0.0,0.7,0.0,-0.011107582724932175,0.013818156510648851,-0.020153689607045777,-0.020153689607045777,0.0024615775982382293,0.3,1.0,0.3,0.0,0.7,0.0,0.006984631039295031,0.009046106882113603,0.009999999999999565,0.009999999999999565,0.009999999999999565,0.9,0.4,0.9,0.0,0.1,0.0,1.0,0.7,0.7,0.7,0.1,0.7,0.3,0.0,0.7,0.3,0.0,0.7,0.3,0.0,0.1,0.9,0.0,0.7,0.0,0.7,0.7,0.1,0.7,0.7,0.6,0.0,0.0,0.0,0.7,0.7,1.0,1.0,0.2,0.1,0.6,0.6,0.0,1.0,0.0,0.9435000328104728,1.0106670118892424e-17,1.0106670118892424e-17,0.0,1.0833333333333335,0,0,0,6,C3R,0.1,0.0,0.006984631039295031,0.9,0.9,0.1,0.1,0.0,0.006984631039295031
phaseflip,phaseflip,0.01,1,0.5,0.1,10,qiskit_aer,1,1,0.99,0.396,0.8666666666666667,0.5333333333333333,0.0,1.0,1.0,0.0,0.009999999999999565,0.0,0.009999999999999565,0.009999999999999565,0.009999999999999565,1.0,0.3,1.0,0.0,0.0,0.0,-0.020153689607045777,0.0,-0.020153689607045777,-0.020153689607045777,-0.020153689607045777,0.0,1.0,0.0,0.0,1.0,0.0,-0.011107582724932175,0.013818156510648851,-0.020153689607045777,-0.020153689607045777,0.0024615775982382293,0.3,1.0,0.3,0.0,0.7,0.0,-0.011107582724932175,0.013818156510648851,-0.020153689607045777,-0.020153689607045777,0.0024615775982382293,0.3,1.0,0.3,0.0,0.7,0.0,-0.011107582724932175,0.013818156510648851,-0.020153689607045777,-0.020153689607045777,0.0024615775982382293,0.3,1.0,0.3,0.0,0.7,0.0,0.006984631039295031,0.009046106882113603,0.009999999999999565,0.009999999999999565,0.009999999999999565,0.9,0.4,0.9,0.0,0.1,0.0,1.0,0.7,0.7,0.7,0.1,0.7,0.3,0.0,0.7,0.3,0.0,0.7,0.3,0.0,0.1,0.9,0.0,0.7,0.0,0.7,0.7,0.1,0.7,0.7,0.6,0.0,0.0,0.0,0.7,0.7,1.0,1.0,0.2,0.1,0.6,0.6,0.0,1.0,0.0,1.0040000356265522,0.0013474284426294933,0.0013474284426294933,0.0,1.1333333333333333,0,0,0,6,C3R,0.1,0.0,0.006984631039295031,0.9,0.9,0.1,0.1,0.0,0.006984631039295031
phaseflip,phaseflip,0.01,2,0.5,0.03,10,qiskit_aer,1,1,0.9801599999999999,0.42473555555555553,0.8222222222222222,0.5333333333333333,0.0,1.0,1.0,0.0,0.01983999999999968,4.898979485576694e-05,0.019799999999999596,0.019799999999999596,0.019899999999999807,1.0,0.2,1.0,0.0,0.0,0.0,-0.010313689607045661,4.898979485576694e-05,-0.010353689607045746,-0.010353689607045746,-0.010253689607045535,0.0,1.0,0.0,0.0,1.0,0.0,-0.004282951685636594,0.01209153786982682,-0.010353689607045746,-0.010353689607045746,-0.010253689607045535,0.2,1.0,0.2,0.0,0.8,0.0,-0.004282951685636594,0.01209153786982682,-0.010353689607045746,-0.010353689607045746,-0.010253689607045535,0.2,1.0,0.2,0.0,0.8,0.0,-0.004282951685636594,0.01209153786982682,-0.010353689607045746,-0.010353689607045746,-0.010253689607045535,0.2,1.0,0.2,0.0,0.8,0.0,0.013809262078590612,0.012056574337201139,0.019799999999999596,0.019799999999999596,0.019874999999999754,0.8,0.4,0.8,0.0,0.2,0.0,1.0,0.8,0.8,0.8,0.2,0.8,0.2,0.0,0.8,0.2,0.0,0.8,0.2,0.0,0.2,0.8,0.0,0.8,0.0,0.8,0.8,0.2,0.8,0.8,0.6,0.0,0.0,0.0,0.8,0.8,1.0,1.0,0.2,0.2,0.6,0.6,0.0,1.0,0.0,1.175264465549087,0.10498868151299251,0.10498868151299251,0.0,1.0633333333333335,0,0,0,6,C3R,0.2,0.0,0.013809262078590612,0.8,0.8,0.2,0.2,0.0,0.013809262078590612
phaseflip,phaseflip,0.01,2,0.5,0.05,10,qiskit_aer,1,1,0.9801599999999999,0.41929,0.8222222222222222,0.5333333333333333,0.0,1.0,1.0,0.0,0.01983999999999968,4.898979485576694e-05,0.019799999999999596,0.019799999999999596,0.019899999999999807,1.0,0.2,1.0,0.0,0.0,0.0,-0.010313689607045661,4.898979485576694e-05,-0.010353689607045746,-0.010353689607045746,-0.010253689607045535,0.0,1.0,0.0,0.0,1.0,0.0,-0.004282951685636594,0.01209153786982682,-0.010353689607045746,-0.010353689607045746,-0.010253689607045535,0.2,1.0,0.2,0.0,0.8,0.0,-0.004282951685636594,0.01209153786982682,-0.010353689607045746,-0.010353689607045746,-0.010253689607045535,0.2,1.0,0.2,0.0,0.8,0.0,-0.004282951685636594,0.01209153786982682,-0.010353689607045746,-0.010353689607045746,-0.010253689607045535,0.2,1.0,0.2,0.0,0.8,0.0,0.013809262078590612,0.012056574337201139,0.019799999999999596,0.019799999999999596,0.019874999999999754,0.8,0.4,0.8,0.0,0.2,0.0,1.0,0.8,0.8,0.8,0.2,0.8,0.2,0.0,0.8,0.2,0.0,0.8,0.2,0.0,0.2,0.8,0.0,0.8,0.0,0.8,0.8,0.2,0.8,0.8,0.6,0.0,0.0,0.0,0.8,0.8,1.0,1.0,0.2,0.2,0.6,0.6,0.0,1.0,0.0,1.1807100193731346,0.05451548342044049,0.05451548342044049,0.0,1.0833333333333335,0,0,0,6,C3R,0.2,0.0,0.013809262078590612,0.8,0.8,0.2,0.2,0.0,0.013809262078590612
phaseflip,phaseflip,0.01,2,0.5,0.1,10,qiskit_aer,1,1,0.9801599999999999,0.3593927777777778,0.8666666666666667,0.5333333333333333,0.0,1.0,1.0,0.0,0.01983999999999968,4.898979485576694e-05,0.019799999999999596,0.019799999999999596,0.019899999999999807,1.0,0.4,1.0,0.0,0.0,0.0,-0.010313689607045661,4.898979485576694e-05,-0.010353689607045746,-0.010353689607045746,-0.010253689607045535,0.0,1.0,0.0,0.0,1.0,0.0,0.001747786235772475,0.014800861548211553,-0.01030368960704564,-0.010353689607045746,0.019874999999999754,0.4,1.0,0.4,0.0,0.6,0.0,0.001747786235772475,0.014800861548211553,-0.01030368960704564,-0.010353689607045746,0.019874999999999754,0.4,1.0,0.4,0.0,0.6,0.0,0.001747786235772475,0.014800861548211553,-0.01030368960704564,-0.010353689607045746,0.019874999999999754,0.4,1.0,0.4,0.0,0.6,0.0,0.016824631039295147,0.009059562861390166,0.019799999999999596,0.019799999999999596,0.019899999999999807,0.9,0.5,0.9,0.0,0.1,0.0,1.0,0.6,0.6,0.6,0.1,0.6,0.4,0.0,0.6,0.4,0.0,0.6,0.4,0.0,0.1,0.9,0.0,0.6,0.0,0.6,0.6,0.1,0.6,0.6,0.5,0.0,0.0,0.0,0.6,0.6,1.0,1.0,0.2,0.1,0.5,0.5,0.0,1.0,0.0,0.8406072403088072,0.08816428214880848,0.08816428214880848,0.0,1.1333333333333333,0,0,0,5,C3R,0.1,0.0,0.016824631039295147,0.9,0.9,0.1,0.1,0.0,0.016824631039295147
phaseflip,phaseflip,0.01,3,0.5,0.03,10,qiskit_aer,1,1,0.970428,0.42052242222222225,0.8,0.55,0.0,1.0,1.0,0.0,0.02957199999999973,0.0001172279830074261,0.029601999999999795,0.02945349999999977,0.02967549999999966,1.0,0.2,1.0,0.0,0.0,0.0,-0.0005816896070456101,0.0001172279830074261,-0.0005516896070455468,-0.0007001896070455704,-0.0004781896070456815,0.0,1.0,0.0,0.0,0.0,0.0,0.005449048314363459,0.012027497664673712,-0.0005026896070456366,-0.0005516896070455468,-0.00045368960704572636,0.2,1.0,0.2,0.0,0.0,0.0,0.005449048314363459,0.012027497664673712,-0.0005026896070456366,-0.0005516896070455468,-0.00045368960704572636,0.2,1.0,0.2,0.0,0.0,0.0,0.005449048314363459,0.012027497664673712,-0.0005026896070456366,-0.0005516896070455468,-0.00045368960704572636,0.2,1.0,0.2,0.0,0.0,0.0,0.023541262078590662,0.012072040897203023,0.029601999999999795,0.029403999999999764,0.029601999999999795,0.8,0.4,0.8,0.0,0.0,0.0,1.0,0.8,0.8,0.8,0.2,0.8,0.2,0.0,0.8,0.2,0.0,0.8,0.2,0.0,0.2,0.8,0.0,0.8,0.0,0.8,0.8,0.2,0.8,0.8,0.6,0.0,0.0,0.0,0.8,0.8,1.0,1.0,0.3,0.2,0.6,0.6,0.0,1.0,0.0,1.1794775830712365,1.1165924907431541e-20,1.1165924907431541e-20,0.0,1.08,0,0,0,6,C3R,0.0,0.0,0.023541262078590662,0.8,0.8,0.2,0.0,0.0,0.023541262078590662
phaseflip,phaseflip,0.01,3,0.5,0.05,10,qiskit_aer,1,1,0.970428,0.42052242222222225,0.8,0.55,0.0,1.0,1.0,0.0,0.02957199999999973,0.0001172279830074261,0.029601999999999795,0.02945349999999977,0.02967549999999966,1.0,0.3,1.0,0.0,0.0,0.0,-0.0005816896070456101,0.0001172279830074261,-0.0005516896070455468,-0.0007001896070455704,-0.0004781896070456815,0.0,1.0,0.0,0.0,0.0,0.0,0.008464417275067993,0.013816471487813847,-0.0005026896070456366,-0.0005516896070455468,0.02193957759823839,0.3,1.0,0.3,0.0,0.0,0.0,0.008464417275067993,0.013816471487813847,-0.0005026896070456366,-0.0005516896070455468,0.02193957759823839,0.3,1.0,0.3,0.0,0.0,0.0,0.008464417275067993,0.013816471487813847,-0.0005026896070456366,-0.0005516896070455468,0.02193957759823839,0.3,1.0,0.3,0.0,0.0,0.0,0.026556631039295196,0.009102689497803362,0.029601999999999795,0.02945349999999977,0.02967549999999966,0.9,0.4,0.9,0.0,0.0,0.0,1.0,0.7,0.7,0.7,0.1,0.7,0.3,0.0,0.7,0.3,0.0,0.7,0.3,0.0,0.1,0.9,0.0,0.7,0.0,0.7,0.7,0.1,0.7,0.7,0.6,0.0,0.0,0.0,0.7,0.7,1.0,1.0,0.3,0.1,0.6,0.6,0.0,1.0,0.0,0.9794775828277248,1.2697597809471196e-20,1.2697597809471196e-20,0.0,1.1,0,0,0,6,C3R,0.0,0.0,0.026556631039295196,0.9,0.9,0.1,0.0,0.0,0.026556631039295196
phaseflip,phaseflip,0.01,3,0.5,0.1,10,qiskit_aer,1,1,0.970428,0.3935647222222222,0.8111111111111111,0.55,0.0,1.0,1.0,0.0,0.02957199999999973,0.0001172279830074261,0.029601999999999795,0.02945349999999977,0.02967549999999966,1.0,0.3,1.0,0.0,0.0,0.0,-0.0005816896070456101,0.0001172279830074261,-0.0005516896070455468,-0.0007001896070455704,-0.0004781896070456815,0.0,1.0,0.0,0.0,0.0,0.0,0.008464417275067993,0.013751719381547779,-0.00045368960704572636,-0.0005516896070455468,0.02193957759823839,0.3,1.0,0.3,0.0,0.0,0.0,0.008464417275067993,0.013751719381547779,-0.00045368960704572636,-0.0005516896070455468,0.02193957759823839,0.3,1.0,0.3,0.0,0.0,0.0,0.008464417275067993,0.013751719381547779,-0.00045368960704572636,-0.0005516896070455468,0.02193957759823839,0.3,1.0,0.3,0.0,0.0,0.0,0.026556631039295196,0.009004102268892963,0.029601999999999795,0.029403999999999764,0.029601999999999795,0.9,0.4,0.9,0.0,0.0,0.0,1.0,0.7,0.7,0.7,0.1,0.7,0.3,0.0,0.7,0.3,0.0,0.7,0.3,0.0,0.1,0.9,0.0,0.7,0.0,0.7,0.7,0.1,0.7,0.7,0.6,0.0,0.0,0.0,0.7,0.7,1.0,1.0,0.1,0.1,0.6,0.6,0.0,1.0,0.0,1.0064352836117687,4.127350976350039e-18,4.127350976350039e-18,0.0,1.15,0,0,0,6,C3R,0.0,0.0,0.026556631039295196,0.9,0.9,0.1,0.0,0.0,0.026556631039295196
phaseflip,phaseflip,0.01,4,0.5,0.03,10,qiskit_aer,1,1,0.9608420280000001,0.411032002,0.8,0.55,0.0,1.0,1.0,0.0,0.039157971999999784,0.00018647496608392434,0.0392559799999998,0.03910995999999978,0.039303999999999784,1.0,0.6,1.0,0.0,0.0,0.0,0.009004282392954444,0.00018647496608392437,0.00910229039295446,0.008956270392954435,0.009150310392954442,1.0,1.0,0.0,0.0,0.0,0.0,0.027096496157181647,0.014693575132377566,0.03881591999999978,0.009150310392954442,0.03918345999999981,1.0,1.0,0.6,0.0,0.0,0.0,0.027096496157181647,0.014693575132377566,0.03881591999999978,0.009150310392954442,0.03918345999999981,1.0,1.0,0.6,0.0,0.0,0.0,0.027096496157181647,0.014693575132377566,0.03881591999999978,0.009150310392954442,0.03918345999999981,1.0,1.0,0.6,0.0,0.0,0.0,0.03614260303929525,0.008999231413760377,0.0391589599999998,0.03888942999999978,0.039303999999999784,1.0,0.7,0.9,0.0,0.0,0.0,1.0,0.4,0.4,0.4,0.1,0.4,0.6,0.0,0.4,0.6,0.0,0.4,0.6,0.0,0.1,0.9,0.0,0.4,0.0,0.4,0.4,0.1,0.4,0.4,0.3,0.0,0.0,0.0,0.4,0.4,1.0,1.0,0.3,0.1,0.3,0.3,0.0,1.0,0.0,0.38896800101152906,7.431855200327517e-21,7.431855200327517e-21,0.0,1.08,0,0,0,3,C3R,0.0,0.0,0.03614260303929525,0.9,1.0,0.1,0.0,0.0,0.03614260303929525
phaseflip,phaseflip,0.01,4,0.5,0.05,10,qiskit_aer,1,1,0.9608420280000001,0.411032002,0.8,0.55,0.0,1.0,1.0,0.0,0.039157971999999784,0.00018647496608392434,0.0392559799999998,0.03910995999999978,0.039303999999999784,1.0,0.5,1.0,0.0,0.0,0.0,0.009004282392954444,0.00018647496608392437,0.00910229039295446,0.008956270392954435,0.009150310392954442,1.0,1.0,0.0,0.0,0.0,0.0,0.024081127196477113,0.015009435296808721,0.02398311519647711,0.009150310392954442,0.03910994999999981,1.0,1.0,0.5,0.0,0.0,0.0,0.024081127196477113,0.015009435296808721,0.02398311519647711,0.009150310392954442,0.03910994999999981,1.0,1.0,0.5,0.0,0.0,0.0,0.024081127196477113,0.015009435296808721,0.02398311519647711,0.009150310392954442,0.03910994999999981,1.0,1.0,0.5,0.0,0.0,0.0,0.03614260303929525,0.008999231413760377,0.0391589599999998,0.03888942999999978,0.039303999999999784,1.0,0.6,0.9,0.0,0.0,0.0,1.0,0.5,0.5,0.5,0.1,0.5,0.5,0.0,0.5,0.5,0.0,0.5,0.5,0.0,0.1,0.9,0.0,0.5,0.0,0.5,0.5,0.1,0.5,0.5,0.4,0.0,0.0,0.0,0.5,0.5,1.0,1.0,0.3,0.1,0.4,0.4,0.0,1.0,0.0,0.5889680009117203,8.365372627103523e-21,8.365372627103523e-21,0.0,1.1,0,0,0,4,C3R,0.0,0.0,0.03614260303929525,0.9,1.0,0.1,0.0,0.0,0.03614260303929525
phaseflip,phaseflip,0.01,4,0.5,0.1,10,qiskit_aer,1,1,0.9608420280000001,0.38434221244444444,0.8111111111111111,0.55,0.0,1.0,1.0,0.0,0.039157971999999784,0.00018647496608392434,0.0392559799999998,0.03910995999999978,0.039303999999999784,1.0,0.5,1.0,0.0,0.0,0.0,0.009004282392954444,0.00018647496608392437,0.00910229039295446,0.008956270392954435,0.009150310392954442,1.0,1.0,0.0,0.0,0.0,0.0,0.024081127196477113,0.015009435296808721,0.02398311519647711,0.009150310392954442,0.03910994999999981,1.0,1.0,0.5,0.0,0.0,0.0,0.024081127196477113,0.015009435296808721,0.02398311519647711,0.009150310392954442,0.03910994999999981,1.0,1.0,0.5,0.0,0.0,0.0,0.024081127196477113,0.015009435296808721,0.02398311519647711,0.009150310392954442,0.03910994999999981,1.0,1.0,0.5,0.0,0.0,0.0,0.03614260303929525,0.008999231413760377,0.0391589599999998,0.03888942999999978,0.039303999999999784,1.0,0.6,0.9,0.0,0.0,0.0,1.0,0.5,0.5,0.5,0.1,0.5,0.5,0.0,0.5,0.5,0.0,0.5,0.5,0.0,0.1,0.9,0.0,0.5,0.0,0.5,0.5,0.1,0.5,0.5,0.4,0.0,0.0,0.0,0.5,0.5,1.0,1.0,0.1,0.1,0.4,0.4,0.0,1.0,0.0,0.615657790367467,9.597967791511354e-21,9.597967791511354e-21,0.0,1.15,0,0,0,4,C3R,0.0,0.0,0.03614260303929525,0.9,1.0,0.1,0.0,0.0,0.03614260303929525
phaseflip,phaseflip,0.03,1,0.5,0.03,10,qiskit_aer,1,1,0.9700000000000001,0.41494444444444445,0.8222222222222222,0.5333333333333333,0.0,1.0,1.0,0.0,0.029999999999999805,0.0,0.029999999999999805,0.029999999999999805,0.029999999999999805,1.0,0.0,1.0,0.0,0.0,0.0,-0.00015368960704553736,0.0,-0.00015368960704553736,-0.00015368960704553736,-0.00015368960704553736,0.0,1.0,0.0,0.0,0.0,0.0,-0.00015368960704553736,0.0,-0.00015368960704553736,-0.00015368960704553736,-0.00015368960704553736,0.0,1.0,0.0,0.0,0.0,0.0,-0.00015368960704553736,0.0,-0.00015368960704553736,-0.00015368960704553736,-0.00015368960704553736,0.0,1.0,0.0,0.0,0.0,0.0,-0.00015368960704553736,0.0,-0.00015368960704553736,-0.00015368960704553736,-0.00015368960704553736,0.0,1.0,0.0,0.0,0.0,0.0,0.023969262078590736,0.012061475842818137,0.029999999999999805,0.029999999999999805,0.029999999999999805,0.8,0.2,0.8,0.0,0.0,0.0,1.0,1.0,1.0,1.0,0.2,1.0,0.0,0.0,1.0,0.0,0.0,1.0,0.0,0.0,0.2,0.8,0.0,1.0,0.0,1.0,1.0,0.2,1.0,1.0,0.8,0.0,0.0,0.0,1.0,1.0,1.0,1.0,0.2,0.2,0.8,0.8,0.0,1.0,0.0,1.5850555636592842,0.1688946289432403,0.1688946289432403,0.0,1.0633333333333335,0,0,0,8,C3R,0.0,0.0,0.023969262078590736,0.8,0.8,0.2,0.0,0.0,0.023969262078590736
phaseflip,phaseflip,0.03,1,0.5,0.05,10,qiskit_aer,1,1,0.9700000000000001,0.40955555555555556,0.8222222222222222,0.5333333333333333,0.0,1.0,1.0,0.0,0.029999999999999805,0.0,0.029999999999999805,0.029999999999999805,0.029999999999999805,1.0,0.2,1.0,0.0,0.0,0.0,-0.00015368960704553736,0.0,-0.00015368960704553736,-0.00015368960704553736,-0.00015368960704553736,0.0,1.0,0.0,0.0,0.0,0.0,0.005877048314363531,0.012061475842818137,-0.00015368960704553736,-0.00015368960704553736,-0.00015368960704553736,0.2,1.0,0.2,0.0,0.0,0.0,0.005877048314363531,0.012061475842818137,-0.00015368960704553736,-0.00015368960704553736,-0.00015368960704553736,0.2,1.0,0.2,0.0,0.0,0.0,0.005877048314363531,0.012061475842818137,-0.00015368960704553736,-0.00015368960704553736,-0.00015368960704553736,0.2,1.0,0.2,0.0,0.0,0.0,0.023969262078590736,0.012061475842818137,0.029999999999999805,0.029999999999999805,0.029999999999999805,0.8,0.4,0.8,0.0,0.0,0.0,1.0,0.8,0.8,0.8,0.2,0.8,0.2,0.0,0.8,0.2,0.0,0.8,0.2,0.0,0.2,0.8,0.0,0.8,0.0,0.8,0.8,0.2,0.8,0.8,0.6,0.0,0.0,0.0,0.8,0.8,1.0,1.0,0.2,0.2,0.6,0.6,0.0,1.0,0.0,1.1904444517496753,0.12450793776243546,0.12450793776243546,0.0,1.0833333333333335,0,0,0,6,C3R,0.0,0.0,0.023969262078590736,0.8,0.8,0.2,0.0,0.0,0.023969262078590736
phaseflip,phaseflip,0.03,1,0.5,0.1,10,qiskit_aer,1,1,0.9700000000000001,0.3502777777777778,0.8666666666666667,0.5333333333333333,0.0,1.0,1.0,0.0,0.029999999999999805,0.0,0.029999999999999805,0.029999999999999805,0.029999999999999805,1.0,0.1,1.0,0.0,0.0,0.0,-0.00015368960704553736,0.0,-0.00015368960704553736,-0.00015368960704553736,-0.00015368960704553736,0.0,1.0,0.0,0.0,0.0,0.0,0.002861679353658997,0.009046106882113603,-0.00015368960704553736,-0.00015368960704553736,-0.00015368960704553736,0.1,1.0,0.1,0.0,0.0,0.0,0.002861679353658997,0.009046106882113603,-0.00015368960704553736,-0.00015368960704553736,-0.00015368960704553736,0.1,1.0,0.1,0.0,0.0,0.0,0.002861679353658997,0.009046106882113603,-0.00015368960704553736,-0.00015368960704553736,-0.00015368960704553736,0.1,1.0,0.1,0.0,0.0,0.0,0.023969262078590736,0.012061475842818137,0.029999999999999805,0.029999999999999805,0.029999999999999805,0.8,0.3,0.8,0.0,0.0,0.0,1.0,0.9,0.9,0.9,0.2,0.9,0.1,0.0,0.9,0.1,0.0,0.9,0.1,0.0,0.2,0.8,0.0,0.9,0.0,0.9,0.9,0.2,0.9,0.9,0.7,0.0,0.0,0.0,0.9,0.9,1.0,1.0,0.2,0.2,0.7,0.7,0.0,1.0,0.0,1.4497222302775727,0.17498113585498748,0.17498113585498748,0.0,1.1333333333333333,0,0,0,7,C3R,0.0,0.0,0.023969262078590736,0.8,0.8,0.2,0.0,0.0,0.023969262078590736
phaseflip,phaseflip,0.03,2,0.5,0.03,10,qiskit_aer,1,1,0.94144,0.39226666666666665,0.8222222222222222,0.5333333333333333,0.0,1.0,1.0,0.0,0.05855999999999972,0.00044090815370086914,0.05819999999999981,0.05819999999999981,0.0590999999999996,1.0,0.5,1.0,0.0,0.0,0.0,0.02840631039295438,0.00044090815370086914,0.028046310392954465,0.028046310392954465,0.028946310392954255,1.0,1.0,0.0,0.0,0.0,0.0,0.04348315519647705,0.015083290397970479,0.04357315519647703,0.028271310392954413,0.05819999999999981,1.0,1.0,0.5,0.0,0.0,0.0,0.04348315519647705,0.015083290397970479,0.04357315519647703,0.028271310392954413,0.05819999999999981,1.0,1.0,0.5,0.0,0.0,0.0,0.04348315519647705,0.015083290397970479,0.04357315519647703,0.028271310392954413,0.05819999999999981,1.0,1.0,0.5,0.0,0.0,0.0,0.05554463103929519,0.008875238095119638,0.05819999999999981,0.05819999999999981,0.05887499999999965,1.0,0.6,0.9,0.0,0.0,0.0,1.0,0.5,0.5,0.5,0.1,0.5,0.5,0.0,0.5,0.5,0.0,0.5,0.5,0.0,0.1,0.9,0.0,0.5,0.0,0.5,0.5,0.1,0.5,0.5,0.4,0.0,0.0,0.0,0.5,0.5,1.0,1.0,0.2,0.1,0.4,0.4,0.0,1.0,0.0,0.6077333338894767,1.0830562955919185e-20,1.0830562955919185e-20,0.0,1.0633333333333335,0,0,0,4,C3R,0.0,0.0,0.05554463103929519,0.9,1.0,0.1,0.0,0.0,0.05554463103929519
phaseflip,phaseflip,0.03,2,0.5,0.05,10,qiskit_aer,1,1,0.94144,0.3870344444444444,0.8222222222222222,0.5333333333333333,0.0,1.0,1.0,0.0,0.05855999999999972,0.00044090815370086914,0.05819999999999981,0.05819999999999981,0.0590999999999996,1.0,0.5,1.0,0.0,0.0,0.0,0.02840631039295438,0.00044090815370086914,0.028046310392954465,0.028046310392954465,0.028946310392954255,1.0,1.0,0.0,0.0,0.0,0.0,0.04348315519647705,0.015083290397970479,0.04357315519647703,0.028271310392954413,0.05819999999999981,1.0,1.0,0.5,0.0,0.0,0.0,0.04348315519647705,0.015083290397970479,0.04357315519647703,0.028271310392954413,0.05819999999999981,1.0,1.0,0.5,0.0,0.0,0.0,0.04348315519647705,0.015083290397970479,0.04357315519647703,0.028271310392954413,0.05819999999999981,1.0,1.0,0.5,0.0,0.0,0.0,0.05554463103929519,0.008875238095119638,0.05819999999999981,0.05819999999999981,0.05887499999999965,1.0,0.6,0.9,0.0,0.0,0.0,1.0,0.5,0.5,0.5,0.1,0.5,0.5,0.0,0.5,0.5,0.0,0.5,0.5,0.0,0.1,0.9,0.0,0.5,0.0,0.5,0.5,0.1,0.5,0.5,0.4,0.0,0.0,0.0,0.5,0.5,1.0,1.0,0.2,0.1,0.4,0.4,0.0,1.0,0.0,0.6129655561233586,1.0830562955919185e-20,1.0830562955919185e-20,0.0,1.0833333333333335,0,0,0,4,C3R,0.0,0.0,0.05554463103929519,0.9,1.0,0.1,0.0,0.0,0.05554463103929519
phaseflip,phaseflip,0.03,2,0.5,0.1,10,qiskit_aer,1,1,0.94144,0.329515,0.8666666666666667,0.5333333333333333,0.0,1.0,1.0,0.0,0.05855999999999972,0.00044090815370086914,0.05819999999999981,0.05819999999999981,0.0590999999999996,1.0,0.5,1.0,0.0,0.0,0.0,0.02840631039295438,0.00044090815370086914,0.028046310392954465,0.028046310392954465,0.028946310392954255,1.0,1.0,0.0,0.0,0.0,0.0,0.04348315519647705,0.015083290397970479,0.04357315519647703,0.028271310392954413,0.05819999999999981,1.0,1.0,0.5,0.0,0.0,0.0,0.04348315519647705,0.015083290397970479,0.04357315519647703,0.028271310392954413,0.05819999999999981,1.0,1.0,0.5,0.0,0.0,0.0,0.04348315519647705,0.015083290397970479,0.04357315519647703,0.028271310392954413,0.05819999999999981,1.0,1.0,0.5,0.0,0.0,0.0,0.05554463103929519,0.008875238095119638,0.05819999999999981,0.05819999999999981,0.05887499999999965,1.0,0.6,0.9,0.0,0.0,0.0,1.0,0.5,0.5,0.5,0.1,0.5,0.5,0.0,0.5,0.5,0.0,0.5,0.5,0.0,0.1,0.9,0.0,0.5,0.0,0.5,0.5,0.1,0.5,0.5,0.4,0.0,0.0,0.0,0.5,0.5,1.0,1.0,0.2,0.1,0.4,0.4,0.0,1.0,0.0,0.6704850005477393,1.0830562955919185e-20,1.0830562955919185e-20,0.0,1.1333333333333333,0,0,0,4,C3R,0.0,0.0,0.05554463103929519,0.9,1.0,0.1,0.0,0.0,0.05554463103929519
phaseflip,phaseflip,0.03,3,0.5,0.03,10,qiskit_aer,1,1,0.913816,0.3757174111111111,0.8,0.55,0.0,1.0,1.0,0.0,0.08618399999999984,0.0010277984238166223,0.08645399999999981,0.08514449999999987,0.08708849999999982,1.0,0.6,1.0,0.0,0.0,0.0,0.056030310392954495,0.0010277984238166223,0.05630031039295447,0.05499081039295453,0.05693481039295448,1.0,1.0,0.0,0.0,0.0,0.0,0.07412252415718171,0.014586362531666595,0.0847079999999999,0.05630031039295447,0.08665199999999984,1.0,1.0,0.6,0.0,0.0,0.0,0.07412252415718171,0.014586362531666595,0.0847079999999999,0.05630031039295447,0.08665199999999984,1.0,1.0,0.6,0.0,0.0,0.0,0.07412252415718171,0.014586362531666595,0.0847079999999999,0.05630031039295447,0.08665199999999984,1.0,1.0,0.6,0.0,0.0,0.0,0.08316863103929531,0.00901443953243033,0.08645399999999981,0.0847079999999999,0.08708849999999982,1.0,0.7,0.9,0.0,0.0,0.0,1.0,0.4,0.4,0.4,0.1,0.4,0.6,0.0,0.4,0.6,0.0,0.4,0.6,0.0,0.1,0.9,0.0,0.4,0.0,0.4,0.4,0.1,0.4,0.4,0.3,0.0,0.0,0.0,0.4,0.4,1.0,1.0,0.3,0.1,0.3,0.3,0.0,1.0,0.0,0.42428258901694216,8.664450364735348e-21,8.664450364735348e-21,0.0,1.08,0,0,0,3,C3R,0.0,0.0,0.08316863103929531,0.9,1.0,0.1,0.0,0.0,0.08316863103929531
phaseflip,phaseflip,0.03,3,0.5,0.05,10,qiskit_aer,1,1,0.913816,0.3757174111111111,0.8,0.55,0.0,1.0,1.0,0.0,0.08618399999999984,0.0010277984238166223,0.08645399999999981,0.08514449999999987,0.08708849999999982,1.0,0.3,1.0,0.0,0.0,0.0,0.056030310392954495,0.0010277984238166223,0.05630031039295447,0.05499081039295453,0.05693481039295448,1.0,1.0,0.0,0.0,0.0,0.0,0.0650764172750681,0.012856660197609206,0.05714631039295448,0.05630031039295447,0.07781757759823854,1.0,1.0,0.3,0.0,0.0,0.0,0.0650764172750681,0.012856660197609206,0.05714631039295448,0.05630031039295447,0.07781757759823854,1.0,1.0,0.3,0.0,0.0,0.0,0.0650764172750681,0.012856660197609206,0.05714631039295448,0.05630031039295447,0.07781757759823854,1.0,1.0,0.3,0.0,0.0,0.0,0.08015326207859078,0.011754869899229543,0.08558099999999985,0.0847079999999999,0.08645399999999981,1.0,0.5,0.8,0.0,0.0,0.0,1.0,0.7,0.7,0.7,0.2,0.7,0.3,0.0,0.7,0.3,0.0,0.7,0.3,0.0,0.2,0.8,0.0,0.7,0.0,0.7,0.7,0.2,0.7,0.7,0.5,0.0,0.0,0.0,0.7,0.7,1.0,1.0,0.3,0.2,0.5,0.5,0.0,1.0,0.0,1.0242825890343052,1.0107902714056831e-17,1.0107902714056831e-17,0.0,1.1,0,0,0,5,C3R,0.0,0.0,0.08015326207859078,0.8,1.0,0.2,0.0,0.0,0.08015326207859078
phaseflip,phaseflip,0.03,3,0.5,0.1,10,qiskit_aer,1,1,0.913816,0.35032173333333333,0.8111111111111111,0.55,0.0,1.0,1.0,0.0,0.08618399999999984,0.0010277984238166223,0.08645399999999981,0.08514449999999987,0.08708849999999982,1.0,0.3,1.0,0.0,0.0,0.0,0.056030310392954495,0.0010277984238166223,0.05630031039295447,0.05499081039295453,0.05693481039295448,1.0,1.0,0.0,0.0,0.0,0.0,0.0650764172750681,0.012856660197609206,0.05714631039295448,0.05630031039295447,0.07781757759823854,1.0,1.0,0.3,0.0,0.0,0.0,0.0650764172750681,0.012856660197609206,0.05714631039295448,0.05630031039295447,0.07781757759823854,1.0,1.0,0.3,0.0,0.0,0.0,0.0650764172750681,0.012856660197609206,0.05714631039295448,0.05630031039295447,0.07781757759823854,1.0,1.0,0.3,0.0,0.0,0.0,0.08316863103929531,0.008726861738467649,0.08645399999999981,0.0847079999999999,0.08645399999999981,1.0,0.4,0.9,0.0,0.0,0.0,1.0,0.7,0.7,0.7,0.1,0.7,0.3,0.0,0.7,0.3,0.0,0.7,0.3,0.0,0.1,0.9,0.0,0.7,0.0,0.7,0.7,0.1,0.7,0.7,0.6,0.0,0.0,0.0,0.7,0.7,1.0,1.0,0.1,0.1,0.6,0.6,0.0,1.0,0.0,1.049678266812083,1.0107902714056831e-17,1.0107902714056831e-17,0.0,1.15,0,0,0,6,C3R,0.0,0.0,0.08316863103929531,0.9,1.0,0.1,0.0,0.0,0.08316863103929531
phaseflip,phaseflip,0.03,4,0.5,0.03,10,qiskit_aer,1,1,0.8874362680000001,0.355039226,0.8,0.55,0.0,0.0,1.0,0.0,0.11256373199999978,0.0015976230304849519,0.1134103799999997,0.11216675999999981,0.11380799999999977,1.0,0.5,1.0,0.0,0.0,0.0,0.08241004239295444,0.0015976230304849519,0.08325669039295436,0.08201307039295447,0.08365431039295443,1.0,1.0,0.0,0.0,0.0,0.0,0.0974868871964771,0.01558176045895122,0.09791053519647713,0.08365431039295435,0.11280125999999974,1.0,1.0,0.5,0.0,0.0,0.0,0.0974868871964771,0.01558176045895122,0.09791053519647713,0.08365431039295435,0.11280125999999974,1.0,1.0,0.5,0.0,0.0,0.0,0.0974868871964771,0.01558176045895122,0.09791053519647713,0.08365431039295435,0.11280125999999974,1.0,1.0,0.5,0.0,0.0,0.0,0.10653299407859071,0.01257963954857074,0.11258975999999976,0.11026082999999981,0.11380799999999977,1.0,0.7,0.8,0.0,0.0,0.0,1.0,0.5,0.5,0.5,0.2,0.5,0.5,0.0,0.5,0.5,0.0,0.5,0.5,0.0,0.2,0.8,0.0,0.5,0.0,0.5,0.5,0.2,0.5,0.5,0.3,0.0,0.0,0.0,0.5,0.5,1.0,1.0,0.3,0.2,0.3,0.3,0.0,1.0,0.0,0.6449607740477702,8.365372627103523e-21,8.365372627103523e-21,0.0,1.08,0,0,0,3,C3R,0.0,0.0,0.10653299407859071,0.8,1.0,0.2,0.0,0.0,0.10653299407859071
phaseflip,phaseflip,0.03,4,0.5,0.05,10,qiskit_aer,1,1,0.8874362680000001,0.355039226,0.8,0.55,0.0,0.0,1.0,0.0,0.11256373199999978,0.0015976230304849519,0.1134103799999997,0.11216675999999981,0.11380799999999977,1.0,0.7,1.0,0.0,0.0,0.0,0.08241004239295444,0.0015976230304849519,0.08325669039295436,0.08201307039295447,0.08365431039295443,1.0,1.0,0.0,0.0,0.0,0.0,0.10351762511788618,0.013076019503822122,0.11089613999999981,0.0901471127947158,0.11280125999999974,1.0,1.0,0.7,0.0,0.0,0.0,0.10351762511788618,0.013076019503822122,0.11089613999999981,0.0901471127947158,0.11280125999999974,1.0,1.0,0.7,0.0,0.0,0.0,0.10351762511788618,0.013076019503822122,0.11089613999999981,0.0901471127947158,0.11280125999999974,1.0,1.0,0.7,0.0,0.0,0.0,0.10954836303929524,0.008768158008279943,0.11258975999999976,0.11026082999999981,0.11380799999999977,1.0,0.8,0.9,0.0,0.0,0.0,1.0,0.3,0.3,0.3,0.1,0.3,0.7,0.0,0.3,0.7,0.0,0.3,0.7,0.0,0.1,0.9,0.0,0.3,0.0,0.3,0.3,0.1,0.3,0.3,0.2,0.0,0.0,0.0,0.3,0.3,1.0,1.0,0.3,0.1,0.2,0.2,0.0,1.0,0.0,0.24496077405285233,6.498337773551511e-21,6.498337773551511e-21,0.0,1.1,0,0,0,2,C3R,0.0,0.0,0.10954836303929524,0.9,1.0,0.1,0.0,0.0,0.10954836303929524
phaseflip,phaseflip,0.03,4,0.5,0.1,10,qiskit_aer,1,1,0.8874362680000001,0.33039042755555553,0.8111111111111111,0.55,0.0,0.0,1.0,0.0,0.11256373199999978,0.0015976230304849519,0.1134103799999997,0.11216675999999981,0.11380799999999977,1.0,0.6,1.0,0.0,0.0,0.0,0.08241004239295444,0.0015976230304849519,0.08325669039295436,0.08201307039295447,0.08365431039295443,1.0,1.0,0.0,0.0,0.0,0.0,0.10050225615718164,0.01469623157484314,0.11089613999999981,0.08365431039295437,0.11280125999999974,1.0,1.0,0.6,0.0,0.0,0.0,0.10050225615718164,0.01469623157484314,0.11089613999999981,0.08365431039295437,0.11280125999999974,1.0,1.0,0.6,0.0,0.0,0.0,0.10050225615718164,0.01469623157484314,0.11089613999999981,0.08365431039295437,0.11280125999999974,1.0,1.0,0.6,0.0,0.0,0.0,0.10954836303929524,0.008768158008279943,0.11258975999999976,0.11026082999999981,0.11380799999999977,1.0,0.7,0.9,0.0,0.0,0.0,1.0,0.4,0.4,0.4,0.1,0.4,0.6,0.0,0.4,0.6,0.0,0.4,0.6,0.0,0.1,0.9,0.0,0.4,0.0,0.4,0.4,0.1,0.4,0.4,0.3,0.0,0.0,0.0,0.4,0.4,1.0,1.0,0.1,0.1,0.3,0.3,0.0,1.0,0.0,0.46960957249335417,8.664450364735348e-21,8.664450364735348e-21,0.0,1.15,0,0,0,3,C3R,0.0,0.0,0.10954836303929524,0.9,1.0,0.1,0.0,0.0,0.10954836303929524
phaseflip,phaseflip,0.05,1,0.5,0.03,10,qiskit_aer,1,1,0.9499999999999998,0.4063888888888889,0.8222222222222222,0.5333333333333333,0.0,1.0,1.0,0.0,0.04999999999999971,0.0,0.04999999999999971,0.04999999999999971,0.04999999999999971,1.0,0.2,1.0,0.0,0.0,0.0,0.01984631039295437,0.0,0.01984631039295437,0.01984631039295437,0.01984631039295437,1.0,1.0,0.0,0.0,0.0,0.0,0.025877048314363438,0.012061475842818137,0.01984631039295437,0.01984631039295437,0.01984631039295437,1.0,1.0,0.2,0.0,0.0,0.0,0.025877048314363438,0.012061475842818137,0.01984631039295437,0.01984631039295437,0.01984631039295437,1.0,1.0,0.2,0.0,0.0,0.0,0.025877048314363438,0.012061475842818137,0.01984631039295437,0.01984631039295437,0.01984631039295437,1.0,1.0,0.2,0.0,0.0,0.0,0.04396926207859064,0.012061475842818137,0.04999999999999971,0.04999999999999971,0.04999999999999971,1.0,0.4,0.8,0.0,0.0,0.0,1.0,0.8,0.8,0.8,0.2,0.8,0.2,0.0,0.8,0.2,0.0,0.8,0.2,0.0,0.2,0.8,0.0,0.8,0.0,0.8,0.8,0.2,0.8,0.8,0.6,0.0,0.0,0.0,0.8,0.8,1.0,1.0,0.2,0.2,0.6,0.6,0.0,1.0,0.0,1.1936111125345876,0.15815673649080345,0.15815673649080345,0.0,1.0633333333333335,0,0,0,6,C3R,0.0,0.0,0.04396926207859064,0.8,1.0,0.2,0.0,0.0,0.04396926207859064
phaseflip,phaseflip,0.05,1,0.5,0.05,10,qiskit_aer,1,1,0.9499999999999998,0.4011111111111111,0.8222222222222222,0.5333333333333333,0.0,1.0,1.0,0.0,0.04999999999999971,0.0,0.04999999999999971,0.04999999999999971,0.04999999999999971,1.0,0.2,1.0,0.0,0.0,0.0,0.01984631039295437,0.0,0.01984631039295437,0.01984631039295437,0.01984631039295437,1.0,1.0,0.0,0.0,0.0,0.0,0.025877048314363438,0.012061475842818137,0.01984631039295437,0.01984631039295437,0.01984631039295437,1.0,1.0,0.2,0.0,0.0,0.0,0.025877048314363438,0.012061475842818137,0.01984631039295437,0.01984631039295437,0.01984631039295437,1.0,1.0,0.2,0.0,0.0,0.0,0.025877048314363438,0.012061475842818137,0.01984631039295437,0.01984631039295437,0.01984631039295437,1.0,1.0,0.2,0.0,0.0,0.0,0.04396926207859064,0.012061475842818137,0.04999999999999971,0.04999999999999971,0.04999999999999971,1.0,0.4,0.8,0.0,0.0,0.0,1.0,0.8,0.8,0.8,0.2,0.8,0.2,0.0,0.8,0.2,0.0,0.8,0.2,0.0,0.2,0.8,0.0,0.8,0.0,0.8,0.8,0.2,0.8,0.8,0.6,0.0,0.0,0.0,0.8,0.8,1.0,1.0,0.2,0.2,0.6,0.6,0.0,1.0,0.0,1.198888890276041,0.14133233712661944,0.14133233712661944,0.0,1.0833333333333335,0,0,0,6,C3R,0.0,0.0,0.04396926207859064,0.8,1.0,0.2,0.0,0.0,0.04396926207859064
phaseflip,phaseflip,0.05,1,0.5,0.1,10,qiskit_aer,1,1,0.9499999999999998,0.34305555555555556,0.8666666666666667,0.5333333333333333,0.0,1.0,1.0,0.0,0.04999999999999971,0.0,0.04999999999999971,0.04999999999999971,0.04999999999999971,1.0,0.2,1.0,0.0,0.0,0.0,0.01984631039295437,0.0,0.01984631039295437,0.01984631039295437,0.01984631039295437,1.0,1.0,0.0,0.0,0.0,0.0,0.025877048314363438,0.012061475842818137,0.01984631039295437,0.01984631039295437,0.01984631039295437,1.0,1.0,0.2,0.0,0.0,0.0,0.025877048314363438,0.012061475842818137,0.01984631039295437,0.01984631039295437,0.01984631039295437,1.0,1.0,0.2,0.0,0.0,0.0,0.025877048314363438,0.012061475842818137,0.01984631039295437,0.01984631039295437,0.01984631039295437,1.0,1.0,0.2,0.0,0.0,0.0,0.04396926207859064,0.012061475842818137,0.04999999999999971,0.04999999999999971,0.04999999999999971,1.0,0.4,0.8,0.0,0.0,0.0,1.0,0.8,0.8,0.8,0.2,0.8,0.2,0.0,0.8,0.2,0.0,0.8,0.2,0.0,0.2,0.8,0.0,0.8,0.0,0.8,0.8,0.2,0.8,0.8,0.6,0.0,0.0,0.0,0.8,0.8,1.0,1.0,0.2,0.2,0.6,0.6,0.0,1.0,0.0,1.256944445867921,0.15815673649080345,0.15815673649080345,0.0,1.1333333333333333,0,0,0,6,C3R,0.0,0.0,0.04396926207859064,0.8,1.0,0.2,0.0,0.0,0.04396926207859064
phaseflip,phaseflip,0.05,2,0.5,0.03,10,qiskit_aer,1,1,0.9039999999999999,0.3515277777777778,0.8222222222222222,0.5333333333333333,0.0,1.0,1.0,0.0,0.0959999999999998,0.0012247448713915085,0.09499999999999986,0.09499999999999986,0.0974999999999997,1.0,0.8,1.0,0.0,0.0,0.0,0.06584631039295445,0.0012247448713915085,0.06484631039295452,0.06484631039295452,0.06734631039295436,1.0,1.0,0.0,0.0,0.0,0.0,0.08996926207859073,0.01135284042619552,0.09499999999999986,0.09499999999999986,0.09499999999999986,1.0,1.0,0.8,0.0,0.0,0.0,0.08996926207859073,0.01135284042619552,0.09499999999999986,0.09499999999999986,0.09499999999999986,1.0,1.0,0.8,0.0,0.0,0.0,0.08996926207859073,0.01135284042619552,0.09499999999999986,0.09499999999999986,0.09499999999999986,1.0,1.0,0.8,0.0,0.0,0.0,0.0959999999999998,0.0012247448713915085,0.09499999999999986,0.09499999999999986,0.0974999999999997,1.0,0.8,1.0,0.0,0.0,0.0,1.0,0.2,0.2,0.2,0.0,0.2,0.8,0.0,0.2,0.8,0.0,0.2,0.8,0.0,0.0,1.0,0.0,0.2,0.0,0.2,0.2,0.0,0.2,0.2,0.2,0.0,0.0,0.0,0.2,0.2,1.0,1.0,0.2,0.0,0.2,0.2,0.0,1.0,0.0,0.048472222349016464,0.0032868402154856554,0.0032868402154856554,0.0,1.0633333333333335,0,0,0,2,C3R,0.0,0.0,0.0959999999999998,1.0,1.0,0.0,0.0,0.0,0.0959999999999998
phaseflip,phaseflip,0.05,2,0.5,0.05,10,qiskit_aer,1,1,0.9039999999999999,0.3465,0.8222222222222222,0.5333333333333333,0.0,1.0,1.0,0.0,0.0959999999999998,0.0012247448713915085,0.09499999999999986,0.09499999999999986,0.0974999999999997,1.0,0.8,1.0,0.0,0.0,0.0,0.06584631039295445,0.0012247448713915085,0.06484631039295452,0.06484631039295452,0.06734631039295436,1.0,1.0,0.0,0.0,0.0,0.0,0.08996926207859073,0.01135284042619552,0.09499999999999986,0.09499999999999986,0.09499999999999986,1.0,1.0,0.8,0.0,0.0,0.0,0.08996926207859073,0.01135284042619552,0.09499999999999986,0.09499999999999986,0.09499999999999986,1.0,1.0,0.8,0.0,0.0,0.0,0.08996926207859073,0.01135284042619552,0.09499999999999986,0.09499999999999986,0.09499999999999986,1.0,1.0,0.8,0.0,0.0,0.0,0.0959999999999998,0.0012247448713915085,0.09499999999999986,0.09499999999999986,0.0974999999999997,1.0,0.8,1.0,0.0,0.0,0.0,1.0,0.2,0.2,0.2,0.0,0.2,0.8,0.0,0.2,0.8,0.0,0.2,0.8,0.0,0.0,1.0,0.0,0.2,0.0,0.2,0.2,0.0,0.2,0.2,0.2,0.0,0.0,0.0,0.2,0.2,1.0,1.0,0.2,0.0,0.2,0.2,0.0,1.0,0.0,0.053500000124712885,2.3169314733586823e-18,2.3169314733586823e-18,0.0,1.0833333333333335,0,0,0,2,C3R,0.0,0.0,0.0959999999999998,1.0,1.0,0.0,0.0,0.0,0.0959999999999998
phaseflip,phaseflip,0.05,2,0.5,0.1,10,qiskit_aer,1,1,0.9039999999999999,0.31140277777777775,0.8666666666666667,0.5333333333333333,0.0,1.0,1.0,0.0,0.0959999999999998,0.0012247448713915085,0.09499999999999986,0.09499999999999986,0.0974999999999997,1.0,0.8,1.0,0.0,0.0,0.0,0.06584631039295445,0.0012247448713915085,0.06484631039295452,0.06484631039295452,0.06734631039295436,1.0,1.0,0.0,0.0,0.0,0.0,0.08996926207859073,0.01135284042619552,0.09499999999999986,0.09499999999999986,0.09499999999999986,1.0,1.0,0.8,0.0,0.0,0.0,0.08996926207859073,0.01135284042619552,0.09499999999999986,0.09499999999999986,0.09499999999999986,1.0,1.0,0.8,0.0,0.0,0.0,0.08996926207859073,0.01135284042619552,0.09499999999999986,0.09499999999999986,0.09499999999999986,1.0,1.0,0.8,0.0,0.0,0.0,0.0959999999999998,0.0012247448713915085,0.09499999999999986,0.09499999999999986,0.0974999999999997,1.0,0.8,1.0,0.0,0.0,0.0,1.0,0.2,0.2,0.2,0.0,0.2,0.8,0.0,0.2,0.8,0.0,0.2,0.8,0.0,0.0,1.0,0.0,0.2,0.0,0.2,0.2,0.0,0.2,0.2,0.2,0.0,0.0,0.0,0.2,0.2,1.0,1.0,0.2,0.0,0.2,0.2,0.0,1.0,0.0,0.08859722234693514,0.00556297854266948,0.00556297854266948,0.0,1.1333333333333333,0,0,0,2,C3R,0.0,0.0,0.0959999999999998,1.0,1.0,0.0,0.0,0.0,0.0959999999999998
phaseflip,phaseflip,0.05,3,0.5,0.03,10,qiskit_aer,1,1,0.8604999999999999,0.3490986111111111,0.8,0.55,0.0,0.0,1.0,0.0,0.13949999999999982,0.002779388421937513,0.14024999999999987,0.13668749999999977,0.14193749999999986,1.0,0.6,1.0,0.0,0.0,0.0,0.10934631039295448,0.002779388421937513,0.11009631039295453,0.10653381039295443,0.11178381039295451,1.0,1.0,0.0,0.0,0.0,0.0,0.12743852415718168,0.0129284223525761,0.13549999999999973,0.11234631039295451,0.13906249999999984,1.0,1.0,0.6,0.0,0.0,0.0,0.12743852415718168,0.0129284223525761,0.13549999999999973,0.11234631039295451,0.13906249999999984,1.0,1.0,0.6,0.0,0.0,0.0,0.12743852415718168,0.0129284223525761,0.13549999999999973,0.11234631039295451,0.13906249999999984,1.0,1.0,0.6,0.0,0.0,0.0,0.13346926207859075,0.011427551456965807,0.1378749999999998,0.13549999999999973,0.14024999999999987,1.0,0.8,0.8,0.0,0.0,0.0,1.0,0.4,0.4,0.4,0.2,0.4,0.6,0.0,0.4,0.6,0.0,0.4,0.6,0.0,0.2,0.8,0.0,0.4,0.0,0.4,0.4,0.2,0.4,0.4,0.2,0.0,0.0,0.0,0.4,0.4,1.0,1.0,0.3,0.2,0.2,0.2,0.0,1.0,0.0,0.4509013889257258,0.035686424219016966,0.035686424219016966,0.0,1.08,0,0,0,2,C3R,0.0,0.0,0.13346926207859075,0.8,1.0,0.2,0.0,0.0,0.13346926207859075
phaseflip,phaseflip,0.05,3,0.5,0.05,10,qiskit_aer,1,1,0.8604999999999999,0.3490986111111111,0.8,0.55,0.0,0.0,1.0,0.0,0.13949999999999982,0.002779388421937513,0.14024999999999987,0.13668749999999977,0.14193749999999986,1.0,0.5,1.0,0.0,0.0,0.0,0.10934631039295448,0.002779388421937513,0.11009631039295453,0.10653381039295443,0.11178381039295451,1.0,1.0,0.0,0.0,0.0,0.0,0.12442315519647715,0.01310394982647265,0.12392315519647712,0.11234631039295451,0.13549999999999973,1.0,1.0,0.5,0.0,0.0,0.0,0.12442315519647715,0.01310394982647265,0.12392315519647712,0.11234631039295451,0.13549999999999973,1.0,1.0,0.5,0.0,0.0,0.0,0.12442315519647715,0.01310394982647265,0.12392315519647712,0.11234631039295451,0.13549999999999973,1.0,1.0,0.5,0.0,0.0,0.0,0.13346926207859075,0.011427551456965807,0.1378749999999998,0.13549999999999973,0.14024999999999987,1.0,0.7,0.8,0.0,0.0,0.0,1.0,0.5,0.5,0.5,0.2,0.5,0.5,0.0,0.5,0.5,0.0,0.5,0.5,0.0,0.2,0.8,0.0,0.5,0.0,0.5,0.5,0.2,0.5,0.5,0.3,0.0,0.0,0.0,0.5,0.5,1.0,1.0,0.3,0.2,0.3,0.3,0.0,1.0,0.0,0.6509013889231845,0.027544488809430962,0.027544488809430962,0.0,1.1,0,0,0,3,C3R,0.0,0.0,0.13346926207859075,0.8,1.0,0.2,0.0,0.0,0.13346926207859075
phaseflip,phaseflip,0.05,3,0.5,0.1,10,qiskit_aer,1,1,0.8604999999999999,0.32516388888888886,0.8111111111111111,0.55,0.0,0.0,1.0,0.0,0.13949999999999982,0.002779388421937513,0.14024999999999987,0.13668749999999977,0.14193749999999986,1.0,0.6,1.0,0.0,0.0,0.0,0.10934631039295448,0.002779388421937513,0.11009631039295453,0.10653381039295443,0.11178381039295451,1.0,1.0,0.0,0.0,0.0,0.0,0.12743852415718168,0.013442963395388667,0.13549999999999973,0.11234631039295451,0.13906249999999984,1.0,1.0,0.6,0.0,0.0,0.0,0.12743852415718168,0.013442963395388667,0.13549999999999973,0.11234631039295451,0.13906249999999984,1.0,1.0,0.6,0.0,0.0,0.0,0.12743852415718168,0.013442963395388667,0.13549999999999973,0.11234631039295451,0.13906249999999984,1.0,1.0,0.6,0.0,0.0,0.0,0.13648463103929528,0.008453687713560044,0.14024999999999987,0.13549999999999973,0.14024999999999987,1.0,0.7,0.9,0.0,0.0,0.0,1.0,0.4,0.4,0.4,0.1,0.4,0.6,0.0,0.4,0.6,0.0,0.4,0.6,0.0,0.1,0.9,0.0,0.4,0.0,0.4,0.4,0.1,0.4,0.4,0.3,0.0,0.0,0.0,0.4,0.4,1.0,1.0,0.1,0.1,0.3,0.3,0.0,1.0,0.0,0.4748361111454068,0.027544488809430962,0.027544488809430962,0.0,1.15,0,0,0,3,C3R,0.0,0.0,0.13648463103929528,0.9,1.0,0.1,0.0,0.0,0.13648463103929528
phaseflip,phaseflip,0.05,4,0.5,0.03,10,qiskit_aer,1,1,0.8202674999999998,0.33736638888888887,0.8,0.55,0.0,0.0,1.0,0.0,0.17973249999999985,0.004220086640105866,0.1819874999999999,0.1787249999999999,0.18299999999999983,1.0,0.8,1.0,0.0,0.0,0.0,0.1495788103929545,0.004220086640105866,0.15183381039295457,0.14857131039295457,0.1528463103929545,1.0,1.0,0.0,0.0,0.0,0.0,0.17370176207859078,0.013245386656059694,0.1819874999999999,0.17194999999999983,0.18299999999999983,1.0,1.0,0.8,0.0,0.0,0.0,0.17370176207859078,0.013245386656059694,0.1819874999999999,0.17194999999999983,0.18299999999999983,1.0,1.0,0.8,0.0,0.0,0.0,0.17370176207859078,0.013245386656059694,0.1819874999999999,0.17194999999999983,0.18299999999999983,1.0,1.0,0.8,0.0,0.0,0.0,0.17973249999999985,0.004220086640105866,0.1819874999999999,0.1787249999999999,0.18299999999999983,1.0,0.8,1.0,0.0,0.0,0.0,1.0,0.2,0.2,0.2,0.0,0.2,0.8,0.0,0.2,0.8,0.0,0.2,0.8,0.0,0.0,1.0,0.0,0.2,0.0,0.2,0.2,0.0,0.2,0.2,0.2,0.0,0.0,0.0,0.2,0.2,1.0,1.0,0.3,0.0,0.2,0.2,0.0,1.0,0.0,0.06263361112302493,1.867034853552012e-21,1.867034853552012e-21,0.0,1.08,0,0,0,2,C3R,0.0,0.0,0.17973249999999985,1.0,1.0,0.0,0.0,0.0,0.17973249999999985
phaseflip,phaseflip,0.05,4,0.5,0.05,10,qiskit_aer,1,1,0.8202674999999998,0.33736638888888887,0.8,0.55,0.0,0.0,1.0,0.0,0.17973249999999985,0.004220086640105866,0.1819874999999999,0.1787249999999999,0.18299999999999983,1.0,0.8,1.0,0.0,0.0,0.0,0.1495788103929545,0.004220086640105866,0.15183381039295457,0.14857131039295457,0.1528463103929545,1.0,1.0,0.0,0.0,0.0,0.0,0.17370176207859078,0.013245386656059694,0.1819874999999999,0.17194999999999983,0.18299999999999983,1.0,1.0,0.8,0.0,0.0,0.0,0.17370176207859078,0.013245386656059694,0.1819874999999999,0.17194999999999983,0.18299999999999983,1.0,1.0,0.8,0.0,0.0,0.0,0.17370176207859078,0.013245386656059694,0.1819874999999999,0.17194999999999983,0.18299999999999983,1.0,1.0,0.8,0.0,0.0,0.0,0.17973249999999985,0.004220086640105866,0.1819874999999999,0.1787249999999999,0.18299999999999983,1.0,0.8,1.0,0.0,0.0,0.0,1.0,0.2,0.2,0.2,0.0,0.2,0.8,0.0,0.2,0.8,0.0,0.2,0.8,0.0,0.0,1.0,0.0,0.2,0.0,0.2,0.2,0.0,0.2,0.2,0.2,0.0,0.0,0.0,0.2,0.2,1.0,1.0,0.3,0.0,0.2,0.2,0.0,1.0,0.0,0.0626336111237362,1.867034853552012e-21,1.867034853552012e-21,0.0,1.1,0,0,0,2,C3R,0.0,0.0,0.17973249999999985,1.0,1.0,0.0,0.0,0.0,0.17973249999999985
phaseflip,phaseflip,0.05,4,0.5,0.1,10,qiskit_aer,1,1,0.8202674999999998,0.3145868055555555,0.8111111111111111,0.55,0.0,0.0,1.0,0.0,0.17973249999999985,0.004220086640105866,0.1819874999999999,0.1787249999999999,0.18299999999999983,1.0,0.8,1.0,0.0,0.0,0.0,0.1495788103929545,0.004220086640105866,0.15183381039295457,0.14857131039295457,0.1528463103929545,1.0,1.0,0.0,0.0,0.0,0.0,0.17370176207859078,0.013245386656059694,0.1819874999999999,0.17194999999999983,0.18299999999999983,1.0,1.0,0.8,0.0,0.0,0.0,0.17370176207859078,0.013245386656059694,0.1819874999999999,0.17194999999999983,0.18299999999999983,1.0,1.0,0.8,0.0,0.0,0.0,0.17370176207859078,0.013245386656059694,0.1819874999999999,0.17194999999999983,0.18299999999999983,1.0,1.0,0.8,0.0,0.0,0.0,0.17973249999999985,0.004220086640105866,0.1819874999999999,0.1787249999999999,0.18299999999999983,1.0,0.8,1.0,0.0,0.0,0.0,1.0,0.2,0.2,0.2,0.0,0.2,0.8,0.0,0.2,0.8,0.0,0.2,0.8,0.0,0.0,1.0,0.0,0.2,0.0,0.2,0.2,0.0,0.2,0.2,0.2,0.0,0.0,0.0,0.2,0.2,1.0,1.0,0.1,0.0,0.2,0.2,0.0,1.0,0.0,0.08541319445672205,4.332225182367674e-21,4.332225182367674e-21,0.0,1.15,0,0,0,2,C3R,0.0,0.0,0.17973249999999985,1.0,1.0,0.0,0.0,0.0,0.17973249999999985
phaseflip,phaseflip,0.1,1,0.5,0.03,10,qiskit_aer,1,1,0.9000000000000001,0.3400000000000001,0.8222222222222222,0.5333333333333333,0.0,1.0,1.0,0.0,0.09999999999999964,0.0,0.09999999999999964,0.09999999999999964,0.09999999999999964,1.0,0.8,1.0,0.0,0.0,0.0,0.0698463103929543,0.0,0.0698463103929543,0.0698463103929543,0.0698463103929543,1.0,1.0,0.0,0.0,0.0,0.0,0.09396926207859058,0.012061475842818137,0.09999999999999964,0.09999999999999964,0.09999999999999964,1.0,1.0,0.8,0.0,0.0,0.0,0.09396926207859058,0.012061475842818137,0.09999999999999964,0.09999999999999964,0.09999999999999964,1.0,1.0,0.8,0.0,0.0,0.0,0.09396926207859058,0.012061475842818137,0.09999999999999964,0.09999999999999964,0.09999999999999964,1.0,1.0,0.8,0.0,0.0,0.0,0.09999999999999964,0.0,0.09999999999999964,0.09999999999999964,0.09999999999999964,1.0,0.8,1.0,0.0,0.0,0.0,1.0,0.2,0.2,0.2,0.0,0.2,0.8,0.0,0.2,0.8,0.0,0.2,0.8,0.0,0.0,1.0,0.0,0.2,0.0,0.2,0.2,0.0,0.2,0.2,0.2,0.0,0.0,0.0,0.2,0.2,1.0,1.0,0.2,0.0,0.2,0.2,0.0,1.0,0.0,0.06000000010329798,0.006573680430971311,0.006573680430971311,0.0,1.0633333333333335,0,0,0,2,C3R,0.0,0.0,0.09999999999999964,1.0,1.0,0.0,0.0,0.0,0.09999999999999964
phaseflip,phaseflip,0.1,1,0.5,0.05,10,qiskit_aer,1,1,0.9000000000000001,0.3350000000000001,0.8222222222222222,0.5333333333333333,0.0,1.0,1.0,0.0,0.09999999999999964,0.0,0.09999999999999964,0.09999999999999964,0.09999999999999964,1.0,0.8,1.0,0.0,0.0,0.0,0.0698463103929543,0.0,0.0698463103929543,0.0698463103929543,0.0698463103929543,1.0,1.0,0.0,0.0,0.0,0.0,0.09396926207859058,0.012061475842818137,0.09999999999999964,0.09999999999999964,0.09999999999999964,1.0,1.0,0.8,0.0,0.0,0.0,0.09396926207859058,0.012061475842818137,0.09999999999999964,0.09999999999999964,0.09999999999999964,1.0,1.0,0.8,0.0,0.0,0.0,0.09396926207859058,0.012061475842818137,0.09999999999999964,0.09999999999999964,0.09999999999999964,1.0,1.0,0.8,0.0,0.0,0.0,0.09999999999999964,0.0,0.09999999999999964,0.09999999999999964,0.09999999999999964,1.0,0.8,1.0,0.0,0.0,0.0,1.0,0.2,0.2,0.2,0.0,0.2,0.8,0.0,0.2,0.8,0.0,0.2,0.8,0.0,0.0,1.0,0.0,0.2,0.0,0.2,0.2,0.0,0.2,0.2,0.2,0.0,0.0,0.0,0.2,0.2,1.0,1.0,0.2,0.0,0.2,0.2,0.0,1.0,0.0,0.06500000010329798,0.006573680430971311,0.006573680430971311,0.0,1.0833333333333335,0,0,0,2,C3R,0.0,0.0,0.09999999999999964,1.0,1.0,0.0,0.0,0.0,0.09999999999999964
phaseflip,phaseflip,0.1,1,0.5,0.1,10,qiskit_aer,1,1,0.9000000000000001,0.30000000000000004,0.8666666666666667,0.5333333333333333,0.0,1.0,1.0,0.0,0.09999999999999964,0.0,0.09999999999999964,0.09999999999999964,0.09999999999999964,1.0,0.8,1.0,0.0,0.0,0.0,0.0698463103929543,0.0,0.0698463103929543,0.0698463103929543,0.0698463103929543,1.0,1.0,0.0,0.0,0.0,0.0,0.09396926207859058,0.012061475842818137,0.09999999999999964,0.09999999999999964,0.09999999999999964,1.0,1.0,0.8,0.0,0.0,0.0,0.09396926207859058,0.012061475842818137,0.09999999999999964,0.09999999999999964,0.09999999999999964,1.0,1.0,0.8,0.0,0.0,0.0,0.09396926207859058,0.012061475842818137,0.09999999999999964,0.09999999999999964,0.09999999999999964,1.0,1.0,0.8,0.0,0.0,0.0,0.09999999999999964,0.0,0.09999999999999964,0.09999999999999964,0.09999999999999964,1.0,0.8,1.0,0.0,0.0,0.0,1.0,0.2,0.2,0.2,0.0,0.2,0.8,0.0,0.2,0.8,0.0,0.2,0.8,0.0,0.0,1.0,0.0,0.2,0.0,0.2,0.2,0.0,0.2,0.2,0.2,0.0,0.0,0.0,0.2,0.2,1.0,1.0,0.2,0.0,0.2,0.2,0.0,1.0,0.0,0.10000000010193752,0.003286840215485658,0.003286840215485658,0.0,1.1333333333333333,0,0,0,2,C3R,0.0,0.0,0.09999999999999964,1.0,1.0,0.0,0.0,0.0,0.09999999999999964
phaseflip,phaseflip,0.1,2,0.5,0.03,10,qiskit_aer,1,1,0.8160000000000001,0.3081666666666667,0.8222222222222222,0.5333333333333333,0.0,0.0,1.0,0.0,0.1839999999999997,0.00489897948556632,0.17999999999999972,0.17999999999999972,0.1899999999999996,1.0,0.7,1.0,0.0,0.0,0.0,0.15384631039295435,0.00489897948556632,0.14984631039295437,0.14984631039295437,0.15984631039295427,1.0,1.0,0.0,0.0,0.0,0.0,0.1749538931178861,0.01695023021701166,0.17999999999999972,0.1573847327947157,0.1899999999999996,1.0,1.0,0.7,0.0,0.0,0.0,0.1749538931178861,0.01695023021701166,0.17999999999999972,0.1573847327947157,0.1899999999999996,1.0,1.0,0.7,0.0,0.0,0.0,0.1749538931178861,0.01695023021701166,0.17999999999999972,0.1573847327947157,0.1899999999999996,1.0,1.0,0.7,0.0,0.0,0.0,0.1839999999999997,0.00489897948556632,0.17999999999999972,0.17999999999999972,0.1899999999999996,1.0,0.7,1.0,0.0,0.0,0.0,1.0,0.3,0.3,0.3,0.0,0.3,0.7,0.0,0.3,0.7,0.0,0.3,0.7,0.0,0.0,1.0,0.0,0.3,0.0,0.3,0.3,0.0,0.3,0.3,0.3,0.0,0.0,0.0,0.3,0.3,1.0,1.0,0.2,0.0,0.3,0.3,0.0,1.0,0.0,0.2918333333424084,6.498337773551511e-21,6.498337773551511e-21,0.0,1.0633333333333335,0,0,0,3,C3R,0.0,0.0,0.1839999999999997,1.0,1.0,0.0,0.0,0.0,0.1839999999999997
phaseflip,phaseflip,0.1,2,0.5,0.05,10,qiskit_aer,1,1,0.8160000000000001,0.3036111111111111,0.8222222222222222,0.5333333333333333,0.0,0.0,1.0,0.0,0.1839999999999997,0.00489897948556632,0.17999999999999972,0.17999999999999972,0.1899999999999996,1.0,0.7,1.0,0.0,0.0,0.0,0.15384631039295435,0.00489897948556632,0.14984631039295437,0.14984631039295437,0.15984631039295427,1.0,1.0,0.0,0.0,0.0,0.0,0.1749538931178861,0.01695023021701166,0.17999999999999972,0.1573847327947157,0.1899999999999996,1.0,1.0,0.7,0.0,0.0,0.0,0.1749538931178861,0.01695023021701166,0.17999999999999972,0.1573847327947157,0.1899999999999996,1.0,1.0,0.7,0.0,0.0,0.0,0.1749538931178861,0.01695023021701166,0.17999999999999972,0.1573847327947157,0.1899999999999996,1.0,1.0,0.7,0.0,0.0,0.0,0.1839999999999997,0.00489897948556632,0.17999999999999972,0.17999999999999972,0.1899999999999996,1.0,0.7,1.0,0.0,0.0,0.0,1.0,0.3,0.3,0.3,0.0,0.3,0.7,0.0,0.3,0.7,0.0,0.3,0.7,0.0,0.0,1.0,0.0,0.3,0.0,0.3,0.3,0.0,0.3,0.3,0.3,0.0,0.0,0.0,0.3,0.3,1.0,1.0,0.2,0.0,0.3,0.3,0.0,1.0,0.0,0.2963888888970906,6.498337773551511e-21,6.498337773551511e-21,0.0,1.0833333333333335,0,0,0,3,C3R,0.0,0.0,0.1839999999999997,1.0,1.0,0.0,0.0,0.0,0.1839999999999997
phaseflip,phaseflip,0.1,2,0.5,0.1,10,qiskit_aer,1,1,0.8160000000000001,0.28122222222222226,0.8666666666666667,0.5333333333333333,0.0,0.0,1.0,0.0,0.1839999999999997,0.00489897948556632,0.17999999999999972,0.17999999999999972,0.1899999999999996,1.0,0.7,1.0,0.0,0.0,0.0,0.15384631039295435,0.00489897948556632,0.14984631039295437,0.14984631039295437,0.15984631039295427,1.0,1.0,0.0,0.0,0.0,0.0,0.1749538931178861,0.01695023021701166,0.17999999999999972,0.1573847327947157,0.1899999999999996,1.0,1.0,0.7,0.0,0.0,0.0,0.1749538931178861,0.01695023021701166,0.17999999999999972,0.1573847327947157,0.1899999999999996,1.0,1.0,0.7,0.0,0.0,0.0,0.1749538931178861,0.01695023021701166,0.17999999999999972,0.1573847327947157,0.1899999999999996,1.0,1.0,0.7,0.0,0.0,0.0,0.1839999999999997,0.00489897948556632,0.17999999999999972,0.17999999999999972,0.1899999999999996,1.0,0.7,1.0,0.0,0.0,0.0,1.0,0.3,0.3,0.3,0.0,0.3,0.7,0.0,0.3,0.7,0.0,0.3,0.7,0.0,0.0,1.0,0.0,0.3,0.0,0.3,0.3,0.0,0.3,0.3,0.3,0.0,0.0,0.0,0.3,0.3,1.0,1.0,0.2,0.0,0.3,0.3,0.0,1.0,0.0,0.31877777778597943,6.498337773551511e-21,6.498337773551511e-21,0.0,1.1333333333333333,0,0,0,3,C3R,0.0,0.0,0.1839999999999997,1.0,1.0,0.0,0.0,0.0,0.1839999999999997
phaseflip,phaseflip,0.1,3,0.5,0.03,10,qiskit_aer,1,1,0.7410000000000001,0.28391111111111117,0.8,0.55,0.0,0.0,1.0,0.0,0.2589999999999997,0.010363397126425285,0.2619999999999997,0.24849999999999975,0.2679999999999997,1.0,0.9,1.0,0.0,0.0,0.0,0.22884631039295433,0.010363397126425285,0.23184631039295434,0.2183463103929544,0.23784631039295434,1.0,1.0,0.0,0.0,0.0,0.0,0.25598463103929514,0.01672402817935196,0.2619999999999997,0.24849999999999967,0.2679999999999997,1.0,1.0,0.9,0.0,0.0,0.0,0.25598463103929514,0.01672402817935196,0.2619999999999997,0.24849999999999967,0.2679999999999997,1.0,1.0,0.9,0.0,0.0,0.0,0.25598463103929514,0.01672402817935196,0.2619999999999997,0.24849999999999967,0.2679999999999997,1.0,1.0,0.9,0.0,0.0,0.0,0.2589999999999997,0.010363397126425285,0.2619999999999997,0.24849999999999975,0.2679999999999997,1.0,0.9,1.0,0.0,0.0,0.0,1.0,0.1,0.1,0.1,0.0,0.1,0.9,0.0,0.1,0.9,0.0,0.1,0.9,0.0,0.0,1.0,0.0,0.1,0.0,0.1,0.1,0.0,0.1,0.1,0.1,0.0,0.0,0.0,0.1,0.1,1.0,1.0,0.3,0.0,0.1,0.1,0.0,1.0,0.0,-0.08391111110877918,2.166112591183837e-21,2.166112591183837e-21,0.0,1.08,0,0,0,1,C3R,0.0,0.0,0.2589999999999997,1.0,1.0,0.0,0.0,0.0,0.2589999999999997
phaseflip,phaseflip,0.1,3,0.5,0.05,10,qiskit_aer,1,1,0.7410000000000001,0.28391111111111117,0.8,0.55,0.0,0.0,1.0,0.0,0.2589999999999997,0.010363397126425285,0.2619999999999997,0.24849999999999975,0.2679999999999997,1.0,0.7,1.0,0.0,0.0,0.0,0.22884631039295433,0.010363397126425285,0.23184631039295434,0.2183463103929544,0.23784631039295434,1.0,1.0,0.0,0.0,0.0,0.0,0.24995389311788607,0.01877812798565044,0.25299999999999967,0.23488473279471567,0.2679999999999997,1.0,1.0,0.7,0.0,0.0,0.0,0.24995389311788607,0.01877812798565044,0.25299999999999967,0.23488473279471567,0.2679999999999997,1.0,1.0,0.7,0.0,0.0,0.0,0.24995389311788607,0.01877812798565044,0.25299999999999967,0.23488473279471567,0.2679999999999997,1.0,1.0,0.7,0.0,0.0,0.0,0.2589999999999997,0.010363397126425285,0.2619999999999997,0.24849999999999975,0.2679999999999997,1.0,0.7,1.0,0.0,0.0,0.0,1.0,0.3,0.3,0.3,0.0,0.3,0.7,0.0,0.3,0.7,0.0,0.3,0.7,0.0,0.0,1.0,0.0,0.3,0.0,0.3,0.3,0.0,0.3,0.3,0.3,0.0,0.0,0.0,0.3,0.3,1.0,1.0,0.3,0.0,0.3,0.3,0.0,1.0,0.0,0.31608888889096337,4.033147444735849e-21,4.033147444735849e-21,0.0,1.1,0,0,0,3,C3R,0.0,0.0,0.2589999999999997,1.0,1.0,0.0,0.0,0.0,0.2589999999999997
phaseflip,phaseflip,0.1,3,0.5,0.1,10,qiskit_aer,1,1,0.7410000000000001,0.2632111111111112,0.8111111111111111,0.55,0.0,0.0,1.0,0.0,0.2589999999999997,0.010363397126425285,0.2619999999999997,0.24849999999999975,0.2679999999999997,1.0,0.7,1.0,0.0,0.0,0.0,0.22884631039295433,0.010363397126425285,0.23184631039295434,0.2183463103929544,0.23784631039295434,1.0,1.0,0.0,0.0,0.0,0.0,0.24995389311788607,0.01877812798565044,0.25299999999999967,0.23488473279471567,0.2679999999999997,1.0,1.0,0.7,0.0,0.0,0.0,0.24995389311788607,0.01877812798565044,0.25299999999999967,0.23488473279471567,0.2679999999999997,1.0,1.0,0.7,0.0,0.0,0.0,0.24995389311788607,0.01877812798565044,0.25299999999999967,0.23488473279471567,0.2679999999999997,1.0,1.0,0.7,0.0,0.0,0.0,0.2589999999999997,0.010363397126425285,0.2619999999999997,0.24849999999999975,0.2679999999999997,1.0,0.7,1.0,0.0,0.0,0.0,1.0,0.3,0.3,0.3,0.0,0.3,0.7,0.0,0.3,0.7,0.0,0.3,0.7,0.0,0.0,1.0,0.0,0.3,0.0,0.3,0.3,0.0,0.3,0.3,0.3,0.0,0.0,0.0,0.3,0.3,1.0,1.0,0.1,0.0,0.3,0.3,0.0,1.0,0.0,0.33678888889104297,4.033147444735849e-21,4.033147444735849e-21,0.0,1.15,0,0,0,3,C3R,0.0,0.0,0.2589999999999997,1.0,1.0,0.0,0.0,0.0,0.2589999999999997
phaseflip,phaseflip,0.1,4,0.5,0.03,10,qiskit_aer,1,1,0.6772800000000001,0.2481577777777778,0.8,0.55,0.0,0.0,1.0,0.0,0.3227199999999998,0.01481275126369163,0.33079999999999976,0.3195999999999999,0.33399999999999974,1.0,0.8,1.0,0.0,0.0,0.0,0.29256631039295444,0.01481275126369163,0.3006463103929544,0.28944631039295454,0.3038463103929544,1.0,1.0,0.0,0.0,0.0,0.0,0.3166892620785907,0.02639751152478653,0.33079999999999976,0.3195999999999999,0.33399999999999974,1.0,1.0,0.8,0.0,0.0,0.0,0.3166892620785907,0.02639751152478653,0.33079999999999976,0.3195999999999999,0.33399999999999974,1.0,1.0,0.8,0.0,0.0,0.0,0.3166892620785907,0.02639751152478653,0.33079999999999976,0.3195999999999999,0.33399999999999974,1.0,1.0,0.8,0.0,0.0,0.0,0.31970463103929525,0.021615169611173494,0.33079999999999976,0.3195999999999999,0.33399999999999974,1.0,0.9,0.9,0.0,0.0,0.0,1.0,0.2,0.2,0.2,0.1,0.2,0.8,0.0,0.2,0.8,0.0,0.2,0.8,0.0,0.1,0.9,0.0,0.2,0.0,0.2,0.2,0.1,0.2,0.2,0.1,0.0,0.0,0.0,0.2,0.2,1.0,1.0,0.3,0.1,0.1,0.1,0.0,1.0,0.0,0.15184222222295904,4.332225182367674e-21,4.332225182367674e-21,0.0,1.08,0,0,0,1,C3R,0.0,0.0,0.31970463103929525,0.9,1.0,0.1,0.0,0.0,0.31970463103929525
phaseflip,phaseflip,0.1,4,0.5,0.05,10,qiskit_aer,1,1,0.6772800000000001,0.2481577777777778,0.8,0.55,0.0,0.0,1.0,0.0,0.3227199999999998,0.01481275126369163,0.33079999999999976,0.3195999999999999,0.33399999999999974,1.0,0.7,1.0,0.0,0.0,0.0,0.29256631039295444,0.01481275126369163,0.3006463103929544,0.28944631039295454,0.3038463103929544,1.0,1.0,0.0,0.0,0.0,0.0,0.3136738931178862,0.02669945436690913,0.3267999999999998,0.3029847327947158,0.33399999999999974,1.0,1.0,0.7,0.0,0.0,0.0,0.3136738931178862,0.02669945436690913,0.3267999999999998,0.3029847327947158,0.33399999999999974,1.0,1.0,0.7,0.0,0.0,0.0,0.3136738931178862,0.02669945436690913,0.3267999999999998,0.3029847327947158,0.33399999999999974,1.0,1.0,0.7,0.0,0.0,0.0,0.3166892620785907,0.022392693139673583,0.3267999999999998,0.3029847327947158,0.33399999999999974,1.0,0.9,0.8,0.0,0.0,0.0,1.0,0.3,0.3,0.3,0.2,0.3,0.7,0.0,0.3,0.7,0.0,0.3,0.7,0.0,0.2,0.8,0.0,0.3,0.0,0.3,0.3,0.2,0.3,0.3,0.1,0.0,0.0,0.0,0.3,0.3,1.0,1.0,0.3,0.2,0.1,0.1,0.0,1.0,0.0,0.3518422222228464,5.26574260914368e-21,5.26574260914368e-21,0.0,1.1,0,0,0,1,C3R,0.0,0.0,0.3166892620785907,0.8,1.0,0.2,0.0,0.0,0.3166892620785907
phaseflip,phaseflip,0.1,4,0.5,0.1,10,qiskit_aer,1,1,0.6772800000000001,0.22936222222222225,0.8111111111111111,0.55,0.0,0.0,1.0,0.0,0.3227199999999998,0.01481275126369163,0.33079999999999976,0.3195999999999999,0.33399999999999974,1.0,0.7,1.0,0.0,0.0,0.0,0.29256631039295444,0.01481275126369163,0.3006463103929544,0.28944631039295454,0.3038463103929544,1.0,1.0,0.0,0.0,0.0,0.0,0.3136738931178862,0.02669945436690913,0.3267999999999998,0.3029847327947158,0.33399999999999974,1.0,1.0,0.7,0.0,0.0,0.0,0.3136738931178862,0.02669945436690913,0.3267999999999998,0.3029847327947158,0.33399999999999974,1.0,1.0,0.7,0.0,0.0,0.0,0.3136738931178862,0.02669945436690913,0.3267999999999998,0.3029847327947158,0.33399999999999974,1.0,1.0,0.7,0.0,0.0,0.0,0.3227199999999998,0.01481275126369163,0.33079999999999976,0.3195999999999999,0.33399999999999974,1.0,0.7,1.0,0.0,0.0,0.0,1.0,0.3,0.3,0.3,0.0,0.3,0.7,0.0,0.3,0.7,0.0,0.3,0.7,0.0,0.0,1.0,0.0,0.3,0.0,0.3,0.3,0.0,0.3,0.3,0.3,0.0,0.0,0.0,0.3,0.3,1.0,1.0,0.1,0.0,0.3,0.3,0.0,1.0,0.0,0.37063777777843776,6.498337773551511e-21,6.498337773551511e-21,0.0,1.15,0,0,0,3,C3R,0.0,0.0,0.3227199999999998,1.0,1.0,0.0,0.0,0.0,0.3227199999999998
phaseflip,phaseflip,0.15,1,0.5,0.03,10,qiskit_aer,1,1,0.8500000000000001,0.3163888888888889,0.8222222222222222,0.5333333333333333,0.0,0.0,1.0,0.0,0.1499999999999997,0.0,0.1499999999999997,0.1499999999999997,0.1499999999999997,1.0,0.5,1.0,0.0,0.0,0.0,0.11984631039295435,0.0,0.11984631039295435,0.11984631039295435,0.11984631039295435,1.0,1.0,0.0,0.0,0.0,0.0,0.13492315519647702,0.015076844803522671,0.13492315519647702,0.11984631039295435,0.1499999999999997,1.0,1.0,0.5,0.0,0.0,0.0,0.13492315519647702,0.015076844803522671,0.13492315519647702,0.11984631039295435,0.1499999999999997,1.0,1.0,0.5,0.0,0.0,0.0,0.13492315519647702,0.015076844803522671,0.13492315519647702,0.11984631039295435,0.1499999999999997,1.0,1.0,0.5,0.0,0.0,0.0,0.1499999999999997,0.0,0.1499999999999997,0.1499999999999997,0.1499999999999997,1.0,0.5,1.0,0.0,0.0,0.0,1.0,0.5,0.5,0.5,0.0,0.5,0.5,0.0,0.5,0.5,0.0,0.5,0.5,0.0,0.0,1.0,0.0,0.5,0.0,0.5,0.5,0.0,0.5,0.5,0.5,0.0,0.0,0.0,0.5,0.5,1.0,1.0,0.2,0.0,0.5,0.5,0.0,1.0,0.0,0.6836111111289574,1.7539085960076933e-17,1.7539085960076933e-17,0.0,1.0633333333333335,0,0,0,5,C3R,0.0,0.0,0.1499999999999997,1.0,1.0,0.0,0.0,0.0,0.1499999999999997
phaseflip,phaseflip,0.15,1,0.5,0.05,10,qiskit_aer,1,1,0.8500000000000001,0.3116666666666667,0.8222222222222222,0.5333333333333333,0.0,0.0,1.0,0.0,0.1499999999999997,0.0,0.1499999999999997,0.1499999999999997,0.1499999999999997,1.0,0.5,1.0,0.0,0.0,0.0,0.11984631039295435,0.0,0.11984631039295435,0.11984631039295435,0.11984631039295435,1.0,1.0,0.0,0.0,0.0,0.0,0.13492315519647702,0.015076844803522671,0.13492315519647702,0.11984631039295435,0.1499999999999997,1.0,1.0,0.5,0.0,0.0,0.0,0.13492315519647702,0.015076844803522671,0.13492315519647702,0.11984631039295435,0.1499999999999997,1.0,1.0,0.5,0.0,0.0,0.0,0.13492315519647702,0.015076844803522671,0.13492315519647702,0.11984631039295435,0.1499999999999997,1.0,1.0,0.5,0.0,0.0,0.0,0.1499999999999997,0.0,0.1499999999999997,0.1499999999999997,0.1499999999999997,1.0,0.5,1.0,0.0,0.0,0.0,1.0,0.5,0.5,0.5,0.0,0.5,0.5,0.0,0.5,0.5,0.0,0.5,0.5,0.0,0.0,1.0,0.0,0.5,0.0,0.5,0.5,0.0,0.5,0.5,0.5,0.0,0.0,0.0,0.5,0.5,1.0,1.0,0.2,0.0,0.5,0.5,0.0,1.0,0.0,0.6883333333511796,1.7539085960076933e-17,1.7539085960076933e-17,0.0,1.0833333333333335,0,0,0,5,C3R,0.0,0.0,0.1499999999999997,1.0,1.0,0.0,0.0,0.0,0.1499999999999997
phaseflip,phaseflip,0.15,1,0.5,0.1,10,qiskit_aer,1,1,0.8500000000000001,0.28805555555555556,0.8666666666666667,0.5333333333333333,0.0,0.0,1.0,0.0,0.1499999999999997,0.0,0.1499999999999997,0.1499999999999997,0.1499999999999997,1.0,0.5,1.0,0.0,0.0,0.0,0.11984631039295435,0.0,0.11984631039295435,0.11984631039295435,0.11984631039295435,1.0,1.0,0.0,0.0,0.0,0.0,0.13492315519647702,0.015076844803522671,0.13492315519647702,0.11984631039295435,0.1499999999999997,1.0,1.0,0.5,0.0,0.0,0.0,0.13492315519647702,0.015076844803522671,0.13492315519647702,0.11984631039295435,0.1499999999999997,1.0,1.0,0.5,0.0,0.0,0.0,0.13492315519647702,0.015076844803522671,0.13492315519647702,0.11984631039295435,0.1499999999999997,1.0,1.0,0.5,0.0,0.0,0.0,0.1499999999999997,0.0,0.1499999999999997,0.1499999999999997,0.1499999999999997,1.0,0.5,1.0,0.0,0.0,0.0,1.0,0.5,0.5,0.5,0.0,0.5,0.5,0.0,0.5,0.5,0.0,0.5,0.5,0.0,0.0,1.0,0.0,0.5,0.0,0.5,0.5,0.0,0.5,0.5,0.5,0.0,0.0,0.0,0.5,0.5,1.0,1.0,0.2,0.0,0.5,0.5,0.0,1.0,0.0,0.7119444444622908,1.7539085960076933e-17,1.7539085960076933e-17,0.0,1.1333333333333333,0,0,0,5,C3R,0.0,0.0,0.1499999999999997,1.0,1.0,0.0,0.0,0.0,0.1499999999999997
phaseflip,phaseflip,0.15,2,0.5,0.03,10,qiskit_aer,1,1,0.7360000000000001,0.2616388888888889,0.8222222222222222,0.5333333333333333,0.0,0.0,1.0,0.0,0.2639999999999998,0.011022703842524283,0.2549999999999998,0.2549999999999998,0.27749999999999975,1.0,0.3,1.0,0.0,0.0,0.0,0.23384631039295442,0.011022703842524285,0.22484631039295444,0.22484631039295444,0.2473463103929544,1.0,1.0,0.0,0.0,0.0,0.0,0.24289241727506802,0.02359420130391901,0.22484631039295444,0.22484631039295444,0.2699615775982384,1.0,1.0,0.3,0.0,0.0,0.0,0.24289241727506802,0.02359420130391901,0.22484631039295444,0.22484631039295444,0.2699615775982384,1.0,1.0,0.3,0.0,0.0,0.0,0.24289241727506802,0.02359420130391901,0.22484631039295444,0.22484631039295444,0.2699615775982384,1.0,1.0,0.3,0.0,0.0,0.0,0.26098463103929526,0.016050192865361593,0.2549999999999998,0.2549999999999998,0.27749999999999975,1.0,0.4,0.9,0.0,0.0,0.0,1.0,0.7,0.7,0.7,0.1,0.7,0.3,0.0,0.7,0.3,0.0,0.7,0.3,0.0,0.1,0.9,0.0,0.7,0.0,0.7,0.7,0.1,0.7,0.7,0.6,0.0,0.0,0.0,0.7,0.7,1.0,1.0,0.2,0.1,0.6,0.6,0.0,1.0,0.0,1.1383611111123908,0.0026948568852589723,0.0026948568852589723,0.0,1.0633333333333335,0,0,0,6,C3R,0.0,0.0,0.26098463103929526,0.9,1.0,0.1,0.0,0.0,0.26098463103929526
phaseflip,phaseflip,0.15,2,0.5,0.05,10,qiskit_aer,1,1,0.7360000000000001,0.25750000000000006,0.8222222222222222,0.5333333333333333,0.0,0.0,1.0,0.0,0.2639999999999998,0.011022703842524283,0.2549999999999998,0.2549999999999998,0.27749999999999975,1.0,0.3,1.0,0.0,0.0,0.0,0.23384631039295442,0.011022703842524285,0.22484631039295444,0.22484631039295444,0.2473463103929544,1.0,1.0,0.0,0.0,0.0,0.0,0.24289241727506802,0.02359420130391901,0.22484631039295444,0.22484631039295444,0.2699615775982384,1.0,1.0,0.3,0.0,0.0,0.0,0.24289241727506802,0.02359420130391901,0.22484631039295444,0.22484631039295444,0.2699615775982384,1.0,1.0,0.3,0.0,0.0,0.0,0.24289241727506802,0.02359420130391901,0.22484631039295444,0.22484631039295444,0.2699615775982384,1.0,1.0,0.3,0.0,0.0,0.0,0.26098463103929526,0.016050192865361593,0.2549999999999998,0.2549999999999998,0.27749999999999975,1.0,0.4,0.9,0.0,0.0,0.0,1.0,0.7,0.7,0.7,0.1,0.7,0.3,0.0,0.7,0.3,0.0,0.7,0.3,0.0,0.1,0.9,0.0,0.7,0.0,0.7,0.7,0.1,0.7,0.7,0.6,0.0,0.0,0.0,0.7,0.7,1.0,1.0,0.2,0.1,0.6,0.6,0.0,1.0,0.0,1.1425000000012797,0.0026948568852589723,0.0026948568852589723,0.0,1.0833333333333335,0,0,0,6,C3R,0.0,0.0,0.26098463103929526,0.9,1.0,0.1,0.0,0.0,0.26098463103929526
phaseflip,phaseflip,0.15,2,0.5,0.1,10,qiskit_aer,1,1,0.7360000000000001,0.2376805555555556,0.8666666666666667,0.5333333333333333,0.0,0.0,1.0,0.0,0.2639999999999998,0.011022703842524283,0.2549999999999998,0.2549999999999998,0.27749999999999975,1.0,0.3,1.0,0.0,0.0,0.0,0.23384631039295442,0.011022703842524285,0.22484631039295444,0.22484631039295444,0.2473463103929544,1.0,1.0,0.0,0.0,0.0,0.0,0.24289241727506802,0.02359420130391901,0.22484631039295444,0.22484631039295444,0.2699615775982384,1.0,1.0,0.3,0.0,0.0,0.0,0.24289241727506802,0.02359420130391901,0.22484631039295444,0.22484631039295444,0.2699615775982384,1.0,1.0,0.3,0.0,0.0,0.0,0.24289241727506802,0.02359420130391901,0.22484631039295444,0.22484631039295444,0.2699615775982384,1.0,1.0,0.3,0.0,0.0,0.0,0.26098463103929526,0.016050192865361593,0.2549999999999998,0.2549999999999998,0.27749999999999975,1.0,0.4,0.9,0.0,0.0,0.0,1.0,0.7,0.7,0.7,0.1,0.7,0.3,0.0,0.7,0.3,0.0,0.7,0.3,0.0,0.1,0.9,0.0,0.7,0.0,0.7,0.7,0.1,0.7,0.7,0.6,0.0,0.0,0.0,0.7,0.7,1.0,1.0,0.2,0.1,0.6,0.6,0.0,1.0,0.0,1.1623194444456897,0.0026948568852589666,0.0026948568852589666,0.0,1.1333333333333333,0,0,0,6,C3R,0.0,0.0,0.26098463103929526,0.9,1.0,0.1,0.0,0.0,0.26098463103929526
phaseflip,phaseflip,0.15,3,0.5,0.03,10,qiskit_aer,1,1,0.6400000000000001,0.21308333333333337,0.8,0.55,0.0,0.0,1.0,0.0,0.3599999999999997,0.021628106713256233,0.3667499999999997,0.33806249999999977,0.3785624999999997,1.0,0.9,1.0,0.0,0.0,0.0,0.32984631039295437,0.021628106713256233,0.33659631039295435,0.3079088103929544,0.34840881039295435,1.0,1.0,0.0,0.0,0.0,0.0,0.3569846310392952,0.022558802467177005,0.3667499999999997,0.33052407759823843,0.3785624999999997,1.0,1.0,0.9,0.0,0.0,0.0,0.3569846310392952,0.022558802467177005,0.3667499999999997,0.33052407759823843,0.3785624999999997,1.0,1.0,0.9,0.0,0.0,0.0,0.3569846310392952,0.022558802467177005,0.3667499999999997,0.33052407759823843,0.3785624999999997,1.0,1.0,0.9,0.0,0.0,0.0,0.3599999999999997,0.021628106713256233,0.3667499999999997,0.33806249999999977,0.3785624999999997,1.0,0.9,1.0,0.0,0.0,0.0,1.0,0.1,0.1,0.1,0.0,0.1,0.9,0.0,0.1,0.9,0.0,0.1,0.9,0.0,0.0,1.0,0.0,0.1,0.0,0.1,0.1,0.0,0.1,0.1,0.1,0.0,0.0,0.0,0.1,0.1,1.0,1.0,0.3,0.0,0.1,0.1,0.0,1.0,0.0,-0.013083333332856361,9.33517426776006e-22,9.33517426776006e-22,0.0,1.08,0,0,0,1,C3R,0.0,0.0,0.3599999999999997,1.0,1.0,0.0,0.0,0.0,0.3599999999999997
phaseflip,phaseflip,0.15,3,0.5,0.05,10,qiskit_aer,1,1,0.6400000000000001,0.21308333333333337,0.8,0.55,0.0,0.0,1.0,0.0,0.3599999999999997,0.021628106713256233,0.3667499999999997,0.33806249999999977,0.3785624999999997,1.0,0.9,1.0,0.0,0.0,0.0,0.32984631039295437,0.021628106713256233,0.33659631039295435,0.3079088103929544,0.34840881039295435,1.0,1.0,0.0,0.0,0.0,0.0,0.3569846310392952,0.022558802467177005,0.3667499999999997,0.33052407759823843,0.3785624999999997,1.0,1.0,0.9,0.0,0.0,0.0,0.3569846310392952,0.022558802467177005,0.3667499999999997,0.33052407759823843,0.3785624999999997,1.0,1.0,0.9,0.0,0.0,0.0,0.3569846310392952,0.022558802467177005,0.3667499999999997,0.33052407759823843,0.3785624999999997,1.0,1.0,0.9,0.0,0.0,0.0,0.3599999999999997,0.021628106713256233,0.3667499999999997,0.33806249999999977,0.3785624999999997,1.0,0.9,1.0,0.0,0.0,0.0,1.0,0.1,0.1,0.1,0.0,0.1,0.9,0.0,0.1,0.9,0.0,0.1,0.9,0.0,0.0,1.0,0.0,0.1,0.0,0.1,0.1,0.0,0.1,0.1,0.1,0.0,0.0,0.0,0.1,0.1,1.0,1.0,0.3,0.0,0.1,0.1,0.0,1.0,0.0,-0.013083333332832537,2.166112591183837e-21,2.166112591183837e-21,0.0,1.1,0,0,0,1,C3R,0.0,0.0,0.3599999999999997,1.0,1.0,0.0,0.0,0.0,0.3599999999999997
phaseflip,phaseflip,0.15,3,0.5,0.1,10,qiskit_aer,1,1,0.6400000000000001,0.1950680555555556,0.8111111111111111,0.55,0.0,0.0,1.0,0.0,0.3599999999999997,0.021628106713256233,0.3667499999999997,0.33806249999999977,0.3785624999999997,1.0,1.0,1.0,0.0,0.0,0.0,0.32984631039295437,0.021628106713256233,0.33659631039295435,0.3079088103929544,0.34840881039295435,1.0,1.0,0.0,0.0,0.0,0.0,0.3599999999999997,0.021628106713256233,0.3667499999999997,0.33806249999999977,0.3785624999999997,1.0,1.0,1.0,0.0,0.0,0.0,0.3599999999999997,0.021628106713256233,0.3667499999999997,0.33806249999999977,0.3785624999999997,1.0,1.0,1.0,0.0,0.0,0.0,0.3599999999999997,0.021628106713256233,0.3667499999999997,0.33806249999999977,0.3785624999999997,1.0,1.0,1.0,0.0,0.0,0.0,0.3599999999999997,0.021628106713256233,0.3667499999999997,0.33806249999999977,0.3785624999999997,1.0,1.0,1.0,0.0,0.0,0.0,1.0,0.0,0.0,0.0,0.0,0.0,1.0,0.0,0.0,1.0,0.0,0.0,1.0,0.0,0.0,1.0,0.0,0.0,0.0,0.0,0.0,0.0,0.0,0.0,0.0,0.0,0.0,0.0,0.0,0.0,1.0,1.0,0.1,0.0,0.0,0.0,0.0,0.0,0.0,-0.19506805555509993,0.0,0.0,0.0,1.15,0,0,0,0,C1,0.0,0.0,0.3599999999999997,1.0,1.0,0.0,0.0,0.0,0.3599999999999997
phaseflip,phaseflip,0.15,4,0.5,0.03,10,qiskit_aer,1,1,0.5656675,0.17284722222222224,0.8,0.55,0.0,0.0,1.0,0.0,0.4343324999999998,0.02903058957806402,0.4504874999999998,0.42922499999999975,0.45599999999999974,1.0,1.0,1.0,0.0,0.0,0.0,0.40417881039295445,0.02903058957806402,0.4203338103929545,0.3990713103929544,0.4258463103929544,1.0,1.0,0.0,0.0,0.0,0.0,0.4343324999999998,0.02903058957806402,0.4504874999999998,0.42922499999999975,0.45599999999999974,1.0,1.0,1.0,0.0,0.0,0.0,0.4343324999999998,0.02903058957806402,0.4504874999999998,0.42922499999999975,0.45599999999999974,1.0,1.0,1.0,0.0,0.0,0.0,0.4343324999999998,0.02903058957806402,0.4504874999999998,0.42922499999999975,0.45599999999999974,1.0,1.0,1.0,0.0,0.0,0.0,0.4343324999999998,0.02903058957806402,0.4504874999999998,0.42922499999999975,0.45599999999999974,1.0,1.0,1.0,0.0,0.0,0.0,1.0,0.0,0.0,0.0,0.0,0.0,1.0,0.0,0.0,1.0,0.0,0.0,1.0,0.0,0.0,1.0,0.0,0.0,0.0,0.0,0.0,0.0,0.0,0.0,0.0,0.0,0.0,0.0,0.0,0.0,1.0,1.0,0.3,0.0,0.0,0.0,0.0,0.0,0.0,-0.17284722222215393,0.0,0.0,0.0,1.08,0,0,0,0,C1,0.0,0.0,0.4343324999999998,1.0,1.0,0.0,0.0,0.0,0.4343324999999998
phaseflip,phaseflip,0.15,4,0.5,0.05,10,qiskit_aer,1,1,0.5656675,0.17284722222222224,0.8,0.55,0.0,0.0,1.0,0.0,0.4343324999999998,0.02903058957806402,0.4504874999999998,0.42922499999999975,0.45599999999999974,1.0,0.9,1.0,0.0,0.0,0.0,0.40417881039295445,0.02903058957806402,0.4203338103929545,0.3990713103929544,0.4258463103929544,1.0,1.0,0.0,0.0,0.0,0.0,0.43131713103929525,0.029333002789418364,0.44261249999999974,0.41842223279471585,0.45599999999999974,1.0,1.0,0.9,0.0,0.0,0.0,0.43131713103929525,0.029333002789418364,0.44261249999999974,0.41842223279471585,0.45599999999999974,1.0,1.0,0.9,0.0,0.0,0.0,0.43131713103929525,0.029333002789418364,0.44261249999999974,0.41842223279471585,0.45599999999999974,1.0,1.0,0.9,0.0,0.0,0.0,0.43131713103929525,0.029333002789418364,0.44261249999999974,0.41842223279471585,0.45599999999999974,1.0,1.0,0.9,0.0,0.0,0.0,1.0,0.1,0.1,0.1,0.1,0.1,0.9,0.0,0.1,0.9,0.0,0.1,0.9,0.0,0.1,0.9,0.0,0.1,0.0,0.1,0.1,0.1,0.1,0.1,0.0,0.0,0.0,0.0,0.1,0.1,1.0,1.0,0.3,0.1,0.0,0.0,0.0,0.0,0.0,0.027152777777856452,2.166112591183837e-21,2.166112591183837e-21,0.0,1.1,0,0,0,0,C1,0.0,0.0,0.43131713103929525,0.9,1.0,0.1,0.0,0.0,0.43131713103929525
phaseflip,phaseflip,0.15,4,0.5,0.1,10,qiskit_aer,1,1,0.5656675,0.16350680555555558,0.8111111111111111,0.55,0.0,0.0,1.0,0.0,0.4343324999999998,0.02903058957806402,0.4504874999999998,0.42922499999999975,0.45599999999999974,1.0,1.0,1.0,0.0,0.0,0.0,0.40417881039295445,0.02903058957806402,0.4203338103929545,0.3990713103929544,0.4258463103929544,1.0,1.0,0.0,0.0,0.0,0.0,0.4343324999999998,0.02903058957806402,0.4504874999999998,0.42922499999999975,0.45599999999999974,1.0,1.0,1.0,0.0,0.0,0.0,0.4343324999999998,0.02903058957806402,0.4504874999999998,0.42922499999999975,0.45599999999999974,1.0,1.0,1.0,0.0,0.0,0.0,0.4343324999999998,0.02903058957806402,0.4504874999999998,0.42922499999999975,0.45599999999999974,1.0,1.0,1.0,0.0,0.0,0.0,0.4343324999999998,0.02903058957806402,0.4504874999999998,0.42922499999999975,0.45599999999999974,1.0,1.0,1.0,0.0,0.0,0.0,1.0,0.0,0.0,0.0,0.0,0.0,1.0,0.0,0.0,1.0,0.0,0.0,1.0,0.0,0.0,1.0,0.0,0.0,0.0,0.0,0.0,0.0,0.0,0.0,0.0,0.0,0.0,0.0,0.0,0.0,1.0,1.0,0.1,0.0,0.0,0.0,0.0,0.0,0.0,-0.16350680555548727,0.0,0.0,0.0,1.15,0,0,0,0,C1,0.0,0.0,0.4343324999999998,1.0,1.0,0.0,0.0,0.0,0.4343324999999998
phaseflip,phaseflip,0.2,1,0.5,0.03,10,qiskit_aer,1,1,0.8,0.2977777777777778,0.8222222222222222,0.5333333333333333,0.0,0.0,1.0,0.0,0.19999999999999973,0.0,0.19999999999999973,0.19999999999999973,0.19999999999999973,1.0,0.3,1.0,0.0,0.0,0.0,0.1698463103929544,0.0,0.1698463103929544,0.1698463103929544,0.1698463103929544,1.0,1.0,0.0,0.0,0.0,0.0,0.178892417275068,0.013818156510648851,0.1698463103929544,0.1698463103929544,0.1924615775982384,1.0,1.0,0.3,0.0,0.0,0.0,0.178892417275068,0.013818156510648851,0.1698463103929544,0.1698463103929544,0.1924615775982384,1.0,1.0,0.3,0.0,0.0,0.0,0.178892417275068,0.013818156510648851,0.1698463103929544,0.1698463103929544,0.1924615775982384,1.0,1.0,0.3,0.0,0.0,0.0,0.19396926207859067,0.012061475842818137,0.19999999999999973,0.19999999999999973,0.19999999999999973,1.0,0.5,0.8,0.0,0.0,0.0,1.0,0.7,0.7,0.7,0.2,0.7,0.3,0.0,0.7,0.3,0.0,0.7,0.3,0.0,0.2,0.8,0.0,0.7,0.0,0.7,0.7,0.2,0.7,0.7,0.5,0.0,0.0,0.0,0.7,0.7,1.0,1.0,0.2,0.2,0.5,0.5,0.0,1.0,0.0,1.1022222222293299,0.059374452831331095,0.059374452831331095,0.0,1.0633333333333335,0,0,0,5,C3R,0.0,0.0,0.19396926207859067,0.8,1.0,0.2,0.0,0.0,0.19396926207859067
phaseflip,phaseflip,0.2,1,0.5,0.05,10,qiskit_aer,1,1,0.8,0.29333333333333333,0.8222222222222222,0.5333333333333333,0.0,0.0,1.0,0.0,0.19999999999999973,0.0,0.19999999999999973,0.19999999999999973,0.19999999999999973,1.0,0.3,1.0,0.0,0.0,0.0,0.1698463103929544,0.0,0.1698463103929544,0.1698463103929544,0.1698463103929544,1.0,1.0,0.0,0.0,0.0,0.0,0.178892417275068,0.013818156510648851,0.1698463103929544,0.1698463103929544,0.1924615775982384,1.0,1.0,0.3,0.0,0.0,0.0,0.178892417275068,0.013818156510648851,0.1698463103929544,0.1698463103929544,0.1924615775982384,1.0,1.0,0.3,0.0,0.0,0.0,0.178892417275068,0.013818156510648851,0.1698463103929544,0.1698463103929544,0.1924615775982384,1.0,1.0,0.3,0.0,0.0,0.0,0.19396926207859067,0.012061475842818137,0.19999999999999973,0.19999999999999973,0.19999999999999973,1.0,0.5,0.8,0.0,0.0,0.0,1.0,0.7,0.7,0.7,0.2,0.7,0.3,0.0,0.7,0.3,0.0,0.7,0.3,0.0,0.2,0.8,0.0,0.7,0.0,0.7,0.7,0.2,0.7,0.7,0.5,0.0,0.0,0.0,0.7,0.7,1.0,1.0,0.2,0.2,0.5,0.5,0.0,1.0,0.0,1.1066666666737743,0.059374452831331095,0.059374452831331095,0.0,1.0833333333333335,0,0,0,5,C3R,0.0,0.0,0.19396926207859067,0.8,1.0,0.2,0.0,0.0,0.19396926207859067
phaseflip,phaseflip,0.2,1,0.5,0.1,10,qiskit_aer,1,1,0.8,0.27111111111111114,0.8666666666666667,0.5333333333333333,0.0,0.0,1.0,0.0,0.19999999999999973,0.0,0.19999999999999973,0.19999999999999973,0.19999999999999973,1.0,0.3,1.0,0.0,0.0,0.0,0.1698463103929544,0.0,0.1698463103929544,0.1698463103929544,0.1698463103929544,1.0,1.0,0.0,0.0,0.0,0.0,0.178892417275068,0.013818156510648851,0.1698463103929544,0.1698463103929544,0.1924615775982384,1.0,1.0,0.3,0.0,0.0,0.0,0.178892417275068,0.013818156510648851,0.1698463103929544,0.1698463103929544,0.1924615775982384,1.0,1.0,0.3,0.0,0.0,0.0,0.178892417275068,0.013818156510648851,0.1698463103929544,0.1698463103929544,0.1924615775982384,1.0,1.0,0.3,0.0,0.0,0.0,0.19396926207859067,0.012061475842818137,0.19999999999999973,0.19999999999999973,0.19999999999999973,1.0,0.5,0.8,0.0,0.0,0.0,1.0,0.7,0.7,0.7,0.2,0.7,0.3,0.0,0.7,0.3,0.0,0.7,0.3,0.0,0.2,0.8,0.0,0.7,0.0,0.7,0.7,0.2,0.7,0.7,0.5,0.0,0.0,0.0,0.7,0.7,1.0,1.0,0.2,0.2,0.5,0.5,0.0,1.0,0.0,1.1288888888959967,0.059374452831331095,0.059374452831331095,0.0,1.1333333333333333,0,0,0,5,C3R,0.0,0.0,0.19396926207859067,0.8,1.0,0.2,0.0,0.0,0.19396926207859067
phaseflip,phaseflip,0.2,2,0.5,0.03,10,qiskit_aer,1,1,0.6640000000000001,0.22888888888888892,0.8222222222222222,0.5333333333333333,0.0,0.0,1.0,0.0,0.3359999999999998,0.019595917942265496,0.31999999999999973,0.31999999999999973,0.3599999999999999,1.0,0.0,1.0,0.0,0.0,0.0,0.30584631039295446,0.019595917942265496,0.2898463103929544,0.2898463103929544,0.32984631039295453,1.0,1.0,0.0,0.0,0.0,0.0,0.30584631039295446,0.019595917942265496,0.2898463103929544,0.2898463103929544,0.32984631039295453,1.0,1.0,0.0,0.0,0.0,0.0,0.30584631039295446,0.019595917942265496,0.2898463103929544,0.2898463103929544,0.32984631039295453,1.0,1.0,0.0,0.0,0.0,0.0,0.30584631039295446,0.019595917942265496,0.2898463103929544,0.2898463103929544,0.32984631039295453,1.0,1.0,0.0,0.0,0.0,0.0,0.32996926207859073,0.021937030248773776,0.31999999999999973,0.31999999999999973,0.35246157759823854,1.0,0.2,0.8,0.0,0.0,0.0,1.0,1.0,1.0,1.0,0.2,1.0,0.0,0.0,1.0,0.0,0.0,1.0,0.0,0.0,0.2,0.8,0.0,1.0,0.0,1.0,1.0,0.2,1.0,1.0,0.8,0.0,0.0,0.0,1.0,1.0,1.0,1.0,0.2,0.2,0.8,0.8,0.0,1.0,0.0,1.7711111111116102,2.166112591183837e-20,2.166112591183837e-20,0.0,1.0633333333333335,0,0,0,8,C3R,0.0,0.0,0.32996926207859073,0.8,1.0,0.2,0.0,0.0,0.32996926207859073
phaseflip,phaseflip,0.2,2,0.5,0.05,10,qiskit_aer,1,1,0.6640000000000001,0.22511111111111115,0.8222222222222222,0.5333333333333333,0.0,0.0,1.0,0.0,0.3359999999999998,0.019595917942265496,0.31999999999999973,0.31999999999999973,0.3599999999999999,1.0,0.0,1.0,0.0,0.0,0.0,0.30584631039295446,0.019595917942265496,0.2898463103929544,0.2898463103929544,0.32984631039295453,1.0,1.0,0.0,0.0,0.0,0.0,0.30584631039295446,0.019595917942265496,0.2898463103929544,0.2898463103929544,0.32984631039295453,1.0,1.0,0.0,0.0,0.0,0.0,0.30584631039295446,0.019595917942265496,0.2898463103929544,0.2898463103929544,0.32984631039295453,1.0,1.0,0.0,0.0,0.0,0.0,0.30584631039295446,0.019595917942265496,0.2898463103929544,0.2898463103929544,0.32984631039295453,1.0,1.0,0.0,0.0,0.0,0.0,0.32996926207859073,0.021937030248773776,0.31999999999999973,0.31999999999999973,0.35246157759823854,1.0,0.2,0.8,0.0,0.0,0.0,1.0,1.0,1.0,1.0,0.2,1.0,0.0,0.0,1.0,0.0,0.0,1.0,0.0,0.0,0.2,0.8,0.0,1.0,0.0,1.0,1.0,0.2,1.0,1.0,0.8,0.0,0.0,0.0,1.0,1.0,1.0,1.0,0.2,0.2,0.8,0.8,0.0,1.0,0.0,1.7748888888894168,2.0428530747430538e-20,2.0428530747430538e-20,0.0,1.0833333333333335,0,0,0,8,C3R,0.0,0.0,0.32996926207859073,0.8,1.0,0.2,0.0,0.0,0.32996926207859073
phaseflip,phaseflip,0.2,2,0.5,0.1,10,qiskit_aer,1,1,0.6640000000000001,0.2077777777777778,0.8666666666666667,0.5333333333333333,0.0,0.0,1.0,0.0,0.3359999999999998,0.019595917942265496,0.31999999999999973,0.31999999999999973,0.3599999999999999,1.0,0.0,1.0,0.0,0.0,0.0,0.30584631039295446,0.019595917942265496,0.2898463103929544,0.2898463103929544,0.32984631039295453,1.0,1.0,0.0,0.0,0.0,0.0,0.30584631039295446,0.019595917942265496,0.2898463103929544,0.2898463103929544,0.32984631039295453,1.0,1.0,0.0,0.0,0.0,0.0,0.30584631039295446,0.019595917942265496,0.2898463103929544,0.2898463103929544,0.32984631039295453,1.0,1.0,0.0,0.0,0.0,0.0,0.30584631039295446,0.019595917942265496,0.2898463103929544,0.2898463103929544,0.32984631039295453,1.0,1.0,0.0,0.0,0.0,0.0,0.32996926207859073,0.021937030248773776,0.31999999999999973,0.31999999999999973,0.35246157759823854,1.0,0.2,0.8,0.0,0.0,0.0,1.0,1.0,1.0,1.0,0.2,1.0,0.0,0.0,1.0,0.0,0.0,1.0,0.0,0.0,0.2,0.8,0.0,1.0,0.0,1.0,1.0,0.2,1.0,1.0,0.8,0.0,0.0,0.0,1.0,1.0,1.0,1.0,0.2,0.2,0.8,0.8,0.0,1.0,0.0,1.7922222222227213,2.166112591183837e-20,2.166112591183837e-20,0.0,1.1333333333333333,0,0,0,8,C3R,0.0,0.0,0.32996926207859073,0.8,1.0,0.2,0.0,0.0,0.32996926207859073
phaseflip,phaseflip,0.2,3,0.5,0.03,10,qiskit_aer,1,1,0.556,0.16693333333333335,0.8,0.55,0.0,0.0,1.0,0.0,0.44399999999999984,0.035462656414882346,0.4559999999999998,0.40799999999999986,0.4739999999999998,1.0,0.7,1.0,0.0,0.0,0.0,0.4138463103929545,0.035462656414882346,0.42584631039295445,0.3778463103929545,0.44384631039295447,1.0,1.0,0.0,0.0,0.0,0.0,0.43495389311788624,0.04021693811259425,0.4409231551964772,0.4004615775982385,0.47399999999999975,1.0,1.0,0.7,0.0,0.0,0.0,0.43495389311788624,0.04021693811259425,0.4409231551964772,0.4004615775982385,0.47399999999999975,1.0,1.0,0.7,0.0,0.0,0.0,0.43495389311788624,0.04021693811259425,0.4409231551964772,0.4004615775982385,0.47399999999999975,1.0,1.0,0.7,0.0,0.0,0.0,0.44399999999999984,0.035462656414882346,0.4559999999999998,0.40799999999999986,0.4739999999999998,1.0,0.7,1.0,0.0,0.0,0.0,1.0,0.3,0.3,0.3,0.0,0.3,0.7,0.0,0.3,0.7,0.0,0.3,0.7,0.0,0.0,1.0,0.0,0.3,0.0,0.3,0.3,0.0,0.3,0.3,0.3,0.0,0.0,0.0,0.3,0.3,1.0,1.0,0.3,0.0,0.3,0.3,0.0,1.0,0.0,0.43306666666688787,5.26574260914368e-21,5.26574260914368e-21,0.0,1.08,0,0,0,3,C3R,0.0,0.0,0.44399999999999984,1.0,1.0,0.0,0.0,0.0,0.44399999999999984
phaseflip,phaseflip,0.2,3,0.5,0.05,10,qiskit_aer,1,1,0.556,0.16693333333333335,0.8,0.55,0.0,0.0,1.0,0.0,0.44399999999999984,0.035462656414882346,0.4559999999999998,0.40799999999999986,0.4739999999999998,1.0,0.8,1.0,0.0,0.0,0.0,0.4138463103929545,0.035462656414882346,0.42584631039295445,0.3778463103929545,0.44384631039295447,1.0,1.0,0.0,0.0,0.0,0.0,0.43796926207859077,0.040550076650522425,0.45599999999999974,0.4004615775982385,0.4739999999999998,1.0,1.0,0.8,0.0,0.0,0.0,0.43796926207859077,0.040550076650522425,0.45599999999999974,0.4004615775982385,0.4739999999999998,1.0,1.0,0.8,0.0,0.0,0.0,0.43796926207859077,0.040550076650522425,0.45599999999999974,0.4004615775982385,0.4739999999999998,1.0,1.0,0.8,0.0,0.0,0.0,0.44399999999999984,0.035462656414882346,0.4559999999999998,0.40799999999999986,0.4739999999999998,1.0,0.8,1.0,0.0,0.0,0.0,1.0,0.2,0.2,0.2,0.0,0.2,0.8,0.0,0.2,0.8,0.0,0.2,0.8,0.0,0.0,1.0,0.0,0.2,0.0,0.2,0.2,0.0,0.2,0.2,0.2,0.0,0.0,0.0,0.2,0.2,1.0,1.0,0.3,0.0,0.2,0.2,0.0,1.0,0.0,0.23306666666686313,4.332225182367674e-21,4.332225182367674e-21,0.0,1.1,0,0,0,2,C3R,0.0,0.0,0.44399999999999984,1.0,1.0,0.0,0.0,0.0,0.44399999999999984
phaseflip,phaseflip,0.2,3,0.5,0.1,10,qiskit_aer,1,1,0.556,0.15786666666666668,0.8111111111111111,0.55,0.0,0.0,1.0,0.0,0.44399999999999984,0.035462656414882346,0.4559999999999998,0.40799999999999986,0.4739999999999998,1.0,0.8,1.0,0.0,0.0,0.0,0.4138463103929545,0.035462656414882346,0.42584631039295445,0.3778463103929545,0.44384631039295447,1.0,1.0,0.0,0.0,0.0,0.0,0.43796926207859077,0.040550076650522425,0.45599999999999974,0.4004615775982385,0.4739999999999998,1.0,1.0,0.8,0.0,0.0,0.0,0.43796926207859077,0.040550076650522425,0.45599999999999974,0.4004615775982385,0.4739999999999998,1.0,1.0,0.8,0.0,0.0,0.0,0.43796926207859077,0.040550076650522425,0.45599999999999974,0.4004615775982385,0.4739999999999998,1.0,1.0,0.8,0.0,0.0,0.0,0.44399999999999984,0.035462656414882346,0.4559999999999998,0.40799999999999986,0.4739999999999998,1.0,0.8,1.0,0.0,0.0,0.0,1.0,0.2,0.2,0.2,0.0,0.2,0.8,0.0,0.2,0.8,0.0,0.2,0.8,0.0,0.0,1.0,0.0,0.2,0.0,0.2,0.2,0.0,0.2,0.2,0.2,0.0,0.0,0.0,0.2,0.2,1.0,1.0,0.1,0.0,0.2,0.2,0.0,1.0,0.0,0.2421333333335352,4.332225182367674e-21,4.332225182367674e-21,0.0,1.15,0,0,0,2,C3R,0.0,0.0,0.44399999999999984,1.0,1.0,0.0,0.0,0.0,0.44399999999999984
phaseflip,phaseflip,0.2,4,0.5,0.03,10,qiskit_aer,1,1,0.48048,0.12635555555555555,0.8,0.55,0.0,0.0,1.0,0.0,0.5195199999999999,0.04459983856473026,0.5447999999999998,0.5135999999999998,0.5519999999999998,1.0,1.0,1.0,0.0,0.0,0.0,0.4893663103929545,0.04459983856473026,0.5146463103929545,0.4834463103929545,0.5218463103929545,1.0,1.0,0.0,0.0,0.0,0.0,0.5195199999999999,0.04459983856473026,0.5447999999999998,0.5135999999999998,0.5519999999999998,1.0,1.0,1.0,0.0,0.0,0.0,0.5195199999999999,0.04459983856473026,0.5447999999999998,0.5135999999999998,0.5519999999999998,1.0,1.0,1.0,0.0,0.0,0.0,0.5195199999999999,0.04459983856473026,0.5447999999999998,0.5135999999999998,0.5519999999999998,1.0,1.0,1.0,0.0,0.0,0.0,0.5195199999999999,0.04459983856473026,0.5447999999999998,0.5135999999999998,0.5519999999999998,1.0,1.0,1.0,0.0,0.0,0.0,1.0,0.0,0.0,0.0,0.0,0.0,1.0,0.0,0.0,1.0,0.0,0.0,1.0,0.0,0.0,1.0,0.0,0.0,0.0,0.0,0.0,0.0,0.0,0.0,0.0,0.0,0.0,0.0,0.0,0.0,1.0,1.0,0.3,0.0,0.0,0.0,0.0,0.0,0.0,-0.12635555555547767,0.0,0.0,0.0,1.08,0,0,0,0,C1,0.0,0.0,0.5195199999999999,1.0,1.0,0.0,0.0,0.0,0.5195199999999999
phaseflip,phaseflip,0.2,4,0.5,0.05,10,qiskit_aer,1,1,0.48048,0.12635555555555555,0.8,0.55,0.0,0.0,1.0,0.0,0.5195199999999999,0.04459983856473026,0.5447999999999998,0.5135999999999998,0.5519999999999998,1.0,1.0,1.0,0.0,0.0,0.0,0.4893663103929545,0.04459983856473026,0.5146463103929545,0.4834463103929545,0.5218463103929545,1.0,1.0,0.0,0.0,0.0,0.0,0.5195199999999999,0.04459983856473026,0.5447999999999998,0.5135999999999998,0.5519999999999998,1.0,1.0,1.0,0.0,0.0,0.0,0.5195199999999999,0.04459983856473026,0.5447999999999998,0.5135999999999998,0.5519999999999998,1.0,1.0,1.0,0.0,0.0,0.0,0.5195199999999999,0.04459983856473026,0.5447999999999998,0.5135999999999998,0.5519999999999998,1.0,1.0,1.0,0.0,0.0,0.0,0.5195199999999999,0.04459983856473026,0.5447999999999998,0.5135999999999998,0.5519999999999998,1.0,1.0,1.0,0.0,0.0,0.0,1.0,0.0,0.0,0.0,0.0,0.0,1.0,0.0,0.0,1.0,0.0,0.0,1.0,0.0,0.0,1.0,0.0,0.0,0.0,0.0,0.0,0.0,0.0,0.0,0.0,0.0,0.0,0.0,0.0,0.0,1.0,1.0,0.3,0.0,0.0,0.0,0.0,0.0,0.0,-0.12635555555547207,0.0,0.0,0.0,1.1,0,0,0,0,C1,0.0,0.0,0.5195199999999999,1.0,1.0,0.0,0.0,0.0,0.5195199999999999
phaseflip,phaseflip,0.2,4,0.5,0.1,10,qiskit_aer,1,1,0.48048,0.1130488888888889,0.8111111111111111,0.55,0.0,0.0,1.0,0.0,0.5195199999999999,0.04459983856473026,0.5447999999999998,0.5135999999999998,0.5519999999999998,1.0,1.0,1.0,0.0,0.0,0.0,0.4893663103929545,0.04459983856473026,0.5146463103929545,0.4834463103929545,0.5218463103929545,1.0,1.0,0.0,0.0,0.0,0.0,0.5195199999999999,0.04459983856473026,0.5447999999999998,0.5135999999999998,0.5519999999999998,1.0,1.0,1.0,0.0,0.0,0.0,0.5195199999999999,0.04459983856473026,0.5447999999999998,0.5135999999999998,0.5519999999999998,1.0,1.0,1.0,0.0,0.0,0.0,0.5195199999999999,0.04459983856473026,0.5447999999999998,0.5135999999999998,0.5519999999999998,1.0,1.0,1.0,0.0,0.0,0.0,0.5195199999999999,0.04459983856473026,0.5447999999999998,0.5135999999999998,0.5519999999999998,1.0,1.0,1.0,0.0,0.0,0.0,1.0,0.0,0.0,0.0,0.0,0.0,1.0,0.0,0.0,1.0,0.0,0.0,1.0,0.0,0.0,1.0,0.0,0.0,0.0,0.0,0.0,0.0,0.0,0.0,0.0,0.0,0.0,0.0,0.0,0.0,1.0,1.0,0.1,0.0,0.0,0.0,0.0,0.0,0.0,-0.11304888888880535,0.0,0.0,0.0,1.15,0,0,0,0,C1,0.0,0.0,0.5195199999999999,1.0,1.0,0.0,0.0,0.0,0.5195199999999999
